g 0.0000
v 1.1895295 -0.82460034 3.1371298
v 1.1732572 -0.86416054 3.229727
v 1.1575738 -0.8265302 3.1887825
v 1.2192525 -0.8884218 3.1902921
v 1.2003323 -0.90124273 3.2757635
v 1.2239183 -0.9339124 3.1103249
v 1.1995858 -0.87079597 3.0650928
v 1.1695299 -0.7600932 3.0840685
v 1.2375678 -0.9432256 3.2339542
v 1.2371961 -0.99751663 3.1525528
v 1.2283553 -1.1029354 3.3131135
v 1.2006336 -1.0691643 3.3528838
v 1.1973892 -1.1411301 3.3229437
v 1.1809148 -1.1135966 3.353276
v 1.1739095 -1.1812668 3.2484665
v 1.2134203 -1.149437 3.2361426
v 1.167368 -1.1621877 3.1328983
v 1.1460809 -1.1859205 3.1931171
v 1.1822382 -1.055064 3.0763454
v 1.1636156 -0.9973507 3.0362139
v 1.1422933 -0.92135596 3.0014815
v 1.1230543 -0.86035585 2.9575052
v 1.1745198 -0.80446136 3.0071554
v 1.107746 -0.81795406 2.9205582
v 1.1597947 -0.7605479 2.9718819
v 1.1550561 -0.7128291 3.048644
v 1.1695299 -0.7600932 3.0840685
v 1.1895295 -0.82460034 3.1371298
v 1.1575738 -0.8265302 3.1887825
v 1.106283 -0.7735106 3.1120658
v 1.1550561 -0.7128291 3.048644
v 1.077629 -0.7236073 3.0819888
v 1.0889663 -0.81953156 3.1838899
v 1.111334 -0.8819368 3.2062173
v 1.1732572 -0.86416054 3.229727
v 1.0913976 -0.94581974 3.2155113
v 1.0627702 -0.90773034 3.2422934
v 1.1144592 -0.90846443 3.2201686
v 1.1414722 -0.93172634 3.26184
v 1.2003323 -0.90124273 3.2757635
v 1.2006336 -1.0691643 3.3528838
v 1.1512636 -1.0613266 3.314386
v 1.1809148 -1.1135966 3.353276
v 1.1407515 -1.0996864 3.3276625
v 1.149319 -1.0118484 3.1753392
v 1.1020099 -0.9457209 3.1810467
v 1.1557945 -0.98668766 3.22761
v 1.097 -0.9637352 3.127726
v 1.0503839 -0.9279833 3.1321442
v 1.0428127 -0.9297569 3.0799577
v 1.1036991 -1.0179474 3.036255
v 1.0905932 -0.94005334 2.9940944
v 1.111334 -0.8819368 3.2062173
v 1.0503839 -0.9279833 3.1321442
v 1.0284437 -0.9696934 3.163228
v 1.0913976 -0.94581974 3.2155113
v 1.013795 -1.0008478 3.2116296
v 0.9881885 -0.96933794 3.2302675
v 1.0347947 -0.9609952 3.263646
v 1.0559181 -0.9886923 3.2440639
v 1.013795 -1.0008478 3.2116296
v 1.0559181 -0.9886923 3.2440639
v 1.0913976 -0.94581974 3.2155113
v 1.0284437 -0.9696934 3.163228
v 0.9881885 -0.96933794 3.2302675
v 1.013795 -1.0008478 3.2116296
v 1.0284437 -0.9696934 3.163228
v 1.0013711 -0.92043304 3.1902514
v 1.0347947 -0.9609952 3.263646
v 1.0627702 -0.90773034 3.2422934
v 1.0286475 -0.8372302 3.1245153
v 1.0889663 -0.81953156 3.1838899
v 1.106283 -0.7735106 3.1120658
v 1.0422065 -0.8359275 3.0392404
v 1.0503839 -0.9279833 3.1321442
v 1.077629 -0.7236073 3.0819888
v 1.0107721 -0.78793216 3.0085409
v 1.0428127 -0.9297569 3.0799577
v 1.0905932 -0.94005334 2.9940944
v 1.0709898 -0.8756499 2.959315
v 1.0559181 -0.9886923 3.2440639
v 1.0347947 -0.9609952 3.263646
v 1.0627702 -0.90773034 3.2422934
v 1.0913976 -0.94581974 3.2155113
v 1.0503839 -0.9279833 3.1321442
v 1.0286475 -0.8372302 3.1245153
v 1.0013711 -0.92043304 3.1902514
v 1.0284437 -0.9696934 3.163228
v 1.0503839 -0.9279833 3.1321442
v 1.111334 -0.8819368 3.2062173
v 1.1144592 -0.90846443 3.2201686
v 1.1020099 -0.9457209 3.1810467
v 1.1414722 -0.93172634 3.26184
v 1.1557945 -0.98668766 3.22761
v 1.166113 -1.0839441 3.2834966
v 1.1512636 -1.0613266 3.314386
v 1.1407515 -1.0996864 3.3276625
v 1.1391269 -1.125707 3.2917523
v 1.1531192 -1.1063483 3.2333775
v 1.1257657 -1.1530014 3.2538712
v 1.1083816 -1.1637797 3.1835713
v 1.1173633 -1.1395426 3.128103
v 1.149319 -1.0118484 3.1753392
v 1.1169132 -1.0703022 3.0786707
v 1.097 -0.9637352 3.127726
v 1.1036991 -1.0179474 3.036255
v 1.1391269 -1.125707 3.2917523
v 1.1407515 -1.0996864 3.3276625
v 1.1809148 -1.1135966 3.353276
v 1.1973892 -1.1411301 3.3229437
v 1.1257657 -1.1530014 3.2538712
v 1.1739095 -1.1812668 3.2484665
v 1.1460809 -1.1859205 3.1931171
v 1.1083816 -1.1637797 3.1835713
v 1.1083816 -1.1637797 3.1835713
v 1.1460809 -1.1859205 3.1931171
v 1.167368 -1.1621877 3.1328983
v 1.1173633 -1.1395426 3.128103
v 1.1822382 -1.055064 3.0763454
v 1.1169132 -1.0703022 3.0786707
v 1.1036991 -1.0179474 3.036255
v 1.1636156 -0.9973507 3.0362139
v 1.1422933 -0.92135596 3.0014815
v 1.0905932 -0.94005334 2.9940944
v 1.0709898 -0.8756499 2.959315
v 1.1230543 -0.86035585 2.9575052
v 1.0402585 -0.83349395 2.9241383
v 1.107746 -0.81795406 2.9205582
v 0.60003906 -0.20728731 2.9757187
v 0.65967816 -0.067476034 2.9087756
v 0.53661424 0.112047195 3.021359
v 0.4910422 -0.13408184 3.1059008
v 0.7429355 0.070215225 3.0375793
v 0.78600985 0.01318872 3.286236
v 0.7116621 0.14433312 3.16683
v 0.8842471 -0.06320739 3.118751
v 0.71975785 -0.16160119 3.3130276
v 0.7744635 -0.23160112 3.185263
v 0.8201676 -0.2745155 3.0264251
v 0.8790265 -0.12950492 2.993125
v 0.9264503 -0.37968588 2.7629197
v 0.80616134 -0.04021728 2.921859
v 0.95562774 -0.27693248 2.741727
v 0.8861523 -0.18760395 2.7044592
v 1.0107721 -0.78793216 3.0085409
v 1.0422065 -0.8359275 3.0392404
v 1.0709898 -0.8756499 2.959315
v 1.0402585 -0.83349395 2.9241383
v 0.99735296 -0.79266465 3.0149176
v 1.0738741 -0.71740305 3.0957923
v 1.077629 -0.7236073 3.0819888
v 1.1664516 -0.70450425 3.0552764
v 1.1550561 -0.7128291 3.048644
v 1.1744124 -0.7601613 2.9664688
v 1.1597947 -0.7605479 2.9718819
v 1.1155409 -0.82492375 2.9089901
v 1.107746 -0.81795406 2.9205582
v 1.0335126 -0.8450862 2.9161863
v 0.9415475 -0.70773125 2.9602046
v 0.97719944 -0.7701229 2.855421
v 0.97958076 -0.29525948 2.7522812
v 0.86151826 -0.34723067 2.855146
v 0.84539914 -0.29754663 2.7979984
v 1.0458938 -0.3563571 2.7814717
v 1.026799 -0.635082 3.0286345
v 1.1293808 -0.6289854 2.985804
v 0.950063 -0.4129479 2.6036258
v 1.0487384 -0.42934608 2.7058454
v 0.9963616 -0.32795525 2.6627579
v 0.99229133 -0.49815392 2.6419005
v 0.8218061 -0.42851305 2.6227798
v 0.80848324 -0.515548 2.6588326
v 1.0805908 -0.74273574 2.8550167
v 0.98574436 -0.7587117 2.8617373
v 0.7689575 -0.35356045 2.719119
v 0.80848324 -0.515548 2.6588326
v 0.8218061 -0.42851305 2.6227798
v 0.7736925 -0.42594576 2.7770028
v 0.84539914 -0.29754663 2.7979984
v 0.86151826 -0.34723067 2.855146
v 0.9550102 -0.70279145 2.9540823
v 1.026799 -0.635082 3.0286345
v 0.97958076 -0.29525948 2.7522812
v 1.0071942 -0.3234737 2.657785
v 0.9963616 -0.32795525 2.6627579
v 0.9876604 -0.28628922 2.7563317
v 0.84539914 -0.29754663 2.7979984
v 0.84164476 -0.289567 2.8071847
v 0.7689575 -0.35356045 2.719119
v 0.75631416 -0.35232902 2.7200053
v 0.8218061 -0.42851305 2.6227798
v 0.8143599 -0.43281627 2.6133885
v 0.950063 -0.4129479 2.6036258
v 0.95467293 -0.4153874 2.5920086
v 0.9963616 -0.32795525 2.6627579
v 1.0458938 -0.3563571 2.7814717
v 0.97958076 -0.29525948 2.7522812
v 1.0487384 -0.42934608 2.7058454
v 1.1293808 -0.6289854 2.985804
v 1.1336738 -0.6826478 2.909309
v 0.99229133 -0.49815392 2.6419005
v 1.0805908 -0.74273574 2.8550167
v 0.45986706 1.0758793 1.9363279
v 0.4379387 1.0186708 1.7896515
v 0.3214828 1.0338418 1.7828704
v 0.30681083 1.1038649 1.9104061
v 0.33207515 1.2306509 2.017996
v 0.47806215 1.2278312 2.0280948
v 0.34499508 1.2311636 1.551946
v 0.47683915 1.1538733 1.5548579
v 0.50863343 1.2330836 1.559173
v 0.3397216 1.1659696 1.5469129
v 0.526163 1.1379818 1.4586902
v 0.31392884 1.1538032 1.4493302
v 0.50879335 1.0266813 1.397762
v 0.3299108 1.0369582 1.392937
v 0.5231072 0.8271554 1.218818
v 0.3433113 0.82627827 1.2251956
v 0.46744552 0.7047083 1.0730115
v 0.32797953 0.6875915 1.0993888
v 0.34499508 1.2311636 1.551946
v 0.50863343 1.2330836 1.559173
v 0.47721046 1.3806859 1.5185772
v 0.34354138 1.3895357 1.5166147
v 0.34910446 1.513987 1.4648937
v 0.4855349 1.4970667 1.484509
v 0.25957727 1.5326431 1.5117918
v 0.24844758 1.4386244 1.574843
v 0.33304906 1.608046 1.4134958
v 0.485645 1.6026176 1.4056966
v 0.607999 1.5022397 1.5635816
v 0.25957727 1.5326431 1.5117918
v 0.33304906 1.608046 1.4134958
v 0.3273793 1.7023264 1.4635483
v 0.26852432 1.6026208 1.5927361
v 0.2668436 1.5267787 1.6850728
v 0.24844758 1.4386244 1.574843
v 0.26947796 1.2406968 1.6955106
v 0.294471 1.3968792 1.8409271
v 0.34354138 1.3895357 1.5166147
v 0.33207515 1.2306509 2.017996
v 0.34499508 1.2311636 1.551946
v 0.30681083 1.1038649 1.9104061
v 0.3397216 1.1659696 1.5469129
v 0.3214828 1.0338418 1.7828704
v 0.27214986 1.1548681 1.6309524
v 0.485645 1.6026176 1.4056966
v 0.6006991 1.5736338 1.623578
v 0.47808808 1.703307 1.4628546
v 0.607999 1.5022397 1.5635816
v 0.5916499 1.5036181 1.7093872
v 0.59869146 1.4161959 1.6319984
v 0.4855349 1.4970667 1.484509
v 0.47721046 1.3806859 1.5185772
v 0.53962934 1.3904788 1.8430974
v 0.50863343 1.2330836 1.559173
v 0.5556188 1.2885784 1.7365036
v 0.47806215 1.2278312 2.0280948
v 0.45986706 1.0758793 1.9363279
v 0.4379387 1.0186708 1.7896515
v 0.5158932 1.1207563 1.6727524
v 0.47683915 1.1538733 1.5548579
v 0.33304906 1.608046 1.4134958
v 0.485645 1.6026176 1.4056966
v 0.47808808 1.703307 1.4628546
v 0.3273793 1.7023264 1.4635483
v 0.41835228 -0.12894529 1.8471847
v 0.21202612 -0.11783594 1.6362375
v 0.24358696 -0.124156296 1.8316488
v 0.46509674 -0.15961772 1.6354355
v 0.26468238 0.19485736 1.2366737
v 0.47318548 0.15248835 1.2297546
v 0.28058064 0.34761506 1.1165525
v 0.44061002 0.31798804 1.1039732
v 0.30892268 0.44782495 1.0196174
v 0.4567192 0.4183249 1.007903
v 0.2330325 0.112448454 1.9692372
v 0.44408396 0.2568599 1.9252104
v 0.43929264 0.11071885 1.9613271
v 0.17762429 0.324462 1.8803636
v 0.4160577 0.5414967 1.4810085
v 0.21916965 0.5317512 1.419751
v 0.39739165 0.59917486 1.289916
v 0.24289712 0.5887373 1.247631
v 0.41560242 0.67709595 1.1801296
v 0.268621 0.66716594 1.1399008
v 0.19328308 0.001977861 1.9043101
v 0.17762429 0.324462 1.8803636
v 0.2330325 0.112448454 1.9692372
v 0.11677422 0.120867014 1.7615355
v 0.24358696 -0.124156296 1.8316488
v 0.21916965 0.5317512 1.419751
v 0.21202612 -0.11783594 1.6362375
v 0.13166478 0.35783553 1.3251486
v 0.24289712 0.5887373 1.247631
v 0.26468238 0.19485736 1.2366737
v 0.20037276 0.45437062 1.1709081
v 0.268621 0.66716594 1.1399008
v 0.28058064 0.34761506 1.1165525
v 0.22816469 0.54807514 1.0715828
v 0.30892268 0.44782495 1.0196174
v 0.28589353 0.5338641 1.275297
v 0.41079095 0.5687132 1.4494011
v 0.42776042 0.49389428 1.2764388
v 0.24468738 0.63830316 1.4265686
v 0.43785733 0.82357013 1.678619
v 0.28151664 0.85973763 1.665188
v 0.45528278 0.91458195 1.808654
v 0.27269608 0.9467304 1.7957407
v 0.5873154 1.0739334 1.6374887
v 0.47683915 1.1538733 1.5548579
v 0.526163 1.1379818 1.4586902
v 0.5158932 1.1207563 1.6727524
v 0.45528278 0.91458195 1.808654
v 0.4379387 1.0186708 1.7896515
v 0.27269608 0.9467304 1.7957407
v 0.3214828 1.0338418 1.7828704
v 0.20417666 1.1258643 1.5751873
v 0.27214986 1.1548681 1.6309524
v 0.31392884 1.1538032 1.4493302
v 0.3397216 1.1659696 1.5469129
v 0.24684614 0.6180775 1.1823514
v 0.24468738 0.63830316 1.4265686
v 0.28589353 0.5338641 1.275297
v 0.22502542 0.7499222 1.3111165
v 0.32797953 0.6875915 1.0993888
v 0.28151664 0.85973763 1.665188
v 0.3433113 0.82627827 1.2251956
v 0.23198545 1.0021257 1.494583
v 0.27269608 0.9467304 1.7957407
v 0.3299108 1.0369582 1.392937
v 0.20417666 1.1258643 1.5751873
v 0.31392884 1.1538032 1.4493302
v 0.5373545 0.6201836 1.1765516
v 0.5231072 0.8271554 1.218818
v 0.46744552 0.7047083 1.0730115
v 0.5783128 0.7103166 1.3522849
v 0.42776042 0.49389428 1.2764388
v 0.50879335 1.0266813 1.397762
v 0.41079095 0.5687132 1.4494011
v 0.5610642 0.95929533 1.5446074
v 0.526163 1.1379818 1.4586902
v 0.43785733 0.82357013 1.678619
v 0.5873154 1.0739334 1.6374887
v 0.45528278 0.91458195 1.808654
v 0.47808808 1.703307 1.4628546
v 0.6006991 1.5736338 1.623578
v 0.5916499 1.5036181 1.7093872
v 0.53962934 1.3904788 1.8430974
v 0.47806215 1.2278312 2.0280948
v 0.3273793 1.7023264 1.4635483
v 0.33207515 1.2306509 2.017996
v 0.294471 1.3968792 1.8409271
v 0.26852432 1.6026208 1.5927361
v 0.2668436 1.5267787 1.6850728
v 0.7116621 0.14433312 3.16683
v 0.6296604 0.08522129 3.2377634
v 0.5427585 0.06914675 3.1657093
v 0.53661424 0.112047195 3.021359
v 0.7429355 0.070215225 3.0375793
v 0.80616134 -0.04021728 2.921859
v 0.65967816 -0.067476034 2.9087756
v 0.8861523 -0.18760395 2.7044592
v 0.76749533 -0.21708286 2.6830282
v 0.53661424 0.112047195 3.021359
v 0.5427585 0.06914675 3.1657093
v 0.52096313 -0.052649856 3.2066343
v 0.4910422 -0.13408184 3.1059008
v 0.56144315 -0.09829152 3.2643461
v 0.5730496 -0.22646654 3.22227
v 0.60003906 -0.20728731 2.9757187
v 0.687908 -0.29570782 3.0124652
v 0.7425607 -0.33236647 2.7075996
v 0.8154474 -0.40962696 2.755947
v 0.76749533 -0.21708286 2.6830282
v 0.65967816 -0.067476034 2.9087756
v 0.5730496 -0.22646654 3.22227
v 0.56144315 -0.09829152 3.2643461
v 0.6338907 -0.06624663 3.309678
v 0.71975785 -0.16160119 3.3130276
v 0.7744635 -0.23160112 3.185263
v 0.687908 -0.29570782 3.0124652
v 0.8201676 -0.2745155 3.0264251
v 0.8154474 -0.40962696 2.755947
v 0.9264503 -0.37968588 2.7629197
v 0.78600985 0.01318872 3.286236
v 0.6296604 0.08522129 3.2377634
v 0.7116621 0.14433312 3.16683
v 0.66647965 0.020401835 3.2969139
v 0.71975785 -0.16160119 3.3130276
v 0.5427585 0.06914675 3.1657093
v 0.6338907 -0.06624663 3.309678
v 0.52096313 -0.052649856 3.2066343
v 0.56144315 -0.09829152 3.2643461
v 0.41835228 -0.12894529 1.8471847
v 0.38053218 -0.08987731 1.9329926
v 0.41240075 -0.03604728 1.961422
v 0.48980135 -0.008258522 1.9109231
v 0.46509674 -0.15961772 1.6354355
v 0.5758396 0.10263264 1.7762285
v 0.43929264 0.11071885 1.9613271
v 0.47318548 0.15248835 1.2297546
v 0.44408396 0.2568599 1.9252104
v 0.57116693 0.3446445 1.3326341
v 0.44061002 0.31798804 1.1039732
v 0.4160577 0.5414967 1.4810085
v 0.51674396 0.44769692 1.1700273
v 0.4567192 0.4183249 1.007903
v 0.39739165 0.59917486 1.289916
v 0.5291506 0.541726 1.0707448
v 0.41560242 0.67709595 1.1801296
v 0.24358696 -0.124156296 1.8316488
v 0.38053218 -0.08987731 1.9329926
v 0.41835228 -0.12894529 1.8471847
v 0.3025814 -0.087741196 1.9260631
v 0.19328308 0.001977861 1.9043101
v 0.2801443 -0.031481445 1.9584721
v 0.2330325 0.112448454 1.9692372
v 0.2978738 0.017791986 1.9874316
v 0.43929264 0.11071885 1.9613271
v 0.38987225 0.017020404 1.9839035
v 0.41240075 -0.03604728 1.961422
v 0.48980135 -0.008258522 1.9109231
v -1.248613E-08 -0.24113253 3.5258672
v 0.3066197 -0.24689558 3.5677862
v 0.3066197 -0.2684079 3.7242613
v -1.2486121E-08 -0.2741709 3.76618
v 0.3066197 -0.24689558 3.5677862
v 0.30661958 -0.7467017 3.4990726
v 0.30661958 -0.7682141 3.6555476
v 0.3066197 -0.2684079 3.7242613
v -1.248613E-08 -0.24113253 3.5258672
v -1.3277011E-07 -0.74093866 3.4571536
v 0.30661958 -0.7467017 3.4990726
v 0.3066197 -0.24689558 3.5677862
v 0.3066197 -0.2684079 3.7242613
v 0.30661958 -0.7682141 3.6555476
v -1.327701E-07 -0.7739769 3.697466
v -1.2486121E-08 -0.2741709 3.76618
v 0.30661958 -0.7467017 3.4990726
v -1.3277011E-07 -0.74093866 3.4571536
v -1.327701E-07 -0.7739769 3.697466
v 0.30661958 -0.7682141 3.6555476
v 0.19218181 -0.7054962 3.6754336
v 0.25387475 -0.70201576 3.650118
v 0.25387472 -0.83737123 3.6315093
v 0.19218178 -0.84085166 3.6568248
v 0.13048887 -0.70201576 3.650118
v 0.13048884 -0.83737123 3.6315093
v 0.25387475 -0.70201576 3.650118
v 0.27942878 -0.82896864 3.570391
v 0.25387472 -0.83737123 3.6315093
v 0.2794288 -0.6936132 3.5889997
v 0.25387472 -0.8205657 3.5092726
v 0.25387475 -0.6852106 3.5278814
v 0.25387475 -0.6852106 3.5278814
v 0.19218178 -0.81708527 3.4839566
v 0.25387472 -0.8205657 3.5092726
v 0.19218181 -0.68173015 3.5025654
v 0.1304889 -0.8205657 3.5092726
v 0.13048893 -0.6852106 3.5278814
v 0.13048893 -0.6852106 3.5278814
v 0.10493484 -0.8289685 3.570391
v 0.1304889 -0.8205657 3.5092726
v 0.10493487 -0.6936132 3.5889997
v 0.13048884 -0.83737123 3.6315093
v 0.13048887 -0.70201576 3.650118
v 0.19218178 -0.8191513 3.4989848
v 0.24314818 -0.89560926 3.5097835
v 0.2431482 -0.8220267 3.5198996
v 0.19218177 -0.8927338 3.4888687
v 0.14121543 -0.8220267 3.5198996
v 0.14121541 -0.89560926 3.5097835
v 0.26425916 -0.82896864 3.570391
v 0.24314818 -0.9094926 3.6107662
v 0.2431482 -0.8359102 3.6208823
v 0.26425913 -0.90255105 3.5602748
v 0.2431482 -0.8220267 3.5198996
v 0.24314818 -0.89560926 3.5097835
v 0.14121538 -0.8359102 3.6208823
v 0.14121537 -0.9094926 3.6107662
v 0.12010443 -0.90255105 3.5602748
v 0.12010445 -0.8289685 3.570391
v 0.14121541 -0.89560926 3.5097835
v 0.14121543 -0.8220267 3.5198996
v 0.2431482 -0.8359102 3.6208823
v 0.24314818 -0.9094926 3.6107662
v 0.19218177 -0.91236794 3.6316805
v 0.19218178 -0.8387855 3.6417966
v 0.14121537 -0.9094926 3.6107662
v 0.14121538 -0.8359102 3.6208823
v 0.154036 -0.90774643 3.598065
v 0.154036 -0.89300287 3.600092
v 0.13823552 -0.8878075 3.5623019
v 0.13823552 -0.90255105 3.5602748
v 0.15403603 -0.882612 3.5245113
v 0.15403603 -0.8973553 3.5224843
v 0.23032755 -0.882612 3.5245113
v 0.19218177 -0.8804599 3.5088582
v 0.15403603 -0.882612 3.5245113
v 0.24612805 -0.8878075 3.5623019
v 0.13823552 -0.8878075 3.5623019
v 0.23032755 -0.89300287 3.600092
v 0.154036 -0.89300287 3.600092
v 0.19218177 -0.89515483 3.6157453
v 0.15403603 -0.8973553 3.5224843
v 0.15403603 -0.882612 3.5245113
v 0.19218177 -0.8804599 3.5088582
v 0.19218177 -0.89520323 3.5068312
v 0.23032755 -0.882612 3.5245113
v 0.23032755 -0.8973553 3.5224843
v 0.23032755 -0.8973553 3.5224843
v 0.23032755 -0.882612 3.5245113
v 0.24612805 -0.8878075 3.5623019
v 0.24612805 -0.90255105 3.5602748
v 0.23032755 -0.89300287 3.600092
v 0.23032755 -0.90774643 3.598065
v 0.23032755 -0.90774643 3.598065
v 0.23032755 -0.89300287 3.600092
v 0.19218177 -0.89515483 3.6157453
v 0.19218177 -0.9098985 3.6137183
v 0.154036 -0.89300287 3.600092
v 0.154036 -0.90774643 3.598065
v -1.18197484E-07 -0.7097584 3.6791234
v 0.051956117 -0.7067808 3.657466
v 0.05195609 -0.8246614 3.6412597
v -1.4656678E-07 -0.827639 3.6629171
v 0.051956117 -0.7067808 3.657466
v 0.073817454 -0.81747305 3.5889733
v 0.05195609 -0.8246614 3.6412597
v 0.073817484 -0.6995925 3.6051795
v 0.05195609 -0.81028473 3.536687
v 0.051956117 -0.69240415 3.5528932
v 0.051956117 -0.69240415 3.5528932
v -1.1819749E-07 -0.68942654 3.5312352
v -1.4656679E-07 -0.8073071 3.515029
v 0.05195609 -0.81028473 3.536687
v -1.4656679E-07 -0.80907476 3.5278857
v -1.6171623E-07 -0.87202394 3.5192313
v 0.042779583 -0.8744838 3.5371237
v 0.0427796 -0.8115345 3.545778
v 0.05195609 -0.8246614 3.6412597
v -1.4656678E-07 -0.82587135 3.6500604
v -1.4656678E-07 -0.827639 3.6629171
v 0.0427796 -0.8234116 3.632168
v 0.073817454 -0.81747305 3.5889733
v 0.06083993 -0.81747305 3.5889733
v 0.05195609 -0.81028473 3.536687
v 0.0427796 -0.8115345 3.545778
v -1.4656679E-07 -0.8073071 3.515029
v -1.4656679E-07 -0.80907476 3.5278857
v 0.06083993 -0.81747305 3.5889733
v 0.042779583 -0.8863609 3.6235137
v 0.0427796 -0.8234116 3.632168
v 0.060839914 -0.8804225 3.580319
v 0.0427796 -0.8115345 3.545778
v 0.042779583 -0.8744838 3.5371237
v 0.0427796 -0.8234116 3.632168
v 0.042779583 -0.8863609 3.6235137
v -1.6171624E-07 -0.88882077 3.641406
v -1.4656678E-07 -0.82587135 3.6500604
v 0.042779583 -0.8863609 3.6235137
v -1.6171624E-07 -0.88670814 3.626039
v -1.6171624E-07 -0.88882077 3.641406
v 0.0318116 -0.8848671 3.612648
v 0.060839914 -0.8804225 3.580319
v 0.045328848 -0.8804225 3.580319
v 0.042779583 -0.8744838 3.5371237
v 0.0318116 -0.87597764 3.5479891
v -1.6171623E-07 -0.87202394 3.5192313
v -1.6171623E-07 -0.87413657 3.5345984
v 0.0318116 -0.8633646 3.5497231
v -1.5868078E-07 -0.86152375 3.5363324
v -1.5868079E-07 -0.8740951 3.627773
v 0.045328848 -0.8678094 3.582053
v 0.0318116 -0.87225413 3.614382
v 0.0318116 -0.87597764 3.5479891
v 0.0318116 -0.8633646 3.5497231
v 0.045328848 -0.8678094 3.582053
v 0.045328848 -0.8804225 3.580319
v 0.0318116 -0.87225413 3.614382
v 0.0318116 -0.8848671 3.612648
v 0.0318116 -0.8848671 3.612648
v 0.0318116 -0.87225413 3.614382
v -1.5868079E-07 -0.8740951 3.627773
v -1.6171624E-07 -0.88670814 3.626039
v -1.6171623E-07 -0.87413657 3.5345984
v -1.5868078E-07 -0.86152375 3.5363324
v 0.0318116 -0.8633646 3.5497231
v 0.0318116 -0.87597764 3.5479891
v -5.93863E-08 -0.47395363 3.7750463
v 0.24326845 -0.47013286 3.7472541
v 0.24326845 -0.47632506 3.7922947
v -5.93863E-08 -0.48014596 3.8200874
v 0.24326845 -0.47013286 3.7472541
v 0.24326836 -0.82011664 3.6991382
v 0.24326836 -0.82630885 3.7441788
v 0.24326845 -0.47632506 3.7922947
v -5.93863E-08 -0.47395363 3.7750463
v -1.1841421E-07 -0.7192277 3.7413266
v 0.023848524 -0.7192277 3.7413266
v 0.24326845 -0.47013286 3.7472541
v 0.023848513 -0.76894295 3.7344916
v 0.24326836 -0.82011664 3.6991382
v -1.3037877E-07 -0.76894295 3.7344916
v -1.4361383E-07 -0.82393754 3.7269304
v -1.1841421E-07 -0.71279955 3.69457
v -1.3037877E-07 -0.76251495 3.687735
v 0.023848513 -0.76251495 3.687735
v 0.023848524 -0.71279955 3.69457
v -1.1841421E-07 -0.7192277 3.7413266
v -1.1841421E-07 -0.71279955 3.69457
v 0.023848524 -0.71279955 3.69457
v 0.023848524 -0.7192277 3.7413266
v 0.023848524 -0.7192277 3.7413266
v 0.023848524 -0.71279955 3.69457
v 0.023848513 -0.76251495 3.687735
v 0.023848513 -0.76894295 3.7344916
v 0.023848513 -0.76894295 3.7344916
v 0.023848513 -0.76251495 3.687735
v -1.3037877E-07 -0.76251495 3.687735
v -1.3037877E-07 -0.76894295 3.7344916
v 0.24326845 -0.47632506 3.7922947
v 0.24326836 -0.82630885 3.7441788
v -1.4361383E-07 -0.83012974 3.7719715
v -5.93863E-08 -0.48014596 3.8200874
v 0.24326836 -0.82011664 3.6991382
v -1.4361383E-07 -0.82393754 3.7269304
v -1.4361383E-07 -0.83012974 3.7719715
v 0.24326836 -0.82630885 3.7441788
v 0.25613073 0.600752 1.1749871
v 0.26524165 0.5182413 1.292976
v 0.43983278 0.47143006 1.2946799
v 0.43356052 0.5828549 1.1992303
v 0.247015 0.6871095 1.1507893
v 0.42728347 0.69984424 1.1982733
v 0.27703902 0.74606305 1.1298499
v 0.33367392 0.7697755 1.1592278
v 0.46742713 0.7854986 1.1296098
v 0.52575994 0.7617692 1.1002171
v 0.27669987 0.7109564 1.08636
v 0.5254208 0.7266625 1.056727
v 0.43356052 0.5828549 1.1992303
v 0.43983278 0.47143006 1.2946799
v 0.56847817 0.61640924 1.1769912
v 0.5644641 0.58206296 1.0769247
v 0.42728347 0.69984424 1.1982733
v 0.5604452 0.54062784 1.072346
v 0.5254208 0.7266625 1.056727
v 0.5145751 0.56657225 0.974547
v 0.5037247 0.3966139 0.9882626
v 0.49906304 0.36943293 0.96049255
v 0.49425745 0.33786935 1.034556
v 0.5099131 0.5694325 0.9503246
v 0.48959574 0.31068826 1.0067861
v 0.43109018 0.29882437 1.065318
v 0.4284776 0.2716431 1.0375485
v 0.5207584 0.75956404 1.0360522
v 0.5210976 0.79467076 1.0795423
v 0.52575994 0.7617692 1.1002171
v 0.23533633 0.34400868 1.0179416
v 0.28591597 0.30494773 1.0487307
v 0.4284776 0.2716431 1.0375485
v 0.48959574 0.31068826 1.0067861
v 0.24480365 0.4027534 0.9716481
v 0.49906304 0.36943293 0.96049255
v 0.258423 0.5774162 0.97032946
v 0.5099131 0.5694325 0.9503246
v 0.27203748 0.7438579 1.065685
v 0.5207584 0.75956404 1.0360522
v 0.27237663 0.77896464 1.1091751
v 0.5210976 0.79467076 1.0795423
v 0.3311676 0.80267674 1.1385527
v 0.46492085 0.81839985 1.1089346
v 0.43109018 0.29882437 1.065318
v 0.4284776 0.2716431 1.0375485
v 0.28591597 0.30494773 1.0487307
v 0.28852856 0.33212906 1.0765003
v 0.23999804 0.37118977 1.0457115
v 0.23533633 0.34400868 1.0179416
v 0.49425745 0.33786935 1.034556
v 0.43109018 0.29882437 1.065318
v 0.28852856 0.33212906 1.0765003
v 0.23999804 0.37118977 1.0457115
v 0.5037247 0.3966139 0.9882626
v 0.24946536 0.42993438 0.99941814
v 0.52575994 0.7617692 1.1002171
v 0.46492085 0.81839985 1.1089346
v 0.5210976 0.79467076 1.0795423
v 0.46742713 0.7854986 1.1296098
v 0.33367392 0.7697755 1.1592278
v 0.3311676 0.80267674 1.1385527
v 0.27237663 0.77896464 1.1091751
v 0.27703902 0.74606305 1.1298499
v 0.24946536 0.42993438 0.99941814
v 0.23999804 0.37118977 1.0457115
v 0.23533633 0.34400868 1.0179416
v 0.24480365 0.4027534 0.9716481
v 0.258423 0.5774162 0.97032946
v 0.26308507 0.57455593 0.9945519
v 0.27203748 0.7438579 1.065685
v 0.20725109 0.5886891 1.0754393
v 0.19824918 0.54542553 1.0625738
v 0.25613073 0.600752 1.1749871
v 0.247015 0.6871095 1.1507893
v 0.26524165 0.5182413 1.292976
v 0.21624818 0.62478673 1.1837206
v 0.27669987 0.7109564 1.08636
v 0.27703902 0.74606305 1.1298499
v 0.27237663 0.77896464 1.1091751
v 0.7736925 -0.42594576 2.7770028
v 0.9550102 -0.70279145 2.9540823
v 0.98574436 -0.7587117 2.8617373
v 0.80848324 -0.515548 2.6588326
v 1.1482147 -0.68245757 2.9036827
v 1.1664516 -0.70450425 3.0552764
v 1.1412994 -0.62093353 2.991824
v 1.1744124 -0.7601613 2.9664688
v 1.0878621 -0.7500124 2.843299
v 1.1155409 -0.82492375 2.9089901
v 0.97719944 -0.7701229 2.855421
v 1.0335126 -0.8450862 2.9161863
v 1.1155409 -0.82492375 2.9089901
v 1.0878621 -0.7500124 2.843299
v 1.0213937 -0.6299434 3.0423276
v 1.0738741 -0.71740305 3.0957923
v 0.99735296 -0.79266465 3.0149176
v 0.9415475 -0.70773125 2.9602046
v 1.1412994 -0.62093353 2.991824
v 1.1664516 -0.70450425 3.0552764
v 1.0738741 -0.71740305 3.0957923
v 1.0213937 -0.6299434 3.0423276
v 0.9963616 -0.32795525 2.6627579
v 1.0071942 -0.3234737 2.657785
v 0.95467293 -0.4153874 2.5920086
v 0.950063 -0.4129479 2.6036258
v 0.8027973 -0.30651784 2.5914268
v 0.7541604 -0.33665013 2.6755743
v 0.8226 -0.38951564 2.5953197
v 0.77765614 -0.23569942 2.6375825
v 0.96766573 -0.27309537 2.7433157
v 0.9516479 -0.32914603 2.735332
v 0.93442255 -0.38736224 2.7692184
v 0.9801676 -0.28410316 2.6695983
v 0.8906179 -0.1770277 2.698949
v 0.9876604 -0.28628922 2.7563317
v 1.0071942 -0.3234737 2.657785
v 0.9047871 -0.20117664 2.6646993
v 0.91437066 -0.2792964 2.5770123
v 0.93338835 -0.37157822 2.572648
v 0.93442255 -0.38736224 2.7692184
v 0.83258367 -0.3523873 2.7487416
v 0.8107646 -0.42118585 2.7585201
v 0.9516479 -0.32914603 2.735332
v 0.84164476 -0.289567 2.8071847
v 0.9876604 -0.28628922 2.7563317
v 0.7311533 -0.3362609 2.7034929
v 0.77765614 -0.23569942 2.6375825
v 0.7605631 -0.21008897 2.6749542
v 0.7541604 -0.33665013 2.6755743
v 0.8107646 -0.42118585 2.7585201
v 0.83258367 -0.3523873 2.7487416
v 0.75631416 -0.35232902 2.7200053
v 0.84164476 -0.289567 2.8071847
v 0.8143599 -0.43281627 2.6133885
v 0.8226 -0.38951564 2.5953197
v 0.93338835 -0.37157822 2.572648
v 0.95467293 -0.4153874 2.5920086
v 1.0071942 -0.3234737 2.657785
v 0.9801676 -0.28410316 2.6695983
v 0.9793234 -0.44913578 2.5891247
v 0.97593796 -0.46211338 2.5666919
v 0.8142525 -0.4867003 2.5932984
v 0.8176378 -0.4737227 2.6157312
v 0.7718586 -0.433707 2.573337
v 0.7752439 -0.4207294 2.59577
v 0.98495567 -0.3834164 2.5596104
v 0.97593796 -0.46211338 2.5666919
v 0.9793234 -0.44913578 2.5891247
v 0.98157036 -0.396394 2.5371776
v 0.96122706 -0.27093577 2.5760355
v 0.95836246 -0.26671004 2.560204
v 0.94532245 -0.1731286 2.678024
v 0.941937 -0.15183914 2.6632454
v 0.7248147 -0.16436577 2.6730678
v 0.941937 -0.15183914 2.6632454
v 0.9023625 -0.12408674 2.7035172
v 0.72765154 -0.2049489 2.6152532
v 0.95836246 -0.26671004 2.560204
v 0.75080144 -0.31215858 2.5673058
v 0.7718586 -0.433707 2.573337
v 0.98157036 -0.396394 2.5371776
v 0.97593796 -0.46211338 2.5666919
v 0.8142525 -0.4867003 2.5932984
v 0.73103696 -0.22623837 2.6300318
v 0.7248147 -0.16436577 2.6730678
v 0.7282 -0.18565524 2.6878462
v 0.72765154 -0.2049489 2.6152532
v 0.75418687 -0.31631446 2.5859118
v 0.75080144 -0.31215858 2.5673058
v 0.7752439 -0.4207294 2.59577
v 0.7718586 -0.433707 2.573337
v 0.7282 -0.18565524 2.6878462
v 0.7248147 -0.16436577 2.6730678
v 0.9023625 -0.12408674 2.7035172
v 0.90574795 -0.14537609 2.7182956
v 0.941937 -0.15183914 2.6632454
v 0.94532245 -0.1731286 2.678024
v -1.1802951 0.89454055 2.7328146
v -1.148367 0.88086784 2.6829493
v -1.1637365 0.9048977 2.6327019
v -1.2094711 0.94012284 2.663145
v -1.1905063 0.9270067 2.5777283
v -1.2136468 1.0072054 2.726141
v -1.1898612 0.9600079 2.7880144
v -1.1608485 0.84836197 2.8025713
v -1.2273155 0.97978556 2.6052334
v -1.2263712 1.0556537 2.667015
v -1.2166921 1.1089736 2.482531
v -1.1893185 1.064729 2.4545355
v -1.1853822 1.1422901 2.4619381
v -1.1691891 1.10689 2.441101
v -1.1614677 1.2023818 2.5213196
v -1.2012607 1.1759603 2.5424032
v -1.1550039 1.2181586 2.6373892
v -1.1335496 1.222891 2.5728908
v -1.170817 1.1326053 2.7229776
v -1.1526955 1.0891192 2.778374
v -1.1320482 1.0265489 2.8340049
v -1.1133376 0.98105 2.894045
v -1.165361 0.91347444 2.862979
v -1.0983915 0.95128524 2.9418788
v -1.1510136 0.8817773 2.909658
v -1.1467829 0.8135098 2.8503814
v -1.1608485 0.84836197 2.8025713
v -1.148367 0.88086784 2.6829493
v -1.1802951 0.89454055 2.7328146
v -1.097504 0.85235393 2.7719836
v -1.1467829 0.8135098 2.8503814
v -1.069288 0.81327474 2.8154893
v -1.0798229 0.8749981 2.6898184
v -1.1016308 0.9282496 2.6500454
v -1.1637365 0.9048977 2.6327019
v -1.081112 0.9863702 2.6223714
v -1.0528613 0.9418194 2.6080618
v -1.1045223 0.94951344 2.6288881
v -1.1313545 0.95970285 2.5821598
v -1.1905063 0.9270067 2.5777283
v -1.1893185 1.064729 2.4545355
v -1.1399902 1.0681388 2.4937277
v -1.1691891 1.10689 2.441101
v -1.1291345 1.1007831 2.4697537
v -1.1383847 1.0618312 2.6411843
v -1.1451377 1.0224402 2.5986404
v -1.091695 0.9965317 2.6553135
v -1.0864724 1.0294168 2.7009642
v -1.0401934 0.99352837 2.70737
v -1.0325612 1.0105374 2.7567296
v -1.0925909 1.1082424 2.772378
v -1.0801708 1.0461214 2.835651
v -1.1016308 0.9282496 2.6500454
v -1.081112 0.9863702 2.6223714
v -1.0178944 1.0240208 2.6654143
v -1.0401934 0.99352837 2.70737
v -1.0029994 1.0393885 2.610008
v -1.0452613 1.0185962 2.5825176
v -1.024412 0.98616636 2.5720105
v -0.9777019 1.003553 2.6015356
v -1.0029994 1.0393885 2.610008
v -1.0178944 1.0240208 2.6654143
v -1.081112 0.9863702 2.6223714
v -1.0452613 1.0185962 2.5825176
v -0.9777019 1.003553 2.6015356
v -1.0178944 1.0240208 2.6654143
v -1.0029994 1.0393885 2.610008
v -0.9913025 0.96873903 2.654164
v -1.024412 0.98616636 2.5720105
v -1.0528613 0.9418194 2.6080618
v -1.0192922 0.9088627 2.741453
v -1.0798229 0.8749981 2.6898184
v -1.097504 0.85235393 2.7719836
v -1.0327896 0.9328785 2.823297
v -1.0401934 0.99352837 2.70737
v -1.069288 0.81327474 2.8154893
v -1.0017753 0.8957808 2.8668404
v -1.0325612 1.0105374 2.7567296
v -1.0801708 1.0461214 2.835651
v -1.0611352 0.99465644 2.887907
v -1.0452613 1.0185962 2.5825176
v -1.081112 0.9863702 2.6223714
v -1.0528613 0.9418194 2.6080618
v -1.024412 0.98616636 2.5720105
v -1.0401934 0.99352837 2.70737
v -1.0178944 1.0240208 2.6654143
v -0.9913025 0.96873903 2.654164
v -1.0192922 0.9088627 2.741453
v -1.0401934 0.99352837 2.70737
v -1.1045223 0.94951344 2.6288881
v -1.1016308 0.9282496 2.6500454
v -1.091695 0.9965317 2.6553135
v -1.1313545 0.95970285 2.5821598
v -1.1451377 1.0224402 2.5986404
v -1.1546031 1.0989909 2.516549
v -1.1399902 1.0681388 2.4937277
v -1.1291345 1.1007831 2.4697537
v -1.1272382 1.1362171 2.4964013
v -1.1413592 1.1350542 2.557862
v -1.1135923 1.1733422 2.524579
v -1.096049 1.2042058 2.5886111
v -1.1052071 1.197479 2.6487422
v -1.1383847 1.0618312 2.6411843
v -1.1053556 1.1458857 2.7163887
v -1.0864724 1.0294168 2.7009642
v -1.0925909 1.1082424 2.772378
v -1.1272382 1.1362171 2.4964013
v -1.1691891 1.10689 2.441101
v -1.1291345 1.1007831 2.4697537
v -1.1853822 1.1422901 2.4619381
v -1.1135923 1.1733422 2.524579
v -1.1614677 1.2023818 2.5213196
v -1.1335496 1.222891 2.5728908
v -1.096049 1.2042058 2.5886111
v -1.096049 1.2042058 2.5886111
v -1.1550039 1.2181586 2.6373892
v -1.1335496 1.222891 2.5728908
v -1.1052071 1.197479 2.6487422
v -1.170817 1.1326053 2.7229776
v -1.1053556 1.1458857 2.7163887
v -1.0925909 1.1082424 2.772378
v -1.1526955 1.0891192 2.778374
v -1.1320482 1.0265489 2.8340049
v -1.0801708 1.0461214 2.835651
v -1.0611352 0.99465644 2.887907
v -1.1133376 0.98105 2.894045
v -1.030766 0.9644643 2.9340057
v -1.0983915 0.95128524 2.9418788
v -0.59805846 0.23653698 3.209075
v -0.53503156 -0.012383223 3.4143715
v -0.65706086 0.19249225 3.3579512
v -0.4902686 0.090213776 3.175052
v -0.74149835 0.005142212 3.3738024
v -0.71141994 -0.14057612 3.3415716
v -0.786885 -0.14027834 3.164684
v -0.8835697 0.035728455 3.2213569
v -0.7209003 -0.043040514 3.0168684
v -0.7744235 0.09896827 3.0512965
v -0.8186543 0.24570489 3.1266084
v -0.8771887 0.17325664 3.2567096
v -0.9224951 0.5121875 3.2265892
v -0.8036568 0.1654787 3.3702571
v -0.95146525 0.45898652 3.317083
v -0.88163877 0.42603874 3.4078245
v -1.0017753 0.8957808 2.8668404
v -1.0611352 0.99465644 2.887907
v -1.0327896 0.9328785 2.823297
v -1.030766 0.9644643 2.9340057
v -0.98831826 0.89830077 2.8593774
v -1.0656028 0.8032433 2.8041353
v -1.069288 0.81327474 2.8154893
v -1.1582606 0.80370414 2.846476
v -1.1467829 0.8135098 2.8503814
v -1.1656296 0.8831365 2.9149165
v -1.1510136 0.8817773 2.909658
v -1.1061113 0.961426 2.9508634
v -1.0983915 0.95128524 2.9418788
v -1.023906 0.9778236 2.9382002
v -0.9332549 0.8327651 2.9368021
v -0.9682376 0.9235941 3.01847
v -0.9749283 0.5002762 3.2569988
v -0.84077066 0.48776352 3.2128954
v -0.85647815 0.51853895 3.143611
v -1.0406978 0.5506551 3.210969
v -1.0192342 0.7439518 2.8926647
v -1.1218314 0.7516855 2.935193
v -0.9441945 0.6562815 3.3644142
v -0.991329 0.5580598 3.3328743
v -1.0428011 0.64271677 3.2617142
v -0.98566455 0.7267996 3.3026428
v -0.81581527 0.6643405 3.3417678
v -0.8017178 0.7367556 3.2816873
v -1.0718777 0.8984853 3.026732
v -0.9768931 0.9109062 3.0157819
v -0.76374596 0.5638422 3.2719045
v -0.81581527 0.6643405 3.3417678
v -0.8017178 0.7367556 3.2816873
v -0.7678599 0.61598814 3.1952467
v -0.84077066 0.48776352 3.2128954
v -0.85647815 0.51853895 3.143611
v -0.9467576 0.82997227 2.9440827
v -1.0192342 0.7439518 2.8926647
v -0.9749283 0.5002762 3.2569988
v -0.991329 0.5580598 3.3328743
v -1.0021985 0.55534196 3.3389268
v -0.9830944 0.49058437 3.255757
v -0.84077066 0.48776352 3.2128954
v -0.8370983 0.47739685 3.2064762
v -0.76374596 0.5638422 3.2719045
v -0.75111526 0.562289 3.2714446
v -0.81581527 0.6643405 3.3417678
v -0.8083214 0.67115283 3.3494875
v -0.9441945 0.6562815 3.3644142
v -0.9487714 0.66207874 3.374787
v -0.991329 0.5580598 3.3328743
v -0.9749283 0.5002762 3.2569988
v -1.0406978 0.5506551 3.210969
v -1.0428011 0.64271677 3.2617142
v -1.1218314 0.7516855 2.935193
v -1.1255617 0.82554936 2.992463
v -0.98566455 0.7267996 3.3026428
v -1.0718777 0.8984853 3.026732
v -0.46724725 -0.68536955 0.09628631
v -0.3214921 -0.67918587 0.2549581
v -0.437948 -0.66286427 0.25183702
v -0.31374472 -0.7170628 0.114001684
v -0.33900577 -0.8160459 -0.019611105
v -0.48509708 -0.8124057 -0.02774711
v -0.34763116 -0.9235163 0.433981
v -0.51130885 -0.9253195 0.4276798
v -0.4768478 -0.8483034 0.4493746
v -0.33973026 -0.86189914 0.45433334
v -0.52617085 -0.85488665 0.5466242
v -0.3139367 -0.8724327 0.5521056
v -0.5088011 -0.7605226 0.6314489
v -0.3299185 -0.7716319 0.63378775
v -0.52311426 -0.6073452 0.85137457
v -0.34331846 -0.6050288 0.8453665
v -0.46745217 -0.5215942 1.0213715
v -0.3279863 -0.49888498 0.99962074
v -0.34763116 -0.9235163 0.433981
v -0.4783601 -1.0779849 0.43311945
v -0.51130885 -0.9253195 0.4276798
v -0.3446135 -1.0857487 0.4320419
v -0.34872672 -1.2187909 0.45388418
v -0.48545995 -1.1991519 0.43965045
v -0.25949177 -1.2253268 0.40331715
v -0.24967873 -1.1192534 0.36342832
v -0.3314637 -1.3219677 0.48222652
v -0.4840191 -1.319956 0.49215642
v -0.6086025 -1.1872497 0.36237895
v -0.25949177 -1.2253268 0.40331715
v -0.32551754 -1.4022022 0.4118484
v -0.3314637 -1.3219677 0.48222652
v -0.26863587 -1.2749672 0.30854926
v -0.26839837 -1.1799635 0.23605573
v -0.24967873 -1.1192534 0.36342832
v -0.2733664 -0.89914733 0.2915188
v -0.29847437 -1.0180676 0.114345446
v -0.3446135 -1.0857487 0.4320419
v -0.33900577 -0.8160459 -0.019611105
v -0.34763116 -0.9235163 0.433981
v -0.31374472 -0.7170628 0.114001684
v -0.33973026 -0.86189914 0.45433334
v -0.3214921 -0.67918587 0.2549581
v -0.27215877 -0.8318229 0.37507802
v -0.4840191 -1.319956 0.49215642
v -0.47620127 -1.4047813 0.41337913
v -0.6012969 -1.2429132 0.28755888
v -0.6086025 -1.1872497 0.36237895
v -0.59358585 -1.1550052 0.2200297
v -0.6005983 -1.0877259 0.31545192
v -0.48545995 -1.1991519 0.43965045
v -0.4783601 -1.0779849 0.43311945
v -0.5436848 -1.0137246 0.1154584
v -0.51130885 -0.9253195 0.4276798
v -0.55948895 -0.93913597 0.24269082
v -0.48509708 -0.8124057 -0.02774711
v -0.46724725 -0.68536955 0.09628631
v -0.437948 -0.66286427 0.25183702
v -0.5159023 -0.78903514 0.34221488
v -0.4768478 -0.8483034 0.4493746
v -0.3314637 -1.3219677 0.48222652
v -0.32551754 -1.4022022 0.4118484
v -0.47620127 -1.4047813 0.41337913
v -0.4840191 -1.319956 0.49215642
v -0.41835153 0.04419577 1.9928674
v -0.24358639 0.03223324 1.9818568
v -0.2120269 -0.14142627 1.8920352
v -0.46509743 -0.16013408 1.9294035
v -0.26468617 -0.36747432 1.4377995
v -0.47318923 -0.39195663 1.4730643
v -0.28058538 -0.4101408 1.2482116
v -0.44061476 -0.43424731 1.2695389
v -0.3089282 -0.45449883 1.1160346
v -0.45672467 -0.4777701 1.1376197
v -0.2330313 0.25827062 1.8275211
v -0.4392914 0.25038743 1.825678
v -0.44408315 0.28069603 1.678223
v -0.17762393 0.26931536 1.597899
v -0.41606018 0.0022796392 1.2300961
v -0.21917257 -0.05720818 1.2125229
v -0.39739546 -0.1453743 1.0957776
v -0.24290127 -0.18803507 1.0869961
v -0.41560704 -0.21092665 0.9781868
v -0.26862594 -0.25151283 0.9698323
v -0.19328219 0.15211344 1.8992844
v -0.2330313 0.25827062 1.8275211
v -0.17762393 0.26931536 1.597899
v -0.11677443 0.07442033 1.7305149
v -0.24358639 0.03223324 1.9818568
v -0.21917257 -0.05720818 1.2125229
v -0.2120269 -0.14142627 1.8920352
v -0.13166818 -0.21746147 1.328778
v -0.24290127 -0.18803507 1.0869961
v -0.26468617 -0.36747432 1.4377995
v -0.20037726 -0.31512547 1.1752505
v -0.26862594 -0.25151283 0.9698323
v -0.28058538 -0.4101408 1.2482116
v -0.22816995 -0.36444128 1.0479165
v -0.3089282 -0.45449883 1.1160346
v -0.2859007 -0.30891705 0.86364716
v -0.42776757 -0.26975048 0.8717014
v -0.4107986 -0.3029151 0.68619215
v -0.24469504 -0.3758865 0.692459
v -0.4378658 -0.49842155 0.40464574
v -0.28152502 -0.5367051 0.40942514
v -0.45529163 -0.55719113 0.2572075
v -0.2727049 -0.5914439 0.26240426
v -0.5873237 -0.75154567 0.38727555
v -0.52617085 -0.85488665 0.5466242
v -0.4768478 -0.8483034 0.4493746
v -0.5159023 -0.78903514 0.34221488
v -0.45529163 -0.55719113 0.2572075
v -0.437948 -0.66286427 0.25183702
v -0.2727049 -0.5914439 0.26240426
v -0.3214921 -0.67918587 0.2549581
v -0.20418492 -0.8163786 0.4360072
v -0.27215877 -0.8318229 0.37507802
v -0.3139367 -0.8724327 0.5521056
v -0.33973026 -0.86189914 0.45433334
v -0.2468531 -0.4121995 0.934807
v -0.2859007 -0.30891705 0.86364716
v -0.24469504 -0.3758865 0.692459
v -0.22503278 -0.51100516 0.7792419
v -0.3279863 -0.49888498 0.99962074
v -0.28152502 -0.5367051 0.40942514
v -0.34331846 -0.6050288 0.8453665
v -0.23199342 -0.7144197 0.542836
v -0.2727049 -0.5914439 0.26240426
v -0.3299185 -0.7716319 0.63378775
v -0.20418492 -0.8163786 0.4360072
v -0.3139367 -0.8724327 0.5521056
v -0.5373614 -0.41557956 0.93997127
v -0.46745217 -0.5215942 1.0213715
v -0.52311426 -0.6073452 0.85137457
v -0.57832026 -0.46301502 0.7482539
v -0.42776757 -0.26975048 0.8717014
v -0.5088011 -0.7605226 0.6314489
v -0.4107986 -0.3029151 0.68619215
v -0.56107223 -0.66126 0.50396717
v -0.52617085 -0.85488665 0.5466242
v -0.4378658 -0.49842155 0.40464574
v -0.5873237 -0.75154567 0.38727555
v -0.45529163 -0.55719113 0.2572075
v -0.26863587 -1.2749672 0.30854926
v -0.26839837 -1.1799635 0.23605573
v -0.29847437 -1.0180676 0.114345446
v -0.32551754 -1.4022022 0.4118484
v -0.33900577 -0.8160459 -0.019611105
v -0.47620127 -1.4047813 0.41337913
v -0.48509708 -0.8124057 -0.02774711
v -0.6012969 -1.2429132 0.28755888
v -0.5436848 -1.0137246 0.1154584
v -0.59358585 -1.1550052 0.2200297
v -0.71141994 -0.14057612 3.3415716
v -0.5425198 -0.09034538 3.285604
v -0.63008595 -0.15389538 3.2496076
v -0.53503156 -0.012383223 3.4143715
v -0.74149835 0.005142212 3.3738024
v -0.8036568 0.1654787 3.3702571
v -0.65706086 0.19249225 3.3579512
v -0.88163877 0.42603874 3.4078245
v -0.7627903 0.46091366 3.399663
v -0.53503156 -0.012383223 3.4143715
v -0.5211164 -0.038896322 3.167794
v -0.5425198 -0.09034538 3.285604
v -0.4902686 0.090213776 3.175052
v -0.56213474 -0.05065155 3.0954628
v -0.5733614 0.066750765 3.0289457
v -0.59805846 0.23653698 3.209075
v -0.68627286 0.26938558 3.119472
v -0.7380953 0.5200672 3.2976491
v -0.81143475 0.5367229 3.2084131
v -0.7627903 0.46091366 3.399663
v -0.65706086 0.19249225 3.3579512
v -0.5733614 0.066750765 3.0289457
v -0.63499725 -0.10525823 3.0891633
v -0.56213474 -0.05065155 3.0954628
v -0.7209003 -0.043040514 3.0168684
v -0.7744235 0.09896827 3.0512965
v -0.68627286 0.26938558 3.119472
v -0.8186543 0.24570489 3.1266084
v -0.81143475 0.5367229 3.2084131
v -0.9224951 0.5121875 3.2265892
v -0.786885 -0.14027834 3.164684
v -0.71141994 -0.14057612 3.3415716
v -0.63008595 -0.15389538 3.2496076
v -0.6674584 -0.15384626 3.1620903
v -0.7209003 -0.043040514 3.0168684
v -0.5425198 -0.09034538 3.285604
v -0.63499725 -0.10525823 3.0891633
v -0.5211164 -0.038896322 3.167794
v -0.56213474 -0.05065155 3.0954628
v -0.41835153 0.04419577 1.9928674
v -0.41239935 0.18729627 1.9581913
v -0.38053092 0.13846374 1.994541
v -0.48980033 0.15367794 1.9113716
v -0.46509743 -0.16013408 1.9294035
v -0.57583964 0.07983589 1.7532998
v -0.4392914 0.25038743 1.825678
v -0.47318923 -0.39195663 1.4730643
v -0.44408315 0.28069603 1.678223
v -0.57117015 -0.2163806 1.3439082
v -0.44061476 -0.43424731 1.2695389
v -0.41606018 0.0022796392 1.2300961
v -0.5167483 -0.31879145 1.1808963
v -0.45672467 -0.4777701 1.1376197
v -0.39739546 -0.1453743 1.0957776
v -0.52915585 -0.36792904 1.0532877
v -0.41560704 -0.21092665 0.9781868
v -0.24358639 0.03223324 1.9818568
v -0.41835153 0.04419577 1.9928674
v -0.38053092 0.13846374 1.994541
v -0.30258027 0.13312817 1.9896299
v -0.19328219 0.15211344 1.8992844
v -0.3898708 0.23043168 1.9199693
v -0.41239935 0.18729627 1.9581913
v -0.48980033 0.15367794 1.9113716
v -0.4392914 0.25038743 1.825678
v -0.29787236 0.23394775 1.9207913
v -0.2330313 0.25827062 1.8275211
v -0.280143 0.1865983 1.9528
v -1.248613E-08 -0.24113253 3.5258672
v -1.2486121E-08 -0.2741709 3.76618
v -0.3066197 -0.26840773 3.7242613
v -0.3066197 -0.2468954 3.5677862
v -0.3066197 -0.2468954 3.5677862
v -0.3066197 -0.26840773 3.7242613
v -0.30661982 -0.76821387 3.6555476
v -0.30661982 -0.7467016 3.4990726
v -1.248613E-08 -0.24113253 3.5258672
v -0.3066197 -0.2468954 3.5677862
v -0.30661982 -0.7467016 3.4990726
v -1.3277011E-07 -0.74093866 3.4571536
v -0.3066197 -0.26840773 3.7242613
v -1.2486121E-08 -0.2741709 3.76618
v -1.327701E-07 -0.7739769 3.697466
v -0.30661982 -0.76821387 3.6555476
v -0.30661982 -0.7467016 3.4990726
v -0.30661982 -0.76821387 3.6555476
v -1.327701E-07 -0.7739769 3.697466
v -1.3277011E-07 -0.74093866 3.4571536
v -0.19218205 -0.7054961 3.6754336
v -0.25387502 -0.837371 3.6315093
v -0.253875 -0.70201564 3.650118
v -0.19218208 -0.8408514 3.6568248
v -0.13048911 -0.70201564 3.650118
v -0.13048914 -0.837371 3.6315093
v -0.253875 -0.70201564 3.650118
v -0.25387502 -0.837371 3.6315093
v -0.27942908 -0.8289684 3.570391
v -0.27942905 -0.69361305 3.5889997
v -0.25387502 -0.8205656 3.5092726
v -0.253875 -0.68521047 3.5278814
v -0.253875 -0.68521047 3.5278814
v -0.25387502 -0.8205656 3.5092726
v -0.19218208 -0.81708515 3.4839566
v -0.19218205 -0.68173003 3.5025654
v -0.1304892 -0.8205656 3.5092726
v -0.13048917 -0.68521047 3.5278814
v -0.13048917 -0.68521047 3.5278814
v -0.1304892 -0.8205656 3.5092726
v -0.10493514 -0.8289685 3.570391
v -0.10493511 -0.69361305 3.5889997
v -0.13048914 -0.837371 3.6315093
v -0.13048911 -0.70201564 3.650118
v -0.19218208 -0.8191513 3.4989848
v -0.24314849 -0.8220266 3.5198996
v -0.2431485 -0.895609 3.5097835
v -0.1921821 -0.8927337 3.4888687
v -0.14121573 -0.8220266 3.5198996
v -0.14121574 -0.895609 3.5097835
v -0.26425946 -0.8289684 3.570391
v -0.24314849 -0.8359101 3.6208823
v -0.2431485 -0.9094926 3.6107662
v -0.2642595 -0.90255094 3.5602748
v -0.24314849 -0.8220266 3.5198996
v -0.2431485 -0.895609 3.5097835
v -0.14121568 -0.8359101 3.6208823
v -0.12010476 -0.90255105 3.5602748
v -0.1412157 -0.9094926 3.6107662
v -0.120104745 -0.8289685 3.570391
v -0.14121574 -0.895609 3.5097835
v -0.14121573 -0.8220266 3.5198996
v -0.24314849 -0.8359101 3.6208823
v -0.1921821 -0.91236794 3.6316805
v -0.2431485 -0.9094926 3.6107662
v -0.19218208 -0.8387854 3.6417966
v -0.1412157 -0.9094926 3.6107662
v -0.14121568 -0.8359101 3.6208823
v -0.15403633 -0.90774643 3.598065
v -0.13823585 -0.88780725 3.5623019
v -0.15403633 -0.89300275 3.600092
v -0.13823585 -0.90255094 3.5602748
v -0.15403636 -0.8826119 3.5245113
v -0.15403636 -0.8973552 3.5224843
v -0.15403636 -0.8826119 3.5245113
v -0.1921821 -0.8804599 3.5088582
v -0.23032787 -0.8826119 3.5245113
v -0.13823585 -0.88780725 3.5623019
v -0.24612838 -0.88780725 3.5623019
v -0.15403633 -0.89300275 3.600092
v -0.23032787 -0.89300275 3.600092
v -0.1921821 -0.89515483 3.6157453
v -0.15403636 -0.8973552 3.5224843
v -0.1921821 -0.8804599 3.5088582
v -0.15403636 -0.8826119 3.5245113
v -0.1921821 -0.89520323 3.5068312
v -0.23032787 -0.8826119 3.5245113
v -0.23032787 -0.8973552 3.5224843
v -0.23032787 -0.8973552 3.5224843
v -0.24612838 -0.88780725 3.5623019
v -0.23032787 -0.8826119 3.5245113
v -0.24612838 -0.90255094 3.5602748
v -0.23032787 -0.89300275 3.600092
v -0.23032787 -0.90774643 3.598065
v -0.23032787 -0.90774643 3.598065
v -0.1921821 -0.89515483 3.6157453
v -0.23032787 -0.89300275 3.600092
v -0.1921821 -0.9098984 3.6137183
v -0.15403633 -0.89300275 3.600092
v -0.15403633 -0.90774643 3.598065
v -1.18197484E-07 -0.7097584 3.6791234
v -1.4656678E-07 -0.827639 3.6629171
v -0.05195638 -0.8246614 3.6412597
v -0.051956356 -0.7067808 3.657466
v -0.051956356 -0.7067808 3.657466
v -0.05195638 -0.8246614 3.6412597
v -0.07381775 -0.81747305 3.5889733
v -0.07381772 -0.6995925 3.6051795
v -0.05195638 -0.81028473 3.536687
v -0.051956356 -0.69240415 3.5528932
v -0.051956356 -0.69240415 3.5528932
v -0.05195638 -0.81028473 3.536687
v -1.4656679E-07 -0.8073071 3.515029
v -1.1819749E-07 -0.68942654 3.5312352
v -1.4656679E-07 -0.80907476 3.5278857
v -0.04277989 -0.8115345 3.545778
v -0.042779904 -0.8744838 3.5371237
v -1.6171623E-07 -0.87202394 3.5192313
v -0.05195638 -0.8246614 3.6412597
v -1.4656678E-07 -0.827639 3.6629171
v -1.4656678E-07 -0.82587135 3.6500604
v -0.04277989 -0.8234116 3.632168
v -0.07381775 -0.81747305 3.5889733
v -0.06084022 -0.81747305 3.5889733
v -0.05195638 -0.81028473 3.536687
v -0.04277989 -0.8115345 3.545778
v -1.4656679E-07 -0.8073071 3.515029
v -1.4656679E-07 -0.80907476 3.5278857
v -0.06084022 -0.81747305 3.5889733
v -0.04277989 -0.8234116 3.632168
v -0.042779904 -0.8863609 3.6235137
v -0.060840234 -0.8804225 3.580319
v -0.04277989 -0.8115345 3.545778
v -0.042779904 -0.8744838 3.5371237
v -0.04277989 -0.8234116 3.632168
v -1.4656678E-07 -0.82587135 3.6500604
v -1.6171624E-07 -0.88882077 3.641406
v -0.042779904 -0.8863609 3.6235137
v -0.042779904 -0.8863609 3.6235137
v -1.6171624E-07 -0.88882077 3.641406
v -1.6171624E-07 -0.88670814 3.626039
v -0.03181192 -0.8848671 3.612648
v -0.060840234 -0.8804225 3.580319
v -0.04532917 -0.8804225 3.580319
v -0.042779904 -0.8744838 3.5371237
v -0.03181192 -0.87597764 3.5479891
v -1.6171623E-07 -0.87202394 3.5192313
v -1.6171623E-07 -0.87413657 3.5345984
v -1.5868079E-07 -0.8740951 3.627773
v -1.5868078E-07 -0.86152375 3.5363324
v -0.03181192 -0.8633646 3.5497231
v -0.04532917 -0.8678094 3.582053
v -0.03181192 -0.87225413 3.614382
v -0.03181192 -0.87597764 3.5479891
v -0.04532917 -0.8678094 3.582053
v -0.03181192 -0.8633646 3.5497231
v -0.04532917 -0.8804225 3.580319
v -0.03181192 -0.87225413 3.614382
v -0.03181192 -0.8848671 3.612648
v -0.03181192 -0.8848671 3.612648
v -1.6171624E-07 -0.88670814 3.626039
v -1.5868079E-07 -0.8740951 3.627773
v -0.03181192 -0.87225413 3.614382
v -1.6171623E-07 -0.87413657 3.5345984
v -0.03181192 -0.87597764 3.5479891
v -0.03181192 -0.8633646 3.5497231
v -1.5868078E-07 -0.86152375 3.5363324
v -5.93863E-08 -0.47395363 3.7750463
v -5.93863E-08 -0.48014596 3.8200874
v -0.24326856 -0.47632495 3.7922947
v -0.24326856 -0.47013274 3.7472541
v -0.24326856 -0.47013274 3.7472541
v -0.24326856 -0.47632495 3.7922947
v -0.24326865 -0.82630885 3.7441788
v -0.24326865 -0.82011664 3.6991382
v -5.93863E-08 -0.47395363 3.7750463
v -0.023848763 -0.7192277 3.7413266
v -1.1841421E-07 -0.7192277 3.7413266
v -0.24326856 -0.47013274 3.7472541
v -0.023848774 -0.76894295 3.7344916
v -0.24326865 -0.82011664 3.6991382
v -1.3037877E-07 -0.76894295 3.7344916
v -1.4361383E-07 -0.82393754 3.7269304
v -1.1841421E-07 -0.71279955 3.69457
v -0.023848763 -0.71279955 3.69457
v -0.023848774 -0.76251495 3.687735
v -1.3037877E-07 -0.76251495 3.687735
v -1.1841421E-07 -0.7192277 3.7413266
v -0.023848763 -0.7192277 3.7413266
v -0.023848763 -0.71279955 3.69457
v -1.1841421E-07 -0.71279955 3.69457
v -0.023848763 -0.7192277 3.7413266
v -0.023848774 -0.76894295 3.7344916
v -0.023848774 -0.76251495 3.687735
v -0.023848763 -0.71279955 3.69457
v -0.023848774 -0.76894295 3.7344916
v -1.3037877E-07 -0.76894295 3.7344916
v -1.3037877E-07 -0.76251495 3.687735
v -0.023848774 -0.76251495 3.687735
v -0.24326856 -0.47632495 3.7922947
v -5.93863E-08 -0.48014596 3.8200874
v -1.4361383E-07 -0.83012974 3.7719715
v -0.24326865 -0.82630885 3.7441788
v -0.24326865 -0.82011664 3.6991382
v -0.24326865 -0.82630885 3.7441788
v -1.4361383E-07 -0.83012974 3.7719715
v -1.4361383E-07 -0.82393754 3.7269304
v -0.2561369 -0.2613783 0.9032701
v -0.43983996 -0.24370205 0.85909736
v -0.2652489 -0.2896567 0.8500213
v -0.43356648 -0.21422988 0.91228116
v -0.24701989 -0.23310006 0.95651805
v -0.427288 -0.18475771 0.9654641
v -0.27704585 -0.5488138 0.95656395
v -0.467434 -0.5872539 0.9477568
v -0.33368087 -0.565158 0.92253214
v -0.52576673 -0.57089657 0.98180765
v -0.27670658 -0.5246149 1.0069448
v -0.5254274 -0.5466976 1.0321885
v -0.43356648 -0.21422988 0.91228116
v -0.5684851 -0.41180503 0.9404089
v -0.43983996 -0.24370205 0.85909736
v -0.5644703 -0.3893807 0.9976889
v -0.427288 -0.18475771 0.9654641
v -0.56045043 -0.36695623 1.0549684
v -0.5254274 -0.5466976 1.0321885
v -0.5145814 -0.52577037 1.0904757
v -0.50373036 -0.5048432 1.148762
v -0.4990688 -0.54160905 1.1613419
v -0.4942627 -0.48834544 1.2217128
v -0.50991935 -0.5625361 1.1030556
v -0.48960114 -0.5251113 1.2342929
v -0.43109515 -0.47738707 1.2701967
v -0.42848277 -0.51415265 1.2827772
v -0.52076495 -0.5834634 1.0447686
v -0.5211043 -0.6076623 0.9943876
v -0.52576673 -0.57089657 0.98180765
v -0.23534173 -0.5007006 1.2090186
v -0.42848277 -0.51415265 1.2827772
v -0.28592116 -0.48972392 1.257529
v -0.48960114 -0.5251113 1.2342929
v -0.24480942 -0.5171983 1.1360676
v -0.4990688 -0.54160905 1.1613419
v -0.25842932 -0.53928936 1.0777967
v -0.50991935 -0.5625361 1.1030556
v -0.27204412 -0.5613806 1.0195248
v -0.52076495 -0.5834634 1.0447686
v -0.2723834 -0.5855796 0.9691439
v -0.5211043 -0.6076623 0.9943876
v -0.3311745 -0.6019235 0.9351125
v -0.46492767 -0.6240194 0.9603371
v -0.43109515 -0.47738707 1.2701967
v -0.28592116 -0.48972392 1.257529
v -0.42848277 -0.51415265 1.2827772
v -0.28853357 -0.45295835 1.2449486
v -0.24000329 -0.46393478 1.1964386
v -0.23534173 -0.5007006 1.2090186
v -0.4942627 -0.48834544 1.2217128
v -0.28853357 -0.45295835 1.2449486
v -0.43109515 -0.47738707 1.2701967
v -0.24000329 -0.46393478 1.1964386
v -0.50373036 -0.5048432 1.148762
v -0.24947098 -0.4804325 1.1234877
v -0.52576673 -0.57089657 0.98180765
v -0.5211043 -0.6076623 0.9943876
v -0.46492767 -0.6240194 0.9603371
v -0.467434 -0.5872539 0.9477568
v -0.33368087 -0.565158 0.92253214
v -0.3311745 -0.6019235 0.9351125
v -0.2723834 -0.5855796 0.9691439
v -0.27704585 -0.5488138 0.95656395
v -0.24947098 -0.4804325 1.1234877
v -0.23534173 -0.5007006 1.2090186
v -0.24000329 -0.46393478 1.1964386
v -0.24480942 -0.5171983 1.1360676
v -0.25842932 -0.53928936 1.0777967
v -0.26309133 -0.50252354 1.0652168
v -0.27204412 -0.5613806 1.0195248
v -0.20725732 -0.3960647 0.9891832
v -0.19825453 -0.3737136 1.04643
v -0.2561369 -0.2613783 0.9032701
v -0.24701989 -0.23310006 0.95651805
v -0.2652489 -0.2896567 0.8500213
v -0.21625514 -0.4184159 0.9319356
v -0.27670658 -0.5246149 1.0069448
v -0.27704585 -0.5488138 0.95656395
v -0.2723834 -0.5855796 0.9691439
v -0.7678599 0.61598814 3.1952467
v -0.8017178 0.7367556 3.2816873
v -0.9768931 0.9109062 3.0157819
v -0.9467576 0.82997227 2.9440827
v -1.1400988 0.8271581 2.9978676
v -1.1338294 0.74232566 2.9317915
v -1.1582606 0.80370414 2.846476
v -1.1656296 0.8831365 2.9149165
v -1.0790713 0.90895855 3.0357704
v -1.1061113 0.961426 2.9508634
v -0.9682376 0.9235941 3.01847
v -1.0790713 0.90895855 3.0357704
v -1.1061113 0.961426 2.9508634
v -1.023906 0.9778236 2.9382002
v -1.0138884 0.734956 2.881105
v -0.9332549 0.8327651 2.9368021
v -0.98831826 0.89830077 2.8593774
v -1.0656028 0.8032433 2.8041353
v -1.1338294 0.74232566 2.9317915
v -1.0138884 0.734956 2.881105
v -1.0656028 0.8032433 2.8041353
v -1.1582606 0.80370414 2.846476
v -0.991329 0.5580598 3.3328743
v -0.9441945 0.6562815 3.3644142
v -0.9487714 0.66207874 3.374787
v -1.0021985 0.55534196 3.3389268
v -0.7973603 0.5783932 3.4162617
v -0.8169467 0.63517964 3.3795018
v -0.7492595 0.55419517 3.3108811
v -0.77253056 0.5071387 3.4165006
v -0.9635172 0.45531297 3.318931
v -0.93052626 0.51274085 3.2167222
v -0.94736266 0.5094044 3.255281
v -0.975646 0.50631833 3.3515139
v -0.8860519 0.4230368 3.4193861
v -0.9830944 0.49058437 3.255757
v -1.0021985 0.55534196 3.3389268
v -0.8999046 0.46472144 3.4246264
v -0.90902424 0.5608804 3.4488332
v -0.927877 0.6257312 3.4062417
v -0.93052626 0.51274085 3.2167222
v -0.806777 0.54255843 3.1980975
v -0.8282323 0.52345276 3.2262957
v -0.94736266 0.5094044 3.255281
v -0.8370983 0.47739685 3.2064762
v -0.9830944 0.49058437 3.255757
v -0.7266507 0.5256474 3.2974553
v -0.75578284 0.46214056 3.4102244
v -0.77253056 0.5071387 3.4165006
v -0.7492595 0.55419517 3.3108811
v -0.806777 0.54255843 3.1980975
v -0.8282323 0.52345276 3.2262957
v -0.75111526 0.562289 3.2714446
v -0.8370983 0.47739685 3.2064762
v -0.8083214 0.67115283 3.3494875
v -0.8169467 0.63517964 3.3795018
v -0.927877 0.6257312 3.4062417
v -0.975646 0.50631833 3.3515139
v -1.0021985 0.55534196 3.3389268
v -0.9487714 0.66207874 3.374787
v -0.97310585 0.69540095 3.3675478
v -0.80769795 0.7285614 3.3528018
v -0.9695813 0.7143831 3.3851647
v -0.8112225 0.709579 3.3351848
v -0.76577944 0.6834235 3.3875782
v -0.769304 0.6644411 3.369961
v -0.9793214 0.64135575 3.415112
v -0.97310585 0.69540095 3.3675478
v -0.9695813 0.7143831 3.3851647
v -0.9757969 0.66033816 3.432729
v -0.95594025 0.55336666 3.4553485
v -0.9529631 0.5592942 3.4742131
v -0.9405595 0.43627667 3.4366858
v -0.9370351 0.43287873 3.4623594
v -0.72001433 0.43255115 3.4451132
v -0.8978338 0.38414073 3.4555776
v -0.9370351 0.43287873 3.4623594
v -0.72231793 0.502651 3.4539602
v -0.9529631 0.5592942 3.4742131
v -0.74509275 0.5993545 3.4370732
v -0.76577944 0.6834235 3.3875782
v -0.9757969 0.66033816 3.432729
v -0.9695813 0.7143831 3.3851647
v -0.80769795 0.7285614 3.3528018
v -0.72584224 0.5060489 3.4282863
v -0.7235389 0.4359491 3.4194393
v -0.72001433 0.43255115 3.4451132
v -0.72231793 0.502651 3.4539602
v -0.7486172 0.5915625 3.4154277
v -0.74509275 0.5993545 3.4370732
v -0.769304 0.6644411 3.369961
v -0.76577944 0.6834235 3.3875782
v -0.7235389 0.4359491 3.4194393
v -0.8978338 0.38414073 3.4555776
v -0.72001433 0.43255115 3.4451132
v -0.9013581 0.38753867 3.4299037
v -0.9370351 0.43287873 3.4623594
v -0.9405595 0.43627667 3.4366858
v 0.25387472 -0.8205657 3.5092726
v 0.26425916 -0.82896864 3.570391
v 0.27942878 -0.82896864 3.570391
v 0.2431482 -0.8220267 3.5198996
v 0.2431482 -0.8359102 3.6208823
v 0.19218178 -0.81708527 3.4839566
v 0.25387472 -0.83737123 3.6315093
v 0.19218178 -0.8191513 3.4989848
v 0.19218178 -0.8387855 3.6417966
v 0.1304889 -0.8205657 3.5092726
v 0.19218178 -0.84085166 3.6568248
v 0.14121543 -0.8220267 3.5198996
v 0.14121538 -0.8359102 3.6208823
v 0.10493484 -0.8289685 3.570391
v 0.13048884 -0.83737123 3.6315093
v 0.12010445 -0.8289685 3.570391
v 0.19218177 -0.8927338 3.4888687
v 0.19218177 -0.89520323 3.5068312
v 0.23032755 -0.8973553 3.5224843
v 0.24314818 -0.89560926 3.5097835
v 0.14121541 -0.89560926 3.5097835
v 0.24612805 -0.90255105 3.5602748
v 0.15403603 -0.8973553 3.5224843
v 0.26425913 -0.90255105 3.5602748
v 0.12010443 -0.90255105 3.5602748
v 0.23032755 -0.90774643 3.598065
v 0.13823552 -0.90255105 3.5602748
v 0.24314818 -0.9094926 3.6107662
v 0.14121537 -0.9094926 3.6107662
v 0.19218177 -0.9098985 3.6137183
v 0.154036 -0.90774643 3.598065
v 0.19218177 -0.91236794 3.6316805
v 0.22816469 0.54807514 1.0715828
v 0.247015 0.6871095 1.1507893
v 0.268621 0.66716594 1.1399008
v 0.19824918 0.54542553 1.0625738
v 0.42728347 0.69984424 1.1982733
v 0.30892268 0.44782495 1.0196174
v 0.41560242 0.67709595 1.1801296
v 0.24946536 0.42993438 0.99941814
v 0.5604452 0.54062784 1.072346
v 0.4567192 0.4183249 1.007903
v 0.5291506 0.541726 1.0707448
v 0.5037247 0.3966139 0.9882626
v 0.46744552 0.7047083 1.0730115
v 0.5254208 0.7266625 1.056727
v 0.56847817 0.61640924 1.1769912
v 0.5373545 0.6201836 1.1765516
v 0.32797953 0.6875915 1.0993888
v 0.43983278 0.47143006 1.2946799
v 0.27669987 0.7109564 1.08636
v 0.42776042 0.49389428 1.2764388
v 0.24684614 0.6180775 1.1823514
v 0.26524165 0.5182413 1.292976
v 0.21624818 0.62478673 1.1837206
v 0.28589353 0.5338641 1.275297
v 1.1293808 -0.6289854 2.985804
v 1.1412994 -0.62093353 2.991824
v 1.0213937 -0.6299434 3.0423276
v 1.026799 -0.635082 3.0286345
v 1.1336738 -0.6826478 2.909309
v 0.9415475 -0.70773125 2.9602046
v 1.1482147 -0.68245757 2.9036827
v 0.9550102 -0.70279145 2.9540823
v 1.0805908 -0.74273574 2.8550167
v 0.97719944 -0.7701229 2.855421
v 1.0878621 -0.7500124 2.843299
v 0.98574436 -0.7587117 2.8617373
v 0.8861523 -0.18760395 2.7044592
v 0.96766573 -0.27309537 2.7433157
v 0.95562774 -0.27693248 2.741727
v 0.8906179 -0.1770277 2.698949
v 0.93442255 -0.38736224 2.7692184
v 0.76749533 -0.21708286 2.6830282
v 0.9264503 -0.37968588 2.7629197
v 0.7605631 -0.21008897 2.6749542
v 0.8107646 -0.42118585 2.7585201
v 0.7425607 -0.33236647 2.7075996
v 0.8154474 -0.40962696 2.755947
v 0.7311533 -0.3362609 2.7034929
v 0.8143599 -0.43281627 2.6133885
v 0.8176378 -0.4737227 2.6157312
v 0.7752439 -0.4207294 2.59577
v 0.8226 -0.38951564 2.5953197
v 0.95467293 -0.4153874 2.5920086
v 0.75418687 -0.31631446 2.5859118
v 0.9793234 -0.44913578 2.5891247
v 0.8027973 -0.30651784 2.5914268
v 0.93338835 -0.37157822 2.572648
v 0.73103696 -0.22623837 2.6300318
v 0.98495567 -0.3834164 2.5596104
v 0.77765614 -0.23569942 2.6375825
v 0.91437066 -0.2792964 2.5770123
v 0.7282 -0.18565524 2.6878462
v 0.96122706 -0.27093577 2.5760355
v 0.7605631 -0.21008897 2.6749542
v 0.9047871 -0.20117664 2.6646993
v 0.90574795 -0.14537609 2.7182956
v 0.94532245 -0.1731286 2.678024
v 0.8906179 -0.1770277 2.698949
v -0.25387502 -0.837371 3.6315093
v -0.19218208 -0.8387854 3.6417966
v -0.24314849 -0.8359101 3.6208823
v -0.19218208 -0.8408514 3.6568248
v -0.27942908 -0.8289684 3.570391
v -0.14121568 -0.8359101 3.6208823
v -0.26425946 -0.8289684 3.570391
v -0.13048914 -0.837371 3.6315093
v -0.25387502 -0.8205656 3.5092726
v -0.120104745 -0.8289685 3.570391
v -0.24314849 -0.8220266 3.5198996
v -0.10493514 -0.8289685 3.570391
v -0.19218208 -0.81708515 3.4839566
v -0.14121573 -0.8220266 3.5198996
v -0.19218208 -0.8191513 3.4989848
v -0.1304892 -0.8205656 3.5092726
v -0.1921821 -0.8927337 3.4888687
v -0.23032787 -0.8973552 3.5224843
v -0.1921821 -0.89520323 3.5068312
v -0.2431485 -0.895609 3.5097835
v -0.14121574 -0.895609 3.5097835
v -0.24612838 -0.90255094 3.5602748
v -0.15403636 -0.8973552 3.5224843
v -0.2642595 -0.90255094 3.5602748
v -0.12010476 -0.90255105 3.5602748
v -0.23032787 -0.90774643 3.598065
v -0.13823585 -0.90255094 3.5602748
v -0.2431485 -0.9094926 3.6107662
v -0.1412157 -0.9094926 3.6107662
v -0.1921821 -0.9098984 3.6137183
v -0.15403633 -0.90774643 3.598065
v -0.1921821 -0.91236794 3.6316805
v -0.41560704 -0.21092665 0.9781868
v -0.56045043 -0.36695623 1.0549684
v -0.427288 -0.18475771 0.9654641
v -0.52915585 -0.36792904 1.0532877
v -0.26862594 -0.25151283 0.9698323
v -0.50373036 -0.5048432 1.148762
v -0.24701989 -0.23310006 0.95651805
v -0.45672467 -0.4777701 1.1376197
v -0.22816995 -0.36444128 1.0479165
v -0.24947098 -0.4804325 1.1234877
v -0.19825453 -0.3737136 1.04643
v -0.3089282 -0.45449883 1.1160346
v -0.46745217 -0.5215942 1.0213715
v -0.5684851 -0.41180503 0.9404089
v -0.5254274 -0.5466976 1.0321885
v -0.5373614 -0.41557956 0.93997127
v -0.3279863 -0.49888498 0.99962074
v -0.43983996 -0.24370205 0.85909736
v -0.27670658 -0.5246149 1.0069448
v -0.42776757 -0.26975048 0.8717014
v -0.2468531 -0.4121995 0.934807
v -0.2652489 -0.2896567 0.8500213
v -0.21625514 -0.4184159 0.9319356
v -0.2859007 -0.30891705 0.86364716
v -1.1218314 0.7516855 2.935193
v -1.0138884 0.734956 2.881105
v -1.1338294 0.74232566 2.9317915
v -1.0192342 0.7439518 2.8926647
v -1.1255617 0.82554936 2.992463
v -0.9332549 0.8327651 2.9368021
v -1.1400988 0.8271581 2.9978676
v -0.9467576 0.82997227 2.9440827
v -1.0718777 0.8984853 3.026732
v -0.9682376 0.9235941 3.01847
v -1.0790713 0.90895855 3.0357704
v -0.9768931 0.9109062 3.0157819
v -0.9224951 0.5121875 3.2265892
v -0.806777 0.54255843 3.1980975
v -0.93052626 0.51274085 3.2167222
v -0.81143475 0.5367229 3.2084131
v -0.95146525 0.45898652 3.317083
v -0.7266507 0.5256474 3.2974553
v -0.9635172 0.45531297 3.318931
v -0.7380953 0.5200672 3.2976491
v -0.88163877 0.42603874 3.4078245
v -0.75578284 0.46214056 3.4102244
v -0.8860519 0.4230368 3.4193861
v -0.7627903 0.46091366 3.399663
v -0.8083214 0.67115283 3.3494875
v -0.769304 0.6644411 3.369961
v -0.8112225 0.709579 3.3351848
v -0.8169467 0.63517964 3.3795018
v -0.9487714 0.66207874 3.374787
v -0.7486172 0.5915625 3.4154277
v -0.97310585 0.69540095 3.3675478
v -0.7973603 0.5783932 3.4162617
v -0.927877 0.6257312 3.4062417
v -0.72584224 0.5060489 3.4282863
v -0.9793214 0.64135575 3.415112
v -0.77253056 0.5071387 3.4165006
v -0.90902424 0.5608804 3.4488332
v -0.7235389 0.4359491 3.4194393
v -0.95594025 0.55336666 3.4553485
v -0.75578284 0.46214056 3.4102244
v -0.8999046 0.46472144 3.4246264
v -0.9013581 0.38753867 3.4299037
v -0.9405595 0.43627667 3.4366858
v -0.8860519 0.4230368 3.4193861
v 0.32894188 0.4600066 3.210876
v -0.39165628 0.8939282 3.1962066
v -0.41342717 0.82445085 2.3580766
v 0.29878086 0.37469167 2.3732805
v 1.0930822 0.1082778 3.2227666
v -0.3916561 0.83716625 1.5171669
v 1.0713111 0.038800508 2.3846362
v 0.32894206 0.40324485 1.5318362
v 1.0930823 0.051516056 1.5437267
v -0.41999167 0.5633118 3.0005062
v -1.118151 0.10372467 3.095995
v -1.0900949 -0.103494436 2.2811098
v -0.38112342 0.3420877 2.1885312
v 0.22205529 1.0955808 2.889916
v -1.1181512 -0.23803186 1.4511242
v 0.25011125 0.8883617 2.0750308
v -0.419992 0.22155541 1.355635
v 0.22205499 0.75382435 1.245045
v 0.42499492 0.24912581 3.4672248
v -0.21670906 0.78852963 3.5381067
v -0.24478854 0.86118853 2.7004328
v 0.38609415 0.30760917 2.6276884
v 1.1228579 -0.21671191 3.4060094
v -0.21670906 1.0074135 1.8724272
v 1.0947784 -0.14405301 2.5683362
v 0.42499495 0.46800965 1.801545
v 1.122858 0.0021719635 1.7403301
v -0.44155383 0.20233813 3.521106
v -1.1277626 -0.27736828 3.438863
v -1.0987875 -0.17130688 2.6047916
v -0.40141243 0.29457197 2.6846638
v 0.18670496 0.753806 3.6156523
v -1.1277626 0.006515771 1.7830229
v 0.21567999 0.85986745 2.7815802
v -0.44155386 0.48622236 1.8652656
v 0.18670492 1.0376904 1.9598112
v -0.35814545 0.4451164 3.2117827
v -1.1029487 0.05415669 3.2253315
v -1.0790687 -0.014843553 2.387218
v -0.32506257 0.3607363 2.3742027
v 0.33889756 0.9158921 3.195468
v -1.1029488 -0.0040279925 1.5463394
v 0.36277756 0.84689176 2.3573554
v -0.3581457 0.38693166 1.5327909
v 0.33889726 0.85770726 1.5164763
v -0.041317225 0.18155697 3.7696874
v -0.8826045 0.18208367 3.7698436
v -0.88006175 0.376275 2.9512792
v -0.037794426 0.35858256 2.9460344
v 0.7948843 0.27011487 3.7959383
v -0.8826048 0.6595506 2.1591225
v 0.7974272 0.4643062 2.9773746
v -0.041317355 0.65902394 2.1589653
v 0.7948841 0.74758184 2.185217
v -0.35793114 -0.4075165 4.1231365
v -1.0818605 -0.72879994 3.8383095
v -1.0559791 -0.19943026 3.1849627
v -0.32207555 0.10968089 3.4599001
v 0.31423566 -0.030528814 4.459383
v -1.0818603 0.3877203 2.583009
v 0.34011713 0.49884084 3.8060365
v -0.3579309 0.7079653 2.867849
v 0.31423593 1.0859914 3.2040825
v -0.52469754 0.8928231 2.2769082
v -1.1441202 0.70374596 2.8138719
v -1.1107899 -0.09935117 2.5655003
v -0.4785222 0.08557077 2.040337
v 0.02806399 1.1034648 1.6787034
v -1.1441207 -0.8808838 2.2558873
v 0.061394367 0.30036765 1.4303318
v -0.524698 -0.6918067 1.7189239
v 0.028063508 -0.481165 1.1207186
v -0.493635 0.19253021 3.4594386
v -1.11433 -0.3706611 3.3865135
v -1.0810721 -0.29506266 2.5492904
v -0.4475603 0.2556928 2.620605
v 0.06054432 0.820259 3.5407207
v -1.1143303 -0.15492678 1.7204232
v 0.093802065 0.89585733 2.703497
v -0.49363524 0.40826443 1.7933484
v 0.060544085 1.0359932 1.87463
v -0.62379056 -0.18612236 1.7722931
v -0.96897984 0.5795611 1.8206437
v -0.9255583 0.54330456 2.6600273
v -0.5636353 -0.21594995 2.6120825
v -0.3654445 -0.98516905 1.7218359
v -0.9689798 0.47368488 3.4973037
v -0.322023 -1.0214254 2.561219
v -0.6237906 -0.29199842 3.448953
v -0.36544442 -0.878409 3.395745
v -0.5180019 -0.0053901076 1.4931788
v -1.0793656 0.5746182 1.730299
v -1.0430471 0.28366572 2.5188365
v -0.46768722 -0.28596842 2.2859583
v -0.029275661 -0.63923776 1.2340486
v -1.0793661 -0.061125785 3.2853637
v 0.00704269 -0.9301901 2.0225863
v -0.5180025 -0.6300055 3.0481
v -0.029276133 -1.2260575 2.7884808
v -0.58852684 -0.15870655 1.7122161
v -1.0257696 0.5513377 1.823663
v -0.98474336 0.44276926 2.6569061
v -0.5316897 -0.2589196 2.546771
v -0.233337 -0.91211283 1.5939639
v -1.0257698 0.29083893 3.4833431
v -0.1923106 -1.0206813 2.427207
v -0.58852714 -0.4171928 3.3718708
v -0.23333724 -0.95774114 3.2508643
v -0.46901762 -0.83440244 3.4527237
v -1.0459915 -0.96012175 2.8443155
v -1.010417 -0.12018344 2.875988
v -0.41973352 -0.16422057 3.4750774
v 0.036807537 -0.90651226 4.1234493
v -1.045991 0.7153579 2.9674745
v 0.07238208 -0.21434894 4.157033
v -0.46901724 0.6704736 3.5780897
v 0.036807954 0.62119246 4.24852
v -0.55035174 -0.76150167 3.3944907
v -0.9303508 -1.0763724 2.676298
v -0.88774097 -0.27647197 2.4191825
v -0.4913212 -0.06478611 3.1317804
v -0.2555719 -0.602334 4.1506653
v -0.93035054 0.53407186 2.1978962
v -0.21296223 0.16164494 3.8940141
v -0.5503517 0.7478087 2.9173973
v -0.25557172 0.97218895 3.672727
v -0.47046155 -0.7080413 3.7240016
v -1.0419748 -1.0355868 3.1416922
v -1.0061353 -0.25067097 2.841048
v -0.42081055 -0.054047734 3.4141877
v 0.029373186 -0.61062026 4.3656693
v -1.0419747 0.5535014 2.5965343
v 0.06521251 0.16925299 4.065089
v -0.47046137 0.7538352 3.180489
v 0.029373303 0.9734254 3.8205755
v -0.45319676 -0.95342016 3.0085986
v -1.058 -0.69444954 2.5253253
v -1.0238574 0.018741667 2.970248
v -0.40589648 -0.30136123 3.4443157
v -0.06675575 -0.9791949 3.610559
v -1.0579994 0.6964787 3.4675117
v 0.11746452 -0.597209 3.9899442
v -0.45319617 0.3685142 3.951677
v 0.083322555 0.0050952137 4.488184
v -0.5461069 -0.8951341 2.607266
v -0.94199896 -0.43301797 2.0263336
v -0.89979684 0.23655659 2.5339284
v -0.48764098 -0.22085944 3.1089523
v -0.23461893 -1.1758783 3.2161999
v -0.94199884 0.8817394 3.0721872
v -0.1924167 -0.5784925 3.724729
v -0.5461067 0.41962323 3.6531196
v -0.23461875 -0.066884875 4.264715
v -0.45134568 -0.9453989 2.7972062
v -1.0566226 -0.54258466 2.3871975
v -1.0225059 0.06963131 2.963211
v -0.40408096 -0.33558053 3.3648043
v 0.08569797 -1.2035288 3.2491791
v -1.0566223 0.63678575 3.5836432
v 0.11981477 -0.65560925 3.8260238
v -0.45134535 0.22066545 3.9938247
v 0.08569823 -0.2405161 4.4484243
v -0.38935313 -0.875721 2.6687634
v -1.0820252 -0.45514727 2.4431105
v -1.0535407 -0.025730193 3.1659896
v -0.3498914 -0.41492745 3.3846977
v 0.24634986 -1.2881978 2.928247
v -1.082025 0.3388442 3.9236424
v 0.27483445 -0.7524587 3.6497512
v -0.38935307 -0.08192906 4.1492987
v 0.24635005 -0.56754494 4.409728
v -0.4710302 -0.6960137 2.2846391
v -1.0617031 -0.1322062 2.0821767
v -1.026816 0.18066058 2.862344
v -0.4226984 -0.37198102 3.060797
v 0.049868733 -1.3177683 2.5079103
v -1.0617031 0.43558052 3.6633205
v 0.08475577 -0.80931556 3.2855477
v -0.47103006 -0.1282269 3.8657825
v 0.049868967 -0.66758156 4.087988
v -0.4249967 -0.35487092 1.6884147
v -1.122844 0.1102266 1.7551857
v -1.0947632 0.02757889 2.591933
v -0.38609418 -0.42336673 2.5271935
v 0.216689 -0.8934121 1.6110996
v -1.122844 -0.12851235 3.4181356
v 0.24476966 -0.9760597 2.4478467
v -0.4249967 -0.5460918 3.3507497
v 0.21668908 -0.94059134 3.2715716
v 0.2066097 -0.49961638 1.7272185
v -0.58665776 -0.77802145 1.6958809
v -0.59970236 -0.82759774 2.5356052
v 0.18853828 -0.53208876 2.5688677
v 1.0259662 -0.3099738 1.7485647
v -0.5866578 -0.8562732 3.3639195
v 1.0129219 -0.35955 2.5882885
v 0.20660983 -0.593016 3.395453
v 1.0259663 -0.497889 3.4180214
v 0.35814562 -0.20427597 1.4515113
v -0.33889708 -0.6531834 1.3087578
v -0.36277726 -0.8696896 2.121358
v 0.3250625 -0.406117 2.2687752
v 1.1029483 0.16852313 1.5700622
v -0.33889723 -1.0929515 2.9088585
v 1.0790683 -0.04798323 2.3826623
v 0.3581455 -0.68934083 3.0521977
v 1.1029485 -0.3405977 3.1710603
v -0.41118145 -0.53211194 1.9652224
v -1.1135339 -0.0693863 1.9464924
v -1.0858128 0.0019236505 2.7842934
v -0.37277725 -0.44641304 2.8024404
v 0.23572867 -1.0695122 1.9869745
v -1.1135342 -0.0014409125 3.6251173
v 0.2634496 -0.97222555 2.8244393
v -0.41118172 -0.43671814 3.6434922
v 0.23572849 -0.79027617 3.6628656
v -0.026832111 -0.64825416 2.0110536
v -0.86795074 -0.6651081 2.01154
v -0.8663091 -0.5944116 2.8498492
v -0.024557758 -0.5585973 2.8488326
v 0.81100327 -0.72435904 2.0132487
v -0.8679508 -0.61499 3.690819
v 0.81264496 -0.65366256 2.8515587
v -0.026832083 -0.50515246 3.68913
v 0.8110032 -0.6755276 3.6925445
v 0.12130156 -0.77368796 2.2598534
v -0.6989585 -0.956462 2.2989986
v -0.70677125 -0.72659945 3.1106484
v 0.11047786 -0.52017367 3.067718
v 0.95718735 -0.6806134 2.239919
v -0.6989582 -0.5960897 3.9416335
v 0.9493746 -0.45984635 3.0516856
v 0.12130176 -0.40351948 3.9023612
v 0.95718765 -0.3287789 3.882664
v 0.036053415 -0.96435106 2.6410124
v -0.8004761 -1.0474375 2.6815343
v -0.8028512 -0.6202774 3.4092762
v 0.03276284 -0.47644845 3.3600628
v 0.87733334 -0.97097874 2.642681
v -0.8004761 -0.2863638 4.1792536
v 0.87495816 -0.5490166 3.37049
v 0.036053374 -0.20670918 4.138777
v 0.8773333 -0.20990506 4.140401
v 0.16956961 -0.97219765 2.717993
v -0.634382 -1.185148 2.840551
v -0.6456088 -0.68673384 3.5477026
v 0.15401591 -0.46738985 3.4166498
v 0.9959752 -0.84601283 2.6402085
v -0.63438153 -0.3673688 4.3008223
v 0.9847484 -0.391287 3.3479252
v 0.16957001 -0.15196487 4.178232
v 0.9959758 -0.015046239 4.1003094
v 0.3330219 -0.7060605 2.2381387
v -0.3727025 -1.1537402 2.3345792
v -0.39583197 -0.83200324 3.1458762
v 0.30097866 -0.47347292 3.047509
v 1.0850056 -0.33731246 2.1587017
v -0.37270227 -0.69919574 3.9755995
v 1.0618762 -0.120949924 2.971362
v 0.33302215 -0.35095438 3.8804452
v 1.085006 0.016480833 3.8010259
v 0.23208332 -0.9239098 2.6157823
v -0.5417162 -1.2100652 2.760592
v -0.55758035 -0.71689916 3.4950063
v 0.21010526 -0.46895337 3.3434863
v 1.0376115 -0.7058755 2.5092428
v -0.54171604 -0.482977 4.2701635
v 1.0217472 -0.2977946 3.2447584
v 0.23208344 -0.18634525 4.1252184
v 1.0376116 0.03168878 4.0186796
v 0.65581787 -0.4113216 1.8551898
v 0.65595627 -1.1880901 2.1782925
v 0.6094999 -0.8604251 2.952852
v 0.5914577 -0.085431665 2.6294048
v 0.74859285 0.3607094 1.5340574
v 0.6559568 -0.54096293 3.7294266
v 0.70213634 0.6856866 2.308652
v 0.6558182 0.2338951 3.406349
v 0.74859333 1.0059263 3.0852165
v 0.5180022 0.37668595 3.188174
v 0.029275863 1.0569464 3.109709
v -0.00704278 0.93180275 2.278575
v 0.46768722 0.24040848 2.3583252
v 1.079366 -0.24579301 3.2599752
v 0.029275702 0.86444044 1.4407756
v 1.0430472 -0.37093672 2.4288416
v 0.518002 0.18418005 1.5192412
v 1.0793657 -0.43829897 1.5910419
v 0.5885269 0.07564969 3.4399297
v 0.23333599 0.8330152 3.5293794
v 0.19230947 0.90974486 2.6926038
v 0.53168976 0.14397997 2.602162
v 1.0257709 -0.6381259 3.3556283
v 0.23333576 1.0300645 1.860976
v 0.9847443 -0.56139636 2.5188525
v 0.5885268 0.27269894 1.7715263
v 1.0257705 -0.44107667 1.6872246
v 0.48661125 0.16174701 3.5154421
v -0.08503596 0.76980424 3.6215112
v -0.11737179 0.881197 2.7882583
v 0.44181383 0.2604388 2.6799736
v 1.1229302 -0.38039634 3.4208705
v -0.085036 1.0585036 1.9665031
v 1.0905942 -0.2690037 2.5876174
v 0.48661116 0.45044625 1.860434
v 1.12293 -0.091697186 1.7658627
v 0.54469347 -0.3869186 1.8797541
v 0.103233755 -1.1027821 1.900176
v 0.06503759 -1.0292151 2.7387786
v 0.49177727 -0.32617325 2.7183628
v 1.0625458 0.2758304 1.8608472
v 0.10323382 -0.7950729 3.5761318
v 1.0243497 0.32634118 2.699748
v 0.5446935 -0.33901176 3.5590706
v 1.062546 0.32373717 3.5401635
v 0.61602277 -0.8652369 3.100506
v 0.5031805 -0.6487713 3.909075
v 0.4574894 0.13377345 3.697047
v 0.55272305 -0.06941503 2.885013
v 0.82024807 -1.0794431 2.309
v 0.50318104 0.9507818 3.5016656
v 0.7745568 -0.2666977 2.0965815
v 0.6160232 0.74841475 2.6929147
v 0.82024837 0.5503106 1.9012
v 0.46466967 -0.03408727 3.7191014
v -0.112460315 0.5402702 3.9307592
v -0.14449646 0.79906535 3.1309073
v 0.42028752 0.21250653 2.9147534
v 1.105872 -0.54512405 3.530779
v -0.112460285 1.1211811 2.3543901
v 1.073836 -0.28632915 2.7309268
v 0.46466964 0.54682344 2.1427326
v 1.105872 0.035786748 1.9544091
v 0.48524573 -0.71135914 2.3078663
v -0.0038162228 -1.3417623 2.5697017
v -0.04012042 -0.7787334 3.3318987
v 0.43495056 -0.3527756 3.0685518
v 1.0469166 -0.13266787 2.0682683
v -0.0038160656 -0.6378329 4.1211243
v 1.0106124 0.21555415 2.8332443
v 0.48524594 -0.06868842 3.8600814
v 1.0469167 0.51000273 3.6204839
v 0.40347385 -0.85008574 2.600106
v -0.21446861 -1.2900891 2.859661
v -0.24410313 -0.7197809 3.58879
v 0.36241865 -0.4172931 3.324867
v 1.0806856 -0.40590334 2.372398
v -0.21446852 -0.58828807 4.3554964
v 1.0510511 0.009218574 3.103534
v 0.40347397 -0.08368066 4.095105
v 1.0806857 0.3605018 3.867397
v 0.45319632 -0.74920714 3.78446
v -0.08332239 -0.6301786 4.4002495
v -0.11746446 0.15263298 4.1043806
v 0.40589654 -0.056377083 3.4781513
v 1.0579996 -1.0244446 3.2309175
v -0.08332205 0.9594319 3.8684266
v 1.0238575 -0.23765981 2.9349978
v 0.45319664 0.75427854 3.2537525
v 1.058 0.5691391 2.6990435
v -0.12320405 0.47968623 1.5848275
v -0.96325 0.4951707 1.6278144
v -0.9581576 -0.27944803 1.9559975
v -0.11614912 -0.28889242 1.9297788
v 0.706657 0.43285522 1.4548181
v -0.9632502 -1.0854133 2.1971583
v 0.71174926 -0.34176353 1.7830013
v -0.12320428 -1.1008977 2.1541715
v 0.7066566 -1.1477288 2.0241618
v 0.20889442 1.0221364 2.1389105
v -0.6203327 1.059562 2.0019917
v -0.6256348 0.23709854 1.8251007
v 0.20154907 0.19497597 1.9792032
v 1.0487251 1.0090867 2.1866512
v -0.6203335 -0.5609893 1.5590321
v 1.0434229 0.18662305 2.0097606
v 0.20889369 -0.59841484 1.6959507
v 1.0487245 -0.61146474 1.7436918
v -0.22370204 1.040508 2.1606526
v -1.0630544 1.0244956 2.215384
v -1.0573386 0.20532604 2.0238316
v -0.21578316 0.21634167 1.9861786
v 0.60421765 1.0824523 2.0172863
v -1.0630549 -0.5879116 1.7436434
v 0.6099337 0.2632827 1.8257334
v -0.2237028 -0.5718993 1.6889123
v 0.60421705 -0.52995515 1.545546
v 0.10254552 1.0733235 2.3091822
v -0.7317463 1.1208891 2.2119215
v -0.73517334 0.34590942 1.8845699
v 0.097797625 0.29048762 1.9978948
v 0.94369084 1.0665283 2.3230746
v -0.73174703 -0.38829955 1.4738519
v 0.9402637 0.2915488 1.9957242
v 0.102544814 -0.43586516 1.5711124
v 0.9436902 -0.44266033 1.5850061
v -0.28143695 -0.76956797 3.565265
v -1.0854542 -0.9863386 3.3213725
v -1.0693204 -0.1454291 3.3407533
v -0.2590858 -0.16271234 3.5709183
v 0.49031308 -0.9271475 3.900952
v -1.085454 0.68894506 3.44717
v 0.5064466 -0.18904981 3.921663
v -0.28143683 0.6704025 3.6941066
v 0.49031314 0.64532423 4.02808
v -0.20607191 -0.93616307 3.246564
v -1.0353115 -1.0932516 3.1196272
v -1.0249407 -0.3068656 3.418382
v -0.19170468 -0.34126553 3.531905
v 0.60242677 -1.1450697 3.4606993
v -1.0353111 0.44277808 3.800077
v 0.6127973 -0.45842078 3.760744
v -0.20607156 0.38531658 3.9297888
v 0.602427 0.2911133 4.14244
v -0.13592422 -0.8224491 3.4437034
v -0.9739251 -1.0591229 3.3747575
v -0.96725917 -0.24488643 3.5267084
v -0.12668945 -0.2553828 3.5816514
v 0.6887452 -1.0616531 3.608065
v -0.9739247 0.5610206 3.7680256
v 0.6954111 -0.30120346 3.7607105
v -0.13592385 0.54363644 3.8402584
v 0.68874544 0.5047035 4.0020275
v 0.35306284 -0.9346806 2.7659912
v -0.31913537 -1.2403425 3.0404282
v -0.3450143 -0.7014886 3.7227132
v 0.3172107 -0.42259404 3.4406543
v 1.077019 -0.5813732 2.5322852
v -0.31913543 -0.44803867 4.450037
v 1.0511401 -0.090729356 3.2151933
v 0.3530629 -0.024062127 4.1740694
v 1.0770191 0.3351018 3.9402883
v 0.023194367 -0.9992169 2.826657
v -0.8149043 -1.1063546 2.8690722
v -0.8163817 -0.58556247 3.5319078
v 0.021147544 -0.45563278 3.4791496
v 0.86424816 -1.0631292 2.8386002
v -0.8149038 -0.14717808 4.2479544
v 0.86277086 -0.5450902 3.5014715
v 0.023194702 -0.08711484 4.206148
v 0.86424845 -0.10338873 4.217475
v -0.3326305 -0.97705734 2.9713833
v -1.0774734 -0.8025824 2.676864
v -1.0535973 -0.1416246 3.196795
v -0.29955304 -0.37100258 3.4805248
v 0.3644605 -1.1970476 3.3261735
v -1.0774733 0.46702793 3.777085
v 0.38833672 -0.6416241 3.8474696
v -0.3326302 0.21088687 4.0726614
v 0.36446083 -0.09755969 4.4285955
v -0.18696046 -0.3345943 1.9366312
v -0.43280348 -0.12872127 1.9666195
v -0.36422393 -0.27735305 1.9676528
v -0.2068689 -0.42742783 2.066649
v -0.40713564 -0.33107823 2.1112237
v -0.2436315 -0.1773763 1.9372432
v -0.5230244 -0.1616947 2.1057663
v -0.4554681 0.024088264 1.9812346
v -0.21395352 -0.5358845 2.6111965
v -0.42742878 -0.41899857 2.6275072
v -1.4115358E-07 -0.45768344 2.056427
v -9.099354E-08 -0.353672 1.926796
v -1.197647E-07 -0.5688943 2.6062515
v -0.55757296 0.0045565665 2.1233037
v -0.5616979 -0.24184436 2.65114
v -0.2570364 0.0293473 1.942981
v -8.160151E-08 -0.18583801 1.9130144
v -0.43280342 0.17517242 2.008399
v -0.20717794 -0.53044635 2.8644025
v -1.6875738E-07 -0.56012547 2.869268
v -0.40452704 -0.4284694 2.8391066
v 0.21395323 -0.5358846 2.6111965
v 0.2068687 -0.427428 2.066649
v 0.20717771 -0.53073704 2.8644066
v 0.18696022 -0.3345943 1.9366312
v -3.6842355E-08 -0.46335533 3.4744332
v -0.17212527 -0.45370123 3.4602451
v 0.1721251 -0.46278098 3.4603622
v -0.5157421 -0.27048376 2.8982217
v -0.33650044 -0.42525527 3.4215076
v -0.59812963 -0.07115716 2.6740258
v -0.52302426 0.1693724 2.1512816
v -3.960985E-08 -0.3604494 3.558466
v -0.21635601 -0.35112986 3.5221908
v -0.39373842 -0.3193951 3.484703
v -0.5491159 -0.10625255 2.9293003
v 0.21635593 -0.3569456 3.5222664
v -0.5616978 0.099373445 2.6980507
v -0.3642238 0.31801108 2.0495038
v -0.4071355 0.33099863 2.202247
v -0.24363138 0.22994985 1.9932427
v -0.18696025 0.38149995 2.0350804
v -2.9802322E-08 0.032954037 1.9167459
v 4.062333E-08 0.24463598 1.9721963
v 0.2436313 -0.17737639 1.9372425
v 0.25703636 0.029347181 1.9429815
v -0.515742 0.060272425 2.9436944
v -0.42742866 0.27633247 2.7231019
v -0.20686868 0.43580273 2.1853266
v 7.3298416E-08 0.4025241 2.0307584
v 0.24363142 0.22994973 1.9932425
v -0.41101575 -0.18733075 3.5190418
v -0.22829062 -0.19619122 3.5834901
v 3.5594609E-12 -0.20220849 3.6273673
v 0.22829057 -0.19619128 3.5834901
v 1.02038044E-07 0.46769428 2.1836486
v 0.1869604 0.38149992 2.0350804
v -0.21395326 0.39328343 2.7389393
v -0.40452692 0.22834918 2.9294071
v -0.3937384 -0.047822565 3.5225213
v -0.21635596 -0.013819009 3.571174
v 4.5189672E-08 -0.008569211 3.6104023
v 0.216356 -0.013819128 3.571174
v 1.0532922E-07 0.42640278 2.7430859
v -0.20717771 0.31999528 2.9813657
v -0.3365003 0.09272683 3.496584
v -0.17212516 0.13751876 3.549757
v 8.1533194E-08 0.15107438 3.5684042
v 1.170898E-07 0.34896097 2.99456
v 0.20686889 0.43580258 2.1853266
v 0.17212528 0.13751867 3.5497568
v 0.20717792 0.31999514 2.9813652
v 0.21395347 0.39328328 2.738939
v 0.36422393 0.3180109 2.049504
v 0.40713564 0.33099842 2.202247
v 0.43280345 0.17517228 2.008399
v 0.42742878 0.27633217 2.723102
v 0.40452704 0.228349 2.9294071
v 0.33650038 0.09272662 3.496584
v 0.5230244 0.16937213 2.1512816
v 0.45546803 0.024088115 1.9812341
v 0.39373845 -0.047822863 3.522521
v 0.5157421 0.060272187 2.943694
v 0.5616979 0.09937313 2.6980507
v 0.55757296 0.0045562983 2.1233034
v 0.43280342 -0.12872142 1.9666195
v 0.41101572 -0.18733093 3.5190413
v 0.5491159 -0.10625288 2.9293003
v 0.5981296 -0.071157426 2.6740258
v 0.52302426 -0.16169503 2.1057663
v 0.3642238 -0.27735338 1.967653
v 0.40713546 -0.3310784 2.1112237
v 0.5616978 -0.24184477 2.6511397
v 0.42742863 -0.4189987 2.627507
v 0.515742 -0.270484 2.8982215
v 0.40452686 -0.42846954 2.839107
v 0.39373833 -0.32241258 3.484742
v 0.33650026 -0.436035 3.4216475
v 0.4992798 0.4132873 3.8810675
v 0.44801462 0.38997945 3.8938968
v 0.44547528 0.3888251 3.894532
v 0.44547525 0.2914916 3.849727
v 0.4480146 0.2912235 3.8484366
v 0.49927977 0.28581247 3.8223875
v -0.06767671 0.52017725 3.367389
v 0.005174882 0.5625006 3.3097696
v 0.021861993 0.57219505 3.2965717
v -0.06767671 0.52017725 3.367389
v -0.025151577 0.5448824 3.3337553
v 0.005174882 0.5625006 3.3097696
v 0.93902683 0.15709314 4.2698126
v 0.87180614 0.13007039 4.328517
v 0.8743646 0.14730614 4.333743
v 0.88165045 0.16397485 4.333705
v 0.9364685 0.1722719 4.2795086
v 0.8925544 0.17753887 4.328409
v 0.92918265 0.18308282 4.2921953
v 0.9054165 0.18593335 4.31866
v 0.9182787 0.18788004 4.3059444
v -0.35000536 0.67284745 3.159031
v -0.35000533 0.66919225 3.1573486
v -0.35314476 0.67509866 3.1445177
v -0.35077664 0.6828561 3.1598182
v -0.34914818 0.6788446 3.1608846
v -0.35394195 0.68532646 3.1452773
v -0.3279048 0.6726475 3.1819952
v -0.32836336 0.66955805 3.1810582
v -0.28490913 0.65040684 3.2226617
v -0.3539113 0.6991068 3.1517732
v -0.35621235 0.69699705 3.1394043
v -0.35860252 0.71485054 3.135785
v -0.3596101 0.7083335 3.1277936
v -0.36413604 0.7276908 3.1142871
v -0.3636181 0.71761006 3.112212
v -0.36785656 0.7330574 3.0983284
v -0.36762613 0.7234144 3.0950322
v -0.36966947 0.7356724 3.0905523
v -0.36900917 0.7240041 3.0884533
v -0.3737528 0.73713434 3.0683062
v -0.32241464 0.68520796 3.1819665
v -0.36900917 0.71668506 3.085084
v -0.13810469 0.5897183 3.3637838
v -0.2863784 0.6405084 3.2196605
v -0.13867667 0.58595896 3.3626661
v -0.14014597 0.5760605 3.3596644
v -0.07467573 0.5577522 3.4239411
v -0.074064545 0.5617372 3.425121
v -0.013051042 0.5350786 3.4835591
v -0.0071172775 0.5487191 3.483571
v -0.07614503 0.5478538 3.4209397
v -0.014979912 0.5208959 3.4795017
v -0.37632456 0.73478836 3.0571833
v -0.3763254 0.7187097 3.0497787
v -0.369514 0.7112131 3.0800648
v -0.36999977 0.706809 3.0756314
v -0.37991384 0.7235451 3.0392745
v -0.37991387 0.7451341 3.0492127
v -0.36578193 0.73398715 3.0942135
v -0.39747724 0.7570609 3.0233033
v -0.39747724 0.7354719 3.013365
v -0.41539964 0.7739371 2.9866421
v -0.4153996 0.75234807 2.9767041
v -0.43058753 0.7867557 2.9587955
v -0.4305875 0.76516664 2.9488575
v -0.45247856 0.8111102 2.9341877
v -0.443887 0.7750352 2.9274197
v -0.46388093 0.804747 2.9197118
v -0.46388093 0.78315794 2.9097738
v -0.44687524 0.812598 2.941289
v -0.4305875 0.80089915 2.965306
v -0.41539964 0.78808075 2.9931529
v -0.39747724 0.7712047 3.029814
v -0.37991387 0.7592779 3.0557237
v -0.35705757 0.7284801 3.1226275
v -0.35705757 0.7246459 3.1208625
v -0.35178104 0.73330295 3.1317513
v -0.35078612 0.73755693 3.1195037
v -0.30020013 0.70767 3.1874356
v -0.30807596 0.6994245 3.1733358
v -0.30020013 0.6954373 3.1818047
v -0.06767672 0.5963066 3.4024334
v -0.067676745 0.6065332 3.407141
v 0.8932048 0.19837421 4.2584114
v 0.9364685 0.1722719 4.2795086
v 0.92918265 0.18308282 4.2921953
v 0.9004396 0.18764189 4.2458143
v 0.93902683 0.15709314 4.2698126
v 0.84885585 0.21722347 4.2167673
v 0.9029802 0.17257157 4.236189
v 0.85602784 0.20658809 4.204282
v 0.78573656 0.24405053 4.1574974
v 0.8585465 0.19165137 4.1947403
v 0.79281914 0.2335532 4.14517
v 0.4808476 0.37355778 3.8712494
v 0.7953067 0.21880665 4.135749
v 0.4899645 0.36266628 3.862046
v 0.4931683 0.34848312 3.8540452
v -0.3737528 0.73713434 3.0683062
v -0.36578193 0.73398715 3.0942135
v -0.36966947 0.7356724 3.0905523
v -0.36785656 0.7330574 3.0983284
v -0.35705757 0.7246459 3.1208625
v -0.36413604 0.7276908 3.1142871
v -0.35860252 0.71485054 3.135785
v -0.30807596 0.6994245 3.1733358
v -0.31419805 0.69542897 3.1779757
v -0.30020013 0.6954373 3.1818047
v -0.32241464 0.68520796 3.1819665
v -0.3539113 0.6991068 3.1517732
v 0.0018086248 0.5598162 3.4792411
v -0.0071172775 0.5487191 3.483571
v -0.06767672 0.5963066 3.4024334
v -0.05623758 0.5914298 3.4132874
v 0.008187589 0.5639638 3.474417
v 0.4899645 0.36266628 3.862046
v 0.4992798 0.34954986 3.8517277
v 0.4931683 0.34848312 3.8540452
v 0.4992798 0.38141868 3.8663976
v 0.4808476 0.37355778 3.8712494
v 0.5221133 0.362259 3.8241189
v 0.46722198 0.3794962 3.8802445
v 0.5221134 0.41428939 3.84807
v 0.5288358 0.37366924 3.7993317
v 0.5288358 0.39713398 3.8101332
v 0.4992798 0.4132873 3.8810675
v 0.44801462 0.38997945 3.8938968
v 0.45117867 0.3795866 3.8876588
v 0.44547528 0.3888251 3.894532
v 0.44547528 0.37753668 3.8893359
v 0.10032242 0.56739604 3.3784869
v 0.5288358 0.37366924 3.7993317
v 0.5288358 0.39713398 3.8101332
v 0.100322425 0.5908608 3.3892884
v 0.5221134 0.41428939 3.84807
v 0.081702836 0.61194134 3.4186983
v 0.033399947 0.61996883 3.326055
v 0.028739464 0.63497794 3.3686545
v 0.03339994 0.5965041 3.3152537
v 0.02445811 0.6003934 3.3068047
v 0.021862008 0.62650454 3.321572
v 0.081702836 0.61194134 3.4186983
v 0.5221134 0.41428939 3.84807
v 0.4992798 0.4132873 3.8810675
v 0.14704323 0.57027847 3.5400262
v 0.44547528 0.3888251 3.894532
v 0.008187563 0.5790246 3.4813497
v 0.028739464 0.63497794 3.3686545
v -0.0010710265 0.62585616 3.396005
v -0.0562376 0.6070465 3.4204762
v -0.02515156 0.6160183 3.366501
v -0.067676745 0.6065332 3.407141
v 0.0051748967 0.6227826 3.3375192
v 0.021862008 0.62650454 3.321572
v 0.033399947 0.61996883 3.326055
v 0.44547528 0.37753668 3.8893359
v 0.008187563 0.5790246 3.4813497
v 0.44547528 0.3888251 3.894532
v 0.008187589 0.5639638 3.474417
v -0.0562376 0.6070465 3.4204762
v -0.05623758 0.5914298 3.4132874
v -0.067676745 0.6065332 3.407141
v -0.06767672 0.5963066 3.4024334
v -0.334842 0.84826076 2.860439
v -0.3193059 0.87273633 2.7986808
v -0.29109785 0.8623903 2.8211558
v -0.35671285 0.86113167 2.8327172
v -0.33709323 0.8686302 2.7866387
v -0.3539984 0.8420732 2.877642
v -0.36878762 0.8582884 2.819265
v -0.3626487 0.8687464 2.7705855
v -0.43999887 0.8352941 2.908498
v -0.38843125 0.8624759 2.795739
v -0.39599356 0.85763 2.787885
v -0.44167086 0.8345072 2.8942904
v -0.47293165 0.8419244 2.8781774
v -0.47848308 0.8444847 2.8726156
v -0.4199595 0.86877704 2.7636695
v -0.50256604 0.8553337 2.849048
v -0.6049683 1.0194203 2.4642904
v -0.77208006 0.9804082 2.6003113
v -0.48545647 0.7931296 2.9215834
v -0.5167172 0.8005469 2.9054706
v -0.52226865 0.80310726 2.8999083
v -0.5463517 0.81395614 2.8763409
v -0.81586325 0.93902946 2.6276062
v -0.7803068 0.9752475 2.5972223
v -0.8143809 0.9432229 2.6184523
v -0.46388093 0.804747 2.9197118
v -0.43151167 0.8170361 2.9472504
v -0.45247856 0.8111102 2.9341877
v -0.44687524 0.812598 2.941289
v -0.42462194 0.8100664 2.962424
v -0.4305875 0.80089915 2.965306
v -0.39837703 0.81764084 2.934665
v -0.40959927 0.7970778 2.9899518
v -0.34028828 0.81561875 2.910747
v -0.41539964 0.78808075 2.9931529
v -0.35146186 0.83118093 2.8850431
v -0.3326505 0.8366101 2.8651466
v -0.3162844 0.8267063 2.8599946
v -0.32550755 0.80860764 2.8993118
v -0.3914982 0.77987635 3.0269947
v -0.39747724 0.7712047 3.029814
v -0.32707334 0.79309046 2.9596868
v -0.31772885 0.7864827 2.9473753
v -0.37317047 0.76741004 3.0540297
v -0.37991387 0.7592779 3.0557237
v -0.30151892 0.77470994 2.999616
v -0.2924556 0.7682245 2.9870386
v -0.2599842 0.75233895 3.0215478
v -0.35078612 0.73755693 3.1195037
v -0.35705757 0.7284801 3.1226275
v -0.2690475 0.75882447 3.0341253
v -0.20257978 0.7299142 3.096929
v -0.1935165 0.7234286 3.0843513
v -0.18401581 0.71905124 3.0938606
v -0.0105485385 0.6391278 3.2674832
v -0.30020013 0.70767 3.1874356
v -0.35178104 0.73330295 3.1317513
v 0.021862008 0.62650454 3.321572
v 0.03092531 0.6200191 3.3089943
v 0.0051748967 0.6227826 3.3375192
v -0.067676745 0.6065332 3.407141
v -0.02515156 0.6160183 3.366501
v -0.2910979 0.8522614 2.8164933
v -0.3193059 0.8410183 2.7840798
v -0.29109788 0.8306724 2.8065553
v -0.3193059 0.86260736 2.794018
v -0.29109785 0.8623903 2.8211558
v -0.33709326 0.8448744 2.7757032
v -0.3193059 0.87273633 2.7986808
v -0.33709326 0.8589637 2.782189
v -0.36264876 0.8509923 2.7624128
v -0.33709323 0.8686302 2.7866387
v -0.36264876 0.8600085 2.7665634
v -0.3626487 0.8687464 2.7705855
v -0.39599356 0.84750104 2.7832222
v -0.41995952 0.8536247 2.7566948
v -0.39599356 0.8424778 2.78091
v -0.41995952 0.85864806 2.759007
v -0.39599356 0.85763 2.787885
v -0.6049725 0.99368405 2.4524348
v -0.4199595 0.86877704 2.7636695
v -0.6049714 1.0092938 2.4596224
v -0.6133063 0.99432516 2.4510422
v -0.6049683 1.0194203 2.4642904
v -0.61330616 1.0102607 2.458378
v -0.61337095 1.0147637 2.460367
v -0.5463517 0.80124223 2.8704884
v -0.8158624 0.91759026 2.6177382
v -0.81586325 0.93902946 2.6276062
v -0.5463517 0.81395614 2.8763409
v -0.52226865 0.79039335 2.8940558
v -0.52226865 0.80310726 2.8999083
v -0.5167172 0.787833 2.899618
v -0.5167172 0.8005469 2.9054706
v -0.48545647 0.7804158 2.915731
v -0.48545647 0.7931296 2.9215834
v 0.030925304 0.60299325 3.3011568
v 0.02445811 0.6003934 3.3068047
v 0.021862008 0.62650454 3.321572
v 0.03092531 0.6200191 3.3089943
v -0.46388093 0.78315794 2.9097738
v -0.48545647 0.7804158 2.915731
v -0.48545647 0.7931296 2.9215834
v -0.46388093 0.804747 2.9197118
v -0.3626487 0.8687464 2.7705855
v -0.39599356 0.85763 2.787885
v -0.39599356 0.84750104 2.7832222
v -0.36264876 0.8600085 2.7665634
v -0.39599356 0.8424778 2.78091
v -0.36264876 0.8509923 2.7624128
v -0.29638815 0.7678145 2.9793704
v -0.31772885 0.76945686 2.9395375
v -0.29638815 0.7540396 2.9730294
v -0.31772885 0.7832317 2.9458787
v -0.32550755 0.79158187 2.891474
v -0.32550755 0.80860764 2.8993118
v -0.31772885 0.7864827 2.9473753
v -0.2924556 0.7682245 2.9870386
v -0.2829195 0.76030827 2.9956765
v -0.2599842 0.75233895 3.0215478
v -0.2697433 0.74734443 3.0066793
v -0.2829195 0.7465334 2.9893355
v -0.2697433 0.7400874 3.0033386
v -0.2624141 0.7437589 3.0144687
v -0.26241407 0.73650193 3.0111277
v -0.21740133 0.7305664 3.0602868
v -0.21740134 0.7167916 3.0539458
v -0.1935165 0.7234286 3.0843513
v -0.1929949 0.7199373 3.083377
v -0.18401581 0.71905124 3.0938606
v -0.1929949 0.70616245 3.0770361
v -0.1840158 0.7020254 3.0860233
v -0.3162844 0.8267063 2.8599946
v -0.32550755 0.79158187 2.891474
v -0.32550755 0.80860764 2.8993118
v -0.31628442 0.80968046 2.8521574
v -0.2910979 0.8522614 2.8164933
v -0.29109788 0.8306724 2.8065553
v -0.3326505 0.8366101 2.8651466
v -0.29109785 0.8623903 2.8211558
v -0.334842 0.84826076 2.860439
v -0.3539984 0.8420732 2.877642
v -0.0105485385 0.6391278 3.2674832
v -0.010548558 0.6221019 3.259646
v 0.030925304 0.60299325 3.3011568
v 0.03092531 0.6200191 3.3089943
v -0.77208006 0.9804082 2.6003113
v -0.61337095 1.0147637 2.460367
v -0.6049683 1.0194203 2.4642904
v -0.7803068 0.9752475 2.5972223
v -0.61330616 1.0102607 2.458378
v -0.8143809 0.9432229 2.6184523
v -0.6133063 0.99432516 2.4510422
v -0.8144213 0.9217864 2.6086228
v -0.8158624 0.91759026 2.6177382
v -0.81586325 0.93902946 2.6276062
v -0.11294263 0.55566764 3.4354627
v -0.11105401 0.5444629 3.4283059
v -0.09746928 0.5385542 3.4411416
v -0.099357896 0.5497589 3.4482982
v -0.10473619 0.55773944 3.457664
v -0.11832092 0.5636481 3.4448283
v 0.030208698 0.524356 3.570226
v 0.039287258 0.51088506 3.5544167
v 0.05888881 0.5118816 3.597325
v 0.042475205 0.4919714 3.5423362
v 0.06796737 0.49841055 3.581516
v 0.07115532 0.47949687 3.5694356
v -0.13795044 0.5665449 3.4118333
v -0.19894767 0.5826925 3.3452575
v -0.13606182 0.5553402 3.4046767
v -0.20083629 0.59389734 3.3524141
v -0.14332874 0.57452536 3.4211988
v -0.20621459 0.60187775 3.3617797
v -0.31326783 0.63241637 3.2372391
v -0.2633032 0.61068416 3.2844493
v -0.2651918 0.6218889 3.2916062
v -0.31515646 0.6436211 3.2443957
v -0.2705701 0.62986934 3.3009717
v -0.32053474 0.6516017 3.2537613
v -0.3382756 0.6432936 3.21361
v -0.3762338 0.6701869 3.186685
v -0.37434518 0.6589821 3.1795287
v -0.34016418 0.65449834 3.2207665
v -0.38161206 0.67816746 3.196051
v -0.3455425 0.6624788 3.230132
v -0.0290191 0.50054646 3.621949
v -0.0003389867 0.48807195 3.6490483
v -0.009417509 0.46730176 3.6490953
v -0.038097624 0.4797763 3.6219962
v -0.012605439 0.44582513 3.6425827
v -0.13982385 0.5436343 3.4883058
v -0.041285552 0.4582996 3.6154838
v -0.14520216 0.53132963 3.4883335
v -0.15340859 0.549543 3.4754698
v -0.14709072 0.5186064 3.4844759
v -0.1587869 0.53723836 3.4754977
v -0.16067548 0.5245151 3.4716396
v -0.18379469 0.5481155 3.4518685
v -0.24130227 0.5877725 3.3924212
v -0.17841642 0.5604202 3.4518404
v -0.24668054 0.57546794 3.3924494
v -0.24856913 0.56274474 3.388591
v -0.1856833 0.5353923 3.4480104
v -0.30565774 0.61576414 3.3316133
v -0.36100072 0.6251917 3.284431
v -0.3556224 0.63749635 3.284403
v -0.31103605 0.6034595 3.3316412
v -0.31292465 0.59073627 3.327783
v -0.3628893 0.6124685 3.280573
v -0.38063017 0.6483736 3.260774
v -0.42207804 0.65175754 3.2267203
v -0.41669977 0.66406214 3.2266927
v -0.38600844 0.63606906 3.2608018
v -0.42396665 0.6390343 3.2228625
v -0.38789707 0.62334573 3.2569437
v -0.42396665 0.6390343 3.2228625
v -0.42658377 0.63798225 3.225148
v -0.424496 0.6520475 3.229413
v -0.42207804 0.65175754 3.2267203
v -0.41855037 0.6656501 3.2293823
v -0.41669977 0.66406214 3.2266927
v -0.40965208 0.6767191 3.2250602
v -0.40865055 0.674075 3.2227829
v -0.39915588 0.68356943 3.2171052
v -0.39915588 0.6802716 3.215587
v -0.38865972 0.685158 3.2067277
v -0.38966125 0.6817087 3.2062
v -0.3797615 0.68124324 3.1955085
v -0.38161206 0.67816746 3.196051
v -0.3738159 0.67242086 3.1851547
v -0.3762338 0.6701869 3.186685
v -0.37172806 0.6600342 3.1772432
v -0.37434518 0.6589821 3.1795287
v -0.424496 0.6520475 3.229413
v -0.4262434 0.6689962 3.2221131
v -0.41855037 0.6656501 3.2293823
v -0.432189 0.6553937 3.2221441
v -0.42658377 0.63798225 3.225148
v -0.43427685 0.64132833 3.217879
v -0.4297711 0.6551036 3.2194514
v -0.43427685 0.64132833 3.217879
v -0.4316597 0.6423805 3.2155936
v -0.432189 0.6553937 3.2221441
v -0.4243928 0.6674083 3.2194238
v -0.4262434 0.6689962 3.2221131
v -0.4163436 0.67742103 3.2155142
v -0.41734514 0.68006516 3.2177913
v -0.40684894 0.6836177 3.2083178
v -0.40684894 0.68691546 3.209836
v -0.39735427 0.6850548 3.1989307
v -0.39635274 0.68850416 3.1994586
v -0.38930508 0.6815135 3.188782
v -0.3874545 0.6845894 3.1882393
v -0.38392684 0.67353296 3.1794164
v -0.38150892 0.67576706 3.1778858
v -0.38203824 0.66232824 3.1722596
v -0.37942111 0.6633804 3.169974
v -0.4297711 0.6551036 3.2194514
v -0.5131102 0.7094416 3.1551254
v -0.4243928 0.6674083 3.2194238
v -0.52098495 0.6914257 3.1551666
v -0.4316597 0.6423805 3.2155936
v -0.5237501 0.6727971 3.1495173
v -0.5237501 0.6727971 3.1495173
v -0.5256311 0.6720408 3.1511602
v -0.5227228 0.6916342 3.1571016
v -0.52098495 0.6914257 3.1551666
v -0.51444036 0.7105829 3.1570587
v -0.5131102 0.7094416 3.1551254
v -0.50204486 0.72600234 3.1510382
v -0.5013251 0.7241018 3.1494014
v -0.4874234 0.7355449 3.1399562
v -0.4874234 0.7331747 3.1388652
v -0.4728019 0.73775804 3.1255004
v -0.47352174 0.7352787 3.125121
v -0.46040642 0.7323046 3.1098711
v -0.46173653 0.7300937 3.1102617
v -0.452124 0.7200148 3.0954485
v -0.4538619 0.7184092 3.0965486
v -0.4492156 0.70275986 3.0844274
v -0.45109665 0.7020037 3.0860703
v -0.5227228 0.6916342 3.1571016
v -0.5484516 0.7253762 3.1249223
v -0.51444036 0.7105829 3.1570587
v -0.556734 0.70642745 3.1249652
v -0.5256311 0.6720408 3.1511602
v -0.5596424 0.6868341 3.119024
v -0.3738159 0.67242086 3.1851547
v -0.37942111 0.6633804 3.169974
v -0.37172806 0.6600342 3.1772432
v -0.38150892 0.67576706 3.1778858
v -0.3797615 0.68124324 3.1955085
v -0.3874545 0.6845894 3.1882393
v -0.38392684 0.67353296 3.1794164
v -0.45109665 0.7020037 3.0860703
v -0.38203824 0.66232824 3.1722596
v -0.4538619 0.7184092 3.0965486
v -0.38930508 0.6815135 3.188782
v -0.46173653 0.7300937 3.1102617
v -0.452124 0.7200148 3.0954485
v -0.48322684 0.71755314 3.0522912
v -0.4492156 0.70275986 3.0844274
v -0.48613524 0.7348081 3.0633123
v -0.46040642 0.7323046 3.1098711
v -0.49441767 0.74709785 3.0777352
v -0.4728019 0.73775804 3.1255004
v -0.49441767 0.74709785 3.0777352
v -0.46040642 0.7323046 3.1098711
v -0.50681317 0.7525512 3.093364
v -0.4874234 0.7355449 3.1399562
v -0.52143466 0.7503382 3.10782
v -0.50204486 0.72600234 3.1510382
v -0.5360561 0.74079555 3.1189015
v -0.51444036 0.7105829 3.1570587
v -0.5484516 0.7253762 3.1249223
v -0.39735427 0.6850548 3.1989307
v -0.46173653 0.7300937 3.1102617
v -0.38930508 0.6815135 3.188782
v -0.47352174 0.7352787 3.125121
v -0.40684894 0.6836177 3.2083178
v -0.4874234 0.7331747 3.1388652
v -0.4163436 0.67742103 3.2155142
v -0.5013251 0.7241018 3.1494014
v -0.4243928 0.6674083 3.2194238
v -0.5131102 0.7094416 3.1551254
v -0.38865972 0.685158 3.2067277
v -0.3874545 0.6845894 3.1882393
v -0.3797615 0.68124324 3.1955085
v -0.39635274 0.68850416 3.1994586
v -0.39915588 0.68356943 3.2171052
v -0.40684894 0.68691546 3.209836
v -0.40965208 0.6767191 3.2250602
v -0.41734514 0.68006516 3.2177913
v -0.41855037 0.6656501 3.2293823
v -0.4262434 0.6689962 3.2221131
v -0.556734 0.70642745 3.1249652
v -0.5596424 0.6868341 3.119024
v -0.48322684 0.71755314 3.0522912
v -0.5484516 0.7253762 3.1249223
v -0.48613524 0.7348081 3.0633123
v -0.5360561 0.74079555 3.1189015
v -0.49441767 0.74709785 3.0777352
v -0.52143466 0.7503382 3.10782
v -0.50681317 0.7525512 3.093364
v -0.13982385 0.5436343 3.4883058
v -0.15340859 0.549543 3.4754698
v -0.14535941 0.55955577 3.4715605
v -0.13177468 0.55364704 3.484396
v -0.0290191 0.50054646 3.621949
v -0.12228 0.55984366 3.4772
v -0.13586473 0.56575245 3.464364
v -0.1263701 0.56718946 3.4549773
v -0.015432114 0.51744795 3.6153498
v -0.0003389867 0.48807195 3.6490483
v 0.013248 0.50497353 3.6424487
v 0.0005948025 0.52790785 3.6032026
v 0.029274901 0.51543343 3.6303017
v -0.11278537 0.5612807 3.467813
v -0.11832092 0.5636481 3.4448283
v -0.10473619 0.55773944 3.457664
v 0.016621731 0.53033364 3.5873573
v 0.045301877 0.5178592 3.6144564
v 0.030208698 0.524356 3.570226
v 0.05888881 0.5118816 3.597325
v -0.17841642 0.5604202 3.4518404
v -0.24130227 0.5877725 3.3924212
v -0.23325309 0.59778535 3.388512
v -0.17036724 0.570433 3.447931
v -0.16087256 0.5766296 3.4407349
v -0.22394554 0.60385984 3.3814576
v -0.22375841 0.603982 3.3813157
v -0.15137793 0.5780667 3.4313478
v -0.21426378 0.60541904 3.3719285
v -0.20621459 0.60187775 3.3617797
v -0.14332874 0.57452536 3.4211988
v -0.34757322 0.6475091 3.2804935
v -0.30565774 0.61576414 3.3316133
v -0.3556224 0.63749635 3.284403
v -0.29760858 0.6257769 3.327704
v -0.28830105 0.6318514 3.3206496
v -0.28811392 0.63197356 3.3205078
v -0.33807856 0.6537058 3.2732975
v -0.2786193 0.63341063 3.3111207
v -0.32858393 0.6551429 3.2639105
v -0.32053474 0.6516017 3.2537613
v -0.2705701 0.62986934 3.3009717
v -0.372581 0.65838635 3.2568643
v -0.38063017 0.6483736 3.260774
v -0.41669977 0.66406214 3.2266927
v -0.40865055 0.674075 3.2227829
v -0.39915588 0.6802716 3.215587
v -0.36308634 0.66458297 3.2496681
v -0.35359168 0.66602004 3.240281
v -0.38966125 0.6817087 3.2062
v -0.3455425 0.6624788 3.230132
v -0.38161206 0.67816746 3.196051
v 0.07115532 0.47949687 3.5694356
v 0.07447202 0.48083016 3.5665393
v 0.071031556 0.50124156 3.5795763
v 0.06796737 0.49841055 3.581516
v 0.061234046 0.5157794 3.5966377
v 0.05888881 0.5118816 3.597325
v 0.046571128 0.5222305 3.6151257
v 0.045301877 0.5178592 3.6144564
v 0.029274963 0.51961255 3.6322258
v 0.029274901 0.51543343 3.6303017
v 0.01197881 0.50832427 3.6453345
v 0.013248 0.50497353 3.6424487
v -0.0026841308 0.49008432 3.6524565
v -0.0003389867 0.48807195 3.6490483
v -0.012481605 0.46766928 3.6525073
v -0.009417509 0.46730176 3.6490953
v -0.015922036 0.44449183 3.6454792
v -0.012605439 0.44582513 3.6425827
v 0.07447202 0.48083016 3.5665393
v 0.12395928 0.45930567 3.6132984
v 0.12051888 0.479717 3.6263356
v 0.071031556 0.50124156 3.5795763
v 0.110721365 0.49425486 3.6433966
v 0.061234046 0.5157794 3.5966377
v 0.033565223 0.42296723 3.6922386
v 0.028078945 0.4253535 3.6870546
v 0.02493048 0.43687806 3.6856344
v 0.03700567 0.4461446 3.699267
v -0.012481605 0.46766928 3.6525073
v 0.022623273 0.42772642 3.6818998
v -0.015922036 0.44449183 3.6454792
v -0.0026841308 0.49008432 3.6524565
v 0.046803128 0.4685597 3.6992157
v 0.01197881 0.50832427 3.6453345
v 0.046803128 0.4685597 3.6992157
v -0.0026841308 0.49008432 3.6524565
v 0.061466053 0.4867997 3.6920938
v 0.029274963 0.51961255 3.6322258
v 0.07876225 0.49808797 3.6789849
v 0.046571128 0.5222305 3.6151257
v 0.09605838 0.50070584 3.6618848
v 0.061234046 0.5157794 3.5966377
v 0.110721365 0.49425486 3.6433966
v 0.12395928 0.45930567 3.6132984
v 0.033565223 0.42296723 3.6922386
v 0.03700567 0.4461446 3.699267
v 0.046803128 0.4685597 3.6992157
v 0.12051888 0.479717 3.6263356
v 0.061466053 0.4867997 3.6920938
v 0.110721365 0.49425486 3.6433966
v 0.07876225 0.49808797 3.6789849
v 0.09605838 0.50070584 3.6618848
v 0.028078945 0.4253535 3.6870546
v 0.028859317 0.4236196 3.6908214
v 0.025117164 0.44071445 3.699466
v 0.02493048 0.43687806 3.6856344
v 0.02311868 0.44515482 3.6898198
v 0.012461925 0.4590582 3.698428
v 0.014460423 0.45461783 3.7080739
v 0.022623273 0.42772642 3.6818998
v 0.02493048 0.43687806 3.6856344
v 0.02311868 0.44515482 3.6898198
v 0.012461925 0.4590582 3.698428
v -0.07146108 0.4203224 3.6979837
v -0.003487024 0.4676533 3.705689
v -0.022300126 0.46963182 3.7104974
v -0.041113187 0.46469232 3.7121212
v -0.05706211 0.45358697 3.7103133
v -0.067718856 0.43800625 3.705349
v -0.0657204 0.433566 3.7149951
v -0.06946251 0.41588208 3.70763
v -0.07146108 0.4203224 3.6979837
v -0.067718856 0.43800625 3.705349
v -0.055063657 0.44914654 3.7199597
v -0.05706211 0.45358697 3.7103133
v -0.039114702 0.46025202 3.7217672
v -0.055063657 0.44914654 3.7199597
v -0.05706211 0.45358697 3.7103133
v -0.041113187 0.46469232 3.7121212
v -0.020301659 0.46519145 3.7201433
v -0.022300126 0.46963182 3.7104974
v -0.0014885553 0.463213 3.7153351
v -0.003487024 0.4676533 3.705689
v 0.014460423 0.45461783 3.7080739
v 0.012461925 0.4590582 3.698428
v -0.1916404 0.70740867 3.0743287
v -0.1929949 0.70616245 3.0770361
v -0.1929949 0.7199373 3.083377
v -0.1916404 0.7211835 3.0806696
v -0.1837942 0.7129539 3.0622823
v -0.18379419 0.7267288 3.0686235
v -0.17613138 0.7180177 3.051282
v -0.17613135 0.7317926 3.057623
v -0.16748877 0.72523725 3.0355988
v -0.16748875 0.7390121 3.0419397
v -0.16546716 0.73308486 3.0185509
v -0.16546716 0.7468597 3.0248916
v -0.1929949 0.7199373 3.083377
v -0.21740133 0.7305664 3.0602868
v -0.21229702 0.73028624 3.0608954
v -0.1916404 0.7211835 3.0806696
v -0.18379419 0.7267288 3.0686235
v -0.19496979 0.73147166 3.0583203
v -0.17613135 0.7317926 3.057623
v -0.18255556 0.73458683 3.051553
v -0.16748875 0.7390121 3.0419397
v -0.17180875 0.7394745 3.0409353
v -0.16546716 0.7468597 3.0248916
v -0.16871071 0.74617356 3.0263822
v -0.17790407 0.7607784 2.9946551
v -0.18098591 0.7599724 2.996406
v -0.20737508 0.77373564 2.9665074
v -0.20981142 0.7726075 2.9689581
v -0.22492631 0.7793938 2.9542158
v -0.22633432 0.77799237 2.9572601
v -0.2519425 0.7809241 2.9508917
v -0.2512077 0.7794354 2.9541256
v -0.26752123 0.77732706 2.9587054
v -0.26474336 0.7759814 2.961629
v -0.2846286 0.76970184 2.9752703
v -0.28086925 0.7684312 2.9780307
v -0.29638815 0.7678145 2.9793704
v -0.28300965 0.7622955 2.9913597
v -0.2829195 0.76030827 2.9956765
v -0.16546716 0.7468597 3.0248916
v -0.1779041 0.7470036 2.9883144
v -0.16546716 0.73308486 3.0185509
v -0.17790407 0.7607784 2.9946551
v -0.20737511 0.7599608 2.9601665
v -0.20737508 0.77373564 2.9665074
v -0.22492631 0.76561904 2.9478748
v -0.22492631 0.7793938 2.9542158
v -0.25194252 0.7671492 2.9445505
v -0.2519425 0.7809241 2.9508917
v -0.2519425 0.7809241 2.9508917
v -0.26752123 0.7635522 2.9523647
v -0.25194252 0.7671492 2.9445505
v -0.26752123 0.77732706 2.9587054
v -0.28462857 0.75592685 2.9689295
v -0.2846286 0.76970184 2.9752703
v -0.29638815 0.7678145 2.9793704
v -0.29638815 0.7540396 2.9730294
v -0.2829195 0.7465334 2.9893355
v -0.2829195 0.76030827 2.9956765
v -0.28300965 0.7622955 2.9913597
v -0.28300965 0.7485206 2.9850185
v -0.28086925 0.7546563 2.9716897
v -0.28300965 0.7485206 2.9850185
v -0.28300965 0.7622955 2.9913597
v -0.28086925 0.7684312 2.9780307
v -0.26474336 0.76220655 2.955288
v -0.26474336 0.7759814 2.961629
v -0.2512077 0.7656605 2.9477847
v -0.2512077 0.7794354 2.9541256
v -0.22633433 0.7642176 2.9509192
v -0.2512077 0.7656605 2.9477847
v -0.2512077 0.7794354 2.9541256
v -0.22633432 0.77799237 2.9572601
v -0.20981142 0.7588327 2.9626172
v -0.20981142 0.7726075 2.9689581
v -0.18098591 0.7461976 2.990065
v -0.18098591 0.7599724 2.996406
v -0.16871072 0.7323987 3.0200412
v -0.16871071 0.74617356 3.0263822
v -0.17180876 0.72569966 3.034594
v -0.16871072 0.7323987 3.0200412
v -0.16871071 0.74617356 3.0263822
v -0.17180875 0.7394745 3.0409353
v -0.18255559 0.72081196 3.0452118
v -0.18255556 0.73458683 3.051553
v -0.1949698 0.7176967 3.0519793
v -0.19496979 0.73147166 3.0583203
v -0.21229704 0.71651137 3.0545542
v -0.21229702 0.73028624 3.0608954
v -0.21229702 0.73028624 3.0608954
v -0.21740133 0.7305664 3.0602868
v -0.21740134 0.7167916 3.0539458
v -0.21229704 0.71651137 3.0545542
v -0.2624141 0.7437589 3.0144687
v -0.2594846 0.7420814 2.999007
v -0.26241407 0.73650193 3.0111277
v -0.2594846 0.7493385 3.0023477
v -0.24824387 0.74727154 2.9877322
v -0.24824387 0.7533686 2.990539
v -0.23868297 0.7497699 2.9823046
v -0.23868297 0.7545768 2.9845173
v -0.22841033 0.7503631 2.9810162
v -0.22841032 0.7539839 2.9826832
v -0.21707274 0.74986595 2.9820962
v -0.21707277 0.751716 2.9829476
v -0.21695217 0.7523955 2.9814713
v -0.21695216 0.7505456 2.9806197
v -0.2624141 0.7437589 3.0144687
v -0.2697433 0.74734443 3.0066793
v -0.26357752 0.75065804 2.999481
v -0.2594846 0.7493385 3.0023477
v -0.24824387 0.7533686 2.990539
v -0.25143194 0.75506485 2.986854
v -0.23868297 0.7545768 2.9845173
v -0.23994403 0.7563952 2.980567
v -0.22841032 0.7539839 2.9826832
v -0.22812815 0.7556488 2.9790661
v -0.21707277 0.751716 2.9829476
v -0.21695217 0.7523955 2.9814713
v -0.22812814 0.752028 2.9773996
v -0.21695216 0.7505456 2.9806197
v -0.21695217 0.7523955 2.9814713
v -0.22812815 0.7556488 2.9790661
v -0.21707274 0.74986595 2.9820962
v -0.21695216 0.7505456 2.9806197
v -0.21695219 0.7486957 2.979768
v -0.21707278 0.748016 2.9812446
v -0.23994401 0.75158846 2.9783545
v -0.22812814 0.752028 2.9773996
v -0.22812815 0.7556488 2.9790661
v -0.23994403 0.7563952 2.980567
v -0.25143194 0.74896777 2.9840474
v -0.25143194 0.75506485 2.986854
v -0.2635775 0.74340105 2.9961402
v -0.26357752 0.75065804 2.999481
v -0.2697433 0.74734443 3.0066793
v -0.2697433 0.7400874 3.0033386
v -0.010548558 0.6221019 3.259646
v -0.0105485385 0.6391278 3.2674832
v 0.052713227 0.6635297 3.2117639
v 0.052713223 0.6475332 3.2044
v 0.052713223 0.6475332 3.2044
v 0.052713227 0.6635297 3.2117639
v -0.1260989 0.7413045 3.0428085
v -0.1260989 0.72530794 3.035445
v -0.0105485385 0.6391278 3.2674832
v -0.18401581 0.71905124 3.0938606
v -0.1260989 0.7413045 3.0428085
v 0.052713227 0.6635297 3.2117639
v -0.18401581 0.71905124 3.0938606
v -0.1840158 0.7020254 3.0860233
v -0.1260989 0.72530794 3.035445
v -0.1260989 0.7413045 3.0428085
v 0.83875155 0.16286755 4.2996264
v 0.8361976 0.1457639 4.294425
v 0.82582486 0.14165577 4.3033485
v 0.82582486 0.15589443 4.309903
v 0.7947961 0.18207425 4.257518
v 0.83875155 0.16286755 4.2996264
v 0.82582486 0.15589443 4.309903
v 0.78193223 0.17527226 4.267808
v 0.7922652 0.16512594 4.252363
v 0.7947961 0.18207425 4.257518
v 0.78193223 0.17527226 4.267808
v 0.78193223 0.16103354 4.2612534
v 0.78193223 0.16103354 4.2612534
v 0.78193223 0.17527226 4.267808
v 0.82582486 0.15589443 4.309903
v 0.82582486 0.14165577 4.3033485
v -0.118144676 0.5789317 3.396574
v -0.118144676 0.5718505 3.3933144
v -0.09313687 0.56097335 3.4169436
v -0.09313686 0.5680545 3.4202032
v -0.10910758 0.5452453 3.426606
v -0.11105401 0.5444629 3.4283059
v -0.11294263 0.55566764 3.4354627
v -0.10910758 0.55455315 3.4308906
v -0.09441791 0.5511506 3.4137776
v -0.09441791 0.5604584 3.4180622
v -0.10910758 0.56163424 3.4341502
v -0.11832092 0.5636481 3.4448283
v -0.0944179 0.5675395 3.421322
v -0.09313686 0.5680545 3.4202032
v -0.09313687 0.56097335 3.4169436
v -0.12935483 0.58180714 3.464865
v -0.1263701 0.56718946 3.4549773
v -0.14365546 0.57605827 3.4773536
v -0.13586473 0.56575245 3.464364
v -0.14535941 0.55955577 3.4715605
v -0.15340859 0.549543 3.4754698
v -0.16456461 0.5393406 3.48258
v -0.1587869 0.53723836 3.4754977
v -0.16067548 0.5245151 3.4716396
v -0.1645646 0.5229517 3.475036
v -0.18957241 0.55021775 3.458951
v -0.18957241 0.5338289 3.4514067
v -0.1856833 0.5353923 3.4480104
v -0.18379469 0.5481155 3.4518685
v -0.17841642 0.5604202 3.4518404
v -0.16866326 0.5869355 3.4537241
v -0.17036724 0.570433 3.447931
v -0.16087256 0.5766296 3.4407349
v -0.15137793 0.5780667 3.4313478
v -0.15436263 0.5926843 3.4412355
v -0.14332874 0.57452536 3.4211988
v -0.13411538 0.57251155 3.410521
v -0.13795044 0.5665449 3.4118333
v -0.13411538 0.56543034 3.4072614
v -0.11942572 0.57133555 3.394433
v -0.11942572 0.5784167 3.3976924
v -0.118144676 0.5718505 3.3933144
v -0.118144676 0.5789317 3.396574
v -0.13411538 0.55612266 3.4029768
v -0.13606182 0.5553402 3.4046767
v -0.11942573 0.5620278 3.3901484
v -0.18957241 0.5338289 3.4514067
v -0.16456461 0.5393406 3.48258
v -0.1645646 0.5229517 3.475036
v -0.18957241 0.55021775 3.458951
v -0.14365546 0.57605827 3.4773536
v -0.16866326 0.5869355 3.4537241
v -0.10910758 0.56163424 3.4341502
v -0.12935483 0.58180714 3.464865
v -0.15436263 0.5926843 3.4412355
v -0.13411538 0.57251155 3.410521
v -0.12935483 0.58180714 3.464865
v -0.14365546 0.57605827 3.4773536
v -0.16866326 0.5869355 3.4537241
v -0.15436263 0.5926843 3.4412355
v -0.31132138 0.64958775 3.2430835
v -0.29514757 0.6560896 3.228959
v -0.29514757 0.6490085 3.2256994
v -0.29663172 0.64841187 3.2269957
v -0.31132138 0.6425066 3.2398238
v -0.29663172 0.6391041 3.2227108
v -0.31132138 0.63319886 3.2355392
v -0.31515646 0.6436211 3.2443957
v -0.31326783 0.63241637 3.2372391
v -0.32053474 0.6516017 3.2537613
v -0.33156863 0.6697606 3.2737982
v -0.32858393 0.6551429 3.2639105
v -0.34586927 0.6640117 3.2862868
v -0.33807856 0.6537058 3.2732975
v -0.34757322 0.6475091 3.2804935
v -0.3556224 0.63749635 3.284403
v -0.36677843 0.62729394 3.2915137
v -0.36100072 0.6251917 3.284431
v -0.3667784 0.6109052 3.2839694
v -0.3628893 0.6124685 3.280573
v -0.32015532 0.6669668 3.2053297
v -0.32015532 0.65988564 3.2020702
v -0.29514757 0.6490085 3.2256994
v -0.29514757 0.6560896 3.228959
v -0.38600844 0.63606906 3.2608018
v -0.39178616 0.6217823 3.2603402
v -0.38789707 0.62334573 3.2569437
v -0.39178616 0.63817126 3.2678843
v -0.38063017 0.6483736 3.260774
v -0.370877 0.67488885 3.2626574
v -0.372581 0.65838635 3.2568643
v -0.36308634 0.66458297 3.2496681
v -0.35359168 0.66602004 3.240281
v -0.35657635 0.6806377 3.2501688
v -0.3455425 0.6624788 3.230132
v -0.33632916 0.6604649 3.2194545
v -0.34016418 0.65449834 3.2207665
v -0.33632916 0.6533838 3.2161946
v -0.32163948 0.66637015 3.2066262
v -0.33632916 0.6440761 3.2119102
v -0.3382756 0.6432936 3.21361
v -0.32163948 0.64998126 3.199082
v -0.32163948 0.659289 3.203366
v -0.32015532 0.6669668 3.2053297
v -0.32015532 0.65988564 3.2020702
v -0.39178616 0.6217823 3.2603402
v -0.36677843 0.62729394 3.2915137
v -0.3667784 0.6109052 3.2839694
v -0.39178616 0.63817126 3.2678843
v -0.34586927 0.6640117 3.2862868
v -0.370877 0.67488885 3.2626574
v -0.31132138 0.64958775 3.2430835
v -0.33156863 0.6697606 3.2737982
v -0.35657635 0.6806377 3.2501688
v -0.33632916 0.6604649 3.2194545
v -0.33156863 0.6697606 3.2737982
v -0.34586927 0.6640117 3.2862868
v -0.370877 0.67488885 3.2626574
v -0.35657635 0.6806377 3.2501688
v -0.30872005 0.59666693 3.354822
v -0.30872005 0.581503 3.3478413
v -0.31560454 0.58449733 3.3413365
v -0.31560457 0.6185896 3.3570302
v -0.28959394 0.60282135 3.3795562
v -0.31535676 0.6238507 3.3456006
v -0.31535673 0.5897586 3.3299072
v -0.30918965 0.62925166 3.3551488
v -0.283179 0.61793816 3.3797255
v -0.28959394 0.60727614 3.381607
v -0.25716835 0.60662484 3.4043026
v -0.28868133 0.60311496 3.3807364
v -0.2635833 0.59596276 3.4061837
v -0.26864254 0.5792352 3.39269
v -0.26864254 0.5640711 3.3857095
v -0.26358327 0.5618706 3.39049
v -0.19664203 0.588781 3.332031
v -0.19664204 0.62287325 3.3477244
v -0.22265266 0.63418657 3.323148
v -0.22265266 0.6000943 3.3074543
v -0.24866329 0.64549994 3.298571
v -0.2486633 0.61140776 3.2828774
v -0.24866329 0.64549994 3.298571
v -0.26124534 0.61151135 3.2826524
v -0.2486633 0.61140776 3.2828774
v -0.26124534 0.64560354 3.2983458
v -0.2651918 0.6218889 3.2916062
v -0.2633032 0.61068416 3.2844493
v -0.2705701 0.62986934 3.3009717
v -0.2786193 0.63341063 3.3111207
v -0.28830105 0.6347271 3.3219733
v -0.28811392 0.63197356 3.3205078
v -0.28830105 0.6318514 3.3206496
v -0.28213394 0.640128 3.3315215
v -0.25507823 0.65100443 3.307894
v -0.30918965 0.62925166 3.3551488
v -0.31535676 0.6238507 3.3456006
v -0.29760858 0.6257769 3.327704
v -0.30565774 0.61576414 3.3316133
v -0.31103605 0.6034595 3.3316412
v -0.31292465 0.59073627 3.327783
v -0.31535673 0.5897586 3.3299072
v -0.26124534 0.64560354 3.2983458
v -0.24866329 0.64549994 3.298571
v -0.25507823 0.65100443 3.307894
v -0.22265266 0.63418657 3.323148
v -0.22906756 0.639691 3.3324707
v -0.19664204 0.62287325 3.3477244
v -0.2636819 0.6417887 3.327914
v -0.28213394 0.640128 3.3315215
v -0.27525535 0.63713616 3.338021
v -0.23306012 0.638086 3.3359575
v -0.30918965 0.62925166 3.3551488
v -0.2878483 0.63207376 3.3490183
v -0.28020597 0.61913335 3.3771293
v -0.283179 0.61793816 3.3797255
v -0.2798112 0.61846495 3.3785815
v -0.24760766 0.614571 3.3870406
v -0.25716835 0.60662484 3.4043026
v -0.23011266 0.61750126 3.380675
v -0.23501472 0.6196334 3.376043
v -0.22344126 0.62428594 3.3659363
v -0.20305693 0.6283776 3.3570476
v -0.23147833 0.63789475 3.3363729
v -0.19688983 0.61761194 3.3591537
v -0.2635833 0.59596276 3.4061837
v -0.25100124 0.56176704 3.3907151
v -0.26358327 0.5618706 3.39049
v -0.25100124 0.59585917 3.4064088
v -0.25716835 0.60662484 3.4043026
v -0.24856913 0.56274474 3.388591
v -0.24668054 0.57546794 3.3924494
v -0.24130227 0.5877725 3.3924212
v -0.23325309 0.59778535 3.388512
v -0.23011266 0.61750126 3.380675
v -0.22394554 0.60385984 3.3814576
v -0.22394554 0.6067356 3.3827815
v -0.20305693 0.6283776 3.3570476
v -0.22375841 0.603982 3.3813157
v -0.21426378 0.60541904 3.3719285
v -0.19688983 0.61761194 3.3591537
v -0.20621459 0.60187775 3.3617797
v -0.20083629 0.59389734 3.3524141
v -0.19688983 0.5835198 3.3434603
v -0.19894767 0.5826925 3.3452575
v -0.19664203 0.588781 3.332031
v -0.19664204 0.62287325 3.3477244
v -0.2878483 0.63207376 3.3490183
v -0.2878483 0.652321 3.3583386
v -0.2798112 0.63871217 3.3879018
v -0.28020597 0.61913335 3.3771293
v -0.2798112 0.61846495 3.3785815
v -0.24760766 0.614571 3.3870406
v -0.24760766 0.6348182 3.3963609
v -0.23501472 0.6196334 3.376043
v -0.24760766 0.614571 3.3870406
v -0.24760766 0.6348182 3.3963609
v -0.22344126 0.62428594 3.3659363
v -0.22344127 0.64453304 3.3752568
v -0.2878483 0.652321 3.3583386
v -0.2636819 0.6620358 3.3372345
v -0.23147835 0.658142 3.345693
v -0.22344127 0.64453304 3.3752568
v -0.2798112 0.63871217 3.3879018
v -0.24760766 0.6348182 3.3963609
v -0.23147835 0.658142 3.345693
v -0.22344126 0.62428594 3.3659363
v -0.22344127 0.64453304 3.3752568
v -0.23147833 0.63789475 3.3363729
v -0.23306012 0.638086 3.3359575
v -0.2636819 0.6620358 3.3372345
v -0.2636819 0.6417887 3.327914
v -0.2878483 0.652321 3.3583386
v -0.2878483 0.63207376 3.3490183
v -0.27525535 0.63713616 3.338021
v -0.2636819 0.6417887 3.327914
v -0.2636819 0.6620358 3.3372345
v -0.2947233 0.56875074 3.415466
v -0.26864254 0.5792352 3.39269
v -0.26864254 0.5640711 3.3857095
v -0.2947233 0.5535866 3.4084857
v -0.28868133 0.60311496 3.3807364
v -0.26864254 0.5792352 3.39269
v -0.2947233 0.56875074 3.415466
v -0.31476212 0.5926306 3.4035122
v -0.3348008 0.5861825 3.3775978
v -0.28959394 0.60282135 3.3795562
v -0.30872005 0.59666693 3.354822
v -0.2947233 0.56875074 3.415466
v -0.2947233 0.5535866 3.4084857
v -0.3348008 0.57101846 3.3706174
v -0.3348008 0.5861825 3.3775978
v -0.31476212 0.5926306 3.4035122
v -0.30872005 0.581503 3.3478413
v -0.30872005 0.59666693 3.354822
v -0.3348008 0.5861825 3.3775978
v -0.3348008 0.57101846 3.3706174
v -0.078636594 0.55616 3.4274
v -0.08170212 0.5456199 3.4257927
v -0.08170212 0.5549276 3.430077
v -0.078636594 0.54685223 3.4231155
v -0.07614503 0.5478538 3.4209397
v -0.07467573 0.5577522 3.4239411
v -0.11942572 0.57133555 3.394433
v -0.14614427 0.5829569 3.3691874
v -0.118144676 0.5718505 3.3933144
v -0.14307874 0.58418924 3.3665104
v -0.078636594 0.55616 3.4274
v -0.09313687 0.56097335 3.4169436
v -0.09441791 0.5604584 3.4180622
v -0.08170212 0.5549276 3.430077
v -0.13867667 0.58595896 3.3626661
v -0.07467573 0.5577522 3.4239411
v -0.29031926 0.64823186 3.2273865
v -0.2933848 0.6469996 3.2300634
v -0.29663172 0.64841187 3.2269957
v -0.29514757 0.6490085 3.2256994
v -0.32015532 0.65988564 3.2020702
v -0.32193562 0.6619835 3.1975129
v -0.32163948 0.659289 3.203366
v -0.28490913 0.65040684 3.2226617
v -0.3582175 0.6751987 3.1688044
v -0.32836336 0.66955805 3.1810582
v -0.35515198 0.67643106 3.1661277
v -0.34914818 0.6788446 3.1608846
v -0.14307874 0.57488155 3.3622258
v -0.14014597 0.5760605 3.3596644
v -0.13867667 0.58595896 3.3626661
v -0.14307874 0.58418924 3.3665104
v -0.29031926 0.6389241 3.2231019
v -0.14307874 0.57488155 3.3622258
v -0.14307874 0.58418924 3.3665104
v -0.29031926 0.64823186 3.2273865
v -0.2863784 0.6405084 3.2196605
v -0.29031926 0.6389241 3.2231019
v -0.29031926 0.64823186 3.2273865
v -0.28490913 0.65040684 3.2226617
v -0.35000536 0.67284745 3.159031
v -0.34914818 0.6788446 3.1608846
v -0.35515198 0.67643106 3.1661277
v -0.35000533 0.66919225 3.1573486
v -0.35515198 0.6671233 3.161843
v -0.3582175 0.6751987 3.1688044
v -0.3582175 0.665891 3.16452
v -0.32163948 0.659289 3.203366
v -0.32163948 0.64998126 3.199082
v -0.3582175 0.665891 3.16452
v -0.3582175 0.6751987 3.1688044
v -0.29663172 0.6391041 3.2227108
v -0.29663172 0.64841187 3.2269957
v -0.2933848 0.6469996 3.2300634
v -0.2933848 0.63769186 3.225779
v -0.14614427 0.5829569 3.3691874
v -0.14614427 0.57364917 3.364903
v -0.11942572 0.57133555 3.394433
v -0.11942573 0.5620278 3.3901484
v -0.09441791 0.5511506 3.4137776
v -0.09441791 0.5604584 3.4180622
v -0.08170212 0.5549276 3.430077
v -0.08170212 0.5456199 3.4257927
v -0.11895935 0.5678606 3.4206245
v -0.12071353 0.5708308 3.414172
v -0.12071355 0.58134854 3.4190135
v -0.11895937 0.5783783 3.425466
v -0.111930795 0.5670107 3.4224706
v -0.1119308 0.5775285 3.4273121
v -0.10665634 0.5691311 3.4178646
v -0.111930795 0.5670107 3.4224706
v -0.1119308 0.5775285 3.4273121
v -0.10665637 0.5796488 3.4227061
v -0.12071355 0.58134854 3.4190135
v -0.11543911 0.58346885 3.4144075
v -0.10841048 0.58261895 3.4162538
v -0.10665637 0.5796488 3.4227061
v -0.11895937 0.5783783 3.425466
v -0.1119308 0.5775285 3.4273121
v -0.10841048 0.58261895 3.4162538
v -0.10665634 0.5691311 3.4178646
v -0.10665637 0.5796488 3.4227061
v -0.10841045 0.57210124 3.4114122
v -0.11543911 0.58346885 3.4144075
v -0.115439095 0.57295114 3.409566
v -0.12071353 0.5708308 3.414172
v -0.115439095 0.57295114 3.409566
v -0.11543911 0.58346885 3.4144075
v -0.12071355 0.58134854 3.4190135
v -0.32125127 0.655848 3.2294838
v -0.3230054 0.65881824 3.2230315
v -0.3230054 0.66933596 3.227873
v -0.32125127 0.66636574 3.2343252
v -0.3142227 0.6549982 3.2313302
v -0.3142227 0.6655159 3.2361715
v -0.30894828 0.65711856 3.226724
v -0.3142227 0.6549982 3.2313302
v -0.3142227 0.6655159 3.2361715
v -0.30894828 0.6676363 3.2315655
v -0.3230054 0.66933596 3.227873
v -0.31773096 0.67145634 3.223267
v -0.31070238 0.6706064 3.2251132
v -0.30894828 0.6676363 3.2315655
v -0.32125127 0.66636574 3.2343252
v -0.3142227 0.6655159 3.2361715
v -0.31070238 0.6706064 3.2251132
v -0.30894828 0.65711856 3.226724
v -0.30894828 0.6676363 3.2315655
v -0.31070238 0.66008866 3.2202713
v -0.31773096 0.67145634 3.223267
v -0.31773096 0.6609386 3.2184253
v -0.3230054 0.65881824 3.2230315
v -0.31773096 0.6609386 3.2184253
v -0.31773096 0.67145634 3.223267
v -0.3230054 0.66933596 3.227873
v -0.35394195 0.68532646 3.1452773
v -0.35314476 0.67509866 3.1445177
v -0.3964258 0.69392395 3.1036224
v -0.39504805 0.7032057 3.106437
v -0.35621235 0.69699705 3.1394043
v -0.39112446 0.7121822 3.1064167
v -0.3964258 0.69392395 3.1036224
v -0.38935447 0.6967666 3.0974472
v -0.38851497 0.70242214 3.0991623
v -0.39504805 0.7032057 3.106437
v -0.38612428 0.7078917 3.09915
v -0.39112446 0.7121822 3.1064167
v -0.38254634 0.71234244 3.097412
v -0.38525242 0.71948683 3.1035645
v -0.3783259 0.71509683 3.0942132
v -0.3783259 0.72400725 3.098315
v -0.37410542 0.7157357 3.0900404
v -0.37139934 0.72505563 3.0914667
v -0.36900917 0.71668506 3.085084
v -0.36900917 0.7240041 3.0884533
v -0.37052748 0.7141615 3.0855293
v -0.369514 0.7112131 3.0800648
v -0.38935447 0.6967666 3.0974472
v -0.41047814 0.7059544 3.077488
v -0.40963864 0.71160996 3.079203
v -0.38851497 0.70242214 3.0991623
v -0.40724793 0.7170795 3.0791905
v -0.38612428 0.7078917 3.09915
v -0.36999977 0.706809 3.0756314
v -0.38926044 0.719802 3.0614069
v -0.38842094 0.7148214 3.0582256
v -0.369514 0.7112131 3.0800648
v -0.39165115 0.72334933 3.0655699
v -0.37052748 0.7141615 3.0855293
v -0.40963864 0.71160996 3.079203
v -0.41047814 0.7059544 3.077488
v -0.38842094 0.7148214 3.0582256
v -0.40724793 0.7170795 3.0791905
v -0.38926044 0.719802 3.0614069
v -0.40367 0.7215302 3.0774524
v -0.39165115 0.72334933 3.0655699
v -0.39944956 0.72428477 3.0742538
v -0.39522907 0.7249235 3.0700812
v -0.37410542 0.7157357 3.0900404
v -0.39165115 0.72334933 3.0655699
v -0.37052748 0.7141615 3.0855293
v -0.39522907 0.7249235 3.0700812
v -0.3783259 0.71509683 3.0942132
v -0.39944956 0.72428477 3.0742538
v -0.38254634 0.71234244 3.097412
v -0.40367 0.7215302 3.0774524
v -0.38612428 0.7078917 3.09915
v -0.40724793 0.7170795 3.0791905
v -0.36900917 0.7240041 3.0884533
v -0.36762613 0.7234144 3.0950322
v -0.37139934 0.72505563 3.0914667
v -0.3783259 0.72400725 3.098315
v -0.3636181 0.71761006 3.112212
v -0.38525242 0.71948683 3.1035645
v -0.3596101 0.7083335 3.1277936
v -0.39112446 0.7121822 3.1064167
v -0.35621235 0.69699705 3.1394043
v 0.83875155 0.16286755 4.2996264
v 0.87180614 0.13007039 4.328517
v 0.8361976 0.1457639 4.294425
v 0.8743646 0.14730614 4.333743
v 0.88165045 0.16397485 4.333705
v 0.84601307 0.17940351 4.2996244
v 0.7947961 0.18207425 4.257518
v 0.80208373 0.19842198 4.257614
v 0.7395618 0.22548974 4.1978226
v 0.732597 0.20928311 4.197734
v 0.7922652 0.16512594 4.252363
v 0.7300004 0.19255355 4.1927805
v 0.42148966 0.34521505 3.899758
v 0.42803574 0.36034605 3.8998258
v 0.41907567 0.32959035 3.895087
v 0.9182787 0.18788004 4.3059444
v 0.8932048 0.19837421 4.2584114
v 0.92918265 0.18308282 4.2921953
v 0.8823782 0.20313439 4.2720613
v 0.9054165 0.18593335 4.31866
v 0.84885585 0.21722347 4.2167673
v 0.869609 0.20119876 4.284685
v 0.8925544 0.17753887 4.328409
v 0.83812463 0.22193807 4.230295
v 0.78573656 0.24405053 4.1574974
v 0.77514124 0.24870017 4.1708517
v 0.4808476 0.37355778 3.8712494
v 0.46722198 0.3794962 3.8802445
v 0.7626498 0.24679765 4.183196
v 0.45117867 0.3795866 3.8876588
v 0.44547528 0.37753668 3.8893359
v 0.4379462 0.37264958 3.8950331
v 0.8254701 0.22001603 4.2428036
v 0.85683894 0.19287044 4.294366
v 0.7501546 0.2386668 4.1926775
v 0.42803574 0.36034605 3.8998258
v 0.7395618 0.22548974 4.1978226
v 0.8128135 0.21176925 4.2524023
v 0.80208373 0.19842198 4.257614
v 0.84601307 0.17940351 4.2996244
v 0.88165045 0.16397485 4.333705
v 0.008187589 0.5639638 3.474417
v 0.44547528 0.37753668 3.8893359
v 0.4379462 0.37264958 3.8950331
v 0.0018086248 0.5598162 3.4792411
v -0.0071172775 0.5487191 3.483571
v 0.42803574 0.36034605 3.8998258
v 0.025117164 0.44071445 3.699466
v 0.028859317 0.4236196 3.6908214
v -0.06946251 0.41588208 3.70763
v 0.014460423 0.45461783 3.7080739
v -0.0014885553 0.463213 3.7153351
v -0.020301659 0.46519145 3.7201433
v -0.039114702 0.46025202 3.7217672
v -0.055063657 0.44914654 3.7199597
v -0.0657204 0.433566 3.7149951
v 0.42803574 0.36034605 3.8998258
v -0.013051042 0.5350786 3.4835591
v -0.0071172775 0.5487191 3.483571
v 0.42148966 0.34521505 3.899758
v 0.41907567 0.32959035 3.895087
v -0.014979912 0.5208959 3.4795017
v 0.9054165 0.10123029 4.279669
v 0.8925544 0.09928352 4.292386
v 0.88165045 0.10408068 4.306134
v 0.9182787 0.109624654 4.2699213
v 0.8743646 0.11489165 4.318821
v 0.92918265 0.123188734 4.2646246
v 0.87180614 0.13007039 4.328517
v 0.9364685 0.13985741 4.2645874
v 0.93902683 0.15709314 4.2698126
v -0.35000536 0.6655371 3.1556659
v -0.35314476 0.67509866 3.1445177
v -0.35000533 0.66919225 3.1573486
v -0.35077667 0.6584306 3.1485746
v -0.34914815 0.6602291 3.1523154
v -0.35394198 0.6678705 3.1372418
v -0.32836336 0.65094256 3.172489
v -0.3279048 0.64822185 3.1707513
v -0.28490913 0.6317913 3.2140927
v -0.3539113 0.65397424 3.1309974
v -0.35621238 0.6647427 3.1245565
v -0.35860252 0.655882 3.1086402
v -0.35961014 0.66619116 3.1083941
v -0.36413604 0.66386366 3.0849059
v -0.36361814 0.6719955 3.0912144
v -0.36785656 0.67249703 3.0704508
v -0.36762613 0.68127215 3.0756328
v -0.3696695 0.67670393 3.0634077
v -0.3690092 0.68588656 3.0709066
v -0.32241464 0.6400754 3.1611907
v -0.37375283 0.6926533 3.0478303
v -0.3690092 0.6932056 3.0742757
v -0.00711729 0.49971128 3.4610116
v -0.37632453 0.70262873 3.0423791
v -0.369514 0.7005769 3.0751688
v -0.3763254 0.7187097 3.0497787
v -0.36999977 0.706809 3.0756314
v -0.37991384 0.7235451 3.0392745
v -0.37991384 0.7019561 3.0293365
v -0.37991387 0.68781227 3.0228257
v -0.36578193 0.6750186 3.0670688
v -0.35705757 0.66084844 3.091495
v -0.39747724 0.69973916 2.9969165
v -0.35705757 0.65701437 3.08973
v -0.3974772 0.7138829 3.0034273
v -0.39747724 0.7354719 3.013365
v -0.41539958 0.71661544 2.9602551
v -0.351781 0.64694697 3.091999
v -0.35078612 0.65348446 3.080803
v -0.30807596 0.63738716 3.144778
v -0.30020013 0.6335465 3.1533144
v -0.3002001 0.6213139 3.1476831
v -0.06767674 0.5304038 3.3720963
v -0.06767671 0.52017725 3.367389
v -0.41539958 0.7307591 2.9667659
v -0.4153996 0.75234807 2.9767041
v -0.4305875 0.72943413 2.9324088
v -0.4305875 0.74357766 2.9389193
v -0.4468752 0.7400718 2.907903
v -0.4305875 0.76516664 2.9488575
v -0.45247853 0.746434 2.9044154
v -0.443887 0.7750352 2.9274197
v -0.4638809 0.76156896 2.8998356
v -0.46388093 0.78315794 2.9097738
v 0.8932048 0.13890952 4.231039
v 0.92918265 0.123188734 4.2646246
v 0.9364685 0.13985741 4.2645874
v 0.9004396 0.15545851 4.231
v 0.93902683 0.15709314 4.2698126
v 0.84885585 0.15828806 4.189638
v 0.9029802 0.17257157 4.236189
v 0.85602784 0.17468962 4.189598
v 0.78573656 0.18586841 4.1307154
v 0.8585465 0.19165137 4.1947403
v 0.79281914 0.2020601 4.1306734
v 0.48084757 0.3191072 3.8461845
v 0.7953067 0.21880665 4.135749
v 0.48996446 0.33318147 3.8484733
v 0.4931683 0.34848312 3.8540452
v -0.37375283 0.6926533 3.0478303
v -0.3696695 0.67670393 3.0634077
v -0.36578193 0.6750186 3.0670688
v -0.36785656 0.67249703 3.0704508
v -0.35705757 0.66084844 3.091495
v -0.36413604 0.66386366 3.0849059
v -0.35860252 0.655882 3.1086402
v -0.30807596 0.63738716 3.144778
v -0.31419808 0.63646054 3.1508307
v -0.30020013 0.6335465 3.1533144
v -0.32241464 0.6400754 3.1611907
v -0.3539113 0.65397424 3.1309974
v 0.0018086088 0.49578428 3.4497654
v -0.00711729 0.49971128 3.4610116
v -0.06767674 0.5304038 3.3720963
v -0.056237593 0.5253296 3.3828595
v 0.0081875725 0.49675193 3.4434774
v -0.2863784 0.6405084 3.2196605
v -0.14014597 0.5760605 3.3596644
v -0.13867667 0.5673435 3.354097
v -0.13810469 0.5640495 3.3519678
v -0.07467573 0.5391367 3.415372
v -0.07406455 0.53564906 3.4131117
v -0.013051049 0.5085909 3.4713657
v -0.014979912 0.5208959 3.4795017
v -0.07614503 0.5478538 3.4209397
v 0.48996446 0.33318147 3.8484733
v 0.4931683 0.34848312 3.8540452
v 0.4992798 0.34954986 3.8517277
v 0.49927977 0.31768116 3.8370578
v 0.5221133 0.362259 3.8241189
v 0.49927977 0.28581247 3.8223875
v 0.48084757 0.3191072 3.8461845
v 0.46722195 0.30841216 3.8475225
v 0.4480146 0.2912235 3.8484366
v 0.45117864 0.30272105 3.8522751
v 0.44547525 0.2914916 3.849727
v 0.44547525 0.30277988 3.854923
v 0.5221133 0.31022856 3.8001676
v 0.5288358 0.37366924 3.7993317
v 0.5288358 0.3502045 3.7885303
v 0.10032242 0.56739604 3.3784869
v 0.5288358 0.3502045 3.7885303
v 0.5288358 0.37366924 3.7993317
v 0.10032242 0.54393137 3.3676856
v 0.5221133 0.31022856 3.8001676
v 0.081702866 0.5078806 3.3707962
v 0.033399932 0.5730394 3.3044522
v 0.028739497 0.53091717 3.3207524
v 0.03339994 0.5965041 3.3152537
v 0.02445811 0.6003934 3.3068047
v 0.021861993 0.57219505 3.2965717
v 0.081702866 0.5078806 3.3707962
v 0.49927977 0.28581247 3.8223875
v 0.5221133 0.31022856 3.8001676
v 0.14704326 0.4428035 3.4813457
v 0.44547525 0.2914916 3.849727
v 0.008187599 0.48169106 3.4365447
v 0.028739497 0.53091717 3.3207524
v -0.0010709945 0.5160712 3.345468
v -0.056237567 0.50971293 3.3756707
v -0.025151577 0.5448824 3.3337553
v -0.06767671 0.52017725 3.367389
v 0.005174882 0.5625006 3.3097696
v 0.021861993 0.57219505 3.2965717
v 0.033399932 0.5730394 3.3044522
v 0.44547525 0.30277988 3.854923
v 0.44547525 0.2914916 3.849727
v 0.008187599 0.48169106 3.4365447
v 0.0081875725 0.49675193 3.4434774
v -0.056237567 0.50971293 3.3756707
v -0.056237593 0.5253296 3.3828595
v -0.06767671 0.52017725 3.367389
v -0.06767674 0.5304038 3.3720963
v -0.33484197 0.7783003 2.8282342
v -0.29109785 0.79895455 2.7919543
v -0.31930587 0.8093005 2.7694795
v -0.35671285 0.7909903 2.800429
v -0.33709326 0.82111883 2.764768
v -0.3539984 0.7692554 2.844122
v -0.36878762 0.80305856 2.793841
v -0.36264873 0.83323836 2.7542403
v -0.43999884 0.75022304 2.8693376
v -0.38843125 0.8182076 2.7753608
v -0.39599356 0.82732546 2.7739348
v -0.44167084 0.761528 2.860696
v -0.4729316 0.7689452 2.8445835
v -0.47848305 0.7715056 2.8390212
v -0.41995952 0.83847237 2.7497196
v -0.50256604 0.7823545 2.8154533
v -0.6049683 0.96794164 2.440593
v -0.77208006 0.88997877 2.5586839
v -0.48545647 0.76770186 2.9098785
v -0.51671726 0.77511907 2.8937654
v -0.5222687 0.77767944 2.8882034
v -0.5463517 0.7885284 2.8646357
v -0.81586325 0.8961518 2.6078684
v -0.7803068 0.8956814 2.5605958
v -0.8143809 0.9003788 2.5987298
v -0.4638809 0.76156896 2.8998356
v -0.4315116 0.73265684 2.9084084
v -0.45247853 0.746434 2.9044154
v -0.4468752 0.7400718 2.907903
v -0.4246219 0.72566235 2.9235704
v -0.4305875 0.72943413 2.9324088
v -0.398377 0.7418246 2.8997645
v -0.40959927 0.71319646 2.9513388
v -0.34028825 0.76130927 2.885747
v -0.41539958 0.71661544 2.9602551
v -0.35146183 0.7707161 2.8572092
v -0.33265048 0.7823006 2.8401463
v -0.3162844 0.79265463 2.8443196
v -0.32550755 0.77455604 2.8836365
v -0.3914982 0.69624186 2.988495
v -0.39747724 0.69973916 2.9969165
v -0.3270733 0.73878086 2.9346867
v -0.31772885 0.75243104 2.9317002
v -0.37317047 0.68381065 3.0155466
v -0.37991387 0.68781227 3.0228257
v -0.30151892 0.72040045 2.9746158
v -0.2924556 0.7341728 2.9713635
v -0.2599842 0.7182873 3.0058727
v -0.35078612 0.65348446 3.080803
v -0.35705757 0.65701437 3.08973
v -0.26904747 0.70451486 3.0091252
v -0.20257977 0.6756046 3.0719287
v -0.19351648 0.68937695 3.0686765
v -0.1840158 0.6849997 3.0781856
v -0.010548547 0.6050761 3.2518082
v -0.3002001 0.6213139 3.1476831
v -0.351781 0.64694697 3.091999
v 0.021861993 0.57219505 3.2965717
v 0.0309253 0.5859674 3.2933195
v -0.06767671 0.52017725 3.367389
v -0.29109788 0.80908334 2.7966175
v -0.29109788 0.8306724 2.8065553
v -0.3193059 0.8410183 2.7840798
v -0.3193059 0.8194294 2.774142
v -0.29109785 0.79895455 2.7919543
v -0.33709326 0.8448744 2.7757032
v -0.31930587 0.8093005 2.7694795
v -0.33709326 0.8307853 2.7692175
v -0.36264876 0.8509923 2.7624128
v -0.33709326 0.82111883 2.764768
v -0.36264876 0.8419763 2.7582626
v -0.36264873 0.83323836 2.7542403
v -0.39599356 0.83745444 2.7785976
v -0.39599356 0.8424778 2.78091
v -0.41995952 0.8536247 2.7566948
v -0.41995952 0.84860134 2.7543824
v -0.39599356 0.82732546 2.7739348
v -0.6049725 0.99368405 2.4524348
v -0.41995952 0.83847237 2.7497196
v -0.6049714 0.97807276 2.4452505
v -0.6133063 0.99432516 2.4510422
v -0.6049683 0.96794164 2.440593
v -0.61330616 0.9783895 2.4437065
v -0.61337095 0.97395015 2.441579
v -0.5463517 0.80124223 2.8704884
v -0.81586325 0.8961518 2.6078684
v -0.8158624 0.91759026 2.6177382
v -0.5463517 0.7885284 2.8646357
v -0.52226865 0.79039335 2.8940558
v -0.5222687 0.77767944 2.8882034
v -0.5167172 0.787833 2.899618
v -0.51671726 0.77511907 2.8937654
v -0.48545647 0.7804158 2.915731
v -0.48545647 0.76770186 2.9098785
v 0.030925304 0.60299325 3.3011568
v 0.0309253 0.5859674 3.2933195
v 0.021861993 0.57219505 3.2965717
v 0.02445811 0.6003934 3.3068047
v -0.46388093 0.78315794 2.9097738
v -0.4638809 0.76156896 2.8998356
v -0.48545647 0.76770186 2.9098785
v -0.48545647 0.7804158 2.915731
v -0.36264873 0.83323836 2.7542403
v -0.39599356 0.83745444 2.7785976
v -0.39599356 0.82732546 2.7739348
v -0.36264876 0.8419763 2.7582626
v -0.39599356 0.8424778 2.78091
v -0.36264876 0.8509923 2.7624128
v -0.29638812 0.7402648 2.9666884
v -0.29638815 0.7540396 2.9730294
v -0.31772885 0.76945686 2.9395375
v -0.31772885 0.755682 2.9331965
v -0.32550755 0.79158187 2.891474
v -0.32550755 0.77455604 2.8836365
v -0.31772885 0.75243104 2.9317002
v -0.2924556 0.7341728 2.9713635
v -0.28291947 0.7327586 2.9829948
v -0.2599842 0.7182873 3.0058727
v -0.2697433 0.7328303 2.999998
v -0.2829195 0.7465334 2.9893355
v -0.2697433 0.7400874 3.0033386
v -0.2624141 0.7292448 3.0077872
v -0.26241407 0.73650193 3.0111277
v -0.21740134 0.7167916 3.0539458
v -0.21740133 0.7030167 3.047605
v -0.19299488 0.6923877 3.0706952
v -0.19351648 0.68937695 3.0686765
v -0.1840158 0.7020254 3.0860233
v -0.1840158 0.6849997 3.0781856
v -0.1929949 0.70616245 3.0770361
v -0.3162844 0.79265463 2.8443196
v -0.32550755 0.77455604 2.8836365
v -0.32550755 0.79158187 2.891474
v -0.31628442 0.80968046 2.8521574
v -0.29109788 0.80908334 2.7966175
v -0.29109788 0.8306724 2.8065553
v -0.33265048 0.7823006 2.8401463
v -0.29109785 0.79895455 2.7919543
v -0.33484197 0.7783003 2.8282342
v -0.3539984 0.7692554 2.844122
v -0.010548547 0.6050761 3.2518082
v 0.0309253 0.5859674 3.2933195
v 0.030925304 0.60299325 3.3011568
v -0.010548558 0.6221019 3.259646
v -0.77208006 0.88997877 2.5586839
v -0.6049683 0.96794164 2.440593
v -0.61337095 0.97395015 2.441579
v -0.7803068 0.8956814 2.5605958
v -0.61330616 0.9783895 2.4437065
v -0.8143809 0.9003788 2.5987298
v -0.6133063 0.99432516 2.4510422
v -0.8144213 0.9217864 2.6086228
v -0.8158624 0.91759026 2.6177382
v -0.81586325 0.8961518 2.6078684
v -0.112942636 0.5317397 3.4244478
v -0.09746928 0.5385542 3.4411416
v -0.11105401 0.5444629 3.4283059
v -0.0993579 0.525831 3.4372833
v -0.104736194 0.5135263 3.4373116
v -0.11832093 0.51943505 3.4244754
v 0.030208739 0.4497246 3.5358713
v 0.039287247 0.47049475 3.535824
v 0.058888853 0.4372501 3.5629702
v 0.042475205 0.4919714 3.5423362
v 0.06796736 0.45802024 3.5629232
v 0.07115532 0.47949687 3.5694356
v -0.13795045 0.5426169 3.4008186
v -0.13606182 0.5553402 3.4046767
v -0.19894767 0.5826925 3.3452575
v -0.20083629 0.5699693 3.3413992
v -0.14332873 0.5303123 3.4008465
v -0.20621458 0.55766463 3.341427
v -0.31326783 0.63241637 3.2372391
v -0.2651918 0.59796095 3.2805912
v -0.2633032 0.61068416 3.2844493
v -0.31515643 0.61969316 3.2333808
v -0.27057007 0.5856563 3.2806194
v -0.3205347 0.6073885 3.2334087
v -0.3382756 0.6432936 3.21361
v -0.37434518 0.6589821 3.1795287
v -0.3762338 0.6462589 3.1756706
v -0.34016418 0.63057035 3.2097516
v -0.38161206 0.6339543 3.1756985
v -0.3455425 0.61826575 3.2097797
v -0.02901906 0.42591503 3.587594
v -0.009417519 0.42691156 3.6305025
v -0.00033894583 0.41344056 3.6146932
v -0.038097635 0.4393861 3.6034033
v -0.012605439 0.44582513 3.6425827
v -0.13982387 0.49942115 3.467953
v -0.041285552 0.4582996 3.6154838
v -0.14520216 0.5074016 3.477319
v -0.1534086 0.50532985 3.4551175
v -0.14709072 0.5186064 3.4844759
v -0.1587869 0.5133104 3.464483
v -0.16067548 0.5245151 3.4716396
v -0.1837947 0.52418745 3.4408536
v -0.1784164 0.5162071 3.431488
v -0.24130225 0.5435595 3.372069
v -0.24668056 0.5515399 3.3814344
v -0.24856913 0.56274474 3.388591
v -0.1856833 0.5353923 3.4480104
v -0.30565774 0.571551 3.311261
v -0.3556224 0.59328324 3.2640505
v -0.3610007 0.60126376 3.2734163
v -0.31103605 0.57953155 3.3206265
v -0.31292465 0.59073627 3.327783
v -0.3628893 0.6124685 3.280573
v -0.38063014 0.60416055 3.2404213
v -0.41669977 0.6198491 3.2063398
v -0.42207804 0.62782955 3.2157056
v -0.38600844 0.612141 3.2497869
v -0.42396665 0.6390343 3.2228625
v -0.38789707 0.62334573 3.2569437
v -0.42396665 0.6390343 3.2228625
v -0.42449597 0.62559557 3.2172363
v -0.42658377 0.63798225 3.225148
v -0.42207804 0.62782955 3.2157056
v -0.41855034 0.61677325 3.2068827
v -0.41669977 0.6198491 3.2063398
v -0.4096521 0.61285853 3.1956632
v -0.40865058 0.61630785 3.1961913
v -0.3991559 0.6144471 3.185286
v -0.3991559 0.6177449 3.186804
v -0.38865972 0.6212974 3.1773307
v -0.38966125 0.62394154 3.1796079
v -0.3797615 0.6323664 3.173009
v -0.38161206 0.6339543 3.1756985
v -0.3738159 0.6459688 3.1729782
v -0.3762338 0.6462589 3.1756706
v -0.37172806 0.6600342 3.1772432
v -0.37434518 0.6589821 3.1795287
v -0.42449597 0.62559557 3.2172363
v -0.41855034 0.61677325 3.2068827
v -0.42624336 0.6201194 3.1996138
v -0.432189 0.62894166 3.2099674
v -0.42658377 0.63798225 3.225148
v -0.43427685 0.64132833 3.217879
v -0.42977107 0.6311757 3.2084367
v -0.4316597 0.6423805 3.2155936
v -0.43427685 0.64132833 3.217879
v -0.432189 0.62894166 3.2099674
v -0.42439276 0.6231952 3.1990712
v -0.42624336 0.6201194 3.1996138
v -0.4163436 0.61965394 3.1889224
v -0.41734514 0.61620456 3.1883943
v -0.40684894 0.621091 3.1795354
v -0.40684894 0.6177932 3.1780171
v -0.3973543 0.6272876 3.1723392
v -0.39635277 0.62464345 3.170062
v -0.3893051 0.63730043 3.1684294
v -0.3874545 0.6357125 3.16574
v -0.3839268 0.64960504 3.1684015
v -0.3815089 0.6493151 3.1657093
v -0.38203824 0.66232824 3.1722596
v -0.37942111 0.6633804 3.169974
v -0.42977107 0.6311757 3.2084367
v -0.42439276 0.6231952 3.1990712
v -0.5131102 0.6447069 3.1253264
v -0.5209849 0.65639156 3.1390393
v -0.4316597 0.6423805 3.2155936
v -0.5237501 0.6727971 3.1495173
v -0.5237501 0.6727971 3.1495173
v -0.5227228 0.6547859 3.1401396
v -0.5256311 0.6720408 3.1511602
v -0.5209849 0.65639156 3.1390393
v -0.51444036 0.6424962 3.1257164
v -0.5131102 0.6447069 3.1253264
v -0.50204486 0.6370427 3.1100874
v -0.501325 0.63952196 3.1104667
v -0.4874234 0.63925576 3.0956316
v -0.4874234 0.6416261 3.0967228
v -0.4728019 0.6487984 3.08455
v -0.47352174 0.6506989 3.0861866
v -0.46040642 0.6642178 3.0785294
v -0.46173653 0.6653592 3.0804622
v -0.452124 0.68316656 3.0784862
v -0.4538619 0.683375 3.0804214
v -0.4492156 0.70275986 3.0844274
v -0.45109665 0.7020037 3.0860703
v -0.5227228 0.6547859 3.1401396
v -0.51444036 0.6424962 3.1257164
v -0.5484516 0.6572894 3.0935802
v -0.556734 0.66957915 3.108003
v -0.5256311 0.6720408 3.1511602
v -0.5596424 0.6868341 3.119024
v -0.3738159 0.6459688 3.1729782
v -0.37172806 0.6600342 3.1772432
v -0.37942111 0.6633804 3.169974
v -0.3815089 0.6493151 3.1657093
v -0.3797615 0.6323664 3.173009
v -0.3874545 0.6357125 3.16574
v -0.3839268 0.64960504 3.1684015
v -0.38203824 0.66232824 3.1722596
v -0.45109665 0.7020037 3.0860703
v -0.4538619 0.683375 3.0804214
v -0.3893051 0.63730043 3.1684294
v -0.46173653 0.6653592 3.0804622
v -0.452124 0.68316656 3.0784862
v -0.4492156 0.70275986 3.0844274
v -0.48322684 0.71755314 3.0522912
v -0.4861352 0.69795984 3.0463498
v -0.46040642 0.6642178 3.0785294
v -0.49441764 0.67901105 3.0463932
v -0.4728019 0.6487984 3.08455
v -0.46040642 0.6642178 3.0785294
v -0.49441764 0.67901105 3.0463932
v -0.5068131 0.66359174 3.0524135
v -0.4874234 0.63925576 3.0956316
v -0.5214346 0.65404904 3.0634954
v -0.50204486 0.6370427 3.1100874
v -0.5360561 0.651836 3.0779512
v -0.51444036 0.6424962 3.1257164
v -0.5484516 0.6572894 3.0935802
v -0.3973543 0.6272876 3.1723392
v -0.3893051 0.63730043 3.1684294
v -0.46173653 0.6653592 3.0804622
v -0.47352174 0.6506989 3.0861866
v -0.40684894 0.621091 3.1795354
v -0.4874234 0.6416261 3.0967228
v -0.4163436 0.61965394 3.1889224
v -0.501325 0.63952196 3.1104667
v -0.42439276 0.6231952 3.1990712
v -0.5131102 0.6447069 3.1253264
v -0.38865972 0.6212974 3.1773307
v -0.3797615 0.6323664 3.173009
v -0.3874545 0.6357125 3.16574
v -0.39635277 0.62464345 3.170062
v -0.3991559 0.6144471 3.185286
v -0.40684894 0.6177932 3.1780171
v -0.4096521 0.61285853 3.1956632
v -0.41734514 0.61620456 3.1883943
v -0.41855034 0.61677325 3.2068827
v -0.42624336 0.6201194 3.1996138
v -0.5484516 0.6572894 3.0935802
v -0.5360561 0.651836 3.0779512
v -0.5214346 0.65404904 3.0634954
v -0.5068131 0.66359174 3.0524135
v -0.556734 0.66957915 3.108003
v -0.49441764 0.67901105 3.0463932
v -0.5596424 0.6868341 3.119024
v -0.4861352 0.69795984 3.0463498
v -0.48322684 0.71755314 3.0522912
v -0.29760855 0.56800985 3.301112
v -0.28830102 0.5694185 3.29191
v -0.2881139 0.5694468 3.291725
v -0.34757322 0.58974206 3.2539015
v -0.30565774 0.571551 3.311261
v -0.3556224 0.59328324 3.2640505
v -0.33807856 0.5911791 3.2445147
v -0.27861926 0.5756434 3.2845287
v -0.3285839 0.59737575 3.2373185
v -0.3205347 0.6073885 3.2334087
v -0.27057007 0.5856563 3.2806194
v -0.13982387 0.49942115 3.467953
v -0.14535943 0.50178856 3.4449685
v -0.1534086 0.50532985 3.4551175
v -0.1317747 0.49587995 3.4578042
v -0.02901906 0.42591503 3.587594
v -0.122280024 0.4973169 3.4484174
v -0.13586475 0.5032256 3.4355814
v -0.12637012 0.5094223 3.4283855
v -0.015432078 0.4199374 3.5704627
v -0.00033894583 0.41344056 3.6146932
v 0.013248036 0.40746292 3.5975618
v 0.0005948356 0.42236313 3.5546174
v 0.029274935 0.40988865 3.5817165
v -0.112785384 0.5035136 3.4412212
v -0.11832093 0.51943505 3.4244754
v -0.104736194 0.5135263 3.4373116
v 0.016621767 0.4328231 3.5424705
v 0.04530191 0.4203486 3.5695698
v 0.030208739 0.4497246 3.5358713
v 0.058888853 0.4372501 3.5629702
v -0.1784164 0.5162071 3.431488
v -0.23325308 0.5400182 3.3619199
v -0.24130225 0.5435595 3.372069
v -0.17036723 0.51266587 3.421339
v -0.16087255 0.51410294 3.411952
v -0.22394553 0.5414269 3.3527179
v -0.2237584 0.54145527 3.3525329
v -0.15137792 0.5202995 3.404756
v -0.21426377 0.5476519 3.345337
v -0.20621458 0.55766463 3.341427
v -0.14332873 0.5303123 3.4008465
v -0.37258098 0.6006192 3.2302723
v -0.41669977 0.6198491 3.2063398
v -0.38063014 0.60416055 3.2404213
v -0.40865058 0.61630785 3.1961913
v -0.3991559 0.6177449 3.186804
v -0.3630863 0.60205626 3.2208853
v -0.35359168 0.60825294 3.213689
v -0.38966125 0.62394154 3.1796079
v -0.3455425 0.61826575 3.2097797
v -0.38161206 0.6339543 3.1756985
v 0.07115532 0.47949687 3.5694356
v 0.07103155 0.45765272 3.5595112
v 0.07447202 0.48083016 3.5665393
v 0.06796736 0.45802024 3.5629232
v 0.061234087 0.4352378 3.5595617
v 0.058888853 0.4372501 3.5629702
v 0.04657116 0.4169977 3.566684
v 0.04530191 0.4203486 3.5695698
v 0.029274993 0.40570942 3.5797927
v 0.029274935 0.40988865 3.5817165
v 0.011978842 0.40309158 3.5968928
v 0.013248036 0.40746292 3.5975618
v -0.0026840915 0.4095426 3.6153808
v -0.00033894583 0.41344056 3.6146932
v -0.012481616 0.4240804 3.6324422
v -0.009417519 0.42691156 3.6305025
v -0.015922036 0.44449183 3.6454792
v -0.012605439 0.44582513 3.6425827
v 0.07447202 0.48083016 3.5665393
v 0.12051886 0.4361281 3.6062703
v 0.12395928 0.45930567 3.6132984
v 0.07103155 0.45765272 3.5595112
v 0.1107214 0.41371313 3.606321
v 0.061234087 0.4352378 3.5595617
v -0.015922036 0.44449183 3.6454792
v 0.022623273 0.42772642 3.6818998
v 0.024930477 0.418938 3.6773763
v -0.012481616 0.4240804 3.6324422
v 0.03700566 0.4025558 3.6792014
v -0.0026840915 0.4095426 3.6153808
v 0.04680317 0.38801798 3.6621401
v 0.033565223 0.42296723 3.6922386
v 0.028078945 0.4253535 3.6870546
v 0.011978842 0.40309158 3.5968928
v -0.0026840915 0.4095426 3.6153808
v 0.04680317 0.38801798 3.6621401
v 0.061466087 0.3815669 3.6436522
v 0.029274993 0.40570942 3.5797927
v 0.078762285 0.3841848 3.6265523
v 0.04657116 0.4169977 3.566684
v 0.09605842 0.39547303 3.613443
v 0.061234087 0.4352378 3.5595617
v 0.1107214 0.41371313 3.606321
v 0.078762285 0.3841848 3.6265523
v 0.061466087 0.3815669 3.6436522
v 0.04680317 0.38801798 3.6621401
v 0.09605842 0.39547303 3.613443
v 0.03700566 0.4025558 3.6792014
v 0.1107214 0.41371313 3.606321
v 0.033565223 0.42296723 3.6922386
v 0.12051886 0.4361281 3.6062703
v 0.12395928 0.45930567 3.6132984
v 0.028859317 0.4236196 3.6908214
v 0.028078945 0.4253535 3.6870546
v 0.024930477 0.418938 3.6773763
v 0.023118671 0.41037598 3.6738102
v 0.025117155 0.40593562 3.6834564
v 0.012461909 0.3947954 3.6688457
v 0.014460407 0.39035502 3.6784918
v 0.023118671 0.41037598 3.6738102
v 0.024930477 0.418938 3.6773763
v 0.022623273 0.42772642 3.6818998
v 0.012461909 0.3947954 3.6688457
v -0.07146108 0.4203224 3.6979837
v -0.0034869853 0.3836899 3.667038
v -0.02230009 0.37875053 3.6686618
v -0.04111315 0.38072893 3.6734705
v -0.057062127 0.38932416 3.6807313
v -0.06771887 0.40322742 3.6893394
v -0.06572042 0.3987871 3.6989853
v -0.07146108 0.4203224 3.6979837
v -0.06946251 0.41588208 3.70763
v -0.06771887 0.40322742 3.6893394
v -0.055063672 0.38488373 3.6903775
v -0.057062127 0.38932416 3.6807313
v -0.039114665 0.37628856 3.6831164
v -0.057062127 0.38932416 3.6807313
v -0.055063672 0.38488373 3.6903775
v -0.04111315 0.38072893 3.6734705
v -0.020301621 0.3743101 3.678308
v -0.02230009 0.37875053 3.6686618
v -0.0014885168 0.3792496 3.676684
v -0.0034869853 0.3836899 3.667038
v 0.014460407 0.39035502 3.6784918
v 0.012461909 0.3947954 3.6688457
v -0.1916404 0.70740867 3.0743287
v -0.19299488 0.6923877 3.0706952
v -0.1929949 0.70616245 3.0770361
v -0.19164039 0.6936338 3.0679877
v -0.1837942 0.7129539 3.0622823
v -0.18379419 0.69917905 3.0559413
v -0.17613138 0.7180177 3.051282
v -0.17613135 0.70424294 3.044941
v -0.16748877 0.72523725 3.0355988
v -0.16748877 0.71146244 3.0292578
v -0.16546716 0.73308486 3.0185509
v -0.16546716 0.71931005 3.01221
v -0.19299488 0.6923877 3.0706952
v -0.21229704 0.70273656 3.0482132
v -0.21740133 0.7030167 3.047605
v -0.19164039 0.6936338 3.0679877
v -0.18379419 0.69917905 3.0559413
v -0.19496979 0.7039219 3.0456386
v -0.17613135 0.70424294 3.044941
v -0.18255557 0.7070371 3.0388708
v -0.16748877 0.71146244 3.0292578
v -0.17180873 0.7119248 3.028253
v -0.16546716 0.71931005 3.01221
v -0.16871072 0.7186239 3.0137002
v -0.17790408 0.73322874 2.9819734
v -0.18098591 0.7324227 2.9837244
v -0.20737508 0.746186 2.9538257
v -0.2098114 0.7450579 2.9562762
v -0.2249263 0.75184405 2.941534
v -0.2263343 0.75044274 2.9445782
v -0.2519425 0.75337434 2.9382098
v -0.25120768 0.7518858 2.9414437
v -0.2675212 0.74977744 2.9460237
v -0.26474336 0.7484318 2.9489467
v -0.2846286 0.7421521 2.9625885
v -0.28086922 0.7408815 2.9653487
v -0.29638812 0.7402648 2.9666884
v -0.28300962 0.7347458 2.9786775
v -0.28291947 0.7327586 2.9829948
v -0.16546716 0.71931005 3.01221
v -0.16546716 0.73308486 3.0185509
v -0.1779041 0.7470036 2.9883144
v -0.17790408 0.73322874 2.9819734
v -0.20737511 0.7599608 2.9601665
v -0.20737508 0.746186 2.9538257
v -0.22492631 0.76561904 2.9478748
v -0.2249263 0.75184405 2.941534
v -0.25194252 0.7671492 2.9445505
v -0.2519425 0.75337434 2.9382098
v -0.2519425 0.75337434 2.9382098
v -0.25194252 0.7671492 2.9445505
v -0.26752123 0.7635522 2.9523647
v -0.2675212 0.74977744 2.9460237
v -0.28462857 0.75592685 2.9689295
v -0.2846286 0.7421521 2.9625885
v -0.29638812 0.7402648 2.9666884
v -0.29638815 0.7540396 2.9730294
v -0.2829195 0.7465334 2.9893355
v -0.28300965 0.7485206 2.9850185
v -0.28300962 0.7347458 2.9786775
v -0.28291947 0.7327586 2.9829948
v -0.28086925 0.7546563 2.9716897
v -0.28300962 0.7347458 2.9786775
v -0.28300965 0.7485206 2.9850185
v -0.28086922 0.7408815 2.9653487
v -0.26474336 0.76220655 2.955288
v -0.26474336 0.7484318 2.9489467
v -0.2512077 0.7656605 2.9477847
v -0.25120768 0.7518858 2.9414437
v -0.22633433 0.7642176 2.9509192
v -0.25120768 0.7518858 2.9414437
v -0.2512077 0.7656605 2.9477847
v -0.2263343 0.75044274 2.9445782
v -0.20981142 0.7588327 2.9626172
v -0.2098114 0.7450579 2.9562762
v -0.18098591 0.7461976 2.990065
v -0.18098591 0.7324227 2.9837244
v -0.16871072 0.7323987 3.0200412
v -0.16871072 0.7186239 3.0137002
v -0.17180876 0.72569966 3.034594
v -0.16871072 0.7186239 3.0137002
v -0.16871072 0.7323987 3.0200412
v -0.17180873 0.7119248 3.028253
v -0.18255559 0.72081196 3.0452118
v -0.18255557 0.7070371 3.0388708
v -0.1949698 0.7176967 3.0519793
v -0.19496979 0.7039219 3.0456386
v -0.21229704 0.71651137 3.0545542
v -0.21229704 0.70273656 3.0482132
v -0.21229704 0.70273656 3.0482132
v -0.21229704 0.71651137 3.0545542
v -0.21740134 0.7167916 3.0539458
v -0.21740133 0.7030167 3.047605
v -0.2624141 0.7292448 3.0077872
v -0.26241407 0.73650193 3.0111277
v -0.2594846 0.7420814 2.999007
v -0.2594846 0.7348244 2.9956663
v -0.24824387 0.74727154 2.9877322
v -0.24824385 0.74117434 2.9849257
v -0.23868297 0.7497699 2.9823046
v -0.23868297 0.74496317 2.980092
v -0.22841033 0.7503631 2.9810162
v -0.22841032 0.7467423 2.9793494
v -0.21707274 0.74986595 2.9820962
v -0.21707277 0.74801594 2.9812446
v -0.21695217 0.7486956 2.979768
v -0.21695216 0.7505456 2.9806197
v -0.2624141 0.7292448 3.0077872
v -0.2635775 0.73614395 2.9927995
v -0.2697433 0.7328303 2.999998
v -0.2594846 0.7348244 2.9956663
v -0.24824385 0.74117434 2.9849257
v -0.25143194 0.74287057 2.9812407
v -0.23868297 0.74496317 2.980092
v -0.23994401 0.7467816 2.976142
v -0.22841032 0.7467423 2.9793494
v -0.22812815 0.74840724 2.9757328
v -0.21707277 0.74801594 2.9812446
v -0.21695217 0.7486956 2.979768
v -0.22812814 0.752028 2.9773996
v -0.22812815 0.74840724 2.9757328
v -0.21695217 0.7486956 2.979768
v -0.21695216 0.7505456 2.9806197
v -0.21707274 0.74986595 2.9820962
v -0.21707278 0.7517159 2.9829476
v -0.21695219 0.7523955 2.9814713
v -0.21695216 0.7505456 2.9806197
v -0.23994401 0.75158846 2.9783545
v -0.22812815 0.74840724 2.9757328
v -0.22812814 0.752028 2.9773996
v -0.23994401 0.7467816 2.976142
v -0.25143194 0.74896777 2.9840474
v -0.25143194 0.74287057 2.9812407
v -0.2635775 0.74340105 2.9961402
v -0.2635775 0.73614395 2.9927995
v -0.2697433 0.7328303 2.999998
v -0.2697433 0.7400874 3.0033386
v -0.010548558 0.6221019 3.259646
v 0.052713223 0.6475332 3.2044
v 0.05271322 0.6315366 3.1970365
v -0.010548547 0.6050761 3.2518082
v 0.052713223 0.6475332 3.2044
v -0.1260989 0.72530794 3.035445
v -0.1260989 0.7093115 3.0280812
v 0.05271322 0.6315366 3.1970365
v -0.010548547 0.6050761 3.2518082
v 0.05271322 0.6315366 3.1970365
v -0.1260989 0.7093115 3.0280812
v -0.1840158 0.6849997 3.0781856
v -0.1840158 0.6849997 3.0781856
v -0.1260989 0.7093115 3.0280812
v -0.1260989 0.72530794 3.035445
v -0.1840158 0.7020254 3.0860233
v 0.83875155 0.13068977 4.284814
v 0.82582486 0.127417 4.296795
v 0.82582486 0.14165577 4.3033485
v 0.8361976 0.1457639 4.294425
v 0.7947961 0.15018845 4.24284
v 0.78193223 0.14679489 4.2546988
v 0.82582486 0.127417 4.296795
v 0.83875155 0.13068977 4.284814
v 0.7922652 0.16512594 4.252363
v 0.78193223 0.16103354 4.2612534
v 0.78193223 0.14679489 4.2546988
v 0.7947961 0.15018845 4.24284
v 0.78193223 0.16103354 4.2612534
v 0.82582486 0.14165577 4.3033485
v 0.82582486 0.127417 4.296795
v 0.78193223 0.14679489 4.2546988
v -0.11814468 0.5461539 3.3814855
v -0.09313688 0.5352767 3.4051147
v -0.09313687 0.54235786 3.4083743
v -0.11814468 0.55323505 3.3847451
v -0.1645646 0.5229517 3.475036
v -0.16067548 0.5245151 3.4716396
v -0.1587869 0.5133104 3.464483
v -0.16456461 0.5065628 3.4674916
v -0.1534086 0.50532985 3.4551175
v -0.14535943 0.50178856 3.4449685
v -0.14365542 0.48665607 3.436199
v -0.12935479 0.4924049 3.4237103
v -0.13586475 0.5032256 3.4355814
v -0.12637012 0.5094223 3.4283855
v -0.109107584 0.5288565 3.4190617
v -0.11832093 0.51943505 3.4244754
v -0.112942636 0.5317397 3.4244478
v -0.10910758 0.5359376 3.4223216
v -0.11105401 0.5444629 3.4283059
v -0.10910758 0.5452453 3.426606
v -0.09441791 0.5511506 3.4137776
v -0.09441791 0.5418429 3.4094932
v -0.094417915 0.5347618 3.4062333
v -0.09313688 0.5352767 3.4051147
v -0.09313687 0.54235786 3.4083743
v -0.1837947 0.52418745 3.4408536
v -0.1856833 0.5353923 3.4480104
v -0.18957241 0.5338289 3.4514067
v -0.18957242 0.51744 3.4438624
v -0.1784164 0.5162071 3.431488
v -0.17036723 0.51266587 3.421339
v -0.16866325 0.49753326 3.41257
v -0.15436262 0.5032822 3.4000814
v -0.16087255 0.51410294 3.411952
v -0.15137792 0.5202995 3.404756
v -0.1341154 0.53973377 3.3954325
v -0.14332873 0.5303123 3.4008465
v -0.13795045 0.5426169 3.4008186
v -0.1341154 0.5468149 3.398692
v -0.13606182 0.5553402 3.4046767
v -0.13411538 0.55612266 3.4029768
v -0.11942573 0.55272007 3.3858638
v -0.11942573 0.5620278 3.3901484
v -0.11942573 0.5456389 3.3826041
v -0.11814468 0.55323505 3.3847451
v -0.11814468 0.5461539 3.3814855
v -0.18957241 0.5338289 3.4514067
v -0.1645646 0.5229517 3.475036
v -0.16456461 0.5065628 3.4674916
v -0.18957242 0.51744 3.4438624
v -0.14365542 0.48665607 3.436199
v -0.16866325 0.49753326 3.41257
v -0.109107584 0.5288565 3.4190617
v -0.1341154 0.53973377 3.3954325
v -0.15436262 0.5032822 3.4000814
v -0.12935479 0.4924049 3.4237103
v -0.12935479 0.4924049 3.4237103
v -0.15436262 0.5032822 3.4000814
v -0.16866325 0.49753326 3.41257
v -0.14365542 0.48665607 3.436199
v -0.31132138 0.63319886 3.2355392
v -0.29663172 0.6391041 3.2227108
v -0.29663172 0.6297963 3.2184262
v -0.31132138 0.6238911 3.2312546
v -0.29514757 0.630393 3.2171302
v -0.31326783 0.63241637 3.2372391
v -0.29514757 0.6233119 3.2138705
v -0.31515643 0.61969316 3.2333808
v -0.31132138 0.61680996 3.227995
v -0.3205347 0.6073885 3.2334087
v -0.3285839 0.59737575 3.2373185
v -0.3315686 0.5803583 3.2326438
v -0.33807856 0.5911791 3.2445147
v -0.34757322 0.58974206 3.2539015
v -0.34586924 0.57460946 3.2451322
v -0.3667784 0.5945163 3.276425
v -0.3556224 0.59328324 3.2640505
v -0.3610007 0.60126376 3.2734163
v -0.3667784 0.6109052 3.2839694
v -0.3628893 0.6124685 3.280573
v -0.32015532 0.634189 3.1902413
v -0.29514757 0.6233119 3.2138705
v -0.29514757 0.630393 3.2171302
v -0.32015532 0.64127016 3.193501
v -0.38600844 0.612141 3.2497869
v -0.38789707 0.62334573 3.2569437
v -0.39178616 0.6217823 3.2603402
v -0.39178616 0.60539347 3.252796
v -0.38063014 0.60416055 3.2404213
v -0.37258098 0.6006192 3.2302723
v -0.370877 0.58548665 3.221503
v -0.35657635 0.5912355 3.2090144
v -0.3630863 0.60205626 3.2208853
v -0.35359168 0.60825294 3.213689
v -0.33632913 0.62768716 3.204366
v -0.3455425 0.61826575 3.2097797
v -0.34016418 0.63057035 3.2097516
v -0.33632913 0.63476825 3.2076254
v -0.3382756 0.6432936 3.21361
v -0.33632916 0.6440761 3.2119102
v -0.32163948 0.64998126 3.199082
v -0.32163948 0.63359237 3.1915374
v -0.32163948 0.6406735 3.1947973
v -0.32015532 0.634189 3.1902413
v -0.32015532 0.64127016 3.193501
v -0.39178616 0.6217823 3.2603402
v -0.3667784 0.6109052 3.2839694
v -0.3667784 0.5945163 3.276425
v -0.39178616 0.60539347 3.252796
v -0.34586924 0.57460946 3.2451322
v -0.370877 0.58548665 3.221503
v -0.31132138 0.61680996 3.227995
v -0.33632913 0.62768716 3.204366
v -0.35657635 0.5912355 3.2090144
v -0.3315686 0.5803583 3.2326438
v -0.3315686 0.5803583 3.2326438
v -0.35657635 0.5912355 3.2090144
v -0.370877 0.58548665 3.221503
v -0.34586924 0.57460946 3.2451322
v -0.31560454 0.58449733 3.3413365
v -0.30872005 0.581503 3.3478413
v -0.30872005 0.566339 3.3408608
v -0.31560454 0.55040514 3.3256428
v -0.28959388 0.54354656 3.3522704
v -0.31535673 0.5556664 3.3142138
v -0.31535673 0.5897586 3.3299072
v -0.30918962 0.5449008 3.3163197
v -0.283179 0.53358734 3.3408966
v -0.28959388 0.5390918 3.3502195
v -0.28868133 0.54245913 3.3528147
v -0.25716838 0.52227396 3.3654733
v -0.26358324 0.52777845 3.3747964
v -0.26864254 0.54890716 3.3787293
v -0.26358327 0.5618706 3.39049
v -0.26864254 0.5640711 3.3857095
v -0.19664203 0.588781 3.332031
v -0.22265266 0.5660022 3.2917604
v -0.19664203 0.5546888 3.3163373
v -0.22265266 0.6000943 3.3074543
v -0.24866328 0.57731557 3.2671838
v -0.2486633 0.61140776 3.2828774
v -0.24866328 0.57731557 3.2671838
v -0.2486633 0.61140776 3.2828774
v -0.26124534 0.61151135 3.2826524
v -0.2612453 0.57741916 3.2669587
v -0.2651918 0.59796095 3.2805912
v -0.2633032 0.61068416 3.2844493
v -0.27057007 0.5856563 3.2806194
v -0.27861926 0.5756434 3.2845287
v -0.2881139 0.5694468 3.291725
v -0.28830102 0.5665428 3.290586
v -0.28830102 0.5694185 3.29191
v -0.29760855 0.56800985 3.301112
v -0.2821339 0.5557772 3.2926924
v -0.2550782 0.5666536 3.2690647
v -0.30918962 0.5449008 3.3163197
v -0.31535673 0.5556664 3.3142138
v -0.30565774 0.571551 3.311261
v -0.31103605 0.57953155 3.3206265
v -0.31535673 0.5897586 3.3299072
v -0.31292465 0.59073627 3.327783
v -0.2612453 0.57741916 3.2669587
v -0.2550782 0.5666536 3.2690647
v -0.24866328 0.57731557 3.2671838
v -0.22265266 0.5660022 3.2917604
v -0.22906756 0.5553402 3.2936418
v -0.19664203 0.5546888 3.3163373
v -0.2636819 0.55743784 3.2890847
v -0.2821339 0.5557772 3.2926924
v -0.27525532 0.5527853 3.2991917
v -0.23306012 0.55373514 3.2971284
v -0.30918962 0.5449008 3.3163197
v -0.2878483 0.54772294 3.3101888
v -0.2802059 0.5347825 3.3383002
v -0.283179 0.53358734 3.3408966
v -0.27981114 0.53411406 3.3397524
v -0.24760765 0.53022015 3.3482113
v -0.25716838 0.52227396 3.3654733
v -0.23011264 0.5331503 3.341846
v -0.2350147 0.53528255 3.3372142
v -0.22344126 0.539935 3.3271072
v -0.20305693 0.54402673 3.3182185
v -0.23147833 0.5535438 3.297544
v -0.19688982 0.5494276 3.3277667
v -0.26358324 0.52777845 3.3747964
v -0.26358327 0.5618706 3.39049
v -0.25100124 0.56176704 3.3907151
v -0.25100124 0.5276748 3.3750215
v -0.25716838 0.52227396 3.3654733
v -0.23011264 0.5331503 3.341846
v -0.24668056 0.5515399 3.3814344
v -0.24856913 0.56274474 3.388591
v -0.24130225 0.5435595 3.372069
v -0.23325308 0.5400182 3.3619199
v -0.22394553 0.5385512 3.3513942
v -0.20305693 0.54402673 3.3182185
v -0.19688982 0.5494276 3.3277667
v -0.22394553 0.5414269 3.3527179
v -0.2237584 0.54145527 3.3525329
v -0.21426377 0.5476519 3.345337
v -0.20621458 0.55766463 3.341427
v -0.20083629 0.5699693 3.3413992
v -0.19688983 0.5835198 3.3434603
v -0.19894767 0.5826925 3.3452575
v -0.19664203 0.588781 3.332031
v -0.19664203 0.5546888 3.3163373
v -0.2878483 0.5274757 3.3008685
v -0.2878483 0.54772294 3.3101888
v -0.2802059 0.5347825 3.3383002
v -0.27981114 0.53411406 3.3397524
v -0.27981117 0.5138668 3.330432
v -0.24760765 0.53022015 3.3482113
v -0.24760763 0.50997293 3.338891
v -0.22344124 0.51968783 3.3177867
v -0.24760763 0.50997293 3.338891
v -0.24760765 0.53022015 3.3482113
v -0.22344126 0.539935 3.3271072
v -0.2350147 0.53528255 3.3372142
v -0.23147832 0.5332967 3.2882235
v -0.2636819 0.5371907 3.2797642
v -0.2878483 0.5274757 3.3008685
v -0.22344124 0.51968783 3.3177867
v -0.27981117 0.5138668 3.330432
v -0.24760763 0.50997293 3.338891
v -0.23147832 0.5332967 3.2882235
v -0.22344124 0.51968783 3.3177867
v -0.22344126 0.539935 3.3271072
v -0.23147833 0.5535438 3.297544
v -0.2636819 0.5371907 3.2797642
v -0.23306012 0.55373514 3.2971284
v -0.2636819 0.55743784 3.2890847
v -0.2878483 0.54772294 3.3101888
v -0.2878483 0.5274757 3.3008685
v -0.2636819 0.5371907 3.2797642
v -0.27525532 0.5527853 3.2991917
v -0.2636819 0.55743784 3.2890847
v -0.2947233 0.5384227 3.4015052
v -0.2947233 0.5535866 3.4084857
v -0.26864254 0.5640711 3.3857095
v -0.26864254 0.54890716 3.3787293
v -0.28868133 0.54245913 3.3528147
v -0.2947233 0.5384227 3.4015052
v -0.26864254 0.54890716 3.3787293
v -0.31476206 0.5319746 3.3755906
v -0.33480078 0.5558545 3.363637
v -0.28959388 0.54354656 3.3522704
v -0.30872005 0.566339 3.3408608
v -0.2947233 0.5384227 3.4015052
v -0.31476206 0.5319746 3.3755906
v -0.33480078 0.5558545 3.363637
v -0.2947233 0.5535866 3.4084857
v -0.3348008 0.57101846 3.3706174
v -0.30872005 0.581503 3.3478413
v -0.3348008 0.57101846 3.3706174
v -0.33480078 0.5558545 3.363637
v -0.30872005 0.566339 3.3408608
v -0.078636594 0.5375445 3.4188309
v -0.08170212 0.53631204 3.421508
v -0.08170212 0.5456199 3.4257927
v -0.078636594 0.54685223 3.4231155
v -0.07614503 0.5478538 3.4209397
v -0.07467573 0.5391367 3.415372
v -0.09441791 0.5418429 3.4094932
v -0.08170212 0.53631204 3.421508
v -0.078636594 0.5375445 3.4188309
v -0.09313687 0.54235786 3.4083743
v -0.11814468 0.55323505 3.3847451
v -0.14307874 0.56557375 3.357941
v -0.13867667 0.5673435 3.354097
v -0.07467573 0.5391367 3.415372
v -0.14614427 0.5643414 3.360618
v -0.11942573 0.55272007 3.3858638
v -0.29031926 0.62961644 3.2188172
v -0.2933848 0.62838405 3.2214944
v -0.29663172 0.6297963 3.2184262
v -0.29514757 0.630393 3.2171302
v -0.32015532 0.64127016 3.193501
v -0.3219356 0.643368 3.1889436
v -0.28490913 0.6317913 3.2140927
v -0.32163948 0.6406735 3.1947973
v -0.3582175 0.6565833 3.1602354
v -0.32836336 0.65094256 3.172489
v -0.35515198 0.6578156 3.1575584
v -0.34914815 0.6602291 3.1523154
v -0.14307874 0.57488155 3.3622258
v -0.14307874 0.56557375 3.357941
v -0.13867667 0.5673435 3.354097
v -0.14014597 0.5760605 3.3596644
v -0.29031926 0.6389241 3.2231019
v -0.29031926 0.62961644 3.2188172
v -0.14307874 0.56557375 3.357941
v -0.14307874 0.57488155 3.3622258
v -0.2863784 0.6405084 3.2196605
v -0.28490913 0.6317913 3.2140927
v -0.29031926 0.62961644 3.2188172
v -0.29031926 0.6389241 3.2231019
v -0.35000536 0.6655371 3.1556659
v -0.35000533 0.66919225 3.1573486
v -0.35515198 0.6671233 3.161843
v -0.34914815 0.6602291 3.1523154
v -0.35515198 0.6578156 3.1575584
v -0.3582175 0.6565833 3.1602354
v -0.3582175 0.665891 3.16452
v -0.32163948 0.6406735 3.1947973
v -0.3582175 0.6565833 3.1602354
v -0.3582175 0.665891 3.16452
v -0.32163948 0.64998126 3.199082
v -0.29663172 0.6391041 3.2227108
v -0.2933848 0.62838405 3.2214944
v -0.29663172 0.6297963 3.2184262
v -0.2933848 0.63769186 3.225779
v -0.14614427 0.5643414 3.360618
v -0.14614427 0.57364917 3.364903
v -0.11942573 0.55272007 3.3858638
v -0.11942573 0.5620278 3.3901484
v -0.09441791 0.5511506 3.4137776
v -0.08170212 0.5456199 3.4257927
v -0.08170212 0.53631204 3.421508
v -0.09441791 0.5418429 3.4094932
v -0.11895937 0.5350829 3.4055357
v -0.12071353 0.5275353 3.3942418
v -0.12071355 0.5380531 3.3990834
v -0.11895935 0.5245651 3.4006941
v -0.1119308 0.534233 3.407382
v -0.11193079 0.52371526 3.4025404
v -0.10665636 0.53635335 3.402776
v -0.10665636 0.52583563 3.3979344
v -0.11193079 0.52371526 3.4025404
v -0.1119308 0.534233 3.407382
v -0.10841046 0.52880573 3.3914819
v -0.115439095 0.5296557 3.3896358
v -0.12071353 0.5275353 3.3942418
v -0.10665636 0.52583563 3.3979344
v -0.11895935 0.5245651 3.4006941
v -0.11193079 0.52371526 3.4025404
v -0.10841046 0.52880573 3.3914819
v -0.10665636 0.52583563 3.3979344
v -0.10665636 0.53635335 3.402776
v -0.108410455 0.53932345 3.3963237
v -0.115439095 0.5296557 3.3896358
v -0.1154391 0.5401734 3.3944774
v -0.12071355 0.5380531 3.3990834
v -0.12071353 0.5275353 3.3942418
v -0.115439095 0.5296557 3.3896358
v -0.1154391 0.5401734 3.3944774
v -0.32125127 0.6230703 3.2143953
v -0.32300538 0.6155228 3.2031014
v -0.32300538 0.62604046 3.207943
v -0.32125127 0.6125525 3.2095537
v -0.3142227 0.6222204 3.2162416
v -0.3142227 0.61170274 3.2114
v -0.30894825 0.6243408 3.2116354
v -0.30894825 0.61382306 3.2067938
v -0.3142227 0.61170274 3.2114
v -0.3142227 0.6222204 3.2162416
v -0.31070235 0.6167933 3.2003412
v -0.31773096 0.6176431 3.198495
v -0.32300538 0.6155228 3.2031014
v -0.30894825 0.61382306 3.2067938
v -0.32125127 0.6125525 3.2095537
v -0.3142227 0.61170274 3.2114
v -0.31070235 0.6167933 3.2003412
v -0.30894825 0.61382306 3.2067938
v -0.30894825 0.6243408 3.2116354
v -0.31070235 0.62731093 3.205183
v -0.31773096 0.6176431 3.198495
v -0.31773096 0.62816083 3.203337
v -0.32300538 0.62604046 3.207943
v -0.32300538 0.6155228 3.2031014
v -0.31773096 0.6176431 3.198495
v -0.31773096 0.62816083 3.203337
v -0.35394198 0.6678705 3.1372418
v -0.3964258 0.69392395 3.1036224
v -0.35314476 0.67509866 3.1445177
v -0.39504808 0.68574977 3.0984018
v -0.35621238 0.6647427 3.1245565
v -0.3911245 0.6799279 3.091569
v -0.3964258 0.69392395 3.1036224
v -0.38851497 0.69178593 3.094266
v -0.38935447 0.6967666 3.0974472
v -0.39504808 0.68574977 3.0984018
v -0.3861243 0.6882385 3.090103
v -0.3911245 0.6799279 3.091569
v -0.38254637 0.6866644 3.0855918
v -0.38525242 0.67734444 3.084165
v -0.3783259 0.6873032 3.0814192
v -0.3783259 0.67839277 3.0773172
v -0.37410542 0.6900576 3.0782204
v -0.37139934 0.68291336 3.0720675
v -0.3690092 0.68588656 3.0709066
v -0.3690092 0.6932056 3.0742757
v -0.37052748 0.69450843 3.0764823
v -0.369514 0.7005769 3.0751688
v -0.38935447 0.6967666 3.0974472
v -0.40963864 0.7009737 3.074307
v -0.41047814 0.7059544 3.077488
v -0.38851497 0.69178593 3.094266
v -0.40724793 0.6974263 3.0701435
v -0.3861243 0.6882385 3.090103
v -0.36999977 0.706809 3.0756314
v -0.38842094 0.7148214 3.0582256
v -0.38926044 0.70916575 3.0565107
v -0.369514 0.7005769 3.0751688
v -0.39165112 0.70369625 3.056523
v -0.37052748 0.69450843 3.0764823
v -0.40724793 0.6974263 3.0701435
v -0.40366998 0.6958523 3.0656323
v -0.39944956 0.696491 3.0614595
v -0.39522907 0.69924545 3.058261
v -0.40963864 0.7009737 3.074307
v -0.39165112 0.70369625 3.056523
v -0.41047814 0.7059544 3.077488
v -0.38926044 0.70916575 3.0565107
v -0.38842094 0.7148214 3.0582256
v -0.37410542 0.6900576 3.0782204
v -0.37052748 0.69450843 3.0764823
v -0.39165112 0.70369625 3.056523
v -0.39522907 0.69924545 3.058261
v -0.3783259 0.6873032 3.0814192
v -0.39944956 0.696491 3.0614595
v -0.38254637 0.6866644 3.0855918
v -0.40366998 0.6958523 3.0656323
v -0.3861243 0.6882385 3.090103
v -0.40724793 0.6974263 3.0701435
v -0.3690092 0.68588656 3.0709066
v -0.37139934 0.68291336 3.0720675
v -0.36762613 0.68127215 3.0756328
v -0.3783259 0.67839277 3.0773172
v -0.36361814 0.6719955 3.0912144
v -0.38525242 0.67734444 3.084165
v -0.35961014 0.66619116 3.1083941
v -0.3911245 0.6799279 3.091569
v -0.35621238 0.6647427 3.1245565
v 0.83875155 0.13068977 4.284814
v 0.8361976 0.1457639 4.294425
v 0.87180614 0.13007039 4.328517
v 0.8743646 0.11489165 4.318821
v 0.88165045 0.10408068 4.306134
v 0.84601307 0.119937986 4.272251
v 0.7947961 0.15018845 4.24284
v 0.80208373 0.13948488 4.230483
v 0.7395618 0.1673046 4.1710386
v 0.732597 0.17791155 4.1832924
v 0.7922652 0.16512594 4.252363
v 0.7300004 0.19255355 4.1927805
v 0.42148963 0.31588122 3.8862545
v 0.4280357 0.30598983 3.8748043
v 0.41907567 0.32959035 3.895087
v 0.9182787 0.109624654 4.2699213
v 0.92918265 0.123188734 4.2646246
v 0.8932048 0.13890952 4.231039
v 0.8823782 0.12544471 4.2362986
v 0.9054165 0.10123029 4.279669
v 0.84885585 0.15828806 4.189638
v 0.869609 0.11711395 4.2459774
v 0.8925544 0.09928352 4.292386
v 0.83812463 0.14494565 4.194854
v 0.78573656 0.18586841 4.1307154
v 0.77514124 0.17270014 4.135867
v 0.48084757 0.3191072 3.8461845
v 0.46722195 0.30841216 3.8475225
v 0.7626498 0.16455951 4.14534
v 0.45117864 0.30272105 3.8522751
v 0.44547525 0.30277988 3.854923
v 0.43794617 0.30162957 3.8623407
v 0.8254701 0.13669336 4.2044477
v 0.85683894 0.11517516 4.2586
v 0.7501546 0.1626443 4.1576824
v 0.4280357 0.30598983 3.8748043
v 0.7395618 0.1673046 4.1710386
v 0.8128135 0.13476425 4.216954
v 0.80208373 0.13948488 4.230483
v 0.84601307 0.119937986 4.272251
v 0.88165045 0.10408068 4.306134
v 0.0081875725 0.49675193 3.4434774
v 0.43794617 0.30162957 3.8623407
v 0.44547525 0.30277988 3.854923
v 0.0018086088 0.49578428 3.4497654
v -0.00711729 0.49971128 3.4610116
v 0.4280357 0.30598983 3.8748043
v -0.06946251 0.41588208 3.70763
v 0.028859317 0.4236196 3.6908214
v 0.025117155 0.40593562 3.6834564
v 0.014460407 0.39035502 3.6784918
v -0.0014885168 0.3792496 3.676684
v -0.020301621 0.3743101 3.678308
v -0.039114665 0.37628856 3.6831164
v -0.055063672 0.38488373 3.6903775
v -0.06572042 0.3987871 3.6989853
v 0.4280357 0.30598983 3.8748043
v -0.00711729 0.49971128 3.4610116
v -0.013051049 0.5085909 3.4713657
v 0.42148963 0.31588122 3.8862545
v 0.41907567 0.32959035 3.895087
v -0.014979912 0.5208959 3.4795017
v -0.37722123 0.66019785 3.0775075
v -0.3771942 0.67736167 3.0853798
v -0.38931045 0.6837731 3.1011543
v -0.38853198 0.64591 3.082901
v -0.33827323 0.63429976 3.0317397
v -0.3428715 0.62474835 3.0322096
v -0.36136964 0.6704788 3.1003323
v -0.37270743 0.63902694 3.0978532
v -0.3734859 0.67689013 3.1161065
v -0.36139667 0.65331495 3.0924597
v -0.33374017 0.62077665 3.0408375
v -0.3291419 0.6303281 3.0403676
v -0.3771942 0.67736167 3.0853798
v -0.37722123 0.66019785 3.0775075
v -0.36139667 0.65331495 3.0924597
v -0.36136964 0.6704788 3.1003323
v -0.3734859 0.67689013 3.1161065
v -0.37270743 0.63902694 3.0978532
v -0.38853198 0.64591 3.082901
v -0.38931045 0.6837731 3.1011543
v -0.3291419 0.6303281 3.0403676
v -0.33827323 0.63429976 3.0317397
v -0.3428715 0.62474835 3.0322096
v -0.33374017 0.62077665 3.0408375
v -0.37722123 0.66019785 3.0775075
v -0.33827323 0.63429976 3.0317397
v -0.3291419 0.6303281 3.0403676
v -0.36139667 0.65331495 3.0924597
v -0.37270743 0.63902694 3.0978532
v -0.33374017 0.62077665 3.0408375
v -0.3428715 0.62474835 3.0322096
v -0.38853198 0.64591 3.082901
v -0.32878977 0.6172482 3.017599
v -0.3387768 0.61728686 3.0193627
v -0.33121777 0.6107798 3.0250232
v -0.34163105 0.6126423 3.0294526
v -0.34650588 0.62041676 3.0251348
v -0.33364576 0.6093464 3.0347648
v -0.32365876 0.6107112 3.0336473
v -0.32940024 0.6125312 3.0434067
v -0.34050766 0.61372477 3.040814
v -0.33583587 0.62012064 3.0491078
v -0.34459466 0.6222582 3.0444643
v -0.34806657 0.6202316 3.0351539
v -0.34918994 0.62956667 3.0285876
v -0.32365876 0.6379846 3.0462022
v -0.32940024 0.629387 3.051166
v -0.3336458 0.63802314 3.0479655
v -0.318987 0.6275245 3.0467365
v -0.31592965 0.63485456 3.04043
v -0.32569763 0.6202278 3.0488753
v -0.33583587 0.62012064 3.0491078
v -0.32940024 0.6125312 3.0434067
v -0.318987 0.6171072 3.0419412
v -0.32365876 0.6107112 3.0336473
v -0.31592965 0.61713153 3.0322716
v -0.3132456 0.62570465 3.0369773
v -0.31436896 0.6350397 3.030411
v -0.32365876 0.6379846 3.0462022
v -0.3336458 0.63802314 3.0479655
v -0.33121777 0.6444915 3.0405414
v -0.3208045 0.642629 3.0361123
v -0.31592965 0.63485456 3.04043
v -0.31436896 0.6350397 3.030411
v -0.32878977 0.64592505 3.0307999
v -0.3387768 0.6445601 3.0319173
v -0.3330353 0.64274013 3.0221581
v -0.32192788 0.6415466 3.0247507
v -0.31784087 0.63301325 3.0211005
v -0.3265997 0.6351508 3.0164568
v -0.3387768 0.6445601 3.0319173
v -0.34344855 0.63816416 3.0236235
v -0.3330353 0.64274013 3.0221581
v -0.3367379 0.6350436 3.0166898
v -0.3265997 0.6351508 3.0164568
v -0.3330353 0.6258844 3.014399
v -0.34344852 0.6277469 3.018828
v -0.34918994 0.62956667 3.0285876
v -0.34650588 0.62041676 3.0251348
v -0.3387768 0.61728686 3.0193627
v -0.32878977 0.6172482 3.017599
v -0.32125127 0.655848 3.2294838
v -0.3142227 0.6549982 3.2313302
v -0.31132138 0.64958775 3.2430835
v -0.30894828 0.65711856 3.226724
v -0.29514757 0.6560896 3.228959
v -0.31070238 0.66008866 3.2202713
v -0.32015532 0.6669668 3.2053297
v -0.33632916 0.6604649 3.2194545
v -0.3230054 0.65881824 3.2230315
v -0.31773096 0.6609386 3.2184253
v -0.32163948 0.66637015 3.2066262
v -0.0944179 0.5675395 3.421322
v -0.10910758 0.56163424 3.4341502
v -0.111930795 0.5670107 3.4224706
v -0.09313686 0.5680545 3.4202032
v -0.11895935 0.5678606 3.4206245
v -0.10665634 0.5691311 3.4178646
v -0.10841045 0.57210124 3.4114122
v -0.118144676 0.5789317 3.396574
v -0.13411538 0.57251155 3.410521
v -0.12071353 0.5708308 3.414172
v -0.115439095 0.57295114 3.409566
v -0.11942572 0.5784167 3.3976924
v -0.31132138 0.61680996 3.227995
v -0.3142227 0.6222204 3.2162416
v -0.32125127 0.6230703 3.2143953
v -0.30894825 0.6243408 3.2116354
v -0.29514757 0.6233119 3.2138705
v -0.31070235 0.62731093 3.205183
v -0.32015532 0.634189 3.1902413
v -0.33632913 0.62768716 3.204366
v -0.32300538 0.62604046 3.207943
v -0.31773096 0.62816083 3.203337
v -0.32163948 0.63359237 3.1915374
v -0.1119308 0.534233 3.407382
v -0.109107584 0.5288565 3.4190617
v -0.094417915 0.5347618 3.4062333
v -0.09313688 0.5352767 3.4051147
v -0.11895937 0.5350829 3.4055357
v -0.10665636 0.53635335 3.402776
v -0.108410455 0.53932345 3.3963237
v -0.11814468 0.5461539 3.3814855
v -0.1341154 0.53973377 3.3954325
v -0.12071355 0.5380531 3.3990834
v -0.1154391 0.5401734 3.3944774
v -0.11942573 0.5456389 3.3826041
v -0.32940024 0.629387 3.051166
v -0.34050766 0.6305804 3.048573
v -0.3336458 0.63802314 3.0479655
v -0.33583587 0.62012064 3.0491078
v -0.34459466 0.6222582 3.0444643
v -0.34163105 0.63991547 3.0420072
v -0.33121777 0.6444915 3.0405414
v -0.3387768 0.6445601 3.0319173
v -0.3480666 0.630649 3.0399492
v -0.34806657 0.6202316 3.0351539
v -0.34918994 0.62956667 3.0285876
v -0.34650588 0.63813984 3.0332932
v -0.34344855 0.63816416 3.0236235
v -0.32192788 0.62469095 3.0169916
v -0.3330353 0.6258844 3.014399
v -0.32878977 0.6172482 3.017599
v -0.3265997 0.6351508 3.0164568
v -0.31784087 0.63301325 3.0211005
v -0.3208045 0.6153559 3.0235577
v -0.33121777 0.6107798 3.0250232
v -0.32365876 0.6107112 3.0336473
v -0.31592965 0.61713153 3.0322716
v -0.31436896 0.62462234 3.0256157
v -0.31436896 0.6350397 3.030411
v -0.3132456 0.62570465 3.0369773
vt 0.79887027 0.60623085
vt 0.7794636 0.5804697
vt 0.783864 0.5962682
vt 0.7959381 0.5820813
vt 0.7740849 0.56458056
vt 0.8249854 0.5821568
vt 0.8261168 0.6051538
vt 0.80207974 0.6310134
vt 0.7936508 0.5613067
vt 0.8242729 0.55896294
vt 0.7973113 0.5051694
vt 0.780009 0.5069673
vt 0.79942167 0.49177516
vt 0.786141 0.4938525
vt 0.8249355 0.49113393
vt 0.82487625 0.50358
vt 0.85283935 0.51374865
vt 0.8394454 0.4970317
vt 0.85168785 0.5523448
vt 0.8525449 0.57335687
vt 0.8489168 0.5983994
vt 0.8502629 0.6208681
vt 0.830137 0.6309421
vt 0.85283935 0.637373
vt 0.8320454 0.6476301
vt 0.8035059 0.6486504
vt 0.15566349 0.71623623
vt 0.16000581 0.68999314
vt 0.14915323 0.6827084
vt 0.13505316 0.7098886
vt 0.15248966 0.7349596
vt 0.12737846 0.72890687
vt 0.12770224 0.6869775
vt 0.13326645 0.6657238
vt 0.15281272 0.66585755
vt 0.12563586 0.6469302
vt 0.11694193 0.6543933
vt 0.13355398 0.65619123
vt 0.14105034 0.64299953
vt 0.16000581 0.648157
vt 0.15583658 0.58989143
vt 0.14094806 0.59881914
vt 0.14876795 0.5778364
vt 0.13671756 0.58638453
vt 0.3268212 0.7718003
vt 0.30553496 0.77354634
vt 0.32124162 0.78937453
vt 0.31081963 0.75649935
vt 0.29324806 0.7552493
vt 0.29588842 0.7396608
vt 0.3268212 0.7270305
vt 0.3180853 0.7206939
vt 0.88471055 0.11608142
vt 0.88492966 0.14116836
vt 0.9023224 0.14116836
vt 0.90321517 0.12587422
vt 0.73243684 0.9670213
vt 0.7191613 0.9657884
vt 0.7203892 0.98400444
vt 0.73243684 0.9840937
vt 0.916871 0.116081476
vt 0.91609126 0.12962818
vt 0.93202156 0.14098239
vt 0.93202156 0.1206851
vt 0.9115165 0.01320219
vt 0.904097 0.010362744
vt 0.90335816 0.028038979
vt 0.916117 0.032750845
vt 0.9254362 0.006438017
vt 0.9363896 0.02232933
vt 0.9249837 0.06538248
vt 0.9476389 0.054342866
vt 0.94596165 0.08060253
vt 0.910436 0.0852654
vt 0.9091647 0.043822885
vt 0.9476389 0.098758936
vt 0.91123766 0.10320544
vt 0.89777714 0.055708528
vt 0.8847106 0.07266927
vt 0.8897578 0.094869256
vt 0.048699528 0.9603387
vt 0.037719876 0.9624399
vt 0.03365171 0.98119414
vt 0.048699528 0.9782547
vt 0.83784366 0.6787863
vt 0.851177 0.7034774
vt 0.851177 0.6699064
vt 0.840446 0.66152644
vt 0.63303936 0.16143668
vt 0.60018694 0.16292858
vt 0.600978 0.17228079
vt 0.6181145 0.17461932
vt 0.5917083 0.1857506
vt 0.60741675 0.19328213
vt 0.60932803 0.22846341
vt 0.5999559 0.22857893
vt 0.60457265 0.24095285
vt 0.6177232 0.24092054
vt 0.6266329 0.22496057
vt 0.63298845 0.24095285
vt 0.65366244 0.2307558
vt 0.66166496 0.21413672
vt 0.6249063 0.1900233
vt 0.6617594 0.18722868
vt 0.6344652 0.169325
vt 0.6645986 0.16606009
vt 0.84919477 0.4377312
vt 0.8520521 0.42431974
vt 0.8393655 0.41603053
vt 0.8310591 0.42690897
vt 0.8497113 0.45255816
vt 0.8324605 0.4543895
vt 0.8389213 0.4726345
vt 0.8520522 0.47519827
vt 0.3268211 0.57589096
vt 0.3163662 0.5663423
vt 0.3075447 0.5795974
vt 0.32188535 0.5893497
vt 0.29645586 0.6164909
vt 0.31765127 0.61537176
vt 0.31838417 0.63638026
vt 0.2986331 0.6390273
vt 0.30078912 0.6662323
vt 0.31776237 0.6646263
vt 0.319983 0.6884425
vt 0.30292726 0.69022614
vt 0.3268211 0.7065702
vt 0.3049159 0.707818
vt 0.9066174 0.7349955
vt 0.89548355 0.78593284
vt 0.95087755 0.8119104
vt 0.95087755 0.7299148
vt 0.5772467 0.5567839
vt 0.62436754 0.49113393
vt 0.5751069 0.5114603
vt 0.618696 0.5450723
vt 0.68065596 0.508487
vt 0.68065596 0.55193377
vt 0.6693085 0.6011665
vt 0.62093806 0.58979034
vt 0.6585588 0.68600154
vt 0.5898522 0.60163045
vt 0.62523234 0.6777446
vt 0.5984995 0.67970157
vt 0.49816066 0.91250706
vt 0.4978242 0.9266064
vt 0.52721536 0.93065953
vt 0.5296426 0.9166709
vt 0.4962901 0.9091618
vt 0.46750632 0.9355234
vt 0.47242653 0.93582594
vt 0.4821348 0.95975053
vt 0.4845108 0.9561323
vt 0.5150594 0.9574839
vt 0.51280004 0.9535068
vt 0.53681237 0.93788505
vt 0.53219426 0.9361454
vt 0.53308773 0.91449904
vt 0.49698424 0.8841262
vt 0.53681237 0.8892628
vt 0.14302897 0.8857489
vt 0.09942222 0.86602587
vt 0.0999043 0.88885564
vt 0.15828967 0.85993046
vt 0.124735355 0.7504694
vt 0.15828967 0.7503901
vt 0.8361149 0.26990306
vt 0.8571904 0.29962623
vt 0.8571904 0.26102936
vt 0.8355019 0.30233943
vt 0.7965419 0.25880027
vt 0.7799306 0.28390825
vt 0.81923556 0.4031545
vt 0.7897732 0.3952291
vt 0.83020043 0.13974667
vt 0.7899152 0.114628196
vt 0.8011471 0.1425631
vt 0.82875335 0.11045873
vt 0.86753404 0.13551342
vt 0.87183464 0.11161363
vt 0.8336674 0.006991744
vt 0.87183464 0.006438017
vt 0.94631445 0.17242086
vt 0.91930676 0.15543902
vt 0.9192287 0.15845287
vt 0.94913805 0.1712488
vt 0.9460976 0.21427977
vt 0.94913805 0.21678734
vt 0.9107004 0.22579849
vt 0.90984964 0.22967637
vt 0.88098526 0.1964711
vt 0.87716544 0.19760478
vt 0.88950145 0.15940452
vt 0.8864008 0.15706873
vt 0.8526809 0.7299149
vt 0.877408 0.7542608
vt 0.88260746 0.7364125
vt 0.84500235 0.76147795
vt 0.88260746 0.85619354
vt 0.85314506 0.85802245
vt 0.81883544 0.7723458
vt 0.83086133 0.8679471
vt 0.3135327 0.84636045
vt 0.31704977 0.8025886
vt 0.280038 0.80278116
vt 0.26650646 0.8451411
vt 0.27151945 0.89812976
vt 0.31704977 0.90207887
vt 0.7097383 0.49313548
vt 0.7457577 0.5120431
vt 0.76120895 0.49113387
vt 0.7022282 0.51094526
vt 0.7608629 0.53401065
vt 0.693532 0.5325031
vt 0.7559986 0.57385457
vt 0.699296 0.57278514
vt 0.761209 0.65824485
vt 0.7043911 0.6579071
vt 0.74379337 0.71703875
vt 0.7000076 0.7169237
vt 0.37923324 0.8193041
vt 0.43036377 0.8193041
vt 0.41629574 0.7782607
vt 0.3740836 0.77691925
vt 0.3726655 0.73802614
vt 0.41563654 0.7451694
vt 0.342899 0.74551535
vt 0.34127185 0.7804907
vt 0.36550474 0.70594287
vt 0.41375217 0.7041443
vt 0.4521611 0.7613812
vt 0.65270233 0.42962182
vt 0.65518785 0.47390312
vt 0.6874852 0.4782579
vt 0.68609715 0.42343175
vt 0.68617374 0.38714597
vt 0.64207804 0.39629248
vt 0.6196965 0.33316305
vt 0.6874852 0.328371
vt 0.62380534 0.41034412
vt 0.68483126 0.25880027
vt 0.5928861 0.37328136
vt 0.63161576 0.25969136
vt 0.5751069 0.35740587
vt 0.5910559 0.27736086
vt 0.5859873 0.32730684
vt 0.41299447 0.016600996
vt 0.45889246 0.078225076
vt 0.44773144 0.006437987
vt 0.43021253 0.08132535
vt 0.4607608 0.11164999
vt 0.42470595 0.114463106
vt 0.40574232 0.056907862
vt 0.3860495 0.089291096
vt 0.46076077 0.16203761
vt 0.3627207 0.13265187
vt 0.41564858 0.16227886
vt 0.45991448 0.23380186
vt 0.40476373 0.24592428
vt 0.3601981 0.22560541
vt 0.36151403 0.17927408
vt 0.34127188 0.14447121
vt 0.86868477 0.6648245
vt 0.8657153 0.7130186
vt 0.9020983 0.71109945
vt 0.9020983 0.66354406
vt 0.24978718 0.6475356
vt 0.17826718 0.5915552
vt 0.19425169 0.6475356
vt 0.25804874 0.5894087
vt 0.1817913 0.434632
vt 0.24734828 0.43210262
vt 0.18273455 0.3798005
vt 0.2328195 0.37539655
vt 0.18843567 0.33810586
vt 0.2346941 0.33428937
vt 0.49370393 0.25899816
vt 0.5622308 0.29065442
vt 0.55896413 0.25880027
vt 0.47894803 0.31602883
vt 0.5590941 0.4573164
vt 0.49710608 0.4749862
vt 0.5549773 0.51940465
vt 0.5062715 0.5312408
vt 0.5622309 0.56146586
vt 0.5158936 0.57272625
vt 0.26400673 0.32141328
vt 0.17826718 0.26983392
vt 0.23215708 0.3214134
vt 0.23843528 0.2693541
vt 0.31225958 0.31634605
vt 0.17933547 0.11044192
vt 0.32839584 0.26314247
vt 0.22548798 0.11397624
vt 0.18625543 0.053321958
vt 0.29579845 0.105035424
vt 0.22547698 0.053611517
vt 0.1804942 0.010869622
vt 0.27025908 0.049147367
vt 0.21494378 0.011196494
vt 0.25778472 0.006438017
vt 0.73160255 0.013779283
vt 0.76977456 0.059703767
vt 0.7770392 0.006438017
vt 0.71633136 0.06936175
vt 0.7734804 0.16842574
vt 0.7235811 0.17212164
vt 0.7770392 0.2172584
vt 0.71890146 0.21971905
vt 0.59170824 0.086330436
vt 0.6172957 0.042859368
vt 0.59626675 0.027436487
vt 0.6143593 0.079751186
vt 0.6493346 0.14856073
vt 0.6497254 0.121783756
vt 0.7034553 0.12561113
vt 0.68452823 0.10856486
vt 0.7034553 0.033169582
vt 0.68526787 0.04521236
vt 0.6603072 0.0064379983
vt 0.6584775 0.028473467
vt 0.08601192 0.5649604
vt 0.033247143 0.5096183
vt 0.054856673 0.5632589
vt 0.07688224 0.50860655
vt 0.12770653 0.561802
vt 0.022210121 0.40652847
vt 0.1252278 0.50254774
vt 0.08009058 0.41134804
vt 0.006438002 0.35958478
vt 0.122118965 0.41928667
vt 0.07981819 0.36719906
vt 0.1277065 0.38116327
vt 0.3989777 0.46335855
vt 0.36034817 0.40948406
vt 0.35512298 0.47163153
vt 0.41763973 0.40232772
vt 0.44623628 0.47420692
vt 0.35302383 0.32669753
vt 0.46607205 0.4201032
vt 0.40180978 0.3059118
vt 0.34127185 0.28790882
vt 0.45821196 0.31189123
vt 0.3964802 0.25880027
vt 0.46607202 0.2620849
vt 0.51326525 0.006437987
vt 0.4736368 0.07120633
vt 0.47601014 0.106291324
vt 0.49162453 0.16195986
vt 0.5098407 0.24017675
vt 0.56087476 0.0075054765
vt 0.5559382 0.23783377
vt 0.5691757 0.16126963
vt 0.57883227 0.059375644
vt 0.57883227 0.09719393
vt 0.76705456 0.2767129
vt 0.746078 0.25880027
vt 0.71298075 0.27194118
vt 0.70036125 0.30325675
vt 0.7623713 0.32465792
vt 0.76705456 0.377357
vt 0.72062397 0.3708849
vt 0.76653886 0.46391535
vt 0.7276974 0.462615
vt 0.44999826 0.50263214
vt 0.40724945 0.48708296
vt 0.37992096 0.5102384
vt 0.39451075 0.54905224
vt 0.3535695 0.5121386
vt 0.34127188 0.55298257
vt 0.4008789 0.5942023
vt 0.36686623 0.6119535
vt 0.42807877 0.6788416
vt 0.3948952 0.6912682
vt 0.44999826 0.6544006
vt 0.43292022 0.57205844
vt 0.2709248 0.51323056
vt 0.27938223 0.5451398
vt 0.3070333 0.5534662
vt 0.32682133 0.5298258
vt 0.32682133 0.4806404
vt 0.2811873 0.4368117
vt 0.322968 0.42887497
vt 0.28809142 0.34024453
vt 0.3234763 0.3342893
vt 0.9454545 0.3025959
vt 0.91019726 0.34507108
vt 0.9454545 0.3598771
vt 0.9102061 0.31673712
vt 0.9093697 0.2588003
vt 0.8901442 0.35800356
vt 0.89243925 0.29505342
vt 0.87006634 0.32239443
vt 0.8728444 0.29910618
vt 0.048793443 0.32829458
vt 0.0724468 0.34670883
vt 0.09256553 0.34392196
vt 0.09389957 0.32204682
vt 0.0064379945 0.27448183
vt 0.10343025 0.26374894
vt 0.13244554 0.3186391
vt 0.02137833 0.11505467
vt 0.1653912 0.28496116
vt 0.09293172 0.10627061
vt 0.04318554 0.05618757
vt 0.1653912 0.121548474
vt 0.091230206 0.048852503
vt 0.054203056 0.01341635
vt 0.14795075 0.06213242
vt 0.09991129 0.006438017
vt 0.1507605 0.019249856
vt 0.5751069 0.89861107
vt 0.60250795 0.8537386
vt 0.57795084 0.84316164
vt 0.60123944 0.8784708
vt 0.6206898 0.9158696
vt 0.6215709 0.88616866
vt 0.6615569 0.9046287
vt 0.6397989 0.8811549
vt 0.6615569 0.8400215
vt 0.6397989 0.852338
vt 0.62199146 0.84442437
vt 0.6216327 0.8222793
vt 0.94683623 0.46977323
vt 0.9334419 0.372753
vt 0.88345456 0.372753
vt 0.8700664 0.46977323
vt 0.8657155 0.4919721
vt 0.8657155 0.6506681
vt 0.9151199 0.6498299
vt 0.9151199 0.49113387
vt 0.006438017 0.5778471
vt 0.006438002 0.73751414
vt 0.10406582 0.73750347
vt 0.10406585 0.5778364
vt 0.46750635 0.58721995
vt 0.46750635 0.7465516
vt 0.5622308 0.7449339
vt 0.5622308 0.5856023
vt 0.7066717 0.8559276
vt 0.693532 0.95291245
vt 0.7701249 0.95291245
vt 0.7565439 0.8559276
vt 0.6469325 0.97256756
vt 0.6653428 0.9718951
vt 0.6653428 0.92874557
vt 0.6469325 0.92941797
vt 0.62657696 0.97219944
vt 0.62657696 0.9290499
vt 0.5751071 0.97237766
vt 0.59563565 0.92995304
vt 0.5751071 0.9294002
vt 0.59563565 0.9729305
vt 0.6137011 0.92874557
vt 0.6137011 0.97172284
vt 0.4315969 0.94219136
vt 0.41165802 0.98544097
vt 0.4315969 0.9854316
vt 0.41165802 0.94220066
vt 0.39260638 0.98542875
vt 0.3926064 0.9421885
vt 0.34127188 0.984436
vt 0.3619027 0.9468114
vt 0.34127188 0.94494545
vt 0.36190295 0.98630196
vt 0.37973046 0.94218856
vt 0.37973046 0.98167914
vt 0.98726 0.7905555
vt 0.9637612 0.80702764
vt 0.98726773 0.80702764
vt 0.9637535 0.7905555
vt 0.98727006 0.7748164
vt 0.96376354 0.7748164
vt 0.98637503 0.21501088
vt 0.96255475 0.23197007
vt 0.98591834 0.23197007
vt 0.9630115 0.21501112
vt 0.98537755 0.2000866
vt 0.962014 0.2000866
vt 0.965833 0.18721056
vt 0.98730105 0.18721056
vt 0.98348206 0.17248297
vt 0.962014 0.17248297
vt 0.9850235 0.15543914
vt 0.96355546 0.15543914
vt 0.98721075 0.7299147
vt 0.9637536 0.7299147
vt 0.9643091 0.745124
vt 0.98776615 0.74512404
vt 0.964005 0.76194036
vt 0.9874621 0.76194036
vt 0.5573265 0.7832942
vt 0.5620072 0.78337383
vt 0.56145006 0.7721925
vt 0.55676943 0.7721131
vt 0.5620072 0.75950694
vt 0.5573266 0.75942755
vt 0.9372091 0.68153137
vt 0.9279957 0.6907676
vt 0.9279957 0.7038346
vt 0.9502392 0.68153626
vt 0.9372091 0.7130777
vt 0.9594524 0.6907795
vt 0.95023894 0.7130826
vt 0.9594524 0.7038464
vt 0.55709577 0.8202202
vt 0.5617956 0.82025707
vt 0.5614692 0.8088708
vt 0.5567694 0.80883384
vt 0.5617956 0.79628676
vt 0.55709577 0.79624987
vt 0.9795928 0.6605921
vt 0.9838832 0.66089964
vt 0.98182034 0.6497004
vt 0.9775298 0.64939284
vt 0.9838832 0.6370592
vt 0.9795927 0.63675165
vt 0.680444 0.8222792
vt 0.675734 0.8222796
vt 0.67572737 0.8340596
vt 0.6804373 0.83405924
vt 0.67573404 0.8463881
vt 0.680444 0.84638774
vt 0.9775298 0.62387556
vt 0.9930216 0.62330234
vt 0.9930216 0.5857236
vt 0.9775299 0.5862968
vt 0.9927292 0.43749157
vt 0.97516704 0.4744475
vt 0.9927292 0.47492045
vt 0.97516704 0.43701857
vt 0.959712 0.47548056
vt 0.959712 0.4380517
vt 0.9928264 0.93714905
vt 0.9760285 0.9371571
vt 0.9760285 0.974815
vt 0.9928264 0.974807
vt 0.061575532 0.9603453
vt 0.061575532 0.980455
vt 0.07540767 0.9804483
vt 0.075407654 0.9603387
vt 0.24338093 0.96840096
vt 0.22694701 0.9712434
vt 0.22694701 0.9753411
vt 0.24047838 0.9655099
vt 0.25029576 0.9517205
vt 0.24619092 0.9517298
vt 0.24338093 0.93507123
vt 0.24047838 0.93797565
vt 0.22694701 0.92820597
vt 0.22694701 0.93230367
vt 0.96051496 0.1266222
vt 0.980893 0.11211395
vt 0.9609057 0.11211395
vt 0.9805023 0.1266222
vt 0.9613684 0.13938999
vt 0.9813557 0.13938999
vt 0.70628524 0.9858559
vt 0.70628524 0.9657884
vt 0.693532 0.9662616
vt 0.693532 0.9863291
vt 0.7887133 0.940609
vt 0.80224466 0.9397733
vt 0.80224466 0.9348755
vt 0.7921825 0.94406414
vt 0.78300077 0.9543891
vt 0.78790694 0.9543779
vt 0.7887133 0.9681432
vt 0.7921825 0.9646723
vt 0.80224466 0.9738152
vt 0.80224466 0.96891737
vt 0.0107135475 0.9852376
vt 0.020775715 0.98948264
vt 0.020775715 0.9603386
vt 0.0064379983 0.97494316
vt 0.0107135475 0.9646294
vt 0.55853426 0.8535285
vt 0.5622048 0.8537917
vt 0.56043994 0.84421086
vt 0.5567695 0.84394765
vt 0.5622048 0.8333962
vt 0.55853426 0.8331332
vt 0.73322755 0.2424157
vt 0.7372568 0.24241306
vt 0.7372568 0.23259503
vt 0.73322755 0.23259765
vt 0.71633136 0.24318132
vt 0.7203516 0.24310607
vt 0.7203516 0.23259503
vt 0.71633136 0.23267025
vt 0.6774745 0.16308498
vt 0.67747474 0.24056977
vt 0.6917684 0.2389215
vt 0.6917684 0.16143668
vt 0.14058256 0.35982606
vt 0.14058256 0.4709512
vt 0.15480328 0.47070992
vt 0.15480328 0.3595848
vt 0.54389334 0.87125015
vt 0.54389334 0.7928955
vt 0.53635705 0.79289496
vt 0.4675063 0.87123275
vt 0.53635705 0.777013
vt 0.46750632 0.75942767
vt 0.54389334 0.77701354
vt 0.54389334 0.7594451
vt 0.5496884 0.9619037
vt 0.5496884 0.9777857
vt 0.5572247 0.9777862
vt 0.5572247 0.9619043
vt 0.9034021 0.9665637
vt 0.9034021 0.98150015
vt 0.9109483 0.98150015
vt 0.9109483 0.9665632
vt 0.76007533 0.96578836
vt 0.7453127 0.9660389
vt 0.7453127 0.9818243
vt 0.7600751 0.98157376
vt 0.92382425 0.9665806
vt 0.92382425 0.981483
vt 0.93136764 0.9814658
vt 0.93136764 0.96656346
vt 0.25363046 0.91415876
vt 0.25363046 0.8025885
vt 0.17826718 0.8037597
vt 0.17826718 0.91532993
vt 0.4499731 0.91132885
vt 0.4499731 0.83385384
vt 0.43571544 0.8321801
vt 0.43571568 0.9096551
vt 0.7990825 0.47512168
vt 0.81818295 0.4758497
vt 0.81818295 0.4193412
vt 0.7990567 0.4176858
vt 0.7799822 0.47439373
vt 0.7799305 0.41603047
vt 0.9705961 0.25880027
vt 0.9583305 0.27641195
vt 0.959391 0.31857744
vt 0.970596 0.33732817
vt 0.987979 0.25913855
vt 0.987979 0.33766648
vt 0.25942522 0.7859696
vt 0.27837038 0.7822267
vt 0.27774262 0.72612655
vt 0.2583921 0.7273965
vt 0.24048007 0.7897126
vt 0.23904157 0.72866654
vt 0.26110303 0.67601556
vt 0.24121124 0.67661834
vt 0.22131944 0.6772212
vt 0.22086704 0.66486406
vt 0.19759238 0.6751292
vt 0.24075884 0.6642613
vt 0.1971401 0.66277206
vt 0.17860377 0.67273235
vt 0.17826724 0.6604115
vt 0.26065063 0.6636585
vt 0.27791798 0.6611328
vt 0.27837038 0.67348987
vt 0.086279035 0.76146066
vt 0.068374455 0.7503902
vt 0.024118185 0.7569289
vt 0.0072075725 0.77401185
vt 0.08654624 0.7827184
vt 0.0074748397 0.7952695
vt 0.085214466 0.8018153
vt 0.0069564283 0.8139845
vt 0.08388269 0.82091224
vt 0.006438017 0.83269954
vt 0.08654624 0.83782244
vt 0.00910151 0.84960973
vt 0.0700928 0.8524004
vt 0.028482437 0.8579993
vt 0.795747 0.8578025
vt 0.7838909 0.8559275
vt 0.78300077 0.90229714
vt 0.79485685 0.9041722
vt 0.795747 0.92199945
vt 0.7837287 0.92074746
vt 0.94288385 0.5883987
vt 0.9279957 0.6081681
vt 0.92881215 0.65309095
vt 0.94288385 0.66865534
vt 0.96465385 0.5857236
vt 0.96465385 0.6659802
vt 0.14480156 0.48382723
vt 0.1569336 0.5024442
vt 0.15665519 0.48391575
vt 0.14517125 0.50303084
vt 0.14058253 0.5464294
vt 0.15234487 0.54584277
vt 0.1569336 0.5633171
vt 0.14507997 0.5632286
vt 0.36477256 0.91621065
vt 0.34127188 0.9189043
vt 0.34183908 0.9293126
vt 0.36533976 0.9266189
vt 0.3852756 0.92764604
vt 0.3847084 0.9172378
vt 0.40521145 0.92867327
vt 0.39340842 0.87308323
vt 0.37382543 0.8725045
vt 0.4035837 0.83477986
vt 0.38447154 0.83218
vt 0.42269588 0.8373796
vt 0.4129914 0.8736621
vt 0.40464425 0.918265
vt 0.42227232 0.9189043
vt 0.42283952 0.9293126
vt 0.9755095 0.5728476
vt 0.9688837 0.49176776
vt 0.9334296 0.49113393
vt 0.9279957 0.5728476
vt 0.17826724 0.9619203
vt 0.21407104 0.9324471
vt 0.18290567 0.92820597
vt 0.20788097 0.96508133
vt 0.1845758 0.9884797
vt 0.21407104 0.9904176
vt 0.9605149 0.09923792
vt 0.993562 0.089255095
vt 0.99356186 0.062425137
vt 0.9621949 0.063513756
vt 0.99264604 0.00677526
vt 0.96051496 0.006438017
vt 0.9608149 0.04803574
vt 0.9926459 0.049549222
vt 0.9858828 0.8247864
vt 0.95222765 0.8253665
vt 0.9503954 0.8562288
vt 0.9858827 0.8641505
vt 0.46318614 0.521644
vt 0.46589506 0.5219526
vt 0.46589506 0.48708296
vt 0.4628743 0.48963583
vt 0.98397857 0.8838061
vt 0.99185103 0.924273
vt 0.991851 0.880823
vt 0.9760285 0.8906045
vt 0.30261517 0.9512284
vt 0.276649 0.98390234
vt 0.28977203 0.9873907
vt 0.2883296 0.9505364
vt 0.30261517 0.9218236
vt 0.26766157 0.9813378
vt 0.2716403 0.9476793
vt 0.29016232 0.9219203
vt 0.2760868 0.9149549
vt 0.26650643 0.9204066
vt 0.98741966 0.3839984
vt 0.97270375 0.4202633
vt 0.98741966 0.4241426
vt 0.9725928 0.38161945
vt 0.9614647 0.4198389
vt 0.9597121 0.37275314
vt 0.12910247 0.9448
vt 0.13361025 0.9741589
vt 0.1476655 0.9753741
vt 0.11493397 0.94525814
vt 0.12668753 0.90567815
vt 0.11375928 0.9060377
vt 0.10060859 0.9434649
vt 0.10251069 0.9017317
vt 0.09942222 0.9753741
vt 0.1140542 0.9718075
vt 0.97567797 0.7075329
vt 0.99099225 0.71390533
vt 0.99099225 0.6888149
vt 0.9723284 0.6815314
vt 0.55023587 0.9490278
vt 0.5584268 0.94889855
vt 0.5578793 0.9013543
vt 0.5496884 0.90148354
vt 0.5584268 0.8841262
vt 0.55023587 0.8842554
vt 0.32434273 0.9478009
vt 0.316737 0.9717798
vt 0.32464114 0.97062874
vt 0.31643862 0.9489517
vt 0.32231075 0.93369126
vt 0.31549126 0.93439317
vt 0.3246411 0.9149549
vt 0.316737 0.916106
vt 0.07603121 0.94746274
vt 0.009846687 0.9294087
vt 0.018130302 0.94746274
vt 0.08069372 0.92572755
vt 0.009637833 0.90956634
vt 0.077423334 0.9090701
vt 0.07442546 0.894218
vt 0.006438017 0.8924956
vt 0.013890743 0.8708753
vt 0.06595993 0.8735314
vt 0.45242855 0.970026
vt 0.44576767 0.9930136
vt 0.4537234 0.9922447
vt 0.44447288 0.97079515
vt 0.4537234 0.95502305
vt 0.44576773 0.95579195
vt 0.45265016 0.9421885
vt 0.4446945 0.9429574
vt 0.28273588 0.56658024
vt 0.27461994 0.5663423
vt 0.2709247 0.6198303
vt 0.2790406 0.6200684
vt 0.27461994 0.6344786
vt 0.28273588 0.6347166
vt 0.79887027 0.60623085
vt 0.783864 0.5962682
vt 0.7794636 0.5804697
vt 0.7959381 0.5820813
vt 0.7740849 0.56458056
vt 0.8249854 0.5821568
vt 0.8261168 0.6051538
vt 0.80207974 0.6310134
vt 0.7936508 0.5613067
vt 0.8242729 0.55896294
vt 0.7973113 0.5051694
vt 0.780009 0.5069673
vt 0.79942167 0.49177516
vt 0.786141 0.4938525
vt 0.8249355 0.49113393
vt 0.82487625 0.50358
vt 0.85283935 0.51374865
vt 0.8394454 0.4970317
vt 0.85168785 0.5523448
vt 0.8525449 0.57335687
vt 0.8489168 0.5983994
vt 0.8502629 0.6208681
vt 0.830137 0.6309421
vt 0.85283935 0.637373
vt 0.8320454 0.6476301
vt 0.8035059 0.6486504
vt 0.15566349 0.71623623
vt 0.14915323 0.6827084
vt 0.16000581 0.68999314
vt 0.13505316 0.7098886
vt 0.15248966 0.7349596
vt 0.12737846 0.72890687
vt 0.12770224 0.6869775
vt 0.13326645 0.6657238
vt 0.15281272 0.66585755
vt 0.12563586 0.6469302
vt 0.11694193 0.6543933
vt 0.13355398 0.65619123
vt 0.14105034 0.64299953
vt 0.16000581 0.648157
vt 0.15583658 0.58989143
vt 0.14094806 0.59881914
vt 0.14876795 0.5778364
vt 0.13671756 0.58638453
vt 0.3268212 0.7718003
vt 0.32124162 0.78937453
vt 0.30553496 0.77354634
vt 0.31081963 0.75649935
vt 0.29324806 0.7552493
vt 0.29588842 0.7396608
vt 0.3268212 0.7270305
vt 0.3180853 0.7206939
vt 0.88471055 0.11608142
vt 0.90321517 0.12587422
vt 0.9023224 0.14116836
vt 0.88492966 0.14116836
vt 0.73243684 0.9670213
vt 0.73243684 0.9840937
vt 0.7203892 0.98400444
vt 0.7191613 0.9657884
vt 0.916871 0.116081476
vt 0.93202156 0.1206851
vt 0.93202156 0.14098239
vt 0.91609126 0.12962818
vt 0.9115165 0.01320219
vt 0.90335816 0.028038979
vt 0.904097 0.010362744
vt 0.916117 0.032750845
vt 0.9254362 0.006438017
vt 0.9363896 0.02232933
vt 0.9249837 0.06538248
vt 0.9476389 0.054342866
vt 0.94596165 0.08060253
vt 0.910436 0.0852654
vt 0.9091647 0.043822885
vt 0.9476389 0.098758936
vt 0.91123766 0.10320544
vt 0.89777714 0.055708528
vt 0.8847106 0.07266927
vt 0.8897578 0.094869256
vt 0.048699528 0.9603387
vt 0.048699528 0.9782547
vt 0.03365171 0.98119414
vt 0.037719876 0.9624399
vt 0.83784366 0.6787863
vt 0.840446 0.66152644
vt 0.851177 0.6699064
vt 0.851177 0.7034774
vt 0.63303936 0.16143668
vt 0.600978 0.17228079
vt 0.60018694 0.16292858
vt 0.6181145 0.17461932
vt 0.5917083 0.1857506
vt 0.60741675 0.19328213
vt 0.60932803 0.22846341
vt 0.5999559 0.22857893
vt 0.60457265 0.24095285
vt 0.6177232 0.24092054
vt 0.6266329 0.22496057
vt 0.63298845 0.24095285
vt 0.65366244 0.2307558
vt 0.66166496 0.21413672
vt 0.6249063 0.1900233
vt 0.6617594 0.18722868
vt 0.6344652 0.169325
vt 0.6645986 0.16606009
vt 0.84919477 0.4377312
vt 0.8393655 0.41603053
vt 0.8520521 0.42431974
vt 0.8310591 0.42690897
vt 0.8497113 0.45255816
vt 0.8324605 0.4543895
vt 0.8389213 0.4726345
vt 0.8520522 0.47519827
vt 0.3268211 0.57589096
vt 0.3075447 0.5795974
vt 0.3163662 0.5663423
vt 0.32188535 0.5893497
vt 0.29645586 0.6164909
vt 0.31765127 0.61537176
vt 0.31838417 0.63638026
vt 0.2986331 0.6390273
vt 0.30078912 0.6662323
vt 0.31776237 0.6646263
vt 0.319983 0.6884425
vt 0.30292726 0.69022614
vt 0.3268211 0.7065702
vt 0.3049159 0.707818
vt 0.9066174 0.7349955
vt 0.95087755 0.8119104
vt 0.89548355 0.78593284
vt 0.95087755 0.7299148
vt 0.5772467 0.5567839
vt 0.5751069 0.5114603
vt 0.62436754 0.49113393
vt 0.618696 0.5450723
vt 0.68065596 0.508487
vt 0.68065596 0.55193377
vt 0.6693085 0.6011665
vt 0.62093806 0.58979034
vt 0.6585588 0.68600154
vt 0.5898522 0.60163045
vt 0.62523234 0.6777446
vt 0.5984995 0.67970157
vt 0.49816066 0.91250706
vt 0.52721536 0.93065953
vt 0.4978242 0.9266064
vt 0.5296426 0.9166709
vt 0.4962901 0.9091618
vt 0.46750632 0.9355234
vt 0.47242653 0.93582594
vt 0.4821348 0.95975053
vt 0.4845108 0.9561323
vt 0.5150594 0.9574839
vt 0.51280004 0.9535068
vt 0.53681237 0.93788505
vt 0.53219426 0.9361454
vt 0.53308773 0.91449904
vt 0.49698424 0.8841262
vt 0.53681237 0.8892628
vt 0.14302897 0.8857489
vt 0.0999043 0.88885564
vt 0.09942222 0.86602587
vt 0.15828967 0.85993046
vt 0.124735355 0.7504694
vt 0.15828967 0.7503901
vt 0.8361149 0.26990306
vt 0.8571904 0.26102936
vt 0.8571904 0.29962623
vt 0.8355019 0.30233943
vt 0.7965419 0.25880027
vt 0.7799306 0.28390825
vt 0.81923556 0.4031545
vt 0.7897732 0.3952291
vt 0.83020043 0.13974667
vt 0.8011471 0.1425631
vt 0.7899152 0.114628196
vt 0.82875335 0.11045873
vt 0.86753404 0.13551342
vt 0.87183464 0.11161363
vt 0.8336674 0.006991744
vt 0.87183464 0.006438017
vt 0.94631445 0.17242086
vt 0.9192287 0.15845287
vt 0.91930676 0.15543902
vt 0.94913805 0.1712488
vt 0.9460976 0.21427977
vt 0.94913805 0.21678734
vt 0.9107004 0.22579849
vt 0.90984964 0.22967637
vt 0.88098526 0.1964711
vt 0.87716544 0.19760478
vt 0.88950145 0.15940452
vt 0.8864008 0.15706873
vt 0.8526809 0.7299149
vt 0.88260746 0.7364125
vt 0.877408 0.7542608
vt 0.84500235 0.76147795
vt 0.88260746 0.85619354
vt 0.85314506 0.85802245
vt 0.81883544 0.7723458
vt 0.83086133 0.8679471
vt 0.3135327 0.84636045
vt 0.280038 0.80278116
vt 0.31704977 0.8025886
vt 0.26650646 0.8451411
vt 0.27151945 0.89812976
vt 0.31704977 0.90207887
vt 0.7097383 0.49313548
vt 0.76120895 0.49113387
vt 0.7457577 0.5120431
vt 0.7022282 0.51094526
vt 0.7608629 0.53401065
vt 0.693532 0.5325031
vt 0.7559986 0.57385457
vt 0.699296 0.57278514
vt 0.761209 0.65824485
vt 0.7043911 0.6579071
vt 0.74379337 0.71703875
vt 0.7000076 0.7169237
vt 0.37923324 0.8193041
vt 0.41629574 0.7782607
vt 0.43036377 0.8193041
vt 0.3740836 0.77691925
vt 0.3726655 0.73802614
vt 0.41563654 0.7451694
vt 0.342899 0.74551535
vt 0.34127185 0.7804907
vt 0.36550474 0.70594287
vt 0.41375217 0.7041443
vt 0.4521611 0.7613812
vt 0.65270233 0.42962182
vt 0.6874852 0.4782579
vt 0.65518785 0.47390312
vt 0.68609715 0.42343175
vt 0.68617374 0.38714597
vt 0.64207804 0.39629248
vt 0.6196965 0.33316305
vt 0.6874852 0.328371
vt 0.62380534 0.41034412
vt 0.68483126 0.25880027
vt 0.5928861 0.37328136
vt 0.63161576 0.25969136
vt 0.5751069 0.35740587
vt 0.5910559 0.27736086
vt 0.5859873 0.32730684
vt 0.41299447 0.016600996
vt 0.44773144 0.006437987
vt 0.45889246 0.078225076
vt 0.43021253 0.08132535
vt 0.4607608 0.11164999
vt 0.42470595 0.114463106
vt 0.40574232 0.056907862
vt 0.3860495 0.089291096
vt 0.46076077 0.16203761
vt 0.3627207 0.13265187
vt 0.41564858 0.16227886
vt 0.45991448 0.23380186
vt 0.40476373 0.24592428
vt 0.3601981 0.22560541
vt 0.36151403 0.17927408
vt 0.34127188 0.14447121
vt 0.86868477 0.6648245
vt 0.9020983 0.66354406
vt 0.9020983 0.71109945
vt 0.8657153 0.7130186
vt 0.24978718 0.6475356
vt 0.19425169 0.6475356
vt 0.17826718 0.5915552
vt 0.25804874 0.5894087
vt 0.1817913 0.434632
vt 0.24734828 0.43210262
vt 0.18273455 0.3798005
vt 0.2328195 0.37539655
vt 0.18843567 0.33810586
vt 0.2346941 0.33428937
vt 0.49370393 0.25899816
vt 0.55896413 0.25880027
vt 0.5622308 0.29065442
vt 0.47894803 0.31602883
vt 0.5590941 0.4573164
vt 0.49710608 0.4749862
vt 0.5549773 0.51940465
vt 0.5062715 0.5312408
vt 0.5622309 0.56146586
vt 0.5158936 0.57272625
vt 0.26400673 0.32141328
vt 0.23215708 0.3214134
vt 0.17826718 0.26983392
vt 0.23843528 0.2693541
vt 0.31225958 0.31634605
vt 0.17933547 0.11044192
vt 0.32839584 0.26314247
vt 0.22548798 0.11397624
vt 0.18625543 0.053321958
vt 0.29579845 0.105035424
vt 0.22547698 0.053611517
vt 0.1804942 0.010869622
vt 0.27025908 0.049147367
vt 0.21494378 0.011196494
vt 0.25778472 0.006438017
vt 0.73160255 0.013779283
vt 0.7770392 0.006438017
vt 0.76977456 0.059703767
vt 0.71633136 0.06936175
vt 0.7734804 0.16842574
vt 0.7235811 0.17212164
vt 0.7770392 0.2172584
vt 0.71890146 0.21971905
vt 0.59170824 0.086330436
vt 0.59626675 0.027436487
vt 0.6172957 0.042859368
vt 0.6143593 0.079751186
vt 0.6493346 0.14856073
vt 0.6497254 0.121783756
vt 0.7034553 0.12561113
vt 0.68452823 0.10856486
vt 0.7034553 0.033169582
vt 0.68526787 0.04521236
vt 0.6603072 0.0064379983
vt 0.6584775 0.028473467
vt 0.08601192 0.5649604
vt 0.054856673 0.5632589
vt 0.033247143 0.5096183
vt 0.07688224 0.50860655
vt 0.12770653 0.561802
vt 0.022210121 0.40652847
vt 0.1252278 0.50254774
vt 0.08009058 0.41134804
vt 0.006438002 0.35958478
vt 0.122118965 0.41928667
vt 0.07981819 0.36719906
vt 0.1277065 0.38116327
vt 0.3989777 0.46335855
vt 0.35512298 0.47163153
vt 0.36034817 0.40948406
vt 0.41763973 0.40232772
vt 0.44623628 0.47420692
vt 0.35302383 0.32669753
vt 0.46607205 0.4201032
vt 0.40180978 0.3059118
vt 0.34127185 0.28790882
vt 0.45821196 0.31189123
vt 0.3964802 0.25880027
vt 0.46607202 0.2620849
vt 0.57883227 0.059375644
vt 0.57883227 0.09719393
vt 0.5691757 0.16126963
vt 0.56087476 0.0075054765
vt 0.5559382 0.23783377
vt 0.51326525 0.006437987
vt 0.5098407 0.24017675
vt 0.4736368 0.07120633
vt 0.49162453 0.16195986
vt 0.47601014 0.106291324
vt 0.76705456 0.2767129
vt 0.71298075 0.27194118
vt 0.746078 0.25880027
vt 0.70036125 0.30325675
vt 0.7623713 0.32465792
vt 0.76705456 0.377357
vt 0.72062397 0.3708849
vt 0.76653886 0.46391535
vt 0.7276974 0.462615
vt 0.44999826 0.50263214
vt 0.37992096 0.5102384
vt 0.40724945 0.48708296
vt 0.39451075 0.54905224
vt 0.3535695 0.5121386
vt 0.34127188 0.55298257
vt 0.4008789 0.5942023
vt 0.36686623 0.6119535
vt 0.42807877 0.6788416
vt 0.3948952 0.6912682
vt 0.44999826 0.6544006
vt 0.43292022 0.57205844
vt 0.2709248 0.51323056
vt 0.3070333 0.5534662
vt 0.27938223 0.5451398
vt 0.32682133 0.5298258
vt 0.32682133 0.4806404
vt 0.2811873 0.4368117
vt 0.322968 0.42887497
vt 0.28809142 0.34024453
vt 0.3234763 0.3342893
vt 0.9454545 0.3025959
vt 0.9454545 0.3598771
vt 0.91019726 0.34507108
vt 0.9102061 0.31673712
vt 0.9093697 0.2588003
vt 0.8901442 0.35800356
vt 0.89243925 0.29505342
vt 0.87006634 0.32239443
vt 0.8728444 0.29910618
vt 0.048793443 0.32829458
vt 0.09256553 0.34392196
vt 0.0724468 0.34670883
vt 0.09389957 0.32204682
vt 0.0064379945 0.27448183
vt 0.10343025 0.26374894
vt 0.13244554 0.3186391
vt 0.02137833 0.11505467
vt 0.1653912 0.28496116
vt 0.09293172 0.10627061
vt 0.04318554 0.05618757
vt 0.1653912 0.121548474
vt 0.091230206 0.048852503
vt 0.054203056 0.01341635
vt 0.14795075 0.06213242
vt 0.09991129 0.006438017
vt 0.1507605 0.019249856
vt 0.5751069 0.89861107
vt 0.57795084 0.84316164
vt 0.60250795 0.8537386
vt 0.60123944 0.8784708
vt 0.6206898 0.9158696
vt 0.6397989 0.852338
vt 0.62199146 0.84442437
vt 0.6216327 0.8222793
vt 0.6615569 0.8400215
vt 0.6397989 0.8811549
vt 0.6615569 0.9046287
vt 0.6215709 0.88616866
vt 0.94683623 0.46977323
vt 0.8700664 0.46977323
vt 0.88345456 0.372753
vt 0.9334419 0.372753
vt 0.8657155 0.4919721
vt 0.9151199 0.49113387
vt 0.9151199 0.6498299
vt 0.8657155 0.6506681
vt 0.006438017 0.5778471
vt 0.10406585 0.5778364
vt 0.10406582 0.73750347
vt 0.006438002 0.73751414
vt 0.46750635 0.58721995
vt 0.5622308 0.5856023
vt 0.5622308 0.7449339
vt 0.46750635 0.7465516
vt 0.7066717 0.8559276
vt 0.7565439 0.8559276
vt 0.7701249 0.95291245
vt 0.693532 0.95291245
vt 0.6469325 0.97256756
vt 0.6653428 0.92874557
vt 0.6653428 0.9718951
vt 0.6469325 0.92941797
vt 0.62657696 0.97219944
vt 0.62657696 0.9290499
vt 0.5751071 0.97237766
vt 0.5751071 0.9294002
vt 0.59563565 0.92995304
vt 0.59563565 0.9729305
vt 0.6137011 0.92874557
vt 0.6137011 0.97172284
vt 0.4315969 0.94219136
vt 0.4315969 0.9854316
vt 0.41165802 0.98544097
vt 0.41165802 0.94220066
vt 0.39260638 0.98542875
vt 0.3926064 0.9421885
vt 0.34127188 0.984436
vt 0.34127188 0.94494545
vt 0.3619027 0.9468114
vt 0.36190295 0.98630196
vt 0.37973046 0.94218856
vt 0.37973046 0.98167914
vt 0.98726 0.7905555
vt 0.98726773 0.80702764
vt 0.9637612 0.80702764
vt 0.9637535 0.7905555
vt 0.98727006 0.7748164
vt 0.96376354 0.7748164
vt 0.98637503 0.21501088
vt 0.98591834 0.23197007
vt 0.96255475 0.23197007
vt 0.9630115 0.21501112
vt 0.98537755 0.2000866
vt 0.962014 0.2000866
vt 0.965833 0.18721056
vt 0.98348206 0.17248297
vt 0.98730105 0.18721056
vt 0.962014 0.17248297
vt 0.9850235 0.15543914
vt 0.96355546 0.15543914
vt 0.98721075 0.7299147
vt 0.9643091 0.745124
vt 0.9637536 0.7299147
vt 0.98776615 0.74512404
vt 0.964005 0.76194036
vt 0.9874621 0.76194036
vt 0.5573265 0.7832942
vt 0.56145006 0.7721925
vt 0.5620072 0.78337383
vt 0.55676943 0.7721131
vt 0.5620072 0.75950694
vt 0.5573266 0.75942755
vt 0.9279957 0.7038346
vt 0.9279957 0.6907676
vt 0.9372091 0.68153137
vt 0.9372091 0.7130777
vt 0.9502392 0.68153626
vt 0.95023894 0.7130826
vt 0.9594524 0.6907795
vt 0.9594524 0.7038464
vt 0.55709577 0.8202202
vt 0.5614692 0.8088708
vt 0.5617956 0.82025707
vt 0.5567694 0.80883384
vt 0.5617956 0.79628676
vt 0.55709577 0.79624987
vt 0.9795928 0.6605921
vt 0.98182034 0.6497004
vt 0.9838832 0.66089964
vt 0.9775298 0.64939284
vt 0.9838832 0.6370592
vt 0.9795927 0.63675165
vt 0.680444 0.8222792
vt 0.67572737 0.8340596
vt 0.675734 0.8222796
vt 0.6804373 0.83405924
vt 0.67573404 0.8463881
vt 0.680444 0.84638774
vt 0.9775298 0.62387556
vt 0.9775299 0.5862968
vt 0.9930216 0.5857236
vt 0.9930216 0.62330234
vt 0.9927292 0.43749157
vt 0.9927292 0.47492045
vt 0.97516704 0.4744475
vt 0.97516704 0.43701857
vt 0.959712 0.47548056
vt 0.959712 0.4380517
vt 0.9928264 0.93714905
vt 0.9928264 0.974807
vt 0.9760285 0.974815
vt 0.9760285 0.9371571
vt 0.061575532 0.9603453
vt 0.075407654 0.9603387
vt 0.07540767 0.9804483
vt 0.061575532 0.980455
vt 0.24338093 0.96840096
vt 0.22694701 0.9753411
vt 0.22694701 0.9712434
vt 0.24047838 0.9655099
vt 0.25029576 0.9517205
vt 0.24619092 0.9517298
vt 0.24338093 0.93507123
vt 0.24047838 0.93797565
vt 0.22694701 0.92820597
vt 0.22694701 0.93230367
vt 0.96051496 0.1266222
vt 0.9609057 0.11211395
vt 0.980893 0.11211395
vt 0.9805023 0.1266222
vt 0.9613684 0.13938999
vt 0.9813557 0.13938999
vt 0.70628524 0.9858559
vt 0.693532 0.9863291
vt 0.693532 0.9662616
vt 0.70628524 0.9657884
vt 0.7887133 0.940609
vt 0.80224466 0.9348755
vt 0.80224466 0.9397733
vt 0.7921825 0.94406414
vt 0.78300077 0.9543891
vt 0.78790694 0.9543779
vt 0.7887133 0.9681432
vt 0.7921825 0.9646723
vt 0.80224466 0.9738152
vt 0.80224466 0.96891737
vt 0.020775715 0.9603386
vt 0.020775715 0.98948264
vt 0.0107135475 0.9852376
vt 0.0064379983 0.97494316
vt 0.0107135475 0.9646294
vt 0.55853426 0.8535285
vt 0.56043994 0.84421086
vt 0.5622048 0.8537917
vt 0.5567695 0.84394765
vt 0.5622048 0.8333962
vt 0.55853426 0.8331332
vt 0.73322755 0.2424157
vt 0.73322755 0.23259765
vt 0.7372568 0.23259503
vt 0.7372568 0.24241306
vt 0.71633136 0.24318132
vt 0.71633136 0.23267025
vt 0.7203516 0.23259503
vt 0.7203516 0.24310607
vt 0.6774745 0.16308498
vt 0.6917684 0.16143668
vt 0.6917684 0.2389215
vt 0.67747474 0.24056977
vt 0.14058256 0.35982606
vt 0.15480328 0.3595848
vt 0.15480328 0.47070992
vt 0.14058256 0.4709512
vt 0.54389334 0.87125015
vt 0.53635705 0.79289496
vt 0.54389334 0.7928955
vt 0.4675063 0.87123275
vt 0.53635705 0.777013
vt 0.46750632 0.75942767
vt 0.54389334 0.77701354
vt 0.54389334 0.7594451
vt 0.5496884 0.9619037
vt 0.5572247 0.9619043
vt 0.5572247 0.9777862
vt 0.5496884 0.9777857
vt 0.9034021 0.9665637
vt 0.9109483 0.9665632
vt 0.9109483 0.98150015
vt 0.9034021 0.98150015
vt 0.76007533 0.96578836
vt 0.7600751 0.98157376
vt 0.7453127 0.9818243
vt 0.7453127 0.9660389
vt 0.92382425 0.9665806
vt 0.93136764 0.96656346
vt 0.93136764 0.9814658
vt 0.92382425 0.981483
vt 0.25363046 0.91415876
vt 0.17826718 0.91532993
vt 0.17826718 0.8037597
vt 0.25363046 0.8025885
vt 0.4499731 0.91132885
vt 0.43571568 0.9096551
vt 0.43571544 0.8321801
vt 0.4499731 0.83385384
vt 0.7990825 0.47512168
vt 0.81818295 0.4193412
vt 0.81818295 0.4758497
vt 0.7990567 0.4176858
vt 0.7799822 0.47439373
vt 0.7799305 0.41603047
vt 0.9705961 0.25880027
vt 0.959391 0.31857744
vt 0.9583305 0.27641195
vt 0.970596 0.33732817
vt 0.987979 0.25913855
vt 0.987979 0.33766648
vt 0.25942522 0.7859696
vt 0.27774262 0.72612655
vt 0.27837038 0.7822267
vt 0.2583921 0.7273965
vt 0.24048007 0.7897126
vt 0.23904157 0.72866654
vt 0.26110303 0.67601556
vt 0.24121124 0.6766184
vt 0.22131944 0.6772212
vt 0.22086704 0.66486406
vt 0.19759238 0.6751292
vt 0.24075884 0.6642613
vt 0.1971401 0.66277206
vt 0.17860377 0.67273235
vt 0.17826724 0.6604115
vt 0.26065063 0.6636585
vt 0.27791798 0.6611328
vt 0.27837038 0.67348987
vt 0.086279035 0.76146066
vt 0.024118185 0.7569289
vt 0.068374455 0.7503902
vt 0.0072075725 0.77401185
vt 0.08654624 0.7827184
vt 0.0074748397 0.7952695
vt 0.085214466 0.8018153
vt 0.0069564283 0.8139845
vt 0.08388269 0.82091224
vt 0.006438017 0.83269954
vt 0.08654624 0.83782244
vt 0.00910151 0.84960973
vt 0.0700928 0.8524004
vt 0.028482437 0.8579993
vt 0.795747 0.8578025
vt 0.78300077 0.90229714
vt 0.7838909 0.8559275
vt 0.79485685 0.9041722
vt 0.795747 0.92199945
vt 0.7837287 0.92074746
vt 0.94288385 0.5883987
vt 0.92881215 0.65309095
vt 0.9279957 0.6081681
vt 0.94288385 0.66865534
vt 0.96465385 0.5857236
vt 0.96465385 0.6659802
vt 0.14480156 0.48382723
vt 0.15665519 0.48391575
vt 0.1569336 0.5024442
vt 0.14517125 0.50303084
vt 0.14058253 0.5464294
vt 0.15234487 0.54584277
vt 0.1569336 0.5633171
vt 0.14507997 0.5632286
vt 0.36477256 0.91621065
vt 0.34183908 0.9293126
vt 0.34127188 0.9189043
vt 0.36533976 0.9266189
vt 0.3852756 0.92764604
vt 0.38470843 0.9172379
vt 0.40521145 0.92867327
vt 0.39340842 0.8730833
vt 0.37382543 0.8725045
vt 0.4035837 0.83477986
vt 0.38447154 0.83218
vt 0.42269588 0.8373796
vt 0.4129914 0.8736621
vt 0.40464425 0.918265
vt 0.42227232 0.9189043
vt 0.42283952 0.9293126
vt 0.9755095 0.5728476
vt 0.9279957 0.5728476
vt 0.9334296 0.49113393
vt 0.9688837 0.49176776
vt 0.17826724 0.9619203
vt 0.18290567 0.92820597
vt 0.21407104 0.9324471
vt 0.20788097 0.96508133
vt 0.1845758 0.9884797
vt 0.21407104 0.9904176
vt 0.9605149 0.09923792
vt 0.9621949 0.063513756
vt 0.99356186 0.062425137
vt 0.993562 0.089255095
vt 0.99264604 0.00677526
vt 0.9926459 0.049549222
vt 0.9608149 0.04803574
vt 0.96051496 0.006438017
vt 0.9858828 0.8247864
vt 0.9858827 0.8641505
vt 0.9503954 0.8562288
vt 0.95222765 0.8253665
vt 0.46318614 0.521644
vt 0.4628743 0.48963583
vt 0.46589506 0.48708296
vt 0.46589506 0.5219526
vt 0.98397857 0.8838061
vt 0.991851 0.880823
vt 0.99185103 0.924273
vt 0.9760285 0.8906045
vt 0.30261517 0.9512284
vt 0.28977203 0.9873907
vt 0.276649 0.98390234
vt 0.2883296 0.9505364
vt 0.30261517 0.9218236
vt 0.26766157 0.9813378
vt 0.2716403 0.9476793
vt 0.29016232 0.9219203
vt 0.2760868 0.9149549
vt 0.26650643 0.9204066
vt 0.98741966 0.3839984
vt 0.98741966 0.4241426
vt 0.97270375 0.4202633
vt 0.9725928 0.38161945
vt 0.9614647 0.4198389
vt 0.9597121 0.37275314
vt 0.12910247 0.9448
vt 0.1476655 0.9753741
vt 0.13361025 0.9741589
vt 0.11493397 0.94525814
vt 0.12668753 0.90567815
vt 0.11375928 0.9060377
vt 0.10060859 0.9434649
vt 0.10251069 0.9017317
vt 0.09942222 0.9753741
vt 0.1140542 0.9718075
vt 0.97567797 0.7075329
vt 0.9723284 0.6815314
vt 0.99099225 0.6888149
vt 0.99099225 0.71390533
vt 0.55023587 0.9490278
vt 0.5578793 0.9013543
vt 0.5584268 0.94889855
vt 0.5496884 0.90148354
vt 0.5584268 0.8841262
vt 0.55023587 0.8842554
vt 0.32434273 0.9478009
vt 0.32464114 0.97062874
vt 0.316737 0.9717798
vt 0.31643862 0.9489517
vt 0.32231075 0.93369126
vt 0.31549126 0.93439317
vt 0.3246411 0.9149549
vt 0.316737 0.916106
vt 0.07603121 0.94746274
vt 0.018130302 0.94746274
vt 0.009846687 0.9294087
vt 0.08069372 0.92572755
vt 0.009637833 0.90956634
vt 0.077423334 0.9090701
vt 0.07442546 0.894218
vt 0.006438017 0.8924956
vt 0.013890743 0.8708753
vt 0.06595993 0.8735314
vt 0.45242855 0.970026
vt 0.4537234 0.9922447
vt 0.44576767 0.9930136
vt 0.44447288 0.97079515
vt 0.4537234 0.95502305
vt 0.44576773 0.95579195
vt 0.45265016 0.9421885
vt 0.4446945 0.9429574
vt 0.28273588 0.56658024
vt 0.2709247 0.6198303
vt 0.27461994 0.5663423
vt 0.2790406 0.6200684
vt 0.27461994 0.6344786
vt 0.28273588 0.6347166
vt 0.8100722 0.7125462
vt 0.7908294 0.7081108
vt 0.7889991 0.7125462
vt 0.8082385 0.7081108
vt 0.7785146 0.69576573
vt 0.8249676 0.69760287
vt 0.77409244 0.69760287
vt 0.820544 0.69576573
vt 0.7785082 0.67830706
vt 0.82495975 0.6764699
vt 0.7740848 0.6764698
vt 0.8205373 0.67830694
vt 0.7908137 0.66596186
vt 0.8100531 0.66152644
vt 0.78898 0.66152644
vt 0.8082228 0.66596186
vt 0.8954835 0.8371316
vt 0.9007704 0.83932734
vt 0.90998054 0.8300878
vt 0.907789 0.8247864
vt 0.89549017 0.8545903
vt 0.92301035 0.83008766
vt 0.90077543 0.85239434
vt 0.9251981 0.8247864
vt 0.9078047 0.8669354
vt 0.9322274 0.83932734
vt 0.90999246 0.86163414
vt 0.9375129 0.8371315
vt 0.9252138 0.8669354
vt 0.93223214 0.85239434
vt 0.92302203 0.861634
vt 0.9375193 0.8545903
vt 0.7634418 0.73916864
vt 0.7125319 0.7380396
vt 0.71873295 0.74577534
vt 0.7669281 0.7299148
vt 0.693532 0.79391736
vt 0.7953121 0.7694096
vt 0.7031038 0.79137516
vt 0.8059595 0.75170034
vt 0.75131714 0.8430516
vt 0.7988721 0.81696206
vt 0.7526143 0.8332308
vt 0.8059595 0.83262014
vt 0.6744632 0.7248922
vt 0.6804441 0.70573467
vt 0.6274944 0.69887733
vt 0.6296571 0.7085581
vt 0.6704408 0.769945
vt 0.5751069 0.74617857
vt 0.6804441 0.7851365
vt 0.5845454 0.74887645
vt 0.63982797 0.7998501
vt 0.5923214 0.80016613
vt 0.64214224 0.80940324
vt 0.5988724 0.7927289
vt 0.9406896 0.8849334
vt 0.9420969 0.8808231
vt 0.9042379 0.888887
vt 0.908194 0.89182675
vt 0.9585443 0.90738434
vt 0.90340215 0.92874235
vt 0.96315247 0.90633523
vt 0.90732425 0.9277032
vt 0.9587868 0.9343361
vt 0.93450814 0.9536875
vt 0.96315247 0.93658227
vt 0.93465286 0.94986427
vt 0.87017167 0.9507661
vt 0.89052606 0.91733384
vt 0.886832 0.91703284
vt 0.87218356 0.9542576
vt 0.87570715 0.88300246
vt 0.83435833 0.9509059
vt 0.87387025 0.8863836
vt 0.8329463 0.9542576
vt 0.8375137 0.8808231
vt 0.8221648 0.9160293
vt 0.83941615 0.8842238
vt 0.8188355 0.91599053
vt 0.80644524 0.16988432
vt 0.8044728 0.15816224
vt 0.7960495 0.17881346
vt 0.81274927 0.18352127
vt 0.8514582 0.16621888
vt 0.7930509 0.19358897
vt 0.85673916 0.15543902
vt 0.8091086 0.19417763
vt 0.8488201 0.18257296
vt 0.7899152 0.21030712
vt 0.8642894 0.17698741
vt 0.80423987 0.20695066
vt 0.8458227 0.1944313
vt 0.7947911 0.23211145
vt 0.86103237 0.19386852
vt 0.80269563 0.22218382
vt 0.84653556 0.20924926
vt 0.85299647 0.23211145
vt 0.8611239 0.21395314
vt 0.8456093 0.22319794
vt 0.77409244 0.69760287
vt 0.7785082 0.67830706
vt 0.7785146 0.69576573
vt 0.7740848 0.6764698
vt 0.7889991 0.7125462
vt 0.7908137 0.66596186
vt 0.7908294 0.7081108
vt 0.78898 0.66152644
vt 0.8100722 0.7125462
vt 0.8082228 0.66596186
vt 0.8082385 0.7081108
vt 0.8100531 0.66152644
vt 0.8249676 0.69760287
vt 0.8205373 0.67830694
vt 0.820544 0.69576573
vt 0.82495975 0.6764699
vt 0.8954835 0.8371316
vt 0.90998054 0.8300878
vt 0.9007704 0.83932734
vt 0.907789 0.8247864
vt 0.89549017 0.8545903
vt 0.92301035 0.83008766
vt 0.90077543 0.85239434
vt 0.9251981 0.8247864
vt 0.9078047 0.8669354
vt 0.9322274 0.83932734
vt 0.90999246 0.86163414
vt 0.9375129 0.8371315
vt 0.9252138 0.8669354
vt 0.93223214 0.85239434
vt 0.92302203 0.861634
vt 0.9375193 0.8545903
vt 0.7031038 0.79137516
vt 0.75131714 0.8430516
vt 0.693532 0.79391736
vt 0.7526143 0.8332308
vt 0.71873295 0.74577534
vt 0.8059595 0.83262014
vt 0.7125319 0.7380396
vt 0.7988721 0.81696206
vt 0.7634418 0.73916864
vt 0.8059595 0.75170034
vt 0.7669281 0.7299148
vt 0.7953121 0.7694096
vt 0.6744632 0.7248922
vt 0.6274944 0.69887733
vt 0.6804441 0.70573467
vt 0.6296571 0.7085581
vt 0.6704408 0.769945
vt 0.5751069 0.74617857
vt 0.6804441 0.7851365
vt 0.5845454 0.74887645
vt 0.63982797 0.7998501
vt 0.5923214 0.80016613
vt 0.64214224 0.80940324
vt 0.5988724 0.7927289
vt 0.9406896 0.8849334
vt 0.9042379 0.888887
vt 0.9420969 0.8808231
vt 0.908194 0.89182675
vt 0.9585443 0.90738434
vt 0.90340215 0.92874235
vt 0.96315247 0.90633523
vt 0.90732425 0.9277032
vt 0.9587868 0.9343361
vt 0.93450814 0.9536875
vt 0.96315247 0.93658227
vt 0.93465286 0.94986427
vt 0.87387025 0.8863836
vt 0.8375137 0.8808231
vt 0.87570715 0.88300246
vt 0.83941615 0.8842238
vt 0.886832 0.91703284
vt 0.8188355 0.91599053
vt 0.89052606 0.91733384
vt 0.8221648 0.9160293
vt 0.87017167 0.9507661
vt 0.8329463 0.9542576
vt 0.87218356 0.9542576
vt 0.83435833 0.9509059
vt 0.80644524 0.16988432
vt 0.7960495 0.17881346
vt 0.8044728 0.15816224
vt 0.81274927 0.18352127
vt 0.8514582 0.16621888
vt 0.7930509 0.19358897
vt 0.85673916 0.15543902
vt 0.8091086 0.19417763
vt 0.8488201 0.18257296
vt 0.7899152 0.21030712
vt 0.8642894 0.17698741
vt 0.80423987 0.20695066
vt 0.8458227 0.1944313
vt 0.7947911 0.23211145
vt 0.86103237 0.19386852
vt 0.80269563 0.22218382
vt 0.84653556 0.20924926
vt 0.85299647 0.23211145
vt 0.8611239 0.21395314
vt 0.8456093 0.22319794
vt 0 0.5
vt 0 1
vt 0.5 1
vt 0.5 0.5
vt 0 0
vt 1 1
vt 0.5 0
vt 1 0.5
vt 1 0
vt 0 0.5
vt 0 1
vt 0.5 1
vt 0.5 0.5
vt 0 0
vt 1 1
vt 0.5 0
vt 1 0.5
vt 1 0
vt 0 0.5
vt 0 1
vt 0.5 1
vt 0.5 0.5
vt 0 0
vt 1 1
vt 0.5 0
vt 1 0.5
vt 1 0
vt 0 0.5
vt 0 1
vt 0.5 1
vt 0.5 0.5
vt 0 0
vt 1 1
vt 0.5 0
vt 1 0.5
vt 1 0
vt 0 0.5
vt 0 1
vt 0.5 1
vt 0.5 0.5
vt 0 0
vt 1 1
vt 0.5 0
vt 1 0.5
vt 1 0
vt 0 0.5
vt 0 1
vt 0.5 1
vt 0.5 0.5
vt 0 0
vt 1 1
vt 0.5 0
vt 1 0.5
vt 1 0
vt 0 0.5
vt 0 1
vt 0.5 1
vt 0.5 0.5
vt 0 0
vt 1 1
vt 0.5 0
vt 1 0.5
vt 1 0
vt 0 0.5
vt 0 1
vt 0.5 1
vt 0.5 0.5
vt 0 0
vt 1 1
vt 0.5 0
vt 1 0.5
vt 1 0
vt 0 0.5
vt 0 1
vt 0.5 1
vt 0.5 0.5
vt 0 0
vt 1 1
vt 0.5 0
vt 1 0.5
vt 1 0
vt 0 0.5
vt 0 1
vt 0.5 1
vt 0.5 0.5
vt 0 0
vt 1 1
vt 0.5 0
vt 1 0.5
vt 1 0
vt 0 0.5
vt 0 1
vt 0.5 1
vt 0.5 0.5
vt 0 0
vt 1 1
vt 0.5 0
vt 1 0.5
vt 1 0
vt 0 0.5
vt 0 1
vt 0.5 1
vt 0.5 0.5
vt 0 0
vt 1 1
vt 0.5 0
vt 1 0.5
vt 1 0
vt 0 0.5
vt 0 1
vt 0.5 1
vt 0.5 0.5
vt 0 0
vt 1 1
vt 0.5 0
vt 1 0.5
vt 1 0
vt 0 0.5
vt 0 1
vt 0.5 1
vt 0.5 0.5
vt 0 0
vt 1 1
vt 0.5 0
vt 1 0.5
vt 1 0
vt 0 0.5
vt 0 1
vt 0.5 1
vt 0.5 0.5
vt 0 0
vt 1 1
vt 0.5 0
vt 1 0.5
vt 1 0
vt 0 0.5
vt 0 1
vt 0.5 1
vt 0.5 0.5
vt 0 0
vt 1 1
vt 0.5 0
vt 1 0.5
vt 1 0
vt 0 0.5
vt 0 1
vt 0.5 1
vt 0.5 0.5
vt 0 0
vt 1 1
vt 0.5 0
vt 1 0.5
vt 1 0
vt 0 0.5
vt 0 1
vt 0.5 1
vt 0.5 0.5
vt 0 0
vt 1 1
vt 0.5 0
vt 1 0.5
vt 1 0
vt 0 0.5
vt 0 1
vt 0.5 1
vt 0.5 0.5
vt 0 0
vt 1 1
vt 0.5 0
vt 1 0.5
vt 1 0
vt 0 0.5
vt 0 1
vt 0.5 1
vt 0.5 0.5
vt 0 0
vt 1 1
vt 0.5 0
vt 1 0.5
vt 1 0
vt 0 0.5
vt 0 1
vt 0.5 1
vt 0.5 0.5
vt 0 0
vt 1 1
vt 0.5 0
vt 1 0.5
vt 1 0
vt 0 0.5
vt 0 1
vt 0.5 1
vt 0.5 0.5
vt 0 0
vt 1 1
vt 0.5 0
vt 1 0.5
vt 1 0
vt 0 0.5
vt 0 1
vt 0.5 1
vt 0.5 0.5
vt 0 0
vt 1 1
vt 0.5 0
vt 1 0.5
vt 1 0
vt 0 0.5
vt 0 1
vt 0.5 1
vt 0.5 0.5
vt 0 0
vt 1 1
vt 0.5 0
vt 1 0.5
vt 1 0
vt 0 0.5
vt 0 1
vt 0.5 1
vt 0.5 0.5
vt 0 0
vt 1 1
vt 0.5 0
vt 1 0.5
vt 1 0
vt 0 0.5
vt 0 1
vt 0.5 1
vt 0.5 0.5
vt 0 0
vt 1 1
vt 0.5 0
vt 1 0.5
vt 1 0
vt 0 0.5
vt 0 1
vt 0.5 1
vt 0.5 0.5
vt 0 0
vt 1 1
vt 0.5 0
vt 1 0.5
vt 1 0
vt 0 0.5
vt 0 1
vt 0.5 1
vt 0.5 0.5
vt 0 0
vt 1 1
vt 0.5 0
vt 1 0.5
vt 1 0
vt 0 0.5
vt 0 1
vt 0.5 1
vt 0.5 0.5
vt 0 0
vt 1 1
vt 0.5 0
vt 1 0.5
vt 1 0
vt 0 0.5
vt 0 1
vt 0.5 1
vt 0.5 0.5
vt 0 0
vt 1 1
vt 0.5 0
vt 1 0.5
vt 1 0
vt 0 0.5
vt 0 1
vt 0.5 1
vt 0.5 0.5
vt 0 0
vt 1 1
vt 0.5 0
vt 1 0.5
vt 1 0
vt 0 0.5
vt 0 1
vt 0.5 1
vt 0.5 0.5
vt 0 0
vt 1 1
vt 0.5 0
vt 1 0.5
vt 1 0
vt 0 0.5
vt 0 1
vt 0.5 1
vt 0.5 0.5
vt 0 0
vt 1 1
vt 0.5 0
vt 1 0.5
vt 1 0
vt 0 0.5
vt 0 1
vt 0.5 1
vt 0.5 0.5
vt 0 0
vt 1 1
vt 0.5 0
vt 1 0.5
vt 1 0
vt 0 0.5
vt 0 1
vt 0.5 1
vt 0.5 0.5
vt 0 0
vt 1 1
vt 0.5 0
vt 1 0.5
vt 1 0
vt 0 0.5
vt 0 1
vt 0.5 1
vt 0.5 0.5
vt 0 0
vt 1 1
vt 0.5 0
vt 1 0.5
vt 1 0
vt 0 0.5
vt 0 1
vt 0.5 1
vt 0.5 0.5
vt 0 0
vt 1 1
vt 0.5 0
vt 1 0.5
vt 1 0
vt 0 0.5
vt 0 1
vt 0.5 1
vt 0.5 0.5
vt 0 0
vt 1 1
vt 0.5 0
vt 1 0.5
vt 1 0
vt 0 0.5
vt 0 1
vt 0.5 1
vt 0.5 0.5
vt 0 0
vt 1 1
vt 0.5 0
vt 1 0.5
vt 1 0
vt 0 0.5
vt 0 1
vt 0.5 1
vt 0.5 0.5
vt 0 0
vt 1 1
vt 0.5 0
vt 1 0.5
vt 1 0
vt 0 0.5
vt 0 1
vt 0.5 1
vt 0.5 0.5
vt 0 0
vt 1 1
vt 0.5 0
vt 1 0.5
vt 1 0
vt 0 0.5
vt 0 1
vt 0.5 1
vt 0.5 0.5
vt 0 0
vt 1 1
vt 0.5 0
vt 1 0.5
vt 1 0
vt 0 0.5
vt 0 1
vt 0.5 1
vt 0.5 0.5
vt 0 0
vt 1 1
vt 0.5 0
vt 1 0.5
vt 1 0
vt 0 0.5
vt 0 1
vt 0.5 1
vt 0.5 0.5
vt 0 0
vt 1 1
vt 0.5 0
vt 1 0.5
vt 1 0
vt 0 0.5
vt 0 1
vt 0.5 1
vt 0.5 0.5
vt 0 0
vt 1 1
vt 0.5 0
vt 1 0.5
vt 1 0
vt 0 0.5
vt 0 1
vt 0.5 1
vt 0.5 0.5
vt 0 0
vt 1 1
vt 0.5 0
vt 1 0.5
vt 1 0
vt 0 0.5
vt 0 1
vt 0.5 1
vt 0.5 0.5
vt 0 0
vt 1 1
vt 0.5 0
vt 1 0.5
vt 1 0
vt 0 0.5
vt 0 1
vt 0.5 1
vt 0.5 0.5
vt 0 0
vt 1 1
vt 0.5 0
vt 1 0.5
vt 1 0
vt 0 0.5
vt 0 1
vt 0.5 1
vt 0.5 0.5
vt 0 0
vt 1 1
vt 0.5 0
vt 1 0.5
vt 1 0
vt 0 0.5
vt 0 1
vt 0.5 1
vt 0.5 0.5
vt 0 0
vt 1 1
vt 0.5 0
vt 1 0.5
vt 1 0
vt 0 0
vt 0 0
vt 0 0
vt 0 0
vt 0 0
vt 0 0
vt 0 0
vt 0 0
vt 0 0
vt 0 0
vt 0 0
vt 0 0
vt 0 0
vt 0 0
vt 0 0
vt 0 0
vt 0 0
vt 0 0
vt 0 0
vt 0 0
vt 0 0
vt 0 0
vt 0 0
vt 0 0
vt 0 0
vt 0 0
vt 0 0
vt 0 0
vt 0 0
vt 0 0
vt 0 0
vt 0 0
vt 0 0
vt 0 0
vt 0 0
vt 0 0
vt 0 0
vt 0 0
vt 0 0
vt 0 0
vt 0 0
vt 0 0
vt 0 0
vt 0 0
vt 0 0
vt 0 0
vt 0 0
vt 0 0
vt 0 0
vt 0 0
vt 0 0
vt 0 0
vt 0 0
vt 0 0
vt 0 0
vt 0 0
vt 0 0
vt 0 0
vt 0 0
vt 0 0
vt 0 0
vt 0 0
vt 0 0
vt 0 0
vt 0 0
vt 0 0
vt 0 0
vt 0 0
vt 0 0
vt 0 0
vt 0 0
vt 0 0
vt 0 0
vt 0 0
vt 0 0
vt 0 0
vt 0 0
vt 0 0
vt 0 0
vt 0 0
vt 0 0
vt 0 0
vt 0 0
vt 0 0
vt 0 0
vt 0 0
vt 0 0
vt 0 0
vt 0 0
vt 0 0
vt 0 0
vt 0 0
vt 0 0
vt 0 0
vt 0 0
vt 0 0
vt 0 0
vt 0 0
vt 0.30365252 0.002002575
vt 0.25616622 0.020997442
vt 0.2538141 0.021938212
vt 0.2538141 0.021938212
vt 0.25616622 0.020997442
vt 0.30365252 0.002002575
vt 0.046106428 0.0020754933
vt 0.13482107 0.009950191
vt 0.1551417 0.011753917
vt 0.046106428 0.0020754933
vt 0.09789121 0.006672114
vt 0.13482107 0.009950191
vt 0.90386105 0.7810712
vt 0.90386105 0.6926296
vt 0.8869388 0.6959965
vt 0.8725928 0.70558304
vt 0.8869388 0.7777059
vt 0.86300707 0.7199298
vt 0.8725928 0.7681208
vt 0.8596411 0.7368525
vt 0.8630071 0.753775
vt 0.51232415 0.4589299
vt 0.50851536 0.45896718
vt 0.50896007 0.4717097
vt 0.5213508 0.4619731
vt 0.51828617 0.45905924
vt 0.51816785 0.4748565
vt 0.52135056 0.4306181
vt 0.5182849 0.43054768
vt 0.5183085 0.37143365
vt 0.5325836 0.4745904
vt 0.52619976 0.48399624
vt 0.54045695 0.49356076
vt 0.5318328 0.49773708
vt 0.54377216 0.5159967
vt 0.53420967 0.5139874
vt 0.5425971 0.5311152
vt 0.53296834 0.53027314
vt 0.5420246 0.5384821
vt 0.5310672 0.5359073
vt 0.5351557 0.55704683
vt 0.5325989 0.4317102
vt 0.5234405 0.535982
vt 0.5221107 0.17259683
vt 0.50848645 0.37120804
vt 0.5183877 0.1725028
vt 0.50856566 0.17227717
vt 0.51842237 0.08543754
vt 0.5223672 0.085538365
vt 0.5226115 0.0025943299
vt 0.5348413 0.003764846
vt 0.5086003 0.08521194
vt 0.5086333 0.0020025154
vt 0.52899927 0.56563073
vt 0.5122435 0.56579745
vt 0.5168204 0.5380964
vt 0.51134753 0.54012245
vt 0.51256275 0.5767738
vt 0.53505933 0.5765536
vt 0.54202944 0.5332461
vt 0.53546304 0.6082879
vt 0.5129664 0.6085081
vt 0.53633934 0.6494849
vt 0.5138427 0.6497052
vt 0.5369356 0.681619
vt 0.514439 0.68183917
vt 0.5485154 0.7187025
vt 0.51482725 0.70743746
vt 0.5372451 0.73312587
vt 0.5147485 0.7333461
vt 0.5526117 0.71110034
vt 0.55167377 0.6814747
vt 0.5510776 0.6493406
vt 0.5502014 0.60814357
vt 0.5497978 0.57640934
vt 0.5477647 0.50649613
vt 0.5437694 0.5065353
vt 0.55549645 0.49868637
vt 0.554883 0.50827295
vt 0.5552381 0.42308456
vt 0.5426071 0.4347522
vt 0.5424913 0.42320934
vt 0.5448399 0.109382994
vt 0.55549645 0.10927866
vt 0.6754577 0.5636342
vt 0.66053474 0.61262983
vt 0.6754577 0.61264056
vt 0.6606423 0.5636237
vt 0.6434332 0.6125708
vt 0.6754577 0.50322545
vt 0.6436627 0.5635651
vt 0.6607748 0.50321513
vt 0.6754577 0.41724923
vt 0.6439455 0.503157
vt 0.66096354 0.417239
vt 0.67541224 0.002002575
vt 0.644348 0.4171818
vt 0.66183823 0.005383738
vt 0.6462768 0.0065214415
vt 0.6023875 0.55665433
vt 0.5920545 0.53385293
vt 0.5917586 0.53915596
vt 0.587948 0.5321719
vt 0.58072513 0.50824964
vt 0.580128 0.51783913
vt 0.56897706 0.49653155
vt 0.5799597 0.43609792
vt 0.5721042 0.43566477
vt 0.5798299 0.42449635
vt 0.5620406 0.43509278
vt 0.56000376 0.47847745
vt 0.5942114 0.00261844
vt 0.58328354 0.0020025154
vt 0.59683824 0.10673324
vt 0.59767497 0.09110073
vt 0.6023875 0.003058203
vt 0.30482382 0.77140176
vt 0.3202584 0.7803254
vt 0.320231 0.7744565
vt 0.28698373 0.780373
vt 0.2917493 0.7626653
vt 0.3202584 0.8158827
vt 0.28300446 0.74959284
vt 0.26593256 0.8159603
vt 0.32016832 0.83833265
vt 0.29566842 0.83836764
vt 0.253709 0.78042054
vt 0.26847184 0.73116827
vt 0.27991414 0.7341904
vt 0.26920307 0.72872865
vt 0.28098944 0.7287118
vt 0.3813831 0.10582671
vt 0.38158357 0.7042076
vt 0.40603557 0.70423865
vt 0.40583506 0.10585783
vt 0.4372128 0.71837837
vt 0.43714884 0.10574693
vt 0.4059159 0.014270939
vt 0.4372128 0.03326378
vt 0.38146392 0.014239855
vt 0.3814747 0.0020025154
vt 0.4099876 0.0020177444
vt 0.3496828 0.6204538
vt 0.34023923 0.007751264
vt 0.30365252 0.002002575
vt 0.30950108 0.49025473
vt 0.2538141 0.021938212
vt 0.2537225 0.62039745
vt 0.3496717 0.69293797
vt 0.3103428 0.69292945
vt 0.253709 0.7085679
vt 0.3106996 0.7242044
vt 0.25424817 0.7242044
vt 0.35095745 0.7242044
vt 0.3731093 0.7242044
vt 0.37687576 0.7119559
vt 0.8118985 0.6946
vt 0.7962062 0.104667075
vt 0.8001368 0.6948031
vt 0.8118986 0.10439602
vt 0.795627 0.017722912
vt 0.8118985 0.017441846
vt 0.8012431 0.0021866043
vt 0.8118985 0.0020025154
vt 0.1911566 0.5552295
vt 0.23810634 0.5919026
vt 0.24375953 0.5596208
vt 0.19296199 0.58800614
vt 0.2317904 0.60795426
vt 0.16812073 0.5533064
vt 0.19145834 0.6021606
vt 0.22297488 0.6319302
vt 0.092448816 0.5793307
vt 0.19122696 0.62867856
vt 0.18951492 0.6363291
vt 0.098712295 0.5888375
vt 0.08717549 0.61802167
vt 0.08674558 0.62522835
vt 0.18778099 0.6675934
vt 0.08454417 0.6560715
vt 0.24375957 0.99681646
vt 0.052524894 0.99295443
vt 0.04826261 0.58425975
vt 0.036725804 0.6134439
vt 0.036295906 0.6206506
vt 0.034094483 0.6514936
vt 0.0020754933 0.98837364
vt 0.047792897 0.9979245
vt 0.008564651 0.9944172
vt 0.06565635 0.57687294
vt 0.07490989 0.5455251
vt 0.06670024 0.56343937
vt 0.066969395 0.5563856
vt 0.070488095 0.5303869
vt 0.06351778 0.5292914
vt 0.10412731 0.53536755
vt 0.06412421 0.50144553
vt 0.15585867 0.517845
vt 0.05712329 0.5001097
vt 0.16426049 0.5442708
vt 0.18837179 0.5478407
vt 0.20068114 0.5393002
vt 0.17085987 0.5148817
vt 0.05416953 0.4637353
vt 0.047299124 0.46282527
vt 0.13548256 0.47393465
vt 0.14732312 0.47460306
vt 0.05038719 0.43343747
vt 0.043676436 0.43379524
vt 0.12887415 0.43002427
vt 0.1406833 0.43104565
vt 0.14201361 0.38741174
vt 0.026360512 0.37219742
vt 0.019068941 0.37114495
vt 0.13020448 0.38639033
vt 0.13762428 0.30294555
vt 0.1494334 0.30396694
vt 0.15017493 0.29164073
vt 0.16371386 0.06658366
vt 0.02014985 0.2939896
vt 0.018556029 0.36395153
vt 0.1551417 0.011753917
vt 0.16695085 0.012775302
vt 0.13482107 0.009950191
vt 0.046106428 0.0020754933
vt 0.09789121 0.006672114
vt 0.67697346 0.9477525
vt 0.6544764 0.91238624
vt 0.6544764 0.9478647
vt 0.67697346 0.912274
vt 0.6875285 0.9476998
vt 0.6547644 0.89434946
vt 0.6875285 0.9122213
vt 0.6694463 0.89427626
vt 0.6551158 0.8674968
vt 0.6795193 0.894226
vt 0.66451114 0.86744994
vt 0.6736166 0.86740446
vt 0.833568 0.0020494242
vt 0.83873653 0.036046512
vt 0.8388026 0.0020726998
vt 0.8335019 0.036023267
vt 0.82301295 0.0020025154
vt 0.84322804 0.38612893
vt 0.82294685 0.035976328
vt 0.8269608 0.38605466
vt 0.8429054 0.39268267
vt 0.8164059 0.38600186
vt 0.8262994 0.3926089
vt 0.8216402 0.39268267
vt 0.82031894 0.46876135
vt 0.8164059 0.8308215
vt 0.83874714 0.8308215
vt 0.833568 0.46876073
vt 0.8206323 0.43556073
vt 0.8338812 0.43556008
vt 0.82069963 0.42779598
vt 0.8339487 0.42779538
vt 0.8216425 0.39719078
vt 0.83489156 0.3971901
vt 0.96706045 0.7788387
vt 0.9755083 0.7778214
vt 0.9755083 0.7492638
vt 0.9649342 0.76118934
vt 0.98347855 0.57687217
vt 0.96435857 0.57695365
vt 0.96435857 0.5902285
vt 0.98347855 0.59941363
vt 0.7162945 0.93722403
vt 0.7190112 0.9737957
vt 0.7295874 0.9737991
vt 0.7254182 0.93722695
vt 0.73483247 0.9738008
vt 0.73483247 0.93723
vt 0.85115117 0.1609237
vt 0.8656579 0.20027898
vt 0.8655046 0.16109605
vt 0.8513046 0.20010664
vt 0.8670395 0.24140854
vt 0.8492986 0.24119548
vt 0.8479171 0.20006593
vt 0.8477354 0.1536626
vt 0.85123307 0.13981183
vt 0.84811026 0.10636074
vt 0.85817665 0.120699294
vt 0.8655864 0.13998418
vt 0.8657385 0.1207901
vt 0.8582613 0.1100227
vt 0.8658231 0.11011342
vt 0.85217494 0.048128434
vt 0.86652833 0.04830084
vt 0.8491672 0.0154023245
vt 0.852562 0.014707334
vt 0.8492986 0.0020025154
vt 0.86691535 0.014879681
vt 0.86703956 0.0022155424
vt 0.7127563 0.88260055
vt 0.7307351 0.84798133
vt 0.71295816 0.84798133
vt 0.7305333 0.88260055
vt 0.7078382 0.9327166
vt 0.73037964 0.9327167
vt 0.7020927 0.8709953
vt 0.69726235 0.9327167
vt 0.69385624 0.87546486
vt 0.69236463 0.8503932
vt 0.901196 0.92359704
vt 0.88345385 0.923558
vt 0.88345385 0.9820558
vt 0.901196 0.9820949
vt 0.7398534 0.43918464
vt 0.7657631 0.23754747
vt 0.76018274 0.23250665
vt 0.7455356 0.44469836
vt 0.77043146 0.23754801
vt 0.7647029 0.48941123
vt 0.78707075 0.23754801
vt 0.78707075 0.48946178
vt 0.7870585 0.4967061
vt 0.764673 0.4967062
vt 0.7538949 0.50125283
vt 0.7412707 0.5012632
vt 0.7412707 0.5198546
vt 0.7538949 0.51984423
vt 0.76491076 0.519805
vt 0.76491076 0.50121355
vt 0.7797576 0.6880691
vt 0.7611629 0.6881354
vt 0.7797576 0.72731936
vt 0.7398534 0.688153
vt 0.7611629 0.72738564
vt 0.7398534 0.72740316
vt 0.9477973 0.7833564
vt 0.96042156 0.8694086
vt 0.96042156 0.78334594
vt 0.9477973 0.869419
vt 0.93678147 0.78339565
vt 0.93678147 0.8694582
vt 0.9681798 0.49367243
vt 0.9681798 0.42529318
vt 0.9555557 0.42530358
vt 0.9555557 0.4936828
vt 0.9445398 0.42534283
vt 0.9445398 0.49372208
vt 0.4331759 0.9303296
vt 0.42055175 0.9797032
vt 0.4331759 0.97969276
vt 0.42055175 0.93034005
vt 0.40953583 0.9797424
vt 0.40953583 0.9303793
vt 0.59991705 0.60212994
vt 0.5999171 0.5634241
vt 0.5813152 0.5616334
vt 0.5813152 0.6003393
vt 0.5600038 0.5611615
vt 0.5850813 0.7707584
vt 0.5600038 0.59986734
vt 0.5740612 0.76969767
vt 0.5850813 0.7890919
vt 0.5614358 0.7694179
vt 0.5740612 0.7880311
vt 0.5614359 0.7877515
vt 0.9478016 0.778559
vt 0.93678147 0.6926296
vt 0.93678147 0.77749825
vt 0.9478016 0.6936904
vt 0.9604268 0.6939699
vt 0.9604269 0.77883863
vt 0.96315473 0.32298216
vt 0.95213467 0.38935205
vt 0.96315473 0.39041284
vt 0.95213467 0.32192138
vt 0.9395094 0.3216418
vt 0.9395094 0.38907245
vt 0.3813831 0.97900796
vt 0.39240316 0.9313904
vt 0.3813831 0.9303296
vt 0.39240316 0.9800688
vt 0.40502846 0.93167
vt 0.4050285 0.98034835
vt 0.93500197 0.32168302
vt 0.93500197 0.31823966
vt 0.92119247 0.3209873
vt 0.92251015 0.32416847
vt 0.90948534 0.32881048
vt 0.91192013 0.33124518
vt 0.9016628 0.3405182
vt 0.90484405 0.34183577
vt 0.898916 0.35432813
vt 0.90235925 0.35432792
vt 0.9016628 0.3681377
vt 0.90484405 0.36681983
vt 0.90948534 0.3798446
vt 0.91192013 0.37740973
vt 0.92119247 0.38766664
vt 0.92251015 0.3844854
vt 0.93500197 0.39041287
vt 0.93500197 0.38696954
vt 0.9687722 0.24331631
vt 0.97961915 0.23049937
vt 0.96925354 0.23108698
vt 0.9791378 0.24272873
vt 0.96925354 0.2572685
vt 0.97961915 0.25668088
vt 0.9344182 0.68220425
vt 0.9469105 0.68812215
vt 0.9469105 0.6846839
vt 0.93310046 0.6853808
vt 0.9238279 0.67513984
vt 0.9213929 0.67757124
vt 0.9167516 0.6645663
vt 0.9135703 0.66588235
vt 0.9142667 0.6520933
vt 0.9108233 0.65209365
vt 0.9167516 0.6396197
vt 0.9135703 0.63830435
vt 0.9238279 0.62904465
vt 0.92139304 0.62661374
vt 0.9344182 0.6219779
vt 0.93310046 0.6188016
vt 0.9469105 0.6194955
vt 0.9469105 0.61605734
vt 0.5820133 0.90131557
vt 0.5600038 0.79359937
vt 0.57098407 0.900355
vt 0.5761523 0.79500574
vt 0.5946406 0.9014803
vt 0.5946406 0.7952471
vt 0.50397915 0.6327951
vt 0.50397915 0.6303202
vt 0.48474213 0.63414764
vt 0.48568925 0.6364342
vt 0.46843383 0.64504564
vt 0.4701838 0.6467956
vt 0.45753697 0.6613548
vt 0.4598234 0.6623018
vt 0.45371047 0.6805923
vt 0.45618534 0.6805922
vt 0.45753697 0.69982946
vt 0.4598234 0.6988823
vt 0.46843383 0.7161376
vt 0.4701838 0.7143874
vt 0.48474216 0.72703385
vt 0.48568925 0.72474724
vt 0.50397915 0.7308594
vt 0.50397915 0.7283845
vt 0.86470604 0.39220217
vt 0.8477354 0.34466812
vt 0.8477354 0.39056855
vt 0.86470604 0.34630173
vt 0.8841486 0.39263272
vt 0.8841486 0.3467323
vt 0.9687722 0.27573165
vt 0.97931826 0.26179796
vt 0.96879005 0.26177588
vt 0.9793005 0.27575377
vt 0.96879005 0.28790966
vt 0.97931826 0.28793174
vt 0.47497413 0.7353667
vt 0.48832318 0.845562
vt 0.48759833 0.7353828
vt 0.46983948 0.8455383
vt 0.4639582 0.7353828
vt 0.45371047 0.845562
vt 0.8358468 0.97016454
vt 0.8164059 0.9236344
vt 0.8164059 0.9701805
vt 0.8358468 0.9236184
vt 0.85281086 0.9701041
vt 0.85281086 0.92355794
vt 0.5425896 0.9146223
vt 0.4960789 0.9319025
vt 0.5426257 0.931888
vt 0.49604288 0.91463685
vt 0.54257697 0.89510906
vt 0.49603018 0.8951236
vt 0.5425896 0.8763191
vt 0.49604288 0.8763336
vt 0.5426257 0.86111295
vt 0.4960789 0.8611274
vt 0.4022827 0.8332157
vt 0.3813831 0.722932
vt 0.391071 0.8332391
vt 0.39779875 0.72289765
vt 0.41495386 0.8332075
vt 0.41635123 0.7228856
vt 0.4271554 0.8332157
vt 0.43421617 0.72289765
vt 0.43702975 0.8332392
vt 0.4486737 0.722932
vt 0.8097929 0.8937608
vt 0.79929036 0.9061584
vt 0.8098188 0.9061551
vt 0.79926443 0.8937641
vt 0.8097838 0.87975305
vt 0.7992554 0.87975633
vt 0.8097929 0.86626446
vt 0.79926443 0.86626774
vt 0.8098188 0.85534847
vt 0.79929036 0.8553518
vt 0.3576381 0.8252812
vt 0.37687573 0.82909995
vt 0.37687573 0.7287117
vt 0.3413292 0.8144022
vt 0.3576381 0.7325346
vt 0.33043194 0.7981193
vt 0.3413292 0.743417
vt 0.32660535 0.77891123
vt 0.33043197 0.7597023
vt 0.77380925 0.020632721
vt 0.77380925 0.0020410498
vt 0.76393497 0.0020145853
vt 0.76393497 0.020606257
vt 0.7911197 0.18874855
vt 0.7517334 0.020594187
vt 0.7517334 0.0020025154
vt 0.7390622 0.002006777
vt 0.77445185 0.18870382
vt 0.7911197 0.22799931
vt 0.77445185 0.22795461
vt 0.75385576 0.1886835
vt 0.75385576 0.22793429
vt 0.7390623 0.020598449
vt 0.7278505 0.002026685
vt 0.7278505 0.020618357
vt 0.7324668 0.1886907
vt 0.7324668 0.22794147
vt 0.71354157 0.18872435
vt 0.71354157 0.22797512
vt 0.37256408 0.91970956
vt 0.37256408 0.8336459
vt 0.36268973 0.83361936
vt 0.36268973 0.9196831
vt 0.3504882 0.91967106
vt 0.35072866 0.83360755
vt 0.3504882 0.8336074
vt 0.33781704 0.91967535
vt 0.33781704 0.8336116
vt 0.32660535 0.8336315
vt 0.32660535 0.91969526
vt 0.9076313 0.17131765
vt 0.9175056 0.23972435
vt 0.9175056 0.17134415
vt 0.9076313 0.23969783
vt 0.89567024 0.23968603
vt 0.89542973 0.23968579
vt 0.89542973 0.17130561
vt 0.8827586 0.23969005
vt 0.8827585 0.17130987
vt 0.87154686 0.17132978
vt 0.87154686 0.23970993
vt 0.5847663 0.95536345
vt 0.5946407 0.95539
vt 0.5946407 0.9060262
vt 0.5847663 0.90599966
vt 0.57256484 0.9059876
vt 0.57256484 0.9553514
vt 0.55989367 0.9553557
vt 0.55989367 0.9059919
vt 0.5486819 0.9553757
vt 0.5486819 0.9060118
vt 0.55549645 0.7422106
vt 0.55549645 0.73785347
vt 0.5327397 0.7423756
vt 0.53440964 0.74640095
vt 0.51344746 0.7552488
vt 0.51653314 0.7583295
vt 0.5005568 0.7745131
vt 0.50458837 0.77618015
vt 0.4960302 0.79723585
vt 0.5003939 0.7972355
vt 0.5005568 0.8199576
vt 0.50458837 0.81828976
vt 0.51344746 0.8392192
vt 0.51653314 0.8361379
vt 0.5327397 0.8520882
vt 0.53440964 0.84806263
vt 0.55549645 0.8566055
vt 0.55549645 0.85224843
vt 0.898916 0.24600635
vt 0.89891607 0.3137323
vt 0.9219132 0.3137134
vt 0.92191315 0.24598731
vt 0.9419805 0.31364188
vt 0.9419805 0.24591587
vt 0.60689497 0.86740446
vt 0.60689497 0.87480867
vt 0.6163608 0.88117826
vt 0.6298941 0.8679138
vt 0.6298941 0.93470025
vt 0.60689497 0.8821714
vt 0.60689497 0.93419087
vt 0.6499691 0.93663275
vt 0.6499691 0.86984634
vt 0.8164278 0.85331666
vt 0.88420296 0.8353289
vt 0.81647605 0.8353289
vt 0.8841547 0.85331666
vt 0.8164059 0.8755439
vt 0.88413274 0.8755439
vt 0.81641364 0.89862657
vt 0.8841405 0.89862657
vt 0.8164498 0.9190507
vt 0.8841768 0.9190506
vt 0.7993176 0.8508412
vt 0.7993176 0.73191047
vt 0.7765616 0.7364382
vt 0.7572701 0.7493296
vt 0.7765616 0.84631586
vt 0.7443798 0.7686222
vt 0.7572701 0.83342624
vt 0.7398534 0.79137886
vt 0.7443798 0.81413496
vt 0.5399557 0.9371401
vt 0.5366989 0.93640983
vt 0.533877 0.954612
vt 0.5435835 0.94766915
vt 0.54221725 0.95648205
vt 0.5435835 0.97331595
vt 0.5352433 0.97144586
vt 0.30115604 0.8448129
vt 0.29178998 0.842875
vt 0.28299883 0.8443786
vt 0.26760593 0.8532637
vt 0.30115604 0.9234084
vt 0.25732067 0.8665754
vt 0.25370902 0.8822872
vt 0.25732067 0.8980073
vt 0.2676059 0.91134214
vt 0.28299883 0.9202618
vt 0.97423804 0.81956434
vt 0.97574884 0.80123997
vt 0.9664396 0.79998904
vt 0.96492887 0.81831336
vt 0.9757488 0.8359741
vt 0.96643966 0.8347232
vt 0.9625025 0.95101583
vt 0.96300817 0.9655278
vt 0.97324467 0.96556854
vt 0.972739 0.9510567
vt 0.962325 0.9332099
vt 0.9725615 0.93325067
vt 0.9625026 0.9148203
vt 0.972739 0.9148611
vt 0.9630083 0.89864707
vt 0.97324467 0.89868784
vt 0.9607532 0.06016887
vt 0.9607539 0.06304736
vt 0.9751364 0.06299464
vt 0.9751357 0.06011618
vt 0.9607356 0.046109833
vt 0.97511816 0.046057172
vt 0.96071553 0.0329291
vt 0.975098 0.03287638
vt 0.9607054 0.015706576
vt 0.9750879 0.015653886
vt 0.9607539 0.0020552059
vt 0.9751364 0.0020025154
vt 0.6798587 0.7703147
vt 0.6805474 0.7368978
vt 0.6774311 0.74064493
vt 0.67701143 0.7691057
vt 0.66307855 0.7648946
vt 0.6635839 0.74980044
vt 0.6500095 0.761369
vt 0.6501962 0.75257903
vt 0.63296205 0.75487614
vt 0.6352548 0.7513289
vt 0.61955196 0.7430811
vt 0.6228544 0.7421419
vt 0.606895 0.7118661
vt 0.6102685 0.7112309
vt 0.60753924 0.6713106
vt 0.61095715 0.6716274
vt 0.6110721 0.6505926
vt 0.6141939 0.6520262
vt 0.6274937 0.6306807
vt 0.62926084 0.63363665
vt 0.6438161 0.6266726
vt 0.6439456 0.6307027
vt 0.66736317 0.62840366
vt 0.66669625 0.6329393
vt 0.67841756 0.62399685
vt 0.6775697 0.64180154
vt 0.6805474 0.6451753
vt 0.32109898 0.95545363
vt 0.30580395 0.92464304
vt 0.30674464 0.955493
vt 0.3201583 0.9246038
vt 0.30566335 0.88408524
vt 0.32001773 0.88404596
vt 0.30579433 0.8632767
vt 0.32014868 0.8632374
vt 0.30674464 0.84291434
vt 0.32109898 0.842875
vt 0.49603176 0.93640983
vt 0.5104201 0.9529331
vt 0.5104148 0.936411
vt 0.4960371 0.9529319
vt 0.5104132 0.9765142
vt 0.4960302 0.97651297
vt 0.4960371 0.9877597
vt 0.5104202 0.9877609
vt 0.8655864 0.13998418
vt 0.85123307 0.13981183
vt 0.8513881 0.14310382
vt 0.86574143 0.14327617
vt 0.52931 0.9474679
vt 0.5293696 0.93640983
vt 0.51498705 0.9364284
vt 0.51492745 0.94748664
vt 0.52932364 0.97035277
vt 0.5149411 0.9703714
vt 0.5293696 0.9850564
vt 0.51498705 0.98507506
vt 0.9589509 0.5153716
vt 0.95985115 0.49936235
vt 0.94549775 0.4995501
vt 0.9445975 0.5155594
vt 0.958817 0.5342958
vt 0.9444635 0.53448355
vt 0.95892316 0.5733802
vt 0.9445698 0.5735679
vt 0.95985115 0.6057898
vt 0.94549775 0.60597754
vt 0.4526126 0.94641256
vt 0.45263112 0.93427384
vt 0.43824807 0.934274
vt 0.4382296 0.94641274
vt 0.4526094 0.9613704
vt 0.43822634 0.9613706
vt 0.45261407 0.97490466
vt 0.43823102 0.9749048
vt 0.45263112 0.9891156
vt 0.43824807 0.98911583
vt 0.85241187 0.044298925
vt 0.85217494 0.048128434
vt 0.86652833 0.04830084
vt 0.86676526 0.0444713
vt 0.804298 0.7319105
vt 0.8113966 0.7429226
vt 0.8118696 0.7322009
vt 0.8038249 0.74263215
vt 0.81077945 0.75874865
vt 0.804418 0.7585047
vt 0.810396 0.76921946
vt 0.8053809 0.7690271
vt 0.8101386 0.77720565
vt 0.80636084 0.7770608
vt 0.80993944 0.7842223
vt 0.80800927 0.7841483
vt 0.8079566 0.7852918
vt 0.80988675 0.7853658
vt 0.301156 0.9289061
vt 0.2905028 0.9279158
vt 0.2877396 0.9369862
vt 0.29242405 0.9384278
vt 0.28894946 0.95397043
vt 0.2840625 0.9537174
vt 0.28953966 0.9647269
vt 0.28548107 0.96612006
vt 0.29404998 0.9735429
vt 0.2911205 0.97592723
vt 0.301156 0.9818194
vt 0.29996315 0.9827969
vt 0.788036 0.5252482
vt 0.788036 0.5154397
vt 0.78610927 0.51550484
vt 0.78426504 0.5253757
vt 0.80993944 0.7842223
vt 0.80988675 0.7853658
vt 0.81181693 0.78543985
vt 0.8118696 0.7842963
vt 0.80383736 0.82839036
vt 0.80385375 0.83753556
vt 0.80763435 0.83753407
vt 0.80885637 0.82838833
vt 0.8038276 0.81625384
vt 0.8101939 0.8162513
vt 0.8038249 0.79928565
vt 0.8114024 0.79928267
vt 0.8114024 0.7899473
vt 0.8038249 0.78995025
vt 0.96426487 0.23049934
vt 0.94648784 0.23049937
vt 0.94755846 0.3137323
vt 0.96426076 0.3137323
vt 0.69236463 0.8434675
vt 0.7090342 0.843474
vt 0.7090342 0.5987602
vt 0.69236463 0.59875375
vt 0.16371386 0.06658366
vt 0.15017493 0.29164073
vt 0.21985534 0.2978553
vt 0.23981611 0.07337129
vt 0.9601423 0.16290326
vt 0.97791994 0.16290136
vt 0.97791994 0.08681507
vt 0.9612171 0.086816885
vt 0.927622 0.59465754
vt 0.9108233 0.59799904
vt 0.91082346 0.6115501
vt 0.92569035 0.6115501
vt 0.32933447 0.92421794
vt 0.32931992 0.98475766
vt 0.34595427 0.98475766
vt 0.34590113 0.924217
vt 0.9371871 0.06467665
vt 0.9205406 0.061369427
vt 0.92231846 0.078160204
vt 0.9371859 0.078160204
vt 0.90354764 0.83532894
vt 0.8887103 0.83547914
vt 0.8887103 0.89525217
vt 0.90354764 0.8951018
vt 0.44909927 0.63032305
vt 0.44172016 0.63032013
vt 0.44172016 0.6645446
vt 0.44909927 0.6645475
vt 0.9063144 0.568765
vt 0.9063144 0.56620413
vt 0.89382255 0.56371987
vt 0.896596 0.56876546
vt 0.9063144 0.5880921
vt 0.896596 0.58809257
vt 0.8892024 0.5687659
vt 0.8832325 0.55664426
vt 0.8892024 0.58809286
vt 0.8892024 0.58977836
vt 0.896596 0.58977795
vt 0.8596411 0.5421282
vt 0.87615645 0.54605436
vt 0.8596411 0.523313
vt 0.8736717 0.5335624
vt 0.87615645 0.5210703
vt 0.8832325 0.5104797
vt 0.8892024 0.49580154
vt 0.8938225 0.503403
vt 0.9063144 0.5009176
vt 0.9063144 0.4958007
vt 0.8892034 0.6881222
vt 0.9063159 0.68812037
vt 0.9063159 0.6830112
vt 0.89382374 0.6805314
vt 0.8832333 0.67346704
vt 0.8596411 0.6606567
vt 0.87615705 0.6628935
vt 0.8736721 0.6504205
vt 0.87615705 0.63794696
vt 0.8596411 0.6418697
vt 0.8832333 0.62737185
vt 0.8892034 0.6152675
vt 0.89382374 0.6203052
vt 0.89659727 0.61526674
vt 0.89659727 0.5959687
vt 0.8892034 0.5959695
vt 0.89659727 0.5942857
vt 0.8892034 0.5942865
vt 0.9063159 0.61526567
vt 0.9063159 0.6178227
vt 0.9063159 0.59596765
vt 0.957256 0.2198105
vt 0.9220129 0.20563705
vt 0.9236251 0.22263952
vt 0.9556439 0.20280807
vt 0.9236251 0.17413463
vt 0.957256 0.17130561
vt 0.84325445 0.8308215
vt 0.8744392 0.83066976
vt 0.8744392 0.79644525
vt 0.84325445 0.79659706
vt 0.30566335 0.9942253
vt 0.32439467 0.9942311
vt 0.32439467 0.96000624
vt 0.30566335 0.9600003
vt 0.87729675 0.318881
vt 0.87729675 0.34016076
vt 0.8846903 0.34016037
vt 0.8846903 0.3382077
vt 0.8846903 0.31888065
vt 0.8944087 0.33820722
vt 0.8944087 0.31888017
vt 0.8819168 0.31383502
vt 0.8944087 0.31631923
vt 0.8713268 0.3067594
vt 0.8477354 0.2922434
vt 0.8642508 0.2961695
vt 0.8477354 0.2734282
vt 0.861766 0.2836776
vt 0.8642508 0.27118543
vt 0.8713268 0.26059487
vt 0.87729675 0.24591671
vt 0.8819168 0.25351816
vt 0.8944087 0.24591587
vt 0.8944087 0.2510327
vt 0.44909927 0.6690577
vt 0.44172016 0.66905487
vt 0.44172016 0.7032792
vt 0.44909927 0.7032821
vt 0.8938236 0.4837026
vt 0.9063159 0.49129155
vt 0.9063159 0.4861824
vt 0.88920337 0.4912934
vt 0.8832333 0.47663823
vt 0.8596411 0.4638279
vt 0.87615705 0.46606466
vt 0.8736721 0.45359167
vt 0.87615705 0.44111812
vt 0.8596411 0.4450409
vt 0.8832333 0.43054304
vt 0.88920337 0.41843867
vt 0.8938236 0.42347637
vt 0.89659727 0.41843787
vt 0.88920337 0.39914066
vt 0.9063159 0.41843686
vt 0.9063159 0.42099392
vt 0.9063159 0.3991388
vt 0.89659727 0.39913982
vt 0.88920337 0.3971909
vt 0.89659727 0.3971901
vt 0.95781773 0.947152
vt 0.9225747 0.9329785
vt 0.9241868 0.949981
vt 0.9562056 0.9301495
vt 0.9241868 0.90147614
vt 0.95781773 0.89864707
vt 0.4883232 0.93427384
vt 0.4571385 0.9344256
vt 0.4571385 0.96865
vt 0.4883232 0.96849823
vt 0.96435857 0.5335872
vt 0.98308986 0.5335931
vt 0.98308986 0.49936822
vt 0.96435857 0.49936235
vt 0.8873482 0.06312696
vt 0.87154686 0.06329466
vt 0.87154686 0.07258571
vt 0.90707195 0.07220871
vt 0.90242994 0.03715483
vt 0.9076102 0.081930734
vt 0.87208503 0.08230773
vt 0.91603315 0.07351837
vt 0.91603315 0.03841529
vt 0.90707195 0.037105598
vt 0.91603315 0.0033122082
vt 0.9031496 0.03591565
vt 0.90707195 0.0020025154
vt 0.8873482 0.009039678
vt 0.87154686 0.009207346
vt 0.87154686 0.0023795147
vt 0.95563495 0.086828895
vt 0.9201083 0.08681507
vt 0.9201083 0.122411944
vt 0.95563495 0.12242577
vt 0.9201083 0.15800889
vt 0.95563495 0.15802272
vt 0.879987 0.08681888
vt 0.91560096 0.09570748
vt 0.91558456 0.08681507
vt 0.88000345 0.09571127
vt 0.9031087 0.100893326
vt 0.91560096 0.09841091
vt 0.89251834 0.10796002
vt 0.885442 0.11853514
vt 0.8800034 0.1312548
vt 0.88295716 0.13100867
vt 0.88300616 0.13125448
vt 0.87154686 0.13079064
vt 0.87154686 0.09524716
vt 0.87154686 0.16633414
vt 0.8800034 0.16679828
vt 0.885442 0.14348166
vt 0.8925183 0.15405522
vt 0.9031087 0.1611196
vt 0.91560096 0.16359939
vt 0.91560096 0.16679446
vt 0.67856914 0.86289704
vt 0.68697155 0.8544595
vt 0.67777157 0.85448456
vt 0.68697155 0.8188622
vt 0.67777157 0.8188872
vt 0.68697155 0.78326476
vt 0.6574925 0.8450644
vt 0.64233327 0.85447353
vt 0.64233327 0.84505975
vt 0.672542 0.81888556
vt 0.606895 0.8544624
vt 0.62583876 0.8450545
vt 0.6107892 0.81886625
vt 0.606895 0.81886506
vt 0.6100119 0.81751347
vt 0.62583876 0.7899824
vt 0.606895 0.7832676
vt 0.64233327 0.7832787
vt 0.64233327 0.78998756
vt 0.6574925 0.78999233
vt 0.67777157 0.7832898
vt 0.6733194 0.8175333
vt 0.67856914 0.774822
vt 0.389823 0.8377483
vt 0.42549106 0.8462361
vt 0.4254193 0.8377465
vt 0.38989475 0.84623796
vt 0.38138312 0.8461888
vt 0.42549106 0.8494361
vt 0.41299924 0.8519215
vt 0.40240923 0.8589982
vt 0.39533317 0.8695888
vt 0.3813831 0.88178575
vt 0.3928974 0.88183475
vt 0.38989475 0.881835
vt 0.38138312 0.9173827
vt 0.3928484 0.8820809
vt 0.39533317 0.89457285
vt 0.38989475 0.91743183
vt 0.40240923 0.9051627
vt 0.41299924 0.91223836
vt 0.42549106 0.9174301
vt 0.42549106 0.9147226
vt 0.4254193 0.9258205
vt 0.389823 0.92582226
vt 0.2547227 0.98244715
vt 0.27582097 0.9822233
vt 0.27480724 0.95243424
vt 0.2537588 0.95412135
vt 0.253709 0.9526582
vt 0.25472274 0.9281397
vt 0.27582097 0.9279158
vt 0.5989917 0.9764658
vt 0.5989917 0.95989734
vt 0.57785124 0.9598985
vt 0.5989917 0.9916929
vt 0.57785124 0.991694
vt 0.7673007 0.91886085
vt 0.794748 0.9030936
vt 0.794748 0.87133735
vt 0.76730067 0.85534847
vt 0.7398534 0.90287197
vt 0.7398534 0.8711158
vt 0.37156075 0.9518582
vt 0.35146496 0.97928834
vt 0.37256408 0.9792965
vt 0.35046163 0.95185006
vt 0.35051093 0.95049274
vt 0.37256408 0.9242251
vt 0.35146496 0.9242169
vt 0.9829047 0.17130561
vt 0.9617634 0.17130785
vt 0.9617634 0.18785141
vt 0.9617634 0.20305564
vt 0.9829047 0.20305337
vt 0.6325872 0.94114083
vt 0.6325872 0.97545505
vt 0.6484202 0.9754542
vt 0.6484202 0.94114
vt 0.95470184 0.029489614
vt 0.9561981 0.0020131846
vt 0.9220369 0.0020025154
vt 0.9205406 0.029478945
vt 0.9220369 0.056851424
vt 0.95476997 0.030736156
vt 0.9561981 0.056862094
vt 0.75565475 0.9776232
vt 0.77145606 0.97745544
vt 0.77145606 0.9233682
vt 0.75565475 0.9235359
vt 0.7398534 0.9507472
vt 0.96435857 0.5723648
vt 0.98019207 0.57236314
vt 0.98019207 0.5381005
vt 0.96435857 0.5381022
vt 0.8484658 0.7801323
vt 0.852499 0.7898509
vt 0.852499 0.7801325
vt 0.8484658 0.7898506
vt 0.8451876 0.7898505
vt 0.84325445 0.78013206
vt 0.8551337 0.72399724
vt 0.8551337 0.6874311
vt 0.8534557 0.7239967
vt 0.8511184 0.6874298
vt 0.8511184 0.77562344
vt 0.8534557 0.75822175
vt 0.85513365 0.7582222
vt 0.85513365 0.7756247
vt 0.8453524 0.687428
vt 0.8459303 0.77562183
vt 0.8511184 0.48592073
vt 0.8551337 0.48592198
vt 0.8551337 0.48147833
vt 0.8531897 0.4814777
vt 0.8531897 0.44725284
vt 0.8511184 0.44265154
vt 0.8551337 0.44725347
vt 0.84403205 0.48591852
vt 0.8551337 0.39719382
vt 0.8436397 0.42603818
vt 0.8511184 0.39719257
vt 0.84325445 0.39719012
vt 0.790047 0.5012136
vt 0.7861942 0.50121355
vt 0.78426504 0.5109323
vt 0.7900481 0.5109323
vt 0.9225747 0.6926296
vt 0.9225747 0.89413595
vt 0.9322741 0.89413965
vt 0.9322741 0.6926333
vt 0.44391435 0.71750796
vt 0.4490993 0.7175082
vt 0.4490993 0.7077898
vt 0.44198123 0.7077895
vt 0.9681751 0.61471003
vt 0.9740772 0.6158355
vt 0.9740772 0.6079482
vt 0.96435857 0.6147105
vt 0.96435857 0.6079493
vt 0.9740772 0.60392106
vt 0.96435857 0.60392207
vt 0.90836847 0.9858587
vt 0.91806734 0.9857558
vt 0.91806734 0.93639123
vt 0.90836847 0.9364942
vt 0.91806734 0.6926296
vt 0.90836847 0.6927325
vt 0.90836847 0.6971144
vt 0.91806734 0.69701153
vt 0.90836847 0.8958254
vt 0.91806746 0.8957225
vt 0.90836847 0.93188393
vt 0.91806746 0.93178093
vt 0.8984093 0.89975953
vt 0.8887103 0.89986247
vt 0.8887103 0.9170233
vt 0.8984093 0.91692036
vt 0.9601423 0.07580409
vt 0.96029454 0.08230773
vt 0.97125494 0.08230773
vt 0.9711027 0.07580406
vt 0.96042037 0.07045547
vt 0.9713808 0.0704555
vt 0.5471331 0.87209463
vt 0.5540726 0.8720949
vt 0.5540726 0.8611132
vt 0.5471331 0.86111283
vt 0.942772 0.89413977
vt 0.9487625 0.8906985
vt 0.9487625 0.8837675
vt 0.942772 0.8802778
vt 0.9367814 0.89065003
vt 0.9367814 0.8837191
vt 0.94191575 0.067357905
vt 0.9526547 0.061369427
vt 0.94169444 0.061369456
vt 0.952876 0.067357905
vt 0.9416991 0.07338912
vt 0.95265937 0.07338912
vt 0.5540725 0.876603
vt 0.54714346 0.8766023
vt 0.54714346 0.88758445
vt 0.5540725 0.88758516
vt 0.9617635 0.21613593
vt 0.96191573 0.22263952
vt 0.9728761 0.22263955
vt 0.97272384 0.21613593
vt 0.9620415 0.21078734
vt 0.97300184 0.21078734
vt 0.679965 0.6097355
vt 0.68690455 0.60973585
vt 0.68690455 0.59875405
vt 0.679965 0.59875375
vt 0.9339907 0.23059095
vt 0.9280019 0.22714688
vt 0.9220129 0.23063557
vt 0.922013 0.23756836
vt 0.9339907 0.23752378
vt 0.9280019 0.24101247
vt 0.96423006 0.8863089
vt 0.95349115 0.8922974
vt 0.9644514 0.8922974
vt 0.95326984 0.8863089
vt 0.96444666 0.8802778
vt 0.9534865 0.8802778
vt 0.9390584 0.600568
vt 0.9321294 0.6005672
vt 0.9321294 0.6115494
vt 0.9390584 0.6115501
vt 0.51816785 0.4748565
vt 0.50896007 0.4717097
vt 0.50891197 0.5301204
vt 0.51812226 0.5303319
vt 0.52619976 0.48399624
vt 0.52616096 0.5311125
vt 0.89764553 0.8308215
vt 0.8994659 0.8217119
vt 0.8942367 0.8195429
vt 0.88906336 0.8272618
vt 0.8902358 0.81554115
vt 0.88249713 0.8206941
vt 0.8880723 0.81031585
vt 0.87894654 0.8121184
vt 0.8880756 0.8046625
vt 0.8789519 0.80284035
vt 0.89024526 0.7994418
vt 0.8825127 0.7942723
vt 0.8926828 0.79310143
vt 0.8851886 0.7916047
vt 0.89425087 0.79544866
vt 0.8994659 0.7933934
vt 0.97817266 0.3507454
vt 0.97817266 0.32223758
vt 0.9725606 0.3221133
vt 0.9725606 0.35062107
vt 0.9676621 0.32164177
vt 0.9676621 0.35014954
vt 0.9676621 0.38048515
vt 0.97327363 0.3552702
vt 0.9676621 0.35527483
vt 0.97327363 0.38229424
vt 0.9781703 0.35525277
vt 0.9781703 0.38416162
vt 0.9738864 0.868356
vt 0.9794393 0.8694582
vt 0.9794394 0.8404814
vt 0.9691789 0.8652158
vt 0.9738864 0.8415848
vt 0.9660334 0.8605157
vt 0.9691789 0.84472597
vt 0.96492887 0.85497135
vt 0.9660334 0.84942675
vt 0.96730876 0.9989871
vt 0.9623251 0.9700867
vt 0.9623251 0.9989959
vt 0.96730876 0.9700779
vt 0.9729412 0.9989852
vt 0.9729412 0.97007596
vt 0.97836494 0.99899054
vt 0.97836494 0.9700813
vt 0.9827542 0.9990023
vt 0.9827541 0.97009313
vt 0.80054504 0.97911
vt 0.8003438 0.9729741
vt 0.7976871 0.9774022
vt 0.78975886 0.9726491
vt 0.80011463 0.9553888
vt 0.78213054 0.9680621
vt 0.80018526 0.93796945
vt 0.7759635 0.96433944
vt 0.80054504 0.9233682
vt 0.6219474 0.57068455
vt 0.6389259 0.61948955
vt 0.63892555 0.57104874
vt 0.6218229 0.61910355
vt 0.60689497 0.6176605
vt 0.6071242 0.5692963
vt 0.6221011 0.5109237
vt 0.60740674 0.5096794
vt 0.60780907 0.42483005
vt 0.62236315 0.42620695
vt 0.63892514 0.5112842
vt 0.6389259 0.42660668
vt 0.6234377 0.0032756408
vt 0.60985315 0.002002575
vt 0.6389223 0.0036224206
vt 0.45690832 0.625781
vt 0.44190684 0.5768083
vt 0.44172016 0.6258127
vt 0.45698684 0.576777
vt 0.47407356 0.62576985
vt 0.44213694 0.516402
vt 0.47402772 0.57676584
vt 0.49060264 0.625781
vt 0.45708367 0.5163708
vt 0.44246438 0.43042937
vt 0.45722148 0.43039858
vt 0.4440899 0.015200056
vt 0.45790586 0.010103621
vt 0.47389087 0.4303877
vt 0.47349253 0.0041267355
vt 0.4788281 0.0020091613
vt 0.48849297 0.002002575
vt 0.47397128 0.5163599
vt 0.49043912 0.576777
vt 0.4899507 0.43039843
vt 0.5006326 0.0020110984
vt 0.5029455 0.43042937
vt 0.49023753 0.5163708
vt 0.50340027 0.516402
vt 0.50371987 0.5768083
vt 0.5039791 0.6258127
vt 0.73534596 0.8309755
vt 0.735346 0.23252918
vt 0.7256812 0.23252673
vt 0.7271581 0.83097327
vt 0.7162129 0.8309424
vt 0.71354157 0.2325068
vt 0.47016683 0.9266335
vt 0.4883232 0.92976654
vt 0.4883232 0.85006934
vt 0.45477465 0.9179107
vt 0.44448996 0.9049264
vt 0.44087842 0.88965714
vt 0.44448996 0.87442756
vt 0.45477465 0.8615563
vt 0.47016683 0.85300285
vt 0.679965 0.59262615
vt 0.6950557 0.0031682034
vt 0.68282557 0.0020025154
vt 0.6935496 0.5938995
vt 0.7090341 0.5942464
vt 0.70903414 0.003754445
vt 0.8596411 0.7368525
vt 0.86300707 0.7199298
vt 0.8725928 0.70558304
vt 0.8630071 0.753775
vt 0.8869388 0.6959965
vt 0.8725928 0.7681208
vt 0.90386105 0.6926296
vt 0.8869388 0.7777059
vt 0.90386105 0.7810712
vt 0.51232415 0.4589299
vt 0.50896007 0.4717097
vt 0.50851536 0.45896718
vt 0.5213508 0.4619731
vt 0.51828617 0.45905924
vt 0.51816785 0.4748565
vt 0.5182849 0.43054768
vt 0.52135056 0.4306181
vt 0.5183085 0.37143365
vt 0.5325836 0.4745904
vt 0.52619976 0.48399624
vt 0.54045695 0.49356076
vt 0.5318328 0.49773708
vt 0.54377216 0.5159967
vt 0.53420967 0.5139874
vt 0.5425971 0.5311152
vt 0.53296834 0.53027314
vt 0.5420246 0.5384821
vt 0.5310672 0.5359073
vt 0.5325989 0.4317102
vt 0.5351557 0.55704683
vt 0.5234405 0.535982
vt 0.5348413 0.003764846
vt 0.52899927 0.56563073
vt 0.5168204 0.5380964
vt 0.5122435 0.56579745
vt 0.51134753 0.54012245
vt 0.51256275 0.5767738
vt 0.53505933 0.5765536
vt 0.5497978 0.57640934
vt 0.54202944 0.5332461
vt 0.5437694 0.5065353
vt 0.5502014 0.60814357
vt 0.5477647 0.50649613
vt 0.53546304 0.6082879
vt 0.5129664 0.6085081
vt 0.5510776 0.6493406
vt 0.55549645 0.49868637
vt 0.554883 0.50827295
vt 0.5426071 0.4347522
vt 0.5424913 0.42320934
vt 0.5552381 0.42308456
vt 0.5448399 0.109382994
vt 0.55549645 0.10927866
vt 0.53633934 0.6494849
vt 0.5138427 0.6497052
vt 0.55167377 0.6814747
vt 0.5369356 0.681619
vt 0.5526117 0.71110034
vt 0.514439 0.68183917
vt 0.5485154 0.7187025
vt 0.51482725 0.70743746
vt 0.5372451 0.73312587
vt 0.5147485 0.7333461
vt 0.6754577 0.5636342
vt 0.6754577 0.61264056
vt 0.66053474 0.61262983
vt 0.6606423 0.5636237
vt 0.6434332 0.6125708
vt 0.6754577 0.50322545
vt 0.6436627 0.5635651
vt 0.6607748 0.50321513
vt 0.6754577 0.41724923
vt 0.6439455 0.503157
vt 0.66096354 0.417239
vt 0.67541224 0.002002575
vt 0.644348 0.4171818
vt 0.66183823 0.005383738
vt 0.6462768 0.0065214415
vt 0.6023875 0.55665433
vt 0.5917586 0.53915596
vt 0.5920545 0.53385293
vt 0.587948 0.5321719
vt 0.58072513 0.50824964
vt 0.580128 0.51783913
vt 0.56897706 0.49653155
vt 0.5799597 0.43609792
vt 0.5721042 0.43566477
vt 0.5798299 0.42449635
vt 0.5620406 0.43509278
vt 0.56000376 0.47847745
vt 0.5942114 0.00261844
vt 0.58328354 0.0020025154
vt 0.59683824 0.10673324
vt 0.59767497 0.09110073
vt 0.6023875 0.003058203
vt 0.50848645 0.37120804
vt 0.50856566 0.17227717
vt 0.5183877 0.1725028
vt 0.5221107 0.17259683
vt 0.51842237 0.08543754
vt 0.5223672 0.085538365
vt 0.5226115 0.0025943299
vt 0.5086333 0.0020025154
vt 0.5086003 0.08521194
vt 0.30482382 0.77140176
vt 0.320231 0.7744565
vt 0.3202584 0.7803254
vt 0.28698373 0.780373
vt 0.3202584 0.8158827
vt 0.253709 0.78042054
vt 0.2917493 0.7626653
vt 0.28300446 0.74959284
vt 0.26847184 0.73116827
vt 0.27991414 0.7341904
vt 0.26920307 0.72872865
vt 0.28098944 0.7287118
vt 0.26593256 0.8159603
vt 0.32016832 0.83833265
vt 0.29566842 0.83836764
vt 0.3813831 0.10582671
vt 0.40603557 0.70423865
vt 0.38158357 0.7042076
vt 0.40583506 0.10585783
vt 0.4372128 0.71837837
vt 0.43714884 0.10574693
vt 0.4059159 0.014270939
vt 0.4372128 0.03326378
vt 0.38146392 0.014239855
vt 0.3814747 0.0020025154
vt 0.4099876 0.0020177444
vt 0.3496828 0.6204538
vt 0.30365252 0.002002575
vt 0.34023923 0.007751264
vt 0.30950108 0.49025473
vt 0.2538141 0.021938212
vt 0.2537225 0.62039745
vt 0.3496717 0.69293797
vt 0.3103428 0.69292945
vt 0.253709 0.7085679
vt 0.3106996 0.7242044
vt 0.25424817 0.7242044
vt 0.35095745 0.7242044
vt 0.3731093 0.7242044
vt 0.37687576 0.7119559
vt 0.8118985 0.6946
vt 0.8001368 0.6948031
vt 0.7962062 0.104667075
vt 0.8118986 0.10439602
vt 0.795627 0.017722912
vt 0.8118985 0.017441846
vt 0.8012431 0.0021866043
vt 0.8118985 0.0020025154
vt 0.1911566 0.5552295
vt 0.24375953 0.5596208
vt 0.23810634 0.5919026
vt 0.19296199 0.58800614
vt 0.2317904 0.60795426
vt 0.16812073 0.5533064
vt 0.19145834 0.6021606
vt 0.22297488 0.6319302
vt 0.092448816 0.5793307
vt 0.19122696 0.62867856
vt 0.18951492 0.6363291
vt 0.098712295 0.5888375
vt 0.08717549 0.61802167
vt 0.08674558 0.62522835
vt 0.18778099 0.6675934
vt 0.08454417 0.6560715
vt 0.24375957 0.99681646
vt 0.052524894 0.99295443
vt 0.04826261 0.58425975
vt 0.036725804 0.6134439
vt 0.036295906 0.6206506
vt 0.034094483 0.6514936
vt 0.0020754933 0.98837364
vt 0.047792897 0.9979245
vt 0.008564651 0.9944172
vt 0.06565635 0.57687294
vt 0.07490989 0.5455251
vt 0.06670024 0.56343937
vt 0.066969395 0.5563856
vt 0.070488095 0.5303869
vt 0.06351778 0.5292914
vt 0.10412731 0.53536755
vt 0.06412421 0.50144553
vt 0.15585867 0.517845
vt 0.05712329 0.5001097
vt 0.16426049 0.5442708
vt 0.18837179 0.5478407
vt 0.20068114 0.5393002
vt 0.17085987 0.5148817
vt 0.05416953 0.4637353
vt 0.047299124 0.46282527
vt 0.13548256 0.47393465
vt 0.14732312 0.47460306
vt 0.05038719 0.43343747
vt 0.043676436 0.43379524
vt 0.12887415 0.43002427
vt 0.1406833 0.43104565
vt 0.14201361 0.38741174
vt 0.026360512 0.37219742
vt 0.019068941 0.37114495
vt 0.13020448 0.38639033
vt 0.13762428 0.30294555
vt 0.1494334 0.30396694
vt 0.15017493 0.29164073
vt 0.16371386 0.06658366
vt 0.02014985 0.2939896
vt 0.018556029 0.36395153
vt 0.1551417 0.011753917
vt 0.16695085 0.012775302
vt 0.046106428 0.0020754933
vt 0.67697346 0.9477525
vt 0.6544764 0.9478647
vt 0.6544764 0.91238624
vt 0.67697346 0.912274
vt 0.6875285 0.9476998
vt 0.6547644 0.89434946
vt 0.6875285 0.9122213
vt 0.6694463 0.89427626
vt 0.6551158 0.8674968
vt 0.6795193 0.894226
vt 0.66451114 0.86744994
vt 0.6736166 0.86740446
vt 0.833568 0.0020494242
vt 0.8388026 0.0020726998
vt 0.83873653 0.036046512
vt 0.8335019 0.036023267
vt 0.82301295 0.0020025154
vt 0.84322804 0.38612893
vt 0.82294685 0.035976328
vt 0.8269608 0.38605466
vt 0.8429054 0.39268267
vt 0.8164059 0.38600186
vt 0.8262994 0.3926089
vt 0.8216402 0.39268267
vt 0.82031894 0.46876135
vt 0.83874714 0.8308215
vt 0.8164059 0.8308215
vt 0.833568 0.46876073
vt 0.8206323 0.43556073
vt 0.8338812 0.43556008
vt 0.82069963 0.42779598
vt 0.8339487 0.42779538
vt 0.8216425 0.39719078
vt 0.83489156 0.3971901
vt 0.96706045 0.7788387
vt 0.9649342 0.76118934
vt 0.9755083 0.7492638
vt 0.9755083 0.7778214
vt 0.98347855 0.57687217
vt 0.98347855 0.59941363
vt 0.96435857 0.5902285
vt 0.96435857 0.57695365
vt 0.7162945 0.93722403
vt 0.7295874 0.9737991
vt 0.7190112 0.9737957
vt 0.7254182 0.93722695
vt 0.73483247 0.9738008
vt 0.73483247 0.93723
vt 0.85115117 0.1609237
vt 0.8655046 0.16109605
vt 0.8656579 0.20027898
vt 0.8513046 0.20010664
vt 0.8670395 0.24140854
vt 0.8492986 0.24119548
vt 0.8479171 0.20006593
vt 0.8477354 0.1536626
vt 0.85123307 0.13981183
vt 0.84811026 0.10636074
vt 0.85817665 0.120699294
vt 0.8655864 0.13998418
vt 0.8657385 0.1207901
vt 0.8582613 0.1100227
vt 0.8658231 0.11011342
vt 0.86652833 0.04830084
vt 0.85217494 0.048128434
vt 0.852562 0.014707334
vt 0.8491672 0.0154023245
vt 0.86703956 0.0022155424
vt 0.8492986 0.0020025154
vt 0.86691535 0.014879681
vt 0.7127563 0.88260055
vt 0.71295816 0.84798133
vt 0.7307351 0.84798133
vt 0.7305333 0.88260055
vt 0.7078382 0.9327166
vt 0.73037964 0.9327167
vt 0.7020927 0.8709953
vt 0.69726235 0.9327167
vt 0.69385624 0.87546486
vt 0.69236463 0.8503932
vt 0.901196 0.92359704
vt 0.901196 0.9820949
vt 0.88345385 0.9820558
vt 0.88345385 0.923558
vt 0.7398534 0.43918464
vt 0.76018274 0.23250665
vt 0.7657631 0.23754747
vt 0.7455356 0.44469836
vt 0.77043146 0.23754801
vt 0.7647029 0.48941123
vt 0.78707075 0.23754801
vt 0.78707075 0.48946178
vt 0.7870585 0.4967061
vt 0.764673 0.4967062
vt 0.7538949 0.50125283
vt 0.7412707 0.5198546
vt 0.7412707 0.5012632
vt 0.7538949 0.51984423
vt 0.76491076 0.519805
vt 0.76491076 0.50121355
vt 0.7797576 0.6880691
vt 0.7611629 0.6881354
vt 0.7797576 0.72731936
vt 0.7398534 0.688153
vt 0.7611629 0.72738564
vt 0.7398534 0.72740316
vt 0.9477973 0.7833564
vt 0.96042156 0.78334594
vt 0.96042156 0.8694086
vt 0.9477973 0.869419
vt 0.93678147 0.78339565
vt 0.93678147 0.8694582
vt 0.9681798 0.49367243
vt 0.9555557 0.42530358
vt 0.9681798 0.42529318
vt 0.9555557 0.4936828
vt 0.9445398 0.42534283
vt 0.9445398 0.49372208
vt 0.4331759 0.9303296
vt 0.4331759 0.97969276
vt 0.42055175 0.9797032
vt 0.42055175 0.93034005
vt 0.40953583 0.9797424
vt 0.40953583 0.9303793
vt 0.59991705 0.60212994
vt 0.5813152 0.5616334
vt 0.5999171 0.5634241
vt 0.5813152 0.6003393
vt 0.5600038 0.5611615
vt 0.5850813 0.7707584
vt 0.5600038 0.59986734
vt 0.5740612 0.76969767
vt 0.5850813 0.7890919
vt 0.5614358 0.7694179
vt 0.5740612 0.7880311
vt 0.5614359 0.7877515
vt 0.9478016 0.778559
vt 0.93678147 0.77749825
vt 0.93678147 0.6926296
vt 0.9478016 0.6936904
vt 0.9604268 0.6939699
vt 0.9604269 0.77883863
vt 0.96315473 0.32298216
vt 0.96315473 0.39041284
vt 0.95213467 0.38935205
vt 0.95213467 0.32192138
vt 0.9395094 0.3216418
vt 0.9395094 0.38907245
vt 0.3813831 0.97900796
vt 0.3813831 0.9303296
vt 0.39240316 0.9313904
vt 0.39240316 0.9800688
vt 0.40502846 0.93167
vt 0.4050285 0.98034835
vt 0.93500197 0.32168302
vt 0.92119247 0.3209873
vt 0.93500197 0.31823966
vt 0.92251015 0.32416847
vt 0.90948534 0.32881048
vt 0.91192013 0.33124518
vt 0.9016628 0.3405182
vt 0.90484405 0.34183577
vt 0.898916 0.35432813
vt 0.90235925 0.35432792
vt 0.9016628 0.3681377
vt 0.90484405 0.36681983
vt 0.90948534 0.3798446
vt 0.91192013 0.37740973
vt 0.92119247 0.38766664
vt 0.92251015 0.3844854
vt 0.93500197 0.39041287
vt 0.93500197 0.38696954
vt 0.9687722 0.24331631
vt 0.96925354 0.23108698
vt 0.97961915 0.23049937
vt 0.9791378 0.24272873
vt 0.96925354 0.2572685
vt 0.97961915 0.25668088
vt 0.9344182 0.68220425
vt 0.9469105 0.6846839
vt 0.9469105 0.68812215
vt 0.93310046 0.6853808
vt 0.9238279 0.67513984
vt 0.9213929 0.67757124
vt 0.9167516 0.6645663
vt 0.9135703 0.66588235
vt 0.9142667 0.6520933
vt 0.9108233 0.65209365
vt 0.9167516 0.6396197
vt 0.9135703 0.63830435
vt 0.9238279 0.62904465
vt 0.92139304 0.62661374
vt 0.9344182 0.6219779
vt 0.93310046 0.6188016
vt 0.9469105 0.6194955
vt 0.9469105 0.61605734
vt 0.5820133 0.90131557
vt 0.57098407 0.900355
vt 0.5600038 0.79359937
vt 0.5761523 0.79500574
vt 0.5946406 0.9014803
vt 0.5946406 0.7952471
vt 0.50397915 0.6327951
vt 0.48474213 0.63414764
vt 0.50397915 0.6303202
vt 0.48568925 0.6364342
vt 0.46843383 0.64504564
vt 0.4701838 0.6467956
vt 0.45753697 0.6613548
vt 0.4598234 0.6623018
vt 0.45371047 0.6805923
vt 0.45618534 0.6805922
vt 0.45753697 0.69982946
vt 0.4598234 0.6988823
vt 0.46843383 0.7161376
vt 0.4701838 0.7143874
vt 0.48474216 0.72703385
vt 0.48568925 0.72474724
vt 0.50397915 0.7308594
vt 0.50397915 0.7283845
vt 0.86470604 0.39220217
vt 0.8477354 0.39056855
vt 0.8477354 0.34466812
vt 0.86470604 0.34630173
vt 0.8841486 0.39263272
vt 0.8841486 0.3467323
vt 0.9687722 0.27573165
vt 0.96879005 0.26177588
vt 0.97931826 0.26179796
vt 0.9793005 0.27575377
vt 0.96879005 0.28790966
vt 0.97931826 0.28793174
vt 0.47497413 0.7353667
vt 0.48759833 0.7353828
vt 0.48832318 0.845562
vt 0.46983948 0.8455383
vt 0.4639582 0.7353828
vt 0.45371047 0.845562
vt 0.8358468 0.97016454
vt 0.8164059 0.9701805
vt 0.8164059 0.9236344
vt 0.8358468 0.9236184
vt 0.85281086 0.9701041
vt 0.85281086 0.92355794
vt 0.5425896 0.9146223
vt 0.5426257 0.931888
vt 0.4960789 0.9319025
vt 0.49604288 0.91463685
vt 0.54257697 0.89510906
vt 0.49603018 0.8951236
vt 0.5425896 0.8763191
vt 0.49604288 0.8763336
vt 0.5426257 0.86111295
vt 0.4960789 0.8611274
vt 0.4022827 0.8332157
vt 0.391071 0.8332391
vt 0.3813831 0.722932
vt 0.39779875 0.72289765
vt 0.41495386 0.8332075
vt 0.41635123 0.7228856
vt 0.4271554 0.8332157
vt 0.43421617 0.72289765
vt 0.43702975 0.8332392
vt 0.4486737 0.722932
vt 0.8097929 0.8937608
vt 0.8098188 0.9061551
vt 0.79929036 0.9061584
vt 0.79926443 0.8937641
vt 0.8097838 0.87975305
vt 0.7992554 0.87975633
vt 0.8097929 0.86626446
vt 0.79926443 0.86626774
vt 0.8098188 0.85534847
vt 0.79929036 0.8553518
vt 0.3413292 0.8144022
vt 0.33043194 0.7981193
vt 0.32660535 0.77891123
vt 0.33043197 0.7597023
vt 0.3576381 0.8252812
vt 0.3413292 0.743417
vt 0.37687573 0.82909995
vt 0.3576381 0.7325346
vt 0.37687573 0.7287117
vt 0.9076313 0.23969783
vt 0.89567024 0.23968603
vt 0.89542973 0.23968579
vt 0.9076313 0.17131765
vt 0.9175056 0.23972435
vt 0.9175056 0.17134415
vt 0.89542973 0.17130561
vt 0.8827586 0.23969005
vt 0.8827585 0.17130987
vt 0.87154686 0.17132978
vt 0.87154686 0.23970993
vt 0.77380925 0.020632721
vt 0.76393497 0.0020145853
vt 0.77380925 0.0020410498
vt 0.76393497 0.020606257
vt 0.7911197 0.18874855
vt 0.7517334 0.020594187
vt 0.7517334 0.0020025154
vt 0.7390622 0.002006777
vt 0.77445185 0.18870382
vt 0.7911197 0.22799931
vt 0.77445185 0.22795461
vt 0.75385576 0.1886835
vt 0.75385576 0.22793429
vt 0.7390623 0.020598449
vt 0.7278505 0.002026685
vt 0.7278505 0.020618357
vt 0.7324668 0.1886907
vt 0.7324668 0.22794147
vt 0.71354157 0.18872435
vt 0.71354157 0.22797512
vt 0.37256408 0.91970956
vt 0.36268973 0.83361936
vt 0.37256408 0.8336459
vt 0.36268973 0.9196831
vt 0.3504882 0.91967106
vt 0.35072866 0.83360755
vt 0.3504882 0.8336074
vt 0.33781704 0.91967535
vt 0.33781704 0.8336116
vt 0.32660535 0.8336315
vt 0.32660535 0.91969526
vt 0.5847663 0.95536345
vt 0.5946407 0.9060262
vt 0.5946407 0.95539
vt 0.5847663 0.90599966
vt 0.57256484 0.9059876
vt 0.57256484 0.9553514
vt 0.55989367 0.9553557
vt 0.55989367 0.9059919
vt 0.5486819 0.9553757
vt 0.5486819 0.9060118
vt 0.55549645 0.7422106
vt 0.5327397 0.7423756
vt 0.55549645 0.73785347
vt 0.53440964 0.74640095
vt 0.51344746 0.7552488
vt 0.51653314 0.7583295
vt 0.5005568 0.7745131
vt 0.50458837 0.77618015
vt 0.4960302 0.79723585
vt 0.5003939 0.7972355
vt 0.5005568 0.8199576
vt 0.50458837 0.81828976
vt 0.51344746 0.8392192
vt 0.51653314 0.8361379
vt 0.5327397 0.8520882
vt 0.53440964 0.84806263
vt 0.55549645 0.8566055
vt 0.55549645 0.85224843
vt 0.898916 0.24600635
vt 0.9219132 0.3137134
vt 0.89891607 0.3137323
vt 0.92191315 0.24598731
vt 0.9419805 0.31364188
vt 0.9419805 0.24591587
vt 0.60689497 0.93419087
vt 0.60689497 0.8821714
vt 0.6163608 0.88117826
vt 0.6298941 0.93470025
vt 0.6298941 0.8679138
vt 0.6499691 0.93663275
vt 0.6499691 0.86984634
vt 0.60689497 0.86740446
vt 0.60689497 0.87480867
vt 0.8164278 0.85331666
vt 0.81647605 0.8353289
vt 0.88420296 0.8353289
vt 0.8841547 0.85331666
vt 0.8164059 0.8755439
vt 0.88413274 0.8755439
vt 0.81641364 0.89862657
vt 0.8841405 0.89862657
vt 0.8164498 0.9190507
vt 0.8841768 0.9190506
vt 0.7398534 0.79137886
vt 0.7443798 0.7686222
vt 0.7572701 0.7493296
vt 0.7443798 0.81413496
vt 0.7765616 0.7364382
vt 0.7572701 0.83342624
vt 0.7993176 0.73191047
vt 0.7765616 0.84631586
vt 0.7993176 0.8508412
vt 0.5366989 0.93640983
vt 0.5399557 0.9371401
vt 0.5435835 0.94766915
vt 0.54221725 0.95648205
vt 0.533877 0.954612
vt 0.5435835 0.97331595
vt 0.5352433 0.97144586
vt 0.28299883 0.8443786
vt 0.29178998 0.842875
vt 0.30115604 0.8448129
vt 0.26760593 0.8532637
vt 0.30115604 0.9234084
vt 0.25732067 0.8665754
vt 0.25370902 0.8822872
vt 0.25732067 0.8980073
vt 0.2676059 0.91134214
vt 0.28299883 0.9202618
vt 0.97423804 0.81956434
vt 0.9664396 0.79998904
vt 0.97574884 0.80123997
vt 0.96492887 0.81831336
vt 0.9757488 0.8359741
vt 0.96643966 0.8347232
vt 0.9625025 0.95101583
vt 0.97324467 0.96556854
vt 0.96300817 0.9655278
vt 0.972739 0.9510567
vt 0.962325 0.9332099
vt 0.9725615 0.93325067
vt 0.9625026 0.9148203
vt 0.972739 0.9148611
vt 0.9630083 0.89864707
vt 0.97324467 0.89868784
vt 0.9607532 0.06016887
vt 0.9751364 0.06299464
vt 0.9607539 0.06304736
vt 0.9751357 0.06011618
vt 0.9607356 0.046109833
vt 0.97511816 0.046057172
vt 0.96071553 0.0329291
vt 0.975098 0.03287638
vt 0.9607054 0.015706576
vt 0.9750879 0.015653886
vt 0.9607539 0.0020552059
vt 0.9751364 0.0020025154
vt 0.6798587 0.7703147
vt 0.6774311 0.74064493
vt 0.6805474 0.7368978
vt 0.67701143 0.7691057
vt 0.66307855 0.7648946
vt 0.6635839 0.74980044
vt 0.6500095 0.761369
vt 0.6501962 0.75257903
vt 0.63296205 0.75487614
vt 0.6352548 0.7513289
vt 0.61955196 0.7430811
vt 0.6228544 0.7421419
vt 0.606895 0.7118661
vt 0.6102685 0.7112309
vt 0.60753924 0.6713106
vt 0.61095715 0.6716274
vt 0.6110721 0.6505926
vt 0.6141939 0.6520262
vt 0.6274937 0.6306807
vt 0.62926084 0.63363665
vt 0.6438161 0.6266726
vt 0.6439456 0.6307027
vt 0.66736317 0.62840366
vt 0.66669625 0.6329393
vt 0.67841756 0.62399685
vt 0.6775697 0.64180154
vt 0.6805474 0.6451753
vt 0.32109898 0.95545363
vt 0.30674464 0.955493
vt 0.30580395 0.92464304
vt 0.3201583 0.9246038
vt 0.30566335 0.88408524
vt 0.32001773 0.88404596
vt 0.30579433 0.8632767
vt 0.32014868 0.8632374
vt 0.30674464 0.84291434
vt 0.32109898 0.842875
vt 0.49603176 0.93640983
vt 0.5104148 0.936411
vt 0.5104201 0.9529331
vt 0.4960371 0.9529319
vt 0.5104132 0.9765142
vt 0.4960302 0.97651297
vt 0.4960371 0.9877597
vt 0.5104202 0.9877609
vt 0.8655864 0.13998418
vt 0.86574143 0.14327617
vt 0.8513881 0.14310382
vt 0.85123307 0.13981183
vt 0.52931 0.9474679
vt 0.51498705 0.9364284
vt 0.5293696 0.93640983
vt 0.51492745 0.94748664
vt 0.52932364 0.97035277
vt 0.5149411 0.9703714
vt 0.5293696 0.9850564
vt 0.51498705 0.98507506
vt 0.9589509 0.5153716
vt 0.94549775 0.4995501
vt 0.95985115 0.49936235
vt 0.9445975 0.5155594
vt 0.958817 0.5342958
vt 0.9444635 0.53448355
vt 0.95892316 0.5733802
vt 0.9445698 0.5735679
vt 0.95985115 0.6057898
vt 0.94549775 0.60597754
vt 0.4526126 0.94641256
vt 0.43824807 0.934274
vt 0.45263112 0.93427384
vt 0.4382296 0.94641274
vt 0.4526094 0.9613704
vt 0.43822634 0.9613706
vt 0.45261407 0.97490466
vt 0.43823102 0.9749048
vt 0.45263112 0.9891156
vt 0.43824807 0.98911583
vt 0.85241187 0.044298925
vt 0.86676526 0.0444713
vt 0.86652833 0.04830084
vt 0.85217494 0.048128434
vt 0.804298 0.7319105
vt 0.8118696 0.7322009
vt 0.8113966 0.7429226
vt 0.8038249 0.74263215
vt 0.81077945 0.75874865
vt 0.804418 0.7585047
vt 0.810396 0.76921946
vt 0.8053809 0.7690271
vt 0.8101386 0.77720565
vt 0.80636084 0.7770608
vt 0.80993944 0.7842223
vt 0.80800927 0.7841483
vt 0.8079566 0.7852918
vt 0.80988675 0.7853658
vt 0.301156 0.9289061
vt 0.2877396 0.9369862
vt 0.2905028 0.9279158
vt 0.29242405 0.9384278
vt 0.28894946 0.95397043
vt 0.2840625 0.9537174
vt 0.28953966 0.9647269
vt 0.28548107 0.96612006
vt 0.29404998 0.9735429
vt 0.2911205 0.97592723
vt 0.301156 0.9818194
vt 0.29996315 0.9827969
vt 0.788036 0.5252482
vt 0.78426504 0.5253757
vt 0.78610927 0.51550484
vt 0.788036 0.5154397
vt 0.80993944 0.7842223
vt 0.8118696 0.7842963
vt 0.81181693 0.78543985
vt 0.80988675 0.7853658
vt 0.80383736 0.82839036
vt 0.80763435 0.83753407
vt 0.80385375 0.83753556
vt 0.80885637 0.82838833
vt 0.8038276 0.81625384
vt 0.8101939 0.8162513
vt 0.8038249 0.79928565
vt 0.8114024 0.79928267
vt 0.8114024 0.7899473
vt 0.8038249 0.78995025
vt 0.96426487 0.23049934
vt 0.96426076 0.3137323
vt 0.94755846 0.3137323
vt 0.94648784 0.23049937
vt 0.69236463 0.8434675
vt 0.69236463 0.59875375
vt 0.7090342 0.5987602
vt 0.7090342 0.843474
vt 0.16371386 0.06658366
vt 0.23981611 0.07337129
vt 0.21985534 0.2978553
vt 0.15017493 0.29164073
vt 0.9601423 0.16290326
vt 0.9612171 0.086816885
vt 0.97791994 0.08681507
vt 0.97791994 0.16290136
vt 0.927622 0.59465754
vt 0.92569035 0.6115501
vt 0.91082346 0.6115501
vt 0.9108233 0.59799904
vt 0.32933447 0.92421794
vt 0.34590113 0.924217
vt 0.34595427 0.98475766
vt 0.32931992 0.98475766
vt 0.9371871 0.06467665
vt 0.9371859 0.078160204
vt 0.92231846 0.078160204
vt 0.9205406 0.061369427
vt 0.90354764 0.83532894
vt 0.90354764 0.8951018
vt 0.8887103 0.89525217
vt 0.8887103 0.83547914
vt 0.44909927 0.63032305
vt 0.44909927 0.6645475
vt 0.44172016 0.6645446
vt 0.44172016 0.63032013
vt 0.9063144 0.4958007
vt 0.9063144 0.5009176
vt 0.8938225 0.503403
vt 0.8892024 0.49580154
vt 0.8832325 0.5104797
vt 0.87615645 0.5210703
vt 0.8596411 0.523313
vt 0.8596411 0.5421282
vt 0.8736717 0.5335624
vt 0.87615645 0.54605436
vt 0.8892024 0.5687659
vt 0.8832325 0.55664426
vt 0.89382255 0.56371987
vt 0.896596 0.56876546
vt 0.9063144 0.56620413
vt 0.9063144 0.568765
vt 0.9063144 0.5880921
vt 0.896596 0.58809257
vt 0.8892024 0.58809286
vt 0.8892024 0.58977836
vt 0.896596 0.58977795
vt 0.89382374 0.6805314
vt 0.9063159 0.6830112
vt 0.9063159 0.68812037
vt 0.8892034 0.6881222
vt 0.8832333 0.67346704
vt 0.87615705 0.6628935
vt 0.8596411 0.6606567
vt 0.8596411 0.6418697
vt 0.8736721 0.6504205
vt 0.87615705 0.63794696
vt 0.8892034 0.6152675
vt 0.8832333 0.62737185
vt 0.89382374 0.6203052
vt 0.89659727 0.61526674
vt 0.9063159 0.6178227
vt 0.9063159 0.61526567
vt 0.89659727 0.5959687
vt 0.9063159 0.59596765
vt 0.8892034 0.5959695
vt 0.89659727 0.5942857
vt 0.8892034 0.5942865
vt 0.957256 0.2198105
vt 0.9236251 0.22263952
vt 0.9220129 0.20563705
vt 0.9556439 0.20280807
vt 0.9236251 0.17413463
vt 0.957256 0.17130561
vt 0.84325445 0.8308215
vt 0.84325445 0.79659706
vt 0.8744392 0.79644525
vt 0.8744392 0.83066976
vt 0.30566335 0.9942253
vt 0.30566335 0.9600003
vt 0.32439467 0.96000624
vt 0.32439467 0.9942311
vt 0.8944087 0.31888017
vt 0.8944087 0.33820722
vt 0.8846903 0.3382077
vt 0.8846903 0.31888065
vt 0.8846903 0.34016037
vt 0.8944087 0.31631923
vt 0.87729675 0.34016076
vt 0.8819168 0.31383502
vt 0.87729675 0.318881
vt 0.8713268 0.3067594
vt 0.8642508 0.2961695
vt 0.8477354 0.2922434
vt 0.861766 0.2836776
vt 0.8642508 0.27118543
vt 0.8477354 0.2734282
vt 0.87729675 0.24591671
vt 0.8713268 0.26059487
vt 0.8819168 0.25351816
vt 0.8944087 0.24591587
vt 0.8944087 0.2510327
vt 0.44909927 0.6690577
vt 0.44909927 0.7032821
vt 0.44172016 0.7032792
vt 0.44172016 0.66905487
vt 0.8938236 0.4837026
vt 0.9063159 0.4861824
vt 0.9063159 0.49129155
vt 0.88920337 0.4912934
vt 0.8832333 0.47663823
vt 0.87615705 0.46606466
vt 0.8596411 0.4638279
vt 0.8596411 0.4450409
vt 0.8736721 0.45359167
vt 0.87615705 0.44111812
vt 0.88920337 0.41843867
vt 0.8832333 0.43054304
vt 0.8938236 0.42347637
vt 0.89659727 0.41843787
vt 0.9063159 0.42099392
vt 0.9063159 0.41843686
vt 0.9063159 0.3991388
vt 0.88920337 0.39914066
vt 0.89659727 0.39913982
vt 0.88920337 0.3971909
vt 0.89659727 0.3971901
vt 0.95781773 0.947152
vt 0.9241868 0.949981
vt 0.9225747 0.9329785
vt 0.9562056 0.9301495
vt 0.9241868 0.90147614
vt 0.95781773 0.89864707
vt 0.4883232 0.93427384
vt 0.4883232 0.96849823
vt 0.4571385 0.96865
vt 0.4571385 0.9344256
vt 0.96435857 0.5335872
vt 0.96435857 0.49936235
vt 0.98308986 0.49936822
vt 0.98308986 0.5335931
vt 0.87154686 0.07258571
vt 0.87154686 0.06329466
vt 0.8873482 0.06312696
vt 0.90707195 0.07220871
vt 0.90242994 0.03715483
vt 0.9076102 0.081930734
vt 0.87208503 0.08230773
vt 0.91603315 0.07351837
vt 0.91603315 0.03841529
vt 0.90707195 0.037105598
vt 0.9031496 0.03591565
vt 0.91603315 0.0033122082
vt 0.90707195 0.0020025154
vt 0.8873482 0.009039678
vt 0.87154686 0.0023795147
vt 0.87154686 0.009207346
vt 0.95563495 0.086828895
vt 0.9201083 0.122411944
vt 0.9201083 0.08681507
vt 0.95563495 0.12242577
vt 0.9201083 0.15800889
vt 0.95563495 0.15802272
vt 0.879987 0.08681888
vt 0.91558456 0.08681507
vt 0.91560096 0.09570748
vt 0.88000345 0.09571127
vt 0.9031087 0.100893326
vt 0.91560096 0.09841091
vt 0.89251834 0.10796002
vt 0.885442 0.11853514
vt 0.88295716 0.13100867
vt 0.8800034 0.1312548
vt 0.88300616 0.13125448
vt 0.885442 0.14348166
vt 0.87154686 0.13079064
vt 0.87154686 0.09524716
vt 0.87154686 0.16633414
vt 0.8800034 0.16679828
vt 0.8925183 0.15405522
vt 0.9031087 0.1611196
vt 0.91560096 0.16679446
vt 0.91560096 0.16359939
vt 0.67856914 0.86289704
vt 0.67777157 0.85448456
vt 0.68697155 0.8544595
vt 0.68697155 0.8188622
vt 0.67777157 0.8188872
vt 0.68697155 0.78326476
vt 0.6574925 0.8450644
vt 0.64233327 0.85447353
vt 0.64233327 0.84505975
vt 0.672542 0.81888556
vt 0.606895 0.8544624
vt 0.62583876 0.8450545
vt 0.6107892 0.81886625
vt 0.606895 0.81886506
vt 0.6100119 0.81751347
vt 0.62583876 0.7899824
vt 0.606895 0.7832676
vt 0.64233327 0.7832787
vt 0.64233327 0.78998756
vt 0.6574925 0.78999233
vt 0.67777157 0.7832898
vt 0.6733194 0.8175333
vt 0.67856914 0.774822
vt 0.389823 0.8377483
vt 0.4254193 0.8377465
vt 0.42549106 0.8462361
vt 0.38989475 0.84623796
vt 0.38138312 0.8461888
vt 0.3813831 0.88178575
vt 0.41299924 0.8519215
vt 0.42549106 0.8494361
vt 0.40240923 0.8589982
vt 0.39533317 0.8695888
vt 0.38989475 0.881835
vt 0.38138312 0.9173827
vt 0.38989475 0.91743183
vt 0.3928974 0.88183475
vt 0.3928484 0.8820809
vt 0.39533317 0.89457285
vt 0.40240923 0.9051627
vt 0.41299924 0.91223836
vt 0.42549106 0.9174301
vt 0.42549106 0.9147226
vt 0.4254193 0.9258205
vt 0.389823 0.92582226
vt 0.27582097 0.9822233
vt 0.2547227 0.98244715
vt 0.2537588 0.95412135
vt 0.253709 0.9526582
vt 0.27480724 0.95243424
vt 0.25472274 0.9281397
vt 0.27582097 0.9279158
vt 0.57785124 0.991694
vt 0.57785124 0.9598985
vt 0.5989917 0.95989734
vt 0.5989917 0.9916929
vt 0.5989917 0.9764658
vt 0.794748 0.87133735
vt 0.794748 0.9030936
vt 0.7673007 0.91886085
vt 0.76730067 0.85534847
vt 0.7398534 0.90287197
vt 0.7398534 0.8711158
vt 0.37156075 0.9518582
vt 0.37256408 0.9792965
vt 0.35146496 0.97928834
vt 0.35046163 0.95185006
vt 0.37256408 0.9242251
vt 0.35051093 0.95049274
vt 0.35146496 0.9242169
vt 0.9617634 0.17130785
vt 0.9829047 0.17130561
vt 0.9829047 0.20305337
vt 0.9617634 0.18785141
vt 0.9617634 0.20305564
vt 0.6325872 0.94114083
vt 0.6484202 0.94114
vt 0.6484202 0.9754542
vt 0.6325872 0.97545505
vt 0.95470184 0.029489614
vt 0.9220369 0.0020025154
vt 0.9561981 0.0020131846
vt 0.9205406 0.029478945
vt 0.9220369 0.056851424
vt 0.95476997 0.030736156
vt 0.9561981 0.056862094
vt 0.75565475 0.9776232
vt 0.7398534 0.9507472
vt 0.75565475 0.9235359
vt 0.77145606 0.97745544
vt 0.77145606 0.9233682
vt 0.96435857 0.5723648
vt 0.96435857 0.5381022
vt 0.98019207 0.5381005
vt 0.98019207 0.57236314
vt 0.8484658 0.7801323
vt 0.852499 0.7801325
vt 0.852499 0.7898509
vt 0.8484658 0.7898506
vt 0.8451876 0.7898505
vt 0.84325445 0.78013206
vt 0.85513365 0.7582222
vt 0.85513365 0.7756247
vt 0.8511184 0.77562344
vt 0.8534557 0.75822175
vt 0.8534557 0.7239967
vt 0.8511184 0.6874298
vt 0.8453524 0.687428
vt 0.8459303 0.77562183
vt 0.8551337 0.6874311
vt 0.8551337 0.72399724
vt 0.8511184 0.48592073
vt 0.8551337 0.48592198
vt 0.8551337 0.48147833
vt 0.8531897 0.4814777
vt 0.8531897 0.44725284
vt 0.8511184 0.44265154
vt 0.84403205 0.48591852
vt 0.8551337 0.44725347
vt 0.8551337 0.39719382
vt 0.8436397 0.42603818
vt 0.8511184 0.39719257
vt 0.84325445 0.39719012
vt 0.790047 0.5012136
vt 0.7900481 0.5109323
vt 0.78426504 0.5109323
vt 0.7861942 0.50121355
vt 0.9225747 0.6926296
vt 0.9322741 0.6926333
vt 0.9322741 0.89413965
vt 0.9225747 0.89413595
vt 0.44391435 0.71750796
vt 0.44198123 0.7077895
vt 0.4490993 0.7077898
vt 0.4490993 0.7175082
vt 0.9681751 0.61471003
vt 0.96435857 0.6147105
vt 0.96435857 0.6079493
vt 0.9740772 0.6158355
vt 0.9740772 0.6079482
vt 0.9740772 0.60392106
vt 0.96435857 0.60392207
vt 0.90836847 0.9858587
vt 0.90836847 0.9364942
vt 0.91806734 0.93639123
vt 0.91806734 0.9857558
vt 0.91806734 0.6926296
vt 0.90836847 0.6971144
vt 0.90836847 0.6927325
vt 0.91806734 0.69701153
vt 0.90836847 0.8958254
vt 0.91806746 0.8957225
vt 0.90836847 0.93188393
vt 0.91806746 0.93178093
vt 0.8984093 0.89975953
vt 0.8984093 0.91692036
vt 0.8887103 0.9170233
vt 0.8887103 0.89986247
vt 0.9601423 0.07580409
vt 0.97125494 0.08230773
vt 0.96029454 0.08230773
vt 0.9711027 0.07580406
vt 0.96042037 0.07045547
vt 0.9713808 0.0704555
vt 0.5471331 0.87209463
vt 0.5471331 0.86111283
vt 0.5540726 0.8611132
vt 0.5540726 0.8720949
vt 0.9487625 0.8837675
vt 0.9487625 0.8906985
vt 0.942772 0.89413977
vt 0.942772 0.8802778
vt 0.9367814 0.89065003
vt 0.9367814 0.8837191
vt 0.94191575 0.067357905
vt 0.94169444 0.061369456
vt 0.9526547 0.061369427
vt 0.952876 0.067357905
vt 0.9416991 0.07338912
vt 0.95265937 0.07338912
vt 0.5540725 0.876603
vt 0.5540725 0.88758516
vt 0.54714346 0.88758445
vt 0.54714346 0.8766023
vt 0.9617635 0.21613593
vt 0.9728761 0.22263955
vt 0.96191573 0.22263952
vt 0.97272384 0.21613593
vt 0.9620415 0.21078734
vt 0.97300184 0.21078734
vt 0.679965 0.6097355
vt 0.679965 0.59875375
vt 0.68690455 0.59875405
vt 0.68690455 0.60973585
vt 0.9220129 0.23063557
vt 0.9280019 0.22714688
vt 0.9339907 0.23059095
vt 0.922013 0.23756836
vt 0.9339907 0.23752378
vt 0.9280019 0.24101247
vt 0.96423006 0.8863089
vt 0.9644514 0.8922974
vt 0.95349115 0.8922974
vt 0.95326984 0.8863089
vt 0.96444666 0.8802778
vt 0.9534865 0.8802778
vt 0.9390584 0.600568
vt 0.9390584 0.6115501
vt 0.9321294 0.6115494
vt 0.9321294 0.6005672
vt 0.51816785 0.4748565
vt 0.50891197 0.5301204
vt 0.50896007 0.4717097
vt 0.51812226 0.5303319
vt 0.52619976 0.48399624
vt 0.52616096 0.5311125
vt 0.89764553 0.8308215
vt 0.8942367 0.8195429
vt 0.8994659 0.8217119
vt 0.88906336 0.8272618
vt 0.8902358 0.81554115
vt 0.88249713 0.8206941
vt 0.8880723 0.81031585
vt 0.87894654 0.8121184
vt 0.8880756 0.8046625
vt 0.8789519 0.80284035
vt 0.89024526 0.7994418
vt 0.8825127 0.7942723
vt 0.8851886 0.7916047
vt 0.8926828 0.79310143
vt 0.89425087 0.79544866
vt 0.8994659 0.7933934
vt 0.97817266 0.3507454
vt 0.9725606 0.3221133
vt 0.97817266 0.32223758
vt 0.9725606 0.35062107
vt 0.9676621 0.32164177
vt 0.9676621 0.35014954
vt 0.9676621 0.38048515
vt 0.9676621 0.35527483
vt 0.97327363 0.3552702
vt 0.97327363 0.38229424
vt 0.9781703 0.35525277
vt 0.9781703 0.38416162
vt 0.9691789 0.8652158
vt 0.9660334 0.8605157
vt 0.96492887 0.85497135
vt 0.9660334 0.84942675
vt 0.9738864 0.868356
vt 0.9691789 0.84472597
vt 0.9794393 0.8694582
vt 0.9738864 0.8415848
vt 0.9794394 0.8404814
vt 0.96730876 0.9989871
vt 0.9623251 0.9989959
vt 0.9623251 0.9700867
vt 0.96730876 0.9700779
vt 0.9729412 0.9989852
vt 0.9729412 0.97007596
vt 0.97836494 0.99899054
vt 0.97836494 0.9700813
vt 0.9827542 0.9990023
vt 0.9827541 0.97009313
vt 0.80054504 0.97911
vt 0.7976871 0.9774022
vt 0.8003438 0.9729741
vt 0.78975886 0.9726491
vt 0.80011463 0.9553888
vt 0.78213054 0.9680621
vt 0.80018526 0.93796945
vt 0.7759635 0.96433944
vt 0.80054504 0.9233682
vt 0.6219474 0.57068455
vt 0.63892555 0.57104874
vt 0.6389259 0.61948955
vt 0.6218229 0.61910355
vt 0.60689497 0.6176605
vt 0.6071242 0.5692963
vt 0.6221011 0.5109237
vt 0.60740674 0.5096794
vt 0.60780907 0.42483005
vt 0.62236315 0.42620695
vt 0.63892514 0.5112842
vt 0.6389259 0.42660668
vt 0.6234377 0.0032756408
vt 0.60985315 0.002002575
vt 0.6389223 0.0036224206
vt 0.45690832 0.625781
vt 0.44172016 0.6258127
vt 0.44190684 0.5768083
vt 0.45698684 0.576777
vt 0.47407356 0.62576985
vt 0.44213694 0.516402
vt 0.47402772 0.57676584
vt 0.49060264 0.625781
vt 0.45708367 0.5163708
vt 0.44246438 0.43042937
vt 0.45722148 0.43039858
vt 0.4440899 0.015200056
vt 0.45790586 0.010103621
vt 0.47389087 0.4303877
vt 0.47349253 0.0041267355
vt 0.4788281 0.0020091613
vt 0.48849297 0.002002575
vt 0.47397128 0.5163599
vt 0.49043912 0.576777
vt 0.4899507 0.43039843
vt 0.5006326 0.0020110984
vt 0.5029455 0.43042937
vt 0.49023753 0.5163708
vt 0.50340027 0.516402
vt 0.50371987 0.5768083
vt 0.5039791 0.6258127
vt 0.73534596 0.8309755
vt 0.7256812 0.23252673
vt 0.735346 0.23252918
vt 0.7271581 0.83097327
vt 0.7162129 0.8309424
vt 0.71354157 0.2325068
vt 0.4883232 0.85006934
vt 0.4883232 0.92976654
vt 0.47016683 0.9266335
vt 0.45477465 0.9179107
vt 0.44448996 0.9049264
vt 0.44087842 0.88965714
vt 0.44448996 0.87442756
vt 0.45477465 0.8615563
vt 0.47016683 0.85300285
vt 0.679965 0.59262615
vt 0.68282557 0.0020025154
vt 0.6950557 0.0031682034
vt 0.6935496 0.5938995
vt 0.7090341 0.5942464
vt 0.70903414 0.003754445
vt 0.9287782 0.5297047
vt 0.9399562 0.5170604
vt 0.9348378 0.49936238
vt 0.9108217 0.52815247
vt 0.9399562 0.58764595
vt 0.93022317 0.5897784
vt 0.9400325 0.47455955
vt 0.9108233 0.46199274
vt 0.9349724 0.49372208
vt 0.92879534 0.46061343
vt 0.93028027 0.3971901
vt 0.9400325 0.39967725
vt 0.9794085 0.6942053
vt 0.96493423 0.6926296
vt 0.96493423 0.71404374
vt 0.9794085 0.71561944
vt 0.69236463 0.93722403
vt 0.69236463 0.9689352
vt 0.7117872 0.97474384
vt 0.7117872 0.9430326
vt 0.533877 0.97784305
vt 0.533877 0.9901998
vt 0.5439406 0.99018
vt 0.5439406 0.9778233
vt 0.87894654 0.98520947
vt 0.87465835 0.923558
vt 0.8621781 0.923558
vt 0.8573183 0.98520947
vt 0.97306395 0.6881223
vt 0.9685501 0.62055635
vt 0.95605946 0.62055635
vt 0.95141774 0.6881223
vt 0.80906737 0.7032124
vt 0.80046105 0.70125407
vt 0.80645895 0.7099788
vt 0.7958368 0.70983124
vt 0.7909959 0.7029613
vt 0.80120003 0.71780455
vt 0.80906737 0.7200581
vt 0.80005735 0.72613984
vt 0.7918805 0.7198192
vt 0.79010326 0.72740316
vt 0.78426504 0.71995395
vt 0.7858828 0.7110947
vt 0.78435487 0.7032984
vt 0.46444026 0.9987327
vt 0.4584946 0.9897787
vt 0.4571385 0.9959283
vt 0.46820703 0.99083006
vt 0.47366235 0.997717
vt 0.4635469 0.98248374
vt 0.45727557 0.9793601
vt 0.46623448 0.97397244
vt 0.47299048 0.9810613
vt 0.47696367 0.97315735
vt 0.48180047 0.98109734
vt 0.47893623 0.99001515
vt 0.48180047 0.997414
vt 0.9616981 0.42078584
vt 0.96917486 0.41810185
vt 0.9677325 0.4119164
vt 0.95789176 0.41281402
vt 0.9524329 0.41962898
vt 0.94721794 0.41184512
vt 0.9626992 0.40453947
vt 0.96917486 0.40152335
vt 0.9602256 0.39599773
vt 0.9532523 0.4029758
vt 0.9445398 0.4028912
vt 0.94955176 0.39502898
vt 0.83624554 0.99918437
vt 0.8350234 0.9929373
vt 0.82680225 0.99918437
vt 0.8258339 0.9917215
vt 0.81754124 0.9936884
vt 0.82003856 0.9840448
vt 0.8308433 0.9835807
vt 0.8402865 0.9835806
vt 0.834788 0.9758027
vt 0.82530165 0.97468793
vt 0.8164059 0.9765924
vt 0.6250417 0.95860636
vt 0.6215874 0.9646152
vt 0.62807983 0.97537154
vt 0.6146788 0.964613
vt 0.60689497 0.9753649
vt 0.6112245 0.9586021
vt 0.60689497 0.94114
vt 0.62807983 0.9411466
vt 0.6215874 0.9525955
vt 0.6146788 0.9525933
vt 0.6088389 0.9411406
vt 0.65615433 0.98659754
vt 0.67539525 0.9866036
vt 0.66890275 0.9759542
vt 0.6544764 0.98659694
vt 0.6723571 0.96994543
vt 0.6619942 0.97595197
vt 0.6585399 0.969941
vt 0.6544764 0.9523721
vt 0.67539525 0.9523786
vt 0.66890275 0.9639343
vt 0.6619942 0.96393216
vt 0.65615433 0.95237255
vt 0.62807983 0.97537154
vt 0.6215874 0.9646152
vt 0.6250417 0.95860636
vt 0.6146788 0.964613
vt 0.60689497 0.9753649
vt 0.6112245 0.9586021
vt 0.60689497 0.94114
vt 0.62807983 0.9411466
vt 0.6215874 0.9525955
vt 0.6146788 0.9525933
vt 0.6088389 0.9411406
vt 0.66890275 0.9759542
vt 0.67539525 0.9866036
vt 0.65615433 0.98659754
vt 0.6544764 0.98659694
vt 0.6723571 0.96994543
vt 0.6619942 0.97595197
vt 0.6585399 0.969941
vt 0.6544764 0.9523721
vt 0.67539525 0.9523786
vt 0.66890275 0.9639343
vt 0.6619942 0.96393216
vt 0.65615433 0.95237255
vt 0.9471383 0.95999193
vt 0.93951166 0.9622444
vt 0.94680625 0.9680965
vt 0.9377558 0.9544884
vt 0.93084395 0.95873326
vt 0.93951154 0.97299385
vt 0.9471383 0.9773849
vt 0.9377558 0.98263085
vt 0.9301292 0.9674903
vt 0.92257476 0.9629764
vt 0.92257464 0.9737258
vt 0.93084383 0.9770212
vt 0.927288 0.98308325
vt 0.5569425 0.9793189
vt 0.55810183 0.9883539
vt 0.56540895 0.98322666
vt 0.5486819 0.98291695
vt 0.5493828 0.9739767
vt 0.5663625 0.9738865
vt 0.5733438 0.97956413
vt 0.5733438 0.9686947
vt 0.5654089 0.96473444
vt 0.5569425 0.9684496
vt 0.548682 0.96532977
vt 0.5581019 0.9598974
vn 0.77946585 0.5842471 0.22602671
vn 0.12227763 0.73599595 0.6658512
vn 0.23141265 0.72373927 0.65011483
vn 0.87682307 0.466579 0.116125345
vn 0.2813381 0.61441416 0.7371185
vn 0.93522525 0.080852896 -0.3446973
vn 0.9303274 0.09236413 -0.3549078
vn 0.745783 0.5686216 0.3470979
vn 0.9546205 0.23307046 0.18541166
vn 0.9625177 -0.094240874 -0.25431862
vn 0.89871913 -0.2326285 0.37173557
vn 0.2733148 0.20349014 0.9401544
vn 0.26431507 -0.76967 0.5811583
vn -0.09274067 -0.3567445 0.9295869
vn 0.13130134 -0.9583137 0.2537603
vn 0.8449869 -0.53044266 -0.06802472
vn 0.3510531 -0.73285675 -0.5828229
vn -0.07089572 -0.99371374 -0.086639345
vn 0.5765329 -0.42248872 -0.69936603
vn 0.52982706 -0.33170098 -0.78054947
vn 0.5429585 -0.30472732 -0.78251976
vn 0.52111226 -0.39655566 -0.7557682
vn 0.93485814 0.02773863 -0.35393605
vn 0.4781711 -0.8741214 0.085229695
vn 0.74807215 -0.6198913 0.23690256
vn 0.62868655 -0.45880896 0.6278913
vn 0.745783 0.5686216 0.3470979
vn 0.77946585 0.5842471 0.22602671
vn 0.23141265 0.72373927 0.65011483
vn -0.22363693 0.70434856 0.67370576
vn 0.62868655 -0.45880896 0.6278913
vn 0.12711369 -0.55518353 0.821957
vn -0.2864793 0.70681083 0.6467981
vn -0.035051975 0.32044804 0.94661725
vn 0.12227763 0.73599595 0.6658512
vn 0.8975732 -0.40583032 0.17223135
vn 0.014791703 0.4364611 0.8996014
vn -0.7387212 0.067017734 0.67067075
vn -0.75347835 0.17155194 0.6346968
vn 0.2813381 0.61441416 0.7371185
vn 0.2733148 0.20349014 0.9401544
vn -0.9008366 0.23724665 0.36360306
vn -0.09274067 -0.3567445 0.9295869
vn -0.90475756 -0.059058547 0.42181215
vn -0.9384602 -0.20281515 0.27956766
vn -0.7851191 -0.43287736 0.4429502
vn -0.95529234 -0.25932556 0.14200859
vn -0.7824042 -0.58616006 0.21037988
vn -0.72820234 -0.63698685 -0.25292063
vn -0.9126605 -0.40077373 -0.08019279
vn -0.49592862 -0.6756625 -0.5454673
vn -0.42074314 -0.5439636 -0.72600156
vn -0.035051975 0.32044804 0.94661725
vn -0.72820234 -0.63698685 -0.25292063
vn -0.13594687 -0.6410302 -0.7553797
vn 0.8975732 -0.40583032 0.17223135
vn -0.31586584 -0.9387171 -0.13797998
vn -0.9268866 -0.15576959 0.3414916
vn -0.12725571 -0.026747465 0.9915091
vn 0.46098286 -0.75605696 0.46462035
vn -0.31586584 -0.9387171 -0.13797998
vn 0.46098286 -0.75605696 0.46462035
vn 0.8975732 -0.40583032 0.17223135
vn -0.13594687 -0.6410302 -0.7553797
vn -0.9268866 -0.15576959 0.3414916
vn -0.31586584 -0.9387171 -0.13797998
vn -0.13594687 -0.6410302 -0.7553797
vn -0.9682326 0.24954523 -0.01589238
vn -0.12725571 -0.026747465 0.9915091
vn 0.014791703 0.4364611 0.8996014
vn -0.89325285 0.43883926 0.09756568
vn -0.2864793 0.70681083 0.6467981
vn -0.22363693 0.70434856 0.67370576
vn -0.9835706 -0.12838736 0.12690747
vn -0.72820234 -0.63698685 -0.25292063
vn 0.12711369 -0.55518353 0.821957
vn -0.09399967 -0.8055279 0.58505476
vn -0.9126605 -0.40077373 -0.08019279
vn -0.42074314 -0.5439636 -0.72600156
vn -0.4368689 -0.6250657 -0.64686805
vn 0.46098286 -0.75605696 0.46462035
vn -0.12725571 -0.026747465 0.9915091
vn 0.014791703 0.4364611 0.8996014
vn 0.8975732 -0.40583032 0.17223135
vn -0.72820234 -0.63698685 -0.25292063
vn -0.89325285 0.43883926 0.09756568
vn -0.9682326 0.24954523 -0.01589238
vn -0.13594687 -0.6410302 -0.7553797
vn -0.72820234 -0.63698685 -0.25292063
vn -0.035051975 0.32044804 0.94661725
vn -0.7387212 0.067017734 0.67067075
vn -0.7851191 -0.43287736 0.4429502
vn -0.75347835 0.17155194 0.6346968
vn -0.95529234 -0.25932556 0.14200859
vn -0.9754552 0.17118421 -0.13850163
vn -0.9008366 0.23724665 0.36360306
vn -0.90475756 -0.059058547 0.42181215
vn -0.9396906 -0.21025893 0.26976362
vn -0.938336 0.32241166 0.12480288
vn -0.8981346 -0.25232843 0.3601172
vn -0.9394313 -0.33903223 -0.050256953
vn -0.796664 -0.39234298 -0.45977488
vn -0.9384602 -0.20281515 0.27956766
vn -0.7043984 -0.53377616 -0.46787357
vn -0.7824042 -0.58616006 0.21037988
vn -0.49592862 -0.6756625 -0.5454673
vn -0.9396906 -0.21025893 0.26976362
vn -0.90475756 -0.059058547 0.42181215
vn -0.09274067 -0.3567445 0.9295869
vn 0.26431507 -0.76967 0.5811583
vn -0.8981346 -0.25232843 0.3601172
vn 0.13130134 -0.9583137 0.2537603
vn -0.07089572 -0.99371374 -0.086639345
vn -0.9394313 -0.33903223 -0.050256953
vn -0.9394313 -0.33903223 -0.050256953
vn -0.07089572 -0.99371374 -0.086639345
vn 0.3510531 -0.73285675 -0.5828229
vn -0.796664 -0.39234298 -0.45977488
vn 0.5765329 -0.42248872 -0.69936603
vn -0.7043984 -0.53377616 -0.46787357
vn -0.49592862 -0.6756625 -0.5454673
vn 0.52982706 -0.33170098 -0.78054947
vn 0.5429585 -0.30472732 -0.78251976
vn -0.42074314 -0.5439636 -0.72600156
vn -0.4368689 -0.6250657 -0.64686805
vn 0.52111226 -0.39655566 -0.7557682
vn 0.09697369 -0.9357844 0.3389748
vn 0.4781711 -0.8741214 0.085229695
vn -0.29659384 -0.9246421 -0.23889077
vn -0.46711838 0.43577877 -0.7693483
vn -0.81090456 0.3535728 -0.46628273
vn -0.9564621 -0.2713044 -0.10758254
vn 0.48184913 0.76391846 -0.42924318
vn 0.57030964 0.10449752 0.8147556
vn 0.36967105 0.87409246 0.31512746
vn 0.97065824 0.170526 0.1695385
vn 0.39856386 -0.62783915 0.66855395
vn 0.51735353 -0.71891415 0.46422768
vn 0.57245743 -0.70316386 0.4217258
vn 0.9816084 0.16746476 0.09165344
vn 0.106228665 -0.030110687 0.99388546
vn 0.4625312 0.7527421 -0.46844834
vn 0.36841556 0.32778063 0.8699593
vn 0.1257827 0.8544518 0.5040737
vn -0.09399967 -0.8055279 0.58505476
vn -0.9835706 -0.12838736 0.12690747
vn -0.4368689 -0.6250657 -0.64686805
vn 0.09697369 -0.9357844 0.3389748
vn -0.4199748 -0.68621 0.5939169
vn 0.020877734 -0.17547274 0.9842628
vn 0.12711369 -0.55518353 0.821957
vn 0.75720257 -0.047427014 0.6514559
vn 0.62868655 -0.45880896 0.6278913
vn 0.8810436 -0.46470886 0.088361286
vn 0.74807215 -0.6198913 0.23690256
vn 0.5286534 -0.82792985 -0.18723762
vn 0.4781711 -0.8741214 0.085229695
vn -0.15913263 -0.9844589 -0.074279875
vn -0.96715057 0.25380763 -0.014191963
vn -0.6615381 -0.13637072 -0.7374077
vn 0.71368676 -0.10996054 0.6917802
vn -0.30822483 0.5023637 0.80785394
vn -0.123314954 -0.23942512 0.963052
vn 0.7566834 0.6039541 0.25033945
vn -0.37044716 0.9252931 0.08125132
vn 0.1759426 0.9506031 -0.25573045
vn 0.5523212 -0.78621507 -0.27714112
vn 0.8891221 0.13845184 -0.43622586
vn 0.9200201 -0.38217455 0.08663492
vn 0.43294328 -0.34497792 -0.83279663
vn -0.3385455 -0.93641603 -0.09226054
vn -0.6405476 -0.53886354 -0.5471058
vn 0.09464409 0.33832785 -0.9362568
vn -0.5502187 0.1871337 -0.81378144
vn -0.5887282 -0.5940157 0.54821956
vn -0.6405476 -0.53886354 -0.5471058
vn -0.3385455 -0.93641603 -0.09226054
vn -0.95446837 -0.07035941 0.28989613
vn -0.123314954 -0.23942512 0.963052
vn -0.30822483 0.5023637 0.80785394
vn -0.89374864 0.4367182 -0.10242289
vn -0.37044716 0.9252931 0.08125132
vn 0.71368676 -0.10996054 0.6917802
vn 0.9880099 -0.14429674 -0.054907016
vn 0.9200201 -0.38217455 0.08663492
vn 0.7847106 0.05317405 0.6175773
vn -0.123314954 -0.23942512 0.963052
vn -0.1470294 0.018107712 0.98896635
vn -0.5887282 -0.5940157 0.54821956
vn -0.8252823 -0.3900428 0.40838206
vn -0.3385455 -0.93641603 -0.09226054
vn -0.37969035 -0.2772414 0.8825941
vn 0.5523212 -0.78621507 -0.27714112
vn 0.6117161 -0.07959288 0.78706306
vn 0.9200201 -0.38217455 0.08663492
vn 0.7566834 0.6039541 0.25033945
vn 0.71368676 -0.10996054 0.6917802
vn 0.8891221 0.13845184 -0.43622586
vn 0.1759426 0.9506031 -0.25573045
vn 0.39809895 0.61557895 -0.6801323
vn 0.43294328 -0.34497792 -0.83279663
vn 0.09464409 0.33832785 -0.9362568
vn 0.45912164 -0.6841677 0.56667006
vn 0.5155336 -0.23735803 0.8233364
vn -0.6773021 -0.11451271 0.7267338
vn -0.71350384 -0.51665217 0.47325945
vn -0.53245384 0.118016094 0.83819026
vn 0.48030773 0.06979734 0.87432015
vn -0.4520584 -0.06691763 -0.8894761
vn 0.5756365 0.6863025 -0.44454774
vn 0.6573582 -0.2119028 -0.72317135
vn -0.3193426 0.79816103 -0.5108339
vn 0.58507717 0.6528187 -0.48114735
vn -0.33147794 0.7352171 -0.5912433
vn 0.6069695 0.43081397 -0.66781473
vn -0.38184696 0.4853983 -0.786494
vn 0.60797447 0.5127995 -0.6061292
vn -0.40858856 0.610391 -0.67857885
vn 0.246152 0.89113563 0.3811792
vn -0.21843752 0.93376046 0.2835221
vn -0.4520584 -0.06691763 -0.8894761
vn 0.6573582 -0.2119028 -0.72317135
vn 0.39756146 -0.33840504 -0.8528955
vn -0.36414188 -0.33375263 -0.86949325
vn -0.2514057 -0.45764947 -0.8528558
vn 0.30448627 -0.47349244 -0.82649916
vn -0.8846723 -0.070411325 -0.46086943
vn -0.9423933 -0.14839476 -0.29979488
vn -0.45978552 0.026024222 -0.8876488
vn 0.41167405 0.013895899 -0.91122246
vn 0.90107906 -0.09621148 -0.4228453
vn -0.8846723 -0.070411325 -0.46086943
vn -0.45978552 0.026024222 -0.8876488
vn -0.44423372 0.87636083 -0.18613887
vn -0.6956155 0.63612133 0.33387765
vn -0.6791484 0.5355493 0.50194585
vn -0.9423933 -0.14839476 -0.29979488
vn -0.9941939 -0.073090345 -0.07897659
vn -0.65950686 0.507454 0.5545686
vn -0.36414188 -0.33375263 -0.86949325
vn -0.53245384 0.118016094 0.83819026
vn -0.4520584 -0.06691763 -0.8894761
vn -0.71350384 -0.51665217 0.47325945
vn -0.3193426 0.79816103 -0.5108339
vn -0.6773021 -0.11451271 0.7267338
vn -0.88001513 0.4711324 0.060072854
vn 0.41167405 0.013895899 -0.91122246
vn 0.73307455 0.6156505 0.28910878
vn 0.36830765 0.90737617 -0.20252419
vn 0.90107906 -0.09621148 -0.4228453
vn 0.69384485 0.45763385 0.55602175
vn 0.9572663 -0.21815935 -0.18986307
vn 0.30448627 -0.47349244 -0.82649916
vn 0.39756146 -0.33840504 -0.8528955
vn 0.6728049 0.42101425 0.6083504
vn 0.6573582 -0.2119028 -0.72317135
vn 0.97316635 -0.22956342 0.015758544
vn 0.48030773 0.06979734 0.87432015
vn 0.45912164 -0.6841677 0.56667006
vn 0.5155336 -0.23735803 0.8233364
vn 0.9629091 0.13812722 0.231796
vn 0.5756365 0.6863025 -0.44454774
vn -0.45978552 0.026024222 -0.8876488
vn 0.41167405 0.013895899 -0.91122246
vn 0.36830765 0.90737617 -0.20252419
vn -0.44423372 0.87636083 -0.18613887
vn 0.3889605 -0.87049544 0.30157536
vn -0.5859198 -0.7720466 -0.24625565
vn -0.5185116 -0.8124215 0.2666777
vn 0.45666498 -0.8608281 -0.22457196
vn -0.534781 -0.5780606 -0.61632395
vn 0.4749745 -0.61623824 -0.62821186
vn -0.5216679 -0.5062728 -0.68669534
vn 0.39820266 -0.57755834 -0.712644
vn -0.4300699 -0.8874591 0.16569912
vn 0.26128903 -0.89865404 0.3523483
vn -0.47609538 0.09708977 0.8740178
vn 0.44347048 0.5366527 0.71787024
vn 0.45497218 0.16348165 0.875371
vn -0.56707144 0.56562454 0.598748
vn 0.43920958 0.8306942 0.34211412
vn -0.59631646 0.7660106 0.24007282
vn 0.3883519 0.83401597 0.39191818
vn -0.674944 0.7056485 0.2156648
vn 0.12888624 -0.14548117 0.9809301
vn -0.46286663 -0.10372183 0.8803389
vn -0.8041142 -0.33064649 0.4940379
vn -0.56707144 0.56562454 0.598748
vn -0.47609538 0.09708977 0.8740178
vn -0.98757386 -0.10650111 0.11556624
vn -0.5185116 -0.8124215 0.2666777
vn -0.59631646 0.7660106 0.24007282
vn -0.5859198 -0.7720466 -0.24625565
vn -0.97617877 0.0109901875 -0.21668965
vn -0.674944 0.7056485 0.2156648
vn -0.534781 -0.5780606 -0.61632395
vn -0.9421106 -0.00030003488 -0.3353025
vn -0.46286663 -0.10372183 0.8803389
vn -0.5216679 -0.5062728 -0.68669534
vn -0.72412145 -0.40820527 0.55589277
vn -0.4300699 -0.8874591 0.16569912
vn -0.40467626 0.2003325 0.89224714
vn 0.23080412 -0.7936721 0.56285334
vn 0.30108342 0.09765196 0.9485863
vn -0.76170045 -0.51788354 0.38936067
vn 0.35306954 -0.71078974 0.60836697
vn -0.7199738 -0.5328119 0.4446805
vn 0.39157623 -0.38166764 0.8372519
vn -0.62202454 -0.22488835 0.75000155
vn 0.93898505 0.24080947 0.24560377
vn 0.5756365 0.6863025 -0.44454774
vn 0.58507717 0.6528187 -0.48114735
vn 0.9629091 0.13812722 0.231796
vn 0.39157623 -0.38166764 0.8372519
vn 0.5155336 -0.23735803 0.8233364
vn -0.62202454 -0.22488835 0.75000155
vn -0.6773021 -0.11451271 0.7267338
vn -0.8831394 0.46874857 -0.018441513
vn -0.88001513 0.4711324 0.060072854
vn -0.33147794 0.7352171 -0.5912433
vn -0.3193426 0.79816103 -0.5108339
vn -0.50761414 0.736895 0.44645476
vn -0.76170045 -0.51788354 0.38936067
vn -0.40467626 0.2003325 0.89224714
vn -0.9653075 0.13317901 -0.22460097
vn -0.21843752 0.93376046 0.2835221
vn -0.7199738 -0.5328119 0.4446805
vn -0.40858856 0.610391 -0.67857885
vn -0.9605539 0.07821785 -0.26686954
vn -0.62202454 -0.22488835 0.75000155
vn -0.38184696 0.4853983 -0.786494
vn -0.8831394 0.46874857 -0.018441513
vn -0.33147794 0.7352171 -0.5912433
vn 0.655786 0.48020977 0.58254045
vn 0.60797447 0.5127995 -0.6061292
vn 0.246152 0.89113563 0.3811792
vn 0.9711228 -0.22105515 0.08975138
vn 0.30108342 0.09765196 0.9485863
vn 0.6069695 0.43081397 -0.66781473
vn 0.23080412 -0.7936721 0.56285334
vn 0.98245305 -0.1794577 0.05080521
vn 0.58507717 0.6528187 -0.48114735
vn 0.35306954 -0.71078974 0.60836697
vn 0.93898505 0.24080947 0.24560377
vn 0.39157623 -0.38166764 0.8372519
vn 0.36830765 0.90737617 -0.20252419
vn 0.73307455 0.6156505 0.28910878
vn 0.69384485 0.45763385 0.55602175
vn 0.6728049 0.42101425 0.6083504
vn 0.48030773 0.06979734 0.87432015
vn -0.44423372 0.87636083 -0.18613887
vn -0.53245384 0.118016094 0.83819026
vn -0.65950686 0.507454 0.5545686
vn -0.6956155 0.63612133 0.33387765
vn -0.6791484 0.5355493 0.50194585
vn 0.36967105 0.87409246 0.31512746
vn -0.2346222 0.79356503 0.5614324
vn -0.56107193 0.7805052 0.27569824
vn -0.81090456 0.3535728 -0.46628273
vn 0.48184913 0.76391846 -0.42924318
vn 0.4625312 0.7527421 -0.46844834
vn -0.46711838 0.43577877 -0.7693483
vn 0.1257827 0.8544518 0.5040737
vn -0.6790537 0.66955656 0.3009646
vn -0.81090456 0.3535728 -0.46628273
vn -0.56107193 0.7805052 0.27569824
vn -0.87285966 0.13577467 0.4687013
vn -0.9564621 -0.2713044 -0.10758254
vn -0.46463418 0.264411 0.84510434
vn -0.8398327 -0.51186097 0.18077317
vn -0.29659384 -0.9246421 -0.23889077
vn -0.33433852 -0.9278987 0.16498885
vn -0.90666896 0.21871507 0.3607142
vn -0.3540693 -0.24371617 0.90290475
vn -0.6790537 0.66955656 0.3009646
vn -0.46711838 0.43577877 -0.7693483
vn -0.8398327 -0.51186097 0.18077317
vn -0.46463418 0.264411 0.84510434
vn -0.15721606 -0.14726612 0.9765221
vn 0.39856386 -0.62783915 0.66855395
vn 0.51735353 -0.71891415 0.46422768
vn -0.33433852 -0.9278987 0.16498885
vn 0.57245743 -0.70316386 0.4217258
vn -0.3540693 -0.24371617 0.90290475
vn 0.106228665 -0.030110687 0.99388546
vn 0.57030964 0.10449752 0.8147556
vn -0.2346222 0.79356503 0.5614324
vn 0.36967105 0.87409246 0.31512746
vn -0.27564108 0.19524397 0.94122326
vn 0.39856386 -0.62783915 0.66855395
vn -0.56107193 0.7805052 0.27569824
vn -0.15721606 -0.14726612 0.9765221
vn -0.87285966 0.13577467 0.4687013
vn -0.46463418 0.264411 0.84510434
vn 0.3889605 -0.87049544 0.30157536
vn 0.18225479 -0.7220483 0.66740525
vn 0.37274373 -0.44280824 0.81546503
vn 0.7780976 -0.3100644 0.54628253
vn 0.45666498 -0.8608281 -0.22457196
vn 0.9752381 -0.027369276 0.2194584
vn 0.45497218 0.16348165 0.875371
vn 0.4749745 -0.61623824 -0.62821186
vn 0.44347048 0.5366527 0.71787024
vn 0.985858 0.13495034 -0.09935977
vn 0.39820266 -0.57755834 -0.712644
vn 0.43920958 0.8306942 0.34211412
vn 0.99454767 0.06904477 -0.07815384
vn 0.26128903 -0.89865404 0.3523483
vn 0.3883519 0.83401597 0.39191818
vn 0.4941342 -0.45967424 0.7379237
vn 0.12888624 -0.14548117 0.9809301
vn -0.5185116 -0.8124215 0.2666777
vn 0.18225479 -0.7220483 0.66740525
vn 0.3889605 -0.87049544 0.30157536
vn -0.2457399 -0.7132598 0.6564088
vn -0.8041142 -0.33064649 0.4940379
vn -0.37797168 -0.45681778 0.80526716
vn -0.47609538 0.09708977 0.8740178
vn -0.20779566 -0.16221538 0.9646281
vn 0.45497218 0.16348165 0.875371
vn 0.21502444 -0.12323755 0.96880186
vn 0.37274373 -0.44280824 0.81546503
vn 0.7780976 -0.3100644 0.54628253
vn 1.6155083E-07 0.7714452 -0.63629556
vn 0.61148155 0.6520355 -0.4482633
vn 0.6114816 0.5068757 0.6075912
vn 1.6155086E-07 0.5711128 0.8208715
vn 0.61148155 0.6520355 -0.4482633
vn 0.6114813 -0.5068761 -0.6075912
vn 0.6114814 -0.65203553 0.44826338
vn 0.6114816 0.5068757 0.6075912
vn 1.6155083E-07 0.7714452 -0.63629556
vn -1.6155089E-07 -0.57111293 -0.82087135
vn 0.6114813 -0.5068761 -0.6075912
vn 0.61148155 0.6520355 -0.4482633
vn 0.6114816 0.5068757 0.6075912
vn 0.6114814 -0.65203553 0.44826338
vn -1.6155096E-07 -0.7714457 0.636295
vn 1.6155086E-07 0.5711128 0.8208715
vn 0.6114813 -0.5068761 -0.6075912
vn -1.6155089E-07 -0.57111293 -0.82087135
vn -1.6155096E-07 -0.7714457 0.636295
vn 0.6114814 -0.65203553 0.44826338
vn 3.8843315E-14 -0.13619953 0.9906813
vn 0.7071045 -0.096308075 0.7005196
vn 0.5489829 -0.69916046 0.45803076
vn -1.5026619E-07 -0.73013186 0.6833061
vn -0.7071048 -0.09630772 0.7005194
vn -0.5489841 -0.6991606 0.45802933
vn 0.7071045 -0.096308075 0.7005196
vn 0.77638125 -0.62439024 -0.085841596
vn 0.5489829 -0.69916046 0.45803076
vn 1 -2.3619683E-07 -3.247254E-08
vn 0.5489848 -0.5496167 -0.62971175
vn 0.7071079 0.09630729 -0.70051634
vn 0.7071079 0.09630729 -0.70051634
vn -1.5026582E-07 -0.51864403 -0.85499
vn 0.5489848 -0.5496167 -0.62971175
vn -3.8843315E-14 0.13619953 -0.9906813
vn -0.54898524 -0.5496166 -0.6297115
vn -0.7071081 0.09630759 -0.7005161
vn -0.7071081 0.09630759 -0.7005161
vn -0.7763816 -0.62438995 -0.08584156
vn -0.54898524 -0.5496166 -0.6297115
vn -1 2.3619683E-07 3.247254E-08
vn -0.5489841 -0.6991606 0.45802933
vn -0.7071048 -0.09630772 0.7005194
vn -1.9173319E-07 -0.7157393 -0.6983673
vn 0.88330555 -0.06385024 0.46442908
vn 0.42028892 -0.7394475 -0.5259034
vn 3.8843315E-14 -0.13619953 0.9906813
vn -0.4202895 -0.73944706 -0.5259034
vn -0.88330567 -0.063849784 0.4644289
vn 0.59437686 -0.79669267 -0.10952985
vn 0.36749303 -0.12666923 0.9213596
vn 0.42028803 -0.8539349 0.3068434
vn 0.6785969 -0.1000402 0.72766614
vn 0.42028892 -0.7394475 -0.5259034
vn 0.88330555 -0.06385024 0.46442908
vn -0.42028883 -0.8539352 0.3068414
vn -0.36749318 -0.12666905 0.9213596
vn -0.6785972 -0.10003985 0.72766596
vn -0.5943773 -0.7966924 -0.1095298
vn -0.88330567 -0.063849784 0.4644289
vn -0.4202895 -0.73944706 -0.5259034
vn 0.42028803 -0.8539349 0.3068434
vn 0.36749303 -0.12666923 0.9213596
vn 3.8843315E-14 -0.13619953 0.9906813
vn -1.9173287E-07 -0.8776459 0.4793092
vn -0.36749318 -0.12666905 0.9213596
vn -0.42028883 -0.8539352 0.3068414
vn 0.42028755 -0.7394496 -0.5259015
vn 0.54898393 -0.54961777 -0.62971157
vn 0.77638197 -0.6243894 -0.08584147
vn 0.5943767 -0.79669267 -0.10952985
vn 0.54898614 -0.6991605 0.4580269
vn 0.42029095 -0.8539356 0.30683756
vn -0.54898655 -0.6991602 0.45802698
vn -1.5026633E-07 -0.73013234 0.68330556
vn 0.54898614 -0.6991605 0.4580269
vn -0.77638227 -0.6243891 -0.08584143
vn 0.77638197 -0.6243894 -0.08584147
vn -0.5489842 -0.5496175 -0.6297116
vn 0.54898393 -0.54961777 -0.62971157
vn -1.5026633E-07 -0.5186464 -0.85498875
vn 0.42029095 -0.8539356 0.30683756
vn 0.54898614 -0.6991605 0.4580269
vn -1.5026633E-07 -0.73013234 0.68330556
vn -1.9173301E-07 -0.87764645 0.47930834
vn -0.54898655 -0.6991602 0.45802698
vn -0.420291 -0.853935 0.30683923
vn -0.420291 -0.853935 0.30683923
vn -0.54898655 -0.6991602 0.45802698
vn -0.77638227 -0.6243891 -0.08584143
vn -0.5943769 -0.79669267 -0.10952984
vn -0.5489842 -0.5496175 -0.6297116
vn -0.42028773 -0.7394486 -0.52590275
vn -0.42028773 -0.7394486 -0.52590275
vn -0.5489842 -0.5496175 -0.6297116
vn -1.5026633E-07 -0.5186464 -0.85498875
vn -1.9173292E-07 -0.71573794 -0.69836885
vn 0.54898393 -0.54961777 -0.62971157
vn 0.42028755 -0.7394496 -0.5259015
vn 3.8843315E-14 -0.13619953 0.9906813
vn 0.70907557 -0.096038885 0.6985616
vn 0.5502477 -0.69937235 0.45618576
vn -1.5004719E-07 -0.72932327 0.68416905
vn 0.70907557 -0.096038885 0.6985616
vn 0.7763817 -0.6243897 -0.08584152
vn 0.5502477 -0.69937235 0.45618576
vn 1 -2.3619683E-07 -3.247254E-08
vn 0.55024916 -0.5503191 -0.62799245
vn 0.70907784 0.09603824 -0.6985593
vn 0.70907784 0.09603824 -0.6985593
vn -3.8843315E-14 0.13619953 -0.9906813
vn -1.5004697E-07 -0.5176333 -0.85560226
vn 0.55024916 -0.5503191 -0.62799245
vn -1.9215715E-07 -0.71782964 -0.6962186
vn 3.8843315E-14 -0.13619953 0.9906813
vn 0.8835012 -0.06380001 0.46406373
vn 0.42256308 -0.7386468 -0.52520585
vn 0.5502477 -0.69937235 0.45618576
vn -1.9215703E-07 -0.8790796 0.4766747
vn -1.5004719E-07 -0.72932327 0.68416905
vn 0.42256257 -0.85297483 0.30638975
vn 0.7763817 -0.6243897 -0.08584152
vn 0.59437627 -0.7966931 -0.10952991
vn 0.55024916 -0.5503191 -0.62799245
vn 0.42256308 -0.7386468 -0.52520585
vn -1.5004697E-07 -0.5176333 -0.85560226
vn -1.9215715E-07 -0.71782964 -0.6962186
vn 0.59437627 -0.7966931 -0.10952991
vn 0.36926523 -0.12657359 0.920664
vn 0.42256257 -0.85297483 0.30638975
vn 0.67859685 -0.100040205 0.7276662
vn 0.42256308 -0.7386468 -0.52520585
vn 0.8835012 -0.06380001 0.46406373
vn 0.42256257 -0.85297483 0.30638975
vn 0.36926523 -0.12657359 0.920664
vn 3.8843315E-14 -0.13619953 0.9906813
vn -1.9215703E-07 -0.8790796 0.4766747
vn -1.433143E-07 -0.704349 0.7098537
vn -1.92302E-07 -0.7185443 -0.695481
vn -1.4252265E-07 -0.7013982 0.7127694
vn -0.4233377 -0.73837423 -0.52496517
vn -1.4305115E-07 -0.7033685 0.7108252
vn -0.5943772 -0.79669243 -0.10952981
vn -1.433143E-07 -0.704349 0.7098537
vn -0.42333722 -0.8526486 0.30622825
vn -1.4252265E-07 -0.7013982 0.7127694
vn -1.9230173E-07 -0.87956816 0.47577277
vn -0.55103976 -0.6995071 0.45502192
vn -1.4990991E-07 -0.7288163 0.6847091
vn -1.4991008E-07 -0.51700115 -0.8559845
vn -0.77638274 -0.6243885 -0.08584136
vn -0.55104053 -0.5507612 -0.6269101
vn -0.42333722 -0.8526486 0.30622825
vn -0.55103976 -0.6995071 0.45502192
vn -0.77638274 -0.6243885 -0.08584136
vn -0.5943772 -0.79669243 -0.10952981
vn -0.55104053 -0.5507612 -0.6269101
vn -0.4233377 -0.73837423 -0.52496517
vn -0.4233377 -0.73837423 -0.52496517
vn -0.55104053 -0.5507612 -0.6269101
vn -1.4991008E-07 -0.51700115 -0.8559845
vn -1.92302E-07 -0.7185443 -0.695481
vn -1.9230173E-07 -0.87956816 0.47577277
vn -1.4990991E-07 -0.7288163 0.6847091
vn -0.55103976 -0.6995071 0.45502192
vn -0.42333722 -0.8526486 0.30622825
vn 1.7410751E-07 0.8165022 -0.57734203
vn 0.54691523 0.6476643 -0.53048503
vn 0.6061834 0.5046027 0.61475
vn 1.6265095E-07 0.5762665 0.81726164
vn 0.54691523 0.6476643 -0.53048503
vn 0.5437391 -0.4813903 -0.6874671
vn 0.6061832 -0.6517787 0.45576996
vn 0.6061834 0.5046027 0.61475
vn 1.7410751E-07 0.8165022 -0.57734203
vn 1.6820104E-07 0.79543996 -0.6060322
vn 0.20391911 0.43150702 -0.8787596
vn 0.54691523 0.6476643 -0.53048503
vn 0.20921987 -0.15985917 -0.9647134
vn 0.5437391 -0.4813903 -0.6874671
vn -1.6523626E-07 -0.5884079 -0.80856407
vn -1.7145771E-07 -0.6178045 -0.7863316
vn 1.6858738E-07 0.79682505 -0.6042098
vn -1.6858743E-07 -0.6042099 -0.79682505
vn 0.57735014 -0.4933354 -0.6506049
vn 0.5773504 0.65060484 -0.49333525
vn 1.6820104E-07 0.79543996 -0.6060322
vn 1.6858738E-07 0.79682505 -0.6042098
vn 0.5773504 0.65060484 -0.49333525
vn 0.20391911 0.43150702 -0.8787596
vn 0.20391911 0.43150702 -0.8787596
vn 0.5773504 0.65060484 -0.49333525
vn 0.57735014 -0.4933354 -0.6506049
vn 0.20921987 -0.15985917 -0.9647134
vn 0.20921987 -0.15985917 -0.9647134
vn 0.57735014 -0.4933354 -0.6506049
vn -1.6858743E-07 -0.6042099 -0.79682505
vn -1.6523626E-07 -0.5884079 -0.80856407
vn 0.6061834 0.5046027 0.61475
vn 0.6061832 -0.6517787 0.45576996
vn -1.6265089E-07 -0.77543354 0.631429
vn 1.6265095E-07 0.5762665 0.81726164
vn 0.5437391 -0.4813903 -0.6874671
vn -1.7145771E-07 -0.6178045 -0.7863316
vn -1.6265089E-07 -0.77543354 0.631429
vn 0.6061832 -0.6517787 0.45576996
vn -0.6711356 0.07813658 0.45869038
vn -0.43119824 0.04676467 0.9010429
vn 0.36612767 -0.21435106 0.9055385
vn 0.37856257 -0.0004485622 0.5809756
vn -0.6269072 0.19541574 0.75418866
vn 0.23240797 0.19114372 0.9536513
vn -0.6104954 -0.31965894 0.7246403
vn -0.07583505 -0.11706188 0.99022233
vn 0.34588474 -0.058687538 0.9364395
vn 0.7636112 -0.22996831 0.6033337
vn -0.796596 0.16212423 0.5823653
vn 0.964925 0.08685043 0.24774744
vn 0.37856257 -0.0004485622 0.5809756
vn 0.36612767 -0.21435106 0.9055385
vn 0.78230613 0.29710576 0.5474782
vn 0.98353624 -0.05852263 0.09719563
vn 0.23240797 0.19114372 0.9536513
vn 0.7643796 -0.300766 0.57031924
vn 0.964925 0.08685043 0.24774744
vn 0.96949023 -0.07951609 -0.13169055
vn 0.84647983 -0.19071051 0.49709308
vn 0.62052304 -0.5909426 -0.5154982
vn 0.73921806 0.07940033 0.66876936
vn 0.6070512 -0.019363478 -0.49839652
vn 0.60798216 -0.74317044 -0.2793848
vn 0.2892408 -0.2019342 0.935715
vn 0.12657094 -0.99160343 -0.02650702
vn 0.6461115 0.5808002 -0.49517816
vn 0.62092626 0.77935314 -0.0840143
vn 0.7636112 -0.22996831 0.6033337
vn -0.80871385 -0.5274143 -0.26041496
vn -0.4313023 -0.9018301 0.026088804
vn 0.12657094 -0.99160343 -0.02650702
vn 0.60798216 -0.74317044 -0.2793848
vn -0.7941201 -0.2928362 -0.5325602
vn 0.62052304 -0.5909426 -0.5154982
vn -0.7695216 0.14154527 -0.37504956
vn 0.6070512 -0.019363478 -0.49839652
vn -0.7751464 0.55521095 -0.30147398
vn 0.6461115 0.5808002 -0.49517816
vn -0.7648203 0.64365655 -0.027510226
vn 0.62092626 0.77935314 -0.0840143
vn -0.27315828 0.9172678 0.28984922
vn 0.15677208 0.97454023 0.16031319
vn 0.2892408 -0.2019342 0.935715
vn 0.12657094 -0.99160343 -0.02650702
vn -0.4313023 -0.9018301 0.026088804
vn -0.23545624 -0.071545124 0.9692481
vn -0.66650856 0.24045849 0.7056533
vn -0.80871385 -0.5274143 -0.26041496
vn 0.73921806 0.07940033 0.66876936
vn 0.2892408 -0.2019342 0.935715
vn -0.23545624 -0.071545124 0.9692481
vn -0.66650856 0.24045849 0.7056533
vn 0.84647983 -0.19071051 0.49709308
vn -0.88325197 0.022799075 0.4683445
vn 0.7636112 -0.22996831 0.6033337
vn 0.15677208 0.97454023 0.16031319
vn 0.62092626 0.77935314 -0.0840143
vn 0.34588474 -0.058687538 0.9364395
vn -0.07583505 -0.11706188 0.99022233
vn -0.27315828 0.9172678 0.28984922
vn -0.7648203 0.64365655 -0.027510226
vn -0.6104954 -0.31965894 0.7246403
vn -0.88325197 0.022799075 0.4683445
vn -0.66650856 0.24045849 0.7056533
vn -0.80871385 -0.5274143 -0.26041496
vn -0.7941201 -0.2928362 -0.5325602
vn -0.7695216 0.14154527 -0.37504956
vn -0.96733963 0.13094795 -0.09040195
vn -0.7751464 0.55521095 -0.30147398
vn -0.9806844 0.11282329 -0.04843978
vn -0.8582441 -0.3243239 0.39778286
vn -0.6711356 0.07813658 0.45869038
vn -0.6269072 0.19541574 0.75418866
vn -0.43119824 0.04676467 0.9010429
vn -0.6706087 0.54198176 0.5065026
vn -0.796596 0.16212423 0.5823653
vn -0.6104954 -0.31965894 0.7246403
vn -0.7648203 0.64365655 -0.027510226
vn -0.95446837 -0.07035941 0.28989613
vn -0.89374864 0.4367182 -0.10242289
vn -0.5502187 0.1871337 -0.81378144
vn -0.6405476 -0.53886354 -0.5471058
vn 0.5620318 0.5114831 -0.6500042
vn 0.75720257 -0.047427014 0.6514559
vn 0.44895577 0.8935398 -0.005041927
vn 0.8810436 -0.46470886 0.088361286
vn 0.22361426 0.07098797 -0.9720891
vn 0.5286534 -0.82792985 -0.18723762
vn -0.6615381 -0.13637072 -0.7374077
vn -0.15913263 -0.9844589 -0.074279875
vn 0.5286534 -0.82792985 -0.18723762
vn 0.22361426 0.07098797 -0.9720891
vn -0.47018686 0.7691958 0.43273783
vn 0.020877734 -0.17547274 0.9842628
vn -0.4199748 -0.68621 0.5939169
vn -0.96715057 0.25380763 -0.014191963
vn 0.44895577 0.8935398 -0.005041927
vn 0.75720257 -0.047427014 0.6514559
vn 0.020877734 -0.17547274 0.9842628
vn -0.47018686 0.7691958 0.43273783
vn 0.9200201 -0.38217455 0.08663492
vn 0.9880099 -0.14429674 -0.054907016
vn 0.6117161 -0.07959288 0.78706306
vn 0.5523212 -0.78621507 -0.27714112
vn -0.6839762 -0.45716363 0.28102952
vn -0.9656085 -0.19122969 0.0034627542
vn -0.89680123 -0.12075293 0.4256365
vn -0.7934787 -0.60163796 -0.091777444
vn 0.6178527 0.42825836 0.6594334
vn 0.5745177 0.065199345 0.5985489
vn 0.3473308 -0.28125575 0.8945703
vn 0.9169451 0.29343504 -0.007087305
vn 0.22965269 -0.18304947 0.9559039
vn 0.7847106 0.05317405 0.6175773
vn 0.9880099 -0.14429674 -0.054907016
vn 0.9353111 -0.059260324 0.3488282
vn 0.80780995 0.09829128 0.42231005
vn 0.8817011 0.47056234 -0.03427005
vn 0.3473308 -0.28125575 0.8945703
vn -0.33164206 -0.19773544 0.66521436
vn -0.45816207 -0.52066505 0.7204131
vn 0.5745177 0.065199345 0.5985489
vn -0.1470294 0.018107712 0.98896635
vn 0.7847106 0.05317405 0.6175773
vn -0.93652916 0.34346288 0.07032672
vn -0.7934787 -0.60163796 -0.091777444
vn -0.5180945 -0.39257586 0.75990915
vn -0.9656085 -0.19122969 0.0034627542
vn -0.45816207 -0.52066505 0.7204131
vn -0.33164206 -0.19773544 0.66521436
vn -0.8252823 -0.3900428 0.40838206
vn -0.1470294 0.018107712 0.98896635
vn -0.37969035 -0.2772414 0.8825941
vn -0.89680123 -0.12075293 0.4256365
vn 0.8817011 0.47056234 -0.03427005
vn 0.6117161 -0.07959288 0.78706306
vn 0.9880099 -0.14429674 -0.054907016
vn 0.9169451 0.29343504 -0.007087305
vn 0.6968343 -0.30406898 0.64958745
vn 0.5366754 -0.7707325 -0.34343994
vn -0.3418514 -0.92389923 -0.17189506
vn -0.22625539 -0.48088068 0.8470905
vn -0.6845691 -0.62850165 -0.3692569
vn -0.65373135 -0.08637208 0.75178146
vn 0.8434253 0.4184701 0.33692205
vn 0.5366754 -0.7707325 -0.34343994
vn 0.6968343 -0.30406898 0.64958745
vn 0.6832594 -0.19933406 -0.70244044
vn 0.79208523 0.12462276 0.43138126
vn 0.54059434 0.31247818 -0.5341769
vn 0.78909445 -0.26570708 0.5538314
vn 0.6042403 0.7878973 -0.11879116
vn -0.7098782 0.69918835 0.08490005
vn 0.6042403 0.7878973 -0.11879116
vn 0.18219577 0.9507468 0.25076804
vn -0.7940849 0.37960142 -0.47469082
vn 0.54059434 0.31247818 -0.5341769
vn -0.73095554 -0.12064755 -0.48728317
vn -0.6845691 -0.62850165 -0.3692569
vn 0.6832594 -0.19933406 -0.70244044
vn 0.5366754 -0.7707325 -0.34343994
vn -0.3418514 -0.92389923 -0.17189506
vn -0.75008786 -0.6374482 0.1761468
vn -0.7098782 0.69918835 0.08490005
vn -0.64281106 -0.16731428 0.7475289
vn -0.7940849 0.37960142 -0.47469082
vn -0.6173495 -0.38517424 0.43189627
vn -0.73095554 -0.12064755 -0.48728317
vn -0.65373135 -0.08637208 0.75178146
vn -0.6845691 -0.62850165 -0.3692569
vn -0.64281106 -0.16731428 0.7475289
vn -0.7098782 0.69918835 0.08490005
vn 0.18219577 0.9507468 0.25076804
vn 0.319151 0.08353335 0.94401497
vn 0.6042403 0.7878973 -0.11879116
vn 0.78909445 -0.26570708 0.5538314
vn -0.7850376 -0.6177929 -0.04525301
vn -0.23866397 -0.88108134 -0.40833154
vn -0.12966044 -0.898425 -0.41954738
vn -0.8812063 -0.47207582 0.024893641
vn -0.28764918 -0.80181074 -0.52379084
vn -0.9356381 0.032865644 0.3514272
vn -0.9308383 0.024831682 0.3645866
vn -0.7513152 -0.63885796 -0.1654863
vn -0.95689714 -0.26866877 -0.11029443
vn -0.9613853 0.17377864 0.21339943
vn -0.89684474 0.12088472 -0.42550722
vn -0.27599478 -0.46908632 -0.83891857
vn -0.25767314 0.56653196 -0.78271705
vn 0.09524294 0.066013634 -0.9932625
vn -0.122636676 0.84208345 -0.5252193
vn -0.83997905 0.5345945 -0.09297194
vn -0.34375003 0.8752594 0.3402297
vn 0.08017126 0.9744101 -0.20999327
vn -0.5719948 0.61510265 0.54265094
vn -0.52606213 0.5518587 0.6470781
vn -0.53944117 0.526785 0.6568868
vn -0.51676834 0.6064445 0.60429716
vn -0.93477106 0.0863373 0.3445996
vn -0.47012684 0.81447244 -0.3400225
vn -0.7425002 0.5292979 -0.4105329
vn -0.62494725 0.2590378 -0.7364377
vn -0.7513152 -0.63885796 -0.1654863
vn -0.23866397 -0.88108134 -0.40833154
vn -0.7850376 -0.6177929 -0.04525301
vn 0.2165257 -0.8736495 -0.4357206
vn -0.62494725 0.2590378 -0.7364377
vn -0.122671545 0.28935343 -0.9493294
vn 0.2793656 -0.86864275 -0.40916276
vn 0.031270362 -0.58555496 -0.81002903
vn -0.12966044 -0.898425 -0.41954738
vn -0.8939235 0.34518132 -0.28592047
vn -0.019605277 -0.6820952 -0.73100007
vn 0.73749304 -0.2684597 -0.619704
vn 0.75131226 -0.35787448 -0.55448645
vn -0.28764918 -0.80181074 -0.52379084
vn -0.27599478 -0.46908632 -0.83891857
vn 0.89828855 -0.3420767 -0.27579203
vn 0.09524294 0.066013634 -0.9932625
vn 0.90490353 -0.076144546 -0.4187498
vn 0.9400584 0.102841586 -0.32513654
vn 0.95753115 0.1972347 -0.21031518
vn 0.78871435 0.2759058 -0.54936814
vn 0.78761894 0.49095184 -0.3723206
vn 0.734288 0.6765811 0.055307508
vn 0.916402 0.39827883 -0.039764017
vn 0.5026334 0.80188715 0.32301107
vn 0.42638648 0.72994757 0.5342009
vn 0.031270362 -0.58555496 -0.81002903
vn -0.8939235 0.34518132 -0.28592047
vn 0.14252615 0.83394945 0.5331172
vn 0.734288 0.6765811 0.055307508
vn 0.32466444 0.93476367 -0.14425483
vn -0.45435962 0.58966696 -0.6677201
vn 0.12664694 -0.26787394 -0.9550935
vn 0.9279966 0.039740175 -0.3704632
vn 0.32466444 0.93476367 -0.14425483
vn 0.14252615 0.83394945 0.5331172
vn -0.8939235 0.34518132 -0.28592047
vn -0.45435962 0.58966696 -0.6677201
vn 0.9279966 0.039740175 -0.3704632
vn 0.14252615 0.83394945 0.5331172
vn 0.32466444 0.93476367 -0.14425483
vn 0.9658932 -0.24257554 0.090595216
vn 0.12664694 -0.26787394 -0.9550935
vn -0.019605277 -0.6820952 -0.73100007
vn 0.88906616 -0.45621246 0.037833866
vn 0.2793656 -0.86864275 -0.40916276
vn 0.2165257 -0.8736495 -0.4357206
vn 0.9846084 0.07631351 -0.1572341
vn 0.734288 0.6765811 0.055307508
vn -0.122671545 0.28935343 -0.9493294
vn 0.10095258 0.59638447 -0.7963255
vn 0.916402 0.39827883 -0.039764017
vn 0.42638648 0.72994757 0.5342009
vn 0.44319475 0.7839688 0.43470776
vn -0.45435962 0.58966696 -0.6677201
vn -0.8939235 0.34518132 -0.28592047
vn -0.019605277 -0.6820952 -0.73100007
vn 0.12664694 -0.26787394 -0.9550935
vn 0.734288 0.6765811 0.055307508
vn 0.14252615 0.83394945 0.5331172
vn 0.9658932 -0.24257554 0.090595216
vn 0.88906616 -0.45621246 0.037833866
vn 0.734288 0.6765811 0.055307508
vn 0.73749304 -0.2684597 -0.619704
vn 0.031270362 -0.58555496 -0.81002903
vn 0.78871435 0.2759058 -0.54936814
vn 0.75131226 -0.35787448 -0.55448645
vn 0.95753115 0.1972347 -0.21031518
vn 0.9739466 -0.13162315 0.1846714
vn 0.89828855 -0.3420767 -0.27579203
vn 0.90490353 -0.076144546 -0.4187498
vn 0.9413662 0.112832576 -0.3179598
vn 0.93520236 -0.3534027 -0.022426892
vn 0.90012425 0.12677488 -0.41677856
vn 0.94257414 0.33021516 -0.050118
vn 0.8006582 0.50317115 0.32521576
vn 0.9400584 0.102841586 -0.32513654
vn 0.70971334 0.641541 0.29108748
vn 0.78761894 0.49095184 -0.3723206
vn 0.5026334 0.80188715 0.32301107
vn 0.9413662 0.112832576 -0.3179598
vn 0.09524294 0.066013634 -0.9932625
vn 0.90490353 -0.076144546 -0.4187498
vn -0.25767314 0.56653196 -0.78271705
vn 0.90012425 0.12677488 -0.41677856
vn -0.122636676 0.84208345 -0.5252193
vn 0.08017126 0.9744101 -0.20999327
vn 0.94257414 0.33021516 -0.050118
vn 0.94257414 0.33021516 -0.050118
vn -0.34375003 0.8752594 0.3402297
vn 0.08017126 0.9744101 -0.20999327
vn 0.8006582 0.50317115 0.32521576
vn -0.5719948 0.61510265 0.54265094
vn 0.70971334 0.641541 0.29108748
vn 0.5026334 0.80188715 0.32301107
vn -0.52606213 0.5518587 0.6470781
vn -0.53944117 0.526785 0.6568868
vn 0.42638648 0.72994757 0.5342009
vn 0.44319475 0.7839688 0.43470776
vn -0.51676834 0.6064445 0.60429716
vn -0.08859569 0.7951246 -0.5999398
vn -0.47012684 0.81447244 -0.3400225
vn 0.2987285 0.79647076 -0.5257335
vn 0.8152192 0.10191506 0.5701149
vn 0.47428185 0.27329254 0.8368798
vn 0.9573959 0.25552765 -0.13453303
vn -0.47777408 -0.19261275 0.8571069
vn -0.3725172 -0.8184269 0.43750238
vn -0.5778569 -0.66944355 -0.46682596
vn -0.9721758 -0.2335319 0.018368952
vn -0.4048157 -0.07002145 -0.9117133
vn -0.5217068 0.14326696 -0.8410094
vn -0.57641214 0.16451244 -0.80042785
vn -0.98240244 -0.17374873 0.06853568
vn -0.11545308 -0.7147058 -0.6898303
vn -0.45809388 -0.15621026 0.8750704
vn -0.37644464 -0.8618196 -0.33993542
vn -0.13037929 -0.946751 0.29438698
vn 0.10095258 0.59638447 -0.7963255
vn 0.44319475 0.7839688 0.43470776
vn 0.9846084 0.07631351 -0.1572341
vn -0.08859569 0.7951246 -0.5999398
vn 0.42580205 0.47679356 -0.7689997
vn -0.02009669 -0.122279435 -0.99229217
vn -0.122671545 0.28935343 -0.9493294
vn -0.7572891 -0.13982326 -0.6379363
vn -0.62494725 0.2590378 -0.7364377
vn -0.87677675 0.42601457 -0.22310191
vn -0.7425002 0.5292979 -0.4105329
vn -0.52080095 0.8511118 -0.06614256
vn -0.47012684 0.81447244 -0.3400225
vn 0.16830638 0.9611206 -0.2189064
vn 0.9647703 -0.24713984 0.09022452
vn 0.66340584 0.34165356 0.66570675
vn -0.7132304 -0.09235188 -0.6948192
vn 0.124702945 -0.056231737 -0.99059933
vn 0.3028653 -0.72096217 -0.6232862
vn -0.76245964 -0.6439973 -0.06263313
vn 0.36178964 -0.9114623 0.19581771
vn -0.18452048 -0.83133775 0.52424204
vn -0.5447776 0.83796906 0.03201741
vn -0.9165139 0.34801623 -0.19719814
vn -0.8899918 0.0043894053 0.45595545
vn -0.4290146 0.5790643 0.69327515
vn 0.3472849 0.9188804 -0.18722132
vn 0.6459804 0.670339 0.36517772
vn -0.096970476 -0.04643172 0.99420357
vn 0.54916084 0.056064695 0.833834
vn 0.5937376 0.40063208 -0.697832
vn 0.3472849 0.9188804 -0.18722132
vn 0.6459804 0.670339 0.36517772
vn 0.95483005 -0.026913553 -0.29593122
vn 0.124702945 -0.056231737 -0.99059933
vn 0.3028653 -0.72096217 -0.6232862
vn 0.8897532 -0.3952385 0.22831127
vn 0.36178964 -0.9114623 0.19581771
vn -0.7132304 -0.09235188 -0.6948192
vn -0.9165139 0.34801623 -0.19719814
vn -0.9865835 0.1630599 0.008044429
vn -0.7856987 -0.22571118 -0.57596195
vn 0.124702945 -0.056231737 -0.99059933
vn 0.14600854 -0.31016484 -0.9394034
vn 0.5937376 0.40063208 -0.697832
vn 0.8285101 0.24479938 -0.50363106
vn 0.3472849 0.9188804 -0.18722132
vn 0.3814851 0.0012857616 -0.924374
vn -0.5447776 0.83796906 0.03201741
vn -0.6116281 -0.15038593 -0.7767208
vn -0.9165139 0.34801623 -0.19719814
vn -0.7132304 -0.09235188 -0.6948192
vn -0.76245964 -0.6439973 -0.06263313
vn -0.8899918 0.0043894053 0.45595545
vn -0.18452048 -0.83133775 0.52424204
vn -0.40319958 -0.3840886 0.83060575
vn -0.4290146 0.5790643 0.69327515
vn -0.096970476 -0.04643172 0.99420357
vn -0.47348484 0.79201746 -0.38538384
vn 0.67483664 0.26131785 -0.6901511
vn -0.5124236 0.4306274 -0.7429547
vn 0.70288783 0.61525744 -0.3569407
vn 0.52562296 0.08247265 -0.84671026
vn -0.48777395 0.12783933 -0.86355805
vn 0.45170227 -0.148018 0.8798038
vn -0.654189 0.04901895 0.75474066
vn -0.5752264 -0.76732963 0.28340727
vn 0.31991664 -0.8983974 0.30089128
vn -0.58507586 -0.7457543 0.31864703
vn 0.3314793 -0.8512021 0.40691042
vn -0.60696775 -0.5724681 0.55124444
vn 0.38184902 -0.65281075 0.6542394
vn -0.6079729 -0.6381246 0.47240403
vn 0.40859032 -0.74972796 0.52053976
vn -0.24615328 -0.77998745 -0.57534957
vn 0.21843612 -0.8438695 -0.49007097
vn 0.45170227 -0.148018 0.8798038
vn -0.3923291 0.12997624 0.91059506
vn -0.654189 0.04901895 0.75474066
vn 0.3695078 0.12905023 0.92022216
vn 0.25565737 0.2523593 0.9332487
vn -0.30056 0.2684163 0.9152136
vn 0.88829875 -0.028522223 0.45837864
vn 0.94392294 0.08486952 0.31907046
vn 0.46812522 -0.22435978 0.8547049
vn -0.40314823 -0.22643378 0.88667834
vn -0.89787346 -0.012059033 0.4400881
vn 0.88829875 -0.028522223 0.45837864
vn 0.45276904 -0.89133203 -0.022976518
vn 0.46812522 -0.22435978 0.8547049
vn 0.69746715 -0.5358396 -0.47583175
vn 0.6786674 -0.3995803 -0.6162353
vn 0.94392294 0.08486952 0.31907046
vn 0.9958341 0.047674105 0.07772356
vn 0.65832335 -0.3603616 -0.66087055
vn 0.3695078 0.12905023 0.92022216
vn 0.52562296 0.08247265 -0.84671026
vn 0.45170227 -0.148018 0.8798038
vn 0.70288783 0.61525744 -0.3569407
vn 0.31991664 -0.8983974 0.30089128
vn 0.67483664 0.26131785 -0.6901511
vn 0.8689126 -0.4611349 -0.1798491
vn -0.40314823 -0.22643378 0.88667834
vn -0.35931933 -0.9331779 -0.008315533
vn -0.7308661 -0.5400723 -0.4173199
vn -0.89787346 -0.012059033 0.4400881
vn -0.6953324 -0.3246982 -0.6411575
vn -0.95715475 0.15950167 0.241689
vn -0.30056 0.2684163 0.9152136
vn -0.3923291 0.12997624 0.91059506
vn -0.67506206 -0.27685413 -0.68384343
vn -0.654189 0.04901895 0.75474066
vn -0.97314453 0.22498155 0.048710622
vn -0.48777395 0.12783933 -0.86355805
vn -0.47348484 0.79201746 -0.38538384
vn -0.5124236 0.4306274 -0.7429547
vn -0.96668035 -0.07069223 -0.24603085
vn -0.5752264 -0.76732963 0.28340727
vn 0.46812522 -0.22435978 0.8547049
vn 0.45276904 -0.89133203 -0.022976518
vn -0.35931933 -0.9331779 -0.008315533
vn -0.40314823 -0.22643378 0.88667834
vn -0.38895747 -0.102505684 0.91553485
vn 0.5185141 -0.10901153 0.8480915
vn 0.58591884 -0.55461085 0.5908516
vn -0.4566654 -0.5732496 0.6803243
vn 0.53477734 -0.80513465 0.25645882
vn -0.47497794 -0.8322928 0.28580472
vn 0.5216638 -0.8377507 0.16137055
vn -0.39820677 -0.8918523 0.21454695
vn 0.43007162 -0.232456 0.87235445
vn -0.26128587 -0.068799466 0.9628064
vn 0.47610104 0.8306873 0.2885932
vn -0.45496634 0.860493 0.22925317
vn -0.4434662 0.8789662 -0.17537233
vn 0.5670748 0.7839108 -0.25280356
vn -0.43920806 0.6663781 -0.6025249
vn 0.5963172 0.54642487 -0.58806914
vn -0.3883501 0.71276134 -0.58408475
vn 0.6749445 0.4984101 -0.5440927
vn -0.12888 0.8227738 0.5535636
vn 0.4628729 0.7499514 0.47256863
vn 0.8041177 0.3035888 0.511105
vn 0.47610104 0.8306873 0.2885932
vn 0.5670748 0.7839108 -0.25280356
vn 0.9875746 0.058461037 0.14587192
vn 0.5185141 -0.10901153 0.8480915
vn 0.5963172 0.54642487 -0.58806914
vn 0.58591884 -0.55461085 0.5908516
vn 0.9761771 -0.19086106 -0.103199445
vn 0.6749445 0.4984101 -0.5440927
vn 0.53477734 -0.80513465 0.25645882
vn 0.94210815 -0.30278194 -0.14406668
vn 0.4628729 0.7499514 0.47256863
vn 0.5216638 -0.8377507 0.16137055
vn 0.72412556 0.32603404 0.6077366
vn 0.43007162 -0.232456 0.87235445
vn 0.40467405 0.009600341 -0.9144108
vn -0.3010857 0.122463286 -0.9457009
vn -0.23080538 0.9015899 -0.36587438
vn 0.7616995 0.5933677 -0.2602464
vn -0.3530709 0.83135206 -0.42917868
vn 0.7199727 0.62058324 -0.31066912
vn -0.3915785 0.56348276 -0.7274292
vn 0.6220224 0.39087477 -0.6784581
vn -0.93898576 -0.17807668 -0.2942688
vn -0.58507586 -0.7457543 0.31864703
vn -0.5752264 -0.76732963 0.28340727
vn -0.96668035 -0.07069223 -0.24603085
vn -0.3915785 0.56348276 -0.7274292
vn -0.5124236 0.4306274 -0.7429547
vn 0.6220224 0.39087477 -0.6784581
vn 0.67483664 0.26131785 -0.6901511
vn 0.88313913 -0.4604875 -0.08953491
vn 0.8689126 -0.4611349 -0.1798491
vn 0.3314793 -0.8512021 0.40691042
vn 0.31991664 -0.8983974 0.30089128
vn 0.5076127 -0.6148877 -0.60352504
vn 0.40467405 0.009600341 -0.9144108
vn 0.7616995 0.5933677 -0.2602464
vn 0.965308 -0.18113154 0.18807366
vn 0.21843612 -0.8438695 -0.49007097
vn 0.7199727 0.62058324 -0.31066912
vn 0.40859032 -0.74972796 0.52053976
vn 0.96055454 -0.13732703 0.24181807
vn 0.6220224 0.39087477 -0.6784581
vn 0.38184902 -0.65281075 0.6542394
vn 0.88313913 -0.4604875 -0.08953491
vn 0.3314793 -0.8512021 0.40691042
vn -0.6557873 -0.33383778 -0.6771224
vn -0.24615328 -0.77998745 -0.57534957
vn -0.6079729 -0.6381246 0.47240403
vn -0.97112286 0.23574495 -0.036667958
vn -0.3010857 0.122463286 -0.9457009
vn -0.60696775 -0.5724681 0.55124444
vn -0.23080538 0.9015899 -0.36587438
vn -0.98245305 0.18632534 -0.008297235
vn -0.58507586 -0.7457543 0.31864703
vn -0.3530709 0.83135206 -0.42917868
vn -0.93898576 -0.17807668 -0.2942688
vn -0.3915785 0.56348276 -0.7274292
vn 0.69746715 -0.5358396 -0.47583175
vn 0.6786674 -0.3995803 -0.6162353
vn 0.65832335 -0.3603616 -0.66087055
vn 0.45276904 -0.89133203 -0.022976518
vn 0.52562296 0.08247265 -0.84671026
vn -0.35931933 -0.9331779 -0.008315533
vn -0.48777395 0.12783933 -0.86355805
vn -0.7308661 -0.5400723 -0.4173199
vn -0.67506206 -0.27685413 -0.68384343
vn -0.6953324 -0.3246982 -0.6411575
vn -0.3725172 -0.8184269 0.43750238
vn 0.55855906 -0.73266685 0.38885856
vn 0.22948064 -0.9507215 0.20848751
vn 0.8152192 0.10191506 0.5701149
vn -0.47777408 -0.19261275 0.8571069
vn -0.45809388 -0.15621026 0.8750704
vn 0.47428185 0.27329254 0.8368798
vn -0.13037929 -0.946751 0.29438698
vn 0.6762896 -0.67757833 0.28899834
vn 0.8152192 0.10191506 0.5701149
vn 0.8684822 -0.44416845 -0.22012079
vn 0.55855906 -0.73266685 0.38885856
vn 0.9573959 0.25552765 -0.13453303
vn 0.45678622 -0.8064896 -0.3753938
vn 0.838068 0.20464 -0.50573176
vn 0.2987285 0.79647076 -0.5257335
vn 0.3327089 0.4994716 -0.7998955
vn 0.9032975 -0.42023802 -0.08633484
vn 0.34564918 -0.50687987 -0.7896828
vn 0.6762896 -0.67757833 0.28899834
vn 0.47428185 0.27329254 0.8368798
vn 0.838068 0.20464 -0.50573176
vn 0.14810896 -0.62489456 -0.7665311
vn 0.45678622 -0.8064896 -0.3753938
vn -0.4048157 -0.07002145 -0.9117133
vn -0.5217068 0.14326696 -0.8410094
vn 0.3327089 0.4994716 -0.7998955
vn -0.57641214 0.16451244 -0.80042785
vn 0.34564918 -0.50687987 -0.7896828
vn -0.11545308 -0.7147058 -0.6898303
vn -0.5778569 -0.66944355 -0.46682596
vn -0.3725172 -0.8184269 0.43750238
vn 0.22948064 -0.9507215 0.20848751
vn 0.2668864 -0.8298456 -0.49002805
vn -0.4048157 -0.07002145 -0.9117133
vn 0.55855906 -0.73266685 0.38885856
vn 0.14810896 -0.62489456 -0.7665311
vn 0.8684822 -0.44416845 -0.22012079
vn 0.45678622 -0.8064896 -0.3753938
vn -0.38895747 -0.102505684 0.91553485
vn -0.37273702 0.54543805 0.75070906
vn -0.18224904 0.29159507 0.9390194
vn -0.7780932 0.3596143 0.51502234
vn -0.4566654 -0.5732496 0.6803243
vn -0.97523636 0.18630946 0.119175196
vn -0.45496634 0.860493 0.22925317
vn -0.47497794 -0.8322928 0.28580472
vn -0.4434662 0.8789662 -0.17537233
vn -0.9858586 -0.031586736 -0.16457427
vn -0.39820677 -0.8918523 0.21454695
vn -0.43920806 0.6663781 -0.6025249
vn -0.9945481 -0.04081567 -0.095958926
vn -0.26128587 -0.068799466 0.9628064
vn -0.3883501 0.71276134 -0.58408475
vn -0.49412918 0.46818858 0.73255396
vn -0.12888 0.8227738 0.5535636
vn 0.5185141 -0.10901153 0.8480915
vn -0.38895747 -0.102505684 0.91553485
vn -0.18224904 0.29159507 0.9390194
vn 0.24574542 0.28545016 0.9263515
vn 0.8041177 0.3035888 0.511105
vn -0.21501704 0.82140267 0.5282661
vn -0.37273702 0.54543805 0.75070906
vn -0.7780932 0.3596143 0.51502234
vn -0.45496634 0.860493 0.22925317
vn 0.20780286 0.8008542 0.56164944
vn 0.47610104 0.8306873 0.2885932
vn 0.37797812 0.53019804 0.7589613
vn 1.6155083E-07 0.7714452 -0.63629556
vn 1.6155086E-07 0.5711128 0.8208715
vn -0.61148137 0.50687593 0.6075913
vn -0.6114813 0.6520357 -0.44826323
vn -0.6114813 0.6520357 -0.44826323
vn -0.61148137 0.50687593 0.6075913
vn -0.61148167 -0.6520353 0.4482634
vn -0.61148155 -0.5068759 -0.60759115
vn 1.6155083E-07 0.7714452 -0.63629556
vn -0.6114813 0.6520357 -0.44826323
vn -0.61148155 -0.5068759 -0.60759115
vn -1.6155089E-07 -0.57111293 -0.82087135
vn -0.61148137 0.50687593 0.6075913
vn 1.6155086E-07 0.5711128 0.8208715
vn -1.6155096E-07 -0.7714457 0.636295
vn -0.61148167 -0.6520353 0.4482634
vn -0.61148155 -0.5068759 -0.60759115
vn -0.61148167 -0.6520353 0.4482634
vn -1.6155096E-07 -0.7714457 0.636295
vn -1.6155089E-07 -0.57111293 -0.82087135
vn 3.8843315E-14 -0.13619953 0.9906813
vn -0.5489832 -0.6991602 0.4580308
vn -0.7071045 -0.09630775 0.7005196
vn -1.5026615E-07 -0.7301317 0.6833062
vn 0.7071048 -0.096308045 0.7005194
vn 0.54898363 -0.6991607 0.45802957
vn -0.7071045 -0.09630775 0.7005196
vn -0.5489832 -0.6991602 0.4580308
vn -0.7763816 -0.6243899 -0.08584155
vn -1 2.3619683E-07 3.247254E-08
vn -0.5489851 -0.54961646 -0.6297117
vn -0.7071078 0.096307635 -0.70051646
vn -0.7071078 0.096307635 -0.70051646
vn -0.5489851 -0.54961646 -0.6297117
vn -1.5026583E-07 -0.5186441 -0.85499
vn -3.8843315E-14 0.13619953 -0.9906813
vn 0.5489848 -0.5496167 -0.62971187
vn 0.70710796 0.096307285 -0.7005163
vn 0.70710796 0.096307285 -0.7005163
vn 0.5489848 -0.5496167 -0.62971187
vn 0.7763812 -0.6243903 -0.0858416
vn 1 -2.3619683E-07 -3.247254E-08
vn 0.54898363 -0.6991607 0.45802957
vn 0.7071048 -0.096308045 0.7005194
vn -1.9173324E-07 -0.7157395 -0.6983672
vn -0.42028952 -0.7394475 -0.52590305
vn -0.8833054 -0.06384987 0.46442947
vn 3.8843315E-14 -0.13619953 0.9906813
vn 0.42028925 -0.7394473 -0.52590334
vn 0.8833055 -0.06385026 0.46442926
vn -0.59437734 -0.7966924 -0.1095298
vn -0.42028838 -0.85393465 0.30684343
vn -0.36749303 -0.12666905 0.9213596
vn -0.6785969 -0.10003988 0.7276662
vn -0.42028952 -0.7394475 -0.52590305
vn -0.8833054 -0.06384987 0.46442947
vn 0.4202884 -0.85393536 0.3068418
vn 0.6785971 -0.10004019 0.7276661
vn 0.36749318 -0.12666923 0.9213596
vn 0.59437704 -0.79669255 -0.10952984
vn 0.8833055 -0.06385026 0.46442926
vn 0.42028925 -0.7394473 -0.52590334
vn -0.42028838 -0.85393465 0.30684343
vn 3.8843315E-14 -0.13619953 0.9906813
vn -0.36749303 -0.12666905 0.9213596
vn -1.9173282E-07 -0.8776458 0.4793095
vn 0.36749318 -0.12666923 0.9213596
vn 0.4202884 -0.85393536 0.3068418
vn -0.4202879 -0.7394494 -0.5259015
vn -0.7763823 -0.62438905 -0.085841425
vn -0.54898435 -0.54961765 -0.6297115
vn -0.59437704 -0.79669243 -0.10952981
vn -0.5489865 -0.6991603 0.458027
vn -0.42029136 -0.85393536 0.3068376
vn -0.5489865 -0.6991603 0.458027
vn -1.5026633E-07 -0.73013234 0.6833057
vn 0.54898614 -0.6991604 0.458027
vn -0.7763823 -0.62438905 -0.085841425
vn 0.7763819 -0.62438947 -0.08584148
vn -0.54898435 -0.54961765 -0.6297115
vn 0.5489839 -0.54961777 -0.62971157
vn -1.5026635E-07 -0.5186464 -0.8549887
vn -0.42029136 -0.85393536 0.3068376
vn -1.5026633E-07 -0.73013234 0.6833057
vn -0.5489865 -0.6991603 0.458027
vn -1.9173301E-07 -0.87764645 0.47930834
vn 0.54898614 -0.6991604 0.458027
vn 0.42029065 -0.85393524 0.3068392
vn 0.42029065 -0.85393524 0.3068392
vn 0.7763819 -0.62438947 -0.08584148
vn 0.54898614 -0.6991604 0.458027
vn 0.59437656 -0.79669285 -0.109529875
vn 0.5489839 -0.54961777 -0.62971157
vn 0.42028743 -0.73944885 -0.5259028
vn 0.42028743 -0.73944885 -0.5259028
vn -1.5026635E-07 -0.5186464 -0.8549887
vn 0.5489839 -0.54961777 -0.62971157
vn -1.9173292E-07 -0.71573794 -0.69836885
vn -0.54898435 -0.54961765 -0.6297115
vn -0.4202879 -0.7394494 -0.5259015
vn 3.8843315E-14 -0.13619953 0.9906813
vn -1.5004719E-07 -0.72932327 0.68416905
vn -0.550248 -0.69937205 0.456186
vn -0.70907557 -0.09603856 0.6985616
vn -0.70907557 -0.09603856 0.6985616
vn -0.550248 -0.69937205 0.456186
vn -0.776382 -0.62438935 -0.08584148
vn -1 2.3619683E-07 3.247254E-08
vn -0.5502496 -0.55031896 -0.6279922
vn -0.70907784 0.096038565 -0.6985593
vn -0.70907784 0.096038565 -0.6985593
vn -0.5502496 -0.55031896 -0.6279922
vn -1.5004697E-07 -0.5176333 -0.85560226
vn -3.8843315E-14 0.13619953 -0.9906813
vn -1.9215715E-07 -0.71782964 -0.6962186
vn -0.4225634 -0.7386466 -0.5252056
vn -0.8835012 -0.0637996 0.46406385
vn 3.8843315E-14 -0.13619953 0.9906813
vn -0.550248 -0.69937205 0.456186
vn -1.5004719E-07 -0.72932327 0.68416905
vn -1.9215703E-07 -0.8790796 0.4766747
vn -0.4225629 -0.85297453 0.30639
vn -0.776382 -0.62438935 -0.08584148
vn -0.5943766 -0.79669285 -0.10952987
vn -0.5502496 -0.55031896 -0.6279922
vn -0.4225634 -0.7386466 -0.5252056
vn -1.5004697E-07 -0.5176333 -0.85560226
vn -1.9215715E-07 -0.71782964 -0.6962186
vn -0.5943766 -0.79669285 -0.10952987
vn -0.4225629 -0.85297453 0.30639
vn -0.36926523 -0.12657341 0.920664
vn -0.6785969 -0.10003988 0.7276662
vn -0.4225634 -0.7386466 -0.5252056
vn -0.8835012 -0.0637996 0.46406385
vn -0.4225629 -0.85297453 0.30639
vn -1.9215703E-07 -0.8790796 0.4766747
vn 3.8843315E-14 -0.13619953 0.9906813
vn -0.36926523 -0.12657341 0.920664
vn -1.4331425E-07 -0.7043488 0.7098538
vn -1.4252265E-07 -0.7013982 0.7127694
vn -1.92302E-07 -0.7185443 -0.695481
vn 0.4233374 -0.7383746 -0.5249649
vn -1.4305112E-07 -0.70336837 0.7108253
vn 0.594377 -0.7966926 -0.109529845
vn -1.433143E-07 -0.704349 0.7098537
vn 0.4233371 -0.85264885 0.3062278
vn -1.4252265E-07 -0.7013982 0.7127694
vn -1.9230173E-07 -0.87956816 0.47577277
vn -1.4991008E-07 -0.51700115 -0.8559845
vn -1.4990991E-07 -0.7288163 0.6847091
vn 0.55103964 -0.6995074 0.45502144
vn 0.77638257 -0.6243888 -0.08584139
vn 0.5510402 -0.55076146 -0.6269101
vn 0.4233371 -0.85264885 0.3062278
vn 0.77638257 -0.6243888 -0.08584139
vn 0.55103964 -0.6995074 0.45502144
vn 0.594377 -0.7966926 -0.109529845
vn 0.5510402 -0.55076146 -0.6269101
vn 0.4233374 -0.7383746 -0.5249649
vn 0.4233374 -0.7383746 -0.5249649
vn -1.92302E-07 -0.7185443 -0.695481
vn -1.4991008E-07 -0.51700115 -0.8559845
vn 0.5510402 -0.55076146 -0.6269101
vn -1.9230173E-07 -0.87956816 0.47577277
vn 0.4233371 -0.85264885 0.3062278
vn 0.55103964 -0.6995074 0.45502144
vn -1.4990991E-07 -0.7288163 0.6847091
vn 1.7410751E-07 0.8165022 -0.57734203
vn 1.6265095E-07 0.5762665 0.81726164
vn -0.6061832 0.5046029 0.6147501
vn -0.546915 0.64766455 -0.53048503
vn -0.546915 0.64766455 -0.53048503
vn -0.6061832 0.5046029 0.6147501
vn -0.6061834 -0.65177846 0.45577
vn -0.5437393 -0.48139006 -0.68746704
vn 1.7410751E-07 0.8165022 -0.57734203
vn -0.20391896 0.43150714 -0.8787596
vn 1.6820104E-07 0.79543996 -0.6060322
vn -0.546915 0.64766455 -0.53048503
vn -0.20922005 -0.15985905 -0.9647134
vn -0.5437393 -0.48139006 -0.68746704
vn -1.6523626E-07 -0.5884079 -0.80856407
vn -1.7145771E-07 -0.6178045 -0.7863316
vn 1.6858738E-07 0.79682505 -0.6042098
vn -0.57735014 0.6506051 -0.4933352
vn -0.5773504 -0.49333516 -0.65060484
vn -1.6858743E-07 -0.6042099 -0.79682505
vn 1.6820104E-07 0.79543996 -0.6060322
vn -0.20391896 0.43150714 -0.8787596
vn -0.57735014 0.6506051 -0.4933352
vn 1.6858738E-07 0.79682505 -0.6042098
vn -0.20391896 0.43150714 -0.8787596
vn -0.20922005 -0.15985905 -0.9647134
vn -0.5773504 -0.49333516 -0.65060484
vn -0.57735014 0.6506051 -0.4933352
vn -0.20922005 -0.15985905 -0.9647134
vn -1.6523626E-07 -0.5884079 -0.80856407
vn -1.6858743E-07 -0.6042099 -0.79682505
vn -0.5773504 -0.49333516 -0.65060484
vn -0.6061832 0.5046029 0.6147501
vn 1.6265095E-07 0.5762665 0.81726164
vn -1.6265089E-07 -0.77543354 0.631429
vn -0.6061834 -0.65177846 0.45577
vn -0.5437393 -0.48139006 -0.68746704
vn -0.6061834 -0.65177846 0.45577
vn -1.6265089E-07 -0.77543354 0.631429
vn -1.7145771E-07 -0.6178045 -0.7863316
vn 0.6711356 0.6050981 -0.4282907
vn -0.36612982 0.41628253 -0.8322606
vn 0.43119586 0.16109335 -0.88776094
vn -0.3785617 0.8348594 -0.3996253
vn 0.62691194 0.76485264 0.14826104
vn -0.23240218 0.9430555 0.23798081
vn 0.61049324 0.4773048 -0.6320428
vn -0.34588727 0.27185214 -0.8980303
vn 0.075832084 0.34100395 -0.93699837
vn -0.7636127 0.3621869 -0.5345242
vn 0.7965941 -0.024265975 -0.6040276
vn -0.96492565 -0.027728036 -0.2610539
vn -0.3785617 0.8348594 -0.3996253
vn -0.78230745 -0.16365214 -0.6010095
vn -0.36612982 0.41628253 -0.8322606
vn -0.9835355 0.17990051 0.017130196
vn -0.23240218 0.9430555 0.23798081
vn -0.7643755 0.38531238 0.5169759
vn -0.96492565 -0.027728036 -0.2610539
vn -0.9694898 -0.13442774 0.20498455
vn -0.8464762 0.36659294 0.3861184
vn -0.62052584 -0.7196667 0.3114918
vn -0.7392134 0.6378206 0.21621299
vn -0.60705173 -0.7026264 0.37121934
vn -0.6079831 -0.57207644 0.5505312
vn -0.28923422 0.75766253 0.58505607
vn -0.12656996 -0.45076972 0.8836211
vn -0.6461103 -0.6788721 0.3488176
vn -0.62092626 -0.77785385 -0.09691766
vn -0.7636127 0.3621869 -0.5345242
vn 0.8087125 -0.46208808 0.36394846
vn -0.12656996 -0.45076972 0.8836211
vn 0.43130317 -0.3646556 0.82522935
vn -0.6079831 -0.57207644 0.5505312
vn 0.7941167 -0.6067525 0.035068244
vn -0.62052584 -0.7196667 0.3114918
vn 0.7695199 -0.6362453 0.05505246
vn -0.60705173 -0.7026264 0.37121934
vn 0.775147 -0.6095466 0.16613224
vn -0.6461103 -0.6788721 0.3488176
vn 0.76482 -0.632815 -0.1208117
vn -0.62092626 -0.77785385 -0.09691766
vn 0.27315685 -0.82636535 -0.49244833
vn -0.15677287 -0.91181505 -0.37949264
vn -0.28923422 0.75766253 0.58505607
vn 0.43130317 -0.3646556 0.82522935
vn -0.12656996 -0.45076972 0.8836211
vn 0.23546256 0.844054 0.48179844
vn 0.66651267 0.7404332 0.08671257
vn 0.8087125 -0.46208808 0.36394846
vn -0.7392134 0.6378206 0.21621299
vn 0.23546256 0.844054 0.48179844
vn -0.28923422 0.75766253 0.58505607
vn 0.66651267 0.7404332 0.08671257
vn -0.8464762 0.36659294 0.3861184
vn 0.88325465 0.43254137 0.18102138
vn -0.7636127 0.3621869 -0.5345242
vn -0.62092626 -0.77785385 -0.09691766
vn -0.15677287 -0.91181505 -0.37949264
vn -0.34588727 0.27185214 -0.8980303
vn 0.075832084 0.34100395 -0.93699837
vn 0.27315685 -0.82636535 -0.49244833
vn 0.76482 -0.632815 -0.1208117
vn 0.61049324 0.4773048 -0.6320428
vn 0.88325465 0.43254137 0.18102138
vn 0.8087125 -0.46208808 0.36394846
vn 0.66651267 0.7404332 0.08671257
vn 0.7941167 -0.6067525 0.035068244
vn 0.7695199 -0.6362453 0.05505246
vn 0.96733856 -0.22004175 -0.12584761
vn 0.775147 -0.6095466 0.16613224
vn 0.9806835 -0.14727534 -0.12872355
vn 0.8582469 0.21942955 0.46396413
vn 0.6711356 0.6050981 -0.4282907
vn 0.62691194 0.76485264 0.14826104
vn 0.43119586 0.16109335 -0.88776094
vn 0.6706071 -0.41139835 -0.6172826
vn 0.7965941 -0.024265975 -0.6040276
vn 0.61049324 0.4773048 -0.6320428
vn 0.76482 -0.632815 -0.1208117
vn 0.95483005 -0.026913553 -0.29593122
vn 0.6459804 0.670339 0.36517772
vn 0.54916084 0.056064695 0.833834
vn 0.8897532 -0.3952385 0.22831127
vn -0.56618714 -0.29201138 0.7708188
vn -0.45720837 -0.8482239 0.26735073
vn -0.7572891 -0.13982326 -0.6379363
vn -0.87677675 0.42601457 -0.22310191
vn -0.22342825 0.22075397 0.94939315
vn -0.52080095 0.8511118 -0.06614256
vn 0.66340584 0.34165356 0.66570675
vn -0.22342825 0.22075397 0.94939315
vn -0.52080095 0.8511118 -0.06614256
vn 0.16830638 0.9611206 -0.2189064
vn 0.4626699 -0.86682594 -0.1858737
vn 0.9647703 -0.24713984 0.09022452
vn 0.42580205 0.47679356 -0.7689997
vn -0.02009669 -0.122279435 -0.99229217
vn -0.45720837 -0.8482239 0.26735073
vn 0.4626699 -0.86682594 -0.1858737
vn -0.02009669 -0.122279435 -0.99229217
vn -0.7572891 -0.13982326 -0.6379363
vn -0.9165139 0.34801623 -0.19719814
vn -0.5447776 0.83796906 0.03201741
vn -0.6116281 -0.15038593 -0.7767208
vn -0.9865835 0.1630599 0.008044429
vn 0.68518203 0.278348 -0.5840902
vn 0.89751565 -0.018249303 -0.44060472
vn 0.9671537 0.18494007 -0.12955096
vn 0.7942429 0.46703985 -0.38865417
vn -0.62390924 -0.77184534 -0.12244226
vn -0.35564673 -0.4706918 -0.8074431
vn -0.58065844 -0.44964966 -0.56644535
vn -0.9193238 -0.28712893 0.19935875
vn -0.2385351 -0.58292234 -0.77672535
vn -0.7856987 -0.22571118 -0.57596195
vn -0.9865835 0.1630599 0.008044429
vn -0.9385156 -0.21198636 -0.27248937
vn -0.81256795 -0.3673348 -0.36489558
vn -0.885992 -0.4315044 0.1697711
vn -0.35564673 -0.4706918 -0.8074431
vn 0.45140746 -0.18630204 -0.8726526
vn 0.32706416 -0.23211457 -0.8067314
vn -0.58065844 -0.44964966 -0.56644535
vn 0.14600854 -0.31016484 -0.9394034
vn -0.7856987 -0.22571118 -0.57596195
vn 0.9358596 -0.28939232 0.20104471
vn 0.5109807 -0.30206624 -0.8047699
vn 0.7942429 0.46703985 -0.38865417
vn 0.9671537 0.18494007 -0.12955096
vn 0.45140746 -0.18630204 -0.8726526
vn 0.32706416 -0.23211457 -0.8067314
vn 0.8285101 0.24479938 -0.50363106
vn 0.14600854 -0.31016484 -0.9394034
vn 0.3814851 0.0012857616 -0.924374
vn 0.89751565 -0.018249303 -0.44060472
vn -0.885992 -0.4315044 0.1697711
vn -0.9193238 -0.28712893 0.19935875
vn -0.9865835 0.1630599 0.008044429
vn -0.6116281 -0.15038593 -0.7767208
vn -0.69454575 0.10540599 -0.7116854
vn 0.35054085 0.93036544 -0.10742915
vn -0.52921885 0.842576 0.09996438
vn 0.22997224 0.20773077 -0.9507685
vn 0.6906776 0.7031639 0.16889274
vn 0.6538579 -0.1450283 -0.7425877
vn -0.84755415 -0.49149618 -0.2002087
vn -0.69454575 0.10540599 -0.7116854
vn -0.52921885 0.842576 0.09996438
vn -0.6807802 0.4037512 0.6111653
vn -0.7971518 -0.40016967 -0.35711345
vn -0.5382073 0.03195578 0.7480008
vn -0.7942274 -0.22592074 -0.56405926
vn -0.6030408 -0.437698 0.6669049
vn 0.7091221 -0.5377803 0.45600235
vn -0.18443121 -0.8236138 0.5363257
vn -0.6030408 -0.437698 0.6669049
vn 0.79849327 0.09073004 0.5951276
vn -0.5382073 0.03195578 0.7480008
vn 0.7365159 0.43282187 0.41679
vn 0.6906776 0.7031639 0.16889274
vn -0.6807802 0.4037512 0.6111653
vn -0.52921885 0.842576 0.09996438
vn 0.35054085 0.93036544 -0.10742915
vn 0.7483627 0.29309478 -0.59501994
vn 0.635827 -0.445207 -0.6304876
vn 0.7091221 -0.5377803 0.45600235
vn 0.79849327 0.09073004 0.5951276
vn 0.61653376 0.10777643 -0.6910415
vn 0.7365159 0.43282187 0.41679
vn 0.6538579 -0.1450283 -0.7425877
vn 0.6906776 0.7031639 0.16889274
vn 0.635827 -0.445207 -0.6304876
vn -0.18443121 -0.8236138 0.5363257
vn 0.7091221 -0.5377803 0.45600235
vn -0.32789612 -0.75274974 -0.5708343
vn -0.6030408 -0.437698 0.6669049
vn -0.7942274 -0.22592074 -0.56405926
vn 0.5489848 -0.5496167 -0.62971175
vn 0.59437686 -0.79669267 -0.10952985
vn 0.77638125 -0.62439024 -0.085841596
vn 0.42028892 -0.7394475 -0.5259034
vn 0.42028803 -0.8539349 0.3068434
vn -1.5026582E-07 -0.51864403 -0.85499
vn 0.5489829 -0.69916046 0.45803076
vn -1.9173319E-07 -0.7157393 -0.6983673
vn -1.9173287E-07 -0.8776459 0.4793092
vn -0.54898524 -0.5496166 -0.6297115
vn -1.5026619E-07 -0.73013186 0.6833061
vn -0.4202895 -0.73944706 -0.5259034
vn -0.42028883 -0.8539352 0.3068414
vn -0.7763816 -0.62438995 -0.08584156
vn -0.5489841 -0.6991606 0.45802933
vn -0.5943773 -0.7966924 -0.1095298
vn -1.4305044E-07 -0.7033658 0.7108278
vn -1.9173301E-07 -0.87764645 0.47930834
vn -0.420291 -0.853935 0.30683923
vn -1.4305165E-07 -0.7033703 0.7108234
vn -1.4305184E-07 -0.703371 0.71082276
vn -0.5943769 -0.79669267 -0.10952984
vn 0.42029095 -0.8539356 0.30683756
vn -1.4305125E-07 -0.70336884 0.7108247
vn -1.4305122E-07 -0.7033687 0.71082485
vn -0.42028773 -0.7394486 -0.52590275
vn 0.5943767 -0.79669267 -0.10952985
vn -1.4305122E-07 -0.7033688 0.71082497
vn -1.430511E-07 -0.7033683 0.71082544
vn -1.9173292E-07 -0.71573794 -0.69836885
vn 0.42028755 -0.7394496 -0.5259015
vn -1.4305117E-07 -0.70336854 0.7108251
vn -0.72412145 -0.40820527 0.55589277
vn -0.6269072 0.19541574 0.75418866
vn -0.46286663 -0.10372183 0.8803389
vn -0.8582441 -0.3243239 0.39778286
vn 0.23240797 0.19114372 0.9536513
vn -0.4300699 -0.8874591 0.16569912
vn 0.12888624 -0.14548117 0.9809301
vn -0.88325197 0.022799075 0.4683445
vn 0.7643796 -0.300766 0.57031924
vn 0.26128903 -0.89865404 0.3523483
vn 0.4941342 -0.45967424 0.7379237
vn 0.84647983 -0.19071051 0.49709308
vn 0.246152 0.89113563 0.3811792
vn 0.964925 0.08685043 0.24774744
vn 0.78230613 0.29710576 0.5474782
vn 0.655786 0.48020977 0.58254045
vn -0.21843752 0.93376046 0.2835221
vn 0.36612767 -0.21435106 0.9055385
vn -0.796596 0.16212423 0.5823653
vn 0.30108342 0.09765196 0.9485863
vn -0.50761414 0.736895 0.44645476
vn -0.43119824 0.04676467 0.9010429
vn -0.6706087 0.54198176 0.5065026
vn -0.40467626 0.2003325 0.89224714
vn 0.1759426 0.9506031 -0.25573045
vn 0.44895577 0.8935398 -0.005041927
vn -0.47018686 0.7691958 0.43273783
vn -0.37044716 0.9252931 0.08125132
vn 0.39809895 0.61557895 -0.6801323
vn -0.96715057 0.25380763 -0.014191963
vn 0.5620318 0.5114831 -0.6500042
vn -0.89374864 0.4367182 -0.10242289
vn 0.09464409 0.33832785 -0.9362568
vn -0.6615381 -0.13637072 -0.7374077
vn 0.22361426 0.07098797 -0.9720891
vn -0.5502187 0.1871337 -0.81378144
vn 0.1257827 0.8544518 0.5040737
vn 0.6178527 0.42825836 0.6594334
vn 0.36841556 0.32778063 0.8699593
vn 0.22965269 -0.18304947 0.9559039
vn 0.3473308 -0.28125575 0.8945703
vn -0.6790537 0.66955656 0.3009646
vn 0.106228665 -0.030110687 0.99388546
vn -0.5180945 -0.39257586 0.75990915
vn -0.45816207 -0.52066505 0.7204131
vn -0.90666896 0.21871507 0.3607142
vn -0.3540693 -0.24371617 0.90290475
vn -0.93652916 0.34346288 0.07032672
vn -0.37969035 -0.2772414 0.8825941
vn -0.22625539 -0.48088068 0.8470905
vn -0.65373135 -0.08637208 0.75178146
vn -0.89680123 -0.12075293 0.4256365
vn 0.6117161 -0.07959288 0.78706306
vn -0.6173495 -0.38517424 0.43189627
vn 0.6968343 -0.30406898 0.64958745
vn -0.6839762 -0.45716363 0.28102952
vn 0.8817011 0.47056234 -0.03427005
vn -0.75008786 -0.6374482 0.1761468
vn 0.8434253 0.4184701 0.33692205
vn -0.7934787 -0.60163796 -0.091777444
vn 0.80780995 0.09829128 0.42231005
vn -0.64281106 -0.16731428 0.7475289
vn 0.79208523 0.12462276 0.43138126
vn -0.5180945 -0.39257586 0.75990915
vn 0.9353111 -0.059260324 0.3488282
vn 0.319151 0.08353335 0.94401497
vn 0.78909445 -0.26570708 0.5538314
vn 0.22965269 -0.18304947 0.9559039
vn -0.5489832 -0.6991602 0.4580308
vn -1.9173282E-07 -0.8776458 0.4793095
vn -0.42028838 -0.85393465 0.30684343
vn -1.5026615E-07 -0.7301317 0.6833062
vn -0.7763816 -0.6243899 -0.08584155
vn 0.4202884 -0.85393536 0.3068418
vn -0.59437734 -0.7966924 -0.1095298
vn 0.54898363 -0.6991607 0.45802957
vn -0.5489851 -0.54961646 -0.6297117
vn 0.59437704 -0.79669255 -0.10952984
vn -0.42028952 -0.7394475 -0.52590305
vn 0.7763812 -0.6243903 -0.0858416
vn -1.5026583E-07 -0.5186441 -0.85499
vn 0.42028925 -0.7394473 -0.52590334
vn -1.9173324E-07 -0.7157395 -0.6983672
vn 0.5489848 -0.5496167 -0.62971187
vn -1.4305046E-07 -0.70336586 0.7108278
vn 0.42029065 -0.85393524 0.3068392
vn -1.9173301E-07 -0.87764645 0.47930834
vn -1.4305166E-07 -0.70337033 0.7108234
vn -1.4305184E-07 -0.703371 0.71082276
vn 0.59437656 -0.79669285 -0.109529875
vn -0.42029136 -0.85393536 0.3068376
vn -1.4305125E-07 -0.70336884 0.71082485
vn -1.4305122E-07 -0.7033687 0.71082485
vn 0.42028743 -0.73944885 -0.5259028
vn -0.59437704 -0.79669243 -0.10952981
vn -1.4305122E-07 -0.7033688 0.71082497
vn -1.430511E-07 -0.7033683 0.71082544
vn -1.9173292E-07 -0.71573794 -0.69836885
vn -0.4202879 -0.7394494 -0.5259015
vn -1.4305117E-07 -0.70336854 0.7108251
vn -0.12888 0.8227738 0.5535636
vn -0.7643755 0.38531238 0.5169759
vn -0.23240218 0.9430555 0.23798081
vn -0.49412918 0.46818858 0.73255396
vn 0.4628729 0.7499514 0.47256863
vn -0.8464762 0.36659294 0.3861184
vn 0.62691194 0.76485264 0.14826104
vn -0.26128587 -0.068799466 0.9628064
vn 0.72412556 0.32603404 0.6077366
vn 0.88325465 0.43254137 0.18102138
vn 0.8582469 0.21942955 0.46396413
vn 0.43007162 -0.232456 0.87235445
vn -0.24615328 -0.77998745 -0.57534957
vn -0.78230745 -0.16365214 -0.6010095
vn -0.96492565 -0.027728036 -0.2610539
vn -0.6557873 -0.33383778 -0.6771224
vn 0.21843612 -0.8438695 -0.49007097
vn -0.36612982 0.41628253 -0.8322606
vn 0.7965941 -0.024265975 -0.6040276
vn -0.3010857 0.122463286 -0.9457009
vn 0.5076127 -0.6148877 -0.60352504
vn 0.43119586 0.16109335 -0.88776094
vn 0.6706071 -0.41139835 -0.6172826
vn 0.40467405 0.009600341 -0.9144108
vn -0.18452048 -0.83133775 0.52424204
vn 0.4626699 -0.86682594 -0.1858737
vn -0.45720837 -0.8482239 0.26735073
vn 0.36178964 -0.9114623 0.19581771
vn -0.40319958 -0.3840886 0.83060575
vn 0.9647703 -0.24713984 0.09022452
vn -0.56618714 -0.29201138 0.7708188
vn 0.8897532 -0.3952385 0.22831127
vn -0.096970476 -0.04643172 0.99420357
vn 0.66340584 0.34165356 0.66570675
vn -0.22342825 0.22075397 0.94939315
vn 0.54916084 0.056064695 0.833834
vn -0.11545308 -0.7147058 -0.6898303
vn 0.45140746 -0.18630204 -0.8726526
vn -0.35564673 -0.4706918 -0.8074431
vn 0.34564918 -0.50687987 -0.7896828
vn -0.37644464 -0.8618196 -0.33993542
vn 0.9358596 -0.28939232 0.20104471
vn -0.62390924 -0.77184534 -0.12244226
vn 0.9032975 -0.42023802 -0.08633484
vn -0.13037929 -0.946751 0.29438698
vn 0.5109807 -0.30206624 -0.8047699
vn -0.2385351 -0.58292234 -0.77672535
vn 0.6762896 -0.67757833 0.28899834
vn 0.3814851 0.0012857616 -0.924374
vn 0.6538579 -0.1450283 -0.7425877
vn 0.22997224 0.20773077 -0.9507685
vn 0.89751565 -0.018249303 -0.44060472
vn -0.6116281 -0.15038593 -0.7767208
vn 0.61653376 0.10777643 -0.6910415
vn -0.69454575 0.10540599 -0.7116854
vn 0.68518203 0.278348 -0.5840902
vn -0.885992 -0.4315044 0.1697711
vn 0.7483627 0.29309478 -0.59501994
vn -0.84755415 -0.49149618 -0.2002087
vn 0.7942429 0.46703985 -0.38865417
vn -0.81256795 -0.3673348 -0.36489558
vn 0.635827 -0.445207 -0.6304876
vn -0.7971518 -0.40016967 -0.35711345
vn 0.5109807 -0.30206624 -0.8047699
vn -0.9385156 -0.21198636 -0.27248937
vn -0.32789612 -0.75274974 -0.5708343
vn -0.7942274 -0.22592074 -0.56405926
vn -0.2385351 -0.58292234 -0.77672535
vn 0.46689844 0.87911975 -0.09567655
vn 0.52401894 0.8464555 -0.09442942
vn 0.52515614 0.8505199 -0.028752707
vn 0.46791622 0.883268 -0.029859766
vn 0.40775573 0.9079763 -0.09650925
vn 0.5240189 0.8509004 0.037048586
vn 0.40864074 0.9121741 -0.030836962
vn 0.4668984 0.88357425 0.036086902
vn 0.40775573 0.912421 0.03496889
vn -0.6016877 0.76595247 -0.2264697
vn -0.54791194 0.8031277 -0.23404786
vn -0.54910105 0.81828034 -0.1700148
vn -0.60299927 0.78106105 -0.16228169
vn -0.6528574 0.72545975 -0.2179107
vn -0.5479119 0.829889 -0.10524544
vn -0.6542743 0.74044394 -0.1538426
vn -0.6016877 0.79277194 -0.09738772
vn -0.6528574 0.7522213 -0.089108214
vn 0.6021896 0.7974337 0.038303196
vn 0.6533331 0.7563486 0.033048317
vn 0.6547512 0.7494016 0.0984775
vn 0.60350215 0.7905647 0.10388663
vn 0.5484377 0.83506477 0.043392204
vn 0.65333325 0.7392089 0.16348015
vn 0.549628 0.8282886 0.1088439
vn 0.60218954 0.7802567 0.16901816
vn 0.54843765 0.81792486 0.17382412
vn -0.62139523 0.78063107 0.066953614
vn -0.56858444 0.819314 0.07373037
vn -0.5698184 0.8099532 0.13886173
vn -0.6227496 0.7711695 0.13221258
vn -0.67151463 0.7385673 0.05988687
vn -0.5685843 0.79708433 0.20339169
vn -0.6729719 0.72903126 0.12498826
vn -0.6213951 0.7583533 0.1968964
vn -0.6715144 0.7163376 0.18954828
vn -0.51212937 0.8535781 -0.09553923
vn -0.45456788 0.8854689 -0.09650149
vn -0.45555454 0.88967365 -0.030831099
vn -0.5132457 0.8577267 -0.02972404
vn -0.5674727 0.81799024 -0.0941632
vn -0.45456794 0.8900251 0.03497278
vn -0.5687041 0.8220486 -0.028487645
vn -0.51212925 0.85814416 0.03622047
vn -0.5674724 0.8225465 0.03731127
vn -0.05453429 0.97398245 0.21996358
vn 0.011262136 0.97531974 0.22050893
vn 0.011286643 0.9587019 0.28418857
vn -0.05465316 0.9573299 0.28378186
vn -0.12009453 0.9684264 0.2184655
vn 0.011262263 0.9379314 0.3466373
vn -0.12035522 0.9517937 0.28214073
vn -0.05453427 0.9365129 0.34636566
vn -0.12009459 0.9310381 0.34459385
vn -0.55506474 0.6636285 0.501498
vn -0.49953556 0.68939966 0.5245875
vn -0.5004512 0.64704263 0.57522535
vn -0.5562561 0.6210683 0.5521349
vn -0.60818416 0.63503593 0.4762786
vn -0.49918538 0.60186505 0.6233556
vn -0.6096737 0.5924018 0.5266477
vn -0.5550481 0.5757727 0.6003391
vn -0.608507 0.5471867 0.57472235
vn -0.7148038 0.16905813 -0.67858285
vn -0.66736174 0.18434204 -0.7215582
vn -0.66881 0.24691933 -0.70123017
vn -0.716362 0.23173937 -0.6581202
vn -0.75915 0.15304202 -0.63266844
vn -0.6673617 0.30842716 -0.6778649
vn -0.7607976 0.21555135 -0.61214745
vn -0.7148039 0.29341257 -0.6347948
vn -0.75915 0.2771271 -0.588975
vn -0.7132443 0.70049644 0.024234325
vn -0.66569996 0.74560714 0.030219458
vn -0.66714483 0.7387605 0.095658734
vn -0.7147989 0.6935399 0.08980336
vn -0.75769925 0.6523515 0.01814422
vn -0.66570014 0.728714 0.16068369
vn -0.7593436 0.6453025 0.08355733
vn -0.71324426 0.6835666 0.15498175
vn -0.75769913 0.63545847 0.14860854
vn -0.93121254 -0.36190772 0.043197267
vn -0.9055658 -0.4223876 0.039235093
vn -0.90753114 -0.41914988 -0.026468089
vn -0.9293501 -0.3689799 -0.012733433
vn -0.9528261 -0.29986024 0.04697234
vn -0.9055659 -0.41409677 -0.09205665
vn -0.94866997 -0.31623036 0.004854463
vn -0.9243488 -0.37529114 -0.06881926
vn -0.9412425 -0.3347311 -0.044917293
vn -0.7788841 -0.6022576 -0.17500073
vn -0.7360833 -0.6484793 -0.1940513
vn -0.7363388 -0.6270459 -0.25420183
vn -0.77825505 -0.58335084 -0.23242356
vn -0.81831145 -0.55342746 -0.15519218
vn -0.7335917 -0.60305583 -0.31331584
vn -0.8167582 -0.53778124 -0.20903829
vn -0.7739806 -0.563171 -0.28946918
vn -0.81247437 -0.519905 -0.2637879
vn -0.8798486 -0.475189 -0.007857993
vn -0.8469172 -0.53145814 -0.016834412
vn -0.8485938 -0.5226936 -0.08173087
vn -0.87470376 -0.48087832 -0.060410522
vn -0.9089691 -0.41686174 0.0011524446
vn -0.84662884 -0.5116861 -0.1462766
vn -0.8991897 -0.4360983 -0.035723895
vn -0.86663914 -0.4858467 -0.11353226
vn -0.8855805 -0.45771307 -0.07903026
vn -0.7603461 0.020324834 0.64919996
vn -0.7193057 0.015573256 0.694519
vn -0.72066694 -0.050489128 0.69144046
vn -0.76487607 -0.046210926 0.6425177
vn -0.8033359 0.025609225 0.59497523
vn -0.71887475 -0.116330616 0.6853364
vn -0.8053357 -0.04207014 0.5913244
vn -0.76292163 -0.11288825 0.6365585
vn -0.8036641 -0.108956926 0.58502334
vn -0.91420776 0.1887208 0.35862032
vn -0.89004123 0.20233761 0.40851676
vn -0.89002776 0.1355102 0.43530142
vn -0.91605157 0.12033813 0.38258114
vn -0.93501526 0.17476858 0.30854884
vn -0.8854011 0.06798042 0.45982978
vn -0.93911356 0.10475843 0.32724807
vn -0.9137996 0.050937366 0.40295866
vn -0.9382401 0.033673696 0.34434223
vn -0.76886684 0.28829736 0.5707261
vn -0.7387449 0.299952 0.6035599
vn -0.73408335 0.23080342 0.6386324
vn -0.77024835 0.21712174 0.59964633
vn -0.7959543 0.27666706 0.53843474
vn -0.72499263 0.16026226 0.6698519
vn -0.80480635 0.20266221 0.55786616
vn -0.7686036 0.14413321 0.6232768
vn -0.80888546 0.12737986 0.5740022
vn -0.72322 -0.32875186 0.6073507
vn -0.67501026 -0.3710758 0.6377019
vn -0.68153787 -0.41683733 0.6014588
vn -0.7336225 -0.38022286 0.56323045
vn -0.7908353 -0.25976524 0.55416733
vn -0.6857179 -0.46121615 0.56309026
vn -0.7768425 -0.36336607 0.5142769
vn -0.72496694 -0.44683856 0.52417356
vn -0.7618283 -0.43101436 0.4835744
vn -0.8947792 -0.2269416 0.38453567
vn -0.8754042 -0.2466514 0.41572884
vn -0.877304 -0.29877487 0.37559417
vn -0.89970976 -0.27581447 0.33830255
vn -0.9153714 -0.20350614 0.34739065
vn -0.8754042 -0.34960428 0.33383268
vn -0.92037183 -0.26375154 0.28870523
vn -0.898947 -0.32956645 0.28858316
vn -0.91978997 -0.30853876 0.24246691
vn -0.69468516 -0.4727177 0.54217196
vn -0.6822538 -0.47482783 0.5559391
vn -0.68494076 -0.5202155 0.5101293
vn -0.7054217 -0.5157044 0.48623973
vn -0.7088391 -0.47005624 0.52592224
vn -0.68477064 -0.563534 0.46208045
vn -0.72833395 -0.51979417 0.44647917
vn -0.71263355 -0.55981994 0.42279404
vn -0.7387885 -0.5548096 0.38259333
vn -0.5691348 -0.67543066 0.46891236
vn -0.5505307 -0.6980393 0.45788318
vn -0.5517401 -0.73496085 0.39422768
vn -0.57493716 -0.72418356 0.38079554
vn -0.58745414 -0.65179896 0.4796411
vn -0.5499165 -0.76831764 0.32753575
vn -0.5986815 -0.72011364 0.35073742
vn -0.5749908 -0.76851165 0.28066897
vn -0.5980871 -0.76658213 0.2337594
vn -0.72328055 -0.60956466 0.32449332
vn -0.70304066 -0.6442041 0.30122197
vn -0.7045664 -0.667881 0.23983529
vn -0.7192026 -0.6509174 0.2430099
vn -0.7419647 -0.573614 0.34706655
vn -0.7030404 -0.68866533 0.17740981
vn -0.7319945 -0.6393073 0.23552106
vn -0.70766467 -0.6898062 0.15289894
vn -0.7117747 -0.69050777 0.12874609
vn -0.6022164 -0.79689986 -0.047810495
vn -0.5484658 -0.8344694 -0.05334834
vn -0.53977346 -0.83485985 -0.107951865
vn -0.58508915 -0.80693257 -0.08081134
vn -0.65335864 -0.7558788 -0.042065587
vn -0.5294309 -0.8326978 -0.16222537
vn -0.62894166 -0.77559173 -0.053755008
vn -0.5650689 -0.8167951 -0.116373576
vn -0.6010842 -0.79640335 -0.06662732
vn 0.2797492 -0.9591699 -0.04162909
vn 0.34228215 -0.93876743 -0.039476298
vn 0.33854815 -0.9397128 -0.048218183
vn 0.2656785 -0.9618494 -0.06527195
vn 0.21600473 -0.97541815 -0.043601565
vn 0.33466867 -0.9405969 -0.05722013
vn 0.18948755 -0.9784256 -0.08232504
vn 0.2476332 -0.9646454 -0.090204954
vn 0.16255128 -0.9792692 -0.12086645
vn 0.5121299 -0.8360805 -0.1967032
vn 0.56747305 -0.8020978 -0.18604636
vn 0.55997056 -0.79604894 -0.22964934
vn 0.5063392 -0.82589597 -0.24802464
vn 0.45456854 -0.86644197 -0.20650804
vn 0.5510729 -0.7881566 -0.2740941
vn 0.45024 -0.85270894 -0.2648985
vn 0.49768308 -0.81409764 -0.2992596
vn 0.44428298 -0.83589184 -0.32233092
vn -0.5894891 -0.80101466 0.10429793
vn -0.5403899 -0.835493 0.099648505
vn -0.5357146 -0.84339863 0.041090578
vn -0.5694842 -0.8193507 0.0659695
vn -0.6364536 -0.7636355 0.10856963
vn -0.52915716 -0.8483409 -0.017611727
vn -0.60350806 -0.79213554 0.09110013
vn -0.5477359 -0.8362349 0.026383214
vn -0.5654328 -0.82168937 0.07149993
vn -0.035205305 -0.99482965 0.09525871
vn 0.031224372 -0.99497604 0.09511754
vn 0.058796212 -0.9966149 0.057459384
vn -0.035487927 -0.9977318 0.05719787
vn -0.10147594 -0.9902936 0.09497957
vn 0.086241975 -0.9960798 0.019672856
vn -0.12915874 -0.9900045 0.056646124
vn -0.035115063 -0.9992012 0.0190714
vn -0.15655434 -0.9875018 0.018183753
vn 0.16494267 -0.94532204 0.2813541
vn 0.23523909 -0.9305932 0.28046137
vn 0.2387476 -0.94792414 0.21080631
vn 0.16395073 -0.9632666 0.2126907
vn 0.093522005 -0.9552016 0.28079033
vn 0.24102879 -0.9603938 0.13981664
vn 0.088295445 -0.972853 0.21391721
vn 0.16235062 -0.97628367 0.1432208
vn 0.08261717 -0.9858729 0.14570071
vn 0.04951924 -0.844715 0.5329206
vn 0.14191125 -0.8363417 0.52952224
vn 0.14287066 -0.8827162 0.44766062
vn 0.049386848 -0.8921335 0.4490641
vn -0.04360956 -0.84580016 0.5317143
vn 0.14253435 -0.92238635 0.35900873
vn -0.044217777 -0.8908612 0.45211804
vn 0.04943106 -0.93011236 0.3639329
vn -0.04445769 -0.9296811 0.36567253
vn 0.22390522 -0.7973311 0.5604724
vn 0.29711494 -0.77454376 0.5583946
vn 0.29887104 -0.8339976 0.46381456
vn 0.22518355 -0.8500854 0.47607467
vn 0.14899197 -0.8155084 0.55923796
vn 0.29693952 -0.88254464 0.3646118
vn 0.15096077 -0.86028486 0.48695034
vn 0.22558886 -0.89383143 0.3875239
vn 0.15184802 -0.9000377 0.40850237
vn 0.47259793 -0.8374827 0.27436075
vn 0.5066776 -0.81031126 0.29440358
vn 0.4855839 -0.8490503 0.2081388
vn 0.4622414 -0.86397576 0.1996962
vn 0.43740392 -0.86274487 0.25367087
vn 0.4599102 -0.87983984 0.119850926
vn 0.4380476 -0.8787179 0.18965492
vn 0.44844615 -0.8854003 0.12231957
vn 0.43678346 -0.8908684 0.124793544
vn 0.31563643 -0.80338174 0.5049269
vn 0.36742383 -0.775977 0.51269805
vn 0.37045366 -0.83861375 0.3993628
vn 0.31660226 -0.8534037 0.41408303
vn 0.26218858 -0.8282219 0.495283
vn 0.36754218 -0.885328 0.28479224
vn 0.2624253 -0.86690253 0.4238075
vn 0.31522307 -0.89459383 0.3167589
vn 0.26087907 -0.90048087 0.34795976
vn 0.9963102 -0.02546969 0.08195887
vn 0.99777913 0.035240095 0.05652155
vn 0.9999416 0.009963048 -0.0041844714
vn 0.99847883 -0.05090487 0.021184264
vn 0.99052227 -0.08606907 0.10704089
vn 0.9977761 -0.0153526375 -0.064861625
vn 0.9926721 -0.111572705 0.04640927
vn 0.99630654 -0.076121405 -0.039735243
vn 0.99052215 -0.1365931 -0.014423355
vn 0.778884 0.6120323 -0.13695244
vn 0.81831115 0.55970114 -0.1307725
vn 0.82008713 0.5684694 -0.06557112
vn 0.7805819 0.6209365 -0.071623035
vn 0.73608345 0.66171265 -0.14253922
vn 0.81831115 0.57477534 -8.5771084E-05
vn 0.7376809 0.67070246 -0.07736338
vn 0.77888393 0.62713933 -0.005982019
vn 0.7360832 0.6767871 -0.011852376
vn 0.87984794 0.47514457 -0.010259986
vn 0.90896845 0.4165164 -0.017040573
vn 0.9109413 0.40968853 0.048386738
vn 0.8817659 0.4684317 0.055324715
vn 0.84691656 0.53171486 -0.0034349635
vn 0.9089685 0.40108615 0.1136045
vn 0.8487546 0.525137 0.06202196
vn 0.87984794 0.45968094 0.12066871
vn 0.8469165 0.5162848 0.12721026
vn 0.6934701 0.71811837 0.058353517
vn 0.73926365 0.6715296 0.05037151
vn 0.74086803 0.661659 0.11541961
vn 0.6949818 0.708331 0.12356105
vn 0.6446731 0.7615967 0.0660828
vn 0.7392637 0.64892274 0.17996782
vn 0.6460723 0.75192153 0.13116498
vn 0.6934703 0.6954623 0.18823107
vn 0.6446733 0.7389898 0.19567907
vn 0.8169086 -0.5703537 0.085771814
vn 0.8508247 -0.51807773 0.087708026
vn 0.829036 -0.5555249 0.06396332
vn 0.8050126 -0.59192175 0.039791167
vn 0.77981734 -0.6204128 0.08350222
vn 0.8004202 -0.5983896 0.035456114
vn 0.7815099 -0.62363905 0.017790876
vn 0.7908821 -0.61193484 -0.0064119697
vn 0.7798174 -0.6241641 -0.047997575
vn 0.97985274 0.111376874 0.16578251
vn 0.99010944 0.09606517 0.10224822
vn 0.992382 0.03134342 0.11914474
vn 0.98210377 0.046631567 0.18247636
vn 0.96557796 0.12596469 0.22757863
vn 0.9901849 -0.033875696 0.13559602
vn 0.96760076 0.0618604 0.24478966
vn 0.9798929 -0.018235665 0.19868895
vn 0.9653568 -0.002516646 0.2609213
vn 0.68704295 0.7017779 0.18836057
vn 0.7332563 0.6577618 0.17229232
vn 0.73484766 0.6363957 0.2345194
vn 0.68854064 0.68046427 0.2507592
vn 0.6378538 0.7427544 0.20361295
vn 0.7332562 0.61227334 0.29573077
vn 0.63923824 0.72157264 0.2659081
vn 0.6870429 0.65619045 0.31206694
vn 0.637854 0.69726574 0.32705158
vn 0.7542494 -0.5615582 0.3402353
vn 0.77116525 -0.5242912 0.3611409
vn 0.76443833 -0.5971179 0.24307239
vn 0.75194085 -0.60645586 0.25844967
vn 0.735753 -0.59761655 0.31862518
vn 0.74613976 -0.6520755 0.13443482
vn 0.73734975 -0.62413055 0.2584113
vn 0.7413644 -0.6503546 0.16558233
vn 0.73575294 -0.64794123 0.19707817
vn 0.5888926 -0.6693939 0.45289847
vn 0.59577304 -0.64724517 0.4755294
vn 0.6039751 -0.7245127 0.33210725
vn 0.5933223 -0.7182255 0.3634839
vn 0.5815669 -0.69037163 0.43030995
vn 0.5986159 -0.7739169 0.20666765
vn 0.58283687 -0.72309494 0.3707217
vn 0.59086573 -0.76435304 0.25815082
vn 0.5814022 -0.7525753 0.30919486
vn 0.732569 0.29112834 0.6152941
vn 0.7656316 0.27882355 0.5797115
vn 0.7725702 0.20824009 0.59980947
vn 0.7338134 0.22238299 0.64192164
vn 0.6965033 0.3030656 0.65041083
vn 0.7753109 0.13647215 0.61665905
vn 0.6931263 0.23569784 0.6811918
vn 0.7322107 0.15208258 0.6638813
vn 0.6859391 0.16703433 0.708228
vn -0.10921261 -0.3981451 -0.91079795
vn -0.04359469 -0.39972258 -0.91559863
vn -0.043689296 -0.3385717 -0.9399257
vn -0.109450795 -0.33685917 -0.93517166
vn -0.17435752 -0.3948431 -0.90205216
vn -0.043594662 -0.27595437 -0.9601815
vn -0.17473617 -0.3336814 -0.9263497
vn -0.10921285 -0.27410802 -0.9554775
vn -0.17435798 -0.2710744 -0.9466349
vn 0.11370091 0.19779253 -0.97362727
vn 0.1788031 0.19538791 -0.96428865
vn 0.17919108 0.25939876 -0.9490007
vn 0.11394878 0.26194912 -0.95833087
vn 0.048106242 0.19934043 -0.9787486
vn 0.17880295 0.32228616 -0.9296025
vn 0.048210755 0.2633599 -0.9634921
vn 0.113700934 0.32496613 -0.93886566
vn 0.048106454 0.32623863 -0.9440624
vn -0.12259125 0.21479729 -0.9689342
vn -0.05704724 0.2166012 -0.9745919
vn -0.057170954 0.28033885 -0.958197
vn -0.12285836 0.27867085 -0.95249575
vn -0.18760426 0.21206304 -0.9590795
vn -0.057047024 0.34286222 -0.93765163
vn -0.18801135 0.27579063 -0.9426511
vn -0.122591056 0.34133214 -0.9319139
vn -0.18760408 0.33832365 -0.92213976
vn 0.07349133 0.37796372 -0.9228989
vn 0.13893059 0.37501693 -0.91654813
vn 0.13923204 0.43504804 -0.88957703
vn 0.073651575 0.43813396 -0.895887
vn 0.007733742 0.3792734 -0.9252521
vn 0.13893048 0.49319506 -0.8587531
vn 0.007750711 0.43931407 -0.89830005
vn 0.07349144 0.49639836 -0.86497825
vn 0.007734107 0.4974519 -0.8674571
vn -0.34277382 -0.007747084 0.9393859
vn -0.28072065 -0.009132914 0.9597459
vn -0.28272194 -0.07333272 0.95639455
vn -0.3466193 -0.071896315 0.93524635
vn -0.40833354 -0.006208785 0.9128115
vn -0.28355366 -0.13722913 0.94908655
vn -0.4084752 -0.07024648 0.9100622
vn -0.34599885 -0.13581535 0.9283528
vn -0.40694544 -0.13381332 0.9035979
vn -0.20645455 -0.38968456 0.8975089
vn -0.10412155 -0.3857745 0.9166987
vn -0.12860927 -0.42474478 0.89613134
vn -0.21798299 -0.4246625 0.8787179
vn -0.31626445 -0.38910308 0.8652025
vn -0.15330097 -0.4634617 0.87275535
vn -0.30345553 -0.41999087 0.8552907
vn -0.22233863 -0.45820943 0.8605867
vn -0.2901246 -0.45071235 0.8442072
vn -0.13735537 -0.20590703 0.96888363
vn -0.04458576 -0.2047026 0.97780806
vn -0.0608576 -0.25118315 0.96602446
vn -0.1420041 -0.25110486 0.9574868
vn -0.2337204 -0.20524216 0.95039475
vn -0.07704085 -0.29721108 0.9516985
vn -0.22121538 -0.24924208 0.9428371
vn -0.14294861 -0.29563558 0.9445449
vn -0.20821825 -0.29276055 0.9332396
vn 0.5036923 -0.6780255 0.53532755
vn 0.5163099 -0.66555065 0.5389492
vn 0.5349195 -0.7304904 0.4245524
vn 0.51327765 -0.7261335 0.4574669
vn 0.49158603 -0.68963885 0.5317344
vn 0.54324657 -0.77497774 0.32294345
vn 0.49353832 -0.729523 0.4735144
vn 0.5189465 -0.7716251 0.3678167
vn 0.4930095 -0.76618654 0.41218883
vn 0.030574877 -0.7773642 0.62830716
vn 0.14417468 -0.7690534 0.6227119
vn 0.13554898 -0.8194087 0.55695194
vn 0.030682728 -0.82871956 0.5588221
vn -0.08343193 -0.7755646 0.6257303
vn 0.12550968 -0.8660446 0.48395637
vn -0.07443189 -0.8245586 0.560859
vn 0.030785756 -0.87200344 0.48853052
vn -0.06444354 -0.87007487 0.48868853
vn -0.4753865 -0.5548018 0.6827902
vn -0.4252268 -0.55902207 0.7118119
vn -0.4375616 -0.5991554 0.6704867
vn -0.49104843 -0.5916386 0.6394021
vn -0.5309741 -0.5476499 0.646642
vn -0.44856906 -0.63791376 0.6259805
vn -0.5425078 -0.58406264 0.6037846
vn -0.50112015 -0.62765455 0.5957585
vn -0.55134726 -0.615142 0.5635748
vn -0.21215986 -0.47995368 -0.8512534
vn -0.54656696 -0.15427393 -0.82308203
vn -0.47134462 -0.44729832 -0.760104
vn -0.29887956 -0.8745927 -0.38178328
vn -0.6438532 -0.6957314 -0.3184504
vn -0.13922648 -0.023942813 -0.98997104
vn -0.8797336 -0.33342767 -0.33896112
vn -0.5600497 0.11283587 -0.82073885
vn -0.3150004 -0.9456104 -0.08121242
vn -0.65719545 -0.75164086 -0.055947445
vn -2.2852383E-07 -0.9107363 -0.4129879
vn -1.4197055E-07 -0.4804986 -0.8769952
vn -0.0001684977 -0.9963354 -0.08553083
vn -0.9460403 0.044135585 -0.32102957
vn -0.91394275 -0.40583363 -0.0027938895
vn -0.13568401 0.13494 -0.9815196
vn -3.687417E-08 -0.018659353 -0.99982584
vn -0.5465664 0.37066835 -0.75091267
vn -0.27129772 -0.95964795 0.07398212
vn -0.006369266 -0.99624413 0.08635317
vn -0.63115495 -0.77227414 0.07235933
vn 0.31497508 -0.9455955 -0.0814829
vn 0.29887924 -0.8745927 -0.38178325
vn 0.26418296 -0.9620974 0.06764482
vn 0.21215972 -0.47995427 -0.85125315
vn -0.011920343 -0.85098517 0.52505416
vn -0.21775655 -0.8392051 0.4983139
vn 0.20415848 -0.8416394 0.4999623
vn -0.90217596 -0.41015095 0.13362175
vn -0.53203255 -0.76637506 0.3600144
vn -0.9984143 -0.0076668523 0.05576851
vn -0.87973326 0.4125304 -0.23640633
vn -0.006346873 -0.48976886 0.87182903
vn -0.22625902 -0.4833655 0.84567386
vn -0.68335986 -0.453226 0.5723682
vn -0.97920406 -0.028174726 0.20091206
vn 0.22109477 -0.47284618 0.8529557
vn -0.91394234 0.39153153 0.106828585
vn -0.4713446 0.635826 -0.61119485
vn -0.64385283 0.75585705 -0.118884414
vn -0.13922645 0.29020894 -0.9467813
vn -0.21215999 0.691867 -0.6901506
vn -3.8843308E-14 0.13619953 -0.99068123
vn 3.6874084E-08 0.28778076 -0.9576962
vn 0.13922685 -0.023943007 -0.9899709
vn 0.13568301 0.13493995 -0.9815197
vn -0.9073905 0.34906244 0.23408933
vn -0.6572899 0.7387985 0.14881773
vn -0.29887938 0.94517314 -0.13160035
vn 1.4197047E-07 0.6993383 -0.71479064
vn 0.13922612 0.29020858 -0.94678134
vn -0.7372098 -0.098516 0.6684431
vn -0.24489306 -0.147769 0.95822316
vn -0.0012216518 -0.15542543 0.98784673
vn 0.24412003 -0.1438386 0.95901805
vn 2.2852383E-07 0.9883967 -0.15189348
vn 0.21216014 0.69186705 -0.6901506
vn -0.31610096 0.9323236 0.17564993
vn -0.6502996 0.71384335 0.25988027
vn -0.7021984 0.24423197 0.668781
vn -0.25119498 0.16227174 0.9542372
vn 6.811624E-08 0.15251507 0.98830104
vn 0.25119615 0.16227132 0.954237
vn 2.3813357E-07 0.98283964 0.18446091
vn -0.2944271 0.91050035 0.29034698
vn -0.5828499 0.5957923 0.5525554
vn -0.26836762 0.65196174 0.70917165
vn 1.816951E-07 0.66679645 0.7452397
vn 2.3476424E-07 0.95174176 0.30689952
vn 0.2988799 0.945173 -0.13160032
vn 0.2683681 0.6519616 0.70917165
vn 0.29442772 0.91050017 0.29034704
vn 0.31610146 0.93232334 0.17564994
vn 0.4713448 0.6358259 -0.611195
vn 0.6438533 0.75585663 -0.11888436
vn 0.5465664 0.37066817 -0.75091285
vn 0.6572901 0.7387981 0.14881794
vn 0.6502999 0.71384317 0.25988042
vn 0.5828504 0.59579194 0.5525552
vn 0.8797336 0.41252995 -0.23640624
vn 0.5600486 0.1128357 -0.82073957
vn 0.70219916 0.24423105 0.6687805
vn 0.9073907 0.34906211 0.23408936
vn 0.9139426 0.39153114 0.10682852
vn 0.94604033 0.044135097 -0.3210293
vn 0.5465668 -0.15427414 -0.82308215
vn 0.7377531 -0.09530749 0.668309
vn 0.9792333 -0.027644582 0.20084293
vn 0.9984142 -0.007667333 0.055768516
vn 0.87973344 -0.33342826 -0.3389609
vn 0.47134566 -0.44729918 -0.7601031
vn 0.64385295 -0.6957316 -0.31845045
vn 0.91394234 -0.4058344 -0.002793882
vn 0.65728974 -0.75154865 -0.05607631
vn 0.9043918 -0.40567556 0.13229713
vn 0.6338884 -0.7704447 0.067826204
vn 0.6872632 -0.44304773 0.57565427
vn 0.5368297 -0.76254624 0.3610219
vn 0.44927022 0.42849392 0.78393173
vn 0.12527739 0.2753252 0.9531534
vn -0.21464974 0.09629363 0.97193253
vn -0.21467964 -0.80096585 0.55889726
vn 0.12526536 -0.9031287 0.4106907
vn 0.44927195 -0.8741841 0.18427315
vn -0.6394046 -0.7670333 0.05311791
vn -0.023900488 -0.7245267 -0.68883204
vn 0.4132205 -0.54544973 -0.72920036
vn -0.6394046 -0.7670333 0.05311791
vn -0.1065539 -0.7526052 -0.6497934
vn -0.023900488 -0.7245267 -0.68883204
vn 0.99918264 0.016901942 -0.036718514
vn -0.07980148 -0.41681913 0.90547967
vn -0.038749397 -0.14022394 0.98936117
vn 0.078217946 0.12731168 0.98877364
vn 0.9581127 0.26054108 0.11890432
vn 0.25331387 0.34511873 0.9037283
vn 0.8411519 0.43408322 0.32254487
vn 0.45971668 0.47986096 0.74725753
vn 0.6661119 0.51108325 0.5432206
vn -0.96386373 -0.09353193 0.24943648
vn -0.97617835 -0.090728335 0.19708946
vn -0.97617936 -0.09072443 0.19708617
vn -0.8403248 0.040210806 0.54058987
vn -0.71649164 -0.105750464 0.6895336
vn -0.97617984 -0.09073074 0.19708091
vn -0.6727887 0.07978598 0.7355198
vn -0.7139162 -0.10489545 0.6923297
vn -0.7113364 -0.10404097 0.69510853
vn -0.79398775 0.26923242 0.54506636
vn -0.97617996 -0.09073554 0.19707797
vn -0.72373736 0.47489285 0.50068045
vn -0.97618026 -0.09073379 0.19707705
vn -0.63902336 0.65667903 0.4005268
vn -0.9761806 -0.09072299 0.19708036
vn -0.6467167 0.66456723 0.3743096
vn -0.9761795 -0.09070775 0.197093
vn -0.5521334 0.80699974 0.20952283
vn -0.9776987 -0.07552354 0.1959629
vn -0.9673721 -0.07443023 0.24218002
vn -0.51574403 0.43612006 0.7374328
vn -0.97640365 -0.072387494 0.20346008
vn -0.67020446 0.08300011 0.73752075
vn -0.72542906 -0.28780904 0.62523484
vn -0.71103555 -0.102093786 0.6957048
vn -0.725429 -0.28780946 0.6252346
vn -0.71081614 -0.10115555 0.6960659
vn -0.6700667 0.08336389 0.7376049
vn -0.6704732 0.081974305 0.7373911
vn -0.5151917 0.4378774 0.7367773
vn -0.7253189 -0.28786427 0.6253371
vn -0.7253697 -0.2878417 0.62528867
vn -0.96690005 -0.102762446 0.23354675
vn -0.9667399 -0.10694702 0.2323278
vn -0.97617924 -0.09071626 0.1970905
vn -0.97617936 -0.090724334 0.19708608
vn -0.91093683 -0.17250712 0.37474686
vn -0.9108401 -0.17198382 0.3752223
vn -0.9554517 -0.116461515 0.27119875
vn -0.8847107 -0.19491896 0.42343083
vn -0.88471025 -0.19491808 0.42343205
vn -0.9051969 -0.17771183 0.3860532
vn -0.9051968 -0.17771132 0.3860535
vn -0.8714124 -0.20360234 0.44630307
vn -0.87469536 -0.2026675 0.4402657
vn -0.79441917 0.27518472 0.5414531
vn -0.79445803 -0.25395203 0.5516744
vn -0.6321152 0.31347334 0.7086358
vn -0.23210609 -0.40673223 0.88356966
vn -0.76106596 0.37577882 0.52874255
vn -0.7767724 0.23655033 0.58366823
vn -0.8207255 0.22289658 0.52604824
vn -0.80068374 0.20442158 0.5631317
vn -0.8194454 0.24795055 0.5167493
vn -0.88487226 0.10805142 0.45312914
vn -0.8801144 -0.19490516 0.43290967
vn -0.5937348 0.54785085 0.5893542
vn -0.2764613 0.8753344 0.39668453
vn -0.49566308 0.49003497 0.71706605
vn -0.76516247 -0.26922357 0.5848461
vn -0.74343616 -0.279664 0.60752827
vn -0.7208979 -0.2897957 0.6295432
vn -0.6394107 0.4584487 0.61723465
vn 0.5051834 0.8492295 -0.15361877
vn 0.9581127 0.26054108 0.11890432
vn 0.8411519 0.43408322 0.32254487
vn 0.6615237 0.6173373 -0.42577085
vn 0.99918264 0.016901942 -0.036718514
vn 0.50509876 0.84930223 -0.1534948
vn 0.7164253 0.29172912 -0.6337419
vn 0.66149706 0.6174038 -0.42571592
vn 0.50503 0.8493377 -0.15352531
vn 0.7164249 0.29173025 -0.633742
vn 0.661419 0.6174469 -0.42577466
vn 0.4883256 0.86297166 -0.12968373
vn 0.71634364 0.29176486 -0.63381785
vn 0.65642715 0.63009894 -0.41482347
vn 0.7162633 0.29179895 -0.6338928
vn -0.9673721 -0.07443023 0.24218002
vn 0.1893345 0.9526906 0.23776644
vn -0.5521334 0.80699974 0.20952283
vn -0.6467167 0.66456723 0.3743096
vn -0.1034544 0.8575178 0.5039445
vn -0.63902336 0.65667903 0.4005268
vn -0.72373736 0.47489285 0.50068045
vn -0.1427689 0.83540106 0.5307748
vn -0.2795179 0.72872996 0.6251577
vn -0.14481072 0.8365176 0.5284582
vn -0.51574403 0.43612006 0.7374328
vn -0.79398775 0.26923242 0.54506636
vn -0.28015333 0.73056567 0.6227261
vn -0.5151917 0.4378774 0.7367773
vn -0.14481072 0.8365176 0.5284582
vn -0.14481072 0.8365176 0.5284582
vn -0.14451046 0.8367118 0.5282328
vn 0.3852197 -0.3858801 0.8382733
vn 0.61388767 -0.3300865 0.71706665
vn 0.38523304 -0.38587907 0.8382676
vn 0.6138603 -0.33009487 0.71708626
vn 0.38520125 -0.38588342 0.8382802
vn 0.9035013 -0.17921385 0.3893173
vn 0.38521406 -0.38588253 0.83827466
vn 0.80984783 0.49866834 0.3089924
vn 0.9683071 0.10443854 -0.22687843
vn 0.92149633 0.3454958 -0.17741796
vn 0.44927022 0.42849392 0.78393173
vn 0.12527739 0.2753252 0.9531534
vn 0.38521928 -0.38588077 0.83827317
vn -0.21464974 0.09629363 0.97193253
vn -0.2466414 -0.40522727 0.88031733
vn 0.727543 0.28687805 -0.62320304
vn 0.9683071 0.10443854 -0.22687843
vn 0.92149633 0.3454958 -0.17741796
vn 0.6862534 0.5715852 -0.4498292
vn 0.80984783 0.49866834 0.3089924
vn 0.3537474 0.9345994 0.037236057
vn 0.53981566 0.66909295 -0.510797
vn 0.13864115 0.98940086 -0.04317607
vn 0.67489433 0.30856067 -0.67030424
vn 0.99999857 0.000709958 -0.0015406639
vn 0.41322014 0.9086633 -0.059832454
vn 0.3537474 0.9345994 0.037236057
vn 0.80984783 0.49866834 0.3089924
vn 0.44927022 0.42849392 0.78393173
vn 0.01502086 0.91554826 0.40192717
vn -0.21464974 0.09629363 0.97193253
vn -0.5635654 0.36904705 0.7390521
vn 0.13864115 0.98940086 -0.04317607
vn -0.16474491 0.9640343 0.20855838
vn -0.64670515 0.503538 0.5729065
vn -0.10655394 0.9830522 0.1491786
vn -0.6394107 0.4584487 0.61723465
vn -0.02389833 0.99444973 0.102461874
vn 0.41322014 0.9086633 -0.059832454
vn 0.53981566 0.66909295 -0.510797
vn -0.2466414 -0.40522727 0.88031733
vn -0.5635654 0.36904705 0.7390521
vn -0.21464974 0.09629363 0.97193253
vn -0.7208924 -0.2897933 0.6295505
vn -0.64670515 0.503538 0.5729065
vn -0.7208957 -0.28979465 0.6295461
vn -0.6394107 0.4584487 0.61723465
vn -0.7208979 -0.2897957 0.6295432
vn 0.32350323 0.72079027 0.6130308
vn 0.3153516 0.8940259 -0.31823063
vn 0.6870619 0.70055765 0.19278148
vn -0.11310465 0.9704535 0.2131362
vn 0.2022035 0.8616724 -0.46543977
vn 0.26716003 0.80123067 0.5354014
vn -0.15704525 0.97791874 0.1378817
vn -0.040339284 0.8171784 -0.5749712
vn -0.316872 0.8855674 0.33965015
vn -0.17196591 0.98212767 0.07650282
vn -0.03900768 0.9355516 -0.35102916
vn -0.26242617 0.9148232 0.30697054
vn -0.18892947 0.8717216 0.4521137
vn -0.16717738 0.8964146 0.4104784
vn 0.60868657 0.78551495 -0.111654274
vn -0.07355126 0.86214334 0.50129706
vn 0.36304864 0.8501548 -0.38135576
vn -0.28927267 0.92947954 0.2288861
vn -0.18286648 0.044681206 0.9821218
vn -0.53403825 0.19926819 0.82164174
vn -0.61516106 0.26414812 0.7428341
vn -0.6021439 0.2554292 0.75642484
vn -0.82539594 0.3184813 0.46614507
vn -0.6887472 0.65665716 -0.30729222
vn -0.8405412 0.50557363 -0.19464263
vn -0.6321152 0.31347334 0.7086358
vn -0.23146448 0.8342403 0.5004668
vn -0.79441917 0.27518472 0.5414531
vn -0.76106596 0.37577882 0.52874255
vn -0.21047278 0.82547164 0.52373415
vn -0.7767724 0.23655033 0.58366823
vn 0.22754268 0.85653335 0.463222
vn -0.2223299 0.8265086 0.51715827
vn 0.39500025 0.8419652 0.3675176
vn -0.8207255 0.22289658 0.52604824
vn 0.30118427 0.79642916 0.5243935
vn 0.5682171 0.5264658 0.6324262
vn 0.8646834 0.15725379 0.47706777
vn 0.8871998 0.40645477 0.21833685
vn -0.23781261 0.82255054 0.51658046
vn -0.80068374 0.20442158 0.5631317
vn 0.3820328 0.89336205 0.23654781
vn 0.8485735 0.5221771 -0.08517047
vn -0.20676486 0.8477215 0.48848376
vn -0.8194454 0.24795055 0.5167493
vn 0.3485529 0.92286706 0.16378945
vn 0.7010836 0.6693097 -0.24598026
vn 0.6733978 0.6322951 -0.38306445
vn -0.2764613 0.8753344 0.39668453
vn -0.88487226 0.10805142 0.45312914
vn 0.31678006 0.93932676 0.13158816
vn 0.30680272 0.9442118 0.1197325
vn 0.6661116 0.6329637 -0.39452764
vn 0.6229132 0.7275706 -0.2874372
vn 0.6229138 0.7275708 -0.28743532
vn -0.49566308 0.49003497 0.71706605
vn -0.5937348 0.54785085 0.5893542
vn 0.41322014 0.9086633 -0.059832454
vn 0.9473021 0.30212227 0.10649279
vn -0.02389833 0.99444973 0.102461874
vn -0.6394107 0.4584487 0.61723465
vn -0.10655394 0.9830522 0.1491786
vn 0.9676899 0.23558033 -0.089878805
vn 0.5639525 0.34531224 -0.75014454
vn 0.981457 0.08015157 -0.17412053
vn 0.56394964 0.34531584 -0.750145
vn 0.6870619 0.70055765 0.19278148
vn 0.47865912 0.36713782 -0.7975557
vn 0.3153516 0.8940259 -0.31823063
vn 0.47865883 0.36714047 -0.79755455
vn -0.014128959 0.41811007 -0.9082863
vn 0.2022035 0.8616724 -0.46543977
vn -0.014131926 0.41811216 -0.9082853
vn -0.040339284 0.8171784 -0.5749712
vn 0.14463381 0.41375458 -0.8988259
vn 0.814769 0.2424395 -0.52666336
vn 0.14464234 0.41375542 -0.8988241
vn 0.814768 0.24243826 -0.52666557
vn -0.03900768 0.9355516 -0.35102916
vn 0.584317 0.3393439 -0.7371696
vn 0.60868657 0.78551495 -0.111654274
vn 0.58534 0.33816487 -0.7368998
vn -0.26178744 0.40357226 -0.8766964
vn 0.36304864 0.8501548 -0.38135576
vn -0.25882497 0.37777665 -0.88898486
vn -0.30553415 0.60981876 -0.7312795
vn -0.72564363 -0.28771794 0.6250277
vn -0.9515566 -0.12857023 0.2793022
vn -0.82539594 0.3184813 0.46614507
vn -0.6021439 0.2554292 0.75642484
vn -0.7368884 -0.28267595 0.6140762
vn -0.61516106 0.26414812 0.7428341
vn -0.62506926 -0.3263967 0.709051
vn -0.53403825 0.19926819 0.82164174
vn -0.11029602 -0.4156011 0.9028346
vn -0.18286648 0.044681206 0.9821218
vn 0.9994205 -0.014232848 0.03091914
vn 0.99999857 0.000709958 -0.0015406639
vn 0.41322014 0.9086633 -0.059832454
vn 0.9473021 0.30212227 0.10649279
vn -0.23210609 -0.40673223 0.88356966
vn -0.11029602 -0.4156011 0.9028346
vn -0.18286648 0.044681206 0.9821218
vn -0.6321152 0.31347334 0.7086358
vn -0.040339284 0.8171784 -0.5749712
vn -0.03900768 0.9355516 -0.35102916
vn 0.14463381 0.41375458 -0.8988259
vn -0.014131926 0.41811216 -0.9082853
vn 0.14464234 0.41375542 -0.8988241
vn -0.014128959 0.41811007 -0.9082863
vn 0.85976994 0.23484766 -0.45347792
vn 0.9443016 0.13760531 -0.2989301
vn 0.8654784 0.20947139 -0.45504826
vn 0.944302 0.13761045 -0.29892635
vn 0.99948823 -0.013375893 0.029056566
vn 0.8871998 0.40645477 0.21833685
vn 0.8485735 0.5221771 -0.08517047
vn 0.7010836 0.6693097 -0.24598026
vn 0.7646026 0.29682112 -0.57208383
vn 0.6733978 0.6322951 -0.38306445
vn 0.76015633 0.27168956 -0.5902093
vn 0.76016206 0.2716895 -0.590202
vn 0.7601621 0.27168953 -0.5902019
vn 0.87161964 0.3370224 -0.3559424
vn 0.96365523 0.11170839 -0.2426722
vn 0.72198594 0.29369724 -0.6264809
vn 0.7219952 0.2893184 -0.6285043
vn 0.6661116 0.6329637 -0.39452764
vn 0.73469245 0.28505945 -0.61560386
vn 0.6229132 0.7275706 -0.2874372
vn 0.7404967 0.28102362 -0.61048365
vn 0.7404967 0.28102362 -0.6104836
vn 0.8646834 0.15725379 0.47706777
vn 0.99948823 -0.013375893 0.029056566
vn 0.8871998 0.40645477 0.21833685
vn 0.9435918 -0.1384549 0.30077374
vn 0.9676899 0.23558033 -0.089878805
vn 0.981457 0.08015157 -0.17412053
vn 0.5682171 0.5264658 0.6324262
vn 0.6870619 0.70055765 0.19278148
vn 0.32350323 0.72079027 0.6130308
vn 0.26716003 0.80123067 0.5354014
vn 0.6229138 0.7275708 -0.28743532
vn 0.7405029 0.2810204 -0.6104775
vn 0.9994205 -0.014232848 0.03091914
vn 0.9473021 0.30212227 0.10649279
vn -0.28927267 0.92947954 0.2288861
vn -0.30553415 0.60981876 -0.7312795
vn 0.36304864 0.8501548 -0.38135576
vn -0.6887472 0.65665716 -0.30729222
vn -0.25882497 0.37777665 -0.88898486
vn -0.8405412 0.50557363 -0.19464263
vn -0.26178744 0.40357226 -0.8766964
vn -0.876978 0.20093626 -0.4365021
vn -0.9515566 -0.12857023 0.2793022
vn -0.82539594 0.3184813 0.46614507
vn 0.9583596 0.25850502 0.12133439
vn 0.99612457 -0.036778115 0.07989432
vn 0.67292523 0.30931345 -0.6719351
vn 0.6181695 0.6341459 -0.46446222
vn 0.4622514 0.86550325 -0.19294438
vn 0.84175384 0.4315293 0.32439607
vn 0.4630436 0.8652364 -0.19224054
vn 0.6189735 0.6338616 -0.4637792
vn 0.5097496 0.8472372 -0.14947945
vn 0.6737303 0.3090037 -0.6712705
vn 0.66601694 0.61536074 -0.42160702
vn 0.7208912 0.28979862 -0.6295494
vn 0.035608042 0.65985817 -0.7505458
vn 0.99612373 -0.03678515 0.07990203
vn -0.048663918 0.41765368 -0.9073021
vn 0.95835924 0.25850204 0.12134328
vn -0.081005834 0.83288676 -0.54748285
vn 0.8417488 0.43153036 0.32440773
vn 0.9961242 -0.036780663 0.07989833
vn -0.04866559 0.41765976 -0.9072991
vn 0.035612334 0.65985954 -0.7505443
vn 0.960065 0.17716233 0.21653768
vn -0.08099859 0.8328858 -0.5474854
vn 0.84175485 0.4315328 0.32438895
vn -0.048671916 0.4176576 -0.90729976
vn 0.9600607 0.17715605 0.2165619
vn 0.99612445 -0.036776483 0.079897694
vn -0.08472945 0.63159627 -0.7706534
vn 0.8573651 0.32953602 0.39538732
vn -0.08098049 0.832885 -0.5474892
vn -0.5542438 0.45628676 0.6961436
vn -0.50974905 0.43740094 0.7408347
vn -0.6660198 0.079880275 0.7416445
vn -0.71017534 0.099542074 0.69695204
vn -0.72089416 -0.2897991 0.6295458
vn -0.55496156 0.45658267 0.69537747
vn -0.7649308 -0.2693373 0.5850969
vn -0.71088 0.099866495 0.69618696
vn 0.08100059 0.12571342 0.98875415
vn -0.7656366 -0.2689851 0.5843351
vn -0.035605237 -0.14106494 0.9893598
vn 0.04866069 -0.4176557 0.90730125
vn -0.9583578 0.26029202 0.11746676
vn 0.08099896 0.1257124 0.9887544
vn -0.8417443 0.5270762 0.11686376
vn -0.035612978 -0.14106931 0.9893588
vn 0.04867118 -0.41765827 0.90729946
vn -0.996123 0.036785003 -0.07991203
vn -0.8417513 0.5270626 0.11687493
vn 0.084720865 -0.17473024 0.98096466
vn 0.08099962 0.12570974 0.98875463
vn -0.9583591 0.26028088 0.11748113
vn -0.9961248 0.036776777 -0.07989275
vn 0.048659552 -0.4176547 0.90730184
vn -0.8417514 0.5270653 0.11686179
vn 0.08474897 -0.17472042 0.9809638
vn 0.18744259 0.060215786 0.9804279
vn -0.9600626 0.27971563 -0.00624568
vn 0.04865309 -0.41765693 0.90730107
vn -0.99612314 0.03678669 -0.07990976
vn 0.04865309 -0.41765693 0.90730107
vn -0.0765668 -0.41692823 0.90570855
vn -0.035597183 -0.14106475 0.98936003
vn 0.08474897 -0.17472042 0.9809638
vn 0.081016526 0.1257181 0.9887522
vn 0.18744259 0.060215786 0.9804279
vn 0.25552967 0.34280562 0.9039849
vn 0.34112442 0.25139344 0.90577877
vn 0.461382 0.4771589 0.74796116
vn 0.5224036 0.36971286 0.7683793
vn 0.6672266 0.5083127 0.54445094
vn 0.703676 0.39715135 0.58916104
vn 0.8417457 0.4315302 0.3244161
vn 0.8573651 0.32953602 0.39538732
vn 0.95835847 0.25849977 0.12135419
vn 0.9600607 0.17715605 0.2165619
vn 0.9993067 0.015568378 -0.03382213
vn 0.99612445 -0.036776483 0.079897694
vn -0.035597183 -0.14106475 0.98936003
vn -0.8417543 0.5270603 0.116863206
vn 0.081016526 0.1257181 0.9887522
vn -0.95835876 0.26029158 0.1174597
vn -0.0765668 -0.41692823 0.90570855
vn -0.99930596 -0.0155811235 0.03383424
vn -0.9610098 0.26970473 0.060986925
vn -0.99930596 -0.0155811235 0.03383424
vn -0.99979883 0.008382675 -0.018225249
vn -0.95835876 0.26029158 0.1174597
vn -0.850558 0.52239823 0.060425036
vn -0.8417543 0.5270603 0.116863206
vn -0.6852552 0.7280319 -0.01986745
vn -0.6672416 0.74414927 0.032101132
vn -0.49024135 0.85530984 -0.16765502
vn -0.46137178 0.87850976 -0.12392164
vn -0.29524192 0.8848225 -0.36044562
vn -0.25551128 0.90966785 -0.32744163
vn -0.12994006 0.8120893 -0.5688815
vn -0.080997206 0.83288515 -0.5474863
vn -0.019491777 0.6481914 -0.7612278
vn 0.035609137 0.659857 -0.7505468
vn 0.019290542 0.41807523 -0.90820754
vn 0.07654856 0.41692245 -0.90571296
vn -0.9610098 0.26970473 0.060986925
vn -0.4106621 0.39229697 0.8230793
vn -0.850558 0.52239823 0.060425036
vn -0.5654784 0.03810239 0.82388234
vn -0.99979883 0.008382675 -0.018225249
vn -0.61984146 -0.3281388 0.7128264
vn 0.6930517 -0.30144042 0.65483797
vn -0.076550305 -0.41692424 0.90571177
vn -0.035606347 -0.14106414 0.98935974
vn 0.69305044 -0.3014386 0.65484023
vn 0.08100081 0.1257234 0.98875284
vn 0.6930477 -0.30142748 0.65484816
vn 0.25551796 0.34281662 0.90398407
vn 0.6930531 -0.301421 0.65484554
vn 0.46136537 0.4771667 0.7479664
vn 0.6930444 -0.30142063 0.65485495
vn 0.6672355 0.5083263 0.5444272
vn 0.6930675 -0.3014137 0.6548337
vn 0.8417544 0.43154195 0.32437807
vn 0.69307274 -0.30142218 0.6548242
vn 0.95835936 0.2585029 0.12134092
vn 0.69304293 -0.30144396 0.6548457
vn 0.9993068 0.015567049 -0.03381801
vn 0.6930242 -0.30145124 0.65486205
vn -0.035606347 -0.14106414 0.98935974
vn -0.5097463 0.4374016 0.7408362
vn 0.08100081 0.1257234 0.98875284
vn -0.666015 0.07988309 0.7416486
vn -0.076550305 -0.41692424 0.90571177
vn -0.7208888 -0.28979963 0.62955177
vn 0.95835847 0.25849977 0.12135419
vn 0.07654856 0.41692245 -0.90571296
vn 0.9993067 0.015568378 -0.03382213
vn 0.035609137 0.659857 -0.7505468
vn 0.8417457 0.4315302 0.3244161
vn -0.080997206 0.83288515 -0.5474863
vn -0.019491777 0.6481914 -0.7612278
vn 0.8085223 0.24606958 -0.5345479
vn 0.019290542 0.41807523 -0.90820754
vn 0.75415844 0.5685992 -0.32854202
vn -0.12994006 0.8120893 -0.5688815
vn 0.5993425 0.79831904 -0.05894967
vn 0.95835936 0.2585029 0.12134092
vn 0.7208935 0.28979802 -0.6295471
vn 0.9993068 0.015567049 -0.03381801
vn 0.6660205 0.61535704 -0.42160675
vn 0.8417544 0.43154195 0.32437807
vn 0.5097502 0.8472365 -0.14948224
vn 0.6672355 0.5083263 0.5444272
vn 0.5097502 0.8472365 -0.14948224
vn 0.8417544 0.43154195 0.32437807
vn 0.27587286 0.9501325 0.14540285
vn 0.46136537 0.4771667 0.7479664
vn 2.2813428E-07 0.90837693 0.41815194
vn 0.25551796 0.34281662 0.90398407
vn -0.2758754 0.72832906 0.6272394
vn 0.08100081 0.1257234 0.98875284
vn -0.5097463 0.4374016 0.7408362
vn -0.29524192 0.8848225 -0.36044562
vn 0.5993425 0.79831904 -0.05894967
vn -0.12994006 0.8120893 -0.5688815
vn 0.3676481 0.9002543 0.2331886
vn -0.49024135 0.85530984 -0.16765502
vn 0.09434104 0.85888755 0.5034003
vn -0.6852552 0.7280319 -0.01986745
vn -0.17896868 0.6805152 0.71054125
vn -0.850558 0.52239823 0.060425036
vn -0.4106621 0.39229697 0.8230793
vn 0.6672266 0.5083127 0.54445094
vn -0.080997206 0.83288515 -0.5474863
vn 0.8417457 0.4315302 0.3244161
vn -0.25551128 0.90966785 -0.32744163
vn 0.461382 0.4771589 0.74796116
vn -0.46137178 0.87850976 -0.12392164
vn 0.25552967 0.34280562 0.9039849
vn -0.6672416 0.74414927 0.032101132
vn 0.081016526 0.1257181 0.9887522
vn -0.8417543 0.5270603 0.116863206
vn -0.6930478 0.3014407 -0.654842
vn -0.69304585 0.3014423 -0.65484333
vn -0.69304585 0.30144233 -0.65484333
vn -0.6930478 0.3014407 -0.654842
vn -0.6930478 0.3014407 -0.654842
vn -0.6930478 0.3014407 -0.654842
vn -0.6930478 0.3014407 -0.654842
vn -0.6930478 0.3014407 -0.654842
vn -0.6930478 0.3014407 -0.654842
vn -0.55496156 0.45658267 0.69537747
vn 0.08100059 0.12571342 0.98875415
vn 0.34110624 0.2513989 0.90578413
vn -0.32161447 0.7468602 0.582034
vn -0.5542438 0.45628676 0.6961436
vn -0.046356026 0.92650515 0.3734156
vn 0.46137846 0.47715473 0.74796605
vn 0.70368767 0.39715034 0.58914775
vn -0.32087657 0.7465846 0.58279437
vn -0.50974905 0.43740094 0.7408347
vn -0.27587518 0.7283294 0.62723905
vn -0.04560038 0.9262424 0.37415957
vn 2.2813428E-07 0.90837693 0.41815194
vn 0.22889975 0.96816707 0.10127817
vn 0.84175384 0.4315293 0.32439607
vn 0.4622514 0.86550325 -0.19294438
vn 0.22967625 0.96790695 0.10200297
vn 0.27587503 0.95013195 0.14540319
vn 0.4630436 0.8652364 -0.19224054
vn 0.5097496 0.8472372 -0.14947945
vn -0.8417443 0.5270762 0.11686376
vn 0.08099896 0.1257124 0.9887544
vn 0.2555167 0.3428024 0.90398973
vn -0.7036775 0.705839 -0.08142
vn -0.46137735 0.8785078 -0.12391415
vn 0.39070076 0.37671697 0.83990306
vn 0.4614612 0.4770402 0.747988
vn -0.3411152 0.8515866 -0.39804578
vn 0.66722804 0.508311 0.54445076
vn 0.8417488 0.43153036 0.32440773
vn -0.081005834 0.83288676 -0.54748285
vn 0.34110883 0.2513959 0.905784
vn -0.8417513 0.5270626 0.11687493
vn 0.08099962 0.12570974 0.98875463
vn -0.6672338 0.7441558 0.03211104
vn -0.5895007 0.8031563 -0.08619005
vn -0.4613681 0.878513 -0.1239119
vn 0.46137032 0.47715676 0.74796975
vn -0.25551683 0.90966713 -0.32743937
vn 0.70368654 0.39715654 0.58914495
vn 0.84175485 0.4315328 0.32438895
vn -0.08099859 0.8328858 -0.5474854
vn -0.70368385 0.7058323 -0.081423454
vn -0.8417514 0.5270653 0.11686179
vn 0.18744259 0.060215786 0.9804279
vn 0.34112442 0.25139344 0.90577877
vn 0.5224036 0.36971286 0.7683793
vn -0.46137384 0.8785095 -0.12391515
vn -0.34109482 0.8515898 -0.39805627
vn 0.703676 0.39715135 0.58916104
vn -0.08098049 0.832885 -0.5474892
vn 0.8573651 0.32953602 0.39538732
vn -0.6930443 0.30144203 -0.6548452
vn 0.07655956 0.41692314 -0.90571165
vn 0.035602413 0.65985835 -0.750546
vn -0.69305897 0.3014335 -0.6548336
vn -0.08100735 0.83289254 -0.5474737
vn -0.6930601 0.30145 -0.65482473
vn -0.2555025 0.9096755 -0.32742733
vn -0.6930359 0.30148184 -0.65483564
vn -0.46136087 0.8785173 -0.12390838
vn -0.69303674 0.3014769 -0.65483713
vn -0.6672342 0.744155 0.03212008
vn -0.69306207 0.3014508 -0.65482223
vn -0.84174764 0.52706873 0.11687305
vn -0.69304746 0.30144864 -0.65483856
vn -0.95835835 0.26028466 0.117478624
vn -0.6930497 0.30144486 -0.6548381
vn -0.99930537 -0.015585278 0.03385212
vn -0.69309103 0.30142257 -0.6548045
vn 0.07655956 0.41692314 -0.90571165
vn 0.9993063 0.015572628 -0.033830363
vn 0.9583591 0.25850508 0.12133771
vn 0.035602413 0.65985835 -0.750546
vn 0.84175074 0.43153477 0.32439706
vn -0.08100735 0.83289254 -0.5474737
vn -0.07655769 -0.41692513 0.9057108
vn -0.72089225 -0.28979903 0.6295481
vn -0.7070426 -0.10701599 0.6990267
vn -0.03561106 -0.14106877 0.989359
vn -0.95835835 0.26028466 0.117478624
vn -0.7208922 -0.28980017 0.6295476
vn -0.99930537 -0.015585278 0.03385212
vn -0.84174764 0.52706873 0.11687305
vn 0.08099856 0.12571393 0.9887542
vn -0.6672342 0.744155 0.03212008
vn 0.08099856 0.12571393 0.9887542
vn -0.84174764 0.52706873 0.11687305
vn 0.25551692 0.34280568 0.9039885
vn -0.46136087 0.8785173 -0.12390838
vn 0.46137404 0.47715622 0.74796784
vn -0.2555025 0.9096755 -0.32742733
vn 0.66723293 0.508313 0.54444295
vn -0.08100735 0.83289254 -0.5474737
vn 0.84175074 0.43153477 0.32439706
vn 0.9993063 0.015572628 -0.033830363
vn -0.07655769 -0.41692513 0.9057108
vn -0.03561106 -0.14106877 0.989359
vn 0.08099856 0.12571393 0.9887542
vn 0.9583591 0.25850508 0.12133771
vn 0.25551692 0.34280568 0.9039885
vn 0.84175074 0.43153477 0.32439706
vn 0.46137404 0.47715622 0.74796784
vn 0.66723293 0.508313 0.54444295
vn 0.982746 0.07734424 -0.16801204
vn 0.982746 0.077344365 -0.16801196
vn 0.9079357 0.41908196 0.0047989227
vn 0.96386033 0.25308123 -0.083205655
vn 0.90793633 0.4190806 0.004798133
vn 0.69490063 0.69701177 0.17688315
vn 0.6949013 0.69701105 0.17688274
vn -0.18495135 0.41093928 -0.8927046
vn -0.18495135 0.41093928 -0.8927046
vn -0.18495135 0.41093928 -0.8927046
vn -0.18495135 0.41093928 -0.8927046
vn -0.18495135 0.41093928 -0.8927046
vn -0.18495135 0.41093928 -0.8927046
vn -0.18495135 0.41093928 -0.8927046
vn -0.18495135 0.41093928 -0.8927046
vn -0.18495135 0.41093928 -0.8927046
vn -0.18495135 0.41093928 -0.8927046
vn -0.90793943 0.27617177 0.31523824
vn -0.9827459 -0.077343605 0.16801298
vn -0.9827459 -0.07734339 0.1680131
vn -0.9079402 0.27617013 0.31523764
vn -0.6949125 0.58763283 0.4144684
vn -0.69491225 0.587633 0.4144685
vn -0.37608808 0.80963457 0.4506098
vn -0.6949125 0.58763283 0.4144684
vn -0.69491225 0.587633 0.4144685
vn -0.37608898 0.80963427 0.45060983
vn 2.281345E-07 0.90837824 0.41814905
vn 2.281345E-07 0.9083782 0.4181492
vn 0.37607506 0.8688288 0.32203093
vn 0.3760756 0.86882865 0.32203078
vn 0.6949013 0.69701105 0.17688274
vn 0.69490063 0.69701177 0.17688315
vn 0.8868015 -0.19324876 0.41980702
vn 0.91038936 -0.17301136 0.3758435
vn 0.72530806 0.4111917 0.5521318
vn 0.61594975 0.5192868 0.59240776
vn 0.85293514 -0.21828175 0.47418845
vn 0.6002157 0.49178103 0.6307871
vn 0.87071794 -0.20563962 0.4467242
vn 0.6251873 0.4845996 0.6118038
vn 0.95946276 -0.11785032 0.25601286
vn 0.7129035 0.52037823 0.47007972
vn 0.9921807 0.05218903 -0.11337436
vn 0.7464799 0.63765776 0.19015859
vn 0.72530806 0.4111917 0.5521318
vn 0.11959348 0.7396236 -0.6623097
vn -0.010614702 0.95406413 -0.29941374
vn 0.61594975 0.5192868 0.59240776
vn 0.6002157 0.49178103 0.6307871
vn -0.2268631 0.9418844 -0.24776335
vn 0.6251873 0.4845996 0.6118038
vn -0.42447543 0.8905999 -0.16325477
vn 0.7129035 0.52037823 0.47007972
vn -0.565387 0.82229745 0.06453098
vn 0.7464799 0.63765776 0.19015859
vn -0.6319234 0.6805531 0.3708371
vn 0.6333794 0.76949376 -0.08191302
vn -0.5555428 0.5408626 0.6315376
vn 0.4844845 0.8517272 -0.19958812
vn -0.46282777 0.44379246 0.7673581
vn 0.29181048 0.88559574 -0.36134002
vn -0.2482801 0.4541715 0.85561967
vn -0.1408721 0.89874 -0.4152363
vn 0.12452131 0.46828628 0.87475836
vn -0.45364845 0.85590166 -0.24826446
vn 0.42953196 0.45817038 0.7781915
vn -0.36191967 0.9164302 -0.17079118
vn 0.56923485 0.595563 0.5668124
vn -0.27658874 0.87880987 -0.38883358
vn 0.6863299 0.6414004 0.34286544
vn 0.9290404 0.34307003 0.13851663
vn 0.7464799 0.63765776 0.19015859
vn 0.8478105 0.22174534 -0.48171178
vn 0.9921807 0.05218903 -0.11337436
vn 0.6333794 0.76949376 -0.08191302
vn 0.66956836 0.31058276 -0.6746973
vn 0.4844845 0.8517272 -0.19958812
vn 0.38546386 0.38583842 -0.8381802
vn 0.29181048 0.88559574 -0.36134002
vn -0.1838866 0.41102144 -0.89288676
vn -0.1408721 0.89874 -0.4152363
vn -0.1408721 0.89874 -0.4152363
vn -0.61383593 0.33010367 -0.7171031
vn -0.1838866 0.41102144 -0.89288676
vn -0.45364845 0.85590166 -0.24826446
vn -0.5579267 0.34701985 -0.75385326
vn -0.36191967 0.9164302 -0.17079118
vn -0.27658874 0.87880987 -0.38883358
vn -0.35831186 0.39038658 -0.84806305
vn 0.9998202 0.007929424 -0.017228872
vn 0.9290404 0.34307003 0.13851663
vn 0.6863299 0.6414004 0.34286544
vn 0.99801993 -0.026301607 0.057135705
vn 0.9060599 -0.17694148 0.384379
vn 0.99801993 -0.026301607 0.057135705
vn 0.6863299 0.6414004 0.34286544
vn 0.56923485 0.595563 0.5668124
vn 0.6402812 -0.32120207 0.69776005
vn 0.42953196 0.45817038 0.7781915
vn 0.20360056 -0.40939552 0.8893491
vn 0.12452131 0.46828628 0.87475836
vn -0.38937226 -0.38515174 0.8366883
vn 0.20360056 -0.40939552 0.8893491
vn 0.12452131 0.46828628 0.87475836
vn -0.2482801 0.4541715 0.85561967
vn -0.67096037 -0.3100567 0.67355543
vn -0.46282777 0.44379246 0.7673581
vn -0.8477972 -0.22175466 0.481731
vn -0.5555428 0.5408626 0.6315376
vn -0.9965946 -0.03447946 0.07490119
vn -0.6319234 0.6805531 0.3708371
vn -0.89281946 0.18834123 -0.40914658
vn -0.9965946 -0.03447946 0.07490119
vn -0.6319234 0.6805531 0.3708371
vn -0.565387 0.82229745 0.06453098
vn -0.63184345 0.32410774 -0.70407945
vn -0.42447543 0.8905999 -0.16325477
vn -0.3441507 0.39260894 -0.85288817
vn -0.2268631 0.9418844 -0.24776335
vn -0.015831983 0.41809946 -0.9082632
vn -0.010614702 0.95406413 -0.29941374
vn -0.010614702 0.95406413 -0.29941374
vn 0.11959348 0.7396236 -0.6623097
vn 0.13013132 0.41459614 -0.90065295
vn -0.015831983 0.41809946 -0.9082632
vn 0.87161964 0.3370224 -0.3559424
vn 0.8888245 -0.19161806 0.41626126
vn 0.96365523 0.11170839 -0.2426722
vn 0.5764614 0.59124744 0.56401986
vn 0.64170086 -0.32070392 0.6966841
vn 0.48786438 0.47519967 0.73223865
vn 0.34090787 -0.39310035 0.8539636
vn 0.31471363 0.4373487 0.8424259
vn 0.016367657 -0.41809005 0.908258
vn 0.12273942 0.3838666 0.91519463
vn 0.64124626 -0.32085583 0.69703275
vn 0.56429195 0.20577256 0.7995199
vn 0.71596086 0.6717958 -0.18997443
vn 0.828274 0.23430392 -0.50898296
vn 0.87161964 0.3370224 -0.3559424
vn -0.52333635 0.8502244 -0.05689989
vn -0.5247164 0.8404509 -0.13533266
vn 0.5764614 0.59124744 0.56401986
vn 0.48786438 0.47519967 0.73223865
vn -0.40958315 0.8699804 -0.2745459
vn 0.31471363 0.4373487 0.8424259
vn -0.15442243 0.90713125 -0.39149246
vn 0.12273942 0.3838666 0.91519463
vn 0.16148646 0.9068285 -0.38933784
vn 0.56429195 0.20577256 0.7995199
vn 0.71596086 0.6717958 -0.18997443
vn 0.109001495 0.4156556 -0.90296674
vn 0.828274 0.23430392 -0.50898296
vn 0.71596086 0.6717958 -0.18997443
vn 0.16148646 0.9068285 -0.38933784
vn 0.9972588 -0.030956443 0.06720632
vn 0.9972588 -0.030956443 0.06720632
vn 0.9972588 -0.030956443 0.06720632
vn 0.9972588 -0.030956443 0.06720632
vn -0.28985554 0.40018934 -0.8693861
vn 0.109001495 0.4156556 -0.90296674
vn 0.16148646 0.9068285 -0.38933784
vn -0.15442243 0.90713125 -0.39149246
vn -0.617303 0.32896402 -0.71464634
vn -0.40958315 0.8699804 -0.2745459
vn -0.7645809 0.26950964 -0.5854745
vn -0.5247164 0.8404509 -0.13533266
vn -0.52333635 0.8502244 -0.05689989
vn -0.7892402 0.25678205 -0.55781955
vn 0.6930468 -0.3014443 0.6548414
vn 0.49943632 0.42740408 0.753584
vn 0.81934845 0.51472217 0.2524462
vn 0.9998062 -0.008232592 0.01788198
vn 0.9998062 -0.008232592 0.01788198
vn 0.81934845 0.51472217 0.2524462
vn 0.018040216 0.8631481 -0.5046283
vn 0.01969032 0.41807258 -0.9082
vn 0.49943632 0.42740408 0.753584
vn -0.47634792 0.86399853 -0.16309193
vn 0.018040216 0.8631481 -0.5046283
vn 0.81934845 0.51472217 0.2524462
vn -0.47634792 0.86399853 -0.16309193
vn -0.6930457 0.30144507 -0.6548424
vn 0.01969032 0.41807258 -0.9082
vn 0.018040216 0.8631481 -0.5046283
vn 0.36828735 0.4899547 0.7901319
vn 0.6877788 -0.30354586 0.65940887
vn -0.027051121 -0.41799974 0.9080443
vn -0.037422713 0.1409896 0.98930335
vn -0.4942057 0.8685066 -0.038168356
vn 0.36828735 0.4899547 0.7901319
vn -0.037422713 0.1409896 0.98930335
vn -0.8402044 0.49541137 0.22050862
vn -0.68777865 0.30354732 -0.6594083
vn -0.4942057 0.8685066 -0.038168356
vn -0.8402044 0.49541137 0.22050862
vn -0.999634 0.011312909 -0.024571905
vn -0.999634 0.011312909 -0.024571905
vn -0.8402044 0.49541137 0.22050862
vn -0.037422713 0.1409896 0.98930335
vn -0.027051121 -0.41799974 0.9080443
vn 0.016048688 0.86582696 -0.5000858
vn 0.01965457 0.4180733 -0.9082005
vn 0.99980515 -0.00825377 0.017932195
vn 0.81632483 0.5177348 0.2560555
vn 0.6930515 -0.30144057 0.6548382
vn 0.99612457 -0.036778115 0.07989432
vn 0.9583596 0.25850502 0.12133439
vn 0.6930462 -0.30144727 0.65484065
vn 0.69304943 -0.30143687 0.6548421
vn 0.69302815 -0.30145186 0.65485764
vn 0.7335326 0.30997404 0.6048519
vn 0.84175384 0.4315293 0.32439607
vn 0.4900351 0.42916268 0.75873905
vn 0.81632483 0.5177348 0.2560555
vn 0.99980515 -0.00825377 0.017932195
vn 0.66241443 0.5503339 0.5082711
vn 0.70368767 0.39715034 0.58914775
vn 0.21064055 0.36939085 0.90508604
vn 0.46137846 0.47715473 0.74796605
vn 0.34110624 0.2513989 0.90578413
vn 0.08100059 0.12571342 0.98875415
vn -0.08033656 -0.14228855 0.9865595
vn -0.035605237 -0.14106494 0.9893598
vn 0.04866069 -0.4176557 0.90730125
vn -0.019689545 -0.41806936 0.9082016
vn -0.95808786 0.23949768 0.15718962
vn -0.999806 0.008238908 -0.017895952
vn -0.996123 0.036785003 -0.07991203
vn -0.9583578 0.26029202 0.11746676
vn -0.8417443 0.5270762 0.11686376
vn -0.6588862 0.7475949 0.08349119
vn -0.7036775 0.705839 -0.08142
vn -0.46137735 0.8785078 -0.12391415
vn -0.3411152 0.8515866 -0.39804578
vn -0.20532094 0.9277577 -0.31162283
vn -0.081005834 0.83288676 -0.54748285
vn -0.3906147 0.7989242 -0.4573184
vn 0.035608042 0.65985817 -0.7505458
vn -0.6930522 0.30143505 -0.65483993
vn -0.6930677 0.30143055 -0.65482557
vn -0.4900868 0.85545796 -0.16735128
vn 0.01965457 0.4180733 -0.9082005
vn 0.016048688 0.86582696 -0.5000858
vn -0.69304585 0.30144274 -0.65484315
vn -0.048663918 0.41765368 -0.9073021
vn -0.6930493 0.3014444 -0.6548387
vn -0.999806 0.008238908 -0.017895952
vn -0.08033656 -0.14228855 0.9865595
vn -0.019689545 -0.41806936 0.9082016
vn -0.95808786 0.23949768 0.15718962
vn 0.21064055 0.36939085 0.90508604
vn -0.6588862 0.7475949 0.08349119
vn 0.7335326 0.30997404 0.6048519
vn 0.66241443 0.5503339 0.5082711
vn -0.20532094 0.9277577 -0.31162283
vn -0.3906147 0.7989242 -0.4573184
vn 0.66241443 0.5503339 0.5082711
vn 0.21064055 0.36939085 0.90508604
vn -0.6588862 0.7475949 0.08349119
vn -0.20532094 0.9277577 -0.31162283
vn 0.73353153 0.30997923 0.60485065
vn 0.81633514 0.51772726 0.2560377
vn 0.9998062 -0.008231964 0.017882062
vn 0.6930399 -0.30144858 0.6548469
vn 0.6930425 -0.30144745 0.6548446
vn 0.6930448 -0.30144528 0.6548432
vn 0.6930448 -0.30144638 0.6548426
vn 0.960065 0.17716233 0.21653768
vn 0.9961242 -0.036780663 0.07989833
vn 0.84175485 0.4315328 0.32438895
vn 0.662408 0.55033815 0.50827503
vn 0.70368654 0.39715654 0.58914495
vn 0.2106329 0.36939064 0.9050879
vn 0.46137032 0.47715676 0.74796975
vn 0.34110883 0.2513959 0.905784
vn 0.08099962 0.12570974 0.98875463
vn -0.080346614 -0.14229116 0.9865583
vn 0.084720865 -0.17473024 0.98096466
vn -0.019698119 -0.4180702 0.90820104
vn 0.048659552 -0.4176547 0.90730184
vn 0.016056241 0.8658042 -0.50012505
vn 0.019666428 0.41807353 -0.9082001
vn 0.9998062 -0.008231964 0.017882062
vn 0.81633514 0.51772726 0.2560377
vn -0.9600626 0.27971563 -0.00624568
vn -0.999806 0.008238576 -0.017895222
vn -0.99612314 0.03678669 -0.07990976
vn -0.9580894 0.23949575 0.15718284
vn -0.8417514 0.5270653 0.11686179
vn -0.6588889 0.7475927 0.0834895
vn -0.70368385 0.7058323 -0.081423454
vn -0.46137384 0.8785095 -0.12391515
vn -0.34109482 0.8515898 -0.39805627
vn -0.20531832 0.92775685 -0.31162688
vn -0.08098049 0.832885 -0.5474892
vn -0.39060038 0.7989306 -0.45731965
vn -0.08472945 0.63159627 -0.7706534
vn -0.6930544 0.30144367 -0.65483385
vn -0.49006474 0.85547066 -0.16735062
vn -0.6930503 0.301441 -0.6548391
vn -0.048671916 0.4176576 -0.90729976
vn -0.6930452 0.30144203 -0.6548442
vn -0.69305754 0.3014415 -0.65483135
vn 0.016056241 0.8658042 -0.50012505
vn 0.019666428 0.41807353 -0.9082001
vn -0.999806 0.008238576 -0.017895222
vn -0.080346614 -0.14229116 0.9865583
vn -0.019698119 -0.4180702 0.90820104
vn -0.9580894 0.23949575 0.15718284
vn 0.2106329 0.36939064 0.9050879
vn -0.6588889 0.7475927 0.0834895
vn 0.73353153 0.30997923 0.60485065
vn 0.662408 0.55033815 0.50827503
vn -0.20531832 0.92775685 -0.31162688
vn -0.39060038 0.7989306 -0.45731965
vn 0.662408 0.55033815 0.50827503
vn 0.2106329 0.36939064 0.9050879
vn -0.6588889 0.7475927 0.0834895
vn -0.20531832 0.92775685 -0.31162688
vn -0.9153393 0.3899877 0.10031624
vn -0.9998062 0.0082329875 -0.017881557
vn -0.9312341 -0.15238355 0.33103198
vn -0.86793077 0.15951955 0.47037175
vn -0.75477666 0.4579158 0.46970755
vn -0.853064 0.475235 -0.21548384
vn -0.91616505 0.16759509 -0.36407888
vn -0.48297983 0.79933506 0.35748246
vn -0.27587134 0.72833234 0.6272373
vn -0.6660152 0.07988467 0.74164814
vn -0.009512179 0.5934003 0.8048512
vn -0.43974456 0.54303205 0.71536046
vn -0.39446133 -0.046417296 0.91773933
vn 0.03585855 -0.02373945 0.99907476
vn -0.019692874 -0.4180718 0.9082003
vn -0.40080106 -0.38309753 0.83222264
vn 0.93123525 0.15238227 -0.33102927
vn 0.86793286 0.46106216 -0.18470037
vn 0.666016 0.61536074 -0.42160836
vn 0.7208925 0.2897991 -0.6295478
vn 0.39447123 0.6669963 -0.6320665
vn 0.4008007 0.38309637 -0.83222336
vn 0.39447123 0.6669963 -0.6320665
vn -0.36441696 0.38939822 -0.8459132
vn 0.4008007 0.38309637 -0.83222336
vn -0.36055923 0.67321813 -0.6455804
vn 0.035612334 0.65985954 -0.7505443
vn -0.04866559 0.41765976 -0.9072991
vn -0.08099859 0.8328858 -0.5474854
vn -0.25551683 0.90966713 -0.32743937
vn -0.64029145 0.62611735 -0.4449761
vn -0.4613681 0.878513 -0.1239119
vn -0.5895007 0.8031563 -0.08619005
vn -0.2652183 0.9545879 0.13572362
vn 0.009516608 0.9973149 -0.07260904
vn -0.48297983 0.79933506 0.35748246
vn -0.853064 0.475235 -0.21548384
vn -0.6672338 0.7441558 0.03211104
vn -0.8417513 0.5270626 0.11687493
vn -0.9583591 0.26028088 0.11748113
vn -0.9961248 0.036776777 -0.07989275
vn -0.91616505 0.16759509 -0.36407888
vn -0.36055923 0.67321813 -0.6455804
vn 0.39447123 0.6669963 -0.6320665
vn 0.009516608 0.9973149 -0.07260904
vn 0.666016 0.61536074 -0.42160836
vn 0.27587235 0.9501328 0.14540258
vn 0.86793286 0.46106216 -0.18470037
vn -0.18997613 0.8757861 -0.44374275
vn -0.2652183 0.9545879 0.13572362
vn -0.49005598 0.8554718 -0.16737035
vn 0.19642407 0.9263624 -0.32135633
vn -0.48297983 0.79933506 0.35748246
vn -0.76121914 0.6461483 0.055115663
vn -0.6864863 0.57142925 0.4496721
vn -0.27587134 0.72833234 0.6272373
vn -0.5712488 0.32446045 0.753923
vn 0.18998194 0.23242086 0.95388
vn -0.009512179 0.5934003 0.8048512
vn 0.26521727 0.7238747 0.6369183
vn 0.49006352 0.42916557 0.7587189
vn 0.7612217 0.46206042 0.4550182
vn 0.4829823 0.7913786 0.37476367
vn 0.5712373 0.7837466 -0.24378058
vn 0.8530622 0.14534058 0.5011596
vn -0.39446133 -0.046417296 0.91773933
vn 0.3644242 -0.38939786 0.84591025
vn -0.40080106 -0.38309753 0.83222264
vn 0.36056846 -0.052635998 0.9312463
vn -0.009512179 0.5934003 0.8048512
vn 0.04867118 -0.41765827 0.90729946
vn -0.035612978 -0.14106931 0.9893588
vn 0.08099896 0.1257124 0.9887544
vn 0.2555167 0.3428024 0.90398973
vn 0.26521727 0.7238747 0.6369183
vn 0.39070076 0.37671697 0.83990306
vn 0.640288 0.069122374 0.7650185
vn 0.4829823 0.7913786 0.37476367
vn 0.4614612 0.4770402 0.747988
vn 0.66722804 0.508311 0.54445076
vn 0.8530622 0.14534058 0.5011596
vn 0.8417488 0.43153036 0.32440773
vn 0.95835924 0.25850204 0.12134328
vn 0.91616285 -0.16759962 0.36408228
vn 0.99612373 -0.03678515 0.07990203
vn 0.93123525 0.15238227 -0.33102927
vn 0.86793286 0.46106216 -0.18470037
vn -0.76121914 0.6461483 0.055115663
vn -0.7612163 0.6461519 0.055111088
vn -0.5712401 0.32446843 0.7539261
vn -0.6864863 0.57142925 0.4496721
vn -0.5712488 0.32446045 0.753923
vn 0.18998194 0.23242086 0.95388
vn 0.18998116 0.23242393 0.9538794
vn 0.49006352 0.42916557 0.7587189
vn 0.18998194 0.23242086 0.95388
vn 0.18998116 0.23242393 0.9538794
vn 0.7612217 0.46206042 0.4550182
vn 0.76121986 0.46206093 0.4550207
vn -0.7612163 0.6461519 0.055111088
vn -0.1899755 0.8757867 -0.44374174
vn 0.5712393 0.78374237 -0.2437894
vn 0.76121986 0.46206093 0.4550207
vn -0.5712401 0.32446843 0.7539261
vn 0.18998116 0.23242393 0.9538794
vn 0.5712393 0.78374237 -0.2437894
vn 0.7612217 0.46206042 0.4550182
vn 0.76121986 0.46206093 0.4550207
vn 0.5712373 0.7837466 -0.24378058
vn 0.19642407 0.9263624 -0.32135633
vn -0.1899755 0.8757867 -0.44374174
vn -0.18997613 0.8757861 -0.44374275
vn -0.7612163 0.6461519 0.055111088
vn -0.76121914 0.6461483 0.055115663
vn -0.49005598 0.8554718 -0.16737035
vn -0.18997613 0.8757861 -0.44374275
vn -0.1899755 0.8757867 -0.44374174
vn 0.0358541 -0.02373553 0.99907494
vn 0.03585855 -0.02373945 0.99907476
vn -0.019692874 -0.4180718 0.9082003
vn -0.019692767 -0.41807044 0.908201
vn -0.43974456 0.54303205 0.71536046
vn 0.03585855 -0.02373945 0.99907476
vn 0.0358541 -0.02373553 0.99907494
vn -0.4397431 0.5430287 0.715364
vn -0.9153391 0.38999003 0.10030985
vn -0.75477666 0.4579158 0.46970755
vn -0.9153393 0.3899877 0.10031624
vn 0.0358541 -0.02373553 0.99907494
vn -0.019692767 -0.41807044 0.908201
vn -0.9998062 0.008234401 -0.017883664
vn -0.9153391 0.38999003 0.10030985
vn -0.4397431 0.5430287 0.715364
vn -0.9998062 0.0082329875 -0.017881557
vn -0.9153393 0.3899877 0.10031624
vn -0.9153391 0.38999003 0.10030985
vn -0.9998062 0.008234401 -0.017883664
vn 0.490056 0.42916995 0.75872123
vn -0.019695325 -0.4180633 0.9082043
vn -0.01607489 0.1831018 0.9829624
vn 0.69304943 -0.30143768 0.65484166
vn 0.6930533 -0.30143765 0.6548376
vn 0.45528382 0.4868371 0.74545693
vn -0.5097433 0.4373921 0.74084395
vn -0.50974065 0.43740213 0.74083984
vn 1.1473097E-05 0.90837264 0.41816127
vn 0.008382777 0.9999241 -0.009013146
vn 0.490056 0.42916995 0.75872123
vn 1.1473097E-05 0.90837264 0.41816127
vn -0.50975406 0.4373876 0.7408392
vn -0.01607489 0.1831018 0.9829624
vn -0.4574997 0.881332 -0.11810154
vn 0.45528382 0.4868371 0.74545693
vn 0.42632106 0.8181436 0.3858639
vn -0.509731 0.43739974 0.74084795
vn -0.50971556 0.43740106 0.74085766
vn 2.2813444E-07 0.9083779 0.41814983
vn 2.2813418E-07 0.9083763 0.41815338
vn 2.2813411E-07 0.90837586 0.41815448
vn -0.50973773 0.43740547 0.7408399
vn 0.455284 0.48683125 0.7454606
vn -0.8163399 0.5311682 0.22682488
vn 2.2813472E-07 0.90837955 0.41814643
vn -0.49006242 0.8554685 -0.16736874
vn -0.4599895 0.879519 -0.1218847
vn 0.019681856 0.41807005 -0.90820134
vn -0.6930594 0.3014385 -0.65483075
vn -0.4574997 0.881332 -0.11810154
vn 0.008382777 0.9999241 -0.009013146
vn 0.99980587 -0.008237302 0.017900586
vn 0.019681856 0.41807005 -0.90820134
vn 0.008382777 0.9999241 -0.009013146
vn 0.42632106 0.8181436 0.3858639
vn 0.69302636 -0.30144534 0.6548626
vn 0.99980587 -0.008237302 0.017900586
vn 0.42632106 0.8181436 0.3858639
vn 0.455284 0.48683125 0.7454606
vn -0.693037 0.30144066 -0.6548535
vn -0.4599895 0.879519 -0.1218847
vn -0.49006242 0.8554685 -0.16736874
vn -0.6930428 0.30144083 -0.6548473
vn -0.6930476 0.30143866 -0.65484333
vn -0.8163399 0.5311682 0.22682488
vn -0.9998062 0.008231494 -0.01788075
vn -0.50973773 0.43740547 0.7408399
vn -0.7208903 -0.28979537 0.629552
vn -0.9998062 0.008231494 -0.01788075
vn -0.8163399 0.5311682 0.22682488
vn -0.7208638 -0.28980806 0.62957656
vn -0.50971556 0.43740106 0.74085766
vn -0.509731 0.43739974 0.74084795
vn -0.7208775 -0.28980246 0.62956333
vn -0.50974065 0.43740213 0.74083984
vn -0.7208928 -0.28979853 0.62954766
vn -0.5097433 0.4373921 0.74084395
vn -0.7208942 -0.28980017 0.6295452
vn -0.7208988 -0.28979093 0.6295444
vn -0.50975406 0.4373876 0.7408392
vn -0.01607489 0.1831018 0.9829624
vn -0.019695325 -0.4180633 0.9082043
vn -0.7209055 -0.2897869 0.62953854
vn -0.96064174 0.1161589 -0.25233832
vn -0.7612176 0.6461506 0.055107806
vn -0.57125455 0.3244727 0.7539134
vn 0.23972337 -0.4059522 0.88189304
vn 0.18995963 0.23243007 0.9538822
vn 0.96064085 -0.11615607 0.25234282
vn 0.23972337 -0.4059522 0.88189304
vn 0.18995963 0.23243007 0.9538822
vn 0.7612141 0.46206188 0.45502967
vn -0.7612176 0.6461506 0.055107806
vn -0.18996814 0.875791 -0.44373643
vn 0.5712471 0.7837392 -0.24378139
vn 0.7612141 0.46206188 0.45502967
vn -0.57125455 0.3244727 0.7539134
vn 0.18995963 0.23243007 0.9538822
vn 0.5712471 0.7837392 -0.24378139
vn 0.96064085 -0.11615607 0.25234282
vn 0.7612141 0.46206188 0.45502967
vn 0.72089964 0.28980345 -0.62953764
vn -0.18996814 0.875791 -0.44373643
vn -0.2397349 0.4059626 -0.881885
vn -0.96064174 0.1161589 -0.25233832
vn -0.2397349 0.4059626 -0.881885
vn -0.18996814 0.875791 -0.44373643
vn -0.7612176 0.6461506 0.055107806
vn -0.7208758 -0.28980058 0.62956625
vn -0.96064425 0.116159014 -0.25232846
vn -0.7612201 0.646146 0.055129927
vn -0.57122225 0.3244682 0.75393975
vn 0.23976587 -0.4059458 0.8818844
vn 0.1899957 0.23241663 0.95387834
vn 0.96063995 -0.116156526 0.2523461
vn 0.23976587 -0.4059458 0.8818844
vn 0.1899957 0.23241663 0.95387834
vn 0.76121557 0.46206146 0.45502734
vn -0.7612201 0.646146 0.055129927
vn -0.1899868 0.8757891 -0.44373226
vn 0.57124 0.7837448 -0.24378008
vn 0.76121557 0.46206146 0.45502734
vn -0.57122225 0.3244682 0.75393975
vn 0.1899957 0.23241663 0.95387834
vn 0.57124 0.7837448 -0.24378008
vn 0.96063995 -0.116156526 0.2523461
vn 0.76121557 0.46206146 0.45502734
vn 0.7208901 0.2898053 -0.62954766
vn -0.1899868 0.8757891 -0.44373226
vn -0.23976108 0.40596342 -0.88187766
vn -0.96064425 0.116159014 -0.25232846
vn -0.23976108 0.40596342 -0.88187766
vn -0.1899868 0.8757891 -0.44373226
vn -0.7612201 0.646146 0.055129927
vn -0.6852313 0.006717913 0.7282944
vn -0.7208934 -0.28979832 0.62954724
vn -0.9993067 -0.015566058 0.03382121
vn -0.9583586 0.2602884 0.117468074
vn -0.5639633 0.3391112 0.7529601
vn -0.8417497 0.5270686 0.11685912
vn -0.9993067 -0.015566058 0.03382121
vn -0.6930387 0.30144864 -0.6548479
vn -0.693027 0.30144715 -0.654861
vn -0.9583586 0.2602884 0.117468074
vn -0.6930325 0.3014414 -0.654858
vn -0.8417497 0.5270686 0.11685912
vn -0.6930384 0.30143693 -0.65485376
vn -0.6672301 0.7441596 0.032099172
vn -0.6930438 0.30143467 -0.65484905
vn -0.46137136 0.87850964 -0.12392363
vn -0.6930565 0.30143413 -0.6548358
vn -0.25553164 0.909663 -0.3274395
vn -0.7385743 0.34182557 -0.5810878
vn -0.47598457 0.64168173 -0.60140085
vn -0.76665395 0.36845955 -0.52581286
vn -0.820148 0.42599744 -0.38194695
vn -0.72089386 -0.28979665 0.6295473
vn -0.99930644 -0.015570979 0.033827018
vn -0.9583587 0.26028597 0.117472604
vn -0.6660201 0.07988126 0.7416442
vn -0.84174764 0.5270697 0.116869226
vn -0.5097519 0.43740416 0.7408308
vn 0.72088856 0.2897982 -0.6295527
vn 0.03561406 0.6598607 -0.7505434
vn 0.0765518 0.41692227 -0.9057126
vn 0.6545088 0.64386284 -0.39630607
vn -0.08099696 0.832887 -0.5474837
vn 0.49806708 0.8569322 -0.13265055
vn -0.9583587 0.26028597 0.117472604
vn -0.99930644 -0.015570979 0.033827018
vn 0.0765518 0.41692227 -0.9057126
vn -0.84174764 0.5270697 0.116869226
vn 0.03561406 0.6598607 -0.7505434
vn -0.6672273 0.74416214 0.03209865
vn -0.08099696 0.832887 -0.5474837
vn -0.46137062 0.87851113 -0.12391552
vn -0.255513 0.90966845 -0.3274388
vn 0.2758748 0.9501313 0.14540824
vn -0.08099696 0.832887 -0.5474837
vn 0.49806708 0.8569322 -0.13265055
vn -0.255513 0.90966845 -0.3274388
vn 2.2813411E-07 0.9083758 0.41815454
vn -0.46137062 0.87851113 -0.12391552
vn -0.27587068 0.7283337 0.627236
vn -0.6672273 0.74416214 0.03209865
vn -0.5097519 0.43740416 0.7408308
vn -0.84174764 0.5270697 0.116869226
vn -0.47598457 0.64168173 -0.60140085
vn 0.19403113 0.95285714 0.23327008
vn -0.25553164 0.909663 -0.3274395
vn -0.46137136 0.87850964 -0.12392363
vn -0.09190945 0.86401725 0.49500144
vn -0.6672301 0.7441596 0.032099172
vn -0.35745862 0.645139 0.67529166
vn -0.8417497 0.5270686 0.11685912
vn -0.5639633 0.3391112 0.7529601
vn -0.65093815 0.144174 0.7453141
vn -0.07980148 -0.41681913 0.90547967
vn -0.7254341 -0.28781247 0.62522745
vn -0.038749397 -0.14022394 0.98936117
vn 0.078217946 0.12731168 0.98877364
vn -0.5143301 0.439193 0.7365961
vn -0.65123063 0.1444411 0.7450069
vn -0.5150866 0.4382216 0.7366461
vn -0.51610976 0.43657976 0.73690474
vn -0.6708341 0.08180314 0.7370819
vn -0.72590595 -0.28759906 0.62477773
vn -0.7256623 -0.28770727 0.625011
vn -0.6706001 0.08161031 0.7373161
vn -0.5164978 0.435701 0.73715293
vn -0.725418 -0.28781638 0.6252443
vn 0.6661119 0.51108325 0.5432206
vn 0.5051834 0.8492295 -0.15361877
vn 0.8411519 0.43408322 0.32254487
vn 0.2712289 0.9520929 0.14125732
vn 0.45971668 0.47986096 0.74725753
vn 0.50509876 0.84930223 -0.1534948
vn -0.0044596656 0.9103571 0.4137993
vn 0.25331387 0.34511873 0.9037283
vn 0.27108347 0.95211035 0.14141905
vn 0.50503 0.8493377 -0.15352531
vn 0.27103025 0.9521254 0.14142013
vn 0.4883256 0.86297166 -0.12968373
vn 0.24279118 0.95463425 0.17241138
vn -0.0042840727 0.9104437 0.41361046
vn -0.03724501 0.89627177 0.44193822
vn -0.14421478 0.83690786 0.5280028
vn -0.28012395 0.7305953 0.62270445
vn -0.0043726224 0.9103918 0.41372374
vn -0.2802394 0.73038846 0.62289506
vn -0.2800005 0.7306593 0.62268484
vn -0.5164978 0.435701 0.73715293
vn -0.51610976 0.43657976 0.73690474
vn -0.28007942 0.7305367 0.62279326
vn -0.5150866 0.4382216 0.7366461
vn -0.5143301 0.439193 0.7365961
vn 0.078217946 0.12731168 0.98877364
vn -0.14451046 0.8367118 0.5282328
vn -0.14421117 0.8369053 0.5280081
vn -0.27990305 0.73079604 0.6225682
vn -0.28015333 0.73056567 0.6227261
vn -0.5151917 0.4378774 0.7367773
vn -0.51556563 0.4372544 0.7368856
vn 0.18495575 -0.41094005 0.8927035
vn 0.1849539 -0.41093808 0.89270467
vn 0.18495391 -0.41093808 0.89270467
vn 0.18495575 -0.41094005 0.8927035
vn 0.18495575 -0.41094005 0.8927035
vn 0.18495575 -0.41094005 0.8927035
vn 0.18495575 -0.41094005 0.8927035
vn 0.18495575 -0.41094005 0.8927035
vn 0.18495575 -0.41094005 0.8927035
vn -0.51556563 0.4372544 0.7368856
vn -0.6704732 0.081974305 0.7373911
vn -0.5151917 0.4378774 0.7367773
vn -0.6705341 0.081854224 0.7373493
vn -0.7254191 -0.28781956 0.6252416
vn -0.7253697 -0.2878417 0.62528867
vn 0.45971826 -0.8797277 0.12140043
vn 0.25331655 -0.91097367 0.32551113
vn 0.07822198 -0.8339401 0.5462828
vn 0.6661082 -0.74503297 -0.035007484
vn -0.03874738 -0.66040885 0.7499057
vn 0.8411535 -0.5273116 -0.12001315
vn -0.07980148 -0.41681913 0.90547967
vn 0.9581144 -0.2597536 -0.120602086
vn 0.99918264 0.016901942 -0.036718514
vn -0.96386635 -0.12866366 0.23325375
vn -0.97617936 -0.09072443 0.19708617
vn -0.97617835 -0.090728335 0.19708946
vn -0.840327 -0.4368198 0.32099676
vn -0.7165068 -0.4550339 0.5287362
vn -0.9761795 -0.0907183 0.19708812
vn -0.7139244 -0.45772198 0.5299081
vn -0.6727923 -0.6106384 0.41769728
vn -0.7113374 -0.46039647 0.5310689
vn -0.79398793 -0.5891568 0.14992477
vn -0.9761797 -0.09071318 0.19708961
vn -0.72373515 -0.6891806 -0.035177298
vn -0.9761806 -0.090711914 0.19708577
vn -0.6390174 -0.7313124 -0.23840886
vn -0.9761812 -0.09071943 0.1970794
vn -0.6467553 -0.7164947 -0.2614245
vn -0.976181 -0.09073722 0.197072
vn -0.5521259 -0.68395376 -0.47682703
vn -0.9776994 -0.09975544 0.18480435
vn -0.51574457 -0.84382 0.14824022
vn -0.9673721 -0.13558054 0.21403025
vn -0.9764038 -0.10749047 0.18730077
vn -0.5151918 -0.8444646 0.14648116
vn -0.96690035 -0.11059375 0.22994077
vn -0.9761795 -0.09073239 0.1970816
vn -0.9667399 -0.10694702 0.2323278
vn -0.97617936 -0.090724334 0.19708608
vn -0.91093683 -0.17250712 0.37474686
vn -0.91083956 -0.1732107 0.3746589
vn -0.8194454 -0.55380553 0.14767736
vn -0.9554517 -0.13029683 0.26482958
vn -0.8801124 -0.20213147 0.429587
vn -0.8006848 -0.5607324 0.21090978
vn -0.88487345 -0.4144993 0.21257772
vn -0.8847099 -0.19491796 0.42343295
vn -0.88471025 -0.19491808 0.42343205
vn -0.8207268 -0.54457504 0.17275833
vn -0.5937338 -0.80398685 -0.03294062
vn -0.27646205 -0.87057966 -0.40701303
vn -0.7651648 -0.26921895 0.58484524
vn -0.74343514 -0.27966383 0.6075296
vn -0.49566194 -0.86340964 0.09403667
vn -0.7208905 -0.2898019 0.6295488
vn -0.6394046 -0.7670333 0.05311791
vn -0.90519696 -0.17771052 0.3860535
vn -0.9051968 -0.17771132 0.3860535
vn -0.77677137 -0.5972297 0.19985679
vn -0.8714114 -0.20664431 0.44490477
vn -0.76106256 -0.6460469 0.05837018
vn -0.87469536 -0.2026675 0.4402657
vn -0.7944195 -0.5902831 0.14305094
vn -0.79445803 -0.25395203 0.5516744
vn -0.63212186 -0.7421842 0.22267514
vn -0.23210609 -0.40673223 0.88356966
vn 0.50518346 -0.43555218 -0.74503946
vn 0.8411535 -0.5273116 -0.12001315
vn 0.9581144 -0.2597536 -0.120602086
vn 0.6615238 -0.07800177 -0.7458564
vn 0.99918264 0.016901942 -0.036718514
vn 0.50509685 -0.4356955 -0.7450144
vn 0.7164253 0.29172912 -0.6337419
vn 0.6614985 -0.0780885 -0.7458699
vn 0.5050278 -0.4356951 -0.74506134
vn 0.7164249 0.29173025 -0.633742
vn 0.66142184 -0.07807131 -0.74593955
vn 0.48832288 -0.46267325 -0.73991483
vn 0.71634364 0.29176486 -0.63381785
vn 0.65642697 -0.09461763 -0.7484324
vn 0.7162633 0.29179895 -0.6338928
vn -0.9673721 -0.13558054 0.21403025
vn -0.5521259 -0.68395376 -0.47682703
vn 0.18935487 -0.8001529 -0.56912196
vn -0.6467553 -0.7164947 -0.2614245
vn -0.103444636 -0.94047874 -0.3237263
vn -0.6390174 -0.7313124 -0.23840886
vn -0.72373515 -0.6891806 -0.035177298
vn -0.14276268 -0.94647825 -0.2894782
vn -0.2795171 -0.9488109 -0.14706454
vn -0.14480682 -0.94544363 -0.29183388
vn -0.51574457 -0.84382 0.14824022
vn -0.79398793 -0.5891568 0.14992477
vn -0.2801516 -0.9481576 -0.15003945
vn -0.5151918 -0.8444646 0.14648116
vn -0.14480682 -0.94544363 -0.29183388
vn -0.14480682 -0.94544363 -0.29183388
vn -0.14450806 -0.9453987 -0.29212713
vn -0.72542906 -0.28780904 0.62523484
vn -0.725429 -0.28780946 0.6252346
vn -0.7110381 -0.46211463 0.52997625
vn -0.67020196 -0.61425936 0.41655087
vn -0.7108173 -0.46300632 0.52949387
vn -0.67006624 -0.6145544 0.4163341
vn -0.67047197 -0.6134894 0.4172503
vn -0.7253697 -0.2878417 0.62528867
vn -0.7253189 -0.28786427 0.6253371
vn 0.3852288 -0.385881 0.8382687
vn 0.38523304 -0.38587907 0.8382676
vn 0.61388767 -0.3300865 0.71706665
vn 0.61387825 -0.33009005 0.7170731
vn 0.9035013 -0.17921385 0.3893173
vn 0.44927195 -0.8741841 0.18427315
vn 0.38520885 -0.38588428 0.83827645
vn 0.38521722 -0.38587818 0.83827525
vn 0.12526536 -0.9031287 0.4106907
vn 0.38519755 -0.38588 0.83828354
vn -0.21467964 -0.80096585 0.55889726
vn -0.24666125 -0.40523183 0.88030964
vn 0.8098467 -0.5590198 -0.17789069
vn 0.9683071 0.10443854 -0.22687843
vn 0.9214958 -0.08989346 -0.37784192
vn 0.727543 0.28687805 -0.62320304
vn 0.9214958 -0.08989346 -0.37784192
vn 0.9683071 0.10443854 -0.22687843
vn 0.68625206 -0.0299742 -0.7267458
vn 0.8098467 -0.5590198 -0.17789069
vn 0.3537487 -0.6360541 -0.68578196
vn 0.53981775 -0.047069393 -0.84046483
vn 0.1386407 -0.61060506 -0.77970505
vn 0.67489433 0.30856067 -0.67030424
vn 0.99999857 0.000709958 -0.0015406639
vn 0.4132205 -0.54544973 -0.72920036
vn 0.3537487 -0.6360541 -0.68578196
vn 0.44927195 -0.8741841 0.18427315
vn 0.8098467 -0.5590198 -0.17789069
vn 0.015021883 -0.9007152 -0.43414998
vn -0.21467964 -0.80096585 0.55889726
vn -0.5635667 -0.8014317 0.20024872
vn 0.1386407 -0.61060506 -0.77970505
vn -0.16474414 -0.78534764 -0.5967313
vn -0.6467035 -0.7626763 -0.009964079
vn -0.1065539 -0.7526052 -0.6497934
vn -0.6394046 -0.7670333 0.05311791
vn -0.023900488 -0.7245267 -0.68883204
vn 0.4132205 -0.54544973 -0.72920036
vn 0.53981775 -0.047069393 -0.84046483
vn -0.24666125 -0.40523183 0.88030964
vn -0.21467964 -0.80096585 0.55889726
vn -0.5635667 -0.8014317 0.20024872
vn -0.72089154 -0.28980136 0.6295478
vn -0.6467035 -0.7626763 -0.009964079
vn -0.72089136 -0.2898006 0.6295485
vn -0.6394046 -0.7670333 0.05311791
vn -0.7208905 -0.2898019 0.6295488
vn 0.32349935 -0.93443596 -0.14892113
vn 0.68706673 -0.6020146 -0.40683866
vn 0.31535172 -0.3396299 -0.8861177
vn -0.11310169 -0.7929989 -0.59863234
vn 0.20220076 -0.20675667 -0.9572702
vn 0.26716027 -0.9277713 -0.26051015
vn -0.15704179 -0.7406844 -0.6532414
vn -0.04033703 -0.094613746 -0.99469644
vn -0.31687012 -0.833908 -0.4518745
vn -0.17196575 -0.6967989 -0.69634676
vn -0.039002754 -0.34172285 -0.93899095
vn -0.26242375 -0.82810634 -0.49535173
vn -0.18892497 -0.91034377 -0.36821353
vn -0.16717257 -0.8947701 -0.4140526
vn 0.6086848 -0.4259981 -0.6693492
vn -0.07355266 -0.94147444 -0.32896158
vn 0.3630545 -0.263147 -0.89383715
vn -0.28927281 -0.7783167 -0.55726486
vn -0.18286644 -0.77515304 0.6047292
vn -0.534041 -0.7537685 0.38292697
vn -0.61516595 -0.7360882 0.28239143
vn -0.6021451 -0.7407448 0.29785606
vn -0.82539487 -0.56122977 0.06119123
vn -0.6887435 -0.1935763 -0.69868493
vn -0.84053826 -0.18090522 -0.5106552
vn -0.63212186 -0.7421842 0.22267514
vn -0.23145548 -0.92270124 -0.3083024
vn -0.7944195 -0.5902831 0.14305094
vn -0.76106256 -0.6460469 0.05837018
vn -0.2104659 -0.9346739 -0.28651088
vn -0.77677137 -0.5972297 0.19985679
vn 0.22754258 -0.90890205 -0.34945846
vn -0.22232993 -0.9303514 -0.29157394
vn 0.39500096 -0.8267227 -0.40062898
vn -0.8207268 -0.54457504 0.17275833
vn 0.3011841 -0.9162869 -0.26401913
vn 0.56821597 -0.8228015 0.0113156885
vn 0.8646842 -0.46468014 0.19077078
vn 0.8871993 -0.43018362 -0.16679128
vn -0.23781626 -0.9273381 -0.28894156
vn -0.8006848 -0.5607324 0.21090978
vn 0.38203377 -0.7606525 -0.52484083
vn 0.8485785 -0.274867 -0.45206487
vn -0.20676713 -0.92236227 -0.32633567
vn -0.8194454 -0.55380553 0.14767736
vn 0.3485536 -0.72456807 -0.5945682
vn 0.70109457 -0.24837534 -0.668413
vn 0.6734057 -0.120177954 -0.7294395
vn -0.27646205 -0.87057966 -0.40701303
vn -0.88487345 -0.4144993 0.21257772
vn 0.31678087 -0.71080804 -0.628014
vn 0.3068045 -0.7049753 -0.6394378
vn 0.66611534 -0.111896396 -0.7374072
vn 0.62291825 -0.254772 -0.73963773
vn 0.6229148 -0.2547786 -0.73963845
vn -0.49566194 -0.86340964 0.09403667
vn -0.5937338 -0.80398685 -0.03294062
vn 0.4132205 -0.54544973 -0.72920036
vn 0.947303 -0.2773716 -0.16025618
vn -0.6394046 -0.7670333 0.05311791
vn 0.9676907 -0.08491978 -0.23740956
vn 0.981457 0.08015157 -0.17412053
vn 0.5639525 0.34531224 -0.75014454
vn 0.56395 0.34531218 -0.7501464
vn 0.68706673 -0.6020146 -0.40683866
vn 0.47865912 0.36713782 -0.7975557
vn 0.31535172 -0.3396299 -0.8861177
vn 0.47865868 0.36713526 -0.7975571
vn -0.014128959 0.41811007 -0.9082863
vn 0.20220076 -0.20675667 -0.9572702
vn -0.014129988 0.418109 -0.9082869
vn -0.04033703 -0.094613746 -0.99469644
vn 0.14464192 0.41375667 -0.8988236
vn 0.14464234 0.41375542 -0.8988241
vn 0.814769 0.2424395 -0.52666336
vn 0.8147703 0.24243785 -0.52666223
vn -0.039002754 -0.34172285 -0.93899095
vn 0.584317 0.3393439 -0.7371696
vn 0.6086848 -0.4259981 -0.6693492
vn 0.58534724 0.33989722 -0.7360967
vn -0.26178744 0.40357226 -0.8766964
vn 0.3630545 -0.263147 -0.89383715
vn -0.2588144 0.4296789 -0.865096
vn -0.3055261 0.1589723 -0.9388191
vn -0.72564363 -0.28771794 0.6250277
vn -0.82539487 -0.56122977 0.06119123
vn -0.9515566 -0.12857023 0.2793022
vn -0.6021451 -0.7407448 0.29785606
vn -0.7368884 -0.28267595 0.6140762
vn -0.61516595 -0.7360882 0.28239143
vn -0.62506926 -0.3263967 0.709051
vn -0.534041 -0.7537685 0.38292697
vn -0.11029602 -0.4156011 0.9028346
vn -0.18286644 -0.77515304 0.6047292
vn 0.9994205 -0.014232848 0.03091914
vn 0.947303 -0.2773716 -0.16025618
vn 0.4132205 -0.54544973 -0.72920036
vn 0.99999857 0.000709958 -0.0015406639
vn -0.23210609 -0.40673223 0.88356966
vn -0.63212186 -0.7421842 0.22267514
vn -0.18286644 -0.77515304 0.6047292
vn -0.11029602 -0.4156011 0.9028346
vn -0.04033703 -0.094613746 -0.99469644
vn 0.14464192 0.41375667 -0.8988236
vn -0.039002754 -0.34172285 -0.93899095
vn -0.014129988 0.418109 -0.9082869
vn 0.14464234 0.41375542 -0.8988241
vn -0.014128959 0.41811007 -0.9082863
vn 0.85977614 0.1917829 -0.47329095
vn 0.8654784 0.20947139 -0.45504826
vn 0.9443016 0.13760531 -0.2989301
vn 0.9443027 0.13760272 -0.29892772
vn 0.99948823 -0.013375893 0.029056566
vn 0.8871993 -0.43018362 -0.16679128
vn 0.8485785 -0.274867 -0.45206487
vn 0.70109457 -0.24837534 -0.668413
vn 0.764609 0.2415826 -0.59750384
vn 0.6734057 -0.120177954 -0.7294395
vn 0.76016957 0.2716876 -0.5901933
vn 0.76016206 0.2716895 -0.590202
vn 0.7601621 0.27168953 -0.5902019
vn 0.87164867 0.051214058 -0.48744822
vn 0.96365523 0.11170839 -0.2426722
vn 0.7219952 0.2893184 -0.6285043
vn 0.7219877 0.28493282 -0.6305132
vn 0.7346962 0.28228673 -0.6168756
vn 0.66611534 -0.111896396 -0.7374072
vn 0.7404967 0.28102362 -0.6104836
vn 0.62291825 -0.254772 -0.73963773
vn 0.7404967 0.28102362 -0.61048365
vn 0.8646842 -0.46468014 0.19077078
vn 0.8871993 -0.43018362 -0.16679128
vn 0.99948823 -0.013375893 0.029056566
vn 0.9435918 -0.1384549 0.30077374
vn 0.9676907 -0.08491978 -0.23740956
vn 0.981457 0.08015157 -0.17412053
vn 0.56821597 -0.8228015 0.0113156885
vn 0.68706673 -0.6020146 -0.40683866
vn 0.32349935 -0.93443596 -0.14892113
vn 0.26716027 -0.9277713 -0.26051015
vn 0.6229148 -0.2547786 -0.73963845
vn 0.947303 -0.2773716 -0.16025618
vn 0.9994205 -0.014232848 0.03091914
vn 0.7405029 0.2810204 -0.6104775
vn -0.28927281 -0.7783167 -0.55726486
vn 0.3630545 -0.263147 -0.89383715
vn -0.3055261 0.1589723 -0.9388191
vn -0.6887435 -0.1935763 -0.69868493
vn -0.2588144 0.4296789 -0.865096
vn -0.84053826 -0.18090522 -0.5106552
vn -0.26178744 0.40357226 -0.8766964
vn -0.876978 0.20093626 -0.4365021
vn -0.9515566 -0.12857023 0.2793022
vn -0.82539487 -0.56122977 0.06119123
vn 0.9583595 -0.26028073 -0.1174784
vn 0.67292523 0.30931345 -0.6719351
vn 0.99612457 -0.036778115 0.07989432
vn 0.6181753 -0.059543557 -0.7837817
vn 0.46224707 -0.41626275 -0.7829768
vn 0.84174913 -0.52706486 -0.116879955
vn 0.46304232 -0.41662014 -0.78231657
vn 0.61897504 -0.059877336 -0.78312474
vn 0.5097459 -0.43740088 -0.7408369
vn 0.6737303 0.3090037 -0.6712705
vn 0.66601694 -0.07988257 -0.74164695
vn 0.7208912 0.28979862 -0.6295494
vn 0.03562335 0.14107142 -0.9893581
vn -0.048663918 0.41765368 -0.9073021
vn 0.99612373 -0.03678515 0.07990203
vn 0.9583586 -0.26028574 -0.11747427
vn -0.08098695 -0.12570919 -0.98875576
vn 0.8417478 -0.52706915 -0.11687056
vn 0.9961242 -0.036780663 0.07989833
vn 0.03561644 0.1410673 -0.98935896
vn -0.04866559 0.41765976 -0.9072991
vn 0.96006304 -0.27971444 0.006229624
vn -0.08100022 -0.12571156 -0.98875445
vn 0.8417505 -0.52706325 -0.1168773
vn -0.048671916 0.4176576 -0.90729976
vn 0.99612445 -0.036776483 0.079897694
vn 0.96006876 -0.2796954 0.0062077306
vn -0.084730096 0.17472267 -0.9809651
vn 0.8573738 -0.5146499 0.006748572
vn -0.08100156 -0.1257165 -0.9887537
vn -0.55424345 -0.8255686 0.1060682
vn -0.66602015 -0.6153577 0.4216063
vn -0.5097477 -0.8472389 0.14947683
vn -0.71017545 -0.5941913 0.37760738
vn -0.72089416 -0.2897991 0.6295458
vn -0.55496025 -0.82517976 0.105343685
vn -0.7649308 -0.2693373 0.5850969
vn -0.7108833 -0.5938185 0.37686113
vn 0.0809948 -0.8328869 0.54748434
vn -0.7656366 -0.2689851 0.5843351
vn -0.03561342 -0.6598582 0.75054556
vn 0.04866069 -0.4176557 0.90730125
vn -0.9583569 -0.25850663 -0.12135151
vn -0.8417435 -0.431535 -0.32441515
vn 0.081009716 -0.8328911 0.5474756
vn -0.035596117 -0.659863 0.7505421
vn 0.04867118 -0.41765827 0.90729946
vn -0.996123 0.036785003 -0.07991203
vn -0.84174615 -0.43153858 -0.32440376
vn 0.08099187 -0.83288777 0.54748344
vn 0.08472293 -0.6315942 0.77065593
vn -0.95835817 -0.25850832 -0.12133897
vn -0.9961248 0.036776777 -0.07989275
vn 0.048659552 -0.4176547 0.90730184
vn -0.84175014 -0.43153393 -0.3243994
vn 0.18741633 -0.7839728 0.59182894
vn 0.08470545 -0.6315956 0.7706567
vn -0.9600629 -0.17715965 -0.21654944
vn 0.04865309 -0.41765693 0.90730107
vn -0.99612314 0.03678669 -0.07990976
vn 0.04865309 -0.41765693 0.90730107
vn -0.03562062 -0.6598542 0.75054866
vn -0.0765668 -0.41692823 0.90570855
vn 0.08470545 -0.6315956 0.7706567
vn 0.0809966 -0.8328865 0.54748464
vn 0.18741633 -0.7839728 0.59182894
vn 0.25551262 -0.9096683 0.32743958
vn 0.34110337 -0.8515904 0.39804804
vn 0.4613698 -0.87851137 0.12391737
vn 0.5223881 -0.8241535 0.21881828
vn 0.66721946 -0.744169 -0.0321026
vn 0.70366794 -0.70584816 0.08142171
vn 0.84174883 -0.527063 -0.11689076
vn 0.8573738 -0.5146499 0.006748572
vn 0.95836 -0.26027122 -0.11749464
vn 0.96006876 -0.2796954 0.0062077306
vn 0.9993067 0.015568378 -0.03382213
vn 0.99612445 -0.036776483 0.079897694
vn -0.03562062 -0.6598542 0.75054866
vn 0.0809966 -0.8328865 0.54748464
vn -0.8417441 -0.4315373 -0.32441077
vn -0.9583569 -0.2585202 -0.121322736
vn -0.0765668 -0.41692823 0.90570855
vn -0.99930596 -0.0155811235 0.03383424
vn -0.9610095 -0.22174044 -0.16520295
vn -0.99979883 0.008382675 -0.018225249
vn -0.99930596 -0.0155811235 0.03383424
vn -0.9583569 -0.2585202 -0.121322736
vn -0.8505464 -0.38562733 -0.3575784
vn -0.8417441 -0.4315373 -0.32441077
vn -0.68524283 -0.45835698 -0.56599563
vn -0.6672322 -0.5083139 -0.54444283
vn -0.4902542 -0.42884696 -0.758776
vn -0.4613795 -0.4771614 -0.74796104
vn -0.29524714 -0.3015884 -0.9065722
vn -0.2555151 -0.3428114 -0.9039868
vn -0.12994659 -0.09594977 -0.9868674
vn -0.081008956 -0.12572096 -0.98875254
vn -0.019506894 0.15676157 -0.9874437
vn 0.03558949 0.14106041 -0.989361
vn 0.019290542 0.41807523 -0.90820754
vn 0.07654856 0.41692245 -0.90571296
vn -0.9610095 -0.22174044 -0.16520295
vn -0.8505464 -0.38562733 -0.3575784
vn -0.41066343 -0.8803849 0.23722902
vn -0.565477 -0.6506667 0.5068221
vn -0.99979883 0.008382675 -0.018225249
vn -0.61984146 -0.3281388 0.7128264
vn 0.6930517 -0.30144042 0.65483797
vn -0.03560606 -0.65985143 0.7505518
vn -0.076550305 -0.41692424 0.90571177
vn 0.6930517 -0.30142686 0.6548444
vn 0.081006534 -0.8328871 0.54748213
vn 0.69305706 -0.30143628 0.6548343
vn 0.25551367 -0.90967137 0.3274302
vn 0.6930462 -0.30146337 0.6548333
vn 0.46137097 -0.87851197 0.12390837
vn 0.69304585 -0.30146044 0.654835
vn 0.66722405 -0.7441654 -0.032091074
vn 0.69302344 -0.30144933 0.6548638
vn 0.84175235 -0.5270613 -0.11687278
vn 0.6930468 -0.30143338 0.65484643
vn 0.9583598 -0.26027864 -0.117479846
vn 0.6930553 -0.30143523 0.6548366
vn 0.9993068 0.015567049 -0.03381801
vn 0.6930242 -0.30145124 0.65486205
vn -0.03560606 -0.65985143 0.7505518
vn 0.081006534 -0.8328871 0.54748213
vn -0.5097488 -0.84723747 0.14948122
vn -0.6660158 -0.6153597 0.42161024
vn -0.076550305 -0.41692424 0.90571177
vn -0.7208888 -0.28979963 0.62955177
vn 0.95836 -0.26027122 -0.11749464
vn 0.9993067 0.015568378 -0.03382213
vn 0.07654856 0.41692245 -0.90571296
vn 0.03558949 0.14106041 -0.989361
vn 0.84174883 -0.527063 -0.11689076
vn -0.081008956 -0.12572096 -0.98875254
vn -0.019506894 0.15676157 -0.9874437
vn 0.019290542 0.41807523 -0.90820754
vn 0.8085223 0.24606958 -0.5345479
vn 0.75415814 -0.12016986 -0.6456041
vn -0.12994659 -0.09594977 -0.9868674
vn 0.5993428 -0.47436196 -0.64480144
vn 0.9583598 -0.26027864 -0.117479846
vn 0.9993068 0.015567049 -0.03381801
vn 0.7208935 0.28979802 -0.6295471
vn 0.66601664 -0.079881884 -0.74164724
vn 0.84175235 -0.5270613 -0.11687278
vn 0.50974715 -0.4374 -0.7408366
vn 0.66722405 -0.7441654 -0.032091074
vn 0.84175235 -0.5270613 -0.11687278
vn 0.50974715 -0.4374 -0.7408366
vn 0.27587685 -0.72832805 -0.62724
vn 0.46137097 -0.87851197 0.12390837
vn -2.2813437E-07 -0.9083774 -0.41815108
vn 0.25551367 -0.90967137 0.3274302
vn -0.27587277 -0.9501326 -0.14540304
vn 0.081006534 -0.8328871 0.54748213
vn -0.5097488 -0.84723747 0.14948122
vn -0.29524714 -0.3015884 -0.9065722
vn -0.12994659 -0.09594977 -0.9868674
vn 0.5993428 -0.47436196 -0.64480144
vn 0.36764535 -0.76258415 -0.5322613
vn -0.4902542 -0.42884696 -0.758776
vn 0.09433976 -0.9409559 -0.32511812
vn -0.68524283 -0.45835698 -0.56599563
vn -0.1789664 -0.98232174 -0.054907724
vn -0.8505464 -0.38562733 -0.3575784
vn -0.41066343 -0.8803849 0.23722902
vn 0.66721946 -0.744169 -0.0321026
vn 0.84174883 -0.527063 -0.11689076
vn -0.081008956 -0.12572096 -0.98875254
vn -0.2555151 -0.3428114 -0.9039868
vn 0.4613698 -0.87851137 0.12391737
vn -0.4613795 -0.4771614 -0.74796104
vn 0.25551262 -0.9096683 0.32743958
vn -0.6672322 -0.5083139 -0.54444283
vn 0.0809966 -0.8328865 0.54748464
vn -0.8417441 -0.4315373 -0.32441077
vn -0.6930439 0.30144393 -0.6548447
vn -0.6930439 0.30144393 -0.6548447
vn -0.6930439 0.30144393 -0.6548447
vn -0.6930439 0.30144393 -0.6548447
vn -0.6930439 0.30144393 -0.6548447
vn -0.6930439 0.30144393 -0.6548447
vn -0.69304585 0.3014423 -0.65484333
vn -0.6930439 0.30144393 -0.6548447
vn -0.69304585 0.30144233 -0.65484333
vn -0.66722804 -0.50831556 -0.54444623
vn -0.58950305 -0.45680422 -0.66619503
vn -0.46136916 -0.47716373 -0.74796593
vn 0.34109876 -0.85159147 0.3980494
vn -0.84174615 -0.43153858 -0.32440376
vn 0.08099187 -0.83288777 0.54748344
vn 0.46137008 -0.8785113 0.123916
vn -0.25551277 -0.34280354 -0.90399045
vn 0.7036856 -0.7058325 0.08140617
vn 0.8417505 -0.52706325 -0.1168773
vn -0.08100022 -0.12571156 -0.98875445
vn -0.55496025 -0.82517976 0.105343685
vn 0.3411058 -0.85158795 0.39805093
vn 0.0809948 -0.8328869 0.54748434
vn -0.3216081 -0.927843 -0.18887916
vn -0.55424345 -0.8255686 0.1060682
vn -0.04635157 -0.88618034 -0.46101594
vn 0.46137586 -0.8785084 0.12391542
vn 0.7036861 -0.7058322 0.08140365
vn -0.32087415 -0.92823976 -0.18817614
vn -0.5097477 -0.8472389 0.14947683
vn -0.2758727 -0.9501322 -0.1454051
vn -0.04559907 -0.88657534 -0.46033105
vn -2.2813431E-07 -0.90837705 -0.41815162
vn 0.22889964 -0.70653605 -0.6696354
vn 0.84174913 -0.52706486 -0.116879955
vn 0.46224707 -0.41626275 -0.7829768
vn 0.22967622 -0.7069168 -0.66896725
vn 0.2758757 -0.7283279 -0.6272407
vn 0.46304232 -0.41662014 -0.78231657
vn 0.5097459 -0.43740088 -0.7408369
vn -0.8417435 -0.431535 -0.32441515
vn 0.25552756 -0.90966654 0.32743266
vn 0.081009716 -0.8328911 0.5474756
vn -0.7036765 -0.39715236 -0.5891598
vn -0.46137226 -0.4771588 -0.7479671
vn 0.3906144 -0.8831072 0.25988802
vn 0.46137512 -0.8785083 0.123919226
vn -0.34109718 -0.2513951 -0.90578854
vn 0.6672289 -0.7441605 -0.032105736
vn 0.8417478 -0.52706915 -0.11687056
vn -0.08098695 -0.12570919 -0.98875576
vn -0.703685 -0.39715278 -0.58914936
vn 0.18741633 -0.7839728 0.59182894
vn -0.84175014 -0.43153393 -0.3243994
vn 0.34110337 -0.8515904 0.39804804
vn 0.5223881 -0.8241535 0.21881828
vn -0.4613774 -0.4771549 -0.74796647
vn -0.34110975 -0.2514021 -0.90578187
vn 0.70366794 -0.70584816 0.08142171
vn -0.08100156 -0.1257165 -0.9887537
vn 0.8573738 -0.5146499 0.006748572
vn -0.6930443 0.30144203 -0.6548452
vn 0.03561434 0.14107005 -0.9893587
vn 0.07655956 0.41692314 -0.90571165
vn -0.69303554 0.30144686 -0.6548522
vn -0.08099113 -0.12570785 -0.9887556
vn -0.69303507 0.30144703 -0.6548525
vn -0.25552008 -0.34280917 -0.90398616
vn -0.69305336 0.3014359 -0.6548383
vn -0.4613788 -0.47716326 -0.7479604
vn -0.69305587 0.3014313 -0.65483797
vn -0.66722953 -0.508317 -0.54444313
vn -0.69304544 0.30143598 -0.65484667
vn -0.8417469 -0.43154016 -0.32439965
vn -0.69304985 0.3014288 -0.6548455
vn -0.95835805 -0.25851905 -0.121316895
vn -0.6930793 0.30141756 -0.65481937
vn -0.99930537 -0.015585278 0.03385212
vn -0.69309103 0.30142257 -0.6548045
vn 0.07655956 0.41692314 -0.90571165
vn 0.95835847 -0.26028353 -0.1174795
vn 0.9993063 0.015572628 -0.033830363
vn 0.03561434 0.14107005 -0.9893587
vn 0.84175074 -0.5270639 -0.116873235
vn -0.08099113 -0.12570785 -0.9887556
vn -0.99930537 -0.015585278 0.03385212
vn -0.7208922 -0.28980017 0.6295476
vn -0.70703876 -0.46144658 0.5358761
vn -0.95835805 -0.25851905 -0.121316895
vn -0.03561062 -0.659859 0.75054485
vn -0.8417469 -0.43154016 -0.32439965
vn 0.08099805 -0.8328873 0.54748327
vn -0.07655769 -0.41692513 0.9057108
vn -0.72089225 -0.28979903 0.6295481
vn -0.66722953 -0.508317 -0.54444313
vn -0.8417469 -0.43154016 -0.32439965
vn 0.08099805 -0.8328873 0.54748327
vn 0.2555158 -0.90966713 0.32744026
vn -0.4613788 -0.47716326 -0.7479604
vn 0.46137512 -0.87850845 0.123917796
vn -0.25552008 -0.34280917 -0.90398616
vn 0.66723233 -0.7441572 -0.03210915
vn -0.08099113 -0.12570785 -0.9887556
vn 0.84175074 -0.5270639 -0.116873235
vn 0.46137512 -0.87850845 0.123917796
vn 0.2555158 -0.90966713 0.32744026
vn 0.08099805 -0.8328873 0.54748327
vn 0.66723233 -0.7441572 -0.03210915
vn -0.03561062 -0.659859 0.75054485
vn 0.84175074 -0.5270639 -0.116873235
vn -0.07655769 -0.41692513 0.9057108
vn 0.95835847 -0.26028353 -0.1174795
vn 0.9993063 0.015572628 -0.033830363
vn 0.982746 0.077344365 -0.16801196
vn 0.982746 0.07734424 -0.16801204
vn 0.96386254 -0.10136561 -0.24636148
vn 0.90793765 -0.27617377 -0.31524163
vn 0.9079381 -0.27617258 -0.31524116
vn 0.69490886 -0.58763427 -0.41447258
vn 0.69490993 -0.5876332 -0.4144723
vn -0.18495104 0.41093764 -0.8927055
vn -0.18495104 0.41093764 -0.8927055
vn -0.18495104 0.41093764 -0.8927055
vn -0.18495104 0.41093764 -0.8927055
vn -0.18495104 0.41093764 -0.8927055
vn -0.18495104 0.41093764 -0.8927055
vn -0.18495104 0.41093764 -0.8927055
vn -0.18495104 0.41093764 -0.8927055
vn -0.18495104 0.41093764 -0.8927055
vn -0.18495104 0.41093764 -0.8927055
vn -0.90794206 -0.41906825 -0.0047977306
vn -0.9827459 -0.07734339 0.1680131
vn -0.9827459 -0.077343605 0.16801298
vn -0.90794194 -0.41906843 -0.004797846
vn -0.6949157 -0.69699746 -0.17687966
vn -0.6949147 -0.6969985 -0.17688033
vn -0.376082 -0.8688257 -0.32203138
vn -0.6949147 -0.6969985 -0.17688033
vn -0.6949157 -0.69699746 -0.17687966
vn -0.3760824 -0.8688255 -0.32203126
vn -2.2813455E-07 -0.9083785 -0.41814867
vn -2.2813452E-07 -0.90837836 -0.41814882
vn 0.37608773 -0.80963624 -0.4506073
vn 0.37608778 -0.80963624 -0.45060724
vn 0.69490993 -0.5876332 -0.4144723
vn 0.69490886 -0.58763427 -0.41447258
vn 0.8868015 -0.19324876 0.41980702
vn 0.7252823 -0.68686336 0.04673402
vn 0.91038936 -0.17301136 0.3758435
vn 0.61594355 -0.78773606 -0.009231076
vn 0.85293514 -0.21828175 0.47418845
vn 0.600222 -0.79899573 0.036596052
vn 0.87071794 -0.20563962 0.4467242
vn 0.62519383 -0.77990353 0.02971559
vn 0.95946276 -0.11785032 0.25601286
vn 0.71290636 -0.6955082 -0.08962557
vn 0.9921807 0.05218903 -0.11337436
vn 0.74648094 -0.55912673 -0.360754
vn 0.7252823 -0.68686336 0.04673402
vn -0.010636401 -0.39296663 -0.91949105
vn 0.11951161 0.022172011 -0.9925851
vn 0.61594355 -0.78773606 -0.009231076
vn 0.600222 -0.79899573 0.036596052
vn -0.22685349 -0.42428273 -0.8766535
vn 0.62519383 -0.77990353 0.02971559
vn -0.42446953 -0.45513833 -0.7827352
vn 0.71290636 -0.6955082 -0.08962557
vn -0.56538594 -0.5837643 -0.5827159
vn 0.74648094 -0.55912673 -0.360754
vn -0.6319199 -0.7242817 -0.27584967
vn 0.6333862 -0.4381642 -0.63783526
vn -0.55553627 -0.83149207 -0.00020632893
vn 0.48450089 -0.40225747 -0.7768189
vn -0.46282434 -0.8715446 0.16187428
vn 0.291814 -0.30141369 -0.9077413
vn -0.24828042 -0.9453403 0.21139601
vn -0.14086868 -0.2689971 -0.95278347
vn 0.12452113 -0.9690609 0.21310829
vn -0.4536377 -0.36798465 -0.811665
vn 0.42953098 -0.8891258 0.15798238
vn -0.3619272 -0.46620667 -0.80725455
vn 0.56923175 -0.81789106 -0.083840564
vn -0.2765988 -0.27610317 -0.92046726
vn 0.68634695 -0.6775609 -0.26427063
vn 0.9290413 -0.328331 -0.17053196
vn 0.74648094 -0.55912673 -0.360754
vn 0.9921807 0.05218903 -0.11337436
vn 0.8478105 0.22174534 -0.48171178
vn 0.6333862 -0.4381642 -0.63783526
vn 0.66956836 0.31058276 -0.6746973
vn 0.48450089 -0.40225747 -0.7768189
vn 0.38546386 0.38583842 -0.8381802
vn 0.291814 -0.30141369 -0.9077413
vn -0.1838866 0.41102144 -0.89288676
vn -0.14086868 -0.2689971 -0.95278347
vn -0.14086868 -0.2689971 -0.95278347
vn -0.1838866 0.41102144 -0.89288676
vn -0.61383593 0.33010367 -0.7171031
vn -0.4536377 -0.36798465 -0.811665
vn -0.5579267 0.34701985 -0.75385326
vn -0.3619272 -0.46620667 -0.80725455
vn -0.2765988 -0.27610317 -0.92046726
vn -0.35831186 0.39038658 -0.84806305
vn 0.9998202 0.007929424 -0.017228872
vn 0.99801993 -0.026301607 0.057135705
vn 0.68634695 -0.6775609 -0.26427063
vn 0.9290413 -0.328331 -0.17053196
vn 0.9060599 -0.17694148 0.384379
vn 0.68634695 -0.6775609 -0.26427063
vn 0.99801993 -0.026301607 0.057135705
vn 0.56923175 -0.81789106 -0.083840564
vn 0.6402812 -0.32120207 0.69776005
vn 0.42953098 -0.8891258 0.15798238
vn 0.20360056 -0.40939552 0.8893491
vn 0.12452113 -0.9690609 0.21310829
vn -0.38937226 -0.38515174 0.8366883
vn 0.12452113 -0.9690609 0.21310829
vn 0.20360056 -0.40939552 0.8893491
vn -0.24828042 -0.9453403 0.21139601
vn -0.67096037 -0.3100567 0.67355543
vn -0.46282434 -0.8715446 0.16187428
vn -0.8477972 -0.22175466 0.481731
vn -0.55553627 -0.83149207 -0.00020632893
vn -0.9965946 -0.03447946 0.07490119
vn -0.6319199 -0.7242817 -0.27584967
vn -0.89281946 0.18834123 -0.40914658
vn -0.6319199 -0.7242817 -0.27584967
vn -0.9965946 -0.03447946 0.07490119
vn -0.56538594 -0.5837643 -0.5827159
vn -0.63184345 0.32410774 -0.70407945
vn -0.42446953 -0.45513833 -0.7827352
vn -0.3441507 0.39260894 -0.85288817
vn -0.22685349 -0.42428273 -0.8766535
vn -0.015831983 0.41809946 -0.9082632
vn -0.010636401 -0.39296663 -0.91949105
vn -0.010636401 -0.39296663 -0.91949105
vn -0.015831983 0.41809946 -0.9082632
vn 0.13013132 0.41459614 -0.90065295
vn 0.11951161 0.022172011 -0.9925851
vn 0.87164867 0.051214058 -0.48744822
vn 0.96365523 0.11170839 -0.2426722
vn 0.8888245 -0.19161806 0.41626126
vn 0.5764627 -0.81295997 -0.08238056
vn 0.64170086 -0.32070392 0.6966841
vn 0.48786724 -0.86528707 0.11516754
vn 0.34090787 -0.39310035 0.8539636
vn 0.31471083 -0.9243807 0.21558546
vn 0.016367657 -0.41809005 0.908258
vn 0.122729376 -0.9448819 0.30353808
vn 0.64124626 -0.32085583 0.69703275
vn 0.5642809 -0.74119353 0.36361936
vn 0.7159516 -0.29254588 -0.63390076
vn 0.828274 0.23430392 -0.50898296
vn 0.87164867 0.051214058 -0.48744822
vn -0.52472025 -0.44373757 -0.7264747
vn -0.52335054 -0.50967616 -0.6828867
vn 0.5764627 -0.81295997 -0.08238056
vn 0.48786724 -0.86528707 0.11516754
vn -0.40958485 -0.35718566 -0.8394394
vn 0.31471083 -0.9243807 0.21558546
vn -0.15444101 -0.29250854 -0.94370896
vn 0.122729376 -0.9448819 0.30353808
vn 0.16146882 -0.29394913 -0.94208366
vn 0.5642809 -0.74119353 0.36361936
vn 0.7159516 -0.29254588 -0.63390076
vn 0.109001495 0.4156556 -0.90296674
vn 0.16146882 -0.29394913 -0.94208366
vn 0.7159516 -0.29254588 -0.63390076
vn 0.828274 0.23430392 -0.50898296
vn 0.9972584 -0.030921608 0.0672261
vn 0.9972584 -0.030921608 0.0672261
vn 0.9972584 -0.030921608 0.0672261
vn 0.9972584 -0.030921608 0.0672261
vn -0.28985554 0.40018934 -0.8693861
vn 0.16146882 -0.29394913 -0.94208366
vn 0.109001495 0.4156556 -0.90296674
vn -0.15444101 -0.29250854 -0.94370896
vn -0.617303 0.32896402 -0.71464634
vn -0.40958485 -0.35718566 -0.8394394
vn -0.7645809 0.26950964 -0.5854745
vn -0.52472025 -0.44373757 -0.7264747
vn -0.52335054 -0.50967616 -0.6828867
vn -0.7892402 0.25678205 -0.55781955
vn 0.6930468 -0.3014443 0.6548414
vn 0.9998062 -0.008232592 0.01788198
vn 0.81934744 -0.52650213 -0.22685964
vn 0.4994348 -0.8504228 0.16536537
vn 0.9998062 -0.008232592 0.01788198
vn 0.01969032 0.41807258 -0.9082
vn 0.018038059 -0.17794643 -0.9838747
vn 0.81934744 -0.52650213 -0.22685964
vn 0.4994348 -0.8504228 0.16536537
vn 0.81934744 -0.52650213 -0.22685964
vn 0.018038059 -0.17794643 -0.9838747
vn -0.47635153 -0.4379568 -0.7624191
vn -0.47635153 -0.4379568 -0.7624191
vn 0.018038059 -0.17794643 -0.9838747
vn 0.01969032 0.41807258 -0.9082
vn -0.6930457 0.30144507 -0.6548424
vn 0.36829266 -0.9188631 0.14160067
vn -0.03741881 -0.84323967 0.5362337
vn -0.027051121 -0.41799974 0.9080443
vn 0.6877788 -0.30354586 0.65940887
vn -0.4942051 -0.5357932 -0.684607
vn -0.84020734 -0.48967412 -0.23296067
vn -0.03741881 -0.84323967 0.5362337
vn 0.36829266 -0.9188631 0.14160067
vn -0.68777865 0.30354732 -0.6594083
vn -0.999634 0.011312909 -0.024571905
vn -0.84020734 -0.48967412 -0.23296067
vn -0.4942051 -0.5357932 -0.684607
vn -0.999634 0.011312909 -0.024571905
vn -0.027051121 -0.41799974 0.9080443
vn -0.03741881 -0.84323967 0.5362337
vn -0.84020734 -0.48967412 -0.23296067
vn 0.016058631 -0.18312459 -0.9829584
vn 0.8163484 -0.5311709 -0.22678733
vn 0.99980575 -0.008246079 0.017901735
vn 0.019655062 0.4180632 -0.90820515
vn -0.019689545 -0.41806936 0.9082016
vn 0.04866069 -0.4176557 0.90730125
vn -0.03561342 -0.6598582 0.75054556
vn -0.08034382 -0.6569368 0.7496524
vn 0.0809948 -0.8328869 0.54748434
vn 0.3411058 -0.85158795 0.39805093
vn 0.21063444 -0.9277907 0.30795655
vn 0.6624113 -0.74400663 -0.08755025
vn 0.46137586 -0.8785084 0.12391542
vn 0.7036861 -0.7058322 0.08140365
vn 0.73353267 -0.66107166 0.15784171
vn 0.84174913 -0.52706486 -0.116879955
vn 0.9583595 -0.26028073 -0.1174784
vn 0.6930526 -0.30144316 0.6548359
vn 0.99612457 -0.036778115 0.07989432
vn 0.6930515 -0.30144057 0.6548382
vn 0.69304943 -0.30143687 0.6548421
vn 0.6930405 -0.30144766 0.6548466
vn 0.49005 -0.8554764 0.16736487
vn 0.8163484 -0.5311709 -0.22678733
vn 0.99980575 -0.008246079 0.017901735
vn -0.9583569 -0.25850663 -0.12135151
vn -0.996123 0.036785003 -0.07991203
vn -0.999806 0.008238908 -0.017895952
vn -0.9580881 -0.27515596 -0.079726584
vn -0.8417435 -0.431535 -0.32441515
vn -0.7036765 -0.39715236 -0.5891598
vn -0.6588841 -0.54958683 -0.51363975
vn -0.20531492 -0.3665853 -0.9074474
vn -0.46137226 -0.4771588 -0.7479671
vn -0.34109718 -0.2513951 -0.90578854
vn -0.39059845 -0.1721232 -0.9043264
vn -0.08098695 -0.12570919 -0.98875576
vn 0.03562335 0.14107142 -0.9893581
vn -0.6930375 0.30144602 -0.6548504
vn -0.048663918 0.41765368 -0.9073021
vn -0.69304585 0.30144274 -0.65484315
vn -0.6930653 0.3014341 -0.6548265
vn -0.6930493 0.3014444 -0.6548387
vn -0.49008378 -0.42917082 -0.758703
vn 0.019655062 0.4180632 -0.90820515
vn 0.016058631 -0.18312459 -0.9829584
vn -0.999806 0.008238908 -0.017895952
vn -0.019689545 -0.41806936 0.9082016
vn -0.08034382 -0.6569368 0.7496524
vn -0.9580881 -0.27515596 -0.079726584
vn 0.21063444 -0.9277907 0.30795655
vn -0.6588841 -0.54958683 -0.51363975
vn 0.73353267 -0.66107166 0.15784171
vn -0.39059845 -0.1721232 -0.9043264
vn -0.20531492 -0.3665853 -0.9074474
vn 0.6624113 -0.74400663 -0.08755025
vn 0.6624113 -0.74400663 -0.08755025
vn -0.20531492 -0.3665853 -0.9074474
vn -0.6588841 -0.54958683 -0.51363975
vn 0.21063444 -0.9277907 0.30795655
vn 0.6930448 -0.30144638 0.6548426
vn 0.6930448 -0.30144528 0.6548432
vn 0.6930497 -0.30144194 0.6548394
vn 0.6930472 -0.3014453 0.6548406
vn 0.9998062 -0.008237872 0.017879125
vn 0.9961242 -0.036780663 0.07989833
vn 0.8163356 -0.53117746 -0.22681834
vn 0.96006304 -0.27971444 0.006229624
vn 0.7335338 -0.6610698 0.1578436
vn 0.8417505 -0.52706325 -0.1168773
vn 0.7036856 -0.7058325 0.08140617
vn 0.6624111 -0.74400693 -0.087549865
vn 0.46137008 -0.8785113 0.123916
vn 0.34109876 -0.85159147 0.3980494
vn 0.21063459 -0.9277905 0.30795714
vn -0.08034234 -0.6569392 0.7496504
vn 0.08099187 -0.83288777 0.54748344
vn 0.08472293 -0.6315942 0.77065593
vn -0.019698119 -0.4180702 0.90820104
vn 0.048659552 -0.4176547 0.90730184
vn 0.01605497 -0.18311498 -0.9829602
vn 0.8163356 -0.53117746 -0.22681834
vn 0.9998062 -0.008237872 0.017879125
vn 0.019663826 0.41806573 -0.90820384
vn -0.9600629 -0.17715965 -0.21654944
vn -0.99612314 0.03678669 -0.07990976
vn -0.999806 0.008238576 -0.017895222
vn -0.95808834 -0.27515787 -0.0797174
vn -0.84175014 -0.43153393 -0.3243994
vn -0.703685 -0.39715278 -0.58914936
vn -0.6588881 -0.5495866 -0.513635
vn -0.20531976 -0.36658594 -0.907446
vn -0.4613774 -0.4771549 -0.74796647
vn -0.34110975 -0.2514021 -0.90578187
vn -0.3906055 -0.17212552 -0.90432286
vn -0.08100156 -0.1257165 -0.9887537
vn -0.084730096 0.17472267 -0.9809651
vn -0.6930452 0.30144382 -0.6548434
vn -0.048671916 0.4176576 -0.90729976
vn -0.6930503 0.301441 -0.6548391
vn -0.6930452 0.30144203 -0.6548442
vn -0.49006253 -0.429173 -0.75871533
vn -0.693052 0.3014426 -0.6548367
vn 0.01605497 -0.18311498 -0.9829602
vn 0.019663826 0.41806573 -0.90820384
vn -0.999806 0.008238576 -0.017895222
vn -0.019698119 -0.4180702 0.90820104
vn -0.08034234 -0.6569392 0.7496504
vn -0.95808834 -0.27515787 -0.0797174
vn 0.21063459 -0.9277905 0.30795714
vn -0.6588881 -0.5495866 -0.513635
vn 0.7335338 -0.6610698 0.1578436
vn -0.3906055 -0.17212552 -0.90432286
vn -0.20531976 -0.36658594 -0.907446
vn 0.6624111 -0.74400693 -0.087549865
vn 0.6624111 -0.74400693 -0.087549865
vn -0.20531976 -0.36658594 -0.907446
vn -0.6588881 -0.5495866 -0.513635
vn 0.21063459 -0.9277905 0.30795714
vn -0.9312341 -0.15238355 0.33103198
vn -0.9998062 0.0082329875 -0.017881557
vn -0.9153399 -0.32981467 -0.23103037
vn -0.8679338 -0.4610596 0.1847021
vn -0.7547899 -0.65459615 -0.042379543
vn -0.8530641 -0.14533922 -0.5011567
vn -0.91616505 0.16759509 -0.36407888
vn -0.48298356 -0.7913756 -0.37476823
vn -0.27587202 -0.9501327 -0.14540404
vn -0.6660177 -0.6153601 0.42160657
vn -0.43974373 -0.8965775 0.05266778
vn -0.009512486 -0.9973154 0.0726043
vn -0.39446616 -0.66699916 0.6320667
vn 0.035856172 -0.7435431 0.6677258
vn -0.40080106 -0.38309753 0.83222264
vn -0.019692874 -0.4180718 0.9082003
vn 0.93123525 0.15238227 -0.33102927
vn 0.66601807 -0.07988027 -0.74164605
vn 0.86793107 -0.15951638 -0.47037235
vn 0.7208925 0.2897991 -0.6295478
vn 0.3944548 0.046423055 -0.9177418
vn 0.4008007 0.38309637 -0.83222336
vn 0.3944548 0.046423055 -0.9177418
vn 0.4008007 0.38309637 -0.83222336
vn -0.36441696 0.38939822 -0.8459132
vn -0.36058167 0.052641526 -0.9312409
vn 0.03561644 0.1410673 -0.98935896
vn -0.04866559 0.41765976 -0.9072991
vn -0.08100022 -0.12571156 -0.98875445
vn -0.25551277 -0.34280354 -0.90399045
vn -0.46136916 -0.47716373 -0.74796593
vn -0.64028674 -0.06912226 -0.76501954
vn -0.58950305 -0.45680422 -0.66619503
vn -0.66722804 -0.50831556 -0.54444623
vn -0.2652154 -0.7238734 -0.63692045
vn 0.009504852 -0.59339374 -0.804856
vn -0.48298356 -0.7913756 -0.37476823
vn -0.8530641 -0.14533922 -0.5011567
vn -0.84174615 -0.43153858 -0.32440376
vn -0.95835817 -0.25850832 -0.12133897
vn -0.91616505 0.16759509 -0.36407888
vn -0.9961248 0.036776777 -0.07989275
vn -0.36058167 0.052641526 -0.9312409
vn 0.009504852 -0.59339374 -0.804856
vn 0.3944548 0.046423055 -0.9177418
vn 0.66601807 -0.07988027 -0.74164605
vn 0.27587312 -0.7283297 -0.6272397
vn 0.86793107 -0.15951638 -0.47037235
vn -0.18997647 -0.23242724 -0.9538796
vn -0.2652154 -0.7238734 -0.63692045
vn -0.49006048 -0.4291705 -0.758718
vn 0.19643109 -0.35828596 -0.9127134
vn -0.48298356 -0.7913756 -0.37476823
vn -0.7612191 -0.46206096 -0.45502186
vn -0.6864856 -0.7132067 -0.141681
vn -0.27587202 -0.9501327 -0.14540404
vn -0.5712384 -0.7837432 0.24378923
vn 0.18998268 -0.87578624 0.44373944
vn -0.009512486 -0.9973154 0.0726043
vn 0.26521853 -0.9545878 -0.13572377
vn 0.49006242 -0.85546917 0.16736537
vn 0.7612201 -0.64614683 -0.055117518
vn 0.48297715 -0.79933417 -0.35748798
vn 0.5712383 -0.3244727 -0.75392586
vn 0.8530626 -0.47523648 0.2154864
vn -0.39446616 -0.66699916 0.6320667
vn -0.40080106 -0.38309753 0.83222264
vn 0.3644242 -0.38939786 0.84591025
vn 0.3605751 -0.6732184 0.6455711
vn -0.009512486 -0.9973154 0.0726043
vn 0.26521853 -0.9545878 -0.13572377
vn -0.035596117 -0.659863 0.7505421
vn 0.04867118 -0.41765827 0.90729946
vn 0.081009716 -0.8328911 0.5474756
vn 0.25552756 -0.90966654 0.32743266
vn 0.6402947 -0.6261165 0.44497293
vn 0.48297715 -0.79933417 -0.35748798
vn 0.8530626 -0.47523648 0.2154864
vn 0.3906144 -0.8831072 0.25988802
vn 0.46137512 -0.8785083 0.123919226
vn 0.6672289 -0.7441605 -0.032105736
vn 0.8417478 -0.52706915 -0.11687056
vn 0.9583586 -0.26028574 -0.11747427
vn 0.91616285 -0.16759962 0.36408228
vn 0.99612373 -0.03678515 0.07990203
vn 0.93123525 0.15238227 -0.33102927
vn 0.86793107 -0.15951638 -0.47037235
vn -0.7612198 -0.46206218 -0.45501953
vn -0.7612191 -0.46206096 -0.45502186
vn -0.6864856 -0.7132067 -0.141681
vn -0.5712384 -0.7837432 0.24378923
vn -0.5712417 -0.7837421 0.24378522
vn 0.18998268 -0.87578624 0.44373944
vn 0.18997805 -0.8757866 0.4437409
vn 0.76122004 -0.6461468 -0.05512007
vn 0.18997805 -0.8757866 0.4437409
vn 0.18998268 -0.87578624 0.44373944
vn 0.7612201 -0.64614683 -0.055117518
vn 0.49006242 -0.85546917 0.16736537
vn 0.57124174 -0.3244658 -0.75392616
vn -0.18997659 -0.23242429 -0.9538803
vn -0.7612198 -0.46206218 -0.45501953
vn 0.76122004 -0.6461468 -0.05512007
vn -0.5712417 -0.7837421 0.24378522
vn 0.18997805 -0.8757866 0.4437409
vn 0.57124174 -0.3244658 -0.75392616
vn 0.76122004 -0.6461468 -0.05512007
vn 0.7612201 -0.64614683 -0.055117518
vn 0.5712383 -0.3244727 -0.75392586
vn -0.18997659 -0.23242429 -0.9538803
vn 0.19643109 -0.35828596 -0.9127134
vn -0.18997647 -0.23242724 -0.9538796
vn -0.7612191 -0.46206096 -0.45502186
vn -0.7612198 -0.46206218 -0.45501953
vn -0.18997659 -0.23242429 -0.9538803
vn -0.49006048 -0.4291705 -0.758718
vn -0.18997647 -0.23242724 -0.9538796
vn 0.0358572 -0.74354184 0.6677271
vn -0.019692767 -0.41807044 0.908201
vn -0.019692874 -0.4180718 0.9082003
vn 0.035856172 -0.7435431 0.6677258
vn -0.43974373 -0.8965775 0.05266778
vn 0.0358572 -0.74354184 0.6677271
vn 0.035856172 -0.7435431 0.6677258
vn -0.4397408 -0.8965788 0.052672192
vn -0.9153393 -0.3298118 -0.23103705
vn -0.7547899 -0.65459615 -0.042379543
vn -0.9153399 -0.32981467 -0.23103037
vn 0.0358572 -0.74354184 0.6677271
vn -0.4397408 -0.8965788 0.052672192
vn -0.9153393 -0.3298118 -0.23103705
vn -0.019692767 -0.41807044 0.908201
vn -0.9998062 0.008234401 -0.017883664
vn -0.9998062 0.0082329875 -0.017881557
vn -0.9998062 0.008234401 -0.017883664
vn -0.9153393 -0.3298118 -0.23103705
vn -0.9153399 -0.32981467 -0.23103037
vn 0.49006346 -0.8554684 0.16736624
vn -0.016094064 -0.865803 0.50012577
vn -0.019695325 -0.4180633 0.9082043
vn 0.69304943 -0.30143768 0.65484166
vn 0.6930533 -0.30143765 0.6548376
vn 0.45530263 -0.8828895 0.11491504
vn -0.5097583 -0.8472338 0.14946933
vn -0.016094064 -0.865803 0.50012577
vn 0.49006346 -0.8554684 0.16736624
vn -1.7095814E-05 -0.90837455 -0.41815698
vn -1.7095814E-05 -0.90837455 -0.41815698
vn 0.008401086 -0.6433854 -0.7654962
vn -0.457439 -0.48339626 -0.7463762
vn 0.45530263 -0.8828895 0.11491504
vn -0.5097521 -0.8472364 0.14947596
vn -0.5097638 -0.84722924 0.14947689
vn 0.42631322 -0.82517046 -0.37060848
vn -0.50974166 -0.8472414 0.14948316
vn -0.5097273 -0.8472525 0.14946888
vn -2.2813218E-07 -0.9083642 -0.41817945
vn -2.2813337E-07 -0.90837145 -0.418164
vn -2.2813428E-07 -0.90837693 -0.41815194
vn 0.45527893 -0.8828968 0.11495273
vn -0.50975454 -0.84723127 0.14949667
vn -0.8163383 -0.5177315 -0.2560193
vn -2.2813421E-07 -0.90837646 -0.41815287
vn -0.49005732 -0.4291703 -0.7587203
vn -0.45999706 -0.47936264 -0.7474049
vn 0.019681856 0.41807005 -0.90820134
vn 0.008401086 -0.6433854 -0.7654962
vn -0.457439 -0.48339626 -0.7463762
vn -0.6930594 0.3014385 -0.65483075
vn 0.99980587 -0.008237302 0.017900586
vn 0.42631322 -0.82517046 -0.37060848
vn 0.008401086 -0.6433854 -0.7654962
vn 0.019681856 0.41807005 -0.90820134
vn 0.69302636 -0.30144534 0.6548626
vn 0.45527893 -0.8828968 0.11495273
vn 0.42631322 -0.82517046 -0.37060848
vn 0.99980587 -0.008237302 0.017900586
vn -0.6930487 0.30144095 -0.654841
vn -0.6930428 0.30144083 -0.6548473
vn -0.6930476 0.30143866 -0.65484333
vn -0.45999706 -0.47936264 -0.7474049
vn -0.49005732 -0.4291703 -0.7587203
vn -0.8163383 -0.5177315 -0.2560193
vn -0.9998062 0.008231494 -0.01788075
vn -0.50975454 -0.84723127 0.14949667
vn -0.8163383 -0.5177315 -0.2560193
vn -0.9998062 0.008231494 -0.01788075
vn -0.7208903 -0.28979537 0.629552
vn -0.7208638 -0.28980806 0.62957656
vn -0.50974166 -0.8472414 0.14948316
vn -0.5097273 -0.8472525 0.14946888
vn -0.7208775 -0.28980246 0.62956333
vn -0.5097521 -0.8472364 0.14947596
vn -0.7208928 -0.28979853 0.62954766
vn -0.5097638 -0.84722924 0.14947689
vn -0.7208942 -0.28980017 0.6295452
vn -0.7208988 -0.28979093 0.6295444
vn -0.019695325 -0.4180633 0.9082043
vn -0.016094064 -0.865803 0.50012577
vn -0.5097583 -0.8472338 0.14946933
vn -0.720878 -0.28979924 0.6295642
vn -0.7612171 -0.4620609 -0.4550253
vn -0.9606401 0.116161674 -0.25234327
vn -0.5712254 -0.78375024 0.24379681
vn 0.2397779 -0.4059433 0.8818823
vn 0.19000062 -0.8757804 0.44374347
vn 0.96064407 -0.11615029 0.2523332
vn 0.7612203 -0.6461467 -0.055117827
vn 0.19000062 -0.8757804 0.44374347
vn 0.2397779 -0.4059433 0.8818823
vn 0.57123834 -0.32446623 -0.7539286
vn -0.18997562 -0.23241213 -0.9538835
vn -0.7612171 -0.4620609 -0.4550253
vn 0.7612203 -0.6461467 -0.055117827
vn -0.5712254 -0.78375024 0.24379681
vn 0.19000062 -0.8757804 0.44374347
vn 0.57123834 -0.32446623 -0.7539286
vn 0.7612203 -0.6461467 -0.055117827
vn 0.96064407 -0.11615029 0.2523332
vn 0.7208962 0.28980234 -0.629542
vn -0.18997562 -0.23241213 -0.9538835
vn -0.23974487 0.40596202 -0.8818826
vn -0.9606401 0.116161674 -0.25234327
vn -0.7612171 -0.4620609 -0.4550253
vn -0.18997562 -0.23241213 -0.9538835
vn -0.23974487 0.40596202 -0.8818826
vn -0.72090125 -0.28978872 0.6295426
vn -0.7612173 -0.4620623 -0.45502362
vn -0.9606434 0.116159804 -0.25233147
vn -0.5712467 -0.78373706 0.24378937
vn 0.23974417 -0.40595138 0.8818877
vn 0.18997188 -0.87578654 0.4437436
vn 0.96064055 -0.116159275 0.25234282
vn 0.76121795 -0.6461496 -0.055115525
vn 0.18997188 -0.87578654 0.4437436
vn 0.23974417 -0.40595138 0.8818877
vn 0.5712413 -0.32446504 -0.7539268
vn -0.18998283 -0.23241714 -0.9538807
vn -0.7612173 -0.4620623 -0.45502362
vn 0.76121795 -0.6461496 -0.055115525
vn -0.5712467 -0.78373706 0.24378937
vn 0.18997188 -0.87578654 0.4437436
vn 0.5712413 -0.32446504 -0.7539268
vn 0.76121795 -0.6461496 -0.055115525
vn 0.96064055 -0.116159275 0.25234282
vn 0.7208972 0.28980336 -0.62954044
vn -0.18998283 -0.23241714 -0.9538807
vn -0.23975399 0.40596426 -0.8818791
vn -0.9606434 0.116159804 -0.25233147
vn -0.7612173 -0.4620623 -0.45502362
vn -0.18998283 -0.23241714 -0.9538807
vn -0.23975399 0.40596426 -0.8818791
vn -0.68522835 -0.55764085 0.4685068
vn -0.9993067 -0.015566058 0.03382121
vn -0.7208934 -0.28979832 0.62954724
vn -0.9583586 -0.25850773 -0.12133664
vn -0.56395876 -0.7925354 0.23203036
vn -0.8417483 -0.43153402 -0.32440424
vn -0.9993067 -0.015566058 0.03382121
vn -0.6930421 0.30144653 -0.65484536
vn -0.6930387 0.30144864 -0.6548479
vn -0.9583586 -0.25850773 -0.12133664
vn -0.69304293 0.30144557 -0.65484476
vn -0.8417483 -0.43153402 -0.32440424
vn -0.693039 0.3014522 -0.6548461
vn -0.6672294 -0.50831103 -0.5444489
vn -0.6930515 0.30144882 -0.6548345
vn -0.46137518 -0.47715622 -0.747967
vn -0.6930532 0.30144328 -0.6548351
vn -0.25550038 -0.342798 -0.9039961
vn -0.47596577 0.039608374 -0.8785713
vn -0.73855114 0.21915603 -0.6375834
vn -0.7666212 0.15984406 -0.62188566
vn -0.82009244 0.013144195 -0.57207996
vn -0.72089386 -0.28979665 0.6295473
vn -0.9583576 -0.25851467 -0.12132923
vn -0.99930644 -0.015570979 0.033827018
vn -0.66602015 -0.6153604 0.42160243
vn -0.841751 -0.43153417 -0.32439718
vn -0.50974727 -0.84723884 0.14947893
vn 0.72088856 0.2897982 -0.6295527
vn 0.0765518 0.41692227 -0.9057126
vn 0.03560343 0.14106573 -0.9893597
vn 0.65450835 -0.11763313 -0.7468475
vn -0.08100487 -0.12571974 -0.988753
vn 0.4980628 -0.4564919 -0.7372573
vn -0.841751 -0.43153417 -0.32439718
vn -0.66723734 -0.5083147 -0.54443574
vn -0.46137914 -0.47716278 -0.7479604
vn -0.25552565 -0.3428129 -0.90398324
vn -0.9583576 -0.25851467 -0.12132923
vn -0.08100487 -0.12571974 -0.988753
vn -0.99930644 -0.015570979 0.033827018
vn 0.03560343 0.14106573 -0.9893597
vn 0.0765518 0.41692227 -0.9057126
vn 0.27586994 -0.7283366 -0.627233
vn 0.4980628 -0.4564919 -0.7372573
vn -0.08100487 -0.12571974 -0.988753
vn -0.25552565 -0.3428129 -0.90398324
vn -2.2813455E-07 -0.90837854 -0.41814855
vn -0.46137914 -0.47716278 -0.7479604
vn -0.2758768 -0.9501315 -0.14540291
vn -0.66723734 -0.5083147 -0.54443574
vn -0.50974727 -0.84723884 0.14947893
vn -0.841751 -0.43153417 -0.32439718
vn -0.47596577 0.039608374 -0.8785713
vn -0.25550038 -0.342798 -0.9039961
vn 0.19405515 -0.7968505 -0.57216394
vn -0.46137518 -0.47715622 -0.747967
vn -0.091909826 -0.93791234 -0.33447397
vn -0.6672294 -0.50831103 -0.5444489
vn -0.3574582 -0.93253773 -0.050961263
vn -0.8417483 -0.43153402 -0.32440424
vn -0.56395876 -0.7925354 0.23203036
vn -0.65093756 -0.6599537 0.37515473
vn -0.7254341 -0.28781247 0.62522745
vn -0.07980148 -0.41681913 0.90547967
vn -0.03874738 -0.66040885 0.7499057
vn 0.07822198 -0.8339401 0.5462828
vn -0.5143308 -0.8451823 0.14536324
vn -0.65123075 -0.65989435 0.37475017
vn -0.5150853 -0.8445898 0.14613344
vn -0.5161065 -0.84372 0.14754811
vn -0.67083335 -0.6131421 0.4171799
vn -0.72590595 -0.28759906 0.62477773
vn -0.7256623 -0.28770727 0.625011
vn -0.67060053 -0.61319256 0.41748
vn -0.51649666 -0.84333575 0.14837685
vn -0.725418 -0.28781638 0.6252443
vn 0.6661082 -0.74503297 -0.035007484
vn 0.8411535 -0.5273116 -0.12001315
vn 0.50518346 -0.43555218 -0.74503946
vn 0.27122703 -0.72645646 -0.6314243
vn 0.45971826 -0.8797277 0.12140043
vn 0.50509685 -0.4356955 -0.7450144
vn -0.004459864 -0.90635824 -0.4224863
vn 0.25331655 -0.91097367 0.32551113
vn 0.27108526 -0.72659045 -0.631331
vn 0.5050278 -0.4356951 -0.74506134
vn 0.2710308 -0.72660017 -0.6313433
vn 0.48832288 -0.46267325 -0.73991483
vn 0.24279383 -0.7517742 -0.6130958
vn -0.004281947 -0.90627027 -0.42267668
vn -0.037244882 -0.91857475 -0.39348826
vn -0.14421925 -0.9453517 -0.29242197
vn -0.28012353 -0.9481603 -0.15007517
vn -0.0043709315 -0.9063229 -0.4225628
vn -0.28023753 -0.948171 -0.14979473
vn -0.2800019 -0.9481868 -0.15013494
vn -0.51649666 -0.84333575 0.14837685
vn -0.5161065 -0.84372 0.14754811
vn -0.28008065 -0.94818944 -0.14997146
vn -0.5150853 -0.8445898 0.14613344
vn -0.5143308 -0.8451823 0.14536324
vn 0.07822198 -0.8339401 0.5462828
vn -0.14450806 -0.9453987 -0.29212713
vn -0.2799012 -0.94818795 -0.15031546
vn -0.14421028 -0.9453538 -0.29241943
vn -0.2801516 -0.9481576 -0.15003945
vn -0.5151918 -0.8444646 0.14648116
vn -0.51556665 -0.8441411 0.14702591
vn 0.18495391 -0.41093808 0.89270467
vn 0.1849539 -0.41093808 0.89270467
vn 0.18495207 -0.41093612 0.892706
vn 0.18495207 -0.41093612 0.892706
vn 0.18495207 -0.41093612 0.892706
vn 0.18495207 -0.41093612 0.892706
vn 0.18495207 -0.41093612 0.892706
vn 0.18495207 -0.41093612 0.892706
vn 0.18495207 -0.41093612 0.892706
vn -0.51556665 -0.8441411 0.14702591
vn -0.5151918 -0.8444646 0.14648116
vn -0.67047197 -0.6134894 0.4172503
vn -0.67053413 -0.61337763 0.4173146
vn -0.7254191 -0.28781956 0.6252416
vn -0.7253697 -0.2878417 0.62528867
vn -0.17754616 0.5930925 -0.78531414
vn -0.14622667 0.41260627 -0.899096
vn -0.97083586 -0.12001473 0.2075429
vn -0.92309505 -0.35568923 -0.14622125
vn 0.20683694 0.47374344 -0.85602885
vn -0.2841931 -0.53823113 -0.79343635
vn 0.9827221 -0.07844234 0.16764307
vn -0.052239183 -0.7344666 0.67663103
vn -0.27675572 -0.42190716 0.86336577
vn 0.9536255 0.10108201 0.28351504
vn 0.4841058 -0.8724023 -0.067496136
vn 0.98307884 0.13611889 -0.12258716
vn -0.14622667 0.41260627 -0.899096
vn -0.17754616 0.5930925 -0.78531414
vn 0.9536255 0.10108201 0.28351504
vn 0.9827221 -0.07844234 0.16764307
vn -0.27675572 -0.42190716 0.86336577
vn -0.052239183 -0.7344666 0.67663103
vn -0.92309505 -0.35568923 -0.14622125
vn -0.97083586 -0.12001473 0.2075429
vn 0.98307884 0.13611889 -0.12258716
vn 0.20683694 0.47374344 -0.85602885
vn -0.2841931 -0.53823113 -0.79343635
vn 0.4841058 -0.8724023 -0.067496136
vn -0.17754616 0.5930925 -0.78531414
vn 0.20683694 0.47374344 -0.85602885
vn 0.98307884 0.13611889 -0.12258716
vn 0.9536255 0.10108201 0.28351504
vn -0.052239183 -0.7344666 0.67663103
vn 0.4841058 -0.8724023 -0.067496136
vn -0.2841931 -0.53823113 -0.79343635
vn -0.92309505 -0.35568923 -0.14622125
vn 0.13083954 -0.5597893 -0.81824005
vn -0.4073716 -0.5577058 -0.7231959
vn -2.281346E-07 -0.9083788 -0.41814804
vn -0.5611796 -0.8080076 -0.17944661
vn -0.8238854 -0.38903928 -0.41214216
vn -0.13085109 -0.98562896 0.10683288
vn 0.4073636 -0.9120757 0.046612427
vn 0.09793959 -0.81399924 0.57254946
vn -0.50064254 -0.74967587 0.43283135
vn -0.24888612 -0.40499324 0.87979305
vn -0.7208838 -0.28980118 0.6295567
vn -0.9079971 -0.39901263 0.12778959
vn -0.968538 0.10406217 -0.22606483
vn 0.4073614 0.5577071 0.72320086
vn 0.09793399 0.09438752 0.9907067
vn -0.13084184 0.5597942 0.8182363
vn 0.6591266 -0.005982861 0.75200814
vn 0.8238889 0.38903695 0.41213745
vn 0.2974929 -0.3992161 0.867251
vn -0.24888612 -0.40499324 0.87979305
vn 0.09793959 -0.81399924 0.57254946
vn 0.6591329 -0.5673917 0.4935691
vn 0.4073636 -0.9120757 0.046612427
vn 0.82388943 -0.5660815 -0.027525593
vn 0.9685353 -0.10406676 0.22607408
vn 0.9079995 0.39900702 -0.12778994
vn 0.4073614 0.5577071 0.72320086
vn -0.13084184 0.5597942 0.8182363
vn 2.2813411E-07 0.90837586 0.41815448
vn 0.56118256 0.8080048 0.1794504
vn 0.8238889 0.38903695 0.41213745
vn 0.9079995 0.39900702 -0.12778994
vn 0.13084976 0.9856286 -0.10683727
vn -0.40736312 0.91207564 -0.0466175
vn -0.09793844 0.81399584 -0.5725544
vn 0.5006384 0.7496763 -0.4328354
vn 0.72088236 0.28980464 -0.6295569
vn 0.24886988 0.40499553 -0.8797966
vn -0.40736312 0.91207564 -0.0466175
vn -0.65912515 0.5673922 -0.49357894
vn -0.09793844 0.81399584 -0.5725544
vn -0.29746893 0.3992216 -0.8672566
vn 0.24886988 0.40499553 -0.8797966
vn -0.09794856 -0.094380274 -0.99070585
vn -0.65911895 0.0059861615 -0.7520148
vn -0.968538 0.10406217 -0.22606483
vn -0.8238854 -0.38903928 -0.41214216
vn -0.4073716 -0.5577058 -0.7231959
vn 0.13083954 -0.5597893 -0.81824005
vn 2.2813406E-07 0.9083755 0.41815495
vn 2.2813418E-07 0.9083763 0.41815343
vn 0.73353153 0.30997923 0.60485065
vn -1.3034132E-05 0.90837866 0.41814822
vn 0.81633514 0.51772726 0.2560377
vn -1.5487793E-05 0.90838057 0.41814405
vn 0.016056241 0.8658042 -0.50012505
vn -0.39060038 0.7989306 -0.45731965
vn 2.2813416E-07 0.90837616 0.41815346
vn 2.2813457E-07 0.90837866 0.41814822
vn -0.49006474 0.85547066 -0.16735062
vn 0.4900351 0.42916268 0.75873905
vn 0.7335326 0.30997404 0.6048519
vn 2.2813427E-07 0.90837675 0.41815245
vn 0.81632483 0.5177348 0.2560555
vn 2.2813374E-07 0.9083736 0.4181593
vn 2.2813478E-07 0.9083799 0.41814536
vn 2.2813484E-07 0.9083802 0.418145
vn 0.016048688 0.86582696 -0.5000858
vn -0.3906147 0.7989242 -0.4573184
vn 2.2813397E-07 0.908375 0.418156
vn 2.2813452E-07 0.90837836 0.41814893
vn -0.4900868 0.85545796 -0.16735128
vn 0.7335338 -0.6610698 0.1578436
vn -2.2813434E-07 -0.90837723 -0.41815126
vn 1.2667707E-05 -0.90837896 -0.41814774
vn -2.2813428E-07 -0.9083769 -0.41815215
vn 0.8163356 -0.53117746 -0.22681834
vn -2.281345E-07 -0.9083782 -0.41814935
vn 0.01605497 -0.18311498 -0.9829602
vn -0.3906055 -0.17212552 -0.90432286
vn -2.2813457E-07 -0.90837866 -0.41814816
vn -2.2813452E-07 -0.90837836 -0.41814888
vn -0.49006253 -0.429173 -0.75871533
vn -2.2813413E-07 -0.9083759 -0.4181543
vn 0.73353267 -0.66107166 0.15784171
vn 0.49005 -0.8554764 0.16736487
vn 0.8163484 -0.5311709 -0.22678733
vn -1.31236975E-05 -0.908376 -0.41815403
vn -2.2813416E-07 -0.9083761 -0.41815382
vn -2.2813421E-07 -0.90837646 -0.418153
vn 0.016058631 -0.18312459 -0.9829584
vn -0.39059845 -0.1721232 -0.9043264
vn -2.2813421E-07 -0.90837646 -0.41815293
vn -2.2813427E-07 -0.90837675 -0.41815245
vn -0.49008378 -0.42917082 -0.758703
vn 0.09793399 0.09438752 0.9907067
vn -0.5006335 0.15869908 0.850988
vn -0.13084184 0.5597942 0.8182363
vn -0.24888612 -0.40499324 0.87979305
vn -0.7208838 -0.28980118 0.6295567
vn -0.5611739 0.66177195 0.4971333
vn 2.2813411E-07 0.90837586 0.41815448
vn -0.40736312 0.91207564 -0.0466175
vn -0.9079969 0.16239429 0.38622493
vn -0.9079971 -0.39901263 0.12778959
vn -0.968538 0.10406217 -0.22606483
vn -0.823888 0.5660835 0.027532171
vn -0.65912515 0.5673922 -0.49357894
vn 0.5006325 -0.1586931 -0.8509897
vn -0.09794856 -0.094380274 -0.99070585
vn 0.13083954 -0.5597893 -0.81824005
vn 0.24886988 0.40499553 -0.8797966
vn 0.72088236 0.28980464 -0.6295569
vn 0.5611871 -0.6617669 -0.4971252
vn -2.281346E-07 -0.9083788 -0.41814804
vn 0.4073636 -0.9120757 0.046612427
vn 0.82388943 -0.5660815 -0.027525593
vn 0.90799946 -0.16239417 -0.38621914
vn 0.9079995 0.39900702 -0.12778994
vn 0.9685353 -0.10406676 0.22607408
g 0.0000_0
f 3/3/3 2/2/2 1/1/1
f 2/2/2 4/4/4 1/1/1
f 2/2/2 5/5/5 4/4/4
f 4/4/4 6/6/6 1/1/1
f 6/6/6 7/7/7 1/1/1
f 8/8/8 1/1/1 7/7/7
f 5/5/5 9/9/9 4/4/4
f 9/9/9 10/10/10 4/4/4
f 10/10/10 6/6/6 4/4/4
f 11/11/11 9/9/9 5/5/5
f 9/9/9 11/11/11 10/10/10
f 12/12/12 11/11/11 5/5/5
f 11/11/11 12/12/12 13/13/13
f 12/12/12 14/14/14 13/13/13
f 11/11/11 13/13/13 15/15/15
f 16/16/16 11/11/11 15/15/15
f 11/11/11 16/16/16 10/10/10
f 16/16/16 15/15/15 17/17/17
f 15/15/15 18/18/18 17/17/17
f 16/16/16 17/17/17 19/19/19
f 10/10/10 16/16/16 19/19/19
f 10/10/10 19/19/19 20/20/20
f 6/6/6 10/10/10 20/20/20
f 6/6/6 20/20/20 21/21/21
f 7/7/7 6/6/6 21/21/21
f 7/7/7 21/21/21 22/22/22
f 23/23/23 7/7/7 22/22/22
f 23/23/23 22/22/22 24/24/24
f 23/23/23 8/8/8 7/7/7
f 25/25/25 23/23/23 24/24/24
f 8/8/8 23/23/23 25/25/25
f 26/26/26 8/8/8 25/25/25
f 29/29/29 28/28/28 27/27/27
f 30/30/30 29/29/29 27/27/27
f 30/30/30 27/27/27 31/31/31
f 32/32/32 30/30/30 31/31/31
f 29/29/29 30/30/30 33/33/33
f 34/34/34 29/29/29 33/33/33
f 35/35/35 29/29/29 34/34/34
f 36/36/36 34/34/34 33/33/33
f 37/37/37 36/36/36 33/33/33
f 38/38/38 35/35/35 34/34/34
f 38/38/38 39/39/39 35/35/35
f 39/39/39 40/40/40 35/35/35
f 41/41/41 40/40/40 39/39/39
f 42/42/42 41/41/41 39/39/39
f 41/41/41 42/42/42 43/43/43
f 42/42/42 44/44/44 43/43/43
f 47/47/47 46/46/46 45/45/45
f 46/46/46 48/48/48 45/45/45
f 46/46/46 49/49/49 48/48/48
f 49/49/49 50/50/50 48/48/48
f 48/48/48 50/50/50 51/51/51
f 50/50/50 52/52/52 51/51/51
f 55/55/55 54/54/54 53/53/53
f 56/56/56 55/55/55 53/53/53
f 59/59/59 58/58/58 57/57/57
f 60/60/60 59/59/59 57/57/57
f 63/63/63 62/62/62 61/61/61
f 64/64/64 63/63/63 61/61/61
f 67/67/67 66/66/66 65/65/65
f 68/68/68 67/67/67 65/65/65
f 68/68/68 65/65/65 69/69/69
f 70/70/70 68/68/68 69/69/69
f 68/68/68 70/70/70 71/71/71
f 70/70/70 72/72/72 71/71/71
f 72/72/72 73/73/73 71/71/71
f 73/73/73 74/74/74 71/71/71
f 75/75/75 71/71/71 74/74/74
f 74/74/74 73/73/73 76/76/76
f 77/77/77 74/74/74 76/76/76
f 78/78/78 75/75/75 74/74/74
f 78/78/78 74/74/74 79/79/79
f 74/74/74 80/80/80 79/79/79
f 83/83/83 82/82/82 81/81/81
f 84/84/84 83/83/83 81/81/81
f 87/87/87 86/86/86 85/85/85
f 88/88/88 87/87/87 85/85/85
f 91/91/91 90/90/90 89/89/89
f 92/92/92 91/91/91 89/89/89
f 91/91/91 92/92/92 93/93/93
f 92/92/92 94/94/94 93/93/93
f 93/93/93 94/94/94 95/95/95
f 96/96/96 93/93/93 95/95/95
f 96/96/96 95/95/95 97/97/97
f 95/95/95 98/98/98 97/97/97
f 99/99/99 95/95/95 94/94/94
f 95/95/95 99/99/99 98/98/98
f 99/99/99 100/100/100 98/98/98
f 100/100/100 99/99/99 101/101/101
f 99/99/99 102/102/102 101/101/101
f 103/103/103 99/99/99 94/94/94
f 99/99/99 103/103/103 102/102/102
f 103/103/103 104/104/104 102/102/102
f 103/103/103 105/105/105 104/104/104
f 105/105/105 106/106/106 104/104/104
f 109/109/109 108/108/108 107/107/107
f 110/110/110 109/109/109 107/107/107
f 110/110/110 107/107/107 111/111/111
f 112/112/112 110/110/110 111/111/111
f 112/112/112 111/111/111 113/113/113
f 111/111/111 114/114/114 113/113/113
f 117/117/117 116/116/116 115/115/115
f 118/118/118 117/117/117 115/115/115
f 117/117/117 118/118/118 119/119/119
f 118/118/118 120/120/120 119/119/119
f 120/120/120 121/121/121 119/119/119
f 121/121/121 122/122/122 119/119/119
f 122/122/122 121/121/121 123/123/123
f 121/121/121 124/124/124 123/123/123
f 124/124/124 125/125/125 123/123/123
f 125/125/125 126/126/126 123/123/123
f 126/126/126 125/125/125 127/127/127
f 128/128/128 126/126/126 127/127/127
f 131/131/131 130/130/130 129/129/129
f 129/129/129 132/132/132 131/131/131
f 135/135/135 134/134/134 133/133/133
f 134/134/134 136/136/136 133/133/133
f 134/134/134 137/137/137 136/136/136
f 137/137/137 138/138/138 136/136/136
f 138/138/138 139/139/139 136/136/136
f 136/136/136 140/140/140 133/133/133
f 139/139/139 140/140/140 136/136/136
f 139/139/139 141/141/141 140/140/140
f 140/140/140 142/142/142 133/133/133
f 141/141/141 143/143/143 140/140/140
f 140/140/140 143/143/143 142/142/142
f 143/143/143 144/144/144 142/142/142
f 147/147/147 146/146/146 145/145/145
f 148/148/148 147/147/147 145/145/145
f 145/145/145 149/149/149 148/148/148
f 150/150/150 149/149/149 145/145/145
f 151/151/151 150/150/150 145/145/145
f 152/152/152 150/150/150 151/151/151
f 153/153/153 152/152/152 151/151/151
f 154/154/154 152/152/152 153/153/153
f 155/155/155 154/154/154 153/153/153
f 156/156/156 154/154/154 155/155/155
f 157/157/157 156/156/156 155/155/155
f 158/158/158 156/156/156 157/157/157
f 148/148/148 158/158/158 157/157/157
f 149/149/149 158/158/158 148/148/148
f 158/158/158 149/149/149 159/159/159
f 160/160/160 158/158/158 159/159/159
f 163/163/163 162/162/162 161/161/161
f 162/162/162 164/164/164 161/161/161
f 162/162/162 165/165/165 164/164/164
f 165/165/165 166/166/166 164/164/164
f 169/169/169 168/168/168 167/167/167
f 168/168/168 170/170/170 167/167/167
f 167/167/167 170/170/170 171/171/171
f 170/170/170 172/172/172 171/171/171
f 170/170/170 173/173/173 172/172/172
f 173/173/173 174/174/174 172/172/172
f 177/177/177 176/176/176 175/175/175
f 176/176/176 178/178/178 175/175/175
f 175/175/175 178/178/178 179/179/179
f 178/178/178 180/180/180 179/179/179
f 178/178/178 181/181/181 180/180/180
f 181/181/181 182/182/182 180/180/180
f 185/185/185 184/184/184 183/183/183
f 184/184/184 186/186/186 183/183/183
f 183/183/183 186/186/186 187/187/187
f 186/186/186 188/188/188 187/187/187
f 187/187/187 188/188/188 189/189/189
f 188/188/188 190/190/190 189/189/189
f 189/189/189 190/190/190 191/191/191
f 190/190/190 192/192/192 191/191/191
f 191/191/191 192/192/192 193/193/193
f 192/192/192 194/194/194 193/193/193
f 197/197/197 196/196/196 195/195/195
f 196/196/196 198/198/198 195/195/195
f 196/196/196 199/199/199 198/198/198
f 199/199/199 200/200/200 198/198/198
f 198/198/198 200/200/200 201/201/201
f 200/200/200 202/202/202 201/201/201
f 205/205/205 204/204/204 203/203/203
f 206/206/206 205/205/205 203/203/203
f 207/207/207 206/206/206 203/203/203
f 208/208/208 207/207/207 203/203/203
f 211/211/211 210/210/210 209/209/209
f 210/210/210 212/212/212 209/209/209
f 212/212/212 210/210/210 213/213/213
f 214/214/214 212/212/212 213/213/213
f 214/214/214 213/213/213 215/215/215
f 216/216/216 214/214/214 215/215/215
f 216/216/216 215/215/215 217/217/217
f 218/218/218 216/216/216 217/217/217
f 218/218/218 217/217/217 219/219/219
f 220/220/220 218/218/218 219/219/219
f 223/223/223 222/222/222 221/221/221
f 224/224/224 223/223/223 221/221/221
f 224/224/224 225/225/225 223/223/223
f 225/225/225 226/226/226 223/223/223
f 225/225/225 224/224/224 227/227/227
f 224/224/224 228/228/228 227/227/227
f 229/229/229 225/225/225 227/227/227
f 229/229/229 230/230/230 225/225/225
f 230/230/230 226/226/226 225/225/225
f 230/230/230 231/231/231 226/226/226
f 234/234/234 233/233/233 232/232/232
f 235/235/235 234/234/234 232/232/232
f 235/235/235 232/232/232 236/236/236
f 232/232/232 237/237/237 236/236/236
f 236/236/236 237/237/237 238/238/238
f 239/239/239 236/236/236 238/238/238
f 237/237/237 240/240/240 238/238/238
f 241/241/241 239/239/239 238/238/238
f 240/240/240 242/242/242 238/238/238
f 243/243/243 241/241/241 238/238/238
f 242/242/242 244/244/244 238/238/238
f 238/238/238 245/245/245 243/243/243
f 244/244/244 246/246/246 238/238/238
f 246/246/246 245/245/245 238/238/238
f 249/249/249 248/248/248 247/247/247
f 248/248/248 250/250/250 247/247/247
f 248/248/248 251/251/251 250/250/250
f 251/251/251 252/252/252 250/250/250
f 250/250/250 252/252/252 253/253/253
f 252/252/252 254/254/254 253/253/253
f 251/251/251 255/255/255 252/252/252
f 254/254/254 252/252/252 256/256/256
f 255/255/255 257/257/257 252/252/252
f 252/252/252 257/257/257 256/256/256
f 255/255/255 258/258/258 257/257/257
f 258/258/258 259/259/259 257/257/257
f 259/259/259 260/260/260 257/257/257
f 260/260/260 261/261/261 257/257/257
f 256/256/256 257/257/257 261/261/261
f 262/262/262 256/256/256 261/261/261
f 265/265/265 264/264/264 263/263/263
f 266/266/266 265/265/265 263/263/263
f 269/269/269 268/268/268 267/267/267
f 268/268/268 270/270/270 267/267/267
f 268/268/268 271/271/271 270/270/270
f 271/271/271 272/272/272 270/270/270
f 271/271/271 273/273/273 272/272/272
f 273/273/273 274/274/274 272/272/272
f 273/273/273 275/275/275 274/274/274
f 275/275/275 276/276/276 274/274/274
f 279/279/279 278/278/278 277/277/277
f 278/278/278 280/280/280 277/277/277
f 278/278/278 281/281/281 280/280/280
f 281/281/281 282/282/282 280/280/280
f 281/281/281 283/283/283 282/282/282
f 283/283/283 284/284/284 282/282/282
f 283/283/283 285/285/285 284/284/284
f 285/285/285 286/286/286 284/284/284
f 289/289/289 288/288/288 287/287/287
f 288/288/288 290/290/290 287/287/287
f 287/287/287 290/290/290 291/291/291
f 288/288/288 292/292/292 290/290/290
f 290/290/290 293/293/293 291/291/291
f 292/292/292 294/294/294 290/290/290
f 290/290/290 294/294/294 293/293/293
f 292/292/292 295/295/295 294/294/294
f 294/294/294 296/296/296 293/293/293
f 295/295/295 297/297/297 294/294/294
f 294/294/294 297/297/297 296/296/296
f 295/295/295 298/298/298 297/297/297
f 297/297/297 299/299/299 296/296/296
f 298/298/298 300/300/300 297/297/297
f 297/297/297 300/300/300 299/299/299
f 300/300/300 301/301/301 299/299/299
f 304/304/304 303/303/303 302/302/302
f 303/303/303 305/305/305 302/302/302
f 303/303/303 306/306/306 305/305/305
f 306/306/306 307/307/307 305/305/305
f 306/306/306 308/308/308 307/307/307
f 308/308/308 309/309/309 307/307/307
f 312/312/312 311/311/311 310/310/310
f 311/311/311 313/313/313 310/310/310
f 310/310/310 313/313/313 314/314/314
f 313/313/313 315/315/315 314/314/314
f 314/314/314 315/315/315 316/316/316
f 315/315/315 317/317/317 316/316/316
f 316/316/316 317/317/317 318/318/318
f 317/317/317 319/319/319 318/318/318
f 318/318/318 319/319/319 320/320/320
f 319/319/319 321/321/321 320/320/320
f 324/324/324 323/323/323 322/322/322
f 323/323/323 325/325/325 322/322/322
f 322/322/322 325/325/325 326/326/326
f 323/323/323 327/327/327 325/325/325
f 325/325/325 328/328/328 326/326/326
f 327/327/327 329/329/329 325/325/325
f 325/325/325 329/329/329 328/328/328
f 327/327/327 330/330/330 329/329/329
f 329/329/329 331/331/331 328/328/328
f 330/330/330 332/332/332 329/329/329
f 329/329/329 332/332/332 331/331/331
f 332/332/332 333/333/333 331/331/331
f 336/336/336 335/335/335 334/334/334
f 335/335/335 337/337/337 334/334/334
f 334/334/334 337/337/337 338/338/338
f 335/335/335 339/339/339 337/337/337
f 337/337/337 340/340/340 338/338/338
f 339/339/339 341/341/341 337/337/337
f 337/337/337 341/341/341 340/340/340
f 339/339/339 342/342/342 341/341/341
f 341/341/341 343/343/343 340/340/340
f 342/342/342 344/344/344 341/341/341
f 341/341/341 344/344/344 343/343/343
f 344/344/344 345/345/345 343/343/343
f 348/348/348 347/347/347 346/346/346
f 346/346/346 349/349/349 348/348/348
f 346/346/346 350/350/350 349/349/349
f 346/346/346 351/351/351 350/350/350
f 351/351/351 352/352/352 350/350/350
f 351/351/351 353/353/353 352/352/352
f 351/351/351 354/354/354 353/353/353
f 354/354/354 355/355/355 353/353/353
f 358/358/358 357/357/357 356/356/356
f 359/359/359 358/358/358 356/356/356
f 356/356/356 360/360/360 359/359/359
f 360/360/360 361/361/361 359/359/359
f 361/361/361 362/362/362 359/359/359
f 361/361/361 363/363/363 362/362/362
f 363/363/363 364/364/364 362/362/362
f 367/367/367 366/366/366 365/365/365
f 368/368/368 367/367/367 365/365/365
f 369/369/369 367/367/367 368/368/368
f 370/370/370 369/369/369 368/368/368
f 368/368/368 371/371/371 370/370/370
f 371/371/371 372/372/372 370/370/370
f 371/371/371 373/373/373 372/372/372
f 373/373/373 374/374/374 372/372/372
f 375/375/375 373/373/373 371/371/371
f 376/376/376 375/375/375 371/371/371
f 379/379/379 378/378/378 377/377/377
f 380/380/380 379/379/379 377/377/377
f 381/381/381 380/380/380 377/377/377
f 377/377/377 382/382/382 381/381/381
f 382/382/382 383/383/383 381/381/381
f 382/382/382 384/384/384 383/383/383
f 384/384/384 385/385/385 383/383/383
f 388/388/388 387/387/387 386/386/386
f 387/387/387 389/389/389 386/386/386
f 386/386/386 389/389/389 390/390/390
f 389/389/389 387/387/387 391/391/391
f 389/389/389 392/392/392 390/390/390
f 389/389/389 391/391/391 393/393/393
f 392/392/392 389/389/389 393/393/393
f 393/393/393 394/394/394 392/392/392
f 397/397/397 396/396/396 395/395/395
f 398/398/398 397/397/397 395/395/395
f 395/395/395 399/399/399 398/398/398
f 399/399/399 400/400/400 398/398/398
f 398/398/398 400/400/400 401/401/401
f 399/399/399 402/402/402 400/400/400
f 400/400/400 403/403/403 401/401/401
f 402/402/402 404/404/404 400/400/400
f 400/400/400 404/404/404 403/403/403
f 402/402/402 405/405/405 404/404/404
f 404/404/404 406/406/406 403/403/403
f 405/405/405 407/407/407 404/404/404
f 404/404/404 407/407/407 406/406/406
f 405/405/405 408/408/408 407/407/407
f 407/407/407 409/409/409 406/406/406
f 408/408/408 410/410/410 407/407/407
f 407/407/407 410/410/410 409/409/409
f 410/410/410 411/411/411 409/409/409
f 414/414/414 413/413/413 412/412/412
f 413/413/413 415/415/415 412/412/412
f 412/412/412 415/415/415 416/416/416
f 415/415/415 417/417/417 416/416/416
f 416/416/416 417/417/417 418/418/418
f 419/419/419 417/417/417 415/415/415
f 417/417/417 419/419/419 418/418/418
f 419/419/419 415/415/415 413/413/413
f 418/418/418 419/419/419 420/420/420
f 421/421/421 419/419/419 413/413/413
f 419/419/419 421/421/421 420/420/420
f 413/413/413 422/422/422 421/421/421
f 420/420/420 421/421/421 423/423/423
f 421/421/421 422/422/422 423/423/423
f 426/426/426 425/425/425 424/424/424
f 427/427/427 426/426/426 424/424/424
f 430/430/430 429/429/429 428/428/428
f 431/431/431 430/430/430 428/428/428
f 434/434/434 433/433/433 432/432/432
f 435/435/435 434/434/434 432/432/432
f 438/438/438 437/437/437 436/436/436
f 439/439/439 438/438/438 436/436/436
f 442/442/442 441/441/441 440/440/440
f 443/443/443 442/442/442 440/440/440
f 446/446/446 445/445/445 444/444/444
f 447/447/447 446/446/446 444/444/444
f 447/447/447 444/444/444 448/448/448
f 449/449/449 447/447/447 448/448/448
f 452/452/452 451/451/451 450/450/450
f 451/451/451 453/453/453 450/450/450
f 451/451/451 454/454/454 453/453/453
f 454/454/454 455/455/455 453/453/453
f 458/458/458 457/457/457 456/456/456
f 457/457/457 459/459/459 456/456/456
f 457/457/457 460/460/460 459/459/459
f 460/460/460 461/461/461 459/459/459
f 464/464/464 463/463/463 462/462/462
f 463/463/463 465/465/465 462/462/462
f 463/463/463 466/466/466 465/465/465
f 466/466/466 467/467/467 465/465/465
f 470/470/470 469/469/469 468/468/468
f 469/469/469 471/471/471 468/468/468
f 468/468/468 471/471/471 472/472/472
f 471/471/471 473/473/473 472/472/472
f 476/476/476 475/475/475 474/474/474
f 475/475/475 477/477/477 474/474/474
f 474/474/474 477/477/477 478/478/478
f 477/477/477 479/479/479 478/478/478
f 482/482/482 481/481/481 480/480/480
f 483/483/483 482/482/482 480/480/480
f 484/484/484 482/482/482 483/483/483
f 485/485/485 484/484/484 483/483/483
f 488/488/488 487/487/487 486/486/486
f 489/489/489 488/488/488 486/486/486
f 490/490/490 488/488/488 489/489/489
f 491/491/491 490/490/490 489/489/489
f 494/494/494 493/493/493 492/492/492
f 495/495/495 494/494/494 492/492/492
f 496/496/496 494/494/494 495/495/495
f 497/497/497 496/496/496 495/495/495
f 500/500/500 499/499/499 498/498/498
f 498/498/498 501/501/501 500/500/500
f 501/501/501 502/502/502 500/500/500
f 501/501/501 503/503/503 502/502/502
f 503/503/503 504/504/504 502/502/502
f 503/503/503 505/505/505 504/504/504
f 508/508/508 507/507/507 506/506/506
f 509/509/509 508/508/508 506/506/506
f 510/510/510 508/508/508 509/509/509
f 511/511/511 510/510/510 509/509/509
f 514/514/514 513/513/513 512/512/512
f 515/515/515 514/514/514 512/512/512
f 516/516/516 514/514/514 515/515/515
f 517/517/517 516/516/516 515/515/515
f 520/520/520 519/519/519 518/518/518
f 521/521/521 520/520/520 518/518/518
f 522/522/522 520/520/520 521/521/521
f 523/523/523 522/522/522 521/521/521
f 526/526/526 525/525/525 524/524/524
f 527/527/527 526/526/526 524/524/524
f 530/530/530 529/529/529 528/528/528
f 529/529/529 531/531/531 528/528/528
f 529/529/529 532/532/532 531/531/531
f 532/532/532 533/533/533 531/531/531
f 536/536/536 535/535/535 534/534/534
f 537/537/537 536/536/536 534/534/534
f 540/540/540 539/539/539 538/538/538
f 541/541/541 540/540/540 538/538/538
f 544/544/544 543/543/543 542/542/542
f 543/543/543 545/545/545 542/542/542
f 542/542/542 545/545/545 546/546/546
f 545/545/545 547/547/547 546/546/546
f 546/546/546 547/547/547 548/548/548
f 547/547/547 549/549/549 548/548/548
f 548/548/548 549/549/549 550/550/550
f 549/549/549 551/551/551 550/550/550
f 554/554/554 553/553/553 552/552/552
f 553/553/553 555/555/555 552/552/552
f 552/552/552 555/555/555 556/556/556
f 555/555/555 557/557/557 556/556/556
f 560/560/560 559/559/559 558/558/558
f 561/561/561 560/560/560 558/558/558
f 564/564/564 563/563/563 562/562/562
f 563/563/563 565/565/565 562/562/562
f 562/562/562 565/565/565 566/566/566
f 565/565/565 567/567/567 566/566/566
f 566/566/566 567/567/567 568/568/568
f 567/567/567 569/569/569 568/568/568
f 568/568/568 569/569/569 570/570/570
f 569/569/569 571/571/571 570/570/570
f 574/574/574 573/573/573 572/572/572
f 572/572/572 575/575/575 574/574/574
f 575/575/575 576/576/576 574/574/574
f 579/579/579 578/578/578 577/577/577
f 580/580/580 579/579/579 577/577/577
f 581/581/581 579/579/579 580/580/580
f 582/582/582 581/581/581 580/580/580
f 585/585/585 584/584/584 583/583/583
f 586/586/586 585/585/585 583/583/583
f 589/589/589 588/588/588 587/587/587
f 590/590/590 589/589/589 587/587/587
f 593/593/593 592/592/592 591/591/591
f 594/594/594 593/593/593 591/591/591
f 597/597/597 596/596/596 595/595/595
f 598/598/598 597/597/597 595/595/595
f 601/601/601 600/600/600 599/599/599
f 602/602/602 601/601/601 599/599/599
f 603/603/603 601/601/601 602/602/602
f 604/604/604 603/603/603 602/602/602
f 605/605/605 603/603/603 604/604/604
f 606/606/606 605/605/605 604/604/604
f 609/609/609 608/608/608 607/607/607
f 610/610/610 609/609/609 607/607/607
f 613/613/613 612/612/612 611/611/611
f 614/614/614 613/613/613 611/611/611
f 617/617/617 616/616/616 615/615/615
f 618/618/618 617/617/617 615/615/615
f 621/621/621 620/620/620 619/619/619
f 622/622/622 621/621/621 619/619/619
f 625/625/625 624/624/624 623/623/623
f 626/626/626 625/625/625 623/623/623
f 629/629/629 628/628/628 627/627/627
f 630/630/630 629/629/629 627/627/627
f 633/633/633 632/632/632 631/631/631
f 634/634/634 633/633/633 631/631/631
f 634/634/634 631/631/631 635/635/635
f 636/636/636 634/634/634 635/635/635
f 639/639/639 638/638/638 637/637/637
f 640/640/640 639/639/639 637/637/637
f 640/640/640 637/637/637 641/641/641
f 642/642/642 640/640/640 641/641/641
f 645/645/645 644/644/644 643/643/643
f 646/646/646 645/645/645 643/643/643
f 646/646/646 643/643/643 647/647/647
f 648/648/648 646/646/646 647/647/647
f 649/649/649 645/645/645 646/646/646
f 650/650/650 646/646/646 648/648/648
f 650/650/650 649/649/649 646/646/646
f 651/651/651 650/650/650 648/648/648
f 651/651/651 652/652/652 650/650/650
f 651/651/651 653/653/653 652/652/652
f 652/652/652 654/654/654 650/650/650
f 650/650/650 654/654/654 649/649/649
f 653/653/653 655/655/655 652/652/652
f 653/653/653 656/656/656 655/655/655
f 656/656/656 657/657/657 655/655/655
f 654/654/654 658/658/658 649/649/649
f 658/658/658 659/659/659 649/649/649
f 659/659/659 660/660/660 649/649/649
f 663/663/663 662/662/662 661/661/661
f 664/664/664 663/663/663 661/661/661
f 664/664/664 661/661/661 665/665/665
f 666/666/666 664/664/664 665/665/665
f 665/665/665 667/667/667 666/666/666
f 667/667/667 668/668/668 666/666/666
f 667/667/667 669/669/669 668/668/668
f 669/669/669 670/670/670 668/668/668
f 669/669/669 671/671/671 670/670/670
f 671/671/671 672/672/672 670/670/670
f 671/671/671 673/673/673 672/672/672
f 673/673/673 674/674/674 672/672/672
f 677/677/677 676/676/676 675/675/675
f 678/678/678 677/677/677 675/675/675
f 677/677/677 678/678/678 679/679/679
f 680/680/680 677/677/677 679/679/679
f 683/683/683 682/682/682 681/681/681
f 684/684/684 683/683/683 681/681/681
f 684/684/684 681/681/681 685/685/685
f 686/686/686 684/684/684 685/685/685
f 689/689/689 688/688/688 687/687/687
f 688/688/688 690/690/690 687/687/687
f 690/690/690 688/688/688 691/691/691
f 688/688/688 692/692/692 691/691/691
f 691/691/691 692/692/692 693/693/693
f 694/694/694 691/691/691 693/693/693
f 697/697/697 696/696/696 695/695/695
f 698/698/698 697/697/697 695/695/695
f 699/699/699 698/698/698 695/695/695
f 700/700/700 699/699/699 695/695/695
f 701/701/701 699/699/699 700/700/700
f 702/702/702 700/700/700 695/695/695
f 703/703/703 702/702/702 695/695/695
f 704/704/704 702/702/702 703/703/703
f 705/705/705 704/704/704 703/703/703
f 704/704/704 706/706/706 702/702/702
f 706/706/706 707/707/707 702/702/702
f 702/702/702 707/707/707 700/700/700
f 707/707/707 708/708/708 700/700/700
f 708/708/708 701/701/701 700/700/700
f 708/708/708 709/709/709 701/701/701
f 709/709/709 710/710/710 701/701/701
f 713/713/713 712/712/712 711/711/711
f 714/714/714 713/713/713 711/711/711
f 717/717/717 716/716/716 715/715/715
f 716/716/716 718/718/718 715/715/715
f 715/715/715 718/718/718 719/719/719
f 718/718/718 720/720/720 719/719/719
f 723/723/723 722/722/722 721/721/721
f 724/724/724 723/723/723 721/721/721
f 727/727/727 726/726/726 725/725/725
f 728/728/728 727/727/727 725/725/725
f 731/731/731 730/730/730 729/729/729
f 732/732/732 731/731/731 729/729/729
f 735/735/735 734/734/734 733/733/733
f 736/736/736 735/735/735 733/733/733
f 739/739/739 738/738/738 737/737/737
f 737/737/737 738/738/738 740/740/740
f 743/743/743 742/742/742 741/741/741
f 742/742/742 744/744/744 741/741/741
f 741/741/741 744/744/744 745/745/745
f 742/742/742 746/746/746 744/744/744
f 746/746/746 747/747/747 744/744/744
f 744/744/744 748/748/748 745/745/745
f 744/744/744 749/749/749 748/748/748
f 744/744/744 750/750/750 749/749/749
f 753/753/753 752/752/752 751/751/751
f 752/752/752 754/754/754 751/751/751
f 752/752/752 755/755/755 754/754/754
f 755/755/755 756/756/756 754/754/754
f 759/759/759 758/758/758 757/757/757
f 758/758/758 760/760/760 757/757/757
f 757/757/757 760/760/760 761/761/761
f 760/760/760 762/762/762 761/761/761
f 760/760/760 763/763/763 762/762/762
f 763/763/763 764/764/764 762/762/762
f 765/765/765 763/763/763 760/760/760
f 766/766/766 765/765/765 760/760/760
f 769/769/769 768/768/768 767/767/767
f 770/770/770 769/769/769 767/767/767
f 773/773/773 772/772/772 771/771/771
f 774/774/774 773/773/773 771/771/771
f 775/775/775 773/773/773 774/774/774
f 776/776/776 775/775/775 774/774/774
f 779/779/779 778/778/778 777/777/777
f 778/778/778 780/780/780 777/777/777
f 777/777/777 780/780/780 781/781/781
f 780/780/780 782/782/782 781/781/781
f 781/781/781 782/782/782 783/783/783
f 782/782/782 784/784/784 783/783/783
f 787/787/787 786/786/786 785/785/785
f 786/786/786 788/788/788 785/785/785
f 788/788/788 786/786/786 789/789/789
f 790/790/790 788/788/788 789/789/789
f 790/790/790 789/789/789 791/791/791
f 789/789/789 792/792/792 791/791/791
f 792/792/792 793/793/793 791/791/791
f 793/793/793 794/794/794 791/791/791
f 797/797/797 796/796/796 795/795/795
f 796/796/796 798/798/798 795/795/795
f 795/795/795 798/798/798 799/799/799
f 798/798/798 800/800/800 799/799/799
f 799/799/799 800/800/800 801/801/801
f 800/800/800 802/802/802 801/801/801
f 805/805/805 804/804/804 803/803/803
f 806/806/806 805/805/805 803/803/803
f 807/807/807 805/805/805 806/806/806
f 808/808/808 807/807/807 806/806/806
f 811/811/811 810/810/810 809/809/809
f 812/812/812 811/811/811 809/809/809
f 813/813/813 811/811/811 812/812/812
f 814/814/814 812/812/812 809/809/809
f 815/815/815 814/814/814 809/809/809
f 809/809/809 816/816/816 815/815/815
f 817/817/817 813/813/813 812/812/812
f 818/818/818 817/817/817 812/812/812
f 814/814/814 818/818/818 812/812/812
f 817/817/817 819/819/819 813/813/813
f 819/819/819 817/817/817 818/818/818
f 819/819/819 820/820/820 813/813/813
f 820/820/820 819/819/819 821/821/821
f 822/822/822 820/820/820 821/821/821
f 821/821/821 819/819/819 823/823/823
f 819/819/819 824/824/824 823/823/823
f 824/824/824 819/819/819 818/818/818
f 823/823/823 824/824/824 825/825/825
f 826/826/826 823/823/823 825/825/825
f 825/825/825 824/824/824 827/827/827
f 824/824/824 818/818/818 827/827/827
f 827/827/827 818/818/818 828/828/828
f 818/818/818 814/814/814 828/828/828
f 828/828/828 814/814/814 829/829/829
f 814/814/814 815/815/815 829/829/829
f 829/829/829 815/815/815 830/830/830
f 815/815/815 831/831/831 830/830/830
f 830/830/830 831/831/831 832/832/832
f 816/816/816 831/831/831 815/815/815
f 831/831/831 833/833/833 832/832/832
f 831/831/831 816/816/816 833/833/833
f 816/816/816 834/834/834 833/833/833
f 837/837/837 836/836/836 835/835/835
f 836/836/836 838/838/838 835/835/835
f 835/835/835 838/838/838 839/839/839
f 838/838/838 840/840/840 839/839/839
f 838/838/838 836/836/836 841/841/841
f 836/836/836 842/842/842 841/841/841
f 836/836/836 843/843/843 842/842/842
f 842/842/842 844/844/844 841/841/841
f 844/844/844 845/845/845 841/841/841
f 843/843/843 846/846/846 842/842/842
f 847/847/847 846/846/846 843/843/843
f 848/848/848 847/847/847 843/843/843
f 848/848/848 849/849/849 847/847/847
f 849/849/849 850/850/850 847/847/847
f 850/850/850 849/849/849 851/851/851
f 852/852/852 850/850/850 851/851/851
f 855/855/855 854/854/854 853/853/853
f 856/856/856 855/855/855 853/853/853
f 857/857/857 855/855/855 856/856/856
f 858/858/858 857/857/857 856/856/856
f 858/858/858 856/856/856 859/859/859
f 860/860/860 858/858/858 859/859/859
f 863/863/863 862/862/862 861/861/861
f 864/864/864 863/863/863 861/861/861
f 867/867/867 866/866/866 865/865/865
f 868/868/868 867/867/867 865/865/865
f 871/871/871 870/870/870 869/869/869
f 872/872/872 871/871/871 869/869/869
f 875/875/875 874/874/874 873/873/873
f 874/874/874 876/876/876 873/873/873
f 873/873/873 876/876/876 877/877/877
f 876/876/876 878/878/878 877/877/877
f 878/878/878 876/876/876 879/879/879
f 880/880/880 878/878/878 879/879/879
f 881/881/881 880/880/880 879/879/879
f 882/882/882 881/881/881 879/879/879
f 879/879/879 883/883/883 882/882/882
f 881/881/881 882/882/882 884/884/884
f 882/882/882 885/885/885 884/884/884
f 883/883/883 886/886/886 882/882/882
f 882/882/882 886/886/886 887/887/887
f 888/888/888 882/882/882 887/887/887
f 891/891/891 890/890/890 889/889/889
f 892/892/892 891/891/891 889/889/889
f 895/895/895 894/894/894 893/893/893
f 896/896/896 895/895/895 893/893/893
f 899/899/899 898/898/898 897/897/897
f 898/898/898 900/900/900 897/897/897
f 900/900/900 898/898/898 901/901/901
f 902/902/902 900/900/900 901/901/901
f 902/902/902 901/901/901 903/903/903
f 901/901/901 904/904/904 903/903/903
f 903/903/903 904/904/904 905/905/905
f 906/906/906 903/903/903 905/905/905
f 903/903/903 907/907/907 902/902/902
f 907/907/907 903/903/903 906/906/906
f 908/908/908 907/907/907 906/906/906
f 907/907/907 908/908/908 909/909/909
f 910/910/910 907/907/907 909/909/909
f 907/907/907 911/911/911 902/902/902
f 911/911/911 907/907/907 910/910/910
f 912/912/912 911/911/911 910/910/910
f 913/913/913 911/911/911 912/912/912
f 914/914/914 913/913/913 912/912/912
f 917/917/917 916/916/916 915/915/915
f 916/916/916 918/918/918 915/915/915
f 915/915/915 918/918/918 919/919/919
f 918/918/918 920/920/920 919/919/919
f 919/919/919 920/920/920 921/921/921
f 922/922/922 919/919/919 921/921/921
f 925/925/925 924/924/924 923/923/923
f 924/924/924 926/926/926 923/923/923
f 926/926/926 924/924/924 927/927/927
f 928/928/928 926/926/926 927/927/927
f 929/929/929 928/928/928 927/927/927
f 930/930/930 929/929/929 927/927/927
f 929/929/929 930/930/930 931/931/931
f 932/932/932 929/929/929 931/931/931
f 933/933/933 932/932/932 931/931/931
f 934/934/934 933/933/933 931/931/931
f 933/933/933 934/934/934 935/935/935
f 934/934/934 936/936/936 935/935/935
f 939/939/939 938/938/938 937/937/937
f 940/940/940 937/937/937 938/938/938
f 943/943/943 942/942/942 941/941/941
f 944/944/944 943/943/943 941/941/941
f 945/945/945 943/943/943 944/944/944
f 946/946/946 945/945/945 944/944/944
f 947/947/947 946/946/946 944/944/944
f 948/948/948 944/944/944 941/941/941
f 948/948/948 947/947/947 944/944/944
f 949/949/949 947/947/947 948/948/948
f 950/950/950 948/948/948 941/941/941
f 951/951/951 949/949/949 948/948/948
f 951/951/951 948/948/948 950/950/950
f 952/952/952 951/951/951 950/950/950
f 955/955/955 954/954/954 953/953/953
f 954/954/954 956/956/956 953/953/953
f 957/957/957 953/953/953 956/956/956
f 957/957/957 958/958/958 953/953/953
f 958/958/958 959/959/959 953/953/953
f 958/958/958 960/960/960 959/959/959
f 960/960/960 961/961/961 959/959/959
f 960/960/960 962/962/962 961/961/961
f 962/962/962 963/963/963 961/961/961
f 962/962/962 964/964/964 963/963/963
f 964/964/964 965/965/965 963/963/963
f 964/964/964 966/966/966 965/965/965
f 966/966/966 956/956/956 965/965/965
f 966/966/966 957/957/957 956/956/956
f 957/957/957 966/966/966 967/967/967
f 966/966/966 968/968/968 967/967/967
f 971/971/971 970/970/970 969/969/969
f 972/972/972 971/971/971 969/969/969
f 973/973/973 971/971/971 972/972/972
f 974/974/974 973/973/973 972/972/972
f 977/977/977 976/976/976 975/975/975
f 978/978/978 977/977/977 975/975/975
f 978/978/978 975/975/975 979/979/979
f 980/980/980 978/978/978 979/979/979
f 981/981/981 978/978/978 980/980/980
f 982/982/982 981/981/981 980/980/980
f 985/985/985 984/984/984 983/983/983
f 986/986/986 985/985/985 983/983/983
f 986/986/986 983/983/983 987/987/987
f 988/988/988 986/986/986 987/987/987
f 989/989/989 986/986/986 988/988/988
f 990/990/990 989/989/989 988/988/988
f 993/993/993 992/992/992 991/991/991
f 994/994/994 993/993/993 991/991/991
f 994/994/994 991/991/991 995/995/995
f 996/996/996 994/994/994 995/995/995
f 996/996/996 995/995/995 997/997/997
f 998/998/998 996/996/996 997/997/997
f 998/998/998 997/997/997 999/999/999
f 1000/1000/1000 998/998/998 999/999/999
f 1000/1000/1000 999/999/999 1001/1001/1001
f 1002/1002/1002 1000/1000/1000 1001/1001/1001
f 1005/1005/1005 1004/1004/1004 1003/1003/1003
f 1006/1006/1006 1005/1005/1005 1003/1003/1003
f 1007/1007/1007 1005/1005/1005 1006/1006/1006
f 1008/1008/1008 1007/1007/1007 1006/1006/1006
f 1008/1008/1008 1006/1006/1006 1009/1009/1009
f 1010/1010/1010 1008/1008/1008 1009/1009/1009
f 1013/1013/1013 1012/1012/1012 1011/1011/1011
f 1012/1012/1012 1014/1014/1014 1011/1011/1011
f 1014/1014/1014 1015/1015/1015 1011/1011/1011
f 1015/1015/1015 1016/1016/1016 1011/1011/1011
f 1019/1019/1019 1018/1018/1018 1017/1017/1017
f 1020/1020/1020 1019/1019/1019 1017/1017/1017
f 1019/1019/1019 1020/1020/1020 1021/1021/1021
f 1020/1020/1020 1022/1022/1022 1021/1021/1021
f 1021/1021/1021 1022/1022/1022 1023/1023/1023
f 1022/1022/1022 1024/1024/1024 1023/1023/1023
f 1023/1023/1023 1024/1024/1024 1025/1025/1025
f 1024/1024/1024 1026/1026/1026 1025/1025/1025
f 1025/1025/1025 1026/1026/1026 1027/1027/1027
f 1026/1026/1026 1028/1028/1028 1027/1027/1027
f 1031/1031/1031 1030/1030/1030 1029/1029/1029
f 1030/1030/1030 1032/1032/1032 1029/1029/1029
f 1033/1033/1033 1032/1032/1032 1030/1030/1030
f 1034/1034/1034 1033/1033/1033 1030/1030/1030
f 1032/1032/1032 1033/1033/1033 1035/1035/1035
f 1036/1036/1036 1032/1032/1032 1035/1035/1035
f 1033/1033/1033 1037/1037/1037 1035/1035/1035
f 1038/1038/1038 1037/1037/1037 1033/1033/1033
f 1034/1034/1034 1038/1038/1038 1033/1033/1033
f 1039/1039/1039 1038/1038/1038 1034/1034/1034
f 1042/1042/1042 1041/1041/1041 1040/1040/1040
f 1041/1041/1041 1043/1043/1043 1040/1040/1040
f 1040/1040/1040 1043/1043/1043 1044/1044/1044
f 1045/1045/1045 1040/1040/1040 1044/1044/1044
f 1045/1045/1045 1044/1044/1044 1046/1046/1046
f 1044/1044/1044 1047/1047/1047 1046/1046/1046
f 1048/1048/1048 1045/1045/1045 1046/1046/1046
f 1047/1047/1047 1049/1049/1049 1046/1046/1046
f 1050/1050/1050 1048/1048/1048 1046/1046/1046
f 1049/1049/1049 1051/1051/1051 1046/1046/1046
f 1052/1052/1052 1050/1050/1050 1046/1046/1046
f 1053/1053/1053 1046/1046/1046 1051/1051/1051
f 1054/1054/1054 1052/1052/1052 1046/1046/1046
f 1053/1053/1053 1054/1054/1054 1046/1046/1046
f 1057/1057/1057 1056/1056/1056 1055/1055/1055
f 1058/1058/1058 1057/1057/1057 1055/1055/1055
f 1059/1059/1059 1057/1057/1057 1058/1058/1058
f 1060/1060/1060 1059/1059/1059 1058/1058/1058
f 1060/1060/1060 1058/1058/1058 1061/1061/1061
f 1062/1062/1062 1060/1060/1060 1061/1061/1061
f 1063/1063/1063 1059/1059/1059 1060/1060/1060
f 1060/1060/1060 1062/1062/1062 1064/1064/1064
f 1065/1065/1065 1063/1063/1063 1060/1060/1060
f 1065/1065/1065 1060/1060/1060 1064/1064/1064
f 1066/1066/1066 1063/1063/1063 1065/1065/1065
f 1067/1067/1067 1066/1066/1066 1065/1065/1065
f 1068/1068/1068 1067/1067/1067 1065/1065/1065
f 1069/1069/1069 1068/1068/1068 1065/1065/1065
f 1065/1065/1065 1064/1064/1064 1069/1069/1069
f 1064/1064/1064 1070/1070/1070 1069/1069/1069
f 1073/1073/1073 1072/1072/1072 1071/1071/1071
f 1074/1074/1074 1073/1073/1073 1071/1071/1071
f 1077/1077/1077 1076/1076/1076 1075/1075/1075
f 1078/1078/1078 1077/1077/1077 1075/1075/1075
f 1079/1079/1079 1077/1077/1077 1078/1078/1078
f 1080/1080/1080 1079/1079/1079 1078/1078/1078
f 1081/1081/1081 1079/1079/1079 1080/1080/1080
f 1082/1082/1082 1081/1081/1081 1080/1080/1080
f 1083/1083/1083 1081/1081/1081 1082/1082/1082
f 1084/1084/1084 1083/1083/1083 1082/1082/1082
f 1087/1087/1087 1086/1086/1086 1085/1085/1085
f 1088/1088/1088 1087/1087/1087 1085/1085/1085
f 1089/1089/1089 1087/1087/1087 1088/1088/1088
f 1090/1090/1090 1089/1089/1089 1088/1088/1088
f 1091/1091/1091 1089/1089/1089 1090/1090/1090
f 1092/1092/1092 1091/1091/1091 1090/1090/1090
f 1093/1093/1093 1091/1091/1091 1092/1092/1092
f 1094/1094/1094 1093/1093/1093 1092/1092/1092
f 1097/1097/1097 1096/1096/1096 1095/1095/1095
f 1098/1098/1098 1097/1097/1097 1095/1095/1095
f 1098/1098/1098 1095/1095/1095 1099/1099/1099
f 1100/1100/1100 1097/1097/1097 1098/1098/1098
f 1101/1101/1101 1098/1098/1098 1099/1099/1099
f 1102/1102/1102 1100/1100/1100 1098/1098/1098
f 1102/1102/1102 1098/1098/1098 1101/1101/1101
f 1103/1103/1103 1100/1100/1100 1102/1102/1102
f 1104/1104/1104 1102/1102/1102 1101/1101/1101
f 1105/1105/1105 1103/1103/1103 1102/1102/1102
f 1105/1105/1105 1102/1102/1102 1104/1104/1104
f 1106/1106/1106 1103/1103/1103 1105/1105/1105
f 1107/1107/1107 1105/1105/1105 1104/1104/1104
f 1108/1108/1108 1106/1106/1106 1105/1105/1105
f 1108/1108/1108 1105/1105/1105 1107/1107/1107
f 1109/1109/1109 1108/1108/1108 1107/1107/1107
f 1112/1112/1112 1111/1111/1111 1110/1110/1110
f 1113/1113/1113 1112/1112/1112 1110/1110/1110
f 1114/1114/1114 1112/1112/1112 1113/1113/1113
f 1115/1115/1115 1114/1114/1114 1113/1113/1113
f 1116/1116/1116 1114/1114/1114 1115/1115/1115
f 1117/1117/1117 1116/1116/1116 1115/1115/1115
f 1120/1120/1120 1119/1119/1119 1118/1118/1118
f 1121/1121/1121 1120/1120/1120 1118/1118/1118
f 1121/1121/1121 1118/1118/1118 1122/1122/1122
f 1123/1123/1123 1121/1121/1121 1122/1122/1122
f 1123/1123/1123 1122/1122/1122 1124/1124/1124
f 1125/1125/1125 1123/1123/1123 1124/1124/1124
f 1125/1125/1125 1124/1124/1124 1126/1126/1126
f 1127/1127/1127 1125/1125/1125 1126/1126/1126
f 1127/1127/1127 1126/1126/1126 1128/1128/1128
f 1129/1129/1129 1127/1127/1127 1128/1128/1128
f 1132/1132/1132 1131/1131/1131 1130/1130/1130
f 1133/1133/1133 1132/1132/1132 1130/1130/1130
f 1133/1133/1133 1130/1130/1130 1134/1134/1134
f 1135/1135/1135 1132/1132/1132 1133/1133/1133
f 1136/1136/1136 1133/1133/1133 1134/1134/1134
f 1137/1137/1137 1135/1135/1135 1133/1133/1133
f 1137/1137/1137 1133/1133/1133 1136/1136/1136
f 1138/1138/1138 1135/1135/1135 1137/1137/1137
f 1139/1139/1139 1137/1137/1137 1136/1136/1136
f 1140/1140/1140 1138/1138/1138 1137/1137/1137
f 1140/1140/1140 1137/1137/1137 1139/1139/1139
f 1141/1141/1141 1140/1140/1140 1139/1139/1139
f 1144/1144/1144 1143/1143/1143 1142/1142/1142
f 1145/1145/1145 1144/1144/1144 1142/1142/1142
f 1145/1145/1145 1142/1142/1142 1146/1146/1146
f 1147/1147/1147 1144/1144/1144 1145/1145/1145
f 1148/1148/1148 1145/1145/1145 1146/1146/1146
f 1149/1149/1149 1147/1147/1147 1145/1145/1145
f 1149/1149/1149 1145/1145/1145 1148/1148/1148
f 1150/1150/1150 1147/1147/1147 1149/1149/1149
f 1151/1151/1151 1149/1149/1149 1148/1148/1148
f 1152/1152/1152 1150/1150/1150 1149/1149/1149
f 1152/1152/1152 1149/1149/1149 1151/1151/1151
f 1153/1153/1153 1152/1152/1152 1151/1151/1151
f 1156/1156/1156 1155/1155/1155 1154/1154/1154
f 1154/1154/1154 1157/1157/1157 1156/1156/1156
f 1157/1157/1157 1158/1158/1158 1156/1156/1156
f 1157/1157/1157 1159/1159/1159 1158/1158/1158
f 1159/1159/1159 1160/1160/1160 1158/1158/1158
f 1159/1159/1159 1161/1161/1161 1160/1160/1160
f 1161/1161/1161 1162/1162/1162 1160/1160/1160
f 1161/1161/1161 1163/1163/1163 1162/1162/1162
f 1166/1166/1166 1165/1165/1165 1164/1164/1164
f 1165/1165/1165 1167/1167/1167 1164/1164/1164
f 1168/1168/1168 1164/1164/1164 1167/1167/1167
f 1169/1169/1169 1168/1168/1168 1167/1167/1167
f 1170/1170/1170 1169/1169/1169 1167/1167/1167
f 1171/1171/1171 1169/1169/1169 1170/1170/1170
f 1172/1172/1172 1171/1171/1171 1170/1170/1170
f 1175/1175/1175 1174/1174/1174 1173/1173/1173
f 1174/1174/1174 1176/1176/1176 1173/1173/1173
f 1174/1174/1174 1177/1177/1177 1176/1176/1176
f 1177/1177/1177 1178/1178/1178 1176/1176/1176
f 1179/1179/1179 1176/1176/1176 1178/1178/1178
f 1180/1180/1180 1179/1179/1179 1178/1178/1178
f 1181/1181/1181 1179/1179/1179 1180/1180/1180
f 1182/1182/1182 1181/1181/1181 1180/1180/1180
f 1181/1181/1181 1183/1183/1183 1179/1179/1179
f 1183/1183/1183 1184/1184/1184 1179/1179/1179
f 1187/1187/1187 1186/1186/1186 1185/1185/1185
f 1186/1186/1186 1188/1188/1188 1185/1185/1185
f 1188/1188/1188 1189/1189/1189 1185/1185/1185
f 1190/1190/1190 1185/1185/1185 1189/1189/1189
f 1191/1191/1191 1190/1190/1190 1189/1189/1189
f 1192/1192/1192 1190/1190/1190 1191/1191/1191
f 1193/1193/1193 1192/1192/1192 1191/1191/1191
f 1196/1196/1196 1195/1195/1195 1194/1194/1194
f 1197/1197/1197 1196/1196/1196 1194/1194/1194
f 1197/1197/1197 1194/1194/1194 1198/1198/1198
f 1199/1199/1199 1196/1196/1196 1197/1197/1197
f 1200/1200/1200 1197/1197/1197 1198/1198/1198
f 1201/1201/1201 1199/1199/1199 1197/1197/1197
f 1201/1201/1201 1197/1197/1197 1200/1200/1200
f 1200/1200/1200 1202/1202/1202 1201/1201/1201
f 1205/1205/1205 1204/1204/1204 1203/1203/1203
f 1204/1204/1204 1206/1206/1206 1203/1203/1203
f 1207/1207/1207 1203/1203/1203 1206/1206/1206
f 1208/1208/1208 1207/1207/1207 1206/1206/1206
f 1208/1208/1208 1206/1206/1206 1209/1209/1209
f 1210/1210/1210 1207/1207/1207 1208/1208/1208
f 1211/1211/1211 1208/1208/1208 1209/1209/1209
f 1212/1212/1212 1210/1210/1210 1208/1208/1208
f 1212/1212/1212 1208/1208/1208 1211/1211/1211
f 1213/1213/1213 1210/1210/1210 1212/1212/1212
f 1214/1214/1214 1212/1212/1212 1211/1211/1211
f 1215/1215/1215 1213/1213/1213 1212/1212/1212
f 1215/1215/1215 1212/1212/1212 1214/1214/1214
f 1216/1216/1216 1213/1213/1213 1215/1215/1215
f 1217/1217/1217 1215/1215/1215 1214/1214/1214
f 1218/1218/1218 1216/1216/1216 1215/1215/1215
f 1218/1218/1218 1215/1215/1215 1217/1217/1217
f 1219/1219/1219 1218/1218/1218 1217/1217/1217
f 1222/1222/1222 1221/1221/1221 1220/1220/1220
f 1223/1223/1223 1222/1222/1222 1220/1220/1220
f 1223/1223/1223 1220/1220/1220 1224/1224/1224
f 1225/1225/1225 1222/1222/1222 1223/1223/1223
f 1225/1225/1225 1226/1226/1226 1222/1222/1222
f 1226/1226/1226 1225/1225/1225 1227/1227/1227
f 1225/1225/1225 1228/1228/1228 1227/1227/1227
f 1225/1225/1225 1229/1229/1229 1228/1228/1228
f 1229/1229/1229 1225/1225/1225 1223/1223/1223
f 1229/1229/1229 1230/1230/1230 1228/1228/1228
f 1231/1231/1231 1224/1224/1224 1230/1230/1230
f 1231/1231/1231 1223/1223/1223 1224/1224/1224
f 1229/1229/1229 1231/1231/1231 1230/1230/1230
f 1223/1223/1223 1231/1231/1231 1229/1229/1229
f 1234/1234/1234 1233/1233/1233 1232/1232/1232
f 1235/1235/1235 1234/1234/1234 1232/1232/1232
f 1238/1238/1238 1237/1237/1237 1236/1236/1236
f 1239/1239/1239 1238/1238/1238 1236/1236/1236
f 1242/1242/1242 1241/1241/1241 1240/1240/1240
f 1243/1243/1243 1242/1242/1242 1240/1240/1240
f 1246/1246/1246 1245/1245/1245 1244/1244/1244
f 1247/1247/1247 1246/1246/1246 1244/1244/1244
f 1250/1250/1250 1249/1249/1249 1248/1248/1248
f 1251/1251/1251 1250/1250/1250 1248/1248/1248
f 1254/1254/1254 1253/1253/1253 1252/1252/1252
f 1253/1253/1253 1255/1255/1255 1252/1252/1252
f 1252/1252/1252 1255/1255/1255 1256/1256/1256
f 1255/1255/1255 1257/1257/1257 1256/1256/1256
f 1260/1260/1260 1259/1259/1259 1258/1258/1258
f 1261/1261/1261 1260/1260/1260 1258/1258/1258
f 1262/1262/1262 1260/1260/1260 1261/1261/1261
f 1263/1263/1263 1262/1262/1262 1261/1261/1261
f 1266/1266/1266 1265/1265/1265 1264/1264/1264
f 1267/1267/1267 1266/1266/1266 1264/1264/1264
f 1268/1268/1268 1266/1266/1266 1267/1267/1267
f 1269/1269/1269 1268/1268/1268 1267/1267/1267
f 1272/1272/1272 1271/1271/1271 1270/1270/1270
f 1273/1273/1273 1272/1272/1272 1270/1270/1270
f 1274/1274/1274 1272/1272/1272 1273/1273/1273
f 1275/1275/1275 1274/1274/1274 1273/1273/1273
f 1278/1278/1278 1277/1277/1277 1276/1276/1276
f 1279/1279/1279 1278/1278/1278 1276/1276/1276
f 1279/1279/1279 1276/1276/1276 1280/1280/1280
f 1281/1281/1281 1279/1279/1279 1280/1280/1280
f 1284/1284/1284 1283/1283/1283 1282/1282/1282
f 1285/1285/1285 1284/1284/1284 1282/1282/1282
f 1285/1285/1285 1282/1282/1282 1286/1286/1286
f 1287/1287/1287 1285/1285/1285 1286/1286/1286
f 1290/1290/1290 1289/1289/1289 1288/1288/1288
f 1289/1289/1289 1291/1291/1291 1288/1288/1288
f 1289/1289/1289 1292/1292/1292 1291/1291/1291
f 1292/1292/1292 1293/1293/1293 1291/1291/1291
f 1296/1296/1296 1295/1295/1295 1294/1294/1294
f 1295/1295/1295 1297/1297/1297 1294/1294/1294
f 1295/1295/1295 1298/1298/1298 1297/1297/1297
f 1298/1298/1298 1299/1299/1299 1297/1297/1297
f 1302/1302/1302 1301/1301/1301 1300/1300/1300
f 1301/1301/1301 1303/1303/1303 1300/1300/1300
f 1301/1301/1301 1304/1304/1304 1303/1303/1303
f 1304/1304/1304 1305/1305/1305 1303/1303/1303
f 1308/1308/1308 1307/1307/1307 1306/1306/1306
f 1306/1306/1306 1309/1309/1309 1308/1308/1308
f 1309/1309/1309 1310/1310/1310 1308/1308/1308
f 1309/1309/1309 1311/1311/1311 1310/1310/1310
f 1311/1311/1311 1312/1312/1312 1310/1310/1310
f 1311/1311/1311 1313/1313/1313 1312/1312/1312
f 1316/1316/1316 1315/1315/1315 1314/1314/1314
f 1315/1315/1315 1317/1317/1317 1314/1314/1314
f 1315/1315/1315 1318/1318/1318 1317/1317/1317
f 1318/1318/1318 1319/1319/1319 1317/1317/1317
f 1322/1322/1322 1321/1321/1321 1320/1320/1320
f 1321/1321/1321 1323/1323/1323 1320/1320/1320
f 1321/1321/1321 1324/1324/1324 1323/1323/1323
f 1324/1324/1324 1325/1325/1325 1323/1323/1323
f 1328/1328/1328 1327/1327/1327 1326/1326/1326
f 1327/1327/1327 1329/1329/1329 1326/1326/1326
f 1327/1327/1327 1330/1330/1330 1329/1329/1329
f 1330/1330/1330 1331/1331/1331 1329/1329/1329
f 1334/1334/1334 1333/1333/1333 1332/1332/1332
f 1335/1335/1335 1334/1334/1334 1332/1332/1332
f 1338/1338/1338 1337/1337/1337 1336/1336/1336
f 1339/1339/1339 1338/1338/1338 1336/1336/1336
f 1340/1340/1340 1338/1338/1338 1339/1339/1339
f 1341/1341/1341 1340/1340/1340 1339/1339/1339
f 1344/1344/1344 1343/1343/1343 1342/1342/1342
f 1345/1345/1345 1344/1344/1344 1342/1342/1342
f 1348/1348/1348 1347/1347/1347 1346/1346/1346
f 1349/1349/1349 1348/1348/1348 1346/1346/1346
f 1352/1352/1352 1351/1351/1351 1350/1350/1350
f 1353/1353/1353 1352/1352/1352 1350/1350/1350
f 1353/1353/1353 1350/1350/1350 1354/1354/1354
f 1355/1355/1355 1353/1353/1353 1354/1354/1354
f 1355/1355/1355 1354/1354/1354 1356/1356/1356
f 1357/1357/1357 1355/1355/1355 1356/1356/1356
f 1357/1357/1357 1356/1356/1356 1358/1358/1358
f 1359/1359/1359 1357/1357/1357 1358/1358/1358
f 1362/1362/1362 1361/1361/1361 1360/1360/1360
f 1363/1363/1363 1362/1362/1362 1360/1360/1360
f 1363/1363/1363 1360/1360/1360 1364/1364/1364
f 1365/1365/1365 1363/1363/1363 1364/1364/1364
f 1368/1368/1368 1367/1367/1367 1366/1366/1366
f 1369/1369/1369 1368/1368/1368 1366/1366/1366
f 1372/1372/1372 1371/1371/1371 1370/1370/1370
f 1373/1373/1373 1372/1372/1372 1370/1370/1370
f 1373/1373/1373 1370/1370/1370 1374/1374/1374
f 1375/1375/1375 1373/1373/1373 1374/1374/1374
f 1375/1375/1375 1374/1374/1374 1376/1376/1376
f 1377/1377/1377 1375/1375/1375 1376/1376/1376
f 1377/1377/1377 1376/1376/1376 1378/1378/1378
f 1379/1379/1379 1377/1377/1377 1378/1378/1378
f 1382/1382/1382 1381/1381/1381 1380/1380/1380
f 1380/1380/1380 1383/1383/1383 1382/1382/1382
f 1380/1380/1380 1384/1384/1384 1383/1383/1383
f 1387/1387/1387 1386/1386/1386 1385/1385/1385
f 1386/1386/1386 1388/1388/1388 1385/1385/1385
f 1386/1386/1386 1389/1389/1389 1388/1388/1388
f 1389/1389/1389 1390/1390/1390 1388/1388/1388
f 1393/1393/1393 1392/1392/1392 1391/1391/1391
f 1394/1394/1394 1393/1393/1393 1391/1391/1391
f 1397/1397/1397 1396/1396/1396 1395/1395/1395
f 1398/1398/1398 1397/1397/1397 1395/1395/1395
f 1401/1401/1401 1400/1400/1400 1399/1399/1399
f 1402/1402/1402 1401/1401/1401 1399/1399/1399
f 1405/1405/1405 1404/1404/1404 1403/1403/1403
f 1406/1406/1406 1405/1405/1405 1403/1403/1403
f 1409/1409/1409 1408/1408/1408 1407/1407/1407
f 1408/1408/1408 1410/1410/1410 1407/1407/1407
f 1408/1408/1408 1411/1411/1411 1410/1410/1410
f 1411/1411/1411 1412/1412/1412 1410/1410/1410
f 1411/1411/1411 1413/1413/1413 1412/1412/1412
f 1413/1413/1413 1414/1414/1414 1412/1412/1412
f 1417/1417/1417 1416/1416/1416 1415/1415/1415
f 1418/1418/1418 1417/1417/1417 1415/1415/1415
f 1421/1421/1421 1420/1420/1420 1419/1419/1419
f 1422/1422/1422 1421/1421/1421 1419/1419/1419
f 1425/1425/1425 1424/1424/1424 1423/1423/1423
f 1426/1426/1426 1425/1425/1425 1423/1423/1423
f 1429/1429/1429 1428/1428/1428 1427/1427/1427
f 1430/1430/1430 1429/1429/1429 1427/1427/1427
f 1433/1433/1433 1432/1432/1432 1431/1431/1431
f 1434/1434/1434 1433/1433/1433 1431/1431/1431
f 1437/1437/1437 1436/1436/1436 1435/1435/1435
f 1438/1438/1438 1437/1437/1437 1435/1435/1435
f 1441/1441/1441 1440/1440/1440 1439/1439/1439
f 1440/1440/1440 1442/1442/1442 1439/1439/1439
f 1439/1439/1439 1442/1442/1442 1443/1443/1443
f 1442/1442/1442 1444/1444/1444 1443/1443/1443
f 1447/1447/1447 1446/1446/1446 1445/1445/1445
f 1446/1446/1446 1448/1448/1448 1445/1445/1445
f 1445/1445/1445 1448/1448/1448 1449/1449/1449
f 1448/1448/1448 1450/1450/1450 1449/1449/1449
f 1453/1453/1453 1452/1452/1452 1451/1451/1451
f 1452/1452/1452 1454/1454/1454 1451/1451/1451
f 1451/1451/1451 1454/1454/1454 1455/1455/1455
f 1454/1454/1454 1456/1456/1456 1455/1455/1455
f 1452/1452/1452 1457/1457/1457 1454/1454/1454
f 1454/1454/1454 1458/1458/1458 1456/1456/1456
f 1457/1457/1457 1458/1458/1458 1454/1454/1454
f 1458/1458/1458 1459/1459/1459 1456/1456/1456
f 1460/1460/1460 1459/1459/1459 1458/1458/1458
f 1461/1461/1461 1459/1459/1459 1460/1460/1460
f 1462/1462/1462 1460/1460/1460 1458/1458/1458
f 1462/1462/1462 1458/1458/1458 1457/1457/1457
f 1463/1463/1463 1461/1461/1461 1460/1460/1460
f 1464/1464/1464 1461/1461/1461 1463/1463/1463
f 1465/1465/1465 1464/1464/1464 1463/1463/1463
f 1466/1466/1466 1462/1462/1462 1457/1457/1457
f 1467/1467/1467 1466/1466/1466 1457/1457/1457
f 1468/1468/1468 1467/1467/1467 1457/1457/1457
f 1471/1471/1471 1470/1470/1470 1469/1469/1469
f 1470/1470/1470 1472/1472/1472 1469/1469/1469
f 1469/1469/1469 1472/1472/1472 1473/1473/1473
f 1472/1472/1472 1474/1474/1474 1473/1473/1473
f 1475/1475/1475 1473/1473/1473 1474/1474/1474
f 1476/1476/1476 1475/1475/1475 1474/1474/1474
f 1477/1477/1477 1475/1475/1475 1476/1476/1476
f 1478/1478/1478 1477/1477/1477 1476/1476/1476
f 1479/1479/1479 1477/1477/1477 1478/1478/1478
f 1480/1480/1480 1479/1479/1479 1478/1478/1478
f 1481/1481/1481 1479/1479/1479 1480/1480/1480
f 1482/1482/1482 1481/1481/1481 1480/1480/1480
f 1485/1485/1485 1484/1484/1484 1483/1483/1483
f 1484/1484/1484 1486/1486/1486 1483/1483/1483
f 1486/1486/1486 1484/1484/1484 1487/1487/1487
f 1484/1484/1484 1488/1488/1488 1487/1487/1487
f 1491/1491/1491 1490/1490/1490 1489/1489/1489
f 1490/1490/1490 1492/1492/1492 1489/1489/1489
f 1489/1489/1489 1492/1492/1492 1493/1493/1493
f 1492/1492/1492 1494/1494/1494 1493/1493/1493
f 1497/1497/1497 1496/1496/1496 1495/1495/1495
f 1498/1498/1498 1497/1497/1497 1495/1495/1495
f 1497/1497/1497 1498/1498/1498 1499/1499/1499
f 1500/1500/1500 1497/1497/1497 1499/1499/1499
f 1500/1500/1500 1499/1499/1499 1501/1501/1501
f 1499/1499/1499 1502/1502/1502 1501/1501/1501
f 1505/1505/1505 1504/1504/1504 1503/1503/1503
f 1504/1504/1504 1506/1506/1506 1503/1503/1503
f 1506/1506/1506 1507/1507/1507 1503/1503/1503
f 1507/1507/1507 1508/1508/1508 1503/1503/1503
f 1507/1507/1507 1509/1509/1509 1508/1508/1508
f 1508/1508/1508 1510/1510/1510 1503/1503/1503
f 1510/1510/1510 1511/1511/1511 1503/1503/1503
f 1510/1510/1510 1512/1512/1512 1511/1511/1511
f 1512/1512/1512 1513/1513/1513 1511/1511/1511
f 1514/1514/1514 1512/1512/1512 1510/1510/1510
f 1515/1515/1515 1514/1514/1514 1510/1510/1510
f 1515/1515/1515 1510/1510/1510 1508/1508/1508
f 1516/1516/1516 1515/1515/1515 1508/1508/1508
f 1509/1509/1509 1516/1516/1516 1508/1508/1508
f 1517/1517/1517 1516/1516/1516 1509/1509/1509
f 1518/1518/1518 1517/1517/1517 1509/1509/1509
f 1521/1521/1521 1520/1520/1520 1519/1519/1519
f 1522/1522/1522 1521/1521/1521 1519/1519/1519
f 1525/1525/1525 1524/1524/1524 1523/1523/1523
f 1526/1526/1526 1525/1525/1525 1523/1523/1523
f 1526/1526/1526 1523/1523/1523 1527/1527/1527
f 1528/1528/1528 1526/1526/1526 1527/1527/1527
f 1531/1531/1531 1530/1530/1530 1529/1529/1529
f 1532/1532/1532 1531/1531/1531 1529/1529/1529
f 1535/1535/1535 1534/1534/1534 1533/1533/1533
f 1536/1536/1536 1535/1535/1535 1533/1533/1533
f 1539/1539/1539 1538/1538/1538 1537/1537/1537
f 1540/1540/1540 1539/1539/1539 1537/1537/1537
f 1543/1543/1543 1542/1542/1542 1541/1541/1541
f 1544/1544/1544 1543/1543/1543 1541/1541/1541
f 1547/1547/1547 1546/1546/1546 1545/1545/1545
f 1547/1547/1547 1545/1545/1545 1548/1548/1548
f 1551/1551/1551 1550/1550/1550 1549/1549/1549
f 1552/1552/1552 1551/1551/1551 1549/1549/1549
f 1552/1552/1552 1549/1549/1549 1553/1553/1553
f 1554/1554/1554 1551/1551/1551 1552/1552/1552
f 1555/1555/1555 1554/1554/1554 1552/1552/1552
f 1556/1556/1556 1552/1552/1552 1553/1553/1553
f 1557/1557/1557 1552/1552/1552 1556/1556/1556
f 1558/1558/1558 1552/1552/1552 1557/1557/1557
f 1561/1561/1561 1560/1560/1560 1559/1559/1559
f 1562/1562/1562 1561/1561/1561 1559/1559/1559
f 1563/1563/1563 1561/1561/1561 1562/1562/1562
f 1564/1564/1564 1563/1563/1563 1562/1562/1562
f 1567/1567/1567 1566/1566/1566 1565/1565/1565
f 1568/1568/1568 1567/1567/1567 1565/1565/1565
f 1568/1568/1568 1565/1565/1565 1569/1569/1569
f 1570/1570/1570 1568/1568/1568 1569/1569/1569
f 1571/1571/1571 1568/1568/1568 1570/1570/1570
f 1572/1572/1572 1571/1571/1571 1570/1570/1570
f 1571/1571/1571 1573/1573/1573 1568/1568/1568
f 1573/1573/1573 1574/1574/1574 1568/1568/1568
f 1577/1577/1577 1576/1576/1576 1575/1575/1575
f 1578/1578/1578 1577/1577/1577 1575/1575/1575
f 1581/1581/1581 1580/1580/1580 1579/1579/1579
f 1580/1580/1580 1582/1582/1582 1579/1579/1579
f 1580/1580/1580 1583/1583/1583 1582/1582/1582
f 1583/1583/1583 1584/1584/1584 1582/1582/1582
f 1587/1587/1587 1586/1586/1586 1585/1585/1585
f 1588/1588/1588 1587/1587/1587 1585/1585/1585
f 1588/1588/1588 1585/1585/1585 1589/1589/1589
f 1590/1590/1590 1588/1588/1588 1589/1589/1589
f 1590/1590/1590 1589/1589/1589 1591/1591/1591
f 1592/1592/1592 1590/1590/1590 1591/1591/1591
f 1595/1595/1595 1594/1594/1594 1593/1593/1593
f 1596/1596/1596 1595/1595/1595 1593/1593/1593
f 1595/1595/1595 1596/1596/1596 1597/1597/1597
f 1596/1596/1596 1598/1598/1598 1597/1597/1597
f 1597/1597/1597 1598/1598/1598 1599/1599/1599
f 1600/1600/1600 1597/1597/1597 1599/1599/1599
f 1601/1601/1601 1600/1600/1600 1599/1599/1599
f 1602/1602/1602 1601/1601/1601 1599/1599/1599
f 1605/1605/1605 1604/1604/1604 1603/1603/1603
f 1606/1606/1606 1605/1605/1605 1603/1603/1603
f 1606/1606/1606 1603/1603/1603 1607/1607/1607
f 1608/1608/1608 1606/1606/1606 1607/1607/1607
f 1608/1608/1608 1607/1607/1607 1609/1609/1609
f 1610/1610/1610 1608/1608/1608 1609/1609/1609
f 1613/1613/1613 1612/1612/1612 1611/1611/1611
f 1612/1612/1612 1614/1614/1614 1611/1611/1611
f 1612/1612/1612 1615/1615/1615 1614/1614/1614
f 1615/1615/1615 1616/1616/1616 1614/1614/1614
f 1619/1619/1619 1618/1618/1618 1617/1617/1617
f 1618/1618/1618 1620/1620/1620 1617/1617/1617
f 1621/1621/1621 1618/1618/1618 1619/1619/1619
f 1617/1617/1617 1620/1620/1620 1622/1622/1622
f 1623/1623/1623 1621/1621/1621 1619/1619/1619
f 1620/1620/1620 1624/1624/1624 1622/1622/1622
f 1625/1625/1625 1621/1621/1621 1623/1623/1623
f 1622/1622/1622 1624/1624/1624 1626/1626/1626
f 1627/1627/1627 1625/1625/1625 1623/1623/1623
f 1624/1624/1624 1628/1628/1628 1626/1626/1626
f 1629/1629/1629 1625/1625/1625 1627/1627/1627
f 1626/1626/1626 1628/1628/1628 1630/1630/1630
f 1631/1631/1631 1629/1629/1629 1627/1627/1627
f 1628/1628/1628 1632/1632/1632 1630/1630/1630
f 1632/1632/1632 1629/1629/1629 1631/1631/1631
f 1630/1630/1630 1632/1632/1632 1631/1631/1631
f 1635/1635/1635 1634/1634/1634 1633/1633/1633
f 1636/1636/1636 1635/1635/1635 1633/1633/1633
f 1633/1633/1633 1634/1634/1634 1637/1637/1637
f 1638/1638/1638 1635/1635/1635 1636/1636/1636
f 1634/1634/1634 1639/1639/1639 1637/1637/1637
f 1640/1640/1640 1638/1638/1638 1636/1636/1636
f 1637/1637/1637 1639/1639/1639 1641/1641/1641
f 1642/1642/1642 1638/1638/1638 1640/1640/1640
f 1639/1639/1639 1643/1643/1643 1641/1641/1641
f 1644/1644/1644 1642/1642/1642 1640/1640/1640
f 1641/1641/1641 1643/1643/1643 1645/1645/1645
f 1646/1646/1646 1642/1642/1642 1644/1644/1644
f 1643/1643/1643 1647/1647/1647 1645/1645/1645
f 1648/1648/1648 1646/1646/1646 1644/1644/1644
f 1645/1645/1645 1647/1647/1647 1648/1648/1648
f 1647/1647/1647 1646/1646/1646 1648/1648/1648
f 1651/1651/1651 1650/1650/1650 1649/1649/1649
f 1650/1650/1650 1652/1652/1652 1649/1649/1649
f 1653/1653/1653 1650/1650/1650 1651/1651/1651
f 1649/1649/1649 1652/1652/1652 1654/1654/1654
f 1655/1655/1655 1653/1653/1653 1651/1651/1651
f 1652/1652/1652 1656/1656/1656 1654/1654/1654
f 1657/1657/1657 1653/1653/1653 1655/1655/1655
f 1654/1654/1654 1656/1656/1656 1658/1658/1658
f 1659/1659/1659 1657/1657/1657 1655/1655/1655
f 1656/1656/1656 1660/1660/1660 1658/1658/1658
f 1660/1660/1660 1657/1657/1657 1659/1659/1659
f 1658/1658/1658 1660/1660/1660 1659/1659/1659
f 1663/1663/1663 1662/1662/1662 1661/1661/1661
f 1664/1664/1664 1663/1663/1663 1661/1661/1661
f 1661/1661/1661 1662/1662/1662 1665/1665/1665
f 1666/1666/1666 1663/1663/1663 1664/1664/1664
f 1662/1662/1662 1667/1667/1667 1665/1665/1665
f 1668/1668/1668 1666/1666/1666 1664/1664/1664
f 1665/1665/1665 1667/1667/1667 1669/1669/1669
f 1670/1670/1670 1666/1666/1666 1668/1668/1668
f 1667/1667/1667 1671/1671/1671 1669/1669/1669
f 1672/1672/1672 1670/1670/1670 1668/1668/1668
f 1669/1669/1669 1671/1671/1671 1672/1672/1672
f 1671/1671/1671 1670/1670/1670 1672/1672/1672
f 1675/1675/1675 1674/1674/1674 1673/1673/1673
f 1676/1676/1676 1675/1675/1675 1673/1673/1673
f 1673/1673/1673 1674/1674/1674 1677/1677/1677
f 1678/1678/1678 1675/1675/1675 1676/1676/1676
f 1674/1674/1674 1679/1679/1679 1677/1677/1677
f 1680/1680/1680 1678/1678/1678 1676/1676/1676
f 1677/1677/1677 1679/1679/1679 1681/1681/1681
f 1682/1682/1682 1678/1678/1678 1680/1680/1680
f 1679/1679/1679 1683/1683/1683 1681/1681/1681
f 1684/1684/1684 1682/1682/1682 1680/1680/1680
f 1681/1681/1681 1683/1683/1683 1684/1684/1684
f 1683/1683/1683 1682/1682/1682 1684/1684/1684
f 1687/1687/1687 1686/1686/1686 1685/1685/1685
f 1686/1686/1686 1688/1688/1688 1685/1685/1685
f 1689/1689/1689 1686/1686/1686 1687/1687/1687
f 1685/1685/1685 1688/1688/1688 1690/1690/1690
f 1691/1691/1691 1689/1689/1689 1687/1687/1687
f 1688/1688/1688 1692/1692/1692 1690/1690/1690
f 1693/1693/1693 1689/1689/1689 1691/1691/1691
f 1690/1690/1690 1692/1692/1692 1694/1694/1694
f 1695/1695/1695 1693/1693/1693 1691/1691/1691
f 1692/1692/1692 1696/1696/1696 1694/1694/1694
f 1696/1696/1696 1693/1693/1693 1695/1695/1695
f 1694/1694/1694 1696/1696/1696 1695/1695/1695
f 1699/1699/1699 1698/1698/1698 1697/1697/1697
f 1700/1700/1700 1699/1699/1699 1697/1697/1697
f 1697/1697/1697 1698/1698/1698 1701/1701/1701
f 1702/1702/1702 1699/1699/1699 1700/1700/1700
f 1698/1698/1698 1703/1703/1703 1701/1701/1701
f 1704/1704/1704 1702/1702/1702 1700/1700/1700
f 1701/1701/1701 1703/1703/1703 1705/1705/1705
f 1706/1706/1706 1702/1702/1702 1704/1704/1704
f 1703/1703/1703 1707/1707/1707 1705/1705/1705
f 1708/1708/1708 1706/1706/1706 1704/1704/1704
f 1705/1705/1705 1707/1707/1707 1709/1709/1709
f 1710/1710/1710 1706/1706/1706 1708/1708/1708
f 1707/1707/1707 1711/1711/1711 1709/1709/1709
f 1712/1712/1712 1710/1710/1710 1708/1708/1708
f 1709/1709/1709 1711/1711/1711 1713/1713/1713
f 1714/1714/1714 1710/1710/1710 1712/1712/1712
f 1711/1711/1711 1715/1715/1715 1713/1713/1713
f 1716/1716/1716 1714/1714/1714 1712/1712/1712
f 1713/1713/1713 1715/1715/1715 1716/1716/1716
f 1715/1715/1715 1714/1714/1714 1716/1716/1716
f 1719/1719/1719 1718/1718/1718 1717/1717/1717
f 1718/1718/1718 1720/1720/1720 1717/1717/1717
f 1719/1719/1719 1717/1717/1717 1721/1721/1721
f 1718/1718/1718 1722/1722/1722 1720/1720/1720
f 1723/1723/1723 1719/1719/1719 1721/1721/1721
f 1722/1722/1722 1724/1724/1724 1720/1720/1720
f 1723/1723/1723 1721/1721/1721 1725/1725/1725
f 1722/1722/1722 1726/1726/1726 1724/1724/1724
f 1727/1727/1727 1723/1723/1723 1725/1725/1725
f 1726/1726/1726 1728/1728/1728 1724/1724/1724
f 1727/1727/1727 1725/1725/1725 1729/1729/1729
f 1726/1726/1726 1730/1730/1730 1728/1728/1728
f 1731/1731/1731 1727/1727/1727 1729/1729/1729
f 1730/1730/1730 1732/1732/1732 1728/1728/1728
f 1731/1731/1731 1729/1729/1729 1732/1732/1732
f 1730/1730/1730 1731/1731/1731 1732/1732/1732
f 1735/1735/1735 1734/1734/1734 1733/1733/1733
f 1734/1734/1734 1736/1736/1736 1733/1733/1733
f 1735/1735/1735 1733/1733/1733 1737/1737/1737
f 1734/1734/1734 1738/1738/1738 1736/1736/1736
f 1739/1739/1739 1735/1735/1735 1737/1737/1737
f 1738/1738/1738 1740/1740/1740 1736/1736/1736
f 1739/1739/1739 1737/1737/1737 1741/1741/1741
f 1738/1738/1738 1742/1742/1742 1740/1740/1740
f 1743/1743/1743 1739/1739/1739 1741/1741/1741
f 1742/1742/1742 1744/1744/1744 1740/1740/1740
f 1743/1743/1743 1741/1741/1741 1745/1745/1745
f 1742/1742/1742 1746/1746/1746 1744/1744/1744
f 1747/1747/1747 1743/1743/1743 1745/1745/1745
f 1746/1746/1746 1748/1748/1748 1744/1744/1744
f 1747/1747/1747 1745/1745/1745 1748/1748/1748
f 1746/1746/1746 1747/1747/1747 1748/1748/1748
f 1751/1751/1751 1750/1750/1750 1749/1749/1749
f 1750/1750/1750 1752/1752/1752 1749/1749/1749
f 1751/1751/1751 1749/1749/1749 1753/1753/1753
f 1750/1750/1750 1754/1754/1754 1752/1752/1752
f 1755/1755/1755 1751/1751/1751 1753/1753/1753
f 1754/1754/1754 1756/1756/1756 1752/1752/1752
f 1755/1755/1755 1753/1753/1753 1757/1757/1757
f 1754/1754/1754 1758/1758/1758 1756/1756/1756
f 1759/1759/1759 1755/1755/1755 1757/1757/1757
f 1758/1758/1758 1760/1760/1760 1756/1756/1756
f 1759/1759/1759 1757/1757/1757 1760/1760/1760
f 1758/1758/1758 1759/1759/1759 1760/1760/1760
f 1763/1763/1763 1762/1762/1762 1761/1761/1761
f 1762/1762/1762 1764/1764/1764 1761/1761/1761
f 1763/1763/1763 1761/1761/1761 1765/1765/1765
f 1762/1762/1762 1766/1766/1766 1764/1764/1764
f 1767/1767/1767 1763/1763/1763 1765/1765/1765
f 1766/1766/1766 1768/1768/1768 1764/1764/1764
f 1767/1767/1767 1765/1765/1765 1769/1769/1769
f 1766/1766/1766 1770/1770/1770 1768/1768/1768
f 1771/1771/1771 1767/1767/1767 1769/1769/1769
f 1770/1770/1770 1772/1772/1772 1768/1768/1768
f 1771/1771/1771 1769/1769/1769 1772/1772/1772
f 1770/1770/1770 1771/1771/1771 1772/1772/1772
f 1775/1775/1775 1774/1774/1774 1773/1773/1773
f 1774/1774/1774 1776/1776/1776 1773/1773/1773
f 1775/1775/1775 1773/1773/1773 1777/1777/1777
f 1774/1774/1774 1778/1778/1778 1776/1776/1776
f 1779/1779/1779 1775/1775/1775 1777/1777/1777
f 1778/1778/1778 1780/1780/1780 1776/1776/1776
f 1779/1779/1779 1777/1777/1777 1781/1781/1781
f 1778/1778/1778 1782/1782/1782 1780/1780/1780
f 1783/1783/1783 1779/1779/1779 1781/1781/1781
f 1782/1782/1782 1784/1784/1784 1780/1780/1780
f 1783/1783/1783 1781/1781/1781 1784/1784/1784
f 1782/1782/1782 1783/1783/1783 1784/1784/1784
f 1787/1787/1787 1786/1786/1786 1785/1785/1785
f 1786/1786/1786 1788/1788/1788 1785/1785/1785
f 1787/1787/1787 1785/1785/1785 1789/1789/1789
f 1786/1786/1786 1790/1790/1790 1788/1788/1788
f 1791/1791/1791 1787/1787/1787 1789/1789/1789
f 1790/1790/1790 1792/1792/1792 1788/1788/1788
f 1791/1791/1791 1789/1789/1789 1793/1793/1793
f 1790/1790/1790 1794/1794/1794 1792/1792/1792
f 1795/1795/1795 1791/1791/1791 1793/1793/1793
f 1794/1794/1794 1796/1796/1796 1792/1792/1792
f 1795/1795/1795 1793/1793/1793 1796/1796/1796
f 1794/1794/1794 1795/1795/1795 1796/1796/1796
f 1799/1799/1799 1798/1798/1798 1797/1797/1797
f 1798/1798/1798 1800/1800/1800 1797/1797/1797
f 1799/1799/1799 1797/1797/1797 1801/1801/1801
f 1798/1798/1798 1802/1802/1802 1800/1800/1800
f 1803/1803/1803 1799/1799/1799 1801/1801/1801
f 1802/1802/1802 1804/1804/1804 1800/1800/1800
f 1803/1803/1803 1801/1801/1801 1805/1805/1805
f 1802/1802/1802 1806/1806/1806 1804/1804/1804
f 1807/1807/1807 1803/1803/1803 1805/1805/1805
f 1806/1806/1806 1808/1808/1808 1804/1804/1804
f 1807/1807/1807 1805/1805/1805 1809/1809/1809
f 1806/1806/1806 1810/1810/1810 1808/1808/1808
f 1811/1811/1811 1807/1807/1807 1809/1809/1809
f 1810/1810/1810 1812/1812/1812 1808/1808/1808
f 1811/1811/1811 1809/1809/1809 1813/1813/1813
f 1810/1810/1810 1814/1814/1814 1812/1812/1812
f 1815/1815/1815 1811/1811/1811 1813/1813/1813
f 1814/1814/1814 1816/1816/1816 1812/1812/1812
f 1815/1815/1815 1813/1813/1813 1816/1816/1816
f 1814/1814/1814 1815/1815/1815 1816/1816/1816
g 0.0000_1
f 1819/1819/1819 1818/1818/1818 1817/1817/1817
f 1820/1820/1820 1819/1819/1819 1817/1817/1817
f 1820/1820/1820 1817/1817/1817 1821/1821/1821
f 1822/1822/1822 1819/1819/1819 1820/1820/1820
f 1823/1823/1823 1820/1820/1820 1821/1821/1821
f 1824/1824/1824 1822/1822/1822 1820/1820/1820
f 1824/1824/1824 1820/1820/1820 1823/1823/1823
f 1825/1825/1825 1824/1824/1824 1823/1823/1823
f 1828/1828/1828 1827/1827/1827 1826/1826/1826
f 1829/1829/1829 1828/1828/1828 1826/1826/1826
f 1829/1829/1829 1826/1826/1826 1830/1830/1830
f 1831/1831/1831 1828/1828/1828 1829/1829/1829
f 1832/1832/1832 1829/1829/1829 1830/1830/1830
f 1833/1833/1833 1831/1831/1831 1829/1829/1829
f 1833/1833/1833 1829/1829/1829 1832/1832/1832
f 1834/1834/1834 1833/1833/1833 1832/1832/1832
f 1837/1837/1837 1836/1836/1836 1835/1835/1835
f 1838/1838/1838 1837/1837/1837 1835/1835/1835
f 1838/1838/1838 1835/1835/1835 1839/1839/1839
f 1840/1840/1840 1837/1837/1837 1838/1838/1838
f 1841/1841/1841 1838/1838/1838 1839/1839/1839
f 1842/1842/1842 1840/1840/1840 1838/1838/1838
f 1842/1842/1842 1838/1838/1838 1841/1841/1841
f 1843/1843/1843 1842/1842/1842 1841/1841/1841
f 1846/1846/1846 1845/1845/1845 1844/1844/1844
f 1847/1847/1847 1846/1846/1846 1844/1844/1844
f 1847/1847/1847 1844/1844/1844 1848/1848/1848
f 1849/1849/1849 1846/1846/1846 1847/1847/1847
f 1850/1850/1850 1847/1847/1847 1848/1848/1848
f 1851/1851/1851 1849/1849/1849 1847/1847/1847
f 1851/1851/1851 1847/1847/1847 1850/1850/1850
f 1852/1852/1852 1851/1851/1851 1850/1850/1850
f 1855/1855/1855 1854/1854/1854 1853/1853/1853
f 1856/1856/1856 1855/1855/1855 1853/1853/1853
f 1856/1856/1856 1853/1853/1853 1857/1857/1857
f 1858/1858/1858 1855/1855/1855 1856/1856/1856
f 1859/1859/1859 1856/1856/1856 1857/1857/1857
f 1860/1860/1860 1858/1858/1858 1856/1856/1856
f 1860/1860/1860 1856/1856/1856 1859/1859/1859
f 1861/1861/1861 1860/1860/1860 1859/1859/1859
f 1864/1864/1864 1863/1863/1863 1862/1862/1862
f 1865/1865/1865 1864/1864/1864 1862/1862/1862
f 1865/1865/1865 1862/1862/1862 1866/1866/1866
f 1867/1867/1867 1864/1864/1864 1865/1865/1865
f 1868/1868/1868 1865/1865/1865 1866/1866/1866
f 1869/1869/1869 1867/1867/1867 1865/1865/1865
f 1869/1869/1869 1865/1865/1865 1868/1868/1868
f 1870/1870/1870 1869/1869/1869 1868/1868/1868
f 1873/1873/1873 1872/1872/1872 1871/1871/1871
f 1874/1874/1874 1873/1873/1873 1871/1871/1871
f 1874/1874/1874 1871/1871/1871 1875/1875/1875
f 1876/1876/1876 1873/1873/1873 1874/1874/1874
f 1877/1877/1877 1874/1874/1874 1875/1875/1875
f 1878/1878/1878 1876/1876/1876 1874/1874/1874
f 1878/1878/1878 1874/1874/1874 1877/1877/1877
f 1879/1879/1879 1878/1878/1878 1877/1877/1877
f 1882/1882/1882 1881/1881/1881 1880/1880/1880
f 1883/1883/1883 1882/1882/1882 1880/1880/1880
f 1883/1883/1883 1880/1880/1880 1884/1884/1884
f 1885/1885/1885 1882/1882/1882 1883/1883/1883
f 1886/1886/1886 1883/1883/1883 1884/1884/1884
f 1887/1887/1887 1885/1885/1885 1883/1883/1883
f 1887/1887/1887 1883/1883/1883 1886/1886/1886
f 1888/1888/1888 1887/1887/1887 1886/1886/1886
f 1891/1891/1891 1890/1890/1890 1889/1889/1889
f 1892/1892/1892 1891/1891/1891 1889/1889/1889
f 1892/1892/1892 1889/1889/1889 1893/1893/1893
f 1894/1894/1894 1891/1891/1891 1892/1892/1892
f 1895/1895/1895 1892/1892/1892 1893/1893/1893
f 1896/1896/1896 1894/1894/1894 1892/1892/1892
f 1896/1896/1896 1892/1892/1892 1895/1895/1895
f 1897/1897/1897 1896/1896/1896 1895/1895/1895
f 1900/1900/1900 1899/1899/1899 1898/1898/1898
f 1901/1901/1901 1900/1900/1900 1898/1898/1898
f 1901/1901/1901 1898/1898/1898 1902/1902/1902
f 1903/1903/1903 1900/1900/1900 1901/1901/1901
f 1904/1904/1904 1901/1901/1901 1902/1902/1902
f 1905/1905/1905 1903/1903/1903 1901/1901/1901
f 1905/1905/1905 1901/1901/1901 1904/1904/1904
f 1906/1906/1906 1905/1905/1905 1904/1904/1904
f 1909/1909/1909 1908/1908/1908 1907/1907/1907
f 1910/1910/1910 1909/1909/1909 1907/1907/1907
f 1910/1910/1910 1907/1907/1907 1911/1911/1911
f 1912/1912/1912 1909/1909/1909 1910/1910/1910
f 1913/1913/1913 1910/1910/1910 1911/1911/1911
f 1914/1914/1914 1912/1912/1912 1910/1910/1910
f 1914/1914/1914 1910/1910/1910 1913/1913/1913
f 1915/1915/1915 1914/1914/1914 1913/1913/1913
f 1918/1918/1918 1917/1917/1917 1916/1916/1916
f 1919/1919/1919 1918/1918/1918 1916/1916/1916
f 1919/1919/1919 1916/1916/1916 1920/1920/1920
f 1921/1921/1921 1918/1918/1918 1919/1919/1919
f 1922/1922/1922 1919/1919/1919 1920/1920/1920
f 1923/1923/1923 1921/1921/1921 1919/1919/1919
f 1923/1923/1923 1919/1919/1919 1922/1922/1922
f 1924/1924/1924 1923/1923/1923 1922/1922/1922
f 1927/1927/1927 1926/1926/1926 1925/1925/1925
f 1928/1928/1928 1927/1927/1927 1925/1925/1925
f 1928/1928/1928 1925/1925/1925 1929/1929/1929
f 1930/1930/1930 1927/1927/1927 1928/1928/1928
f 1931/1931/1931 1928/1928/1928 1929/1929/1929
f 1932/1932/1932 1930/1930/1930 1928/1928/1928
f 1932/1932/1932 1928/1928/1928 1931/1931/1931
f 1933/1933/1933 1932/1932/1932 1931/1931/1931
f 1936/1936/1936 1935/1935/1935 1934/1934/1934
f 1937/1937/1937 1936/1936/1936 1934/1934/1934
f 1937/1937/1937 1934/1934/1934 1938/1938/1938
f 1939/1939/1939 1936/1936/1936 1937/1937/1937
f 1940/1940/1940 1937/1937/1937 1938/1938/1938
f 1941/1941/1941 1939/1939/1939 1937/1937/1937
f 1941/1941/1941 1937/1937/1937 1940/1940/1940
f 1942/1942/1942 1941/1941/1941 1940/1940/1940
f 1945/1945/1945 1944/1944/1944 1943/1943/1943
f 1946/1946/1946 1945/1945/1945 1943/1943/1943
f 1946/1946/1946 1943/1943/1943 1947/1947/1947
f 1948/1948/1948 1945/1945/1945 1946/1946/1946
f 1949/1949/1949 1946/1946/1946 1947/1947/1947
f 1950/1950/1950 1948/1948/1948 1946/1946/1946
f 1950/1950/1950 1946/1946/1946 1949/1949/1949
f 1951/1951/1951 1950/1950/1950 1949/1949/1949
f 1954/1954/1954 1953/1953/1953 1952/1952/1952
f 1955/1955/1955 1954/1954/1954 1952/1952/1952
f 1955/1955/1955 1952/1952/1952 1956/1956/1956
f 1957/1957/1957 1954/1954/1954 1955/1955/1955
f 1958/1958/1958 1955/1955/1955 1956/1956/1956
f 1959/1959/1959 1957/1957/1957 1955/1955/1955
f 1959/1959/1959 1955/1955/1955 1958/1958/1958
f 1960/1960/1960 1959/1959/1959 1958/1958/1958
f 1963/1963/1963 1962/1962/1962 1961/1961/1961
f 1964/1964/1964 1963/1963/1963 1961/1961/1961
f 1964/1964/1964 1961/1961/1961 1965/1965/1965
f 1966/1966/1966 1963/1963/1963 1964/1964/1964
f 1967/1967/1967 1964/1964/1964 1965/1965/1965
f 1968/1968/1968 1966/1966/1966 1964/1964/1964
f 1968/1968/1968 1964/1964/1964 1967/1967/1967
f 1969/1969/1969 1968/1968/1968 1967/1967/1967
f 1972/1972/1972 1971/1971/1971 1970/1970/1970
f 1973/1973/1973 1972/1972/1972 1970/1970/1970
f 1973/1973/1973 1970/1970/1970 1974/1974/1974
f 1975/1975/1975 1972/1972/1972 1973/1973/1973
f 1976/1976/1976 1973/1973/1973 1974/1974/1974
f 1977/1977/1977 1975/1975/1975 1973/1973/1973
f 1977/1977/1977 1973/1973/1973 1976/1976/1976
f 1978/1978/1978 1977/1977/1977 1976/1976/1976
f 1981/1981/1981 1980/1980/1980 1979/1979/1979
f 1982/1982/1982 1981/1981/1981 1979/1979/1979
f 1982/1982/1982 1979/1979/1979 1983/1983/1983
f 1984/1984/1984 1981/1981/1981 1982/1982/1982
f 1985/1985/1985 1982/1982/1982 1983/1983/1983
f 1986/1986/1986 1984/1984/1984 1982/1982/1982
f 1986/1986/1986 1982/1982/1982 1985/1985/1985
f 1987/1987/1987 1986/1986/1986 1985/1985/1985
f 1990/1990/1990 1989/1989/1989 1988/1988/1988
f 1991/1991/1991 1990/1990/1990 1988/1988/1988
f 1991/1991/1991 1988/1988/1988 1992/1992/1992
f 1993/1993/1993 1990/1990/1990 1991/1991/1991
f 1994/1994/1994 1991/1991/1991 1992/1992/1992
f 1995/1995/1995 1993/1993/1993 1991/1991/1991
f 1995/1995/1995 1991/1991/1991 1994/1994/1994
f 1996/1996/1996 1995/1995/1995 1994/1994/1994
f 1999/1999/1999 1998/1998/1998 1997/1997/1997
f 2000/2000/2000 1999/1999/1999 1997/1997/1997
f 2000/2000/2000 1997/1997/1997 2001/2001/2001
f 2002/2002/2002 1999/1999/1999 2000/2000/2000
f 2003/2003/2003 2000/2000/2000 2001/2001/2001
f 2004/2004/2004 2002/2002/2002 2000/2000/2000
f 2004/2004/2004 2000/2000/2000 2003/2003/2003
f 2005/2005/2005 2004/2004/2004 2003/2003/2003
f 2008/2008/2008 2007/2007/2007 2006/2006/2006
f 2009/2009/2009 2008/2008/2008 2006/2006/2006
f 2009/2009/2009 2006/2006/2006 2010/2010/2010
f 2011/2011/2011 2008/2008/2008 2009/2009/2009
f 2012/2012/2012 2009/2009/2009 2010/2010/2010
f 2013/2013/2013 2011/2011/2011 2009/2009/2009
f 2013/2013/2013 2009/2009/2009 2012/2012/2012
f 2014/2014/2014 2013/2013/2013 2012/2012/2012
f 2017/2017/2017 2016/2016/2016 2015/2015/2015
f 2018/2018/2018 2017/2017/2017 2015/2015/2015
f 2018/2018/2018 2015/2015/2015 2019/2019/2019
f 2020/2020/2020 2017/2017/2017 2018/2018/2018
f 2021/2021/2021 2018/2018/2018 2019/2019/2019
f 2022/2022/2022 2020/2020/2020 2018/2018/2018
f 2022/2022/2022 2018/2018/2018 2021/2021/2021
f 2023/2023/2023 2022/2022/2022 2021/2021/2021
f 2026/2026/2026 2025/2025/2025 2024/2024/2024
f 2027/2027/2027 2026/2026/2026 2024/2024/2024
f 2027/2027/2027 2024/2024/2024 2028/2028/2028
f 2029/2029/2029 2026/2026/2026 2027/2027/2027
f 2030/2030/2030 2027/2027/2027 2028/2028/2028
f 2031/2031/2031 2029/2029/2029 2027/2027/2027
f 2031/2031/2031 2027/2027/2027 2030/2030/2030
f 2032/2032/2032 2031/2031/2031 2030/2030/2030
f 2035/2035/2035 2034/2034/2034 2033/2033/2033
f 2036/2036/2036 2035/2035/2035 2033/2033/2033
f 2036/2036/2036 2033/2033/2033 2037/2037/2037
f 2038/2038/2038 2035/2035/2035 2036/2036/2036
f 2039/2039/2039 2036/2036/2036 2037/2037/2037
f 2040/2040/2040 2038/2038/2038 2036/2036/2036
f 2040/2040/2040 2036/2036/2036 2039/2039/2039
f 2041/2041/2041 2040/2040/2040 2039/2039/2039
f 2044/2044/2044 2043/2043/2043 2042/2042/2042
f 2045/2045/2045 2044/2044/2044 2042/2042/2042
f 2045/2045/2045 2042/2042/2042 2046/2046/2046
f 2047/2047/2047 2044/2044/2044 2045/2045/2045
f 2048/2048/2048 2045/2045/2045 2046/2046/2046
f 2049/2049/2049 2047/2047/2047 2045/2045/2045
f 2049/2049/2049 2045/2045/2045 2048/2048/2048
f 2050/2050/2050 2049/2049/2049 2048/2048/2048
f 2053/2053/2053 2052/2052/2052 2051/2051/2051
f 2054/2054/2054 2053/2053/2053 2051/2051/2051
f 2054/2054/2054 2051/2051/2051 2055/2055/2055
f 2056/2056/2056 2053/2053/2053 2054/2054/2054
f 2057/2057/2057 2054/2054/2054 2055/2055/2055
f 2058/2058/2058 2056/2056/2056 2054/2054/2054
f 2058/2058/2058 2054/2054/2054 2057/2057/2057
f 2059/2059/2059 2058/2058/2058 2057/2057/2057
f 2062/2062/2062 2061/2061/2061 2060/2060/2060
f 2063/2063/2063 2062/2062/2062 2060/2060/2060
f 2063/2063/2063 2060/2060/2060 2064/2064/2064
f 2065/2065/2065 2062/2062/2062 2063/2063/2063
f 2066/2066/2066 2063/2063/2063 2064/2064/2064
f 2067/2067/2067 2065/2065/2065 2063/2063/2063
f 2067/2067/2067 2063/2063/2063 2066/2066/2066
f 2068/2068/2068 2067/2067/2067 2066/2066/2066
f 2071/2071/2071 2070/2070/2070 2069/2069/2069
f 2072/2072/2072 2071/2071/2071 2069/2069/2069
f 2072/2072/2072 2069/2069/2069 2073/2073/2073
f 2074/2074/2074 2071/2071/2071 2072/2072/2072
f 2075/2075/2075 2072/2072/2072 2073/2073/2073
f 2076/2076/2076 2074/2074/2074 2072/2072/2072
f 2076/2076/2076 2072/2072/2072 2075/2075/2075
f 2077/2077/2077 2076/2076/2076 2075/2075/2075
f 2080/2080/2080 2079/2079/2079 2078/2078/2078
f 2081/2081/2081 2080/2080/2080 2078/2078/2078
f 2081/2081/2081 2078/2078/2078 2082/2082/2082
f 2083/2083/2083 2080/2080/2080 2081/2081/2081
f 2084/2084/2084 2081/2081/2081 2082/2082/2082
f 2085/2085/2085 2083/2083/2083 2081/2081/2081
f 2085/2085/2085 2081/2081/2081 2084/2084/2084
f 2086/2086/2086 2085/2085/2085 2084/2084/2084
f 2089/2089/2089 2088/2088/2088 2087/2087/2087
f 2090/2090/2090 2089/2089/2089 2087/2087/2087
f 2090/2090/2090 2087/2087/2087 2091/2091/2091
f 2092/2092/2092 2089/2089/2089 2090/2090/2090
f 2093/2093/2093 2090/2090/2090 2091/2091/2091
f 2094/2094/2094 2092/2092/2092 2090/2090/2090
f 2094/2094/2094 2090/2090/2090 2093/2093/2093
f 2095/2095/2095 2094/2094/2094 2093/2093/2093
f 2098/2098/2098 2097/2097/2097 2096/2096/2096
f 2099/2099/2099 2098/2098/2098 2096/2096/2096
f 2099/2099/2099 2096/2096/2096 2100/2100/2100
f 2101/2101/2101 2098/2098/2098 2099/2099/2099
f 2102/2102/2102 2099/2099/2099 2100/2100/2100
f 2103/2103/2103 2101/2101/2101 2099/2099/2099
f 2103/2103/2103 2099/2099/2099 2102/2102/2102
f 2104/2104/2104 2103/2103/2103 2102/2102/2102
f 2107/2107/2107 2106/2106/2106 2105/2105/2105
f 2108/2108/2108 2107/2107/2107 2105/2105/2105
f 2108/2108/2108 2105/2105/2105 2109/2109/2109
f 2110/2110/2110 2107/2107/2107 2108/2108/2108
f 2111/2111/2111 2108/2108/2108 2109/2109/2109
f 2112/2112/2112 2110/2110/2110 2108/2108/2108
f 2112/2112/2112 2108/2108/2108 2111/2111/2111
f 2113/2113/2113 2112/2112/2112 2111/2111/2111
f 2116/2116/2116 2115/2115/2115 2114/2114/2114
f 2117/2117/2117 2116/2116/2116 2114/2114/2114
f 2117/2117/2117 2114/2114/2114 2118/2118/2118
f 2119/2119/2119 2116/2116/2116 2117/2117/2117
f 2120/2120/2120 2117/2117/2117 2118/2118/2118
f 2121/2121/2121 2119/2119/2119 2117/2117/2117
f 2121/2121/2121 2117/2117/2117 2120/2120/2120
f 2122/2122/2122 2121/2121/2121 2120/2120/2120
f 2125/2125/2125 2124/2124/2124 2123/2123/2123
f 2126/2126/2126 2125/2125/2125 2123/2123/2123
f 2126/2126/2126 2123/2123/2123 2127/2127/2127
f 2128/2128/2128 2125/2125/2125 2126/2126/2126
f 2129/2129/2129 2126/2126/2126 2127/2127/2127
f 2130/2130/2130 2128/2128/2128 2126/2126/2126
f 2130/2130/2130 2126/2126/2126 2129/2129/2129
f 2131/2131/2131 2130/2130/2130 2129/2129/2129
f 2134/2134/2134 2133/2133/2133 2132/2132/2132
f 2135/2135/2135 2134/2134/2134 2132/2132/2132
f 2135/2135/2135 2132/2132/2132 2136/2136/2136
f 2137/2137/2137 2134/2134/2134 2135/2135/2135
f 2138/2138/2138 2135/2135/2135 2136/2136/2136
f 2139/2139/2139 2137/2137/2137 2135/2135/2135
f 2139/2139/2139 2135/2135/2135 2138/2138/2138
f 2140/2140/2140 2139/2139/2139 2138/2138/2138
f 2143/2143/2143 2142/2142/2142 2141/2141/2141
f 2144/2144/2144 2143/2143/2143 2141/2141/2141
f 2144/2144/2144 2141/2141/2141 2145/2145/2145
f 2146/2146/2146 2143/2143/2143 2144/2144/2144
f 2147/2147/2147 2144/2144/2144 2145/2145/2145
f 2148/2148/2148 2146/2146/2146 2144/2144/2144
f 2148/2148/2148 2144/2144/2144 2147/2147/2147
f 2149/2149/2149 2148/2148/2148 2147/2147/2147
f 2152/2152/2152 2151/2151/2151 2150/2150/2150
f 2153/2153/2153 2152/2152/2152 2150/2150/2150
f 2153/2153/2153 2150/2150/2150 2154/2154/2154
f 2155/2155/2155 2152/2152/2152 2153/2153/2153
f 2156/2156/2156 2153/2153/2153 2154/2154/2154
f 2157/2157/2157 2155/2155/2155 2153/2153/2153
f 2157/2157/2157 2153/2153/2153 2156/2156/2156
f 2158/2158/2158 2157/2157/2157 2156/2156/2156
f 2161/2161/2161 2160/2160/2160 2159/2159/2159
f 2162/2162/2162 2161/2161/2161 2159/2159/2159
f 2162/2162/2162 2159/2159/2159 2163/2163/2163
f 2164/2164/2164 2161/2161/2161 2162/2162/2162
f 2165/2165/2165 2162/2162/2162 2163/2163/2163
f 2166/2166/2166 2164/2164/2164 2162/2162/2162
f 2166/2166/2166 2162/2162/2162 2165/2165/2165
f 2167/2167/2167 2166/2166/2166 2165/2165/2165
f 2170/2170/2170 2169/2169/2169 2168/2168/2168
f 2171/2171/2171 2170/2170/2170 2168/2168/2168
f 2171/2171/2171 2168/2168/2168 2172/2172/2172
f 2173/2173/2173 2170/2170/2170 2171/2171/2171
f 2174/2174/2174 2171/2171/2171 2172/2172/2172
f 2175/2175/2175 2173/2173/2173 2171/2171/2171
f 2175/2175/2175 2171/2171/2171 2174/2174/2174
f 2176/2176/2176 2175/2175/2175 2174/2174/2174
f 2179/2179/2179 2178/2178/2178 2177/2177/2177
f 2180/2180/2180 2179/2179/2179 2177/2177/2177
f 2180/2180/2180 2177/2177/2177 2181/2181/2181
f 2182/2182/2182 2179/2179/2179 2180/2180/2180
f 2183/2183/2183 2180/2180/2180 2181/2181/2181
f 2184/2184/2184 2182/2182/2182 2180/2180/2180
f 2184/2184/2184 2180/2180/2180 2183/2183/2183
f 2185/2185/2185 2184/2184/2184 2183/2183/2183
f 2188/2188/2188 2187/2187/2187 2186/2186/2186
f 2189/2189/2189 2188/2188/2188 2186/2186/2186
f 2189/2189/2189 2186/2186/2186 2190/2190/2190
f 2191/2191/2191 2188/2188/2188 2189/2189/2189
f 2192/2192/2192 2189/2189/2189 2190/2190/2190
f 2193/2193/2193 2191/2191/2191 2189/2189/2189
f 2193/2193/2193 2189/2189/2189 2192/2192/2192
f 2194/2194/2194 2193/2193/2193 2192/2192/2192
f 2197/2197/2197 2196/2196/2196 2195/2195/2195
f 2198/2198/2198 2197/2197/2197 2195/2195/2195
f 2198/2198/2198 2195/2195/2195 2199/2199/2199
f 2200/2200/2200 2197/2197/2197 2198/2198/2198
f 2201/2201/2201 2198/2198/2198 2199/2199/2199
f 2202/2202/2202 2200/2200/2200 2198/2198/2198
f 2202/2202/2202 2198/2198/2198 2201/2201/2201
f 2203/2203/2203 2202/2202/2202 2201/2201/2201
f 2206/2206/2206 2205/2205/2205 2204/2204/2204
f 2207/2207/2207 2206/2206/2206 2204/2204/2204
f 2207/2207/2207 2204/2204/2204 2208/2208/2208
f 2209/2209/2209 2206/2206/2206 2207/2207/2207
f 2210/2210/2210 2207/2207/2207 2208/2208/2208
f 2211/2211/2211 2209/2209/2209 2207/2207/2207
f 2211/2211/2211 2207/2207/2207 2210/2210/2210
f 2212/2212/2212 2211/2211/2211 2210/2210/2210
f 2215/2215/2215 2214/2214/2214 2213/2213/2213
f 2216/2216/2216 2215/2215/2215 2213/2213/2213
f 2216/2216/2216 2213/2213/2213 2217/2217/2217
f 2218/2218/2218 2215/2215/2215 2216/2216/2216
f 2219/2219/2219 2216/2216/2216 2217/2217/2217
f 2220/2220/2220 2218/2218/2218 2216/2216/2216
f 2220/2220/2220 2216/2216/2216 2219/2219/2219
f 2221/2221/2221 2220/2220/2220 2219/2219/2219
f 2224/2224/2224 2223/2223/2223 2222/2222/2222
f 2225/2225/2225 2224/2224/2224 2222/2222/2222
f 2225/2225/2225 2222/2222/2222 2226/2226/2226
f 2227/2227/2227 2224/2224/2224 2225/2225/2225
f 2228/2228/2228 2225/2225/2225 2226/2226/2226
f 2229/2229/2229 2227/2227/2227 2225/2225/2225
f 2229/2229/2229 2225/2225/2225 2228/2228/2228
f 2230/2230/2230 2229/2229/2229 2228/2228/2228
f 2233/2233/2233 2232/2232/2232 2231/2231/2231
f 2234/2234/2234 2233/2233/2233 2231/2231/2231
f 2234/2234/2234 2231/2231/2231 2235/2235/2235
f 2236/2236/2236 2233/2233/2233 2234/2234/2234
f 2237/2237/2237 2234/2234/2234 2235/2235/2235
f 2238/2238/2238 2236/2236/2236 2234/2234/2234
f 2238/2238/2238 2234/2234/2234 2237/2237/2237
f 2239/2239/2239 2238/2238/2238 2237/2237/2237
f 2242/2242/2242 2241/2241/2241 2240/2240/2240
f 2243/2243/2243 2242/2242/2242 2240/2240/2240
f 2243/2243/2243 2240/2240/2240 2244/2244/2244
f 2245/2245/2245 2242/2242/2242 2243/2243/2243
f 2246/2246/2246 2243/2243/2243 2244/2244/2244
f 2247/2247/2247 2245/2245/2245 2243/2243/2243
f 2247/2247/2247 2243/2243/2243 2246/2246/2246
f 2248/2248/2248 2247/2247/2247 2246/2246/2246
f 2251/2251/2251 2250/2250/2250 2249/2249/2249
f 2252/2252/2252 2251/2251/2251 2249/2249/2249
f 2252/2252/2252 2249/2249/2249 2253/2253/2253
f 2254/2254/2254 2251/2251/2251 2252/2252/2252
f 2255/2255/2255 2252/2252/2252 2253/2253/2253
f 2256/2256/2256 2254/2254/2254 2252/2252/2252
f 2256/2256/2256 2252/2252/2252 2255/2255/2255
f 2257/2257/2257 2256/2256/2256 2255/2255/2255
f 2260/2260/2260 2259/2259/2259 2258/2258/2258
f 2261/2261/2261 2260/2260/2260 2258/2258/2258
f 2261/2261/2261 2258/2258/2258 2262/2262/2262
f 2263/2263/2263 2260/2260/2260 2261/2261/2261
f 2264/2264/2264 2261/2261/2261 2262/2262/2262
f 2265/2265/2265 2263/2263/2263 2261/2261/2261
f 2265/2265/2265 2261/2261/2261 2264/2264/2264
f 2266/2266/2266 2265/2265/2265 2264/2264/2264
f 2269/2269/2269 2268/2268/2268 2267/2267/2267
f 2267/2267/2267 2270/2270/2270 2269/2269/2269
f 2269/2269/2269 2271/2271/2271 2268/2268/2268
f 2270/2270/2270 2271/2271/2271 2269/2269/2269
f 2268/2268/2268 2272/2272/2272 2267/2267/2267
f 2271/2271/2271 2273/2273/2273 2268/2268/2268
f 2268/2268/2268 2274/2274/2274 2272/2272/2272
f 2268/2268/2268 2273/2273/2273 2274/2274/2274
f 2270/2270/2270 2275/2275/2275 2271/2271/2271
f 2271/2271/2271 2276/2276/2276 2273/2273/2273
f 2275/2275/2275 2276/2276/2276 2271/2271/2271
f 2277/2277/2277 2270/2270/2270 2267/2267/2267
f 2267/2267/2267 2272/2272/2272 2278/2278/2278
f 2278/2278/2278 2277/2277/2277 2267/2267/2267
f 2279/2279/2279 2275/2275/2275 2270/2270/2270
f 2277/2277/2277 2279/2279/2279 2270/2270/2270
f 2273/2273/2273 2280/2280/2280 2274/2274/2274
f 2276/2276/2276 2281/2281/2281 2273/2273/2273
f 2273/2273/2273 2281/2281/2281 2280/2280/2280
f 2274/2274/2274 2282/2282/2282 2272/2272/2272
f 2272/2272/2272 2283/2283/2283 2278/2278/2278
f 2272/2272/2272 2282/2282/2282 2283/2283/2283
f 2274/2274/2274 2280/2280/2280 2284/2284/2284
f 2274/2274/2274 2284/2284/2284 2282/2282/2282
f 2275/2275/2275 2285/2285/2285 2276/2276/2276
f 2279/2279/2279 2286/2286/2286 2275/2275/2275
f 2286/2286/2286 2285/2285/2285 2275/2275/2275
f 2276/2276/2276 2287/2287/2287 2281/2281/2281
f 2285/2285/2285 2287/2287/2287 2276/2276/2276
f 2288/2288/2288 2279/2279/2279 2277/2277/2277
f 2289/2289/2289 2277/2277/2277 2278/2278/2278
f 2289/2289/2289 2288/2288/2288 2277/2277/2277
f 2290/2290/2290 2286/2286/2286 2279/2279/2279
f 2288/2288/2288 2290/2290/2290 2279/2279/2279
f 2291/2291/2291 2289/2289/2289 2278/2278/2278
f 2278/2278/2278 2283/2283/2283 2291/2291/2291
f 2286/2286/2286 2292/2292/2292 2285/2285/2285
f 2285/2285/2285 2293/2293/2293 2287/2287/2287
f 2292/2292/2292 2293/2293/2293 2285/2285/2285
f 2290/2290/2290 2294/2294/2294 2286/2286/2286
f 2294/2294/2294 2292/2292/2292 2286/2286/2286
f 2287/2287/2287 2295/2295/2295 2281/2281/2281
f 2293/2293/2293 2296/2296/2296 2287/2287/2287
f 2287/2287/2287 2296/2296/2296 2295/2295/2295
f 2281/2281/2281 2295/2295/2295 2297/2297/2297
f 2281/2281/2281 2297/2297/2297 2280/2280/2280
f 2280/2280/2280 2297/2297/2297 2298/2298/2298
f 2280/2280/2280 2298/2298/2298 2284/2284/2284
f 2293/2293/2293 2292/2292/2292 2299/2299/2299
f 2296/2296/2296 2293/2293/2293 2300/2300/2300
f 2300/2300/2300 2293/2293/2293 2299/2299/2299
f 2296/2296/2296 2301/2301/2301 2295/2295/2295
f 2301/2301/2301 2296/2296/2296 2300/2300/2300
f 2295/2295/2295 2302/2302/2302 2297/2297/2297
f 2295/2295/2295 2301/2301/2301 2302/2302/2302
f 2292/2292/2292 2294/2294/2294 2303/2303/2303
f 2299/2299/2299 2292/2292/2292 2303/2303/2303
f 2297/2297/2297 2304/2304/2304 2298/2298/2298
f 2297/2297/2297 2302/2302/2302 2304/2304/2304
f 2284/2284/2284 2298/2298/2298 2305/2305/2305
f 2298/2298/2298 2304/2304/2304 2306/2306/2306
f 2298/2298/2298 2306/2306/2306 2305/2305/2305
f 2284/2284/2284 2305/2305/2305 2307/2307/2307
f 2284/2284/2284 2307/2307/2307 2282/2282/2282
f 2305/2305/2305 2306/2306/2306 2308/2308/2308
f 2305/2305/2305 2308/2308/2308 2307/2307/2307
f 2282/2282/2282 2307/2307/2307 2309/2309/2309
f 2282/2282/2282 2309/2309/2309 2283/2283/2283
f 2307/2307/2307 2308/2308/2308 2310/2310/2310
f 2307/2307/2307 2310/2310/2310 2309/2309/2309
f 2283/2283/2283 2309/2309/2309 2311/2311/2311
f 2283/2283/2283 2311/2311/2311 2291/2291/2291
f 2309/2309/2309 2310/2310/2310 2312/2312/2312
f 2309/2309/2309 2312/2312/2312 2311/2311/2311
f 2302/2302/2302 2313/2313/2313 2304/2304/2304
f 2304/2304/2304 2314/2314/2314 2306/2306/2306
f 2304/2304/2304 2313/2313/2313 2314/2314/2314
f 2306/2306/2306 2315/2315/2315 2308/2308/2308
f 2306/2306/2306 2314/2314/2314 2315/2315/2315
f 2308/2308/2308 2316/2316/2316 2310/2310/2310
f 2308/2308/2308 2315/2315/2315 2316/2316/2316
f 2310/2310/2310 2317/2317/2317 2312/2312/2312
f 2310/2310/2310 2316/2316/2316 2317/2317/2317
f 2302/2302/2302 2318/2318/2318 2313/2313/2313
f 2301/2301/2301 2318/2318/2318 2302/2302/2302
f 2318/2318/2318 2301/2301/2301 2319/2319/2319
f 2301/2301/2301 2300/2300/2300 2319/2319/2319
f 2319/2319/2319 2300/2300/2300 2320/2320/2320
f 2300/2300/2300 2299/2299/2299 2320/2320/2320
f 2320/2320/2320 2299/2299/2299 2321/2321/2321
f 2299/2299/2299 2303/2303/2303 2321/2321/2321
f 2315/2315/2315 2322/2322/2322 2316/2316/2316
f 2316/2316/2316 2323/2323/2323 2317/2317/2317
f 2316/2316/2316 2322/2322/2322 2323/2323/2323
f 2315/2315/2315 2324/2324/2324 2322/2322/2322
f 2314/2314/2314 2324/2324/2324 2315/2315/2315
f 2314/2314/2314 2325/2325/2325 2324/2324/2324
f 2313/2313/2313 2325/2325/2325 2314/2314/2314
f 2313/2313/2313 2326/2326/2326 2325/2325/2325
f 2318/2318/2318 2326/2326/2326 2313/2313/2313
f 2326/2326/2326 2318/2318/2318 2327/2327/2327
f 2318/2318/2318 2319/2319/2319 2327/2327/2327
f 2327/2327/2327 2319/2319/2319 2328/2328/2328
f 2319/2319/2319 2320/2320/2320 2328/2328/2328
f 2328/2328/2328 2320/2320/2320 2329/2329/2329
f 2320/2320/2320 2321/2321/2321 2329/2329/2329
f 2324/2324/2324 2330/2330/2330 2322/2322/2322
f 2325/2325/2325 2331/2331/2331 2324/2324/2324
f 2324/2324/2324 2331/2331/2331 2330/2330/2330
f 2326/2326/2326 2332/2332/2332 2325/2325/2325
f 2325/2325/2325 2332/2332/2332 2331/2331/2331
f 2332/2332/2332 2326/2326/2326 2333/2333/2333
f 2326/2326/2326 2327/2327/2327 2333/2333/2333
f 2332/2332/2332 2333/2333/2333 2331/2331/2331
f 2327/2327/2327 2328/2328/2328 2334/2334/2334
f 2333/2333/2333 2327/2327/2327 2334/2334/2334
f 2331/2331/2331 2333/2333/2333 2335/2335/2335
f 2331/2331/2331 2335/2335/2335 2330/2330/2330
f 2333/2333/2333 2334/2334/2334 2335/2335/2335
f 2322/2322/2322 2330/2330/2330 2336/2336/2336
f 2322/2322/2322 2336/2336/2336 2323/2323/2323
f 2334/2334/2334 2328/2328/2328 2337/2337/2337
f 2328/2328/2328 2329/2329/2329 2337/2337/2337
f 2335/2335/2335 2334/2334/2334 2338/2338/2338
f 2334/2334/2334 2337/2337/2337 2338/2338/2338
f 2330/2330/2330 2335/2335/2335 2339/2339/2339
f 2330/2330/2330 2339/2339/2339 2336/2336/2336
f 2335/2335/2335 2338/2338/2338 2339/2339/2339
f 2323/2323/2323 2336/2336/2336 2340/2340/2340
f 2336/2336/2336 2339/2339/2339 2341/2341/2341
f 2336/2336/2336 2341/2341/2341 2340/2340/2340
f 2323/2323/2323 2340/2340/2340 2342/2342/2342
f 2340/2340/2340 2341/2341/2341 2342/2342/2342
f 2317/2317/2317 2323/2323/2323 2342/2342/2342
f 2339/2339/2339 2338/2338/2338 2343/2343/2343
f 2339/2339/2339 2343/2343/2343 2341/2341/2341
f 2338/2338/2338 2337/2337/2337 2344/2344/2344
f 2338/2338/2338 2344/2344/2344 2343/2343/2343
f 2337/2337/2337 2329/2329/2329 2345/2345/2345
f 2337/2337/2337 2345/2345/2345 2344/2344/2344
f 2341/2341/2341 2346/2346/2346 2342/2342/2342
f 2341/2341/2341 2343/2343/2343 2346/2346/2346
f 2317/2317/2317 2342/2342/2342 2347/2347/2347
f 2342/2342/2342 2346/2346/2346 2347/2347/2347
f 2312/2312/2312 2317/2317/2317 2347/2347/2347
f 2329/2329/2329 2348/2348/2348 2345/2345/2345
f 2329/2329/2329 2321/2321/2321 2348/2348/2348
f 2344/2344/2344 2345/2345/2345 2349/2349/2349
f 2345/2345/2345 2348/2348/2348 2349/2349/2349
f 2343/2343/2343 2344/2344/2344 2350/2350/2350
f 2343/2343/2343 2350/2350/2350 2346/2346/2346
f 2344/2344/2344 2349/2349/2349 2350/2350/2350
f 2346/2346/2346 2351/2351/2351 2347/2347/2347
f 2346/2346/2346 2350/2350/2350 2351/2351/2351
f 2312/2312/2312 2347/2347/2347 2352/2352/2352
f 2347/2347/2347 2351/2351/2351 2352/2352/2352
f 2311/2311/2311 2312/2312/2312 2352/2352/2352
f 2321/2321/2321 2353/2353/2353 2348/2348/2348
f 2321/2321/2321 2303/2303/2303 2353/2353/2353
f 2349/2349/2349 2348/2348/2348 2354/2354/2354
f 2348/2348/2348 2353/2353/2353 2354/2354/2354
f 2350/2350/2350 2349/2349/2349 2355/2355/2355
f 2350/2350/2350 2355/2355/2355 2351/2351/2351
f 2349/2349/2349 2354/2354/2354 2355/2355/2355
f 2351/2351/2351 2356/2356/2356 2352/2352/2352
f 2351/2351/2351 2355/2355/2355 2356/2356/2356
f 2311/2311/2311 2352/2352/2352 2357/2357/2357
f 2352/2352/2352 2356/2356/2356 2357/2357/2357
f 2291/2291/2291 2311/2311/2311 2357/2357/2357
f 2357/2357/2357 2358/2358/2358 2291/2291/2291
f 2356/2356/2356 2358/2358/2358 2357/2357/2357
f 2358/2358/2358 2289/2289/2289 2291/2291/2291
f 2355/2355/2355 2359/2359/2359 2356/2356/2356
f 2355/2355/2355 2354/2354/2354 2359/2359/2359
f 2356/2356/2356 2359/2359/2359 2358/2358/2358
f 2358/2358/2358 2360/2360/2360 2289/2289/2289
f 2359/2359/2359 2360/2360/2360 2358/2358/2358
f 2360/2360/2360 2288/2288/2288 2289/2289/2289
f 2354/2354/2354 2361/2361/2361 2359/2359/2359
f 2359/2359/2359 2361/2361/2361 2360/2360/2360
f 2354/2354/2354 2353/2353/2353 2361/2361/2361
f 2360/2360/2360 2362/2362/2362 2288/2288/2288
f 2361/2361/2361 2362/2362/2362 2360/2360/2360
f 2362/2362/2362 2290/2290/2290 2288/2288/2288
f 2353/2353/2353 2363/2363/2363 2361/2361/2361
f 2361/2361/2361 2363/2363/2363 2362/2362/2362
f 2303/2303/2303 2363/2363/2363 2353/2353/2353
f 2303/2303/2303 2294/2294/2294 2363/2363/2363
f 2364/2364/2364 2294/2294/2294 2290/2290/2290
f 2362/2362/2362 2364/2364/2364 2290/2290/2290
f 2294/2294/2294 2364/2364/2364 2363/2363/2363
f 2363/2363/2363 2364/2364/2364 2362/2362/2362
g 0.0000_2
f 2367/2367/2367 2366/2366/2366 2365/2365/2365
f 2370/2370/2370 2369/2369/2369 2368/2368/2368
f 2373/2373/2373 2372/2372/2372 2371/2371/2371
f 2376/2376/2376 2375/2375/2375 2374/2374/2374
f 2379/2379/2379 2378/2378/2378 2377/2377/2377
f 2377/2377/2377 2380/2380/2380 2379/2379/2379
f 2377/2377/2377 2381/2381/2381 2380/2380/2380
f 2381/2381/2381 2382/2382/2382 2380/2380/2380
f 2381/2381/2381 2383/2383/2383 2382/2382/2382
f 2383/2383/2383 2384/2384/2384 2382/2382/2382
f 2383/2383/2383 2385/2385/2385 2384/2384/2384
f 2388/2388/2388 2387/2387/2387 2386/2386/2386
f 2388/2388/2388 2386/2386/2386 2389/2389/2389
f 2386/2386/2386 2390/2390/2390 2389/2389/2389
f 2391/2391/2391 2388/2388/2388 2389/2389/2389
f 2392/2392/2392 2389/2389/2389 2390/2390/2390
f 2390/2390/2390 2393/2393/2393 2392/2392/2392
f 2392/2392/2392 2393/2393/2393 2394/2394/2394
f 2391/2391/2391 2389/2389/2389 2395/2395/2395
f 2395/2395/2395 2389/2389/2389 2392/2392/2392
f 2396/2396/2396 2391/2391/2391 2395/2395/2395
f 2396/2396/2396 2395/2395/2395 2397/2397/2397
f 2398/2398/2398 2396/2396/2396 2397/2397/2397
f 2398/2398/2398 2397/2397/2397 2399/2399/2399
f 2400/2400/2400 2398/2398/2398 2399/2399/2399
f 2400/2400/2400 2399/2399/2399 2401/2401/2401
f 2402/2402/2402 2400/2400/2400 2401/2401/2401
f 2402/2402/2402 2401/2401/2401 2403/2403/2403
f 2404/2404/2404 2402/2402/2402 2403/2403/2403
f 2404/2404/2404 2403/2403/2403 2405/2405/2405
f 2406/2406/2406 2395/2395/2395 2392/2392/2392
f 2404/2404/2404 2405/2405/2405 2407/2407/2407
f 2406/2406/2406 2392/2392/2392 2408/2408/2408
f 2408/2408/2408 2392/2392/2392 2394/2394/2394
f 2408/2408/2408 2394/2394/2394 2409/2409/2409
f 2410/2410/2410 2408/2408/2408 2409/2409/2409
f 2409/2409/2409 2411/2411/2411 2410/2410/2410
f 2408/2408/2408 2410/2410/2410 2412/2412/2412
f 2406/2406/2406 2408/2408/2408 2413/2413/2413
f 2413/2413/2413 2408/2408/2408 2412/2412/2412
f 2406/2406/2406 2413/2413/2413 2414/2414/2414
f 2414/2414/2414 2413/2413/2413 2412/2412/2412
f 2414/2414/2414 2415/2415/2415 2406/2406/2406
f 2414/2414/2414 2412/2412/2412 2416/2416/2416
f 2416/2416/2416 2417/2417/2417 2414/2414/2414
f 2405/2405/2405 2418/2418/2418 2407/2407/2407
f 2407/2407/2407 2418/2418/2418 2419/2419/2419
f 2420/2420/2420 2407/2407/2407 2419/2419/2419
f 2419/2419/2419 2421/2421/2421 2420/2420/2420
f 2422/2422/2422 2419/2419/2419 2418/2418/2418
f 2418/2418/2418 2405/2405/2405 2423/2423/2423
f 2418/2418/2418 2423/2423/2423 2422/2422/2422
f 2405/2405/2405 2424/2424/2424 2423/2423/2423
f 2423/2423/2423 2425/2425/2425 2422/2422/2422
f 2425/2425/2425 2426/2426/2426 2422/2422/2422
f 2425/2425/2425 2427/2427/2427 2426/2426/2426
f 2427/2427/2427 2428/2428/2428 2426/2426/2426
f 2427/2427/2427 2429/2429/2429 2428/2428/2428
f 2429/2429/2429 2430/2430/2430 2428/2428/2428
f 2429/2429/2429 2431/2431/2431 2430/2430/2430
f 2431/2431/2431 2432/2432/2432 2430/2430/2430
f 2431/2431/2431 2433/2433/2433 2432/2432/2432
f 2433/2433/2433 2434/2434/2434 2432/2432/2432
f 2435/2435/2435 2431/2431/2431 2429/2429/2429
f 2436/2436/2436 2435/2435/2435 2429/2429/2429
f 2436/2436/2436 2429/2429/2429 2427/2427/2427
f 2437/2437/2437 2436/2436/2436 2427/2427/2427
f 2437/2437/2437 2427/2427/2427 2425/2425/2425
f 2438/2438/2438 2437/2437/2437 2425/2425/2425
f 2438/2438/2438 2425/2425/2425 2423/2423/2423
f 2439/2439/2439 2438/2438/2438 2423/2423/2423
f 2439/2439/2439 2423/2423/2423 2424/2424/2424
f 2440/2440/2440 2439/2439/2439 2424/2424/2424
f 2424/2424/2424 2441/2441/2441 2440/2440/2440
f 2442/2442/2442 2440/2440/2440 2441/2441/2441
f 2440/2440/2440 2442/2442/2442 2443/2443/2443
f 2444/2444/2444 2442/2442/2442 2441/2441/2441
f 2444/2444/2444 2441/2441/2441 2445/2445/2445
f 2445/2445/2445 2446/2446/2446 2444/2444/2444
f 2444/2444/2444 2446/2446/2446 2447/2447/2447
f 2448/2448/2448 2444/2444/2444 2447/2447/2447
f 2451/2451/2451 2450/2450/2450 2449/2449/2449
f 2450/2450/2450 2452/2452/2452 2449/2449/2449
f 2450/2450/2450 2453/2453/2453 2452/2452/2452
f 2449/2449/2449 2452/2452/2452 2454/2454/2454
f 2453/2453/2453 2455/2455/2455 2452/2452/2452
f 2452/2452/2452 2456/2456/2456 2454/2454/2454
f 2452/2452/2452 2455/2455/2455 2456/2456/2456
f 2454/2454/2454 2456/2456/2456 2457/2457/2457
f 2455/2455/2455 2458/2458/2458 2456/2456/2456
f 2456/2456/2456 2459/2459/2459 2457/2457/2457
f 2456/2456/2456 2458/2458/2458 2459/2459/2459
f 2457/2457/2457 2459/2459/2459 2460/2460/2460
f 2458/2458/2458 2461/2461/2461 2459/2459/2459
f 2459/2459/2459 2462/2462/2462 2460/2460/2460
f 2459/2459/2459 2461/2461/2461 2462/2462/2462
f 2461/2461/2461 2463/2463/2463 2462/2462/2462
f 2466/2466/2466 2465/2465/2465 2464/2464/2464
f 2465/2465/2465 2466/2466/2466 2467/2467/2467
f 2467/2467/2467 2468/2468/2468 2465/2465/2465
f 2467/2467/2467 2469/2469/2469 2468/2468/2468
f 2468/2468/2468 2469/2469/2469 2470/2470/2470
f 2470/2470/2470 2471/2471/2471 2468/2468/2468
f 2470/2470/2470 2472/2472/2472 2471/2471/2471
f 2473/2473/2473 2471/2471/2471 2472/2472/2472
f 2472/2472/2472 2470/2470/2470 2474/2474/2474
f 2470/2470/2470 2475/2475/2475 2474/2474/2474
f 2472/2472/2472 2476/2476/2476 2473/2473/2473
f 2472/2472/2472 2474/2474/2474 2476/2476/2476
f 2474/2474/2474 2477/2477/2477 2476/2476/2476
f 2476/2476/2476 2478/2478/2478 2473/2473/2473
f 2476/2476/2476 2479/2479/2479 2478/2478/2478
f 2476/2476/2476 2480/2480/2480 2479/2479/2479
f 2483/2483/2483 2482/2482/2482 2481/2481/2481
f 2482/2482/2482 2484/2484/2484 2481/2481/2481
f 2485/2485/2485 2481/2481/2481 2484/2484/2484
f 2484/2484/2484 2482/2482/2482 2486/2486/2486
f 2487/2487/2487 2485/2485/2485 2484/2484/2484
f 2486/2486/2486 2488/2488/2488 2484/2484/2484
f 2488/2488/2488 2486/2486/2486 2489/2489/2489
f 2490/2490/2490 2488/2488/2488 2489/2489/2489
f 2488/2488/2488 2491/2491/2491 2484/2484/2484
f 2484/2484/2484 2491/2491/2491 2487/2487/2487
f 2491/2491/2491 2492/2492/2492 2487/2487/2487
f 2492/2492/2492 2493/2493/2493 2487/2487/2487
f 2492/2492/2492 2494/2494/2494 2493/2493/2493
f 2494/2494/2494 2495/2495/2495 2493/2493/2493
f 2498/2498/2498 2497/2497/2497 2496/2496/2496
f 2499/2499/2499 2498/2498/2498 2496/2496/2496
f 2500/2500/2500 2498/2498/2498 2499/2499/2499
f 2501/2501/2501 2500/2500/2500 2499/2499/2499
f 2502/2502/2502 2499/2499/2499 2496/2496/2496
f 2501/2501/2501 2499/2499/2499 2502/2502/2502
f 2503/2503/2503 2501/2501/2501 2502/2502/2502
f 2504/2504/2504 2502/2502/2502 2496/2496/2496
f 2504/2504/2504 2505/2505/2505 2502/2502/2502
f 2505/2505/2505 2506/2506/2506 2502/2502/2502
f 2509/2509/2509 2508/2508/2508 2507/2507/2507
f 2510/2510/2510 2509/2509/2509 2507/2507/2507
f 2511/2511/2511 2509/2509/2509 2510/2510/2510
f 2510/2510/2510 2512/2512/2512 2511/2511/2511
f 2510/2510/2510 2507/2507/2507 2513/2513/2513
f 2512/2512/2512 2510/2510/2510 2514/2514/2514
f 2514/2514/2514 2510/2510/2510 2513/2513/2513
f 2515/2515/2515 2512/2512/2512 2514/2514/2514
f 2514/2514/2514 2516/2516/2516 2515/2515/2515
f 2516/2516/2516 2517/2517/2517 2515/2515/2515
f 2518/2518/2518 2516/2516/2516 2514/2514/2514
f 2513/2513/2513 2518/2518/2518 2514/2514/2514
f 2519/2519/2519 2518/2518/2518 2513/2513/2513
f 2520/2520/2520 2519/2519/2519 2513/2513/2513
f 2523/2523/2523 2522/2522/2522 2521/2521/2521
f 2522/2522/2522 2524/2524/2524 2521/2521/2521
f 2522/2522/2522 2525/2525/2525 2524/2524/2524
f 2525/2525/2525 2526/2526/2526 2524/2524/2524
f 2525/2525/2525 2527/2527/2527 2526/2526/2526
f 2527/2527/2527 2528/2528/2528 2526/2526/2526
f 2531/2531/2531 2530/2530/2530 2529/2529/2529
f 2530/2530/2530 2532/2532/2532 2529/2529/2529
f 2530/2530/2530 2533/2533/2533 2532/2532/2532
f 2529/2529/2529 2532/2532/2532 2534/2534/2534
f 2533/2533/2533 2535/2535/2535 2532/2532/2532
f 2533/2533/2533 2536/2536/2536 2535/2535/2535
f 2532/2532/2532 2537/2537/2537 2534/2534/2534
f 2532/2532/2532 2535/2535/2535 2537/2537/2537
f 2536/2536/2536 2538/2538/2538 2535/2535/2535
f 2536/2536/2536 2539/2539/2539 2538/2538/2538
f 2535/2535/2535 2538/2538/2538 2540/2540/2540
f 2535/2535/2535 2540/2540/2540 2537/2537/2537
f 2538/2538/2538 2539/2539/2539 2541/2541/2541
f 2538/2538/2538 2541/2541/2541 2540/2540/2540
f 2539/2539/2539 2542/2542/2542 2541/2541/2541
f 2539/2539/2539 2543/2543/2543 2542/2542/2542
f 2543/2543/2543 2544/2544/2544 2542/2542/2542
f 2543/2543/2543 2545/2545/2545 2544/2544/2544
f 2545/2545/2545 2546/2546/2546 2544/2544/2544
f 2540/2540/2540 2541/2541/2541 2547/2547/2547
f 2541/2541/2541 2548/2548/2548 2547/2547/2547
f 2541/2541/2541 2542/2542/2542 2548/2548/2548
f 2542/2542/2542 2549/2549/2549 2548/2548/2548
f 2542/2542/2542 2544/2544/2544 2549/2549/2549
f 2544/2544/2544 2550/2550/2550 2549/2549/2549
f 2544/2544/2544 2546/2546/2546 2550/2550/2550
f 2546/2546/2546 2551/2551/2551 2550/2550/2550
f 2546/2546/2546 2552/2552/2552 2551/2551/2551
f 2552/2552/2552 2553/2553/2553 2551/2551/2551
f 2540/2540/2540 2547/2547/2547 2554/2554/2554
f 2537/2537/2537 2540/2540/2540 2554/2554/2554
f 2555/2555/2555 2537/2537/2537 2554/2554/2554
f 2554/2554/2554 2556/2556/2556 2555/2555/2555
f 2556/2556/2556 2557/2557/2557 2555/2555/2555
f 2534/2534/2534 2537/2537/2537 2555/2555/2555
f 2555/2555/2555 2557/2557/2557 2558/2558/2558
f 2557/2557/2557 2559/2559/2559 2558/2558/2558
f 2534/2534/2534 2555/2555/2555 2560/2560/2560
f 2560/2560/2560 2555/2555/2555 2558/2558/2558
f 2558/2558/2558 2559/2559/2559 2561/2561/2561
f 2560/2560/2560 2558/2558/2558 2561/2561/2561
f 2562/2562/2562 2560/2560/2560 2561/2561/2561
f 2559/2559/2559 2563/2563/2563 2561/2561/2561
f 2564/2564/2564 2534/2534/2534 2560/2560/2560
f 2562/2562/2562 2564/2564/2564 2560/2560/2560
f 2565/2565/2565 2534/2534/2534 2564/2564/2564
f 2565/2565/2565 2564/2564/2564 2562/2562/2562
f 2566/2566/2566 2565/2565/2565 2562/2562/2562
f 2567/2567/2567 2566/2566/2566 2562/2562/2562
f 2561/2561/2561 2563/2563/2563 2568/2568/2568
f 2562/2562/2562 2561/2561/2561 2568/2568/2568
f 2563/2563/2563 2569/2569/2569 2568/2568/2568
f 2567/2567/2567 2562/2562/2562 2570/2570/2570
f 2570/2570/2570 2562/2562/2562 2568/2568/2568
f 2571/2571/2571 2567/2567/2567 2570/2570/2570
f 2568/2568/2568 2569/2569/2569 2572/2572/2572
f 2570/2570/2570 2568/2568/2568 2572/2572/2572
f 2569/2569/2569 2573/2573/2573 2572/2572/2572
f 2570/2570/2570 2574/2574/2574 2571/2571/2571
f 2574/2574/2574 2570/2570/2570 2572/2572/2572
f 2574/2574/2574 2575/2575/2575 2571/2571/2571
f 2575/2575/2575 2574/2574/2574 2576/2576/2576
f 2572/2572/2572 2573/2573/2573 2577/2577/2577
f 2574/2574/2574 2572/2572/2572 2577/2577/2577
f 2573/2573/2573 2578/2578/2578 2577/2577/2577
f 2574/2574/2574 2579/2579/2579 2576/2576/2576
f 2579/2579/2579 2574/2574/2574 2577/2577/2577
f 2576/2576/2576 2579/2579/2579 2580/2580/2580
f 2577/2577/2577 2580/2580/2580 2579/2579/2579
f 2581/2581/2581 2576/2576/2576 2580/2580/2580
f 2581/2581/2581 2580/2580/2580 2582/2582/2582
f 2582/2582/2582 2580/2580/2580 2583/2583/2583
f 2584/2584/2584 2580/2580/2580 2577/2577/2577
f 2585/2585/2585 2584/2584/2584 2577/2577/2577
f 2580/2580/2580 2586/2586/2586 2583/2583/2583
f 2586/2586/2586 2580/2580/2580 2584/2584/2584
f 2583/2583/2583 2586/2586/2586 2587/2587/2587
f 2584/2584/2584 2588/2588/2588 2586/2586/2586
f 2584/2584/2584 2589/2589/2589 2588/2588/2588
f 2589/2589/2589 2590/2590/2590 2588/2588/2588
f 2593/2593/2593 2592/2592/2592 2591/2591/2591
f 2592/2592/2592 2594/2594/2594 2591/2591/2591
f 2591/2591/2591 2594/2594/2594 2595/2595/2595
f 2592/2592/2592 2596/2596/2596 2594/2594/2594
f 2594/2594/2594 2597/2597/2597 2595/2595/2595
f 2596/2596/2596 2598/2598/2598 2594/2594/2594
f 2594/2594/2594 2598/2598/2598 2597/2597/2597
f 2596/2596/2596 2599/2599/2599 2598/2598/2598
f 2598/2598/2598 2600/2600/2600 2597/2597/2597
f 2599/2599/2599 2601/2601/2601 2598/2598/2598
f 2598/2598/2598 2601/2601/2601 2600/2600/2600
f 2601/2601/2601 2602/2602/2602 2600/2600/2600
f 2605/2605/2605 2604/2604/2604 2603/2603/2603
f 2604/2604/2604 2606/2606/2606 2603/2603/2603
f 2603/2603/2603 2606/2606/2606 2607/2607/2607
f 2604/2604/2604 2608/2608/2608 2606/2606/2606
f 2606/2606/2606 2609/2609/2609 2607/2607/2607
f 2608/2608/2608 2610/2610/2610 2606/2606/2606
f 2606/2606/2606 2610/2610/2610 2609/2609/2609
f 2608/2608/2608 2611/2611/2611 2610/2610/2610
f 2610/2610/2610 2612/2612/2612 2609/2609/2609
f 2611/2611/2611 2613/2613/2613 2610/2610/2610
f 2610/2610/2610 2613/2613/2613 2612/2612/2612
f 2613/2613/2613 2614/2614/2614 2612/2612/2612
f 2617/2617/2617 2616/2616/2616 2615/2615/2615
f 2618/2618/2618 2617/2617/2617 2615/2615/2615
f 2618/2618/2618 2615/2615/2615 2619/2619/2619
f 2620/2620/2620 2618/2618/2618 2619/2619/2619
f 2620/2620/2620 2619/2619/2619 2621/2621/2621
f 2622/2622/2622 2620/2620/2620 2621/2621/2621
f 2622/2622/2622 2621/2621/2621 2623/2623/2623
f 2624/2624/2624 2622/2622/2622 2623/2623/2623
f 2627/2627/2627 2626/2626/2626 2625/2625/2625
f 2628/2628/2628 2627/2627/2627 2625/2625/2625
f 2631/2631/2631 2630/2630/2630 2629/2629/2629
f 2632/2632/2632 2631/2631/2631 2629/2629/2629
f 2635/2635/2635 2634/2634/2634 2633/2633/2633
f 2636/2636/2636 2635/2635/2635 2633/2633/2633
f 2637/2637/2637 2635/2635/2635 2636/2636/2636
f 2638/2638/2638 2637/2637/2637 2636/2636/2636
f 2641/2641/2641 2640/2640/2640 2639/2639/2639
f 2640/2640/2640 2642/2642/2642 2639/2639/2639
f 2642/2642/2642 2640/2640/2640 2643/2643/2643
f 2642/2642/2642 2643/2643/2643 2644/2644/2644
f 2645/2645/2645 2642/2642/2642 2644/2644/2644
f 2642/2642/2642 2645/2645/2645 2646/2646/2646
f 2639/2639/2639 2642/2642/2642 2646/2646/2646
f 2646/2646/2646 2647/2647/2647 2639/2639/2639
f 2647/2647/2647 2646/2646/2646 2648/2648/2648
f 2647/2647/2647 2648/2648/2648 2649/2649/2649
f 2650/2650/2650 2647/2647/2647 2649/2649/2649
f 2649/2649/2649 2651/2651/2651 2650/2650/2650
f 2649/2649/2649 2648/2648/2648 2652/2652/2652
f 2653/2653/2653 2652/2652/2652 2648/2648/2648
f 2653/2653/2653 2648/2648/2648 2654/2654/2654
f 2654/2654/2654 2655/2655/2655 2653/2653/2653
f 2654/2654/2654 2648/2648/2648 2656/2656/2656
f 2656/2656/2656 2657/2657/2657 2654/2654/2654
f 2657/2657/2657 2656/2656/2656 2658/2658/2658
f 2659/2659/2659 2657/2657/2657 2658/2658/2658
f 2658/2658/2658 2660/2660/2660 2659/2659/2659
f 2663/2663/2663 2662/2662/2662 2661/2661/2661
f 2662/2662/2662 2664/2664/2664 2661/2661/2661
f 2661/2661/2661 2664/2664/2664 2665/2665/2665
f 2664/2664/2664 2666/2666/2666 2665/2665/2665
f 2661/2661/2661 2665/2665/2665 2667/2667/2667
f 2665/2665/2665 2668/2668/2668 2667/2667/2667
f 2668/2668/2668 2669/2669/2669 2667/2667/2667
f 2669/2669/2669 2670/2670/2670 2667/2667/2667
f 2673/2673/2673 2672/2672/2672 2671/2671/2671
f 2674/2674/2674 2673/2673/2673 2671/2671/2671
f 2677/2677/2677 2676/2676/2676 2675/2675/2675
f 2676/2676/2676 2678/2678/2678 2675/2675/2675
f 2678/2678/2678 2676/2676/2676 2679/2679/2679
f 2680/2680/2680 2678/2678/2678 2679/2679/2679
f 2680/2680/2680 2679/2679/2679 2681/2681/2681
f 2682/2682/2682 2680/2680/2680 2681/2681/2681
f 2680/2680/2680 2682/2682/2682 2683/2683/2683
f 2684/2684/2684 2680/2680/2680 2683/2683/2683
f 2687/2687/2687 2686/2686/2686 2685/2685/2685
f 2688/2688/2688 2687/2687/2687 2685/2685/2685
f 2688/2688/2688 2685/2685/2685 2689/2689/2689
f 2685/2685/2685 2690/2690/2690 2689/2689/2689
f 2689/2689/2689 2691/2691/2691 2688/2688/2688
f 2688/2688/2688 2692/2692/2692 2687/2687/2687
f 2691/2691/2691 2692/2692/2692 2688/2688/2688
f 2691/2691/2691 2693/2693/2693 2692/2692/2692
f 2692/2692/2692 2694/2694/2694 2687/2687/2687
f 2693/2693/2693 2695/2695/2695 2692/2692/2692
f 2692/2692/2692 2695/2695/2695 2694/2694/2694
f 2695/2695/2695 2696/2696/2696 2694/2694/2694
f 2699/2699/2699 2698/2698/2698 2697/2697/2697
f 2698/2698/2698 2700/2700/2700 2697/2697/2697
f 2697/2697/2697 2700/2700/2700 2701/2701/2701
f 2700/2700/2700 2702/2702/2702 2701/2701/2701
f 2705/2705/2705 2704/2704/2704 2703/2703/2703
f 2706/2706/2706 2705/2705/2705 2703/2703/2703
f 2707/2707/2707 2705/2705/2705 2706/2706/2706
f 2708/2708/2708 2707/2707/2707 2706/2706/2706
f 2711/2711/2711 2710/2710/2710 2709/2709/2709
f 2710/2710/2710 2712/2712/2712 2709/2709/2709
f 2710/2710/2710 2713/2713/2713 2712/2712/2712
f 2713/2713/2713 2714/2714/2714 2712/2712/2712
f 2717/2717/2717 2716/2716/2716 2715/2715/2715
f 2718/2718/2718 2717/2717/2717 2715/2715/2715
f 2719/2719/2719 2717/2717/2717 2718/2718/2718
f 2718/2718/2718 2715/2715/2715 2720/2720/2720
f 2721/2721/2721 2719/2719/2719 2718/2718/2718
f 2722/2722/2722 2718/2718/2718 2720/2720/2720
f 2721/2721/2721 2718/2718/2718 2722/2722/2722
f 2720/2720/2720 2723/2723/2723 2722/2722/2722
f 2724/2724/2724 2721/2721/2721 2722/2722/2722
f 2723/2723/2723 2725/2725/2725 2722/2722/2722
f 2722/2722/2722 2725/2725/2725 2724/2724/2724
f 2725/2725/2725 2726/2726/2726 2724/2724/2724
f 2729/2729/2729 2728/2728/2728 2727/2727/2727
f 2728/2728/2728 2730/2730/2730 2727/2727/2727
f 2727/2727/2727 2730/2730/2730 2731/2731/2731
f 2732/2732/2732 2727/2727/2727 2731/2731/2731
f 2735/2735/2735 2734/2734/2734 2733/2733/2733
f 2734/2734/2734 2736/2736/2736 2733/2733/2733
f 2737/2737/2737 2736/2736/2736 2734/2734/2734
f 2738/2738/2738 2737/2737/2737 2734/2734/2734
f 2741/2741/2741 2740/2740/2740 2739/2739/2739
f 2740/2740/2740 2742/2742/2742 2739/2739/2739
f 2740/2740/2740 2743/2743/2743 2742/2742/2742
f 2743/2743/2743 2744/2744/2744 2742/2742/2742
f 2747/2747/2747 2746/2746/2746 2745/2745/2745
f 2748/2748/2748 2747/2747/2747 2745/2745/2745
f 2749/2749/2749 2747/2747/2747 2748/2748/2748
f 2750/2750/2750 2749/2749/2749 2748/2748/2748
f 2751/2751/2751 2749/2749/2749 2750/2750/2750
f 2752/2752/2752 2751/2751/2751 2750/2750/2750
f 2753/2753/2753 2751/2751/2751 2752/2752/2752
f 2754/2754/2754 2753/2753/2753 2752/2752/2752
f 2755/2755/2755 2753/2753/2753 2754/2754/2754
f 2756/2756/2756 2755/2755/2755 2754/2754/2754
f 2757/2757/2757 2755/2755/2755 2756/2756/2756
f 2758/2758/2758 2757/2757/2757 2756/2756/2756
f 2759/2759/2759 2757/2757/2757 2758/2758/2758
f 2760/2760/2760 2759/2759/2759 2758/2758/2758
f 2761/2761/2761 2759/2759/2759 2760/2760/2760
f 2762/2762/2762 2761/2761/2761 2760/2760/2760
f 2765/2765/2765 2764/2764/2764 2763/2763/2763
f 2764/2764/2764 2766/2766/2766 2763/2763/2763
f 2763/2763/2763 2766/2766/2766 2767/2767/2767
f 2766/2766/2766 2768/2768/2768 2767/2767/2767
f 2771/2771/2771 2770/2770/2770 2769/2769/2769
f 2770/2770/2770 2772/2772/2772 2769/2769/2769
f 2769/2769/2769 2772/2772/2772 2773/2773/2773
f 2772/2772/2772 2774/2774/2774 2773/2773/2773
f 2773/2773/2773 2774/2774/2774 2775/2775/2775
f 2774/2774/2774 2776/2776/2776 2775/2775/2775
f 2775/2775/2775 2776/2776/2776 2777/2777/2777
f 2776/2776/2776 2778/2778/2778 2777/2777/2777
f 2777/2777/2777 2778/2778/2778 2779/2779/2779
f 2778/2778/2778 2780/2780/2780 2779/2779/2779
f 2779/2779/2779 2780/2780/2780 2781/2781/2781
f 2780/2780/2780 2782/2782/2782 2781/2781/2781
f 2781/2781/2781 2782/2782/2782 2783/2783/2783
f 2782/2782/2782 2784/2784/2784 2783/2783/2783
f 2783/2783/2783 2784/2784/2784 2785/2785/2785
f 2784/2784/2784 2786/2786/2786 2785/2785/2785
f 2789/2789/2789 2788/2788/2788 2787/2787/2787
f 2788/2788/2788 2790/2790/2790 2787/2787/2787
f 2787/2787/2787 2790/2790/2790 2791/2791/2791
f 2790/2790/2790 2792/2792/2792 2791/2791/2791
f 2795/2795/2795 2794/2794/2794 2793/2793/2793
f 2796/2796/2796 2795/2795/2795 2793/2793/2793
f 2797/2797/2797 2795/2795/2795 2796/2796/2796
f 2798/2798/2798 2797/2797/2797 2796/2796/2796
f 2799/2799/2799 2797/2797/2797 2798/2798/2798
f 2800/2800/2800 2799/2799/2799 2798/2798/2798
f 2801/2801/2801 2799/2799/2799 2800/2800/2800
f 2802/2802/2802 2801/2801/2801 2800/2800/2800
f 2803/2803/2803 2801/2801/2801 2802/2802/2802
f 2804/2804/2804 2803/2803/2803 2802/2802/2802
f 2805/2805/2805 2803/2803/2803 2804/2804/2804
f 2806/2806/2806 2805/2805/2805 2804/2804/2804
f 2807/2807/2807 2805/2805/2805 2806/2806/2806
f 2808/2808/2808 2807/2807/2807 2806/2806/2806
f 2809/2809/2809 2807/2807/2807 2808/2808/2808
f 2810/2810/2810 2809/2809/2809 2808/2808/2808
f 2813/2813/2813 2812/2812/2812 2811/2811/2811
f 2812/2812/2812 2814/2814/2814 2811/2811/2811
f 2811/2811/2811 2814/2814/2814 2815/2815/2815
f 2814/2814/2814 2816/2816/2816 2815/2815/2815
f 2819/2819/2819 2818/2818/2818 2817/2817/2817
f 2818/2818/2818 2820/2820/2820 2817/2817/2817
f 2817/2817/2817 2820/2820/2820 2821/2821/2821
f 2820/2820/2820 2822/2822/2822 2821/2821/2821
f 2825/2825/2825 2824/2824/2824 2823/2823/2823
f 2824/2824/2824 2826/2826/2826 2823/2823/2823
f 2823/2823/2823 2826/2826/2826 2827/2827/2827
f 2826/2826/2826 2828/2828/2828 2827/2827/2827
f 2831/2831/2831 2830/2830/2830 2829/2829/2829
f 2830/2830/2830 2832/2832/2832 2829/2829/2829
f 2829/2829/2829 2832/2832/2832 2833/2833/2833
f 2832/2832/2832 2834/2834/2834 2833/2833/2833
f 2837/2837/2837 2836/2836/2836 2835/2835/2835
f 2836/2836/2836 2838/2838/2838 2835/2835/2835
f 2835/2835/2835 2838/2838/2838 2839/2839/2839
f 2838/2838/2838 2840/2840/2840 2839/2839/2839
f 2839/2839/2839 2840/2840/2840 2841/2841/2841
f 2840/2840/2840 2842/2842/2842 2841/2841/2841
f 2841/2841/2841 2842/2842/2842 2843/2843/2843
f 2842/2842/2842 2844/2844/2844 2843/2843/2843
f 2847/2847/2847 2846/2846/2846 2845/2845/2845
f 2846/2846/2846 2848/2848/2848 2845/2845/2845
f 2845/2845/2845 2848/2848/2848 2849/2849/2849
f 2848/2848/2848 2850/2850/2850 2849/2849/2849
f 2849/2849/2849 2850/2850/2850 2851/2851/2851
f 2850/2850/2850 2852/2852/2852 2851/2851/2851
f 2851/2851/2851 2852/2852/2852 2853/2853/2853
f 2852/2852/2852 2854/2854/2854 2853/2853/2853
f 2857/2857/2857 2856/2856/2856 2855/2855/2855
f 2856/2856/2856 2858/2858/2858 2855/2855/2855
f 2855/2855/2855 2858/2858/2858 2859/2859/2859
f 2858/2858/2858 2860/2860/2860 2859/2859/2859
f 2859/2859/2859 2860/2860/2860 2861/2861/2861
f 2860/2860/2860 2862/2862/2862 2861/2861/2861
f 2861/2861/2861 2862/2862/2862 2863/2863/2863
f 2862/2862/2862 2864/2864/2864 2863/2863/2863
f 2867/2867/2867 2866/2866/2866 2865/2865/2865
f 2865/2865/2865 2868/2868/2868 2867/2867/2867
f 2868/2868/2868 2869/2869/2869 2867/2867/2867
f 2868/2868/2868 2870/2870/2870 2869/2869/2869
f 2870/2870/2870 2871/2871/2871 2869/2869/2869
f 2870/2870/2870 2872/2872/2872 2871/2871/2871
f 2872/2872/2872 2873/2873/2873 2871/2871/2871
f 2876/2876/2876 2875/2875/2875 2874/2874/2874
f 2877/2877/2877 2876/2876/2876 2874/2874/2874
f 2874/2874/2874 2878/2878/2878 2877/2877/2877
f 2877/2877/2877 2879/2879/2879 2876/2876/2876
f 2879/2879/2879 2880/2880/2880 2876/2876/2876
f 2880/2880/2880 2879/2879/2879 2881/2881/2881
f 2878/2878/2878 2882/2882/2882 2877/2877/2877
f 2877/2877/2877 2882/2882/2882 2879/2879/2879
f 2878/2878/2878 2883/2883/2883 2882/2882/2882
f 2883/2883/2883 2884/2884/2884 2882/2882/2882
f 2882/2882/2882 2884/2884/2884 2885/2885/2885
f 2882/2882/2882 2885/2885/2885 2879/2879/2879
f 2884/2884/2884 2886/2886/2886 2885/2885/2885
f 2879/2879/2879 2887/2887/2887 2881/2881/2881
f 2879/2879/2879 2885/2885/2885 2887/2887/2887
f 2888/2888/2888 2881/2881/2881 2887/2887/2887
f 2889/2889/2889 2888/2888/2888 2887/2887/2887
f 2885/2885/2885 2886/2886/2886 2890/2890/2890
f 2885/2885/2885 2890/2890/2890 2887/2887/2887
f 2887/2887/2887 2890/2890/2890 2889/2889/2889
f 2886/2886/2886 2891/2891/2891 2890/2890/2890
f 2890/2890/2890 2892/2892/2892 2889/2889/2889
f 2890/2890/2890 2891/2891/2891 2892/2892/2892
f 2891/2891/2891 2893/2893/2893 2892/2892/2892
f 2896/2896/2896 2895/2895/2895 2894/2894/2894
f 2897/2897/2897 2896/2896/2896 2894/2894/2894
f 2896/2896/2896 2897/2897/2897 2898/2898/2898
f 2899/2899/2899 2896/2896/2896 2898/2898/2898
f 2898/2898/2898 2900/2900/2900 2899/2899/2899
f 2898/2898/2898 2901/2901/2901 2900/2900/2900
f 2901/2901/2901 2902/2902/2902 2900/2900/2900
f 2903/2903/2903 2902/2902/2902 2901/2901/2901
f 2904/2904/2904 2903/2903/2903 2901/2901/2901
f 2907/2907/2907 2906/2906/2906 2905/2905/2905
f 2906/2906/2906 2908/2908/2908 2905/2905/2905
f 2905/2905/2905 2908/2908/2908 2909/2909/2909
f 2905/2905/2905 2909/2909/2909 2910/2910/2910
f 2910/2910/2910 2911/2911/2911 2905/2905/2905
f 2911/2911/2911 2910/2910/2910 2912/2912/2912
f 2913/2913/2913 2911/2911/2911 2912/2912/2912
f 2913/2913/2913 2912/2912/2912 2914/2914/2914
f 2912/2912/2912 2915/2915/2915 2914/2914/2914
f 2918/2918/2918 2917/2917/2917 2916/2916/2916
f 2919/2919/2919 2918/2918/2918 2916/2916/2916
f 2920/2920/2920 2919/2919/2919 2916/2916/2916
f 2921/2921/2921 2920/2920/2920 2916/2916/2916
f 2920/2920/2920 2921/2921/2921 2922/2922/2922
f 2923/2923/2923 2920/2920/2920 2922/2922/2922
f 2923/2923/2923 2922/2922/2922 2924/2924/2924
f 2925/2925/2925 2923/2923/2923 2924/2924/2924
f 2928/2928/2928 2927/2927/2927 2926/2926/2926
f 2929/2929/2929 2928/2928/2928 2926/2926/2926
f 2930/2930/2930 2928/2928/2928 2929/2929/2929
f 2931/2931/2931 2930/2930/2930 2929/2929/2929
f 2932/2932/2932 2930/2930/2930 2931/2931/2931
f 2933/2933/2933 2932/2932/2932 2931/2931/2931
f 2934/2934/2934 2932/2932/2932 2933/2933/2933
f 2935/2935/2935 2934/2934/2934 2933/2933/2933
f 2936/2936/2936 2934/2934/2934 2935/2935/2935
f 2937/2937/2937 2936/2936/2936 2935/2935/2935
f 2938/2938/2938 2936/2936/2936 2937/2937/2937
f 2939/2939/2939 2938/2938/2938 2937/2937/2937
f 2940/2940/2940 2938/2938/2938 2939/2939/2939
f 2941/2941/2941 2940/2940/2940 2939/2939/2939
f 2942/2942/2942 2940/2940/2940 2941/2941/2941
f 2943/2943/2943 2942/2942/2942 2941/2941/2941
f 2946/2946/2946 2945/2945/2945 2944/2944/2944
f 2947/2947/2947 2946/2946/2946 2944/2944/2944
f 2948/2948/2948 2946/2946/2946 2947/2947/2947
f 2949/2949/2949 2948/2948/2948 2947/2947/2947
f 2952/2952/2952 2951/2951/2951 2950/2950/2950
f 2952/2952/2952 2950/2950/2950 2953/2953/2953
f 2953/2953/2953 2954/2954/2954 2952/2952/2952
f 2954/2954/2954 2955/2955/2955 2952/2952/2952
f 2954/2954/2954 2956/2956/2956 2955/2955/2955
f 2954/2954/2954 2953/2953/2953 2957/2957/2957
f 2953/2953/2953 2958/2958/2958 2957/2957/2957
f 2961/2961/2961 2960/2960/2960 2959/2959/2959
f 2960/2960/2960 2962/2962/2962 2959/2959/2959
f 2959/2959/2959 2962/2962/2962 2963/2963/2963
f 2962/2962/2962 2964/2964/2964 2963/2963/2963
f 2963/2963/2963 2964/2964/2964 2965/2965/2965
f 2964/2964/2964 2966/2966/2966 2965/2965/2965
f 2965/2965/2965 2966/2966/2966 2967/2967/2967
f 2966/2966/2966 2968/2968/2968 2967/2967/2967
f 2971/2971/2971 2970/2970/2970 2969/2969/2969
f 2969/2969/2969 2972/2972/2972 2971/2971/2971
f 2969/2969/2969 2973/2973/2973 2972/2972/2972
f 2973/2973/2973 2974/2974/2974 2972/2972/2972
f 2973/2973/2973 2975/2975/2975 2974/2974/2974
f 2975/2975/2975 2976/2976/2976 2974/2974/2974
f 2975/2975/2975 2977/2977/2977 2976/2976/2976
f 2980/2980/2980 2979/2979/2979 2978/2978/2978
f 2978/2978/2978 2981/2981/2981 2980/2980/2980
f 2981/2981/2981 2982/2982/2982 2980/2980/2980
f 2982/2982/2982 2983/2983/2983 2980/2980/2980
f 2983/2983/2983 2984/2984/2984 2980/2980/2980
f 2987/2987/2987 2986/2986/2986 2985/2985/2985
f 2985/2985/2985 2988/2988/2988 2987/2987/2987
f 2985/2985/2985 2989/2989/2989 2988/2988/2988
f 2989/2989/2989 2990/2990/2990 2988/2988/2988
f 2989/2989/2989 2991/2991/2991 2990/2990/2990
f 2989/2989/2989 2992/2992/2992 2991/2991/2991
f 2989/2989/2989 2993/2993/2993 2992/2992/2992
f 2989/2989/2989 2994/2994/2994 2993/2993/2993
f 2997/2997/2997 2996/2996/2996 2995/2995/2995
f 2998/2998/2998 2997/2997/2997 2995/2995/2995
f 2998/2998/2998 2995/2995/2995 2999/2999/2999
f 3000/3000/3000 2998/2998/2998 2999/2999/2999
f 3003/3003/3003 3002/3002/3002 3001/3001/3001
f 3004/3004/3004 3003/3003/3003 3001/3001/3001
f 3004/3004/3004 3001/3001/3001 3005/3005/3005
f 3006/3006/3006 3004/3004/3004 3005/3005/3005
f 3006/3006/3006 3005/3005/3005 3007/3007/3007
f 3008/3008/3008 3006/3006/3006 3007/3007/3007
f 3008/3008/3008 3007/3007/3007 3009/3009/3009
f 3010/3010/3010 3008/3008/3008 3009/3009/3009
f 3013/3013/3013 3012/3012/3012 3011/3011/3011
f 3014/3014/3014 3013/3013/3013 3011/3011/3011
f 3011/3011/3011 3015/3015/3015 3014/3014/3014
f 3015/3015/3015 3016/3016/3016 3014/3014/3014
f 3015/3015/3015 3017/3017/3017 3016/3016/3016
f 3017/3017/3017 3018/3018/3018 3016/3016/3016
f 3017/3017/3017 3019/3019/3019 3018/3018/3018
f 3019/3019/3019 3020/3020/3020 3018/3018/3018
f 3019/3019/3019 3021/3021/3021 3020/3020/3020
f 3021/3021/3021 3022/3022/3022 3020/3020/3020
f 3025/3025/3025 3024/3024/3024 3023/3023/3023
f 3026/3026/3026 3025/3025/3025 3023/3023/3023
f 3026/3026/3026 3027/3027/3027 3025/3025/3025
f 3027/3027/3027 3028/3028/3028 3025/3025/3025
f 3027/3027/3027 3029/3029/3029 3028/3028/3028
f 3029/3029/3029 3030/3030/3030 3028/3028/3028
f 3029/3029/3029 3031/3031/3031 3030/3030/3030
f 3031/3031/3031 3032/3032/3032 3030/3030/3030
f 3031/3031/3031 3033/3033/3033 3032/3032/3032
f 3033/3033/3033 3034/3034/3034 3032/3032/3032
f 3033/3033/3033 3035/3035/3035 3034/3034/3034
f 3035/3035/3035 3036/3036/3036 3034/3034/3034
f 3035/3035/3035 3037/3037/3037 3036/3036/3036
f 3037/3037/3037 3038/3038/3038 3036/3036/3036
f 3037/3037/3037 3039/3039/3039 3038/3038/3038
f 3039/3039/3039 3040/3040/3040 3038/3038/3038
f 3039/3039/3039 3041/3041/3041 3040/3040/3040
f 3041/3041/3041 3042/3042/3042 3040/3040/3040
f 3041/3041/3041 3043/3043/3043 3042/3042/3042
f 3043/3043/3043 3044/3044/3044 3042/3042/3042
f 3043/3043/3043 3045/3045/3045 3044/3044/3044
f 3045/3045/3045 3046/3046/3046 3044/3044/3044
f 3046/3046/3046 3045/3045/3045 3047/3047/3047
f 3048/3048/3048 3046/3046/3046 3047/3047/3047
f 3048/3048/3048 3047/3047/3047 3049/3049/3049
f 3052/3052/3052 3051/3051/3051 3050/3050/3050
f 3051/3051/3051 3053/3053/3053 3050/3050/3050
f 3051/3051/3051 3054/3054/3054 3053/3053/3053
f 3054/3054/3054 3055/3055/3055 3053/3053/3053
f 3054/3054/3054 3056/3056/3056 3055/3055/3055
f 3056/3056/3056 3057/3057/3057 3055/3055/3055
f 3056/3056/3056 3058/3058/3058 3057/3057/3057
f 3058/3058/3058 3059/3059/3059 3057/3057/3057
f 3062/3062/3062 3061/3061/3061 3060/3060/3060
f 3061/3061/3061 3063/3063/3063 3060/3060/3060
f 3061/3061/3061 3064/3064/3064 3063/3063/3063
f 3064/3064/3064 3065/3065/3065 3063/3063/3063
f 3065/3065/3065 3064/3064/3064 3066/3066/3066
f 3064/3064/3064 3067/3067/3067 3066/3066/3066
f 3070/3070/3070 3069/3069/3069 3068/3068/3068
f 3071/3071/3071 3070/3070/3070 3068/3068/3068
f 3074/3074/3074 3073/3073/3073 3072/3072/3072
f 3075/3075/3075 3074/3074/3074 3072/3072/3072
f 3075/3075/3075 3072/3072/3072 3076/3076/3076
f 3077/3077/3077 3075/3075/3075 3076/3076/3076
f 3077/3077/3077 3076/3076/3076 3078/3078/3078
f 3079/3079/3079 3077/3077/3077 3078/3078/3078
f 3082/3082/3082 3081/3081/3081 3080/3080/3080
f 3083/3083/3083 3082/3082/3082 3080/3080/3080
f 3083/3083/3083 3080/3080/3080 3084/3084/3084
f 3085/3085/3085 3083/3083/3083 3084/3084/3084
f 3085/3085/3085 3084/3084/3084 3086/3086/3086
f 3087/3087/3087 3085/3085/3085 3086/3086/3086
f 3087/3087/3087 3086/3086/3086 3088/3088/3088
f 3089/3089/3089 3087/3087/3087 3088/3088/3088
f 3092/3092/3092 3091/3091/3091 3090/3090/3090
f 3093/3093/3093 3092/3092/3092 3090/3090/3090
f 3093/3093/3093 3090/3090/3090 3094/3094/3094
f 3095/3095/3095 3093/3093/3093 3094/3094/3094
f 3095/3095/3095 3094/3094/3094 3096/3096/3096
f 3097/3097/3097 3095/3095/3095 3096/3096/3096
f 3097/3097/3097 3096/3096/3096 3098/3098/3098
f 3099/3099/3099 3097/3097/3097 3098/3098/3098
f 3102/3102/3102 3101/3101/3101 3100/3100/3100
f 3103/3103/3103 3102/3102/3102 3100/3100/3100
f 3106/3106/3106 3105/3105/3105 3104/3104/3104
f 3105/3105/3105 3107/3107/3107 3104/3104/3104
f 3105/3105/3105 3108/3108/3108 3107/3107/3107
f 3108/3108/3108 3109/3109/3109 3107/3107/3107
f 3108/3108/3108 3110/3110/3110 3109/3109/3109
f 3110/3110/3110 3111/3111/3111 3109/3109/3109
f 3110/3110/3110 3112/3112/3112 3111/3111/3111
f 3112/3112/3112 3113/3113/3113 3111/3111/3111
f 3112/3112/3112 3114/3114/3114 3113/3113/3113
f 3114/3114/3114 3115/3115/3115 3113/3113/3113
f 3116/3116/3116 3115/3115/3115 3114/3114/3114
f 3117/3117/3117 3116/3116/3116 3114/3114/3114
f 3120/3120/3120 3119/3119/3119 3118/3118/3118
f 3121/3121/3121 3120/3120/3120 3118/3118/3118
f 3121/3121/3121 3122/3122/3122 3120/3120/3120
f 3122/3122/3122 3123/3123/3123 3120/3120/3120
f 3122/3122/3122 3124/3124/3124 3123/3123/3123
f 3124/3124/3124 3125/3125/3125 3123/3123/3123
f 3124/3124/3124 3126/3126/3126 3125/3125/3125
f 3126/3126/3126 3127/3127/3127 3125/3125/3125
f 3126/3126/3126 3128/3128/3128 3127/3127/3127
f 3128/3128/3128 3129/3129/3129 3127/3127/3127
f 3132/3132/3132 3131/3131/3131 3130/3130/3130
f 3133/3133/3133 3132/3132/3132 3130/3130/3130
f 3136/3136/3136 3135/3135/3135 3134/3134/3134
f 3137/3137/3137 3136/3136/3136 3134/3134/3134
f 3140/3140/3140 3139/3139/3139 3138/3138/3138
f 3141/3141/3141 3140/3140/3140 3138/3138/3138
f 3141/3141/3141 3138/3138/3138 3142/3142/3142
f 3143/3143/3143 3141/3141/3141 3142/3142/3142
f 3143/3143/3143 3142/3142/3142 3144/3144/3144
f 3145/3145/3145 3143/3143/3143 3144/3144/3144
f 3145/3145/3145 3144/3144/3144 3146/3146/3146
f 3144/3144/3144 3147/3147/3147 3146/3146/3146
f 3150/3150/3150 3149/3149/3149 3148/3148/3148
f 3151/3151/3151 3150/3150/3150 3148/3148/3148
f 3154/3154/3154 3153/3153/3153 3152/3152/3152
f 3155/3155/3155 3154/3154/3154 3152/3152/3152
f 3158/3158/3158 3157/3157/3157 3156/3156/3156
f 3159/3159/3159 3158/3158/3158 3156/3156/3156
f 3162/3162/3162 3161/3161/3161 3160/3160/3160
f 3163/3163/3163 3162/3162/3162 3160/3160/3160
f 3166/3166/3166 3165/3165/3165 3164/3164/3164
f 3167/3167/3167 3166/3166/3166 3164/3164/3164
f 3170/3170/3170 3169/3169/3169 3168/3168/3168
f 3171/3171/3171 3170/3170/3170 3168/3168/3168
f 3174/3174/3174 3173/3173/3173 3172/3172/3172
f 3175/3175/3175 3174/3174/3174 3172/3172/3172
f 3178/3178/3178 3177/3177/3177 3176/3176/3176
f 3179/3179/3179 3178/3178/3178 3176/3176/3176
f 3182/3182/3182 3181/3181/3181 3180/3180/3180
f 3183/3183/3183 3182/3182/3182 3180/3180/3180
f 3186/3186/3186 3185/3185/3185 3184/3184/3184
f 3184/3184/3184 3187/3187/3187 3186/3186/3186
f 3187/3187/3187 3184/3184/3184 3188/3188/3188
f 3189/3189/3189 3187/3187/3187 3188/3188/3188
f 3187/3187/3187 3190/3190/3190 3186/3186/3186
f 3190/3190/3190 3187/3187/3187 3189/3189/3189
f 3190/3190/3190 3191/3191/3191 3186/3186/3186
f 3192/3192/3192 3190/3190/3190 3189/3189/3189
f 3193/3193/3193 3192/3192/3192 3189/3189/3189
f 3194/3194/3194 3193/3193/3193 3189/3189/3189
f 3190/3190/3190 3195/3195/3195 3191/3191/3191
f 3195/3195/3195 3196/3196/3196 3191/3191/3191
f 3196/3196/3196 3195/3195/3195 3197/3197/3197
f 3198/3198/3198 3196/3196/3196 3197/3197/3197
f 3197/3197/3197 3199/3199/3199 3198/3198/3198
f 3200/3200/3200 3199/3199/3199 3197/3197/3197
f 3200/3200/3200 3197/3197/3197 3201/3201/3201
f 3202/3202/3202 3200/3200/3200 3201/3201/3201
f 3203/3203/3203 3202/3202/3202 3201/3201/3201
f 3201/3201/3201 3204/3204/3204 3203/3203/3203
f 3207/3207/3207 3206/3206/3206 3205/3205/3205
f 3205/3205/3205 3208/3208/3208 3207/3207/3207
f 3205/3205/3205 3209/3209/3209 3208/3208/3208
f 3205/3205/3205 3210/3210/3210 3209/3209/3209
f 3210/3210/3210 3211/3211/3211 3209/3209/3209
f 3212/3212/3212 3211/3211/3211 3210/3210/3210
f 3210/3210/3210 3213/3213/3213 3212/3212/3212
f 3210/3210/3210 3214/3214/3214 3213/3213/3213
f 3215/3215/3215 3213/3213/3213 3214/3214/3214
f 3215/3215/3215 3214/3214/3214 3216/3216/3216
f 3217/3217/3217 3215/3215/3215 3216/3216/3216
f 3217/3217/3217 3216/3216/3216 3218/3218/3218
f 3218/3218/3218 3216/3216/3216 3219/3219/3219
f 3216/3216/3216 3220/3220/3220 3219/3219/3219
f 3219/3219/3219 3220/3220/3220 3221/3221/3221
f 3220/3220/3220 3222/3222/3222 3221/3221/3221
f 3217/3217/3217 3218/3218/3218 3223/3223/3223
f 3223/3223/3223 3218/3218/3218 3219/3219/3219
f 3223/3223/3223 3224/3224/3224 3217/3217/3217
f 3225/3225/3225 3223/3223/3223 3219/3219/3219
f 3228/3228/3228 3227/3227/3227 3226/3226/3226
f 3227/3227/3227 3229/3229/3229 3226/3226/3226
f 3229/3229/3229 3227/3227/3227 3230/3230/3230
f 3231/3231/3231 3229/3229/3229 3230/3230/3230
f 3234/3234/3234 3233/3233/3233 3232/3232/3232
f 3235/3235/3235 3234/3234/3234 3232/3232/3232
f 3238/3238/3238 3237/3237/3237 3236/3236/3236
f 3239/3239/3239 3238/3238/3238 3236/3236/3236
f 3242/3242/3242 3241/3241/3241 3240/3240/3240
f 3243/3243/3243 3242/3242/3242 3240/3240/3240
f 3243/3243/3243 3240/3240/3240 3244/3244/3244
f 3245/3245/3245 3243/3243/3243 3244/3244/3244
f 3244/3244/3244 3246/3246/3246 3245/3245/3245
f 3246/3246/3246 3244/3244/3244 3247/3247/3247
f 3244/3244/3244 3240/3240/3240 3247/3247/3247
f 3247/3247/3247 3248/3248/3248 3246/3246/3246
f 3249/3249/3249 3247/3247/3247 3240/3240/3240
f 3240/3240/3240 3250/3250/3250 3249/3249/3249
f 3250/3250/3250 3251/3251/3251 3249/3249/3249
f 3251/3251/3251 3250/3250/3250 3252/3252/3252
f 3253/3253/3253 3251/3251/3251 3252/3252/3252
f 3252/3252/3252 3254/3254/3254 3253/3253/3253
f 3255/3255/3255 3254/3254/3254 3252/3252/3252
f 3255/3255/3255 3252/3252/3252 3256/3256/3256
f 3256/3256/3256 3257/3257/3257 3255/3255/3255
f 3256/3256/3256 3258/3258/3258 3257/3257/3257
f 3258/3258/3258 3259/3259/3259 3257/3257/3257
f 3262/3262/3262 3261/3261/3261 3260/3260/3260
f 3263/3263/3263 3262/3262/3262 3260/3260/3260
f 3266/3266/3266 3265/3265/3265 3264/3264/3264
f 3265/3265/3265 3267/3267/3267 3264/3264/3264
f 3268/3268/3268 3264/3264/3264 3267/3267/3267
f 3267/3267/3267 3269/3269/3269 3268/3268/3268
f 3269/3269/3269 3270/3270/3270 3268/3268/3268
f 3271/3271/3271 3270/3270/3270 3269/3269/3269
f 3269/3269/3269 3272/3272/3272 3271/3271/3271
f 3269/3269/3269 3273/3273/3273 3272/3272/3272
f 3274/3274/3274 3272/3272/3272 3273/3273/3273
f 3274/3274/3274 3273/3273/3273 3275/3275/3275
f 3275/3275/3275 3276/3276/3276 3274/3274/3274
f 3276/3276/3276 3275/3275/3275 3277/3277/3277
f 3277/3277/3277 3275/3275/3275 3278/3278/3278
f 3276/3276/3276 3277/3277/3277 3279/3279/3279
f 3279/3279/3279 3280/3280/3280 3276/3276/3276
f 3279/3279/3279 3277/3277/3277 3281/3281/3281
f 3277/3277/3277 3282/3282/3282 3281/3281/3281
f 3282/3282/3282 3277/3277/3277 3278/3278/3278
f 3278/3278/3278 3283/3283/3283 3282/3282/3282
f 3283/3283/3283 3284/3284/3284 3282/3282/3282
f 3287/3287/3287 3286/3286/3286 3285/3285/3285
f 3286/3286/3286 3288/3288/3288 3285/3285/3285
f 3288/3288/3288 3286/3286/3286 3289/3289/3289
f 3290/3290/3290 3288/3288/3288 3289/3289/3289
f 3293/3293/3293 3292/3292/3292 3291/3291/3291
f 3294/3294/3294 3293/3293/3293 3291/3291/3291
f 3297/3297/3297 3296/3296/3296 3295/3295/3295
f 3298/3298/3298 3297/3297/3297 3295/3295/3295
f 3301/3301/3301 3300/3300/3300 3299/3299/3299
f 3299/3299/3299 3302/3302/3302 3301/3301/3301
f 3299/3299/3299 3303/3303/3303 3302/3302/3302
f 3302/3302/3302 3304/3304/3304 3301/3301/3301
f 3304/3304/3304 3305/3305/3305 3301/3301/3301
f 3302/3302/3302 3306/3306/3306 3304/3304/3304
f 3307/3307/3307 3306/3306/3306 3302/3302/3302
f 3303/3303/3303 3308/3308/3308 3302/3302/3302
f 3308/3308/3308 3307/3307/3307 3302/3302/3302
f 3309/3309/3309 3307/3307/3307 3308/3308/3308
f 3303/3303/3303 3310/3310/3310 3308/3308/3308
f 3311/3311/3311 3309/3309/3309 3308/3308/3308
f 3311/3311/3311 3308/3308/3308 3310/3310/3310
f 3311/3311/3311 3310/3310/3310 3312/3312/3312
f 3311/3311/3311 3312/3312/3312 3313/3313/3313
f 3313/3313/3313 3314/3314/3314 3311/3311/3311
f 3317/3317/3317 3316/3316/3316 3315/3315/3315
f 3318/3318/3318 3317/3317/3317 3315/3315/3315
f 3319/3319/3319 3317/3317/3317 3318/3318/3318
f 3320/3320/3320 3319/3319/3319 3318/3318/3318
f 3323/3323/3323 3322/3322/3322 3321/3321/3321
f 3322/3322/3322 3324/3324/3324 3321/3321/3321
f 3325/3325/3325 3324/3324/3324 3322/3322/3322
f 3322/3322/3322 3326/3326/3326 3325/3325/3325
f 3325/3325/3325 3327/3327/3327 3324/3324/3324
f 3327/3327/3327 3328/3328/3328 3324/3324/3324
f 3328/3328/3328 3329/3329/3329 3324/3324/3324
f 3329/3329/3329 3328/3328/3328 3330/3330/3330
f 3330/3330/3330 3331/3331/3331 3329/3329/3329
f 3324/3324/3324 3329/3329/3329 3332/3332/3332
f 3333/3333/3333 3324/3324/3324 3332/3332/3332
f 3332/3332/3332 3329/3329/3329 3334/3334/3334
f 3329/3329/3329 3335/3335/3335 3334/3334/3334
f 3335/3335/3335 3329/3329/3329 3331/3331/3331
f 3335/3335/3335 3331/3331/3331 3336/3336/3336
f 3335/3335/3335 3336/3336/3336 3337/3337/3337
f 3335/3335/3335 3337/3337/3337 3338/3338/3338
f 3335/3335/3335 3338/3338/3338 3339/3339/3339
f 3339/3339/3339 3340/3340/3340 3335/3335/3335
f 3343/3343/3343 3342/3342/3342 3341/3341/3341
f 3342/3342/3342 3343/3343/3343 3344/3344/3344
f 3343/3343/3343 3345/3345/3345 3344/3344/3344
f 3344/3344/3344 3345/3345/3345 3346/3346/3346
f 3345/3345/3345 3343/3343/3343 3347/3347/3347
f 3347/3347/3347 3343/3343/3343 3348/3348/3348
f 3348/3348/3348 3349/3349/3349 3347/3347/3347
f 3347/3347/3347 3350/3350/3350 3345/3345/3345
f 3349/3349/3349 3348/3348/3348 3351/3351/3351
f 3351/3351/3351 3352/3352/3352 3349/3349/3349
f 3351/3351/3351 3353/3353/3353 3352/3352/3352
f 3351/3351/3351 3354/3354/3354 3353/3353/3353
f 3355/3355/3355 3353/3353/3353 3354/3354/3354
f 3354/3354/3354 3356/3356/3356 3355/3355/3355
f 3354/3354/3354 3357/3357/3357 3356/3356/3356
f 3356/3356/3356 3357/3357/3357 3358/3358/3358
f 3358/3358/3358 3359/3359/3359 3356/3356/3356
f 3360/3360/3360 3359/3359/3359 3358/3358/3358
f 3360/3360/3360 3358/3358/3358 3361/3361/3361
f 3345/3345/3345 3350/3350/3350 3362/3362/3362
f 3362/3362/3362 3360/3360/3360 3361/3361/3361
f 3362/3362/3362 3361/3361/3361 3345/3345/3345
f 3345/3345/3345 3361/3361/3361 3346/3346/3346
f 3346/3346/3346 3361/3361/3361 3363/3363/3363
f 3366/3366/3366 3365/3365/3365 3364/3364/3364
f 3365/3365/3365 3367/3367/3367 3364/3364/3364
f 3368/3368/3368 3364/3364/3364 3367/3367/3367
f 3367/3367/3367 3365/3365/3365 3369/3369/3369
f 3369/3369/3369 3370/3370/3370 3367/3367/3367
f 3370/3370/3370 3371/3371/3371 3367/3367/3367
f 3371/3371/3371 3372/3372/3372 3367/3367/3367
f 3368/3368/3368 3367/3367/3367 3373/3373/3373
f 3372/3372/3372 3374/3374/3374 3367/3367/3367
f 3367/3367/3367 3375/3375/3375 3373/3373/3373
f 3374/3374/3374 3375/3375/3375 3367/3367/3367
f 3373/3373/3373 3375/3375/3375 3376/3376/3376
f 3375/3375/3375 3374/3374/3374 3377/3377/3377
f 3377/3377/3377 3378/3378/3378 3375/3375/3375
f 3375/3375/3375 3379/3379/3379 3376/3376/3376
f 3379/3379/3379 3375/3375/3375 3378/3378/3378
f 3379/3379/3379 3378/3378/3378 3380/3380/3380
f 3379/3379/3379 3380/3380/3380 3381/3381/3381
f 3382/3382/3382 3379/3379/3379 3381/3381/3381
f 3381/3381/3381 3383/3383/3383 3382/3382/3382
f 3379/3379/3379 3382/3382/3382 3384/3384/3384
f 3385/3385/3385 3379/3379/3379 3384/3384/3384
f 3388/3388/3388 3387/3387/3387 3386/3386/3386
f 3388/3388/3388 3386/3386/3386 3389/3389/3389
f 3389/3389/3389 3390/3390/3390 3388/3388/3388
f 3388/3388/3388 3390/3390/3390 3391/3391/3391
f 3392/3392/3392 3388/3388/3388 3391/3391/3391
f 3395/3395/3395 3394/3394/3394 3393/3393/3393
f 3393/3393/3393 3396/3396/3396 3395/3395/3395
f 3396/3396/3396 3397/3397/3397 3395/3395/3395
f 3400/3400/3400 3399/3399/3399 3398/3398/3398
f 3398/3398/3398 3401/3401/3401 3400/3400/3400
f 3398/3398/3398 3402/3402/3402 3401/3401/3401
f 3402/3402/3402 3403/3403/3403 3401/3401/3401
f 3406/3406/3406 3405/3405/3405 3404/3404/3404
f 3405/3405/3405 3407/3407/3407 3404/3404/3404
f 3404/3404/3404 3407/3407/3407 3408/3408/3408
f 3408/3408/3408 3409/3409/3409 3404/3404/3404
f 3408/3408/3408 3410/3410/3410 3409/3409/3409
f 3413/3413/3413 3412/3412/3412 3411/3411/3411
f 3411/3411/3411 3414/3414/3414 3413/3413/3413
f 3411/3411/3411 3415/3415/3415 3414/3414/3414
f 3418/3418/3418 3417/3417/3417 3416/3416/3416
f 3419/3419/3419 3418/3418/3418 3416/3416/3416
f 3422/3422/3422 3421/3421/3421 3420/3420/3420
f 3423/3423/3423 3422/3422/3422 3420/3420/3420
f 3424/3424/3424 3423/3423/3423 3420/3420/3420
f 3424/3424/3424 3420/3420/3420 3425/3425/3425
f 3425/3425/3425 3426/3426/3426 3424/3424/3424
f 3429/3429/3429 3428/3428/3428 3427/3427/3427
f 3427/3427/3427 3430/3430/3430 3429/3429/3429
f 3427/3427/3427 3431/3431/3431 3430/3430/3430
f 3434/3434/3434 3433/3433/3433 3432/3432/3432
f 3435/3435/3435 3434/3434/3434 3432/3432/3432
f 3438/3438/3438 3437/3437/3437 3436/3436/3436
f 3437/3437/3437 3439/3439/3439 3436/3436/3436
f 3436/3436/3436 3439/3439/3439 3440/3440/3440
f 3441/3441/3441 3436/3436/3436 3440/3440/3440
f 3444/3444/3444 3443/3443/3443 3442/3442/3442
f 3445/3445/3445 3443/3443/3443 3444/3444/3444
f 3444/3444/3444 3446/3446/3446 3445/3445/3445
f 3444/3444/3444 3447/3447/3447 3446/3446/3446
f 3447/3447/3447 3448/3448/3448 3446/3446/3446
f 3448/3448/3448 3449/3449/3449 3446/3446/3446
f 3445/3445/3445 3446/3446/3446 3450/3450/3450
f 3446/3446/3446 3451/3451/3451 3450/3450/3450
f 3443/3443/3443 3445/3445/3445 3452/3452/3452
f 3453/3453/3453 3443/3443/3443 3452/3452/3452
f 3454/3454/3454 3453/3453/3453 3452/3452/3452
f 3455/3455/3455 3454/3454/3454 3452/3452/3452
f 3456/3456/3456 3455/3455/3455 3452/3452/3452
f 3452/3452/3452 3457/3457/3457 3456/3456/3456
f 3458/3458/3458 3456/3456/3456 3457/3457/3457
f 3457/3457/3457 3452/3452/3452 3459/3459/3459
f 3460/3460/3460 3458/3458/3458 3457/3457/3457
f 3461/3461/3461 3457/3457/3457 3459/3459/3459
f 3457/3457/3457 3462/3462/3462 3460/3460/3460
f 3462/3462/3462 3457/3457/3457 3461/3461/3461
f 3463/3463/3463 3462/3462/3462 3461/3461/3461
f 3466/3466/3466 3465/3465/3465 3464/3464/3464
f 3467/3467/3467 3466/3466/3466 3464/3464/3464
f 3470/3470/3470 3469/3469/3469 3468/3468/3468
f 3471/3471/3471 3470/3470/3470 3468/3468/3468
f 3474/3474/3474 3473/3473/3473 3472/3472/3472
f 3475/3475/3475 3474/3474/3474 3472/3472/3472
f 3478/3478/3478 3477/3477/3477 3476/3476/3476
f 3478/3478/3478 3476/3476/3476 3479/3479/3479
f 3479/3479/3479 3480/3480/3480 3478/3478/3478
f 3478/3478/3478 3480/3480/3480 3481/3481/3481
f 3480/3480/3480 3482/3482/3482 3481/3481/3481
f 3485/3485/3485 3484/3484/3484 3483/3483/3483
f 3486/3486/3486 3485/3485/3485 3483/3483/3483
f 3489/3489/3489 3488/3488/3488 3487/3487/3487
f 3490/3490/3490 3489/3489/3489 3487/3487/3487
f 3489/3489/3489 3490/3490/3490 3491/3491/3491
f 3490/3490/3490 3492/3492/3492 3491/3491/3491
f 3491/3491/3491 3492/3492/3492 3493/3493/3493
f 3492/3492/3492 3494/3494/3494 3493/3493/3493
f 3497/3497/3497 3496/3496/3496 3495/3495/3495
f 3498/3498/3498 3497/3497/3497 3495/3495/3495
f 3501/3501/3501 3500/3500/3500 3499/3499/3499
f 3502/3502/3502 3501/3501/3501 3499/3499/3499
f 3502/3502/3502 3499/3499/3499 3503/3503/3503
f 3504/3504/3504 3502/3502/3502 3503/3503/3503
f 3507/3507/3507 3506/3506/3506 3505/3505/3505
f 3508/3508/3508 3507/3507/3507 3505/3505/3505
f 3511/3511/3511 3510/3510/3510 3509/3509/3509
f 3509/3509/3509 3512/3512/3512 3511/3511/3511
f 3509/3509/3509 3513/3513/3513 3512/3512/3512
f 3513/3513/3513 3514/3514/3514 3512/3512/3512
f 3517/3517/3517 3516/3516/3516 3515/3515/3515
f 3516/3516/3516 3518/3518/3518 3515/3515/3515
f 3515/3515/3515 3518/3518/3518 3519/3519/3519
f 3518/3518/3518 3520/3520/3520 3519/3519/3519
f 3523/3523/3523 3522/3522/3522 3521/3521/3521
f 3524/3524/3524 3523/3523/3523 3521/3521/3521
f 3527/3527/3527 3526/3526/3526 3525/3525/3525
f 3528/3528/3528 3527/3527/3527 3525/3525/3525
f 3528/3528/3528 3525/3525/3525 3529/3529/3529
f 3530/3530/3530 3528/3528/3528 3529/3529/3529
f 3533/3533/3533 3532/3532/3532 3531/3531/3531
f 3534/3534/3534 3533/3533/3533 3531/3531/3531
f 3537/3537/3537 3536/3536/3536 3535/3535/3535
f 3535/3535/3535 3538/3538/3538 3537/3537/3537
f 3535/3535/3535 3539/3539/3539 3538/3538/3538
f 3539/3539/3539 3540/3540/3540 3538/3538/3538
f 3543/3543/3543 3542/3542/3542 3541/3541/3541
f 3542/3542/3542 3544/3544/3544 3541/3541/3541
f 3541/3541/3541 3544/3544/3544 3545/3545/3545
f 3544/3544/3544 3546/3546/3546 3545/3545/3545
f 3549/3549/3549 3548/3548/3548 3547/3547/3547
f 3550/3550/3550 3549/3549/3549 3547/3547/3547
f 3553/3553/3553 3552/3552/3552 3551/3551/3551
f 3554/3554/3554 3553/3553/3553 3551/3551/3551
f 3554/3554/3554 3551/3551/3551 3555/3555/3555
f 3556/3556/3556 3554/3554/3554 3555/3555/3555
f 3559/3559/3559 3558/3558/3558 3557/3557/3557
f 3560/3560/3560 3559/3559/3559 3557/3557/3557
f 3561/3561/3561 3559/3559/3559 3560/3560/3560
f 3562/3562/3562 3561/3561/3561 3560/3560/3560
f 3563/3563/3563 3561/3561/3561 3562/3562/3562
f 3564/3564/3564 3563/3563/3563 3562/3562/3562
f 3565/3565/3565 3563/3563/3563 3564/3564/3564
f 3566/3566/3566 3565/3565/3565 3564/3564/3564
f 3567/3567/3567 3565/3565/3565 3566/3566/3566
f 3568/3568/3568 3567/3567/3567 3566/3566/3566
f 3567/3567/3567 3568/3568/3568 3569/3569/3569
f 3568/3568/3568 3570/3570/3570 3569/3569/3569
f 3569/3569/3569 3571/3571/3571 3567/3567/3567
f 3571/3571/3571 3569/3569/3569 3572/3572/3572
f 3575/3575/3575 3574/3574/3574 3573/3573/3573
f 3576/3576/3576 3575/3575/3575 3573/3573/3573
f 3577/3577/3577 3575/3575/3575 3576/3576/3576
f 3578/3578/3578 3577/3577/3577 3576/3576/3576
f 3581/3581/3581 3580/3580/3580 3579/3579/3579
f 3580/3580/3580 3582/3582/3582 3579/3579/3579
f 3580/3580/3580 3583/3583/3583 3582/3582/3582
f 3583/3583/3583 3584/3584/3584 3582/3582/3582
f 3587/3587/3587 3586/3586/3586 3585/3585/3585
f 3585/3585/3585 3588/3588/3588 3587/3587/3587
f 3588/3588/3588 3589/3589/3589 3587/3587/3587
f 3588/3588/3588 3590/3590/3590 3589/3589/3589
f 3590/3590/3590 3591/3591/3591 3589/3589/3589
f 3590/3590/3590 3592/3592/3592 3591/3591/3591
f 3592/3592/3592 3593/3593/3593 3591/3591/3591
f 3596/3596/3596 3595/3595/3595 3594/3594/3594
f 3595/3595/3595 3597/3597/3597 3594/3594/3594
f 3594/3594/3594 3597/3597/3597 3598/3598/3598
f 3597/3597/3597 3599/3599/3599 3598/3598/3598
f 3598/3598/3598 3599/3599/3599 3600/3600/3600
f 3599/3599/3599 3601/3601/3601 3600/3600/3600
f 3600/3600/3600 3601/3601/3601 3602/3602/3602
f 3601/3601/3601 3603/3603/3603 3602/3602/3602
f 3606/3606/3606 3605/3605/3605 3604/3604/3604
f 3606/3606/3606 3607/3607/3607 3605/3605/3605
f 3607/3607/3607 3608/3608/3608 3605/3605/3605
f 3607/3607/3607 3609/3609/3609 3608/3608/3608
f 3609/3609/3609 3610/3610/3610 3608/3608/3608
f 3609/3609/3609 3611/3611/3611 3610/3610/3610
f 3611/3611/3611 3612/3612/3612 3610/3610/3610
f 3615/3615/3615 3614/3614/3614 3613/3613/3613
f 3614/3614/3614 3616/3616/3616 3613/3613/3613
f 3613/3613/3613 3616/3616/3616 3617/3617/3617
f 3618/3618/3618 3613/3613/3613 3617/3617/3617
f 3619/3619/3619 3613/3613/3613 3618/3618/3618
f 3620/3620/3620 3619/3619/3619 3618/3618/3618
f 3620/3620/3620 3621/3621/3621 3619/3619/3619
f 3621/3621/3621 3622/3622/3622 3619/3619/3619
f 3619/3619/3619 3622/3622/3622 3623/3623/3623
f 3622/3622/3622 3624/3624/3624 3623/3623/3623
f 3625/3625/3625 3622/3622/3622 3621/3621/3621
f 3622/3622/3622 3625/3625/3625 3624/3624/3624
f 3626/3626/3626 3625/3625/3625 3621/3621/3621
f 3625/3625/3625 3627/3627/3627 3624/3624/3624
f 3630/3630/3630 3629/3629/3629 3628/3628/3628
f 3629/3629/3629 3631/3631/3631 3628/3628/3628
f 3628/3628/3628 3631/3631/3631 3632/3632/3632
f 3629/3629/3629 3633/3633/3633 3631/3631/3631
f 3631/3631/3631 3634/3634/3634 3632/3632/3632
f 3635/3635/3635 3632/3632/3632 3634/3634/3634
f 3633/3633/3633 3636/3636/3636 3631/3631/3631
f 3631/3631/3631 3636/3636/3636 3634/3634/3634
f 3633/3633/3633 3637/3637/3637 3636/3636/3636
f 3637/3637/3637 3638/3638/3638 3636/3636/3636
f 3637/3637/3637 3639/3639/3639 3638/3638/3638
f 3639/3639/3639 3640/3640/3640 3638/3638/3638
f 3638/3638/3638 3640/3640/3640 3641/3641/3641
f 3640/3640/3640 3642/3642/3642 3641/3641/3641
f 3641/3641/3641 3642/3642/3642 3643/3643/3643
f 3643/3643/3643 3644/3644/3644 3641/3641/3641
f 3636/3636/3636 3638/3638/3638 3645/3645/3645
f 3636/3636/3636 3645/3645/3645 3634/3634/3634
f 3638/3638/3638 3641/3641/3641 3645/3645/3645
f 3646/3646/3646 3635/3635/3635 3634/3634/3634
f 3646/3646/3646 3634/3634/3634 3645/3645/3645
f 3644/3644/3644 3647/3647/3647 3641/3641/3641
f 3644/3644/3644 3648/3648/3648 3647/3647/3647
f 3648/3648/3648 3649/3649/3649 3647/3647/3647
f 3650/3650/3650 3645/3645/3645 3641/3641/3641
f 3647/3647/3647 3650/3650/3650 3641/3641/3641
f 3647/3647/3647 3649/3649/3649 3650/3650/3650
f 3650/3650/3650 3646/3646/3646 3645/3645/3645
f 3649/3649/3649 3651/3651/3651 3650/3650/3650
f 3650/3650/3650 3651/3651/3651 3646/3646/3646
f 3651/3651/3651 3652/3652/3652 3646/3646/3646
f 3646/3646/3646 3652/3652/3652 3635/3635/3635
f 3652/3652/3652 3653/3653/3653 3635/3635/3635
f 3656/3656/3656 3655/3655/3655 3654/3654/3654
f 3657/3657/3657 3656/3656/3656 3654/3654/3654
f 3657/3657/3657 3658/3658/3658 3656/3656/3656
f 3658/3658/3658 3659/3659/3659 3656/3656/3656
f 3662/3662/3662 3661/3661/3661 3660/3660/3660
f 3660/3660/3660 3663/3663/3663 3662/3662/3662
f 3663/3663/3663 3664/3664/3664 3662/3662/3662
f 3664/3664/3664 3665/3665/3665 3662/3662/3662
f 3665/3665/3665 3666/3666/3666 3662/3662/3662
f 3666/3666/3666 3667/3667/3667 3662/3662/3662
f 3667/3667/3667 3668/3668/3668 3662/3662/3662
f 3671/3671/3671 3670/3670/3670 3669/3669/3669
f 3670/3670/3670 3672/3672/3672 3669/3669/3669
f 3672/3672/3672 3670/3670/3670 3673/3673/3673
f 3670/3670/3670 3674/3674/3674 3673/3673/3673
f 3677/3677/3677 3676/3676/3676 3675/3675/3675
f 3675/3675/3675 3678/3678/3678 3677/3677/3677
f 3678/3678/3678 3679/3679/3679 3677/3677/3677
f 3678/3678/3678 3680/3680/3680 3679/3679/3679
f 3680/3680/3680 3681/3681/3681 3679/3679/3679
f 3680/3680/3680 3682/3682/3682 3681/3681/3681
f 3682/3682/3682 3683/3683/3683 3681/3681/3681
f 3686/3686/3686 3685/3685/3685 3684/3684/3684
f 3684/3684/3684 3685/3685/3685 3687/3687/3687
f 3688/3688/3688 3684/3684/3684 3687/3687/3687
f 3685/3685/3685 3689/3689/3689 3687/3687/3687
f 3690/3690/3690 3688/3688/3688 3687/3687/3687
f 3687/3687/3687 3691/3691/3691 3690/3690/3690
f 3692/3692/3692 3690/3690/3690 3691/3691/3691
f 3687/3687/3687 3689/3689/3689 3693/3693/3693
f 3687/3687/3687 3693/3693/3693 3691/3691/3691
f 3689/3689/3689 3694/3694/3694 3693/3693/3693
f 3693/3693/3693 3694/3694/3694 3695/3695/3695
f 3694/3694/3694 3696/3696/3696 3695/3695/3695
f 3695/3695/3695 3696/3696/3696 3697/3697/3697
f 3696/3696/3696 3698/3698/3698 3697/3697/3697
f 3697/3697/3697 3698/3698/3698 3699/3699/3699
f 3698/3698/3698 3700/3700/3700 3699/3699/3699
f 3699/3699/3699 3700/3700/3700 3701/3701/3701
f 3700/3700/3700 3702/3702/3702 3701/3701/3701
f 3693/3693/3693 3703/3703/3703 3691/3691/3691
f 3701/3701/3701 3702/3702/3702 3704/3704/3704
f 3704/3704/3704 3702/3702/3702 3705/3705/3705
f 3691/3691/3691 3703/3703/3703 3706/3706/3706
f 3707/3707/3707 3704/3704/3704 3705/3705/3705
f 3707/3707/3707 3705/3705/3705 3708/3708/3708
f 3708/3708/3708 3709/3709/3709 3707/3707/3707
f 3708/3708/3708 3710/3710/3710 3709/3709/3709
f 3707/3707/3707 3709/3709/3709 3711/3711/3711
f 3712/3712/3712 3704/3704/3704 3707/3707/3707
f 3707/3707/3707 3711/3711/3711 3712/3712/3712
f 3704/3704/3704 3712/3712/3712 3713/3713/3713
f 3714/3714/3714 3704/3704/3704 3713/3713/3713
f 3715/3715/3715 3714/3714/3714 3713/3713/3713
f 3716/3716/3716 3713/3713/3713 3712/3712/3712
f 3713/3713/3713 3717/3717/3717 3715/3715/3715
f 3718/3718/3718 3712/3712/3712 3711/3711/3711
f 3718/3718/3718 3716/3716/3716 3712/3712/3712
f 3719/3719/3719 3718/3718/3718 3711/3711/3711
f 3720/3720/3720 3716/3716/3716 3718/3718/3718
f 3715/3715/3715 3717/3717/3717 3721/3721/3721
f 3721/3721/3721 3717/3717/3717 3722/3722/3722
f 3723/3723/3723 3715/3715/3715 3721/3721/3721
f 3724/3724/3724 3723/3723/3723 3721/3721/3721
f 3721/3721/3721 3725/3725/3725 3724/3724/3724
f 3724/3724/3724 3725/3725/3725 3726/3726/3726
f 3725/3725/3725 3727/3727/3727 3726/3726/3726
f 3728/3728/3728 3718/3718/3718 3719/3719/3719
f 3728/3728/3728 3720/3720/3720 3718/3718/3718
f 3729/3729/3729 3728/3728/3728 3719/3719/3719
f 3730/3730/3730 3720/3720/3720 3728/3728/3728
f 3731/3731/3731 3728/3728/3728 3729/3729/3729
f 3731/3731/3731 3730/3730/3730 3728/3728/3728
f 3732/3732/3732 3730/3730/3730 3731/3731/3731
f 3733/3733/3733 3731/3731/3731 3729/3729/3729
f 3734/3734/3734 3732/3732/3732 3731/3731/3731
f 3734/3734/3734 3731/3731/3731 3733/3733/3733
f 3735/3735/3735 3734/3734/3734 3733/3733/3733
f 3736/3736/3736 3734/3734/3734 3735/3735/3735
f 3737/3737/3737 3736/3736/3736 3735/3735/3735
f 3740/3740/3740 3739/3739/3739 3738/3738/3738
f 3741/3741/3741 3740/3740/3740 3738/3738/3738
f 3742/3742/3742 3740/3740/3740 3741/3741/3741
f 3741/3741/3741 3738/3738/3738 3743/3743/3743
f 3744/3744/3744 3742/3742/3742 3741/3741/3741
f 3745/3745/3745 3741/3741/3741 3743/3743/3743
f 3744/3744/3744 3741/3741/3741 3745/3745/3745
f 3745/3745/3745 3743/3743/3743 3746/3746/3746
f 3747/3747/3747 3744/3744/3744 3745/3745/3745
f 3748/3748/3748 3745/3745/3745 3746/3746/3746
f 3747/3747/3747 3745/3745/3745 3748/3748/3748
f 3748/3748/3748 3746/3746/3746 3749/3749/3749
f 3750/3750/3750 3747/3747/3747 3748/3748/3748
f 3751/3751/3751 3748/3748/3748 3749/3749/3749
f 3750/3750/3750 3748/3748/3748 3751/3751/3751
f 3752/3752/3752 3750/3750/3750 3751/3751/3751
f 3755/3755/3755 3754/3754/3754 3753/3753/3753
f 3756/3756/3756 3754/3754/3754 3755/3755/3755
f 3755/3755/3755 3757/3757/3757 3756/3756/3756
f 3757/3757/3757 3758/3758/3758 3756/3756/3756
f 3759/3759/3759 3758/3758/3758 3757/3757/3757
f 3757/3757/3757 3760/3760/3760 3759/3759/3759
f 3760/3760/3760 3761/3761/3761 3759/3759/3759
f 3761/3761/3761 3760/3760/3760 3762/3762/3762
f 3759/3759/3759 3761/3761/3761 3763/3763/3763
f 3764/3764/3764 3759/3759/3759 3763/3763/3763
f 3762/3762/3762 3765/3765/3765 3761/3761/3761
f 3763/3763/3763 3761/3761/3761 3765/3765/3765
f 3766/3766/3766 3763/3763/3763 3765/3765/3765
f 3762/3762/3762 3767/3767/3767 3765/3765/3765
f 3767/3767/3767 3768/3768/3768 3765/3765/3765
f 3768/3768/3768 3769/3769/3769 3765/3765/3765
f 3692/3692/3692 3771/3771/3771 3770/3770/3770
f 3771/3771/3771 3692/3692/3692 3691/3691/3691
f 3772/3772/3772 3771/3771/3771 3691/3691/3691
f 3691/3691/3691 3773/3773/3773 3772/3772/3772
f 3706/3706/3706 3773/3773/3773 3691/3691/3691
f 3772/3772/3772 3773/3773/3773 3774/3774/3774
f 3706/3706/3706 3775/3775/3775 3773/3773/3773
f 3773/3773/3773 3775/3775/3775 3774/3774/3774
f 3706/3706/3706 3776/3776/3776 3775/3775/3775
f 3775/3775/3775 3776/3776/3776 3777/3777/3777
f 3777/3777/3777 3774/3774/3774 3775/3775/3775
f 3777/3777/3777 3778/3778/3778 3774/3774/3774
f 3781/3781/3781 3780/3780/3780 3779/3779/3779
f 3782/3782/3782 3781/3781/3781 3779/3779/3779
f 3783/3783/3783 3781/3781/3781 3782/3782/3782
f 3784/3784/3784 3782/3782/3782 3779/3779/3779
f 3779/3779/3779 3785/3785/3785 3784/3784/3784
f 3785/3785/3785 3786/3786/3786 3784/3784/3784
f 3787/3787/3787 3784/3784/3784 3786/3786/3786
f 3788/3788/3788 3787/3787/3787 3786/3786/3786
f 3789/3789/3789 3787/3787/3787 3788/3788/3788
f 3790/3790/3790 3789/3789/3789 3788/3788/3788
f 3782/3782/3782 3784/3784/3784 3791/3791/3791
f 3791/3791/3791 3783/3783/3783 3782/3782/3782
f 3783/3783/3783 3791/3791/3791 3792/3792/3792
f 3791/3791/3791 3793/3793/3793 3792/3792/3792
f 3796/3796/3796 3795/3795/3795 3794/3794/3794
f 3795/3795/3795 3797/3797/3797 3794/3794/3794
f 3795/3795/3795 3798/3798/3798 3797/3797/3797
f 3798/3798/3798 3799/3799/3799 3797/3797/3797
f 3797/3797/3797 3800/3800/3800 3794/3794/3794
f 3797/3797/3797 3799/3799/3799 3800/3800/3800
f 3799/3799/3799 3801/3801/3801 3800/3800/3800
f 3800/3800/3800 3802/3802/3802 3794/3794/3794
f 3803/3803/3803 3802/3802/3802 3800/3800/3800
f 3804/3804/3804 3803/3803/3803 3800/3800/3800
f 3807/3807/3807 3806/3806/3806 3805/3805/3805
f 3806/3806/3806 3808/3808/3808 3805/3805/3805
f 3808/3808/3808 3806/3806/3806 3809/3809/3809
f 3809/3809/3809 3810/3810/3810 3808/3808/3808
f 3805/3805/3805 3808/3808/3808 3811/3811/3811
f 3808/3808/3808 3810/3810/3810 3812/3812/3812
f 3808/3808/3808 3812/3812/3812 3811/3811/3811
f 3810/3810/3810 3813/3813/3813 3812/3812/3812
f 3814/3814/3814 3812/3812/3812 3813/3813/3813
f 3815/3815/3815 3814/3814/3814 3813/3813/3813
f 3814/3814/3814 3816/3816/3816 3812/3812/3812
f 3816/3816/3816 3811/3811/3811 3812/3812/3812
f 3816/3816/3816 3817/3817/3817 3811/3811/3811
f 3817/3817/3817 3818/3818/3818 3811/3811/3811
f 3821/3821/3821 3820/3820/3820 3819/3819/3819
f 3822/3822/3822 3821/3821/3821 3819/3819/3819
f 3823/3823/3823 3821/3821/3821 3822/3822/3822
f 3824/3824/3824 3823/3823/3823 3822/3822/3822
f 3825/3825/3825 3823/3823/3823 3824/3824/3824
f 3826/3826/3826 3825/3825/3825 3824/3824/3824
f 3829/3829/3829 3828/3828/3828 3827/3827/3827
f 3830/3830/3830 3829/3829/3829 3827/3827/3827
f 3831/3831/3831 3829/3829/3829 3830/3830/3830
f 3830/3830/3830 3827/3827/3827 3832/3832/3832
f 3833/3833/3833 3831/3831/3831 3830/3830/3830
f 3834/3834/3834 3831/3831/3831 3833/3833/3833
f 3835/3835/3835 3830/3830/3830 3832/3832/3832
f 3833/3833/3833 3830/3830/3830 3835/3835/3835
f 3836/3836/3836 3834/3834/3834 3833/3833/3833
f 3837/3837/3837 3834/3834/3834 3836/3836/3836
f 3836/3836/3836 3833/3833/3833 3838/3838/3838
f 3838/3838/3838 3833/3833/3833 3835/3835/3835
f 3837/3837/3837 3836/3836/3836 3839/3839/3839
f 3839/3839/3839 3836/3836/3836 3838/3838/3838
f 3840/3840/3840 3837/3837/3837 3839/3839/3839
f 3841/3841/3841 3837/3837/3837 3840/3840/3840
f 3842/3842/3842 3841/3841/3841 3840/3840/3840
f 3843/3843/3843 3841/3841/3841 3842/3842/3842
f 3844/3844/3844 3843/3843/3843 3842/3842/3842
f 3839/3839/3839 3838/3838/3838 3845/3845/3845
f 3846/3846/3846 3839/3839/3839 3845/3845/3845
f 3840/3840/3840 3839/3839/3839 3846/3846/3846
f 3847/3847/3847 3840/3840/3840 3846/3846/3846
f 3842/3842/3842 3840/3840/3840 3847/3847/3847
f 3848/3848/3848 3842/3842/3842 3847/3847/3847
f 3844/3844/3844 3842/3842/3842 3848/3848/3848
f 3849/3849/3849 3844/3844/3844 3848/3848/3848
f 3850/3850/3850 3844/3844/3844 3849/3849/3849
f 3851/3851/3851 3850/3850/3850 3849/3849/3849
f 3845/3845/3845 3838/3838/3838 3852/3852/3852
f 3838/3838/3838 3835/3835/3835 3852/3852/3852
f 3852/3852/3852 3835/3835/3835 3853/3853/3853
f 3853/3853/3853 3854/3854/3854 3852/3852/3852
f 3853/3853/3853 3855/3855/3855 3854/3854/3854
f 3835/3835/3835 3832/3832/3832 3853/3853/3853
f 3855/3855/3855 3853/3853/3853 3856/3856/3856
f 3857/3857/3857 3855/3855/3855 3856/3856/3856
f 3853/3853/3853 3832/3832/3832 3858/3858/3858
f 3853/3853/3853 3858/3858/3858 3856/3856/3856
f 3857/3857/3857 3856/3856/3856 3859/3859/3859
f 3856/3856/3856 3858/3858/3858 3859/3859/3859
f 3858/3858/3858 3860/3860/3860 3859/3859/3859
f 3861/3861/3861 3857/3857/3857 3859/3859/3859
f 3832/3832/3832 3862/3862/3862 3858/3858/3858
f 3862/3862/3862 3860/3860/3860 3858/3858/3858
f 3832/3832/3832 3863/3863/3863 3862/3862/3862
f 3862/3862/3862 3863/3863/3863 3860/3860/3860
f 3863/3863/3863 3864/3864/3864 3860/3860/3860
f 3864/3864/3864 3865/3865/3865 3860/3860/3860
f 3861/3861/3861 3859/3859/3859 3866/3866/3866
f 3859/3859/3859 3860/3860/3860 3866/3866/3866
f 3867/3867/3867 3861/3861/3861 3866/3866/3866
f 3860/3860/3860 3865/3865/3865 3868/3868/3868
f 3860/3860/3860 3868/3868/3868 3866/3866/3866
f 3865/3865/3865 3869/3869/3869 3868/3868/3868
f 3867/3867/3867 3866/3866/3866 3870/3870/3870
f 3866/3866/3866 3868/3868/3868 3870/3870/3870
f 3871/3871/3871 3867/3867/3867 3870/3870/3870
f 3872/3872/3872 3868/3868/3868 3869/3869/3869
f 3868/3868/3868 3872/3872/3872 3870/3870/3870
f 3873/3873/3873 3872/3872/3872 3869/3869/3869
f 3872/3872/3872 3873/3873/3873 3874/3874/3874
f 3871/3871/3871 3870/3870/3870 3875/3875/3875
f 3870/3870/3870 3872/3872/3872 3875/3875/3875
f 3876/3876/3876 3871/3871/3871 3875/3875/3875
f 3877/3877/3877 3872/3872/3872 3874/3874/3874
f 3872/3872/3872 3877/3877/3877 3875/3875/3875
f 3877/3877/3877 3874/3874/3874 3878/3878/3878
f 3878/3878/3878 3875/3875/3875 3877/3877/3877
f 3874/3874/3874 3879/3879/3879 3878/3878/3878
f 3878/3878/3878 3879/3879/3879 3880/3880/3880
f 3878/3878/3878 3880/3880/3880 3881/3881/3881
f 3878/3878/3878 3882/3882/3882 3875/3875/3875
f 3882/3882/3882 3883/3883/3883 3875/3875/3875
f 3884/3884/3884 3878/3878/3878 3881/3881/3881
f 3882/3882/3882 3878/3878/3878 3884/3884/3884
f 3884/3884/3884 3881/3881/3881 3885/3885/3885
f 3884/3884/3884 3886/3886/3886 3882/3882/3882
f 3889/3889/3889 3888/3888/3888 3887/3887/3887
f 3890/3890/3890 3889/3889/3889 3887/3887/3887
f 3890/3890/3890 3887/3887/3887 3891/3891/3891
f 3892/3892/3892 3889/3889/3889 3890/3890/3890
f 3893/3893/3893 3890/3890/3890 3891/3891/3891
f 3894/3894/3894 3892/3892/3892 3890/3890/3890
f 3894/3894/3894 3890/3890/3890 3893/3893/3893
f 3895/3895/3895 3892/3892/3892 3894/3894/3894
f 3896/3896/3896 3894/3894/3894 3893/3893/3893
f 3897/3897/3897 3895/3895/3895 3894/3894/3894
f 3897/3897/3897 3894/3894/3894 3896/3896/3896
f 3898/3898/3898 3897/3897/3897 3896/3896/3896
f 3901/3901/3901 3900/3900/3900 3899/3899/3899
f 3902/3902/3902 3901/3901/3901 3899/3899/3899
f 3902/3902/3902 3899/3899/3899 3903/3903/3903
f 3904/3904/3904 3901/3901/3901 3902/3902/3902
f 3905/3905/3905 3902/3902/3902 3903/3903/3903
f 3906/3906/3906 3904/3904/3904 3902/3902/3902
f 3906/3906/3906 3902/3902/3902 3905/3905/3905
f 3907/3907/3907 3904/3904/3904 3906/3906/3906
f 3908/3908/3908 3906/3906/3906 3905/3905/3905
f 3909/3909/3909 3907/3907/3907 3906/3906/3906
f 3909/3909/3909 3906/3906/3906 3908/3908/3908
f 3910/3910/3910 3909/3909/3909 3908/3908/3908
f 3913/3913/3913 3912/3912/3912 3911/3911/3911
f 3912/3912/3912 3914/3914/3914 3911/3911/3911
f 3911/3911/3911 3914/3914/3914 3915/3915/3915
f 3914/3914/3914 3916/3916/3916 3915/3915/3915
f 3915/3915/3915 3916/3916/3916 3917/3917/3917
f 3916/3916/3916 3918/3918/3918 3917/3917/3917
f 3917/3917/3917 3918/3918/3918 3919/3919/3919
f 3918/3918/3918 3920/3920/3920 3919/3919/3919
f 3923/3923/3923 3922/3922/3922 3921/3921/3921
f 3924/3924/3924 3923/3923/3923 3921/3921/3921
f 3927/3927/3927 3926/3926/3926 3925/3925/3925
f 3928/3928/3928 3927/3927/3927 3925/3925/3925
f 3931/3931/3931 3930/3930/3930 3929/3929/3929
f 3930/3930/3930 3932/3932/3932 3929/3929/3929
f 3930/3930/3930 3933/3933/3933 3932/3932/3932
f 3933/3933/3933 3934/3934/3934 3932/3932/3932
f 3937/3937/3937 3936/3936/3936 3935/3935/3935
f 3938/3938/3938 3937/3937/3937 3935/3935/3935
f 3937/3937/3937 3938/3938/3938 3939/3939/3939
f 3939/3939/3939 3938/3938/3938 3940/3940/3940
f 3938/3938/3938 3941/3941/3941 3940/3940/3940
f 3941/3941/3941 3938/3938/3938 3942/3942/3942
f 3938/3938/3938 3935/3935/3935 3942/3942/3942
f 3943/3943/3943 3942/3942/3942 3935/3935/3935
f 3944/3944/3944 3942/3942/3942 3943/3943/3943
f 3943/3943/3943 3945/3945/3945 3944/3944/3944
f 3943/3943/3943 3946/3946/3946 3945/3945/3945
f 3946/3946/3946 3947/3947/3947 3945/3945/3945
f 3944/3944/3944 3945/3945/3945 3948/3948/3948
f 3948/3948/3948 3949/3949/3949 3944/3944/3944
f 3944/3944/3944 3949/3949/3949 3950/3950/3950
f 3944/3944/3944 3950/3950/3950 3951/3951/3951
f 3944/3944/3944 3951/3951/3951 3952/3952/3952
f 3952/3952/3952 3953/3953/3953 3944/3944/3944
f 3953/3953/3953 3952/3952/3952 3954/3954/3954
f 3954/3954/3954 3955/3955/3955 3953/3953/3953
f 3952/3952/3952 3956/3956/3956 3954/3954/3954
f 3959/3959/3959 3958/3958/3958 3957/3957/3957
f 3960/3960/3960 3959/3959/3959 3957/3957/3957
f 3960/3960/3960 3957/3957/3957 3961/3961/3961
f 3962/3962/3962 3960/3960/3960 3961/3961/3961
f 3961/3961/3961 3957/3957/3957 3963/3963/3963
f 3964/3964/3964 3961/3961/3961 3963/3963/3963
f 3965/3965/3965 3964/3964/3964 3963/3963/3963
f 3966/3966/3966 3965/3965/3965 3963/3963/3963
f 3969/3969/3969 3968/3968/3968 3967/3967/3967
f 3970/3970/3970 3969/3969/3969 3967/3967/3967
f 3973/3973/3973 3972/3972/3972 3971/3971/3971
f 3974/3974/3974 3973/3973/3973 3971/3971/3971
f 3973/3973/3973 3974/3974/3974 3975/3975/3975
f 3974/3974/3974 3976/3976/3976 3975/3975/3975
f 3975/3975/3975 3976/3976/3976 3977/3977/3977
f 3976/3976/3976 3978/3978/3978 3977/3977/3977
f 3978/3978/3978 3976/3976/3976 3979/3979/3979
f 3976/3976/3976 3980/3980/3980 3979/3979/3979
f 3983/3983/3983 3982/3982/3982 3981/3981/3981
f 3982/3982/3982 3984/3984/3984 3981/3981/3981
f 3981/3981/3981 3984/3984/3984 3985/3985/3985
f 3986/3986/3986 3981/3981/3981 3985/3985/3985
f 3987/3987/3987 3985/3985/3985 3984/3984/3984
f 3988/3988/3988 3984/3984/3984 3982/3982/3982
f 3988/3988/3988 3987/3987/3987 3984/3984/3984
f 3989/3989/3989 3987/3987/3987 3988/3988/3988
f 3990/3990/3990 3988/3988/3988 3982/3982/3982
f 3991/3991/3991 3989/3989/3989 3988/3988/3988
f 3991/3991/3991 3988/3988/3988 3990/3990/3990
f 3992/3992/3992 3991/3991/3991 3990/3990/3990
f 3995/3995/3995 3994/3994/3994 3993/3993/3993
f 3996/3996/3996 3995/3995/3995 3993/3993/3993
f 3996/3996/3996 3993/3993/3993 3997/3997/3997
f 3998/3998/3998 3996/3996/3996 3997/3997/3997
f 4001/4001/4001 4000/4000/4000 3999/3999/3999
f 4000/4000/4000 4002/4002/4002 3999/3999/3999
f 4000/4000/4000 4003/4003/4003 4002/4002/4002
f 4003/4003/4003 4004/4004/4004 4002/4002/4002
f 4007/4007/4007 4006/4006/4006 4005/4005/4005
f 4008/4008/4008 4007/4007/4007 4005/4005/4005
f 4009/4009/4009 4007/4007/4007 4008/4008/4008
f 4010/4010/4010 4009/4009/4009 4008/4008/4008
f 4013/4013/4013 4012/4012/4012 4011/4011/4011
f 4012/4012/4012 4014/4014/4014 4011/4011/4011
f 4012/4012/4012 4015/4015/4015 4014/4014/4014
f 4011/4011/4011 4014/4014/4014 4016/4016/4016
f 4015/4015/4015 4017/4017/4017 4014/4014/4014
f 4014/4014/4014 4018/4018/4018 4016/4016/4016
f 4014/4014/4014 4017/4017/4017 4018/4018/4018
f 4019/4019/4019 4016/4016/4016 4018/4018/4018
f 4017/4017/4017 4020/4020/4020 4018/4018/4018
f 4021/4021/4021 4019/4019/4019 4018/4018/4018
f 4021/4021/4021 4018/4018/4018 4020/4020/4020
f 4022/4022/4022 4021/4021/4021 4020/4020/4020
f 4025/4025/4025 4024/4024/4024 4023/4023/4023
f 4026/4026/4026 4025/4025/4025 4023/4023/4023
f 4026/4026/4026 4023/4023/4023 4027/4027/4027
f 4023/4023/4023 4028/4028/4028 4027/4027/4027
f 4031/4031/4031 4030/4030/4030 4029/4029/4029
f 4032/4032/4032 4031/4031/4031 4029/4029/4029
f 4032/4032/4032 4033/4033/4033 4031/4031/4031
f 4033/4033/4033 4034/4034/4034 4031/4031/4031
f 4037/4037/4037 4036/4036/4036 4035/4035/4035
f 4038/4038/4038 4037/4037/4037 4035/4035/4035
f 4039/4039/4039 4037/4037/4037 4038/4038/4038
f 4040/4040/4040 4039/4039/4039 4038/4038/4038
f 4043/4043/4043 4042/4042/4042 4041/4041/4041
f 4042/4042/4042 4044/4044/4044 4041/4041/4041
f 4042/4042/4042 4045/4045/4045 4044/4044/4044
f 4045/4045/4045 4046/4046/4046 4044/4044/4044
f 4045/4045/4045 4047/4047/4047 4046/4046/4046
f 4047/4047/4047 4048/4048/4048 4046/4046/4046
f 4047/4047/4047 4049/4049/4049 4048/4048/4048
f 4049/4049/4049 4050/4050/4050 4048/4048/4048
f 4049/4049/4049 4051/4051/4051 4050/4050/4050
f 4051/4051/4051 4052/4052/4052 4050/4050/4050
f 4051/4051/4051 4053/4053/4053 4052/4052/4052
f 4053/4053/4053 4054/4054/4054 4052/4052/4052
f 4053/4053/4053 4055/4055/4055 4054/4054/4054
f 4055/4055/4055 4056/4056/4056 4054/4054/4054
f 4055/4055/4055 4057/4057/4057 4056/4056/4056
f 4057/4057/4057 4058/4058/4058 4056/4056/4056
f 4061/4061/4061 4060/4060/4060 4059/4059/4059
f 4062/4062/4062 4061/4061/4061 4059/4059/4059
f 4062/4062/4062 4059/4059/4059 4063/4063/4063
f 4064/4064/4064 4062/4062/4062 4063/4063/4063
f 4067/4067/4067 4066/4066/4066 4065/4065/4065
f 4068/4068/4068 4067/4067/4067 4065/4065/4065
f 4068/4068/4068 4065/4065/4065 4069/4069/4069
f 4070/4070/4070 4068/4068/4068 4069/4069/4069
f 4070/4070/4070 4069/4069/4069 4071/4071/4071
f 4072/4072/4072 4070/4070/4070 4071/4071/4071
f 4072/4072/4072 4071/4071/4071 4073/4073/4073
f 4074/4074/4074 4072/4072/4072 4073/4073/4073
f 4074/4074/4074 4073/4073/4073 4075/4075/4075
f 4076/4076/4076 4074/4074/4074 4075/4075/4075
f 4076/4076/4076 4075/4075/4075 4077/4077/4077
f 4078/4078/4078 4076/4076/4076 4077/4077/4077
f 4078/4078/4078 4077/4077/4077 4079/4079/4079
f 4080/4080/4080 4078/4078/4078 4079/4079/4079
f 4080/4080/4080 4079/4079/4079 4081/4081/4081
f 4082/4082/4082 4080/4080/4080 4081/4081/4081
f 4085/4085/4085 4084/4084/4084 4083/4083/4083
f 4086/4086/4086 4085/4085/4085 4083/4083/4083
f 4086/4086/4086 4083/4083/4083 4087/4087/4087
f 4088/4088/4088 4086/4086/4086 4087/4087/4087
f 4091/4091/4091 4090/4090/4090 4089/4089/4089
f 4090/4090/4090 4092/4092/4092 4089/4089/4089
f 4090/4090/4090 4093/4093/4093 4092/4092/4092
f 4093/4093/4093 4094/4094/4094 4092/4092/4092
f 4093/4093/4093 4095/4095/4095 4094/4094/4094
f 4095/4095/4095 4096/4096/4096 4094/4094/4094
f 4095/4095/4095 4097/4097/4097 4096/4096/4096
f 4097/4097/4097 4098/4098/4098 4096/4096/4096
f 4097/4097/4097 4099/4099/4099 4098/4098/4098
f 4099/4099/4099 4100/4100/4100 4098/4098/4098
f 4099/4099/4099 4101/4101/4101 4100/4100/4100
f 4101/4101/4101 4102/4102/4102 4100/4100/4100
f 4101/4101/4101 4103/4103/4103 4102/4102/4102
f 4103/4103/4103 4104/4104/4104 4102/4102/4102
f 4103/4103/4103 4105/4105/4105 4104/4104/4104
f 4105/4105/4105 4106/4106/4106 4104/4104/4104
f 4109/4109/4109 4108/4108/4108 4107/4107/4107
f 4110/4110/4110 4109/4109/4109 4107/4107/4107
f 4110/4110/4110 4107/4107/4107 4111/4111/4111
f 4112/4112/4112 4110/4110/4110 4111/4111/4111
f 4115/4115/4115 4114/4114/4114 4113/4113/4113
f 4116/4116/4116 4115/4115/4115 4113/4113/4113
f 4116/4116/4116 4113/4113/4113 4117/4117/4117
f 4118/4118/4118 4116/4116/4116 4117/4117/4117
f 4121/4121/4121 4120/4120/4120 4119/4119/4119
f 4122/4122/4122 4121/4121/4121 4119/4119/4119
f 4122/4122/4122 4119/4119/4119 4123/4123/4123
f 4124/4124/4124 4122/4122/4122 4123/4123/4123
f 4127/4127/4127 4126/4126/4126 4125/4125/4125
f 4128/4128/4128 4127/4127/4127 4125/4125/4125
f 4128/4128/4128 4125/4125/4125 4129/4129/4129
f 4130/4130/4130 4128/4128/4128 4129/4129/4129
f 4133/4133/4133 4132/4132/4132 4131/4131/4131
f 4134/4134/4134 4133/4133/4133 4131/4131/4131
f 4134/4134/4134 4131/4131/4131 4135/4135/4135
f 4136/4136/4136 4134/4134/4134 4135/4135/4135
f 4136/4136/4136 4135/4135/4135 4137/4137/4137
f 4138/4138/4138 4136/4136/4136 4137/4137/4137
f 4138/4138/4138 4137/4137/4137 4139/4139/4139
f 4140/4140/4140 4138/4138/4138 4139/4139/4139
f 4143/4143/4143 4142/4142/4142 4141/4141/4141
f 4144/4144/4144 4143/4143/4143 4141/4141/4141
f 4144/4144/4144 4141/4141/4141 4145/4145/4145
f 4146/4146/4146 4144/4144/4144 4145/4145/4145
f 4146/4146/4146 4145/4145/4145 4147/4147/4147
f 4148/4148/4148 4146/4146/4146 4147/4147/4147
f 4148/4148/4148 4147/4147/4147 4149/4149/4149
f 4150/4150/4150 4148/4148/4148 4149/4149/4149
f 4153/4153/4153 4152/4152/4152 4151/4151/4151
f 4154/4154/4154 4153/4153/4153 4151/4151/4151
f 4154/4154/4154 4151/4151/4151 4155/4155/4155
f 4156/4156/4156 4154/4154/4154 4155/4155/4155
f 4156/4156/4156 4155/4155/4155 4157/4157/4157
f 4158/4158/4158 4156/4156/4156 4157/4157/4157
f 4158/4158/4158 4157/4157/4157 4159/4159/4159
f 4160/4160/4160 4158/4158/4158 4159/4159/4159
f 4163/4163/4163 4162/4162/4162 4161/4161/4161
f 4161/4161/4161 4164/4164/4164 4163/4163/4163
f 4161/4161/4161 4165/4165/4165 4164/4164/4164
f 4165/4165/4165 4166/4166/4166 4164/4164/4164
f 4165/4165/4165 4167/4167/4167 4166/4166/4166
f 4167/4167/4167 4168/4168/4168 4166/4166/4166
f 4167/4167/4167 4169/4169/4169 4168/4168/4168
f 4172/4172/4172 4171/4171/4171 4170/4170/4170
f 4172/4172/4172 4170/4170/4170 4173/4173/4173
f 4170/4170/4170 4174/4174/4174 4173/4173/4173
f 4174/4174/4174 4175/4175/4175 4173/4173/4173
f 4173/4173/4173 4176/4176/4176 4172/4172/4172
f 4172/4172/4172 4176/4176/4176 4177/4177/4177
f 4176/4176/4176 4178/4178/4178 4177/4177/4177
f 4177/4177/4177 4178/4178/4178 4179/4179/4179
f 4180/4180/4180 4177/4177/4177 4179/4179/4179
f 4183/4183/4183 4182/4182/4182 4181/4181/4181
f 4182/4182/4182 4184/4184/4184 4181/4181/4181
f 4185/4185/4185 4181/4181/4181 4184/4184/4184
f 4186/4186/4186 4184/4184/4184 4182/4182/4182
f 4187/4187/4187 4186/4186/4186 4182/4182/4182
f 4186/4186/4186 4187/4187/4187 4188/4188/4188
f 4189/4189/4189 4185/4185/4185 4184/4184/4184
f 4189/4189/4189 4184/4184/4184 4186/4186/4186
f 4190/4190/4190 4185/4185/4185 4189/4189/4189
f 4191/4191/4191 4190/4190/4190 4189/4189/4189
f 4191/4191/4191 4189/4189/4189 4192/4192/4192
f 4192/4192/4192 4189/4189/4189 4186/4186/4186
f 4193/4193/4193 4191/4191/4191 4192/4192/4192
f 4194/4194/4194 4186/4186/4186 4188/4188/4188
f 4192/4192/4192 4186/4186/4186 4194/4194/4194
f 4188/4188/4188 4195/4195/4195 4194/4194/4194
f 4195/4195/4195 4196/4196/4196 4194/4194/4194
f 4193/4193/4193 4192/4192/4192 4197/4197/4197
f 4197/4197/4197 4192/4192/4192 4194/4194/4194
f 4197/4197/4197 4194/4194/4194 4196/4196/4196
f 4198/4198/4198 4193/4193/4193 4197/4197/4197
f 4199/4199/4199 4197/4197/4197 4196/4196/4196
f 4198/4198/4198 4197/4197/4197 4199/4199/4199
f 4200/4200/4200 4198/4198/4198 4199/4199/4199
f 4203/4203/4203 4202/4202/4202 4201/4201/4201
f 4202/4202/4202 4204/4204/4204 4201/4201/4201
f 4205/4205/4205 4204/4204/4204 4202/4202/4202
f 4205/4205/4205 4202/4202/4202 4206/4206/4206
f 4206/4206/4206 4207/4207/4207 4205/4205/4205
f 4208/4208/4208 4205/4205/4205 4207/4207/4207
f 4209/4209/4209 4208/4208/4208 4207/4207/4207
f 4209/4209/4209 4210/4210/4210 4208/4208/4208
f 4210/4210/4210 4211/4211/4211 4208/4208/4208
f 4214/4214/4214 4213/4213/4213 4212/4212/4212
f 4213/4213/4213 4215/4215/4215 4212/4212/4212
f 4215/4215/4215 4216/4216/4216 4212/4212/4212
f 4216/4216/4216 4217/4217/4217 4212/4212/4212
f 4217/4217/4217 4216/4216/4216 4218/4218/4218
f 4216/4216/4216 4219/4219/4219 4218/4218/4218
f 4218/4218/4218 4219/4219/4219 4220/4220/4220
f 4219/4219/4219 4221/4221/4221 4220/4220/4220
f 4224/4224/4224 4223/4223/4223 4222/4222/4222
f 4223/4223/4223 4225/4225/4225 4222/4222/4222
f 4223/4223/4223 4226/4226/4226 4225/4225/4225
f 4226/4226/4226 4227/4227/4227 4225/4225/4225
f 4226/4226/4226 4228/4228/4228 4227/4227/4227
f 4228/4228/4228 4229/4229/4229 4227/4227/4227
f 4228/4228/4228 4230/4230/4230 4229/4229/4229
f 4230/4230/4230 4231/4231/4231 4229/4229/4229
f 4230/4230/4230 4232/4232/4232 4231/4231/4231
f 4232/4232/4232 4233/4233/4233 4231/4231/4231
f 4232/4232/4232 4234/4234/4234 4233/4233/4233
f 4234/4234/4234 4235/4235/4235 4233/4233/4233
f 4234/4234/4234 4236/4236/4236 4235/4235/4235
f 4236/4236/4236 4237/4237/4237 4235/4235/4235
f 4236/4236/4236 4238/4238/4238 4237/4237/4237
f 4238/4238/4238 4239/4239/4239 4237/4237/4237
f 4242/4242/4242 4241/4241/4241 4240/4240/4240
f 4241/4241/4241 4243/4243/4243 4240/4240/4240
f 4241/4241/4241 4244/4244/4244 4243/4243/4243
f 4244/4244/4244 4245/4245/4245 4243/4243/4243
f 4248/4248/4248 4247/4247/4247 4246/4246/4246
f 4246/4246/4246 4249/4249/4249 4248/4248/4248
f 4248/4248/4248 4249/4249/4249 4250/4250/4250
f 4250/4250/4250 4249/4249/4249 4251/4251/4251
f 4252/4252/4252 4250/4250/4250 4251/4251/4251
f 4250/4250/4250 4253/4253/4253 4248/4248/4248
f 4253/4253/4253 4254/4254/4254 4248/4248/4248
f 4257/4257/4257 4256/4256/4256 4255/4255/4255
f 4258/4258/4258 4257/4257/4257 4255/4255/4255
f 4258/4258/4258 4255/4255/4255 4259/4259/4259
f 4260/4260/4260 4258/4258/4258 4259/4259/4259
f 4260/4260/4260 4259/4259/4259 4261/4261/4261
f 4262/4262/4262 4260/4260/4260 4261/4261/4261
f 4262/4262/4262 4261/4261/4261 4263/4263/4263
f 4264/4264/4264 4262/4262/4262 4263/4263/4263
f 4267/4267/4267 4266/4266/4266 4265/4265/4265
f 4265/4265/4265 4268/4268/4268 4267/4267/4267
f 4268/4268/4268 4269/4269/4269 4267/4267/4267
f 4268/4268/4268 4270/4270/4270 4269/4269/4269
f 4270/4270/4270 4271/4271/4271 4269/4269/4269
f 4270/4270/4270 4272/4272/4272 4271/4271/4271
f 4272/4272/4272 4273/4273/4273 4271/4271/4271
f 4276/4276/4276 4275/4275/4275 4274/4274/4274
f 4277/4277/4277 4276/4276/4276 4274/4274/4274
f 4274/4274/4274 4278/4278/4278 4277/4277/4277
f 4279/4279/4279 4277/4277/4277 4278/4278/4278
f 4280/4280/4280 4279/4279/4279 4278/4278/4278
f 4283/4283/4283 4282/4282/4282 4281/4281/4281
f 4281/4281/4281 4284/4284/4284 4283/4283/4283
f 4284/4284/4284 4285/4285/4285 4283/4283/4283
f 4284/4284/4284 4286/4286/4286 4285/4285/4285
f 4286/4286/4286 4287/4287/4287 4285/4285/4285
f 4287/4287/4287 4288/4288/4288 4285/4285/4285
f 4288/4288/4288 4289/4289/4289 4285/4285/4285
f 4289/4289/4289 4290/4290/4290 4285/4285/4285
f 4293/4293/4293 4292/4292/4292 4291/4291/4291
f 4292/4292/4292 4294/4294/4294 4291/4291/4291
f 4291/4291/4291 4294/4294/4294 4295/4295/4295
f 4294/4294/4294 4296/4296/4296 4295/4295/4295
f 4299/4299/4299 4298/4298/4298 4297/4297/4297
f 4298/4298/4298 4300/4300/4300 4297/4297/4297
f 4297/4297/4297 4300/4300/4300 4301/4301/4301
f 4300/4300/4300 4302/4302/4302 4301/4301/4301
f 4301/4301/4301 4302/4302/4302 4303/4303/4303
f 4302/4302/4302 4304/4304/4304 4303/4303/4303
f 4303/4303/4303 4304/4304/4304 4305/4305/4305
f 4304/4304/4304 4306/4306/4306 4305/4305/4305
f 4309/4309/4309 4308/4308/4308 4307/4307/4307
f 4308/4308/4308 4310/4310/4310 4307/4307/4307
f 4311/4311/4311 4307/4307/4307 4310/4310/4310
f 4312/4312/4312 4311/4311/4311 4310/4310/4310
f 4313/4313/4313 4311/4311/4311 4312/4312/4312
f 4314/4314/4314 4313/4313/4313 4312/4312/4312
f 4315/4315/4315 4313/4313/4313 4314/4314/4314
f 4316/4316/4316 4315/4315/4315 4314/4314/4314
f 4317/4317/4317 4315/4315/4315 4316/4316/4316
f 4318/4318/4318 4317/4317/4317 4316/4316/4316
f 4321/4321/4321 4320/4320/4320 4319/4319/4319
f 4320/4320/4320 4322/4322/4322 4319/4319/4319
f 4323/4323/4323 4322/4322/4322 4320/4320/4320
f 4324/4324/4324 4323/4323/4323 4320/4320/4320
f 4325/4325/4325 4323/4323/4323 4324/4324/4324
f 4326/4326/4326 4325/4325/4325 4324/4324/4324
f 4327/4327/4327 4325/4325/4325 4326/4326/4326
f 4328/4328/4328 4327/4327/4327 4326/4326/4326
f 4329/4329/4329 4327/4327/4327 4328/4328/4328
f 4330/4330/4330 4329/4329/4329 4328/4328/4328
f 4331/4331/4331 4329/4329/4329 4330/4330/4330
f 4332/4332/4332 4331/4331/4331 4330/4330/4330
f 4333/4333/4333 4331/4331/4331 4332/4332/4332
f 4334/4334/4334 4333/4333/4333 4332/4332/4332
f 4335/4335/4335 4333/4333/4333 4334/4334/4334
f 4336/4336/4336 4335/4335/4335 4334/4334/4334
f 4337/4337/4337 4335/4335/4335 4336/4336/4336
f 4338/4338/4338 4337/4337/4337 4336/4336/4336
f 4339/4339/4339 4337/4337/4337 4338/4338/4338
f 4340/4340/4340 4339/4339/4339 4338/4338/4338
f 4341/4341/4341 4339/4339/4339 4340/4340/4340
f 4342/4342/4342 4341/4341/4341 4340/4340/4340
f 4341/4341/4341 4342/4342/4342 4343/4343/4343
f 4342/4342/4342 4344/4344/4344 4343/4343/4343
f 4343/4343/4343 4344/4344/4344 4345/4345/4345
f 4348/4348/4348 4347/4347/4347 4346/4346/4346
f 4349/4349/4349 4348/4348/4348 4346/4346/4346
f 4350/4350/4350 4348/4348/4348 4349/4349/4349
f 4351/4351/4351 4350/4350/4350 4349/4349/4349
f 4352/4352/4352 4350/4350/4350 4351/4351/4351
f 4353/4353/4353 4352/4352/4352 4351/4351/4351
f 4354/4354/4354 4352/4352/4352 4353/4353/4353
f 4355/4355/4355 4354/4354/4354 4353/4353/4353
f 4358/4358/4358 4357/4357/4357 4356/4356/4356
f 4359/4359/4359 4358/4358/4358 4356/4356/4356
f 4360/4360/4360 4358/4358/4358 4359/4359/4359
f 4361/4361/4361 4360/4360/4360 4359/4359/4359
f 4360/4360/4360 4361/4361/4361 4362/4362/4362
f 4363/4363/4363 4360/4360/4360 4362/4362/4362
f 4366/4366/4366 4365/4365/4365 4364/4364/4364
f 4367/4367/4367 4366/4366/4366 4364/4364/4364
f 4370/4370/4370 4369/4369/4369 4368/4368/4368
f 4369/4369/4369 4371/4371/4371 4368/4368/4368
f 4368/4368/4368 4371/4371/4371 4372/4372/4372
f 4371/4371/4371 4373/4373/4373 4372/4372/4372
f 4372/4372/4372 4373/4373/4373 4374/4374/4374
f 4373/4373/4373 4375/4375/4375 4374/4374/4374
f 4378/4378/4378 4377/4377/4377 4376/4376/4376
f 4377/4377/4377 4379/4379/4379 4376/4376/4376
f 4376/4376/4376 4379/4379/4379 4380/4380/4380
f 4379/4379/4379 4381/4381/4381 4380/4380/4380
f 4380/4380/4380 4381/4381/4381 4382/4382/4382
f 4381/4381/4381 4383/4383/4383 4382/4382/4382
f 4382/4382/4382 4383/4383/4383 4384/4384/4384
f 4383/4383/4383 4385/4385/4385 4384/4384/4384
f 4388/4388/4388 4387/4387/4387 4386/4386/4386
f 4387/4387/4387 4389/4389/4389 4386/4386/4386
f 4386/4386/4386 4389/4389/4389 4390/4390/4390
f 4389/4389/4389 4391/4391/4391 4390/4390/4390
f 4390/4390/4390 4391/4391/4391 4392/4392/4392
f 4391/4391/4391 4393/4393/4393 4392/4392/4392
f 4392/4392/4392 4393/4393/4393 4394/4394/4394
f 4393/4393/4393 4395/4395/4395 4394/4394/4394
f 4398/4398/4398 4397/4397/4397 4396/4396/4396
f 4399/4399/4399 4398/4398/4398 4396/4396/4396
f 4402/4402/4402 4401/4401/4401 4400/4400/4400
f 4403/4403/4403 4402/4402/4402 4400/4400/4400
f 4404/4404/4404 4402/4402/4402 4403/4403/4403
f 4405/4405/4405 4404/4404/4404 4403/4403/4403
f 4406/4406/4406 4404/4404/4404 4405/4405/4405
f 4407/4407/4407 4406/4406/4406 4405/4405/4405
f 4408/4408/4408 4406/4406/4406 4407/4407/4407
f 4409/4409/4409 4408/4408/4408 4407/4407/4407
f 4410/4410/4410 4408/4408/4408 4409/4409/4409
f 4411/4411/4411 4410/4410/4410 4409/4409/4409
f 4411/4411/4411 4412/4412/4412 4410/4410/4410
f 4412/4412/4412 4413/4413/4413 4410/4410/4410
f 4416/4416/4416 4415/4415/4415 4414/4414/4414
f 4415/4415/4415 4417/4417/4417 4414/4414/4414
f 4418/4418/4418 4417/4417/4417 4415/4415/4415
f 4419/4419/4419 4418/4418/4418 4415/4415/4415
f 4420/4420/4420 4418/4418/4418 4419/4419/4419
f 4421/4421/4421 4420/4420/4420 4419/4419/4419
f 4422/4422/4422 4420/4420/4420 4421/4421/4421
f 4423/4423/4423 4422/4422/4422 4421/4421/4421
f 4424/4424/4424 4422/4422/4422 4423/4423/4423
f 4425/4425/4425 4424/4424/4424 4423/4423/4423
f 4428/4428/4428 4427/4427/4427 4426/4426/4426
f 4429/4429/4429 4428/4428/4428 4426/4426/4426
f 4432/4432/4432 4431/4431/4431 4430/4430/4430
f 4433/4433/4433 4432/4432/4432 4430/4430/4430
f 4436/4436/4436 4435/4435/4435 4434/4434/4434
f 4435/4435/4435 4437/4437/4437 4434/4434/4434
f 4434/4434/4434 4437/4437/4437 4438/4438/4438
f 4437/4437/4437 4439/4439/4439 4438/4438/4438
f 4438/4438/4438 4439/4439/4439 4440/4440/4440
f 4439/4439/4439 4441/4441/4441 4440/4440/4440
f 4440/4440/4440 4441/4441/4441 4442/4442/4442
f 4443/4443/4443 4440/4440/4440 4442/4442/4442
f 4446/4446/4446 4445/4445/4445 4444/4444/4444
f 4447/4447/4447 4446/4446/4446 4444/4444/4444
f 4450/4450/4450 4449/4449/4449 4448/4448/4448
f 4451/4451/4451 4450/4450/4450 4448/4448/4448
f 4454/4454/4454 4453/4453/4453 4452/4452/4452
f 4455/4455/4455 4454/4454/4454 4452/4452/4452
f 4458/4458/4458 4457/4457/4457 4456/4456/4456
f 4459/4459/4459 4458/4458/4458 4456/4456/4456
f 4462/4462/4462 4461/4461/4461 4460/4460/4460
f 4463/4463/4463 4462/4462/4462 4460/4460/4460
f 4466/4466/4466 4465/4465/4465 4464/4464/4464
f 4467/4467/4467 4466/4466/4466 4464/4464/4464
f 4470/4470/4470 4469/4469/4469 4468/4468/4468
f 4471/4471/4471 4470/4470/4470 4468/4468/4468
f 4474/4474/4474 4473/4473/4473 4472/4472/4472
f 4475/4475/4475 4474/4474/4474 4472/4472/4472
f 4478/4478/4478 4477/4477/4477 4476/4476/4476
f 4479/4479/4479 4478/4478/4478 4476/4476/4476
f 4482/4482/4482 4481/4481/4481 4480/4480/4480
f 4482/4482/4482 4480/4480/4480 4483/4483/4483
f 4484/4484/4484 4482/4482/4482 4483/4483/4483
f 4485/4485/4485 4484/4484/4484 4483/4483/4483
f 4483/4483/4483 4486/4486/4486 4485/4485/4485
f 4485/4485/4485 4486/4486/4486 4487/4487/4487
f 4487/4487/4487 4488/4488/4488 4485/4485/4485
f 4487/4487/4487 4489/4489/4489 4488/4488/4488
f 4489/4489/4489 4487/4487/4487 4490/4490/4490
f 4490/4490/4490 4491/4491/4491 4489/4489/4489
f 4490/4490/4490 4492/4492/4492 4491/4491/4491
f 4490/4490/4490 4493/4493/4493 4492/4492/4492
f 4493/4493/4493 4494/4494/4494 4492/4492/4492
f 4493/4493/4493 4495/4495/4495 4494/4494/4494
f 4495/4495/4495 4493/4493/4493 4496/4496/4496
f 4493/4493/4493 4497/4497/4497 4496/4496/4496
f 4493/4493/4493 4490/4490/4490 4497/4497/4497
f 4490/4490/4490 4498/4498/4498 4497/4497/4497
f 4498/4498/4498 4499/4499/4499 4497/4497/4497
f 4499/4499/4499 4500/4500/4500 4497/4497/4497
f 4503/4503/4503 4502/4502/4502 4501/4501/4501
f 4504/4504/4504 4503/4503/4503 4501/4501/4501
f 4504/4504/4504 4501/4501/4501 4505/4505/4505
f 4504/4504/4504 4505/4505/4505 4506/4506/4506
f 4506/4506/4506 4507/4507/4507 4504/4504/4504
f 4508/4508/4508 4507/4507/4507 4506/4506/4506
f 4506/4506/4506 4509/4509/4509 4508/4508/4508
f 4509/4509/4509 4510/4510/4510 4508/4508/4508
f 4511/4511/4511 4508/4508/4508 4510/4510/4510
f 4510/4510/4510 4512/4512/4512 4511/4511/4511
f 4512/4512/4512 4513/4513/4513 4511/4511/4511
f 4513/4513/4513 4514/4514/4514 4511/4511/4511
f 4513/4513/4513 4515/4515/4515 4514/4514/4514
f 4515/4515/4515 4516/4516/4516 4514/4514/4514
f 4511/4511/4511 4514/4514/4514 4517/4517/4517
f 4514/4514/4514 4516/4516/4516 4517/4517/4517
f 4516/4516/4516 4518/4518/4518 4517/4517/4517
f 4519/4519/4519 4511/4511/4511 4517/4517/4517
f 4519/4519/4519 4517/4517/4517 4520/4520/4520
f 4521/4521/4521 4519/4519/4519 4520/4520/4520
f 4524/4524/4524 4523/4523/4523 4522/4522/4522
f 4525/4525/4525 4524/4524/4524 4522/4522/4522
f 4524/4524/4524 4525/4525/4525 4526/4526/4526
f 4525/4525/4525 4527/4527/4527 4526/4526/4526
f 4530/4530/4530 4529/4529/4529 4528/4528/4528
f 4531/4531/4531 4530/4530/4530 4528/4528/4528
f 4534/4534/4534 4533/4533/4533 4532/4532/4532
f 4535/4535/4535 4534/4534/4534 4532/4532/4532
f 4538/4538/4538 4537/4537/4537 4536/4536/4536
f 4536/4536/4536 4539/4539/4539 4538/4538/4538
f 4540/4540/4540 4538/4538/4538 4539/4539/4539
f 4539/4539/4539 4536/4536/4536 4541/4541/4541
f 4542/4542/4542 4540/4540/4540 4539/4539/4539
f 4539/4539/4539 4541/4541/4541 4543/4543/4543
f 4539/4539/4539 4544/4544/4544 4542/4542/4542
f 4543/4543/4543 4544/4544/4544 4539/4539/4539
f 4544/4544/4544 4543/4543/4543 4545/4545/4545
f 4544/4544/4544 4545/4545/4545 4546/4546/4546
f 4546/4546/4546 4547/4547/4547 4544/4544/4544
f 4547/4547/4547 4546/4546/4546 4548/4548/4548
f 4547/4547/4547 4548/4548/4548 4549/4549/4549
f 4549/4549/4549 4550/4550/4550 4547/4547/4547
f 4551/4551/4551 4550/4550/4550 4549/4549/4549
f 4549/4549/4549 4552/4552/4552 4551/4551/4551
f 4552/4552/4552 4553/4553/4553 4551/4551/4551
f 4554/4554/4554 4551/4551/4551 4553/4553/4553
f 4555/4555/4555 4554/4554/4554 4553/4553/4553
f 4558/4558/4558 4557/4557/4557 4556/4556/4556
f 4559/4559/4559 4558/4558/4558 4556/4556/4556
f 4562/4562/4562 4561/4561/4561 4560/4560/4560
f 4563/4563/4563 4562/4562/4562 4560/4560/4560
f 4563/4563/4563 4560/4560/4560 4564/4564/4564
f 4563/4563/4563 4564/4564/4564 4565/4565/4565
f 4565/4565/4565 4566/4566/4566 4563/4563/4563
f 4567/4567/4567 4566/4566/4566 4565/4565/4565
f 4565/4565/4565 4568/4568/4568 4567/4567/4567
f 4568/4568/4568 4569/4569/4569 4567/4567/4567
f 4570/4570/4570 4567/4567/4567 4569/4569/4569
f 4569/4569/4569 4571/4571/4571 4570/4570/4570
f 4571/4571/4571 4572/4572/4572 4570/4570/4570
f 4573/4573/4573 4570/4570/4570 4572/4572/4572
f 4572/4572/4572 4574/4574/4574 4573/4573/4573
f 4574/4574/4574 4575/4575/4575 4573/4573/4573
f 4573/4573/4573 4575/4575/4575 4576/4576/4576
f 4570/4570/4570 4573/4573/4573 4577/4577/4577
f 4578/4578/4578 4573/4573/4573 4576/4576/4576
f 4573/4573/4573 4578/4578/4578 4577/4577/4577
f 4579/4579/4579 4577/4577/4577 4578/4578/4578
f 4580/4580/4580 4579/4579/4579 4578/4578/4578
f 4583/4583/4583 4582/4582/4582 4581/4581/4581
f 4584/4584/4584 4583/4583/4583 4581/4581/4581
f 4583/4583/4583 4584/4584/4584 4585/4585/4585
f 4584/4584/4584 4586/4586/4586 4585/4585/4585
f 4589/4589/4589 4588/4588/4588 4587/4587/4587
f 4590/4590/4590 4589/4589/4589 4587/4587/4587
f 4593/4593/4593 4592/4592/4592 4591/4591/4591
f 4594/4594/4594 4593/4593/4593 4591/4591/4591
f 4597/4597/4597 4596/4596/4596 4595/4595/4595
f 4597/4597/4597 4595/4595/4595 4598/4598/4598
f 4599/4599/4599 4597/4597/4597 4598/4598/4598
f 4600/4600/4600 4598/4598/4598 4595/4595/4595
f 4601/4601/4601 4600/4600/4600 4595/4595/4595
f 4602/4602/4602 4598/4598/4598 4600/4600/4600
f 4602/4602/4602 4603/4603/4603 4598/4598/4598
f 4598/4598/4598 4604/4604/4604 4599/4599/4599
f 4603/4603/4603 4604/4604/4604 4598/4598/4598
f 4604/4604/4604 4605/4605/4605 4599/4599/4599
f 4603/4603/4603 4606/4606/4606 4604/4604/4604
f 4606/4606/4606 4607/4607/4607 4604/4604/4604
f 4608/4608/4608 4605/4605/4605 4604/4604/4604
f 4608/4608/4608 4604/4604/4604 4607/4607/4607
f 4607/4607/4607 4609/4609/4609 4608/4608/4608
f 4609/4609/4609 4610/4610/4610 4608/4608/4608
f 4613/4613/4613 4612/4612/4612 4611/4611/4611
f 4612/4612/4612 4614/4614/4614 4611/4611/4611
f 4612/4612/4612 4615/4615/4615 4614/4614/4614
f 4615/4615/4615 4616/4616/4616 4614/4614/4614
f 4619/4619/4619 4618/4618/4618 4617/4617/4617
f 4620/4620/4620 4619/4619/4619 4617/4617/4617
f 4621/4621/4621 4619/4619/4619 4620/4620/4620
f 4621/4621/4621 4622/4622/4622 4619/4619/4619
f 4623/4623/4623 4621/4621/4621 4620/4620/4620
f 4624/4624/4624 4623/4623/4623 4620/4620/4620
f 4625/4625/4625 4624/4624/4624 4620/4620/4620
f 4625/4625/4625 4620/4620/4620 4626/4626/4626
f 4626/4626/4626 4627/4627/4627 4625/4625/4625
f 4626/4626/4626 4628/4628/4628 4627/4627/4627
f 4626/4626/4626 4620/4620/4620 4629/4629/4629
f 4620/4620/4620 4630/4630/4630 4629/4629/4629
f 4626/4626/4626 4629/4629/4629 4631/4631/4631
f 4632/4632/4632 4626/4626/4626 4631/4631/4631
f 4628/4628/4628 4626/4626/4626 4632/4632/4632
f 4632/4632/4632 4633/4633/4633 4628/4628/4628
f 4632/4632/4632 4634/4634/4634 4633/4633/4633
f 4632/4632/4632 4635/4635/4635 4634/4634/4634
f 4635/4635/4635 4636/4636/4636 4634/4634/4634
f 4639/4639/4639 4638/4638/4638 4637/4637/4637
f 4638/4638/4638 4639/4639/4639 4640/4640/4640
f 4641/4641/4641 4638/4638/4638 4640/4640/4640
f 4641/4641/4641 4640/4640/4640 4642/4642/4642
f 4643/4643/4643 4638/4638/4638 4641/4641/4641
f 4644/4644/4644 4638/4638/4638 4643/4643/4643
f 4643/4643/4643 4645/4645/4645 4644/4644/4644
f 4641/4641/4641 4646/4646/4646 4643/4643/4643
f 4647/4647/4647 4644/4644/4644 4645/4645/4645
f 4645/4645/4645 4648/4648/4648 4647/4647/4647
f 4648/4648/4648 4649/4649/4649 4647/4647/4647
f 4649/4649/4649 4650/4650/4650 4647/4647/4647
f 4650/4650/4650 4649/4649/4649 4651/4651/4651
f 4651/4651/4651 4652/4652/4652 4650/4650/4650
f 4652/4652/4652 4653/4653/4653 4650/4650/4650
f 4654/4654/4654 4653/4653/4653 4652/4652/4652
f 4652/4652/4652 4655/4655/4655 4654/4654/4654
f 4654/4654/4654 4655/4655/4655 4656/4656/4656
f 4657/4657/4657 4654/4654/4654 4656/4656/4656
f 4658/4658/4658 4646/4646/4646 4641/4641/4641
f 4657/4657/4657 4656/4656/4656 4658/4658/4658
f 4641/4641/4641 4657/4657/4657 4658/4658/4658
f 4657/4657/4657 4641/4641/4641 4642/4642/4642
f 4657/4657/4657 4642/4642/4642 4659/4659/4659
f 4662/4662/4662 4661/4661/4661 4660/4660/4660
f 4663/4663/4663 4662/4662/4662 4660/4660/4660
f 4660/4660/4660 4664/4664/4664 4663/4663/4663
f 4663/4663/4663 4664/4664/4664 4665/4665/4665
f 4666/4666/4666 4662/4662/4662 4663/4663/4663
f 4666/4666/4666 4667/4667/4667 4662/4662/4662
f 4663/4663/4663 4668/4668/4668 4666/4666/4666
f 4663/4663/4663 4669/4669/4669 4668/4668/4668
f 4670/4670/4670 4663/4663/4663 4665/4665/4665
f 4663/4663/4663 4670/4670/4670 4669/4669/4669
f 4670/4670/4670 4665/4665/4665 4671/4671/4671
f 4672/4672/4672 4670/4670/4670 4671/4671/4671
f 4669/4669/4669 4670/4670/4670 4673/4673/4673
f 4674/4674/4674 4673/4673/4673 4670/4670/4670
f 4670/4670/4670 4672/4672/4672 4674/4674/4674
f 4672/4672/4672 4675/4675/4675 4674/4674/4674
f 4672/4672/4672 4676/4676/4676 4675/4675/4675
f 4672/4672/4672 4677/4677/4677 4676/4676/4676
f 4672/4672/4672 4678/4678/4678 4677/4677/4677
f 4678/4678/4678 4679/4679/4679 4677/4677/4677
f 4678/4678/4678 4672/4672/4672 4680/4680/4680
f 4672/4672/4672 4681/4681/4681 4680/4680/4680
f 4684/4684/4684 4683/4683/4683 4682/4682/4682
f 4685/4685/4685 4684/4684/4684 4682/4682/4682
f 4682/4682/4682 4686/4686/4686 4685/4685/4685
f 4685/4685/4685 4686/4686/4686 4687/4687/4687
f 4686/4686/4686 4688/4688/4688 4687/4687/4687
f 4691/4691/4691 4690/4690/4690 4689/4689/4689
f 4689/4689/4689 4692/4692/4692 4691/4691/4691
f 4692/4692/4692 4693/4693/4693 4691/4691/4691
f 4696/4696/4696 4695/4695/4695 4694/4694/4694
f 4694/4694/4694 4697/4697/4697 4696/4696/4696
f 4697/4697/4697 4698/4698/4698 4696/4696/4696
f 4697/4697/4697 4699/4699/4699 4698/4698/4698
f 4702/4702/4702 4701/4701/4701 4700/4700/4700
f 4703/4703/4703 4702/4702/4702 4700/4700/4700
f 4703/4703/4703 4700/4700/4700 4704/4704/4704
f 4704/4704/4704 4705/4705/4705 4703/4703/4703
f 4704/4704/4704 4706/4706/4706 4705/4705/4705
f 4709/4709/4709 4708/4708/4708 4707/4707/4707
f 4707/4707/4707 4710/4710/4710 4709/4709/4709
f 4710/4710/4710 4711/4711/4711 4709/4709/4709
f 4714/4714/4714 4713/4713/4713 4712/4712/4712
f 4715/4715/4715 4714/4714/4714 4712/4712/4712
f 4718/4718/4718 4717/4717/4717 4716/4716/4716
f 4717/4717/4717 4719/4719/4719 4716/4716/4716
f 4716/4716/4716 4719/4719/4719 4720/4720/4720
f 4721/4721/4721 4716/4716/4716 4720/4720/4720
f 4720/4720/4720 4722/4722/4722 4721/4721/4721
f 4725/4725/4725 4724/4724/4724 4723/4723/4723
f 4723/4723/4723 4726/4726/4726 4725/4725/4725
f 4726/4726/4726 4727/4727/4727 4725/4725/4725
f 4730/4730/4730 4729/4729/4729 4728/4728/4728
f 4731/4731/4731 4730/4730/4730 4728/4728/4728
f 4734/4734/4734 4733/4733/4733 4732/4732/4732
f 4735/4735/4735 4734/4734/4734 4732/4732/4732
f 4735/4735/4735 4732/4732/4732 4736/4736/4736
f 4732/4732/4732 4737/4737/4737 4736/4736/4736
f 4740/4740/4740 4739/4739/4739 4738/4738/4738
f 4740/4740/4740 4738/4738/4738 4741/4741/4741
f 4740/4740/4740 4741/4741/4741 4742/4742/4742
f 4743/4743/4743 4740/4740/4740 4742/4742/4742
f 4740/4740/4740 4743/4743/4743 4744/4744/4744
f 4745/4745/4745 4740/4740/4740 4744/4744/4744
f 4742/4742/4742 4746/4746/4746 4743/4743/4743
f 4746/4746/4746 4742/4742/4742 4747/4747/4747
f 4743/4743/4743 4746/4746/4746 4748/4748/4748
f 4746/4746/4746 4749/4749/4749 4748/4748/4748
f 4748/4748/4748 4749/4749/4749 4750/4750/4750
f 4748/4748/4748 4750/4750/4750 4751/4751/4751
f 4748/4748/4748 4751/4751/4751 4752/4752/4752
f 4752/4752/4752 4753/4753/4753 4748/4748/4748
f 4748/4748/4748 4753/4753/4753 4754/4754/4754
f 4753/4753/4753 4752/4752/4752 4755/4755/4755
f 4753/4753/4753 4755/4755/4755 4756/4756/4756
f 4753/4753/4753 4757/4757/4757 4754/4754/4754
f 4756/4756/4756 4758/4758/4758 4753/4753/4753
f 4753/4753/4753 4758/4758/4758 4757/4757/4757
f 4758/4758/4758 4759/4759/4759 4757/4757/4757
f 4762/4762/4762 4761/4761/4761 4760/4760/4760
f 4763/4763/4763 4762/4762/4762 4760/4760/4760
f 4766/4766/4766 4765/4765/4765 4764/4764/4764
f 4767/4767/4767 4766/4766/4766 4764/4764/4764
f 4770/4770/4770 4769/4769/4769 4768/4768/4768
f 4771/4771/4771 4770/4770/4770 4768/4768/4768
f 4774/4774/4774 4773/4773/4773 4772/4772/4772
f 4774/4774/4774 4772/4772/4772 4775/4775/4775
f 4775/4775/4775 4776/4776/4776 4774/4774/4774
f 4774/4774/4774 4776/4776/4776 4777/4777/4777
f 4778/4778/4778 4774/4774/4774 4777/4777/4777
f 4781/4781/4781 4780/4780/4780 4779/4779/4779
f 4782/4782/4782 4781/4781/4781 4779/4779/4779
f 4785/4785/4785 4784/4784/4784 4783/4783/4783
f 4784/4784/4784 4786/4786/4786 4783/4783/4783
f 4786/4786/4786 4784/4784/4784 4787/4787/4787
f 4788/4788/4788 4786/4786/4786 4787/4787/4787
f 4788/4788/4788 4787/4787/4787 4789/4789/4789
f 4790/4790/4790 4788/4788/4788 4789/4789/4789
f 4793/4793/4793 4792/4792/4792 4791/4791/4791
f 4794/4794/4794 4793/4793/4793 4791/4791/4791
f 4797/4797/4797 4796/4796/4796 4795/4795/4795
f 4796/4796/4796 4798/4798/4798 4795/4795/4795
f 4795/4795/4795 4798/4798/4798 4799/4799/4799
f 4798/4798/4798 4800/4800/4800 4799/4799/4799
f 4803/4803/4803 4802/4802/4802 4801/4801/4801
f 4804/4804/4804 4803/4803/4803 4801/4801/4801
f 4807/4807/4807 4806/4806/4806 4805/4805/4805
f 4805/4805/4805 4808/4808/4808 4807/4807/4807
f 4808/4808/4808 4809/4809/4809 4807/4807/4807
f 4808/4808/4808 4810/4810/4810 4809/4809/4809
f 4813/4813/4813 4812/4812/4812 4811/4811/4811
f 4814/4814/4814 4813/4813/4813 4811/4811/4811
f 4814/4814/4814 4811/4811/4811 4815/4815/4815
f 4816/4816/4816 4814/4814/4814 4815/4815/4815
f 4819/4819/4819 4818/4818/4818 4817/4817/4817
f 4820/4820/4820 4819/4819/4819 4817/4817/4817
f 4823/4823/4823 4822/4822/4822 4821/4821/4821
f 4822/4822/4822 4824/4824/4824 4821/4821/4821
f 4821/4821/4821 4824/4824/4824 4825/4825/4825
f 4824/4824/4824 4826/4826/4826 4825/4825/4825
f 4829/4829/4829 4828/4828/4828 4827/4827/4827
f 4830/4830/4830 4829/4829/4829 4827/4827/4827
f 4833/4833/4833 4832/4832/4832 4831/4831/4831
f 4831/4831/4831 4834/4834/4834 4833/4833/4833
f 4834/4834/4834 4835/4835/4835 4833/4833/4833
f 4834/4834/4834 4836/4836/4836 4835/4835/4835
f 4839/4839/4839 4838/4838/4838 4837/4837/4837
f 4840/4840/4840 4839/4839/4839 4837/4837/4837
f 4840/4840/4840 4837/4837/4837 4841/4841/4841
f 4842/4842/4842 4840/4840/4840 4841/4841/4841
f 4845/4845/4845 4844/4844/4844 4843/4843/4843
f 4846/4846/4846 4845/4845/4845 4843/4843/4843
f 4849/4849/4849 4848/4848/4848 4847/4847/4847
f 4848/4848/4848 4850/4850/4850 4847/4847/4847
f 4847/4847/4847 4850/4850/4850 4851/4851/4851
f 4850/4850/4850 4852/4852/4852 4851/4851/4851
f 4855/4855/4855 4854/4854/4854 4853/4853/4853
f 4854/4854/4854 4856/4856/4856 4853/4853/4853
f 4854/4854/4854 4857/4857/4857 4856/4856/4856
f 4857/4857/4857 4858/4858/4858 4856/4856/4856
f 4857/4857/4857 4859/4859/4859 4858/4858/4858
f 4859/4859/4859 4860/4860/4860 4858/4858/4858
f 4859/4859/4859 4861/4861/4861 4860/4860/4860
f 4861/4861/4861 4862/4862/4862 4860/4860/4860
f 4861/4861/4861 4863/4863/4863 4862/4862/4862
f 4863/4863/4863 4864/4864/4864 4862/4862/4862
f 4865/4865/4865 4864/4864/4864 4863/4863/4863
f 4863/4863/4863 4866/4866/4866 4865/4865/4865
f 4863/4863/4863 4867/4867/4867 4866/4866/4866
f 4866/4866/4866 4867/4867/4867 4868/4868/4868
f 4871/4871/4871 4870/4870/4870 4869/4869/4869
f 4870/4870/4870 4872/4872/4872 4869/4869/4869
f 4870/4870/4870 4873/4873/4873 4872/4872/4872
f 4873/4873/4873 4874/4874/4874 4872/4872/4872
f 4877/4877/4877 4876/4876/4876 4875/4875/4875
f 4878/4878/4878 4877/4877/4877 4875/4875/4875
f 4879/4879/4879 4877/4877/4877 4878/4878/4878
f 4880/4880/4880 4879/4879/4879 4878/4878/4878
f 4883/4883/4883 4882/4882/4882 4881/4881/4881
f 4881/4881/4881 4884/4884/4884 4883/4883/4883
f 4881/4881/4881 4885/4885/4885 4884/4884/4884
f 4885/4885/4885 4886/4886/4886 4884/4884/4884
f 4885/4885/4885 4887/4887/4887 4886/4886/4886
f 4887/4887/4887 4888/4888/4888 4886/4886/4886
f 4887/4887/4887 4889/4889/4889 4888/4888/4888
f 4892/4892/4892 4891/4891/4891 4890/4890/4890
f 4893/4893/4893 4892/4892/4892 4890/4890/4890
f 4893/4893/4893 4890/4890/4890 4894/4894/4894
f 4895/4895/4895 4893/4893/4893 4894/4894/4894
f 4895/4895/4895 4894/4894/4894 4896/4896/4896
f 4897/4897/4897 4895/4895/4895 4896/4896/4896
f 4897/4897/4897 4896/4896/4896 4898/4898/4898
f 4899/4899/4899 4897/4897/4897 4898/4898/4898
f 4902/4902/4902 4901/4901/4901 4900/4900/4900
f 4903/4903/4903 4901/4901/4901 4902/4902/4902
f 4904/4904/4904 4903/4903/4903 4902/4902/4902
f 4905/4905/4905 4903/4903/4903 4904/4904/4904
f 4906/4906/4906 4905/4905/4905 4904/4904/4904
f 4907/4907/4907 4905/4905/4905 4906/4906/4906
f 4908/4908/4908 4907/4907/4907 4906/4906/4906
f 4911/4911/4911 4910/4910/4910 4909/4909/4909
f 4912/4912/4912 4911/4911/4911 4909/4909/4909
f 4912/4912/4912 4909/4909/4909 4913/4913/4913
f 4909/4909/4909 4914/4914/4914 4913/4913/4913
f 4909/4909/4909 4915/4915/4915 4914/4914/4914
f 4915/4915/4915 4916/4916/4916 4914/4914/4914
f 4917/4917/4917 4916/4916/4916 4915/4915/4915
f 4918/4918/4918 4917/4917/4917 4915/4915/4915
f 4918/4918/4918 4915/4915/4915 4919/4919/4919
f 4920/4920/4920 4918/4918/4918 4919/4919/4919
f 4918/4918/4918 4921/4921/4921 4917/4917/4917
f 4921/4921/4921 4918/4918/4918 4920/4920/4920
f 4921/4921/4921 4922/4922/4922 4917/4917/4917
f 4923/4923/4923 4921/4921/4921 4920/4920/4920
f 4926/4926/4926 4925/4925/4925 4924/4924/4924
f 4927/4927/4927 4926/4926/4926 4924/4924/4924
f 4927/4927/4927 4924/4924/4924 4928/4928/4928
f 4929/4929/4929 4926/4926/4926 4927/4927/4927
f 4930/4930/4930 4927/4927/4927 4928/4928/4928
f 4928/4928/4928 4931/4931/4931 4930/4930/4930
f 4932/4932/4932 4929/4929/4929 4927/4927/4927
f 4932/4932/4932 4927/4927/4927 4930/4930/4930
f 4933/4933/4933 4929/4929/4929 4932/4932/4932
f 4934/4934/4934 4933/4933/4933 4932/4932/4932
f 4935/4935/4935 4933/4933/4933 4934/4934/4934
f 4936/4936/4936 4935/4935/4935 4934/4934/4934
f 4936/4936/4936 4934/4934/4934 4937/4937/4937
f 4938/4938/4938 4936/4936/4936 4937/4937/4937
f 4939/4939/4939 4938/4938/4938 4937/4937/4937
f 4937/4937/4937 4940/4940/4940 4939/4939/4939
f 4934/4934/4934 4932/4932/4932 4941/4941/4941
f 4941/4941/4941 4932/4932/4932 4930/4930/4930
f 4937/4937/4937 4934/4934/4934 4941/4941/4941
f 4931/4931/4931 4942/4942/4942 4930/4930/4930
f 4930/4930/4930 4942/4942/4942 4941/4941/4941
f 4937/4937/4937 4943/4943/4943 4940/4940/4940
f 4944/4944/4944 4940/4940/4940 4943/4943/4943
f 4945/4945/4945 4944/4944/4944 4943/4943/4943
f 4941/4941/4941 4946/4946/4946 4937/4937/4937
f 4946/4946/4946 4943/4943/4943 4937/4937/4937
f 4945/4945/4945 4943/4943/4943 4946/4946/4946
f 4942/4942/4942 4946/4946/4946 4941/4941/4941
f 4947/4947/4947 4945/4945/4945 4946/4946/4946
f 4947/4947/4947 4946/4946/4946 4942/4942/4942
f 4948/4948/4948 4947/4947/4947 4942/4942/4942
f 4948/4948/4948 4942/4942/4942 4931/4931/4931
f 4949/4949/4949 4948/4948/4948 4931/4931/4931
f 4952/4952/4952 4951/4951/4951 4950/4950/4950
f 4951/4951/4951 4953/4953/4953 4950/4950/4950
f 4954/4954/4954 4953/4953/4953 4951/4951/4951
f 4955/4955/4955 4954/4954/4954 4951/4951/4951
f 4958/4958/4958 4957/4957/4957 4956/4956/4956
f 4956/4956/4956 4959/4959/4959 4958/4958/4958
f 4956/4956/4956 4960/4960/4960 4959/4959/4959
f 4956/4956/4956 4961/4961/4961 4960/4960/4960
f 4956/4956/4956 4962/4962/4962 4961/4961/4961
f 4956/4956/4956 4963/4963/4963 4962/4962/4962
f 4956/4956/4956 4964/4964/4964 4963/4963/4963
f 4967/4967/4967 4966/4966/4966 4965/4965/4965
f 4968/4968/4968 4967/4967/4967 4965/4965/4965
f 4967/4967/4967 4968/4968/4968 4969/4969/4969
f 4970/4970/4970 4967/4967/4967 4969/4969/4969
f 4973/4973/4973 4972/4972/4972 4971/4971/4971
f 4974/4974/4974 4973/4973/4973 4971/4971/4971
f 4971/4971/4971 4975/4975/4975 4974/4974/4974
f 4975/4975/4975 4976/4976/4976 4974/4974/4974
f 4979/4979/4979 4978/4978/4978 4977/4977/4977
f 4978/4978/4978 4980/4980/4980 4977/4977/4977
f 4978/4978/4978 4981/4981/4981 4980/4980/4980
f 4981/4981/4981 4982/4982/4982 4980/4980/4980
f 4985/4985/4985 4984/4984/4984 4983/4983/4983
f 4986/4986/4986 4985/4985/4985 4983/4983/4983
f 4989/4989/4989 4988/4988/4988 4987/4987/4987
f 4990/4990/4990 4989/4989/4989 4987/4987/4987
f 4993/4993/4993 4992/4992/4992 4991/4991/4991
f 4994/4994/4994 4993/4993/4993 4991/4991/4991
f 4997/4997/4997 4996/4996/4996 4995/4995/4995
f 4998/4998/4998 4997/4997/4997 4995/4995/4995
f 5001/5001/5001 5000/5000/5000 4999/4999/4999
f 5002/5002/5002 5001/5001/5001 4999/4999/4999
f 5005/5005/5005 5004/5004/5004 5003/5003/5003
f 5005/5005/5005 5006/5006/5006 5004/5004/5004
f 5006/5006/5006 5007/5007/5007 5004/5004/5004
f 5008/5008/5008 5006/5006/5006 5005/5005/5005
f 5009/5009/5009 5008/5008/5008 5005/5005/5005
f 5010/5010/5010 5008/5008/5008 5009/5009/5009
f 5010/5010/5010 5011/5011/5011 5008/5008/5008
f 5008/5008/5008 5011/5011/5011 5006/5006/5006
f 5010/5010/5010 5012/5012/5012 5011/5011/5011
f 5012/5012/5012 5013/5013/5013 5011/5011/5011
f 5011/5011/5011 5013/5013/5013 5014/5014/5014
f 5006/5006/5006 5011/5011/5011 5014/5014/5014
f 5006/5006/5006 5014/5014/5014 5007/5007/5007
f 5007/5007/5007 5014/5014/5014 5015/5015/5015
f 5018/5018/5018 5017/5017/5017 5016/5016/5016
f 5016/5016/5016 5017/5017/5017 5019/5019/5019
f 5016/5016/5016 5019/5019/5019 5020/5020/5020
f 5017/5017/5017 5021/5021/5021 5019/5019/5019
f 5017/5017/5017 5022/5022/5022 5021/5021/5021
f 5021/5021/5021 5022/5022/5022 5023/5023/5023
f 5021/5021/5021 5023/5023/5023 5024/5024/5024
f 5019/5019/5019 5021/5021/5021 5024/5024/5024
f 5024/5024/5024 5023/5023/5023 5025/5025/5025
f 5024/5024/5024 5025/5025/5025 5026/5026/5026
f 5027/5027/5027 5024/5024/5024 5026/5026/5026
f 5027/5027/5027 5019/5019/5019 5024/5024/5024
f 5020/5020/5020 5019/5019/5019 5027/5027/5027
f 5028/5028/5028 5020/5020/5020 5027/5027/5027
f 5031/5031/5031 5030/5030/5030 5029/5029/5029
f 5032/5032/5032 5031/5031/5031 5029/5029/5029
f 5032/5032/5032 5029/5029/5029 5033/5033/5033
f 5032/5032/5032 5033/5033/5033 5034/5034/5034
f 5035/5035/5035 5031/5031/5031 5032/5032/5032
f 5036/5036/5036 5031/5031/5031 5035/5035/5035
f 5037/5037/5037 5036/5036/5036 5035/5035/5035
f 5038/5038/5038 5032/5032/5032 5034/5034/5034
f 5035/5035/5035 5032/5032/5032 5038/5038/5038
f 5037/5037/5037 5035/5035/5035 5038/5038/5038
f 5038/5038/5038 5034/5034/5034 5039/5039/5039
f 5040/5040/5040 5037/5037/5037 5038/5038/5038
f 5040/5040/5040 5038/5038/5038 5039/5039/5039
f 5043/5043/5043 5042/5042/5042 5041/5041/5041
f 5044/5044/5044 5042/5042/5042 5043/5043/5043
f 5044/5044/5044 5043/5043/5043 5045/5045/5045
f 5046/5046/5046 5044/5044/5044 5045/5045/5045
f 5047/5047/5047 5042/5042/5042 5044/5044/5044
f 5046/5046/5046 5047/5047/5047 5044/5044/5044
f 5047/5047/5047 5048/5048/5048 5042/5042/5042
f 5049/5049/5049 5048/5048/5048 5047/5047/5047
f 5050/5050/5050 5049/5049/5049 5047/5047/5047
f 5046/5046/5046 5050/5050/5050 5047/5047/5047
f 5051/5051/5051 5050/5050/5050 5046/5046/5046
f 5054/5054/5054 5053/5053/5053 5052/5052/5052
f 5053/5053/5053 5054/5054/5054 5055/5055/5055
f 5054/5054/5054 5056/5056/5056 5055/5055/5055
f 5057/5057/5057 5055/5055/5055 5056/5056/5056
f 5057/5057/5057 5056/5056/5056 5058/5058/5058
f 5059/5059/5059 5054/5054/5054 5052/5052/5052
f 5052/5052/5052 5060/5060/5060 5059/5059/5059
f 5058/5058/5058 5061/5061/5061 5057/5057/5057
f 5059/5059/5059 5060/5060/5060 5061/5061/5061
f 5061/5061/5061 5058/5058/5058 5062/5062/5062
f 5062/5062/5062 5059/5059/5059 5061/5061/5061
f 5065/5065/5065 5064/5064/5064 5063/5063/5063
f 5065/5065/5065 5063/5063/5063 5066/5066/5066
f 5064/5064/5064 5065/5065/5065 5067/5067/5067
f 5066/5066/5066 5068/5068/5068 5065/5065/5065
f 5069/5069/5069 5068/5068/5068 5066/5066/5066
f 5069/5069/5069 5066/5066/5066 5070/5070/5070
f 5071/5071/5071 5064/5064/5064 5067/5067/5067
f 5067/5067/5067 5072/5072/5072 5071/5071/5071
f 5070/5070/5070 5073/5073/5073 5069/5069/5069
f 5071/5071/5071 5072/5072/5072 5073/5073/5073
f 5073/5073/5073 5070/5070/5070 5074/5074/5074
f 5074/5074/5074 5071/5071/5071 5073/5073/5073
f 5077/5077/5077 5076/5076/5076 5075/5075/5075
f 5075/5075/5075 5076/5076/5076 5078/5078/5078
f 5079/5079/5079 5075/5075/5075 5078/5078/5078
f 5079/5079/5079 5078/5078/5078 5080/5080/5080
f 5081/5081/5081 5079/5079/5079 5080/5080/5080
f 5077/5077/5077 5075/5075/5075 5082/5082/5082
f 5082/5082/5082 5083/5083/5083 5077/5077/5077
f 5080/5080/5080 5084/5084/5084 5081/5081/5081
f 5084/5084/5084 5083/5083/5083 5082/5082/5082
f 5085/5085/5085 5081/5081/5081 5084/5084/5084
f 5084/5084/5084 5082/5082/5082 5085/5085/5085
f 5088/5088/5088 5087/5087/5087 5086/5086/5086
f 5089/5089/5089 5088/5088/5088 5086/5086/5086
f 5090/5090/5090 5086/5086/5086 5087/5087/5087
f 5086/5086/5086 5091/5091/5091 5089/5089/5089
f 5089/5089/5089 5091/5091/5091 5092/5092/5092
f 5093/5093/5093 5089/5089/5089 5092/5092/5092
f 5090/5090/5090 5087/5087/5087 5094/5094/5094
f 5094/5094/5094 5095/5095/5095 5090/5090/5090
f 5092/5092/5092 5096/5096/5096 5093/5093/5093
f 5096/5096/5096 5095/5095/5095 5094/5094/5094
f 5097/5097/5097 5093/5093/5093 5096/5096/5096
f 5096/5096/5096 5094/5094/5094 5097/5097/5097
f 5100/5100/5100 5099/5099/5099 5098/5098/5098
f 5098/5098/5098 5099/5099/5099 5101/5101/5101
f 5099/5099/5099 5102/5102/5102 5101/5101/5101
f 5103/5103/5103 5099/5099/5099 5100/5100/5100
f 5103/5103/5103 5100/5100/5100 5104/5104/5104
f 5105/5105/5105 5103/5103/5103 5104/5104/5104
f 5106/5106/5106 5102/5102/5102 5099/5099/5099
f 5103/5103/5103 5106/5106/5106 5099/5099/5099
f 5107/5107/5107 5102/5102/5102 5106/5106/5106
f 5108/5108/5108 5107/5107/5107 5106/5106/5106
f 5109/5109/5109 5103/5103/5103 5105/5105/5105
f 5109/5109/5109 5106/5106/5106 5103/5103/5103
f 5108/5108/5108 5106/5106/5106 5109/5109/5109
f 5110/5110/5110 5109/5109/5109 5105/5105/5105
f 5108/5108/5108 5109/5109/5109 5110/5110/5110
f 5113/5113/5113 5112/5112/5112 5111/5111/5111
f 5111/5111/5111 5112/5112/5112 5114/5114/5114
f 5111/5111/5111 5114/5114/5114 5115/5115/5115
f 5116/5116/5116 5113/5113/5113 5111/5111/5111
f 5116/5116/5116 5117/5117/5117 5113/5113/5113
f 5116/5116/5116 5118/5118/5118 5117/5117/5117
f 5119/5119/5119 5118/5118/5118 5116/5116/5116
f 5120/5120/5120 5111/5111/5111 5115/5115/5115
f 5120/5120/5120 5116/5116/5116 5111/5111/5111
f 5119/5119/5119 5116/5116/5116 5120/5120/5120
f 5115/5115/5115 5121/5121/5121 5120/5120/5120
f 5120/5120/5120 5122/5122/5122 5119/5119/5119
f 5120/5120/5120 5121/5121/5121 5122/5122/5122
g 0.0000_3
f 2367/2367/2367 2366/2366/2366 2365/2365/2365
f 2370/2370/2370 2369/2369/2369 2368/2368/2368
f 2373/2373/2373 2372/2372/2372 2371/2371/2371
f 2376/2376/2376 2375/2375/2375 2374/2374/2374
f 3/3/3 2/2/2 1/1/1
f 2/2/2 4/4/4 1/1/1
f 2/2/2 5/5/5 4/4/4
f 4/4/4 6/6/6 1/1/1
f 6/6/6 7/7/7 1/1/1
f 8/8/8 1/1/1 7/7/7
f 5/5/5 9/9/9 4/4/4
f 9/9/9 10/10/10 4/4/4
f 10/10/10 6/6/6 4/4/4
f 11/11/11 9/9/9 5/5/5
f 9/9/9 11/11/11 10/10/10
f 12/12/12 11/11/11 5/5/5
f 11/11/11 12/12/12 13/13/13
f 12/12/12 14/14/14 13/13/13
f 11/11/11 13/13/13 15/15/15
f 16/16/16 11/11/11 15/15/15
f 11/11/11 16/16/16 10/10/10
f 16/16/16 15/15/15 17/17/17
f 15/15/15 18/18/18 17/17/17
f 16/16/16 17/17/17 19/19/19
f 10/10/10 16/16/16 19/19/19
f 10/10/10 19/19/19 20/20/20
f 6/6/6 10/10/10 20/20/20
f 6/6/6 20/20/20 21/21/21
f 7/7/7 6/6/6 21/21/21
f 7/7/7 21/21/21 22/22/22
f 23/23/23 7/7/7 22/22/22
f 23/23/23 22/22/22 24/24/24
f 23/23/23 8/8/8 7/7/7
f 25/25/25 23/23/23 24/24/24
f 8/8/8 23/23/23 25/25/25
f 26/26/26 8/8/8 25/25/25
f 29/29/29 28/28/28 27/27/27
f 30/30/30 29/29/29 27/27/27
f 30/30/30 27/27/27 31/31/31
f 32/32/32 30/30/30 31/31/31
f 29/29/29 30/30/30 33/33/33
f 34/34/34 29/29/29 33/33/33
f 35/35/35 29/29/29 34/34/34
f 36/36/36 34/34/34 33/33/33
f 37/37/37 36/36/36 33/33/33
f 38/38/38 35/35/35 34/34/34
f 38/38/38 39/39/39 35/35/35
f 39/39/39 40/40/40 35/35/35
f 41/41/41 40/40/40 39/39/39
f 42/42/42 41/41/41 39/39/39
f 41/41/41 42/42/42 43/43/43
f 42/42/42 44/44/44 43/43/43
f 47/47/47 46/46/46 45/45/45
f 46/46/46 48/48/48 45/45/45
f 46/46/46 49/49/49 48/48/48
f 49/49/49 50/50/50 48/48/48
f 48/48/48 50/50/50 51/51/51
f 50/50/50 52/52/52 51/51/51
f 55/55/55 54/54/54 53/53/53
f 56/56/56 55/55/55 53/53/53
f 59/59/59 58/58/58 57/57/57
f 60/60/60 59/59/59 57/57/57
f 63/63/63 62/62/62 61/61/61
f 64/64/64 63/63/63 61/61/61
f 67/67/67 66/66/66 65/65/65
f 68/68/68 67/67/67 65/65/65
f 68/68/68 65/65/65 69/69/69
f 70/70/70 68/68/68 69/69/69
f 68/68/68 70/70/70 71/71/71
f 70/70/70 72/72/72 71/71/71
f 72/72/72 73/73/73 71/71/71
f 73/73/73 74/74/74 71/71/71
f 75/75/75 71/71/71 74/74/74
f 74/74/74 73/73/73 76/76/76
f 77/77/77 74/74/74 76/76/76
f 78/78/78 75/75/75 74/74/74
f 78/78/78 74/74/74 79/79/79
f 74/74/74 80/80/80 79/79/79
f 83/83/83 82/82/82 81/81/81
f 84/84/84 83/83/83 81/81/81
f 87/87/87 86/86/86 85/85/85
f 88/88/88 87/87/87 85/85/85
f 91/91/91 90/90/90 89/89/89
f 92/92/92 91/91/91 89/89/89
f 91/91/91 92/92/92 93/93/93
f 92/92/92 94/94/94 93/93/93
f 93/93/93 94/94/94 95/95/95
f 96/96/96 93/93/93 95/95/95
f 96/96/96 95/95/95 97/97/97
f 95/95/95 98/98/98 97/97/97
f 99/99/99 95/95/95 94/94/94
f 95/95/95 99/99/99 98/98/98
f 99/99/99 100/100/100 98/98/98
f 100/100/100 99/99/99 101/101/101
f 99/99/99 102/102/102 101/101/101
f 103/103/103 99/99/99 94/94/94
f 99/99/99 103/103/103 102/102/102
f 103/103/103 104/104/104 102/102/102
f 103/103/103 105/105/105 104/104/104
f 105/105/105 106/106/106 104/104/104
f 109/109/109 108/108/108 107/107/107
f 110/110/110 109/109/109 107/107/107
f 110/110/110 107/107/107 111/111/111
f 112/112/112 110/110/110 111/111/111
f 112/112/112 111/111/111 113/113/113
f 111/111/111 114/114/114 113/113/113
f 117/117/117 116/116/116 115/115/115
f 118/118/118 117/117/117 115/115/115
f 117/117/117 118/118/118 119/119/119
f 118/118/118 120/120/120 119/119/119
f 120/120/120 121/121/121 119/119/119
f 121/121/121 122/122/122 119/119/119
f 122/122/122 121/121/121 123/123/123
f 121/121/121 124/124/124 123/123/123
f 124/124/124 125/125/125 123/123/123
f 125/125/125 126/126/126 123/123/123
f 126/126/126 125/125/125 127/127/127
f 128/128/128 126/126/126 127/127/127
f 131/131/131 130/130/130 129/129/129
f 129/129/129 132/132/132 131/131/131
f 135/135/135 134/134/134 133/133/133
f 134/134/134 136/136/136 133/133/133
f 134/134/134 137/137/137 136/136/136
f 137/137/137 138/138/138 136/136/136
f 138/138/138 139/139/139 136/136/136
f 136/136/136 140/140/140 133/133/133
f 139/139/139 140/140/140 136/136/136
f 139/139/139 141/141/141 140/140/140
f 140/140/140 142/142/142 133/133/133
f 141/141/141 143/143/143 140/140/140
f 140/140/140 143/143/143 142/142/142
f 143/143/143 144/144/144 142/142/142
f 147/147/147 146/146/146 145/145/145
f 148/148/148 147/147/147 145/145/145
f 145/145/145 149/149/149 148/148/148
f 150/150/150 149/149/149 145/145/145
f 151/151/151 150/150/150 145/145/145
f 152/152/152 150/150/150 151/151/151
f 153/153/153 152/152/152 151/151/151
f 154/154/154 152/152/152 153/153/153
f 155/155/155 154/154/154 153/153/153
f 156/156/156 154/154/154 155/155/155
f 157/157/157 156/156/156 155/155/155
f 158/158/158 156/156/156 157/157/157
f 148/148/148 158/158/158 157/157/157
f 149/149/149 158/158/158 148/148/148
f 158/158/158 149/149/149 159/159/159
f 160/160/160 158/158/158 159/159/159
f 163/163/163 162/162/162 161/161/161
f 162/162/162 164/164/164 161/161/161
f 162/162/162 165/165/165 164/164/164
f 165/165/165 166/166/166 164/164/164
f 169/169/169 168/168/168 167/167/167
f 168/168/168 170/170/170 167/167/167
f 167/167/167 170/170/170 171/171/171
f 170/170/170 172/172/172 171/171/171
f 170/170/170 173/173/173 172/172/172
f 173/173/173 174/174/174 172/172/172
f 177/177/177 176/176/176 175/175/175
f 176/176/176 178/178/178 175/175/175
f 175/175/175 178/178/178 179/179/179
f 178/178/178 180/180/180 179/179/179
f 178/178/178 181/181/181 180/180/180
f 181/181/181 182/182/182 180/180/180
f 185/185/185 184/184/184 183/183/183
f 184/184/184 186/186/186 183/183/183
f 183/183/183 186/186/186 187/187/187
f 186/186/186 188/188/188 187/187/187
f 187/187/187 188/188/188 189/189/189
f 188/188/188 190/190/190 189/189/189
f 189/189/189 190/190/190 191/191/191
f 190/190/190 192/192/192 191/191/191
f 191/191/191 192/192/192 193/193/193
f 192/192/192 194/194/194 193/193/193
f 197/197/197 196/196/196 195/195/195
f 196/196/196 198/198/198 195/195/195
f 196/196/196 199/199/199 198/198/198
f 199/199/199 200/200/200 198/198/198
f 198/198/198 200/200/200 201/201/201
f 200/200/200 202/202/202 201/201/201
f 205/205/205 204/204/204 203/203/203
f 206/206/206 205/205/205 203/203/203
f 207/207/207 206/206/206 203/203/203
f 208/208/208 207/207/207 203/203/203
f 211/211/211 210/210/210 209/209/209
f 210/210/210 212/212/212 209/209/209
f 212/212/212 210/210/210 213/213/213
f 214/214/214 212/212/212 213/213/213
f 214/214/214 213/213/213 215/215/215
f 216/216/216 214/214/214 215/215/215
f 216/216/216 215/215/215 217/217/217
f 218/218/218 216/216/216 217/217/217
f 218/218/218 217/217/217 219/219/219
f 220/220/220 218/218/218 219/219/219
f 223/223/223 222/222/222 221/221/221
f 224/224/224 223/223/223 221/221/221
f 224/224/224 225/225/225 223/223/223
f 225/225/225 226/226/226 223/223/223
f 225/225/225 224/224/224 227/227/227
f 224/224/224 228/228/228 227/227/227
f 229/229/229 225/225/225 227/227/227
f 229/229/229 230/230/230 225/225/225
f 230/230/230 226/226/226 225/225/225
f 230/230/230 231/231/231 226/226/226
f 234/234/234 233/233/233 232/232/232
f 235/235/235 234/234/234 232/232/232
f 235/235/235 232/232/232 236/236/236
f 232/232/232 237/237/237 236/236/236
f 236/236/236 237/237/237 238/238/238
f 239/239/239 236/236/236 238/238/238
f 237/237/237 240/240/240 238/238/238
f 241/241/241 239/239/239 238/238/238
f 240/240/240 242/242/242 238/238/238
f 243/243/243 241/241/241 238/238/238
f 242/242/242 244/244/244 238/238/238
f 238/238/238 245/245/245 243/243/243
f 244/244/244 246/246/246 238/238/238
f 246/246/246 245/245/245 238/238/238
f 249/249/249 248/248/248 247/247/247
f 248/248/248 250/250/250 247/247/247
f 248/248/248 251/251/251 250/250/250
f 251/251/251 252/252/252 250/250/250
f 250/250/250 252/252/252 253/253/253
f 252/252/252 254/254/254 253/253/253
f 251/251/251 255/255/255 252/252/252
f 254/254/254 252/252/252 256/256/256
f 255/255/255 257/257/257 252/252/252
f 252/252/252 257/257/257 256/256/256
f 255/255/255 258/258/258 257/257/257
f 258/258/258 259/259/259 257/257/257
f 259/259/259 260/260/260 257/257/257
f 260/260/260 261/261/261 257/257/257
f 256/256/256 257/257/257 261/261/261
f 262/262/262 256/256/256 261/261/261
f 265/265/265 264/264/264 263/263/263
f 266/266/266 265/265/265 263/263/263
f 269/269/269 268/268/268 267/267/267
f 268/268/268 270/270/270 267/267/267
f 268/268/268 271/271/271 270/270/270
f 271/271/271 272/272/272 270/270/270
f 271/271/271 273/273/273 272/272/272
f 273/273/273 274/274/274 272/272/272
f 273/273/273 275/275/275 274/274/274
f 275/275/275 276/276/276 274/274/274
f 279/279/279 278/278/278 277/277/277
f 278/278/278 280/280/280 277/277/277
f 278/278/278 281/281/281 280/280/280
f 281/281/281 282/282/282 280/280/280
f 281/281/281 283/283/283 282/282/282
f 283/283/283 284/284/284 282/282/282
f 283/283/283 285/285/285 284/284/284
f 285/285/285 286/286/286 284/284/284
f 289/289/289 288/288/288 287/287/287
f 288/288/288 290/290/290 287/287/287
f 287/287/287 290/290/290 291/291/291
f 288/288/288 292/292/292 290/290/290
f 290/290/290 293/293/293 291/291/291
f 292/292/292 294/294/294 290/290/290
f 290/290/290 294/294/294 293/293/293
f 292/292/292 295/295/295 294/294/294
f 294/294/294 296/296/296 293/293/293
f 295/295/295 297/297/297 294/294/294
f 294/294/294 297/297/297 296/296/296
f 295/295/295 298/298/298 297/297/297
f 297/297/297 299/299/299 296/296/296
f 298/298/298 300/300/300 297/297/297
f 297/297/297 300/300/300 299/299/299
f 300/300/300 301/301/301 299/299/299
f 304/304/304 303/303/303 302/302/302
f 303/303/303 305/305/305 302/302/302
f 303/303/303 306/306/306 305/305/305
f 306/306/306 307/307/307 305/305/305
f 306/306/306 308/308/308 307/307/307
f 308/308/308 309/309/309 307/307/307
f 312/312/312 311/311/311 310/310/310
f 311/311/311 313/313/313 310/310/310
f 310/310/310 313/313/313 314/314/314
f 313/313/313 315/315/315 314/314/314
f 314/314/314 315/315/315 316/316/316
f 315/315/315 317/317/317 316/316/316
f 316/316/316 317/317/317 318/318/318
f 317/317/317 319/319/319 318/318/318
f 318/318/318 319/319/319 320/320/320
f 319/319/319 321/321/321 320/320/320
f 324/324/324 323/323/323 322/322/322
f 323/323/323 325/325/325 322/322/322
f 322/322/322 325/325/325 326/326/326
f 323/323/323 327/327/327 325/325/325
f 325/325/325 328/328/328 326/326/326
f 327/327/327 329/329/329 325/325/325
f 325/325/325 329/329/329 328/328/328
f 327/327/327 330/330/330 329/329/329
f 329/329/329 331/331/331 328/328/328
f 330/330/330 332/332/332 329/329/329
f 329/329/329 332/332/332 331/331/331
f 332/332/332 333/333/333 331/331/331
f 336/336/336 335/335/335 334/334/334
f 335/335/335 337/337/337 334/334/334
f 334/334/334 337/337/337 338/338/338
f 335/335/335 339/339/339 337/337/337
f 337/337/337 340/340/340 338/338/338
f 339/339/339 341/341/341 337/337/337
f 337/337/337 341/341/341 340/340/340
f 339/339/339 342/342/342 341/341/341
f 341/341/341 343/343/343 340/340/340
f 342/342/342 344/344/344 341/341/341
f 341/341/341 344/344/344 343/343/343
f 344/344/344 345/345/345 343/343/343
f 348/348/348 347/347/347 346/346/346
f 346/346/346 349/349/349 348/348/348
f 346/346/346 350/350/350 349/349/349
f 346/346/346 351/351/351 350/350/350
f 351/351/351 352/352/352 350/350/350
f 351/351/351 353/353/353 352/352/352
f 351/351/351 354/354/354 353/353/353
f 354/354/354 355/355/355 353/353/353
f 358/358/358 357/357/357 356/356/356
f 359/359/359 358/358/358 356/356/356
f 356/356/356 360/360/360 359/359/359
f 360/360/360 361/361/361 359/359/359
f 361/361/361 362/362/362 359/359/359
f 361/361/361 363/363/363 362/362/362
f 363/363/363 364/364/364 362/362/362
f 367/367/367 366/366/366 365/365/365
f 368/368/368 367/367/367 365/365/365
f 369/369/369 367/367/367 368/368/368
f 370/370/370 369/369/369 368/368/368
f 368/368/368 371/371/371 370/370/370
f 371/371/371 372/372/372 370/370/370
f 371/371/371 373/373/373 372/372/372
f 373/373/373 374/374/374 372/372/372
f 375/375/375 373/373/373 371/371/371
f 376/376/376 375/375/375 371/371/371
f 379/379/379 378/378/378 377/377/377
f 380/380/380 379/379/379 377/377/377
f 381/381/381 380/380/380 377/377/377
f 377/377/377 382/382/382 381/381/381
f 382/382/382 383/383/383 381/381/381
f 382/382/382 384/384/384 383/383/383
f 384/384/384 385/385/385 383/383/383
f 388/388/388 387/387/387 386/386/386
f 387/387/387 389/389/389 386/386/386
f 386/386/386 389/389/389 390/390/390
f 389/389/389 387/387/387 391/391/391
f 389/389/389 392/392/392 390/390/390
f 389/389/389 391/391/391 393/393/393
f 392/392/392 389/389/389 393/393/393
f 393/393/393 394/394/394 392/392/392
f 397/397/397 396/396/396 395/395/395
f 398/398/398 397/397/397 395/395/395
f 395/395/395 399/399/399 398/398/398
f 399/399/399 400/400/400 398/398/398
f 398/398/398 400/400/400 401/401/401
f 399/399/399 402/402/402 400/400/400
f 400/400/400 403/403/403 401/401/401
f 402/402/402 404/404/404 400/400/400
f 400/400/400 404/404/404 403/403/403
f 402/402/402 405/405/405 404/404/404
f 404/404/404 406/406/406 403/403/403
f 405/405/405 407/407/407 404/404/404
f 404/404/404 407/407/407 406/406/406
f 405/405/405 408/408/408 407/407/407
f 407/407/407 409/409/409 406/406/406
f 408/408/408 410/410/410 407/407/407
f 407/407/407 410/410/410 409/409/409
f 410/410/410 411/411/411 409/409/409
f 414/414/414 413/413/413 412/412/412
f 413/413/413 415/415/415 412/412/412
f 412/412/412 415/415/415 416/416/416
f 415/415/415 417/417/417 416/416/416
f 416/416/416 417/417/417 418/418/418
f 419/419/419 417/417/417 415/415/415
f 417/417/417 419/419/419 418/418/418
f 419/419/419 415/415/415 413/413/413
f 418/418/418 419/419/419 420/420/420
f 421/421/421 419/419/419 413/413/413
f 419/419/419 421/421/421 420/420/420
f 413/413/413 422/422/422 421/421/421
f 420/420/420 421/421/421 423/423/423
f 421/421/421 422/422/422 423/423/423
f 426/426/426 425/425/425 424/424/424
f 427/427/427 426/426/426 424/424/424
f 430/430/430 429/429/429 428/428/428
f 431/431/431 430/430/430 428/428/428
f 434/434/434 433/433/433 432/432/432
f 435/435/435 434/434/434 432/432/432
f 438/438/438 437/437/437 436/436/436
f 439/439/439 438/438/438 436/436/436
f 442/442/442 441/441/441 440/440/440
f 443/443/443 442/442/442 440/440/440
f 446/446/446 445/445/445 444/444/444
f 447/447/447 446/446/446 444/444/444
f 447/447/447 444/444/444 448/448/448
f 449/449/449 447/447/447 448/448/448
f 452/452/452 451/451/451 450/450/450
f 451/451/451 453/453/453 450/450/450
f 451/451/451 454/454/454 453/453/453
f 454/454/454 455/455/455 453/453/453
f 458/458/458 457/457/457 456/456/456
f 457/457/457 459/459/459 456/456/456
f 457/457/457 460/460/460 459/459/459
f 460/460/460 461/461/461 459/459/459
f 464/464/464 463/463/463 462/462/462
f 463/463/463 465/465/465 462/462/462
f 463/463/463 466/466/466 465/465/465
f 466/466/466 467/467/467 465/465/465
f 470/470/470 469/469/469 468/468/468
f 469/469/469 471/471/471 468/468/468
f 468/468/468 471/471/471 472/472/472
f 471/471/471 473/473/473 472/472/472
f 476/476/476 475/475/475 474/474/474
f 475/475/475 477/477/477 474/474/474
f 474/474/474 477/477/477 478/478/478
f 477/477/477 479/479/479 478/478/478
f 482/482/482 481/481/481 480/480/480
f 483/483/483 482/482/482 480/480/480
f 484/484/484 482/482/482 483/483/483
f 485/485/485 484/484/484 483/483/483
f 488/488/488 487/487/487 486/486/486
f 489/489/489 488/488/488 486/486/486
f 490/490/490 488/488/488 489/489/489
f 491/491/491 490/490/490 489/489/489
f 494/494/494 493/493/493 492/492/492
f 495/495/495 494/494/494 492/492/492
f 496/496/496 494/494/494 495/495/495
f 497/497/497 496/496/496 495/495/495
f 500/500/500 499/499/499 498/498/498
f 498/498/498 501/501/501 500/500/500
f 501/501/501 502/502/502 500/500/500
f 501/501/501 503/503/503 502/502/502
f 503/503/503 504/504/504 502/502/502
f 503/503/503 505/505/505 504/504/504
f 508/508/508 507/507/507 506/506/506
f 509/509/509 508/508/508 506/506/506
f 510/510/510 508/508/508 509/509/509
f 511/511/511 510/510/510 509/509/509
f 514/514/514 513/513/513 512/512/512
f 515/515/515 514/514/514 512/512/512
f 516/516/516 514/514/514 515/515/515
f 517/517/517 516/516/516 515/515/515
f 520/520/520 519/519/519 518/518/518
f 521/521/521 520/520/520 518/518/518
f 522/522/522 520/520/520 521/521/521
f 523/523/523 522/522/522 521/521/521
f 526/526/526 525/525/525 524/524/524
f 527/527/527 526/526/526 524/524/524
f 530/530/530 529/529/529 528/528/528
f 529/529/529 531/531/531 528/528/528
f 529/529/529 532/532/532 531/531/531
f 532/532/532 533/533/533 531/531/531
f 536/536/536 535/535/535 534/534/534
f 537/537/537 536/536/536 534/534/534
f 540/540/540 539/539/539 538/538/538
f 541/541/541 540/540/540 538/538/538
f 544/544/544 543/543/543 542/542/542
f 543/543/543 545/545/545 542/542/542
f 542/542/542 545/545/545 546/546/546
f 545/545/545 547/547/547 546/546/546
f 546/546/546 547/547/547 548/548/548
f 547/547/547 549/549/549 548/548/548
f 548/548/548 549/549/549 550/550/550
f 549/549/549 551/551/551 550/550/550
f 554/554/554 553/553/553 552/552/552
f 553/553/553 555/555/555 552/552/552
f 552/552/552 555/555/555 556/556/556
f 555/555/555 557/557/557 556/556/556
f 560/560/560 559/559/559 558/558/558
f 561/561/561 560/560/560 558/558/558
f 564/564/564 563/563/563 562/562/562
f 563/563/563 565/565/565 562/562/562
f 562/562/562 565/565/565 566/566/566
f 565/565/565 567/567/567 566/566/566
f 566/566/566 567/567/567 568/568/568
f 567/567/567 569/569/569 568/568/568
f 568/568/568 569/569/569 570/570/570
f 569/569/569 571/571/571 570/570/570
f 574/574/574 573/573/573 572/572/572
f 572/572/572 575/575/575 574/574/574
f 575/575/575 576/576/576 574/574/574
f 579/579/579 578/578/578 577/577/577
f 580/580/580 579/579/579 577/577/577
f 581/581/581 579/579/579 580/580/580
f 582/582/582 581/581/581 580/580/580
f 585/585/585 584/584/584 583/583/583
f 586/586/586 585/585/585 583/583/583
f 589/589/589 588/588/588 587/587/587
f 590/590/590 589/589/589 587/587/587
f 593/593/593 592/592/592 591/591/591
f 594/594/594 593/593/593 591/591/591
f 597/597/597 596/596/596 595/595/595
f 598/598/598 597/597/597 595/595/595
f 601/601/601 600/600/600 599/599/599
f 602/602/602 601/601/601 599/599/599
f 603/603/603 601/601/601 602/602/602
f 604/604/604 603/603/603 602/602/602
f 605/605/605 603/603/603 604/604/604
f 606/606/606 605/605/605 604/604/604
f 609/609/609 608/608/608 607/607/607
f 610/610/610 609/609/609 607/607/607
f 613/613/613 612/612/612 611/611/611
f 614/614/614 613/613/613 611/611/611
f 617/617/617 616/616/616 615/615/615
f 618/618/618 617/617/617 615/615/615
f 621/621/621 620/620/620 619/619/619
f 622/622/622 621/621/621 619/619/619
f 625/625/625 624/624/624 623/623/623
f 626/626/626 625/625/625 623/623/623
f 629/629/629 628/628/628 627/627/627
f 630/630/630 629/629/629 627/627/627
f 633/633/633 632/632/632 631/631/631
f 634/634/634 633/633/633 631/631/631
f 634/634/634 631/631/631 635/635/635
f 636/636/636 634/634/634 635/635/635
f 639/639/639 638/638/638 637/637/637
f 640/640/640 639/639/639 637/637/637
f 640/640/640 637/637/637 641/641/641
f 642/642/642 640/640/640 641/641/641
f 645/645/645 644/644/644 643/643/643
f 646/646/646 645/645/645 643/643/643
f 646/646/646 643/643/643 647/647/647
f 648/648/648 646/646/646 647/647/647
f 649/649/649 645/645/645 646/646/646
f 650/650/650 646/646/646 648/648/648
f 650/650/650 649/649/649 646/646/646
f 651/651/651 650/650/650 648/648/648
f 651/651/651 652/652/652 650/650/650
f 651/651/651 653/653/653 652/652/652
f 652/652/652 654/654/654 650/650/650
f 650/650/650 654/654/654 649/649/649
f 653/653/653 655/655/655 652/652/652
f 653/653/653 656/656/656 655/655/655
f 656/656/656 657/657/657 655/655/655
f 654/654/654 658/658/658 649/649/649
f 658/658/658 659/659/659 649/649/649
f 659/659/659 660/660/660 649/649/649
f 663/663/663 662/662/662 661/661/661
f 664/664/664 663/663/663 661/661/661
f 664/664/664 661/661/661 665/665/665
f 666/666/666 664/664/664 665/665/665
f 665/665/665 667/667/667 666/666/666
f 667/667/667 668/668/668 666/666/666
f 667/667/667 669/669/669 668/668/668
f 669/669/669 670/670/670 668/668/668
f 669/669/669 671/671/671 670/670/670
f 671/671/671 672/672/672 670/670/670
f 671/671/671 673/673/673 672/672/672
f 673/673/673 674/674/674 672/672/672
f 677/677/677 676/676/676 675/675/675
f 678/678/678 677/677/677 675/675/675
f 677/677/677 678/678/678 679/679/679
f 680/680/680 677/677/677 679/679/679
f 683/683/683 682/682/682 681/681/681
f 684/684/684 683/683/683 681/681/681
f 684/684/684 681/681/681 685/685/685
f 686/686/686 684/684/684 685/685/685
f 689/689/689 688/688/688 687/687/687
f 688/688/688 690/690/690 687/687/687
f 690/690/690 688/688/688 691/691/691
f 688/688/688 692/692/692 691/691/691
f 691/691/691 692/692/692 693/693/693
f 694/694/694 691/691/691 693/693/693
f 697/697/697 696/696/696 695/695/695
f 698/698/698 697/697/697 695/695/695
f 699/699/699 698/698/698 695/695/695
f 700/700/700 699/699/699 695/695/695
f 701/701/701 699/699/699 700/700/700
f 702/702/702 700/700/700 695/695/695
f 703/703/703 702/702/702 695/695/695
f 704/704/704 702/702/702 703/703/703
f 705/705/705 704/704/704 703/703/703
f 704/704/704 706/706/706 702/702/702
f 706/706/706 707/707/707 702/702/702
f 702/702/702 707/707/707 700/700/700
f 707/707/707 708/708/708 700/700/700
f 708/708/708 701/701/701 700/700/700
f 708/708/708 709/709/709 701/701/701
f 709/709/709 710/710/710 701/701/701
f 713/713/713 712/712/712 711/711/711
f 714/714/714 713/713/713 711/711/711
f 717/717/717 716/716/716 715/715/715
f 716/716/716 718/718/718 715/715/715
f 715/715/715 718/718/718 719/719/719
f 718/718/718 720/720/720 719/719/719
f 723/723/723 722/722/722 721/721/721
f 724/724/724 723/723/723 721/721/721
f 727/727/727 726/726/726 725/725/725
f 728/728/728 727/727/727 725/725/725
f 731/731/731 730/730/730 729/729/729
f 732/732/732 731/731/731 729/729/729
f 735/735/735 734/734/734 733/733/733
f 736/736/736 735/735/735 733/733/733
f 739/739/739 738/738/738 737/737/737
f 737/737/737 738/738/738 740/740/740
f 743/743/743 742/742/742 741/741/741
f 742/742/742 744/744/744 741/741/741
f 741/741/741 744/744/744 745/745/745
f 742/742/742 746/746/746 744/744/744
f 746/746/746 747/747/747 744/744/744
f 744/744/744 748/748/748 745/745/745
f 744/744/744 749/749/749 748/748/748
f 744/744/744 750/750/750 749/749/749
f 753/753/753 752/752/752 751/751/751
f 752/752/752 754/754/754 751/751/751
f 752/752/752 755/755/755 754/754/754
f 755/755/755 756/756/756 754/754/754
f 759/759/759 758/758/758 757/757/757
f 758/758/758 760/760/760 757/757/757
f 757/757/757 760/760/760 761/761/761
f 760/760/760 762/762/762 761/761/761
f 760/760/760 763/763/763 762/762/762
f 763/763/763 764/764/764 762/762/762
f 765/765/765 763/763/763 760/760/760
f 766/766/766 765/765/765 760/760/760
f 769/769/769 768/768/768 767/767/767
f 770/770/770 769/769/769 767/767/767
f 773/773/773 772/772/772 771/771/771
f 774/774/774 773/773/773 771/771/771
f 775/775/775 773/773/773 774/774/774
f 776/776/776 775/775/775 774/774/774
f 779/779/779 778/778/778 777/777/777
f 778/778/778 780/780/780 777/777/777
f 777/777/777 780/780/780 781/781/781
f 780/780/780 782/782/782 781/781/781
f 781/781/781 782/782/782 783/783/783
f 782/782/782 784/784/784 783/783/783
f 787/787/787 786/786/786 785/785/785
f 786/786/786 788/788/788 785/785/785
f 788/788/788 786/786/786 789/789/789
f 790/790/790 788/788/788 789/789/789
f 790/790/790 789/789/789 791/791/791
f 789/789/789 792/792/792 791/791/791
f 792/792/792 793/793/793 791/791/791
f 793/793/793 794/794/794 791/791/791
f 797/797/797 796/796/796 795/795/795
f 796/796/796 798/798/798 795/795/795
f 795/795/795 798/798/798 799/799/799
f 798/798/798 800/800/800 799/799/799
f 799/799/799 800/800/800 801/801/801
f 800/800/800 802/802/802 801/801/801
f 805/805/805 804/804/804 803/803/803
f 806/806/806 805/805/805 803/803/803
f 807/807/807 805/805/805 806/806/806
f 808/808/808 807/807/807 806/806/806
f 811/811/811 810/810/810 809/809/809
f 812/812/812 811/811/811 809/809/809
f 813/813/813 811/811/811 812/812/812
f 814/814/814 812/812/812 809/809/809
f 815/815/815 814/814/814 809/809/809
f 809/809/809 816/816/816 815/815/815
f 817/817/817 813/813/813 812/812/812
f 818/818/818 817/817/817 812/812/812
f 814/814/814 818/818/818 812/812/812
f 817/817/817 819/819/819 813/813/813
f 819/819/819 817/817/817 818/818/818
f 819/819/819 820/820/820 813/813/813
f 820/820/820 819/819/819 821/821/821
f 822/822/822 820/820/820 821/821/821
f 821/821/821 819/819/819 823/823/823
f 819/819/819 824/824/824 823/823/823
f 824/824/824 819/819/819 818/818/818
f 823/823/823 824/824/824 825/825/825
f 826/826/826 823/823/823 825/825/825
f 825/825/825 824/824/824 827/827/827
f 824/824/824 818/818/818 827/827/827
f 827/827/827 818/818/818 828/828/828
f 818/818/818 814/814/814 828/828/828
f 828/828/828 814/814/814 829/829/829
f 814/814/814 815/815/815 829/829/829
f 829/829/829 815/815/815 830/830/830
f 815/815/815 831/831/831 830/830/830
f 830/830/830 831/831/831 832/832/832
f 816/816/816 831/831/831 815/815/815
f 831/831/831 833/833/833 832/832/832
f 831/831/831 816/816/816 833/833/833
f 816/816/816 834/834/834 833/833/833
f 837/837/837 836/836/836 835/835/835
f 836/836/836 838/838/838 835/835/835
f 835/835/835 838/838/838 839/839/839
f 838/838/838 840/840/840 839/839/839
f 838/838/838 836/836/836 841/841/841
f 836/836/836 842/842/842 841/841/841
f 836/836/836 843/843/843 842/842/842
f 842/842/842 844/844/844 841/841/841
f 844/844/844 845/845/845 841/841/841
f 843/843/843 846/846/846 842/842/842
f 847/847/847 846/846/846 843/843/843
f 848/848/848 847/847/847 843/843/843
f 848/848/848 849/849/849 847/847/847
f 849/849/849 850/850/850 847/847/847
f 850/850/850 849/849/849 851/851/851
f 852/852/852 850/850/850 851/851/851
f 855/855/855 854/854/854 853/853/853
f 856/856/856 855/855/855 853/853/853
f 857/857/857 855/855/855 856/856/856
f 858/858/858 857/857/857 856/856/856
f 858/858/858 856/856/856 859/859/859
f 860/860/860 858/858/858 859/859/859
f 863/863/863 862/862/862 861/861/861
f 864/864/864 863/863/863 861/861/861
f 867/867/867 866/866/866 865/865/865
f 868/868/868 867/867/867 865/865/865
f 871/871/871 870/870/870 869/869/869
f 872/872/872 871/871/871 869/869/869
f 875/875/875 874/874/874 873/873/873
f 874/874/874 876/876/876 873/873/873
f 873/873/873 876/876/876 877/877/877
f 876/876/876 878/878/878 877/877/877
f 878/878/878 876/876/876 879/879/879
f 880/880/880 878/878/878 879/879/879
f 881/881/881 880/880/880 879/879/879
f 882/882/882 881/881/881 879/879/879
f 879/879/879 883/883/883 882/882/882
f 881/881/881 882/882/882 884/884/884
f 882/882/882 885/885/885 884/884/884
f 883/883/883 886/886/886 882/882/882
f 882/882/882 886/886/886 887/887/887
f 888/888/888 882/882/882 887/887/887
f 891/891/891 890/890/890 889/889/889
f 892/892/892 891/891/891 889/889/889
f 895/895/895 894/894/894 893/893/893
f 896/896/896 895/895/895 893/893/893
f 899/899/899 898/898/898 897/897/897
f 898/898/898 900/900/900 897/897/897
f 900/900/900 898/898/898 901/901/901
f 902/902/902 900/900/900 901/901/901
f 902/902/902 901/901/901 903/903/903
f 901/901/901 904/904/904 903/903/903
f 903/903/903 904/904/904 905/905/905
f 906/906/906 903/903/903 905/905/905
f 903/903/903 907/907/907 902/902/902
f 907/907/907 903/903/903 906/906/906
f 908/908/908 907/907/907 906/906/906
f 907/907/907 908/908/908 909/909/909
f 910/910/910 907/907/907 909/909/909
f 907/907/907 911/911/911 902/902/902
f 911/911/911 907/907/907 910/910/910
f 912/912/912 911/911/911 910/910/910
f 913/913/913 911/911/911 912/912/912
f 914/914/914 913/913/913 912/912/912
f 917/917/917 916/916/916 915/915/915
f 916/916/916 918/918/918 915/915/915
f 915/915/915 918/918/918 919/919/919
f 918/918/918 920/920/920 919/919/919
f 919/919/919 920/920/920 921/921/921
f 922/922/922 919/919/919 921/921/921
f 925/925/925 924/924/924 923/923/923
f 924/924/924 926/926/926 923/923/923
f 926/926/926 924/924/924 927/927/927
f 928/928/928 926/926/926 927/927/927
f 929/929/929 928/928/928 927/927/927
f 930/930/930 929/929/929 927/927/927
f 929/929/929 930/930/930 931/931/931
f 932/932/932 929/929/929 931/931/931
f 933/933/933 932/932/932 931/931/931
f 934/934/934 933/933/933 931/931/931
f 933/933/933 934/934/934 935/935/935
f 934/934/934 936/936/936 935/935/935
f 939/939/939 938/938/938 937/937/937
f 940/940/940 937/937/937 938/938/938
f 943/943/943 942/942/942 941/941/941
f 944/944/944 943/943/943 941/941/941
f 945/945/945 943/943/943 944/944/944
f 946/946/946 945/945/945 944/944/944
f 947/947/947 946/946/946 944/944/944
f 948/948/948 944/944/944 941/941/941
f 948/948/948 947/947/947 944/944/944
f 949/949/949 947/947/947 948/948/948
f 950/950/950 948/948/948 941/941/941
f 951/951/951 949/949/949 948/948/948
f 951/951/951 948/948/948 950/950/950
f 952/952/952 951/951/951 950/950/950
f 955/955/955 954/954/954 953/953/953
f 954/954/954 956/956/956 953/953/953
f 957/957/957 953/953/953 956/956/956
f 957/957/957 958/958/958 953/953/953
f 958/958/958 959/959/959 953/953/953
f 958/958/958 960/960/960 959/959/959
f 960/960/960 961/961/961 959/959/959
f 960/960/960 962/962/962 961/961/961
f 962/962/962 963/963/963 961/961/961
f 962/962/962 964/964/964 963/963/963
f 964/964/964 965/965/965 963/963/963
f 964/964/964 966/966/966 965/965/965
f 966/966/966 956/956/956 965/965/965
f 966/966/966 957/957/957 956/956/956
f 957/957/957 966/966/966 967/967/967
f 966/966/966 968/968/968 967/967/967
f 971/971/971 970/970/970 969/969/969
f 972/972/972 971/971/971 969/969/969
f 973/973/973 971/971/971 972/972/972
f 974/974/974 973/973/973 972/972/972
f 977/977/977 976/976/976 975/975/975
f 978/978/978 977/977/977 975/975/975
f 978/978/978 975/975/975 979/979/979
f 980/980/980 978/978/978 979/979/979
f 981/981/981 978/978/978 980/980/980
f 982/982/982 981/981/981 980/980/980
f 985/985/985 984/984/984 983/983/983
f 986/986/986 985/985/985 983/983/983
f 986/986/986 983/983/983 987/987/987
f 988/988/988 986/986/986 987/987/987
f 989/989/989 986/986/986 988/988/988
f 990/990/990 989/989/989 988/988/988
f 993/993/993 992/992/992 991/991/991
f 994/994/994 993/993/993 991/991/991
f 994/994/994 991/991/991 995/995/995
f 996/996/996 994/994/994 995/995/995
f 996/996/996 995/995/995 997/997/997
f 998/998/998 996/996/996 997/997/997
f 998/998/998 997/997/997 999/999/999
f 1000/1000/1000 998/998/998 999/999/999
f 1000/1000/1000 999/999/999 1001/1001/1001
f 1002/1002/1002 1000/1000/1000 1001/1001/1001
f 1005/1005/1005 1004/1004/1004 1003/1003/1003
f 1006/1006/1006 1005/1005/1005 1003/1003/1003
f 1007/1007/1007 1005/1005/1005 1006/1006/1006
f 1008/1008/1008 1007/1007/1007 1006/1006/1006
f 1008/1008/1008 1006/1006/1006 1009/1009/1009
f 1010/1010/1010 1008/1008/1008 1009/1009/1009
f 1013/1013/1013 1012/1012/1012 1011/1011/1011
f 1012/1012/1012 1014/1014/1014 1011/1011/1011
f 1014/1014/1014 1015/1015/1015 1011/1011/1011
f 1015/1015/1015 1016/1016/1016 1011/1011/1011
f 1019/1019/1019 1018/1018/1018 1017/1017/1017
f 1020/1020/1020 1019/1019/1019 1017/1017/1017
f 1019/1019/1019 1020/1020/1020 1021/1021/1021
f 1020/1020/1020 1022/1022/1022 1021/1021/1021
f 1021/1021/1021 1022/1022/1022 1023/1023/1023
f 1022/1022/1022 1024/1024/1024 1023/1023/1023
f 1023/1023/1023 1024/1024/1024 1025/1025/1025
f 1024/1024/1024 1026/1026/1026 1025/1025/1025
f 1025/1025/1025 1026/1026/1026 1027/1027/1027
f 1026/1026/1026 1028/1028/1028 1027/1027/1027
f 1031/1031/1031 1030/1030/1030 1029/1029/1029
f 1030/1030/1030 1032/1032/1032 1029/1029/1029
f 1033/1033/1033 1032/1032/1032 1030/1030/1030
f 1034/1034/1034 1033/1033/1033 1030/1030/1030
f 1032/1032/1032 1033/1033/1033 1035/1035/1035
f 1036/1036/1036 1032/1032/1032 1035/1035/1035
f 1033/1033/1033 1037/1037/1037 1035/1035/1035
f 1038/1038/1038 1037/1037/1037 1033/1033/1033
f 1034/1034/1034 1038/1038/1038 1033/1033/1033
f 1039/1039/1039 1038/1038/1038 1034/1034/1034
f 1042/1042/1042 1041/1041/1041 1040/1040/1040
f 1041/1041/1041 1043/1043/1043 1040/1040/1040
f 1040/1040/1040 1043/1043/1043 1044/1044/1044
f 1045/1045/1045 1040/1040/1040 1044/1044/1044
f 1045/1045/1045 1044/1044/1044 1046/1046/1046
f 1044/1044/1044 1047/1047/1047 1046/1046/1046
f 1048/1048/1048 1045/1045/1045 1046/1046/1046
f 1047/1047/1047 1049/1049/1049 1046/1046/1046
f 1050/1050/1050 1048/1048/1048 1046/1046/1046
f 1049/1049/1049 1051/1051/1051 1046/1046/1046
f 1052/1052/1052 1050/1050/1050 1046/1046/1046
f 1053/1053/1053 1046/1046/1046 1051/1051/1051
f 1054/1054/1054 1052/1052/1052 1046/1046/1046
f 1053/1053/1053 1054/1054/1054 1046/1046/1046
f 1057/1057/1057 1056/1056/1056 1055/1055/1055
f 1058/1058/1058 1057/1057/1057 1055/1055/1055
f 1059/1059/1059 1057/1057/1057 1058/1058/1058
f 1060/1060/1060 1059/1059/1059 1058/1058/1058
f 1060/1060/1060 1058/1058/1058 1061/1061/1061
f 1062/1062/1062 1060/1060/1060 1061/1061/1061
f 1063/1063/1063 1059/1059/1059 1060/1060/1060
f 1060/1060/1060 1062/1062/1062 1064/1064/1064
f 1065/1065/1065 1063/1063/1063 1060/1060/1060
f 1065/1065/1065 1060/1060/1060 1064/1064/1064
f 1066/1066/1066 1063/1063/1063 1065/1065/1065
f 1067/1067/1067 1066/1066/1066 1065/1065/1065
f 1068/1068/1068 1067/1067/1067 1065/1065/1065
f 1069/1069/1069 1068/1068/1068 1065/1065/1065
f 1065/1065/1065 1064/1064/1064 1069/1069/1069
f 1064/1064/1064 1070/1070/1070 1069/1069/1069
f 1073/1073/1073 1072/1072/1072 1071/1071/1071
f 1074/1074/1074 1073/1073/1073 1071/1071/1071
f 1077/1077/1077 1076/1076/1076 1075/1075/1075
f 1078/1078/1078 1077/1077/1077 1075/1075/1075
f 1079/1079/1079 1077/1077/1077 1078/1078/1078
f 1080/1080/1080 1079/1079/1079 1078/1078/1078
f 1081/1081/1081 1079/1079/1079 1080/1080/1080
f 1082/1082/1082 1081/1081/1081 1080/1080/1080
f 1083/1083/1083 1081/1081/1081 1082/1082/1082
f 1084/1084/1084 1083/1083/1083 1082/1082/1082
f 1087/1087/1087 1086/1086/1086 1085/1085/1085
f 1088/1088/1088 1087/1087/1087 1085/1085/1085
f 1089/1089/1089 1087/1087/1087 1088/1088/1088
f 1090/1090/1090 1089/1089/1089 1088/1088/1088
f 1091/1091/1091 1089/1089/1089 1090/1090/1090
f 1092/1092/1092 1091/1091/1091 1090/1090/1090
f 1093/1093/1093 1091/1091/1091 1092/1092/1092
f 1094/1094/1094 1093/1093/1093 1092/1092/1092
f 1097/1097/1097 1096/1096/1096 1095/1095/1095
f 1098/1098/1098 1097/1097/1097 1095/1095/1095
f 1098/1098/1098 1095/1095/1095 1099/1099/1099
f 1100/1100/1100 1097/1097/1097 1098/1098/1098
f 1101/1101/1101 1098/1098/1098 1099/1099/1099
f 1102/1102/1102 1100/1100/1100 1098/1098/1098
f 1102/1102/1102 1098/1098/1098 1101/1101/1101
f 1103/1103/1103 1100/1100/1100 1102/1102/1102
f 1104/1104/1104 1102/1102/1102 1101/1101/1101
f 1105/1105/1105 1103/1103/1103 1102/1102/1102
f 1105/1105/1105 1102/1102/1102 1104/1104/1104
f 1106/1106/1106 1103/1103/1103 1105/1105/1105
f 1107/1107/1107 1105/1105/1105 1104/1104/1104
f 1108/1108/1108 1106/1106/1106 1105/1105/1105
f 1108/1108/1108 1105/1105/1105 1107/1107/1107
f 1109/1109/1109 1108/1108/1108 1107/1107/1107
f 1112/1112/1112 1111/1111/1111 1110/1110/1110
f 1113/1113/1113 1112/1112/1112 1110/1110/1110
f 1114/1114/1114 1112/1112/1112 1113/1113/1113
f 1115/1115/1115 1114/1114/1114 1113/1113/1113
f 1116/1116/1116 1114/1114/1114 1115/1115/1115
f 1117/1117/1117 1116/1116/1116 1115/1115/1115
f 1120/1120/1120 1119/1119/1119 1118/1118/1118
f 1121/1121/1121 1120/1120/1120 1118/1118/1118
f 1121/1121/1121 1118/1118/1118 1122/1122/1122
f 1123/1123/1123 1121/1121/1121 1122/1122/1122
f 1123/1123/1123 1122/1122/1122 1124/1124/1124
f 1125/1125/1125 1123/1123/1123 1124/1124/1124
f 1125/1125/1125 1124/1124/1124 1126/1126/1126
f 1127/1127/1127 1125/1125/1125 1126/1126/1126
f 1127/1127/1127 1126/1126/1126 1128/1128/1128
f 1129/1129/1129 1127/1127/1127 1128/1128/1128
f 1132/1132/1132 1131/1131/1131 1130/1130/1130
f 1133/1133/1133 1132/1132/1132 1130/1130/1130
f 1133/1133/1133 1130/1130/1130 1134/1134/1134
f 1135/1135/1135 1132/1132/1132 1133/1133/1133
f 1136/1136/1136 1133/1133/1133 1134/1134/1134
f 1137/1137/1137 1135/1135/1135 1133/1133/1133
f 1137/1137/1137 1133/1133/1133 1136/1136/1136
f 1138/1138/1138 1135/1135/1135 1137/1137/1137
f 1139/1139/1139 1137/1137/1137 1136/1136/1136
f 1140/1140/1140 1138/1138/1138 1137/1137/1137
f 1140/1140/1140 1137/1137/1137 1139/1139/1139
f 1141/1141/1141 1140/1140/1140 1139/1139/1139
f 1144/1144/1144 1143/1143/1143 1142/1142/1142
f 1145/1145/1145 1144/1144/1144 1142/1142/1142
f 1145/1145/1145 1142/1142/1142 1146/1146/1146
f 1147/1147/1147 1144/1144/1144 1145/1145/1145
f 1148/1148/1148 1145/1145/1145 1146/1146/1146
f 1149/1149/1149 1147/1147/1147 1145/1145/1145
f 1149/1149/1149 1145/1145/1145 1148/1148/1148
f 1150/1150/1150 1147/1147/1147 1149/1149/1149
f 1151/1151/1151 1149/1149/1149 1148/1148/1148
f 1152/1152/1152 1150/1150/1150 1149/1149/1149
f 1152/1152/1152 1149/1149/1149 1151/1151/1151
f 1153/1153/1153 1152/1152/1152 1151/1151/1151
f 1156/1156/1156 1155/1155/1155 1154/1154/1154
f 1154/1154/1154 1157/1157/1157 1156/1156/1156
f 1157/1157/1157 1158/1158/1158 1156/1156/1156
f 1157/1157/1157 1159/1159/1159 1158/1158/1158
f 1159/1159/1159 1160/1160/1160 1158/1158/1158
f 1159/1159/1159 1161/1161/1161 1160/1160/1160
f 1161/1161/1161 1162/1162/1162 1160/1160/1160
f 1161/1161/1161 1163/1163/1163 1162/1162/1162
f 1166/1166/1166 1165/1165/1165 1164/1164/1164
f 1165/1165/1165 1167/1167/1167 1164/1164/1164
f 1168/1168/1168 1164/1164/1164 1167/1167/1167
f 1169/1169/1169 1168/1168/1168 1167/1167/1167
f 1170/1170/1170 1169/1169/1169 1167/1167/1167
f 1171/1171/1171 1169/1169/1169 1170/1170/1170
f 1172/1172/1172 1171/1171/1171 1170/1170/1170
f 1175/1175/1175 1174/1174/1174 1173/1173/1173
f 1174/1174/1174 1176/1176/1176 1173/1173/1173
f 1174/1174/1174 1177/1177/1177 1176/1176/1176
f 1177/1177/1177 1178/1178/1178 1176/1176/1176
f 1179/1179/1179 1176/1176/1176 1178/1178/1178
f 1180/1180/1180 1179/1179/1179 1178/1178/1178
f 1181/1181/1181 1179/1179/1179 1180/1180/1180
f 1182/1182/1182 1181/1181/1181 1180/1180/1180
f 1181/1181/1181 1183/1183/1183 1179/1179/1179
f 1183/1183/1183 1184/1184/1184 1179/1179/1179
f 1187/1187/1187 1186/1186/1186 1185/1185/1185
f 1186/1186/1186 1188/1188/1188 1185/1185/1185
f 1188/1188/1188 1189/1189/1189 1185/1185/1185
f 1190/1190/1190 1185/1185/1185 1189/1189/1189
f 1191/1191/1191 1190/1190/1190 1189/1189/1189
f 1192/1192/1192 1190/1190/1190 1191/1191/1191
f 1193/1193/1193 1192/1192/1192 1191/1191/1191
f 1196/1196/1196 1195/1195/1195 1194/1194/1194
f 1197/1197/1197 1196/1196/1196 1194/1194/1194
f 1197/1197/1197 1194/1194/1194 1198/1198/1198
f 1199/1199/1199 1196/1196/1196 1197/1197/1197
f 1200/1200/1200 1197/1197/1197 1198/1198/1198
f 1201/1201/1201 1199/1199/1199 1197/1197/1197
f 1201/1201/1201 1197/1197/1197 1200/1200/1200
f 1200/1200/1200 1202/1202/1202 1201/1201/1201
f 1205/1205/1205 1204/1204/1204 1203/1203/1203
f 1204/1204/1204 1206/1206/1206 1203/1203/1203
f 1207/1207/1207 1203/1203/1203 1206/1206/1206
f 1208/1208/1208 1207/1207/1207 1206/1206/1206
f 1208/1208/1208 1206/1206/1206 1209/1209/1209
f 1210/1210/1210 1207/1207/1207 1208/1208/1208
f 1211/1211/1211 1208/1208/1208 1209/1209/1209
f 1212/1212/1212 1210/1210/1210 1208/1208/1208
f 1212/1212/1212 1208/1208/1208 1211/1211/1211
f 1213/1213/1213 1210/1210/1210 1212/1212/1212
f 1214/1214/1214 1212/1212/1212 1211/1211/1211
f 1215/1215/1215 1213/1213/1213 1212/1212/1212
f 1215/1215/1215 1212/1212/1212 1214/1214/1214
f 1216/1216/1216 1213/1213/1213 1215/1215/1215
f 1217/1217/1217 1215/1215/1215 1214/1214/1214
f 1218/1218/1218 1216/1216/1216 1215/1215/1215
f 1218/1218/1218 1215/1215/1215 1217/1217/1217
f 1219/1219/1219 1218/1218/1218 1217/1217/1217
f 1222/1222/1222 1221/1221/1221 1220/1220/1220
f 1223/1223/1223 1222/1222/1222 1220/1220/1220
f 1223/1223/1223 1220/1220/1220 1224/1224/1224
f 1225/1225/1225 1222/1222/1222 1223/1223/1223
f 1225/1225/1225 1226/1226/1226 1222/1222/1222
f 1226/1226/1226 1225/1225/1225 1227/1227/1227
f 1225/1225/1225 1228/1228/1228 1227/1227/1227
f 1225/1225/1225 1229/1229/1229 1228/1228/1228
f 1229/1229/1229 1225/1225/1225 1223/1223/1223
f 1229/1229/1229 1230/1230/1230 1228/1228/1228
f 1231/1231/1231 1224/1224/1224 1230/1230/1230
f 1231/1231/1231 1223/1223/1223 1224/1224/1224
f 1229/1229/1229 1231/1231/1231 1230/1230/1230
f 1223/1223/1223 1231/1231/1231 1229/1229/1229
f 1234/1234/1234 1233/1233/1233 1232/1232/1232
f 1235/1235/1235 1234/1234/1234 1232/1232/1232
f 1238/1238/1238 1237/1237/1237 1236/1236/1236
f 1239/1239/1239 1238/1238/1238 1236/1236/1236
f 1242/1242/1242 1241/1241/1241 1240/1240/1240
f 1243/1243/1243 1242/1242/1242 1240/1240/1240
f 1246/1246/1246 1245/1245/1245 1244/1244/1244
f 1247/1247/1247 1246/1246/1246 1244/1244/1244
f 1250/1250/1250 1249/1249/1249 1248/1248/1248
f 1251/1251/1251 1250/1250/1250 1248/1248/1248
f 1254/1254/1254 1253/1253/1253 1252/1252/1252
f 1253/1253/1253 1255/1255/1255 1252/1252/1252
f 1252/1252/1252 1255/1255/1255 1256/1256/1256
f 1255/1255/1255 1257/1257/1257 1256/1256/1256
f 1260/1260/1260 1259/1259/1259 1258/1258/1258
f 1261/1261/1261 1260/1260/1260 1258/1258/1258
f 1262/1262/1262 1260/1260/1260 1261/1261/1261
f 1263/1263/1263 1262/1262/1262 1261/1261/1261
f 1266/1266/1266 1265/1265/1265 1264/1264/1264
f 1267/1267/1267 1266/1266/1266 1264/1264/1264
f 1268/1268/1268 1266/1266/1266 1267/1267/1267
f 1269/1269/1269 1268/1268/1268 1267/1267/1267
f 1272/1272/1272 1271/1271/1271 1270/1270/1270
f 1273/1273/1273 1272/1272/1272 1270/1270/1270
f 1274/1274/1274 1272/1272/1272 1273/1273/1273
f 1275/1275/1275 1274/1274/1274 1273/1273/1273
f 1278/1278/1278 1277/1277/1277 1276/1276/1276
f 1279/1279/1279 1278/1278/1278 1276/1276/1276
f 1279/1279/1279 1276/1276/1276 1280/1280/1280
f 1281/1281/1281 1279/1279/1279 1280/1280/1280
f 1284/1284/1284 1283/1283/1283 1282/1282/1282
f 1285/1285/1285 1284/1284/1284 1282/1282/1282
f 1285/1285/1285 1282/1282/1282 1286/1286/1286
f 1287/1287/1287 1285/1285/1285 1286/1286/1286
f 1290/1290/1290 1289/1289/1289 1288/1288/1288
f 1289/1289/1289 1291/1291/1291 1288/1288/1288
f 1289/1289/1289 1292/1292/1292 1291/1291/1291
f 1292/1292/1292 1293/1293/1293 1291/1291/1291
f 1296/1296/1296 1295/1295/1295 1294/1294/1294
f 1295/1295/1295 1297/1297/1297 1294/1294/1294
f 1295/1295/1295 1298/1298/1298 1297/1297/1297
f 1298/1298/1298 1299/1299/1299 1297/1297/1297
f 1302/1302/1302 1301/1301/1301 1300/1300/1300
f 1301/1301/1301 1303/1303/1303 1300/1300/1300
f 1301/1301/1301 1304/1304/1304 1303/1303/1303
f 1304/1304/1304 1305/1305/1305 1303/1303/1303
f 1308/1308/1308 1307/1307/1307 1306/1306/1306
f 1306/1306/1306 1309/1309/1309 1308/1308/1308
f 1309/1309/1309 1310/1310/1310 1308/1308/1308
f 1309/1309/1309 1311/1311/1311 1310/1310/1310
f 1311/1311/1311 1312/1312/1312 1310/1310/1310
f 1311/1311/1311 1313/1313/1313 1312/1312/1312
f 1316/1316/1316 1315/1315/1315 1314/1314/1314
f 1315/1315/1315 1317/1317/1317 1314/1314/1314
f 1315/1315/1315 1318/1318/1318 1317/1317/1317
f 1318/1318/1318 1319/1319/1319 1317/1317/1317
f 1322/1322/1322 1321/1321/1321 1320/1320/1320
f 1321/1321/1321 1323/1323/1323 1320/1320/1320
f 1321/1321/1321 1324/1324/1324 1323/1323/1323
f 1324/1324/1324 1325/1325/1325 1323/1323/1323
f 1328/1328/1328 1327/1327/1327 1326/1326/1326
f 1327/1327/1327 1329/1329/1329 1326/1326/1326
f 1327/1327/1327 1330/1330/1330 1329/1329/1329
f 1330/1330/1330 1331/1331/1331 1329/1329/1329
f 1334/1334/1334 1333/1333/1333 1332/1332/1332
f 1335/1335/1335 1334/1334/1334 1332/1332/1332
f 1338/1338/1338 1337/1337/1337 1336/1336/1336
f 1339/1339/1339 1338/1338/1338 1336/1336/1336
f 1340/1340/1340 1338/1338/1338 1339/1339/1339
f 1341/1341/1341 1340/1340/1340 1339/1339/1339
f 1344/1344/1344 1343/1343/1343 1342/1342/1342
f 1345/1345/1345 1344/1344/1344 1342/1342/1342
f 1348/1348/1348 1347/1347/1347 1346/1346/1346
f 1349/1349/1349 1348/1348/1348 1346/1346/1346
f 1352/1352/1352 1351/1351/1351 1350/1350/1350
f 1353/1353/1353 1352/1352/1352 1350/1350/1350
f 1353/1353/1353 1350/1350/1350 1354/1354/1354
f 1355/1355/1355 1353/1353/1353 1354/1354/1354
f 1355/1355/1355 1354/1354/1354 1356/1356/1356
f 1357/1357/1357 1355/1355/1355 1356/1356/1356
f 1357/1357/1357 1356/1356/1356 1358/1358/1358
f 1359/1359/1359 1357/1357/1357 1358/1358/1358
f 1362/1362/1362 1361/1361/1361 1360/1360/1360
f 1363/1363/1363 1362/1362/1362 1360/1360/1360
f 1363/1363/1363 1360/1360/1360 1364/1364/1364
f 1365/1365/1365 1363/1363/1363 1364/1364/1364
f 1368/1368/1368 1367/1367/1367 1366/1366/1366
f 1369/1369/1369 1368/1368/1368 1366/1366/1366
f 1372/1372/1372 1371/1371/1371 1370/1370/1370
f 1373/1373/1373 1372/1372/1372 1370/1370/1370
f 1373/1373/1373 1370/1370/1370 1374/1374/1374
f 1375/1375/1375 1373/1373/1373 1374/1374/1374
f 1375/1375/1375 1374/1374/1374 1376/1376/1376
f 1377/1377/1377 1375/1375/1375 1376/1376/1376
f 1377/1377/1377 1376/1376/1376 1378/1378/1378
f 1379/1379/1379 1377/1377/1377 1378/1378/1378
f 1382/1382/1382 1381/1381/1381 1380/1380/1380
f 1380/1380/1380 1383/1383/1383 1382/1382/1382
f 1380/1380/1380 1384/1384/1384 1383/1383/1383
f 1387/1387/1387 1386/1386/1386 1385/1385/1385
f 1386/1386/1386 1388/1388/1388 1385/1385/1385
f 1386/1386/1386 1389/1389/1389 1388/1388/1388
f 1389/1389/1389 1390/1390/1390 1388/1388/1388
f 1393/1393/1393 1392/1392/1392 1391/1391/1391
f 1394/1394/1394 1393/1393/1393 1391/1391/1391
f 1397/1397/1397 1396/1396/1396 1395/1395/1395
f 1398/1398/1398 1397/1397/1397 1395/1395/1395
f 1401/1401/1401 1400/1400/1400 1399/1399/1399
f 1402/1402/1402 1401/1401/1401 1399/1399/1399
f 1405/1405/1405 1404/1404/1404 1403/1403/1403
f 1406/1406/1406 1405/1405/1405 1403/1403/1403
f 1409/1409/1409 1408/1408/1408 1407/1407/1407
f 1408/1408/1408 1410/1410/1410 1407/1407/1407
f 1408/1408/1408 1411/1411/1411 1410/1410/1410
f 1411/1411/1411 1412/1412/1412 1410/1410/1410
f 1411/1411/1411 1413/1413/1413 1412/1412/1412
f 1413/1413/1413 1414/1414/1414 1412/1412/1412
f 1417/1417/1417 1416/1416/1416 1415/1415/1415
f 1418/1418/1418 1417/1417/1417 1415/1415/1415
f 1421/1421/1421 1420/1420/1420 1419/1419/1419
f 1422/1422/1422 1421/1421/1421 1419/1419/1419
f 1425/1425/1425 1424/1424/1424 1423/1423/1423
f 1426/1426/1426 1425/1425/1425 1423/1423/1423
f 1429/1429/1429 1428/1428/1428 1427/1427/1427
f 1430/1430/1430 1429/1429/1429 1427/1427/1427
f 1433/1433/1433 1432/1432/1432 1431/1431/1431
f 1434/1434/1434 1433/1433/1433 1431/1431/1431
f 1437/1437/1437 1436/1436/1436 1435/1435/1435
f 1438/1438/1438 1437/1437/1437 1435/1435/1435
f 1441/1441/1441 1440/1440/1440 1439/1439/1439
f 1440/1440/1440 1442/1442/1442 1439/1439/1439
f 1439/1439/1439 1442/1442/1442 1443/1443/1443
f 1442/1442/1442 1444/1444/1444 1443/1443/1443
f 1447/1447/1447 1446/1446/1446 1445/1445/1445
f 1446/1446/1446 1448/1448/1448 1445/1445/1445
f 1445/1445/1445 1448/1448/1448 1449/1449/1449
f 1448/1448/1448 1450/1450/1450 1449/1449/1449
f 1453/1453/1453 1452/1452/1452 1451/1451/1451
f 1452/1452/1452 1454/1454/1454 1451/1451/1451
f 1451/1451/1451 1454/1454/1454 1455/1455/1455
f 1454/1454/1454 1456/1456/1456 1455/1455/1455
f 1452/1452/1452 1457/1457/1457 1454/1454/1454
f 1454/1454/1454 1458/1458/1458 1456/1456/1456
f 1457/1457/1457 1458/1458/1458 1454/1454/1454
f 1458/1458/1458 1459/1459/1459 1456/1456/1456
f 1460/1460/1460 1459/1459/1459 1458/1458/1458
f 1461/1461/1461 1459/1459/1459 1460/1460/1460
f 1462/1462/1462 1460/1460/1460 1458/1458/1458
f 1462/1462/1462 1458/1458/1458 1457/1457/1457
f 1463/1463/1463 1461/1461/1461 1460/1460/1460
f 1464/1464/1464 1461/1461/1461 1463/1463/1463
f 1465/1465/1465 1464/1464/1464 1463/1463/1463
f 1466/1466/1466 1462/1462/1462 1457/1457/1457
f 1467/1467/1467 1466/1466/1466 1457/1457/1457
f 1468/1468/1468 1467/1467/1467 1457/1457/1457
f 1471/1471/1471 1470/1470/1470 1469/1469/1469
f 1470/1470/1470 1472/1472/1472 1469/1469/1469
f 1469/1469/1469 1472/1472/1472 1473/1473/1473
f 1472/1472/1472 1474/1474/1474 1473/1473/1473
f 1475/1475/1475 1473/1473/1473 1474/1474/1474
f 1476/1476/1476 1475/1475/1475 1474/1474/1474
f 1477/1477/1477 1475/1475/1475 1476/1476/1476
f 1478/1478/1478 1477/1477/1477 1476/1476/1476
f 1479/1479/1479 1477/1477/1477 1478/1478/1478
f 1480/1480/1480 1479/1479/1479 1478/1478/1478
f 1481/1481/1481 1479/1479/1479 1480/1480/1480
f 1482/1482/1482 1481/1481/1481 1480/1480/1480
f 1485/1485/1485 1484/1484/1484 1483/1483/1483
f 1484/1484/1484 1486/1486/1486 1483/1483/1483
f 1486/1486/1486 1484/1484/1484 1487/1487/1487
f 1484/1484/1484 1488/1488/1488 1487/1487/1487
f 1491/1491/1491 1490/1490/1490 1489/1489/1489
f 1490/1490/1490 1492/1492/1492 1489/1489/1489
f 1489/1489/1489 1492/1492/1492 1493/1493/1493
f 1492/1492/1492 1494/1494/1494 1493/1493/1493
f 1497/1497/1497 1496/1496/1496 1495/1495/1495
f 1498/1498/1498 1497/1497/1497 1495/1495/1495
f 1497/1497/1497 1498/1498/1498 1499/1499/1499
f 1500/1500/1500 1497/1497/1497 1499/1499/1499
f 1500/1500/1500 1499/1499/1499 1501/1501/1501
f 1499/1499/1499 1502/1502/1502 1501/1501/1501
f 1505/1505/1505 1504/1504/1504 1503/1503/1503
f 1504/1504/1504 1506/1506/1506 1503/1503/1503
f 1506/1506/1506 1507/1507/1507 1503/1503/1503
f 1507/1507/1507 1508/1508/1508 1503/1503/1503
f 1507/1507/1507 1509/1509/1509 1508/1508/1508
f 1508/1508/1508 1510/1510/1510 1503/1503/1503
f 1510/1510/1510 1511/1511/1511 1503/1503/1503
f 1510/1510/1510 1512/1512/1512 1511/1511/1511
f 1512/1512/1512 1513/1513/1513 1511/1511/1511
f 1514/1514/1514 1512/1512/1512 1510/1510/1510
f 1515/1515/1515 1514/1514/1514 1510/1510/1510
f 1515/1515/1515 1510/1510/1510 1508/1508/1508
f 1516/1516/1516 1515/1515/1515 1508/1508/1508
f 1509/1509/1509 1516/1516/1516 1508/1508/1508
f 1517/1517/1517 1516/1516/1516 1509/1509/1509
f 1518/1518/1518 1517/1517/1517 1509/1509/1509
f 1521/1521/1521 1520/1520/1520 1519/1519/1519
f 1522/1522/1522 1521/1521/1521 1519/1519/1519
f 1525/1525/1525 1524/1524/1524 1523/1523/1523
f 1526/1526/1526 1525/1525/1525 1523/1523/1523
f 1526/1526/1526 1523/1523/1523 1527/1527/1527
f 1528/1528/1528 1526/1526/1526 1527/1527/1527
f 1531/1531/1531 1530/1530/1530 1529/1529/1529
f 1532/1532/1532 1531/1531/1531 1529/1529/1529
f 1535/1535/1535 1534/1534/1534 1533/1533/1533
f 1536/1536/1536 1535/1535/1535 1533/1533/1533
f 1539/1539/1539 1538/1538/1538 1537/1537/1537
f 1540/1540/1540 1539/1539/1539 1537/1537/1537
f 1543/1543/1543 1542/1542/1542 1541/1541/1541
f 1544/1544/1544 1543/1543/1543 1541/1541/1541
f 1547/1547/1547 1546/1546/1546 1545/1545/1545
f 1547/1547/1547 1545/1545/1545 1548/1548/1548
f 1551/1551/1551 1550/1550/1550 1549/1549/1549
f 1552/1552/1552 1551/1551/1551 1549/1549/1549
f 1552/1552/1552 1549/1549/1549 1553/1553/1553
f 1554/1554/1554 1551/1551/1551 1552/1552/1552
f 1555/1555/1555 1554/1554/1554 1552/1552/1552
f 1556/1556/1556 1552/1552/1552 1553/1553/1553
f 1557/1557/1557 1552/1552/1552 1556/1556/1556
f 1558/1558/1558 1552/1552/1552 1557/1557/1557
f 1561/1561/1561 1560/1560/1560 1559/1559/1559
f 1562/1562/1562 1561/1561/1561 1559/1559/1559
f 1563/1563/1563 1561/1561/1561 1562/1562/1562
f 1564/1564/1564 1563/1563/1563 1562/1562/1562
f 1567/1567/1567 1566/1566/1566 1565/1565/1565
f 1568/1568/1568 1567/1567/1567 1565/1565/1565
f 1568/1568/1568 1565/1565/1565 1569/1569/1569
f 1570/1570/1570 1568/1568/1568 1569/1569/1569
f 1571/1571/1571 1568/1568/1568 1570/1570/1570
f 1572/1572/1572 1571/1571/1571 1570/1570/1570
f 1571/1571/1571 1573/1573/1573 1568/1568/1568
f 1573/1573/1573 1574/1574/1574 1568/1568/1568
f 1577/1577/1577 1576/1576/1576 1575/1575/1575
f 1578/1578/1578 1577/1577/1577 1575/1575/1575
f 1581/1581/1581 1580/1580/1580 1579/1579/1579
f 1580/1580/1580 1582/1582/1582 1579/1579/1579
f 1580/1580/1580 1583/1583/1583 1582/1582/1582
f 1583/1583/1583 1584/1584/1584 1582/1582/1582
f 1587/1587/1587 1586/1586/1586 1585/1585/1585
f 1588/1588/1588 1587/1587/1587 1585/1585/1585
f 1588/1588/1588 1585/1585/1585 1589/1589/1589
f 1590/1590/1590 1588/1588/1588 1589/1589/1589
f 1590/1590/1590 1589/1589/1589 1591/1591/1591
f 1592/1592/1592 1590/1590/1590 1591/1591/1591
f 1595/1595/1595 1594/1594/1594 1593/1593/1593
f 1596/1596/1596 1595/1595/1595 1593/1593/1593
f 1595/1595/1595 1596/1596/1596 1597/1597/1597
f 1596/1596/1596 1598/1598/1598 1597/1597/1597
f 1597/1597/1597 1598/1598/1598 1599/1599/1599
f 1600/1600/1600 1597/1597/1597 1599/1599/1599
f 1601/1601/1601 1600/1600/1600 1599/1599/1599
f 1602/1602/1602 1601/1601/1601 1599/1599/1599
f 1605/1605/1605 1604/1604/1604 1603/1603/1603
f 1606/1606/1606 1605/1605/1605 1603/1603/1603
f 1606/1606/1606 1603/1603/1603 1607/1607/1607
f 1608/1608/1608 1606/1606/1606 1607/1607/1607
f 1608/1608/1608 1607/1607/1607 1609/1609/1609
f 1610/1610/1610 1608/1608/1608 1609/1609/1609
f 1613/1613/1613 1612/1612/1612 1611/1611/1611
f 1612/1612/1612 1614/1614/1614 1611/1611/1611
f 1612/1612/1612 1615/1615/1615 1614/1614/1614
f 1615/1615/1615 1616/1616/1616 1614/1614/1614
f 1819/1819/1819 1818/1818/1818 1817/1817/1817
f 1820/1820/1820 1819/1819/1819 1817/1817/1817
f 1820/1820/1820 1817/1817/1817 1821/1821/1821
f 1822/1822/1822 1819/1819/1819 1820/1820/1820
f 1823/1823/1823 1820/1820/1820 1821/1821/1821
f 1824/1824/1824 1822/1822/1822 1820/1820/1820
f 1824/1824/1824 1820/1820/1820 1823/1823/1823
f 1825/1825/1825 1824/1824/1824 1823/1823/1823
f 1828/1828/1828 1827/1827/1827 1826/1826/1826
f 1829/1829/1829 1828/1828/1828 1826/1826/1826
f 1829/1829/1829 1826/1826/1826 1830/1830/1830
f 1831/1831/1831 1828/1828/1828 1829/1829/1829
f 1832/1832/1832 1829/1829/1829 1830/1830/1830
f 1833/1833/1833 1831/1831/1831 1829/1829/1829
f 1833/1833/1833 1829/1829/1829 1832/1832/1832
f 1834/1834/1834 1833/1833/1833 1832/1832/1832
f 1837/1837/1837 1836/1836/1836 1835/1835/1835
f 1838/1838/1838 1837/1837/1837 1835/1835/1835
f 1838/1838/1838 1835/1835/1835 1839/1839/1839
f 1840/1840/1840 1837/1837/1837 1838/1838/1838
f 1841/1841/1841 1838/1838/1838 1839/1839/1839
f 1842/1842/1842 1840/1840/1840 1838/1838/1838
f 1842/1842/1842 1838/1838/1838 1841/1841/1841
f 1843/1843/1843 1842/1842/1842 1841/1841/1841
f 1846/1846/1846 1845/1845/1845 1844/1844/1844
f 1847/1847/1847 1846/1846/1846 1844/1844/1844
f 1847/1847/1847 1844/1844/1844 1848/1848/1848
f 1849/1849/1849 1846/1846/1846 1847/1847/1847
f 1850/1850/1850 1847/1847/1847 1848/1848/1848
f 1851/1851/1851 1849/1849/1849 1847/1847/1847
f 1851/1851/1851 1847/1847/1847 1850/1850/1850
f 1852/1852/1852 1851/1851/1851 1850/1850/1850
f 1855/1855/1855 1854/1854/1854 1853/1853/1853
f 1856/1856/1856 1855/1855/1855 1853/1853/1853
f 1856/1856/1856 1853/1853/1853 1857/1857/1857
f 1858/1858/1858 1855/1855/1855 1856/1856/1856
f 1859/1859/1859 1856/1856/1856 1857/1857/1857
f 1860/1860/1860 1858/1858/1858 1856/1856/1856
f 1860/1860/1860 1856/1856/1856 1859/1859/1859
f 1861/1861/1861 1860/1860/1860 1859/1859/1859
f 1864/1864/1864 1863/1863/1863 1862/1862/1862
f 1865/1865/1865 1864/1864/1864 1862/1862/1862
f 1865/1865/1865 1862/1862/1862 1866/1866/1866
f 1867/1867/1867 1864/1864/1864 1865/1865/1865
f 1868/1868/1868 1865/1865/1865 1866/1866/1866
f 1869/1869/1869 1867/1867/1867 1865/1865/1865
f 1869/1869/1869 1865/1865/1865 1868/1868/1868
f 1870/1870/1870 1869/1869/1869 1868/1868/1868
f 1873/1873/1873 1872/1872/1872 1871/1871/1871
f 1874/1874/1874 1873/1873/1873 1871/1871/1871
f 1874/1874/1874 1871/1871/1871 1875/1875/1875
f 1876/1876/1876 1873/1873/1873 1874/1874/1874
f 1877/1877/1877 1874/1874/1874 1875/1875/1875
f 1878/1878/1878 1876/1876/1876 1874/1874/1874
f 1878/1878/1878 1874/1874/1874 1877/1877/1877
f 1879/1879/1879 1878/1878/1878 1877/1877/1877
f 1882/1882/1882 1881/1881/1881 1880/1880/1880
f 1883/1883/1883 1882/1882/1882 1880/1880/1880
f 1883/1883/1883 1880/1880/1880 1884/1884/1884
f 1885/1885/1885 1882/1882/1882 1883/1883/1883
f 1886/1886/1886 1883/1883/1883 1884/1884/1884
f 1887/1887/1887 1885/1885/1885 1883/1883/1883
f 1887/1887/1887 1883/1883/1883 1886/1886/1886
f 1888/1888/1888 1887/1887/1887 1886/1886/1886
f 1891/1891/1891 1890/1890/1890 1889/1889/1889
f 1892/1892/1892 1891/1891/1891 1889/1889/1889
f 1892/1892/1892 1889/1889/1889 1893/1893/1893
f 1894/1894/1894 1891/1891/1891 1892/1892/1892
f 1895/1895/1895 1892/1892/1892 1893/1893/1893
f 1896/1896/1896 1894/1894/1894 1892/1892/1892
f 1896/1896/1896 1892/1892/1892 1895/1895/1895
f 1897/1897/1897 1896/1896/1896 1895/1895/1895
f 1900/1900/1900 1899/1899/1899 1898/1898/1898
f 1901/1901/1901 1900/1900/1900 1898/1898/1898
f 1901/1901/1901 1898/1898/1898 1902/1902/1902
f 1903/1903/1903 1900/1900/1900 1901/1901/1901
f 1904/1904/1904 1901/1901/1901 1902/1902/1902
f 1905/1905/1905 1903/1903/1903 1901/1901/1901
f 1905/1905/1905 1901/1901/1901 1904/1904/1904
f 1906/1906/1906 1905/1905/1905 1904/1904/1904
f 1909/1909/1909 1908/1908/1908 1907/1907/1907
f 1910/1910/1910 1909/1909/1909 1907/1907/1907
f 1910/1910/1910 1907/1907/1907 1911/1911/1911
f 1912/1912/1912 1909/1909/1909 1910/1910/1910
f 1913/1913/1913 1910/1910/1910 1911/1911/1911
f 1914/1914/1914 1912/1912/1912 1910/1910/1910
f 1914/1914/1914 1910/1910/1910 1913/1913/1913
f 1915/1915/1915 1914/1914/1914 1913/1913/1913
f 1918/1918/1918 1917/1917/1917 1916/1916/1916
f 1919/1919/1919 1918/1918/1918 1916/1916/1916
f 1919/1919/1919 1916/1916/1916 1920/1920/1920
f 1921/1921/1921 1918/1918/1918 1919/1919/1919
f 1922/1922/1922 1919/1919/1919 1920/1920/1920
f 1923/1923/1923 1921/1921/1921 1919/1919/1919
f 1923/1923/1923 1919/1919/1919 1922/1922/1922
f 1924/1924/1924 1923/1923/1923 1922/1922/1922
f 1927/1927/1927 1926/1926/1926 1925/1925/1925
f 1928/1928/1928 1927/1927/1927 1925/1925/1925
f 1928/1928/1928 1925/1925/1925 1929/1929/1929
f 1930/1930/1930 1927/1927/1927 1928/1928/1928
f 1931/1931/1931 1928/1928/1928 1929/1929/1929
f 1932/1932/1932 1930/1930/1930 1928/1928/1928
f 1932/1932/1932 1928/1928/1928 1931/1931/1931
f 1933/1933/1933 1932/1932/1932 1931/1931/1931
f 1936/1936/1936 1935/1935/1935 1934/1934/1934
f 1937/1937/1937 1936/1936/1936 1934/1934/1934
f 1937/1937/1937 1934/1934/1934 1938/1938/1938
f 1939/1939/1939 1936/1936/1936 1937/1937/1937
f 1940/1940/1940 1937/1937/1937 1938/1938/1938
f 1941/1941/1941 1939/1939/1939 1937/1937/1937
f 1941/1941/1941 1937/1937/1937 1940/1940/1940
f 1942/1942/1942 1941/1941/1941 1940/1940/1940
f 1945/1945/1945 1944/1944/1944 1943/1943/1943
f 1946/1946/1946 1945/1945/1945 1943/1943/1943
f 1946/1946/1946 1943/1943/1943 1947/1947/1947
f 1948/1948/1948 1945/1945/1945 1946/1946/1946
f 1949/1949/1949 1946/1946/1946 1947/1947/1947
f 1950/1950/1950 1948/1948/1948 1946/1946/1946
f 1950/1950/1950 1946/1946/1946 1949/1949/1949
f 1951/1951/1951 1950/1950/1950 1949/1949/1949
f 1954/1954/1954 1953/1953/1953 1952/1952/1952
f 1955/1955/1955 1954/1954/1954 1952/1952/1952
f 1955/1955/1955 1952/1952/1952 1956/1956/1956
f 1957/1957/1957 1954/1954/1954 1955/1955/1955
f 1958/1958/1958 1955/1955/1955 1956/1956/1956
f 1959/1959/1959 1957/1957/1957 1955/1955/1955
f 1959/1959/1959 1955/1955/1955 1958/1958/1958
f 1960/1960/1960 1959/1959/1959 1958/1958/1958
f 1963/1963/1963 1962/1962/1962 1961/1961/1961
f 1964/1964/1964 1963/1963/1963 1961/1961/1961
f 1964/1964/1964 1961/1961/1961 1965/1965/1965
f 1966/1966/1966 1963/1963/1963 1964/1964/1964
f 1967/1967/1967 1964/1964/1964 1965/1965/1965
f 1968/1968/1968 1966/1966/1966 1964/1964/1964
f 1968/1968/1968 1964/1964/1964 1967/1967/1967
f 1969/1969/1969 1968/1968/1968 1967/1967/1967
f 1972/1972/1972 1971/1971/1971 1970/1970/1970
f 1973/1973/1973 1972/1972/1972 1970/1970/1970
f 1973/1973/1973 1970/1970/1970 1974/1974/1974
f 1975/1975/1975 1972/1972/1972 1973/1973/1973
f 1976/1976/1976 1973/1973/1973 1974/1974/1974
f 1977/1977/1977 1975/1975/1975 1973/1973/1973
f 1977/1977/1977 1973/1973/1973 1976/1976/1976
f 1978/1978/1978 1977/1977/1977 1976/1976/1976
f 1981/1981/1981 1980/1980/1980 1979/1979/1979
f 1982/1982/1982 1981/1981/1981 1979/1979/1979
f 1982/1982/1982 1979/1979/1979 1983/1983/1983
f 1984/1984/1984 1981/1981/1981 1982/1982/1982
f 1985/1985/1985 1982/1982/1982 1983/1983/1983
f 1986/1986/1986 1984/1984/1984 1982/1982/1982
f 1986/1986/1986 1982/1982/1982 1985/1985/1985
f 1987/1987/1987 1986/1986/1986 1985/1985/1985
f 1990/1990/1990 1989/1989/1989 1988/1988/1988
f 1991/1991/1991 1990/1990/1990 1988/1988/1988
f 1991/1991/1991 1988/1988/1988 1992/1992/1992
f 1993/1993/1993 1990/1990/1990 1991/1991/1991
f 1994/1994/1994 1991/1991/1991 1992/1992/1992
f 1995/1995/1995 1993/1993/1993 1991/1991/1991
f 1995/1995/1995 1991/1991/1991 1994/1994/1994
f 1996/1996/1996 1995/1995/1995 1994/1994/1994
f 1999/1999/1999 1998/1998/1998 1997/1997/1997
f 2000/2000/2000 1999/1999/1999 1997/1997/1997
f 2000/2000/2000 1997/1997/1997 2001/2001/2001
f 2002/2002/2002 1999/1999/1999 2000/2000/2000
f 2003/2003/2003 2000/2000/2000 2001/2001/2001
f 2004/2004/2004 2002/2002/2002 2000/2000/2000
f 2004/2004/2004 2000/2000/2000 2003/2003/2003
f 2005/2005/2005 2004/2004/2004 2003/2003/2003
f 2008/2008/2008 2007/2007/2007 2006/2006/2006
f 2009/2009/2009 2008/2008/2008 2006/2006/2006
f 2009/2009/2009 2006/2006/2006 2010/2010/2010
f 2011/2011/2011 2008/2008/2008 2009/2009/2009
f 2012/2012/2012 2009/2009/2009 2010/2010/2010
f 2013/2013/2013 2011/2011/2011 2009/2009/2009
f 2013/2013/2013 2009/2009/2009 2012/2012/2012
f 2014/2014/2014 2013/2013/2013 2012/2012/2012
f 2017/2017/2017 2016/2016/2016 2015/2015/2015
f 2018/2018/2018 2017/2017/2017 2015/2015/2015
f 2018/2018/2018 2015/2015/2015 2019/2019/2019
f 2020/2020/2020 2017/2017/2017 2018/2018/2018
f 2021/2021/2021 2018/2018/2018 2019/2019/2019
f 2022/2022/2022 2020/2020/2020 2018/2018/2018
f 2022/2022/2022 2018/2018/2018 2021/2021/2021
f 2023/2023/2023 2022/2022/2022 2021/2021/2021
f 2026/2026/2026 2025/2025/2025 2024/2024/2024
f 2027/2027/2027 2026/2026/2026 2024/2024/2024
f 2027/2027/2027 2024/2024/2024 2028/2028/2028
f 2029/2029/2029 2026/2026/2026 2027/2027/2027
f 2030/2030/2030 2027/2027/2027 2028/2028/2028
f 2031/2031/2031 2029/2029/2029 2027/2027/2027
f 2031/2031/2031 2027/2027/2027 2030/2030/2030
f 2032/2032/2032 2031/2031/2031 2030/2030/2030
f 2035/2035/2035 2034/2034/2034 2033/2033/2033
f 2036/2036/2036 2035/2035/2035 2033/2033/2033
f 2036/2036/2036 2033/2033/2033 2037/2037/2037
f 2038/2038/2038 2035/2035/2035 2036/2036/2036
f 2039/2039/2039 2036/2036/2036 2037/2037/2037
f 2040/2040/2040 2038/2038/2038 2036/2036/2036
f 2040/2040/2040 2036/2036/2036 2039/2039/2039
f 2041/2041/2041 2040/2040/2040 2039/2039/2039
f 2044/2044/2044 2043/2043/2043 2042/2042/2042
f 2045/2045/2045 2044/2044/2044 2042/2042/2042
f 2045/2045/2045 2042/2042/2042 2046/2046/2046
f 2047/2047/2047 2044/2044/2044 2045/2045/2045
f 2048/2048/2048 2045/2045/2045 2046/2046/2046
f 2049/2049/2049 2047/2047/2047 2045/2045/2045
f 2049/2049/2049 2045/2045/2045 2048/2048/2048
f 2050/2050/2050 2049/2049/2049 2048/2048/2048
f 2053/2053/2053 2052/2052/2052 2051/2051/2051
f 2054/2054/2054 2053/2053/2053 2051/2051/2051
f 2054/2054/2054 2051/2051/2051 2055/2055/2055
f 2056/2056/2056 2053/2053/2053 2054/2054/2054
f 2057/2057/2057 2054/2054/2054 2055/2055/2055
f 2058/2058/2058 2056/2056/2056 2054/2054/2054
f 2058/2058/2058 2054/2054/2054 2057/2057/2057
f 2059/2059/2059 2058/2058/2058 2057/2057/2057
f 2062/2062/2062 2061/2061/2061 2060/2060/2060
f 2063/2063/2063 2062/2062/2062 2060/2060/2060
f 2063/2063/2063 2060/2060/2060 2064/2064/2064
f 2065/2065/2065 2062/2062/2062 2063/2063/2063
f 2066/2066/2066 2063/2063/2063 2064/2064/2064
f 2067/2067/2067 2065/2065/2065 2063/2063/2063
f 2067/2067/2067 2063/2063/2063 2066/2066/2066
f 2068/2068/2068 2067/2067/2067 2066/2066/2066
f 2071/2071/2071 2070/2070/2070 2069/2069/2069
f 2072/2072/2072 2071/2071/2071 2069/2069/2069
f 2072/2072/2072 2069/2069/2069 2073/2073/2073
f 2074/2074/2074 2071/2071/2071 2072/2072/2072
f 2075/2075/2075 2072/2072/2072 2073/2073/2073
f 2076/2076/2076 2074/2074/2074 2072/2072/2072
f 2076/2076/2076 2072/2072/2072 2075/2075/2075
f 2077/2077/2077 2076/2076/2076 2075/2075/2075
f 2080/2080/2080 2079/2079/2079 2078/2078/2078
f 2081/2081/2081 2080/2080/2080 2078/2078/2078
f 2081/2081/2081 2078/2078/2078 2082/2082/2082
f 2083/2083/2083 2080/2080/2080 2081/2081/2081
f 2084/2084/2084 2081/2081/2081 2082/2082/2082
f 2085/2085/2085 2083/2083/2083 2081/2081/2081
f 2085/2085/2085 2081/2081/2081 2084/2084/2084
f 2086/2086/2086 2085/2085/2085 2084/2084/2084
f 2089/2089/2089 2088/2088/2088 2087/2087/2087
f 2090/2090/2090 2089/2089/2089 2087/2087/2087
f 2090/2090/2090 2087/2087/2087 2091/2091/2091
f 2092/2092/2092 2089/2089/2089 2090/2090/2090
f 2093/2093/2093 2090/2090/2090 2091/2091/2091
f 2094/2094/2094 2092/2092/2092 2090/2090/2090
f 2094/2094/2094 2090/2090/2090 2093/2093/2093
f 2095/2095/2095 2094/2094/2094 2093/2093/2093
f 2098/2098/2098 2097/2097/2097 2096/2096/2096
f 2099/2099/2099 2098/2098/2098 2096/2096/2096
f 2099/2099/2099 2096/2096/2096 2100/2100/2100
f 2101/2101/2101 2098/2098/2098 2099/2099/2099
f 2102/2102/2102 2099/2099/2099 2100/2100/2100
f 2103/2103/2103 2101/2101/2101 2099/2099/2099
f 2103/2103/2103 2099/2099/2099 2102/2102/2102
f 2104/2104/2104 2103/2103/2103 2102/2102/2102
f 2107/2107/2107 2106/2106/2106 2105/2105/2105
f 2108/2108/2108 2107/2107/2107 2105/2105/2105
f 2108/2108/2108 2105/2105/2105 2109/2109/2109
f 2110/2110/2110 2107/2107/2107 2108/2108/2108
f 2111/2111/2111 2108/2108/2108 2109/2109/2109
f 2112/2112/2112 2110/2110/2110 2108/2108/2108
f 2112/2112/2112 2108/2108/2108 2111/2111/2111
f 2113/2113/2113 2112/2112/2112 2111/2111/2111
f 2116/2116/2116 2115/2115/2115 2114/2114/2114
f 2117/2117/2117 2116/2116/2116 2114/2114/2114
f 2117/2117/2117 2114/2114/2114 2118/2118/2118
f 2119/2119/2119 2116/2116/2116 2117/2117/2117
f 2120/2120/2120 2117/2117/2117 2118/2118/2118
f 2121/2121/2121 2119/2119/2119 2117/2117/2117
f 2121/2121/2121 2117/2117/2117 2120/2120/2120
f 2122/2122/2122 2121/2121/2121 2120/2120/2120
f 2125/2125/2125 2124/2124/2124 2123/2123/2123
f 2126/2126/2126 2125/2125/2125 2123/2123/2123
f 2126/2126/2126 2123/2123/2123 2127/2127/2127
f 2128/2128/2128 2125/2125/2125 2126/2126/2126
f 2129/2129/2129 2126/2126/2126 2127/2127/2127
f 2130/2130/2130 2128/2128/2128 2126/2126/2126
f 2130/2130/2130 2126/2126/2126 2129/2129/2129
f 2131/2131/2131 2130/2130/2130 2129/2129/2129
f 2134/2134/2134 2133/2133/2133 2132/2132/2132
f 2135/2135/2135 2134/2134/2134 2132/2132/2132
f 2135/2135/2135 2132/2132/2132 2136/2136/2136
f 2137/2137/2137 2134/2134/2134 2135/2135/2135
f 2138/2138/2138 2135/2135/2135 2136/2136/2136
f 2139/2139/2139 2137/2137/2137 2135/2135/2135
f 2139/2139/2139 2135/2135/2135 2138/2138/2138
f 2140/2140/2140 2139/2139/2139 2138/2138/2138
f 2143/2143/2143 2142/2142/2142 2141/2141/2141
f 2144/2144/2144 2143/2143/2143 2141/2141/2141
f 2144/2144/2144 2141/2141/2141 2145/2145/2145
f 2146/2146/2146 2143/2143/2143 2144/2144/2144
f 2147/2147/2147 2144/2144/2144 2145/2145/2145
f 2148/2148/2148 2146/2146/2146 2144/2144/2144
f 2148/2148/2148 2144/2144/2144 2147/2147/2147
f 2149/2149/2149 2148/2148/2148 2147/2147/2147
f 2152/2152/2152 2151/2151/2151 2150/2150/2150
f 2153/2153/2153 2152/2152/2152 2150/2150/2150
f 2153/2153/2153 2150/2150/2150 2154/2154/2154
f 2155/2155/2155 2152/2152/2152 2153/2153/2153
f 2156/2156/2156 2153/2153/2153 2154/2154/2154
f 2157/2157/2157 2155/2155/2155 2153/2153/2153
f 2157/2157/2157 2153/2153/2153 2156/2156/2156
f 2158/2158/2158 2157/2157/2157 2156/2156/2156
f 2161/2161/2161 2160/2160/2160 2159/2159/2159
f 2162/2162/2162 2161/2161/2161 2159/2159/2159
f 2162/2162/2162 2159/2159/2159 2163/2163/2163
f 2164/2164/2164 2161/2161/2161 2162/2162/2162
f 2165/2165/2165 2162/2162/2162 2163/2163/2163
f 2166/2166/2166 2164/2164/2164 2162/2162/2162
f 2166/2166/2166 2162/2162/2162 2165/2165/2165
f 2167/2167/2167 2166/2166/2166 2165/2165/2165
f 2170/2170/2170 2169/2169/2169 2168/2168/2168
f 2171/2171/2171 2170/2170/2170 2168/2168/2168
f 2171/2171/2171 2168/2168/2168 2172/2172/2172
f 2173/2173/2173 2170/2170/2170 2171/2171/2171
f 2174/2174/2174 2171/2171/2171 2172/2172/2172
f 2175/2175/2175 2173/2173/2173 2171/2171/2171
f 2175/2175/2175 2171/2171/2171 2174/2174/2174
f 2176/2176/2176 2175/2175/2175 2174/2174/2174
f 2179/2179/2179 2178/2178/2178 2177/2177/2177
f 2180/2180/2180 2179/2179/2179 2177/2177/2177
f 2180/2180/2180 2177/2177/2177 2181/2181/2181
f 2182/2182/2182 2179/2179/2179 2180/2180/2180
f 2183/2183/2183 2180/2180/2180 2181/2181/2181
f 2184/2184/2184 2182/2182/2182 2180/2180/2180
f 2184/2184/2184 2180/2180/2180 2183/2183/2183
f 2185/2185/2185 2184/2184/2184 2183/2183/2183
f 2188/2188/2188 2187/2187/2187 2186/2186/2186
f 2189/2189/2189 2188/2188/2188 2186/2186/2186
f 2189/2189/2189 2186/2186/2186 2190/2190/2190
f 2191/2191/2191 2188/2188/2188 2189/2189/2189
f 2192/2192/2192 2189/2189/2189 2190/2190/2190
f 2193/2193/2193 2191/2191/2191 2189/2189/2189
f 2193/2193/2193 2189/2189/2189 2192/2192/2192
f 2194/2194/2194 2193/2193/2193 2192/2192/2192
f 2197/2197/2197 2196/2196/2196 2195/2195/2195
f 2198/2198/2198 2197/2197/2197 2195/2195/2195
f 2198/2198/2198 2195/2195/2195 2199/2199/2199
f 2200/2200/2200 2197/2197/2197 2198/2198/2198
f 2201/2201/2201 2198/2198/2198 2199/2199/2199
f 2202/2202/2202 2200/2200/2200 2198/2198/2198
f 2202/2202/2202 2198/2198/2198 2201/2201/2201
f 2203/2203/2203 2202/2202/2202 2201/2201/2201
f 2206/2206/2206 2205/2205/2205 2204/2204/2204
f 2207/2207/2207 2206/2206/2206 2204/2204/2204
f 2207/2207/2207 2204/2204/2204 2208/2208/2208
f 2209/2209/2209 2206/2206/2206 2207/2207/2207
f 2210/2210/2210 2207/2207/2207 2208/2208/2208
f 2211/2211/2211 2209/2209/2209 2207/2207/2207
f 2211/2211/2211 2207/2207/2207 2210/2210/2210
f 2212/2212/2212 2211/2211/2211 2210/2210/2210
f 2215/2215/2215 2214/2214/2214 2213/2213/2213
f 2216/2216/2216 2215/2215/2215 2213/2213/2213
f 2216/2216/2216 2213/2213/2213 2217/2217/2217
f 2218/2218/2218 2215/2215/2215 2216/2216/2216
f 2219/2219/2219 2216/2216/2216 2217/2217/2217
f 2220/2220/2220 2218/2218/2218 2216/2216/2216
f 2220/2220/2220 2216/2216/2216 2219/2219/2219
f 2221/2221/2221 2220/2220/2220 2219/2219/2219
f 2224/2224/2224 2223/2223/2223 2222/2222/2222
f 2225/2225/2225 2224/2224/2224 2222/2222/2222
f 2225/2225/2225 2222/2222/2222 2226/2226/2226
f 2227/2227/2227 2224/2224/2224 2225/2225/2225
f 2228/2228/2228 2225/2225/2225 2226/2226/2226
f 2229/2229/2229 2227/2227/2227 2225/2225/2225
f 2229/2229/2229 2225/2225/2225 2228/2228/2228
f 2230/2230/2230 2229/2229/2229 2228/2228/2228
f 2233/2233/2233 2232/2232/2232 2231/2231/2231
f 2234/2234/2234 2233/2233/2233 2231/2231/2231
f 2234/2234/2234 2231/2231/2231 2235/2235/2235
f 2236/2236/2236 2233/2233/2233 2234/2234/2234
f 2237/2237/2237 2234/2234/2234 2235/2235/2235
f 2238/2238/2238 2236/2236/2236 2234/2234/2234
f 2238/2238/2238 2234/2234/2234 2237/2237/2237
f 2239/2239/2239 2238/2238/2238 2237/2237/2237
f 2242/2242/2242 2241/2241/2241 2240/2240/2240
f 2243/2243/2243 2242/2242/2242 2240/2240/2240
f 2243/2243/2243 2240/2240/2240 2244/2244/2244
f 2245/2245/2245 2242/2242/2242 2243/2243/2243
f 2246/2246/2246 2243/2243/2243 2244/2244/2244
f 2247/2247/2247 2245/2245/2245 2243/2243/2243
f 2247/2247/2247 2243/2243/2243 2246/2246/2246
f 2248/2248/2248 2247/2247/2247 2246/2246/2246
f 2251/2251/2251 2250/2250/2250 2249/2249/2249
f 2252/2252/2252 2251/2251/2251 2249/2249/2249
f 2252/2252/2252 2249/2249/2249 2253/2253/2253
f 2254/2254/2254 2251/2251/2251 2252/2252/2252
f 2255/2255/2255 2252/2252/2252 2253/2253/2253
f 2256/2256/2256 2254/2254/2254 2252/2252/2252
f 2256/2256/2256 2252/2252/2252 2255/2255/2255
f 2257/2257/2257 2256/2256/2256 2255/2255/2255
f 2260/2260/2260 2259/2259/2259 2258/2258/2258
f 2261/2261/2261 2260/2260/2260 2258/2258/2258
f 2261/2261/2261 2258/2258/2258 2262/2262/2262
f 2263/2263/2263 2260/2260/2260 2261/2261/2261
f 2264/2264/2264 2261/2261/2261 2262/2262/2262
f 2265/2265/2265 2263/2263/2263 2261/2261/2261
f 2265/2265/2265 2261/2261/2261 2264/2264/2264
f 2266/2266/2266 2265/2265/2265 2264/2264/2264
f 2379/2379/2379 2378/2378/2378 2377/2377/2377
f 2377/2377/2377 2380/2380/2380 2379/2379/2379
f 2377/2377/2377 2381/2381/2381 2380/2380/2380
f 2381/2381/2381 2382/2382/2382 2380/2380/2380
f 2381/2381/2381 2383/2383/2383 2382/2382/2382
f 2383/2383/2383 2384/2384/2384 2382/2382/2382
f 2383/2383/2383 2385/2385/2385 2384/2384/2384
f 2388/2388/2388 2387/2387/2387 2386/2386/2386
f 2388/2388/2388 2386/2386/2386 2389/2389/2389
f 2386/2386/2386 2390/2390/2390 2389/2389/2389
f 2391/2391/2391 2388/2388/2388 2389/2389/2389
f 2392/2392/2392 2389/2389/2389 2390/2390/2390
f 2390/2390/2390 2393/2393/2393 2392/2392/2392
f 2392/2392/2392 2393/2393/2393 2394/2394/2394
f 2391/2391/2391 2389/2389/2389 2395/2395/2395
f 2395/2395/2395 2389/2389/2389 2392/2392/2392
f 2396/2396/2396 2391/2391/2391 2395/2395/2395
f 2396/2396/2396 2395/2395/2395 2397/2397/2397
f 2398/2398/2398 2396/2396/2396 2397/2397/2397
f 2398/2398/2398 2397/2397/2397 2399/2399/2399
f 2400/2400/2400 2398/2398/2398 2399/2399/2399
f 2400/2400/2400 2399/2399/2399 2401/2401/2401
f 2402/2402/2402 2400/2400/2400 2401/2401/2401
f 2402/2402/2402 2401/2401/2401 2403/2403/2403
f 2404/2404/2404 2402/2402/2402 2403/2403/2403
f 2404/2404/2404 2403/2403/2403 2405/2405/2405
f 2406/2406/2406 2395/2395/2395 2392/2392/2392
f 2404/2404/2404 2405/2405/2405 2407/2407/2407
f 2406/2406/2406 2392/2392/2392 2408/2408/2408
f 2408/2408/2408 2392/2392/2392 2394/2394/2394
f 2408/2408/2408 2394/2394/2394 2409/2409/2409
f 2410/2410/2410 2408/2408/2408 2409/2409/2409
f 2409/2409/2409 2411/2411/2411 2410/2410/2410
f 2408/2408/2408 2410/2410/2410 2412/2412/2412
f 2406/2406/2406 2408/2408/2408 2413/2413/2413
f 2413/2413/2413 2408/2408/2408 2412/2412/2412
f 2406/2406/2406 2413/2413/2413 2414/2414/2414
f 2414/2414/2414 2413/2413/2413 2412/2412/2412
f 2414/2414/2414 2415/2415/2415 2406/2406/2406
f 2414/2414/2414 2412/2412/2412 2416/2416/2416
f 2416/2416/2416 2417/2417/2417 2414/2414/2414
f 2405/2405/2405 2418/2418/2418 2407/2407/2407
f 2407/2407/2407 2418/2418/2418 2419/2419/2419
f 2420/2420/2420 2407/2407/2407 2419/2419/2419
f 2419/2419/2419 2421/2421/2421 2420/2420/2420
f 2422/2422/2422 2419/2419/2419 2418/2418/2418
f 2418/2418/2418 2405/2405/2405 2423/2423/2423
f 2418/2418/2418 2423/2423/2423 2422/2422/2422
f 2405/2405/2405 2424/2424/2424 2423/2423/2423
f 2423/2423/2423 2425/2425/2425 2422/2422/2422
f 2425/2425/2425 2426/2426/2426 2422/2422/2422
f 2425/2425/2425 2427/2427/2427 2426/2426/2426
f 2427/2427/2427 2428/2428/2428 2426/2426/2426
f 2427/2427/2427 2429/2429/2429 2428/2428/2428
f 2429/2429/2429 2430/2430/2430 2428/2428/2428
f 2429/2429/2429 2431/2431/2431 2430/2430/2430
f 2431/2431/2431 2432/2432/2432 2430/2430/2430
f 2431/2431/2431 2433/2433/2433 2432/2432/2432
f 2433/2433/2433 2434/2434/2434 2432/2432/2432
f 2435/2435/2435 2431/2431/2431 2429/2429/2429
f 2436/2436/2436 2435/2435/2435 2429/2429/2429
f 2436/2436/2436 2429/2429/2429 2427/2427/2427
f 2437/2437/2437 2436/2436/2436 2427/2427/2427
f 2437/2437/2437 2427/2427/2427 2425/2425/2425
f 2438/2438/2438 2437/2437/2437 2425/2425/2425
f 2438/2438/2438 2425/2425/2425 2423/2423/2423
f 2439/2439/2439 2438/2438/2438 2423/2423/2423
f 2439/2439/2439 2423/2423/2423 2424/2424/2424
f 2440/2440/2440 2439/2439/2439 2424/2424/2424
f 2424/2424/2424 2441/2441/2441 2440/2440/2440
f 2442/2442/2442 2440/2440/2440 2441/2441/2441
f 2440/2440/2440 2442/2442/2442 2443/2443/2443
f 2444/2444/2444 2442/2442/2442 2441/2441/2441
f 2444/2444/2444 2441/2441/2441 2445/2445/2445
f 2445/2445/2445 2446/2446/2446 2444/2444/2444
f 2444/2444/2444 2446/2446/2446 2447/2447/2447
f 2448/2448/2448 2444/2444/2444 2447/2447/2447
f 2451/2451/2451 2450/2450/2450 2449/2449/2449
f 2450/2450/2450 2452/2452/2452 2449/2449/2449
f 2450/2450/2450 2453/2453/2453 2452/2452/2452
f 2449/2449/2449 2452/2452/2452 2454/2454/2454
f 2453/2453/2453 2455/2455/2455 2452/2452/2452
f 2452/2452/2452 2456/2456/2456 2454/2454/2454
f 2452/2452/2452 2455/2455/2455 2456/2456/2456
f 2454/2454/2454 2456/2456/2456 2457/2457/2457
f 2455/2455/2455 2458/2458/2458 2456/2456/2456
f 2456/2456/2456 2459/2459/2459 2457/2457/2457
f 2456/2456/2456 2458/2458/2458 2459/2459/2459
f 2457/2457/2457 2459/2459/2459 2460/2460/2460
f 2458/2458/2458 2461/2461/2461 2459/2459/2459
f 2459/2459/2459 2462/2462/2462 2460/2460/2460
f 2459/2459/2459 2461/2461/2461 2462/2462/2462
f 2461/2461/2461 2463/2463/2463 2462/2462/2462
f 2466/2466/2466 2465/2465/2465 2464/2464/2464
f 2465/2465/2465 2466/2466/2466 2467/2467/2467
f 2467/2467/2467 2468/2468/2468 2465/2465/2465
f 2467/2467/2467 2469/2469/2469 2468/2468/2468
f 2468/2468/2468 2469/2469/2469 2470/2470/2470
f 2470/2470/2470 2471/2471/2471 2468/2468/2468
f 2470/2470/2470 2472/2472/2472 2471/2471/2471
f 2473/2473/2473 2471/2471/2471 2472/2472/2472
f 2472/2472/2472 2470/2470/2470 2474/2474/2474
f 2470/2470/2470 2475/2475/2475 2474/2474/2474
f 2472/2472/2472 2476/2476/2476 2473/2473/2473
f 2472/2472/2472 2474/2474/2474 2476/2476/2476
f 2474/2474/2474 2477/2477/2477 2476/2476/2476
f 2476/2476/2476 2478/2478/2478 2473/2473/2473
f 2476/2476/2476 2479/2479/2479 2478/2478/2478
f 2476/2476/2476 2480/2480/2480 2479/2479/2479
f 2483/2483/2483 2482/2482/2482 2481/2481/2481
f 2482/2482/2482 2484/2484/2484 2481/2481/2481
f 2485/2485/2485 2481/2481/2481 2484/2484/2484
f 2484/2484/2484 2482/2482/2482 2486/2486/2486
f 2487/2487/2487 2485/2485/2485 2484/2484/2484
f 2486/2486/2486 2488/2488/2488 2484/2484/2484
f 2488/2488/2488 2486/2486/2486 2489/2489/2489
f 2490/2490/2490 2488/2488/2488 2489/2489/2489
f 2488/2488/2488 2491/2491/2491 2484/2484/2484
f 2484/2484/2484 2491/2491/2491 2487/2487/2487
f 2491/2491/2491 2492/2492/2492 2487/2487/2487
f 2492/2492/2492 2493/2493/2493 2487/2487/2487
f 2492/2492/2492 2494/2494/2494 2493/2493/2493
f 2494/2494/2494 2495/2495/2495 2493/2493/2493
f 2498/2498/2498 2497/2497/2497 2496/2496/2496
f 2499/2499/2499 2498/2498/2498 2496/2496/2496
f 2500/2500/2500 2498/2498/2498 2499/2499/2499
f 2501/2501/2501 2500/2500/2500 2499/2499/2499
f 2502/2502/2502 2499/2499/2499 2496/2496/2496
f 2501/2501/2501 2499/2499/2499 2502/2502/2502
f 2503/2503/2503 2501/2501/2501 2502/2502/2502
f 2504/2504/2504 2502/2502/2502 2496/2496/2496
f 2504/2504/2504 2505/2505/2505 2502/2502/2502
f 2505/2505/2505 2506/2506/2506 2502/2502/2502
f 2509/2509/2509 2508/2508/2508 2507/2507/2507
f 2510/2510/2510 2509/2509/2509 2507/2507/2507
f 2511/2511/2511 2509/2509/2509 2510/2510/2510
f 2510/2510/2510 2512/2512/2512 2511/2511/2511
f 2510/2510/2510 2507/2507/2507 2513/2513/2513
f 2512/2512/2512 2510/2510/2510 2514/2514/2514
f 2514/2514/2514 2510/2510/2510 2513/2513/2513
f 2515/2515/2515 2512/2512/2512 2514/2514/2514
f 2514/2514/2514 2516/2516/2516 2515/2515/2515
f 2516/2516/2516 2517/2517/2517 2515/2515/2515
f 2518/2518/2518 2516/2516/2516 2514/2514/2514
f 2513/2513/2513 2518/2518/2518 2514/2514/2514
f 2519/2519/2519 2518/2518/2518 2513/2513/2513
f 2520/2520/2520 2519/2519/2519 2513/2513/2513
f 2523/2523/2523 2522/2522/2522 2521/2521/2521
f 2522/2522/2522 2524/2524/2524 2521/2521/2521
f 2522/2522/2522 2525/2525/2525 2524/2524/2524
f 2525/2525/2525 2526/2526/2526 2524/2524/2524
f 2525/2525/2525 2527/2527/2527 2526/2526/2526
f 2527/2527/2527 2528/2528/2528 2526/2526/2526
f 2531/2531/2531 2530/2530/2530 2529/2529/2529
f 2530/2530/2530 2532/2532/2532 2529/2529/2529
f 2530/2530/2530 2533/2533/2533 2532/2532/2532
f 2529/2529/2529 2532/2532/2532 2534/2534/2534
f 2533/2533/2533 2535/2535/2535 2532/2532/2532
f 2533/2533/2533 2536/2536/2536 2535/2535/2535
f 2532/2532/2532 2537/2537/2537 2534/2534/2534
f 2532/2532/2532 2535/2535/2535 2537/2537/2537
f 2536/2536/2536 2538/2538/2538 2535/2535/2535
f 2536/2536/2536 2539/2539/2539 2538/2538/2538
f 2535/2535/2535 2538/2538/2538 2540/2540/2540
f 2535/2535/2535 2540/2540/2540 2537/2537/2537
f 2538/2538/2538 2539/2539/2539 2541/2541/2541
f 2538/2538/2538 2541/2541/2541 2540/2540/2540
f 2539/2539/2539 2542/2542/2542 2541/2541/2541
f 2539/2539/2539 2543/2543/2543 2542/2542/2542
f 2543/2543/2543 2544/2544/2544 2542/2542/2542
f 2543/2543/2543 2545/2545/2545 2544/2544/2544
f 2545/2545/2545 2546/2546/2546 2544/2544/2544
f 2540/2540/2540 2541/2541/2541 2547/2547/2547
f 2541/2541/2541 2548/2548/2548 2547/2547/2547
f 2541/2541/2541 2542/2542/2542 2548/2548/2548
f 2542/2542/2542 2549/2549/2549 2548/2548/2548
f 2542/2542/2542 2544/2544/2544 2549/2549/2549
f 2544/2544/2544 2550/2550/2550 2549/2549/2549
f 2544/2544/2544 2546/2546/2546 2550/2550/2550
f 2546/2546/2546 2551/2551/2551 2550/2550/2550
f 2546/2546/2546 2552/2552/2552 2551/2551/2551
f 2552/2552/2552 2553/2553/2553 2551/2551/2551
f 2540/2540/2540 2547/2547/2547 2554/2554/2554
f 2537/2537/2537 2540/2540/2540 2554/2554/2554
f 2555/2555/2555 2537/2537/2537 2554/2554/2554
f 2554/2554/2554 2556/2556/2556 2555/2555/2555
f 2556/2556/2556 2557/2557/2557 2555/2555/2555
f 2534/2534/2534 2537/2537/2537 2555/2555/2555
f 2555/2555/2555 2557/2557/2557 2558/2558/2558
f 2557/2557/2557 2559/2559/2559 2558/2558/2558
f 2534/2534/2534 2555/2555/2555 2560/2560/2560
f 2560/2560/2560 2555/2555/2555 2558/2558/2558
f 2558/2558/2558 2559/2559/2559 2561/2561/2561
f 2560/2560/2560 2558/2558/2558 2561/2561/2561
f 2562/2562/2562 2560/2560/2560 2561/2561/2561
f 2559/2559/2559 2563/2563/2563 2561/2561/2561
f 2564/2564/2564 2534/2534/2534 2560/2560/2560
f 2562/2562/2562 2564/2564/2564 2560/2560/2560
f 2565/2565/2565 2534/2534/2534 2564/2564/2564
f 2565/2565/2565 2564/2564/2564 2562/2562/2562
f 2566/2566/2566 2565/2565/2565 2562/2562/2562
f 2567/2567/2567 2566/2566/2566 2562/2562/2562
f 2561/2561/2561 2563/2563/2563 2568/2568/2568
f 2562/2562/2562 2561/2561/2561 2568/2568/2568
f 2563/2563/2563 2569/2569/2569 2568/2568/2568
f 2567/2567/2567 2562/2562/2562 2570/2570/2570
f 2570/2570/2570 2562/2562/2562 2568/2568/2568
f 2571/2571/2571 2567/2567/2567 2570/2570/2570
f 2568/2568/2568 2569/2569/2569 2572/2572/2572
f 2570/2570/2570 2568/2568/2568 2572/2572/2572
f 2569/2569/2569 2573/2573/2573 2572/2572/2572
f 2570/2570/2570 2574/2574/2574 2571/2571/2571
f 2574/2574/2574 2570/2570/2570 2572/2572/2572
f 2574/2574/2574 2575/2575/2575 2571/2571/2571
f 2575/2575/2575 2574/2574/2574 2576/2576/2576
f 2572/2572/2572 2573/2573/2573 2577/2577/2577
f 2574/2574/2574 2572/2572/2572 2577/2577/2577
f 2573/2573/2573 2578/2578/2578 2577/2577/2577
f 2574/2574/2574 2579/2579/2579 2576/2576/2576
f 2579/2579/2579 2574/2574/2574 2577/2577/2577
f 2576/2576/2576 2579/2579/2579 2580/2580/2580
f 2577/2577/2577 2580/2580/2580 2579/2579/2579
f 2581/2581/2581 2576/2576/2576 2580/2580/2580
f 2581/2581/2581 2580/2580/2580 2582/2582/2582
f 2582/2582/2582 2580/2580/2580 2583/2583/2583
f 2584/2584/2584 2580/2580/2580 2577/2577/2577
f 2585/2585/2585 2584/2584/2584 2577/2577/2577
f 2580/2580/2580 2586/2586/2586 2583/2583/2583
f 2586/2586/2586 2580/2580/2580 2584/2584/2584
f 2583/2583/2583 2586/2586/2586 2587/2587/2587
f 2584/2584/2584 2588/2588/2588 2586/2586/2586
f 2584/2584/2584 2589/2589/2589 2588/2588/2588
f 2589/2589/2589 2590/2590/2590 2588/2588/2588
f 2593/2593/2593 2592/2592/2592 2591/2591/2591
f 2592/2592/2592 2594/2594/2594 2591/2591/2591
f 2591/2591/2591 2594/2594/2594 2595/2595/2595
f 2592/2592/2592 2596/2596/2596 2594/2594/2594
f 2594/2594/2594 2597/2597/2597 2595/2595/2595
f 2596/2596/2596 2598/2598/2598 2594/2594/2594
f 2594/2594/2594 2598/2598/2598 2597/2597/2597
f 2596/2596/2596 2599/2599/2599 2598/2598/2598
f 2598/2598/2598 2600/2600/2600 2597/2597/2597
f 2599/2599/2599 2601/2601/2601 2598/2598/2598
f 2598/2598/2598 2601/2601/2601 2600/2600/2600
f 2601/2601/2601 2602/2602/2602 2600/2600/2600
f 2605/2605/2605 2604/2604/2604 2603/2603/2603
f 2604/2604/2604 2606/2606/2606 2603/2603/2603
f 2603/2603/2603 2606/2606/2606 2607/2607/2607
f 2604/2604/2604 2608/2608/2608 2606/2606/2606
f 2606/2606/2606 2609/2609/2609 2607/2607/2607
f 2608/2608/2608 2610/2610/2610 2606/2606/2606
f 2606/2606/2606 2610/2610/2610 2609/2609/2609
f 2608/2608/2608 2611/2611/2611 2610/2610/2610
f 2610/2610/2610 2612/2612/2612 2609/2609/2609
f 2611/2611/2611 2613/2613/2613 2610/2610/2610
f 2610/2610/2610 2613/2613/2613 2612/2612/2612
f 2613/2613/2613 2614/2614/2614 2612/2612/2612
f 2617/2617/2617 2616/2616/2616 2615/2615/2615
f 2618/2618/2618 2617/2617/2617 2615/2615/2615
f 2618/2618/2618 2615/2615/2615 2619/2619/2619
f 2620/2620/2620 2618/2618/2618 2619/2619/2619
f 2620/2620/2620 2619/2619/2619 2621/2621/2621
f 2622/2622/2622 2620/2620/2620 2621/2621/2621
f 2622/2622/2622 2621/2621/2621 2623/2623/2623
f 2624/2624/2624 2622/2622/2622 2623/2623/2623
f 2627/2627/2627 2626/2626/2626 2625/2625/2625
f 2628/2628/2628 2627/2627/2627 2625/2625/2625
f 2631/2631/2631 2630/2630/2630 2629/2629/2629
f 2632/2632/2632 2631/2631/2631 2629/2629/2629
f 2635/2635/2635 2634/2634/2634 2633/2633/2633
f 2636/2636/2636 2635/2635/2635 2633/2633/2633
f 2637/2637/2637 2635/2635/2635 2636/2636/2636
f 2638/2638/2638 2637/2637/2637 2636/2636/2636
f 2641/2641/2641 2640/2640/2640 2639/2639/2639
f 2640/2640/2640 2642/2642/2642 2639/2639/2639
f 2642/2642/2642 2640/2640/2640 2643/2643/2643
f 2642/2642/2642 2643/2643/2643 2644/2644/2644
f 2645/2645/2645 2642/2642/2642 2644/2644/2644
f 2642/2642/2642 2645/2645/2645 2646/2646/2646
f 2639/2639/2639 2642/2642/2642 2646/2646/2646
f 2646/2646/2646 2647/2647/2647 2639/2639/2639
f 2647/2647/2647 2646/2646/2646 2648/2648/2648
f 2647/2647/2647 2648/2648/2648 2649/2649/2649
f 2650/2650/2650 2647/2647/2647 2649/2649/2649
f 2649/2649/2649 2651/2651/2651 2650/2650/2650
f 2649/2649/2649 2648/2648/2648 2652/2652/2652
f 2653/2653/2653 2652/2652/2652 2648/2648/2648
f 2653/2653/2653 2648/2648/2648 2654/2654/2654
f 2654/2654/2654 2655/2655/2655 2653/2653/2653
f 2654/2654/2654 2648/2648/2648 2656/2656/2656
f 2656/2656/2656 2657/2657/2657 2654/2654/2654
f 2657/2657/2657 2656/2656/2656 2658/2658/2658
f 2659/2659/2659 2657/2657/2657 2658/2658/2658
f 2658/2658/2658 2660/2660/2660 2659/2659/2659
f 2663/2663/2663 2662/2662/2662 2661/2661/2661
f 2662/2662/2662 2664/2664/2664 2661/2661/2661
f 2661/2661/2661 2664/2664/2664 2665/2665/2665
f 2664/2664/2664 2666/2666/2666 2665/2665/2665
f 2661/2661/2661 2665/2665/2665 2667/2667/2667
f 2665/2665/2665 2668/2668/2668 2667/2667/2667
f 2668/2668/2668 2669/2669/2669 2667/2667/2667
f 2669/2669/2669 2670/2670/2670 2667/2667/2667
f 2673/2673/2673 2672/2672/2672 2671/2671/2671
f 2674/2674/2674 2673/2673/2673 2671/2671/2671
f 2677/2677/2677 2676/2676/2676 2675/2675/2675
f 2676/2676/2676 2678/2678/2678 2675/2675/2675
f 2678/2678/2678 2676/2676/2676 2679/2679/2679
f 2680/2680/2680 2678/2678/2678 2679/2679/2679
f 2680/2680/2680 2679/2679/2679 2681/2681/2681
f 2682/2682/2682 2680/2680/2680 2681/2681/2681
f 2680/2680/2680 2682/2682/2682 2683/2683/2683
f 2684/2684/2684 2680/2680/2680 2683/2683/2683
f 2687/2687/2687 2686/2686/2686 2685/2685/2685
f 2688/2688/2688 2687/2687/2687 2685/2685/2685
f 2688/2688/2688 2685/2685/2685 2689/2689/2689
f 2685/2685/2685 2690/2690/2690 2689/2689/2689
f 2689/2689/2689 2691/2691/2691 2688/2688/2688
f 2688/2688/2688 2692/2692/2692 2687/2687/2687
f 2691/2691/2691 2692/2692/2692 2688/2688/2688
f 2691/2691/2691 2693/2693/2693 2692/2692/2692
f 2692/2692/2692 2694/2694/2694 2687/2687/2687
f 2693/2693/2693 2695/2695/2695 2692/2692/2692
f 2692/2692/2692 2695/2695/2695 2694/2694/2694
f 2695/2695/2695 2696/2696/2696 2694/2694/2694
f 2699/2699/2699 2698/2698/2698 2697/2697/2697
f 2698/2698/2698 2700/2700/2700 2697/2697/2697
f 2697/2697/2697 2700/2700/2700 2701/2701/2701
f 2700/2700/2700 2702/2702/2702 2701/2701/2701
f 2705/2705/2705 2704/2704/2704 2703/2703/2703
f 2706/2706/2706 2705/2705/2705 2703/2703/2703
f 2707/2707/2707 2705/2705/2705 2706/2706/2706
f 2708/2708/2708 2707/2707/2707 2706/2706/2706
f 2711/2711/2711 2710/2710/2710 2709/2709/2709
f 2710/2710/2710 2712/2712/2712 2709/2709/2709
f 2710/2710/2710 2713/2713/2713 2712/2712/2712
f 2713/2713/2713 2714/2714/2714 2712/2712/2712
f 2717/2717/2717 2716/2716/2716 2715/2715/2715
f 2718/2718/2718 2717/2717/2717 2715/2715/2715
f 2719/2719/2719 2717/2717/2717 2718/2718/2718
f 2718/2718/2718 2715/2715/2715 2720/2720/2720
f 2721/2721/2721 2719/2719/2719 2718/2718/2718
f 2722/2722/2722 2718/2718/2718 2720/2720/2720
f 2721/2721/2721 2718/2718/2718 2722/2722/2722
f 2720/2720/2720 2723/2723/2723 2722/2722/2722
f 2724/2724/2724 2721/2721/2721 2722/2722/2722
f 2723/2723/2723 2725/2725/2725 2722/2722/2722
f 2722/2722/2722 2725/2725/2725 2724/2724/2724
f 2725/2725/2725 2726/2726/2726 2724/2724/2724
f 2729/2729/2729 2728/2728/2728 2727/2727/2727
f 2728/2728/2728 2730/2730/2730 2727/2727/2727
f 2727/2727/2727 2730/2730/2730 2731/2731/2731
f 2732/2732/2732 2727/2727/2727 2731/2731/2731
f 2735/2735/2735 2734/2734/2734 2733/2733/2733
f 2734/2734/2734 2736/2736/2736 2733/2733/2733
f 2737/2737/2737 2736/2736/2736 2734/2734/2734
f 2738/2738/2738 2737/2737/2737 2734/2734/2734
f 2741/2741/2741 2740/2740/2740 2739/2739/2739
f 2740/2740/2740 2742/2742/2742 2739/2739/2739
f 2740/2740/2740 2743/2743/2743 2742/2742/2742
f 2743/2743/2743 2744/2744/2744 2742/2742/2742
f 2747/2747/2747 2746/2746/2746 2745/2745/2745
f 2748/2748/2748 2747/2747/2747 2745/2745/2745
f 2749/2749/2749 2747/2747/2747 2748/2748/2748
f 2750/2750/2750 2749/2749/2749 2748/2748/2748
f 2751/2751/2751 2749/2749/2749 2750/2750/2750
f 2752/2752/2752 2751/2751/2751 2750/2750/2750
f 2753/2753/2753 2751/2751/2751 2752/2752/2752
f 2754/2754/2754 2753/2753/2753 2752/2752/2752
f 2755/2755/2755 2753/2753/2753 2754/2754/2754
f 2756/2756/2756 2755/2755/2755 2754/2754/2754
f 2757/2757/2757 2755/2755/2755 2756/2756/2756
f 2758/2758/2758 2757/2757/2757 2756/2756/2756
f 2759/2759/2759 2757/2757/2757 2758/2758/2758
f 2760/2760/2760 2759/2759/2759 2758/2758/2758
f 2761/2761/2761 2759/2759/2759 2760/2760/2760
f 2762/2762/2762 2761/2761/2761 2760/2760/2760
f 2765/2765/2765 2764/2764/2764 2763/2763/2763
f 2764/2764/2764 2766/2766/2766 2763/2763/2763
f 2763/2763/2763 2766/2766/2766 2767/2767/2767
f 2766/2766/2766 2768/2768/2768 2767/2767/2767
f 2771/2771/2771 2770/2770/2770 2769/2769/2769
f 2770/2770/2770 2772/2772/2772 2769/2769/2769
f 2769/2769/2769 2772/2772/2772 2773/2773/2773
f 2772/2772/2772 2774/2774/2774 2773/2773/2773
f 2773/2773/2773 2774/2774/2774 2775/2775/2775
f 2774/2774/2774 2776/2776/2776 2775/2775/2775
f 2775/2775/2775 2776/2776/2776 2777/2777/2777
f 2776/2776/2776 2778/2778/2778 2777/2777/2777
f 2777/2777/2777 2778/2778/2778 2779/2779/2779
f 2778/2778/2778 2780/2780/2780 2779/2779/2779
f 2779/2779/2779 2780/2780/2780 2781/2781/2781
f 2780/2780/2780 2782/2782/2782 2781/2781/2781
f 2781/2781/2781 2782/2782/2782 2783/2783/2783
f 2782/2782/2782 2784/2784/2784 2783/2783/2783
f 2783/2783/2783 2784/2784/2784 2785/2785/2785
f 2784/2784/2784 2786/2786/2786 2785/2785/2785
f 2789/2789/2789 2788/2788/2788 2787/2787/2787
f 2788/2788/2788 2790/2790/2790 2787/2787/2787
f 2787/2787/2787 2790/2790/2790 2791/2791/2791
f 2790/2790/2790 2792/2792/2792 2791/2791/2791
f 2795/2795/2795 2794/2794/2794 2793/2793/2793
f 2796/2796/2796 2795/2795/2795 2793/2793/2793
f 2797/2797/2797 2795/2795/2795 2796/2796/2796
f 2798/2798/2798 2797/2797/2797 2796/2796/2796
f 2799/2799/2799 2797/2797/2797 2798/2798/2798
f 2800/2800/2800 2799/2799/2799 2798/2798/2798
f 2801/2801/2801 2799/2799/2799 2800/2800/2800
f 2802/2802/2802 2801/2801/2801 2800/2800/2800
f 2803/2803/2803 2801/2801/2801 2802/2802/2802
f 2804/2804/2804 2803/2803/2803 2802/2802/2802
f 2805/2805/2805 2803/2803/2803 2804/2804/2804
f 2806/2806/2806 2805/2805/2805 2804/2804/2804
f 2807/2807/2807 2805/2805/2805 2806/2806/2806
f 2808/2808/2808 2807/2807/2807 2806/2806/2806
f 2809/2809/2809 2807/2807/2807 2808/2808/2808
f 2810/2810/2810 2809/2809/2809 2808/2808/2808
f 2813/2813/2813 2812/2812/2812 2811/2811/2811
f 2812/2812/2812 2814/2814/2814 2811/2811/2811
f 2811/2811/2811 2814/2814/2814 2815/2815/2815
f 2814/2814/2814 2816/2816/2816 2815/2815/2815
f 2819/2819/2819 2818/2818/2818 2817/2817/2817
f 2818/2818/2818 2820/2820/2820 2817/2817/2817
f 2817/2817/2817 2820/2820/2820 2821/2821/2821
f 2820/2820/2820 2822/2822/2822 2821/2821/2821
f 2825/2825/2825 2824/2824/2824 2823/2823/2823
f 2824/2824/2824 2826/2826/2826 2823/2823/2823
f 2823/2823/2823 2826/2826/2826 2827/2827/2827
f 2826/2826/2826 2828/2828/2828 2827/2827/2827
f 2831/2831/2831 2830/2830/2830 2829/2829/2829
f 2830/2830/2830 2832/2832/2832 2829/2829/2829
f 2829/2829/2829 2832/2832/2832 2833/2833/2833
f 2832/2832/2832 2834/2834/2834 2833/2833/2833
f 2837/2837/2837 2836/2836/2836 2835/2835/2835
f 2836/2836/2836 2838/2838/2838 2835/2835/2835
f 2835/2835/2835 2838/2838/2838 2839/2839/2839
f 2838/2838/2838 2840/2840/2840 2839/2839/2839
f 2839/2839/2839 2840/2840/2840 2841/2841/2841
f 2840/2840/2840 2842/2842/2842 2841/2841/2841
f 2841/2841/2841 2842/2842/2842 2843/2843/2843
f 2842/2842/2842 2844/2844/2844 2843/2843/2843
f 2847/2847/2847 2846/2846/2846 2845/2845/2845
f 2846/2846/2846 2848/2848/2848 2845/2845/2845
f 2845/2845/2845 2848/2848/2848 2849/2849/2849
f 2848/2848/2848 2850/2850/2850 2849/2849/2849
f 2849/2849/2849 2850/2850/2850 2851/2851/2851
f 2850/2850/2850 2852/2852/2852 2851/2851/2851
f 2851/2851/2851 2852/2852/2852 2853/2853/2853
f 2852/2852/2852 2854/2854/2854 2853/2853/2853
f 2857/2857/2857 2856/2856/2856 2855/2855/2855
f 2856/2856/2856 2858/2858/2858 2855/2855/2855
f 2855/2855/2855 2858/2858/2858 2859/2859/2859
f 2858/2858/2858 2860/2860/2860 2859/2859/2859
f 2859/2859/2859 2860/2860/2860 2861/2861/2861
f 2860/2860/2860 2862/2862/2862 2861/2861/2861
f 2861/2861/2861 2862/2862/2862 2863/2863/2863
f 2862/2862/2862 2864/2864/2864 2863/2863/2863
f 2867/2867/2867 2866/2866/2866 2865/2865/2865
f 2865/2865/2865 2868/2868/2868 2867/2867/2867
f 2868/2868/2868 2869/2869/2869 2867/2867/2867
f 2868/2868/2868 2870/2870/2870 2869/2869/2869
f 2870/2870/2870 2871/2871/2871 2869/2869/2869
f 2870/2870/2870 2872/2872/2872 2871/2871/2871
f 2872/2872/2872 2873/2873/2873 2871/2871/2871
f 2876/2876/2876 2875/2875/2875 2874/2874/2874
f 2877/2877/2877 2876/2876/2876 2874/2874/2874
f 2874/2874/2874 2878/2878/2878 2877/2877/2877
f 2877/2877/2877 2879/2879/2879 2876/2876/2876
f 2879/2879/2879 2880/2880/2880 2876/2876/2876
f 2880/2880/2880 2879/2879/2879 2881/2881/2881
f 2878/2878/2878 2882/2882/2882 2877/2877/2877
f 2877/2877/2877 2882/2882/2882 2879/2879/2879
f 2878/2878/2878 2883/2883/2883 2882/2882/2882
f 2883/2883/2883 2884/2884/2884 2882/2882/2882
f 2882/2882/2882 2884/2884/2884 2885/2885/2885
f 2882/2882/2882 2885/2885/2885 2879/2879/2879
f 2884/2884/2884 2886/2886/2886 2885/2885/2885
f 2879/2879/2879 2887/2887/2887 2881/2881/2881
f 2879/2879/2879 2885/2885/2885 2887/2887/2887
f 2888/2888/2888 2881/2881/2881 2887/2887/2887
f 2889/2889/2889 2888/2888/2888 2887/2887/2887
f 2885/2885/2885 2886/2886/2886 2890/2890/2890
f 2885/2885/2885 2890/2890/2890 2887/2887/2887
f 2887/2887/2887 2890/2890/2890 2889/2889/2889
f 2886/2886/2886 2891/2891/2891 2890/2890/2890
f 2890/2890/2890 2892/2892/2892 2889/2889/2889
f 2890/2890/2890 2891/2891/2891 2892/2892/2892
f 2891/2891/2891 2893/2893/2893 2892/2892/2892
f 2896/2896/2896 2895/2895/2895 2894/2894/2894
f 2897/2897/2897 2896/2896/2896 2894/2894/2894
f 2896/2896/2896 2897/2897/2897 2898/2898/2898
f 2899/2899/2899 2896/2896/2896 2898/2898/2898
f 2898/2898/2898 2900/2900/2900 2899/2899/2899
f 2898/2898/2898 2901/2901/2901 2900/2900/2900
f 2901/2901/2901 2902/2902/2902 2900/2900/2900
f 2903/2903/2903 2902/2902/2902 2901/2901/2901
f 2904/2904/2904 2903/2903/2903 2901/2901/2901
f 2907/2907/2907 2906/2906/2906 2905/2905/2905
f 2906/2906/2906 2908/2908/2908 2905/2905/2905
f 2905/2905/2905 2908/2908/2908 2909/2909/2909
f 2905/2905/2905 2909/2909/2909 2910/2910/2910
f 2910/2910/2910 2911/2911/2911 2905/2905/2905
f 2911/2911/2911 2910/2910/2910 2912/2912/2912
f 2913/2913/2913 2911/2911/2911 2912/2912/2912
f 2913/2913/2913 2912/2912/2912 2914/2914/2914
f 2912/2912/2912 2915/2915/2915 2914/2914/2914
f 2918/2918/2918 2917/2917/2917 2916/2916/2916
f 2919/2919/2919 2918/2918/2918 2916/2916/2916
f 2920/2920/2920 2919/2919/2919 2916/2916/2916
f 2921/2921/2921 2920/2920/2920 2916/2916/2916
f 2920/2920/2920 2921/2921/2921 2922/2922/2922
f 2923/2923/2923 2920/2920/2920 2922/2922/2922
f 2923/2923/2923 2922/2922/2922 2924/2924/2924
f 2925/2925/2925 2923/2923/2923 2924/2924/2924
f 2928/2928/2928 2927/2927/2927 2926/2926/2926
f 2929/2929/2929 2928/2928/2928 2926/2926/2926
f 2930/2930/2930 2928/2928/2928 2929/2929/2929
f 2931/2931/2931 2930/2930/2930 2929/2929/2929
f 2932/2932/2932 2930/2930/2930 2931/2931/2931
f 2933/2933/2933 2932/2932/2932 2931/2931/2931
f 2934/2934/2934 2932/2932/2932 2933/2933/2933
f 2935/2935/2935 2934/2934/2934 2933/2933/2933
f 2936/2936/2936 2934/2934/2934 2935/2935/2935
f 2937/2937/2937 2936/2936/2936 2935/2935/2935
f 2938/2938/2938 2936/2936/2936 2937/2937/2937
f 2939/2939/2939 2938/2938/2938 2937/2937/2937
f 2940/2940/2940 2938/2938/2938 2939/2939/2939
f 2941/2941/2941 2940/2940/2940 2939/2939/2939
f 2942/2942/2942 2940/2940/2940 2941/2941/2941
f 2943/2943/2943 2942/2942/2942 2941/2941/2941
f 2946/2946/2946 2945/2945/2945 2944/2944/2944
f 2947/2947/2947 2946/2946/2946 2944/2944/2944
f 2948/2948/2948 2946/2946/2946 2947/2947/2947
f 2949/2949/2949 2948/2948/2948 2947/2947/2947
f 2952/2952/2952 2951/2951/2951 2950/2950/2950
f 2952/2952/2952 2950/2950/2950 2953/2953/2953
f 2953/2953/2953 2954/2954/2954 2952/2952/2952
f 2954/2954/2954 2955/2955/2955 2952/2952/2952
f 2954/2954/2954 2956/2956/2956 2955/2955/2955
f 2954/2954/2954 2953/2953/2953 2957/2957/2957
f 2953/2953/2953 2958/2958/2958 2957/2957/2957
f 2961/2961/2961 2960/2960/2960 2959/2959/2959
f 2960/2960/2960 2962/2962/2962 2959/2959/2959
f 2959/2959/2959 2962/2962/2962 2963/2963/2963
f 2962/2962/2962 2964/2964/2964 2963/2963/2963
f 2963/2963/2963 2964/2964/2964 2965/2965/2965
f 2964/2964/2964 2966/2966/2966 2965/2965/2965
f 2965/2965/2965 2966/2966/2966 2967/2967/2967
f 2966/2966/2966 2968/2968/2968 2967/2967/2967
f 2971/2971/2971 2970/2970/2970 2969/2969/2969
f 2969/2969/2969 2972/2972/2972 2971/2971/2971
f 2969/2969/2969 2973/2973/2973 2972/2972/2972
f 2973/2973/2973 2974/2974/2974 2972/2972/2972
f 2973/2973/2973 2975/2975/2975 2974/2974/2974
f 2975/2975/2975 2976/2976/2976 2974/2974/2974
f 2975/2975/2975 2977/2977/2977 2976/2976/2976
f 2980/2980/2980 2979/2979/2979 2978/2978/2978
f 2978/2978/2978 2981/2981/2981 2980/2980/2980
f 2981/2981/2981 2982/2982/2982 2980/2980/2980
f 2982/2982/2982 2983/2983/2983 2980/2980/2980
f 2983/2983/2983 2984/2984/2984 2980/2980/2980
f 2987/2987/2987 2986/2986/2986 2985/2985/2985
f 2985/2985/2985 2988/2988/2988 2987/2987/2987
f 2985/2985/2985 2989/2989/2989 2988/2988/2988
f 2989/2989/2989 2990/2990/2990 2988/2988/2988
f 2989/2989/2989 2991/2991/2991 2990/2990/2990
f 2989/2989/2989 2992/2992/2992 2991/2991/2991
f 2989/2989/2989 2993/2993/2993 2992/2992/2992
f 2989/2989/2989 2994/2994/2994 2993/2993/2993
f 2997/2997/2997 2996/2996/2996 2995/2995/2995
f 2998/2998/2998 2997/2997/2997 2995/2995/2995
f 2998/2998/2998 2995/2995/2995 2999/2999/2999
f 3000/3000/3000 2998/2998/2998 2999/2999/2999
f 3003/3003/3003 3002/3002/3002 3001/3001/3001
f 3004/3004/3004 3003/3003/3003 3001/3001/3001
f 3004/3004/3004 3001/3001/3001 3005/3005/3005
f 3006/3006/3006 3004/3004/3004 3005/3005/3005
f 3006/3006/3006 3005/3005/3005 3007/3007/3007
f 3008/3008/3008 3006/3006/3006 3007/3007/3007
f 3008/3008/3008 3007/3007/3007 3009/3009/3009
f 3010/3010/3010 3008/3008/3008 3009/3009/3009
f 3013/3013/3013 3012/3012/3012 3011/3011/3011
f 3014/3014/3014 3013/3013/3013 3011/3011/3011
f 3011/3011/3011 3015/3015/3015 3014/3014/3014
f 3015/3015/3015 3016/3016/3016 3014/3014/3014
f 3015/3015/3015 3017/3017/3017 3016/3016/3016
f 3017/3017/3017 3018/3018/3018 3016/3016/3016
f 3017/3017/3017 3019/3019/3019 3018/3018/3018
f 3019/3019/3019 3020/3020/3020 3018/3018/3018
f 3019/3019/3019 3021/3021/3021 3020/3020/3020
f 3021/3021/3021 3022/3022/3022 3020/3020/3020
f 3025/3025/3025 3024/3024/3024 3023/3023/3023
f 3026/3026/3026 3025/3025/3025 3023/3023/3023
f 3026/3026/3026 3027/3027/3027 3025/3025/3025
f 3027/3027/3027 3028/3028/3028 3025/3025/3025
f 3027/3027/3027 3029/3029/3029 3028/3028/3028
f 3029/3029/3029 3030/3030/3030 3028/3028/3028
f 3029/3029/3029 3031/3031/3031 3030/3030/3030
f 3031/3031/3031 3032/3032/3032 3030/3030/3030
f 3031/3031/3031 3033/3033/3033 3032/3032/3032
f 3033/3033/3033 3034/3034/3034 3032/3032/3032
f 3033/3033/3033 3035/3035/3035 3034/3034/3034
f 3035/3035/3035 3036/3036/3036 3034/3034/3034
f 3035/3035/3035 3037/3037/3037 3036/3036/3036
f 3037/3037/3037 3038/3038/3038 3036/3036/3036
f 3037/3037/3037 3039/3039/3039 3038/3038/3038
f 3039/3039/3039 3040/3040/3040 3038/3038/3038
f 3039/3039/3039 3041/3041/3041 3040/3040/3040
f 3041/3041/3041 3042/3042/3042 3040/3040/3040
f 3041/3041/3041 3043/3043/3043 3042/3042/3042
f 3043/3043/3043 3044/3044/3044 3042/3042/3042
f 3043/3043/3043 3045/3045/3045 3044/3044/3044
f 3045/3045/3045 3046/3046/3046 3044/3044/3044
f 3046/3046/3046 3045/3045/3045 3047/3047/3047
f 3048/3048/3048 3046/3046/3046 3047/3047/3047
f 3048/3048/3048 3047/3047/3047 3049/3049/3049
f 3052/3052/3052 3051/3051/3051 3050/3050/3050
f 3051/3051/3051 3053/3053/3053 3050/3050/3050
f 3051/3051/3051 3054/3054/3054 3053/3053/3053
f 3054/3054/3054 3055/3055/3055 3053/3053/3053
f 3054/3054/3054 3056/3056/3056 3055/3055/3055
f 3056/3056/3056 3057/3057/3057 3055/3055/3055
f 3056/3056/3056 3058/3058/3058 3057/3057/3057
f 3058/3058/3058 3059/3059/3059 3057/3057/3057
f 3062/3062/3062 3061/3061/3061 3060/3060/3060
f 3061/3061/3061 3063/3063/3063 3060/3060/3060
f 3061/3061/3061 3064/3064/3064 3063/3063/3063
f 3064/3064/3064 3065/3065/3065 3063/3063/3063
f 3065/3065/3065 3064/3064/3064 3066/3066/3066
f 3064/3064/3064 3067/3067/3067 3066/3066/3066
f 3070/3070/3070 3069/3069/3069 3068/3068/3068
f 3071/3071/3071 3070/3070/3070 3068/3068/3068
f 3074/3074/3074 3073/3073/3073 3072/3072/3072
f 3075/3075/3075 3074/3074/3074 3072/3072/3072
f 3075/3075/3075 3072/3072/3072 3076/3076/3076
f 3077/3077/3077 3075/3075/3075 3076/3076/3076
f 3077/3077/3077 3076/3076/3076 3078/3078/3078
f 3079/3079/3079 3077/3077/3077 3078/3078/3078
f 3082/3082/3082 3081/3081/3081 3080/3080/3080
f 3083/3083/3083 3082/3082/3082 3080/3080/3080
f 3083/3083/3083 3080/3080/3080 3084/3084/3084
f 3085/3085/3085 3083/3083/3083 3084/3084/3084
f 3085/3085/3085 3084/3084/3084 3086/3086/3086
f 3087/3087/3087 3085/3085/3085 3086/3086/3086
f 3087/3087/3087 3086/3086/3086 3088/3088/3088
f 3089/3089/3089 3087/3087/3087 3088/3088/3088
f 3092/3092/3092 3091/3091/3091 3090/3090/3090
f 3093/3093/3093 3092/3092/3092 3090/3090/3090
f 3093/3093/3093 3090/3090/3090 3094/3094/3094
f 3095/3095/3095 3093/3093/3093 3094/3094/3094
f 3095/3095/3095 3094/3094/3094 3096/3096/3096
f 3097/3097/3097 3095/3095/3095 3096/3096/3096
f 3097/3097/3097 3096/3096/3096 3098/3098/3098
f 3099/3099/3099 3097/3097/3097 3098/3098/3098
f 3102/3102/3102 3101/3101/3101 3100/3100/3100
f 3103/3103/3103 3102/3102/3102 3100/3100/3100
f 3106/3106/3106 3105/3105/3105 3104/3104/3104
f 3105/3105/3105 3107/3107/3107 3104/3104/3104
f 3105/3105/3105 3108/3108/3108 3107/3107/3107
f 3108/3108/3108 3109/3109/3109 3107/3107/3107
f 3108/3108/3108 3110/3110/3110 3109/3109/3109
f 3110/3110/3110 3111/3111/3111 3109/3109/3109
f 3110/3110/3110 3112/3112/3112 3111/3111/3111
f 3112/3112/3112 3113/3113/3113 3111/3111/3111
f 3112/3112/3112 3114/3114/3114 3113/3113/3113
f 3114/3114/3114 3115/3115/3115 3113/3113/3113
f 3116/3116/3116 3115/3115/3115 3114/3114/3114
f 3117/3117/3117 3116/3116/3116 3114/3114/3114
f 3120/3120/3120 3119/3119/3119 3118/3118/3118
f 3121/3121/3121 3120/3120/3120 3118/3118/3118
f 3121/3121/3121 3122/3122/3122 3120/3120/3120
f 3122/3122/3122 3123/3123/3123 3120/3120/3120
f 3122/3122/3122 3124/3124/3124 3123/3123/3123
f 3124/3124/3124 3125/3125/3125 3123/3123/3123
f 3124/3124/3124 3126/3126/3126 3125/3125/3125
f 3126/3126/3126 3127/3127/3127 3125/3125/3125
f 3126/3126/3126 3128/3128/3128 3127/3127/3127
f 3128/3128/3128 3129/3129/3129 3127/3127/3127
f 3132/3132/3132 3131/3131/3131 3130/3130/3130
f 3133/3133/3133 3132/3132/3132 3130/3130/3130
f 3136/3136/3136 3135/3135/3135 3134/3134/3134
f 3137/3137/3137 3136/3136/3136 3134/3134/3134
f 3140/3140/3140 3139/3139/3139 3138/3138/3138
f 3141/3141/3141 3140/3140/3140 3138/3138/3138
f 3141/3141/3141 3138/3138/3138 3142/3142/3142
f 3143/3143/3143 3141/3141/3141 3142/3142/3142
f 3143/3143/3143 3142/3142/3142 3144/3144/3144
f 3145/3145/3145 3143/3143/3143 3144/3144/3144
f 3145/3145/3145 3144/3144/3144 3146/3146/3146
f 3144/3144/3144 3147/3147/3147 3146/3146/3146
f 3150/3150/3150 3149/3149/3149 3148/3148/3148
f 3151/3151/3151 3150/3150/3150 3148/3148/3148
f 3154/3154/3154 3153/3153/3153 3152/3152/3152
f 3155/3155/3155 3154/3154/3154 3152/3152/3152
f 3158/3158/3158 3157/3157/3157 3156/3156/3156
f 3159/3159/3159 3158/3158/3158 3156/3156/3156
f 3162/3162/3162 3161/3161/3161 3160/3160/3160
f 3163/3163/3163 3162/3162/3162 3160/3160/3160
f 3166/3166/3166 3165/3165/3165 3164/3164/3164
f 3167/3167/3167 3166/3166/3166 3164/3164/3164
f 3170/3170/3170 3169/3169/3169 3168/3168/3168
f 3171/3171/3171 3170/3170/3170 3168/3168/3168
f 3174/3174/3174 3173/3173/3173 3172/3172/3172
f 3175/3175/3175 3174/3174/3174 3172/3172/3172
f 3178/3178/3178 3177/3177/3177 3176/3176/3176
f 3179/3179/3179 3178/3178/3178 3176/3176/3176
f 3182/3182/3182 3181/3181/3181 3180/3180/3180
f 3183/3183/3183 3182/3182/3182 3180/3180/3180
f 3186/3186/3186 3185/3185/3185 3184/3184/3184
f 3184/3184/3184 3187/3187/3187 3186/3186/3186
f 3187/3187/3187 3184/3184/3184 3188/3188/3188
f 3189/3189/3189 3187/3187/3187 3188/3188/3188
f 3187/3187/3187 3190/3190/3190 3186/3186/3186
f 3190/3190/3190 3187/3187/3187 3189/3189/3189
f 3190/3190/3190 3191/3191/3191 3186/3186/3186
f 3192/3192/3192 3190/3190/3190 3189/3189/3189
f 3193/3193/3193 3192/3192/3192 3189/3189/3189
f 3194/3194/3194 3193/3193/3193 3189/3189/3189
f 3190/3190/3190 3195/3195/3195 3191/3191/3191
f 3195/3195/3195 3196/3196/3196 3191/3191/3191
f 3196/3196/3196 3195/3195/3195 3197/3197/3197
f 3198/3198/3198 3196/3196/3196 3197/3197/3197
f 3197/3197/3197 3199/3199/3199 3198/3198/3198
f 3200/3200/3200 3199/3199/3199 3197/3197/3197
f 3200/3200/3200 3197/3197/3197 3201/3201/3201
f 3202/3202/3202 3200/3200/3200 3201/3201/3201
f 3203/3203/3203 3202/3202/3202 3201/3201/3201
f 3201/3201/3201 3204/3204/3204 3203/3203/3203
f 3207/3207/3207 3206/3206/3206 3205/3205/3205
f 3205/3205/3205 3208/3208/3208 3207/3207/3207
f 3205/3205/3205 3209/3209/3209 3208/3208/3208
f 3205/3205/3205 3210/3210/3210 3209/3209/3209
f 3210/3210/3210 3211/3211/3211 3209/3209/3209
f 3212/3212/3212 3211/3211/3211 3210/3210/3210
f 3210/3210/3210 3213/3213/3213 3212/3212/3212
f 3210/3210/3210 3214/3214/3214 3213/3213/3213
f 3215/3215/3215 3213/3213/3213 3214/3214/3214
f 3215/3215/3215 3214/3214/3214 3216/3216/3216
f 3217/3217/3217 3215/3215/3215 3216/3216/3216
f 3217/3217/3217 3216/3216/3216 3218/3218/3218
f 3218/3218/3218 3216/3216/3216 3219/3219/3219
f 3216/3216/3216 3220/3220/3220 3219/3219/3219
f 3219/3219/3219 3220/3220/3220 3221/3221/3221
f 3220/3220/3220 3222/3222/3222 3221/3221/3221
f 3217/3217/3217 3218/3218/3218 3223/3223/3223
f 3223/3223/3223 3218/3218/3218 3219/3219/3219
f 3223/3223/3223 3224/3224/3224 3217/3217/3217
f 3225/3225/3225 3223/3223/3223 3219/3219/3219
f 3228/3228/3228 3227/3227/3227 3226/3226/3226
f 3227/3227/3227 3229/3229/3229 3226/3226/3226
f 3229/3229/3229 3227/3227/3227 3230/3230/3230
f 3231/3231/3231 3229/3229/3229 3230/3230/3230
f 3234/3234/3234 3233/3233/3233 3232/3232/3232
f 3235/3235/3235 3234/3234/3234 3232/3232/3232
f 3238/3238/3238 3237/3237/3237 3236/3236/3236
f 3239/3239/3239 3238/3238/3238 3236/3236/3236
f 3242/3242/3242 3241/3241/3241 3240/3240/3240
f 3243/3243/3243 3242/3242/3242 3240/3240/3240
f 3243/3243/3243 3240/3240/3240 3244/3244/3244
f 3245/3245/3245 3243/3243/3243 3244/3244/3244
f 3244/3244/3244 3246/3246/3246 3245/3245/3245
f 3246/3246/3246 3244/3244/3244 3247/3247/3247
f 3244/3244/3244 3240/3240/3240 3247/3247/3247
f 3247/3247/3247 3248/3248/3248 3246/3246/3246
f 3249/3249/3249 3247/3247/3247 3240/3240/3240
f 3240/3240/3240 3250/3250/3250 3249/3249/3249
f 3250/3250/3250 3251/3251/3251 3249/3249/3249
f 3251/3251/3251 3250/3250/3250 3252/3252/3252
f 3253/3253/3253 3251/3251/3251 3252/3252/3252
f 3252/3252/3252 3254/3254/3254 3253/3253/3253
f 3255/3255/3255 3254/3254/3254 3252/3252/3252
f 3255/3255/3255 3252/3252/3252 3256/3256/3256
f 3256/3256/3256 3257/3257/3257 3255/3255/3255
f 3256/3256/3256 3258/3258/3258 3257/3257/3257
f 3258/3258/3258 3259/3259/3259 3257/3257/3257
f 3262/3262/3262 3261/3261/3261 3260/3260/3260
f 3263/3263/3263 3262/3262/3262 3260/3260/3260
f 3266/3266/3266 3265/3265/3265 3264/3264/3264
f 3265/3265/3265 3267/3267/3267 3264/3264/3264
f 3268/3268/3268 3264/3264/3264 3267/3267/3267
f 3267/3267/3267 3269/3269/3269 3268/3268/3268
f 3269/3269/3269 3270/3270/3270 3268/3268/3268
f 3271/3271/3271 3270/3270/3270 3269/3269/3269
f 3269/3269/3269 3272/3272/3272 3271/3271/3271
f 3269/3269/3269 3273/3273/3273 3272/3272/3272
f 3274/3274/3274 3272/3272/3272 3273/3273/3273
f 3274/3274/3274 3273/3273/3273 3275/3275/3275
f 3275/3275/3275 3276/3276/3276 3274/3274/3274
f 3276/3276/3276 3275/3275/3275 3277/3277/3277
f 3277/3277/3277 3275/3275/3275 3278/3278/3278
f 3276/3276/3276 3277/3277/3277 3279/3279/3279
f 3279/3279/3279 3280/3280/3280 3276/3276/3276
f 3279/3279/3279 3277/3277/3277 3281/3281/3281
f 3277/3277/3277 3282/3282/3282 3281/3281/3281
f 3282/3282/3282 3277/3277/3277 3278/3278/3278
f 3278/3278/3278 3283/3283/3283 3282/3282/3282
f 3283/3283/3283 3284/3284/3284 3282/3282/3282
f 3287/3287/3287 3286/3286/3286 3285/3285/3285
f 3286/3286/3286 3288/3288/3288 3285/3285/3285
f 3288/3288/3288 3286/3286/3286 3289/3289/3289
f 3290/3290/3290 3288/3288/3288 3289/3289/3289
f 3293/3293/3293 3292/3292/3292 3291/3291/3291
f 3294/3294/3294 3293/3293/3293 3291/3291/3291
f 3297/3297/3297 3296/3296/3296 3295/3295/3295
f 3298/3298/3298 3297/3297/3297 3295/3295/3295
f 3301/3301/3301 3300/3300/3300 3299/3299/3299
f 3299/3299/3299 3302/3302/3302 3301/3301/3301
f 3299/3299/3299 3303/3303/3303 3302/3302/3302
f 3302/3302/3302 3304/3304/3304 3301/3301/3301
f 3304/3304/3304 3305/3305/3305 3301/3301/3301
f 3302/3302/3302 3306/3306/3306 3304/3304/3304
f 3307/3307/3307 3306/3306/3306 3302/3302/3302
f 3303/3303/3303 3308/3308/3308 3302/3302/3302
f 3308/3308/3308 3307/3307/3307 3302/3302/3302
f 3309/3309/3309 3307/3307/3307 3308/3308/3308
f 3303/3303/3303 3310/3310/3310 3308/3308/3308
f 3311/3311/3311 3309/3309/3309 3308/3308/3308
f 3311/3311/3311 3308/3308/3308 3310/3310/3310
f 3311/3311/3311 3310/3310/3310 3312/3312/3312
f 3311/3311/3311 3312/3312/3312 3313/3313/3313
f 3313/3313/3313 3314/3314/3314 3311/3311/3311
f 3317/3317/3317 3316/3316/3316 3315/3315/3315
f 3318/3318/3318 3317/3317/3317 3315/3315/3315
f 3319/3319/3319 3317/3317/3317 3318/3318/3318
f 3320/3320/3320 3319/3319/3319 3318/3318/3318
f 3323/3323/3323 3322/3322/3322 3321/3321/3321
f 3322/3322/3322 3324/3324/3324 3321/3321/3321
f 3325/3325/3325 3324/3324/3324 3322/3322/3322
f 3322/3322/3322 3326/3326/3326 3325/3325/3325
f 3325/3325/3325 3327/3327/3327 3324/3324/3324
f 3327/3327/3327 3328/3328/3328 3324/3324/3324
f 3328/3328/3328 3329/3329/3329 3324/3324/3324
f 3329/3329/3329 3328/3328/3328 3330/3330/3330
f 3330/3330/3330 3331/3331/3331 3329/3329/3329
f 3324/3324/3324 3329/3329/3329 3332/3332/3332
f 3333/3333/3333 3324/3324/3324 3332/3332/3332
f 3332/3332/3332 3329/3329/3329 3334/3334/3334
f 3329/3329/3329 3335/3335/3335 3334/3334/3334
f 3335/3335/3335 3329/3329/3329 3331/3331/3331
f 3335/3335/3335 3331/3331/3331 3336/3336/3336
f 3335/3335/3335 3336/3336/3336 3337/3337/3337
f 3335/3335/3335 3337/3337/3337 3338/3338/3338
f 3335/3335/3335 3338/3338/3338 3339/3339/3339
f 3339/3339/3339 3340/3340/3340 3335/3335/3335
f 3343/3343/3343 3342/3342/3342 3341/3341/3341
f 3342/3342/3342 3343/3343/3343 3344/3344/3344
f 3343/3343/3343 3345/3345/3345 3344/3344/3344
f 3344/3344/3344 3345/3345/3345 3346/3346/3346
f 3345/3345/3345 3343/3343/3343 3347/3347/3347
f 3347/3347/3347 3343/3343/3343 3348/3348/3348
f 3348/3348/3348 3349/3349/3349 3347/3347/3347
f 3347/3347/3347 3350/3350/3350 3345/3345/3345
f 3349/3349/3349 3348/3348/3348 3351/3351/3351
f 3351/3351/3351 3352/3352/3352 3349/3349/3349
f 3351/3351/3351 3353/3353/3353 3352/3352/3352
f 3351/3351/3351 3354/3354/3354 3353/3353/3353
f 3355/3355/3355 3353/3353/3353 3354/3354/3354
f 3354/3354/3354 3356/3356/3356 3355/3355/3355
f 3354/3354/3354 3357/3357/3357 3356/3356/3356
f 3356/3356/3356 3357/3357/3357 3358/3358/3358
f 3358/3358/3358 3359/3359/3359 3356/3356/3356
f 3360/3360/3360 3359/3359/3359 3358/3358/3358
f 3360/3360/3360 3358/3358/3358 3361/3361/3361
f 3345/3345/3345 3350/3350/3350 3362/3362/3362
f 3362/3362/3362 3360/3360/3360 3361/3361/3361
f 3362/3362/3362 3361/3361/3361 3345/3345/3345
f 3345/3345/3345 3361/3361/3361 3346/3346/3346
f 3346/3346/3346 3361/3361/3361 3363/3363/3363
f 3366/3366/3366 3365/3365/3365 3364/3364/3364
f 3365/3365/3365 3367/3367/3367 3364/3364/3364
f 3368/3368/3368 3364/3364/3364 3367/3367/3367
f 3367/3367/3367 3365/3365/3365 3369/3369/3369
f 3369/3369/3369 3370/3370/3370 3367/3367/3367
f 3370/3370/3370 3371/3371/3371 3367/3367/3367
f 3371/3371/3371 3372/3372/3372 3367/3367/3367
f 3368/3368/3368 3367/3367/3367 3373/3373/3373
f 3372/3372/3372 3374/3374/3374 3367/3367/3367
f 3367/3367/3367 3375/3375/3375 3373/3373/3373
f 3374/3374/3374 3375/3375/3375 3367/3367/3367
f 3373/3373/3373 3375/3375/3375 3376/3376/3376
f 3375/3375/3375 3374/3374/3374 3377/3377/3377
f 3377/3377/3377 3378/3378/3378 3375/3375/3375
f 3375/3375/3375 3379/3379/3379 3376/3376/3376
f 3379/3379/3379 3375/3375/3375 3378/3378/3378
f 3379/3379/3379 3378/3378/3378 3380/3380/3380
f 3379/3379/3379 3380/3380/3380 3381/3381/3381
f 3382/3382/3382 3379/3379/3379 3381/3381/3381
f 3381/3381/3381 3383/3383/3383 3382/3382/3382
f 3379/3379/3379 3382/3382/3382 3384/3384/3384
f 3385/3385/3385 3379/3379/3379 3384/3384/3384
f 3388/3388/3388 3387/3387/3387 3386/3386/3386
f 3388/3388/3388 3386/3386/3386 3389/3389/3389
f 3389/3389/3389 3390/3390/3390 3388/3388/3388
f 3388/3388/3388 3390/3390/3390 3391/3391/3391
f 3392/3392/3392 3388/3388/3388 3391/3391/3391
f 3395/3395/3395 3394/3394/3394 3393/3393/3393
f 3393/3393/3393 3396/3396/3396 3395/3395/3395
f 3396/3396/3396 3397/3397/3397 3395/3395/3395
f 3400/3400/3400 3399/3399/3399 3398/3398/3398
f 3398/3398/3398 3401/3401/3401 3400/3400/3400
f 3398/3398/3398 3402/3402/3402 3401/3401/3401
f 3402/3402/3402 3403/3403/3403 3401/3401/3401
f 3406/3406/3406 3405/3405/3405 3404/3404/3404
f 3405/3405/3405 3407/3407/3407 3404/3404/3404
f 3404/3404/3404 3407/3407/3407 3408/3408/3408
f 3408/3408/3408 3409/3409/3409 3404/3404/3404
f 3408/3408/3408 3410/3410/3410 3409/3409/3409
f 3413/3413/3413 3412/3412/3412 3411/3411/3411
f 3411/3411/3411 3414/3414/3414 3413/3413/3413
f 3411/3411/3411 3415/3415/3415 3414/3414/3414
f 3418/3418/3418 3417/3417/3417 3416/3416/3416
f 3419/3419/3419 3418/3418/3418 3416/3416/3416
f 3422/3422/3422 3421/3421/3421 3420/3420/3420
f 3423/3423/3423 3422/3422/3422 3420/3420/3420
f 3424/3424/3424 3423/3423/3423 3420/3420/3420
f 3424/3424/3424 3420/3420/3420 3425/3425/3425
f 3425/3425/3425 3426/3426/3426 3424/3424/3424
f 3429/3429/3429 3428/3428/3428 3427/3427/3427
f 3427/3427/3427 3430/3430/3430 3429/3429/3429
f 3427/3427/3427 3431/3431/3431 3430/3430/3430
f 3434/3434/3434 3433/3433/3433 3432/3432/3432
f 3435/3435/3435 3434/3434/3434 3432/3432/3432
f 3438/3438/3438 3437/3437/3437 3436/3436/3436
f 3437/3437/3437 3439/3439/3439 3436/3436/3436
f 3436/3436/3436 3439/3439/3439 3440/3440/3440
f 3441/3441/3441 3436/3436/3436 3440/3440/3440
f 3444/3444/3444 3443/3443/3443 3442/3442/3442
f 3445/3445/3445 3443/3443/3443 3444/3444/3444
f 3444/3444/3444 3446/3446/3446 3445/3445/3445
f 3444/3444/3444 3447/3447/3447 3446/3446/3446
f 3447/3447/3447 3448/3448/3448 3446/3446/3446
f 3448/3448/3448 3449/3449/3449 3446/3446/3446
f 3445/3445/3445 3446/3446/3446 3450/3450/3450
f 3446/3446/3446 3451/3451/3451 3450/3450/3450
f 3443/3443/3443 3445/3445/3445 3452/3452/3452
f 3453/3453/3453 3443/3443/3443 3452/3452/3452
f 3454/3454/3454 3453/3453/3453 3452/3452/3452
f 3455/3455/3455 3454/3454/3454 3452/3452/3452
f 3456/3456/3456 3455/3455/3455 3452/3452/3452
f 3452/3452/3452 3457/3457/3457 3456/3456/3456
f 3458/3458/3458 3456/3456/3456 3457/3457/3457
f 3457/3457/3457 3452/3452/3452 3459/3459/3459
f 3460/3460/3460 3458/3458/3458 3457/3457/3457
f 3461/3461/3461 3457/3457/3457 3459/3459/3459
f 3457/3457/3457 3462/3462/3462 3460/3460/3460
f 3462/3462/3462 3457/3457/3457 3461/3461/3461
f 3463/3463/3463 3462/3462/3462 3461/3461/3461
f 3466/3466/3466 3465/3465/3465 3464/3464/3464
f 3467/3467/3467 3466/3466/3466 3464/3464/3464
f 3470/3470/3470 3469/3469/3469 3468/3468/3468
f 3471/3471/3471 3470/3470/3470 3468/3468/3468
f 3474/3474/3474 3473/3473/3473 3472/3472/3472
f 3475/3475/3475 3474/3474/3474 3472/3472/3472
f 3478/3478/3478 3477/3477/3477 3476/3476/3476
f 3478/3478/3478 3476/3476/3476 3479/3479/3479
f 3479/3479/3479 3480/3480/3480 3478/3478/3478
f 3478/3478/3478 3480/3480/3480 3481/3481/3481
f 3480/3480/3480 3482/3482/3482 3481/3481/3481
f 3485/3485/3485 3484/3484/3484 3483/3483/3483
f 3486/3486/3486 3485/3485/3485 3483/3483/3483
f 3489/3489/3489 3488/3488/3488 3487/3487/3487
f 3490/3490/3490 3489/3489/3489 3487/3487/3487
f 3489/3489/3489 3490/3490/3490 3491/3491/3491
f 3490/3490/3490 3492/3492/3492 3491/3491/3491
f 3491/3491/3491 3492/3492/3492 3493/3493/3493
f 3492/3492/3492 3494/3494/3494 3493/3493/3493
f 3497/3497/3497 3496/3496/3496 3495/3495/3495
f 3498/3498/3498 3497/3497/3497 3495/3495/3495
f 3501/3501/3501 3500/3500/3500 3499/3499/3499
f 3502/3502/3502 3501/3501/3501 3499/3499/3499
f 3502/3502/3502 3499/3499/3499 3503/3503/3503
f 3504/3504/3504 3502/3502/3502 3503/3503/3503
f 3507/3507/3507 3506/3506/3506 3505/3505/3505
f 3508/3508/3508 3507/3507/3507 3505/3505/3505
f 3511/3511/3511 3510/3510/3510 3509/3509/3509
f 3509/3509/3509 3512/3512/3512 3511/3511/3511
f 3509/3509/3509 3513/3513/3513 3512/3512/3512
f 3513/3513/3513 3514/3514/3514 3512/3512/3512
f 3517/3517/3517 3516/3516/3516 3515/3515/3515
f 3516/3516/3516 3518/3518/3518 3515/3515/3515
f 3515/3515/3515 3518/3518/3518 3519/3519/3519
f 3518/3518/3518 3520/3520/3520 3519/3519/3519
f 3523/3523/3523 3522/3522/3522 3521/3521/3521
f 3524/3524/3524 3523/3523/3523 3521/3521/3521
f 3527/3527/3527 3526/3526/3526 3525/3525/3525
f 3528/3528/3528 3527/3527/3527 3525/3525/3525
f 3528/3528/3528 3525/3525/3525 3529/3529/3529
f 3530/3530/3530 3528/3528/3528 3529/3529/3529
f 3533/3533/3533 3532/3532/3532 3531/3531/3531
f 3534/3534/3534 3533/3533/3533 3531/3531/3531
f 3537/3537/3537 3536/3536/3536 3535/3535/3535
f 3535/3535/3535 3538/3538/3538 3537/3537/3537
f 3535/3535/3535 3539/3539/3539 3538/3538/3538
f 3539/3539/3539 3540/3540/3540 3538/3538/3538
f 3543/3543/3543 3542/3542/3542 3541/3541/3541
f 3542/3542/3542 3544/3544/3544 3541/3541/3541
f 3541/3541/3541 3544/3544/3544 3545/3545/3545
f 3544/3544/3544 3546/3546/3546 3545/3545/3545
f 3549/3549/3549 3548/3548/3548 3547/3547/3547
f 3550/3550/3550 3549/3549/3549 3547/3547/3547
f 3553/3553/3553 3552/3552/3552 3551/3551/3551
f 3554/3554/3554 3553/3553/3553 3551/3551/3551
f 3554/3554/3554 3551/3551/3551 3555/3555/3555
f 3556/3556/3556 3554/3554/3554 3555/3555/3555
f 3559/3559/3559 3558/3558/3558 3557/3557/3557
f 3560/3560/3560 3559/3559/3559 3557/3557/3557
f 3561/3561/3561 3559/3559/3559 3560/3560/3560
f 3562/3562/3562 3561/3561/3561 3560/3560/3560
f 3563/3563/3563 3561/3561/3561 3562/3562/3562
f 3564/3564/3564 3563/3563/3563 3562/3562/3562
f 3565/3565/3565 3563/3563/3563 3564/3564/3564
f 3566/3566/3566 3565/3565/3565 3564/3564/3564
f 3567/3567/3567 3565/3565/3565 3566/3566/3566
f 3568/3568/3568 3567/3567/3567 3566/3566/3566
f 3567/3567/3567 3568/3568/3568 3569/3569/3569
f 3568/3568/3568 3570/3570/3570 3569/3569/3569
f 3569/3569/3569 3571/3571/3571 3567/3567/3567
f 3571/3571/3571 3569/3569/3569 3572/3572/3572
f 3575/3575/3575 3574/3574/3574 3573/3573/3573
f 3576/3576/3576 3575/3575/3575 3573/3573/3573
f 3577/3577/3577 3575/3575/3575 3576/3576/3576
f 3578/3578/3578 3577/3577/3577 3576/3576/3576
f 3581/3581/3581 3580/3580/3580 3579/3579/3579
f 3580/3580/3580 3582/3582/3582 3579/3579/3579
f 3580/3580/3580 3583/3583/3583 3582/3582/3582
f 3583/3583/3583 3584/3584/3584 3582/3582/3582
f 3587/3587/3587 3586/3586/3586 3585/3585/3585
f 3585/3585/3585 3588/3588/3588 3587/3587/3587
f 3588/3588/3588 3589/3589/3589 3587/3587/3587
f 3588/3588/3588 3590/3590/3590 3589/3589/3589
f 3590/3590/3590 3591/3591/3591 3589/3589/3589
f 3590/3590/3590 3592/3592/3592 3591/3591/3591
f 3592/3592/3592 3593/3593/3593 3591/3591/3591
f 3596/3596/3596 3595/3595/3595 3594/3594/3594
f 3595/3595/3595 3597/3597/3597 3594/3594/3594
f 3594/3594/3594 3597/3597/3597 3598/3598/3598
f 3597/3597/3597 3599/3599/3599 3598/3598/3598
f 3598/3598/3598 3599/3599/3599 3600/3600/3600
f 3599/3599/3599 3601/3601/3601 3600/3600/3600
f 3600/3600/3600 3601/3601/3601 3602/3602/3602
f 3601/3601/3601 3603/3603/3603 3602/3602/3602
f 3606/3606/3606 3605/3605/3605 3604/3604/3604
f 3606/3606/3606 3607/3607/3607 3605/3605/3605
f 3607/3607/3607 3608/3608/3608 3605/3605/3605
f 3607/3607/3607 3609/3609/3609 3608/3608/3608
f 3609/3609/3609 3610/3610/3610 3608/3608/3608
f 3609/3609/3609 3611/3611/3611 3610/3610/3610
f 3611/3611/3611 3612/3612/3612 3610/3610/3610
f 3615/3615/3615 3614/3614/3614 3613/3613/3613
f 3614/3614/3614 3616/3616/3616 3613/3613/3613
f 3613/3613/3613 3616/3616/3616 3617/3617/3617
f 3618/3618/3618 3613/3613/3613 3617/3617/3617
f 3619/3619/3619 3613/3613/3613 3618/3618/3618
f 3620/3620/3620 3619/3619/3619 3618/3618/3618
f 3620/3620/3620 3621/3621/3621 3619/3619/3619
f 3621/3621/3621 3622/3622/3622 3619/3619/3619
f 3619/3619/3619 3622/3622/3622 3623/3623/3623
f 3622/3622/3622 3624/3624/3624 3623/3623/3623
f 3625/3625/3625 3622/3622/3622 3621/3621/3621
f 3622/3622/3622 3625/3625/3625 3624/3624/3624
f 3626/3626/3626 3625/3625/3625 3621/3621/3621
f 3625/3625/3625 3627/3627/3627 3624/3624/3624
f 3630/3630/3630 3629/3629/3629 3628/3628/3628
f 3629/3629/3629 3631/3631/3631 3628/3628/3628
f 3628/3628/3628 3631/3631/3631 3632/3632/3632
f 3629/3629/3629 3633/3633/3633 3631/3631/3631
f 3631/3631/3631 3634/3634/3634 3632/3632/3632
f 3635/3635/3635 3632/3632/3632 3634/3634/3634
f 3633/3633/3633 3636/3636/3636 3631/3631/3631
f 3631/3631/3631 3636/3636/3636 3634/3634/3634
f 3633/3633/3633 3637/3637/3637 3636/3636/3636
f 3637/3637/3637 3638/3638/3638 3636/3636/3636
f 3637/3637/3637 3639/3639/3639 3638/3638/3638
f 3639/3639/3639 3640/3640/3640 3638/3638/3638
f 3638/3638/3638 3640/3640/3640 3641/3641/3641
f 3640/3640/3640 3642/3642/3642 3641/3641/3641
f 3641/3641/3641 3642/3642/3642 3643/3643/3643
f 3643/3643/3643 3644/3644/3644 3641/3641/3641
f 3636/3636/3636 3638/3638/3638 3645/3645/3645
f 3636/3636/3636 3645/3645/3645 3634/3634/3634
f 3638/3638/3638 3641/3641/3641 3645/3645/3645
f 3646/3646/3646 3635/3635/3635 3634/3634/3634
f 3646/3646/3646 3634/3634/3634 3645/3645/3645
f 3644/3644/3644 3647/3647/3647 3641/3641/3641
f 3644/3644/3644 3648/3648/3648 3647/3647/3647
f 3648/3648/3648 3649/3649/3649 3647/3647/3647
f 3650/3650/3650 3645/3645/3645 3641/3641/3641
f 3647/3647/3647 3650/3650/3650 3641/3641/3641
f 3647/3647/3647 3649/3649/3649 3650/3650/3650
f 3650/3650/3650 3646/3646/3646 3645/3645/3645
f 3649/3649/3649 3651/3651/3651 3650/3650/3650
f 3650/3650/3650 3651/3651/3651 3646/3646/3646
f 3651/3651/3651 3652/3652/3652 3646/3646/3646
f 3646/3646/3646 3652/3652/3652 3635/3635/3635
f 3652/3652/3652 3653/3653/3653 3635/3635/3635
f 3656/3656/3656 3655/3655/3655 3654/3654/3654
f 3657/3657/3657 3656/3656/3656 3654/3654/3654
f 3657/3657/3657 3658/3658/3658 3656/3656/3656
f 3658/3658/3658 3659/3659/3659 3656/3656/3656
f 3662/3662/3662 3661/3661/3661 3660/3660/3660
f 3660/3660/3660 3663/3663/3663 3662/3662/3662
f 3663/3663/3663 3664/3664/3664 3662/3662/3662
f 3664/3664/3664 3665/3665/3665 3662/3662/3662
f 3665/3665/3665 3666/3666/3666 3662/3662/3662
f 3666/3666/3666 3667/3667/3667 3662/3662/3662
f 3667/3667/3667 3668/3668/3668 3662/3662/3662
f 3671/3671/3671 3670/3670/3670 3669/3669/3669
f 3670/3670/3670 3672/3672/3672 3669/3669/3669
f 3672/3672/3672 3670/3670/3670 3673/3673/3673
f 3670/3670/3670 3674/3674/3674 3673/3673/3673
f 3677/3677/3677 3676/3676/3676 3675/3675/3675
f 3675/3675/3675 3678/3678/3678 3677/3677/3677
f 3678/3678/3678 3679/3679/3679 3677/3677/3677
f 3678/3678/3678 3680/3680/3680 3679/3679/3679
f 3680/3680/3680 3681/3681/3681 3679/3679/3679
f 3680/3680/3680 3682/3682/3682 3681/3681/3681
f 3682/3682/3682 3683/3683/3683 3681/3681/3681
f 3686/3686/3686 3685/3685/3685 3684/3684/3684
f 3684/3684/3684 3685/3685/3685 3687/3687/3687
f 3688/3688/3688 3684/3684/3684 3687/3687/3687
f 3685/3685/3685 3689/3689/3689 3687/3687/3687
f 3690/3690/3690 3688/3688/3688 3687/3687/3687
f 3687/3687/3687 3691/3691/3691 3690/3690/3690
f 3692/3692/3692 3690/3690/3690 3691/3691/3691
f 3687/3687/3687 3689/3689/3689 3693/3693/3693
f 3687/3687/3687 3693/3693/3693 3691/3691/3691
f 3689/3689/3689 3694/3694/3694 3693/3693/3693
f 3693/3693/3693 3694/3694/3694 3695/3695/3695
f 3694/3694/3694 3696/3696/3696 3695/3695/3695
f 3695/3695/3695 3696/3696/3696 3697/3697/3697
f 3696/3696/3696 3698/3698/3698 3697/3697/3697
f 3697/3697/3697 3698/3698/3698 3699/3699/3699
f 3698/3698/3698 3700/3700/3700 3699/3699/3699
f 3699/3699/3699 3700/3700/3700 3701/3701/3701
f 3700/3700/3700 3702/3702/3702 3701/3701/3701
f 3693/3693/3693 3703/3703/3703 3691/3691/3691
f 3701/3701/3701 3702/3702/3702 3704/3704/3704
f 3704/3704/3704 3702/3702/3702 3705/3705/3705
f 3691/3691/3691 3703/3703/3703 3706/3706/3706
f 3707/3707/3707 3704/3704/3704 3705/3705/3705
f 3707/3707/3707 3705/3705/3705 3708/3708/3708
f 3708/3708/3708 3709/3709/3709 3707/3707/3707
f 3708/3708/3708 3710/3710/3710 3709/3709/3709
f 3707/3707/3707 3709/3709/3709 3711/3711/3711
f 3712/3712/3712 3704/3704/3704 3707/3707/3707
f 3707/3707/3707 3711/3711/3711 3712/3712/3712
f 3704/3704/3704 3712/3712/3712 3713/3713/3713
f 3714/3714/3714 3704/3704/3704 3713/3713/3713
f 3715/3715/3715 3714/3714/3714 3713/3713/3713
f 3716/3716/3716 3713/3713/3713 3712/3712/3712
f 3713/3713/3713 3717/3717/3717 3715/3715/3715
f 3718/3718/3718 3712/3712/3712 3711/3711/3711
f 3718/3718/3718 3716/3716/3716 3712/3712/3712
f 3719/3719/3719 3718/3718/3718 3711/3711/3711
f 3720/3720/3720 3716/3716/3716 3718/3718/3718
f 3715/3715/3715 3717/3717/3717 3721/3721/3721
f 3721/3721/3721 3717/3717/3717 3722/3722/3722
f 3723/3723/3723 3715/3715/3715 3721/3721/3721
f 3724/3724/3724 3723/3723/3723 3721/3721/3721
f 3721/3721/3721 3725/3725/3725 3724/3724/3724
f 3724/3724/3724 3725/3725/3725 3726/3726/3726
f 3725/3725/3725 3727/3727/3727 3726/3726/3726
f 3728/3728/3728 3718/3718/3718 3719/3719/3719
f 3728/3728/3728 3720/3720/3720 3718/3718/3718
f 3729/3729/3729 3728/3728/3728 3719/3719/3719
f 3730/3730/3730 3720/3720/3720 3728/3728/3728
f 3731/3731/3731 3728/3728/3728 3729/3729/3729
f 3731/3731/3731 3730/3730/3730 3728/3728/3728
f 3732/3732/3732 3730/3730/3730 3731/3731/3731
f 3733/3733/3733 3731/3731/3731 3729/3729/3729
f 3734/3734/3734 3732/3732/3732 3731/3731/3731
f 3734/3734/3734 3731/3731/3731 3733/3733/3733
f 3735/3735/3735 3734/3734/3734 3733/3733/3733
f 3736/3736/3736 3734/3734/3734 3735/3735/3735
f 3737/3737/3737 3736/3736/3736 3735/3735/3735
f 3740/3740/3740 3739/3739/3739 3738/3738/3738
f 3741/3741/3741 3740/3740/3740 3738/3738/3738
f 3742/3742/3742 3740/3740/3740 3741/3741/3741
f 3741/3741/3741 3738/3738/3738 3743/3743/3743
f 3744/3744/3744 3742/3742/3742 3741/3741/3741
f 3745/3745/3745 3741/3741/3741 3743/3743/3743
f 3744/3744/3744 3741/3741/3741 3745/3745/3745
f 3745/3745/3745 3743/3743/3743 3746/3746/3746
f 3747/3747/3747 3744/3744/3744 3745/3745/3745
f 3748/3748/3748 3745/3745/3745 3746/3746/3746
f 3747/3747/3747 3745/3745/3745 3748/3748/3748
f 3748/3748/3748 3746/3746/3746 3749/3749/3749
f 3750/3750/3750 3747/3747/3747 3748/3748/3748
f 3751/3751/3751 3748/3748/3748 3749/3749/3749
f 3750/3750/3750 3748/3748/3748 3751/3751/3751
f 3752/3752/3752 3750/3750/3750 3751/3751/3751
f 3755/3755/3755 3754/3754/3754 3753/3753/3753
f 3756/3756/3756 3754/3754/3754 3755/3755/3755
f 3755/3755/3755 3757/3757/3757 3756/3756/3756
f 3757/3757/3757 3758/3758/3758 3756/3756/3756
f 3759/3759/3759 3758/3758/3758 3757/3757/3757
f 3757/3757/3757 3760/3760/3760 3759/3759/3759
f 3760/3760/3760 3761/3761/3761 3759/3759/3759
f 3761/3761/3761 3760/3760/3760 3762/3762/3762
f 3759/3759/3759 3761/3761/3761 3763/3763/3763
f 3764/3764/3764 3759/3759/3759 3763/3763/3763
f 3762/3762/3762 3765/3765/3765 3761/3761/3761
f 3763/3763/3763 3761/3761/3761 3765/3765/3765
f 3766/3766/3766 3763/3763/3763 3765/3765/3765
f 3762/3762/3762 3767/3767/3767 3765/3765/3765
f 3767/3767/3767 3768/3768/3768 3765/3765/3765
f 3768/3768/3768 3769/3769/3769 3765/3765/3765
f 3692/3692/3692 3771/3771/3771 3770/3770/3770
f 3771/3771/3771 3692/3692/3692 3691/3691/3691
f 3772/3772/3772 3771/3771/3771 3691/3691/3691
f 3691/3691/3691 3773/3773/3773 3772/3772/3772
f 3706/3706/3706 3773/3773/3773 3691/3691/3691
f 3772/3772/3772 3773/3773/3773 3774/3774/3774
f 3706/3706/3706 3775/3775/3775 3773/3773/3773
f 3773/3773/3773 3775/3775/3775 3774/3774/3774
f 3706/3706/3706 3776/3776/3776 3775/3775/3775
f 3775/3775/3775 3776/3776/3776 3777/3777/3777
f 3777/3777/3777 3774/3774/3774 3775/3775/3775
f 3777/3777/3777 3778/3778/3778 3774/3774/3774
f 3781/3781/3781 3780/3780/3780 3779/3779/3779
f 3782/3782/3782 3781/3781/3781 3779/3779/3779
f 3783/3783/3783 3781/3781/3781 3782/3782/3782
f 3784/3784/3784 3782/3782/3782 3779/3779/3779
f 3779/3779/3779 3785/3785/3785 3784/3784/3784
f 3785/3785/3785 3786/3786/3786 3784/3784/3784
f 3787/3787/3787 3784/3784/3784 3786/3786/3786
f 3788/3788/3788 3787/3787/3787 3786/3786/3786
f 3789/3789/3789 3787/3787/3787 3788/3788/3788
f 3790/3790/3790 3789/3789/3789 3788/3788/3788
f 3782/3782/3782 3784/3784/3784 3791/3791/3791
f 3791/3791/3791 3783/3783/3783 3782/3782/3782
f 3783/3783/3783 3791/3791/3791 3792/3792/3792
f 3791/3791/3791 3793/3793/3793 3792/3792/3792
f 3796/3796/3796 3795/3795/3795 3794/3794/3794
f 3795/3795/3795 3797/3797/3797 3794/3794/3794
f 3795/3795/3795 3798/3798/3798 3797/3797/3797
f 3798/3798/3798 3799/3799/3799 3797/3797/3797
f 3797/3797/3797 3800/3800/3800 3794/3794/3794
f 3797/3797/3797 3799/3799/3799 3800/3800/3800
f 3799/3799/3799 3801/3801/3801 3800/3800/3800
f 3800/3800/3800 3802/3802/3802 3794/3794/3794
f 3803/3803/3803 3802/3802/3802 3800/3800/3800
f 3804/3804/3804 3803/3803/3803 3800/3800/3800
f 3807/3807/3807 3806/3806/3806 3805/3805/3805
f 3806/3806/3806 3808/3808/3808 3805/3805/3805
f 3808/3808/3808 3806/3806/3806 3809/3809/3809
f 3809/3809/3809 3810/3810/3810 3808/3808/3808
f 3805/3805/3805 3808/3808/3808 3811/3811/3811
f 3808/3808/3808 3810/3810/3810 3812/3812/3812
f 3808/3808/3808 3812/3812/3812 3811/3811/3811
f 3810/3810/3810 3813/3813/3813 3812/3812/3812
f 3814/3814/3814 3812/3812/3812 3813/3813/3813
f 3815/3815/3815 3814/3814/3814 3813/3813/3813
f 3814/3814/3814 3816/3816/3816 3812/3812/3812
f 3816/3816/3816 3811/3811/3811 3812/3812/3812
f 3816/3816/3816 3817/3817/3817 3811/3811/3811
f 3817/3817/3817 3818/3818/3818 3811/3811/3811
f 3821/3821/3821 3820/3820/3820 3819/3819/3819
f 3822/3822/3822 3821/3821/3821 3819/3819/3819
f 3823/3823/3823 3821/3821/3821 3822/3822/3822
f 3824/3824/3824 3823/3823/3823 3822/3822/3822
f 3825/3825/3825 3823/3823/3823 3824/3824/3824
f 3826/3826/3826 3825/3825/3825 3824/3824/3824
f 3829/3829/3829 3828/3828/3828 3827/3827/3827
f 3830/3830/3830 3829/3829/3829 3827/3827/3827
f 3831/3831/3831 3829/3829/3829 3830/3830/3830
f 3830/3830/3830 3827/3827/3827 3832/3832/3832
f 3833/3833/3833 3831/3831/3831 3830/3830/3830
f 3834/3834/3834 3831/3831/3831 3833/3833/3833
f 3835/3835/3835 3830/3830/3830 3832/3832/3832
f 3833/3833/3833 3830/3830/3830 3835/3835/3835
f 3836/3836/3836 3834/3834/3834 3833/3833/3833
f 3837/3837/3837 3834/3834/3834 3836/3836/3836
f 3836/3836/3836 3833/3833/3833 3838/3838/3838
f 3838/3838/3838 3833/3833/3833 3835/3835/3835
f 3837/3837/3837 3836/3836/3836 3839/3839/3839
f 3839/3839/3839 3836/3836/3836 3838/3838/3838
f 3840/3840/3840 3837/3837/3837 3839/3839/3839
f 3841/3841/3841 3837/3837/3837 3840/3840/3840
f 3842/3842/3842 3841/3841/3841 3840/3840/3840
f 3843/3843/3843 3841/3841/3841 3842/3842/3842
f 3844/3844/3844 3843/3843/3843 3842/3842/3842
f 3839/3839/3839 3838/3838/3838 3845/3845/3845
f 3846/3846/3846 3839/3839/3839 3845/3845/3845
f 3840/3840/3840 3839/3839/3839 3846/3846/3846
f 3847/3847/3847 3840/3840/3840 3846/3846/3846
f 3842/3842/3842 3840/3840/3840 3847/3847/3847
f 3848/3848/3848 3842/3842/3842 3847/3847/3847
f 3844/3844/3844 3842/3842/3842 3848/3848/3848
f 3849/3849/3849 3844/3844/3844 3848/3848/3848
f 3850/3850/3850 3844/3844/3844 3849/3849/3849
f 3851/3851/3851 3850/3850/3850 3849/3849/3849
f 3845/3845/3845 3838/3838/3838 3852/3852/3852
f 3838/3838/3838 3835/3835/3835 3852/3852/3852
f 3852/3852/3852 3835/3835/3835 3853/3853/3853
f 3853/3853/3853 3854/3854/3854 3852/3852/3852
f 3853/3853/3853 3855/3855/3855 3854/3854/3854
f 3835/3835/3835 3832/3832/3832 3853/3853/3853
f 3855/3855/3855 3853/3853/3853 3856/3856/3856
f 3857/3857/3857 3855/3855/3855 3856/3856/3856
f 3853/3853/3853 3832/3832/3832 3858/3858/3858
f 3853/3853/3853 3858/3858/3858 3856/3856/3856
f 3857/3857/3857 3856/3856/3856 3859/3859/3859
f 3856/3856/3856 3858/3858/3858 3859/3859/3859
f 3858/3858/3858 3860/3860/3860 3859/3859/3859
f 3861/3861/3861 3857/3857/3857 3859/3859/3859
f 3832/3832/3832 3862/3862/3862 3858/3858/3858
f 3862/3862/3862 3860/3860/3860 3858/3858/3858
f 3832/3832/3832 3863/3863/3863 3862/3862/3862
f 3862/3862/3862 3863/3863/3863 3860/3860/3860
f 3863/3863/3863 3864/3864/3864 3860/3860/3860
f 3864/3864/3864 3865/3865/3865 3860/3860/3860
f 3861/3861/3861 3859/3859/3859 3866/3866/3866
f 3859/3859/3859 3860/3860/3860 3866/3866/3866
f 3867/3867/3867 3861/3861/3861 3866/3866/3866
f 3860/3860/3860 3865/3865/3865 3868/3868/3868
f 3860/3860/3860 3868/3868/3868 3866/3866/3866
f 3865/3865/3865 3869/3869/3869 3868/3868/3868
f 3867/3867/3867 3866/3866/3866 3870/3870/3870
f 3866/3866/3866 3868/3868/3868 3870/3870/3870
f 3871/3871/3871 3867/3867/3867 3870/3870/3870
f 3872/3872/3872 3868/3868/3868 3869/3869/3869
f 3868/3868/3868 3872/3872/3872 3870/3870/3870
f 3873/3873/3873 3872/3872/3872 3869/3869/3869
f 3872/3872/3872 3873/3873/3873 3874/3874/3874
f 3871/3871/3871 3870/3870/3870 3875/3875/3875
f 3870/3870/3870 3872/3872/3872 3875/3875/3875
f 3876/3876/3876 3871/3871/3871 3875/3875/3875
f 3877/3877/3877 3872/3872/3872 3874/3874/3874
f 3872/3872/3872 3877/3877/3877 3875/3875/3875
f 3877/3877/3877 3874/3874/3874 3878/3878/3878
f 3878/3878/3878 3875/3875/3875 3877/3877/3877
f 3874/3874/3874 3879/3879/3879 3878/3878/3878
f 3878/3878/3878 3879/3879/3879 3880/3880/3880
f 3878/3878/3878 3880/3880/3880 3881/3881/3881
f 3878/3878/3878 3882/3882/3882 3875/3875/3875
f 3882/3882/3882 3883/3883/3883 3875/3875/3875
f 3884/3884/3884 3878/3878/3878 3881/3881/3881
f 3882/3882/3882 3878/3878/3878 3884/3884/3884
f 3884/3884/3884 3881/3881/3881 3885/3885/3885
f 3884/3884/3884 3886/3886/3886 3882/3882/3882
f 3889/3889/3889 3888/3888/3888 3887/3887/3887
f 3890/3890/3890 3889/3889/3889 3887/3887/3887
f 3890/3890/3890 3887/3887/3887 3891/3891/3891
f 3892/3892/3892 3889/3889/3889 3890/3890/3890
f 3893/3893/3893 3890/3890/3890 3891/3891/3891
f 3894/3894/3894 3892/3892/3892 3890/3890/3890
f 3894/3894/3894 3890/3890/3890 3893/3893/3893
f 3895/3895/3895 3892/3892/3892 3894/3894/3894
f 3896/3896/3896 3894/3894/3894 3893/3893/3893
f 3897/3897/3897 3895/3895/3895 3894/3894/3894
f 3897/3897/3897 3894/3894/3894 3896/3896/3896
f 3898/3898/3898 3897/3897/3897 3896/3896/3896
f 3901/3901/3901 3900/3900/3900 3899/3899/3899
f 3902/3902/3902 3901/3901/3901 3899/3899/3899
f 3902/3902/3902 3899/3899/3899 3903/3903/3903
f 3904/3904/3904 3901/3901/3901 3902/3902/3902
f 3905/3905/3905 3902/3902/3902 3903/3903/3903
f 3906/3906/3906 3904/3904/3904 3902/3902/3902
f 3906/3906/3906 3902/3902/3902 3905/3905/3905
f 3907/3907/3907 3904/3904/3904 3906/3906/3906
f 3908/3908/3908 3906/3906/3906 3905/3905/3905
f 3909/3909/3909 3907/3907/3907 3906/3906/3906
f 3909/3909/3909 3906/3906/3906 3908/3908/3908
f 3910/3910/3910 3909/3909/3909 3908/3908/3908
f 3913/3913/3913 3912/3912/3912 3911/3911/3911
f 3912/3912/3912 3914/3914/3914 3911/3911/3911
f 3911/3911/3911 3914/3914/3914 3915/3915/3915
f 3914/3914/3914 3916/3916/3916 3915/3915/3915
f 3915/3915/3915 3916/3916/3916 3917/3917/3917
f 3916/3916/3916 3918/3918/3918 3917/3917/3917
f 3917/3917/3917 3918/3918/3918 3919/3919/3919
f 3918/3918/3918 3920/3920/3920 3919/3919/3919
f 3923/3923/3923 3922/3922/3922 3921/3921/3921
f 3924/3924/3924 3923/3923/3923 3921/3921/3921
f 3927/3927/3927 3926/3926/3926 3925/3925/3925
f 3928/3928/3928 3927/3927/3927 3925/3925/3925
f 3931/3931/3931 3930/3930/3930 3929/3929/3929
f 3930/3930/3930 3932/3932/3932 3929/3929/3929
f 3930/3930/3930 3933/3933/3933 3932/3932/3932
f 3933/3933/3933 3934/3934/3934 3932/3932/3932
f 3937/3937/3937 3936/3936/3936 3935/3935/3935
f 3938/3938/3938 3937/3937/3937 3935/3935/3935
f 3937/3937/3937 3938/3938/3938 3939/3939/3939
f 3939/3939/3939 3938/3938/3938 3940/3940/3940
f 3938/3938/3938 3941/3941/3941 3940/3940/3940
f 3941/3941/3941 3938/3938/3938 3942/3942/3942
f 3938/3938/3938 3935/3935/3935 3942/3942/3942
f 3943/3943/3943 3942/3942/3942 3935/3935/3935
f 3944/3944/3944 3942/3942/3942 3943/3943/3943
f 3943/3943/3943 3945/3945/3945 3944/3944/3944
f 3943/3943/3943 3946/3946/3946 3945/3945/3945
f 3946/3946/3946 3947/3947/3947 3945/3945/3945
f 3944/3944/3944 3945/3945/3945 3948/3948/3948
f 3948/3948/3948 3949/3949/3949 3944/3944/3944
f 3944/3944/3944 3949/3949/3949 3950/3950/3950
f 3944/3944/3944 3950/3950/3950 3951/3951/3951
f 3944/3944/3944 3951/3951/3951 3952/3952/3952
f 3952/3952/3952 3953/3953/3953 3944/3944/3944
f 3953/3953/3953 3952/3952/3952 3954/3954/3954
f 3954/3954/3954 3955/3955/3955 3953/3953/3953
f 3952/3952/3952 3956/3956/3956 3954/3954/3954
f 3959/3959/3959 3958/3958/3958 3957/3957/3957
f 3960/3960/3960 3959/3959/3959 3957/3957/3957
f 3960/3960/3960 3957/3957/3957 3961/3961/3961
f 3962/3962/3962 3960/3960/3960 3961/3961/3961
f 3961/3961/3961 3957/3957/3957 3963/3963/3963
f 3964/3964/3964 3961/3961/3961 3963/3963/3963
f 3965/3965/3965 3964/3964/3964 3963/3963/3963
f 3966/3966/3966 3965/3965/3965 3963/3963/3963
f 3969/3969/3969 3968/3968/3968 3967/3967/3967
f 3970/3970/3970 3969/3969/3969 3967/3967/3967
f 3973/3973/3973 3972/3972/3972 3971/3971/3971
f 3974/3974/3974 3973/3973/3973 3971/3971/3971
f 3973/3973/3973 3974/3974/3974 3975/3975/3975
f 3974/3974/3974 3976/3976/3976 3975/3975/3975
f 3975/3975/3975 3976/3976/3976 3977/3977/3977
f 3976/3976/3976 3978/3978/3978 3977/3977/3977
f 3978/3978/3978 3976/3976/3976 3979/3979/3979
f 3976/3976/3976 3980/3980/3980 3979/3979/3979
f 3983/3983/3983 3982/3982/3982 3981/3981/3981
f 3982/3982/3982 3984/3984/3984 3981/3981/3981
f 3981/3981/3981 3984/3984/3984 3985/3985/3985
f 3986/3986/3986 3981/3981/3981 3985/3985/3985
f 3987/3987/3987 3985/3985/3985 3984/3984/3984
f 3988/3988/3988 3984/3984/3984 3982/3982/3982
f 3988/3988/3988 3987/3987/3987 3984/3984/3984
f 3989/3989/3989 3987/3987/3987 3988/3988/3988
f 3990/3990/3990 3988/3988/3988 3982/3982/3982
f 3991/3991/3991 3989/3989/3989 3988/3988/3988
f 3991/3991/3991 3988/3988/3988 3990/3990/3990
f 3992/3992/3992 3991/3991/3991 3990/3990/3990
f 3995/3995/3995 3994/3994/3994 3993/3993/3993
f 3996/3996/3996 3995/3995/3995 3993/3993/3993
f 3996/3996/3996 3993/3993/3993 3997/3997/3997
f 3998/3998/3998 3996/3996/3996 3997/3997/3997
f 4001/4001/4001 4000/4000/4000 3999/3999/3999
f 4000/4000/4000 4002/4002/4002 3999/3999/3999
f 4000/4000/4000 4003/4003/4003 4002/4002/4002
f 4003/4003/4003 4004/4004/4004 4002/4002/4002
f 4007/4007/4007 4006/4006/4006 4005/4005/4005
f 4008/4008/4008 4007/4007/4007 4005/4005/4005
f 4009/4009/4009 4007/4007/4007 4008/4008/4008
f 4010/4010/4010 4009/4009/4009 4008/4008/4008
f 4013/4013/4013 4012/4012/4012 4011/4011/4011
f 4012/4012/4012 4014/4014/4014 4011/4011/4011
f 4012/4012/4012 4015/4015/4015 4014/4014/4014
f 4011/4011/4011 4014/4014/4014 4016/4016/4016
f 4015/4015/4015 4017/4017/4017 4014/4014/4014
f 4014/4014/4014 4018/4018/4018 4016/4016/4016
f 4014/4014/4014 4017/4017/4017 4018/4018/4018
f 4019/4019/4019 4016/4016/4016 4018/4018/4018
f 4017/4017/4017 4020/4020/4020 4018/4018/4018
f 4021/4021/4021 4019/4019/4019 4018/4018/4018
f 4021/4021/4021 4018/4018/4018 4020/4020/4020
f 4022/4022/4022 4021/4021/4021 4020/4020/4020
f 4025/4025/4025 4024/4024/4024 4023/4023/4023
f 4026/4026/4026 4025/4025/4025 4023/4023/4023
f 4026/4026/4026 4023/4023/4023 4027/4027/4027
f 4023/4023/4023 4028/4028/4028 4027/4027/4027
f 4031/4031/4031 4030/4030/4030 4029/4029/4029
f 4032/4032/4032 4031/4031/4031 4029/4029/4029
f 4032/4032/4032 4033/4033/4033 4031/4031/4031
f 4033/4033/4033 4034/4034/4034 4031/4031/4031
f 4037/4037/4037 4036/4036/4036 4035/4035/4035
f 4038/4038/4038 4037/4037/4037 4035/4035/4035
f 4039/4039/4039 4037/4037/4037 4038/4038/4038
f 4040/4040/4040 4039/4039/4039 4038/4038/4038
f 4043/4043/4043 4042/4042/4042 4041/4041/4041
f 4042/4042/4042 4044/4044/4044 4041/4041/4041
f 4042/4042/4042 4045/4045/4045 4044/4044/4044
f 4045/4045/4045 4046/4046/4046 4044/4044/4044
f 4045/4045/4045 4047/4047/4047 4046/4046/4046
f 4047/4047/4047 4048/4048/4048 4046/4046/4046
f 4047/4047/4047 4049/4049/4049 4048/4048/4048
f 4049/4049/4049 4050/4050/4050 4048/4048/4048
f 4049/4049/4049 4051/4051/4051 4050/4050/4050
f 4051/4051/4051 4052/4052/4052 4050/4050/4050
f 4051/4051/4051 4053/4053/4053 4052/4052/4052
f 4053/4053/4053 4054/4054/4054 4052/4052/4052
f 4053/4053/4053 4055/4055/4055 4054/4054/4054
f 4055/4055/4055 4056/4056/4056 4054/4054/4054
f 4055/4055/4055 4057/4057/4057 4056/4056/4056
f 4057/4057/4057 4058/4058/4058 4056/4056/4056
f 4061/4061/4061 4060/4060/4060 4059/4059/4059
f 4062/4062/4062 4061/4061/4061 4059/4059/4059
f 4062/4062/4062 4059/4059/4059 4063/4063/4063
f 4064/4064/4064 4062/4062/4062 4063/4063/4063
f 4067/4067/4067 4066/4066/4066 4065/4065/4065
f 4068/4068/4068 4067/4067/4067 4065/4065/4065
f 4068/4068/4068 4065/4065/4065 4069/4069/4069
f 4070/4070/4070 4068/4068/4068 4069/4069/4069
f 4070/4070/4070 4069/4069/4069 4071/4071/4071
f 4072/4072/4072 4070/4070/4070 4071/4071/4071
f 4072/4072/4072 4071/4071/4071 4073/4073/4073
f 4074/4074/4074 4072/4072/4072 4073/4073/4073
f 4074/4074/4074 4073/4073/4073 4075/4075/4075
f 4076/4076/4076 4074/4074/4074 4075/4075/4075
f 4076/4076/4076 4075/4075/4075 4077/4077/4077
f 4078/4078/4078 4076/4076/4076 4077/4077/4077
f 4078/4078/4078 4077/4077/4077 4079/4079/4079
f 4080/4080/4080 4078/4078/4078 4079/4079/4079
f 4080/4080/4080 4079/4079/4079 4081/4081/4081
f 4082/4082/4082 4080/4080/4080 4081/4081/4081
f 4085/4085/4085 4084/4084/4084 4083/4083/4083
f 4086/4086/4086 4085/4085/4085 4083/4083/4083
f 4086/4086/4086 4083/4083/4083 4087/4087/4087
f 4088/4088/4088 4086/4086/4086 4087/4087/4087
f 4091/4091/4091 4090/4090/4090 4089/4089/4089
f 4090/4090/4090 4092/4092/4092 4089/4089/4089
f 4090/4090/4090 4093/4093/4093 4092/4092/4092
f 4093/4093/4093 4094/4094/4094 4092/4092/4092
f 4093/4093/4093 4095/4095/4095 4094/4094/4094
f 4095/4095/4095 4096/4096/4096 4094/4094/4094
f 4095/4095/4095 4097/4097/4097 4096/4096/4096
f 4097/4097/4097 4098/4098/4098 4096/4096/4096
f 4097/4097/4097 4099/4099/4099 4098/4098/4098
f 4099/4099/4099 4100/4100/4100 4098/4098/4098
f 4099/4099/4099 4101/4101/4101 4100/4100/4100
f 4101/4101/4101 4102/4102/4102 4100/4100/4100
f 4101/4101/4101 4103/4103/4103 4102/4102/4102
f 4103/4103/4103 4104/4104/4104 4102/4102/4102
f 4103/4103/4103 4105/4105/4105 4104/4104/4104
f 4105/4105/4105 4106/4106/4106 4104/4104/4104
f 4109/4109/4109 4108/4108/4108 4107/4107/4107
f 4110/4110/4110 4109/4109/4109 4107/4107/4107
f 4110/4110/4110 4107/4107/4107 4111/4111/4111
f 4112/4112/4112 4110/4110/4110 4111/4111/4111
f 4115/4115/4115 4114/4114/4114 4113/4113/4113
f 4116/4116/4116 4115/4115/4115 4113/4113/4113
f 4116/4116/4116 4113/4113/4113 4117/4117/4117
f 4118/4118/4118 4116/4116/4116 4117/4117/4117
f 4121/4121/4121 4120/4120/4120 4119/4119/4119
f 4122/4122/4122 4121/4121/4121 4119/4119/4119
f 4122/4122/4122 4119/4119/4119 4123/4123/4123
f 4124/4124/4124 4122/4122/4122 4123/4123/4123
f 4127/4127/4127 4126/4126/4126 4125/4125/4125
f 4128/4128/4128 4127/4127/4127 4125/4125/4125
f 4128/4128/4128 4125/4125/4125 4129/4129/4129
f 4130/4130/4130 4128/4128/4128 4129/4129/4129
f 4133/4133/4133 4132/4132/4132 4131/4131/4131
f 4134/4134/4134 4133/4133/4133 4131/4131/4131
f 4134/4134/4134 4131/4131/4131 4135/4135/4135
f 4136/4136/4136 4134/4134/4134 4135/4135/4135
f 4136/4136/4136 4135/4135/4135 4137/4137/4137
f 4138/4138/4138 4136/4136/4136 4137/4137/4137
f 4138/4138/4138 4137/4137/4137 4139/4139/4139
f 4140/4140/4140 4138/4138/4138 4139/4139/4139
f 4143/4143/4143 4142/4142/4142 4141/4141/4141
f 4144/4144/4144 4143/4143/4143 4141/4141/4141
f 4144/4144/4144 4141/4141/4141 4145/4145/4145
f 4146/4146/4146 4144/4144/4144 4145/4145/4145
f 4146/4146/4146 4145/4145/4145 4147/4147/4147
f 4148/4148/4148 4146/4146/4146 4147/4147/4147
f 4148/4148/4148 4147/4147/4147 4149/4149/4149
f 4150/4150/4150 4148/4148/4148 4149/4149/4149
f 4153/4153/4153 4152/4152/4152 4151/4151/4151
f 4154/4154/4154 4153/4153/4153 4151/4151/4151
f 4154/4154/4154 4151/4151/4151 4155/4155/4155
f 4156/4156/4156 4154/4154/4154 4155/4155/4155
f 4156/4156/4156 4155/4155/4155 4157/4157/4157
f 4158/4158/4158 4156/4156/4156 4157/4157/4157
f 4158/4158/4158 4157/4157/4157 4159/4159/4159
f 4160/4160/4160 4158/4158/4158 4159/4159/4159
f 4163/4163/4163 4162/4162/4162 4161/4161/4161
f 4161/4161/4161 4164/4164/4164 4163/4163/4163
f 4161/4161/4161 4165/4165/4165 4164/4164/4164
f 4165/4165/4165 4166/4166/4166 4164/4164/4164
f 4165/4165/4165 4167/4167/4167 4166/4166/4166
f 4167/4167/4167 4168/4168/4168 4166/4166/4166
f 4167/4167/4167 4169/4169/4169 4168/4168/4168
f 4172/4172/4172 4171/4171/4171 4170/4170/4170
f 4172/4172/4172 4170/4170/4170 4173/4173/4173
f 4170/4170/4170 4174/4174/4174 4173/4173/4173
f 4174/4174/4174 4175/4175/4175 4173/4173/4173
f 4173/4173/4173 4176/4176/4176 4172/4172/4172
f 4172/4172/4172 4176/4176/4176 4177/4177/4177
f 4176/4176/4176 4178/4178/4178 4177/4177/4177
f 4177/4177/4177 4178/4178/4178 4179/4179/4179
f 4180/4180/4180 4177/4177/4177 4179/4179/4179
f 4183/4183/4183 4182/4182/4182 4181/4181/4181
f 4182/4182/4182 4184/4184/4184 4181/4181/4181
f 4185/4185/4185 4181/4181/4181 4184/4184/4184
f 4186/4186/4186 4184/4184/4184 4182/4182/4182
f 4187/4187/4187 4186/4186/4186 4182/4182/4182
f 4186/4186/4186 4187/4187/4187 4188/4188/4188
f 4189/4189/4189 4185/4185/4185 4184/4184/4184
f 4189/4189/4189 4184/4184/4184 4186/4186/4186
f 4190/4190/4190 4185/4185/4185 4189/4189/4189
f 4191/4191/4191 4190/4190/4190 4189/4189/4189
f 4191/4191/4191 4189/4189/4189 4192/4192/4192
f 4192/4192/4192 4189/4189/4189 4186/4186/4186
f 4193/4193/4193 4191/4191/4191 4192/4192/4192
f 4194/4194/4194 4186/4186/4186 4188/4188/4188
f 4192/4192/4192 4186/4186/4186 4194/4194/4194
f 4188/4188/4188 4195/4195/4195 4194/4194/4194
f 4195/4195/4195 4196/4196/4196 4194/4194/4194
f 4193/4193/4193 4192/4192/4192 4197/4197/4197
f 4197/4197/4197 4192/4192/4192 4194/4194/4194
f 4197/4197/4197 4194/4194/4194 4196/4196/4196
f 4198/4198/4198 4193/4193/4193 4197/4197/4197
f 4199/4199/4199 4197/4197/4197 4196/4196/4196
f 4198/4198/4198 4197/4197/4197 4199/4199/4199
f 4200/4200/4200 4198/4198/4198 4199/4199/4199
f 4203/4203/4203 4202/4202/4202 4201/4201/4201
f 4202/4202/4202 4204/4204/4204 4201/4201/4201
f 4205/4205/4205 4204/4204/4204 4202/4202/4202
f 4205/4205/4205 4202/4202/4202 4206/4206/4206
f 4206/4206/4206 4207/4207/4207 4205/4205/4205
f 4208/4208/4208 4205/4205/4205 4207/4207/4207
f 4209/4209/4209 4208/4208/4208 4207/4207/4207
f 4209/4209/4209 4210/4210/4210 4208/4208/4208
f 4210/4210/4210 4211/4211/4211 4208/4208/4208
f 4214/4214/4214 4213/4213/4213 4212/4212/4212
f 4213/4213/4213 4215/4215/4215 4212/4212/4212
f 4215/4215/4215 4216/4216/4216 4212/4212/4212
f 4216/4216/4216 4217/4217/4217 4212/4212/4212
f 4217/4217/4217 4216/4216/4216 4218/4218/4218
f 4216/4216/4216 4219/4219/4219 4218/4218/4218
f 4218/4218/4218 4219/4219/4219 4220/4220/4220
f 4219/4219/4219 4221/4221/4221 4220/4220/4220
f 4224/4224/4224 4223/4223/4223 4222/4222/4222
f 4223/4223/4223 4225/4225/4225 4222/4222/4222
f 4223/4223/4223 4226/4226/4226 4225/4225/4225
f 4226/4226/4226 4227/4227/4227 4225/4225/4225
f 4226/4226/4226 4228/4228/4228 4227/4227/4227
f 4228/4228/4228 4229/4229/4229 4227/4227/4227
f 4228/4228/4228 4230/4230/4230 4229/4229/4229
f 4230/4230/4230 4231/4231/4231 4229/4229/4229
f 4230/4230/4230 4232/4232/4232 4231/4231/4231
f 4232/4232/4232 4233/4233/4233 4231/4231/4231
f 4232/4232/4232 4234/4234/4234 4233/4233/4233
f 4234/4234/4234 4235/4235/4235 4233/4233/4233
f 4234/4234/4234 4236/4236/4236 4235/4235/4235
f 4236/4236/4236 4237/4237/4237 4235/4235/4235
f 4236/4236/4236 4238/4238/4238 4237/4237/4237
f 4238/4238/4238 4239/4239/4239 4237/4237/4237
f 4242/4242/4242 4241/4241/4241 4240/4240/4240
f 4241/4241/4241 4243/4243/4243 4240/4240/4240
f 4241/4241/4241 4244/4244/4244 4243/4243/4243
f 4244/4244/4244 4245/4245/4245 4243/4243/4243
f 4248/4248/4248 4247/4247/4247 4246/4246/4246
f 4246/4246/4246 4249/4249/4249 4248/4248/4248
f 4248/4248/4248 4249/4249/4249 4250/4250/4250
f 4250/4250/4250 4249/4249/4249 4251/4251/4251
f 4252/4252/4252 4250/4250/4250 4251/4251/4251
f 4250/4250/4250 4253/4253/4253 4248/4248/4248
f 4253/4253/4253 4254/4254/4254 4248/4248/4248
f 4257/4257/4257 4256/4256/4256 4255/4255/4255
f 4258/4258/4258 4257/4257/4257 4255/4255/4255
f 4258/4258/4258 4255/4255/4255 4259/4259/4259
f 4260/4260/4260 4258/4258/4258 4259/4259/4259
f 4260/4260/4260 4259/4259/4259 4261/4261/4261
f 4262/4262/4262 4260/4260/4260 4261/4261/4261
f 4262/4262/4262 4261/4261/4261 4263/4263/4263
f 4264/4264/4264 4262/4262/4262 4263/4263/4263
f 4267/4267/4267 4266/4266/4266 4265/4265/4265
f 4265/4265/4265 4268/4268/4268 4267/4267/4267
f 4268/4268/4268 4269/4269/4269 4267/4267/4267
f 4268/4268/4268 4270/4270/4270 4269/4269/4269
f 4270/4270/4270 4271/4271/4271 4269/4269/4269
f 4270/4270/4270 4272/4272/4272 4271/4271/4271
f 4272/4272/4272 4273/4273/4273 4271/4271/4271
f 4276/4276/4276 4275/4275/4275 4274/4274/4274
f 4277/4277/4277 4276/4276/4276 4274/4274/4274
f 4274/4274/4274 4278/4278/4278 4277/4277/4277
f 4279/4279/4279 4277/4277/4277 4278/4278/4278
f 4280/4280/4280 4279/4279/4279 4278/4278/4278
f 4283/4283/4283 4282/4282/4282 4281/4281/4281
f 4281/4281/4281 4284/4284/4284 4283/4283/4283
f 4284/4284/4284 4285/4285/4285 4283/4283/4283
f 4284/4284/4284 4286/4286/4286 4285/4285/4285
f 4286/4286/4286 4287/4287/4287 4285/4285/4285
f 4287/4287/4287 4288/4288/4288 4285/4285/4285
f 4288/4288/4288 4289/4289/4289 4285/4285/4285
f 4289/4289/4289 4290/4290/4290 4285/4285/4285
f 4293/4293/4293 4292/4292/4292 4291/4291/4291
f 4292/4292/4292 4294/4294/4294 4291/4291/4291
f 4291/4291/4291 4294/4294/4294 4295/4295/4295
f 4294/4294/4294 4296/4296/4296 4295/4295/4295
f 4299/4299/4299 4298/4298/4298 4297/4297/4297
f 4298/4298/4298 4300/4300/4300 4297/4297/4297
f 4297/4297/4297 4300/4300/4300 4301/4301/4301
f 4300/4300/4300 4302/4302/4302 4301/4301/4301
f 4301/4301/4301 4302/4302/4302 4303/4303/4303
f 4302/4302/4302 4304/4304/4304 4303/4303/4303
f 4303/4303/4303 4304/4304/4304 4305/4305/4305
f 4304/4304/4304 4306/4306/4306 4305/4305/4305
f 4309/4309/4309 4308/4308/4308 4307/4307/4307
f 4308/4308/4308 4310/4310/4310 4307/4307/4307
f 4311/4311/4311 4307/4307/4307 4310/4310/4310
f 4312/4312/4312 4311/4311/4311 4310/4310/4310
f 4313/4313/4313 4311/4311/4311 4312/4312/4312
f 4314/4314/4314 4313/4313/4313 4312/4312/4312
f 4315/4315/4315 4313/4313/4313 4314/4314/4314
f 4316/4316/4316 4315/4315/4315 4314/4314/4314
f 4317/4317/4317 4315/4315/4315 4316/4316/4316
f 4318/4318/4318 4317/4317/4317 4316/4316/4316
f 4321/4321/4321 4320/4320/4320 4319/4319/4319
f 4320/4320/4320 4322/4322/4322 4319/4319/4319
f 4323/4323/4323 4322/4322/4322 4320/4320/4320
f 4324/4324/4324 4323/4323/4323 4320/4320/4320
f 4325/4325/4325 4323/4323/4323 4324/4324/4324
f 4326/4326/4326 4325/4325/4325 4324/4324/4324
f 4327/4327/4327 4325/4325/4325 4326/4326/4326
f 4328/4328/4328 4327/4327/4327 4326/4326/4326
f 4329/4329/4329 4327/4327/4327 4328/4328/4328
f 4330/4330/4330 4329/4329/4329 4328/4328/4328
f 4331/4331/4331 4329/4329/4329 4330/4330/4330
f 4332/4332/4332 4331/4331/4331 4330/4330/4330
f 4333/4333/4333 4331/4331/4331 4332/4332/4332
f 4334/4334/4334 4333/4333/4333 4332/4332/4332
f 4335/4335/4335 4333/4333/4333 4334/4334/4334
f 4336/4336/4336 4335/4335/4335 4334/4334/4334
f 4337/4337/4337 4335/4335/4335 4336/4336/4336
f 4338/4338/4338 4337/4337/4337 4336/4336/4336
f 4339/4339/4339 4337/4337/4337 4338/4338/4338
f 4340/4340/4340 4339/4339/4339 4338/4338/4338
f 4341/4341/4341 4339/4339/4339 4340/4340/4340
f 4342/4342/4342 4341/4341/4341 4340/4340/4340
f 4341/4341/4341 4342/4342/4342 4343/4343/4343
f 4342/4342/4342 4344/4344/4344 4343/4343/4343
f 4343/4343/4343 4344/4344/4344 4345/4345/4345
f 4348/4348/4348 4347/4347/4347 4346/4346/4346
f 4349/4349/4349 4348/4348/4348 4346/4346/4346
f 4350/4350/4350 4348/4348/4348 4349/4349/4349
f 4351/4351/4351 4350/4350/4350 4349/4349/4349
f 4352/4352/4352 4350/4350/4350 4351/4351/4351
f 4353/4353/4353 4352/4352/4352 4351/4351/4351
f 4354/4354/4354 4352/4352/4352 4353/4353/4353
f 4355/4355/4355 4354/4354/4354 4353/4353/4353
f 4358/4358/4358 4357/4357/4357 4356/4356/4356
f 4359/4359/4359 4358/4358/4358 4356/4356/4356
f 4360/4360/4360 4358/4358/4358 4359/4359/4359
f 4361/4361/4361 4360/4360/4360 4359/4359/4359
f 4360/4360/4360 4361/4361/4361 4362/4362/4362
f 4363/4363/4363 4360/4360/4360 4362/4362/4362
f 4366/4366/4366 4365/4365/4365 4364/4364/4364
f 4367/4367/4367 4366/4366/4366 4364/4364/4364
f 4370/4370/4370 4369/4369/4369 4368/4368/4368
f 4369/4369/4369 4371/4371/4371 4368/4368/4368
f 4368/4368/4368 4371/4371/4371 4372/4372/4372
f 4371/4371/4371 4373/4373/4373 4372/4372/4372
f 4372/4372/4372 4373/4373/4373 4374/4374/4374
f 4373/4373/4373 4375/4375/4375 4374/4374/4374
f 4378/4378/4378 4377/4377/4377 4376/4376/4376
f 4377/4377/4377 4379/4379/4379 4376/4376/4376
f 4376/4376/4376 4379/4379/4379 4380/4380/4380
f 4379/4379/4379 4381/4381/4381 4380/4380/4380
f 4380/4380/4380 4381/4381/4381 4382/4382/4382
f 4381/4381/4381 4383/4383/4383 4382/4382/4382
f 4382/4382/4382 4383/4383/4383 4384/4384/4384
f 4383/4383/4383 4385/4385/4385 4384/4384/4384
f 4388/4388/4388 4387/4387/4387 4386/4386/4386
f 4387/4387/4387 4389/4389/4389 4386/4386/4386
f 4386/4386/4386 4389/4389/4389 4390/4390/4390
f 4389/4389/4389 4391/4391/4391 4390/4390/4390
f 4390/4390/4390 4391/4391/4391 4392/4392/4392
f 4391/4391/4391 4393/4393/4393 4392/4392/4392
f 4392/4392/4392 4393/4393/4393 4394/4394/4394
f 4393/4393/4393 4395/4395/4395 4394/4394/4394
f 4398/4398/4398 4397/4397/4397 4396/4396/4396
f 4399/4399/4399 4398/4398/4398 4396/4396/4396
f 4402/4402/4402 4401/4401/4401 4400/4400/4400
f 4403/4403/4403 4402/4402/4402 4400/4400/4400
f 4404/4404/4404 4402/4402/4402 4403/4403/4403
f 4405/4405/4405 4404/4404/4404 4403/4403/4403
f 4406/4406/4406 4404/4404/4404 4405/4405/4405
f 4407/4407/4407 4406/4406/4406 4405/4405/4405
f 4408/4408/4408 4406/4406/4406 4407/4407/4407
f 4409/4409/4409 4408/4408/4408 4407/4407/4407
f 4410/4410/4410 4408/4408/4408 4409/4409/4409
f 4411/4411/4411 4410/4410/4410 4409/4409/4409
f 4411/4411/4411 4412/4412/4412 4410/4410/4410
f 4412/4412/4412 4413/4413/4413 4410/4410/4410
f 4416/4416/4416 4415/4415/4415 4414/4414/4414
f 4415/4415/4415 4417/4417/4417 4414/4414/4414
f 4418/4418/4418 4417/4417/4417 4415/4415/4415
f 4419/4419/4419 4418/4418/4418 4415/4415/4415
f 4420/4420/4420 4418/4418/4418 4419/4419/4419
f 4421/4421/4421 4420/4420/4420 4419/4419/4419
f 4422/4422/4422 4420/4420/4420 4421/4421/4421
f 4423/4423/4423 4422/4422/4422 4421/4421/4421
f 4424/4424/4424 4422/4422/4422 4423/4423/4423
f 4425/4425/4425 4424/4424/4424 4423/4423/4423
f 4428/4428/4428 4427/4427/4427 4426/4426/4426
f 4429/4429/4429 4428/4428/4428 4426/4426/4426
f 4432/4432/4432 4431/4431/4431 4430/4430/4430
f 4433/4433/4433 4432/4432/4432 4430/4430/4430
f 4436/4436/4436 4435/4435/4435 4434/4434/4434
f 4435/4435/4435 4437/4437/4437 4434/4434/4434
f 4434/4434/4434 4437/4437/4437 4438/4438/4438
f 4437/4437/4437 4439/4439/4439 4438/4438/4438
f 4438/4438/4438 4439/4439/4439 4440/4440/4440
f 4439/4439/4439 4441/4441/4441 4440/4440/4440
f 4440/4440/4440 4441/4441/4441 4442/4442/4442
f 4443/4443/4443 4440/4440/4440 4442/4442/4442
f 4446/4446/4446 4445/4445/4445 4444/4444/4444
f 4447/4447/4447 4446/4446/4446 4444/4444/4444
f 4450/4450/4450 4449/4449/4449 4448/4448/4448
f 4451/4451/4451 4450/4450/4450 4448/4448/4448
f 4454/4454/4454 4453/4453/4453 4452/4452/4452
f 4455/4455/4455 4454/4454/4454 4452/4452/4452
f 4458/4458/4458 4457/4457/4457 4456/4456/4456
f 4459/4459/4459 4458/4458/4458 4456/4456/4456
f 4462/4462/4462 4461/4461/4461 4460/4460/4460
f 4463/4463/4463 4462/4462/4462 4460/4460/4460
f 4466/4466/4466 4465/4465/4465 4464/4464/4464
f 4467/4467/4467 4466/4466/4466 4464/4464/4464
f 4470/4470/4470 4469/4469/4469 4468/4468/4468
f 4471/4471/4471 4470/4470/4470 4468/4468/4468
f 4474/4474/4474 4473/4473/4473 4472/4472/4472
f 4475/4475/4475 4474/4474/4474 4472/4472/4472
f 4478/4478/4478 4477/4477/4477 4476/4476/4476
f 4479/4479/4479 4478/4478/4478 4476/4476/4476
f 4482/4482/4482 4481/4481/4481 4480/4480/4480
f 4482/4482/4482 4480/4480/4480 4483/4483/4483
f 4484/4484/4484 4482/4482/4482 4483/4483/4483
f 4485/4485/4485 4484/4484/4484 4483/4483/4483
f 4483/4483/4483 4486/4486/4486 4485/4485/4485
f 4485/4485/4485 4486/4486/4486 4487/4487/4487
f 4487/4487/4487 4488/4488/4488 4485/4485/4485
f 4487/4487/4487 4489/4489/4489 4488/4488/4488
f 4489/4489/4489 4487/4487/4487 4490/4490/4490
f 4490/4490/4490 4491/4491/4491 4489/4489/4489
f 4490/4490/4490 4492/4492/4492 4491/4491/4491
f 4490/4490/4490 4493/4493/4493 4492/4492/4492
f 4493/4493/4493 4494/4494/4494 4492/4492/4492
f 4493/4493/4493 4495/4495/4495 4494/4494/4494
f 4495/4495/4495 4493/4493/4493 4496/4496/4496
f 4493/4493/4493 4497/4497/4497 4496/4496/4496
f 4493/4493/4493 4490/4490/4490 4497/4497/4497
f 4490/4490/4490 4498/4498/4498 4497/4497/4497
f 4498/4498/4498 4499/4499/4499 4497/4497/4497
f 4499/4499/4499 4500/4500/4500 4497/4497/4497
f 4503/4503/4503 4502/4502/4502 4501/4501/4501
f 4504/4504/4504 4503/4503/4503 4501/4501/4501
f 4504/4504/4504 4501/4501/4501 4505/4505/4505
f 4504/4504/4504 4505/4505/4505 4506/4506/4506
f 4506/4506/4506 4507/4507/4507 4504/4504/4504
f 4508/4508/4508 4507/4507/4507 4506/4506/4506
f 4506/4506/4506 4509/4509/4509 4508/4508/4508
f 4509/4509/4509 4510/4510/4510 4508/4508/4508
f 4511/4511/4511 4508/4508/4508 4510/4510/4510
f 4510/4510/4510 4512/4512/4512 4511/4511/4511
f 4512/4512/4512 4513/4513/4513 4511/4511/4511
f 4513/4513/4513 4514/4514/4514 4511/4511/4511
f 4513/4513/4513 4515/4515/4515 4514/4514/4514
f 4515/4515/4515 4516/4516/4516 4514/4514/4514
f 4511/4511/4511 4514/4514/4514 4517/4517/4517
f 4514/4514/4514 4516/4516/4516 4517/4517/4517
f 4516/4516/4516 4518/4518/4518 4517/4517/4517
f 4519/4519/4519 4511/4511/4511 4517/4517/4517
f 4519/4519/4519 4517/4517/4517 4520/4520/4520
f 4521/4521/4521 4519/4519/4519 4520/4520/4520
f 4524/4524/4524 4523/4523/4523 4522/4522/4522
f 4525/4525/4525 4524/4524/4524 4522/4522/4522
f 4524/4524/4524 4525/4525/4525 4526/4526/4526
f 4525/4525/4525 4527/4527/4527 4526/4526/4526
f 4530/4530/4530 4529/4529/4529 4528/4528/4528
f 4531/4531/4531 4530/4530/4530 4528/4528/4528
f 4534/4534/4534 4533/4533/4533 4532/4532/4532
f 4535/4535/4535 4534/4534/4534 4532/4532/4532
f 4538/4538/4538 4537/4537/4537 4536/4536/4536
f 4536/4536/4536 4539/4539/4539 4538/4538/4538
f 4540/4540/4540 4538/4538/4538 4539/4539/4539
f 4539/4539/4539 4536/4536/4536 4541/4541/4541
f 4542/4542/4542 4540/4540/4540 4539/4539/4539
f 4539/4539/4539 4541/4541/4541 4543/4543/4543
f 4539/4539/4539 4544/4544/4544 4542/4542/4542
f 4543/4543/4543 4544/4544/4544 4539/4539/4539
f 4544/4544/4544 4543/4543/4543 4545/4545/4545
f 4544/4544/4544 4545/4545/4545 4546/4546/4546
f 4546/4546/4546 4547/4547/4547 4544/4544/4544
f 4547/4547/4547 4546/4546/4546 4548/4548/4548
f 4547/4547/4547 4548/4548/4548 4549/4549/4549
f 4549/4549/4549 4550/4550/4550 4547/4547/4547
f 4551/4551/4551 4550/4550/4550 4549/4549/4549
f 4549/4549/4549 4552/4552/4552 4551/4551/4551
f 4552/4552/4552 4553/4553/4553 4551/4551/4551
f 4554/4554/4554 4551/4551/4551 4553/4553/4553
f 4555/4555/4555 4554/4554/4554 4553/4553/4553
f 4558/4558/4558 4557/4557/4557 4556/4556/4556
f 4559/4559/4559 4558/4558/4558 4556/4556/4556
f 4562/4562/4562 4561/4561/4561 4560/4560/4560
f 4563/4563/4563 4562/4562/4562 4560/4560/4560
f 4563/4563/4563 4560/4560/4560 4564/4564/4564
f 4563/4563/4563 4564/4564/4564 4565/4565/4565
f 4565/4565/4565 4566/4566/4566 4563/4563/4563
f 4567/4567/4567 4566/4566/4566 4565/4565/4565
f 4565/4565/4565 4568/4568/4568 4567/4567/4567
f 4568/4568/4568 4569/4569/4569 4567/4567/4567
f 4570/4570/4570 4567/4567/4567 4569/4569/4569
f 4569/4569/4569 4571/4571/4571 4570/4570/4570
f 4571/4571/4571 4572/4572/4572 4570/4570/4570
f 4573/4573/4573 4570/4570/4570 4572/4572/4572
f 4572/4572/4572 4574/4574/4574 4573/4573/4573
f 4574/4574/4574 4575/4575/4575 4573/4573/4573
f 4573/4573/4573 4575/4575/4575 4576/4576/4576
f 4570/4570/4570 4573/4573/4573 4577/4577/4577
f 4578/4578/4578 4573/4573/4573 4576/4576/4576
f 4573/4573/4573 4578/4578/4578 4577/4577/4577
f 4579/4579/4579 4577/4577/4577 4578/4578/4578
f 4580/4580/4580 4579/4579/4579 4578/4578/4578
f 4583/4583/4583 4582/4582/4582 4581/4581/4581
f 4584/4584/4584 4583/4583/4583 4581/4581/4581
f 4583/4583/4583 4584/4584/4584 4585/4585/4585
f 4584/4584/4584 4586/4586/4586 4585/4585/4585
f 4589/4589/4589 4588/4588/4588 4587/4587/4587
f 4590/4590/4590 4589/4589/4589 4587/4587/4587
f 4593/4593/4593 4592/4592/4592 4591/4591/4591
f 4594/4594/4594 4593/4593/4593 4591/4591/4591
f 4597/4597/4597 4596/4596/4596 4595/4595/4595
f 4597/4597/4597 4595/4595/4595 4598/4598/4598
f 4599/4599/4599 4597/4597/4597 4598/4598/4598
f 4600/4600/4600 4598/4598/4598 4595/4595/4595
f 4601/4601/4601 4600/4600/4600 4595/4595/4595
f 4602/4602/4602 4598/4598/4598 4600/4600/4600
f 4602/4602/4602 4603/4603/4603 4598/4598/4598
f 4598/4598/4598 4604/4604/4604 4599/4599/4599
f 4603/4603/4603 4604/4604/4604 4598/4598/4598
f 4604/4604/4604 4605/4605/4605 4599/4599/4599
f 4603/4603/4603 4606/4606/4606 4604/4604/4604
f 4606/4606/4606 4607/4607/4607 4604/4604/4604
f 4608/4608/4608 4605/4605/4605 4604/4604/4604
f 4608/4608/4608 4604/4604/4604 4607/4607/4607
f 4607/4607/4607 4609/4609/4609 4608/4608/4608
f 4609/4609/4609 4610/4610/4610 4608/4608/4608
f 4613/4613/4613 4612/4612/4612 4611/4611/4611
f 4612/4612/4612 4614/4614/4614 4611/4611/4611
f 4612/4612/4612 4615/4615/4615 4614/4614/4614
f 4615/4615/4615 4616/4616/4616 4614/4614/4614
f 4619/4619/4619 4618/4618/4618 4617/4617/4617
f 4620/4620/4620 4619/4619/4619 4617/4617/4617
f 4621/4621/4621 4619/4619/4619 4620/4620/4620
f 4621/4621/4621 4622/4622/4622 4619/4619/4619
f 4623/4623/4623 4621/4621/4621 4620/4620/4620
f 4624/4624/4624 4623/4623/4623 4620/4620/4620
f 4625/4625/4625 4624/4624/4624 4620/4620/4620
f 4625/4625/4625 4620/4620/4620 4626/4626/4626
f 4626/4626/4626 4627/4627/4627 4625/4625/4625
f 4626/4626/4626 4628/4628/4628 4627/4627/4627
f 4626/4626/4626 4620/4620/4620 4629/4629/4629
f 4620/4620/4620 4630/4630/4630 4629/4629/4629
f 4626/4626/4626 4629/4629/4629 4631/4631/4631
f 4632/4632/4632 4626/4626/4626 4631/4631/4631
f 4628/4628/4628 4626/4626/4626 4632/4632/4632
f 4632/4632/4632 4633/4633/4633 4628/4628/4628
f 4632/4632/4632 4634/4634/4634 4633/4633/4633
f 4632/4632/4632 4635/4635/4635 4634/4634/4634
f 4635/4635/4635 4636/4636/4636 4634/4634/4634
f 4639/4639/4639 4638/4638/4638 4637/4637/4637
f 4638/4638/4638 4639/4639/4639 4640/4640/4640
f 4641/4641/4641 4638/4638/4638 4640/4640/4640
f 4641/4641/4641 4640/4640/4640 4642/4642/4642
f 4643/4643/4643 4638/4638/4638 4641/4641/4641
f 4644/4644/4644 4638/4638/4638 4643/4643/4643
f 4643/4643/4643 4645/4645/4645 4644/4644/4644
f 4641/4641/4641 4646/4646/4646 4643/4643/4643
f 4647/4647/4647 4644/4644/4644 4645/4645/4645
f 4645/4645/4645 4648/4648/4648 4647/4647/4647
f 4648/4648/4648 4649/4649/4649 4647/4647/4647
f 4649/4649/4649 4650/4650/4650 4647/4647/4647
f 4650/4650/4650 4649/4649/4649 4651/4651/4651
f 4651/4651/4651 4652/4652/4652 4650/4650/4650
f 4652/4652/4652 4653/4653/4653 4650/4650/4650
f 4654/4654/4654 4653/4653/4653 4652/4652/4652
f 4652/4652/4652 4655/4655/4655 4654/4654/4654
f 4654/4654/4654 4655/4655/4655 4656/4656/4656
f 4657/4657/4657 4654/4654/4654 4656/4656/4656
f 4658/4658/4658 4646/4646/4646 4641/4641/4641
f 4657/4657/4657 4656/4656/4656 4658/4658/4658
f 4641/4641/4641 4657/4657/4657 4658/4658/4658
f 4657/4657/4657 4641/4641/4641 4642/4642/4642
f 4657/4657/4657 4642/4642/4642 4659/4659/4659
f 4662/4662/4662 4661/4661/4661 4660/4660/4660
f 4663/4663/4663 4662/4662/4662 4660/4660/4660
f 4660/4660/4660 4664/4664/4664 4663/4663/4663
f 4663/4663/4663 4664/4664/4664 4665/4665/4665
f 4666/4666/4666 4662/4662/4662 4663/4663/4663
f 4666/4666/4666 4667/4667/4667 4662/4662/4662
f 4663/4663/4663 4668/4668/4668 4666/4666/4666
f 4663/4663/4663 4669/4669/4669 4668/4668/4668
f 4670/4670/4670 4663/4663/4663 4665/4665/4665
f 4663/4663/4663 4670/4670/4670 4669/4669/4669
f 4670/4670/4670 4665/4665/4665 4671/4671/4671
f 4672/4672/4672 4670/4670/4670 4671/4671/4671
f 4669/4669/4669 4670/4670/4670 4673/4673/4673
f 4674/4674/4674 4673/4673/4673 4670/4670/4670
f 4670/4670/4670 4672/4672/4672 4674/4674/4674
f 4672/4672/4672 4675/4675/4675 4674/4674/4674
f 4672/4672/4672 4676/4676/4676 4675/4675/4675
f 4672/4672/4672 4677/4677/4677 4676/4676/4676
f 4672/4672/4672 4678/4678/4678 4677/4677/4677
f 4678/4678/4678 4679/4679/4679 4677/4677/4677
f 4678/4678/4678 4672/4672/4672 4680/4680/4680
f 4672/4672/4672 4681/4681/4681 4680/4680/4680
f 4684/4684/4684 4683/4683/4683 4682/4682/4682
f 4685/4685/4685 4684/4684/4684 4682/4682/4682
f 4682/4682/4682 4686/4686/4686 4685/4685/4685
f 4685/4685/4685 4686/4686/4686 4687/4687/4687
f 4686/4686/4686 4688/4688/4688 4687/4687/4687
f 4691/4691/4691 4690/4690/4690 4689/4689/4689
f 4689/4689/4689 4692/4692/4692 4691/4691/4691
f 4692/4692/4692 4693/4693/4693 4691/4691/4691
f 4696/4696/4696 4695/4695/4695 4694/4694/4694
f 4694/4694/4694 4697/4697/4697 4696/4696/4696
f 4697/4697/4697 4698/4698/4698 4696/4696/4696
f 4697/4697/4697 4699/4699/4699 4698/4698/4698
f 4702/4702/4702 4701/4701/4701 4700/4700/4700
f 4703/4703/4703 4702/4702/4702 4700/4700/4700
f 4703/4703/4703 4700/4700/4700 4704/4704/4704
f 4704/4704/4704 4705/4705/4705 4703/4703/4703
f 4704/4704/4704 4706/4706/4706 4705/4705/4705
f 4709/4709/4709 4708/4708/4708 4707/4707/4707
f 4707/4707/4707 4710/4710/4710 4709/4709/4709
f 4710/4710/4710 4711/4711/4711 4709/4709/4709
f 4714/4714/4714 4713/4713/4713 4712/4712/4712
f 4715/4715/4715 4714/4714/4714 4712/4712/4712
f 4718/4718/4718 4717/4717/4717 4716/4716/4716
f 4717/4717/4717 4719/4719/4719 4716/4716/4716
f 4716/4716/4716 4719/4719/4719 4720/4720/4720
f 4721/4721/4721 4716/4716/4716 4720/4720/4720
f 4720/4720/4720 4722/4722/4722 4721/4721/4721
f 4725/4725/4725 4724/4724/4724 4723/4723/4723
f 4723/4723/4723 4726/4726/4726 4725/4725/4725
f 4726/4726/4726 4727/4727/4727 4725/4725/4725
f 4730/4730/4730 4729/4729/4729 4728/4728/4728
f 4731/4731/4731 4730/4730/4730 4728/4728/4728
f 4734/4734/4734 4733/4733/4733 4732/4732/4732
f 4735/4735/4735 4734/4734/4734 4732/4732/4732
f 4735/4735/4735 4732/4732/4732 4736/4736/4736
f 4732/4732/4732 4737/4737/4737 4736/4736/4736
f 4740/4740/4740 4739/4739/4739 4738/4738/4738
f 4740/4740/4740 4738/4738/4738 4741/4741/4741
f 4740/4740/4740 4741/4741/4741 4742/4742/4742
f 4743/4743/4743 4740/4740/4740 4742/4742/4742
f 4740/4740/4740 4743/4743/4743 4744/4744/4744
f 4745/4745/4745 4740/4740/4740 4744/4744/4744
f 4742/4742/4742 4746/4746/4746 4743/4743/4743
f 4746/4746/4746 4742/4742/4742 4747/4747/4747
f 4743/4743/4743 4746/4746/4746 4748/4748/4748
f 4746/4746/4746 4749/4749/4749 4748/4748/4748
f 4748/4748/4748 4749/4749/4749 4750/4750/4750
f 4748/4748/4748 4750/4750/4750 4751/4751/4751
f 4748/4748/4748 4751/4751/4751 4752/4752/4752
f 4752/4752/4752 4753/4753/4753 4748/4748/4748
f 4748/4748/4748 4753/4753/4753 4754/4754/4754
f 4753/4753/4753 4752/4752/4752 4755/4755/4755
f 4753/4753/4753 4755/4755/4755 4756/4756/4756
f 4753/4753/4753 4757/4757/4757 4754/4754/4754
f 4756/4756/4756 4758/4758/4758 4753/4753/4753
f 4753/4753/4753 4758/4758/4758 4757/4757/4757
f 4758/4758/4758 4759/4759/4759 4757/4757/4757
f 4762/4762/4762 4761/4761/4761 4760/4760/4760
f 4763/4763/4763 4762/4762/4762 4760/4760/4760
f 4766/4766/4766 4765/4765/4765 4764/4764/4764
f 4767/4767/4767 4766/4766/4766 4764/4764/4764
f 4770/4770/4770 4769/4769/4769 4768/4768/4768
f 4771/4771/4771 4770/4770/4770 4768/4768/4768
f 4774/4774/4774 4773/4773/4773 4772/4772/4772
f 4774/4774/4774 4772/4772/4772 4775/4775/4775
f 4775/4775/4775 4776/4776/4776 4774/4774/4774
f 4774/4774/4774 4776/4776/4776 4777/4777/4777
f 4778/4778/4778 4774/4774/4774 4777/4777/4777
f 4781/4781/4781 4780/4780/4780 4779/4779/4779
f 4782/4782/4782 4781/4781/4781 4779/4779/4779
f 4785/4785/4785 4784/4784/4784 4783/4783/4783
f 4784/4784/4784 4786/4786/4786 4783/4783/4783
f 4786/4786/4786 4784/4784/4784 4787/4787/4787
f 4788/4788/4788 4786/4786/4786 4787/4787/4787
f 4788/4788/4788 4787/4787/4787 4789/4789/4789
f 4790/4790/4790 4788/4788/4788 4789/4789/4789
f 4793/4793/4793 4792/4792/4792 4791/4791/4791
f 4794/4794/4794 4793/4793/4793 4791/4791/4791
f 4797/4797/4797 4796/4796/4796 4795/4795/4795
f 4796/4796/4796 4798/4798/4798 4795/4795/4795
f 4795/4795/4795 4798/4798/4798 4799/4799/4799
f 4798/4798/4798 4800/4800/4800 4799/4799/4799
f 4803/4803/4803 4802/4802/4802 4801/4801/4801
f 4804/4804/4804 4803/4803/4803 4801/4801/4801
f 4807/4807/4807 4806/4806/4806 4805/4805/4805
f 4805/4805/4805 4808/4808/4808 4807/4807/4807
f 4808/4808/4808 4809/4809/4809 4807/4807/4807
f 4808/4808/4808 4810/4810/4810 4809/4809/4809
f 4813/4813/4813 4812/4812/4812 4811/4811/4811
f 4814/4814/4814 4813/4813/4813 4811/4811/4811
f 4814/4814/4814 4811/4811/4811 4815/4815/4815
f 4816/4816/4816 4814/4814/4814 4815/4815/4815
f 4819/4819/4819 4818/4818/4818 4817/4817/4817
f 4820/4820/4820 4819/4819/4819 4817/4817/4817
f 4823/4823/4823 4822/4822/4822 4821/4821/4821
f 4822/4822/4822 4824/4824/4824 4821/4821/4821
f 4821/4821/4821 4824/4824/4824 4825/4825/4825
f 4824/4824/4824 4826/4826/4826 4825/4825/4825
f 4829/4829/4829 4828/4828/4828 4827/4827/4827
f 4830/4830/4830 4829/4829/4829 4827/4827/4827
f 4833/4833/4833 4832/4832/4832 4831/4831/4831
f 4831/4831/4831 4834/4834/4834 4833/4833/4833
f 4834/4834/4834 4835/4835/4835 4833/4833/4833
f 4834/4834/4834 4836/4836/4836 4835/4835/4835
f 4839/4839/4839 4838/4838/4838 4837/4837/4837
f 4840/4840/4840 4839/4839/4839 4837/4837/4837
f 4840/4840/4840 4837/4837/4837 4841/4841/4841
f 4842/4842/4842 4840/4840/4840 4841/4841/4841
f 4845/4845/4845 4844/4844/4844 4843/4843/4843
f 4846/4846/4846 4845/4845/4845 4843/4843/4843
f 4849/4849/4849 4848/4848/4848 4847/4847/4847
f 4848/4848/4848 4850/4850/4850 4847/4847/4847
f 4847/4847/4847 4850/4850/4850 4851/4851/4851
f 4850/4850/4850 4852/4852/4852 4851/4851/4851
f 4855/4855/4855 4854/4854/4854 4853/4853/4853
f 4854/4854/4854 4856/4856/4856 4853/4853/4853
f 4854/4854/4854 4857/4857/4857 4856/4856/4856
f 4857/4857/4857 4858/4858/4858 4856/4856/4856
f 4857/4857/4857 4859/4859/4859 4858/4858/4858
f 4859/4859/4859 4860/4860/4860 4858/4858/4858
f 4859/4859/4859 4861/4861/4861 4860/4860/4860
f 4861/4861/4861 4862/4862/4862 4860/4860/4860
f 4861/4861/4861 4863/4863/4863 4862/4862/4862
f 4863/4863/4863 4864/4864/4864 4862/4862/4862
f 4865/4865/4865 4864/4864/4864 4863/4863/4863
f 4863/4863/4863 4866/4866/4866 4865/4865/4865
f 4863/4863/4863 4867/4867/4867 4866/4866/4866
f 4866/4866/4866 4867/4867/4867 4868/4868/4868
f 4871/4871/4871 4870/4870/4870 4869/4869/4869
f 4870/4870/4870 4872/4872/4872 4869/4869/4869
f 4870/4870/4870 4873/4873/4873 4872/4872/4872
f 4873/4873/4873 4874/4874/4874 4872/4872/4872
f 4877/4877/4877 4876/4876/4876 4875/4875/4875
f 4878/4878/4878 4877/4877/4877 4875/4875/4875
f 4879/4879/4879 4877/4877/4877 4878/4878/4878
f 4880/4880/4880 4879/4879/4879 4878/4878/4878
f 4883/4883/4883 4882/4882/4882 4881/4881/4881
f 4881/4881/4881 4884/4884/4884 4883/4883/4883
f 4881/4881/4881 4885/4885/4885 4884/4884/4884
f 4885/4885/4885 4886/4886/4886 4884/4884/4884
f 4885/4885/4885 4887/4887/4887 4886/4886/4886
f 4887/4887/4887 4888/4888/4888 4886/4886/4886
f 4887/4887/4887 4889/4889/4889 4888/4888/4888
f 4892/4892/4892 4891/4891/4891 4890/4890/4890
f 4893/4893/4893 4892/4892/4892 4890/4890/4890
f 4893/4893/4893 4890/4890/4890 4894/4894/4894
f 4895/4895/4895 4893/4893/4893 4894/4894/4894
f 4895/4895/4895 4894/4894/4894 4896/4896/4896
f 4897/4897/4897 4895/4895/4895 4896/4896/4896
f 4897/4897/4897 4896/4896/4896 4898/4898/4898
f 4899/4899/4899 4897/4897/4897 4898/4898/4898
f 4902/4902/4902 4901/4901/4901 4900/4900/4900
f 4903/4903/4903 4901/4901/4901 4902/4902/4902
f 4904/4904/4904 4903/4903/4903 4902/4902/4902
f 4905/4905/4905 4903/4903/4903 4904/4904/4904
f 4906/4906/4906 4905/4905/4905 4904/4904/4904
f 4907/4907/4907 4905/4905/4905 4906/4906/4906
f 4908/4908/4908 4907/4907/4907 4906/4906/4906
f 4911/4911/4911 4910/4910/4910 4909/4909/4909
f 4912/4912/4912 4911/4911/4911 4909/4909/4909
f 4912/4912/4912 4909/4909/4909 4913/4913/4913
f 4909/4909/4909 4914/4914/4914 4913/4913/4913
f 4909/4909/4909 4915/4915/4915 4914/4914/4914
f 4915/4915/4915 4916/4916/4916 4914/4914/4914
f 4917/4917/4917 4916/4916/4916 4915/4915/4915
f 4918/4918/4918 4917/4917/4917 4915/4915/4915
f 4918/4918/4918 4915/4915/4915 4919/4919/4919
f 4920/4920/4920 4918/4918/4918 4919/4919/4919
f 4918/4918/4918 4921/4921/4921 4917/4917/4917
f 4921/4921/4921 4918/4918/4918 4920/4920/4920
f 4921/4921/4921 4922/4922/4922 4917/4917/4917
f 4923/4923/4923 4921/4921/4921 4920/4920/4920
f 4926/4926/4926 4925/4925/4925 4924/4924/4924
f 4927/4927/4927 4926/4926/4926 4924/4924/4924
f 4927/4927/4927 4924/4924/4924 4928/4928/4928
f 4929/4929/4929 4926/4926/4926 4927/4927/4927
f 4930/4930/4930 4927/4927/4927 4928/4928/4928
f 4928/4928/4928 4931/4931/4931 4930/4930/4930
f 4932/4932/4932 4929/4929/4929 4927/4927/4927
f 4932/4932/4932 4927/4927/4927 4930/4930/4930
f 4933/4933/4933 4929/4929/4929 4932/4932/4932
f 4934/4934/4934 4933/4933/4933 4932/4932/4932
f 4935/4935/4935 4933/4933/4933 4934/4934/4934
f 4936/4936/4936 4935/4935/4935 4934/4934/4934
f 4936/4936/4936 4934/4934/4934 4937/4937/4937
f 4938/4938/4938 4936/4936/4936 4937/4937/4937
f 4939/4939/4939 4938/4938/4938 4937/4937/4937
f 4937/4937/4937 4940/4940/4940 4939/4939/4939
f 4934/4934/4934 4932/4932/4932 4941/4941/4941
f 4941/4941/4941 4932/4932/4932 4930/4930/4930
f 4937/4937/4937 4934/4934/4934 4941/4941/4941
f 4931/4931/4931 4942/4942/4942 4930/4930/4930
f 4930/4930/4930 4942/4942/4942 4941/4941/4941
f 4937/4937/4937 4943/4943/4943 4940/4940/4940
f 4944/4944/4944 4940/4940/4940 4943/4943/4943
f 4945/4945/4945 4944/4944/4944 4943/4943/4943
f 4941/4941/4941 4946/4946/4946 4937/4937/4937
f 4946/4946/4946 4943/4943/4943 4937/4937/4937
f 4945/4945/4945 4943/4943/4943 4946/4946/4946
f 4942/4942/4942 4946/4946/4946 4941/4941/4941
f 4947/4947/4947 4945/4945/4945 4946/4946/4946
f 4947/4947/4947 4946/4946/4946 4942/4942/4942
f 4948/4948/4948 4947/4947/4947 4942/4942/4942
f 4948/4948/4948 4942/4942/4942 4931/4931/4931
f 4949/4949/4949 4948/4948/4948 4931/4931/4931
f 4952/4952/4952 4951/4951/4951 4950/4950/4950
f 4951/4951/4951 4953/4953/4953 4950/4950/4950
f 4954/4954/4954 4953/4953/4953 4951/4951/4951
f 4955/4955/4955 4954/4954/4954 4951/4951/4951
f 4958/4958/4958 4957/4957/4957 4956/4956/4956
f 4956/4956/4956 4959/4959/4959 4958/4958/4958
f 4956/4956/4956 4960/4960/4960 4959/4959/4959
f 4956/4956/4956 4961/4961/4961 4960/4960/4960
f 4956/4956/4956 4962/4962/4962 4961/4961/4961
f 4956/4956/4956 4963/4963/4963 4962/4962/4962
f 4956/4956/4956 4964/4964/4964 4963/4963/4963
f 4967/4967/4967 4966/4966/4966 4965/4965/4965
f 4968/4968/4968 4967/4967/4967 4965/4965/4965
f 4967/4967/4967 4968/4968/4968 4969/4969/4969
f 4970/4970/4970 4967/4967/4967 4969/4969/4969
f 4973/4973/4973 4972/4972/4972 4971/4971/4971
f 4974/4974/4974 4973/4973/4973 4971/4971/4971
f 4971/4971/4971 4975/4975/4975 4974/4974/4974
f 4975/4975/4975 4976/4976/4976 4974/4974/4974
f 4979/4979/4979 4978/4978/4978 4977/4977/4977
f 4978/4978/4978 4980/4980/4980 4977/4977/4977
f 4978/4978/4978 4981/4981/4981 4980/4980/4980
f 4981/4981/4981 4982/4982/4982 4980/4980/4980
f 4985/4985/4985 4984/4984/4984 4983/4983/4983
f 4986/4986/4986 4985/4985/4985 4983/4983/4983
f 4989/4989/4989 4988/4988/4988 4987/4987/4987
f 4990/4990/4990 4989/4989/4989 4987/4987/4987
f 4993/4993/4993 4992/4992/4992 4991/4991/4991
f 4994/4994/4994 4993/4993/4993 4991/4991/4991
f 4997/4997/4997 4996/4996/4996 4995/4995/4995
f 4998/4998/4998 4997/4997/4997 4995/4995/4995
f 5001/5001/5001 5000/5000/5000 4999/4999/4999
f 5002/5002/5002 5001/5001/5001 4999/4999/4999
f 5005/5005/5005 5004/5004/5004 5003/5003/5003
f 5005/5005/5005 5006/5006/5006 5004/5004/5004
f 5006/5006/5006 5007/5007/5007 5004/5004/5004
f 5008/5008/5008 5006/5006/5006 5005/5005/5005
f 5009/5009/5009 5008/5008/5008 5005/5005/5005
f 5010/5010/5010 5008/5008/5008 5009/5009/5009
f 5010/5010/5010 5011/5011/5011 5008/5008/5008
f 5008/5008/5008 5011/5011/5011 5006/5006/5006
f 5010/5010/5010 5012/5012/5012 5011/5011/5011
f 5012/5012/5012 5013/5013/5013 5011/5011/5011
f 5011/5011/5011 5013/5013/5013 5014/5014/5014
f 5006/5006/5006 5011/5011/5011 5014/5014/5014
f 5006/5006/5006 5014/5014/5014 5007/5007/5007
f 5007/5007/5007 5014/5014/5014 5015/5015/5015
f 5018/5018/5018 5017/5017/5017 5016/5016/5016
f 5016/5016/5016 5017/5017/5017 5019/5019/5019
f 5016/5016/5016 5019/5019/5019 5020/5020/5020
f 5017/5017/5017 5021/5021/5021 5019/5019/5019
f 5017/5017/5017 5022/5022/5022 5021/5021/5021
f 5021/5021/5021 5022/5022/5022 5023/5023/5023
f 5021/5021/5021 5023/5023/5023 5024/5024/5024
f 5019/5019/5019 5021/5021/5021 5024/5024/5024
f 5024/5024/5024 5023/5023/5023 5025/5025/5025
f 5024/5024/5024 5025/5025/5025 5026/5026/5026
f 5027/5027/5027 5024/5024/5024 5026/5026/5026
f 5027/5027/5027 5019/5019/5019 5024/5024/5024
f 5020/5020/5020 5019/5019/5019 5027/5027/5027
f 5028/5028/5028 5020/5020/5020 5027/5027/5027
f 5031/5031/5031 5030/5030/5030 5029/5029/5029
f 5032/5032/5032 5031/5031/5031 5029/5029/5029
f 5032/5032/5032 5029/5029/5029 5033/5033/5033
f 5032/5032/5032 5033/5033/5033 5034/5034/5034
f 5035/5035/5035 5031/5031/5031 5032/5032/5032
f 5036/5036/5036 5031/5031/5031 5035/5035/5035
f 5037/5037/5037 5036/5036/5036 5035/5035/5035
f 5038/5038/5038 5032/5032/5032 5034/5034/5034
f 5035/5035/5035 5032/5032/5032 5038/5038/5038
f 5037/5037/5037 5035/5035/5035 5038/5038/5038
f 5038/5038/5038 5034/5034/5034 5039/5039/5039
f 5040/5040/5040 5037/5037/5037 5038/5038/5038
f 5040/5040/5040 5038/5038/5038 5039/5039/5039
f 5043/5043/5043 5042/5042/5042 5041/5041/5041
f 5044/5044/5044 5042/5042/5042 5043/5043/5043
f 5044/5044/5044 5043/5043/5043 5045/5045/5045
f 5046/5046/5046 5044/5044/5044 5045/5045/5045
f 5047/5047/5047 5042/5042/5042 5044/5044/5044
f 5046/5046/5046 5047/5047/5047 5044/5044/5044
f 5047/5047/5047 5048/5048/5048 5042/5042/5042
f 5049/5049/5049 5048/5048/5048 5047/5047/5047
f 5050/5050/5050 5049/5049/5049 5047/5047/5047
f 5046/5046/5046 5050/5050/5050 5047/5047/5047
f 5051/5051/5051 5050/5050/5050 5046/5046/5046
f 5054/5054/5054 5053/5053/5053 5052/5052/5052
f 5053/5053/5053 5054/5054/5054 5055/5055/5055
f 5054/5054/5054 5056/5056/5056 5055/5055/5055
f 5057/5057/5057 5055/5055/5055 5056/5056/5056
f 5057/5057/5057 5056/5056/5056 5058/5058/5058
f 5059/5059/5059 5054/5054/5054 5052/5052/5052
f 5052/5052/5052 5060/5060/5060 5059/5059/5059
f 5058/5058/5058 5061/5061/5061 5057/5057/5057
f 5059/5059/5059 5060/5060/5060 5061/5061/5061
f 5061/5061/5061 5058/5058/5058 5062/5062/5062
f 5062/5062/5062 5059/5059/5059 5061/5061/5061
f 5065/5065/5065 5064/5064/5064 5063/5063/5063
f 5065/5065/5065 5063/5063/5063 5066/5066/5066
f 5064/5064/5064 5065/5065/5065 5067/5067/5067
f 5066/5066/5066 5068/5068/5068 5065/5065/5065
f 5069/5069/5069 5068/5068/5068 5066/5066/5066
f 5069/5069/5069 5066/5066/5066 5070/5070/5070
f 5071/5071/5071 5064/5064/5064 5067/5067/5067
f 5067/5067/5067 5072/5072/5072 5071/5071/5071
f 5070/5070/5070 5073/5073/5073 5069/5069/5069
f 5071/5071/5071 5072/5072/5072 5073/5073/5073
f 5073/5073/5073 5070/5070/5070 5074/5074/5074
f 5074/5074/5074 5071/5071/5071 5073/5073/5073
f 5077/5077/5077 5076/5076/5076 5075/5075/5075
f 5075/5075/5075 5076/5076/5076 5078/5078/5078
f 5079/5079/5079 5075/5075/5075 5078/5078/5078
f 5079/5079/5079 5078/5078/5078 5080/5080/5080
f 5081/5081/5081 5079/5079/5079 5080/5080/5080
f 5077/5077/5077 5075/5075/5075 5082/5082/5082
f 5082/5082/5082 5083/5083/5083 5077/5077/5077
f 5080/5080/5080 5084/5084/5084 5081/5081/5081
f 5084/5084/5084 5083/5083/5083 5082/5082/5082
f 5085/5085/5085 5081/5081/5081 5084/5084/5084
f 5084/5084/5084 5082/5082/5082 5085/5085/5085
f 5088/5088/5088 5087/5087/5087 5086/5086/5086
f 5089/5089/5089 5088/5088/5088 5086/5086/5086
f 5090/5090/5090 5086/5086/5086 5087/5087/5087
f 5086/5086/5086 5091/5091/5091 5089/5089/5089
f 5089/5089/5089 5091/5091/5091 5092/5092/5092
f 5093/5093/5093 5089/5089/5089 5092/5092/5092
f 5090/5090/5090 5087/5087/5087 5094/5094/5094
f 5094/5094/5094 5095/5095/5095 5090/5090/5090
f 5092/5092/5092 5096/5096/5096 5093/5093/5093
f 5096/5096/5096 5095/5095/5095 5094/5094/5094
f 5097/5097/5097 5093/5093/5093 5096/5096/5096
f 5096/5096/5096 5094/5094/5094 5097/5097/5097
f 5100/5100/5100 5099/5099/5099 5098/5098/5098
f 5098/5098/5098 5099/5099/5099 5101/5101/5101
f 5099/5099/5099 5102/5102/5102 5101/5101/5101
f 5103/5103/5103 5099/5099/5099 5100/5100/5100
f 5103/5103/5103 5100/5100/5100 5104/5104/5104
f 5105/5105/5105 5103/5103/5103 5104/5104/5104
f 5106/5106/5106 5102/5102/5102 5099/5099/5099
f 5103/5103/5103 5106/5106/5106 5099/5099/5099
f 5107/5107/5107 5102/5102/5102 5106/5106/5106
f 5108/5108/5108 5107/5107/5107 5106/5106/5106
f 5109/5109/5109 5103/5103/5103 5105/5105/5105
f 5109/5109/5109 5106/5106/5106 5103/5103/5103
f 5108/5108/5108 5106/5106/5106 5109/5109/5109
f 5110/5110/5110 5109/5109/5109 5105/5105/5105
f 5108/5108/5108 5109/5109/5109 5110/5110/5110
f 5113/5113/5113 5112/5112/5112 5111/5111/5111
f 5111/5111/5111 5112/5112/5112 5114/5114/5114
f 5111/5111/5111 5114/5114/5114 5115/5115/5115
f 5116/5116/5116 5113/5113/5113 5111/5111/5111
f 5116/5116/5116 5117/5117/5117 5113/5113/5113
f 5116/5116/5116 5118/5118/5118 5117/5117/5117
f 5119/5119/5119 5118/5118/5118 5116/5116/5116
f 5120/5120/5120 5111/5111/5111 5115/5115/5115
f 5120/5120/5120 5116/5116/5116 5111/5111/5111
f 5119/5119/5119 5116/5116/5116 5120/5120/5120
f 5115/5115/5115 5121/5121/5121 5120/5120/5120
f 5120/5120/5120 5122/5122/5122 5119/5119/5119
f 5120/5120/5120 5121/5121/5121 5122/5122/5122
f 1619/1619/1619 1618/1618/1618 1617/1617/1617
f 1618/1618/1618 1620/1620/1620 1617/1617/1617
f 1621/1621/1621 1618/1618/1618 1619/1619/1619
f 1617/1617/1617 1620/1620/1620 1622/1622/1622
f 1623/1623/1623 1621/1621/1621 1619/1619/1619
f 1620/1620/1620 1624/1624/1624 1622/1622/1622
f 1625/1625/1625 1621/1621/1621 1623/1623/1623
f 1622/1622/1622 1624/1624/1624 1626/1626/1626
f 1627/1627/1627 1625/1625/1625 1623/1623/1623
f 1624/1624/1624 1628/1628/1628 1626/1626/1626
f 1629/1629/1629 1625/1625/1625 1627/1627/1627
f 1626/1626/1626 1628/1628/1628 1630/1630/1630
f 1631/1631/1631 1629/1629/1629 1627/1627/1627
f 1628/1628/1628 1632/1632/1632 1630/1630/1630
f 1632/1632/1632 1629/1629/1629 1631/1631/1631
f 1630/1630/1630 1632/1632/1632 1631/1631/1631
f 1635/1635/1635 1634/1634/1634 1633/1633/1633
f 1636/1636/1636 1635/1635/1635 1633/1633/1633
f 1633/1633/1633 1634/1634/1634 1637/1637/1637
f 1638/1638/1638 1635/1635/1635 1636/1636/1636
f 1634/1634/1634 1639/1639/1639 1637/1637/1637
f 1640/1640/1640 1638/1638/1638 1636/1636/1636
f 1637/1637/1637 1639/1639/1639 1641/1641/1641
f 1642/1642/1642 1638/1638/1638 1640/1640/1640
f 1639/1639/1639 1643/1643/1643 1641/1641/1641
f 1644/1644/1644 1642/1642/1642 1640/1640/1640
f 1641/1641/1641 1643/1643/1643 1645/1645/1645
f 1646/1646/1646 1642/1642/1642 1644/1644/1644
f 1643/1643/1643 1647/1647/1647 1645/1645/1645
f 1648/1648/1648 1646/1646/1646 1644/1644/1644
f 1645/1645/1645 1647/1647/1647 1648/1648/1648
f 1647/1647/1647 1646/1646/1646 1648/1648/1648
f 1651/1651/1651 1650/1650/1650 1649/1649/1649
f 1650/1650/1650 1652/1652/1652 1649/1649/1649
f 1653/1653/1653 1650/1650/1650 1651/1651/1651
f 1649/1649/1649 1652/1652/1652 1654/1654/1654
f 1655/1655/1655 1653/1653/1653 1651/1651/1651
f 1652/1652/1652 1656/1656/1656 1654/1654/1654
f 1657/1657/1657 1653/1653/1653 1655/1655/1655
f 1654/1654/1654 1656/1656/1656 1658/1658/1658
f 1659/1659/1659 1657/1657/1657 1655/1655/1655
f 1656/1656/1656 1660/1660/1660 1658/1658/1658
f 1660/1660/1660 1657/1657/1657 1659/1659/1659
f 1658/1658/1658 1660/1660/1660 1659/1659/1659
f 1663/1663/1663 1662/1662/1662 1661/1661/1661
f 1664/1664/1664 1663/1663/1663 1661/1661/1661
f 1661/1661/1661 1662/1662/1662 1665/1665/1665
f 1666/1666/1666 1663/1663/1663 1664/1664/1664
f 1662/1662/1662 1667/1667/1667 1665/1665/1665
f 1668/1668/1668 1666/1666/1666 1664/1664/1664
f 1665/1665/1665 1667/1667/1667 1669/1669/1669
f 1670/1670/1670 1666/1666/1666 1668/1668/1668
f 1667/1667/1667 1671/1671/1671 1669/1669/1669
f 1672/1672/1672 1670/1670/1670 1668/1668/1668
f 1669/1669/1669 1671/1671/1671 1672/1672/1672
f 1671/1671/1671 1670/1670/1670 1672/1672/1672
f 1675/1675/1675 1674/1674/1674 1673/1673/1673
f 1676/1676/1676 1675/1675/1675 1673/1673/1673
f 1673/1673/1673 1674/1674/1674 1677/1677/1677
f 1678/1678/1678 1675/1675/1675 1676/1676/1676
f 1674/1674/1674 1679/1679/1679 1677/1677/1677
f 1680/1680/1680 1678/1678/1678 1676/1676/1676
f 1677/1677/1677 1679/1679/1679 1681/1681/1681
f 1682/1682/1682 1678/1678/1678 1680/1680/1680
f 1679/1679/1679 1683/1683/1683 1681/1681/1681
f 1684/1684/1684 1682/1682/1682 1680/1680/1680
f 1681/1681/1681 1683/1683/1683 1684/1684/1684
f 1683/1683/1683 1682/1682/1682 1684/1684/1684
f 1687/1687/1687 1686/1686/1686 1685/1685/1685
f 1686/1686/1686 1688/1688/1688 1685/1685/1685
f 1689/1689/1689 1686/1686/1686 1687/1687/1687
f 1685/1685/1685 1688/1688/1688 1690/1690/1690
f 1691/1691/1691 1689/1689/1689 1687/1687/1687
f 1688/1688/1688 1692/1692/1692 1690/1690/1690
f 1693/1693/1693 1689/1689/1689 1691/1691/1691
f 1690/1690/1690 1692/1692/1692 1694/1694/1694
f 1695/1695/1695 1693/1693/1693 1691/1691/1691
f 1692/1692/1692 1696/1696/1696 1694/1694/1694
f 1696/1696/1696 1693/1693/1693 1695/1695/1695
f 1694/1694/1694 1696/1696/1696 1695/1695/1695
f 1699/1699/1699 1698/1698/1698 1697/1697/1697
f 1700/1700/1700 1699/1699/1699 1697/1697/1697
f 1697/1697/1697 1698/1698/1698 1701/1701/1701
f 1702/1702/1702 1699/1699/1699 1700/1700/1700
f 1698/1698/1698 1703/1703/1703 1701/1701/1701
f 1704/1704/1704 1702/1702/1702 1700/1700/1700
f 1701/1701/1701 1703/1703/1703 1705/1705/1705
f 1706/1706/1706 1702/1702/1702 1704/1704/1704
f 1703/1703/1703 1707/1707/1707 1705/1705/1705
f 1708/1708/1708 1706/1706/1706 1704/1704/1704
f 1705/1705/1705 1707/1707/1707 1709/1709/1709
f 1710/1710/1710 1706/1706/1706 1708/1708/1708
f 1707/1707/1707 1711/1711/1711 1709/1709/1709
f 1712/1712/1712 1710/1710/1710 1708/1708/1708
f 1709/1709/1709 1711/1711/1711 1713/1713/1713
f 1714/1714/1714 1710/1710/1710 1712/1712/1712
f 1711/1711/1711 1715/1715/1715 1713/1713/1713
f 1716/1716/1716 1714/1714/1714 1712/1712/1712
f 1713/1713/1713 1715/1715/1715 1716/1716/1716
f 1715/1715/1715 1714/1714/1714 1716/1716/1716
f 1719/1719/1719 1718/1718/1718 1717/1717/1717
f 1718/1718/1718 1720/1720/1720 1717/1717/1717
f 1719/1719/1719 1717/1717/1717 1721/1721/1721
f 1718/1718/1718 1722/1722/1722 1720/1720/1720
f 1723/1723/1723 1719/1719/1719 1721/1721/1721
f 1722/1722/1722 1724/1724/1724 1720/1720/1720
f 1723/1723/1723 1721/1721/1721 1725/1725/1725
f 1722/1722/1722 1726/1726/1726 1724/1724/1724
f 1727/1727/1727 1723/1723/1723 1725/1725/1725
f 1726/1726/1726 1728/1728/1728 1724/1724/1724
f 1727/1727/1727 1725/1725/1725 1729/1729/1729
f 1726/1726/1726 1730/1730/1730 1728/1728/1728
f 1731/1731/1731 1727/1727/1727 1729/1729/1729
f 1730/1730/1730 1732/1732/1732 1728/1728/1728
f 1731/1731/1731 1729/1729/1729 1732/1732/1732
f 1730/1730/1730 1731/1731/1731 1732/1732/1732
f 1735/1735/1735 1734/1734/1734 1733/1733/1733
f 1734/1734/1734 1736/1736/1736 1733/1733/1733
f 1735/1735/1735 1733/1733/1733 1737/1737/1737
f 1734/1734/1734 1738/1738/1738 1736/1736/1736
f 1739/1739/1739 1735/1735/1735 1737/1737/1737
f 1738/1738/1738 1740/1740/1740 1736/1736/1736
f 1739/1739/1739 1737/1737/1737 1741/1741/1741
f 1738/1738/1738 1742/1742/1742 1740/1740/1740
f 1743/1743/1743 1739/1739/1739 1741/1741/1741
f 1742/1742/1742 1744/1744/1744 1740/1740/1740
f 1743/1743/1743 1741/1741/1741 1745/1745/1745
f 1742/1742/1742 1746/1746/1746 1744/1744/1744
f 1747/1747/1747 1743/1743/1743 1745/1745/1745
f 1746/1746/1746 1748/1748/1748 1744/1744/1744
f 1747/1747/1747 1745/1745/1745 1748/1748/1748
f 1746/1746/1746 1747/1747/1747 1748/1748/1748
f 1751/1751/1751 1750/1750/1750 1749/1749/1749
f 1750/1750/1750 1752/1752/1752 1749/1749/1749
f 1751/1751/1751 1749/1749/1749 1753/1753/1753
f 1750/1750/1750 1754/1754/1754 1752/1752/1752
f 1755/1755/1755 1751/1751/1751 1753/1753/1753
f 1754/1754/1754 1756/1756/1756 1752/1752/1752
f 1755/1755/1755 1753/1753/1753 1757/1757/1757
f 1754/1754/1754 1758/1758/1758 1756/1756/1756
f 1759/1759/1759 1755/1755/1755 1757/1757/1757
f 1758/1758/1758 1760/1760/1760 1756/1756/1756
f 1759/1759/1759 1757/1757/1757 1760/1760/1760
f 1758/1758/1758 1759/1759/1759 1760/1760/1760
f 1763/1763/1763 1762/1762/1762 1761/1761/1761
f 1762/1762/1762 1764/1764/1764 1761/1761/1761
f 1763/1763/1763 1761/1761/1761 1765/1765/1765
f 1762/1762/1762 1766/1766/1766 1764/1764/1764
f 1767/1767/1767 1763/1763/1763 1765/1765/1765
f 1766/1766/1766 1768/1768/1768 1764/1764/1764
f 1767/1767/1767 1765/1765/1765 1769/1769/1769
f 1766/1766/1766 1770/1770/1770 1768/1768/1768
f 1771/1771/1771 1767/1767/1767 1769/1769/1769
f 1770/1770/1770 1772/1772/1772 1768/1768/1768
f 1771/1771/1771 1769/1769/1769 1772/1772/1772
f 1770/1770/1770 1771/1771/1771 1772/1772/1772
f 1775/1775/1775 1774/1774/1774 1773/1773/1773
f 1774/1774/1774 1776/1776/1776 1773/1773/1773
f 1775/1775/1775 1773/1773/1773 1777/1777/1777
f 1774/1774/1774 1778/1778/1778 1776/1776/1776
f 1779/1779/1779 1775/1775/1775 1777/1777/1777
f 1778/1778/1778 1780/1780/1780 1776/1776/1776
f 1779/1779/1779 1777/1777/1777 1781/1781/1781
f 1778/1778/1778 1782/1782/1782 1780/1780/1780
f 1783/1783/1783 1779/1779/1779 1781/1781/1781
f 1782/1782/1782 1784/1784/1784 1780/1780/1780
f 1783/1783/1783 1781/1781/1781 1784/1784/1784
f 1782/1782/1782 1783/1783/1783 1784/1784/1784
f 1787/1787/1787 1786/1786/1786 1785/1785/1785
f 1786/1786/1786 1788/1788/1788 1785/1785/1785
f 1787/1787/1787 1785/1785/1785 1789/1789/1789
f 1786/1786/1786 1790/1790/1790 1788/1788/1788
f 1791/1791/1791 1787/1787/1787 1789/1789/1789
f 1790/1790/1790 1792/1792/1792 1788/1788/1788
f 1791/1791/1791 1789/1789/1789 1793/1793/1793
f 1790/1790/1790 1794/1794/1794 1792/1792/1792
f 1795/1795/1795 1791/1791/1791 1793/1793/1793
f 1794/1794/1794 1796/1796/1796 1792/1792/1792
f 1795/1795/1795 1793/1793/1793 1796/1796/1796
f 1794/1794/1794 1795/1795/1795 1796/1796/1796
f 1799/1799/1799 1798/1798/1798 1797/1797/1797
f 1798/1798/1798 1800/1800/1800 1797/1797/1797
f 1799/1799/1799 1797/1797/1797 1801/1801/1801
f 1798/1798/1798 1802/1802/1802 1800/1800/1800
f 1803/1803/1803 1799/1799/1799 1801/1801/1801
f 1802/1802/1802 1804/1804/1804 1800/1800/1800
f 1803/1803/1803 1801/1801/1801 1805/1805/1805
f 1802/1802/1802 1806/1806/1806 1804/1804/1804
f 1807/1807/1807 1803/1803/1803 1805/1805/1805
f 1806/1806/1806 1808/1808/1808 1804/1804/1804
f 1807/1807/1807 1805/1805/1805 1809/1809/1809
f 1806/1806/1806 1810/1810/1810 1808/1808/1808
f 1811/1811/1811 1807/1807/1807 1809/1809/1809
f 1810/1810/1810 1812/1812/1812 1808/1808/1808
f 1811/1811/1811 1809/1809/1809 1813/1813/1813
f 1810/1810/1810 1814/1814/1814 1812/1812/1812
f 1815/1815/1815 1811/1811/1811 1813/1813/1813
f 1814/1814/1814 1816/1816/1816 1812/1812/1812
f 1815/1815/1815 1813/1813/1813 1816/1816/1816
f 1814/1814/1814 1815/1815/1815 1816/1816/1816
f 2269/2269/2269 2268/2268/2268 2267/2267/2267
f 2267/2267/2267 2270/2270/2270 2269/2269/2269
f 2269/2269/2269 2271/2271/2271 2268/2268/2268
f 2270/2270/2270 2271/2271/2271 2269/2269/2269
f 2268/2268/2268 2272/2272/2272 2267/2267/2267
f 2271/2271/2271 2273/2273/2273 2268/2268/2268
f 2268/2268/2268 2274/2274/2274 2272/2272/2272
f 2268/2268/2268 2273/2273/2273 2274/2274/2274
f 2270/2270/2270 2275/2275/2275 2271/2271/2271
f 2271/2271/2271 2276/2276/2276 2273/2273/2273
f 2275/2275/2275 2276/2276/2276 2271/2271/2271
f 2277/2277/2277 2270/2270/2270 2267/2267/2267
f 2267/2267/2267 2272/2272/2272 2278/2278/2278
f 2278/2278/2278 2277/2277/2277 2267/2267/2267
f 2279/2279/2279 2275/2275/2275 2270/2270/2270
f 2277/2277/2277 2279/2279/2279 2270/2270/2270
f 2273/2273/2273 2280/2280/2280 2274/2274/2274
f 2276/2276/2276 2281/2281/2281 2273/2273/2273
f 2273/2273/2273 2281/2281/2281 2280/2280/2280
f 2274/2274/2274 2282/2282/2282 2272/2272/2272
f 2272/2272/2272 2283/2283/2283 2278/2278/2278
f 2272/2272/2272 2282/2282/2282 2283/2283/2283
f 2274/2274/2274 2280/2280/2280 2284/2284/2284
f 2274/2274/2274 2284/2284/2284 2282/2282/2282
f 2275/2275/2275 2285/2285/2285 2276/2276/2276
f 2279/2279/2279 2286/2286/2286 2275/2275/2275
f 2286/2286/2286 2285/2285/2285 2275/2275/2275
f 2276/2276/2276 2287/2287/2287 2281/2281/2281
f 2285/2285/2285 2287/2287/2287 2276/2276/2276
f 2288/2288/2288 2279/2279/2279 2277/2277/2277
f 2289/2289/2289 2277/2277/2277 2278/2278/2278
f 2289/2289/2289 2288/2288/2288 2277/2277/2277
f 2290/2290/2290 2286/2286/2286 2279/2279/2279
f 2288/2288/2288 2290/2290/2290 2279/2279/2279
f 2291/2291/2291 2289/2289/2289 2278/2278/2278
f 2278/2278/2278 2283/2283/2283 2291/2291/2291
f 2286/2286/2286 2292/2292/2292 2285/2285/2285
f 2285/2285/2285 2293/2293/2293 2287/2287/2287
f 2292/2292/2292 2293/2293/2293 2285/2285/2285
f 2290/2290/2290 2294/2294/2294 2286/2286/2286
f 2294/2294/2294 2292/2292/2292 2286/2286/2286
f 2287/2287/2287 2295/2295/2295 2281/2281/2281
f 2293/2293/2293 2296/2296/2296 2287/2287/2287
f 2287/2287/2287 2296/2296/2296 2295/2295/2295
f 2281/2281/2281 2295/2295/2295 2297/2297/2297
f 2281/2281/2281 2297/2297/2297 2280/2280/2280
f 2280/2280/2280 2297/2297/2297 2298/2298/2298
f 2280/2280/2280 2298/2298/2298 2284/2284/2284
f 2293/2293/2293 2292/2292/2292 2299/2299/2299
f 2296/2296/2296 2293/2293/2293 2300/2300/2300
f 2300/2300/2300 2293/2293/2293 2299/2299/2299
f 2296/2296/2296 2301/2301/2301 2295/2295/2295
f 2301/2301/2301 2296/2296/2296 2300/2300/2300
f 2295/2295/2295 2302/2302/2302 2297/2297/2297
f 2295/2295/2295 2301/2301/2301 2302/2302/2302
f 2292/2292/2292 2294/2294/2294 2303/2303/2303
f 2299/2299/2299 2292/2292/2292 2303/2303/2303
f 2297/2297/2297 2304/2304/2304 2298/2298/2298
f 2297/2297/2297 2302/2302/2302 2304/2304/2304
f 2284/2284/2284 2298/2298/2298 2305/2305/2305
f 2298/2298/2298 2304/2304/2304 2306/2306/2306
f 2298/2298/2298 2306/2306/2306 2305/2305/2305
f 2284/2284/2284 2305/2305/2305 2307/2307/2307
f 2284/2284/2284 2307/2307/2307 2282/2282/2282
f 2305/2305/2305 2306/2306/2306 2308/2308/2308
f 2305/2305/2305 2308/2308/2308 2307/2307/2307
f 2282/2282/2282 2307/2307/2307 2309/2309/2309
f 2282/2282/2282 2309/2309/2309 2283/2283/2283
f 2307/2307/2307 2308/2308/2308 2310/2310/2310
f 2307/2307/2307 2310/2310/2310 2309/2309/2309
f 2283/2283/2283 2309/2309/2309 2311/2311/2311
f 2283/2283/2283 2311/2311/2311 2291/2291/2291
f 2309/2309/2309 2310/2310/2310 2312/2312/2312
f 2309/2309/2309 2312/2312/2312 2311/2311/2311
f 2302/2302/2302 2313/2313/2313 2304/2304/2304
f 2304/2304/2304 2314/2314/2314 2306/2306/2306
f 2304/2304/2304 2313/2313/2313 2314/2314/2314
f 2306/2306/2306 2315/2315/2315 2308/2308/2308
f 2306/2306/2306 2314/2314/2314 2315/2315/2315
f 2308/2308/2308 2316/2316/2316 2310/2310/2310
f 2308/2308/2308 2315/2315/2315 2316/2316/2316
f 2310/2310/2310 2317/2317/2317 2312/2312/2312
f 2310/2310/2310 2316/2316/2316 2317/2317/2317
f 2302/2302/2302 2318/2318/2318 2313/2313/2313
f 2301/2301/2301 2318/2318/2318 2302/2302/2302
f 2318/2318/2318 2301/2301/2301 2319/2319/2319
f 2301/2301/2301 2300/2300/2300 2319/2319/2319
f 2319/2319/2319 2300/2300/2300 2320/2320/2320
f 2300/2300/2300 2299/2299/2299 2320/2320/2320
f 2320/2320/2320 2299/2299/2299 2321/2321/2321
f 2299/2299/2299 2303/2303/2303 2321/2321/2321
f 2315/2315/2315 2322/2322/2322 2316/2316/2316
f 2316/2316/2316 2323/2323/2323 2317/2317/2317
f 2316/2316/2316 2322/2322/2322 2323/2323/2323
f 2315/2315/2315 2324/2324/2324 2322/2322/2322
f 2314/2314/2314 2324/2324/2324 2315/2315/2315
f 2314/2314/2314 2325/2325/2325 2324/2324/2324
f 2313/2313/2313 2325/2325/2325 2314/2314/2314
f 2313/2313/2313 2326/2326/2326 2325/2325/2325
f 2318/2318/2318 2326/2326/2326 2313/2313/2313
f 2326/2326/2326 2318/2318/2318 2327/2327/2327
f 2318/2318/2318 2319/2319/2319 2327/2327/2327
f 2327/2327/2327 2319/2319/2319 2328/2328/2328
f 2319/2319/2319 2320/2320/2320 2328/2328/2328
f 2328/2328/2328 2320/2320/2320 2329/2329/2329
f 2320/2320/2320 2321/2321/2321 2329/2329/2329
f 2324/2324/2324 2330/2330/2330 2322/2322/2322
f 2325/2325/2325 2331/2331/2331 2324/2324/2324
f 2324/2324/2324 2331/2331/2331 2330/2330/2330
f 2326/2326/2326 2332/2332/2332 2325/2325/2325
f 2325/2325/2325 2332/2332/2332 2331/2331/2331
f 2332/2332/2332 2326/2326/2326 2333/2333/2333
f 2326/2326/2326 2327/2327/2327 2333/2333/2333
f 2332/2332/2332 2333/2333/2333 2331/2331/2331
f 2327/2327/2327 2328/2328/2328 2334/2334/2334
f 2333/2333/2333 2327/2327/2327 2334/2334/2334
f 2331/2331/2331 2333/2333/2333 2335/2335/2335
f 2331/2331/2331 2335/2335/2335 2330/2330/2330
f 2333/2333/2333 2334/2334/2334 2335/2335/2335
f 2322/2322/2322 2330/2330/2330 2336/2336/2336
f 2322/2322/2322 2336/2336/2336 2323/2323/2323
f 2334/2334/2334 2328/2328/2328 2337/2337/2337
f 2328/2328/2328 2329/2329/2329 2337/2337/2337
f 2335/2335/2335 2334/2334/2334 2338/2338/2338
f 2334/2334/2334 2337/2337/2337 2338/2338/2338
f 2330/2330/2330 2335/2335/2335 2339/2339/2339
f 2330/2330/2330 2339/2339/2339 2336/2336/2336
f 2335/2335/2335 2338/2338/2338 2339/2339/2339
f 2323/2323/2323 2336/2336/2336 2340/2340/2340
f 2336/2336/2336 2339/2339/2339 2341/2341/2341
f 2336/2336/2336 2341/2341/2341 2340/2340/2340
f 2323/2323/2323 2340/2340/2340 2342/2342/2342
f 2340/2340/2340 2341/2341/2341 2342/2342/2342
f 2317/2317/2317 2323/2323/2323 2342/2342/2342
f 2339/2339/2339 2338/2338/2338 2343/2343/2343
f 2339/2339/2339 2343/2343/2343 2341/2341/2341
f 2338/2338/2338 2337/2337/2337 2344/2344/2344
f 2338/2338/2338 2344/2344/2344 2343/2343/2343
f 2337/2337/2337 2329/2329/2329 2345/2345/2345
f 2337/2337/2337 2345/2345/2345 2344/2344/2344
f 2341/2341/2341 2346/2346/2346 2342/2342/2342
f 2341/2341/2341 2343/2343/2343 2346/2346/2346
f 2317/2317/2317 2342/2342/2342 2347/2347/2347
f 2342/2342/2342 2346/2346/2346 2347/2347/2347
f 2312/2312/2312 2317/2317/2317 2347/2347/2347
f 2329/2329/2329 2348/2348/2348 2345/2345/2345
f 2329/2329/2329 2321/2321/2321 2348/2348/2348
f 2344/2344/2344 2345/2345/2345 2349/2349/2349
f 2345/2345/2345 2348/2348/2348 2349/2349/2349
f 2343/2343/2343 2344/2344/2344 2350/2350/2350
f 2343/2343/2343 2350/2350/2350 2346/2346/2346
f 2344/2344/2344 2349/2349/2349 2350/2350/2350
f 2346/2346/2346 2351/2351/2351 2347/2347/2347
f 2346/2346/2346 2350/2350/2350 2351/2351/2351
f 2312/2312/2312 2347/2347/2347 2352/2352/2352
f 2347/2347/2347 2351/2351/2351 2352/2352/2352
f 2311/2311/2311 2312/2312/2312 2352/2352/2352
f 2321/2321/2321 2353/2353/2353 2348/2348/2348
f 2321/2321/2321 2303/2303/2303 2353/2353/2353
f 2349/2349/2349 2348/2348/2348 2354/2354/2354
f 2348/2348/2348 2353/2353/2353 2354/2354/2354
f 2350/2350/2350 2349/2349/2349 2355/2355/2355
f 2350/2350/2350 2355/2355/2355 2351/2351/2351
f 2349/2349/2349 2354/2354/2354 2355/2355/2355
f 2351/2351/2351 2356/2356/2356 2352/2352/2352
f 2351/2351/2351 2355/2355/2355 2356/2356/2356
f 2311/2311/2311 2352/2352/2352 2357/2357/2357
f 2352/2352/2352 2356/2356/2356 2357/2357/2357
f 2291/2291/2291 2311/2311/2311 2357/2357/2357
f 2357/2357/2357 2358/2358/2358 2291/2291/2291
f 2356/2356/2356 2358/2358/2358 2357/2357/2357
f 2358/2358/2358 2289/2289/2289 2291/2291/2291
f 2355/2355/2355 2359/2359/2359 2356/2356/2356
f 2355/2355/2355 2354/2354/2354 2359/2359/2359
f 2356/2356/2356 2359/2359/2359 2358/2358/2358
f 2358/2358/2358 2360/2360/2360 2289/2289/2289
f 2359/2359/2359 2360/2360/2360 2358/2358/2358
f 2360/2360/2360 2288/2288/2288 2289/2289/2289
f 2354/2354/2354 2361/2361/2361 2359/2359/2359
f 2359/2359/2359 2361/2361/2361 2360/2360/2360
f 2354/2354/2354 2353/2353/2353 2361/2361/2361
f 2360/2360/2360 2362/2362/2362 2288/2288/2288
f 2361/2361/2361 2362/2362/2362 2360/2360/2360
f 2362/2362/2362 2290/2290/2290 2288/2288/2288
f 2353/2353/2353 2363/2363/2363 2361/2361/2361
f 2361/2361/2361 2363/2363/2363 2362/2362/2362
f 2303/2303/2303 2363/2363/2363 2353/2353/2353
f 2303/2303/2303 2294/2294/2294 2363/2363/2363
f 2364/2364/2364 2294/2294/2294 2290/2290/2290
f 2362/2362/2362 2364/2364/2364 2290/2290/2290
f 2294/2294/2294 2364/2364/2364 2363/2363/2363
f 2363/2363/2363 2364/2364/2364 2362/2362/2362
