g 1.1250
v -2.835948 0.57107615 2.4771721
v -2.6990566 0.6431406 2.6289988
v -2.9312363 0.40620524 2.977627
v 1.670577 2.4241686 -0.025218844
v 1.7926688 2.4306767 -0.015965432
v 1.6896434 2.4266872 -0.045669973
v -2.4530997 0.79468495 2.6409485
v -2.6990566 0.6431406 2.6289988
v -2.5182533 0.5122671 2.714154
v -2.9312363 0.40620524 2.977627
v -2.7753553 0.3630811 2.503127
v -2.835948 0.57107615 2.4771721
v 1.0300179 -2.64147 2.654117
v 1.2324038 -2.613564 2.9103942
v 1.5064497 -2.8003335 3.2297602
v 1.5064497 -2.8003335 3.2297602
v 1.2324038 -2.613564 2.9103942
v 0.9030509 -2.5437796 2.9446895
v 0.9030509 -2.5437796 2.9446895
v 1.2324038 -2.613564 2.9103942
v 0.92401457 -2.4650583 2.7769542
v 1.5763984 -2.3803625 3.8901737
v 1.2918003 -2.400747 3.5067205
v 1.0945725 -2.3991477 3.7341502
v 1.5397515 -2.5616584 2.5012126
v 1.5529385 -2.4578197 2.5055351
v 1.5155921 -2.6332362 2.9347692
v -2.5712295 -0.13625288 3.2137227
v -2.4041367 0.01538527 2.8522625
v -2.5895462 -0.05249095 2.8327036
v -2.5895462 -0.05249095 2.8327036
v -2.4041367 0.01538527 2.8522625
v -2.4247122 0.12160075 2.7206051
v -2.3655849 0.32220227 1.9528155
v -2.4893847 0.13529891 2.3286672
v -2.5716457 0.3012725 2.4827821
v -2.5716457 0.3012725 2.4827821
v -2.4893847 0.13529891 2.3286672
v -2.3774338 0.22266066 2.4825616
v -2.1730652 -0.16337013 2.5918536
v -2.4041367 0.01538527 2.8522625
v -2.5712295 -0.13625288 3.2137227
v -2.7753553 0.3630811 2.503127
v -2.6038947 0.53957 2.516327
v -2.5239468 0.6799185 2.1597843
v -2.5716457 0.3012725 2.4827821
v -2.6038947 0.53957 2.516327
v -2.7753553 0.3630811 2.503127
v 1.4961182 2.4119232 0.1549094
v 1.6559235 2.4190397 -0.026347727
v 1.4670011 2.5301332 -0.0010700822
v -0.31895208 -2.9839907 6.209838
v -0.55522203 -2.4476159 5.8363514
v -0.5594834 -2.776699 6.58575
v 0.7288057 -1.5897686 5.944119
v 0.06314373 -1.5881529 5.720172
v 0.44001096 -1.5902919 5.7786818
v 0.33177686 -3.7752345 5.5403795
v 0.37296224 -3.6808617 5.388482
v -0.15931511 -3.8471093 5.6164503
v -1.2977712 -1.4333593 2.7416518
v -1.3876266 -0.3545599 3.0741909
v -0.9834982 -0.37626386 3.4854584
v 2.998729 -0.7482293 5.1961617
v 2.804572 -0.8303343 5.771515
v 2.7738354 -0.42988163 6.017579
v 1.5763984 -2.3803625 3.8901737
v 1.8443184 -2.0270562 3.8402088
v 1.7856455 -2.1561596 4.0553284
v -0.9341082 0.81799984 4.8857813
v -0.6605798 1.3585968 3.4285164
v -0.32588512 0.9237706 5.2384615
v 0.10957754 -0.35173464 2.721085
v 0.15192258 0.30849487 2.375639
v 0.01132077 -0.39073586 2.4620025
v -0.9152429 -0.10327554 2.0580754
v 0.15192258 0.30849487 2.375639
v 0.5353388 0.52351964 2.3687356
v 1.2547256 0.7678354 1.2520828
v 1.6455072 1.2495141 0.9269794
v 1.3140758 1.9735136 0.8605554
v 1.5835053 2.01644 0.6989578
v 1.8583091 1.7891355 0.813306
v 1.8201277 2.382937 0.7012043
v 1.6111901 2.3261268 0.5786453
v 1.3901466 2.364909 0.8345361
v 1.5835053 2.01644 0.6989578
v 1.5835053 2.01644 0.6989578
v 1.3901466 2.364909 0.8345361
v 1.3140758 1.9735136 0.8605554
v -0.9152429 -0.10327554 2.0580754
v -1.3298395 -0.16571331 2.2925625
v -1.1672859 -0.63240266 1.8796662
v -0.88503504 -1.5997303 0.5048879
v -1.2498988 -1.5431956 0.46845084
v -1.2537857 -1.552175 0.6434819
v -1.0598295 0.14273793 5.6162796
v -1.1637748 0.069845736 5.5757146
v -1.108042 -0.726401 5.5033903
v -2.4393153 -0.07466453 3.6480784
v -2.3615708 0.1593386 3.5787084
v -2.5712295 -0.13625288 3.2137227
v -2.5895462 -0.05249095 2.8327036
v -2.7228708 -0.1969338 4.112292
v -2.5712295 -0.13625288 3.2137227
v -2.0749903 -0.23948598 4.0845823
v -2.4393153 -0.07466453 3.6480784
v -2.319478 -0.32141006 4.7480125
v -1.8373079 -0.519998 4.8919916
v -1.7197645 -0.0697729 4.1505737
v -2.0738935 -0.5359766 5.4186893
v -1.6888399 -1.2018943 6.063697
v -2.3413696 -0.13118964 5.2710104
v -2.7316046 -0.03561759 4.682777
v -2.9169455 -0.024484515 4.0448656
v -2.8418941 0.056504488 2.815074
v -2.6047573 -0.03496641 2.550066
v -2.7320747 0.25173575 2.2237344
v -2.4893847 0.13529891 2.3286672
v -2.3655849 0.32220227 1.9528155
v -1.8973155 -0.8593199 6.491875
v -1.5982544 -1.2380625 6.6398344
v -1.3238451 -1.401878 6.1734796
v -1.3805488 -0.99344945 7.054596
v -1.9049668 -0.36377168 6.7844057
v -0.7367456 -1.1973015 7.2023187
v -0.37734914 -1.4618524 6.494779
v -0.5010452 -1.5238392 7.110653
v -0.1926583 -1.5428776 6.1101975
v -0.7767879 -1.6265959 5.6883993
v 0.06314373 -1.5881529 5.720172
v 0.1152634 -1.6993321 5.829492
v -0.20295835 -1.5342541 5.103652
v -0.88595307 -1.0807016 5.1017103
v 1.066263 -1.4297514 5.163701
v 0.7288057 -1.5897686 5.944119
v -0.44408172 -1.3719836 4.317059
v -0.99775064 -0.75976765 4.374226
v 1.3378972 -1.4664048 6.00239
v 1.0725697 -1.3913643 6.3856764
v 1.4284476 -1.0941828 6.819859
v 1.1104208 -1.5065906 7.1591744
v 1.6091667 -0.9209075 7.3506503
v 2.0034485 -1.1133721 7.1145396
v 1.8721912 -0.48637927 7.479791
v 1.9490209 -1.3785145 6.3832474
v 1.5353422 -1.1428115 6.346548
v 1.7927911 -1.3138762 5.170779
v 0.57687104 -1.4976037 3.8530254
v 0.020289332 -1.1245831 3.5765016
v -0.6817732 -0.7367753 3.865249
v 1.3928831 -1.4829646 4.197496
v 1.4890813 -1.1362376 5.283614
v 1.2137073 -1.2803292 3.4965506
v -2.6047573 -0.03496641 2.550066
v -2.5895462 -0.05249095 2.8327036
v -2.2388515 0.052022874 2.128819
v -2.2010603 0.013467431 3.116269
v -1.9753957 -0.11428714 2.5383658
v -2.103569 -0.28339958 3.0079682
v -2.103569 -0.28339958 3.0079682
v -1.9753957 -0.11428714 2.5383658
v -2.0058632 -0.2855714 2.5546865
v 0.8325553 -2.3684213 7.104614
v 0.8227879 -3.023305 7.573685
v 1.0389566 -2.5618153 7.412275
v 1.0389566 -2.5618153 7.412275
v 0.8227879 -3.023305 7.573685
v 0.84067726 -2.9282146 7.665759
v -2.3774338 0.22266066 2.4825616
v -2.5182533 0.5122671 2.714154
v -2.5716457 0.3012725 2.4827821
v -2.1730652 -0.16337013 2.5918536
v -2.0058632 -0.2855714 2.5546865
v -1.9753957 -0.11428714 2.5383658
v -2.5716457 0.3012725 2.4827821
v -2.7753553 0.3630811 2.503127
v -2.3655849 0.32220227 1.9528155
v -2.3655849 0.32220227 1.9528155
v -2.7753553 0.3630811 2.503127
v -2.7320747 0.25173575 2.2237344
v 0.81864357 -2.3223906 3.2698636
v 1.0945725 -2.3991477 3.7341502
v 1.2918003 -2.400747 3.5067205
v 1.2991552 -2.4945724 3.296367
v 1.4124982 -2.6429958 3.4717755
v 0.9030509 -2.5437796 2.9446895
v 1.7831192 -2.5477252 2.8158522
v 1.7135267 -2.283024 2.5022116
v 1.837822 -2.2132854 3.0484023
v 1.7831192 -2.5477252 2.8158522
v 1.5155921 -2.6332362 2.9347692
v 1.5529385 -2.4578197 2.5055351
v 1.670577 2.4241686 -0.025218844
v 1.6896434 2.4266872 -0.045669973
v 1.6559235 2.4190397 -0.026347727
v 1.2918003 -2.400747 3.5067205
v 1.4124982 -2.6429958 3.4717755
v 1.2991552 -2.4945724 3.296367
v 1.7135267 -2.283024 2.5022116
v 2.0463128 -2.3972592 2.8358133
v 1.6957078 -2.2314548 2.5630941
v 1.837822 -2.2132854 3.0484023
v 1.7135267 -2.283024 2.5022116
v 1.6957078 -2.2314548 2.5630941
v -2.4893847 0.13529891 2.3286672
v -2.2158918 0.17489159 2.0847893
v -2.3774338 0.22266066 2.4825616
v 0.37296224 -3.6808617 5.388482
v 0.49097753 -3.3156035 5.5085435
v 0.2257607 -3.4216151 5.2090187
v 1.99818 0.9835142 1.9178058
v 1.4041438 1.1432729 1.8746216
v 1.7852511 2.0314002 1.8130059
v 2.118886 -1.9148989 3.655334
v 1.8764107 -0.8920333 4.4209166
v 1.7222424 -1.3059119 4.264435
v 2.0803344 2.6142166 0.30853963
v 2.0680215 2.7182112 0.29343393
v 1.7926688 2.4306767 -0.015965432
v 1.6455072 1.2495141 0.9269794
v 1.2547256 0.7678354 1.2520828
v 1.3885661 0.1275568 1.4119601
v -1.2388625 -0.6651653 1.5347581
v -0.8356453 -0.8772981 1.927013
v -1.3670138 -0.9718058 2.1256485
v -2.6047573 -0.03496641 2.550066
v -2.7228708 -0.1969338 4.112292
v -2.5895462 -0.05249095 2.8327036
v -2.5712295 -0.13625288 3.2137227
v -2.7228708 -0.1969338 4.112292
v -2.4393153 -0.07466453 3.6480784
v -2.4530997 0.79468495 2.6409485
v -2.5388584 0.95153946 2.4140782
v -2.345945 0.8958448 2.4416168
v -2.4530997 0.79468495 2.6409485
v -2.4905796 0.5704756 3.0599566
v -2.5266066 0.6001096 3.7233863
v -2.5239468 0.6799185 2.1597843
v -2.835948 0.57107615 2.4771721
v -2.7753553 0.3630811 2.503127
v -0.8850728 -2.1232262 7.29218
v -0.58513546 -2.086138 7.0207944
v -0.46946287 -2.0365486 7.1892467
v 0.8325553 -2.3684213 7.104614
v 1.0389566 -2.5618153 7.412275
v 0.52206635 -2.40414 7.3779526
v 1.5397515 -2.5616584 2.5012126
v 1.5155921 -2.6332362 2.9347692
v 1.6747198 -2.7197685 3.0229638
v 1.5155921 -2.6332362 2.9347692
v 1.7831192 -2.5477252 2.8158522
v 1.837822 -2.2132854 3.0484023
v 1.4229374 -2.4053953 3.150286
v -2.9312363 0.40620524 2.977627
v -2.6990566 0.6431406 2.6289988
v -2.750925 0.8415656 2.7028346
v -2.8840365 0.4827299 3.7871542
v -2.9169455 -0.024484515 4.0448656
v -2.8418941 0.056504488 2.815074
v -2.7320747 0.25173575 2.2237344
v -2.7753553 0.3630811 2.503127
v -2.8447924 0.30705345 4.468733
v -2.7316046 -0.03561759 4.682777
v -2.5846546 0.52767795 4.8717413
v -2.7316046 -0.03561759 4.682777
v 1.4961182 2.4119232 0.1549094
v 1.670577 2.4241686 -0.025218844
v 1.6559235 2.4190397 -0.026347727
v 1.7926688 2.4306767 -0.015965432
v 1.6111901 2.3261268 0.5786453
v 1.3901466 2.364909 0.8345361
v 2.0803344 2.6142166 0.30853963
v 1.8201277 2.382937 0.7012043
v 1.5835053 2.01644 0.6989578
v -2.4905796 0.5704756 3.0599566
v -2.4530997 0.79468495 2.6409485
v -2.5182533 0.5122671 2.714154
v -2.4247122 0.12160075 2.7206051
v 1.7135267 -2.283024 2.5022116
v 1.7831192 -2.5477252 2.8158522
v 2.0463128 -2.3972592 2.8358133
v 1.8445992 -2.7226899 3.0205665
v 1.5529385 -2.4578197 2.5055351
v 1.5397515 -2.5616584 2.5012126
v 2.4251757 -2.2574573 3.8345094
v 2.162901 -2.4545016 4.1020536
v 1.5064497 -2.8003335 3.2297602
v 1.6747198 -2.7197685 3.0229638
v 1.5397515 -2.5616584 2.5012126
v 1.4214725 -2.8245916 2.885662
v 2.5515294 -2.0386493 4.7583256
v 2.2180033 -2.195507 4.648462
v 2.7908993 -1.7768514 4.6034
v 2.7276545 -1.6097615 4.2646236
v 2.4520898 -1.3582215 5.3241334
v 2.8077903 -1.1083459 5.325446
v 2.998729 -0.7482293 5.1961617
v 2.804572 -0.8303343 5.771515
v 2.6152663 -0.88441443 6.6331406
v 2.7375898 -0.48275435 6.7074966
v 2.7738354 -0.42988163 6.017579
v 1.9490209 -1.3785145 6.3832474
v 1.7927911 -1.3138762 5.170779
v 2.0034485 -1.1133721 7.1145396
v 1.4229374 -2.4053953 3.150286
v 1.2324038 -2.613564 2.9103942
v 1.5155921 -2.6332362 2.9347692
v 0.92401457 -2.4650583 2.7769542
v 1.4124982 -2.6429958 3.4717755
v 1.2918003 -2.400747 3.5067205
v 1.5763984 -2.3803625 3.8901737
v 1.8858848 -2.3587785 4.177406
v 1.7856455 -2.1561596 4.0553284
v 1.5064497 -2.8003335 3.2297602
v 0.9030509 -2.5437796 2.9446895
v 2.162901 -2.4545016 4.1020536
v 2.2180033 -2.195507 4.648462
v 2.230874 -1.6329322 5.0804977
v 2.5515294 -2.0386493 4.7583256
v 2.4520898 -1.3582215 5.3241334
v 1.7927911 -1.3138762 5.170779
v 1.7856455 -2.1561596 4.0553284
v 1.6505923 -0.96911937 5.054346
v 0.81864357 -2.3223906 3.2698636
v 1.4178615 -2.1703036 3.6162264
v 0.753021 -2.2574437 3.3632455
v 1.2918003 -2.400747 3.5067205
v -0.41551256 -2.3557234 7.38233
v -0.46946287 -2.0365486 7.1892467
v -0.17277634 -2.136385 7.5286603
v 0.069278955 -2.4007826 7.5426083
v -0.36249447 -2.7125516 7.2845135
v -0.9041791 -2.6372805 7.5142994
v -0.855494 -2.2892396 7.490429
v -1.0141065 -2.4156013 7.4676027
v -0.8850728 -2.1232262 7.29218
v 0.28220987 -2.8032227 7.3694544
v 0.52206635 -2.40414 7.3779526
v 0.84067726 -2.9282146 7.665759
v 1.0389566 -2.5618153 7.412275
v 0.7491058 -1.5360742 7.7288013
v 1.0593915 -0.46217728 7.7682295
v 1.8721912 -0.48637927 7.479791
v -0.23168206 -1.1409998 7.7071824
v -0.7367456 -1.1973015 7.2023187
v -0.5010452 -1.5238392 7.110653
v -0.85826576 -0.37624645 7.450079
v -1.3805488 -0.99344945 7.054596
v -1.9049668 -0.36377168 6.7844057
v -1.7430077 -0.09298879 6.848616
v -1.1677746 0.31619707 6.742513
v -0.07198131 -0.20291543 7.6488075
v 0.008267224 0.39101088 7.245191
v 1.0665646 0.5027148 7.14522
v 2.5476193 -0.024653137 6.7391567
v 1.9821887 0.7432749 5.994916
v 2.5089872 0.032577813 6.2032137
v 2.7375898 -0.48275435 6.7074966
v 2.0034485 -1.1133721 7.1145396
v 2.6152663 -0.88441443 6.6331406
v 1.6747198 -2.7197685 3.0229638
v 1.5155921 -2.6332362 2.9347692
v 1.4214725 -2.8245916 2.885662
v 1.1134477 -2.6177773 2.5701387
v 2.3242798 0.028683066 5.7621284
v 2.0217638 0.39682418 5.4245367
v 2.082094 -0.13970268 5.52466
v 1.7377182 -0.3964314 5.5248256
v 1.7624092 0.25369453 5.046242
v 1.6805282 0.613202 5.10399
v 1.5699384 -0.61343306 5.345812
v 1.5288991 -0.8479374 5.824929
v 1.9480615 0.23653543 4.293833
v 1.6437132 0.95526445 4.394262
v 1.9121743 -0.4887483 4.4847345
v 1.9516333 0.31725407 3.7423685
v 1.7444013 1.0961206 3.203962
v 2.1283565 0.43273735 2.8040247
v 1.7092923 1.0213542 2.59648
v 1.854913 1.12003 2.0810072
v 1.99818 0.9835142 1.9178058
v 1.9634562 -0.23721385 3.3099964
v 1.4764109 -1.2431769 5.876363
v 1.5353422 -1.1428115 6.346548
v 1.4284476 -1.0941828 6.819859
v 1.3378972 -1.4664048 6.00239
v 1.4890813 -1.1362376 5.283614
v 1.7525506 -1.0425183 4.148607
v 1.3928831 -1.4829646 4.197496
v 1.7056123 -0.5240141 2.9110312
v 1.2137073 -1.2803292 3.4965506
v 2.1892514 0.11188674 2.4285834
v 1.9369264 -0.32153648 2.364358
v 2.2282534 0.6646023 1.3579824
v 1.9814794 0.71887124 1.0903689
v 2.0491033 2.128335 1.4883579
v 1.7852511 2.0314002 1.8130059
v 2.0650592 1.9653087 1.1828815
v 1.8583091 1.7891355 0.813306
v 1.8201277 2.382937 0.7012043
v 1.8938962 2.5570776 0.9594689
v 1.8404872 2.909937 0.85179955
v 2.0803344 2.6142166 0.30853963
v 2.0680215 2.7182112 0.29343393
v -1.1677746 0.31619707 6.742513
v -1.7430077 -0.09298879 6.848616
v -1.3432696 0.23350328 6.3270392
v -0.9456191 0.76774985 5.4878597
v -0.7719643 0.6347911 6.274727
v -1.1696141 0.2772747 5.933318
v -0.9341082 0.81799984 4.8857813
v -1.0514948 0.5376564 4.810136
v -1.0598295 0.14273793 5.6162796
v -1.1683803 1.1811467 3.229126
v -0.6605798 1.3585968 3.4285164
v -1.2739141 0.61154985 2.2324295
v -1.4925078 0.41310453 2.441112
v -1.3298395 -0.16571331 2.2925625
v -1.3670138 -0.9718058 2.1256485
v -1.1672859 -0.63240266 1.8796662
v -0.9665506 -0.6621885 5.1404552
v -1.108042 -0.726401 5.5033903
v -1.3222003 0.93585885 3.4855394
v -0.88595307 -1.0807016 5.1017103
v -1.1322927 -1.0349491 5.5975657
v -1.3238451 -1.401878 6.1734796
v -0.7767879 -1.6265959 5.6883993
v -0.99775064 -0.75976765 4.374226
v -1.2952874 -0.0039970875 3.9883997
v -1.4300046 0.32717228 3.8272655
v -1.3131067 0.47056508 3.4153254
v -0.6817732 -0.7367753 3.865249
v -0.44408172 -1.3719836 4.317059
v -1.0473189 0.14480305 3.5557818
v -1.3876266 -0.3545599 3.0741909
v -1.3670138 -0.9718058 2.1256485
v -1.2977712 -1.4333593 2.7416518
v -1.4494542 -1.0964923 1.9538814
v -1.2388625 -0.6651653 1.5347581
v -1.3462616 -1.3785331 1.6407357
v -1.4402235 -0.90326345 0.9933813
v -1.2537857 -1.552175 0.6434819
v -1.0070748 -0.5394707 0.84032774
v -1.2498988 -1.5431956 0.46845084
v -1.2532468 -1.0716275 0.49417436
v -0.9557711 -0.8135042 0.49955022
v -1.5160193 -1.7977505 0.09615594
v -1.1382656 -1.0697007 0.04702595
v -0.5010452 -1.5238392 7.110653
v -0.17277634 -2.136385 7.5286603
v -0.46946287 -2.0365486 7.1892467
v -0.58513546 -2.086138 7.0207944
v -0.37734914 -1.4618524 6.494779
v -0.3973347 -1.7860546 6.304833
v -0.1926583 -1.5428776 6.1101975
v -0.55522203 -2.4476159 5.8363514
v 0.1152634 -1.6993321 5.829492
v -0.13826883 -2.247617 5.629579
v -0.49246144 -2.3234134 6.7405148
v -0.5594834 -2.776699 6.58575
v -0.44239926 -2.764072 7.0405188
v -0.9041791 -2.6372805 7.5142994
v -0.31895208 -2.9839907 6.209838
v -0.07983005 -3.458466 5.8708386
v -0.36241353 -3.1897762 5.6245584
v -0.07154071 -3.17126 6.500874
v -0.5594834 -2.776699 6.58575
v -0.44239926 -2.764072 7.0405188
v -0.36249447 -2.7125516 7.2845135
v -0.9041791 -2.6372805 7.5142994
v 0.28220987 -2.8032227 7.3694544
v 0.3553282 -3.0819354 6.8996696
v 0.39904094 -2.9395351 7.0921926
v 0.8227879 -3.023305 7.573685
v 0.84067726 -2.9282146 7.665759
v 0.2135421 -3.2020676 6.203912
v 0.6197939 -3.0072246 6.6487465
v -0.07983005 -3.458466 5.8708386
v 0.2709676 -3.5476692 5.7183394
v -0.2375387 -3.3912463 5.2173986
v -0.4488896 -3.5414925 5.3966627
v -0.15931511 -3.8471093 5.6164503
v 0.37296224 -3.6808617 5.388482
v 0.2257607 -3.4216151 5.2090187
v -0.32588512 0.9237706 5.2384615
v -0.9456191 0.76774985 5.4878597
v -0.9341082 0.81799984 4.8857813
v -0.2422955 0.8598268 6.2116866
v -0.7719643 0.6347911 6.274727
v -1.1677746 0.31619707 6.742513
v 0.008267224 0.39101088 7.245191
v 0.34235638 0.8396111 5.281185
v 1.0665646 0.5027148 7.14522
v 0.54524267 0.80594075 6.3938165
v 1.109304 0.9787425 6.164468
v 1.9821887 0.7432749 5.994916
v 1.1646012 0.9048947 5.3900175
v 1.0157444 1.3588711 4.0952525
v 1.6805282 0.613202 5.10399
v 2.0217638 0.39682418 5.4245367
v 1.6437132 0.95526445 4.394262
v 2.5089872 0.032577813 6.2032137
v 2.3242798 0.028683066 5.7621284
v 1.1801367 1.3060973 3.373963
v 1.7444013 1.0961206 3.203962
v 1.7092923 1.0213542 2.59648
v 2.7738354 -0.42988163 6.017579
v 2.5476193 -0.024653137 6.7391567
v 2.7375898 -0.48275435 6.7074966
v 2.998729 -0.7482293 5.1961617
v 2.5762787 -0.5831808 4.635318
v 0.5943469 1.2563177 3.1587713
v -0.6605798 1.3585968 3.4285164
v 0.9188554 0.9176756 2.401485
v 2.5470989 -0.8925325 4.328
v 1.8764107 -0.8920333 4.4209166
v 2.118886 -1.9148989 3.655334
v 2.7276545 -1.6097615 4.2646236
v 2.7908993 -1.7768514 4.6034
v 2.3280983 -2.007964 3.6807723
v 2.4251757 -2.2574573 3.8345094
v 1.837822 -2.2132854 3.0484023
v 2.0463128 -2.3972592 2.8358133
v 1.6957078 -2.2314548 2.5630941
v 1.5439544 1.2344942 2.0755563
v 1.854913 1.12003 2.0810072
v 1.0529022 0.88910997 1.6817822
v 1.4041438 1.1432729 1.8746216
v 1.99818 0.9835142 1.9178058
v 0.5353388 0.52351964 2.3687356
v -0.9152429 -0.10327554 2.0580754
v -0.62702024 1.024994 2.4147778
v -1.2739141 0.61154985 2.2324295
v -1.3298395 -0.16571331 2.2925625
v 0.8328377 -2.567207 5.7936554
v 1.0725697 -1.3913643 6.3856764
v 0.7288057 -1.5897686 5.944119
v 0.33131766 -2.2752771 5.5268984
v 0.13427591 -3.0094557 5.4408665
v 0.6908993 -3.0602808 5.7691917
v 0.49097753 -3.3156035 5.5085435
v 0.44001096 -1.5902919 5.7786818
v 0.2257607 -3.4216151 5.2090187
v 0.1152634 -1.6993321 5.829492
v 0.06314373 -1.5881529 5.720172
v -0.13826883 -2.247617 5.629579
v -0.55522203 -2.4476159 5.8363514
v -0.2394675 -2.9109998 5.5104
v -0.2375387 -3.3912463 5.2173986
v 1.8721912 -0.48637927 7.479791
v 1.6091667 -0.9209075 7.3506503
v 0.7491058 -1.5360742 7.7288013
v 1.1104208 -1.5065906 7.1591744
v 0.8325553 -2.3684213 7.104614
v 0.52206635 -2.40414 7.3779526
v 0.9905378 -2.0603414 6.637088
v 1.0725697 -1.3913643 6.3856764
v 0.90936136 -2.75538 6.027533
v 0.8328377 -2.567207 5.7936554
v 0.6908993 -3.0602808 5.7691917
v 0.2135421 -3.2020676 6.203912
v 0.6197939 -3.0072246 6.6487465
v 0.2709676 -3.5476692 5.7183394
v 0.3553282 -3.0819354 6.8996696
v 0.49097753 -3.3156035 5.5085435
v 0.33177686 -3.7752345 5.5403795
v 0.37296224 -3.6808617 5.388482
v 0.39904094 -2.9395351 7.0921926
v 0.8325553 -2.3684213 7.104614
v 0.8227879 -3.023305 7.573685
v -0.63271785 -0.11283207 3.621305
v -1.0473189 0.14480305 3.5557818
v -0.6817732 -0.7367753 3.865249
v 0.020289332 -1.1245831 3.5765016
v -0.37497056 -0.31974125 3.431789
v 0.5966872 -0.87168765 3.060789
v -0.049673617 -0.43301725 3.0467153
v 1.2137073 -1.2803292 3.4965506
v 0.57687104 -1.4976037 3.8530254
v 1.7056123 -0.5240141 2.9110312
v 1.395689 -0.51687276 2.5734875
v 0.95549077 -0.2879642 2.45708
v 0.10957754 -0.35173464 2.721085
v 0.64928937 0.11600143 2.3485582
v 0.15192258 0.30849487 2.375639
v 0.5353388 0.52351964 2.3687356
v 1.7056123 -0.5240141 2.9110312
v 1.9634562 -0.23721385 3.3099964
v 1.9369264 -0.32153648 2.364358
v 1.395689 -0.51687276 2.5734875
v 1.7161835 -0.059424758 1.4695678
v 1.9814794 0.71887124 1.0903689
v 0.95549077 -0.2879642 2.45708
v 1.3885661 0.1275568 1.4119601
v 0.96707904 1.8983645 1.4816533
v 1.4498005 2.8209586 1.2360032
v 1.3615845 2.1896827 1.7156597
v 1.2942314 2.6568828 1.0952867
v 1.3045875 2.9332654 0.53338164
v 1.0211045 1.9653447 1.2546418
v 1.0529022 0.88910997 1.6817822
v 1.3901466 2.364909 0.8345361
v 1.4670011 2.5301332 -0.0010700822
v 1.4961182 2.4119232 0.1549094
v 1.3140758 1.9735136 0.8605554
v 1.2547256 0.7678354 1.2520828
v 0.5353388 0.52351964 2.3687356
v 0.9188554 0.9176756 2.401485
v 0.64928937 0.11600143 2.3485582
v 1.3885661 0.1275568 1.4119601
v 0.95549077 -0.2879642 2.45708
v 1.0529022 0.88910997 1.6817822
v 0.96707904 1.8983645 1.4816533
v 1.4041438 1.1432729 1.8746216
v 1.3615845 2.1896827 1.7156597
v 1.7852511 2.0314002 1.8130059
v 1.4498005 2.8209586 1.2360032
v 1.8404872 2.909937 0.85179955
v 1.3045875 2.9332654 0.53338164
v 2.0491033 2.128335 1.4883579
v 0.34235638 0.8396111 5.281185
v -0.6605798 1.3585968 3.4285164
v 1.0157444 1.3588711 4.0952525
v -0.32588512 0.9237706 5.2384615
v 1.5288991 -0.8479374 5.824929
v 1.5353422 -1.1428115 6.346548
v 1.7927911 -1.3138762 5.170779
v 1.6505923 -0.96911937 5.054346
v 1.7377182 -0.3964314 5.5248256
v 1.5288991 -0.8479374 5.824929
v 1.6505923 -0.96911937 5.054346
v 2.082094 -0.13970268 5.52466
v 1.8764107 -0.8920333 4.4209166
v 2.5762787 -0.5831808 4.635318
v 2.3242798 0.028683066 5.7621284
v 1.8443184 -2.0270562 3.8402088
v 2.118886 -1.9148989 3.655334
v 1.7222424 -1.3059119 4.264435
v 1.7856455 -2.1561596 4.0553284
v 1.6505923 -0.96911937 5.054346
v 1.8764107 -0.8920333 4.4209166
v 1.0962753 -2.1884315 3.7285435
v 0.753021 -2.2574437 3.3632455
v 1.4178615 -2.1703036 3.6162264
v 1.8443184 -2.0270562 3.8402088
v 2.118886 -1.9148989 3.655334
v 1.837822 -2.2132854 3.0484023
v 1.4229374 -2.4053953 3.150286
v 1.2991552 -2.4945724 3.296367
v 1.2918003 -2.400747 3.5067205
v 0.92401457 -2.4650583 2.7769542
v 0.9030509 -2.5437796 2.9446895
v -1.2977712 -1.4333593 2.7416518
v -0.9834982 -0.37626386 3.4854584
v -0.713333 -1.3317785 3.1275313
v -0.37497056 -0.31974125 3.431789
v -0.63271785 -0.11283207 3.621305
v -1.0473189 0.14480305 3.5557818
v -1.3876266 -0.3545599 3.0741909
v 0.01132077 -0.39073586 2.4620025
v 0.15192258 0.30849487 2.375639
v -0.46670115 -0.941525 2.1150799
v -0.43486953 -1.2646775 2.133554
v 0.10957754 -0.35173464 2.721085
v -0.36448973 -0.9244764 1.1560913
v -0.52451897 -0.84758925 1.8244691
v -0.64264584 -1.6015846 1.9402852
v -0.4984265 -1.4977125 2.7675276
v -0.049673617 -0.43301725 3.0467153
v -0.43918872 -1.3099954 1.2794011
v -0.9684217 -1.6765679 1.2602013
v -0.80529225 -1.6682498 0.8500279
v -0.6784791 -1.3900087 0.48306194
v -0.7930523 -1.2111119 -0.047181144
v -0.7461556 -1.6830353 0.13019204
v -0.88503504 -1.5997303 0.5048879
v -0.82109165 -1.693893 -0.057676524
v -0.929404 -2.19361 0.21390113
v -0.9319221 -2.1579268 0.10420965
v 1.3885661 0.1275568 1.4119601
v 1.7161835 -0.059424758 1.4695678
v 1.6455072 1.2495141 0.9269794
v 1.9814794 0.71887124 1.0903689
v 1.3140758 1.9735136 0.8605554
v 1.6455072 1.2495141 0.9269794
v 1.5835053 2.01644 0.6989578
v 1.8583091 1.7891355 0.813306
v 1.9814794 0.71887124 1.0903689
v -1.3462616 -1.3785331 1.6407357
v -1.2977712 -1.4333593 2.7416518
v -1.0967504 -1.6511114 1.5764458
v -1.2537857 -1.552175 0.6434819
v -0.9684217 -1.6765679 1.2602013
v -0.80529225 -1.6682498 0.8500279
v -0.64264584 -1.6015846 1.9402852
v -0.9684217 -1.6765679 1.2602013
v -1.0967504 -1.6511114 1.5764458
v -0.4984265 -1.4977125 2.7675276
v -0.713333 -1.3317785 3.1275313
v -1.2977712 -1.4333593 2.7416518
v -0.049673617 -0.43301725 3.0467153
v -0.37497056 -0.31974125 3.431789
v -0.9557711 -0.8135042 0.49955022
v -1.1382656 -1.0697007 0.04702595
v -0.7930523 -1.2111119 -0.047181144
v -1.0070748 -0.5394707 0.84032774
v -0.36448973 -0.9244764 1.1560913
v -0.52451897 -0.84758925 1.8244691
v -1.2388625 -0.6651653 1.5347581
v -0.8356453 -0.8772981 1.927013
v -0.7930523 -1.2111119 -0.047181144
v -1.1382656 -1.0697007 0.04702595
v -0.82109165 -1.693893 -0.057676524
v -1.5160193 -1.7977505 0.09615594
v -0.9319221 -2.1579268 0.10420965
v -1.1478988 -2.3180895 0.2545773
v -0.929404 -2.19361 0.21390113
v -0.929404 -2.19361 0.21390113
v -1.1478988 -2.3180895 0.2545773
v -0.88503504 -1.5997303 0.5048879
v -1.2498988 -1.5431956 0.46845084
v -1.5160193 -1.7977505 0.09615594
v -1.7430077 -0.09298879 6.848616
v -1.9049668 -0.36377168 6.7844057
v -2.0396645 0.049606353 5.9928126
v -2.0738935 -0.5359766 5.4186893
v -1.8973155 -0.8593199 6.491875
v -2.3413696 -0.13118964 5.2710104
v -2.112939 0.43814594 5.677533
v -1.5147762 0.17189586 4.4120555
v -1.1637748 0.069845736 5.5757146
v -1.6348732 0.6015016 4.6161027
v -1.4108374 -0.41183412 4.86378
v -1.7197645 -0.0697729 4.1505737
v -1.108042 -0.726401 5.5033903
v -2.5846546 0.52767795 4.8717413
v -2.0323787 0.7462788 4.8727713
v -2.112939 0.43814594 5.677533
v -2.3413696 -0.13118964 5.2710104
v -2.7316046 -0.03561759 4.682777
v -1.4108374 -0.41183412 4.86378
v -1.7197645 -0.0697729 4.1505737
v -1.8373079 -0.519998 4.8919916
v -1.1322927 -1.0349491 5.5975657
v -1.108042 -0.726401 5.5033903
v -1.6888399 -1.2018943 6.063697
v -1.3238451 -1.401878 6.1734796
v -1.907929 0.48981094 4.1010904
v -1.7197645 -0.0697729 4.1505737
v -1.5147762 0.17189586 4.4120555
v -2.3615708 0.1593386 3.5787084
v -2.4393153 -0.07466453 3.6480784
v -2.0749903 -0.23948598 4.0845823
v -2.103569 -0.28339958 3.0079682
v -2.3615708 0.1593386 3.5787084
v -2.2010603 0.013467431 3.116269
v -2.5266066 0.6001096 3.7233863
v -2.5266066 0.6001096 3.7233863
v -2.3615708 0.1593386 3.5787084
v -1.907929 0.48981094 4.1010904
v -1.6348732 0.6015016 4.6161027
v -1.5147762 0.17189586 4.4120555
v -2.0323787 0.7462788 4.8727713
v -2.5846546 0.52767795 4.8717413
v -2.8840365 0.4827299 3.7871542
v -2.750925 0.8415656 2.7028346
v -2.4530997 0.79468495 2.6409485
v -2.5388584 0.95153946 2.4140782
v -1.5645428 0.5960641 5.322585
v -2.112939 0.43814594 5.677533
v -1.1637748 0.069845736 5.5757146
v -1.1696141 0.2772747 5.933318
v -1.0598295 0.14273793 5.6162796
v -1.7156086 0.1914756 6.2677326
v -1.3432696 0.23350328 6.3270392
v -1.7430077 -0.09298879 6.848616
v -2.6990566 0.6431406 2.6289988
v -2.4530997 0.79468495 2.6409485
v -2.345945 0.8958448 2.4416168
v -2.5388584 0.95153946 2.4140782
v -2.750925 0.8415656 2.7028346
v -2.5712295 -0.13625288 3.2137227
v -2.0058632 -0.2855714 2.5546865
v -2.1730652 -0.16337013 2.5918536
v -2.103569 -0.28339958 3.0079682
v -2.3615708 0.1593386 3.5787084
v -1.0141065 -2.4156013 7.4676027
v -0.9041791 -2.6372805 7.5142994
v -0.58513546 -2.086138 7.0207944
v -0.8850728 -2.1232262 7.29218
v -2.6038947 0.53957 2.516327
v -2.835948 0.57107615 2.4771721
v -2.5239468 0.6799185 2.1597843
v -2.6990566 0.6431406 2.6289988
v -2.5182533 0.5122671 2.714154
v -2.5716457 0.3012725 2.4827821
v 1.1134477 -2.6177773 2.5701387
v 1.5155921 -2.6332362 2.9347692
v 1.2324038 -2.613564 2.9103942
v 1.0300179 -2.64147 2.654117
v 1.4214725 -2.8245916 2.885662
v 1.0300179 -2.64147 2.654117
v 1.5064497 -2.8003335 3.2297602
v 1.1134477 -2.6177773 2.5701387
v 1.6559235 2.4190397 -0.026347727
v 1.670577 2.4241686 -0.025218844
v 1.4670011 2.5301332 -0.0010700822
v 1.6886111 2.5070462 -0.0006042272
v 1.6896434 2.4266872 -0.045669973
v 1.7926688 2.4306767 -0.015965432
v 1.3045875 2.9332654 0.53338164
v 2.0680215 2.7182112 0.29343393
v 1.8404872 2.909937 0.85179955
v -2.6047573 -0.03496641 2.550066
v -2.2388515 0.052022874 2.128819
v -2.2158918 0.17489159 2.0847893
v -2.4893847 0.13529891 2.3286672
v -2.5182533 0.5122671 2.714154
v -2.3774338 0.22266066 2.4825616
v -2.4247122 0.12160075 2.7206051
v -2.2158918 0.17489159 2.0847893
v -2.2388515 0.052022874 2.128819
v -2.5895462 -0.05249095 2.8327036
v -0.55522203 -2.4476159 5.8363514
v -0.31895208 -2.9839907 6.209838
v -0.36241353 -3.1897762 5.6245584
v -0.2394675 -2.9109998 5.5104
v -0.4488896 -3.5414925 5.3966627
v -0.2375387 -3.3912463 5.2173986
v -0.855494 -2.2892396 7.490429
v -0.46946287 -2.0365486 7.1892467
v -0.41551256 -2.3557234 7.38233
v -0.8850728 -2.1232262 7.29218
v -0.07983005 -3.458466 5.8708386
v -0.15931511 -3.8471093 5.6164503
v -0.4488896 -3.5414925 5.3966627
v -0.36241353 -3.1897762 5.6245584
v 0.2709676 -3.5476692 5.7183394
v 0.33177686 -3.7752345 5.5403795
v -0.15931511 -3.8471093 5.6164503
v -0.07983005 -3.458466 5.8708386
v 1.066263 -1.4297514 5.163701
v 1.3378972 -1.4664048 6.00239
v 1.4764109 -1.2431769 5.876363
v 1.4890813 -1.1362376 5.283614
v 1.0962753 -2.1884315 3.7285435
v 1.8443184 -2.0270562 3.8402088
v 1.5763984 -2.3803625 3.8901737
v 1.0945725 -2.3991477 3.7341502
v 0.753021 -2.2574437 3.3632455
v 0.81864357 -2.3223906 3.2698636
v -1.1672859 -0.63240266 1.8796662
v -1.3670138 -0.9718058 2.1256485
v -0.8356453 -0.8772981 1.927013
v -0.33422774 -0.09078765 2.164532
v -0.9152429 -0.10327554 2.0580754
v 0.15192258 0.30849487 2.375639
v -0.46670115 -0.941525 2.1150799
v -0.52451897 -0.84758925 1.8244691
v -0.80529225 -1.6682498 0.8500279
v -0.88503504 -1.5997303 0.5048879
v -1.2537857 -1.552175 0.6434819
v -0.6784791 -1.3900087 0.48306194
v -1.7430077 -0.09298879 6.848616
v -2.0396645 0.049606353 5.9928126
v -1.7156086 0.1914756 6.2677326
v -2.112939 0.43814594 5.677533
v -1.5645428 0.5960641 5.322585
v -2.4247122 0.12160075 2.7206051
v -2.4041367 0.01538527 2.8522625
v -2.2010603 0.013467431 3.116269
v -2.4905796 0.5704756 3.0599566
v -2.5266066 0.6001096 3.7233863
v -2.1730652 -0.16337013 2.5918536
v -1.9753957 -0.11428714 2.5383658
v -2.2010603 0.013467431 3.116269
v -2.4041367 0.01538527 2.8522625
vt 0.313031 0.044305
vt 0.309912 0.029637
vt 0.296866 0.058286
vt 0.513246 0.356941
vt 0.513246 0.35957
vt 0.513671 0.358133
vt 0.538682 0.942644
vt 0.53246 0.919495
vt 0.53246 0.945863
vt 0.520756 0.180442
vt 0.513926 0.189746
vt 0.520756 0.196612
vt 0.015418 0.878554
vt 0.019484 0.855732
vt 0.015418 0.822837
vt 0.556182 0.605777
vt 0.556182 0.59381
vt 0.549491 0.603005
vt 0.024798 0.701834
vt 0.016703 0.701834
vt 0.017629 0.719139
vt 0.56297 0.089672
vt 0.576044 0.069331
vt 0.575424 0.050903
vt 0.356027 0.958393
vt 0.351277 0.956186
vt 0.349769 0.979661
vt 0.173585 0.577437
vt 0.168808 0.567211
vt 0.168148 0.577437
vt 0.35957 0.520248
vt 0.354038 0.511032
vt 0.348158 0.516061
vt 0.28093 0.963576
vt 0.285176 0.941798
vt 0.277893 0.941798
vt 0.432192 0.961557
vt 0.427242 0.977332
vt 0.432192 0.984831
vt 0.435749 0.80416
vt 0.439277 0.783051
vt 0.432106 0.783051
vt 0.785912 0.956149
vt 0.787431 0.940106
vt 0.780559 0.919419
vt 0.791762 0.940266
vt 0.787431 0.940106
vt 0.785912 0.956149
vt 0.586293 0.835404
vt 0.578778 0.844763
vt 0.586169 0.846671
vt 0.963576 0.448133
vt 0.963576 0.402233
vt 0.952502 0.421113
vt 0.358972 0.871553
vt 0.35957 0.791771
vt 0.359277 0.835883
vt 0.977231 0.044089
vt 0.981288 0.051367
vt 0.981288 0.015563
vt 0.59515 0.92612
vt 0.58249 0.922539
vt 0.58249 0.960033
vt 0.745152 0.952948
vt 0.749251 0.921034
vt 0.737423 0.921034
vt 0.974203 0.368426
vt 0.974203 0.342735
vt 0.969025 0.353576
vt 0.079708 0.952948
vt 0.079708 0.914898
vt 0.065026 0.929027
vt 0.826409 0.41763
vt 0.839587 0.447466
vt 0.841357 0.425815
vt 0.059777 0.056462
vt 0.053088 0.176358
vt 0.05403 0.220507
vt 0.45961 0.904757
vt 0.440985 0.92815
vt 0.47116 0.92815
vt 0.67466 0.475411
vt 0.67466 0.492415
vt 0.683714 0.484041
vt 0.579267 0.80806
vt 0.586293 0.809386
vt 0.581974 0.79643
vt 0.960033 0.69416
vt 0.951715 0.675027
vt 0.951715 0.70674
vt 0.121836 0.016851
vt 0.123584 0.033654
vt 0.131075 0.016851
vt 0.934449 0.351891
vt 0.927801 0.388695
vt 0.935235 0.37206
vt 0.015494 0.230266
vt 0.019484 0.222054
vt 0.015494 0.164623
vt 0.970661 0.789768
vt 0.963481 0.763594
vt 0.963481 0.800618
vt 0.269979 0.461363
vt 0.338581 0.456191
vt 0.284313 0.451887
vt 0.33594 0.431618
vt 0.315449 0.455962
vt 0.374491 0.438133
vt 0.376393 0.401758
vt 0.355269 0.393386
vt 0.404947 0.418864
vt 0.42414 0.377336
vt 0.40455 0.439704
vt 0.378739 0.465907
vt 0.339681 0.47736
vt 0.267078 0.47736
vt 0.246511 0.46109
vt 0.235199 0.477226
vt 0.231589 0.461491
vt 0.21676 0.457815
vt 0.455024 0.395135
vt 0.45252 0.368441
vt 0.415984 0.344903
vt 0.478891 0.360524
vt 0.477001 0.392289
vt 0.484445 0.317803
vt 0.44163 0.294323
vt 0.479485 0.297557
vt 0.412811 0.275364
vt 0.38787 0.306827
vt 0.391091 0.25336
vt 0.398902 0.257598
vt 0.350316 0.266613
vt 0.357953 0.312624
vt 0.352852 0.181893
vt 0.395948 0.201467
vt 0.29499 0.269157
vt 0.309716 0.311219
vt 0.391096 0.159813
vt 0.429481 0.186464
vt 0.432887 0.153279
vt 0.464143 0.189184
vt 0.476445 0.171765
vt 0.458294 0.126691
vt 0.480017 0.150223
vt 0.428978 0.103666
vt 0.409076 0.126107
vt 0.382401 0.084378
vt 0.267675 0.205073
vt 0.249064 0.239114
vt 0.265463 0.282925
vt 0.288437 0.155312
vt 0.35426 0.153475
vt 0.254929 0.179618
vt 0.630103 0.280154
vt 0.634118 0.288718
vt 0.634118 0.231033
vt 0.0628 0.422164
vt 0.031748 0.413216
vt 0.048671 0.428649
vt 0.471222 0.015243
vt 0.471222 0.049596
vt 0.474703 0.046083
vt 0.31883 0.981288
vt 0.31883 0.952628
vt 0.311943 0.971166
vt 0.245809 0.825416
vt 0.251522 0.80669
vt 0.245809 0.805323
vt 0.465846 0.960635
vt 0.463126 0.959376
vt 0.46314 0.977746
vt 0.196612 0.495991
vt 0.192321 0.495991
vt 0.193036 0.506586
vt 0.967118 0.502129
vt 0.958586 0.489972
vt 0.958586 0.529612
vt 0.336543 0.043232
vt 0.314989 0.059598
vt 0.324739 0.066079
vt 0.239695 0.15233
vt 0.251522 0.125061
vt 0.237942 0.125061
vt 0.583396 0.071506
vt 0.579659 0.093255
vt 0.598692 0.04312
vt 0.885639 0.45699
vt 0.885639 0.435997
vt 0.875105 0.45175
vt 0.932501 0.918528
vt 0.916479 0.923479
vt 0.933464 0.938778
vt 0.513246 0.356941
vt 0.513671 0.358133
vt 0.513589 0.356025
vt 0.905019 0.956638
vt 0.903589 0.970661
vt 0.908666 0.970661
vt 0.981115 0.247149
vt 0.984831 0.271006
vt 0.984831 0.237128
vt 0.981288 0.830584
vt 0.978663 0.853132
vt 0.981288 0.866155
vt 0.859832 0.944808
vt 0.869476 0.943327
vt 0.860716 0.933607
vt 0.811265 0.246564
vt 0.801538 0.231771
vt 0.805283 0.256835
vt 0.963575 0.595501
vt 0.950644 0.595501
vt 0.957761 0.641203
vt 0.63565 0.935235
vt 0.65183 0.919752
vt 0.63565 0.904407
vt 0.292261 0.421564
vt 0.292261 0.415308
vt 0.288844 0.416769
vt 0.442837 0.446591
vt 0.453447 0.45699
vt 0.453447 0.430615
vt 0.944119 0.016784
vt 0.930013 0.06908
vt 0.945863 0.06908
vt 0.246511 0.46109
vt 0.338581 0.456191
vt 0.269979 0.461363
vt 0.284313 0.451887
vt 0.338581 0.456191
vt 0.315449 0.455962
vt 0.612862 0.13351
vt 0.609719 0.141924
vt 0.612862 0.145245
vt 0.040402 0.786448
vt 0.048482 0.770001
vt 0.065607 0.731915
vt 0.780559 0.919419
vt 0.780559 0.95649
vt 0.785912 0.956149
vt 0.849078 0.217241
vt 0.860196 0.201974
vt 0.856168 0.189225
vt 0.934663 0.83934
vt 0.938836 0.864384
vt 0.945863 0.83934
vt 0.356027 0.958393
vt 0.349769 0.979661
vt 0.356027 0.984831
vt 0.916479 0.923479
vt 0.932501 0.918528
vt 0.933464 0.898474
vt 0.913767 0.914915
vt 0.296866 0.058286
vt 0.309912 0.029637
vt 0.305792 0.016693
vt 0.26868 0.048785
vt 0.262529 0.090335
vt 0.30131 0.0814
vt 0.324739 0.066079
vt 0.314989 0.059598
vt 0.248728 0.055556
vt 0.244803 0.083661
vt 0.238009 0.016693
vt 0.233327 0.048162
vt 0.586293 0.835404
vt 0.577833 0.844689
vt 0.578778 0.844763
vt 0.571497 0.842615
vt 0.579267 0.80806
vt 0.586293 0.809386
vt 0.557012 0.819453
vt 0.564962 0.799672
vt 0.581974 0.79643
vt 0.316892 0.342327
vt 0.316892 0.368426
vt 0.327785 0.35622
vt 0.348942 0.353115
vt 0.668738 0.289905
vt 0.681719 0.273799
vt 0.669071 0.26622
vt 0.68893 0.265763
vt 0.681859 0.293614
vt 0.685668 0.299009
vt 0.672833 0.201027
vt 0.692074 0.197185
vt 0.712054 0.2625
vt 0.698612 0.273282
vt 0.685668 0.299009
vt 0.709876 0.285734
vt 0.673811 0.144103
vt 0.687092 0.154431
vt 0.654249 0.14433
vt 0.645732 0.159315
vt 0.673441 0.107708
vt 0.650822 0.096447
vt 0.632668 0.099593
vt 0.644597 0.067473
vt 0.66515 0.023656
vt 0.637967 0.034684
vt 0.634465 0.057296
vt 0.712054 0.050199
vt 0.695446 0.131551
vt 0.706141 0.015756
vt 0.828958 0.967999
vt 0.819495 0.956171
vt 0.819014 0.970661
vt 0.828958 0.933653
vt 0.579659 0.093255
vt 0.576044 0.069331
vt 0.56297 0.089672
vt 0.551014 0.11285
vt 0.550851 0.092309
vt 0.586711 0.104431
vt 0.598692 0.04312
vt 0.554298 0.134043
vt 0.529051 0.127748
vt 0.50841 0.094899
vt 0.509627 0.134617
vt 0.495225 0.094267
vt 0.508494 0.036452
vt 0.534681 0.052956
vt 0.517096 0.015965
vt 0.966525 0.905156
vt 0.970661 0.938778
vt 0.970661 0.903817
vt 0.963741 0.936617
vt 0.599641 0.72392
vt 0.611296 0.73533
vt 0.620582 0.707601
vt 0.603619 0.692838
vt 0.584427 0.723873
vt 0.58202 0.756473
vt 0.600078 0.750919
vt 0.592804 0.763085
vt 0.60772 0.75502
vt 0.580738 0.681885
vt 0.605287 0.658102
vt 0.579284 0.645498
vt 0.598225 0.635155
vt 0.653512 0.632738
vt 0.705513 0.610214
vt 0.691826 0.568509
vt 0.680549 0.694017
vt 0.682425 0.718067
vt 0.646243 0.710353
vt 0.723297 0.714362
vt 0.703504 0.754508
vt 0.734884 0.77582
vt 0.752512 0.758479
vt 0.77582 0.718446
vt 0.730011 0.663136
vt 0.768317 0.643599
vt 0.768017 0.583812
vt 0.748571 0.517126
vt 0.77582 0.524956
vt 0.767328 0.506367
vt 0.731957 0.49966
vt 0.69032 0.521571
vt 0.716278 0.494127
vt 0.698612 0.273282
vt 0.700382 0.277466
vt 0.709876 0.285734
vt 0.710155 0.309974
vt 0.215611 0.75905
vt 0.224889 0.770196
vt 0.22208 0.739057
vt 0.231649 0.682338
vt 0.243063 0.721648
vt 0.239984 0.761684
vt 0.241526 0.628334
vt 0.223241 0.609289
vt 0.272495 0.696415
vt 0.268973 0.770506
vt 0.267774 0.615594
vt 0.291947 0.687092
vt 0.314809 0.750337
vt 0.331253 0.675728
vt 0.335025 0.736147
vt 0.355813 0.743369
vt 0.36409 0.722217
vt 0.307962 0.617854
vt 0.224817 0.559494
vt 0.209288 0.590588
vt 0.204784 0.566115
vt 0.212555 0.539882
vt 0.239547 0.561775
vt 0.27826 0.55657
vt 0.277733 0.508378
vt 0.321392 0.592336
vt 0.302357 0.531044
vt 0.340603 0.632178
vt 0.336191 0.597934
vt 0.374162 0.646998
vt 0.383525 0.638227
vt 0.41022 0.750138
vt 0.403773 0.770506
vt 0.414503 0.701199
vt 0.418837 0.667411
vt 0.436767 0.689683
vt 0.436086 0.716582
vt 0.445717 0.727157
vt 0.453133 0.665271
vt 0.455219 0.678713
vt 0.503798 0.62682
vt 0.520673 0.640317
vt 0.514079 0.607911
vt 0.496462 0.550516
vt 0.488057 0.588835
vt 0.515663 0.578713
vt 0.505065 0.522003
vt 0.525749 0.521301
vt 0.529021 0.560862
vt 0.502214 0.456193
vt 0.488057 0.447018
vt 0.513923 0.407554
vt 0.536607 0.407149
vt 0.546063 0.370334
vt 0.560368 0.319634
vt 0.541832 0.332027
vt 0.58054 0.536436
vt 0.574319 0.56033
vt 0.525052 0.464991
vt 0.615519 0.554125
vt 0.598545 0.575558
vt 0.607945 0.59921
vt 0.623481 0.581845
vt 0.622042 0.496488
vt 0.600154 0.480395
vt 0.57295 0.473372
vt 0.570911 0.450715
vt 0.632894 0.454865
vt 0.639432 0.477677
vt 0.605696 0.423706
vt 0.592439 0.385616
vt 0.560368 0.319634
vt 0.607442 0.322909
vt 0.578948 0.295772
vt 0.550946 0.282116
vt 0.596653 0.268163
vt 0.566141 0.236855
vt 0.596951 0.226599
vt 0.540869 0.233573
vt 0.58964 0.200621
vt 0.572599 0.205579
vt 0.553144 0.206782
vt 0.611768 0.178124
vt 0.565642 0.177955
vt 0.86593 0.138971
vt 0.847761 0.125624
vt 0.856168 0.189225
vt 0.860196 0.201974
vt 0.891971 0.12548
vt 0.893599 0.163055
vt 0.907112 0.124455
vt 0.900986 0.244388
vt 0.91398 0.129217
vt 0.91306 0.220541
vt 0.871363 0.228348
vt 0.871548 0.271006
vt 0.857977 0.251489
vt 0.847761 0.252622
vt 0.636806 0.801147
vt 0.660136 0.778547
vt 0.642788 0.769031
vt 0.655096 0.821645
vt 0.62425 0.827683
vt 0.629773 0.855203
vt 0.635413 0.87025
vt 0.60256 0.885639
vt 0.673296 0.869799
vt 0.681871 0.844724
vt 0.684145 0.866661
vt 0.704969 0.88461
vt 0.695014 0.885639
vt 0.677121 0.799572
vt 0.686829 0.825619
vt 0.660136 0.778547
vt 0.678629 0.779216
vt 0.285706 0.83342
vt 0.280847 0.82352
vt 0.274582 0.868318
vt 0.284274 0.905002
vt 0.289399 0.879926
vt 0.152187 0.132168
vt 0.165866 0.051713
vt 0.151451 0.061139
vt 0.178387 0.137826
vt 0.187632 0.070354
vt 0.20091 0.039986
vt 0.205468 0.164991
vt 0.146003 0.202026
vt 0.199525 0.26066
vt 0.182619 0.215154
vt 0.175242 0.260041
vt 0.170361 0.347366
vt 0.145716 0.288066
vt 0.110429 0.27857
vt 0.134632 0.357759
vt 0.147465 0.382118
vt 0.111399 0.346945
vt 0.178169 0.401056
vt 0.160998 0.413492
vt 0.080159 0.318772
vt 0.062529 0.369732
vt 0.043759 0.362165
vt 0.172556 0.461922
vt 0.189298 0.407228
vt 0.186587 0.45167
vt 0.146021 0.533945
vt 0.133083 0.493623
vt 0.081414 0.241615
vt 0.114859 0.09304
vt 0.045437 0.273613
vt 0.118378 0.537426
vt 0.11208 0.504032
vt 0.080398 0.615151
vt 0.112396 0.605531
vt 0.125478 0.59909
vt 0.08372 0.631931
vt 0.07698 0.660102
vt 0.068268 0.632368
vt 0.051781 0.666001
vt 0.048013 0.642924
vt 0.027094 0.339692
vt 0.0238 0.37358
vt 0.017165 0.286517
vt 0.019045 0.334323
vt 0.015535 0.375124
vt 0.05403 0.220507
vt 0.059777 0.056462
vt 0.092908 0.096389
vt 0.087588 0.026308
vt 0.061497 0.021693
vt 0.327397 0.917522
vt 0.35957 0.905168
vt 0.358972 0.871553
vt 0.331037 0.850055
vt 0.305351 0.858583
vt 0.314155 0.916497
vt 0.303347 0.908245
vt 0.359277 0.835883
vt 0.289399 0.879926
vt 0.355671 0.798448
vt 0.35957 0.791771
vt 0.32783 0.803128
vt 0.317081 0.785219
vt 0.30201 0.817143
vt 0.285706 0.83342
vt 0.746294 0.034616
vt 0.748068 0.06785
vt 0.773574 0.016183
vt 0.762065 0.079776
vt 0.792251 0.065962
vt 0.794459 0.040297
vt 0.771491 0.130401
vt 0.74039 0.162283
vt 0.783819 0.178935
vt 0.773093 0.201847
vt 0.79435 0.210973
vt 0.811617 0.161084
vt 0.806572 0.117057
vt 0.814887 0.214875
vt 0.816559 0.088704
vt 0.801538 0.231771
vt 0.816559 0.236147
vt 0.811265 0.246564
vt 0.815203 0.061478
vt 0.793079 0.063469
vt 0.812688 0.039652
vt 0.822975 0.340342
vt 0.828296 0.32711
vt 0.799266 0.314433
vt 0.766473 0.3447
vt 0.821715 0.363867
vt 0.759185 0.403208
vt 0.821428 0.395502
vt 0.713373 0.408909
vt 0.723008 0.362135
vt 0.727917 0.465846
vt 0.748095 0.456365
vt 0.781562 0.448595
vt 0.826409 0.41763
vt 0.807698 0.453357
vt 0.839587 0.447466
vt 0.831482 0.465846
vt 0.406713 0.823292
vt 0.392289 0.81184
vt 0.398066 0.848062
vt 0.432303 0.83726
vt 0.413519 0.888639
vt 0.392289 0.892725
vt 0.444591 0.851018
vt 0.431658 0.880676
vt 0.865718 0.727652
vt 0.866396 0.785731
vt 0.876783 0.735548
vt 0.857044 0.785789
vt 0.836894 0.809474
vt 0.849643 0.739188
vt 0.855169 0.656951
vt 0.837268 0.773957
vt 0.798895 0.806887
vt 0.801437 0.796859
vt 0.829006 0.748174
vt 0.820995 0.675513
vt 0.855027 0.59929
vt 0.863079 0.606069
vt 0.825873 0.596431
vt 0.801641 0.647503
vt 0.798895 0.604433
vt 0.389317 0.547475
vt 0.406043 0.577437
vt 0.394904 0.517903
vt 0.414347 0.543412
vt 0.418741 0.497134
vt 0.44308 0.554708
vt 0.460532 0.524454
vt 0.458152 0.577437
vt 0.430221 0.4823
vt 0.902059 0.528566
vt 0.924607 0.538259
vt 0.924607 0.463809
vt 0.906083 0.547325
vt 0.882097 0.337307
vt 0.865206 0.305053
vt 0.861415 0.383847
vt 0.882097 0.400309
vt 0.826407 0.501372
vt 0.80805 0.493525
vt 0.817502 0.531058
vt 0.854884 0.500227
vt 0.840997 0.561495
vt 0.868301 0.558007
vt 0.875012 0.49365
vt 0.909092 0.605103
vt 0.89014 0.628324
vt 0.899387 0.657082
vt 0.917522 0.598846
vt 0.917522 0.689027
vt 0.903149 0.68595
vt 0.20277 0.871469
vt 0.216096 0.855479
vt 0.184958 0.851929
vt 0.166191 0.865816
vt 0.144708 0.846859
vt 0.163494 0.81244
vt 0.18621 0.824906
vt 0.197458 0.842122
vt 0.194521 0.852765
vt 0.208889 0.81244
vt 0.211907 0.824832
vt 0.057337 0.892725
vt 0.087235 0.865306
vt 0.056049 0.845961
vt 0.0786 0.798223
vt 0.092615 0.822681
vt 0.109819 0.861784
vt 0.106254 0.892725
vt 0.507332 0.692817
vt 0.485852 0.688168
vt 0.488005 0.732074
vt 0.506637 0.748337
vt 0.529678 0.685453
vt 0.477606 0.806088
vt 0.47543 0.762067
vt 0.527795 0.760387
vt 0.544735 0.728909
vt 0.545554 0.675975
vt 0.500434 0.79898
vt 0.526243 0.795119
vt 0.5178 0.82241
vt 0.497806 0.848314
vt 0.48682 0.871599
vt 0.514114 0.869669
vt 0.515008 0.846718
vt 0.509504 0.882097
vt 0.545554 0.8724
vt 0.540506 0.878099
vt 0.171814 0.935235
vt 0.166632 0.905707
vt 0.142103 0.935235
vt 0.137626 0.897079
vt 0.949405 0.306431
vt 0.947679 0.281308
vt 0.935483 0.284036
vt 0.935292 0.254769
vt 0.949405 0.254909
vt 0.765192 0.250552
vt 0.745871 0.223662
vt 0.751227 0.268988
vt 0.764646 0.299123
vt 0.745871 0.289972
vt 0.751444 0.309974
vt 0.877887 0.08133
vt 0.896061 0.08325
vt 0.896267 0.058099
vt 0.867821 0.049873
vt 0.876836 0.016875
vt 0.896267 0.01629
vt 0.845829 0.045034
vt 0.854209 0.01742
vt 0.232235 0.326678
vt 0.213008 0.321114
vt 0.211074 0.35191
vt 0.247646 0.316878
vt 0.255209 0.386139
vt 0.278372 0.380499
vt 0.27287 0.316878
vt 0.285176 0.342006
vt 0.016149 0.597705
vt 0.034885 0.602235
vt 0.015635 0.57842
vt 0.049596 0.570904
vt 0.017706 0.551779
vt 0.027731 0.542242
vt 0.015635 0.543307
vt 0.922069 0.334877
vt 0.913867 0.343561
vt 0.934449 0.351891
vt 0.927801 0.388695
vt 0.913867 0.396766
vt 0.898038 0.852191
vt 0.880144 0.839307
vt 0.887456 0.88214
vt 0.845199 0.889445
vt 0.846714 0.84668
vt 0.859441 0.89981
vt 0.885037 0.89981
vt 0.646267 0.375266
vt 0.676628 0.343921
vt 0.662787 0.340937
vt 0.661849 0.415123
vt 0.645638 0.40778
vt 0.676628 0.441049
vt 0.167908 0.641203
vt 0.182442 0.640305
vt 0.171645 0.61486
vt 0.153547 0.612676
vt 0.143978 0.641203
vt 0.069432 0.498947
vt 0.086793 0.462899
vt 0.048342 0.462899
vt 0.037057 0.507735
vt 0.053231 0.524298
vt 0.017895 0.465427
vt 0.015356 0.478932
vt 0.78574 0.856051
vt 0.773838 0.885639
vt 0.797075 0.880184
vt 0.755603 0.840952
vt 0.740909 0.860349
vt 0.747525 0.885639
vt 0.364883 0.118676
vt 0.336536 0.10235
vt 0.339675 0.115756
vt 0.328756 0.118676
vt 0.065607 0.731915
vt 0.072755 0.753233
vt 0.098102 0.766707
vt 0.116517 0.7532
vt 0.121667 0.786448
vt 0.107632 0.704383
vt 0.078045 0.693483
vt 0.062826 0.709272
vt 0.044975 0.741219
vt 0.040402 0.786448
vt 0.033263 0.771829
vt 0.133846 0.718552
vt 0.12967 0.678142
vt 0.164837 0.767214
vt 0.170994 0.745734
vt 0.170244 0.775883
vt 0.161886 0.691791
vt 0.176399 0.713892
vt 0.18067 0.68917
vt 0.53246 0.919495
vt 0.538682 0.942644
vt 0.547325 0.937476
vt 0.54396 0.923332
vt 0.532531 0.911141
vt 0.417598 0.613658
vt 0.464075 0.621695
vt 0.458936 0.613658
vt 0.438668 0.627033
vt 0.417562 0.625593
vt 0.016787 0.945863
vt 0.030112 0.945863
vt 0.024797 0.914006
vt 0.017418 0.922669
vt 0.948667 0.131317
vt 0.956491 0.138795
vt 0.946269 0.100414
vt 0.955538 0.148151
vt 0.944808 0.150559
vt 0.944808 0.134885
vt 0.654488 0.550868
vt 0.655373 0.529903
vt 0.648728 0.532398
vt 0.649367 0.550868
vt 0.228495 0.425107
vt 0.222862 0.407178
vt 0.220832 0.425107
vt 0.227035 0.408859
vt 0.904378 0.752292
vt 0.904469 0.754019
vt 0.910469 0.74166
vt 0.910509 0.756558
vt 0.904072 0.755742
vt 0.904627 0.762453
vt 0.931693 0.745151
vt 0.916465 0.803403
vt 0.931693 0.80416
vt 0.859832 0.952948
vt 0.869698 0.950202
vt 0.869476 0.943327
vt 0.859832 0.944808
vt 0.334145 0.511032
vt 0.342037 0.527585
vt 0.348158 0.516061
vt 0.342475 0.556146
vt 0.349259 0.556182
vt 0.35957 0.520248
vt 0.435204 0.222665
vt 0.451289 0.258607
vt 0.477736 0.241821
vt 0.463869 0.222665
vt 0.499501 0.246117
vt 0.492613 0.229428
vt 0.956491 0.203448
vt 0.946022 0.188368
vt 0.946022 0.216096
vt 0.955246 0.18917
vt 0.233806 0.93127
vt 0.237898 0.905021
vt 0.222619 0.920049
vt 0.219734 0.935235
vt 0.243467 0.935235
vt 0.24975 0.919008
vt 0.237898 0.905021
vt 0.233806 0.93127
vt 0.703198 0.921805
vt 0.688795 0.921083
vt 0.690484 0.945513
vt 0.703197 0.949405
vt 0.571919 0.03811
vt 0.557059 0.079845
vt 0.56297 0.089672
vt 0.575424 0.050903
vt 0.586015 0.015965
vt 0.587673 0.024723
vt 0.041778 0.021718
vt 0.032446 0.015735
vt 0.029732 0.051794
vt 0.051314 0.120234
vt 0.059777 0.056462
vt 0.053088 0.176358
vt 0.025221 0.099644
vt 0.015535 0.065939
vt 0.386471 0.944389
vt 0.393619 0.953246
vt 0.394995 0.924169
vt 0.394995 0.967118
vt 0.435735 0.04001
vt 0.405432 0.027533
vt 0.405388 0.047825
vt 0.379445 0.027562
vt 0.370166 0.047825
vt 0.07621 0.402674
vt 0.064362 0.406189
vt 0.0628 0.422164
vt 0.083121 0.411762
vt 0.106277 0.428649
vt 0.047877 0.41075
vt 0.031748 0.413216
vt 0.0628 0.422164
vt 0.064362 0.406189
vn -0.80384064 0.5285735 -0.27285624
vn -0.4791775 0.089602396 -0.87313247
vn -0.9935329 0.07692468 -0.083517164
vn 0.081438795 -0.9966608 0.0058858395
vn 0.45879158 -0.8456811 -0.27264115
vn 0.05828572 0.2725642 -0.9603704
vn 0.7666497 0.6293202 0.12729555
vn -0.4791775 0.089602396 -0.87313247
vn 0.94187826 0.20416534 -0.26679927
vn -0.9935329 0.07692468 -0.083517164
vn -0.5769441 0.36890787 -0.72872657
vn -0.80384064 0.5285735 -0.27285624
vn -0.7091425 -0.66333306 0.23896922
vn -0.14481336 0.3530779 -0.9243189
vn -0.12649629 -0.9535593 0.273356
vn -0.12649629 -0.9535593 0.273356
vn -0.14481336 0.3530779 -0.9243189
vn -0.6927395 -0.66945016 0.26823214
vn -0.6927395 -0.66945016 0.26823214
vn -0.14481336 0.3530779 -0.9243189
vn -0.14743046 0.9520687 -0.2680102
vn -0.5373636 -0.21327619 0.8159374
vn -0.36183497 -0.9160434 -0.17303163
vn -0.385098 -0.82191163 0.41971526
vn -0.1336284 -0.89649254 -0.42242676
vn 0.32040477 0.9024976 -0.2878174
vn -0.21767783 0.6737182 -0.7062014
vn -0.08270907 -0.9965285 -0.009500027
vn 0.059670717 -0.2516364 -0.9659806
vn 0.30629444 -0.95080584 -0.046391048
vn 0.30629444 -0.95080584 -0.046391048
vn 0.059670717 -0.2516364 -0.9659806
vn 0.99635404 0.06780101 -0.051783353
vn 0.4042168 0.8191333 -0.40697616
vn 0.05821103 -0.48153144 -0.87449354
vn 0.66841495 0.6885602 -0.28125864
vn 0.66841495 0.6885602 -0.28125864
vn 0.05821103 -0.48153144 -0.87449354
vn 0.6081103 0.77273065 -0.1819041
vn -0.6054558 0.29506552 -0.7391614
vn 0.059670717 -0.2516364 -0.9659806
vn -0.08270907 -0.9965285 -0.009500027
vn -0.5769441 0.36890787 -0.72872657
vn 0.7772442 0.5153615 -0.36096266
vn 0.15562296 -0.07752083 -0.98477
vn 0.66841495 0.6885602 -0.28125864
vn 0.7772442 0.5153615 -0.36096266
vn -0.5769441 0.36890787 -0.72872657
vn -0.3462542 -0.9187022 -0.18998572
vn -0.44830438 -0.75069535 -0.48526287
vn -0.9291069 -0.067268655 -0.3636412
vn -0.83908176 -0.52635574 0.10919893
vn -0.91377985 0.06500173 -0.38283032
vn -0.91318154 -0.39655906 0.06575948
vn 0.30944404 -0.6548053 -0.6433486
vn -0.067142524 -0.95676816 -0.24401458
vn 0.057602637 -0.0065749586 -0.98248357
vn 0.61136544 -0.6379385 0.4524852
vn 0.19000232 -0.6242578 -0.7527218
vn -0.22740957 -0.96583503 -0.015157968
vn -0.835234 -0.35889813 0.2984736
vn -0.9534855 -0.071207196 0.28825358
vn -0.41736847 -0.3559361 0.80366105
vn 0.93162435 0.31009322 -0.15776594
vn 0.9598565 -0.21782982 0.16906518
vn 0.9100688 0.4088504 -0.03348857
vn -0.5373636 -0.21327619 0.8159374
vn -0.7707191 0.63134265 -0.08601731
vn -0.9852081 -0.13696353 0.10298723
vn -0.60029346 0.7204427 0.05401756
vn -0.21972537 0.7754288 -0.08868986
vn -0.13483705 0.9287003 0.12602739
vn 0.70005906 -0.5548488 -0.18855838
vn 0.36234117 0.052950338 -0.7087617
vn 0.8396208 -0.2234262 -0.3755635
vn -0.08688691 -0.15479475 -0.93900394
vn 0.36234117 0.052950338 -0.7087617
vn -0.47702622 0.40335318 -0.66508293
vn -0.8362931 -0.10131386 -0.5126639
vn -0.24852872 -0.18227825 -0.95131934
vn -0.63615286 -0.17181972 -0.7521887
vn -0.1650912 -0.2362512 -0.95756483
vn 0.60545737 -0.13546914 -0.7842631
vn 0.81691927 -0.28886396 -0.49919876
vn 0.15642267 -0.9432539 -0.29292274
vn -0.9086286 -0.16789576 -0.38236728
vn -0.1650912 -0.2362512 -0.95756483
vn -0.1650912 -0.2362512 -0.95756483
vn -0.9086286 -0.16789576 -0.38236728
vn -0.63615286 -0.17181972 -0.7521887
vn -0.08688691 -0.15479475 -0.93900394
vn -0.5981525 0.18524018 -0.7256427
vn -0.228207 0.27619758 -0.88762844
vn 0.415468 -0.68873286 0.5941658
vn -0.7969078 -0.2755459 0.53759944
vn -0.73456067 -0.67715824 -0.04333263
vn -0.78037876 0.12859309 -0.59596217
vn 0.8497147 0.3227991 -0.4031254
vn -0.016255379 0.058088437 -0.99182487
vn 0.39940172 -0.8045045 -0.43960306
vn 0.89317894 -0.032368302 -0.44853526
vn -0.08270907 -0.9965285 -0.009500027
vn 0.30629444 -0.95080584 -0.046391048
vn -0.32646406 -0.9422963 -0.07415412
vn -0.08270907 -0.9965285 -0.009500027
vn 0.044712797 -0.9464706 -0.31967837
vn 0.39940172 -0.8045045 -0.43960306
vn -0.43957302 -0.89784664 -0.013370186
vn -0.1499773 -0.85331607 -0.4961678
vn 0.62587065 -0.40643156 -0.6656519
vn -0.90765643 -0.4139365 0.052709073
vn -0.5508768 -0.78181475 -0.29009998
vn -0.87842476 -0.20542964 0.43106663
vn -0.8258115 -0.3971401 0.4003937
vn -0.9708738 -0.23554775 0.04383254
vn -0.8093379 -0.56697565 -0.1533313
vn -0.41007075 -0.8590295 -0.30644765
vn -0.7998604 -0.3467436 -0.48988998
vn 0.05821103 -0.48153144 -0.87449354
vn 0.4042168 0.8191333 -0.40697616
vn -0.9004339 -0.36677036 0.2338768
vn -0.5287747 -0.79253423 0.29800266
vn -0.54887944 -0.8245848 -0.11322054
vn -0.6161034 -0.25724545 0.73833334
vn -0.8666245 -0.054051936 0.49602467
vn -0.6900963 -0.4948532 0.50890195
vn -0.67966926 -0.7179018 0.008525819
vn -0.9791678 -0.1496208 0.096372366
vn -0.65011716 -0.6952593 -0.26628104
vn -0.35190937 -0.9121731 -0.17138222
vn -0.067142524 -0.95676816 -0.24401458
vn -0.49895328 -0.0005284846 -0.85038686
vn -0.147539 -0.9758893 -0.11544676
vn -0.75031644 -0.5985287 -0.18269618
vn 0.07137977 -0.96901333 -0.076565966
vn 0.30944404 -0.6548053 -0.6433486
vn -0.22739974 -0.8953308 0.057317056
vn -0.8469928 -0.4688175 0.02095954
vn 0.13929202 -0.9336374 0.05286467
vn 0.72515565 -0.5852035 -0.21074621
vn -0.03134772 -0.91547215 0.28313464
vn 0.6734398 -0.70542544 0.14835627
vn 0.30799428 -0.76653814 0.547448
vn 0.35424662 -0.6786504 0.6416371
vn 0.6239989 -0.23732972 0.7142823
vn 0.07415138 -0.9762115 0.18441048
vn -0.2717064 -0.9042079 -0.08199152
vn -0.60892624 -0.7460202 0.26420212
vn 0.10290335 -0.93615925 -0.04130914
vn -0.13147438 -0.7942045 -0.33695778
vn -0.6359191 -0.6304141 -0.10366772
vn 0.5284814 -0.82128435 -0.14886577
vn 0.6448574 -0.6917678 -0.08652268
vn 0.36702856 -0.73266053 -0.5007811
vn -0.41007075 -0.8590295 -0.30644765
vn 0.30629444 -0.95080584 -0.046391048
vn 0.6163609 -0.7843941 0.0694656
vn 0.8739528 0.48490146 -0.03281814
vn 0.84726393 0.5310433 0.01170364
vn 0.55781174 -0.67130905 0.4880476
vn 0.55781174 -0.67130905 0.4880476
vn 0.84726393 0.5310433 0.01170364
vn -0.23035842 -0.94455105 -0.23400515
vn 0.9033773 -0.41136596 0.08107229
vn 0.4483432 -0.801027 -0.39666608
vn 0.76286715 0.5017991 0.40661183
vn 0.76286715 0.5017991 0.40661183
vn 0.4483432 -0.801027 -0.39666608
vn -0.12813403 0.24182042 0.9618236
vn 0.6081103 0.77273065 -0.1819041
vn 0.94187826 0.20416534 -0.26679927
vn 0.66841495 0.6885602 -0.28125864
vn -0.6054558 0.29506552 -0.7391614
vn -0.23035842 -0.94455105 -0.23400515
vn 0.84726393 0.5310433 0.01170364
vn 0.66841495 0.6885602 -0.28125864
vn -0.5769441 0.36890787 -0.72872657
vn 0.4042168 0.8191333 -0.40697616
vn 0.4042168 0.8191333 -0.40697616
vn -0.5769441 0.36890787 -0.72872657
vn -0.7998604 -0.3467436 -0.48988998
vn 0.078605056 -0.54216003 -0.8365905
vn -0.385098 -0.82191163 0.41971526
vn -0.36183497 -0.9160434 -0.17303163
vn -0.7098123 0.66520226 0.23167391
vn -0.5526525 -0.64765155 0.52452165
vn -0.6927395 -0.66945016 0.26823214
vn -0.56447303 0.08626239 -0.82093185
vn -0.79432094 -0.49782634 -0.34817114
vn -0.24476767 0.85990584 -0.4479406
vn -0.56447303 0.08626239 -0.82093185
vn -0.21767783 0.6737182 -0.7062014
vn 0.32040477 0.9024976 -0.2878174
vn 0.31297082 -0.93314946 0.17686453
vn 0.31297082 -0.93314946 0.17686453
vn 0.31297082 -0.93314946 0.17686453
vn -0.36183497 -0.9160434 -0.17303163
vn -0.5526525 -0.64765155 0.52452165
vn -0.7098123 0.66520226 0.23167391
vn -0.79432094 -0.49782634 -0.34817114
vn 0.8646455 0.026324462 -0.50169265
vn 0.50809836 0.83221215 -0.22194369
vn -0.24476767 0.85990584 -0.4479406
vn -0.79432094 -0.49782634 -0.34817114
vn 0.50809836 0.83221215 -0.22194369
vn 0.05821103 -0.48153144 -0.87449354
vn 0.24562469 0.5712087 -0.7831917
vn 0.6081103 0.77273065 -0.1819041
vn 0.19000232 -0.6242578 -0.7527218
vn 0.89333767 0.021667734 -0.44735688
vn 0.24819076 0.26894683 -0.926588
vn 0.8324323 0.37792814 0.37035024
vn -0.35993922 0.7526908 0.46758604
vn 0.34779716 0.47743398 0.78437513
vn -0.031576186 0.6465091 -0.7622527
vn -0.41773713 0.6835455 -0.59845585
vn -0.8890605 0.2148659 -0.40423334
vn 0.86120564 -0.5027019 0.07493138
vn 0.23619172 0.8521143 -0.46702713
vn 0.45879158 -0.8456811 -0.27264115
vn -0.24852872 -0.18227825 -0.95131934
vn -0.8362931 -0.10131386 -0.5126639
vn -0.55645 -0.4875256 -0.62389994
vn -0.4117676 0.8706326 -0.04462664
vn 0.03713768 0.46665475 -0.79824257
vn -0.9720716 0.11998976 -0.14336827
vn -0.41007075 -0.8590295 -0.30644765
vn -0.32646406 -0.9422963 -0.07415412
vn 0.30629444 -0.95080584 -0.046391048
vn -0.08270907 -0.9965285 -0.009500027
vn -0.32646406 -0.9422963 -0.07415412
vn 0.39940172 -0.8045045 -0.43960306
vn 0.7666497 0.6293202 0.12729555
vn -0.43141752 0.7408005 -0.5148727
vn 0.43405756 -0.6558678 -0.6176015
vn 0.7666497 0.6293202 0.12729555
vn 0.9542886 0.2849985 -0.09005043
vn 0.23064251 0.97066647 -0.06790081
vn 0.15562296 -0.07752083 -0.98477
vn -0.80384064 0.5285735 -0.27285624
vn -0.5769441 0.36890787 -0.72872657
vn -0.56820714 0.81954783 0.05449815
vn -0.9526541 -0.029910848 -0.29391423
vn -0.48716897 0.49668875 0.71716064
vn 0.9033773 -0.41136596 0.08107229
vn 0.76286715 0.5017991 0.40661183
vn 0.2881339 0.025685191 0.9572456
vn -0.1336284 -0.89649254 -0.42242676
vn -0.21767783 0.6737182 -0.7062014
vn 0.06935464 -0.9408085 -0.33176672
vn -0.21767783 0.6737182 -0.7062014
vn -0.56447303 0.08626239 -0.82093185
vn -0.24476767 0.85990584 -0.4479406
vn -0.31745353 0.7989204 -0.5108322
vn -0.9935329 0.07692468 -0.083517164
vn -0.4791775 0.089602396 -0.87313247
vn -0.504477 0.8566111 0.10826148
vn -0.7923287 0.5978685 0.121526256
vn -0.9708738 -0.23554775 0.04383254
vn -0.8093379 -0.56697565 -0.1533313
vn -0.7998604 -0.3467436 -0.48988998
vn -0.5769441 0.36890787 -0.72872657
vn -0.9483768 0.1764453 0.26353127
vn -0.8258115 -0.3971401 0.4003937
vn -0.69378644 0.6346283 0.3403253
vn -0.8258115 -0.3971401 0.4003937
vn -0.3462542 -0.9187022 -0.18998572
vn 0.081438795 -0.9966608 0.0058858395
vn -0.44830438 -0.75069535 -0.48526287
vn 0.45879158 -0.8456811 -0.27264115
vn 0.15642267 -0.9432539 -0.29292274
vn -0.9086286 -0.16789576 -0.38236728
vn 0.86120564 -0.5027019 0.07493138
vn 0.81691927 -0.28886396 -0.49919876
vn -0.1650912 -0.2362512 -0.95756483
vn 0.9542886 0.2849985 -0.09005043
vn 0.7666497 0.6293202 0.12729555
vn 0.94187826 0.20416534 -0.26679927
vn 0.99635404 0.06780101 -0.051783353
vn -0.79432094 -0.49782634 -0.34817114
vn -0.56447303 0.08626239 -0.82093185
vn 0.8646455 0.026324462 -0.50169265
vn 0.5695423 -0.8134538 -0.11796082
vn 0.32040477 0.9024976 -0.2878174
vn -0.1336284 -0.89649254 -0.42242676
vn 0.83710384 -0.5222484 -0.16283152
vn 0.33975434 -0.91312534 0.22532074
vn -0.12649629 -0.9535593 0.273356
vn 0.06935464 -0.9408085 -0.33176672
vn -0.1336284 -0.89649254 -0.42242676
vn 0.1594789 -0.8959268 -0.4145859
vn 0.53504103 -0.7190561 0.44349697
vn -0.1993591 -0.74360293 0.6382089
vn 0.88377416 -0.4297947 0.18498665
vn 0.8308496 0.13743553 -0.53925943
vn 0.34475607 -0.8484962 0.40131533
vn 0.7421117 -0.58203125 0.33236244
vn 0.93162435 0.31009322 -0.15776594
vn 0.9598565 -0.21782982 0.16906518
vn 0.6586596 -0.69448245 0.28958872
vn 0.85167104 -0.10611297 0.513222
vn 0.9100688 0.4088504 -0.03348857
vn 0.07415138 -0.9762115 0.18441048
vn -0.60892624 -0.7460202 0.26420212
vn 0.35424662 -0.6786504 0.6416371
vn -0.31745353 0.7989204 -0.5108322
vn -0.14481336 0.3530779 -0.9243189
vn -0.21767783 0.6737182 -0.7062014
vn -0.14743046 0.9520687 -0.2680102
vn -0.5526525 -0.64765155 0.52452165
vn -0.36183497 -0.9160434 -0.17303163
vn -0.5373636 -0.21327619 0.8159374
vn -0.48258114 -0.66629773 0.5684742
vn -0.9852081 -0.13696353 0.10298723
vn -0.12649629 -0.9535593 0.273356
vn -0.6927395 -0.66945016 0.26823214
vn 0.33975434 -0.91312534 0.22532074
vn -0.1993591 -0.74360293 0.6382089
vn -0.29144114 -0.618595 0.7296593
vn 0.53504103 -0.7190561 0.44349697
vn 0.34475607 -0.8484962 0.40131533
vn -0.60892624 -0.7460202 0.26420212
vn -0.9852081 -0.13696353 0.10298723
vn -0.9597391 0.18166086 -0.21108797
vn 0.078605056 -0.54216003 -0.8365905
vn -0.28335994 0.8880715 -0.3619896
vn -0.55254596 0.82832885 0.09254372
vn -0.36183497 -0.9160434 -0.17303163
vn -0.042732716 0.027335435 0.9987125
vn -0.48716897 0.49668875 0.71716064
vn -0.7452291 -0.13086244 0.6538414
vn -0.047068857 -0.21913153 0.9745593
vn -0.15642591 -0.7371086 0.6574205
vn -0.68511075 -0.72835696 0.010916442
vn 0.09134047 0.46545097 0.8798729
vn -0.8181149 -0.2253426 -0.52861613
vn -0.56820714 0.81954783 0.05449815
vn -0.24133395 -0.67549235 0.69675523
vn 0.2881339 0.025685191 0.9572456
vn -0.12813403 0.24182042 0.9618236
vn 0.76286715 0.5017991 0.40661183
vn 0.51641506 -0.41768163 0.7338293
vn 0.17435858 0.16518945 0.9307215
vn 0.6239989 -0.23732972 0.7142823
vn -0.34648368 -0.07468119 0.9287512
vn -0.6900963 -0.4948532 0.50890195
vn -0.9791678 -0.1496208 0.096372366
vn -0.49640536 0.16552298 0.84052503
vn -0.6161034 -0.25724545 0.73833334
vn -0.8666245 -0.054051936 0.49602467
vn -0.5065445 0.6500702 0.566411
vn -0.3032974 0.8167517 0.48797992
vn -0.18691292 0.3334851 0.91257125
vn -0.050130986 0.7116744 0.67283314
vn 0.20953268 0.7208681 0.5614636
vn 0.85022783 0.36042833 0.32194293
vn 0.5896499 0.67966247 -0.05945836
vn 0.8530705 0.38893312 -0.26749173
vn 0.85167104 -0.10611297 0.513222
vn 0.35424662 -0.6786504 0.6416371
vn 0.6586596 -0.69448245 0.28958872
vn 0.06935464 -0.9408085 -0.33176672
vn -0.21767783 0.6737182 -0.7062014
vn 0.1594789 -0.8959268 -0.4145859
vn 0.43350512 0.4778889 -0.76399994
vn 0.5172581 0.76252115 -0.25211424
vn 0.7173532 0.23064293 -0.48634714
vn -0.41517824 0.6930503 -0.57859033
vn -0.018359244 -0.19882011 -0.92366076
vn 0.9111562 -0.03276924 -0.10332159
vn 0.6753314 0.6302673 -0.054349564
vn 0.7365074 -0.48220006 -0.20155823
vn -0.39714062 -0.6293872 -0.5305769
vn 0.9238229 0.22689855 0.12893912
vn 0.69156814 0.6422086 0.19640043
vn 0.9421628 -0.17342444 0.023815073
vn 0.95551914 0.22236599 0.11591102
vn 0.74908924 0.64040554 0.15495276
vn 0.9368056 0.30946773 0.16031414
vn 0.30640292 0.9389565 0.06773332
vn 0.631408 0.6970861 0.26975483
vn 0.8324323 0.37792814 0.37035024
vn 0.97321415 -0.21487051 -0.030012168
vn 0.3772429 -0.7870865 -0.2420274
vn -0.2717064 -0.9042079 -0.08199152
vn -0.03134772 -0.91547215 0.28313464
vn 0.13929202 -0.9336374 0.05286467
vn 0.6448574 -0.6917678 -0.08652268
vn 0.8484122 -0.4645277 -0.1336436
vn 0.5284814 -0.82128435 -0.14886577
vn 0.70692134 -0.55057293 -0.4363013
vn 0.36702856 -0.73266053 -0.5007811
vn 0.9953015 -0.043035224 0.052792437
vn 0.69690084 -0.68181574 -0.19440025
vn 0.98867846 0.028417217 -0.12480217
vn 0.6136977 -0.17402396 -0.73720384
vn 0.9302593 0.22719422 0.28718075
vn 0.34779716 0.47743398 0.78437513
vn 0.9206763 0.060690857 -0.38557816
vn 0.60545737 -0.13546914 -0.7842631
vn 0.81691927 -0.28886396 -0.49919876
vn 0.99764985 0.062210664 -0.028701182
vn 0.53644454 0.7821125 0.31706035
vn 0.86120564 -0.5027019 0.07493138
vn 0.23619172 0.8521143 -0.46702713
vn -0.3032974 0.8167517 0.48797992
vn -0.5065445 0.6500702 0.566411
vn -0.40847695 0.90634567 0.09289497
vn -0.37975743 0.8708803 -0.10500101
vn -0.2892519 0.93737257 0.16281034
vn -0.23015794 0.95745915 -0.14040929
vn -0.60029346 0.7204427 0.05401756
vn -0.98291606 0.11730388 0.042818263
vn -0.78037876 0.12859309 -0.59596217
vn -0.7458406 0.46218887 -0.18503958
vn -0.21972537 0.7754288 -0.08868986
vn -0.56185156 0.14107507 -0.7240816
vn -0.9995284 -0.009422809 0.012867626
vn -0.5981525 0.18524018 -0.7256427
vn -0.9720716 0.11998976 -0.14336827
vn -0.228207 0.27619758 -0.88762844
vn -0.9792893 -0.07073487 -0.1214961
vn -0.016255379 0.058088437 -0.99182487
vn -0.98027784 0.1271923 0.0057230964
vn -0.75031644 -0.5985287 -0.18269618
vn -0.24521059 -0.70046264 -0.66796196
vn -0.54887944 -0.8245848 -0.11322054
vn -0.35190937 -0.9121731 -0.17138222
vn -0.8469928 -0.4688175 0.02095954
vn -0.94136167 -0.26593834 0.07548075
vn -0.9948948 0.0035994668 0.058642294
vn -0.9556278 -0.24326131 0.039189756
vn -0.6359191 -0.6304141 -0.10366772
vn -0.22739974 -0.8953308 0.057317056
vn -0.85176414 -0.3109132 0.35719323
vn -0.9534855 -0.071207196 0.28825358
vn -0.9720716 0.11998976 -0.14336827
vn -0.835234 -0.35889813 0.2984736
vn -0.9872415 0.12388191 0.07978901
vn -0.4117676 0.8706326 -0.04462664
vn -0.91771054 -0.38441148 -0.032293074
vn -0.9720927 0.18366568 -0.145954
vn -0.73456067 -0.67715824 -0.04333263
vn 0.1791583 0.93333834 -0.31109798
vn -0.7969078 -0.2755459 0.53759944
vn -0.8650129 0.44301817 -0.23555747
vn -0.32748637 0.80966794 -0.4870217
vn -0.81067115 -0.08661831 -0.5790591
vn -0.48385352 0.43881476 -0.7571837
vn -0.9791678 -0.1496208 0.096372366
vn -0.7452291 -0.13086244 0.6538414
vn -0.48716897 0.49668875 0.71716064
vn -0.9526541 -0.029910848 -0.29391423
vn -0.67966926 -0.7179018 0.008525819
vn -0.98223555 0.06907065 -0.11477213
vn -0.65011716 -0.6952593 -0.26628104
vn -0.91377985 0.06500173 -0.38283032
vn -0.49895328 -0.0005284846 -0.85038686
vn -0.4186058 0.08690393 -0.88928974
vn -0.9966484 0.039666682 0.03835071
vn -0.91318154 -0.39655906 0.06575948
vn -0.8373402 -0.5386101 -0.08964282
vn -0.68511075 -0.72835696 0.010916442
vn -0.83908176 -0.52635574 0.10919893
vn -0.46952468 -0.6681484 0.56831056
vn -0.95288706 -0.27006185 0.11124998
vn -0.32025373 -0.8849112 0.32675514
vn -0.91318154 -0.39655906 0.06575948
vn -0.8373402 -0.5386101 -0.08964282
vn -0.15642591 -0.7371086 0.6574205
vn -0.68511075 -0.72835696 0.010916442
vn -0.24133395 -0.67549235 0.69675523
vn 0.42285427 -0.8320787 0.35623685
vn 0.6582355 -0.7365622 -0.15557036
vn 0.4483432 -0.801027 -0.39666608
vn -0.12813403 0.24182042 0.9618236
vn 0.42553976 -0.8695582 0.22908089
vn 0.753618 -0.6252022 0.188022
vn -0.46952468 -0.6681484 0.56831056
vn 0.4815754 -0.65328676 0.570369
vn -0.22306412 -0.25733292 -0.9338305
vn -0.98051 -0.17027235 0.055503875
vn -0.22740957 -0.96583503 -0.015157968
vn 0.19000232 -0.6242578 -0.7527218
vn 0.24819076 0.26894683 -0.926588
vn -0.13483705 0.9287003 0.12602739
vn -0.37975743 0.8708803 -0.10500101
vn -0.60029346 0.7204427 0.05401756
vn -0.04350845 0.96131164 0.25757656
vn -0.2892519 0.93737257 0.16281034
vn -0.3032974 0.8167517 0.48797992
vn -0.050130986 0.7116744 0.67283314
vn -0.042347662 0.9637545 0.23630317
vn 0.20953268 0.7208681 0.5614636
vn 0.056243733 0.95234656 0.15739587
vn 0.07457699 0.93436325 0.09096574
vn 0.5896499 0.67966247 -0.05945836
vn 0.2058814 0.9298586 0.13088961
vn -0.0048517953 0.92564 0.25390083
vn 0.6753314 0.6302673 -0.054349564
vn 0.7173532 0.23064293 -0.48634714
vn 0.69156814 0.6422086 0.19640043
vn 0.8530705 0.38893312 -0.26749173
vn 0.5172581 0.76252115 -0.25211424
vn 0.17348284 0.95832175 -0.07138991
vn 0.74908924 0.64040554 0.15495276
vn 0.30640292 0.9389565 0.06773332
vn 0.9100688 0.4088504 -0.03348857
vn 0.85022783 0.36042833 0.32194293
vn 0.85167104 -0.10611297 0.513222
vn 0.93162435 0.31009322 -0.15776594
vn 0.19518784 0.8234332 -0.52881485
vn -0.17650065 0.83571863 -0.3263016
vn -0.21972537 0.7754288 -0.08868986
vn -0.31044367 0.8865078 -0.22725637
vn 0.4471387 0.47478124 -0.756668
vn -0.41773713 0.6835455 -0.59845585
vn -0.031576186 0.6465091 -0.7622527
vn 0.8308496 0.13743553 -0.53925943
vn 0.88377416 -0.4297947 0.18498665
vn 0.65961444 0.48769146 -0.571897
vn 0.83710384 -0.5222484 -0.16283152
vn -0.24476767 0.85990584 -0.4479406
vn 0.8646455 0.026324462 -0.50169265
vn 0.50809836 0.83221215 -0.22194369
vn -0.2909869 0.8966401 0.21085118
vn 0.631408 0.6970861 0.26975483
vn -0.9331506 0.29518366 -0.08838401
vn -0.35993922 0.7526908 0.46758604
vn 0.8324323 0.37792814 0.37035024
vn -0.47702622 0.40335318 -0.66508293
vn -0.08688691 -0.15479475 -0.93900394
vn -0.22895613 0.34195948 -0.6777895
vn -0.56185156 0.14107507 -0.7240816
vn -0.5981525 0.18524018 -0.7256427
vn 0.64668334 -0.04639688 -0.75485057
vn 0.72515565 -0.5852035 -0.21074621
vn 0.30944404 -0.6548053 -0.6433486
vn 0.19270578 0.05785188 -0.97309655
vn 0.12678652 0.11090124 -0.9810273
vn 0.83567375 -0.49853185 -0.22127587
vn 0.89333767 0.021667734 -0.44735688
vn 0.057602637 -0.0065749586 -0.98248357
vn 0.24819076 0.26894683 -0.926588
vn -0.49895328 -0.0005284846 -0.85038686
vn -0.067142524 -0.95676816 -0.24401458
vn -0.4186058 0.08690393 -0.88928974
vn -0.91377985 0.06500173 -0.38283032
vn -0.41486892 0.39832512 -0.8079891
vn -0.22306412 -0.25733292 -0.9338305
vn 0.6239989 -0.23732972 0.7142823
vn 0.30799428 -0.76653814 0.547448
vn 0.51641506 -0.41768163 0.7338293
vn 0.6734398 -0.70542544 0.14835627
vn 0.9033773 -0.41136596 0.08107229
vn 0.2881339 0.025685191 0.9572456
vn 0.9162735 -0.34152883 0.10355012
vn 0.72515565 -0.5852035 -0.21074621
vn 0.8958868 -0.43582833 -0.019274004
vn 0.64668334 -0.04639688 -0.75485057
vn 0.83567375 -0.49853185 -0.22127587
vn 0.42553976 -0.8695582 0.22908089
vn 0.753618 -0.6252022 0.188022
vn 0.4815754 -0.65328676 0.570369
vn 0.42285427 -0.8320787 0.35623685
vn 0.89333767 0.021667734 -0.44735688
vn 0.61136544 -0.6379385 0.4524852
vn 0.19000232 -0.6242578 -0.7527218
vn 0.6582355 -0.7365622 -0.15557036
vn 0.9033773 -0.41136596 0.08107229
vn 0.4483432 -0.801027 -0.39666608
vn -0.38469246 -0.6780831 0.46192414
vn -0.85176414 -0.3109132 0.35719323
vn -0.6359191 -0.6304141 -0.10366772
vn -0.13147438 -0.7942045 -0.33695778
vn 0.058640815 -0.7240036 0.5526283
vn 0.15639436 -0.69322044 -0.50950724
vn 0.36300445 -0.771103 0.27071634
vn 0.36702856 -0.73266053 -0.5007811
vn 0.10290335 -0.93615925 -0.04130914
vn 0.70692134 -0.55057293 -0.4363013
vn 0.18867034 -0.7387835 -0.6423501
vn -0.23067532 -0.6150929 -0.6078864
vn 0.70005906 -0.5548488 -0.18855838
vn -0.57572734 -0.30786687 -0.6560799
vn 0.36234117 0.052950338 -0.7087617
vn -0.47702622 0.40335318 -0.66508293
vn 0.70692134 -0.55057293 -0.4363013
vn 0.97321415 -0.21487051 -0.030012168
vn 0.69690084 -0.68181574 -0.19440025
vn 0.18867034 -0.7387835 -0.6423501
vn 0.06957807 -0.7280845 -0.5943546
vn 0.6136977 -0.17402396 -0.73720384
vn -0.23067532 -0.6150929 -0.6078864
vn -0.55645 -0.4875256 -0.62389994
vn -0.7898462 0.3040712 0.50697166
vn -0.20258266 0.7994431 0.56555325
vn -0.38969254 0.41619828 0.8074409
vn -0.95352703 0.280584 -0.10980799
vn -0.5246721 0.79454243 -0.3056488
vn -0.9159605 -0.06194739 -0.3952872
vn -0.9331506 0.29518366 -0.08838401
vn -0.9086286 -0.16789576 -0.38236728
vn -0.9291069 -0.067268655 -0.3636412
vn -0.3462542 -0.9187022 -0.18998572
vn -0.63615286 -0.17181972 -0.7521887
vn -0.8362931 -0.10131386 -0.5126639
vn -0.47702622 0.40335318 -0.66508293
vn -0.31044367 0.8865078 -0.22725637
vn -0.57572734 -0.30786687 -0.6560799
vn -0.55645 -0.4875256 -0.62389994
vn -0.23067532 -0.6150929 -0.6078864
vn -0.9331506 0.29518366 -0.08838401
vn -0.7898462 0.3040712 0.50697166
vn -0.35993922 0.7526908 0.46758604
vn -0.38969254 0.41619828 0.8074409
vn 0.34779716 0.47743398 0.78437513
vn -0.20258266 0.7994431 0.56555325
vn 0.53644454 0.7821125 0.31706035
vn -0.5246721 0.79454243 -0.3056488
vn 0.9302593 0.22719422 0.28718075
vn -0.042347662 0.9637545 0.23630317
vn -0.21972537 0.7754288 -0.08868986
vn -0.0048517953 0.92564 0.25390083
vn -0.13483705 0.9287003 0.12602739
vn -0.39714062 -0.6293872 -0.5305769
vn -0.2717064 -0.9042079 -0.08199152
vn -0.60892624 -0.7460202 0.26420212
vn -0.9597391 0.18166086 -0.21108797
vn -0.018359244 -0.19882011 -0.92366076
vn -0.39714062 -0.6293872 -0.5305769
vn -0.9597391 0.18166086 -0.21108797
vn -0.41517824 0.6930503 -0.57859033
vn -0.41773713 0.6835455 -0.59845585
vn 0.19518784 0.8234332 -0.52881485
vn 0.5172581 0.76252115 -0.25211424
vn -0.7707191 0.63134265 -0.08601731
vn -0.031576186 0.6465091 -0.7622527
vn -0.8890605 0.2148659 -0.40423334
vn -0.9852081 -0.13696353 0.10298723
vn -0.9597391 0.18166086 -0.21108797
vn -0.41773713 0.6835455 -0.59845585
vn -0.36716935 0.66561264 0.64972806
vn -0.55254596 0.82832885 0.09254372
vn -0.28335994 0.8880715 -0.3619896
vn -0.7707191 0.63134265 -0.08601731
vn -0.031576186 0.6465091 -0.7622527
vn -0.24476767 0.85990584 -0.4479406
vn -0.31745353 0.7989204 -0.5108322
vn -0.7098123 0.66520226 0.23167391
vn -0.36183497 -0.9160434 -0.17303163
vn -0.14743046 0.9520687 -0.2680102
vn -0.6927395 -0.66945016 0.26823214
vn -0.835234 -0.35889813 0.2984736
vn -0.41736847 -0.3559361 0.80366105
vn 0.07332793 -0.5994728 0.7170038
vn 0.058640815 -0.7240036 0.5526283
vn -0.38469246 -0.6780831 0.46192414
vn -0.85176414 -0.3109132 0.35719323
vn -0.9534855 -0.071207196 0.28825358
vn 0.8396208 -0.2234262 -0.3755635
vn 0.36234117 0.052950338 -0.7087617
vn 0.8075984 0.05338365 -0.5524031
vn 0.9558057 -0.21572533 -0.19884883
vn 0.70005906 -0.5548488 -0.18855838
vn 0.91563576 0.33300996 -0.22520196
vn 0.38316628 0.76740885 -0.27913362
vn 0.7120216 -0.66134316 -0.16946672
vn 0.64369065 -0.63845503 0.26910222
vn 0.36300445 -0.771103 0.27071634
vn 0.82112235 -0.5661936 -0.0719932
vn 0.254238 -0.96697867 -0.01775752
vn 0.4297933 -0.8992321 -0.08160621
vn 0.9130078 -0.35688242 -0.1976158
vn 0.72928286 0.45480576 -0.5111736
vn 0.9693821 -0.24522793 0.012704782
vn 0.415468 -0.68873286 0.5941658
vn -0.025323682 -0.10032487 -0.9946325
vn 0.7842825 -0.40391505 0.470907
vn 0.07855439 -0.44104493 -0.8940407
vn -0.55645 -0.4875256 -0.62389994
vn 0.06957807 -0.7280845 -0.5943546
vn -0.24852872 -0.18227825 -0.95131934
vn 0.6136977 -0.17402396 -0.73720384
vn -0.63615286 -0.17181972 -0.7521887
vn -0.24852872 -0.18227825 -0.95131934
vn -0.1650912 -0.2362512 -0.95756483
vn 0.60545737 -0.13546914 -0.7842631
vn 0.6136977 -0.17402396 -0.73720384
vn -0.91771054 -0.38441148 -0.032293074
vn -0.835234 -0.35889813 0.2984736
vn -0.34974158 -0.9287565 -0.12285179
vn -0.73456067 -0.67715824 -0.04333263
vn 0.254238 -0.96697867 -0.01775752
vn 0.4297933 -0.8992321 -0.08160621
vn 0.7120216 -0.66134316 -0.16946672
vn 0.254238 -0.96697867 -0.01775752
vn -0.34974158 -0.9287565 -0.12285179
vn 0.64369065 -0.63845503 0.26910222
vn 0.07332793 -0.5994728 0.7170038
vn -0.835234 -0.35889813 0.2984736
vn 0.36300445 -0.771103 0.27071634
vn 0.058640815 -0.7240036 0.5526283
vn -0.32748637 0.80966794 -0.4870217
vn -0.48385352 0.43881476 -0.7571837
vn 0.72928286 0.45480576 -0.5111736
vn 0.1791583 0.93333834 -0.31109798
vn 0.91563576 0.33300996 -0.22520196
vn 0.38316628 0.76740885 -0.27913362
vn -0.4117676 0.8706326 -0.04462664
vn 0.03713768 0.46665475 -0.79824257
vn 0.72928286 0.45480576 -0.5111736
vn -0.48385352 0.43881476 -0.7571837
vn -0.025323682 -0.10032487 -0.9946325
vn -0.81067115 -0.08661831 -0.5790591
vn 0.07855439 -0.44104493 -0.8940407
vn -0.40401834 -0.5641867 0.7200437
vn 0.7842825 -0.40391505 0.470907
vn 0.7842825 -0.40391505 0.470907
vn -0.40401834 -0.5641867 0.7200437
vn 0.415468 -0.68873286 0.5941658
vn -0.7969078 -0.2755459 0.53759944
vn -0.81067115 -0.08661831 -0.5790591
vn -0.5065445 0.6500702 0.566411
vn -0.8666245 -0.054051936 0.49602467
vn -0.92676723 0.12096312 0.3555816
vn -0.90765643 -0.4139365 0.052709073
vn -0.9004339 -0.36677036 0.2338768
vn -0.87842476 -0.20542964 0.43106663
vn -0.55500734 0.67271173 0.48738545
vn 0.9019539 0.13217653 -0.41097954
vn 0.8497147 0.3227991 -0.4031254
vn 0.63236165 0.73380214 -0.24596015
vn 0.76051193 -0.32511032 -0.5616639
vn 0.62587065 -0.40643156 -0.6656519
vn -0.016255379 0.058088437 -0.99182487
vn -0.69378644 0.6346283 0.3403253
vn -0.09823905 0.99113727 0.079989165
vn -0.55500734 0.67271173 0.48738545
vn -0.87842476 -0.20542964 0.43106663
vn -0.8258115 -0.3971401 0.4003937
vn 0.76051193 -0.32511032 -0.5616639
vn 0.62587065 -0.40643156 -0.6656519
vn -0.1499773 -0.85331607 -0.4961678
vn -0.24521059 -0.70046264 -0.66796196
vn -0.016255379 0.058088437 -0.99182487
vn -0.5508768 -0.78181475 -0.29009998
vn -0.54887944 -0.8245848 -0.11322054
vn 0.64027965 0.40574247 -0.65223855
vn 0.62587065 -0.40643156 -0.6656519
vn 0.9019539 0.13217653 -0.41097954
vn 0.89317894 -0.032368302 -0.44853526
vn 0.39940172 -0.8045045 -0.43960306
vn 0.044712797 -0.9464706 -0.31967837
vn 0.55781174 -0.67130905 0.4880476
vn 0.89317894 -0.032368302 -0.44853526
vn 0.8739528 0.48490146 -0.03281814
vn 0.23064251 0.97066647 -0.06790081
vn 0.23064251 0.97066647 -0.06790081
vn 0.89317894 -0.032368302 -0.44853526
vn 0.64027965 0.40574247 -0.65223855
vn 0.63236165 0.73380214 -0.24596015
vn 0.9019539 0.13217653 -0.41097954
vn -0.09823905 0.99113727 0.079989165
vn -0.69378644 0.6346283 0.3403253
vn -0.7923287 0.5978685 0.121526256
vn -0.504477 0.8566111 0.10826148
vn 0.7666497 0.6293202 0.12729555
vn -0.43141752 0.7408005 -0.5148727
vn 0.34488693 0.91575205 0.19116898
vn -0.55500734 0.67271173 0.48738545
vn 0.8497147 0.3227991 -0.4031254
vn -0.23015794 0.95745915 -0.14040929
vn -0.78037876 0.12859309 -0.59596217
vn -0.1615449 0.89576316 0.41322964
vn -0.40847695 0.90634567 0.09289497
vn -0.5065445 0.6500702 0.566411
vn -0.4791775 0.089602396 -0.87313247
vn 0.7666497 0.6293202 0.12729555
vn 0.43405756 -0.6558678 -0.6176015
vn -0.43141752 0.7408005 -0.5148727
vn -0.504477 0.8566111 0.10826148
vn -0.08270907 -0.9965285 -0.009500027
vn -0.23035842 -0.94455105 -0.23400515
vn -0.6054558 0.29506552 -0.7391614
vn 0.55781174 -0.67130905 0.4880476
vn 0.89317894 -0.032368302 -0.44853526
vn -0.8181149 -0.2253426 -0.52861613
vn -0.68511075 -0.72835696 0.010916442
vn -0.9526541 -0.029910848 -0.29391423
vn -0.56820714 0.81954783 0.05449815
vn 0.7772442 0.5153615 -0.36096266
vn -0.80384064 0.5285735 -0.27285624
vn 0.15562296 -0.07752083 -0.98477
vn -0.4791775 0.089602396 -0.87313247
vn 0.94187826 0.20416534 -0.26679927
vn 0.66841495 0.6885602 -0.28125864
vn 0.43350512 0.4778889 -0.76399994
vn -0.21767783 0.6737182 -0.7062014
vn -0.14481336 0.3530779 -0.9243189
vn -0.7091425 -0.66333306 0.23896922
vn 0.1594789 -0.8959268 -0.4145859
vn -0.7091425 -0.66333306 0.23896922
vn -0.12649629 -0.9535593 0.273356
vn 0.43350512 0.4778889 -0.76399994
vn -0.44830438 -0.75069535 -0.48526287
vn -0.048188984 0.28678262 -0.95678294
vn -0.9291069 -0.067268655 -0.3636412
vn 0.07172474 0.76094913 -0.6448347
vn 0.05828572 0.2725642 -0.9603704
vn 0.45879158 -0.8456811 -0.27264115
vn -0.5246721 0.79454243 -0.3056488
vn 0.23619172 0.8521143 -0.46702713
vn 0.53644454 0.7821125 0.31706035
vn -0.41007075 -0.8590295 -0.30644765
vn 0.6163609 -0.7843941 0.0694656
vn 0.24562469 0.5712087 -0.7831917
vn 0.05821103 -0.48153144 -0.87449354
vn 0.94187826 0.20416534 -0.26679927
vn 0.6081103 0.77273065 -0.1819041
vn 0.99635404 0.06780101 -0.051783353
vn 0.24562469 0.5712087 -0.7831917
vn 0.6163609 -0.7843941 0.0694656
vn 0.30629444 -0.95080584 -0.046391048
vn -0.91377985 0.06500173 -0.38283032
vn -0.83908176 -0.52635574 0.10919893
vn -0.95288706 -0.27006185 0.11124998
vn -0.41486892 0.39832512 -0.8079891
vn -0.98051 -0.17027235 0.055503875
vn -0.22306412 -0.25733292 -0.9338305
vn 0.09134047 0.46545097 0.8798729
vn -0.48716897 0.49668875 0.71716064
vn -0.042732716 0.027335435 0.9987125
vn -0.56820714 0.81954783 0.05449815
vn -0.46952468 -0.6681484 0.56831056
vn -0.22740957 -0.96583503 -0.015157968
vn -0.98051 -0.17027235 0.055503875
vn -0.95288706 -0.27006185 0.11124998
vn 0.4815754 -0.65328676 0.570369
vn 0.61136544 -0.6379385 0.4524852
vn -0.22740957 -0.96583503 -0.015157968
vn -0.46952468 -0.6681484 0.56831056
vn 0.07137977 -0.96901333 -0.076565966
vn 0.13929202 -0.9336374 0.05286467
vn 0.3772429 -0.7870865 -0.2420274
vn 0.6448574 -0.6917678 -0.08652268
vn -0.36716935 0.66561264 0.64972806
vn -0.7707191 0.63134265 -0.08601731
vn -0.5373636 -0.21327619 0.8159374
vn -0.385098 -0.82191163 0.41971526
vn -0.55254596 0.82832885 0.09254372
vn 0.078605056 -0.54216003 -0.8365905
vn -0.228207 0.27619758 -0.88762844
vn -0.9720716 0.11998976 -0.14336827
vn 0.03713768 0.46665475 -0.79824257
vn 0.21571057 0.37165833 -0.717776
vn -0.08688691 -0.15479475 -0.93900394
vn 0.36234117 0.052950338 -0.7087617
vn 0.8075984 0.05338365 -0.5524031
vn 0.38316628 0.76740885 -0.27913362
vn 0.4297933 -0.8992321 -0.08160621
vn 0.415468 -0.68873286 0.5941658
vn -0.73456067 -0.67715824 -0.04333263
vn 0.9130078 -0.35688242 -0.1976158
vn -0.5065445 0.6500702 0.566411
vn -0.92676723 0.12096312 0.3555816
vn -0.1615449 0.89576316 0.41322964
vn -0.55500734 0.67271173 0.48738545
vn 0.34488693 0.91575205 0.19116898
vn 0.99635404 0.06780101 -0.051783353
vn 0.059670717 -0.2516364 -0.9659806
vn 0.8739528 0.48490146 -0.03281814
vn 0.9542886 0.2849985 -0.09005043
vn 0.23064251 0.97066647 -0.06790081
vn -0.6054558 0.29506552 -0.7391614
vn 0.84726393 0.5310433 0.01170364
vn 0.8739528 0.48490146 -0.03281814
vn 0.059670717 -0.2516364 -0.9659806
g 1.1250_0
f 3/3/3 2/2/2 1/1/1
f 6/6/6 5/5/5 4/4/4
f 9/9/9 8/8/8 7/7/7
f 12/12/12 11/11/11 10/10/10
f 15/15/15 14/14/14 13/13/13
f 18/18/18 17/17/17 16/16/16
f 21/21/21 20/20/20 19/19/19
f 24/24/24 23/23/23 22/22/22
f 27/27/27 26/26/26 25/25/25
f 30/30/30 29/29/29 28/28/28
f 33/33/33 32/32/32 31/31/31
f 36/36/36 35/35/35 34/34/34
f 39/39/39 38/38/38 37/37/37
f 42/42/42 41/41/41 40/40/40
f 45/45/45 44/44/44 43/43/43
f 48/48/48 47/47/47 46/46/46
f 51/51/51 50/50/50 49/49/49
f 54/54/54 53/53/53 52/52/52
f 57/57/57 56/56/56 55/55/55
f 60/60/60 59/59/59 58/58/58
f 63/63/63 62/62/62 61/61/61
f 66/66/66 65/65/65 64/64/64
f 69/69/69 68/68/68 67/67/67
f 72/72/72 71/71/71 70/70/70
f 75/75/75 74/74/74 73/73/73
f 78/78/78 77/77/77 76/76/76
f 81/81/81 80/80/80 79/79/79
f 84/84/84 83/83/83 82/82/82
f 87/87/87 86/86/86 85/85/85
f 90/90/90 89/89/89 88/88/88
f 93/93/93 92/92/92 91/91/91
f 96/96/96 95/95/95 94/94/94
f 99/99/99 98/98/98 97/97/97
f 102/102/102 101/101/101 100/100/100
f 105/105/105 104/104/104 103/103/103
f 107/107/107 106/106/106 104/104/104
f 104/104/104 106/106/106 108/108/108
f 109/109/109 108/108/108 106/106/106
f 110/110/110 109/109/109 106/106/106
f 108/108/108 109/109/109 111/111/111
f 109/109/109 112/112/112 111/111/111
f 111/111/111 113/113/113 108/108/108
f 108/108/108 113/113/113 114/114/114
f 104/104/104 108/108/108 114/114/114
f 104/104/104 114/114/114 115/115/115
f 104/104/104 115/115/115 116/116/116
f 117/117/117 104/104/104 116/116/116
f 118/118/118 117/117/117 116/116/116
f 118/118/118 119/119/119 117/117/117
f 120/120/120 119/119/119 118/118/118
f 112/112/112 121/121/121 111/111/111
f 121/121/121 112/112/112 122/122/122
f 123/123/123 122/122/122 112/112/112
f 121/121/121 122/122/122 124/124/124
f 124/124/124 125/125/125 121/121/121
f 122/122/122 126/126/126 124/124/124
f 127/127/127 126/126/126 122/122/122
f 122/122/122 123/123/123 127/127/127
f 128/128/128 126/126/126 127/127/127
f 127/127/127 123/123/123 129/129/129
f 129/129/129 123/123/123 130/130/130
f 129/129/129 130/130/130 131/131/131
f 129/129/129 131/131/131 132/132/132
f 133/133/133 131/131/131 130/130/130
f 133/133/133 130/130/130 134/134/134
f 135/135/135 131/131/131 133/133/133
f 135/135/135 136/136/136 131/131/131
f 134/134/134 137/137/137 133/133/133
f 137/137/137 135/135/135 133/133/133
f 138/138/138 137/137/137 134/134/134
f 135/135/135 139/139/139 136/136/136
f 140/140/140 136/136/136 139/139/139
f 141/141/141 140/140/140 139/139/139
f 141/141/141 142/142/142 140/140/140
f 143/143/143 142/142/142 141/141/141
f 143/143/143 141/141/141 144/144/144
f 145/145/145 143/143/143 144/144/144
f 146/146/146 144/144/144 141/141/141
f 147/147/147 146/146/146 141/141/141
f 148/148/148 146/146/146 147/147/147
f 135/135/135 137/137/137 149/149/149
f 149/149/149 137/137/137 150/150/150
f 150/150/150 137/137/137 151/151/151
f 149/149/149 152/152/152 135/135/135
f 135/135/135 152/152/152 153/153/153
f 152/152/152 149/149/149 154/154/154
f 157/157/157 156/156/156 155/155/155
f 160/160/160 159/159/159 158/158/158
f 163/163/163 162/162/162 161/161/161
f 166/166/166 165/165/165 164/164/164
f 169/169/169 168/168/168 167/167/167
f 172/172/172 171/171/171 170/170/170
f 175/175/175 174/174/174 173/173/173
f 178/178/178 177/177/177 176/176/176
f 181/181/181 180/180/180 179/179/179
f 184/184/184 183/183/183 182/182/182
f 187/187/187 186/186/186 185/185/185
f 190/190/190 189/189/189 188/188/188
f 193/193/193 192/192/192 191/191/191
f 196/196/196 195/195/195 194/194/194
f 199/199/199 198/198/198 197/197/197
f 202/202/202 201/201/201 200/200/200
f 205/205/205 204/204/204 203/203/203
f 208/208/208 207/207/207 206/206/206
f 211/211/211 210/210/210 209/209/209
f 214/214/214 213/213/213 212/212/212
f 217/217/217 216/216/216 215/215/215
f 220/220/220 219/219/219 218/218/218
f 223/223/223 222/222/222 221/221/221
f 226/226/226 225/225/225 224/224/224
f 229/229/229 228/228/228 227/227/227
f 232/232/232 231/231/231 230/230/230
f 235/235/235 234/234/234 233/233/233
f 238/238/238 237/237/237 236/236/236
f 241/241/241 240/240/240 239/239/239
f 244/244/244 243/243/243 242/242/242
f 247/247/247 246/246/246 245/245/245
f 250/250/250 249/249/249 248/248/248
f 253/253/253 252/252/252 251/251/251
f 253/253/253 251/251/251 254/254/254
f 257/257/257 256/256/256 255/255/255
f 257/257/257 255/255/255 258/258/258
f 259/259/259 258/258/258 255/255/255
f 260/260/260 259/259/259 255/255/255
f 261/261/261 260/260/260 255/255/255
f 262/262/262 261/261/261 255/255/255
f 258/258/258 259/259/259 263/263/263
f 259/259/259 264/264/264 263/263/263
f 263/263/263 265/265/265 258/258/258
f 266/266/266 265/265/265 263/263/263
f 269/269/269 268/268/268 267/267/267
f 267/267/267 268/268/268 270/270/270
f 267/267/267 270/270/270 271/271/271
f 271/271/271 272/272/272 267/267/267
f 271/271/271 270/270/270 273/273/273
f 273/273/273 274/274/274 271/271/271
f 271/271/271 274/274/274 275/275/275
f 278/278/278 277/277/277 276/276/276
f 278/278/278 276/276/276 279/279/279
f 282/282/282 281/281/281 280/280/280
f 283/283/283 281/281/281 282/282/282
f 284/284/284 281/281/281 283/283/283
f 284/284/284 283/283/283 285/285/285
f 282/282/282 286/286/286 283/283/283
f 286/286/286 287/287/287 283/283/283
f 287/287/287 288/288/288 283/283/283
f 288/288/288 289/289/289 283/283/283
f 289/289/289 290/290/290 283/283/283
f 291/291/291 289/289/289 288/288/288
f 287/287/287 286/286/286 292/292/292
f 292/292/292 293/293/293 287/287/287
f 292/292/292 286/286/286 294/294/294
f 286/286/286 295/295/295 294/294/294
f 292/292/292 294/294/294 296/296/296
f 294/294/294 297/297/297 296/296/296
f 298/298/298 297/297/297 294/294/294
f 298/298/298 299/299/299 297/297/297
f 297/297/297 300/300/300 296/296/296
f 299/299/299 300/300/300 297/297/297
f 301/301/301 300/300/300 299/299/299
f 302/302/302 301/301/301 299/299/299
f 300/300/300 303/303/303 296/296/296
f 296/296/296 303/303/303 304/304/304
f 303/303/303 300/300/300 305/305/305
f 308/308/308 307/307/307 306/306/306
f 306/306/306 307/307/307 309/309/309
f 312/312/312 311/311/311 310/310/310
f 313/313/313 312/312/312 310/310/310
f 314/314/314 312/312/312 313/313/313
f 310/310/310 315/315/315 313/313/313
f 310/310/310 316/316/316 315/315/315
f 315/315/315 317/317/317 313/313/313
f 318/318/318 313/313/313 317/317/317
f 318/318/318 319/319/319 313/313/313
f 320/320/320 319/319/319 318/318/318
f 320/320/320 321/321/321 319/319/319
f 321/321/321 322/322/322 319/319/319
f 313/313/313 319/319/319 322/322/322
f 323/323/323 313/313/313 322/322/322
f 324/324/324 323/323/323 322/322/322
f 327/327/327 326/326/326 325/325/325
f 326/326/326 328/328/328 325/325/325
f 331/331/331 330/330/330 329/329/329
f 329/329/329 332/332/332 331/331/331
f 333/333/333 332/332/332 329/329/329
f 334/334/334 333/333/333 329/329/329
f 335/335/335 334/334/334 329/329/329
f 334/334/334 335/335/335 336/336/336
f 337/337/337 336/336/336 335/335/335
f 338/338/338 332/332/332 333/333/333
f 338/338/338 339/339/339 332/332/332
f 338/338/338 340/340/340 339/339/339
f 341/341/341 339/339/339 340/340/340
f 332/332/332 339/339/339 342/342/342
f 332/332/332 342/342/342 343/343/343
f 344/344/344 343/343/343 342/342/342
f 332/332/332 345/345/345 331/331/331
f 332/332/332 343/343/343 345/345/345
f 345/345/345 346/346/346 331/331/331
f 346/346/346 347/347/347 331/331/331
f 345/345/345 348/348/348 346/346/346
f 349/349/349 346/346/346 348/348/348
f 349/349/349 348/348/348 350/350/350
f 350/350/350 348/348/348 351/351/351
f 351/351/351 348/348/348 352/352/352
f 348/348/348 345/345/345 353/353/353
f 348/348/348 353/353/353 352/352/352
f 353/353/353 345/345/345 343/343/343
f 354/354/354 352/352/352 353/353/353
f 353/353/353 343/343/343 354/354/354
f 343/343/343 355/355/355 354/354/354
f 355/355/355 343/343/343 356/356/356
f 344/344/344 356/356/356 343/343/343
f 357/357/357 355/355/355 356/356/356
f 358/358/358 357/357/357 356/356/356
f 359/359/359 356/356/356 344/344/344
f 359/359/359 344/344/344 360/360/360
f 359/359/359 360/360/360 361/361/361
f 364/364/364 363/363/363 362/362/362
f 363/363/363 364/364/364 365/365/365
f 368/368/368 367/367/367 366/366/366
f 367/367/367 368/368/368 369/369/369
f 370/370/370 367/367/367 369/369/369
f 371/371/371 367/367/367 370/370/370
f 369/369/369 372/372/372 370/370/370
f 373/373/373 372/372/372 369/369/369
f 370/370/370 374/374/374 371/371/371
f 374/374/374 375/375/375 371/371/371
f 374/374/374 370/370/370 376/376/376
f 376/376/376 370/370/370 372/372/372
f 374/374/374 377/377/377 375/375/375
f 376/376/376 377/377/377 374/374/374
f 375/375/375 377/377/377 378/378/378
f 378/378/378 377/377/377 379/379/379
f 378/378/378 379/379/379 380/380/380
f 379/379/379 381/381/381 380/380/380
f 382/382/382 381/381/381 379/379/379
f 377/377/377 376/376/376 383/383/383
f 379/379/379 377/377/377 383/383/383
f 372/372/372 373/373/373 384/384/384
f 373/373/373 385/385/385 384/384/384
f 384/384/384 385/385/385 386/386/386
f 387/387/387 384/384/384 386/386/386
f 384/384/384 388/388/388 372/372/372
f 372/372/372 389/389/389 376/376/376
f 388/388/388 389/389/389 372/372/372
f 383/383/383 376/376/376 389/389/389
f 388/388/388 390/390/390 389/389/389
f 390/390/390 391/391/391 389/389/389
f 389/389/389 391/391/391 383/383/383
f 392/392/392 391/391/391 390/390/390
f 383/383/383 393/393/393 379/379/379
f 394/394/394 393/393/393 383/383/383
f 393/393/393 382/382/382 379/379/379
f 394/394/394 395/395/395 393/393/393
f 395/395/395 382/382/382 393/393/393
f 396/396/396 395/395/395 394/394/394
f 397/397/397 382/382/382 395/395/395
f 382/382/382 397/397/397 398/398/398
f 399/399/399 395/395/395 396/396/396
f 399/399/399 397/397/397 395/395/395
f 400/400/400 399/399/399 396/396/396
f 401/401/401 399/399/399 400/400/400
f 402/402/402 397/397/397 399/399/399
f 399/399/399 401/401/401 402/402/402
f 397/397/397 402/402/402 403/403/403
f 404/404/404 402/402/402 401/401/401
f 404/404/404 403/403/403 402/402/402
f 403/403/403 404/404/404 405/405/405
f 408/408/408 407/407/407 406/406/406
f 408/408/408 406/406/406 409/409/409
f 410/410/410 409/409/409 406/406/406
f 411/411/411 408/408/408 409/409/409
f 412/412/412 411/411/411 409/409/409
f 412/412/412 413/413/413 411/411/411
f 413/413/413 414/414/414 411/411/411
f 415/415/415 413/413/413 412/412/412
f 412/412/412 416/416/416 415/415/415
f 415/415/415 416/416/416 417/417/417
f 415/415/415 417/417/417 418/418/418
f 418/418/418 417/417/417 419/419/419
f 420/420/420 418/418/418 419/419/419
f 419/419/419 421/421/421 420/420/420
f 422/422/422 414/414/414 413/413/413
f 423/423/423 414/414/414 422/422/422
f 424/424/424 415/415/415 418/418/418
f 413/413/413 415/415/415 424/424/424
f 425/425/425 423/423/423 422/422/422
f 425/425/425 426/426/426 423/423/423
f 427/427/427 426/426/426 425/425/425
f 428/428/428 427/427/427 425/425/425
f 422/422/422 429/429/429 425/425/425
f 413/413/413 430/430/430 422/422/422
f 422/422/422 430/430/430 429/429/429
f 424/424/424 431/431/431 413/413/413
f 413/413/413 431/431/431 430/430/430
f 432/432/432 431/431/431 424/424/424
f 418/418/418 432/432/432 424/424/424
f 431/431/431 432/432/432 430/430/430
f 430/430/430 433/433/433 429/429/429
f 433/433/433 434/434/434 429/429/429
f 433/433/433 430/430/430 435/435/435
f 432/432/432 435/435/435 430/430/430
f 435/435/435 432/432/432 418/418/418
f 435/435/435 418/418/418 436/436/436
f 436/436/436 418/418/418 437/437/437
f 436/436/436 437/437/437 438/438/438
f 438/438/438 437/437/437 439/439/439
f 439/439/439 437/437/437 440/440/440
f 441/441/441 438/438/438 439/439/439
f 442/442/442 439/439/439 440/440/440
f 439/439/439 442/442/442 441/441/441
f 443/443/443 441/441/441 442/442/442
f 444/444/444 442/442/442 440/440/440
f 445/445/445 443/443/443 442/442/442
f 442/442/442 444/444/444 446/446/446
f 442/442/442 446/446/446 445/445/445
f 444/444/444 447/447/447 446/446/446
f 445/445/445 446/446/446 448/448/448
f 447/447/447 449/449/449 446/446/446
f 448/448/448 446/446/446 449/449/449
f 452/452/452 451/451/451 450/450/450
f 453/453/453 452/452/452 450/450/450
f 454/454/454 453/453/453 450/450/450
f 454/454/454 455/455/455 453/453/453
f 454/454/454 456/456/456 455/455/455
f 456/456/456 457/457/457 455/455/455
f 457/457/457 456/456/456 458/458/458
f 459/459/459 457/457/457 458/458/458
f 460/460/460 455/455/455 457/457/457
f 460/460/460 453/453/453 455/455/455
f 460/460/460 457/457/457 461/461/461
f 460/460/460 461/461/461 462/462/462
f 460/460/460 462/462/462 453/453/453
f 453/453/453 462/462/462 463/463/463
f 466/466/466 465/465/465 464/464/464
f 464/464/464 465/465/465 467/467/467
f 468/468/468 464/464/464 467/467/467
f 467/467/467 469/469/469 468/468/468
f 469/469/469 467/467/467 470/470/470
f 469/469/469 470/470/470 471/471/471
f 470/470/470 467/467/467 472/472/472
f 473/473/473 472/472/472 467/467/467
f 473/473/473 474/474/474 472/472/472
f 472/472/472 474/474/474 475/475/475
f 476/476/476 472/472/472 475/475/475
f 477/477/477 473/473/473 467/467/467
f 478/478/478 473/473/473 477/477/477
f 467/467/467 479/479/479 477/477/477
f 480/480/480 477/477/477 479/479/479
f 483/483/483 482/482/482 481/481/481
f 484/484/484 483/483/483 481/481/481
f 484/484/484 481/481/481 485/485/485
f 488/488/488 487/487/487 486/486/486
f 486/486/486 487/487/487 489/489/489
f 487/487/487 490/490/490 489/489/489
f 490/490/490 491/491/491 489/489/489
f 491/491/491 492/492/492 489/489/489
f 486/486/486 489/489/489 493/493/493
f 492/492/492 494/494/494 489/489/489
f 494/494/494 495/495/495 489/489/489
f 489/489/489 495/495/495 493/493/493
f 496/496/496 495/495/495 494/494/494
f 493/493/493 495/495/495 496/496/496
f 496/496/496 494/494/494 497/497/497
f 493/493/493 496/496/496 498/498/498
f 497/497/497 498/498/498 496/496/496
f 498/498/498 499/499/499 493/493/493
f 500/500/500 498/498/498 497/497/497
f 501/501/501 500/500/500 497/497/497
f 498/498/498 500/500/500 502/502/502
f 499/499/499 498/498/498 502/502/502
f 503/503/503 501/501/501 497/497/497
f 503/503/503 504/504/504 501/501/501
f 505/505/505 499/499/499 502/502/502
f 506/506/506 505/505/505 502/502/502
f 505/505/505 506/506/506 507/507/507
f 504/504/504 503/503/503 508/508/508
f 508/508/508 503/503/503 509/509/509
f 508/508/508 509/509/509 510/510/510
f 504/504/504 508/508/508 511/511/511
f 511/511/511 512/512/512 504/504/504
f 513/513/513 499/499/499 505/505/505
f 513/513/513 514/514/514 499/499/499
f 507/507/507 515/515/515 505/505/505
f 515/515/515 513/513/513 505/505/505
f 512/512/512 511/511/511 516/516/516
f 517/517/517 512/512/512 516/516/516
f 517/517/517 516/516/516 518/518/518
f 519/519/519 516/516/516 511/511/511
f 519/519/519 518/518/518 516/516/516
f 519/519/519 511/511/511 520/520/520
f 518/518/518 519/519/519 521/521/521
f 522/522/522 521/521/521 519/519/519
f 523/523/523 518/518/518 521/521/521
f 521/521/521 522/522/522 524/524/524
f 523/523/523 521/521/521 524/524/524
f 525/525/525 523/523/523 524/524/524
f 515/515/515 507/507/507 526/526/526
f 527/527/527 526/526/526 507/507/507
f 528/528/528 515/515/515 526/526/526
f 529/529/529 528/528/528 526/526/526
f 529/529/529 526/526/526 527/527/527
f 530/530/530 529/529/529 527/527/527
f 531/531/531 513/513/513 515/515/515
f 532/532/532 513/513/513 531/531/531
f 513/513/513 532/532/532 533/533/533
f 513/513/513 533/533/533 514/514/514
f 533/533/533 534/534/534 514/514/514
f 534/534/534 533/533/533 532/532/532
f 535/535/535 534/534/534 532/532/532
f 538/538/538 537/537/537 536/536/536
f 538/538/538 536/536/536 539/539/539
f 539/539/539 536/536/536 540/540/540
f 540/540/540 536/536/536 541/541/541
f 540/540/540 541/541/541 542/542/542
f 539/539/539 543/543/543 538/538/538
f 542/542/542 544/544/544 540/540/540
f 543/543/543 539/539/539 545/545/545
f 543/543/543 545/545/545 546/546/546
f 539/539/539 547/547/547 545/545/545
f 539/539/539 540/540/540 547/547/547
f 548/548/548 547/547/547 540/540/540
f 548/548/548 540/540/540 549/549/549
f 540/540/540 544/544/544 549/549/549
f 550/550/550 549/549/549 544/544/544
f 553/553/553 552/552/552 551/551/551
f 553/553/553 554/554/554 552/552/552
f 554/554/554 553/553/553 555/555/555
f 553/553/553 556/556/556 555/555/555
f 554/554/554 555/555/555 557/557/557
f 554/554/554 557/557/557 558/558/558
f 557/557/557 559/559/559 558/558/558
f 560/560/560 558/558/558 559/559/559
f 561/561/561 560/560/560 559/559/559
f 562/562/562 561/561/561 559/559/559
f 562/562/562 559/559/559 563/563/563
f 557/557/557 563/563/563 559/559/559
f 562/562/562 564/564/564 561/561/561
f 565/565/565 563/563/563 557/557/557
f 564/564/564 566/566/566 561/561/561
f 566/566/566 564/564/564 567/567/567
f 568/568/568 566/566/566 567/567/567
f 569/569/569 565/565/565 557/557/557
f 570/570/570 569/569/569 557/557/557
f 569/569/569 570/570/570 571/571/571
f 574/574/574 573/573/573 572/572/572
f 575/575/575 574/574/574 572/572/572
f 576/576/576 575/575/575 572/572/572
f 575/575/575 576/576/576 577/577/577
f 578/578/578 577/577/577 576/576/576
f 577/577/577 579/579/579 575/575/575
f 575/575/575 579/579/579 580/580/580
f 581/581/581 579/579/579 577/577/577
f 581/581/581 577/577/577 582/582/582
f 582/582/582 577/577/577 578/578/578
f 583/583/583 582/582/582 578/578/578
f 583/583/583 578/578/578 584/584/584
f 584/584/584 585/585/585 583/583/583
f 584/584/584 586/586/586 585/585/585
f 587/587/587 585/585/585 586/586/586
f 590/590/590 589/589/589 588/588/588
f 591/591/591 590/590/590 588/588/588
f 591/591/591 592/592/592 590/590/590
f 593/593/593 590/590/590 592/592/592
f 591/591/591 594/594/594 592/592/592
f 594/594/594 595/595/595 592/592/592
f 598/598/598 597/597/597 596/596/596
f 596/596/596 597/597/597 599/599/599
f 600/600/600 599/599/599 597/597/597
f 601/601/601 596/596/596 599/599/599
f 596/596/596 601/601/601 602/602/602
f 600/600/600 603/603/603 599/599/599
f 601/601/601 599/599/599 603/603/603
f 603/603/603 600/600/600 604/604/604
f 604/604/604 605/605/605 603/603/603
f 606/606/606 601/601/601 603/603/603
f 607/607/607 601/601/601 606/606/606
f 602/602/602 601/601/601 607/607/607
f 608/608/608 602/602/602 607/607/607
f 602/602/602 608/608/608 609/609/609
f 607/607/607 610/610/610 608/608/608
f 610/610/610 607/607/607 611/611/611
f 612/612/612 610/610/610 611/611/611
f 615/615/615 614/614/614 613/613/613
f 616/616/616 614/614/614 615/615/615
f 616/616/616 615/615/615 617/617/617
f 616/616/616 617/617/617 618/618/618
f 617/617/617 619/619/619 618/618/618
f 618/618/618 619/619/619 620/620/620
f 619/619/619 617/617/617 621/621/621
f 624/624/624 623/623/623 622/622/622
f 622/622/622 623/623/623 625/625/625
f 628/628/628 627/627/627 626/626/626
f 628/628/628 626/626/626 629/629/629
f 632/632/632 631/631/631 630/630/630
f 630/630/630 633/633/633 632/632/632
f 634/634/634 632/632/632 633/633/633
f 633/633/633 635/635/635 634/634/634
f 633/633/633 636/636/636 635/635/635
f 639/639/639 638/638/638 637/637/637
f 640/640/640 639/639/639 637/637/637
f 640/640/640 641/641/641 639/639/639
f 642/642/642 639/639/639 641/641/641
f 645/645/645 644/644/644 643/643/643
f 646/646/646 645/645/645 643/643/643
f 647/647/647 645/645/645 646/646/646
f 645/645/645 647/647/647 648/648/648
f 645/645/645 648/648/648 649/649/649
f 649/649/649 650/650/650 645/645/645
f 645/645/645 650/650/650 651/651/651
f 650/650/650 649/649/649 652/652/652
f 653/653/653 650/650/650 652/652/652
f 656/656/656 655/655/655 654/654/654
f 657/657/657 655/655/655 656/656/656
f 655/655/655 657/657/657 658/658/658
f 659/659/659 655/655/655 658/658/658
f 655/655/655 659/659/659 660/660/660
f 663/663/663 662/662/662 661/661/661
f 663/663/663 661/661/661 664/664/664
f 665/665/665 664/664/664 661/661/661
f 664/664/664 666/666/666 663/663/663
f 666/666/666 667/667/667 663/663/663
f 664/664/664 665/665/665 668/668/668
f 669/669/669 668/668/668 665/665/665
f 665/665/665 670/670/670 669/669/669
f 668/668/668 671/671/671 664/664/664
f 671/671/671 666/666/666 664/664/664
f 671/671/671 668/668/668 672/672/672
f 672/672/672 673/673/673 671/671/671
f 674/674/674 671/671/671 673/673/673
f 674/674/674 666/666/666 671/671/671
f 675/675/675 666/666/666 674/674/674
f 676/676/676 675/675/675 674/674/674
f 677/677/677 676/676/676 674/674/674
f 678/678/678 675/675/675 676/676/676
f 677/677/677 679/679/679 676/676/676
f 680/680/680 678/678/678 676/676/676
f 679/679/679 680/680/680 676/676/676
f 683/683/683 682/682/682 681/681/681
f 683/683/683 684/684/684 682/682/682
f 687/687/687 686/686/686 685/685/685
f 686/686/686 687/687/687 688/688/688
f 689/689/689 686/686/686 688/688/688
f 692/692/692 691/691/691 690/690/690
f 692/692/692 690/690/690 693/693/693
f 693/693/693 694/694/694 692/692/692
f 694/694/694 693/693/693 695/695/695
f 698/698/698 697/697/697 696/696/696
f 698/698/698 696/696/696 699/699/699
f 700/700/700 698/698/698 699/699/699
f 698/698/698 700/700/700 701/701/701
f 702/702/702 700/700/700 699/699/699
f 703/703/703 700/700/700 702/702/702
f 706/706/706 705/705/705 704/704/704
f 704/704/704 707/707/707 706/706/706
f 707/707/707 708/708/708 706/706/706
f 707/707/707 709/709/709 708/708/708
f 707/707/707 710/710/710 709/709/709
f 709/709/709 710/710/710 711/711/711
f 714/714/714 713/713/713 712/712/712
f 714/714/714 715/715/715 713/713/713
f 714/714/714 716/716/716 715/715/715
f 716/716/716 717/717/717 715/715/715
f 717/717/717 716/716/716 718/718/718
f 721/721/721 720/720/720 719/719/719
f 720/720/720 721/721/721 722/722/722
f 722/722/722 723/723/723 720/720/720
f 726/726/726 725/725/725 724/724/724
f 725/725/725 726/726/726 727/727/727
f 725/725/725 727/727/727 728/728/728
f 729/729/729 727/727/727 726/726/726
f 730/730/730 729/729/729 726/726/726
f 733/733/733 732/732/732 731/731/731
f 732/732/732 734/734/734 731/731/731
f 731/731/731 734/734/734 735/735/735
f 736/736/736 734/734/734 732/732/732
f 739/739/739 738/738/738 737/737/737
f 739/739/739 737/737/737 740/740/740
f 737/737/737 741/741/741 740/740/740
f 744/744/744 743/743/743 742/742/742
f 742/742/742 745/745/745 744/744/744
f 742/742/742 746/746/746 745/745/745
f 745/745/745 747/747/747 744/744/744
f 748/748/748 747/747/747 745/745/745
f 751/751/751 750/750/750 749/749/749
f 752/752/752 749/749/749 750/750/750
f 753/753/753 752/752/752 750/750/750
f 753/753/753 750/750/750 754/754/754
f 757/757/757 756/756/756 755/755/755
f 757/757/757 758/758/758 756/756/756
f 761/761/761 760/760/760 759/759/759
f 759/759/759 762/762/762 761/761/761
f 762/762/762 763/763/763 761/761/761
f 764/764/764 762/762/762 759/759/759
f 764/764/764 759/759/759 765/765/765
f 759/759/759 766/766/766 765/765/765
f 767/767/767 766/766/766 759/759/759
f 767/767/767 759/759/759 768/768/768
f 769/769/769 767/767/767 768/768/768
f 764/764/764 770/770/770 762/762/762
f 771/771/771 770/770/770 764/764/764
f 762/762/762 770/770/770 772/772/772
f 770/770/770 773/773/773 772/772/772
f 772/772/772 773/773/773 774/774/774
f 775/775/775 773/773/773 770/770/770
f 775/775/775 776/776/776 773/773/773
f 777/777/777 776/776/776 775/775/775
f 780/780/780 779/779/779 778/778/778
f 781/781/781 780/780/780 778/778/778
f 781/781/781 778/778/778 782/782/782
f 785/785/785 784/784/784 783/783/783
f 784/784/784 786/786/786 783/783/783
f 787/787/787 783/783/783 786/786/786
f 790/790/790 789/789/789 788/788/788
f 788/788/788 791/791/791 790/790/790
f 794/794/794 793/793/793 792/792/792
f 792/792/792 793/793/793 795/795/795
f 792/792/792 795/795/795 796/796/796
f 797/797/797 792/792/792 796/796/796
f 800/800/800 799/799/799 798/798/798
f 801/801/801 800/800/800 798/798/798
f 804/804/804 803/803/803 802/802/802
f 802/802/802 803/803/803 805/805/805
f 808/808/808 807/807/807 806/806/806
f 809/809/809 807/807/807 808/808/808
f 810/810/810 807/807/807 809/809/809
f 811/811/811 810/810/810 809/809/809
f 809/809/809 808/808/808 812/812/812
f 809/809/809 813/813/813 811/811/811
f 809/809/809 812/812/812 813/813/813
f 813/813/813 812/812/812 814/814/814
f 817/817/817 816/816/816 815/815/815
f 818/818/818 817/817/817 815/815/815
f 821/821/821 820/820/820 819/819/819
f 822/822/822 820/820/820 821/821/821
f 822/822/822 821/821/821 823/823/823
f 823/823/823 821/821/821 824/824/824
f 827/827/827 826/826/826 825/825/825
f 828/828/828 827/827/827 825/825/825
f 827/827/827 828/828/828 829/829/829
f 829/829/829 828/828/828 830/830/830
f 833/833/833 832/832/832 831/831/831
f 832/832/832 834/834/834 831/831/831
f 837/837/837 836/836/836 835/835/835
f 838/838/838 837/837/837 835/835/835
f 841/841/841 840/840/840 839/839/839
f 842/842/842 841/841/841 839/839/839
f 845/845/845 844/844/844 843/843/843
f 846/846/846 845/845/845 843/843/843
f 849/849/849 848/848/848 847/847/847
f 850/850/850 849/849/849 847/847/847
f 847/847/847 851/851/851 850/850/850
f 852/852/852 850/850/850 851/851/851
f 855/855/855 854/854/854 853/853/853
f 855/855/855 853/853/853 856/856/856
f 853/853/853 857/857/857 856/856/856
f 856/856/856 857/857/857 858/858/858
f 859/859/859 856/856/856 858/858/858
f 856/856/856 859/859/859 855/855/855
f 855/855/855 859/859/859 860/860/860
f 863/863/863 862/862/862 861/861/861
f 861/861/861 862/862/862 864/864/864
f 867/867/867 866/866/866 865/865/865
f 868/868/868 866/866/866 867/867/867
f 869/869/869 868/868/868 867/867/867
f 872/872/872 871/871/871 870/870/870
f 873/873/873 872/872/872 870/870/870
f 874/874/874 872/872/872 873/873/873
f 877/877/877 876/876/876 875/875/875
f 878/878/878 877/877/877 875/875/875
