g Cube
v 0.17400339 2.4132228 2.6978474
v 0.17139927 2.4132228 2.7242875
v 0.17065997 2.4132228 2.7317936
v -0.17065997 2.4132228 2.7317936
v -0.17139927 2.4132228 2.7242875
v -0.17400339 2.4132228 2.6978474
v -0 -1.8391768 0.53992426
v -0 -1.8391768 0.399907
v 1.958792 -1.8391768 0.399907
v 1.958792 -1.8391768 0.53992426
v -0 -1.8391768 0.0940851
v -0 -2.285016 0.0940851
v 1.958792 -2.285016 0.0940851
v 1.958792 -1.8391768 0.0940851
v 1.958792 -1.8391768 0.53992426
v 1.958792 -2.285016 0.53992426
v -0 -2.285016 0.53992426
v -0 -1.8391768 0.53992426
v 1.958792 -2.285016 0.0940851
v -0 -2.285016 0.0940851
v -0 -2.285016 0.53992426
v 1.958792 -2.285016 0.53992426
v 1.958792 -1.8391768 0.0940851
v 1.9579794 -1.838365 -0.07064608
v 2.520496 -1.8382797 -0.022669673
v 2.4043067 -1.8391768 0.0940851
v 2.520496 -1.8382797 0.65667903
v 2.4043067 -1.8391768 0.53992426
v 1.9579794 -1.838365 0.7046554
v 1.958792 -1.8391768 0.53992426
v 1.958792 -1.8391768 0.53992426
v 1.9579794 -1.838365 0.7046554
v 1.9578941 -2.4012053 0.6566789
v 1.958792 -2.285016 0.53992426
v 1.9578941 -2.4012053 -0.022669554
v 1.958792 -2.285016 0.0940851
v 1.9579794 -1.838365 -0.07064608
v 1.958792 -1.8391768 0.0940851
v 1.958792 -1.8391768 0.0940851
v 1.958792 -1.8391768 0.23410235
v -0 -1.8391768 0.23410235
v -0 -1.8391768 0.0940851
v 1.9579794 -1.838365 0.7046554
v 2.520496 -1.8382797 0.65667903
v 2.499195 -2.3799045 0.6353907
v 1.9578941 -2.4012053 0.6566789
v 2.520496 -1.8382797 -0.022669673
v 2.499195 -2.3799045 -0.0013813376
v 2.499195 -2.3799045 0.6353907
v 2.520496 -1.8382797 0.65667903
v 1.9578941 -2.4012053 0.6566789
v 2.499195 -2.3799045 0.6353907
v 2.499195 -2.3799045 -0.0013813376
v 1.9578941 -2.4012053 -0.022669554
v 1.9578941 -2.4012053 -0.022669554
v 2.499195 -2.3799045 -0.0013813376
v 2.520496 -1.8382797 -0.022669673
v 1.9579794 -1.838365 -0.07064608
v -0 -1.8391768 0.399907
v -0 0 0.399907
v 1.958792 0 0.399907
v 1.958792 -1.8391768 0.399907
v 1.958792 0 0.0940851
v 1.958792 0 0.23410235
v 1.958792 -1.8391768 0.23410235
v 1.958792 -1.8391768 0.0940851
v 1.958792 -1.8391768 0.23410235
v 1.958792 0 0.23410235
v -0 0 0.23410235
v -0 -1.8391768 0.23410235
v -0 -1.8391768 4.76054
v -0 -1.8391768 4.6205225
v 1.958792 -1.8391768 4.6205225
v 1.958792 -1.8391768 4.76054
v -0 -1.8391768 4.3147006
v -0 -2.285016 4.3147006
v 1.958792 -2.285016 4.3147006
v 1.958792 -1.8391768 4.3147006
v 1.958792 -1.8391768 4.76054
v 1.958792 -2.285016 4.76054
v -0 -2.285016 4.76054
v -0 -1.8391768 4.76054
v 1.958792 -2.285016 4.3147006
v -0 -2.285016 4.3147006
v -0 -2.285016 4.76054
v 1.958792 -2.285016 4.76054
v 1.958792 -1.8391768 4.3147006
v 1.9579794 -1.838365 4.1499696
v 2.520496 -1.8382797 4.1979456
v 2.4043067 -1.8391768 4.3147006
v 2.520496 -1.8382797 4.8772945
v 2.4043067 -1.8391768 4.76054
v 1.9579794 -1.838365 4.925271
v 1.958792 -1.8391768 4.76054
v 1.958792 -1.8391768 4.76054
v 1.9579794 -1.838365 4.925271
v 1.9578941 -2.4012053 4.8772945
v 1.958792 -2.285016 4.76054
v 1.9578941 -2.4012053 4.1979456
v 1.958792 -2.285016 4.3147006
v 1.9579794 -1.838365 4.1499696
v 1.958792 -1.8391768 4.3147006
v 1.958792 -1.8391768 4.3147006
v 1.958792 -1.8391768 4.4547176
v -0 -1.8391768 4.4547176
v -0 -1.8391768 4.3147006
v 1.9579794 -1.838365 4.925271
v 2.520496 -1.8382797 4.8772945
v 2.499195 -2.3799045 4.856006
v 1.9578941 -2.4012053 4.8772945
v 2.520496 -1.8382797 4.1979456
v 2.499195 -2.3799045 4.2192345
v 2.499195 -2.3799045 4.856006
v 2.520496 -1.8382797 4.8772945
v 1.9578941 -2.4012053 4.8772945
v 2.499195 -2.3799045 4.856006
v 2.499195 -2.3799045 4.2192345
v 1.9578941 -2.4012053 4.1979456
v 1.9578941 -2.4012053 4.1979456
v 2.499195 -2.3799045 4.2192345
v 2.520496 -1.8382797 4.1979456
v 1.9579794 -1.838365 4.1499696
v -0 -1.8391768 4.6205225
v -0 0 4.6205225
v 1.958792 0 4.6205225
v 1.958792 -1.8391768 4.6205225
v 1.958792 0 4.3147006
v 1.958792 0 4.4547176
v 1.958792 -1.8391768 4.4547176
v 1.958792 -1.8391768 4.3147006
v 1.958792 -1.8391768 4.4547176
v 1.958792 0 4.4547176
v -0 0 4.4547176
v -0 -1.8391768 4.4547176
v 0.29435793 -1.8916217 0.39193973
v 0.4643728 -2.0151446 0.39193973
v 0.4643728 -2.0151446 4.457914
v 0.29435793 -1.8916217 4.457914
v 0.12434306 -2.0151446 0.39193973
v 0.12434306 -2.0151446 4.457914
v 0.4643728 -2.0151446 0.39193973
v 0.3994329 -2.2150092 0.39193973
v 0.3994329 -2.2150092 4.457914
v 0.4643728 -2.0151446 4.457914
v 0.3994329 -2.2150092 0.39193973
v 0.18928294 -2.2150092 0.39193973
v 0.18928294 -2.2150092 4.457914
v 0.3994329 -2.2150092 4.457914
v 0.29435793 -1.8916217 4.457914
v 0.4643728 -2.0151446 4.457914
v 0.3994329 -2.2150092 4.457914
v 0.18928294 -2.2150092 4.457914
v 0.12434306 -2.0151446 4.457914
v 0.18928294 -2.2150092 0.39193973
v 0.12434306 -2.0151446 0.39193973
v 0.12434306 -2.0151446 4.457914
v 0.18928294 -2.2150092 4.457914
v 0.3994329 -2.2150092 0.39193973
v 0.4643728 -2.0151446 0.39193973
v 0.29435793 -1.8916217 0.39193973
v 0.18928294 -2.2150092 0.39193973
v 0.12434306 -2.0151446 0.39193973
v 0.81147325 -1.8916217 0.39193973
v 0.9814881 -2.0151446 0.39193973
v 0.9814881 -2.0151446 4.457914
v 0.81147325 -1.8916217 4.457914
v 0.6414584 -2.0151446 0.39193973
v 0.6414584 -2.0151446 4.457914
v 0.9814881 -2.0151446 0.39193973
v 0.9165482 -2.2150092 0.39193973
v 0.9165482 -2.2150092 4.457914
v 0.9814881 -2.0151446 4.457914
v 0.9165482 -2.2150092 0.39193973
v 0.70639825 -2.2150092 0.39193973
v 0.70639825 -2.2150092 4.457914
v 0.9165482 -2.2150092 4.457914
v 0.81147325 -1.8916217 4.457914
v 0.9814881 -2.0151446 4.457914
v 0.9165482 -2.2150092 4.457914
v 0.70639825 -2.2150092 4.457914
v 0.6414584 -2.0151446 4.457914
v 0.70639825 -2.2150092 0.39193973
v 0.6414584 -2.0151446 0.39193973
v 0.6414584 -2.0151446 4.457914
v 0.70639825 -2.2150092 4.457914
v 0.9165482 -2.2150092 0.39193973
v 0.9814881 -2.0151446 0.39193973
v 0.81147325 -1.8916217 0.39193973
v 0.70639825 -2.2150092 0.39193973
v 0.6414584 -2.0151446 0.39193973
v 1.2728992 -1.8916217 0.39193973
v 1.4429141 -2.0151446 0.39193973
v 1.4429141 -2.0151446 4.457914
v 1.2728992 -1.8916217 4.457914
v 1.1028843 -2.0151446 0.39193973
v 1.1028843 -2.0151446 4.457914
v 1.4429141 -2.0151446 0.39193973
v 1.3779742 -2.2150092 0.39193973
v 1.3779742 -2.2150092 4.457914
v 1.4429141 -2.0151446 4.457914
v 1.3779742 -2.2150092 0.39193973
v 1.1678241 -2.2150092 0.39193973
v 1.1678241 -2.2150092 4.457914
v 1.3779742 -2.2150092 4.457914
v 1.2728992 -1.8916217 4.457914
v 1.4429141 -2.0151446 4.457914
v 1.3779742 -2.2150092 4.457914
v 1.1678241 -2.2150092 4.457914
v 1.1028843 -2.0151446 4.457914
v 1.1678241 -2.2150092 0.39193973
v 1.1028843 -2.0151446 0.39193973
v 1.1028843 -2.0151446 4.457914
v 1.1678241 -2.2150092 4.457914
v 1.3779742 -2.2150092 0.39193973
v 1.4429141 -2.0151446 0.39193973
v 1.2728992 -1.8916217 0.39193973
v 1.1678241 -2.2150092 0.39193973
v 1.1028843 -2.0151446 0.39193973
v 1.7025026 -1.8916217 0.39193973
v 1.8725173 -2.0151446 0.39193973
v 1.8725173 -2.0151446 4.457914
v 1.7025026 -1.8916217 4.457914
v 1.5324878 -2.0151446 0.39193973
v 1.5324878 -2.0151446 4.457914
v 1.8725173 -2.0151446 0.39193973
v 1.8075775 -2.2150092 0.39193973
v 1.8075775 -2.2150092 4.457914
v 1.8725173 -2.0151446 4.457914
v 1.8075775 -2.2150092 0.39193973
v 1.5974277 -2.2150092 0.39193973
v 1.5974277 -2.2150092 4.457914
v 1.8075775 -2.2150092 4.457914
v 1.7025026 -1.8916217 4.457914
v 1.8725173 -2.0151446 4.457914
v 1.8075775 -2.2150092 4.457914
v 1.5974277 -2.2150092 4.457914
v 1.5324878 -2.0151446 4.457914
v 1.5974277 -2.2150092 0.39193973
v 1.5324878 -2.0151446 0.39193973
v 1.5324878 -2.0151446 4.457914
v 1.5974277 -2.2150092 4.457914
v 1.8075775 -2.2150092 0.39193973
v 1.8725173 -2.0151446 0.39193973
v 1.7025026 -1.8916217 0.39193973
v 1.5974277 -2.2150092 0.39193973
v 1.5324878 -2.0151446 0.39193973
v 2.2434847 -1.8900571 0.35637018
v 2.459113 -2.0467203 0.35637018
v 2.459113 -2.0467203 4.4934835
v 2.2434847 -1.8900571 4.4934835
v 2.0278566 -2.0467203 0.35637018
v 2.0278566 -2.0467203 4.4934835
v 2.459113 -2.0467203 0.35637018
v 2.3767502 -2.3002064 0.35637018
v 2.3767502 -2.3002064 4.4934835
v 2.459113 -2.0467203 4.4934835
v 2.3767502 -2.3002064 0.35637018
v 2.1102192 -2.3002064 0.35637018
v 2.1102192 -2.3002064 4.4934835
v 2.3767502 -2.3002064 4.4934835
v 2.2434847 -1.8900571 4.4934835
v 2.459113 -2.0467203 4.4934835
v 2.3767502 -2.3002064 4.4934835
v 2.1102192 -2.3002064 4.4934835
v 2.0278566 -2.0467203 4.4934835
v 2.1102192 -2.3002064 0.35637018
v 2.0278566 -2.0467203 0.35637018
v 2.0278566 -2.0467203 4.4934835
v 2.1102192 -2.3002064 4.4934835
v 2.3767502 -2.3002064 0.35637018
v 2.459113 -2.0467203 0.35637018
v 2.2434847 -1.8900571 0.35637018
v 2.1102192 -2.3002064 0.35637018
v 2.0278566 -2.0467203 0.35637018
v 1.958792 -1.8391768 4.76054
v 1.958792 0 4.76054
v 2.4043067 0 4.76054
v 2.4043067 -1.8391768 4.76054
v 2.4043067 -1.8391768 4.76054
v 2.4043067 0 4.76054
v 2.4043067 0 4.3147006
v 2.4043067 -1.8391768 4.3147006
v 2.4043067 -1.8391768 4.3147006
v 2.4043067 0 4.3147006
v 1.958792 0 4.3147006
v 1.958792 -1.8391768 4.3147006
v 1.958792 -1.8391768 4.76054
v 1.958792 -1.8391768 4.6205225
v 1.958792 0 4.6205225
v 1.958792 0 4.76054
v 1.958792 -1.8391768 0.53992426
v 1.958792 0 0.53992426
v 2.4043067 0 0.53992426
v 2.4043067 -1.8391768 0.53992426
v 2.4043067 -1.8391768 0.53992426
v 2.4043067 0 0.53992426
v 2.4043067 0 0.0940851
v 2.4043067 -1.8391768 0.0940851
v 2.4043067 -1.8391768 0.0940851
v 2.4043067 0 0.0940851
v 1.958792 0 0.0940851
v 1.958792 -1.8391768 0.0940851
v 1.958792 -1.8391768 0.53992426
v 1.958792 -1.8391768 0.399907
v 1.958792 0 0.399907
v 1.958792 0 0.53992426
v 2.3526375 -0.23064886 0.39193988
v 2.2291145 -0.40066373 0.39193988
v 2.2291145 -0.40066373 4.457914
v 2.3526375 -0.23064886 4.457914
v 2.2291145 -0.060634043 0.39193988
v 2.2291145 -0.060634043 4.457914
v 2.2291145 -0.40066373 0.39193988
v 2.0292501 -0.33572382 0.39193988
v 2.0292501 -0.33572382 4.457914
v 2.2291145 -0.40066373 4.457914
v 2.0292501 -0.33572382 0.39193988
v 2.0292501 -0.12557389 0.39193988
v 2.0292501 -0.12557389 4.457914
v 2.0292501 -0.33572382 4.457914
v 2.2291145 -0.060634043 4.457914
v 2.3526375 -0.23064886 4.457914
v 2.2291145 -0.40066373 4.457914
v 2.0292501 -0.12557389 4.457914
v 2.0292501 -0.33572382 4.457914
v 2.0292501 -0.12557389 0.39193988
v 2.2291145 -0.060634043 0.39193988
v 2.2291145 -0.060634043 4.457914
v 2.0292501 -0.12557389 4.457914
v 2.2291145 -0.40066373 0.39193988
v 2.3526375 -0.23064886 0.39193988
v 2.2291145 -0.060634043 0.39193988
v 2.0292501 -0.33572382 0.39193988
v 2.0292501 -0.12557389 0.39193988
v 2.3526375 -0.7477642 0.39193988
v 2.2291145 -0.9177792 0.39193988
v 2.2291145 -0.9177792 4.457914
v 2.3526375 -0.7477642 4.457914
v 2.2291145 -0.5777494 0.39193988
v 2.2291145 -0.5777494 4.457914
v 2.2291145 -0.9177792 0.39193988
v 2.0292501 -0.8528393 0.39193988
v 2.0292501 -0.8528393 4.457914
v 2.2291145 -0.9177792 4.457914
v 2.0292501 -0.8528393 0.39193988
v 2.0292501 -0.64268917 0.39193988
v 2.0292501 -0.64268917 4.457914
v 2.0292501 -0.8528393 4.457914
v 2.2291145 -0.5777494 4.457914
v 2.3526375 -0.7477642 4.457914
v 2.2291145 -0.9177792 4.457914
v 2.0292501 -0.64268917 4.457914
v 2.0292501 -0.8528393 4.457914
v 2.0292501 -0.64268917 0.39193988
v 2.2291145 -0.5777494 0.39193988
v 2.2291145 -0.5777494 4.457914
v 2.0292501 -0.64268917 4.457914
v 2.2291145 -0.9177792 0.39193988
v 2.3526375 -0.7477642 0.39193988
v 2.2291145 -0.5777494 0.39193988
v 2.0292501 -0.8528393 0.39193988
v 2.0292501 -0.64268917 0.39193988
v 2.3526375 -1.2091902 0.39193988
v 2.2291145 -1.379205 0.39193988
v 2.2291145 -1.379205 4.457914
v 2.3526375 -1.2091902 4.457914
v 2.2291145 -1.0391753 0.39193988
v 2.2291145 -1.0391753 4.457914
v 2.2291145 -1.379205 0.39193988
v 2.0292501 -1.3142651 0.39193988
v 2.0292501 -1.3142651 4.457914
v 2.2291145 -1.379205 4.457914
v 2.0292501 -1.3142651 0.39193988
v 2.0292501 -1.1041151 0.39193988
v 2.0292501 -1.1041151 4.457914
v 2.0292501 -1.3142651 4.457914
v 2.2291145 -1.0391753 4.457914
v 2.3526375 -1.2091902 4.457914
v 2.2291145 -1.379205 4.457914
v 2.0292501 -1.1041151 4.457914
v 2.0292501 -1.3142651 4.457914
v 2.0292501 -1.1041151 0.39193988
v 2.2291145 -1.0391753 0.39193988
v 2.2291145 -1.0391753 4.457914
v 2.0292501 -1.1041151 4.457914
v 2.2291145 -1.379205 0.39193988
v 2.3526375 -1.2091902 0.39193988
v 2.2291145 -1.0391753 0.39193988
v 2.0292501 -1.3142651 0.39193988
v 2.0292501 -1.1041151 0.39193988
v 2.3526375 -1.6387933 0.39193988
v 2.2291145 -1.8088083 0.39193988
v 2.2291145 -1.8088083 4.457914
v 2.3526375 -1.6387933 4.457914
v 2.2291145 -1.4687787 0.39193988
v 2.2291145 -1.4687787 4.457914
v 2.2291145 -1.8088083 0.39193988
v 2.0292501 -1.7438685 0.39193988
v 2.0292501 -1.7438685 4.457914
v 2.2291145 -1.8088083 4.457914
v 2.0292501 -1.7438685 0.39193988
v 2.0292501 -1.5337187 0.39193988
v 2.0292501 -1.5337187 4.457914
v 2.0292501 -1.7438685 4.457914
v 2.2291145 -1.4687787 4.457914
v 2.3526375 -1.6387933 4.457914
v 2.2291145 -1.8088083 4.457914
v 2.0292501 -1.5337187 4.457914
v 2.0292501 -1.7438685 4.457914
v 2.0292501 -1.5337187 0.39193988
v 2.2291145 -1.4687787 0.39193988
v 2.2291145 -1.4687787 4.457914
v 2.0292501 -1.5337187 4.457914
v 2.2291145 -1.8088083 0.39193988
v 2.3526375 -1.6387933 0.39193988
v 2.2291145 -1.4687787 0.39193988
v 2.0292501 -1.7438685 0.39193988
v 2.0292501 -1.5337187 0.39193988
v 0.6022979 -2.3592422 2.760235
v 0.040270276 -2.182727 3.2619276
v 0.602298 -2.1827276 2.760235
v 0.040270217 -2.3592422 3.2619276
v -0 -2.3592422 3.2619276
v -0 -2.182727 3.2619276
v -0 -2.4132228 3.2402513
v 0.1756237 -2.4132228 2.1237679
v 0.05434699 -2.4132228 2.5333757
v 0.06658808 -2.4132228 2.537089
v 0.5786747 -2.413223 2.7242875
v 0.096671015 -2.4132228 2.5531688
v 0.1230389 -2.4132228 2.5748086
v 0.1446785 -2.4132228 2.601176
v 0.16075814 -2.4132228 2.6312592
v 0.17065997 -2.4132228 2.6639009
v 0.17400339 -2.4132228 2.6978474
v 0.17139927 -2.4132228 2.7242875
v 0.17065997 -2.4132228 2.7317936
v 0.16075814 -2.4132228 2.7644358
v 0.384206 -2.413223 1.973605
v -0 -2.4132228 1.973605
v -0 -2.4132228 2.1237679
v -0 -2.4132228 3.2402513
v 0.14467853 -2.4132228 2.7945187
v 0.12303893 -2.4132228 2.8208869
v 0.096671015 -2.4132228 2.842526
v 0.06658808 -2.4132228 2.8586059
v 0.03394617 -2.4132228 2.8685076
v -0 -2.4132228 2.871851
v 0.05434699 -2.4132228 2.5333757
v 0.1756237 -2.4132228 2.1237679
v 0.17562374 -2.228817 2.1237679
v 0.05434701 -2.229229 2.5333757
v -0 -2.4132228 2.1237679
v -0 -2.228817 2.1237679
v 0.17562374 -2.228817 2.1237679
v 0.1756237 -2.4132228 2.1237679
v 0.05434699 -2.4132228 2.5333757
v 0.05434701 -2.229229 2.5333757
v 0.06658811 -2.229229 2.537089
v 0.06658808 -2.4132228 2.537089
v 0.096671045 -2.229229 2.5531688
v 0.096671015 -2.4132228 2.5531688
v 0.12303892 -2.229229 2.5748086
v 0.1230389 -2.4132228 2.5748086
v 0.1230389 -2.4132228 2.5748086
v 0.12303892 -2.229229 2.5748086
v 0.14467853 -2.229229 2.601176
v 0.1446785 -2.4132228 2.601176
v 0.1607582 -2.229229 2.6312592
v 0.16075814 -2.4132228 2.6312592
v 0.17065999 -2.229229 2.6639009
v 0.17065997 -2.4132228 2.6639009
v 0.17400342 -2.229229 2.6978474
v 0.17400339 -2.4132228 2.6978474
v 0.17065999 -2.229229 2.7317936
v 0.17139927 -2.4132228 2.7242875
v 0.17065997 -2.4132228 2.7317936
v 0.1607582 -2.229229 2.7644358
v 0.16075814 -2.4132228 2.7644358
v 0.14467856 -2.229229 2.7945187
v 0.14467853 -2.4132228 2.7945187
v 0.123038955 -2.229229 2.8208869
v 0.12303893 -2.4132228 2.8208869
v 0.12303893 -2.4132228 2.8208869
v 0.123038955 -2.229229 2.8208869
v 0.096671045 -2.229229 2.842526
v 0.096671015 -2.4132228 2.842526
v 0.06658811 -2.229229 2.8586059
v 0.06658808 -2.4132228 2.8586059
v 0.033946194 -2.229229 2.8685076
v 0.03394617 -2.4132228 2.8685076
v -0 -2.229229 2.871851
v -0 -2.4132228 2.871851
v 0.5786747 -2.413223 2.7242875
v -0 -2.4132228 3.2402513
v 0.040270217 -2.3592422 3.2619276
v 0.6022979 -2.3592422 2.760235
v 0.6290109 -2.3592422 2.6720371
v 0.384206 -2.413223 1.973605
v 0.44733834 -2.3592422 1.9718748
v 0.44733837 -2.1827276 1.9718748
v 0.6290109 -2.1827276 2.6720371
v 0.602298 -2.1827276 2.760235
v 0.44733834 -2.3592422 1.9718748
v 0.44733837 -2.1827276 1.9718748
v 0.37980005 -2.1827276 1.9196243
v 0.37980005 -2.3592422 1.9196243
v 0.384206 -2.413223 1.973605
v -0 -2.4132228 1.973605
v -0 -2.3592422 1.9196243
v -0 -2.182727 1.9196243
v 0.05434701 -2.229229 2.5333757
v 0.17562374 -2.228817 2.1237679
v -0 -2.228817 2.1237679
v -0 -2.229229 2.6166098
v 0.029703079 -2.229229 2.6166098
v 0.06658811 -2.229229 2.537089
v 0.096671045 -2.229229 2.5531688
v 0.12303892 -2.229229 2.5748086
v 0.14467853 -2.229229 2.601176
v 0.1607582 -2.229229 2.6312592
v -0 -2.229229 2.871851
v 0.17065999 -2.229229 2.6639009
v 0.17400342 -2.229229 2.6978474
v 0.17065999 -2.229229 2.7317936
v 0.1607582 -2.229229 2.7644358
v 0.14467856 -2.229229 2.7945187
v 0.123038955 -2.229229 2.8208869
v 0.096671045 -2.229229 2.842526
v 0.06658811 -2.229229 2.8586059
v 0.033946194 -2.229229 2.8685076
v -0 -2.182727 2.7242875
v -0 -2.182727 1.9196243
v 0.37980005 -2.1827276 1.9196243
v 0.44733837 -2.1827276 1.9718748
v 0.6290109 -2.1827276 2.6720371
v 0.5885877 -2.1827276 2.7242875
v 0.602298 -2.1827276 2.760235
v -0 -2.182727 3.2619276
v 0.040270276 -2.182727 3.2619276
v -1.4919317 -1.4919317 0.42636085
v -1.4919317 1.4919317 0.42636085
v -1.4919317 1.4919317 4.4251876
v -1.4919317 -1.4919317 4.4251876
v -1.4919317 1.4919317 0.42636085
v 1.4919317 1.4919317 0.42636085
v 1.4919317 1.4919317 4.4251876
v -1.4919317 1.4919317 4.4251876
v 1.4919317 1.4919317 0.42636085
v 1.4919317 -1.4919317 0.42636085
v 1.4919317 -1.4919317 4.4251876
v 1.4919317 1.4919317 4.4251876
v 1.4919317 -1.4919317 0.42636085
v -1.4919317 -1.4919317 0.42636085
v -1.4919317 -1.4919317 4.4251876
v 1.4919317 -1.4919317 4.4251876
v -1.4919317 1.4919317 0.42636085
v -1.4919317 -1.4919317 0.42636085
v 1.4919317 -1.4919317 0.42636085
v 1.4919317 1.4919317 0.42636085
v 1.4919317 1.4919317 4.4251876
v 1.4919317 -1.4919317 4.4251876
v -1.4919317 -1.4919317 4.4251876
v -1.4919317 1.4919317 4.4251876
v -0 -1.8391768 0.53992426
v -1.958792 -1.8391768 0.53992426
v -1.958792 -1.8391768 0.399907
v -0 -1.8391768 0.399907
v -0 -1.8391768 0.0940851
v -1.958792 -1.8391768 0.0940851
v -1.958792 -2.285016 0.0940851
v -0 -2.285016 0.0940851
v -1.958792 -1.8391768 0.53992426
v -0 -1.8391768 0.53992426
v -0 -2.285016 0.53992426
v -1.958792 -2.285016 0.53992426
v -1.958792 -2.285016 0.0940851
v -1.958792 -2.285016 0.53992426
v -0 -2.285016 0.53992426
v -0 -2.285016 0.0940851
v -1.958792 -1.8391768 0.0940851
v -2.520496 -1.8382797 -0.022669673
v -1.9579794 -1.838365 -0.07064608
v -2.4043067 -1.8391768 0.0940851
v -2.520496 -1.8382797 0.65667903
v -2.4043067 -1.8391768 0.53992426
v -1.9579794 -1.838365 0.7046554
v -1.958792 -1.8391768 0.53992426
v -1.958792 -1.8391768 0.53992426
v -1.9578941 -2.4012053 0.6566789
v -1.9579794 -1.838365 0.7046554
v -1.958792 -2.285016 0.53992426
v -1.9578941 -2.4012053 -0.022669554
v -1.958792 -2.285016 0.0940851
v -1.9579794 -1.838365 -0.07064608
v -1.958792 -1.8391768 0.0940851
v -1.958792 -1.8391768 0.0940851
v -0 -1.8391768 0.0940851
v -0 -1.8391768 0.23410235
v -1.958792 -1.8391768 0.23410235
v -1.9579794 -1.838365 0.7046554
v -1.9578941 -2.4012053 0.6566789
v -2.499195 -2.3799045 0.6353907
v -2.520496 -1.8382797 0.65667903
v -2.520496 -1.8382797 -0.022669673
v -2.520496 -1.8382797 0.65667903
v -2.499195 -2.3799045 0.6353907
v -2.499195 -2.3799045 -0.0013813376
v -1.9578941 -2.4012053 0.6566789
v -1.9578941 -2.4012053 -0.022669554
v -2.499195 -2.3799045 -0.0013813376
v -2.499195 -2.3799045 0.6353907
v -1.9578941 -2.4012053 -0.022669554
v -1.9579794 -1.838365 -0.07064608
v -2.520496 -1.8382797 -0.022669673
v -2.499195 -2.3799045 -0.0013813376
v -0 -1.8391768 0.399907
v -1.958792 -1.8391768 0.399907
v -1.958792 0 0.399907
v -0 0 0.399907
v -1.958792 0 0.0940851
v -1.958792 -1.8391768 0.0940851
v -1.958792 -1.8391768 0.23410235
v -1.958792 0 0.23410235
v -1.958792 -1.8391768 0.23410235
v -0 -1.8391768 0.23410235
v -0 0 0.23410235
v -1.958792 0 0.23410235
v -0 -1.8391768 4.76054
v -1.958792 -1.8391768 4.76054
v -1.958792 -1.8391768 4.6205225
v -0 -1.8391768 4.6205225
v -0 -1.8391768 4.3147006
v -1.958792 -1.8391768 4.3147006
v -1.958792 -2.285016 4.3147006
v -0 -2.285016 4.3147006
v -1.958792 -1.8391768 4.76054
v -0 -1.8391768 4.76054
v -0 -2.285016 4.76054
v -1.958792 -2.285016 4.76054
v -1.958792 -2.285016 4.3147006
v -1.958792 -2.285016 4.76054
v -0 -2.285016 4.76054
v -0 -2.285016 4.3147006
v -1.958792 -1.8391768 4.3147006
v -2.520496 -1.8382797 4.1979456
v -1.9579794 -1.838365 4.1499696
v -2.4043067 -1.8391768 4.3147006
v -2.520496 -1.8382797 4.8772945
v -2.4043067 -1.8391768 4.76054
v -1.9579794 -1.838365 4.925271
v -1.958792 -1.8391768 4.76054
v -1.958792 -1.8391768 4.76054
v -1.9578941 -2.4012053 4.8772945
v -1.9579794 -1.838365 4.925271
v -1.958792 -2.285016 4.76054
v -1.9578941 -2.4012053 4.1979456
v -1.958792 -2.285016 4.3147006
v -1.9579794 -1.838365 4.1499696
v -1.958792 -1.8391768 4.3147006
v -1.958792 -1.8391768 4.3147006
v -0 -1.8391768 4.3147006
v -0 -1.8391768 4.4547176
v -1.958792 -1.8391768 4.4547176
v -1.9579794 -1.838365 4.925271
v -1.9578941 -2.4012053 4.8772945
v -2.499195 -2.3799045 4.856006
v -2.520496 -1.8382797 4.8772945
v -2.520496 -1.8382797 4.1979456
v -2.520496 -1.8382797 4.8772945
v -2.499195 -2.3799045 4.856006
v -2.499195 -2.3799045 4.2192345
v -1.9578941 -2.4012053 4.8772945
v -1.9578941 -2.4012053 4.1979456
v -2.499195 -2.3799045 4.2192345
v -2.499195 -2.3799045 4.856006
v -1.9578941 -2.4012053 4.1979456
v -1.9579794 -1.838365 4.1499696
v -2.520496 -1.8382797 4.1979456
v -2.499195 -2.3799045 4.2192345
v -0 -1.8391768 4.6205225
v -1.958792 -1.8391768 4.6205225
v -1.958792 0 4.6205225
v -0 0 4.6205225
v -1.958792 0 4.3147006
v -1.958792 -1.8391768 4.3147006
v -1.958792 -1.8391768 4.4547176
v -1.958792 0 4.4547176
v -1.958792 -1.8391768 4.4547176
v -0 -1.8391768 4.4547176
v -0 0 4.4547176
v -1.958792 0 4.4547176
v -0.29435793 -1.8916217 0.39193973
v -0.4643728 -2.0151446 4.457914
v -0.4643728 -2.0151446 0.39193973
v -0.29435793 -1.8916217 4.457914
v -0.12434306 -2.0151446 0.39193973
v -0.12434306 -2.0151446 4.457914
v -0.4643728 -2.0151446 0.39193973
v -0.4643728 -2.0151446 4.457914
v -0.3994329 -2.2150092 4.457914
v -0.3994329 -2.2150092 0.39193973
v -0.3994329 -2.2150092 0.39193973
v -0.3994329 -2.2150092 4.457914
v -0.18928294 -2.2150092 4.457914
v -0.18928294 -2.2150092 0.39193973
v -0.29435793 -1.8916217 4.457914
v -0.12434306 -2.0151446 4.457914
v -0.18928294 -2.2150092 4.457914
v -0.3994329 -2.2150092 4.457914
v -0.4643728 -2.0151446 4.457914
v -0.18928294 -2.2150092 0.39193973
v -0.18928294 -2.2150092 4.457914
v -0.12434306 -2.0151446 4.457914
v -0.12434306 -2.0151446 0.39193973
v -0.18928294 -2.2150092 0.39193973
v -0.12434306 -2.0151446 0.39193973
v -0.29435793 -1.8916217 0.39193973
v -0.3994329 -2.2150092 0.39193973
v -0.4643728 -2.0151446 0.39193973
v -0.81147325 -1.8916217 0.39193973
v -0.9814881 -2.0151446 4.457914
v -0.9814881 -2.0151446 0.39193973
v -0.81147325 -1.8916217 4.457914
v -0.6414584 -2.0151446 0.39193973
v -0.6414584 -2.0151446 4.457914
v -0.9814881 -2.0151446 0.39193973
v -0.9814881 -2.0151446 4.457914
v -0.9165482 -2.2150092 4.457914
v -0.9165482 -2.2150092 0.39193973
v -0.9165482 -2.2150092 0.39193973
v -0.9165482 -2.2150092 4.457914
v -0.70639825 -2.2150092 4.457914
v -0.70639825 -2.2150092 0.39193973
v -0.81147325 -1.8916217 4.457914
v -0.6414584 -2.0151446 4.457914
v -0.70639825 -2.2150092 4.457914
v -0.9165482 -2.2150092 4.457914
v -0.9814881 -2.0151446 4.457914
v -0.70639825 -2.2150092 0.39193973
v -0.70639825 -2.2150092 4.457914
v -0.6414584 -2.0151446 4.457914
v -0.6414584 -2.0151446 0.39193973
v -0.70639825 -2.2150092 0.39193973
v -0.6414584 -2.0151446 0.39193973
v -0.81147325 -1.8916217 0.39193973
v -0.9165482 -2.2150092 0.39193973
v -0.9814881 -2.0151446 0.39193973
v -1.2728992 -1.8916217 0.39193973
v -1.4429141 -2.0151446 4.457914
v -1.4429141 -2.0151446 0.39193973
v -1.2728992 -1.8916217 4.457914
v -1.1028843 -2.0151446 0.39193973
v -1.1028843 -2.0151446 4.457914
v -1.4429141 -2.0151446 0.39193973
v -1.4429141 -2.0151446 4.457914
v -1.3779742 -2.2150092 4.457914
v -1.3779742 -2.2150092 0.39193973
v -1.3779742 -2.2150092 0.39193973
v -1.3779742 -2.2150092 4.457914
v -1.1678241 -2.2150092 4.457914
v -1.1678241 -2.2150092 0.39193973
v -1.2728992 -1.8916217 4.457914
v -1.1028843 -2.0151446 4.457914
v -1.1678241 -2.2150092 4.457914
v -1.3779742 -2.2150092 4.457914
v -1.4429141 -2.0151446 4.457914
v -1.1678241 -2.2150092 0.39193973
v -1.1678241 -2.2150092 4.457914
v -1.1028843 -2.0151446 4.457914
v -1.1028843 -2.0151446 0.39193973
v -1.1678241 -2.2150092 0.39193973
v -1.1028843 -2.0151446 0.39193973
v -1.2728992 -1.8916217 0.39193973
v -1.3779742 -2.2150092 0.39193973
v -1.4429141 -2.0151446 0.39193973
v -1.7025026 -1.8916217 0.39193973
v -1.8725173 -2.0151446 4.457914
v -1.8725173 -2.0151446 0.39193973
v -1.7025026 -1.8916217 4.457914
v -1.5324878 -2.0151446 0.39193973
v -1.5324878 -2.0151446 4.457914
v -1.8725173 -2.0151446 0.39193973
v -1.8725173 -2.0151446 4.457914
v -1.8075775 -2.2150092 4.457914
v -1.8075775 -2.2150092 0.39193973
v -1.8075775 -2.2150092 0.39193973
v -1.8075775 -2.2150092 4.457914
v -1.5974277 -2.2150092 4.457914
v -1.5974277 -2.2150092 0.39193973
v -1.7025026 -1.8916217 4.457914
v -1.5324878 -2.0151446 4.457914
v -1.5974277 -2.2150092 4.457914
v -1.8075775 -2.2150092 4.457914
v -1.8725173 -2.0151446 4.457914
v -1.5974277 -2.2150092 0.39193973
v -1.5974277 -2.2150092 4.457914
v -1.5324878 -2.0151446 4.457914
v -1.5324878 -2.0151446 0.39193973
v -1.5974277 -2.2150092 0.39193973
v -1.5324878 -2.0151446 0.39193973
v -1.7025026 -1.8916217 0.39193973
v -1.8075775 -2.2150092 0.39193973
v -1.8725173 -2.0151446 0.39193973
v -2.2434847 -1.8900571 0.35637018
v -2.459113 -2.0467203 4.4934835
v -2.459113 -2.0467203 0.35637018
v -2.2434847 -1.8900571 4.4934835
v -2.0278566 -2.0467203 0.35637018
v -2.0278566 -2.0467203 4.4934835
v -2.459113 -2.0467203 0.35637018
v -2.459113 -2.0467203 4.4934835
v -2.3767502 -2.3002064 4.4934835
v -2.3767502 -2.3002064 0.35637018
v -2.3767502 -2.3002064 0.35637018
v -2.3767502 -2.3002064 4.4934835
v -2.1102192 -2.3002064 4.4934835
v -2.1102192 -2.3002064 0.35637018
v -2.2434847 -1.8900571 4.4934835
v -2.0278566 -2.0467203 4.4934835
v -2.1102192 -2.3002064 4.4934835
v -2.3767502 -2.3002064 4.4934835
v -2.459113 -2.0467203 4.4934835
v -2.1102192 -2.3002064 0.35637018
v -2.1102192 -2.3002064 4.4934835
v -2.0278566 -2.0467203 4.4934835
v -2.0278566 -2.0467203 0.35637018
v -2.1102192 -2.3002064 0.35637018
v -2.0278566 -2.0467203 0.35637018
v -2.2434847 -1.8900571 0.35637018
v -2.3767502 -2.3002064 0.35637018
v -2.459113 -2.0467203 0.35637018
v -1.958792 -1.8391768 4.76054
v -2.4043067 -1.8391768 4.76054
v -2.4043067 0 4.76054
v -1.958792 0 4.76054
v -2.4043067 -1.8391768 4.76054
v -2.4043067 -1.8391768 4.3147006
v -2.4043067 0 4.3147006
v -2.4043067 0 4.76054
v -2.4043067 -1.8391768 4.3147006
v -1.958792 -1.8391768 4.3147006
v -1.958792 0 4.3147006
v -2.4043067 0 4.3147006
v -1.958792 -1.8391768 4.76054
v -1.958792 0 4.76054
v -1.958792 0 4.6205225
v -1.958792 -1.8391768 4.6205225
v -1.958792 -1.8391768 0.53992426
v -2.4043067 -1.8391768 0.53992426
v -2.4043067 0 0.53992426
v -1.958792 0 0.53992426
v -2.4043067 -1.8391768 0.53992426
v -2.4043067 -1.8391768 0.0940851
v -2.4043067 0 0.0940851
v -2.4043067 0 0.53992426
v -2.4043067 -1.8391768 0.0940851
v -1.958792 -1.8391768 0.0940851
v -1.958792 0 0.0940851
v -2.4043067 0 0.0940851
v -1.958792 -1.8391768 0.53992426
v -1.958792 0 0.53992426
v -1.958792 0 0.399907
v -1.958792 -1.8391768 0.399907
v -2.3526375 -0.23064886 0.39193988
v -2.2291145 -0.40066373 4.457914
v -2.2291145 -0.40066373 0.39193988
v -2.3526375 -0.23064886 4.457914
v -2.2291145 -0.060634043 0.39193988
v -2.2291145 -0.060634043 4.457914
v -2.2291145 -0.40066373 0.39193988
v -2.2291145 -0.40066373 4.457914
v -2.0292501 -0.33572382 4.457914
v -2.0292501 -0.33572382 0.39193988
v -2.0292501 -0.33572382 0.39193988
v -2.0292501 -0.33572382 4.457914
v -2.0292501 -0.12557389 4.457914
v -2.0292501 -0.12557389 0.39193988
v -2.2291145 -0.060634043 4.457914
v -2.0292501 -0.12557389 4.457914
v -2.0292501 -0.33572382 4.457914
v -2.2291145 -0.40066373 4.457914
v -2.3526375 -0.23064886 4.457914
v -2.0292501 -0.12557389 0.39193988
v -2.0292501 -0.12557389 4.457914
v -2.2291145 -0.060634043 4.457914
v -2.2291145 -0.060634043 0.39193988
v -2.2291145 -0.40066373 0.39193988
v -2.0292501 -0.33572382 0.39193988
v -2.0292501 -0.12557389 0.39193988
v -2.2291145 -0.060634043 0.39193988
v -2.3526375 -0.23064886 0.39193988
v -2.3526375 -0.7477642 0.39193988
v -2.2291145 -0.9177792 4.457914
v -2.2291145 -0.9177792 0.39193988
v -2.3526375 -0.7477642 4.457914
v -2.2291145 -0.5777494 0.39193988
v -2.2291145 -0.5777494 4.457914
v -2.2291145 -0.9177792 0.39193988
v -2.2291145 -0.9177792 4.457914
v -2.0292501 -0.8528393 4.457914
v -2.0292501 -0.8528393 0.39193988
v -2.0292501 -0.8528393 0.39193988
v -2.0292501 -0.8528393 4.457914
v -2.0292501 -0.64268917 4.457914
v -2.0292501 -0.64268917 0.39193988
v -2.2291145 -0.5777494 4.457914
v -2.0292501 -0.64268917 4.457914
v -2.0292501 -0.8528393 4.457914
v -2.2291145 -0.9177792 4.457914
v -2.3526375 -0.7477642 4.457914
v -2.0292501 -0.64268917 0.39193988
v -2.0292501 -0.64268917 4.457914
v -2.2291145 -0.5777494 4.457914
v -2.2291145 -0.5777494 0.39193988
v -2.2291145 -0.9177792 0.39193988
v -2.0292501 -0.8528393 0.39193988
v -2.0292501 -0.64268917 0.39193988
v -2.2291145 -0.5777494 0.39193988
v -2.3526375 -0.7477642 0.39193988
v -2.3526375 -1.2091902 0.39193988
v -2.2291145 -1.379205 4.457914
v -2.2291145 -1.379205 0.39193988
v -2.3526375 -1.2091902 4.457914
v -2.2291145 -1.0391753 0.39193988
v -2.2291145 -1.0391753 4.457914
v -2.2291145 -1.379205 0.39193988
v -2.2291145 -1.379205 4.457914
v -2.0292501 -1.3142651 4.457914
v -2.0292501 -1.3142651 0.39193988
v -2.0292501 -1.3142651 0.39193988
v -2.0292501 -1.3142651 4.457914
v -2.0292501 -1.1041151 4.457914
v -2.0292501 -1.1041151 0.39193988
v -2.2291145 -1.0391753 4.457914
v -2.0292501 -1.1041151 4.457914
v -2.0292501 -1.3142651 4.457914
v -2.2291145 -1.379205 4.457914
v -2.3526375 -1.2091902 4.457914
v -2.0292501 -1.1041151 0.39193988
v -2.0292501 -1.1041151 4.457914
v -2.2291145 -1.0391753 4.457914
v -2.2291145 -1.0391753 0.39193988
v -2.2291145 -1.379205 0.39193988
v -2.0292501 -1.3142651 0.39193988
v -2.0292501 -1.1041151 0.39193988
v -2.2291145 -1.0391753 0.39193988
v -2.3526375 -1.2091902 0.39193988
v -2.3526375 -1.6387933 0.39193988
v -2.2291145 -1.8088083 4.457914
v -2.2291145 -1.8088083 0.39193988
v -2.3526375 -1.6387933 4.457914
v -2.2291145 -1.4687787 0.39193988
v -2.2291145 -1.4687787 4.457914
v -2.2291145 -1.8088083 0.39193988
v -2.2291145 -1.8088083 4.457914
v -2.0292501 -1.7438685 4.457914
v -2.0292501 -1.7438685 0.39193988
v -2.0292501 -1.7438685 0.39193988
v -2.0292501 -1.7438685 4.457914
v -2.0292501 -1.5337187 4.457914
v -2.0292501 -1.5337187 0.39193988
v -2.2291145 -1.4687787 4.457914
v -2.0292501 -1.5337187 4.457914
v -2.0292501 -1.7438685 4.457914
v -2.2291145 -1.8088083 4.457914
v -2.3526375 -1.6387933 4.457914
v -2.0292501 -1.5337187 0.39193988
v -2.0292501 -1.5337187 4.457914
v -2.2291145 -1.4687787 4.457914
v -2.2291145 -1.4687787 0.39193988
v -2.2291145 -1.8088083 0.39193988
v -2.0292501 -1.7438685 0.39193988
v -2.0292501 -1.5337187 0.39193988
v -2.2291145 -1.4687787 0.39193988
v -2.3526375 -1.6387933 0.39193988
v -0.6022979 -2.3592422 2.760235
v -0.602298 -2.1827276 2.760235
v -0.040270276 -2.182727 3.2619276
v -0.040270217 -2.3592422 3.2619276
v -0 -2.3592422 3.2619276
v -0 -2.182727 3.2619276
v -0 -2.4132228 3.2402513
v -0 -2.4132228 2.1237679
v -0 -2.4132228 1.973605
v -0.384206 -2.413223 1.973605
v -0.1756237 -2.4132228 2.1237679
v -0.5786747 -2.413223 2.7242875
v -0.06658808 -2.4132228 2.537089
v -0.05434699 -2.4132228 2.5333757
v -0.096671015 -2.4132228 2.5531688
v -0.1230389 -2.4132228 2.5748086
v -0.1446785 -2.4132228 2.601176
v -0.16075814 -2.4132228 2.6312592
v -0.17065997 -2.4132228 2.6639009
v -0.17400339 -2.4132228 2.6978474
v -0.17139927 -2.4132228 2.7242875
v -0.17065997 -2.4132228 2.7317936
v -0.16075814 -2.4132228 2.7644358
v -0 -2.4132228 3.2402513
v -0.14467853 -2.4132228 2.7945187
v -0.12303893 -2.4132228 2.8208869
v -0.096671015 -2.4132228 2.842526
v -0.06658808 -2.4132228 2.8586059
v -0.03394617 -2.4132228 2.8685076
v -0 -2.4132228 2.871851
v -0.05434699 -2.4132228 2.5333757
v -0.05434701 -2.229229 2.5333757
v -0.17562374 -2.228817 2.1237679
v -0.1756237 -2.4132228 2.1237679
v -0 -2.4132228 2.1237679
v -0.1756237 -2.4132228 2.1237679
v -0.17562374 -2.228817 2.1237679
v -0 -2.228817 2.1237679
v -0.05434699 -2.4132228 2.5333757
v -0.06658811 -2.229229 2.537089
v -0.05434701 -2.229229 2.5333757
v -0.06658808 -2.4132228 2.537089
v -0.096671045 -2.229229 2.5531688
v -0.096671015 -2.4132228 2.5531688
v -0.12303892 -2.229229 2.5748086
v -0.1230389 -2.4132228 2.5748086
v -0.1230389 -2.4132228 2.5748086
v -0.14467853 -2.229229 2.601176
v -0.12303892 -2.229229 2.5748086
v -0.1446785 -2.4132228 2.601176
v -0.1607582 -2.229229 2.6312592
v -0.16075814 -2.4132228 2.6312592
v -0.17065999 -2.229229 2.6639009
v -0.17065997 -2.4132228 2.6639009
v -0.17400342 -2.229229 2.6978474
v -0.17400339 -2.4132228 2.6978474
v -0.17139927 -2.4132228 2.7242875
v -0.17065997 -2.4132228 2.7317936
v -0.17065999 -2.229229 2.7317936
v -0.1607582 -2.229229 2.7644358
v -0.16075814 -2.4132228 2.7644358
v -0.14467856 -2.229229 2.7945187
v -0.14467853 -2.4132228 2.7945187
v -0.123038955 -2.229229 2.8208869
v -0.12303893 -2.4132228 2.8208869
v -0.12303893 -2.4132228 2.8208869
v -0.096671045 -2.229229 2.842526
v -0.123038955 -2.229229 2.8208869
v -0.096671015 -2.4132228 2.842526
v -0.06658811 -2.229229 2.8586059
v -0.06658808 -2.4132228 2.8586059
v -0.033946194 -2.229229 2.8685076
v -0.03394617 -2.4132228 2.8685076
v -0 -2.229229 2.871851
v -0 -2.4132228 2.871851
v -0.5786747 -2.413223 2.7242875
v -0.040270217 -2.3592422 3.2619276
v -0 -2.4132228 3.2402513
v -0.6022979 -2.3592422 2.760235
v -0.6290109 -2.3592422 2.6720371
v -0.384206 -2.413223 1.973605
v -0.44733834 -2.3592422 1.9718748
v -0.44733837 -2.1827276 1.9718748
v -0.6290109 -2.1827276 2.6720371
v -0.602298 -2.1827276 2.760235
v -0.44733834 -2.3592422 1.9718748
v -0.37980005 -2.1827276 1.9196243
v -0.44733837 -2.1827276 1.9718748
v -0.37980005 -2.3592422 1.9196243
v -0.384206 -2.413223 1.973605
v -0 -2.4132228 1.973605
v -0 -2.3592422 1.9196243
v -0 -2.182727 1.9196243
v -0 -2.229229 2.6166098
v -0 -2.228817 2.1237679
v -0.17562374 -2.228817 2.1237679
v -0.05434701 -2.229229 2.5333757
v -0.029703079 -2.229229 2.6166098
v -0.06658811 -2.229229 2.537089
v -0.096671045 -2.229229 2.5531688
v -0.12303892 -2.229229 2.5748086
v -0.14467853 -2.229229 2.601176
v -0 -2.229229 2.871851
v -0.1607582 -2.229229 2.6312592
v -0.17065999 -2.229229 2.6639009
v -0.17400342 -2.229229 2.6978474
v -0.17065999 -2.229229 2.7317936
v -0.1607582 -2.229229 2.7644358
v -0.14467856 -2.229229 2.7945187
v -0.123038955 -2.229229 2.8208869
v -0.096671045 -2.229229 2.842526
v -0.06658811 -2.229229 2.8586059
v -0.033946194 -2.229229 2.8685076
v -0.44733837 -2.1827276 1.9718748
v -0.37980005 -2.1827276 1.9196243
v -0 -2.182727 1.9196243
v -0 -2.182727 2.7242875
v -0.6290109 -2.1827276 2.6720371
v -0.5885877 -2.1827276 2.7242875
v -0.602298 -2.1827276 2.760235
v -0 -2.182727 3.2619276
v -0.040270276 -2.182727 3.2619276
v 1.4919317 -1.4919317 0.42636085
v 1.4919317 -1.4919317 4.4251876
v 1.4919317 1.4919317 4.4251876
v 1.4919317 1.4919317 0.42636085
v 1.4919317 1.4919317 0.42636085
v 1.4919317 1.4919317 4.4251876
v -1.4919317 1.4919317 4.4251876
v -1.4919317 1.4919317 0.42636085
v -1.4919317 1.4919317 0.42636085
v -1.4919317 1.4919317 4.4251876
v -1.4919317 -1.4919317 4.4251876
v -1.4919317 -1.4919317 0.42636085
v -1.4919317 -1.4919317 0.42636085
v -1.4919317 -1.4919317 4.4251876
v 1.4919317 -1.4919317 4.4251876
v 1.4919317 -1.4919317 0.42636085
v 1.4919317 1.4919317 0.42636085
v -1.4919317 1.4919317 0.42636085
v -1.4919317 -1.4919317 0.42636085
v 1.4919317 -1.4919317 0.42636085
v -1.4919317 1.4919317 4.4251876
v 1.4919317 1.4919317 4.4251876
v 1.4919317 -1.4919317 4.4251876
v -1.4919317 -1.4919317 4.4251876
v -0 1.8391768 0.53992426
v 1.958792 1.8391768 0.53992426
v 1.958792 1.8391768 0.399907
v -0 1.8391768 0.399907
v -0 1.8391768 0.0940851
v 1.958792 1.8391768 0.0940851
v 1.958792 2.285016 0.0940851
v -0 2.285016 0.0940851
v 1.958792 1.8391768 0.53992426
v -0 1.8391768 0.53992426
v -0 2.285016 0.53992426
v 1.958792 2.285016 0.53992426
v 1.958792 2.285016 0.0940851
v 1.958792 2.285016 0.53992426
v -0 2.285016 0.53992426
v -0 2.285016 0.0940851
v 1.958792 1.8391768 0.0940851
v 2.520496 1.8382797 -0.022669673
v 1.9579794 1.838365 -0.07064608
v 2.4043067 1.8391768 0.0940851
v 2.520496 1.8382797 0.65667903
v 2.4043067 1.8391768 0.53992426
v 1.9579794 1.838365 0.7046554
v 1.958792 1.8391768 0.53992426
v 1.958792 1.8391768 0.53992426
v 1.9578941 2.4012053 0.6566789
v 1.9579794 1.838365 0.7046554
v 1.958792 2.285016 0.53992426
v 1.9578941 2.4012053 -0.022669554
v 1.958792 2.285016 0.0940851
v 1.9579794 1.838365 -0.07064608
v 1.958792 1.8391768 0.0940851
v 1.958792 1.8391768 0.0940851
v -0 1.8391768 0.0940851
v -0 1.8391768 0.23410235
v 1.958792 1.8391768 0.23410235
v 1.9579794 1.838365 0.7046554
v 1.9578941 2.4012053 0.6566789
v 2.499195 2.3799045 0.6353907
v 2.520496 1.8382797 0.65667903
v 2.520496 1.8382797 -0.022669673
v 2.520496 1.8382797 0.65667903
v 2.499195 2.3799045 0.6353907
v 2.499195 2.3799045 -0.0013813376
v 1.9578941 2.4012053 0.6566789
v 1.9578941 2.4012053 -0.022669554
v 2.499195 2.3799045 -0.0013813376
v 2.499195 2.3799045 0.6353907
v 1.9578941 2.4012053 -0.022669554
v 1.9579794 1.838365 -0.07064608
v 2.520496 1.8382797 -0.022669673
v 2.499195 2.3799045 -0.0013813376
v -0 1.8391768 0.399907
v 1.958792 1.8391768 0.399907
v 1.958792 0 0.399907
v -0 0 0.399907
v 1.958792 0 0.0940851
v 1.958792 1.8391768 0.0940851
v 1.958792 1.8391768 0.23410235
v 1.958792 0 0.23410235
v 1.958792 1.8391768 0.23410235
v -0 1.8391768 0.23410235
v -0 0 0.23410235
v 1.958792 0 0.23410235
v -0 1.8391768 4.76054
v 1.958792 1.8391768 4.76054
v 1.958792 1.8391768 4.6205225
v -0 1.8391768 4.6205225
v -0 1.8391768 4.3147006
v 1.958792 1.8391768 4.3147006
v 1.958792 2.285016 4.3147006
v -0 2.285016 4.3147006
v 1.958792 1.8391768 4.76054
v -0 1.8391768 4.76054
v -0 2.285016 4.76054
v 1.958792 2.285016 4.76054
v 1.958792 2.285016 4.3147006
v 1.958792 2.285016 4.76054
v -0 2.285016 4.76054
v -0 2.285016 4.3147006
v 1.958792 1.8391768 4.3147006
v 2.520496 1.8382797 4.1979456
v 1.9579794 1.838365 4.1499696
v 2.4043067 1.8391768 4.3147006
v 2.520496 1.8382797 4.8772945
v 2.4043067 1.8391768 4.76054
v 1.9579794 1.838365 4.925271
v 1.958792 1.8391768 4.76054
v 1.958792 1.8391768 4.76054
v 1.9578941 2.4012053 4.8772945
v 1.9579794 1.838365 4.925271
v 1.958792 2.285016 4.76054
v 1.9578941 2.4012053 4.1979456
v 1.958792 2.285016 4.3147006
v 1.9579794 1.838365 4.1499696
v 1.958792 1.8391768 4.3147006
v 1.958792 1.8391768 4.3147006
v -0 1.8391768 4.3147006
v -0 1.8391768 4.4547176
v 1.958792 1.8391768 4.4547176
v 1.9579794 1.838365 4.925271
v 1.9578941 2.4012053 4.8772945
v 2.499195 2.3799045 4.856006
v 2.520496 1.8382797 4.8772945
v 2.520496 1.8382797 4.1979456
v 2.520496 1.8382797 4.8772945
v 2.499195 2.3799045 4.856006
v 2.499195 2.3799045 4.2192345
v 1.9578941 2.4012053 4.8772945
v 1.9578941 2.4012053 4.1979456
v 2.499195 2.3799045 4.2192345
v 2.499195 2.3799045 4.856006
v 1.9578941 2.4012053 4.1979456
v 1.9579794 1.838365 4.1499696
v 2.520496 1.8382797 4.1979456
v 2.499195 2.3799045 4.2192345
v -0 1.8391768 4.6205225
v 1.958792 1.8391768 4.6205225
v 1.958792 0 4.6205225
v -0 0 4.6205225
v 1.958792 0 4.3147006
v 1.958792 1.8391768 4.3147006
v 1.958792 1.8391768 4.4547176
v 1.958792 0 4.4547176
v 1.958792 1.8391768 4.4547176
v -0 1.8391768 4.4547176
v -0 0 4.4547176
v 1.958792 0 4.4547176
v 0.29435793 1.8916217 0.39193973
v 0.4643728 2.0151446 4.457914
v 0.4643728 2.0151446 0.39193973
v 0.29435793 1.8916217 4.457914
v 0.12434306 2.0151446 0.39193973
v 0.12434306 2.0151446 4.457914
v 0.4643728 2.0151446 0.39193973
v 0.4643728 2.0151446 4.457914
v 0.3994329 2.2150092 4.457914
v 0.3994329 2.2150092 0.39193973
v 0.3994329 2.2150092 0.39193973
v 0.3994329 2.2150092 4.457914
v 0.18928294 2.2150092 4.457914
v 0.18928294 2.2150092 0.39193973
v 0.3994329 2.2150092 4.457914
v 0.4643728 2.0151446 4.457914
v 0.29435793 1.8916217 4.457914
v 0.18928294 2.2150092 4.457914
v 0.12434306 2.0151446 4.457914
v 0.18928294 2.2150092 0.39193973
v 0.18928294 2.2150092 4.457914
v 0.12434306 2.0151446 4.457914
v 0.12434306 2.0151446 0.39193973
v 0.29435793 1.8916217 0.39193973
v 0.4643728 2.0151446 0.39193973
v 0.3994329 2.2150092 0.39193973
v 0.18928294 2.2150092 0.39193973
v 0.12434306 2.0151446 0.39193973
v 0.81147325 1.8916217 0.39193973
v 0.9814881 2.0151446 4.457914
v 0.9814881 2.0151446 0.39193973
v 0.81147325 1.8916217 4.457914
v 0.6414584 2.0151446 0.39193973
v 0.6414584 2.0151446 4.457914
v 0.9814881 2.0151446 0.39193973
v 0.9814881 2.0151446 4.457914
v 0.9165482 2.2150092 4.457914
v 0.9165482 2.2150092 0.39193973
v 0.9165482 2.2150092 0.39193973
v 0.9165482 2.2150092 4.457914
v 0.70639825 2.2150092 4.457914
v 0.70639825 2.2150092 0.39193973
v 0.9165482 2.2150092 4.457914
v 0.9814881 2.0151446 4.457914
v 0.81147325 1.8916217 4.457914
v 0.70639825 2.2150092 4.457914
v 0.6414584 2.0151446 4.457914
v 0.70639825 2.2150092 0.39193973
v 0.70639825 2.2150092 4.457914
v 0.6414584 2.0151446 4.457914
v 0.6414584 2.0151446 0.39193973
v 0.81147325 1.8916217 0.39193973
v 0.9814881 2.0151446 0.39193973
v 0.9165482 2.2150092 0.39193973
v 0.70639825 2.2150092 0.39193973
v 0.6414584 2.0151446 0.39193973
v 1.2728992 1.8916217 0.39193973
v 1.4429141 2.0151446 4.457914
v 1.4429141 2.0151446 0.39193973
v 1.2728992 1.8916217 4.457914
v 1.1028843 2.0151446 0.39193973
v 1.1028843 2.0151446 4.457914
v 1.4429141 2.0151446 0.39193973
v 1.4429141 2.0151446 4.457914
v 1.3779742 2.2150092 4.457914
v 1.3779742 2.2150092 0.39193973
v 1.3779742 2.2150092 0.39193973
v 1.3779742 2.2150092 4.457914
v 1.1678241 2.2150092 4.457914
v 1.1678241 2.2150092 0.39193973
v 1.3779742 2.2150092 4.457914
v 1.4429141 2.0151446 4.457914
v 1.2728992 1.8916217 4.457914
v 1.1678241 2.2150092 4.457914
v 1.1028843 2.0151446 4.457914
v 1.1678241 2.2150092 0.39193973
v 1.1678241 2.2150092 4.457914
v 1.1028843 2.0151446 4.457914
v 1.1028843 2.0151446 0.39193973
v 1.2728992 1.8916217 0.39193973
v 1.4429141 2.0151446 0.39193973
v 1.3779742 2.2150092 0.39193973
v 1.1678241 2.2150092 0.39193973
v 1.1028843 2.0151446 0.39193973
v 1.7025026 1.8916217 0.39193973
v 1.8725173 2.0151446 4.457914
v 1.8725173 2.0151446 0.39193973
v 1.7025026 1.8916217 4.457914
v 1.5324878 2.0151446 0.39193973
v 1.5324878 2.0151446 4.457914
v 1.8725173 2.0151446 0.39193973
v 1.8725173 2.0151446 4.457914
v 1.8075775 2.2150092 4.457914
v 1.8075775 2.2150092 0.39193973
v 1.8075775 2.2150092 0.39193973
v 1.8075775 2.2150092 4.457914
v 1.5974277 2.2150092 4.457914
v 1.5974277 2.2150092 0.39193973
v 1.8075775 2.2150092 4.457914
v 1.8725173 2.0151446 4.457914
v 1.7025026 1.8916217 4.457914
v 1.5974277 2.2150092 4.457914
v 1.5324878 2.0151446 4.457914
v 1.5974277 2.2150092 0.39193973
v 1.5974277 2.2150092 4.457914
v 1.5324878 2.0151446 4.457914
v 1.5324878 2.0151446 0.39193973
v 1.7025026 1.8916217 0.39193973
v 1.8725173 2.0151446 0.39193973
v 1.8075775 2.2150092 0.39193973
v 1.5974277 2.2150092 0.39193973
v 1.5324878 2.0151446 0.39193973
v 2.2434847 1.8900571 0.35637018
v 2.459113 2.0467203 4.4934835
v 2.459113 2.0467203 0.35637018
v 2.2434847 1.8900571 4.4934835
v 2.0278566 2.0467203 0.35637018
v 2.0278566 2.0467203 4.4934835
v 2.459113 2.0467203 0.35637018
v 2.459113 2.0467203 4.4934835
v 2.3767502 2.3002064 4.4934835
v 2.3767502 2.3002064 0.35637018
v 2.3767502 2.3002064 0.35637018
v 2.3767502 2.3002064 4.4934835
v 2.1102192 2.3002064 4.4934835
v 2.1102192 2.3002064 0.35637018
v 2.3767502 2.3002064 4.4934835
v 2.459113 2.0467203 4.4934835
v 2.2434847 1.8900571 4.4934835
v 2.1102192 2.3002064 4.4934835
v 2.0278566 2.0467203 4.4934835
v 2.1102192 2.3002064 0.35637018
v 2.1102192 2.3002064 4.4934835
v 2.0278566 2.0467203 4.4934835
v 2.0278566 2.0467203 0.35637018
v 2.2434847 1.8900571 0.35637018
v 2.459113 2.0467203 0.35637018
v 2.3767502 2.3002064 0.35637018
v 2.1102192 2.3002064 0.35637018
v 2.0278566 2.0467203 0.35637018
v 1.958792 1.8391768 4.76054
v 2.4043067 1.8391768 4.76054
v 2.4043067 0 4.76054
v 1.958792 0 4.76054
v 2.4043067 1.8391768 4.76054
v 2.4043067 1.8391768 4.3147006
v 2.4043067 0 4.3147006
v 2.4043067 0 4.76054
v 2.4043067 1.8391768 4.3147006
v 1.958792 1.8391768 4.3147006
v 1.958792 0 4.3147006
v 2.4043067 0 4.3147006
v 1.958792 1.8391768 4.76054
v 1.958792 0 4.76054
v 1.958792 0 4.6205225
v 1.958792 1.8391768 4.6205225
v 1.958792 1.8391768 0.53992426
v 2.4043067 1.8391768 0.53992426
v 2.4043067 0 0.53992426
v 1.958792 0 0.53992426
v 2.4043067 1.8391768 0.53992426
v 2.4043067 1.8391768 0.0940851
v 2.4043067 0 0.0940851
v 2.4043067 0 0.53992426
v 2.4043067 1.8391768 0.0940851
v 1.958792 1.8391768 0.0940851
v 1.958792 0 0.0940851
v 2.4043067 0 0.0940851
v 1.958792 1.8391768 0.53992426
v 1.958792 0 0.53992426
v 1.958792 0 0.399907
v 1.958792 1.8391768 0.399907
v 2.3526375 0.23064886 0.39193988
v 2.2291145 0.40066373 4.457914
v 2.2291145 0.40066373 0.39193988
v 2.3526375 0.23064886 4.457914
v 2.2291145 0.060634043 0.39193988
v 2.2291145 0.060634043 4.457914
v 2.2291145 0.40066373 0.39193988
v 2.2291145 0.40066373 4.457914
v 2.0292501 0.33572382 4.457914
v 2.0292501 0.33572382 0.39193988
v 2.0292501 0.33572382 0.39193988
v 2.0292501 0.33572382 4.457914
v 2.0292501 0.12557389 4.457914
v 2.0292501 0.12557389 0.39193988
v 2.2291145 0.40066373 4.457914
v 2.3526375 0.23064886 4.457914
v 2.2291145 0.060634043 4.457914
v 2.0292501 0.33572382 4.457914
v 2.0292501 0.12557389 4.457914
v 2.0292501 0.12557389 0.39193988
v 2.0292501 0.12557389 4.457914
v 2.2291145 0.060634043 4.457914
v 2.2291145 0.060634043 0.39193988
v 2.2291145 0.060634043 0.39193988
v 2.3526375 0.23064886 0.39193988
v 2.2291145 0.40066373 0.39193988
v 2.0292501 0.12557389 0.39193988
v 2.0292501 0.33572382 0.39193988
v 2.3526375 0.7477642 0.39193988
v 2.2291145 0.9177792 4.457914
v 2.2291145 0.9177792 0.39193988
v 2.3526375 0.7477642 4.457914
v 2.2291145 0.5777494 0.39193988
v 2.2291145 0.5777494 4.457914
v 2.2291145 0.9177792 0.39193988
v 2.2291145 0.9177792 4.457914
v 2.0292501 0.8528393 4.457914
v 2.0292501 0.8528393 0.39193988
v 2.0292501 0.8528393 0.39193988
v 2.0292501 0.8528393 4.457914
v 2.0292501 0.64268917 4.457914
v 2.0292501 0.64268917 0.39193988
v 2.2291145 0.9177792 4.457914
v 2.3526375 0.7477642 4.457914
v 2.2291145 0.5777494 4.457914
v 2.0292501 0.8528393 4.457914
v 2.0292501 0.64268917 4.457914
v 2.0292501 0.64268917 0.39193988
v 2.0292501 0.64268917 4.457914
v 2.2291145 0.5777494 4.457914
v 2.2291145 0.5777494 0.39193988
v 2.2291145 0.5777494 0.39193988
v 2.3526375 0.7477642 0.39193988
v 2.2291145 0.9177792 0.39193988
v 2.0292501 0.64268917 0.39193988
v 2.0292501 0.8528393 0.39193988
v 2.3526375 1.2091902 0.39193988
v 2.2291145 1.379205 4.457914
v 2.2291145 1.379205 0.39193988
v 2.3526375 1.2091902 4.457914
v 2.2291145 1.0391753 0.39193988
v 2.2291145 1.0391753 4.457914
v 2.2291145 1.379205 0.39193988
v 2.2291145 1.379205 4.457914
v 2.0292501 1.3142651 4.457914
v 2.0292501 1.3142651 0.39193988
v 2.0292501 1.3142651 0.39193988
v 2.0292501 1.3142651 4.457914
v 2.0292501 1.1041151 4.457914
v 2.0292501 1.1041151 0.39193988
v 2.2291145 1.379205 4.457914
v 2.3526375 1.2091902 4.457914
v 2.2291145 1.0391753 4.457914
v 2.0292501 1.3142651 4.457914
v 2.0292501 1.1041151 4.457914
v 2.0292501 1.1041151 0.39193988
v 2.0292501 1.1041151 4.457914
v 2.2291145 1.0391753 4.457914
v 2.2291145 1.0391753 0.39193988
v 2.2291145 1.0391753 0.39193988
v 2.3526375 1.2091902 0.39193988
v 2.2291145 1.379205 0.39193988
v 2.0292501 1.1041151 0.39193988
v 2.0292501 1.3142651 0.39193988
v 2.3526375 1.6387933 0.39193988
v 2.2291145 1.8088083 4.457914
v 2.2291145 1.8088083 0.39193988
v 2.3526375 1.6387933 4.457914
v 2.2291145 1.4687787 0.39193988
v 2.2291145 1.4687787 4.457914
v 2.2291145 1.8088083 0.39193988
v 2.2291145 1.8088083 4.457914
v 2.0292501 1.7438685 4.457914
v 2.0292501 1.7438685 0.39193988
v 2.0292501 1.7438685 0.39193988
v 2.0292501 1.7438685 4.457914
v 2.0292501 1.5337187 4.457914
v 2.0292501 1.5337187 0.39193988
v 2.2291145 1.8088083 4.457914
v 2.3526375 1.6387933 4.457914
v 2.2291145 1.4687787 4.457914
v 2.0292501 1.7438685 4.457914
v 2.0292501 1.5337187 4.457914
v 2.0292501 1.5337187 0.39193988
v 2.0292501 1.5337187 4.457914
v 2.2291145 1.4687787 4.457914
v 2.2291145 1.4687787 0.39193988
v 2.2291145 1.4687787 0.39193988
v 2.3526375 1.6387933 0.39193988
v 2.2291145 1.8088083 0.39193988
v 2.0292501 1.5337187 0.39193988
v 2.0292501 1.7438685 0.39193988
v 0.6022979 2.3592422 2.760235
v 0.602298 2.1827276 2.760235
v 0.040270276 2.182727 3.2619276
v 0.040270217 2.3592422 3.2619276
v -0 2.3592422 3.2619276
v -0 2.182727 3.2619276
v -0 2.4132228 3.2402513
v -0 2.4132228 2.1237679
v -0 2.4132228 1.973605
v 0.384206 2.413223 1.973605
v 0.1756237 2.4132228 2.1237679
v 0.5786747 2.413223 2.7242875
v 0.06658808 2.4132228 2.537089
v 0.05434699 2.4132228 2.5333757
v 0.096671015 2.4132228 2.5531688
v 0.1230389 2.4132228 2.5748086
v 0.1446785 2.4132228 2.601176
v 0.16075814 2.4132228 2.6312592
v 0.17065997 2.4132228 2.6639009
v 0.17400339 2.4132228 2.6978474
v 0.17139927 2.4132228 2.7242875
v 0.17065997 2.4132228 2.7317936
v 0.16075814 2.4132228 2.7644358
v -0 2.4132228 3.2402513
v 0.14467853 2.4132228 2.7945187
v 0.12303893 2.4132228 2.8208869
v 0.096671015 2.4132228 2.842526
v 0.06658808 2.4132228 2.8586059
v 0.03394617 2.4132228 2.8685076
v -0 2.4132228 2.871851
v 0.05434699 2.4132228 2.5333757
v 0.05434701 2.229229 2.5333757
v 0.17562374 2.228817 2.1237679
v 0.1756237 2.4132228 2.1237679
v -0 2.4132228 2.1237679
v 0.1756237 2.4132228 2.1237679
v 0.17562374 2.228817 2.1237679
v -0 2.228817 2.1237679
v 0.05434699 2.4132228 2.5333757
v 0.06658811 2.229229 2.537089
v 0.05434701 2.229229 2.5333757
v 0.06658808 2.4132228 2.537089
v 0.096671045 2.229229 2.5531688
v 0.096671015 2.4132228 2.5531688
v 0.12303892 2.229229 2.5748086
v 0.1230389 2.4132228 2.5748086
v 0.1230389 2.4132228 2.5748086
v 0.14467853 2.229229 2.601176
v 0.12303892 2.229229 2.5748086
v 0.1446785 2.4132228 2.601176
v 0.1607582 2.229229 2.6312592
v 0.16075814 2.4132228 2.6312592
v 0.17065999 2.229229 2.6639009
v 0.17065997 2.4132228 2.6639009
v 0.17400342 2.229229 2.6978474
v 0.17400339 2.4132228 2.6978474
v 0.17065997 2.4132228 2.7317936
v 0.17065999 2.229229 2.7317936
v 0.1607582 2.229229 2.7644358
v 0.16075814 2.4132228 2.7644358
v 0.14467856 2.229229 2.7945187
v 0.14467853 2.4132228 2.7945187
v 0.123038955 2.229229 2.8208869
v 0.12303893 2.4132228 2.8208869
v 0.12303893 2.4132228 2.8208869
v 0.096671045 2.229229 2.842526
v 0.123038955 2.229229 2.8208869
v 0.096671015 2.4132228 2.842526
v 0.06658811 2.229229 2.8586059
v 0.06658808 2.4132228 2.8586059
v 0.033946194 2.229229 2.8685076
v 0.03394617 2.4132228 2.8685076
v -0 2.229229 2.871851
v -0 2.4132228 2.871851
v 0.5786747 2.413223 2.7242875
v 0.040270217 2.3592422 3.2619276
v -0 2.4132228 3.2402513
v 0.6022979 2.3592422 2.760235
v 0.6290109 2.3592422 2.6720371
v 0.384206 2.413223 1.973605
v 0.44733834 2.3592422 1.9718748
v 0.44733837 2.1827276 1.9718748
v 0.6290109 2.1827276 2.6720371
v 0.602298 2.1827276 2.760235
v 0.44733834 2.3592422 1.9718748
v 0.37980005 2.1827276 1.9196243
v 0.44733837 2.1827276 1.9718748
v 0.37980005 2.3592422 1.9196243
v 0.384206 2.413223 1.973605
v -0 2.4132228 1.973605
v -0 2.3592422 1.9196243
v -0 2.182727 1.9196243
v -0 2.229229 2.6166098
v -0 2.228817 2.1237679
v 0.17562374 2.228817 2.1237679
v 0.05434701 2.229229 2.5333757
v 0.029703079 2.229229 2.6166098
v 0.06658811 2.229229 2.537089
v 0.096671045 2.229229 2.5531688
v 0.12303892 2.229229 2.5748086
v 0.14467853 2.229229 2.601176
v -0 2.229229 2.871851
v 0.1607582 2.229229 2.6312592
v 0.17065999 2.229229 2.6639009
v 0.17400342 2.229229 2.6978474
v 0.17065999 2.229229 2.7317936
v 0.1607582 2.229229 2.7644358
v 0.14467856 2.229229 2.7945187
v 0.123038955 2.229229 2.8208869
v 0.096671045 2.229229 2.842526
v 0.06658811 2.229229 2.8586059
v 0.033946194 2.229229 2.8685076
v 0.44733837 2.1827276 1.9718748
v 0.37980005 2.1827276 1.9196243
v -0 2.182727 1.9196243
v -0 2.182727 2.7242875
v 0.6290109 2.1827276 2.6720371
v 0.5885877 2.1827276 2.7242875
v 0.602298 2.1827276 2.760235
v -0 2.182727 3.2619276
v 0.040270276 2.182727 3.2619276
v -1.4919317 1.4919317 0.42636085
v -1.4919317 1.4919317 4.4251876
v -1.4919317 -1.4919317 4.4251876
v -1.4919317 -1.4919317 0.42636085
v -1.4919317 -1.4919317 0.42636085
v -1.4919317 -1.4919317 4.4251876
v 1.4919317 -1.4919317 4.4251876
v 1.4919317 -1.4919317 0.42636085
v 1.4919317 -1.4919317 0.42636085
v 1.4919317 -1.4919317 4.4251876
v 1.4919317 1.4919317 4.4251876
v 1.4919317 1.4919317 0.42636085
v 1.4919317 1.4919317 0.42636085
v 1.4919317 1.4919317 4.4251876
v -1.4919317 1.4919317 4.4251876
v -1.4919317 1.4919317 0.42636085
v -1.4919317 -1.4919317 0.42636085
v 1.4919317 -1.4919317 0.42636085
v 1.4919317 1.4919317 0.42636085
v -1.4919317 1.4919317 0.42636085
v 1.4919317 -1.4919317 4.4251876
v -1.4919317 -1.4919317 4.4251876
v -1.4919317 1.4919317 4.4251876
v 1.4919317 1.4919317 4.4251876
v -0 1.8391768 0.53992426
v -0 1.8391768 0.399907
v -1.958792 1.8391768 0.399907
v -1.958792 1.8391768 0.53992426
v -0 1.8391768 0.0940851
v -0 2.285016 0.0940851
v -1.958792 2.285016 0.0940851
v -1.958792 1.8391768 0.0940851
v -1.958792 1.8391768 0.53992426
v -1.958792 2.285016 0.53992426
v -0 2.285016 0.53992426
v -0 1.8391768 0.53992426
v -1.958792 2.285016 0.0940851
v -0 2.285016 0.0940851
v -0 2.285016 0.53992426
v -1.958792 2.285016 0.53992426
v -1.958792 1.8391768 0.0940851
v -1.9579794 1.838365 -0.07064608
v -2.520496 1.8382797 -0.022669673
v -2.4043067 1.8391768 0.0940851
v -2.520496 1.8382797 0.65667903
v -2.4043067 1.8391768 0.53992426
v -1.9579794 1.838365 0.7046554
v -1.958792 1.8391768 0.53992426
v -1.958792 1.8391768 0.53992426
v -1.9579794 1.838365 0.7046554
v -1.9578941 2.4012053 0.6566789
v -1.958792 2.285016 0.53992426
v -1.9578941 2.4012053 -0.022669554
v -1.958792 2.285016 0.0940851
v -1.9579794 1.838365 -0.07064608
v -1.958792 1.8391768 0.0940851
v -1.958792 1.8391768 0.0940851
v -1.958792 1.8391768 0.23410235
v -0 1.8391768 0.23410235
v -0 1.8391768 0.0940851
v -1.9579794 1.838365 0.7046554
v -2.520496 1.8382797 0.65667903
v -2.499195 2.3799045 0.6353907
v -1.9578941 2.4012053 0.6566789
v -2.520496 1.8382797 -0.022669673
v -2.499195 2.3799045 -0.0013813376
v -2.499195 2.3799045 0.6353907
v -2.520496 1.8382797 0.65667903
v -1.9578941 2.4012053 0.6566789
v -2.499195 2.3799045 0.6353907
v -2.499195 2.3799045 -0.0013813376
v -1.9578941 2.4012053 -0.022669554
v -1.9578941 2.4012053 -0.022669554
v -2.499195 2.3799045 -0.0013813376
v -2.520496 1.8382797 -0.022669673
v -1.9579794 1.838365 -0.07064608
v -0 1.8391768 0.399907
v -0 0 0.399907
v -1.958792 0 0.399907
v -1.958792 1.8391768 0.399907
v -1.958792 0 0.0940851
v -1.958792 0 0.23410235
v -1.958792 1.8391768 0.23410235
v -1.958792 1.8391768 0.0940851
v -1.958792 1.8391768 0.23410235
v -1.958792 0 0.23410235
v -0 0 0.23410235
v -0 1.8391768 0.23410235
v -0 1.8391768 4.76054
v -0 1.8391768 4.6205225
v -1.958792 1.8391768 4.6205225
v -1.958792 1.8391768 4.76054
v -0 1.8391768 4.3147006
v -0 2.285016 4.3147006
v -1.958792 2.285016 4.3147006
v -1.958792 1.8391768 4.3147006
v -1.958792 1.8391768 4.76054
v -1.958792 2.285016 4.76054
v -0 2.285016 4.76054
v -0 1.8391768 4.76054
v -1.958792 2.285016 4.3147006
v -0 2.285016 4.3147006
v -0 2.285016 4.76054
v -1.958792 2.285016 4.76054
v -1.958792 1.8391768 4.3147006
v -1.9579794 1.838365 4.1499696
v -2.520496 1.8382797 4.1979456
v -2.4043067 1.8391768 4.3147006
v -2.520496 1.8382797 4.8772945
v -2.4043067 1.8391768 4.76054
v -1.9579794 1.838365 4.925271
v -1.958792 1.8391768 4.76054
v -1.958792 1.8391768 4.76054
v -1.9579794 1.838365 4.925271
v -1.9578941 2.4012053 4.8772945
v -1.958792 2.285016 4.76054
v -1.9578941 2.4012053 4.1979456
v -1.958792 2.285016 4.3147006
v -1.9579794 1.838365 4.1499696
v -1.958792 1.8391768 4.3147006
v -1.958792 1.8391768 4.3147006
v -1.958792 1.8391768 4.4547176
v -0 1.8391768 4.4547176
v -0 1.8391768 4.3147006
v -1.9579794 1.838365 4.925271
v -2.520496 1.8382797 4.8772945
v -2.499195 2.3799045 4.856006
v -1.9578941 2.4012053 4.8772945
v -2.520496 1.8382797 4.1979456
v -2.499195 2.3799045 4.2192345
v -2.499195 2.3799045 4.856006
v -2.520496 1.8382797 4.8772945
v -1.9578941 2.4012053 4.8772945
v -2.499195 2.3799045 4.856006
v -2.499195 2.3799045 4.2192345
v -1.9578941 2.4012053 4.1979456
v -1.9578941 2.4012053 4.1979456
v -2.499195 2.3799045 4.2192345
v -2.520496 1.8382797 4.1979456
v -1.9579794 1.838365 4.1499696
v -0 1.8391768 4.6205225
v -0 0 4.6205225
v -1.958792 0 4.6205225
v -1.958792 1.8391768 4.6205225
v -1.958792 0 4.3147006
v -1.958792 0 4.4547176
v -1.958792 1.8391768 4.4547176
v -1.958792 1.8391768 4.3147006
v -1.958792 1.8391768 4.4547176
v -1.958792 0 4.4547176
v -0 0 4.4547176
v -0 1.8391768 4.4547176
v -0.29435793 1.8916217 0.39193973
v -0.4643728 2.0151446 0.39193973
v -0.4643728 2.0151446 4.457914
v -0.29435793 1.8916217 4.457914
v -0.12434306 2.0151446 0.39193973
v -0.12434306 2.0151446 4.457914
v -0.4643728 2.0151446 0.39193973
v -0.3994329 2.2150092 0.39193973
v -0.3994329 2.2150092 4.457914
v -0.4643728 2.0151446 4.457914
v -0.3994329 2.2150092 0.39193973
v -0.18928294 2.2150092 0.39193973
v -0.18928294 2.2150092 4.457914
v -0.3994329 2.2150092 4.457914
v -0.18928294 2.2150092 4.457914
v -0.12434306 2.0151446 4.457914
v -0.29435793 1.8916217 4.457914
v -0.3994329 2.2150092 4.457914
v -0.4643728 2.0151446 4.457914
v -0.18928294 2.2150092 0.39193973
v -0.12434306 2.0151446 0.39193973
v -0.12434306 2.0151446 4.457914
v -0.18928294 2.2150092 4.457914
v -0.29435793 1.8916217 0.39193973
v -0.12434306 2.0151446 0.39193973
v -0.18928294 2.2150092 0.39193973
v -0.3994329 2.2150092 0.39193973
v -0.4643728 2.0151446 0.39193973
v -0.81147325 1.8916217 0.39193973
v -0.9814881 2.0151446 0.39193973
v -0.9814881 2.0151446 4.457914
v -0.81147325 1.8916217 4.457914
v -0.6414584 2.0151446 0.39193973
v -0.6414584 2.0151446 4.457914
v -0.9814881 2.0151446 0.39193973
v -0.9165482 2.2150092 0.39193973
v -0.9165482 2.2150092 4.457914
v -0.9814881 2.0151446 4.457914
v -0.9165482 2.2150092 0.39193973
v -0.70639825 2.2150092 0.39193973
v -0.70639825 2.2150092 4.457914
v -0.9165482 2.2150092 4.457914
v -0.70639825 2.2150092 4.457914
v -0.6414584 2.0151446 4.457914
v -0.81147325 1.8916217 4.457914
v -0.9165482 2.2150092 4.457914
v -0.9814881 2.0151446 4.457914
v -0.70639825 2.2150092 0.39193973
v -0.6414584 2.0151446 0.39193973
v -0.6414584 2.0151446 4.457914
v -0.70639825 2.2150092 4.457914
v -0.81147325 1.8916217 0.39193973
v -0.6414584 2.0151446 0.39193973
v -0.70639825 2.2150092 0.39193973
v -0.9165482 2.2150092 0.39193973
v -0.9814881 2.0151446 0.39193973
v -1.2728992 1.8916217 0.39193973
v -1.4429141 2.0151446 0.39193973
v -1.4429141 2.0151446 4.457914
v -1.2728992 1.8916217 4.457914
v -1.1028843 2.0151446 0.39193973
v -1.1028843 2.0151446 4.457914
v -1.4429141 2.0151446 0.39193973
v -1.3779742 2.2150092 0.39193973
v -1.3779742 2.2150092 4.457914
v -1.4429141 2.0151446 4.457914
v -1.3779742 2.2150092 0.39193973
v -1.1678241 2.2150092 0.39193973
v -1.1678241 2.2150092 4.457914
v -1.3779742 2.2150092 4.457914
v -1.1678241 2.2150092 4.457914
v -1.1028843 2.0151446 4.457914
v -1.2728992 1.8916217 4.457914
v -1.3779742 2.2150092 4.457914
v -1.4429141 2.0151446 4.457914
v -1.1678241 2.2150092 0.39193973
v -1.1028843 2.0151446 0.39193973
v -1.1028843 2.0151446 4.457914
v -1.1678241 2.2150092 4.457914
v -1.2728992 1.8916217 0.39193973
v -1.1028843 2.0151446 0.39193973
v -1.1678241 2.2150092 0.39193973
v -1.3779742 2.2150092 0.39193973
v -1.4429141 2.0151446 0.39193973
v -1.7025026 1.8916217 0.39193973
v -1.8725173 2.0151446 0.39193973
v -1.8725173 2.0151446 4.457914
v -1.7025026 1.8916217 4.457914
v -1.5324878 2.0151446 0.39193973
v -1.5324878 2.0151446 4.457914
v -1.8725173 2.0151446 0.39193973
v -1.8075775 2.2150092 0.39193973
v -1.8075775 2.2150092 4.457914
v -1.8725173 2.0151446 4.457914
v -1.8075775 2.2150092 0.39193973
v -1.5974277 2.2150092 0.39193973
v -1.5974277 2.2150092 4.457914
v -1.8075775 2.2150092 4.457914
v -1.5974277 2.2150092 4.457914
v -1.5324878 2.0151446 4.457914
v -1.7025026 1.8916217 4.457914
v -1.8075775 2.2150092 4.457914
v -1.8725173 2.0151446 4.457914
v -1.5974277 2.2150092 0.39193973
v -1.5324878 2.0151446 0.39193973
v -1.5324878 2.0151446 4.457914
v -1.5974277 2.2150092 4.457914
v -1.7025026 1.8916217 0.39193973
v -1.5324878 2.0151446 0.39193973
v -1.5974277 2.2150092 0.39193973
v -1.8075775 2.2150092 0.39193973
v -1.8725173 2.0151446 0.39193973
v -2.2434847 1.8900571 0.35637018
v -2.459113 2.0467203 0.35637018
v -2.459113 2.0467203 4.4934835
v -2.2434847 1.8900571 4.4934835
v -2.0278566 2.0467203 0.35637018
v -2.0278566 2.0467203 4.4934835
v -2.459113 2.0467203 0.35637018
v -2.3767502 2.3002064 0.35637018
v -2.3767502 2.3002064 4.4934835
v -2.459113 2.0467203 4.4934835
v -2.3767502 2.3002064 0.35637018
v -2.1102192 2.3002064 0.35637018
v -2.1102192 2.3002064 4.4934835
v -2.3767502 2.3002064 4.4934835
v -2.1102192 2.3002064 4.4934835
v -2.0278566 2.0467203 4.4934835
v -2.2434847 1.8900571 4.4934835
v -2.3767502 2.3002064 4.4934835
v -2.459113 2.0467203 4.4934835
v -2.1102192 2.3002064 0.35637018
v -2.0278566 2.0467203 0.35637018
v -2.0278566 2.0467203 4.4934835
v -2.1102192 2.3002064 4.4934835
v -2.2434847 1.8900571 0.35637018
v -2.0278566 2.0467203 0.35637018
v -2.1102192 2.3002064 0.35637018
v -2.3767502 2.3002064 0.35637018
v -2.459113 2.0467203 0.35637018
v -1.958792 1.8391768 4.76054
v -1.958792 0 4.76054
v -2.4043067 0 4.76054
v -2.4043067 1.8391768 4.76054
v -2.4043067 1.8391768 4.76054
v -2.4043067 0 4.76054
v -2.4043067 0 4.3147006
v -2.4043067 1.8391768 4.3147006
v -2.4043067 1.8391768 4.3147006
v -2.4043067 0 4.3147006
v -1.958792 0 4.3147006
v -1.958792 1.8391768 4.3147006
v -1.958792 1.8391768 4.76054
v -1.958792 1.8391768 4.6205225
v -1.958792 0 4.6205225
v -1.958792 0 4.76054
v -1.958792 1.8391768 0.53992426
v -1.958792 0 0.53992426
v -2.4043067 0 0.53992426
v -2.4043067 1.8391768 0.53992426
v -2.4043067 1.8391768 0.53992426
v -2.4043067 0 0.53992426
v -2.4043067 0 0.0940851
v -2.4043067 1.8391768 0.0940851
v -2.4043067 1.8391768 0.0940851
v -2.4043067 0 0.0940851
v -1.958792 0 0.0940851
v -1.958792 1.8391768 0.0940851
v -1.958792 1.8391768 0.53992426
v -1.958792 1.8391768 0.399907
v -1.958792 0 0.399907
v -1.958792 0 0.53992426
v -2.3526375 0.23064886 0.39193988
v -2.2291145 0.40066373 0.39193988
v -2.2291145 0.40066373 4.457914
v -2.3526375 0.23064886 4.457914
v -2.2291145 0.060634043 0.39193988
v -2.2291145 0.060634043 4.457914
v -2.2291145 0.40066373 0.39193988
v -2.0292501 0.33572382 0.39193988
v -2.0292501 0.33572382 4.457914
v -2.2291145 0.40066373 4.457914
v -2.0292501 0.33572382 0.39193988
v -2.0292501 0.12557389 0.39193988
v -2.0292501 0.12557389 4.457914
v -2.0292501 0.33572382 4.457914
v -2.2291145 0.40066373 4.457914
v -2.0292501 0.33572382 4.457914
v -2.0292501 0.12557389 4.457914
v -2.2291145 0.060634043 4.457914
v -2.3526375 0.23064886 4.457914
v -2.0292501 0.12557389 0.39193988
v -2.2291145 0.060634043 0.39193988
v -2.2291145 0.060634043 4.457914
v -2.0292501 0.12557389 4.457914
v -2.2291145 0.060634043 0.39193988
v -2.0292501 0.12557389 0.39193988
v -2.0292501 0.33572382 0.39193988
v -2.2291145 0.40066373 0.39193988
v -2.3526375 0.23064886 0.39193988
v -2.3526375 0.7477642 0.39193988
v -2.2291145 0.9177792 0.39193988
v -2.2291145 0.9177792 4.457914
v -2.3526375 0.7477642 4.457914
v -2.2291145 0.5777494 0.39193988
v -2.2291145 0.5777494 4.457914
v -2.2291145 0.9177792 0.39193988
v -2.0292501 0.8528393 0.39193988
v -2.0292501 0.8528393 4.457914
v -2.2291145 0.9177792 4.457914
v -2.0292501 0.8528393 0.39193988
v -2.0292501 0.64268917 0.39193988
v -2.0292501 0.64268917 4.457914
v -2.0292501 0.8528393 4.457914
v -2.2291145 0.9177792 4.457914
v -2.0292501 0.8528393 4.457914
v -2.0292501 0.64268917 4.457914
v -2.2291145 0.5777494 4.457914
v -2.3526375 0.7477642 4.457914
v -2.0292501 0.64268917 0.39193988
v -2.2291145 0.5777494 0.39193988
v -2.2291145 0.5777494 4.457914
v -2.0292501 0.64268917 4.457914
v -2.2291145 0.5777494 0.39193988
v -2.0292501 0.64268917 0.39193988
v -2.0292501 0.8528393 0.39193988
v -2.2291145 0.9177792 0.39193988
v -2.3526375 0.7477642 0.39193988
v -2.3526375 1.2091902 0.39193988
v -2.2291145 1.379205 0.39193988
v -2.2291145 1.379205 4.457914
v -2.3526375 1.2091902 4.457914
v -2.2291145 1.0391753 0.39193988
v -2.2291145 1.0391753 4.457914
v -2.2291145 1.379205 0.39193988
v -2.0292501 1.3142651 0.39193988
v -2.0292501 1.3142651 4.457914
v -2.2291145 1.379205 4.457914
v -2.0292501 1.3142651 0.39193988
v -2.0292501 1.1041151 0.39193988
v -2.0292501 1.1041151 4.457914
v -2.0292501 1.3142651 4.457914
v -2.2291145 1.379205 4.457914
v -2.0292501 1.3142651 4.457914
v -2.0292501 1.1041151 4.457914
v -2.2291145 1.0391753 4.457914
v -2.3526375 1.2091902 4.457914
v -2.0292501 1.1041151 0.39193988
v -2.2291145 1.0391753 0.39193988
v -2.2291145 1.0391753 4.457914
v -2.0292501 1.1041151 4.457914
v -2.2291145 1.0391753 0.39193988
v -2.0292501 1.1041151 0.39193988
v -2.0292501 1.3142651 0.39193988
v -2.2291145 1.379205 0.39193988
v -2.3526375 1.2091902 0.39193988
v -2.3526375 1.6387933 0.39193988
v -2.2291145 1.8088083 0.39193988
v -2.2291145 1.8088083 4.457914
v -2.3526375 1.6387933 4.457914
v -2.2291145 1.4687787 0.39193988
v -2.2291145 1.4687787 4.457914
v -2.2291145 1.8088083 0.39193988
v -2.0292501 1.7438685 0.39193988
v -2.0292501 1.7438685 4.457914
v -2.2291145 1.8088083 4.457914
v -2.0292501 1.7438685 0.39193988
v -2.0292501 1.5337187 0.39193988
v -2.0292501 1.5337187 4.457914
v -2.0292501 1.7438685 4.457914
v -2.2291145 1.8088083 4.457914
v -2.0292501 1.7438685 4.457914
v -2.0292501 1.5337187 4.457914
v -2.2291145 1.4687787 4.457914
v -2.3526375 1.6387933 4.457914
v -2.0292501 1.5337187 0.39193988
v -2.2291145 1.4687787 0.39193988
v -2.2291145 1.4687787 4.457914
v -2.0292501 1.5337187 4.457914
v -2.2291145 1.4687787 0.39193988
v -2.0292501 1.5337187 0.39193988
v -2.0292501 1.7438685 0.39193988
v -2.2291145 1.8088083 0.39193988
v -2.3526375 1.6387933 0.39193988
v -0.6022979 2.3592422 2.760235
v -0.040270276 2.182727 3.2619276
v -0.602298 2.1827276 2.760235
v -0.040270217 2.3592422 3.2619276
v -0 2.3592422 3.2619276
v -0 2.182727 3.2619276
v -0 2.4132228 3.2402513
v -0.1756237 2.4132228 2.1237679
v -0.05434699 2.4132228 2.5333757
v -0.06658808 2.4132228 2.537089
v -0.5786747 2.413223 2.7242875
v -0.096671015 2.4132228 2.5531688
v -0.1230389 2.4132228 2.5748086
v -0.1446785 2.4132228 2.601176
v -0.16075814 2.4132228 2.6312592
v -0.17065997 2.4132228 2.6639009
v -0.17400339 2.4132228 2.6978474
v -0.17139927 2.4132228 2.7242875
v -0.17065997 2.4132228 2.7317936
v -0.16075814 2.4132228 2.7644358
v -0.384206 2.413223 1.973605
v -0 2.4132228 1.973605
v -0 2.4132228 2.1237679
v -0 2.4132228 3.2402513
v -0.14467853 2.4132228 2.7945187
v -0.12303893 2.4132228 2.8208869
v -0.096671015 2.4132228 2.842526
v -0.06658808 2.4132228 2.8586059
v -0.03394617 2.4132228 2.8685076
v -0 2.4132228 2.871851
v -0.05434699 2.4132228 2.5333757
v -0.1756237 2.4132228 2.1237679
v -0.17562374 2.228817 2.1237679
v -0.05434701 2.229229 2.5333757
v -0 2.4132228 2.1237679
v -0 2.228817 2.1237679
v -0.17562374 2.228817 2.1237679
v -0.1756237 2.4132228 2.1237679
v -0.05434699 2.4132228 2.5333757
v -0.05434701 2.229229 2.5333757
v -0.06658811 2.229229 2.537089
v -0.06658808 2.4132228 2.537089
v -0.096671045 2.229229 2.5531688
v -0.096671015 2.4132228 2.5531688
v -0.12303892 2.229229 2.5748086
v -0.1230389 2.4132228 2.5748086
v -0.1230389 2.4132228 2.5748086
v -0.12303892 2.229229 2.5748086
v -0.14467853 2.229229 2.601176
v -0.1446785 2.4132228 2.601176
v -0.1607582 2.229229 2.6312592
v -0.16075814 2.4132228 2.6312592
v -0.17065999 2.229229 2.6639009
v -0.17065997 2.4132228 2.6639009
v -0.17400342 2.229229 2.6978474
v -0.17400339 2.4132228 2.6978474
v -0.17065999 2.229229 2.7317936
v -0.17065997 2.4132228 2.7317936
v -0.1607582 2.229229 2.7644358
v -0.16075814 2.4132228 2.7644358
v -0.14467856 2.229229 2.7945187
v -0.14467853 2.4132228 2.7945187
v -0.123038955 2.229229 2.8208869
v -0.12303893 2.4132228 2.8208869
v -0.12303893 2.4132228 2.8208869
v -0.123038955 2.229229 2.8208869
v -0.096671045 2.229229 2.842526
v -0.096671015 2.4132228 2.842526
v -0.06658811 2.229229 2.8586059
v -0.06658808 2.4132228 2.8586059
v -0.033946194 2.229229 2.8685076
v -0.03394617 2.4132228 2.8685076
v -0 2.229229 2.871851
v -0 2.4132228 2.871851
v -0.5786747 2.413223 2.7242875
v -0 2.4132228 3.2402513
v -0.040270217 2.3592422 3.2619276
v -0.6022979 2.3592422 2.760235
v -0.6290109 2.3592422 2.6720371
v -0.384206 2.413223 1.973605
v -0.44733834 2.3592422 1.9718748
v -0.44733837 2.1827276 1.9718748
v -0.6290109 2.1827276 2.6720371
v -0.602298 2.1827276 2.760235
v -0.44733834 2.3592422 1.9718748
v -0.44733837 2.1827276 1.9718748
v -0.37980005 2.1827276 1.9196243
v -0.37980005 2.3592422 1.9196243
v -0.384206 2.413223 1.973605
v -0 2.4132228 1.973605
v -0 2.3592422 1.9196243
v -0 2.182727 1.9196243
v -0.05434701 2.229229 2.5333757
v -0.17562374 2.228817 2.1237679
v -0 2.228817 2.1237679
v -0 2.229229 2.6166098
v -0.029703079 2.229229 2.6166098
v -0.06658811 2.229229 2.537089
v -0.096671045 2.229229 2.5531688
v -0.12303892 2.229229 2.5748086
v -0.14467853 2.229229 2.601176
v -0.1607582 2.229229 2.6312592
v -0 2.229229 2.871851
v -0.17065999 2.229229 2.6639009
v -0.17400342 2.229229 2.6978474
v -0.17065999 2.229229 2.7317936
v -0.1607582 2.229229 2.7644358
v -0.14467856 2.229229 2.7945187
v -0.123038955 2.229229 2.8208869
v -0.096671045 2.229229 2.842526
v -0.06658811 2.229229 2.8586059
v -0.033946194 2.229229 2.8685076
v -0 2.182727 2.7242875
v -0 2.182727 1.9196243
v -0.37980005 2.1827276 1.9196243
v -0.44733837 2.1827276 1.9718748
v -0.6290109 2.1827276 2.6720371
v -0.5885877 2.1827276 2.7242875
v -0.602298 2.1827276 2.760235
v -0 2.182727 3.2619276
v -0.040270276 2.182727 3.2619276
v 1.4919317 1.4919317 0.42636085
v 1.4919317 -1.4919317 0.42636085
v 1.4919317 -1.4919317 4.4251876
v 1.4919317 1.4919317 4.4251876
v 1.4919317 -1.4919317 0.42636085
v -1.4919317 -1.4919317 0.42636085
v -1.4919317 -1.4919317 4.4251876
v 1.4919317 -1.4919317 4.4251876
v -1.4919317 -1.4919317 0.42636085
v -1.4919317 1.4919317 0.42636085
v -1.4919317 1.4919317 4.4251876
v -1.4919317 -1.4919317 4.4251876
v -1.4919317 1.4919317 0.42636085
v 1.4919317 1.4919317 0.42636085
v 1.4919317 1.4919317 4.4251876
v -1.4919317 1.4919317 4.4251876
v 1.4919317 -1.4919317 0.42636085
v 1.4919317 1.4919317 0.42636085
v -1.4919317 1.4919317 0.42636085
v -1.4919317 -1.4919317 0.42636085
v -1.4919317 -1.4919317 4.4251876
v -1.4919317 1.4919317 4.4251876
v 1.4919317 1.4919317 4.4251876
v 1.4919317 -1.4919317 4.4251876
vt 0.9641535 0.8039092
vt 0.96414495 0.8055812
vt 0.96414256 0.80605614
vt 0.96414256 0.80605614
vt 0.96414495 0.8055812
vt 0.9641535 0.8039092
vt 0.9337151 0.13256514
vt 0.94256157 0.13256514
vt 0.94256157 0.009111285
vt 0.9337151 0.009111285
vt 0.055502057 0.81667554
vt 0.08367026 0.81667006
vt 0.08367026 0.6929803
vt 0.055502057 0.692986
vt 0.65666103 0.34486914
vt 0.62849903 0.34485173
vt 0.62849903 0.46856308
vt 0.65666103 0.46858025
vt 0.34996524 0.826005
vt 0.34996524 0.9495034
vt 0.37813398 0.9495034
vt 0.37813398 0.8260052
vt 0.45723057 0.91433823
vt 0.45727825 0.9039303
vt 0.42182493 0.9069615
vt 0.429152 0.91433823
vt 0.42182493 0.9498837
vt 0.429152 0.94250697
vt 0.45727825 0.95291495
vt 0.45723057 0.94250697
vt 0.6048806 0.91433203
vt 0.6049347 0.90392417
vt 0.56943345 0.90693307
vt 0.57675886 0.9143145
vt 0.56943345 0.9498527
vt 0.57675886 0.94248164
vt 0.6049347 0.95290595
vt 0.6048806 0.94249916
vt 0.110739335 0.6929805
vt 0.101892844 0.6929805
vt 0.101892844 0.8164344
vt 0.110739335 0.8164344
vt 0.96915746 0.21198332
vt 0.93371487 0.21197689
vt 0.9350114 0.2462213
vt 0.96915746 0.24760246
vt 0.50827503 0.21589205
vt 0.474195 0.21722597
vt 0.474195 0.2574579
vt 0.50827503 0.258814
vt 0.9677558 0.15083215
vt 0.93371487 0.15217736
vt 0.93371487 0.19240949
vt 0.9677558 0.19375435
vt 0.6639178 0.29096365
vt 0.629786 0.29239774
vt 0.6284988 0.3266294
vt 0.6639178 0.3265419
vt 0.55622125 0.61051416
vt 0.672395 0.6105852
vt 0.672395 0.48687387
vt 0.55622125 0.48680282
vt 0.95716906 0.40024054
vt 0.96601504 0.40023506
vt 0.96601504 0.2842276
vt 0.95716906 0.2842331
vt 0.12531103 0.5510454
vt 0.00911127 0.5510683
vt 0.009111255 0.67475784
vt 0.12531103 0.67473507
vt 0.67488384 0.46830583
vt 0.6837301 0.46830583
vt 0.6837301 0.34485197
vt 0.67488384 0.34485197
vt 0.009111285 0.81667566
vt 0.037279487 0.8166702
vt 0.037279487 0.6929805
vt 0.009111285 0.692986
vt 0.30583763 0.69281197
vt 0.27767563 0.69279456
vt 0.27767563 0.8165059
vt 0.30583763 0.8165231
vt 0.8873236 0.009111166
vt 0.8873236 0.1326096
vt 0.91549253 0.1326096
vt 0.91549253 0.009111404
vt 0.6840482 0.91433215
vt 0.6840956 0.9039242
vt 0.6486423 0.9069555
vt 0.6559694 0.91433215
vt 0.6486423 0.94987774
vt 0.6559694 0.94250107
vt 0.6840956 0.952909
vt 0.6840482 0.94250107
vt 0.551157 0.9143324
vt 0.5512111 0.90392447
vt 0.5157099 0.9069333
vt 0.5230353 0.91431475
vt 0.5157099 0.94985294
vt 0.5230353 0.942482
vt 0.5512111 0.95290613
vt 0.551157 0.94249916
vt 0.9612036 0.5593729
vt 0.9523573 0.5593729
vt 0.9523573 0.68282676
vt 0.9612036 0.68282676
vt 0.044553757 0.9379357
vt 0.009111166 0.9379293
vt 0.010407686 0.9721737
vt 0.044553757 0.97355485
vt 0.45597267 0.21589208
vt 0.42189264 0.21722603
vt 0.42189264 0.25745797
vt 0.45597267 0.2588141
vt 0.56053853 0.21589231
vt 0.5264976 0.21723747
vt 0.5264976 0.25746965
vt 0.56053853 0.25881433
vt 0.10239649 0.9331491
vt 0.06826472 0.9345832
vt 0.0669775 0.96881485
vt 0.10239649 0.96872735
vt 0.42182505 0.61051416
vt 0.5379987 0.6105852
vt 0.5379987 0.48687387
vt 0.42182505 0.48680282
vt 0.9571688 0.5344759
vt 0.96601486 0.53447044
vt 0.96601486 0.418463
vt 0.9571688 0.41846848
vt 0.33174276 0.5508598
vt 0.215543 0.55088246
vt 0.21554299 0.6745721
vt 0.33174276 0.67454934
vt 0.68410397 0.009111259
vt 0.6739366 0.009111259
vt 0.6739366 0.26600522
vt 0.68410397 0.26600522
vt 0.69536716 0.009111259
vt 0.6953671 0.26600522
vt 0.48441494 0.88570786
vt 0.4974873 0.8857002
vt 0.4974873 0.628808
vt 0.48441494 0.62881565
vt 0.82725644 0.81626654
vt 0.840506 0.81626654
vt 0.840506 0.5593729
vt 0.82725644 0.5593729
vt 0.88273364 0.9903772
vt 0.89535886 0.9862685
vt 0.89535886 0.9729967
vt 0.88273364 0.9689028
vt 0.8749308 0.97964454
vt 0.92610264 0.54114294
vt 0.9389465 0.5411067
vt 0.9389465 0.28422785
vt 0.92610264 0.2842641
vt 0.9880822 0.9180049
vt 0.9754547 0.9139067
vt 0.96765053 0.92464393
vt 0.9880822 0.931275
vt 0.9754547 0.93537813
vt 0.723757 0.28422773
vt 0.71358967 0.28422773
vt 0.71358967 0.5411217
vt 0.723757 0.5411217
vt 0.7350202 0.28422773
vt 0.73502016 0.5411217
vt 0.8637178 0.5411277
vt 0.87679017 0.54112005
vt 0.87679017 0.28422785
vt 0.8637178 0.28423548
vt 0.85585177 0.26600504
vt 0.8691013 0.26600504
vt 0.8691013 0.009111404
vt 0.85585177 0.009111404
vt 0.27767575 0.97880864
vt 0.28547823 0.989551
vt 0.29810286 0.9854573
vt 0.29810286 0.9721849
vt 0.28547812 0.9680758
vt 0.24660921 0.9497099
vt 0.25945306 0.94967365
vt 0.25945306 0.6927948
vt 0.24660921 0.69283104
vt 0.9601569 0.7564645
vt 0.95235693 0.7672074
vt 0.9601569 0.7779479
vt 0.9727775 0.7605655
vt 0.9727775 0.7738428
vt 0.72375715 0.009111259
vt 0.7135898 0.009111259
vt 0.7135898 0.26600522
vt 0.72375715 0.26600522
vt 0.7350203 0.009111259
vt 0.7350203 0.26600522
vt 0.42182505 0.88570786
vt 0.43489742 0.8857002
vt 0.43489742 0.628808
vt 0.42182505 0.62881565
vt 0.8322457 0.5411215
vt 0.8454952 0.5411215
vt 0.8454952 0.28422785
vt 0.8322457 0.28422785
vt 0.9754505 0.95360065
vt 0.96765053 0.964345
vt 0.9754505 0.97508264
vt 0.9880713 0.9709749
vt 0.9880713 0.95769835
vt 0.2155428 0.9497099
vt 0.22838664 0.94967365
vt 0.22838664 0.6927948
vt 0.2155428 0.69283104
vt 0.9812069 0.10590708
vt 0.9812069 0.0926311
vt 0.9685849 0.08852267
vt 0.9685849 0.11000347
vt 0.9607841 0.09925926
vt 0.7634102 0.009111259
vt 0.75324285 0.009111259
vt 0.75324285 0.26600522
vt 0.7634102 0.26600522
vt 0.77467334 0.009111259
vt 0.77467334 0.26600522
vt 0.45312 0.88570786
vt 0.46619236 0.8857002
vt 0.46619236 0.628808
vt 0.45312 0.62881565
vt 0.8587284 0.81626654
vt 0.87197804 0.81626654
vt 0.87197804 0.5593729
vt 0.8587284 0.5593729
vt 0.8350594 0.9903915
vt 0.8476846 0.98628294
vt 0.8476846 0.97301114
vt 0.8350594 0.96891737
vt 0.82725644 0.97965896
vt 0.92129064 0.816288
vt 0.9341345 0.81625175
vt 0.9341345 0.5593729
vt 0.92129064 0.55940914
vt 0.1639564 0.978003
vt 0.1639564 0.96472704
vt 0.1513344 0.9606186
vt 0.1513344 0.9820994
vt 0.14353359 0.9713553
vt 0.6428189 0.2704997
vt 0.65571404 0.2704997
vt 0.65571404 0.009111404
vt 0.6428189 0.009111404
vt 0.62853396 0.2704997
vt 0.62853396 0.009111404
vt 0.7532428 0.8207698
vt 0.7698224 0.8207598
vt 0.7698224 0.5593729
vt 0.7532428 0.55938244
vt 0.71358943 0.8207326
vt 0.7303939 0.8207326
vt 0.7303939 0.5593443
vt 0.71358943 0.5593443
vt 0.71595526 0.96653605
vt 0.7319679 0.96132517
vt 0.7319679 0.9444927
vt 0.71595526 0.93930054
vt 0.706059 0.952924
vt 0.79274416 0.8207927
vt 0.8090341 0.8207469
vt 0.8090341 0.5593734
vt 0.79274416 0.55941916
vt 0.58865607 0.24313164
vt 0.6046669 0.23792005
vt 0.6046669 0.22108507
vt 0.57876086 0.22951746
vt 0.58865607 0.21589184
vt 0.87493074 0.83450675
vt 0.87493074 0.9506805
vt 0.90306807 0.9506633
vt 0.90306807 0.8344896
vt 0.9154923 0.2659269
vt 0.9154923 0.15083215
vt 0.8873236 0.15084502
vt 0.8873236 0.26593977
vt 0.14353347 0.8261908
vt 0.14353347 0.94239056
vt 0.1716659 0.94239604
vt 0.1716659 0.8261963
vt 0.7620888 0.83899236
vt 0.75324297 0.83899784
vt 0.75324297 0.9550053
vt 0.7620888 0.9549998
vt 0.92129064 0.83452785
vt 0.92129064 0.9507016
vt 0.94942796 0.9506844
vt 0.94942796 0.8345107
vt 0.30584437 0.94984037
vt 0.30584437 0.83474565
vt 0.27767578 0.8347585
vt 0.27767578 0.94985324
vt 0.82725644 0.83448946
vt 0.82725644 0.9506892
vt 0.8553889 0.9506947
vt 0.8553889 0.83449495
vt 0.80159014 0.83901477
vt 0.7927442 0.83902025
vt 0.79274416 0.9550277
vt 0.80159014 0.9550222
vt 0.8044584 0.28422773
vt 0.7927443 0.28424823
vt 0.7927442 0.5411408
vt 0.8044584 0.54112023
vt 0.81402314 0.28425795
vt 0.81402314 0.54115045
vt 0.68409574 0.62880784
vt 0.6712284 0.62880766
vt 0.6712284 0.88570154
vt 0.68409574 0.8857018
vt 0.19629034 0.5510538
vt 0.183035 0.5510456
vt 0.18303497 0.8079246
vt 0.19629031 0.8079329
vt 0.21554297 0.9786676
vt 0.22334391 0.98941183
vt 0.23596615 0.985317
vt 0.22334391 0.96793246
vt 0.23596615 0.97204196
vt 0.6219158 0.62880766
vt 0.60903144 0.62880766
vt 0.6090312 0.88570166
vt 0.6219158 0.88570166
vt 0.98807997 0.87830544
vt 0.97545385 0.87421036
vt 0.96765053 0.8849511
vt 0.98807997 0.891577
vt 0.97545385 0.89568424
vt 0.764957 0.28422773
vt 0.75324285 0.28424823
vt 0.75324285 0.54114074
vt 0.76495695 0.54112023
vt 0.77452177 0.28425795
vt 0.7745217 0.54115045
vt 0.65300584 0.62880784
vt 0.6401385 0.62880766
vt 0.6401385 0.88570154
vt 0.65300584 0.8857018
vt 0.8061513 0.009119511
vt 0.7928959 0.009111255
vt 0.7928959 0.26599032
vt 0.8061513 0.26599857
vt 0.34996524 0.97846127
vt 0.3577662 0.98920536
vt 0.37038845 0.9851105
vt 0.3577662 0.967726
vt 0.37038845 0.9718356
vt 0.55970144 0.62880766
vt 0.54681706 0.62880766
vt 0.5468168 0.88570166
vt 0.55970144 0.88570166
vt 0.96858406 0.009111285
vt 0.96078396 0.019851327
vt 0.96858406 0.030594468
vt 0.9812045 0.013216615
vt 0.9812045 0.026494026
vt 0.36167932 0.5508598
vt 0.3499652 0.5508803
vt 0.3499652 0.8077729
vt 0.36167932 0.8077524
vt 0.37124407 0.55089
vt 0.37124407 0.80778253
vt 0.90788007 0.2842279
vt 0.89501274 0.28422776
vt 0.89501274 0.54112166
vt 0.90788007 0.5411218
vt 0.40272212 0.5508681
vt 0.38946676 0.55085987
vt 0.38946676 0.8077389
vt 0.40272212 0.8077471
vt 0.94172096 0.9730301
vt 0.9290943 0.96892405
vt 0.9212904 0.9796567
vt 0.94172096 0.98630023
vt 0.9290943 0.9903958
vt 0.52859426 0.62880766
vt 0.5157099 0.62880766
vt 0.51570964 0.88570166
vt 0.52859426 0.88570166
vt 0.96858406 0.04881704
vt 0.96078396 0.05955708
vt 0.96858406 0.07030022
vt 0.9812045 0.052922368
vt 0.9812045 0.06619978
vt 0.15524769 0.55104554
vt 0.14353359 0.5510661
vt 0.14353359 0.8079586
vt 0.15524769 0.8079381
vt 0.16481245 0.5510758
vt 0.16481245 0.8079683
vt 0.90306807 0.55937314
vt 0.89020085 0.559373
vt 0.8902006 0.8162669
vt 0.90306807 0.8162671
vt 0.83762914 0.009119511
vt 0.8243738 0.009111255
vt 0.8243738 0.26599032
vt 0.83762914 0.26599857
vt 0.48330486 0.9908888
vt 0.49593198 0.986784
vt 0.49593198 0.9735142
vt 0.4755007 0.9801558
vt 0.48330486 0.96941775
vt 0.59080863 0.62880766
vt 0.57792425 0.62880766
vt 0.577924 0.88570166
vt 0.59080863 0.88570166
vt 0.9880769 0.8518935
vt 0.9880769 0.8386199
vt 0.97545266 0.8345108
vt 0.97545266 0.8559879
vt 0.9676504 0.8452448
vt 0.95510054 0.7010493
vt 0.9669466 0.7356695
vt 0.9662502 0.7010561
vt 0.9557967 0.73566264
vt 0.9557967 0.738206
vt 0.9669466 0.7382128
vt 0.9523568 0.73824203
vt 0.09238917 0.90543914
vt 0.10003549 0.8795595
vt 0.09926367 0.8793249
vt 0.06697756 0.86749744
vt 0.09736699 0.878309
vt 0.095704556 0.8769417
vt 0.094340205 0.87527585
vt 0.09332645 0.8733752
vt 0.09270215 0.87131286
vt 0.09249133 0.86916804
vt 0.09265554 0.86749744
vt 0.09270215 0.8670232
vt 0.09332645 0.8649609
vt 0.079238415 0.9149265
vt 0.10346192 0.9149265
vt 0.10346192 0.90543914
vt 0.10346192 0.834898
vt 0.094340205 0.86306024
vt 0.095704556 0.86139417
vt 0.09736699 0.8600271
vt 0.09926367 0.85901093
vt 0.1013217 0.8583853
vt 0.10346192 0.8581741
vt 0.68216634 0.29114294
vt 0.68214035 0.31710696
vt 0.69377065 0.31692743
vt 0.69377065 0.29096365
vt 0.38861096 0.9677329
vt 0.38861096 0.9793811
vt 0.3997028 0.9793742
vt 0.3997028 0.967726
vt 0.6906175 0.48680282
vt 0.6906175 0.498425
vt 0.69139713 0.49842978
vt 0.69139713 0.48680758
vt 0.6933254 0.498451
vt 0.6933254 0.4868288
vt 0.6950288 0.49847984
vt 0.6950288 0.48685765
vt 0.96396255 0.79617035
vt 0.9523568 0.79617035
vt 0.9524369 0.79782164
vt 0.96404266 0.79782164
vt 0.952497 0.7997111
vt 0.9641025 0.79971135
vt 0.95253444 0.80176675
vt 0.96413994 0.80176675
vt 0.952548 0.8039092
vt 0.9641535 0.8039092
vt 0.95253706 0.80605614
vt 0.96414495 0.8055812
vt 0.96414256 0.80605614
vt 0.95250225 0.8081249
vt 0.96410775 0.80812514
vt 0.95244455 0.81003654
vt 0.96405005 0.81003654
vt 0.9523666 0.81171715
vt 0.9639721 0.81171715
vt 0.32420275 0.97970057
vt 0.32420275 0.96807575
vt 0.32249188 0.9680834
vt 0.32249188 0.9797082
vt 0.3205582 0.9680891
vt 0.3205582 0.9797139
vt 0.31847602 0.9680922
vt 0.31847602 0.979717
vt 0.31632537 0.96809316
vt 0.31632537 0.97971797
vt 0.7283015 0.87306094
vt 0.7319677 0.8401613
vt 0.72818565 0.83895516
vt 0.7246264 0.8709445
vt 0.7246268 0.8765271
vt 0.7319677 0.92033815
vt 0.7280488 0.9206226
vt 0.71701205 0.92107797
vt 0.71359 0.8769827
vt 0.71358967 0.8713999
vt 0.19335032 0.96061856
vt 0.18219805 0.9606207
vt 0.18217874 0.9647748
vt 0.193331 0.9647726
vt 0.19676161 0.9646081
vt 0.19676161 0.9888691
vt 0.193331 0.9887554
vt 0.18217874 0.9887576
vt 0.48314553 0.9253156
vt 0.47550085 0.95119524
vt 0.4865736 0.95119524
vt 0.48657203 0.9200568
vt 0.4846993 0.9200568
vt 0.48237374 0.925081
vt 0.4804771 0.9240651
vt 0.47881463 0.9226978
vt 0.4774503 0.92103195
vt 0.47643653 0.9191313
vt 0.4865721 0.9039302
vt 0.47581223 0.91706896
vt 0.47560143 0.91492414
vt 0.47581226 0.91277933
vt 0.47643656 0.910717
vt 0.47745034 0.90881634
vt 0.4788147 0.90715027
vt 0.48047715 0.9057832
vt 0.48237383 0.90476704
vt 0.48443183 0.9041414
vt 0.04875499 0.88573784
vt 0.04875499 0.8348982
vt 0.024817884 0.8348982
vt 0.020561278 0.83819944
vt 0.009111285 0.8824367
vt 0.011658967 0.88573784
vt 0.010794878 0.88800913
vt 0.04875499 0.91970676
vt 0.046216965 0.91970676
vt 0.19732046 0.009228387
vt 0.009111285 0.009111258
vt 0.009111285 0.26174814
vt 0.19732046 0.26186523
vt 0.4036026 0.27998585
vt 0.21554303 0.27998585
vt 0.21554303 0.5326373
vt 0.40360248 0.5326373
vt 0.19583988 0.28017303
vt 0.009111285 0.28008777
vt 0.009111285 0.53273785
vt 0.19583988 0.5328231
vt 0.21554303 0.26176333
vt 0.4036702 0.26176262
vt 0.4036702 0.009111404
vt 0.21554303 0.009111881
vt 0.61031127 0.1976695
vt 0.61031127 0.009148121
vt 0.42189264 0.009111285
vt 0.42189264 0.19763267
vt 0.61027646 0.4684651
vt 0.61027646 0.2799859
vt 0.42182505 0.28010118
vt 0.42182505 0.46858037
vt 0.9337151 0.13256514
vt 0.9337151 0.009111285
vt 0.94256157 0.009111285
vt 0.94256157 0.13256514
vt 0.055502057 0.81667554
vt 0.055502057 0.692986
vt 0.08367026 0.6929803
vt 0.08367026 0.81667006
vt 0.65666103 0.34486914
vt 0.65666103 0.46858025
vt 0.62849903 0.46856308
vt 0.62849903 0.34485173
vt 0.34996524 0.826005
vt 0.37813398 0.8260052
vt 0.37813398 0.9495034
vt 0.34996524 0.9495034
vt 0.45723057 0.91433823
vt 0.42182493 0.9069615
vt 0.45727825 0.9039303
vt 0.429152 0.91433823
vt 0.42182493 0.9498837
vt 0.429152 0.94250697
vt 0.45727825 0.95291495
vt 0.45723057 0.94250697
vt 0.6048806 0.91433203
vt 0.56943345 0.90693307
vt 0.6049347 0.90392417
vt 0.57675886 0.9143145
vt 0.56943345 0.9498527
vt 0.57675886 0.94248164
vt 0.6049347 0.95290595
vt 0.6048806 0.94249916
vt 0.110739335 0.6929805
vt 0.110739335 0.8164344
vt 0.101892844 0.8164344
vt 0.101892844 0.6929805
vt 0.96915746 0.21198332
vt 0.96915746 0.24760246
vt 0.9350114 0.2462213
vt 0.93371487 0.21197689
vt 0.50827503 0.21589205
vt 0.50827503 0.258814
vt 0.474195 0.2574579
vt 0.474195 0.21722597
vt 0.9677558 0.15083215
vt 0.9677558 0.19375435
vt 0.93371487 0.19240949
vt 0.93371487 0.15217736
vt 0.6639178 0.29096365
vt 0.6639178 0.3265419
vt 0.6284988 0.3266294
vt 0.629786 0.29239774
vt 0.55622125 0.61051416
vt 0.55622125 0.48680282
vt 0.672395 0.48687387
vt 0.672395 0.6105852
vt 0.95716906 0.40024054
vt 0.95716906 0.2842331
vt 0.96601504 0.2842276
vt 0.96601504 0.40023506
vt 0.12531103 0.5510454
vt 0.12531103 0.67473507
vt 0.009111255 0.67475784
vt 0.00911127 0.5510683
vt 0.67488384 0.46830583
vt 0.67488384 0.34485197
vt 0.6837301 0.34485197
vt 0.6837301 0.46830583
vt 0.009111285 0.81667566
vt 0.009111285 0.692986
vt 0.037279487 0.6929805
vt 0.037279487 0.8166702
vt 0.30583763 0.69281197
vt 0.30583763 0.8165231
vt 0.27767563 0.8165059
vt 0.27767563 0.69279456
vt 0.8873236 0.009111166
vt 0.91549253 0.009111404
vt 0.91549253 0.1326096
vt 0.8873236 0.1326096
vt 0.6840482 0.91433215
vt 0.6486423 0.9069555
vt 0.6840956 0.9039242
vt 0.6559694 0.91433215
vt 0.6486423 0.94987774
vt 0.6559694 0.94250107
vt 0.6840956 0.952909
vt 0.6840482 0.94250107
vt 0.551157 0.9143324
vt 0.5157099 0.9069333
vt 0.5512111 0.90392447
vt 0.5230353 0.91431475
vt 0.5157099 0.94985294
vt 0.5230353 0.942482
vt 0.5512111 0.95290613
vt 0.551157 0.94249916
vt 0.9612036 0.5593729
vt 0.9612036 0.68282676
vt 0.9523573 0.68282676
vt 0.9523573 0.5593729
vt 0.044553757 0.9379357
vt 0.044553757 0.97355485
vt 0.010407686 0.9721737
vt 0.009111166 0.9379293
vt 0.45597267 0.21589208
vt 0.45597267 0.2588141
vt 0.42189264 0.25745797
vt 0.42189264 0.21722603
vt 0.56053853 0.21589231
vt 0.56053853 0.25881433
vt 0.5264976 0.25746965
vt 0.5264976 0.21723747
vt 0.10239649 0.9331491
vt 0.10239649 0.96872735
vt 0.0669775 0.96881485
vt 0.06826472 0.9345832
vt 0.42182505 0.61051416
vt 0.42182505 0.48680282
vt 0.5379987 0.48687387
vt 0.5379987 0.6105852
vt 0.9571688 0.5344759
vt 0.9571688 0.41846848
vt 0.96601486 0.418463
vt 0.96601486 0.53447044
vt 0.33174276 0.5508598
vt 0.33174276 0.67454934
vt 0.21554299 0.6745721
vt 0.215543 0.55088246
vt 0.68410397 0.009111259
vt 0.6739366 0.26600522
vt 0.6739366 0.009111259
vt 0.68410397 0.26600522
vt 0.69536716 0.009111259
vt 0.6953671 0.26600522
vt 0.48441494 0.88570786
vt 0.48441494 0.62881565
vt 0.4974873 0.628808
vt 0.4974873 0.8857002
vt 0.82725644 0.81626654
vt 0.82725644 0.5593729
vt 0.840506 0.5593729
vt 0.840506 0.81626654
vt 0.88273364 0.9903772
vt 0.8749308 0.97964454
vt 0.88273364 0.9689028
vt 0.89535886 0.9729967
vt 0.89535886 0.9862685
vt 0.92610264 0.54114294
vt 0.92610264 0.2842641
vt 0.9389465 0.28422785
vt 0.9389465 0.5411067
vt 0.9880822 0.931275
vt 0.9754547 0.93537813
vt 0.96765053 0.92464393
vt 0.9880822 0.9180049
vt 0.9754547 0.9139067
vt 0.723757 0.28422773
vt 0.71358967 0.5411217
vt 0.71358967 0.28422773
vt 0.723757 0.5411217
vt 0.7350202 0.28422773
vt 0.73502016 0.5411217
vt 0.8637178 0.5411277
vt 0.8637178 0.28423548
vt 0.87679017 0.28422785
vt 0.87679017 0.54112005
vt 0.85585177 0.26600504
vt 0.85585177 0.009111404
vt 0.8691013 0.009111404
vt 0.8691013 0.26600504
vt 0.27767575 0.97880864
vt 0.28547812 0.9680758
vt 0.29810286 0.9721849
vt 0.29810286 0.9854573
vt 0.28547823 0.989551
vt 0.24660921 0.9497099
vt 0.24660921 0.69283104
vt 0.25945306 0.6927948
vt 0.25945306 0.94967365
vt 0.9727775 0.7605655
vt 0.9727775 0.7738428
vt 0.9601569 0.7779479
vt 0.9601569 0.7564645
vt 0.95235693 0.7672074
vt 0.72375715 0.009111259
vt 0.7135898 0.26600522
vt 0.7135898 0.009111259
vt 0.72375715 0.26600522
vt 0.7350203 0.009111259
vt 0.7350203 0.26600522
vt 0.42182505 0.88570786
vt 0.42182505 0.62881565
vt 0.43489742 0.628808
vt 0.43489742 0.8857002
vt 0.8322457 0.5411215
vt 0.8322457 0.28422785
vt 0.8454952 0.28422785
vt 0.8454952 0.5411215
vt 0.9754505 0.95360065
vt 0.9880713 0.95769835
vt 0.9880713 0.9709749
vt 0.9754505 0.97508264
vt 0.96765053 0.964345
vt 0.2155428 0.9497099
vt 0.2155428 0.69283104
vt 0.22838664 0.6927948
vt 0.22838664 0.94967365
vt 0.9685849 0.11000347
vt 0.9607841 0.09925926
vt 0.9685849 0.08852267
vt 0.9812069 0.10590708
vt 0.9812069 0.0926311
vt 0.7634102 0.009111259
vt 0.75324285 0.26600522
vt 0.75324285 0.009111259
vt 0.7634102 0.26600522
vt 0.77467334 0.009111259
vt 0.77467334 0.26600522
vt 0.45312 0.88570786
vt 0.45312 0.62881565
vt 0.46619236 0.628808
vt 0.46619236 0.8857002
vt 0.8587284 0.81626654
vt 0.8587284 0.5593729
vt 0.87197804 0.5593729
vt 0.87197804 0.81626654
vt 0.8350594 0.9903915
vt 0.82725644 0.97965896
vt 0.8350594 0.96891737
vt 0.8476846 0.97301114
vt 0.8476846 0.98628294
vt 0.92129064 0.816288
vt 0.92129064 0.55940914
vt 0.9341345 0.5593729
vt 0.9341345 0.81625175
vt 0.1513344 0.9820994
vt 0.14353359 0.9713553
vt 0.1513344 0.9606186
vt 0.1639564 0.978003
vt 0.1639564 0.96472704
vt 0.6428189 0.2704997
vt 0.65571404 0.009111404
vt 0.65571404 0.2704997
vt 0.6428189 0.009111404
vt 0.62853396 0.2704997
vt 0.62853396 0.009111404
vt 0.7532428 0.8207698
vt 0.7532428 0.55938244
vt 0.7698224 0.5593729
vt 0.7698224 0.8207598
vt 0.71358943 0.8207326
vt 0.71358943 0.5593443
vt 0.7303939 0.5593443
vt 0.7303939 0.8207326
vt 0.71595526 0.96653605
vt 0.706059 0.952924
vt 0.71595526 0.93930054
vt 0.7319679 0.9444927
vt 0.7319679 0.96132517
vt 0.79274416 0.8207927
vt 0.79274416 0.55941916
vt 0.8090341 0.5593734
vt 0.8090341 0.8207469
vt 0.57876086 0.22951746
vt 0.58865607 0.21589184
vt 0.6046669 0.22108507
vt 0.58865607 0.24313164
vt 0.6046669 0.23792005
vt 0.87493074 0.83450675
vt 0.90306807 0.8344896
vt 0.90306807 0.9506633
vt 0.87493074 0.9506805
vt 0.9154923 0.2659269
vt 0.8873236 0.26593977
vt 0.8873236 0.15084502
vt 0.9154923 0.15083215
vt 0.14353347 0.8261908
vt 0.1716659 0.8261963
vt 0.1716659 0.94239604
vt 0.14353347 0.94239056
vt 0.7620888 0.83899236
vt 0.7620888 0.9549998
vt 0.75324297 0.9550053
vt 0.75324297 0.83899784
vt 0.92129064 0.83452785
vt 0.94942796 0.8345107
vt 0.94942796 0.9506844
vt 0.92129064 0.9507016
vt 0.30584437 0.94984037
vt 0.27767578 0.94985324
vt 0.27767578 0.8347585
vt 0.30584437 0.83474565
vt 0.82725644 0.83448946
vt 0.8553889 0.83449495
vt 0.8553889 0.9506947
vt 0.82725644 0.9506892
vt 0.80159014 0.83901477
vt 0.80159014 0.9550222
vt 0.79274416 0.9550277
vt 0.7927442 0.83902025
vt 0.8044584 0.28422773
vt 0.7927442 0.5411408
vt 0.7927443 0.28424823
vt 0.8044584 0.54112023
vt 0.81402314 0.28425795
vt 0.81402314 0.54115045
vt 0.68409574 0.62880784
vt 0.68409574 0.8857018
vt 0.6712284 0.88570154
vt 0.6712284 0.62880766
vt 0.19629034 0.5510538
vt 0.19629031 0.8079329
vt 0.18303497 0.8079246
vt 0.183035 0.5510456
vt 0.21554297 0.9786676
vt 0.22334391 0.96793246
vt 0.23596615 0.97204196
vt 0.23596615 0.985317
vt 0.22334391 0.98941183
vt 0.6219158 0.62880766
vt 0.6219158 0.88570166
vt 0.6090312 0.88570166
vt 0.60903144 0.62880766
vt 0.98807997 0.87830544
vt 0.98807997 0.891577
vt 0.97545385 0.89568424
vt 0.96765053 0.8849511
vt 0.97545385 0.87421036
vt 0.764957 0.28422773
vt 0.75324285 0.54114074
vt 0.75324285 0.28424823
vt 0.76495695 0.54112023
vt 0.77452177 0.28425795
vt 0.7745217 0.54115045
vt 0.65300584 0.62880784
vt 0.65300584 0.8857018
vt 0.6401385 0.88570154
vt 0.6401385 0.62880766
vt 0.8061513 0.009119511
vt 0.8061513 0.26599857
vt 0.7928959 0.26599032
vt 0.7928959 0.009111255
vt 0.34996524 0.97846127
vt 0.3577662 0.967726
vt 0.37038845 0.9718356
vt 0.37038845 0.9851105
vt 0.3577662 0.98920536
vt 0.55970144 0.62880766
vt 0.55970144 0.88570166
vt 0.5468168 0.88570166
vt 0.54681706 0.62880766
vt 0.96858406 0.009111285
vt 0.9812045 0.013216615
vt 0.9812045 0.026494026
vt 0.96858406 0.030594468
vt 0.96078396 0.019851327
vt 0.36167932 0.5508598
vt 0.3499652 0.8077729
vt 0.3499652 0.5508803
vt 0.36167932 0.8077524
vt 0.37124407 0.55089
vt 0.37124407 0.80778253
vt 0.90788007 0.2842279
vt 0.90788007 0.5411218
vt 0.89501274 0.54112166
vt 0.89501274 0.28422776
vt 0.40272212 0.5508681
vt 0.40272212 0.8077471
vt 0.38946676 0.8077389
vt 0.38946676 0.55085987
vt 0.94172096 0.9730301
vt 0.94172096 0.98630023
vt 0.9290943 0.9903958
vt 0.9212904 0.9796567
vt 0.9290943 0.96892405
vt 0.52859426 0.62880766
vt 0.52859426 0.88570166
vt 0.51570964 0.88570166
vt 0.5157099 0.62880766
vt 0.96858406 0.04881704
vt 0.9812045 0.052922368
vt 0.9812045 0.06619978
vt 0.96858406 0.07030022
vt 0.96078396 0.05955708
vt 0.15524769 0.55104554
vt 0.14353359 0.8079586
vt 0.14353359 0.5510661
vt 0.15524769 0.8079381
vt 0.16481245 0.5510758
vt 0.16481245 0.8079683
vt 0.90306807 0.55937314
vt 0.90306807 0.8162671
vt 0.8902006 0.8162669
vt 0.89020085 0.559373
vt 0.83762914 0.009119511
vt 0.83762914 0.26599857
vt 0.8243738 0.26599032
vt 0.8243738 0.009111255
vt 0.48330486 0.9908888
vt 0.4755007 0.9801558
vt 0.48330486 0.96941775
vt 0.49593198 0.9735142
vt 0.49593198 0.986784
vt 0.59080863 0.62880766
vt 0.59080863 0.88570166
vt 0.577924 0.88570166
vt 0.57792425 0.62880766
vt 0.9880769 0.8518935
vt 0.97545266 0.8559879
vt 0.9676504 0.8452448
vt 0.97545266 0.8345108
vt 0.9880769 0.8386199
vt 0.95510054 0.7010493
vt 0.9662502 0.7010561
vt 0.9669466 0.7356695
vt 0.9557967 0.73566264
vt 0.9557967 0.738206
vt 0.9669466 0.7382128
vt 0.9523568 0.73824203
vt 0.10346192 0.90543914
vt 0.10346192 0.9149265
vt 0.079238415 0.9149265
vt 0.09238917 0.90543914
vt 0.06697756 0.86749744
vt 0.09926367 0.8793249
vt 0.10003549 0.8795595
vt 0.09736699 0.878309
vt 0.095704556 0.8769417
vt 0.094340205 0.87527585
vt 0.09332645 0.8733752
vt 0.09270215 0.87131286
vt 0.09249133 0.86916804
vt 0.09265554 0.86749744
vt 0.09270215 0.8670232
vt 0.09332645 0.8649609
vt 0.10346192 0.834898
vt 0.094340205 0.86306024
vt 0.095704556 0.86139417
vt 0.09736699 0.8600271
vt 0.09926367 0.85901093
vt 0.1013217 0.8583853
vt 0.10346192 0.8581741
vt 0.68216634 0.29114294
vt 0.69377065 0.29096365
vt 0.69377065 0.31692743
vt 0.68214035 0.31710696
vt 0.38861096 0.9677329
vt 0.3997028 0.967726
vt 0.3997028 0.9793742
vt 0.38861096 0.9793811
vt 0.6906175 0.48680282
vt 0.69139713 0.49842978
vt 0.6906175 0.498425
vt 0.69139713 0.48680758
vt 0.6933254 0.498451
vt 0.6933254 0.4868288
vt 0.6950288 0.49847984
vt 0.6950288 0.48685765
vt 0.96396255 0.79617035
vt 0.9524369 0.79782164
vt 0.9523568 0.79617035
vt 0.96404266 0.79782164
vt 0.952497 0.7997111
vt 0.9641025 0.79971135
vt 0.95253444 0.80176675
vt 0.96413994 0.80176675
vt 0.952548 0.8039092
vt 0.9641535 0.8039092
vt 0.96414495 0.8055812
vt 0.96414256 0.80605614
vt 0.95253706 0.80605614
vt 0.95250225 0.8081249
vt 0.96410775 0.80812514
vt 0.95244455 0.81003654
vt 0.96405005 0.81003654
vt 0.9523666 0.81171715
vt 0.9639721 0.81171715
vt 0.32420275 0.97970057
vt 0.32249188 0.9680834
vt 0.32420275 0.96807575
vt 0.32249188 0.9797082
vt 0.3205582 0.9680891
vt 0.3205582 0.9797139
vt 0.31847602 0.9680922
vt 0.31847602 0.979717
vt 0.31632537 0.96809316
vt 0.31632537 0.97971797
vt 0.7283015 0.87306094
vt 0.72818565 0.83895516
vt 0.7319677 0.8401613
vt 0.7246264 0.8709445
vt 0.7246268 0.8765271
vt 0.7319677 0.92033815
vt 0.7280488 0.9206226
vt 0.71701205 0.92107797
vt 0.71359 0.8769827
vt 0.71358967 0.8713999
vt 0.19335032 0.96061856
vt 0.18217874 0.9647748
vt 0.18219805 0.9606207
vt 0.193331 0.9647726
vt 0.19676161 0.9646081
vt 0.19676161 0.9888691
vt 0.193331 0.9887554
vt 0.18217874 0.9887576
vt 0.48657203 0.9200568
vt 0.4865736 0.95119524
vt 0.47550085 0.95119524
vt 0.48314553 0.9253156
vt 0.4846993 0.9200568
vt 0.48237374 0.925081
vt 0.4804771 0.9240651
vt 0.47881463 0.9226978
vt 0.4774503 0.92103195
vt 0.4865721 0.9039302
vt 0.47643653 0.9191313
vt 0.47581223 0.91706896
vt 0.47560143 0.91492414
vt 0.47581226 0.91277933
vt 0.47643656 0.910717
vt 0.47745034 0.90881634
vt 0.4788147 0.90715027
vt 0.48047715 0.9057832
vt 0.48237383 0.90476704
vt 0.48443183 0.9041414
vt 0.020561278 0.83819944
vt 0.024817884 0.8348982
vt 0.04875499 0.8348982
vt 0.04875499 0.88573784
vt 0.009111285 0.8824367
vt 0.011658967 0.88573784
vt 0.010794878 0.88800913
vt 0.04875499 0.91970676
vt 0.046216965 0.91970676
vt 0.19732046 0.009228387
vt 0.19732046 0.26186523
vt 0.009111285 0.26174814
vt 0.009111285 0.009111258
vt 0.4036026 0.27998585
vt 0.40360248 0.5326373
vt 0.21554303 0.5326373
vt 0.21554303 0.27998585
vt 0.19583988 0.28017303
vt 0.19583988 0.5328231
vt 0.009111285 0.53273785
vt 0.009111285 0.28008777
vt 0.21554303 0.26176333
vt 0.21554303 0.009111881
vt 0.4036702 0.009111404
vt 0.4036702 0.26176262
vt 0.61031127 0.1976695
vt 0.42189264 0.19763267
vt 0.42189264 0.009111285
vt 0.61031127 0.009148121
vt 0.61027646 0.4684651
vt 0.42182505 0.46858037
vt 0.42182505 0.28010118
vt 0.61027646 0.2799859
vt 0.9337151 0.13256514
vt 0.9337151 0.009111285
vt 0.94256157 0.009111285
vt 0.94256157 0.13256514
vt 0.055502057 0.81667554
vt 0.055502057 0.692986
vt 0.08367026 0.6929803
vt 0.08367026 0.81667006
vt 0.65666103 0.34486914
vt 0.65666103 0.46858025
vt 0.62849903 0.46856308
vt 0.62849903 0.34485173
vt 0.34996524 0.826005
vt 0.37813398 0.8260052
vt 0.37813398 0.9495034
vt 0.34996524 0.9495034
vt 0.45723057 0.91433823
vt 0.42182493 0.9069615
vt 0.45727825 0.9039303
vt 0.429152 0.91433823
vt 0.42182493 0.9498837
vt 0.429152 0.94250697
vt 0.45727825 0.95291495
vt 0.45723057 0.94250697
vt 0.6048806 0.91433203
vt 0.56943345 0.90693307
vt 0.6049347 0.90392417
vt 0.57675886 0.9143145
vt 0.56943345 0.9498527
vt 0.57675886 0.94248164
vt 0.6049347 0.95290595
vt 0.6048806 0.94249916
vt 0.110739335 0.6929805
vt 0.110739335 0.8164344
vt 0.101892844 0.8164344
vt 0.101892844 0.6929805
vt 0.96915746 0.21198332
vt 0.96915746 0.24760246
vt 0.9350114 0.2462213
vt 0.93371487 0.21197689
vt 0.50827503 0.21589205
vt 0.50827503 0.258814
vt 0.474195 0.2574579
vt 0.474195 0.21722597
vt 0.9677558 0.15083215
vt 0.9677558 0.19375435
vt 0.93371487 0.19240949
vt 0.93371487 0.15217736
vt 0.6639178 0.29096365
vt 0.6639178 0.3265419
vt 0.6284988 0.3266294
vt 0.629786 0.29239774
vt 0.55622125 0.61051416
vt 0.55622125 0.48680282
vt 0.672395 0.48687387
vt 0.672395 0.6105852
vt 0.95716906 0.40024054
vt 0.95716906 0.2842331
vt 0.96601504 0.2842276
vt 0.96601504 0.40023506
vt 0.12531103 0.5510454
vt 0.12531103 0.67473507
vt 0.009111255 0.67475784
vt 0.00911127 0.5510683
vt 0.67488384 0.46830583
vt 0.67488384 0.34485197
vt 0.6837301 0.34485197
vt 0.6837301 0.46830583
vt 0.009111285 0.81667566
vt 0.009111285 0.692986
vt 0.037279487 0.6929805
vt 0.037279487 0.8166702
vt 0.30583763 0.69281197
vt 0.30583763 0.8165231
vt 0.27767563 0.8165059
vt 0.27767563 0.69279456
vt 0.8873236 0.009111166
vt 0.91549253 0.009111404
vt 0.91549253 0.1326096
vt 0.8873236 0.1326096
vt 0.6840482 0.91433215
vt 0.6486423 0.9069555
vt 0.6840956 0.9039242
vt 0.6559694 0.91433215
vt 0.6486423 0.94987774
vt 0.6559694 0.94250107
vt 0.6840956 0.952909
vt 0.6840482 0.94250107
vt 0.551157 0.9143324
vt 0.5157099 0.9069333
vt 0.5512111 0.90392447
vt 0.5230353 0.91431475
vt 0.5157099 0.94985294
vt 0.5230353 0.942482
vt 0.5512111 0.95290613
vt 0.551157 0.94249916
vt 0.9612036 0.5593729
vt 0.9612036 0.68282676
vt 0.9523573 0.68282676
vt 0.9523573 0.5593729
vt 0.044553757 0.9379357
vt 0.044553757 0.97355485
vt 0.010407686 0.9721737
vt 0.009111166 0.9379293
vt 0.45597267 0.21589208
vt 0.45597267 0.2588141
vt 0.42189264 0.25745797
vt 0.42189264 0.21722603
vt 0.56053853 0.21589231
vt 0.56053853 0.25881433
vt 0.5264976 0.25746965
vt 0.5264976 0.21723747
vt 0.10239649 0.9331491
vt 0.10239649 0.96872735
vt 0.0669775 0.96881485
vt 0.06826472 0.9345832
vt 0.42182505 0.61051416
vt 0.42182505 0.48680282
vt 0.5379987 0.48687387
vt 0.5379987 0.6105852
vt 0.9571688 0.5344759
vt 0.9571688 0.41846848
vt 0.96601486 0.418463
vt 0.96601486 0.53447044
vt 0.33174276 0.5508598
vt 0.33174276 0.67454934
vt 0.21554299 0.6745721
vt 0.215543 0.55088246
vt 0.68410397 0.009111259
vt 0.6739366 0.26600522
vt 0.6739366 0.009111259
vt 0.68410397 0.26600522
vt 0.69536716 0.009111259
vt 0.6953671 0.26600522
vt 0.48441494 0.88570786
vt 0.48441494 0.62881565
vt 0.4974873 0.628808
vt 0.4974873 0.8857002
vt 0.82725644 0.81626654
vt 0.82725644 0.5593729
vt 0.840506 0.5593729
vt 0.840506 0.81626654
vt 0.89535886 0.9729967
vt 0.89535886 0.9862685
vt 0.88273364 0.9903772
vt 0.88273364 0.9689028
vt 0.8749308 0.97964454
vt 0.92610264 0.54114294
vt 0.92610264 0.2842641
vt 0.9389465 0.28422785
vt 0.9389465 0.5411067
vt 0.96765053 0.92464393
vt 0.9754547 0.9139067
vt 0.9880822 0.9180049
vt 0.9880822 0.931275
vt 0.9754547 0.93537813
vt 0.723757 0.28422773
vt 0.71358967 0.5411217
vt 0.71358967 0.28422773
vt 0.723757 0.5411217
vt 0.7350202 0.28422773
vt 0.73502016 0.5411217
vt 0.8637178 0.5411277
vt 0.8637178 0.28423548
vt 0.87679017 0.28422785
vt 0.87679017 0.54112005
vt 0.85585177 0.26600504
vt 0.85585177 0.009111404
vt 0.8691013 0.009111404
vt 0.8691013 0.26600504
vt 0.29810286 0.9854573
vt 0.28547823 0.989551
vt 0.27767575 0.97880864
vt 0.29810286 0.9721849
vt 0.28547812 0.9680758
vt 0.24660921 0.9497099
vt 0.24660921 0.69283104
vt 0.25945306 0.6927948
vt 0.25945306 0.94967365
vt 0.9601569 0.7779479
vt 0.95235693 0.7672074
vt 0.9601569 0.7564645
vt 0.9727775 0.7605655
vt 0.9727775 0.7738428
vt 0.72375715 0.009111259
vt 0.7135898 0.26600522
vt 0.7135898 0.009111259
vt 0.72375715 0.26600522
vt 0.7350203 0.009111259
vt 0.7350203 0.26600522
vt 0.42182505 0.88570786
vt 0.42182505 0.62881565
vt 0.43489742 0.628808
vt 0.43489742 0.8857002
vt 0.8322457 0.5411215
vt 0.8322457 0.28422785
vt 0.8454952 0.28422785
vt 0.8454952 0.5411215
vt 0.9754505 0.97508264
vt 0.96765053 0.964345
vt 0.9754505 0.95360065
vt 0.9880713 0.9709749
vt 0.9880713 0.95769835
vt 0.2155428 0.9497099
vt 0.2155428 0.69283104
vt 0.22838664 0.6927948
vt 0.22838664 0.94967365
vt 0.9685849 0.08852267
vt 0.9812069 0.0926311
vt 0.9812069 0.10590708
vt 0.9685849 0.11000347
vt 0.9607841 0.09925926
vt 0.7634102 0.009111259
vt 0.75324285 0.26600522
vt 0.75324285 0.009111259
vt 0.7634102 0.26600522
vt 0.77467334 0.009111259
vt 0.77467334 0.26600522
vt 0.45312 0.88570786
vt 0.45312 0.62881565
vt 0.46619236 0.628808
vt 0.46619236 0.8857002
vt 0.8587284 0.81626654
vt 0.8587284 0.5593729
vt 0.87197804 0.5593729
vt 0.87197804 0.81626654
vt 0.8476846 0.97301114
vt 0.8476846 0.98628294
vt 0.8350594 0.9903915
vt 0.8350594 0.96891737
vt 0.82725644 0.97965896
vt 0.92129064 0.816288
vt 0.92129064 0.55940914
vt 0.9341345 0.5593729
vt 0.9341345 0.81625175
vt 0.1513344 0.9606186
vt 0.1639564 0.96472704
vt 0.1639564 0.978003
vt 0.1513344 0.9820994
vt 0.14353359 0.9713553
vt 0.6428189 0.2704997
vt 0.65571404 0.009111404
vt 0.65571404 0.2704997
vt 0.6428189 0.009111404
vt 0.62853396 0.2704997
vt 0.62853396 0.009111404
vt 0.7532428 0.8207698
vt 0.7532428 0.55938244
vt 0.7698224 0.5593729
vt 0.7698224 0.8207598
vt 0.71358943 0.8207326
vt 0.71358943 0.5593443
vt 0.7303939 0.5593443
vt 0.7303939 0.8207326
vt 0.7319679 0.9444927
vt 0.7319679 0.96132517
vt 0.71595526 0.96653605
vt 0.71595526 0.93930054
vt 0.706059 0.952924
vt 0.79274416 0.8207927
vt 0.79274416 0.55941916
vt 0.8090341 0.5593734
vt 0.8090341 0.8207469
vt 0.6046669 0.22108507
vt 0.6046669 0.23792005
vt 0.58865607 0.24313164
vt 0.57876086 0.22951746
vt 0.58865607 0.21589184
vt 0.87493074 0.83450675
vt 0.90306807 0.8344896
vt 0.90306807 0.9506633
vt 0.87493074 0.9506805
vt 0.9154923 0.2659269
vt 0.8873236 0.26593977
vt 0.8873236 0.15084502
vt 0.9154923 0.15083215
vt 0.14353347 0.8261908
vt 0.1716659 0.8261963
vt 0.1716659 0.94239604
vt 0.14353347 0.94239056
vt 0.7620888 0.83899236
vt 0.7620888 0.9549998
vt 0.75324297 0.9550053
vt 0.75324297 0.83899784
vt 0.92129064 0.83452785
vt 0.94942796 0.8345107
vt 0.94942796 0.9506844
vt 0.92129064 0.9507016
vt 0.30584437 0.94984037
vt 0.27767578 0.94985324
vt 0.27767578 0.8347585
vt 0.30584437 0.83474565
vt 0.82725644 0.83448946
vt 0.8553889 0.83449495
vt 0.8553889 0.9506947
vt 0.82725644 0.9506892
vt 0.80159014 0.83901477
vt 0.80159014 0.9550222
vt 0.79274416 0.9550277
vt 0.7927442 0.83902025
vt 0.8044584 0.28422773
vt 0.7927442 0.5411408
vt 0.7927443 0.28424823
vt 0.8044584 0.54112023
vt 0.81402314 0.28425795
vt 0.81402314 0.54115045
vt 0.68409574 0.62880784
vt 0.68409574 0.8857018
vt 0.6712284 0.88570154
vt 0.6712284 0.62880766
vt 0.19629034 0.5510538
vt 0.19629031 0.8079329
vt 0.18303497 0.8079246
vt 0.183035 0.5510456
vt 0.23596615 0.985317
vt 0.22334391 0.98941183
vt 0.21554297 0.9786676
vt 0.23596615 0.97204196
vt 0.22334391 0.96793246
vt 0.6219158 0.62880766
vt 0.6219158 0.88570166
vt 0.6090312 0.88570166
vt 0.60903144 0.62880766
vt 0.96765053 0.8849511
vt 0.97545385 0.87421036
vt 0.98807997 0.87830544
vt 0.97545385 0.89568424
vt 0.98807997 0.891577
vt 0.764957 0.28422773
vt 0.75324285 0.54114074
vt 0.75324285 0.28424823
vt 0.76495695 0.54112023
vt 0.77452177 0.28425795
vt 0.7745217 0.54115045
vt 0.65300584 0.62880784
vt 0.65300584 0.8857018
vt 0.6401385 0.88570154
vt 0.6401385 0.62880766
vt 0.8061513 0.009119511
vt 0.8061513 0.26599857
vt 0.7928959 0.26599032
vt 0.7928959 0.009111255
vt 0.37038845 0.9851105
vt 0.3577662 0.98920536
vt 0.34996524 0.97846127
vt 0.37038845 0.9718356
vt 0.3577662 0.967726
vt 0.55970144 0.62880766
vt 0.55970144 0.88570166
vt 0.5468168 0.88570166
vt 0.54681706 0.62880766
vt 0.96858406 0.030594468
vt 0.96078396 0.019851327
vt 0.96858406 0.009111285
vt 0.9812045 0.026494026
vt 0.9812045 0.013216615
vt 0.36167932 0.5508598
vt 0.3499652 0.8077729
vt 0.3499652 0.5508803
vt 0.36167932 0.8077524
vt 0.37124407 0.55089
vt 0.37124407 0.80778253
vt 0.90788007 0.2842279
vt 0.90788007 0.5411218
vt 0.89501274 0.54112166
vt 0.89501274 0.28422776
vt 0.40272212 0.5508681
vt 0.40272212 0.8077471
vt 0.38946676 0.8077389
vt 0.38946676 0.55085987
vt 0.9212904 0.9796567
vt 0.9290943 0.96892405
vt 0.94172096 0.9730301
vt 0.9290943 0.9903958
vt 0.94172096 0.98630023
vt 0.52859426 0.62880766
vt 0.52859426 0.88570166
vt 0.51570964 0.88570166
vt 0.5157099 0.62880766
vt 0.96858406 0.07030022
vt 0.96078396 0.05955708
vt 0.96858406 0.04881704
vt 0.9812045 0.06619978
vt 0.9812045 0.052922368
vt 0.15524769 0.55104554
vt 0.14353359 0.8079586
vt 0.14353359 0.5510661
vt 0.15524769 0.8079381
vt 0.16481245 0.5510758
vt 0.16481245 0.8079683
vt 0.90306807 0.55937314
vt 0.90306807 0.8162671
vt 0.8902006 0.8162669
vt 0.89020085 0.559373
vt 0.83762914 0.009119511
vt 0.83762914 0.26599857
vt 0.8243738 0.26599032
vt 0.8243738 0.009111255
vt 0.49593198 0.9735142
vt 0.49593198 0.986784
vt 0.48330486 0.9908888
vt 0.48330486 0.96941775
vt 0.4755007 0.9801558
vt 0.59080863 0.62880766
vt 0.59080863 0.88570166
vt 0.577924 0.88570166
vt 0.57792425 0.62880766
vt 0.97545266 0.8345108
vt 0.9880769 0.8386199
vt 0.9880769 0.8518935
vt 0.9676504 0.8452448
vt 0.97545266 0.8559879
vt 0.95510054 0.7010493
vt 0.9662502 0.7010561
vt 0.9669466 0.7356695
vt 0.9557967 0.73566264
vt 0.9557967 0.738206
vt 0.9669466 0.7382128
vt 0.9523568 0.73824203
vt 0.10346192 0.90543914
vt 0.10346192 0.9149265
vt 0.079238415 0.9149265
vt 0.09238917 0.90543914
vt 0.06697756 0.86749744
vt 0.09926367 0.8793249
vt 0.10003549 0.8795595
vt 0.09736699 0.878309
vt 0.095704556 0.8769417
vt 0.094340205 0.87527585
vt 0.09332645 0.8733752
vt 0.09270215 0.87131286
vt 0.09249133 0.86916804
vt 0.09265554 0.86749744
vt 0.09270215 0.8670232
vt 0.09332645 0.8649609
vt 0.10346192 0.834898
vt 0.094340205 0.86306024
vt 0.095704556 0.86139417
vt 0.09736699 0.8600271
vt 0.09926367 0.85901093
vt 0.1013217 0.8583853
vt 0.10346192 0.8581741
vt 0.68216634 0.29114294
vt 0.69377065 0.29096365
vt 0.69377065 0.31692743
vt 0.68214035 0.31710696
vt 0.38861096 0.9677329
vt 0.3997028 0.967726
vt 0.3997028 0.9793742
vt 0.38861096 0.9793811
vt 0.6906175 0.48680282
vt 0.69139713 0.49842978
vt 0.6906175 0.498425
vt 0.69139713 0.48680758
vt 0.6933254 0.498451
vt 0.6933254 0.4868288
vt 0.6950288 0.49847984
vt 0.6950288 0.48685765
vt 0.96396255 0.79617035
vt 0.9524369 0.79782164
vt 0.9523568 0.79617035
vt 0.96404266 0.79782164
vt 0.952497 0.7997111
vt 0.9641025 0.79971135
vt 0.95253444 0.80176675
vt 0.96413994 0.80176675
vt 0.952548 0.8039092
vt 0.9641535 0.8039092
vt 0.96414256 0.80605614
vt 0.95253706 0.80605614
vt 0.95250225 0.8081249
vt 0.96410775 0.80812514
vt 0.95244455 0.81003654
vt 0.96405005 0.81003654
vt 0.9523666 0.81171715
vt 0.9639721 0.81171715
vt 0.32420275 0.97970057
vt 0.32249188 0.9680834
vt 0.32420275 0.96807575
vt 0.32249188 0.9797082
vt 0.3205582 0.9680891
vt 0.3205582 0.9797139
vt 0.31847602 0.9680922
vt 0.31847602 0.979717
vt 0.31632537 0.96809316
vt 0.31632537 0.97971797
vt 0.7283015 0.87306094
vt 0.72818565 0.83895516
vt 0.7319677 0.8401613
vt 0.7246264 0.8709445
vt 0.7246268 0.8765271
vt 0.7319677 0.92033815
vt 0.7280488 0.9206226
vt 0.71701205 0.92107797
vt 0.71359 0.8769827
vt 0.71358967 0.8713999
vt 0.19335032 0.96061856
vt 0.18217874 0.9647748
vt 0.18219805 0.9606207
vt 0.193331 0.9647726
vt 0.19676161 0.9646081
vt 0.19676161 0.9888691
vt 0.193331 0.9887554
vt 0.18217874 0.9887576
vt 0.48657203 0.9200568
vt 0.4865736 0.95119524
vt 0.47550085 0.95119524
vt 0.48314553 0.9253156
vt 0.4846993 0.9200568
vt 0.48237374 0.925081
vt 0.4804771 0.9240651
vt 0.47881463 0.9226978
vt 0.4774503 0.92103195
vt 0.4865721 0.9039302
vt 0.47643653 0.9191313
vt 0.47581223 0.91706896
vt 0.47560143 0.91492414
vt 0.47581226 0.91277933
vt 0.47643656 0.910717
vt 0.47745034 0.90881634
vt 0.4788147 0.90715027
vt 0.48047715 0.9057832
vt 0.48237383 0.90476704
vt 0.48443183 0.9041414
vt 0.020561278 0.83819944
vt 0.024817884 0.8348982
vt 0.04875499 0.8348982
vt 0.04875499 0.88573784
vt 0.009111285 0.8824367
vt 0.011658967 0.88573784
vt 0.010794878 0.88800913
vt 0.04875499 0.91970676
vt 0.046216965 0.91970676
vt 0.19732046 0.009228387
vt 0.19732046 0.26186523
vt 0.009111285 0.26174814
vt 0.009111285 0.009111258
vt 0.4036026 0.27998585
vt 0.40360248 0.5326373
vt 0.21554303 0.5326373
vt 0.21554303 0.27998585
vt 0.19583988 0.28017303
vt 0.19583988 0.5328231
vt 0.009111285 0.53273785
vt 0.009111285 0.28008777
vt 0.21554303 0.26176333
vt 0.21554303 0.009111881
vt 0.4036702 0.009111404
vt 0.4036702 0.26176262
vt 0.61031127 0.1976695
vt 0.42189264 0.19763267
vt 0.42189264 0.009111285
vt 0.61031127 0.009148121
vt 0.61027646 0.4684651
vt 0.42182505 0.46858037
vt 0.42182505 0.28010118
vt 0.61027646 0.2799859
vt 0.9337151 0.13256514
vt 0.94256157 0.13256514
vt 0.94256157 0.009111285
vt 0.9337151 0.009111285
vt 0.055502057 0.81667554
vt 0.08367026 0.81667006
vt 0.08367026 0.6929803
vt 0.055502057 0.692986
vt 0.65666103 0.34486914
vt 0.62849903 0.34485173
vt 0.62849903 0.46856308
vt 0.65666103 0.46858025
vt 0.34996524 0.826005
vt 0.34996524 0.9495034
vt 0.37813398 0.9495034
vt 0.37813398 0.8260052
vt 0.45723057 0.91433823
vt 0.45727825 0.9039303
vt 0.42182493 0.9069615
vt 0.429152 0.91433823
vt 0.42182493 0.9498837
vt 0.429152 0.94250697
vt 0.45727825 0.95291495
vt 0.45723057 0.94250697
vt 0.6048806 0.91433203
vt 0.6049347 0.90392417
vt 0.56943345 0.90693307
vt 0.57675886 0.9143145
vt 0.56943345 0.9498527
vt 0.57675886 0.94248164
vt 0.6049347 0.95290595
vt 0.6048806 0.94249916
vt 0.110739335 0.6929805
vt 0.101892844 0.6929805
vt 0.101892844 0.8164344
vt 0.110739335 0.8164344
vt 0.96915746 0.21198332
vt 0.93371487 0.21197689
vt 0.9350114 0.2462213
vt 0.96915746 0.24760246
vt 0.50827503 0.21589205
vt 0.474195 0.21722597
vt 0.474195 0.2574579
vt 0.50827503 0.258814
vt 0.9677558 0.15083215
vt 0.93371487 0.15217736
vt 0.93371487 0.19240949
vt 0.9677558 0.19375435
vt 0.6639178 0.29096365
vt 0.629786 0.29239774
vt 0.6284988 0.3266294
vt 0.6639178 0.3265419
vt 0.55622125 0.61051416
vt 0.672395 0.6105852
vt 0.672395 0.48687387
vt 0.55622125 0.48680282
vt 0.95716906 0.40024054
vt 0.96601504 0.40023506
vt 0.96601504 0.2842276
vt 0.95716906 0.2842331
vt 0.12531103 0.5510454
vt 0.00911127 0.5510683
vt 0.009111255 0.67475784
vt 0.12531103 0.67473507
vt 0.67488384 0.46830583
vt 0.6837301 0.46830583
vt 0.6837301 0.34485197
vt 0.67488384 0.34485197
vt 0.009111285 0.81667566
vt 0.037279487 0.8166702
vt 0.037279487 0.6929805
vt 0.009111285 0.692986
vt 0.30583763 0.69281197
vt 0.27767563 0.69279456
vt 0.27767563 0.8165059
vt 0.30583763 0.8165231
vt 0.8873236 0.009111166
vt 0.8873236 0.1326096
vt 0.91549253 0.1326096
vt 0.91549253 0.009111404
vt 0.6840482 0.91433215
vt 0.6840956 0.9039242
vt 0.6486423 0.9069555
vt 0.6559694 0.91433215
vt 0.6486423 0.94987774
vt 0.6559694 0.94250107
vt 0.6840956 0.952909
vt 0.6840482 0.94250107
vt 0.551157 0.9143324
vt 0.5512111 0.90392447
vt 0.5157099 0.9069333
vt 0.5230353 0.91431475
vt 0.5157099 0.94985294
vt 0.5230353 0.942482
vt 0.5512111 0.95290613
vt 0.551157 0.94249916
vt 0.9612036 0.5593729
vt 0.9523573 0.5593729
vt 0.9523573 0.68282676
vt 0.9612036 0.68282676
vt 0.044553757 0.9379357
vt 0.009111166 0.9379293
vt 0.010407686 0.9721737
vt 0.044553757 0.97355485
vt 0.45597267 0.21589208
vt 0.42189264 0.21722603
vt 0.42189264 0.25745797
vt 0.45597267 0.2588141
vt 0.56053853 0.21589231
vt 0.5264976 0.21723747
vt 0.5264976 0.25746965
vt 0.56053853 0.25881433
vt 0.10239649 0.9331491
vt 0.06826472 0.9345832
vt 0.0669775 0.96881485
vt 0.10239649 0.96872735
vt 0.42182505 0.61051416
vt 0.5379987 0.6105852
vt 0.5379987 0.48687387
vt 0.42182505 0.48680282
vt 0.9571688 0.5344759
vt 0.96601486 0.53447044
vt 0.96601486 0.418463
vt 0.9571688 0.41846848
vt 0.33174276 0.5508598
vt 0.215543 0.55088246
vt 0.21554299 0.6745721
vt 0.33174276 0.67454934
vt 0.68410397 0.009111259
vt 0.6739366 0.009111259
vt 0.6739366 0.26600522
vt 0.68410397 0.26600522
vt 0.69536716 0.009111259
vt 0.6953671 0.26600522
vt 0.48441494 0.88570786
vt 0.4974873 0.8857002
vt 0.4974873 0.628808
vt 0.48441494 0.62881565
vt 0.82725644 0.81626654
vt 0.840506 0.81626654
vt 0.840506 0.5593729
vt 0.82725644 0.5593729
vt 0.88273364 0.9689028
vt 0.8749308 0.97964454
vt 0.88273364 0.9903772
vt 0.89535886 0.9729967
vt 0.89535886 0.9862685
vt 0.92610264 0.54114294
vt 0.9389465 0.5411067
vt 0.9389465 0.28422785
vt 0.92610264 0.2842641
vt 0.96765053 0.92464393
vt 0.9754547 0.93537813
vt 0.9880822 0.931275
vt 0.9880822 0.9180049
vt 0.9754547 0.9139067
vt 0.723757 0.28422773
vt 0.71358967 0.28422773
vt 0.71358967 0.5411217
vt 0.723757 0.5411217
vt 0.7350202 0.28422773
vt 0.73502016 0.5411217
vt 0.8637178 0.5411277
vt 0.87679017 0.54112005
vt 0.87679017 0.28422785
vt 0.8637178 0.28423548
vt 0.85585177 0.26600504
vt 0.8691013 0.26600504
vt 0.8691013 0.009111404
vt 0.85585177 0.009111404
vt 0.29810286 0.9721849
vt 0.28547812 0.9680758
vt 0.27767575 0.97880864
vt 0.29810286 0.9854573
vt 0.28547823 0.989551
vt 0.24660921 0.9497099
vt 0.25945306 0.94967365
vt 0.25945306 0.6927948
vt 0.24660921 0.69283104
vt 0.9601569 0.7779479
vt 0.9727775 0.7738428
vt 0.9727775 0.7605655
vt 0.9601569 0.7564645
vt 0.95235693 0.7672074
vt 0.72375715 0.009111259
vt 0.7135898 0.009111259
vt 0.7135898 0.26600522
vt 0.72375715 0.26600522
vt 0.7350203 0.009111259
vt 0.7350203 0.26600522
vt 0.42182505 0.88570786
vt 0.43489742 0.8857002
vt 0.43489742 0.628808
vt 0.42182505 0.62881565
vt 0.8322457 0.5411215
vt 0.8454952 0.5411215
vt 0.8454952 0.28422785
vt 0.8322457 0.28422785
vt 0.9880713 0.9709749
vt 0.9880713 0.95769835
vt 0.9754505 0.95360065
vt 0.9754505 0.97508264
vt 0.96765053 0.964345
vt 0.2155428 0.9497099
vt 0.22838664 0.94967365
vt 0.22838664 0.6927948
vt 0.2155428 0.69283104
vt 0.9685849 0.08852267
vt 0.9607841 0.09925926
vt 0.9685849 0.11000347
vt 0.9812069 0.10590708
vt 0.9812069 0.0926311
vt 0.7634102 0.009111259
vt 0.75324285 0.009111259
vt 0.75324285 0.26600522
vt 0.7634102 0.26600522
vt 0.77467334 0.009111259
vt 0.77467334 0.26600522
vt 0.45312 0.88570786
vt 0.46619236 0.8857002
vt 0.46619236 0.628808
vt 0.45312 0.62881565
vt 0.8587284 0.81626654
vt 0.87197804 0.81626654
vt 0.87197804 0.5593729
vt 0.8587284 0.5593729
vt 0.8350594 0.96891737
vt 0.82725644 0.97965896
vt 0.8350594 0.9903915
vt 0.8476846 0.97301114
vt 0.8476846 0.98628294
vt 0.92129064 0.816288
vt 0.9341345 0.81625175
vt 0.9341345 0.5593729
vt 0.92129064 0.55940914
vt 0.1513344 0.9606186
vt 0.14353359 0.9713553
vt 0.1513344 0.9820994
vt 0.1639564 0.978003
vt 0.1639564 0.96472704
vt 0.6428189 0.2704997
vt 0.65571404 0.2704997
vt 0.65571404 0.009111404
vt 0.6428189 0.009111404
vt 0.62853396 0.2704997
vt 0.62853396 0.009111404
vt 0.7532428 0.8207698
vt 0.7698224 0.8207598
vt 0.7698224 0.5593729
vt 0.7532428 0.55938244
vt 0.71358943 0.8207326
vt 0.7303939 0.8207326
vt 0.7303939 0.5593443
vt 0.71358943 0.5593443
vt 0.71595526 0.93930054
vt 0.706059 0.952924
vt 0.71595526 0.96653605
vt 0.7319679 0.9444927
vt 0.7319679 0.96132517
vt 0.79274416 0.8207927
vt 0.8090341 0.8207469
vt 0.8090341 0.5593734
vt 0.79274416 0.55941916
vt 0.6046669 0.22108507
vt 0.58865607 0.21589184
vt 0.57876086 0.22951746
vt 0.58865607 0.24313164
vt 0.6046669 0.23792005
vt 0.87493074 0.83450675
vt 0.87493074 0.9506805
vt 0.90306807 0.9506633
vt 0.90306807 0.8344896
vt 0.9154923 0.2659269
vt 0.9154923 0.15083215
vt 0.8873236 0.15084502
vt 0.8873236 0.26593977
vt 0.14353347 0.8261908
vt 0.14353347 0.94239056
vt 0.1716659 0.94239604
vt 0.1716659 0.8261963
vt 0.7620888 0.83899236
vt 0.75324297 0.83899784
vt 0.75324297 0.9550053
vt 0.7620888 0.9549998
vt 0.92129064 0.83452785
vt 0.92129064 0.9507016
vt 0.94942796 0.9506844
vt 0.94942796 0.8345107
vt 0.30584437 0.94984037
vt 0.30584437 0.83474565
vt 0.27767578 0.8347585
vt 0.27767578 0.94985324
vt 0.82725644 0.83448946
vt 0.82725644 0.9506892
vt 0.8553889 0.9506947
vt 0.8553889 0.83449495
vt 0.80159014 0.83901477
vt 0.7927442 0.83902025
vt 0.79274416 0.9550277
vt 0.80159014 0.9550222
vt 0.8044584 0.28422773
vt 0.7927443 0.28424823
vt 0.7927442 0.5411408
vt 0.8044584 0.54112023
vt 0.81402314 0.28425795
vt 0.81402314 0.54115045
vt 0.68409574 0.62880784
vt 0.6712284 0.62880766
vt 0.6712284 0.88570154
vt 0.68409574 0.8857018
vt 0.19629034 0.5510538
vt 0.183035 0.5510456
vt 0.18303497 0.8079246
vt 0.19629031 0.8079329
vt 0.23596615 0.985317
vt 0.23596615 0.97204196
vt 0.22334391 0.96793246
vt 0.21554297 0.9786676
vt 0.22334391 0.98941183
vt 0.6219158 0.62880766
vt 0.60903144 0.62880766
vt 0.6090312 0.88570166
vt 0.6219158 0.88570166
vt 0.96765053 0.8849511
vt 0.97545385 0.89568424
vt 0.98807997 0.891577
vt 0.98807997 0.87830544
vt 0.97545385 0.87421036
vt 0.764957 0.28422773
vt 0.75324285 0.28424823
vt 0.75324285 0.54114074
vt 0.76495695 0.54112023
vt 0.77452177 0.28425795
vt 0.7745217 0.54115045
vt 0.65300584 0.62880784
vt 0.6401385 0.62880766
vt 0.6401385 0.88570154
vt 0.65300584 0.8857018
vt 0.8061513 0.009119511
vt 0.7928959 0.009111255
vt 0.7928959 0.26599032
vt 0.8061513 0.26599857
vt 0.37038845 0.9851105
vt 0.37038845 0.9718356
vt 0.3577662 0.967726
vt 0.34996524 0.97846127
vt 0.3577662 0.98920536
vt 0.55970144 0.62880766
vt 0.54681706 0.62880766
vt 0.5468168 0.88570166
vt 0.55970144 0.88570166
vt 0.96858406 0.030594468
vt 0.9812045 0.026494026
vt 0.9812045 0.013216615
vt 0.96858406 0.009111285
vt 0.96078396 0.019851327
vt 0.36167932 0.5508598
vt 0.3499652 0.5508803
vt 0.3499652 0.8077729
vt 0.36167932 0.8077524
vt 0.37124407 0.55089
vt 0.37124407 0.80778253
vt 0.90788007 0.2842279
vt 0.89501274 0.28422776
vt 0.89501274 0.54112166
vt 0.90788007 0.5411218
vt 0.40272212 0.5508681
vt 0.38946676 0.55085987
vt 0.38946676 0.8077389
vt 0.40272212 0.8077471
vt 0.9212904 0.9796567
vt 0.9290943 0.9903958
vt 0.94172096 0.98630023
vt 0.94172096 0.9730301
vt 0.9290943 0.96892405
vt 0.52859426 0.62880766
vt 0.5157099 0.62880766
vt 0.51570964 0.88570166
vt 0.52859426 0.88570166
vt 0.96858406 0.07030022
vt 0.9812045 0.06619978
vt 0.9812045 0.052922368
vt 0.96858406 0.04881704
vt 0.96078396 0.05955708
vt 0.15524769 0.55104554
vt 0.14353359 0.5510661
vt 0.14353359 0.8079586
vt 0.15524769 0.8079381
vt 0.16481245 0.5510758
vt 0.16481245 0.8079683
vt 0.90306807 0.55937314
vt 0.89020085 0.559373
vt 0.8902006 0.8162669
vt 0.90306807 0.8162671
vt 0.83762914 0.009119511
vt 0.8243738 0.009111255
vt 0.8243738 0.26599032
vt 0.83762914 0.26599857
vt 0.49593198 0.9735142
vt 0.48330486 0.96941775
vt 0.4755007 0.9801558
vt 0.48330486 0.9908888
vt 0.49593198 0.986784
vt 0.59080863 0.62880766
vt 0.57792425 0.62880766
vt 0.577924 0.88570166
vt 0.59080863 0.88570166
vt 0.97545266 0.8345108
vt 0.9676504 0.8452448
vt 0.97545266 0.8559879
vt 0.9880769 0.8518935
vt 0.9880769 0.8386199
vt 0.95510054 0.7010493
vt 0.9669466 0.7356695
vt 0.9662502 0.7010561
vt 0.9557967 0.73566264
vt 0.9557967 0.738206
vt 0.9669466 0.7382128
vt 0.9523568 0.73824203
vt 0.09238917 0.90543914
vt 0.10003549 0.8795595
vt 0.09926367 0.8793249
vt 0.06697756 0.86749744
vt 0.09736699 0.878309
vt 0.095704556 0.8769417
vt 0.094340205 0.87527585
vt 0.09332645 0.8733752
vt 0.09270215 0.87131286
vt 0.09249133 0.86916804
vt 0.09265554 0.86749744
vt 0.09270215 0.8670232
vt 0.09332645 0.8649609
vt 0.079238415 0.9149265
vt 0.10346192 0.9149265
vt 0.10346192 0.90543914
vt 0.10346192 0.834898
vt 0.094340205 0.86306024
vt 0.095704556 0.86139417
vt 0.09736699 0.8600271
vt 0.09926367 0.85901093
vt 0.1013217 0.8583853
vt 0.10346192 0.8581741
vt 0.68216634 0.29114294
vt 0.68214035 0.31710696
vt 0.69377065 0.31692743
vt 0.69377065 0.29096365
vt 0.38861096 0.9677329
vt 0.38861096 0.9793811
vt 0.3997028 0.9793742
vt 0.3997028 0.967726
vt 0.6906175 0.48680282
vt 0.6906175 0.498425
vt 0.69139713 0.49842978
vt 0.69139713 0.48680758
vt 0.6933254 0.498451
vt 0.6933254 0.4868288
vt 0.6950288 0.49847984
vt 0.6950288 0.48685765
vt 0.96396255 0.79617035
vt 0.9523568 0.79617035
vt 0.9524369 0.79782164
vt 0.96404266 0.79782164
vt 0.952497 0.7997111
vt 0.9641025 0.79971135
vt 0.95253444 0.80176675
vt 0.96413994 0.80176675
vt 0.952548 0.8039092
vt 0.9641535 0.8039092
vt 0.95253706 0.80605614
vt 0.96414256 0.80605614
vt 0.95250225 0.8081249
vt 0.96410775 0.80812514
vt 0.95244455 0.81003654
vt 0.96405005 0.81003654
vt 0.9523666 0.81171715
vt 0.9639721 0.81171715
vt 0.32420275 0.97970057
vt 0.32420275 0.96807575
vt 0.32249188 0.9680834
vt 0.32249188 0.9797082
vt 0.3205582 0.9680891
vt 0.3205582 0.9797139
vt 0.31847602 0.9680922
vt 0.31847602 0.979717
vt 0.31632537 0.96809316
vt 0.31632537 0.97971797
vt 0.7283015 0.87306094
vt 0.7319677 0.8401613
vt 0.72818565 0.83895516
vt 0.7246264 0.8709445
vt 0.7246268 0.8765271
vt 0.7319677 0.92033815
vt 0.7280488 0.9206226
vt 0.71701205 0.92107797
vt 0.71359 0.8769827
vt 0.71358967 0.8713999
vt 0.19335032 0.96061856
vt 0.18219805 0.9606207
vt 0.18217874 0.9647748
vt 0.193331 0.9647726
vt 0.19676161 0.9646081
vt 0.19676161 0.9888691
vt 0.193331 0.9887554
vt 0.18217874 0.9887576
vt 0.48314553 0.9253156
vt 0.47550085 0.95119524
vt 0.4865736 0.95119524
vt 0.48657203 0.9200568
vt 0.4846993 0.9200568
vt 0.48237374 0.925081
vt 0.4804771 0.9240651
vt 0.47881463 0.9226978
vt 0.4774503 0.92103195
vt 0.47643653 0.9191313
vt 0.4865721 0.9039302
vt 0.47581223 0.91706896
vt 0.47560143 0.91492414
vt 0.47581226 0.91277933
vt 0.47643656 0.910717
vt 0.47745034 0.90881634
vt 0.4788147 0.90715027
vt 0.48047715 0.9057832
vt 0.48237383 0.90476704
vt 0.48443183 0.9041414
vt 0.04875499 0.88573784
vt 0.04875499 0.8348982
vt 0.024817884 0.8348982
vt 0.020561278 0.83819944
vt 0.009111285 0.8824367
vt 0.011658967 0.88573784
vt 0.010794878 0.88800913
vt 0.04875499 0.91970676
vt 0.046216965 0.91970676
vt 0.19732046 0.009228387
vt 0.009111285 0.009111258
vt 0.009111285 0.26174814
vt 0.19732046 0.26186523
vt 0.4036026 0.27998585
vt 0.21554303 0.27998585
vt 0.21554303 0.5326373
vt 0.40360248 0.5326373
vt 0.19583988 0.28017303
vt 0.009111285 0.28008777
vt 0.009111285 0.53273785
vt 0.19583988 0.5328231
vt 0.21554303 0.26176333
vt 0.4036702 0.26176262
vt 0.4036702 0.009111404
vt 0.21554303 0.009111881
vt 0.61031127 0.1976695
vt 0.61031127 0.009148121
vt 0.42189264 0.009111285
vt 0.42189264 0.19763267
vt 0.61027646 0.4684651
vt 0.61027646 0.2799859
vt 0.42182505 0.28010118
vt 0.42182505 0.46858037
vn -0.7278878 0.68569624 0
vn -0.70366335 0.70714545 -0.06930477
vn -0.71390164 0.6856963 -0.14200318
vn 0.71390164 0.6856963 -0.14200331
vn 0.7036633 0.70714545 -0.069304734
vn 0.7278878 0.68569624 0
vn -0 0.70710677 0.70710677
vn -0 1 0
vn -0.57735026 0.57735026 0.57735026
vn -0.5788263 0.57882726 0.574386
vn -0 0.70710677 -0.70710677
vn -0 -0.70710677 -0.70710677
vn -0.9062544 -0.29842216 -0.29941133
vn -0.57882637 0.5788272 -0.57438594
vn -0.5788263 0.57882726 0.574386
vn -0.9062544 -0.29842222 0.2994114
vn -0 -0.70710677 0.70710677
vn -0 0.70710677 0.70710677
vn -0.9062544 -0.29842216 -0.29941133
vn -0 -0.70710677 -0.70710677
vn -0 -0.70710677 0.70710677
vn -0.9062544 -0.29842222 0.2994114
vn -0.57882637 0.5788272 -0.57438594
vn -0.55536205 0.5553639 -0.6189861
vn 0.6046265 0.5584408 -0.5679531
vn 0.29842544 0.90625256 -0.29941386
vn 0.6046265 0.55844086 0.56795305
vn 0.29842544 0.90625256 0.29941386
vn -0.5553619 0.555364 0.6189861
vn -0.5788263 0.57882726 0.574386
vn -0.5788263 0.57882726 0.574386
vn -0.5553619 0.555364 0.6189861
vn -0.55842 -0.60462666 0.5679734
vn -0.9062544 -0.29842222 0.2994114
vn -0.55842 -0.60462666 -0.5679734
vn -0.9062544 -0.29842216 -0.29941133
vn -0.55536205 0.5553639 -0.6189861
vn -0.57882637 0.5788272 -0.57438594
vn -0.57882637 0.5788272 -0.57438594
vn -0.57735026 0.57735026 -0.57735026
vn -0 1 0
vn -0 0.70710677 -0.70710677
vn -0.5553619 0.555364 0.6189861
vn 0.6046265 0.55844086 0.56795305
vn 0.5920736 -0.592048 0.5467431
vn -0.55842 -0.60462666 0.5679734
vn 0.6046265 0.5584408 -0.5679531
vn 0.5920736 -0.592048 -0.54674315
vn 0.5920736 -0.592048 0.5467431
vn 0.6046265 0.55844086 0.56795305
vn -0.55842 -0.60462666 0.5679734
vn 0.5920736 -0.592048 0.5467431
vn 0.5920736 -0.592048 -0.54674315
vn -0.55842 -0.60462666 -0.5679734
vn -0.55842 -0.60462666 -0.5679734
vn 0.5920736 -0.592048 -0.54674315
vn 0.6046265 0.5584408 -0.5679531
vn -0.55536205 0.5553639 -0.6189861
vn -0 0 1
vn -0 0 1
vn -0.70710677 0 0.70710677
vn -0.57735026 0.57735026 0.57735026
vn -0.70710677 0 -0.70710677
vn -0.70710677 0 -0.70710677
vn -0.57735026 0.57735026 -0.57735026
vn -0.57882637 0.5788272 -0.57438594
vn -0.57735026 0.57735026 -0.57735026
vn -0.70710677 0 -0.70710677
vn -0 0 -1
vn -0 0 -1
vn -0 0.70710677 0.70710677
vn -0 1 0
vn -0.57735026 0.57735026 0.57735026
vn -0.5788263 0.5788272 0.574386
vn -0 0.70710677 -0.70710677
vn -0 -0.70710677 -0.70710677
vn -0.9062544 -0.29842228 -0.2994114
vn -0.5788263 0.5788272 -0.57438594
vn -0.5788263 0.5788272 0.574386
vn -0.9062544 -0.2984223 0.29941136
vn -0 -0.70710677 0.70710677
vn -0 0.70710677 0.70710677
vn -0.9062544 -0.29842228 -0.2994114
vn -0 -0.70710677 -0.70710677
vn -0 -0.70710677 0.70710677
vn -0.9062544 -0.2984223 0.29941136
vn -0.5788263 0.5788272 -0.57438594
vn -0.5553621 0.555364 -0.6189861
vn 0.6046265 0.5584407 -0.5679532
vn 0.2984254 0.90625256 -0.29941386
vn 0.60462624 0.5584409 0.56795317
vn 0.2984254 0.90625256 0.29941386
vn -0.55536234 0.5553637 0.6189861
vn -0.5788263 0.5788272 0.574386
vn -0.5788263 0.5788272 0.574386
vn -0.55536234 0.5553637 0.6189861
vn -0.55842024 -0.6046265 0.5679733
vn -0.9062544 -0.2984223 0.29941136
vn -0.55841976 -0.60462654 -0.5679736
vn -0.9062544 -0.29842228 -0.2994114
vn -0.5553621 0.555364 -0.6189861
vn -0.5788263 0.5788272 -0.57438594
vn -0.5788263 0.5788272 -0.57438594
vn -0.57735026 0.57735026 -0.57735026
vn -0 0.70710677 -0.70710677
vn -0 0.70710677 -0.70710677
vn -0.55536234 0.5553637 0.6189861
vn 0.60462624 0.5584409 0.56795317
vn 0.5920734 -0.59204817 0.54674315
vn -0.55842024 -0.6046265 0.5679733
vn 0.6046265 0.5584407 -0.5679532
vn 0.5920738 -0.5920481 -0.5467428
vn 0.5920734 -0.59204817 0.54674315
vn 0.60462624 0.5584409 0.56795317
vn -0.55842024 -0.6046265 0.5679733
vn 0.5920734 -0.59204817 0.54674315
vn 0.5920738 -0.5920481 -0.5467428
vn -0.55841976 -0.60462654 -0.5679736
vn -0.55841976 -0.60462654 -0.5679736
vn 0.5920738 -0.5920481 -0.5467428
vn 0.6046265 0.5584407 -0.5679532
vn -0.5553621 0.555364 -0.6189861
vn -0 0 1
vn -0 0 1
vn -0.70710677 0 0.70710677
vn -0.57735026 0.57735026 0.57735026
vn -0.70710677 0 -0.70710677
vn -0.70710677 0 -0.70710677
vn -0.57735026 0.57735026 -0.57735026
vn -0.5788263 0.5788272 -0.57438594
vn -0.57735026 0.57735026 -0.57735026
vn -0.70710677 0 -0.70710677
vn -0 0 -1
vn -0 0.70710677 -0.70710677
vn -0 0.8032112 -0.59569424
vn 0.7638992 0.24820624 -0.5956942
vn 0.763899 0.24820635 0.5956944
vn -0 0.8032112 0.5956943
vn -0.7638992 0.24820636 -0.59569424
vn -0.7638994 0.24820626 0.59569407
vn 0.7638992 0.24820624 -0.5956942
vn 0.4721158 -0.64981157 -0.5956942
vn 0.47211543 -0.6498117 0.59569436
vn 0.763899 0.24820635 0.5956944
vn 0.4721158 -0.64981157 -0.5956942
vn -0.4721158 -0.6498115 -0.5956942
vn -0.4721162 -0.64981145 0.5956942
vn 0.47211543 -0.6498117 0.59569436
vn -0 0.8032112 0.5956943
vn 0.763899 0.24820635 0.5956944
vn 0.47211543 -0.6498117 0.59569436
vn -0.4721162 -0.64981145 0.5956942
vn -0.7638994 0.24820626 0.59569407
vn -0.4721158 -0.6498115 -0.5956942
vn -0.7638992 0.24820636 -0.59569424
vn -0.7638994 0.24820626 0.59569407
vn -0.4721162 -0.64981145 0.5956942
vn 0.4721158 -0.64981157 -0.5956942
vn 0.7638992 0.24820624 -0.5956942
vn -0 0.8032112 -0.59569424
vn -0.4721158 -0.6498115 -0.5956942
vn -0.7638992 0.24820636 -0.59569424
vn -0 0.8032112 -0.5956943
vn 0.7638992 0.24820627 -0.5956942
vn 0.7638991 0.24820639 0.5956944
vn -0 0.8032112 0.5956943
vn -0.76389915 0.24820636 -0.5956943
vn -0.7638994 0.2482063 0.5956941
vn 0.7638992 0.24820627 -0.5956942
vn 0.4721158 -0.6498115 -0.59569424
vn 0.4721155 -0.6498116 0.59569436
vn 0.7638991 0.24820639 0.5956944
vn 0.4721158 -0.6498115 -0.59569424
vn -0.4721158 -0.6498115 -0.5956942
vn -0.4721162 -0.64981145 0.5956941
vn 0.4721155 -0.6498116 0.59569436
vn -0 0.8032112 0.5956943
vn 0.7638991 0.24820639 0.5956944
vn 0.4721155 -0.6498116 0.59569436
vn -0.4721162 -0.64981145 0.5956941
vn -0.7638994 0.2482063 0.5956941
vn -0.4721158 -0.6498115 -0.5956942
vn -0.76389915 0.24820636 -0.5956943
vn -0.7638994 0.2482063 0.5956941
vn -0.4721162 -0.64981145 0.5956941
vn 0.4721158 -0.6498115 -0.59569424
vn 0.7638992 0.24820627 -0.5956942
vn -0 0.8032112 -0.5956943
vn -0.4721158 -0.6498115 -0.5956942
vn -0.76389915 0.24820636 -0.5956943
vn -0 0.8032112 -0.5956943
vn 0.76389927 0.24820626 -0.5956942
vn 0.7638991 0.24820635 0.59569436
vn -0 0.8032112 0.5956943
vn -0.76389915 0.24820636 -0.5956943
vn -0.7638994 0.2482063 0.5956941
vn 0.76389927 0.24820626 -0.5956942
vn 0.47211576 -0.6498116 -0.59569424
vn 0.47211537 -0.64981174 0.59569436
vn 0.7638991 0.24820635 0.59569436
vn 0.47211576 -0.6498116 -0.59569424
vn -0.4721158 -0.6498115 -0.5956942
vn -0.4721162 -0.64981145 0.5956941
vn 0.47211537 -0.64981174 0.59569436
vn -0 0.8032112 0.5956943
vn 0.7638991 0.24820635 0.59569436
vn 0.47211537 -0.64981174 0.59569436
vn -0.4721162 -0.64981145 0.5956941
vn -0.7638994 0.2482063 0.5956941
vn -0.4721158 -0.6498115 -0.5956942
vn -0.76389915 0.24820636 -0.5956943
vn -0.7638994 0.2482063 0.5956941
vn -0.4721162 -0.64981145 0.5956941
vn 0.47211576 -0.6498116 -0.59569424
vn 0.76389927 0.24820626 -0.5956942
vn -0 0.8032112 -0.5956943
vn -0.4721158 -0.6498115 -0.5956942
vn -0.76389915 0.24820636 -0.5956943
vn -0 0.8032112 -0.59569424
vn 0.7638992 0.2482062 -0.5956943
vn 0.763899 0.2482063 0.59569454
vn -0 0.8032112 0.59569424
vn -0.7638994 0.24820617 -0.5956942
vn -0.7638995 0.24820605 0.595694
vn 0.7638992 0.2482062 -0.5956943
vn 0.4721158 -0.6498115 -0.5956942
vn 0.4721155 -0.6498117 0.59569436
vn 0.763899 0.2482063 0.59569454
vn 0.4721158 -0.6498115 -0.5956942
vn -0.47211576 -0.6498116 -0.59569424
vn -0.47211605 -0.64981145 0.5956941
vn 0.4721155 -0.6498117 0.59569436
vn -0 0.8032112 0.59569424
vn 0.763899 0.2482063 0.59569454
vn 0.4721155 -0.6498117 0.59569436
vn -0.47211605 -0.64981145 0.5956941
vn -0.7638995 0.24820605 0.595694
vn -0.47211576 -0.6498116 -0.59569424
vn -0.7638994 0.24820617 -0.5956942
vn -0.7638995 0.24820605 0.595694
vn -0.47211605 -0.64981145 0.5956941
vn 0.4721158 -0.6498115 -0.5956942
vn 0.7638992 0.2482062 -0.5956943
vn -0 0.8032112 -0.59569424
vn -0.47211576 -0.6498116 -0.59569424
vn -0.7638994 0.24820617 -0.5956942
vn -0 0.80321133 -0.5956942
vn 0.76389945 0.24820583 -0.5956941
vn 0.76389945 0.24820583 0.5956941
vn -0 0.80321133 0.5956942
vn -0.7638994 0.24820569 -0.59569436
vn -0.7638994 0.24820569 0.59569436
vn 0.76389945 0.24820583 -0.5956941
vn 0.47211596 -0.64981145 -0.59569436
vn 0.47211596 -0.64981145 0.59569436
vn 0.76389945 0.24820583 0.5956941
vn 0.47211596 -0.64981145 -0.59569436
vn -0.47211573 -0.64981174 -0.59569424
vn -0.47211573 -0.64981174 0.59569424
vn 0.47211596 -0.64981145 0.59569436
vn -0 0.80321133 0.5956942
vn 0.76389945 0.24820583 0.5956941
vn 0.47211596 -0.64981145 0.59569436
vn -0.47211573 -0.64981174 0.59569424
vn -0.7638994 0.24820569 0.59569436
vn -0.47211573 -0.64981174 -0.59569424
vn -0.7638994 0.24820569 -0.59569436
vn -0.7638994 0.24820569 0.59569436
vn -0.47211573 -0.64981174 0.59569424
vn 0.47211596 -0.64981145 -0.59569436
vn 0.76389945 0.24820583 -0.5956941
vn -0 0.80321133 -0.5956942
vn -0.47211573 -0.64981174 -0.59569424
vn -0.7638994 0.24820569 -0.59569436
vn -0.5788263 0.5788272 0.574386
vn -0.70710677 0 0.70710677
vn 0.70710677 0 0.70710677
vn 0.2984254 0.90625256 0.29941386
vn 0.2984254 0.90625256 0.29941386
vn 0.70710677 0 0.70710677
vn 0.70710677 0 -0.70710677
vn 0.2984254 0.90625256 -0.29941386
vn 0.2984254 0.90625256 -0.29941386
vn 0.70710677 0 -0.70710677
vn -0.70710677 0 -0.70710677
vn -0.5788263 0.5788272 -0.57438594
vn -0.5788263 0.5788272 0.574386
vn -0.57735026 0.57735026 0.57735026
vn -0.70710677 0 0.70710677
vn -0.70710677 0 0.70710677
vn -0.5788263 0.57882726 0.574386
vn -0.70710677 0 0.70710677
vn 0.70710677 0 0.70710677
vn 0.29842544 0.90625256 0.29941386
vn 0.29842544 0.90625256 0.29941386
vn 0.70710677 0 0.70710677
vn 0.70710677 0 -0.70710677
vn 0.29842544 0.90625256 -0.29941386
vn 0.29842544 0.90625256 -0.29941386
vn 0.70710677 0 -0.70710677
vn -0.70710677 0 -0.70710677
vn -0.57882637 0.5788272 -0.57438594
vn -0.5788263 0.57882726 0.574386
vn -0.57735026 0.57735026 0.57735026
vn -0.70710677 0 0.70710677
vn -0.70710677 0 0.70710677
vn 0.80321133 0 -0.59569424
vn 0.24820608 -0.7638994 -0.59569424
vn 0.24820612 -0.7638994 0.59569424
vn 0.80321133 0 0.59569424
vn 0.24820606 0.76389927 -0.5956942
vn 0.24820608 0.76389927 0.5956942
vn 0.24820608 -0.7638994 -0.59569424
vn -0.6498115 -0.47211573 -0.59569424
vn -0.6498115 -0.47211573 0.59569424
vn 0.24820612 -0.7638994 0.59569424
vn -0.6498115 -0.47211573 -0.59569424
vn -0.6498115 0.4721159 -0.59569424
vn -0.6498115 0.4721159 0.59569424
vn -0.6498115 -0.47211573 0.59569424
vn 0.24820608 0.76389927 0.5956942
vn 0.80321133 0 0.59569424
vn 0.24820612 -0.7638994 0.59569424
vn -0.6498115 0.4721159 0.59569424
vn -0.6498115 -0.47211573 0.59569424
vn -0.6498115 0.4721159 -0.59569424
vn 0.24820606 0.76389927 -0.5956942
vn 0.24820608 0.76389927 0.5956942
vn -0.6498115 0.4721159 0.59569424
vn 0.24820608 -0.7638994 -0.59569424
vn 0.80321133 0 -0.59569424
vn 0.24820606 0.76389927 -0.5956942
vn -0.6498115 -0.47211573 -0.59569424
vn -0.6498115 0.4721159 -0.59569424
vn 0.8032112 0 -0.59569424
vn 0.24820623 -0.7638994 -0.5956942
vn 0.24820663 -0.76389915 0.5956941
vn 0.80321145 0 0.59569407
vn 0.2482062 0.7638992 -0.59569424
vn 0.24820666 0.76389915 0.5956942
vn 0.24820623 -0.7638994 -0.5956942
vn -0.6498115 -0.47211573 -0.59569424
vn -0.64981127 -0.47211587 0.5956944
vn 0.24820663 -0.76389915 0.5956941
vn -0.6498115 -0.47211573 -0.59569424
vn -0.64981145 0.47211596 -0.59569424
vn -0.6498112 0.4721161 0.5956944
vn -0.64981127 -0.47211587 0.5956944
vn 0.24820666 0.76389915 0.5956942
vn 0.80321145 0 0.59569407
vn 0.24820663 -0.76389915 0.5956941
vn -0.6498112 0.4721161 0.5956944
vn -0.64981127 -0.47211587 0.5956944
vn -0.64981145 0.47211596 -0.59569424
vn 0.2482062 0.7638992 -0.59569424
vn 0.24820666 0.76389915 0.5956942
vn -0.6498112 0.4721161 0.5956944
vn 0.24820623 -0.7638994 -0.5956942
vn 0.8032112 0 -0.59569424
vn 0.2482062 0.7638992 -0.59569424
vn -0.6498115 -0.47211573 -0.59569424
vn -0.64981145 0.47211596 -0.59569424
vn 0.80321133 0 -0.5956942
vn 0.24820599 -0.76389927 -0.5956942
vn 0.24820605 -0.7638994 0.59569424
vn 0.8032114 0 0.5956941
vn 0.24820626 0.76389927 -0.5956942
vn 0.2482063 0.7638994 0.5956942
vn 0.24820599 -0.76389927 -0.5956942
vn -0.64981145 -0.47211584 -0.59569424
vn -0.6498115 -0.4721159 0.59569424
vn 0.24820605 -0.7638994 0.59569424
vn -0.64981145 -0.47211584 -0.59569424
vn -0.64981145 0.47211584 -0.59569424
vn -0.6498115 0.4721159 0.59569424
vn -0.6498115 -0.4721159 0.59569424
vn 0.2482063 0.7638994 0.5956942
vn 0.8032114 0 0.5956941
vn 0.24820605 -0.7638994 0.59569424
vn -0.6498115 0.4721159 0.59569424
vn -0.6498115 -0.4721159 0.59569424
vn -0.64981145 0.47211584 -0.59569424
vn 0.24820626 0.76389927 -0.5956942
vn 0.2482063 0.7638994 0.5956942
vn -0.6498115 0.4721159 0.59569424
vn 0.24820599 -0.76389927 -0.5956942
vn 0.80321133 0 -0.5956942
vn 0.24820626 0.76389927 -0.5956942
vn -0.64981145 -0.47211584 -0.59569424
vn -0.64981145 0.47211584 -0.59569424
vn 0.80321133 0 -0.59569424
vn 0.2482063 -0.76389927 -0.5956942
vn 0.24820626 -0.76389927 0.5956942
vn 0.80321133 0 0.59569424
vn 0.24820575 0.76389945 -0.59569424
vn 0.2482057 0.76389945 0.59569424
vn 0.2482063 -0.76389927 -0.5956942
vn -0.64981145 -0.47211584 -0.59569424
vn -0.64981145 -0.47211584 0.59569424
vn 0.24820626 -0.76389927 0.5956942
vn -0.64981145 -0.47211584 -0.59569424
vn -0.64981157 0.47211567 -0.59569436
vn -0.64981157 0.47211567 0.59569436
vn -0.64981145 -0.47211584 0.59569424
vn 0.2482057 0.76389945 0.59569424
vn 0.80321133 0 0.59569424
vn 0.24820626 -0.76389927 0.5956942
vn -0.64981157 0.47211567 0.59569436
vn -0.64981145 -0.47211584 0.59569424
vn -0.64981157 0.47211567 -0.59569436
vn 0.24820575 0.76389945 -0.59569424
vn 0.2482057 0.76389945 0.59569424
vn -0.64981157 0.47211567 0.59569436
vn 0.2482063 -0.76389927 -0.5956942
vn 0.80321133 0 -0.59569424
vn 0.24820575 0.76389945 -0.59569424
vn -0.64981145 -0.47211584 -0.59569424
vn -0.64981157 0.47211567 -0.59569436
vn 0.79598 -0.29874098 0.52646893
vn 0.2752919 0.63500357 0.7217929
vn 0.639874 0.65097517 0.40840265
vn 0.3740611 -0.27808616 0.8847295
vn -0 -0.18976736 0.98182905
vn -0 0.707107 0.70710653
vn -0 -0.81588024 0.5782209
vn -0.66178674 -0.5637043 0.4942427
vn -0.7185821 -0.577701 0.3871709
vn -0.27855438 -0.6856969 0.67247844
vn 0.47841713 -0.85775965 0.18805686
vn -0.40439516 -0.68569565 0.6052156
vn -0.5146919 -0.6856979 0.5146947
vn -0.6052164 -0.68569493 0.40439546
vn -0.6724803 -0.6856969 0.27854976
vn -0.71390194 -0.68569577 0.14200471
vn -0.7278878 -0.68569624 0
vn -0.7036633 -0.70714545 -0.069304734
vn -0.71390164 -0.6856963 -0.14200331
vn -0.67248106 -0.68569624 -0.27854967
vn 0.27580923 -0.8808483 -0.3847539
vn -0 -0.9238796 -0.38268313
vn -0 -0.70710677 0.70710677
vn -0 -0.81588024 0.5782209
vn -0.6052176 -0.6856966 -0.40439084
vn -0.51469404 -0.68569475 -0.5146967
vn -0.40439048 -0.68569815 -0.60521597
vn -0.27855313 -0.6856956 -0.6724803
vn -0.14200172 -0.6856966 -0.71390176
vn -0 -0.7298481 -0.68360937
vn -0.7185821 -0.577701 0.3871709
vn -0.66178674 -0.5637043 0.4942427
vn -0.8009711 0 0.598703
vn -0.8804918 0 0.47406146
vn -0 -0.70710677 0.70710677
vn -0 0 1
vn -0.8009711 0 0.598703
vn -0.66178674 -0.5637043 0.4942427
vn -0.7185821 -0.577701 0.3871709
vn -0.8804918 0 0.47406146
vn -0.38268855 0 0.92387736
vn -0.27855438 -0.6856969 0.67247844
vn -0.5555728 0 0.83146787
vn -0.40439516 -0.68569565 0.6052156
vn -0.7071046 0 0.70710886
vn -0.5146919 -0.6856979 0.5146947
vn -0.5146919 -0.6856979 0.5146947
vn -0.7071046 0 0.70710886
vn -0.83146775 0 0.55557305
vn -0.6052164 -0.68569493 0.40439546
vn -0.9238798 0 0.38268262
vn -0.6724803 -0.6856969 0.27854976
vn -0.98078513 0 0.19509132
vn -0.71390194 -0.68569577 0.14200471
vn -1 0 0
vn -0.7278878 -0.68569624 0
vn -0.9807854 0 -0.1950897
vn -0.7036633 -0.70714545 -0.069304734
vn -0.71390164 -0.6856963 -0.14200331
vn -0.92388004 0 -0.38268232
vn -0.67248106 -0.68569624 -0.27854967
vn -0.8314711 0 -0.55556786
vn -0.6052176 -0.6856966 -0.40439084
vn -0.7071047 0 -0.70710886
vn -0.51469404 -0.68569475 -0.5146967
vn -0.51469404 -0.68569475 -0.5146967
vn -0.7071047 0 -0.70710886
vn -0.55556816 0 -0.831471
vn -0.40439048 -0.68569815 -0.60521597
vn -0.38268614 0 -0.9238784
vn -0.27855313 -0.6856956 -0.6724803
vn -0.19508703 0 -0.9807859
vn -0.14200172 -0.6856966 -0.71390176
vn -0 0 -1
vn -0 -0.7298481 -0.68360937
vn 0.47841713 -0.85775965 0.18805686
vn -0 -0.81588024 0.5782209
vn 0.3740611 -0.27808616 0.8847295
vn 0.79598 -0.29874098 0.52646893
vn 0.9322994 -0.3613821 -0.014862023
vn 0.27580923 -0.8808483 -0.3847539
vn 0.7905005 -0.36490667 -0.4918863
vn 0.6406693 0.6410593 -0.42259422
vn 0.7589455 0.65097517 0.015263804
vn 0.639874 0.65097517 0.40840265
vn 0.7905005 -0.36490667 -0.4918863
vn 0.6406693 0.6410593 -0.42259422
vn 0.24814194 0.64105934 -0.7262703
vn 0.28643492 -0.3444658 -0.8940348
vn 0.27580923 -0.8808483 -0.3847539
vn -0 -0.9238796 -0.38268313
vn -0 -0.38268372 -0.92387944
vn -0 0.70710707 -0.7071065
vn -0.00022620747 -0.99999976 -0.00062540115
vn -0.00033886783 -0.9999995 -0.0009365343
vn -0 -0.99999964 -0.00093653443
vn -0 -0.9999999 -0.00046822426
vn -0.00016943394 -0.9999999 -0.00046861032
vn -0 -1 0
vn -0 -1 0
vn -0 -1 0
vn -0 -1 0
vn -0 -1 0
vn -0 -1 0
vn -0 -1 0
vn -0 -1 0
vn -0 -1 0
vn -0 -1 0
vn -0 -1 0
vn -0 -1 0
vn -0 -1 0
vn -0 -1 0
vn -0 -1 0
vn -0 1 0
vn -0 0.70710707 -0.7071065
vn 0.24814194 0.64105934 -0.7262703
vn 0.6406693 0.6410593 -0.42259422
vn 0.7589455 0.65097517 0.015263804
vn -0 1 0
vn 0.639874 0.65097517 0.40840265
vn -0 0.707107 0.70710653
vn 0.2752919 0.63500357 0.7217929
vn -1 0 0
vn -1 0 0
vn -1 0 0
vn -1 0 0
vn -0 1 0
vn -0 1 0
vn -0 1 0
vn -0 1 0
vn 1 0 0
vn 1 0 0
vn 1 0 0
vn 1 0 0
vn -0 -1 0
vn -0 -1 0
vn -0 -1 0
vn -0 -1 0
vn -0 0 -1
vn -0 0 -1
vn -0 0 -1
vn -0 0 -1
vn -0 0 1
vn -0 0 1
vn -0 0 1
vn -0 0 1
vn -0 0.70710677 0.70710677
vn 0.5788263 0.5788272 0.57438594
vn 0.57735026 0.57735026 0.57735026
vn -0 1 0
vn -0 0.70710677 -0.70710677
vn 0.5788263 0.57882726 -0.57438576
vn 0.9062543 -0.29842228 -0.2994113
vn -0 -0.70710677 -0.70710677
vn 0.5788263 0.5788272 0.57438594
vn -0 0.70710677 0.70710677
vn -0 -0.70710677 0.70710677
vn 0.9062543 -0.29842237 0.2994113
vn 0.9062543 -0.29842228 -0.2994113
vn 0.9062543 -0.29842237 0.2994113
vn -0 -0.70710677 0.70710677
vn -0 -0.70710677 -0.70710677
vn 0.5788263 0.57882726 -0.57438576
vn -0.60462654 0.5584409 -0.56795293
vn 0.55536216 0.55536413 -0.6189859
vn -0.29842544 0.90625256 -0.29941356
vn -0.60462654 0.55844074 0.567953
vn -0.2984254 0.90625256 0.2994138
vn 0.55536205 0.5553641 0.6189861
vn 0.5788263 0.5788272 0.57438594
vn 0.5788263 0.5788272 0.57438594
vn 0.55841994 -0.6046268 0.5679733
vn 0.55536205 0.5553641 0.6189861
vn 0.9062543 -0.29842237 0.2994113
vn 0.55842 -0.6046267 -0.5679733
vn 0.9062543 -0.29842228 -0.2994113
vn 0.55536216 0.55536413 -0.6189859
vn 0.5788263 0.57882726 -0.57438576
vn 0.5788263 0.57882726 -0.57438576
vn -0 0.70710677 -0.70710677
vn -0 1 0
vn 0.57735026 0.57735026 -0.57735026
vn 0.55536205 0.5553641 0.6189861
vn 0.55841994 -0.6046268 0.5679733
vn -0.59207356 -0.592048 0.5467431
vn -0.60462654 0.55844074 0.567953
vn -0.60462654 0.5584409 -0.56795293
vn -0.60462654 0.55844074 0.567953
vn -0.59207356 -0.592048 0.5467431
vn -0.59207356 -0.592048 -0.5467431
vn 0.55841994 -0.6046268 0.5679733
vn 0.55842 -0.6046267 -0.5679733
vn -0.59207356 -0.592048 -0.5467431
vn -0.59207356 -0.592048 0.5467431
vn 0.55842 -0.6046267 -0.5679733
vn 0.55536216 0.55536413 -0.6189859
vn -0.60462654 0.5584409 -0.56795293
vn -0.59207356 -0.592048 -0.5467431
vn -0 0 1
vn 0.57735026 0.57735026 0.57735026
vn 0.70710677 0 0.70710677
vn -0 0 1
vn 0.70710677 0 -0.70710677
vn 0.5788263 0.57882726 -0.57438576
vn 0.57735026 0.57735026 -0.57735026
vn 0.70710677 0 -0.70710677
vn 0.57735026 0.57735026 -0.57735026
vn -0 0 -1
vn -0 0 -1
vn 0.70710677 0 -0.70710677
vn -0 0.70710677 0.70710677
vn 0.5788263 0.5788272 0.57438594
vn 0.57735026 0.57735026 0.57735026
vn -0 1 0
vn -0 0.70710677 -0.70710677
vn 0.57882637 0.5788272 -0.5743859
vn 0.9062543 -0.29842257 -0.29941133
vn -0 -0.70710677 -0.70710677
vn 0.5788263 0.5788272 0.57438594
vn -0 0.70710677 0.70710677
vn -0 -0.70710677 0.70710677
vn 0.9062543 -0.29842257 0.2994113
vn 0.9062543 -0.29842257 -0.29941133
vn 0.9062543 -0.29842257 0.2994113
vn -0 -0.70710677 0.70710677
vn -0 -0.70710677 -0.70710677
vn 0.57882637 0.5788272 -0.5743859
vn -0.6046265 0.55844086 -0.5679531
vn 0.5553623 0.555364 -0.6189858
vn -0.29842544 0.90625256 -0.29941356
vn -0.6046262 0.558441 0.56795317
vn -0.2984254 0.90625256 0.2994138
vn 0.55536246 0.5553637 0.6189861
vn 0.5788263 0.5788272 0.57438594
vn 0.5788263 0.5788272 0.57438594
vn 0.55842024 -0.6046266 0.5679732
vn 0.55536246 0.5553637 0.6189861
vn 0.9062543 -0.29842257 0.2994113
vn 0.5584198 -0.60462666 -0.56797355
vn 0.9062543 -0.29842257 -0.29941133
vn 0.5553623 0.555364 -0.6189858
vn 0.57882637 0.5788272 -0.5743859
vn 0.57882637 0.5788272 -0.5743859
vn -0 0.70710677 -0.70710677
vn -0 0.70710677 -0.70710677
vn 0.57735026 0.57735026 -0.57735026
vn 0.55536246 0.5553637 0.6189861
vn 0.55842024 -0.6046266 0.5679732
vn -0.59207326 -0.59204817 0.5467432
vn -0.6046262 0.558441 0.56795317
vn -0.6046265 0.55844086 -0.5679531
vn -0.6046262 0.558441 0.56795317
vn -0.59207326 -0.59204817 0.5467432
vn -0.59207374 -0.5920481 -0.5467428
vn 0.55842024 -0.6046266 0.5679732
vn 0.5584198 -0.60462666 -0.56797355
vn -0.59207374 -0.5920481 -0.5467428
vn -0.59207326 -0.59204817 0.5467432
vn 0.5584198 -0.60462666 -0.56797355
vn 0.5553623 0.555364 -0.6189858
vn -0.6046265 0.55844086 -0.5679531
vn -0.59207374 -0.5920481 -0.5467428
vn -0 0 1
vn 0.57735026 0.57735026 0.57735026
vn 0.70710677 0 0.70710677
vn -0 0 1
vn 0.70710677 0 -0.70710677
vn 0.57882637 0.5788272 -0.5743859
vn 0.57735026 0.57735026 -0.57735026
vn 0.70710677 0 -0.70710677
vn 0.57735026 0.57735026 -0.57735026
vn -0 0.70710677 -0.70710677
vn -0 0 -1
vn 0.70710677 0 -0.70710677
vn -0 0.8032112 -0.5956943
vn -0.763899 0.24820635 0.5956944
vn -0.7638992 0.24820624 -0.5956942
vn -0 0.8032112 0.5956943
vn 0.76389915 0.24820633 -0.59569424
vn 0.7638994 0.24820626 0.59569407
vn -0.7638992 0.24820624 -0.5956942
vn -0.763899 0.24820635 0.5956944
vn -0.47211543 -0.6498117 0.59569436
vn -0.47211578 -0.6498115 -0.5956942
vn -0.47211578 -0.6498115 -0.5956942
vn -0.47211543 -0.6498117 0.59569436
vn 0.4721162 -0.64981145 0.5956942
vn 0.4721158 -0.6498115 -0.5956942
vn -0 0.8032112 0.5956943
vn 0.7638994 0.24820626 0.59569407
vn 0.4721162 -0.64981145 0.5956942
vn -0.47211543 -0.6498117 0.59569436
vn -0.763899 0.24820635 0.5956944
vn 0.4721158 -0.6498115 -0.5956942
vn 0.4721162 -0.64981145 0.5956942
vn 0.7638994 0.24820626 0.59569407
vn 0.76389915 0.24820633 -0.59569424
vn 0.4721158 -0.6498115 -0.5956942
vn 0.76389915 0.24820633 -0.59569424
vn -0 0.8032112 -0.5956943
vn -0.47211578 -0.6498115 -0.5956942
vn -0.7638992 0.24820624 -0.5956942
vn -0 0.8032112 -0.5956943
vn -0.7638991 0.24820639 0.5956944
vn -0.7638992 0.24820627 -0.5956942
vn -0 0.8032112 0.5956943
vn 0.76389915 0.24820636 -0.5956943
vn 0.7638994 0.2482063 0.5956941
vn -0.7638992 0.24820627 -0.5956942
vn -0.7638991 0.24820639 0.5956944
vn -0.4721155 -0.6498116 0.59569436
vn -0.4721158 -0.6498115 -0.59569424
vn -0.4721158 -0.6498115 -0.59569424
vn -0.4721155 -0.6498116 0.59569436
vn 0.4721162 -0.64981145 0.5956941
vn 0.4721158 -0.6498115 -0.5956942
vn -0 0.8032112 0.5956943
vn 0.7638994 0.2482063 0.5956941
vn 0.4721162 -0.64981145 0.5956941
vn -0.4721155 -0.6498116 0.59569436
vn -0.7638991 0.24820639 0.5956944
vn 0.4721158 -0.6498115 -0.5956942
vn 0.4721162 -0.64981145 0.5956941
vn 0.7638994 0.2482063 0.5956941
vn 0.76389915 0.24820636 -0.5956943
vn 0.4721158 -0.6498115 -0.5956942
vn 0.76389915 0.24820636 -0.5956943
vn -0 0.8032112 -0.5956943
vn -0.4721158 -0.6498115 -0.59569424
vn -0.7638992 0.24820627 -0.5956942
vn -0 0.8032112 -0.5956943
vn -0.7638991 0.24820635 0.59569436
vn -0.76389927 0.24820626 -0.5956942
vn -0 0.8032112 0.5956943
vn 0.76389915 0.24820636 -0.5956943
vn 0.7638994 0.2482063 0.5956941
vn -0.76389927 0.24820626 -0.5956942
vn -0.7638991 0.24820635 0.59569436
vn -0.47211537 -0.64981174 0.59569436
vn -0.47211576 -0.6498116 -0.59569424
vn -0.47211576 -0.6498116 -0.59569424
vn -0.47211537 -0.64981174 0.59569436
vn 0.4721162 -0.64981145 0.5956941
vn 0.4721158 -0.6498115 -0.5956942
vn -0 0.8032112 0.5956943
vn 0.7638994 0.2482063 0.5956941
vn 0.4721162 -0.64981145 0.5956941
vn -0.47211537 -0.64981174 0.59569436
vn -0.7638991 0.24820635 0.59569436
vn 0.4721158 -0.6498115 -0.5956942
vn 0.4721162 -0.64981145 0.5956941
vn 0.7638994 0.2482063 0.5956941
vn 0.76389915 0.24820636 -0.5956943
vn 0.4721158 -0.6498115 -0.5956942
vn 0.76389915 0.24820636 -0.5956943
vn -0 0.8032112 -0.5956943
vn -0.47211576 -0.6498116 -0.59569424
vn -0.76389927 0.24820626 -0.5956942
vn -0 0.8032112 -0.59569424
vn -0.763899 0.2482063 0.59569454
vn -0.7638992 0.2482062 -0.5956943
vn -0 0.8032112 0.59569424
vn 0.7638994 0.24820617 -0.5956942
vn 0.7638995 0.24820605 0.595694
vn -0.7638992 0.2482062 -0.5956943
vn -0.763899 0.2482063 0.59569454
vn -0.4721155 -0.6498117 0.59569436
vn -0.4721158 -0.6498115 -0.5956942
vn -0.4721158 -0.6498115 -0.5956942
vn -0.4721155 -0.6498117 0.59569436
vn 0.47211605 -0.64981145 0.5956941
vn 0.47211576 -0.6498116 -0.59569424
vn -0 0.8032112 0.59569424
vn 0.7638995 0.24820605 0.595694
vn 0.47211605 -0.64981145 0.5956941
vn -0.4721155 -0.6498117 0.59569436
vn -0.763899 0.2482063 0.59569454
vn 0.47211576 -0.6498116 -0.59569424
vn 0.47211605 -0.64981145 0.5956941
vn 0.7638995 0.24820605 0.595694
vn 0.7638994 0.24820617 -0.5956942
vn 0.47211576 -0.6498116 -0.59569424
vn 0.7638994 0.24820617 -0.5956942
vn -0 0.8032112 -0.59569424
vn -0.4721158 -0.6498115 -0.5956942
vn -0.7638992 0.2482062 -0.5956943
vn -0 0.80321133 -0.5956942
vn -0.76389945 0.24820583 0.5956941
vn -0.76389945 0.24820583 -0.5956941
vn -0 0.80321133 0.5956942
vn 0.7638994 0.24820569 -0.59569436
vn 0.7638994 0.24820569 0.59569436
vn -0.76389945 0.24820583 -0.5956941
vn -0.76389945 0.24820583 0.5956941
vn -0.47211596 -0.64981145 0.59569436
vn -0.47211596 -0.64981145 -0.59569436
vn -0.47211596 -0.64981145 -0.59569436
vn -0.47211596 -0.64981145 0.59569436
vn 0.47211573 -0.64981174 0.59569424
vn 0.47211573 -0.64981174 -0.59569424
vn -0 0.80321133 0.5956942
vn 0.7638994 0.24820569 0.59569436
vn 0.47211573 -0.64981174 0.59569424
vn -0.47211596 -0.64981145 0.59569436
vn -0.76389945 0.24820583 0.5956941
vn 0.47211573 -0.64981174 -0.59569424
vn 0.47211573 -0.64981174 0.59569424
vn 0.7638994 0.24820569 0.59569436
vn 0.7638994 0.24820569 -0.59569436
vn 0.47211573 -0.64981174 -0.59569424
vn 0.7638994 0.24820569 -0.59569436
vn -0 0.80321133 -0.5956942
vn -0.47211596 -0.64981145 -0.59569436
vn -0.76389945 0.24820583 -0.5956941
vn 0.5788263 0.5788272 0.57438594
vn -0.2984254 0.90625256 0.2994138
vn -0.70710677 0 0.70710677
vn 0.70710677 0 0.70710677
vn -0.2984254 0.90625256 0.2994138
vn -0.29842544 0.90625256 -0.29941356
vn -0.70710677 0 -0.70710677
vn -0.70710677 0 0.70710677
vn -0.29842544 0.90625256 -0.29941356
vn 0.57882637 0.5788272 -0.5743859
vn 0.70710677 0 -0.70710677
vn -0.70710677 0 -0.70710677
vn 0.5788263 0.5788272 0.57438594
vn 0.70710677 0 0.70710677
vn 0.70710677 0 0.70710677
vn 0.57735026 0.57735026 0.57735026
vn 0.5788263 0.5788272 0.57438594
vn -0.2984254 0.90625256 0.2994138
vn -0.70710677 0 0.70710677
vn 0.70710677 0 0.70710677
vn -0.2984254 0.90625256 0.2994138
vn -0.29842544 0.90625256 -0.29941356
vn -0.70710677 0 -0.70710677
vn -0.70710677 0 0.70710677
vn -0.29842544 0.90625256 -0.29941356
vn 0.5788263 0.57882726 -0.57438576
vn 0.70710677 0 -0.70710677
vn -0.70710677 0 -0.70710677
vn 0.5788263 0.5788272 0.57438594
vn 0.70710677 0 0.70710677
vn 0.70710677 0 0.70710677
vn 0.57735026 0.57735026 0.57735026
vn -0.80321133 0 -0.59569424
vn -0.24820566 -0.76389945 0.5956943
vn -0.24820608 -0.7638994 -0.59569424
vn -0.80321115 0 0.5956945
vn -0.24820606 0.76389927 -0.5956942
vn -0.24820565 0.7638994 0.5956943
vn -0.24820608 -0.7638994 -0.59569424
vn -0.24820566 -0.76389945 0.5956943
vn 0.6498118 -0.4721156 0.59569407
vn 0.6498115 -0.47211573 -0.59569424
vn 0.6498115 -0.47211573 -0.59569424
vn 0.6498118 -0.4721156 0.59569407
vn 0.64981174 0.47211576 0.59569407
vn 0.6498115 0.4721159 -0.59569424
vn -0.24820565 0.7638994 0.5956943
vn 0.64981174 0.47211576 0.59569407
vn 0.6498118 -0.4721156 0.59569407
vn -0.24820566 -0.76389945 0.5956943
vn -0.80321115 0 0.5956945
vn 0.6498115 0.4721159 -0.59569424
vn 0.64981174 0.47211576 0.59569407
vn -0.24820565 0.7638994 0.5956943
vn -0.24820606 0.76389927 -0.5956942
vn -0.24820608 -0.7638994 -0.59569424
vn 0.6498115 -0.47211573 -0.59569424
vn 0.6498115 0.4721159 -0.59569424
vn -0.24820606 0.76389927 -0.5956942
vn -0.80321133 0 -0.59569424
vn -0.8032112 0 -0.59569424
vn -0.24820666 -0.76389915 0.5956941
vn -0.24820618 -0.7638994 -0.5956942
vn -0.80321145 0 0.59569407
vn -0.24820617 0.7638992 -0.59569424
vn -0.24820668 0.76389915 0.5956942
vn -0.24820618 -0.7638994 -0.5956942
vn -0.24820666 -0.76389915 0.5956941
vn 0.64981127 -0.47211587 0.5956944
vn 0.6498115 -0.47211573 -0.59569424
vn 0.6498115 -0.47211573 -0.59569424
vn 0.64981127 -0.47211587 0.5956944
vn 0.6498112 0.4721161 0.5956944
vn 0.6498115 0.47211593 -0.5956942
vn -0.24820668 0.76389915 0.5956942
vn 0.6498112 0.4721161 0.5956944
vn 0.64981127 -0.47211587 0.5956944
vn -0.24820666 -0.76389915 0.5956941
vn -0.80321145 0 0.59569407
vn 0.6498115 0.47211593 -0.5956942
vn 0.6498112 0.4721161 0.5956944
vn -0.24820668 0.76389915 0.5956942
vn -0.24820617 0.7638992 -0.59569424
vn -0.24820618 -0.7638994 -0.5956942
vn 0.6498115 -0.47211573 -0.59569424
vn 0.6498115 0.47211593 -0.5956942
vn -0.24820617 0.7638992 -0.59569424
vn -0.8032112 0 -0.59569424
vn -0.80321133 0 -0.5956942
vn -0.24820602 -0.76389927 0.5956942
vn -0.24820602 -0.76389927 -0.5956942
vn -0.80321133 0 0.5956942
vn -0.24820626 0.76389927 -0.5956942
vn -0.24820626 0.76389927 0.5956942
vn -0.24820602 -0.76389927 -0.5956942
vn -0.24820602 -0.76389927 0.5956942
vn 0.64981145 -0.47211584 0.59569424
vn 0.6498115 -0.47211584 -0.59569424
vn 0.6498115 -0.47211584 -0.59569424
vn 0.64981145 -0.47211584 0.59569424
vn 0.64981145 0.47211584 0.59569424
vn 0.64981145 0.47211584 -0.59569424
vn -0.24820626 0.76389927 0.5956942
vn 0.64981145 0.47211584 0.59569424
vn 0.64981145 -0.47211584 0.59569424
vn -0.24820602 -0.76389927 0.5956942
vn -0.80321133 0 0.5956942
vn 0.64981145 0.47211584 -0.59569424
vn 0.64981145 0.47211584 0.59569424
vn -0.24820626 0.76389927 0.5956942
vn -0.24820626 0.76389927 -0.5956942
vn -0.24820602 -0.76389927 -0.5956942
vn 0.6498115 -0.47211584 -0.59569424
vn 0.64981145 0.47211584 -0.59569424
vn -0.24820626 0.76389927 -0.5956942
vn -0.80321133 0 -0.5956942
vn -0.80321133 0 -0.59569424
vn -0.24820626 -0.76389927 0.5956942
vn -0.24820626 -0.76389927 -0.5956942
vn -0.80321133 0 0.59569424
vn -0.2482057 0.76389945 -0.59569424
vn -0.2482057 0.76389945 0.59569424
vn -0.24820626 -0.76389927 -0.5956942
vn -0.24820626 -0.76389927 0.5956942
vn 0.64981145 -0.47211584 0.59569424
vn 0.64981145 -0.47211584 -0.59569424
vn 0.64981145 -0.47211584 -0.59569424
vn 0.64981145 -0.47211584 0.59569424
vn 0.64981157 0.47211567 0.59569436
vn 0.64981157 0.47211567 -0.59569436
vn -0.2482057 0.76389945 0.59569424
vn 0.64981157 0.47211567 0.59569436
vn 0.64981145 -0.47211584 0.59569424
vn -0.24820626 -0.76389927 0.5956942
vn -0.80321133 0 0.59569424
vn 0.64981157 0.47211567 -0.59569436
vn 0.64981157 0.47211567 0.59569436
vn -0.2482057 0.76389945 0.59569424
vn -0.2482057 0.76389945 -0.59569424
vn -0.24820626 -0.76389927 -0.5956942
vn 0.64981145 -0.47211584 -0.59569424
vn 0.64981157 0.47211567 -0.59569436
vn -0.2482057 0.76389945 -0.59569424
vn -0.80321133 0 -0.59569424
vn -0.7959801 -0.2987411 0.5264689
vn -0.6398739 0.65097517 0.40840265
vn -0.27529183 0.6350035 0.7217929
vn -0.37406123 -0.27808622 0.8847295
vn -0 -0.18976736 0.98182905
vn -0 0.707107 0.70710653
vn -0 -0.81588024 0.5782209
vn -0 -0.70710677 0.70710677
vn -0 -0.9238796 -0.38268313
vn -0.27580923 -0.8808483 -0.38475403
vn 0.66178674 -0.5637043 0.49424264
vn -0.4784171 -0.8577597 0.18805669
vn 0.27855438 -0.685697 0.6724783
vn 0.7185821 -0.577701 0.38717082
vn 0.4043953 -0.6856958 0.60521543
vn 0.51469207 -0.68569803 0.5146944
vn 0.6052164 -0.685695 0.4043952
vn 0.6724804 -0.6856969 0.2785495
vn 0.71390206 -0.68569577 0.14200442
vn 0.7278878 -0.68569624 0
vn 0.70366335 -0.70714545 -0.06930477
vn 0.71390164 -0.6856963 -0.14200318
vn 0.67248106 -0.6856963 -0.27854967
vn -0 -0.81588024 0.5782209
vn 0.6052176 -0.68569654 -0.40439084
vn 0.5146941 -0.68569475 -0.5146967
vn 0.40439063 -0.68569815 -0.60521585
vn 0.2785532 -0.6856956 -0.6724802
vn 0.1420017 -0.6856966 -0.7139017
vn -0 -0.7298481 -0.68360937
vn 0.7185821 -0.577701 0.38717082
vn 0.8804917 0 0.47406155
vn 0.80097103 0 0.59870315
vn 0.66178674 -0.5637043 0.49424264
vn -0 -0.70710677 0.70710677
vn 0.66178674 -0.5637043 0.49424264
vn 0.80097103 0 0.59870315
vn -0 0 1
vn 0.7185821 -0.577701 0.38717082
vn 0.38268846 0 0.9238775
vn 0.8804917 0 0.47406155
vn 0.27855438 -0.685697 0.6724783
vn 0.5555729 0 0.83146787
vn 0.4043953 -0.6856958 0.60521543
vn 0.7071048 0 0.70710874
vn 0.51469207 -0.68569803 0.5146944
vn 0.51469207 -0.68569803 0.5146944
vn 0.8314678 0 0.555573
vn 0.7071048 0 0.70710874
vn 0.6052164 -0.685695 0.4043952
vn 0.9238798 0 0.38268262
vn 0.6724804 -0.6856969 0.2785495
vn 0.98078513 0 0.19509126
vn 0.71390206 -0.68569577 0.14200442
vn 1 0 0
vn 0.7278878 -0.68569624 0
vn 0.70366335 -0.70714545 -0.06930477
vn 0.71390164 -0.6856963 -0.14200318
vn 0.9807854 0 -0.19508964
vn 0.92388004 0 -0.38268244
vn 0.67248106 -0.6856963 -0.27854967
vn 0.831471 0 -0.55556816
vn 0.6052176 -0.68569654 -0.40439084
vn 0.70710474 0 -0.7071088
vn 0.5146941 -0.68569475 -0.5146967
vn 0.5146941 -0.68569475 -0.5146967
vn 0.5555683 0 -0.8314709
vn 0.70710474 0 -0.7071088
vn 0.40439063 -0.68569815 -0.60521585
vn 0.3826862 0 -0.9238784
vn 0.2785532 -0.6856956 -0.6724802
vn 0.19508703 0 -0.9807859
vn 0.1420017 -0.6856966 -0.7139017
vn -0 0 -1
vn -0 -0.7298481 -0.68360937
vn -0.4784171 -0.8577597 0.18805669
vn -0.37406123 -0.27808622 0.8847295
vn -0 -0.81588024 0.5782209
vn -0.7959801 -0.2987411 0.5264689
vn -0.9322994 -0.3613821 -0.0148619
vn -0.27580923 -0.8808483 -0.38475403
vn -0.7905005 -0.36490667 -0.4918863
vn -0.6406693 0.6410593 -0.42259422
vn -0.7589455 0.6509752 0.015263799
vn -0.6398739 0.65097517 0.40840265
vn -0.7905005 -0.36490667 -0.4918863
vn -0.24814194 0.64105934 -0.7262703
vn -0.6406693 0.6410593 -0.42259422
vn -0.28643492 -0.3444658 -0.8940348
vn -0.27580923 -0.8808483 -0.38475403
vn -0 -0.9238796 -0.38268313
vn -0 -0.38268372 -0.92387944
vn -0 0.70710707 -0.7071065
vn -0 -0.9999999 -0.00046822426
vn -0 -0.99999964 -0.00093653443
vn 0.00033886783 -0.9999995 -0.0009365343
vn 0.00022620747 -0.99999976 -0.0006248878
vn 0.00016943394 -0.9999999 -0.00046783825
vn -0 -1 0
vn -0 -1 0
vn -0 -1 0
vn -0 -1 0
vn -0 -1 0
vn -0 -1 0
vn -0 -1 0
vn -0 -1 0
vn -0 -1 0
vn -0 -1 0
vn -0 -1 0
vn -0 -1 0
vn -0 -1 0
vn -0 -1 0
vn -0 -1 0
vn -0.6406693 0.6410593 -0.42259422
vn -0.24814194 0.64105934 -0.7262703
vn -0 0.70710707 -0.7071065
vn -0 1 0
vn -0.7589455 0.6509752 0.015263799
vn -0 1 0
vn -0.6398739 0.65097517 0.40840265
vn -0 0.707107 0.70710653
vn -0.27529183 0.6350035 0.7217929
vn 1 0 0
vn 1 0 0
vn 1 0 0
vn 1 0 0
vn -0 1 0
vn -0 1 0
vn -0 1 0
vn -0 1 0
vn -1 0 0
vn -1 0 0
vn -1 0 0
vn -1 0 0
vn -0 -1 0
vn -0 -1 0
vn -0 -1 0
vn -0 -1 0
vn -0 0 -1
vn -0 0 -1
vn -0 0 -1
vn -0 0 -1
vn -0 0 1
vn -0 0 1
vn -0 0 1
vn -0 0 1
vn -0 -0.70710677 0.70710677
vn -0.5788263 -0.5788272 0.57438594
vn -0.57735026 -0.57735026 0.57735026
vn -0 -1 0
vn -0 -0.70710677 -0.70710677
vn -0.5788263 -0.57882726 -0.57438576
vn -0.9062543 0.29842228 -0.2994113
vn -0 0.70710677 -0.70710677
vn -0.5788263 -0.5788272 0.57438594
vn -0 -0.70710677 0.70710677
vn -0 0.70710677 0.70710677
vn -0.9062543 0.29842237 0.2994113
vn -0.9062543 0.29842228 -0.2994113
vn -0.9062543 0.29842237 0.2994113
vn -0 0.70710677 0.70710677
vn -0 0.70710677 -0.70710677
vn -0.5788263 -0.57882726 -0.57438576
vn 0.60462654 -0.5584409 -0.56795293
vn -0.55536216 -0.55536413 -0.6189859
vn 0.29842544 -0.90625256 -0.29941356
vn 0.60462654 -0.55844074 0.567953
vn 0.2984254 -0.90625256 0.2994138
vn -0.55536205 -0.5553641 0.6189861
vn -0.5788263 -0.5788272 0.57438594
vn -0.5788263 -0.5788272 0.57438594
vn -0.55841994 0.6046268 0.5679733
vn -0.55536205 -0.5553641 0.6189861
vn -0.9062543 0.29842237 0.2994113
vn -0.55842 0.6046267 -0.5679733
vn -0.9062543 0.29842228 -0.2994113
vn -0.55536216 -0.55536413 -0.6189859
vn -0.5788263 -0.57882726 -0.57438576
vn -0.5788263 -0.57882726 -0.57438576
vn -0 -0.70710677 -0.70710677
vn -0 -1 0
vn -0.57735026 -0.57735026 -0.57735026
vn -0.55536205 -0.5553641 0.6189861
vn -0.55841994 0.6046268 0.5679733
vn 0.59207356 0.592048 0.5467431
vn 0.60462654 -0.55844074 0.567953
vn 0.60462654 -0.5584409 -0.56795293
vn 0.60462654 -0.55844074 0.567953
vn 0.59207356 0.592048 0.5467431
vn 0.59207356 0.592048 -0.5467431
vn -0.55841994 0.6046268 0.5679733
vn -0.55842 0.6046267 -0.5679733
vn 0.59207356 0.592048 -0.5467431
vn 0.59207356 0.592048 0.5467431
vn -0.55842 0.6046267 -0.5679733
vn -0.55536216 -0.55536413 -0.6189859
vn 0.60462654 -0.5584409 -0.56795293
vn 0.59207356 0.592048 -0.5467431
vn -0 0 1
vn -0.57735026 -0.57735026 0.57735026
vn -0.70710677 0 0.70710677
vn -0 0 1
vn -0.70710677 0 -0.70710677
vn -0.5788263 -0.57882726 -0.57438576
vn -0.57735026 -0.57735026 -0.57735026
vn -0.70710677 0 -0.70710677
vn -0.57735026 -0.57735026 -0.57735026
vn -0 0 -1
vn -0 0 -1
vn -0.70710677 0 -0.70710677
vn -0 -0.70710677 0.70710677
vn -0.5788263 -0.5788272 0.57438594
vn -0.57735026 -0.57735026 0.57735026
vn -0 -1 0
vn -0 -0.70710677 -0.70710677
vn -0.57882637 -0.5788272 -0.5743859
vn -0.9062543 0.29842257 -0.29941133
vn -0 0.70710677 -0.70710677
vn -0.5788263 -0.5788272 0.57438594
vn -0 -0.70710677 0.70710677
vn -0 0.70710677 0.70710677
vn -0.9062543 0.29842257 0.2994113
vn -0.9062543 0.29842257 -0.29941133
vn -0.9062543 0.29842257 0.2994113
vn -0 0.70710677 0.70710677
vn -0 0.70710677 -0.70710677
vn -0.57882637 -0.5788272 -0.5743859
vn 0.6046265 -0.55844086 -0.5679531
vn -0.5553623 -0.555364 -0.6189858
vn 0.29842544 -0.90625256 -0.29941356
vn 0.6046262 -0.558441 0.56795317
vn 0.2984254 -0.90625256 0.2994138
vn -0.55536246 -0.5553637 0.6189861
vn -0.5788263 -0.5788272 0.57438594
vn -0.5788263 -0.5788272 0.57438594
vn -0.55842024 0.6046266 0.5679732
vn -0.55536246 -0.5553637 0.6189861
vn -0.9062543 0.29842257 0.2994113
vn -0.5584198 0.60462666 -0.56797355
vn -0.9062543 0.29842257 -0.29941133
vn -0.5553623 -0.555364 -0.6189858
vn -0.57882637 -0.5788272 -0.5743859
vn -0.57882637 -0.5788272 -0.5743859
vn -0 -0.70710677 -0.70710677
vn -0 -0.70710677 -0.70710677
vn -0.57735026 -0.57735026 -0.57735026
vn -0.55536246 -0.5553637 0.6189861
vn -0.55842024 0.6046266 0.5679732
vn 0.59207326 0.59204817 0.5467432
vn 0.6046262 -0.558441 0.56795317
vn 0.6046265 -0.55844086 -0.5679531
vn 0.6046262 -0.558441 0.56795317
vn 0.59207326 0.59204817 0.5467432
vn 0.59207374 0.5920481 -0.5467428
vn -0.55842024 0.6046266 0.5679732
vn -0.5584198 0.60462666 -0.56797355
vn 0.59207374 0.5920481 -0.5467428
vn 0.59207326 0.59204817 0.5467432
vn -0.5584198 0.60462666 -0.56797355
vn -0.5553623 -0.555364 -0.6189858
vn 0.6046265 -0.55844086 -0.5679531
vn 0.59207374 0.5920481 -0.5467428
vn -0 0 1
vn -0.57735026 -0.57735026 0.57735026
vn -0.70710677 0 0.70710677
vn -0 0 1
vn -0.70710677 0 -0.70710677
vn -0.57882637 -0.5788272 -0.5743859
vn -0.57735026 -0.57735026 -0.57735026
vn -0.70710677 0 -0.70710677
vn -0.57735026 -0.57735026 -0.57735026
vn -0 -0.70710677 -0.70710677
vn -0 0 -1
vn -0.70710677 0 -0.70710677
vn -0 -0.8032112 -0.5956943
vn 0.763899 -0.24820635 0.5956944
vn 0.7638992 -0.24820624 -0.5956942
vn -0 -0.8032112 0.5956943
vn -0.76389915 -0.24820633 -0.59569424
vn -0.7638994 -0.24820626 0.59569407
vn 0.7638992 -0.24820624 -0.5956942
vn 0.763899 -0.24820635 0.5956944
vn 0.47211543 0.6498117 0.59569436
vn 0.47211578 0.6498115 -0.5956942
vn 0.47211578 0.6498115 -0.5956942
vn 0.47211543 0.6498117 0.59569436
vn -0.4721162 0.64981145 0.5956942
vn -0.4721158 0.6498115 -0.5956942
vn 0.47211543 0.6498117 0.59569436
vn 0.763899 -0.24820635 0.5956944
vn -0 -0.8032112 0.5956943
vn -0.4721162 0.64981145 0.5956942
vn -0.7638994 -0.24820626 0.59569407
vn -0.4721158 0.6498115 -0.5956942
vn -0.4721162 0.64981145 0.5956942
vn -0.7638994 -0.24820626 0.59569407
vn -0.76389915 -0.24820633 -0.59569424
vn -0 -0.8032112 -0.5956943
vn 0.7638992 -0.24820624 -0.5956942
vn 0.47211578 0.6498115 -0.5956942
vn -0.4721158 0.6498115 -0.5956942
vn -0.76389915 -0.24820633 -0.59569424
vn -0 -0.8032112 -0.5956943
vn 0.7638991 -0.24820639 0.5956944
vn 0.7638992 -0.24820627 -0.5956942
vn -0 -0.8032112 0.5956943
vn -0.76389915 -0.24820636 -0.5956943
vn -0.7638994 -0.2482063 0.5956941
vn 0.7638992 -0.24820627 -0.5956942
vn 0.7638991 -0.24820639 0.5956944
vn 0.4721155 0.6498116 0.59569436
vn 0.4721158 0.6498115 -0.59569424
vn 0.4721158 0.6498115 -0.59569424
vn 0.4721155 0.6498116 0.59569436
vn -0.4721162 0.64981145 0.5956941
vn -0.4721158 0.6498115 -0.5956942
vn 0.4721155 0.6498116 0.59569436
vn 0.7638991 -0.24820639 0.5956944
vn -0 -0.8032112 0.5956943
vn -0.4721162 0.64981145 0.5956941
vn -0.7638994 -0.2482063 0.5956941
vn -0.4721158 0.6498115 -0.5956942
vn -0.4721162 0.64981145 0.5956941
vn -0.7638994 -0.2482063 0.5956941
vn -0.76389915 -0.24820636 -0.5956943
vn -0 -0.8032112 -0.5956943
vn 0.7638992 -0.24820627 -0.5956942
vn 0.4721158 0.6498115 -0.59569424
vn -0.4721158 0.6498115 -0.5956942
vn -0.76389915 -0.24820636 -0.5956943
vn -0 -0.8032112 -0.5956943
vn 0.7638991 -0.24820635 0.59569436
vn 0.76389927 -0.24820626 -0.5956942
vn -0 -0.8032112 0.5956943
vn -0.76389915 -0.24820636 -0.5956943
vn -0.7638994 -0.2482063 0.5956941
vn 0.76389927 -0.24820626 -0.5956942
vn 0.7638991 -0.24820635 0.59569436
vn 0.47211537 0.64981174 0.59569436
vn 0.47211576 0.6498116 -0.59569424
vn 0.47211576 0.6498116 -0.59569424
vn 0.47211537 0.64981174 0.59569436
vn -0.4721162 0.64981145 0.5956941
vn -0.4721158 0.6498115 -0.5956942
vn 0.47211537 0.64981174 0.59569436
vn 0.7638991 -0.24820635 0.59569436
vn -0 -0.8032112 0.5956943
vn -0.4721162 0.64981145 0.5956941
vn -0.7638994 -0.2482063 0.5956941
vn -0.4721158 0.6498115 -0.5956942
vn -0.4721162 0.64981145 0.5956941
vn -0.7638994 -0.2482063 0.5956941
vn -0.76389915 -0.24820636 -0.5956943
vn -0 -0.8032112 -0.5956943
vn 0.76389927 -0.24820626 -0.5956942
vn 0.47211576 0.6498116 -0.59569424
vn -0.4721158 0.6498115 -0.5956942
vn -0.76389915 -0.24820636 -0.5956943
vn -0 -0.8032112 -0.59569424
vn 0.763899 -0.2482063 0.59569454
vn 0.7638992 -0.2482062 -0.5956943
vn -0 -0.8032112 0.59569424
vn -0.7638994 -0.24820617 -0.5956942
vn -0.7638995 -0.24820605 0.595694
vn 0.7638992 -0.2482062 -0.5956943
vn 0.763899 -0.2482063 0.59569454
vn 0.4721155 0.6498117 0.59569436
vn 0.4721158 0.6498115 -0.5956942
vn 0.4721158 0.6498115 -0.5956942
vn 0.4721155 0.6498117 0.59569436
vn -0.47211605 0.64981145 0.5956941
vn -0.47211576 0.6498116 -0.59569424
vn 0.4721155 0.6498117 0.59569436
vn 0.763899 -0.2482063 0.59569454
vn -0 -0.8032112 0.59569424
vn -0.47211605 0.64981145 0.5956941
vn -0.7638995 -0.24820605 0.595694
vn -0.47211576 0.6498116 -0.59569424
vn -0.47211605 0.64981145 0.5956941
vn -0.7638995 -0.24820605 0.595694
vn -0.7638994 -0.24820617 -0.5956942
vn -0 -0.8032112 -0.59569424
vn 0.7638992 -0.2482062 -0.5956943
vn 0.4721158 0.6498115 -0.5956942
vn -0.47211576 0.6498116 -0.59569424
vn -0.7638994 -0.24820617 -0.5956942
vn -0 -0.80321133 -0.5956942
vn 0.76389945 -0.24820583 0.5956941
vn 0.76389945 -0.24820583 -0.5956941
vn -0 -0.80321133 0.5956942
vn -0.7638994 -0.24820569 -0.59569436
vn -0.7638994 -0.24820569 0.59569436
vn 0.76389945 -0.24820583 -0.5956941
vn 0.76389945 -0.24820583 0.5956941
vn 0.47211596 0.64981145 0.59569436
vn 0.47211596 0.64981145 -0.59569436
vn 0.47211596 0.64981145 -0.59569436
vn 0.47211596 0.64981145 0.59569436
vn -0.47211573 0.64981174 0.59569424
vn -0.47211573 0.64981174 -0.59569424
vn 0.47211596 0.64981145 0.59569436
vn 0.76389945 -0.24820583 0.5956941
vn -0 -0.80321133 0.5956942
vn -0.47211573 0.64981174 0.59569424
vn -0.7638994 -0.24820569 0.59569436
vn -0.47211573 0.64981174 -0.59569424
vn -0.47211573 0.64981174 0.59569424
vn -0.7638994 -0.24820569 0.59569436
vn -0.7638994 -0.24820569 -0.59569436
vn -0 -0.80321133 -0.5956942
vn 0.76389945 -0.24820583 -0.5956941
vn 0.47211596 0.64981145 -0.59569436
vn -0.47211573 0.64981174 -0.59569424
vn -0.7638994 -0.24820569 -0.59569436
vn -0.5788263 -0.5788272 0.57438594
vn 0.2984254 -0.90625256 0.2994138
vn 0.70710677 0 0.70710677
vn -0.70710677 0 0.70710677
vn 0.2984254 -0.90625256 0.2994138
vn 0.29842544 -0.90625256 -0.29941356
vn 0.70710677 0 -0.70710677
vn 0.70710677 0 0.70710677
vn 0.29842544 -0.90625256 -0.29941356
vn -0.57882637 -0.5788272 -0.5743859
vn -0.70710677 0 -0.70710677
vn 0.70710677 0 -0.70710677
vn -0.5788263 -0.5788272 0.57438594
vn -0.70710677 0 0.70710677
vn -0.70710677 0 0.70710677
vn -0.57735026 -0.57735026 0.57735026
vn -0.5788263 -0.5788272 0.57438594
vn 0.2984254 -0.90625256 0.2994138
vn 0.70710677 0 0.70710677
vn -0.70710677 0 0.70710677
vn 0.2984254 -0.90625256 0.2994138
vn 0.29842544 -0.90625256 -0.29941356
vn 0.70710677 0 -0.70710677
vn 0.70710677 0 0.70710677
vn 0.29842544 -0.90625256 -0.29941356
vn -0.5788263 -0.57882726 -0.57438576
vn -0.70710677 0 -0.70710677
vn 0.70710677 0 -0.70710677
vn -0.5788263 -0.5788272 0.57438594
vn -0.70710677 0 0.70710677
vn -0.70710677 0 0.70710677
vn -0.57735026 -0.57735026 0.57735026
vn 0.80321133 0 -0.59569424
vn 0.24820566 0.76389945 0.5956943
vn 0.24820608 0.7638994 -0.59569424
vn 0.80321115 0 0.5956945
vn 0.24820606 -0.76389927 -0.5956942
vn 0.24820565 -0.7638994 0.5956943
vn 0.24820608 0.7638994 -0.59569424
vn 0.24820566 0.76389945 0.5956943
vn -0.6498118 0.4721156 0.59569407
vn -0.6498115 0.47211573 -0.59569424
vn -0.6498115 0.47211573 -0.59569424
vn -0.6498118 0.4721156 0.59569407
vn -0.64981174 -0.47211576 0.59569407
vn -0.6498115 -0.4721159 -0.59569424
vn 0.24820566 0.76389945 0.5956943
vn 0.80321115 0 0.5956945
vn 0.24820565 -0.7638994 0.5956943
vn -0.6498118 0.4721156 0.59569407
vn -0.64981174 -0.47211576 0.59569407
vn -0.6498115 -0.4721159 -0.59569424
vn -0.64981174 -0.47211576 0.59569407
vn 0.24820565 -0.7638994 0.5956943
vn 0.24820606 -0.76389927 -0.5956942
vn 0.24820606 -0.76389927 -0.5956942
vn 0.80321133 0 -0.59569424
vn 0.24820608 0.7638994 -0.59569424
vn -0.6498115 -0.4721159 -0.59569424
vn -0.6498115 0.47211573 -0.59569424
vn 0.8032112 0 -0.59569424
vn 0.24820666 0.76389915 0.5956941
vn 0.24820618 0.7638994 -0.5956942
vn 0.80321145 0 0.59569407
vn 0.24820617 -0.7638992 -0.59569424
vn 0.24820668 -0.76389915 0.5956942
vn 0.24820618 0.7638994 -0.5956942
vn 0.24820666 0.76389915 0.5956941
vn -0.64981127 0.47211587 0.5956944
vn -0.6498115 0.47211573 -0.59569424
vn -0.6498115 0.47211573 -0.59569424
vn -0.64981127 0.47211587 0.5956944
vn -0.6498112 -0.4721161 0.5956944
vn -0.6498115 -0.47211593 -0.5956942
vn 0.24820666 0.76389915 0.5956941
vn 0.80321145 0 0.59569407
vn 0.24820668 -0.76389915 0.5956942
vn -0.64981127 0.47211587 0.5956944
vn -0.6498112 -0.4721161 0.5956944
vn -0.6498115 -0.47211593 -0.5956942
vn -0.6498112 -0.4721161 0.5956944
vn 0.24820668 -0.76389915 0.5956942
vn 0.24820617 -0.7638992 -0.59569424
vn 0.24820617 -0.7638992 -0.59569424
vn 0.8032112 0 -0.59569424
vn 0.24820618 0.7638994 -0.5956942
vn -0.6498115 -0.47211593 -0.5956942
vn -0.6498115 0.47211573 -0.59569424
vn 0.80321133 0 -0.5956942
vn 0.24820602 0.76389927 0.5956942
vn 0.24820602 0.76389927 -0.5956942
vn 0.80321133 0 0.5956942
vn 0.24820626 -0.76389927 -0.5956942
vn 0.24820626 -0.76389927 0.5956942
vn 0.24820602 0.76389927 -0.5956942
vn 0.24820602 0.76389927 0.5956942
vn -0.64981145 0.47211584 0.59569424
vn -0.6498115 0.47211584 -0.59569424
vn -0.6498115 0.47211584 -0.59569424
vn -0.64981145 0.47211584 0.59569424
vn -0.64981145 -0.47211584 0.59569424
vn -0.64981145 -0.47211584 -0.59569424
vn 0.24820602 0.76389927 0.5956942
vn 0.80321133 0 0.5956942
vn 0.24820626 -0.76389927 0.5956942
vn -0.64981145 0.47211584 0.59569424
vn -0.64981145 -0.47211584 0.59569424
vn -0.64981145 -0.47211584 -0.59569424
vn -0.64981145 -0.47211584 0.59569424
vn 0.24820626 -0.76389927 0.5956942
vn 0.24820626 -0.76389927 -0.5956942
vn 0.24820626 -0.76389927 -0.5956942
vn 0.80321133 0 -0.5956942
vn 0.24820602 0.76389927 -0.5956942
vn -0.64981145 -0.47211584 -0.59569424
vn -0.6498115 0.47211584 -0.59569424
vn 0.80321133 0 -0.59569424
vn 0.24820626 0.76389927 0.5956942
vn 0.24820626 0.76389927 -0.5956942
vn 0.80321133 0 0.59569424
vn 0.2482057 -0.76389945 -0.59569424
vn 0.2482057 -0.76389945 0.59569424
vn 0.24820626 0.76389927 -0.5956942
vn 0.24820626 0.76389927 0.5956942
vn -0.64981145 0.47211584 0.59569424
vn -0.64981145 0.47211584 -0.59569424
vn -0.64981145 0.47211584 -0.59569424
vn -0.64981145 0.47211584 0.59569424
vn -0.64981157 -0.47211567 0.59569436
vn -0.64981157 -0.47211567 -0.59569436
vn 0.24820626 0.76389927 0.5956942
vn 0.80321133 0 0.59569424
vn 0.2482057 -0.76389945 0.59569424
vn -0.64981145 0.47211584 0.59569424
vn -0.64981157 -0.47211567 0.59569436
vn -0.64981157 -0.47211567 -0.59569436
vn -0.64981157 -0.47211567 0.59569436
vn 0.2482057 -0.76389945 0.59569424
vn 0.2482057 -0.76389945 -0.59569424
vn 0.2482057 -0.76389945 -0.59569424
vn 0.80321133 0 -0.59569424
vn 0.24820626 0.76389927 -0.5956942
vn -0.64981157 -0.47211567 -0.59569436
vn -0.64981145 0.47211584 -0.59569424
vn 0.7959801 0.2987411 0.5264689
vn 0.6398739 -0.65097517 0.40840265
vn 0.27529183 -0.6350035 0.7217929
vn 0.37406123 0.27808622 0.8847295
vn -0 0.18976736 0.98182905
vn -0 -0.70710695 0.70710653
vn -0 0.81588024 0.5782209
vn -0 0.70710677 0.70710677
vn -0 0.9238796 -0.38268316
vn 0.27580923 0.8808483 -0.38475403
vn -0.66178674 0.5637043 0.49424264
vn 0.4784171 0.8577597 0.18805669
vn -0.27855438 0.685697 0.6724783
vn -0.7185821 0.577701 0.38717082
vn -0.4043953 0.6856958 0.60521543
vn -0.51469207 0.68569803 0.5146944
vn -0.6052164 0.685695 0.4043952
vn -0.6724804 0.6856969 0.2785495
vn -0.71390206 0.68569577 0.14200442
vn -0.7278878 0.68569624 0
vn -0.70366335 0.70714545 -0.06930477
vn -0.71390164 0.6856963 -0.14200318
vn -0.67248106 0.6856963 -0.27854967
vn -0 0.81588024 0.5782209
vn -0.6052176 0.68569654 -0.40439084
vn -0.5146941 0.68569475 -0.5146967
vn -0.40439063 0.68569815 -0.60521585
vn -0.2785532 0.6856956 -0.6724802
vn -0.1420017 0.6856966 -0.7139017
vn -0 0.7298481 -0.68360937
vn -0.7185821 0.577701 0.38717082
vn -0.8804917 0 0.47406155
vn -0.80097103 0 0.59870315
vn -0.66178674 0.5637043 0.49424264
vn -0 0.70710677 0.70710677
vn -0.66178674 0.5637043 0.49424264
vn -0.80097103 0 0.59870315
vn -0 0 1
vn -0.7185821 0.577701 0.38717082
vn -0.38268846 0 0.9238775
vn -0.8804917 0 0.47406155
vn -0.27855438 0.685697 0.6724783
vn -0.5555729 0 0.83146787
vn -0.4043953 0.6856958 0.60521543
vn -0.7071048 0 0.70710874
vn -0.51469207 0.68569803 0.5146944
vn -0.51469207 0.68569803 0.5146944
vn -0.8314678 0 0.555573
vn -0.7071048 0 0.70710874
vn -0.6052164 0.685695 0.4043952
vn -0.9238798 0 0.38268262
vn -0.6724804 0.6856969 0.2785495
vn -0.98078513 0 0.19509126
vn -0.71390206 0.68569577 0.14200442
vn -1 0 0
vn -0.7278878 0.68569624 0
vn -0.71390164 0.6856963 -0.14200318
vn -0.9807854 0 -0.19508964
vn -0.92388004 0 -0.38268244
vn -0.67248106 0.6856963 -0.27854967
vn -0.831471 0 -0.55556816
vn -0.6052176 0.68569654 -0.40439084
vn -0.70710474 0 -0.7071088
vn -0.5146941 0.68569475 -0.5146967
vn -0.5146941 0.68569475 -0.5146967
vn -0.5555683 0 -0.8314709
vn -0.70710474 0 -0.7071088
vn -0.40439063 0.68569815 -0.60521585
vn -0.3826862 0 -0.9238784
vn -0.2785532 0.6856956 -0.6724802
vn -0.19508703 0 -0.9807859
vn -0.1420017 0.6856966 -0.7139017
vn -0 0 -1
vn -0 0.7298481 -0.68360937
vn 0.4784171 0.8577597 0.18805669
vn 0.37406123 0.27808622 0.8847295
vn -0 0.81588024 0.5782209
vn 0.7959801 0.2987411 0.5264689
vn 0.9322994 0.3613821 -0.0148619
vn 0.27580923 0.8808483 -0.38475403
vn 0.7905005 0.36490667 -0.4918863
vn 0.6406693 -0.6410593 -0.42259422
vn 0.7589455 -0.6509752 0.015263799
vn 0.6398739 -0.65097517 0.40840265
vn 0.7905005 0.36490667 -0.4918863
vn 0.24814194 -0.64105934 -0.7262703
vn 0.6406693 -0.6410593 -0.42259422
vn 0.28643492 0.3444658 -0.8940348
vn 0.27580923 0.8808483 -0.38475403
vn -0 0.9238796 -0.38268316
vn -0 0.38268378 -0.92387944
vn -0 -0.70710707 -0.7071065
vn -0 0.9999999 -0.0004682243
vn -0 0.99999964 -0.00093653443
vn -0.00033886783 0.9999995 -0.0009365343
vn -0.00022620747 0.99999976 -0.0006248878
vn -0.00016943394 0.9999999 -0.00046783825
vn -0 1 0
vn -0 1 0
vn -0 1 0
vn -0 1 0
vn -0 1 0
vn -0 1 0
vn -0 1 0
vn -0 1 0
vn -0 1 0
vn -0 1 0
vn -0 1 0
vn -0 1 0
vn -0 1 0
vn -0 1 0
vn -0 1 0
vn 0.6406693 -0.6410593 -0.42259422
vn 0.24814194 -0.64105934 -0.7262703
vn -0 -0.70710707 -0.7071065
vn -0 -1 0
vn 0.7589455 -0.6509752 0.015263799
vn -0 -1 0
vn 0.6398739 -0.65097517 0.40840265
vn -0 -0.70710695 0.70710653
vn 0.27529183 -0.6350035 0.7217929
vn -1 0 0
vn -1 0 0
vn -1 0 0
vn -1 0 0
vn -0 -1 0
vn -0 -1 0
vn -0 -1 0
vn -0 -1 0
vn 1 0 0
vn 1 0 0
vn 1 0 0
vn 1 0 0
vn -0 1 0
vn -0 1 0
vn -0 1 0
vn -0 1 0
vn -0 0 -1
vn -0 0 -1
vn -0 0 -1
vn -0 0 -1
vn -0 0 1
vn -0 0 1
vn -0 0 1
vn -0 0 1
vn -0 -0.70710677 0.70710677
vn -0 -1 0
vn 0.57735026 -0.57735026 0.57735026
vn 0.5788263 -0.57882726 0.574386
vn -0 -0.70710677 -0.70710677
vn -0 0.70710677 -0.70710677
vn 0.9062544 0.29842216 -0.29941133
vn 0.57882637 -0.5788272 -0.57438594
vn 0.5788263 -0.57882726 0.574386
vn 0.9062544 0.29842222 0.2994114
vn -0 0.70710677 0.70710677
vn -0 -0.70710677 0.70710677
vn 0.9062544 0.29842216 -0.29941133
vn -0 0.70710677 -0.70710677
vn -0 0.70710677 0.70710677
vn 0.9062544 0.29842222 0.2994114
vn 0.57882637 -0.5788272 -0.57438594
vn 0.55536205 -0.5553639 -0.6189861
vn -0.6046265 -0.5584408 -0.5679531
vn -0.29842544 -0.90625256 -0.29941386
vn -0.6046265 -0.55844086 0.56795305
vn -0.29842544 -0.90625256 0.29941386
vn 0.5553619 -0.555364 0.6189861
vn 0.5788263 -0.57882726 0.574386
vn 0.5788263 -0.57882726 0.574386
vn 0.5553619 -0.555364 0.6189861
vn 0.55842 0.60462666 0.5679734
vn 0.9062544 0.29842222 0.2994114
vn 0.55842 0.60462666 -0.5679734
vn 0.9062544 0.29842216 -0.29941133
vn 0.55536205 -0.5553639 -0.6189861
vn 0.57882637 -0.5788272 -0.57438594
vn 0.57882637 -0.5788272 -0.57438594
vn 0.57735026 -0.57735026 -0.57735026
vn -0 -1 0
vn -0 -0.70710677 -0.70710677
vn 0.5553619 -0.555364 0.6189861
vn -0.6046265 -0.55844086 0.56795305
vn -0.5920736 0.592048 0.5467431
vn 0.55842 0.60462666 0.5679734
vn -0.6046265 -0.5584408 -0.5679531
vn -0.5920736 0.592048 -0.54674315
vn -0.5920736 0.592048 0.5467431
vn -0.6046265 -0.55844086 0.56795305
vn 0.55842 0.60462666 0.5679734
vn -0.5920736 0.592048 0.5467431
vn -0.5920736 0.592048 -0.54674315
vn 0.55842 0.60462666 -0.5679734
vn 0.55842 0.60462666 -0.5679734
vn -0.5920736 0.592048 -0.54674315
vn -0.6046265 -0.5584408 -0.5679531
vn 0.55536205 -0.5553639 -0.6189861
vn -0 0 1
vn -0 0 1
vn 0.70710677 0 0.70710677
vn 0.57735026 -0.57735026 0.57735026
vn 0.70710677 0 -0.70710677
vn 0.70710677 0 -0.70710677
vn 0.57735026 -0.57735026 -0.57735026
vn 0.57882637 -0.5788272 -0.57438594
vn 0.57735026 -0.57735026 -0.57735026
vn 0.70710677 0 -0.70710677
vn -0 0 -1
vn -0 0 -1
vn -0 -0.70710677 0.70710677
vn -0 -1 0
vn 0.57735026 -0.57735026 0.57735026
vn 0.5788263 -0.5788272 0.574386
vn -0 -0.70710677 -0.70710677
vn -0 0.70710677 -0.70710677
vn 0.9062544 0.29842228 -0.2994114
vn 0.5788263 -0.5788272 -0.57438594
vn 0.5788263 -0.5788272 0.574386
vn 0.9062544 0.2984223 0.29941136
vn -0 0.70710677 0.70710677
vn -0 -0.70710677 0.70710677
vn 0.9062544 0.29842228 -0.2994114
vn -0 0.70710677 -0.70710677
vn -0 0.70710677 0.70710677
vn 0.9062544 0.2984223 0.29941136
vn 0.5788263 -0.5788272 -0.57438594
vn 0.5553621 -0.555364 -0.6189861
vn -0.6046265 -0.5584407 -0.5679532
vn -0.2984254 -0.90625256 -0.29941386
vn -0.60462624 -0.5584409 0.56795317
vn -0.2984254 -0.90625256 0.29941386
vn 0.55536234 -0.5553637 0.6189861
vn 0.5788263 -0.5788272 0.574386
vn 0.5788263 -0.5788272 0.574386
vn 0.55536234 -0.5553637 0.6189861
vn 0.55842024 0.6046265 0.5679733
vn 0.9062544 0.2984223 0.29941136
vn 0.55841976 0.60462654 -0.5679736
vn 0.9062544 0.29842228 -0.2994114
vn 0.5553621 -0.555364 -0.6189861
vn 0.5788263 -0.5788272 -0.57438594
vn 0.5788263 -0.5788272 -0.57438594
vn 0.57735026 -0.57735026 -0.57735026
vn -0 -0.70710677 -0.70710677
vn -0 -0.70710677 -0.70710677
vn 0.55536234 -0.5553637 0.6189861
vn -0.60462624 -0.5584409 0.56795317
vn -0.5920734 0.59204817 0.54674315
vn 0.55842024 0.6046265 0.5679733
vn -0.6046265 -0.5584407 -0.5679532
vn -0.5920738 0.5920481 -0.5467428
vn -0.5920734 0.59204817 0.54674315
vn -0.60462624 -0.5584409 0.56795317
vn 0.55842024 0.6046265 0.5679733
vn -0.5920734 0.59204817 0.54674315
vn -0.5920738 0.5920481 -0.5467428
vn 0.55841976 0.60462654 -0.5679736
vn 0.55841976 0.60462654 -0.5679736
vn -0.5920738 0.5920481 -0.5467428
vn -0.6046265 -0.5584407 -0.5679532
vn 0.5553621 -0.555364 -0.6189861
vn -0 0 1
vn -0 0 1
vn 0.70710677 0 0.70710677
vn 0.57735026 -0.57735026 0.57735026
vn 0.70710677 0 -0.70710677
vn 0.70710677 0 -0.70710677
vn 0.57735026 -0.57735026 -0.57735026
vn 0.5788263 -0.5788272 -0.57438594
vn 0.57735026 -0.57735026 -0.57735026
vn 0.70710677 0 -0.70710677
vn -0 0 -1
vn -0 -0.70710677 -0.70710677
vn -0 -0.8032112 -0.59569424
vn -0.7638992 -0.24820624 -0.5956942
vn -0.763899 -0.24820635 0.5956944
vn -0 -0.8032112 0.5956943
vn 0.7638992 -0.24820636 -0.59569424
vn 0.7638994 -0.24820626 0.59569407
vn -0.7638992 -0.24820624 -0.5956942
vn -0.4721158 0.64981157 -0.5956942
vn -0.47211543 0.6498117 0.59569436
vn -0.763899 -0.24820635 0.5956944
vn -0.4721158 0.64981157 -0.5956942
vn 0.4721158 0.6498115 -0.5956942
vn 0.4721162 0.64981145 0.5956942
vn -0.47211543 0.6498117 0.59569436
vn 0.4721162 0.64981145 0.5956942
vn 0.7638994 -0.24820626 0.59569407
vn -0 -0.8032112 0.5956943
vn -0.47211543 0.6498117 0.59569436
vn -0.763899 -0.24820635 0.5956944
vn 0.4721158 0.6498115 -0.5956942
vn 0.7638992 -0.24820636 -0.59569424
vn 0.7638994 -0.24820626 0.59569407
vn 0.4721162 0.64981145 0.5956942
vn -0 -0.8032112 -0.59569424
vn 0.7638992 -0.24820636 -0.59569424
vn 0.4721158 0.6498115 -0.5956942
vn -0.4721158 0.64981157 -0.5956942
vn -0.7638992 -0.24820624 -0.5956942
vn -0 -0.8032112 -0.5956943
vn -0.7638992 -0.24820627 -0.5956942
vn -0.7638991 -0.24820639 0.5956944
vn -0 -0.8032112 0.5956943
vn 0.76389915 -0.24820636 -0.5956943
vn 0.7638994 -0.2482063 0.5956941
vn -0.7638992 -0.24820627 -0.5956942
vn -0.4721158 0.6498115 -0.59569424
vn -0.4721155 0.6498116 0.59569436
vn -0.7638991 -0.24820639 0.5956944
vn -0.4721158 0.6498115 -0.59569424
vn 0.4721158 0.6498115 -0.5956942
vn 0.4721162 0.64981145 0.5956941
vn -0.4721155 0.6498116 0.59569436
vn 0.4721162 0.64981145 0.5956941
vn 0.7638994 -0.2482063 0.5956941
vn -0 -0.8032112 0.5956943
vn -0.4721155 0.6498116 0.59569436
vn -0.7638991 -0.24820639 0.5956944
vn 0.4721158 0.6498115 -0.5956942
vn 0.76389915 -0.24820636 -0.5956943
vn 0.7638994 -0.2482063 0.5956941
vn 0.4721162 0.64981145 0.5956941
vn -0 -0.8032112 -0.5956943
vn 0.76389915 -0.24820636 -0.5956943
vn 0.4721158 0.6498115 -0.5956942
vn -0.4721158 0.6498115 -0.59569424
vn -0.7638992 -0.24820627 -0.5956942
vn -0 -0.8032112 -0.5956943
vn -0.76389927 -0.24820626 -0.5956942
vn -0.7638991 -0.24820635 0.59569436
vn -0 -0.8032112 0.5956943
vn 0.76389915 -0.24820636 -0.5956943
vn 0.7638994 -0.2482063 0.5956941
vn -0.76389927 -0.24820626 -0.5956942
vn -0.47211576 0.6498116 -0.59569424
vn -0.47211537 0.64981174 0.59569436
vn -0.7638991 -0.24820635 0.59569436
vn -0.47211576 0.6498116 -0.59569424
vn 0.4721158 0.6498115 -0.5956942
vn 0.4721162 0.64981145 0.5956941
vn -0.47211537 0.64981174 0.59569436
vn 0.4721162 0.64981145 0.5956941
vn 0.7638994 -0.2482063 0.5956941
vn -0 -0.8032112 0.5956943
vn -0.47211537 0.64981174 0.59569436
vn -0.7638991 -0.24820635 0.59569436
vn 0.4721158 0.6498115 -0.5956942
vn 0.76389915 -0.24820636 -0.5956943
vn 0.7638994 -0.2482063 0.5956941
vn 0.4721162 0.64981145 0.5956941
vn -0 -0.8032112 -0.5956943
vn 0.76389915 -0.24820636 -0.5956943
vn 0.4721158 0.6498115 -0.5956942
vn -0.47211576 0.6498116 -0.59569424
vn -0.76389927 -0.24820626 -0.5956942
vn -0 -0.8032112 -0.59569424
vn -0.7638992 -0.2482062 -0.5956943
vn -0.763899 -0.2482063 0.59569454
vn -0 -0.8032112 0.59569424
vn 0.7638994 -0.24820617 -0.5956942
vn 0.7638995 -0.24820605 0.595694
vn -0.7638992 -0.2482062 -0.5956943
vn -0.4721158 0.6498115 -0.5956942
vn -0.4721155 0.6498117 0.59569436
vn -0.763899 -0.2482063 0.59569454
vn -0.4721158 0.6498115 -0.5956942
vn 0.47211576 0.6498116 -0.59569424
vn 0.47211605 0.64981145 0.5956941
vn -0.4721155 0.6498117 0.59569436
vn 0.47211605 0.64981145 0.5956941
vn 0.7638995 -0.24820605 0.595694
vn -0 -0.8032112 0.59569424
vn -0.4721155 0.6498117 0.59569436
vn -0.763899 -0.2482063 0.59569454
vn 0.47211576 0.6498116 -0.59569424
vn 0.7638994 -0.24820617 -0.5956942
vn 0.7638995 -0.24820605 0.595694
vn 0.47211605 0.64981145 0.5956941
vn -0 -0.8032112 -0.59569424
vn 0.7638994 -0.24820617 -0.5956942
vn 0.47211576 0.6498116 -0.59569424
vn -0.4721158 0.6498115 -0.5956942
vn -0.7638992 -0.2482062 -0.5956943
vn -0 -0.80321133 -0.5956942
vn -0.76389945 -0.24820583 -0.5956941
vn -0.76389945 -0.24820583 0.5956941
vn -0 -0.80321133 0.5956942
vn 0.7638994 -0.24820569 -0.59569436
vn 0.7638994 -0.24820569 0.59569436
vn -0.76389945 -0.24820583 -0.5956941
vn -0.47211596 0.64981145 -0.59569436
vn -0.47211596 0.64981145 0.59569436
vn -0.76389945 -0.24820583 0.5956941
vn -0.47211596 0.64981145 -0.59569436
vn 0.47211573 0.64981174 -0.59569424
vn 0.47211573 0.64981174 0.59569424
vn -0.47211596 0.64981145 0.59569436
vn 0.47211573 0.64981174 0.59569424
vn 0.7638994 -0.24820569 0.59569436
vn -0 -0.80321133 0.5956942
vn -0.47211596 0.64981145 0.59569436
vn -0.76389945 -0.24820583 0.5956941
vn 0.47211573 0.64981174 -0.59569424
vn 0.7638994 -0.24820569 -0.59569436
vn 0.7638994 -0.24820569 0.59569436
vn 0.47211573 0.64981174 0.59569424
vn -0 -0.80321133 -0.5956942
vn 0.7638994 -0.24820569 -0.59569436
vn 0.47211573 0.64981174 -0.59569424
vn -0.47211596 0.64981145 -0.59569436
vn -0.76389945 -0.24820583 -0.5956941
vn 0.5788263 -0.5788272 0.574386
vn 0.70710677 0 0.70710677
vn -0.70710677 0 0.70710677
vn -0.2984254 -0.90625256 0.29941386
vn -0.2984254 -0.90625256 0.29941386
vn -0.70710677 0 0.70710677
vn -0.70710677 0 -0.70710677
vn -0.2984254 -0.90625256 -0.29941386
vn -0.2984254 -0.90625256 -0.29941386
vn -0.70710677 0 -0.70710677
vn 0.70710677 0 -0.70710677
vn 0.5788263 -0.5788272 -0.57438594
vn 0.5788263 -0.5788272 0.574386
vn 0.57735026 -0.57735026 0.57735026
vn 0.70710677 0 0.70710677
vn 0.70710677 0 0.70710677
vn 0.5788263 -0.57882726 0.574386
vn 0.70710677 0 0.70710677
vn -0.70710677 0 0.70710677
vn -0.29842544 -0.90625256 0.29941386
vn -0.29842544 -0.90625256 0.29941386
vn -0.70710677 0 0.70710677
vn -0.70710677 0 -0.70710677
vn -0.29842544 -0.90625256 -0.29941386
vn -0.29842544 -0.90625256 -0.29941386
vn -0.70710677 0 -0.70710677
vn 0.70710677 0 -0.70710677
vn 0.57882637 -0.5788272 -0.57438594
vn 0.5788263 -0.57882726 0.574386
vn 0.57735026 -0.57735026 0.57735026
vn 0.70710677 0 0.70710677
vn 0.70710677 0 0.70710677
vn -0.80321133 0 -0.59569424
vn -0.24820608 0.7638994 -0.59569424
vn -0.24820612 0.7638994 0.59569424
vn -0.80321133 0 0.59569424
vn -0.24820606 -0.76389927 -0.5956942
vn -0.24820608 -0.76389927 0.5956942
vn -0.24820608 0.7638994 -0.59569424
vn 0.6498115 0.47211573 -0.59569424
vn 0.6498115 0.47211573 0.59569424
vn -0.24820612 0.7638994 0.59569424
vn 0.6498115 0.47211573 -0.59569424
vn 0.6498115 -0.4721159 -0.59569424
vn 0.6498115 -0.4721159 0.59569424
vn 0.6498115 0.47211573 0.59569424
vn -0.24820612 0.7638994 0.59569424
vn 0.6498115 0.47211573 0.59569424
vn 0.6498115 -0.4721159 0.59569424
vn -0.24820608 -0.76389927 0.5956942
vn -0.80321133 0 0.59569424
vn 0.6498115 -0.4721159 -0.59569424
vn -0.24820606 -0.76389927 -0.5956942
vn -0.24820608 -0.76389927 0.5956942
vn 0.6498115 -0.4721159 0.59569424
vn -0.24820606 -0.76389927 -0.5956942
vn 0.6498115 -0.4721159 -0.59569424
vn 0.6498115 0.47211573 -0.59569424
vn -0.24820608 0.7638994 -0.59569424
vn -0.80321133 0 -0.59569424
vn -0.8032112 0 -0.59569424
vn -0.24820623 0.7638994 -0.5956942
vn -0.24820663 0.76389915 0.5956941
vn -0.80321145 0 0.59569407
vn -0.2482062 -0.7638992 -0.59569424
vn -0.24820666 -0.76389915 0.5956942
vn -0.24820623 0.7638994 -0.5956942
vn 0.6498115 0.47211573 -0.59569424
vn 0.64981127 0.47211587 0.5956944
vn -0.24820663 0.76389915 0.5956941
vn 0.6498115 0.47211573 -0.59569424
vn 0.64981145 -0.47211596 -0.59569424
vn 0.6498112 -0.4721161 0.5956944
vn 0.64981127 0.47211587 0.5956944
vn -0.24820663 0.76389915 0.5956941
vn 0.64981127 0.47211587 0.5956944
vn 0.6498112 -0.4721161 0.5956944
vn -0.24820666 -0.76389915 0.5956942
vn -0.80321145 0 0.59569407
vn 0.64981145 -0.47211596 -0.59569424
vn -0.2482062 -0.7638992 -0.59569424
vn -0.24820666 -0.76389915 0.5956942
vn 0.6498112 -0.4721161 0.5956944
vn -0.2482062 -0.7638992 -0.59569424
vn 0.64981145 -0.47211596 -0.59569424
vn 0.6498115 0.47211573 -0.59569424
vn -0.24820623 0.7638994 -0.5956942
vn -0.8032112 0 -0.59569424
vn -0.80321133 0 -0.5956942
vn -0.24820599 0.76389927 -0.5956942
vn -0.24820605 0.7638994 0.59569424
vn -0.8032114 0 0.5956941
vn -0.24820626 -0.76389927 -0.5956942
vn -0.2482063 -0.7638994 0.5956942
vn -0.24820599 0.76389927 -0.5956942
vn 0.64981145 0.47211584 -0.59569424
vn 0.6498115 0.4721159 0.59569424
vn -0.24820605 0.7638994 0.59569424
vn 0.64981145 0.47211584 -0.59569424
vn 0.64981145 -0.47211584 -0.59569424
vn 0.6498115 -0.4721159 0.59569424
vn 0.6498115 0.4721159 0.59569424
vn -0.24820605 0.7638994 0.59569424
vn 0.6498115 0.4721159 0.59569424
vn 0.6498115 -0.4721159 0.59569424
vn -0.2482063 -0.7638994 0.5956942
vn -0.8032114 0 0.5956941
vn 0.64981145 -0.47211584 -0.59569424
vn -0.24820626 -0.76389927 -0.5956942
vn -0.2482063 -0.7638994 0.5956942
vn 0.6498115 -0.4721159 0.59569424
vn -0.24820626 -0.76389927 -0.5956942
vn 0.64981145 -0.47211584 -0.59569424
vn 0.64981145 0.47211584 -0.59569424
vn -0.24820599 0.76389927 -0.5956942
vn -0.80321133 0 -0.5956942
vn -0.80321133 0 -0.59569424
vn -0.2482063 0.76389927 -0.5956942
vn -0.24820626 0.76389927 0.5956942
vn -0.80321133 0 0.59569424
vn -0.24820575 -0.76389945 -0.59569424
vn -0.2482057 -0.76389945 0.59569424
vn -0.2482063 0.76389927 -0.5956942
vn 0.64981145 0.47211584 -0.59569424
vn 0.64981145 0.47211584 0.59569424
vn -0.24820626 0.76389927 0.5956942
vn 0.64981145 0.47211584 -0.59569424
vn 0.64981157 -0.47211567 -0.59569436
vn 0.64981157 -0.47211567 0.59569436
vn 0.64981145 0.47211584 0.59569424
vn -0.24820626 0.76389927 0.5956942
vn 0.64981145 0.47211584 0.59569424
vn 0.64981157 -0.47211567 0.59569436
vn -0.2482057 -0.76389945 0.59569424
vn -0.80321133 0 0.59569424
vn 0.64981157 -0.47211567 -0.59569436
vn -0.24820575 -0.76389945 -0.59569424
vn -0.2482057 -0.76389945 0.59569424
vn 0.64981157 -0.47211567 0.59569436
vn -0.24820575 -0.76389945 -0.59569424
vn 0.64981157 -0.47211567 -0.59569436
vn 0.64981145 0.47211584 -0.59569424
vn -0.2482063 0.76389927 -0.5956942
vn -0.80321133 0 -0.59569424
vn -0.79598 0.29874098 0.52646893
vn -0.2752919 -0.63500357 0.7217929
vn -0.639874 -0.65097517 0.40840265
vn -0.3740611 0.27808616 0.8847295
vn -0 0.18976736 0.98182905
vn -0 -0.70710695 0.70710653
vn -0 0.81588024 0.5782209
vn 0.66178674 0.5637043 0.4942427
vn 0.7185821 0.577701 0.3871709
vn 0.27855438 0.6856969 0.67247844
vn -0.47841713 0.85775965 0.18805686
vn 0.40439516 0.68569565 0.6052156
vn 0.5146919 0.6856979 0.5146947
vn 0.6052164 0.68569493 0.40439546
vn 0.6724803 0.6856969 0.27854976
vn 0.71390194 0.68569577 0.14200471
vn 0.7278878 0.68569624 0
vn 0.7036633 0.70714545 -0.069304734
vn 0.71390164 0.6856963 -0.14200331
vn 0.67248106 0.68569624 -0.27854967
vn -0.27580923 0.8808483 -0.3847539
vn -0 0.9238796 -0.38268316
vn -0 0.70710677 0.70710677
vn -0 0.81588024 0.5782209
vn 0.6052176 0.6856966 -0.40439084
vn 0.51469404 0.68569475 -0.5146967
vn 0.40439048 0.68569815 -0.60521597
vn 0.27855313 0.6856956 -0.6724803
vn 0.14200172 0.6856966 -0.71390176
vn -0 0.7298481 -0.68360937
vn 0.7185821 0.577701 0.3871709
vn 0.66178674 0.5637043 0.4942427
vn 0.8009711 0 0.598703
vn 0.8804918 0 0.47406146
vn -0 0.70710677 0.70710677
vn -0 0 1
vn 0.8009711 0 0.598703
vn 0.66178674 0.5637043 0.4942427
vn 0.7185821 0.577701 0.3871709
vn 0.8804918 0 0.47406146
vn 0.38268855 0 0.92387736
vn 0.27855438 0.6856969 0.67247844
vn 0.5555728 0 0.83146787
vn 0.40439516 0.68569565 0.6052156
vn 0.7071046 0 0.70710886
vn 0.5146919 0.6856979 0.5146947
vn 0.5146919 0.6856979 0.5146947
vn 0.7071046 0 0.70710886
vn 0.83146775 0 0.55557305
vn 0.6052164 0.68569493 0.40439546
vn 0.9238798 0 0.38268262
vn 0.6724803 0.6856969 0.27854976
vn 0.98078513 0 0.19509132
vn 0.71390194 0.68569577 0.14200471
vn 1 0 0
vn 0.7278878 0.68569624 0
vn 0.9807854 0 -0.1950897
vn 0.71390164 0.6856963 -0.14200331
vn 0.92388004 0 -0.38268232
vn 0.67248106 0.68569624 -0.27854967
vn 0.8314711 0 -0.55556786
vn 0.6052176 0.6856966 -0.40439084
vn 0.7071047 0 -0.70710886
vn 0.51469404 0.68569475 -0.5146967
vn 0.51469404 0.68569475 -0.5146967
vn 0.7071047 0 -0.70710886
vn 0.55556816 0 -0.831471
vn 0.40439048 0.68569815 -0.60521597
vn 0.38268614 0 -0.9238784
vn 0.27855313 0.6856956 -0.6724803
vn 0.19508703 0 -0.9807859
vn 0.14200172 0.6856966 -0.71390176
vn -0 0 -1
vn -0 0.7298481 -0.68360937
vn -0.47841713 0.85775965 0.18805686
vn -0 0.81588024 0.5782209
vn -0.3740611 0.27808616 0.8847295
vn -0.79598 0.29874098 0.52646893
vn -0.9322994 0.3613821 -0.014862023
vn -0.27580923 0.8808483 -0.3847539
vn -0.7905005 0.36490667 -0.4918863
vn -0.6406693 -0.6410593 -0.42259422
vn -0.7589455 -0.65097517 0.015263804
vn -0.639874 -0.65097517 0.40840265
vn -0.7905005 0.36490667 -0.4918863
vn -0.6406693 -0.6410593 -0.42259422
vn -0.24814194 -0.64105934 -0.7262703
vn -0.28643492 0.3444658 -0.8940348
vn -0.27580923 0.8808483 -0.3847539
vn -0 0.9238796 -0.38268316
vn -0 0.38268378 -0.92387944
vn -0 -0.70710707 -0.7071065
vn 0.00022620747 0.99999976 -0.00062540115
vn 0.00033886783 0.9999995 -0.0009365343
vn -0 0.99999964 -0.00093653443
vn -0 0.9999999 -0.0004682243
vn 0.00016943394 0.9999999 -0.00046861032
vn -0 1 0
vn -0 1 0
vn -0 1 0
vn -0 1 0
vn -0 1 0
vn -0 1 0
vn -0 1 0
vn -0 1 0
vn -0 1 0
vn -0 1 0
vn -0 1 0
vn -0 1 0
vn -0 1 0
vn -0 1 0
vn -0 1 0
vn -0 -1 0
vn -0 -0.70710707 -0.7071065
vn -0.24814194 -0.64105934 -0.7262703
vn -0.6406693 -0.6410593 -0.42259422
vn -0.7589455 -0.65097517 0.015263804
vn -0 -1 0
vn -0.639874 -0.65097517 0.40840265
vn -0 -0.70710695 0.70710653
vn -0.2752919 -0.63500357 0.7217929
vn 1 0 0
vn 1 0 0
vn 1 0 0
vn 1 0 0
vn -0 -1 0
vn -0 -1 0
vn -0 -1 0
vn -0 -1 0
vn -1 0 0
vn -1 0 0
vn -1 0 0
vn -1 0 0
vn -0 1 0
vn -0 1 0
vn -0 1 0
vn -0 1 0
vn -0 0 -1
vn -0 0 -1
vn -0 0 -1
vn -0 0 -1
vn -0 0 1
vn -0 0 1
vn -0 0 1
vn -0 0 1
g Cube_0
f 3/3/3 2/2/2 1/1/1
f 6/6/6 5/5/5 4/4/4
f 9/9/9 8/8/8 7/7/7
f 10/10/10 9/9/9 7/7/7
f 13/13/13 12/12/12 11/11/11
f 14/14/14 13/13/13 11/11/11
f 17/17/17 16/16/16 15/15/15
f 18/18/18 17/17/17 15/15/15
f 21/21/21 20/20/20 19/19/19
f 22/22/22 21/21/21 19/19/19
f 25/25/25 24/24/24 23/23/23
f 26/26/26 25/25/25 23/23/23
f 27/27/27 25/25/25 26/26/26
f 28/28/28 27/27/27 26/26/26
f 29/29/29 27/27/27 28/28/28
f 30/30/30 29/29/29 28/28/28
f 33/33/33 32/32/32 31/31/31
f 34/34/34 33/33/33 31/31/31
f 35/35/35 33/33/33 34/34/34
f 36/36/36 35/35/35 34/34/34
f 37/37/37 35/35/35 36/36/36
f 38/38/38 37/37/37 36/36/36
f 41/41/41 40/40/40 39/39/39
f 42/42/42 41/41/41 39/39/39
f 45/45/45 44/44/44 43/43/43
f 46/46/46 45/45/45 43/43/43
f 49/49/49 48/48/48 47/47/47
f 50/50/50 49/49/49 47/47/47
f 53/53/53 52/52/52 51/51/51
f 54/54/54 53/53/53 51/51/51
f 57/57/57 56/56/56 55/55/55
f 58/58/58 57/57/57 55/55/55
f 61/61/61 60/60/60 59/59/59
f 62/62/62 61/61/61 59/59/59
f 65/65/65 64/64/64 63/63/63
f 66/66/66 65/65/65 63/63/63
f 69/69/69 68/68/68 67/67/67
f 70/70/70 69/69/69 67/67/67
f 73/73/73 72/72/72 71/71/71
f 74/74/74 73/73/73 71/71/71
f 77/77/77 76/76/76 75/75/75
f 78/78/78 77/77/77 75/75/75
f 81/81/81 80/80/80 79/79/79
f 82/82/82 81/81/81 79/79/79
f 85/85/85 84/84/84 83/83/83
f 86/86/86 85/85/85 83/83/83
f 89/89/89 88/88/88 87/87/87
f 90/90/90 89/89/89 87/87/87
f 91/91/91 89/89/89 90/90/90
f 92/92/92 91/91/91 90/90/90
f 93/93/93 91/91/91 92/92/92
f 94/94/94 93/93/93 92/92/92
f 97/97/97 96/96/96 95/95/95
f 98/98/98 97/97/97 95/95/95
f 99/99/99 97/97/97 98/98/98
f 100/100/100 99/99/99 98/98/98
f 101/101/101 99/99/99 100/100/100
f 102/102/102 101/101/101 100/100/100
f 105/105/105 104/104/104 103/103/103
f 106/106/106 105/105/105 103/103/103
f 109/109/109 108/108/108 107/107/107
f 110/110/110 109/109/109 107/107/107
f 113/113/113 112/112/112 111/111/111
f 114/114/114 113/113/113 111/111/111
f 117/117/117 116/116/116 115/115/115
f 118/118/118 117/117/117 115/115/115
f 121/121/121 120/120/120 119/119/119
f 122/122/122 121/121/121 119/119/119
f 125/125/125 124/124/124 123/123/123
f 126/126/126 125/125/125 123/123/123
f 129/129/129 128/128/128 127/127/127
f 130/130/130 129/129/129 127/127/127
f 133/133/133 132/132/132 131/131/131
f 134/134/134 133/133/133 131/131/131
f 137/137/137 136/136/136 135/135/135
f 138/138/138 137/137/137 135/135/135
f 138/138/138 135/135/135 139/139/139
f 140/140/140 138/138/138 139/139/139
f 143/143/143 142/142/142 141/141/141
f 144/144/144 143/143/143 141/141/141
f 147/147/147 146/146/146 145/145/145
f 148/148/148 147/147/147 145/145/145
f 151/151/151 150/150/150 149/149/149
f 149/149/149 152/152/152 151/151/151
f 149/149/149 153/153/153 152/152/152
f 156/156/156 155/155/155 154/154/154
f 157/157/157 156/156/156 154/154/154
f 160/160/160 159/159/159 158/158/158
f 158/158/158 161/161/161 160/160/160
f 161/161/161 162/162/162 160/160/160
f 165/165/165 164/164/164 163/163/163
f 166/166/166 165/165/165 163/163/163
f 166/166/166 163/163/163 167/167/167
f 168/168/168 166/166/166 167/167/167
f 171/171/171 170/170/170 169/169/169
f 172/172/172 171/171/171 169/169/169
f 175/175/175 174/174/174 173/173/173
f 176/176/176 175/175/175 173/173/173
f 179/179/179 178/178/178 177/177/177
f 177/177/177 180/180/180 179/179/179
f 177/177/177 181/181/181 180/180/180
f 184/184/184 183/183/183 182/182/182
f 185/185/185 184/184/184 182/182/182
f 188/188/188 187/187/187 186/186/186
f 186/186/186 189/189/189 188/188/188
f 189/189/189 190/190/190 188/188/188
f 193/193/193 192/192/192 191/191/191
f 194/194/194 193/193/193 191/191/191
f 194/194/194 191/191/191 195/195/195
f 196/196/196 194/194/194 195/195/195
f 199/199/199 198/198/198 197/197/197
f 200/200/200 199/199/199 197/197/197
f 203/203/203 202/202/202 201/201/201
f 204/204/204 203/203/203 201/201/201
f 207/207/207 206/206/206 205/205/205
f 205/205/205 208/208/208 207/207/207
f 205/205/205 209/209/209 208/208/208
f 212/212/212 211/211/211 210/210/210
f 213/213/213 212/212/212 210/210/210
f 216/216/216 215/215/215 214/214/214
f 214/214/214 217/217/217 216/216/216
f 217/217/217 218/218/218 216/216/216
f 221/221/221 220/220/220 219/219/219
f 222/222/222 221/221/221 219/219/219
f 222/222/222 219/219/219 223/223/223
f 224/224/224 222/222/222 223/223/223
f 227/227/227 226/226/226 225/225/225
f 228/228/228 227/227/227 225/225/225
f 231/231/231 230/230/230 229/229/229
f 232/232/232 231/231/231 229/229/229
f 235/235/235 234/234/234 233/233/233
f 233/233/233 236/236/236 235/235/235
f 233/233/233 237/237/237 236/236/236
f 240/240/240 239/239/239 238/238/238
f 241/241/241 240/240/240 238/238/238
f 244/244/244 243/243/243 242/242/242
f 242/242/242 245/245/245 244/244/244
f 245/245/245 246/246/246 244/244/244
f 249/249/249 248/248/248 247/247/247
f 250/250/250 249/249/249 247/247/247
f 250/250/250 247/247/247 251/251/251
f 252/252/252 250/250/250 251/251/251
f 255/255/255 254/254/254 253/253/253
f 256/256/256 255/255/255 253/253/253
f 259/259/259 258/258/258 257/257/257
f 260/260/260 259/259/259 257/257/257
f 263/263/263 262/262/262 261/261/261
f 261/261/261 264/264/264 263/263/263
f 261/261/261 265/265/265 264/264/264
f 268/268/268 267/267/267 266/266/266
f 269/269/269 268/268/268 266/266/266
f 272/272/272 271/271/271 270/270/270
f 270/270/270 273/273/273 272/272/272
f 273/273/273 274/274/274 272/272/272
f 277/277/277 276/276/276 275/275/275
f 278/278/278 277/277/277 275/275/275
f 281/281/281 280/280/280 279/279/279
f 282/282/282 281/281/281 279/279/279
f 285/285/285 284/284/284 283/283/283
f 286/286/286 285/285/285 283/283/283
f 289/289/289 288/288/288 287/287/287
f 290/290/290 289/289/289 287/287/287
f 293/293/293 292/292/292 291/291/291
f 294/294/294 293/293/293 291/291/291
f 297/297/297 296/296/296 295/295/295
f 298/298/298 297/297/297 295/295/295
f 301/301/301 300/300/300 299/299/299
f 302/302/302 301/301/301 299/299/299
f 305/305/305 304/304/304 303/303/303
f 306/306/306 305/305/305 303/303/303
f 309/309/309 308/308/308 307/307/307
f 310/310/310 309/309/309 307/307/307
f 310/310/310 307/307/307 311/311/311
f 312/312/312 310/310/310 311/311/311
f 315/315/315 314/314/314 313/313/313
f 316/316/316 315/315/315 313/313/313
f 319/319/319 318/318/318 317/317/317
f 320/320/320 319/319/319 317/317/317
f 323/323/323 322/322/322 321/321/321
f 321/321/321 324/324/324 323/323/323
f 324/324/324 325/325/325 323/323/323
f 328/328/328 327/327/327 326/326/326
f 329/329/329 328/328/328 326/326/326
f 332/332/332 331/331/331 330/330/330
f 330/330/330 333/333/333 332/332/332
f 333/333/333 334/334/334 332/332/332
f 337/337/337 336/336/336 335/335/335
f 338/338/338 337/337/337 335/335/335
f 338/338/338 335/335/335 339/339/339
f 340/340/340 338/338/338 339/339/339
f 343/343/343 342/342/342 341/341/341
f 344/344/344 343/343/343 341/341/341
f 347/347/347 346/346/346 345/345/345
f 348/348/348 347/347/347 345/345/345
f 351/351/351 350/350/350 349/349/349
f 349/349/349 352/352/352 351/351/351
f 352/352/352 353/353/353 351/351/351
f 356/356/356 355/355/355 354/354/354
f 357/357/357 356/356/356 354/354/354
f 360/360/360 359/359/359 358/358/358
f 358/358/358 361/361/361 360/360/360
f 361/361/361 362/362/362 360/360/360
f 365/365/365 364/364/364 363/363/363
f 366/366/366 365/365/365 363/363/363
f 366/366/366 363/363/363 367/367/367
f 368/368/368 366/366/366 367/367/367
f 371/371/371 370/370/370 369/369/369
f 372/372/372 371/371/371 369/369/369
f 375/375/375 374/374/374 373/373/373
f 376/376/376 375/375/375 373/373/373
f 379/379/379 378/378/378 377/377/377
f 377/377/377 380/380/380 379/379/379
f 380/380/380 381/381/381 379/379/379
f 384/384/384 383/383/383 382/382/382
f 385/385/385 384/384/384 382/382/382
f 388/388/388 387/387/387 386/386/386
f 386/386/386 389/389/389 388/388/388
f 389/389/389 390/390/390 388/388/388
f 393/393/393 392/392/392 391/391/391
f 394/394/394 393/393/393 391/391/391
f 394/394/394 391/391/391 395/395/395
f 396/396/396 394/394/394 395/395/395
f 399/399/399 398/398/398 397/397/397
f 400/400/400 399/399/399 397/397/397
f 403/403/403 402/402/402 401/401/401
f 404/404/404 403/403/403 401/401/401
f 407/407/407 406/406/406 405/405/405
f 405/405/405 408/408/408 407/407/407
f 408/408/408 409/409/409 407/407/407
f 412/412/412 411/411/411 410/410/410
f 413/413/413 412/412/412 410/410/410
f 416/416/416 415/415/415 414/414/414
f 414/414/414 417/417/417 416/416/416
f 417/417/417 418/418/418 416/416/416
f 421/421/421 420/420/420 419/419/419
f 420/420/420 422/422/422 419/419/419
f 422/422/422 420/420/420 423/423/423
f 420/420/420 424/424/424 423/423/423
f 423/423/423 425/425/425 422/422/422
f 428/428/428 427/427/427 426/426/426
f 429/429/429 428/428/428 426/426/426
f 429/429/429 430/430/430 428/428/428
f 429/429/429 431/431/431 430/430/430
f 429/429/429 432/432/432 431/431/431
f 429/429/429 433/433/433 432/432/432
f 429/429/429 434/434/434 433/433/433
f 429/429/429 435/435/435 434/434/434
f 429/429/429 436/436/436 435/435/435
f 437/437/437 436/436/436 429/429/429
f 429/429/429 438/438/438 437/437/437
f 439/439/439 429/429/429 426/426/426
f 426/426/426 440/440/440 439/439/439
f 440/440/440 426/426/426 441/441/441
f 429/429/429 442/442/442 438/438/438
f 442/442/442 443/443/443 438/438/438
f 442/442/442 444/444/444 443/443/443
f 442/442/442 445/445/445 444/444/444
f 442/442/442 446/446/446 445/445/445
f 442/442/442 447/447/447 446/446/446
f 442/442/442 448/448/448 447/447/447
f 451/451/451 450/450/450 449/449/449
f 452/452/452 451/451/451 449/449/449
f 455/455/455 454/454/454 453/453/453
f 456/456/456 455/455/455 453/453/453
f 459/459/459 458/458/458 457/457/457
f 460/460/460 459/459/459 457/457/457
f 461/461/461 459/459/459 460/460/460
f 462/462/462 461/461/461 460/460/460
f 463/463/463 461/461/461 462/462/462
f 464/464/464 463/463/463 462/462/462
f 467/467/467 466/466/466 465/465/465
f 468/468/468 467/467/467 465/465/465
f 469/469/469 467/467/467 468/468/468
f 470/470/470 469/469/469 468/468/468
f 471/471/471 469/469/469 470/470/470
f 472/472/472 471/471/471 470/470/470
f 473/473/473 471/471/471 472/472/472
f 474/474/474 473/473/473 472/472/472
f 475/475/475 473/473/473 474/474/474
f 475/475/475 474/474/474 476/476/476
f 476/476/476 477/477/477 475/475/475
f 478/478/478 475/475/475 477/477/477
f 479/479/479 478/478/478 477/477/477
f 480/480/480 478/478/478 479/479/479
f 481/481/481 480/480/480 479/479/479
f 482/482/482 480/480/480 481/481/481
f 483/483/483 482/482/482 481/481/481
f 486/486/486 485/485/485 484/484/484
f 487/487/487 486/486/486 484/484/484
f 488/488/488 486/486/486 487/487/487
f 489/489/489 488/488/488 487/487/487
f 490/490/490 488/488/488 489/489/489
f 491/491/491 490/490/490 489/489/489
f 492/492/492 490/490/490 491/491/491
f 493/493/493 492/492/492 491/491/491
f 496/496/496 495/495/495 494/494/494
f 497/497/497 496/496/496 494/494/494
f 494/494/494 498/498/498 497/497/497
f 494/494/494 499/499/499 498/498/498
f 499/499/499 500/500/500 498/498/498
f 500/500/500 501/501/501 498/498/498
f 501/501/501 502/502/502 498/498/498
f 498/498/498 502/502/502 497/497/497
f 502/502/502 503/503/503 497/497/497
f 506/506/506 505/505/505 504/504/504
f 507/507/507 506/506/506 504/504/504
f 507/507/507 504/504/504 508/508/508
f 508/508/508 509/509/509 507/507/507
f 509/509/509 510/510/510 507/507/507
f 507/507/507 510/510/510 506/506/506
f 510/510/510 511/511/511 506/506/506
f 514/514/514 513/513/513 512/512/512
f 512/512/512 515/515/515 514/514/514
f 512/512/512 516/516/516 515/515/515
f 516/516/516 512/512/512 517/517/517
f 517/517/517 518/518/518 516/516/516
f 518/518/518 519/519/519 516/516/516
f 519/519/519 520/520/520 516/516/516
f 520/520/520 521/521/521 516/516/516
f 521/521/521 515/515/515 516/516/516
f 521/521/521 522/522/522 515/515/515
f 521/521/521 523/523/523 522/522/522
f 523/523/523 524/524/524 522/522/522
f 524/524/524 525/525/525 522/522/522
f 525/525/525 526/526/526 522/522/522
f 526/526/526 527/527/527 522/522/522
f 527/527/527 528/528/528 522/522/522
f 528/528/528 529/529/529 522/522/522
f 529/529/529 530/530/530 522/522/522
f 530/530/530 531/531/531 522/522/522
f 534/534/534 533/533/533 532/532/532
f 532/532/532 535/535/535 534/534/534
f 532/532/532 536/536/536 535/535/535
f 532/532/532 537/537/537 536/536/536
f 537/537/537 538/538/538 536/536/536
f 537/537/537 532/532/532 539/539/539
f 539/539/539 538/538/538 537/537/537
f 539/539/539 540/540/540 538/538/538
f 543/543/543 542/542/542 541/541/541
f 544/544/544 543/543/543 541/541/541
f 547/547/547 546/546/546 545/545/545
f 548/548/548 547/547/547 545/545/545
f 551/551/551 550/550/550 549/549/549
f 552/552/552 551/551/551 549/549/549
f 555/555/555 554/554/554 553/553/553
f 556/556/556 555/555/555 553/553/553
f 559/559/559 558/558/558 557/557/557
f 560/560/560 559/559/559 557/557/557
f 563/563/563 562/562/562 561/561/561
f 564/564/564 563/563/563 561/561/561
f 567/567/567 566/566/566 565/565/565
f 568/568/568 567/567/567 565/565/565
f 571/571/571 570/570/570 569/569/569
f 572/572/572 571/571/571 569/569/569
f 575/575/575 574/574/574 573/573/573
f 576/576/576 575/575/575 573/573/573
f 579/579/579 578/578/578 577/577/577
f 580/580/580 579/579/579 577/577/577
f 583/583/583 582/582/582 581/581/581
f 582/582/582 584/584/584 581/581/581
f 582/582/582 585/585/585 584/584/584
f 585/585/585 586/586/586 584/584/584
f 585/585/585 587/587/587 586/586/586
f 587/587/587 588/588/588 586/586/586
f 591/591/591 590/590/590 589/589/589
f 590/590/590 592/592/592 589/589/589
f 590/590/590 593/593/593 592/592/592
f 593/593/593 594/594/594 592/592/592
f 593/593/593 595/595/595 594/594/594
f 595/595/595 596/596/596 594/594/594
f 599/599/599 598/598/598 597/597/597
f 600/600/600 599/599/599 597/597/597
f 603/603/603 602/602/602 601/601/601
f 604/604/604 603/603/603 601/601/601
f 607/607/607 606/606/606 605/605/605
f 608/608/608 607/607/607 605/605/605
f 611/611/611 610/610/610 609/609/609
f 612/612/612 611/611/611 609/609/609
f 615/615/615 614/614/614 613/613/613
f 616/616/616 615/615/615 613/613/613
f 619/619/619 618/618/618 617/617/617
f 620/620/620 619/619/619 617/617/617
f 623/623/623 622/622/622 621/621/621
f 624/624/624 623/623/623 621/621/621
f 627/627/627 626/626/626 625/625/625
f 628/628/628 627/627/627 625/625/625
f 631/631/631 630/630/630 629/629/629
f 632/632/632 631/631/631 629/629/629
f 635/635/635 634/634/634 633/633/633
f 636/636/636 635/635/635 633/633/633
f 639/639/639 638/638/638 637/637/637
f 640/640/640 639/639/639 637/637/637
f 643/643/643 642/642/642 641/641/641
f 644/644/644 643/643/643 641/641/641
f 647/647/647 646/646/646 645/645/645
f 646/646/646 648/648/648 645/645/645
f 646/646/646 649/649/649 648/648/648
f 649/649/649 650/650/650 648/648/648
f 649/649/649 651/651/651 650/650/650
f 651/651/651 652/652/652 650/650/650
f 655/655/655 654/654/654 653/653/653
f 654/654/654 656/656/656 653/653/653
f 654/654/654 657/657/657 656/656/656
f 657/657/657 658/658/658 656/656/656
f 657/657/657 659/659/659 658/658/658
f 659/659/659 660/660/660 658/658/658
f 663/663/663 662/662/662 661/661/661
f 664/664/664 663/663/663 661/661/661
f 667/667/667 666/666/666 665/665/665
f 668/668/668 667/667/667 665/665/665
f 671/671/671 670/670/670 669/669/669
f 672/672/672 671/671/671 669/669/669
f 675/675/675 674/674/674 673/673/673
f 676/676/676 675/675/675 673/673/673
f 679/679/679 678/678/678 677/677/677
f 680/680/680 679/679/679 677/677/677
f 683/683/683 682/682/682 681/681/681
f 684/684/684 683/683/683 681/681/681
f 687/687/687 686/686/686 685/685/685
f 688/688/688 687/687/687 685/685/685
f 691/691/691 690/690/690 689/689/689
f 692/692/692 691/691/691 689/689/689
f 695/695/695 694/694/694 693/693/693
f 694/694/694 696/696/696 693/693/693
f 693/693/693 696/696/696 697/697/697
f 696/696/696 698/698/698 697/697/697
f 701/701/701 700/700/700 699/699/699
f 702/702/702 701/701/701 699/699/699
f 705/705/705 704/704/704 703/703/703
f 706/706/706 705/705/705 703/703/703
f 709/709/709 708/708/708 707/707/707
f 707/707/707 710/710/710 709/709/709
f 707/707/707 711/711/711 710/710/710
f 714/714/714 713/713/713 712/712/712
f 715/715/715 714/714/714 712/712/712
f 718/718/718 717/717/717 716/716/716
f 716/716/716 719/719/719 718/718/718
f 719/719/719 720/720/720 718/718/718
f 723/723/723 722/722/722 721/721/721
f 722/722/722 724/724/724 721/721/721
f 721/721/721 724/724/724 725/725/725
f 724/724/724 726/726/726 725/725/725
f 729/729/729 728/728/728 727/727/727
f 730/730/730 729/729/729 727/727/727
f 733/733/733 732/732/732 731/731/731
f 734/734/734 733/733/733 731/731/731
f 737/737/737 736/736/736 735/735/735
f 735/735/735 738/738/738 737/737/737
f 735/735/735 739/739/739 738/738/738
f 742/742/742 741/741/741 740/740/740
f 743/743/743 742/742/742 740/740/740
f 746/746/746 745/745/745 744/744/744
f 744/744/744 747/747/747 746/746/746
f 747/747/747 748/748/748 746/746/746
f 751/751/751 750/750/750 749/749/749
f 750/750/750 752/752/752 749/749/749
f 749/749/749 752/752/752 753/753/753
f 752/752/752 754/754/754 753/753/753
f 757/757/757 756/756/756 755/755/755
f 758/758/758 757/757/757 755/755/755
f 761/761/761 760/760/760 759/759/759
f 762/762/762 761/761/761 759/759/759
f 765/765/765 764/764/764 763/763/763
f 763/763/763 766/766/766 765/765/765
f 763/763/763 767/767/767 766/766/766
f 770/770/770 769/769/769 768/768/768
f 771/771/771 770/770/770 768/768/768
f 774/774/774 773/773/773 772/772/772
f 772/772/772 775/775/775 774/774/774
f 775/775/775 776/776/776 774/774/774
f 779/779/779 778/778/778 777/777/777
f 778/778/778 780/780/780 777/777/777
f 777/777/777 780/780/780 781/781/781
f 780/780/780 782/782/782 781/781/781
f 785/785/785 784/784/784 783/783/783
f 786/786/786 785/785/785 783/783/783
f 789/789/789 788/788/788 787/787/787
f 790/790/790 789/789/789 787/787/787
f 793/793/793 792/792/792 791/791/791
f 791/791/791 794/794/794 793/793/793
f 791/791/791 795/795/795 794/794/794
f 798/798/798 797/797/797 796/796/796
f 799/799/799 798/798/798 796/796/796
f 802/802/802 801/801/801 800/800/800
f 800/800/800 803/803/803 802/802/802
f 803/803/803 804/804/804 802/802/802
f 807/807/807 806/806/806 805/805/805
f 806/806/806 808/808/808 805/805/805
f 805/805/805 808/808/808 809/809/809
f 808/808/808 810/810/810 809/809/809
f 813/813/813 812/812/812 811/811/811
f 814/814/814 813/813/813 811/811/811
f 817/817/817 816/816/816 815/815/815
f 818/818/818 817/817/817 815/815/815
f 821/821/821 820/820/820 819/819/819
f 819/819/819 822/822/822 821/821/821
f 819/819/819 823/823/823 822/822/822
f 826/826/826 825/825/825 824/824/824
f 827/827/827 826/826/826 824/824/824
f 830/830/830 829/829/829 828/828/828
f 828/828/828 831/831/831 830/830/830
f 831/831/831 832/832/832 830/830/830
f 835/835/835 834/834/834 833/833/833
f 836/836/836 835/835/835 833/833/833
f 839/839/839 838/838/838 837/837/837
f 840/840/840 839/839/839 837/837/837
f 843/843/843 842/842/842 841/841/841
f 844/844/844 843/843/843 841/841/841
f 847/847/847 846/846/846 845/845/845
f 848/848/848 847/847/847 845/845/845
f 851/851/851 850/850/850 849/849/849
f 852/852/852 851/851/851 849/849/849
f 855/855/855 854/854/854 853/853/853
f 856/856/856 855/855/855 853/853/853
f 859/859/859 858/858/858 857/857/857
f 860/860/860 859/859/859 857/857/857
f 863/863/863 862/862/862 861/861/861
f 864/864/864 863/863/863 861/861/861
f 867/867/867 866/866/866 865/865/865
f 866/866/866 868/868/868 865/865/865
f 865/865/865 868/868/868 869/869/869
f 868/868/868 870/870/870 869/869/869
f 873/873/873 872/872/872 871/871/871
f 874/874/874 873/873/873 871/871/871
f 877/877/877 876/876/876 875/875/875
f 878/878/878 877/877/877 875/875/875
f 881/881/881 880/880/880 879/879/879
f 879/879/879 882/882/882 881/881/881
f 879/879/879 883/883/883 882/882/882
f 886/886/886 885/885/885 884/884/884
f 887/887/887 886/886/886 884/884/884
f 890/890/890 889/889/889 888/888/888
f 888/888/888 891/891/891 890/890/890
f 888/888/888 892/892/892 891/891/891
f 895/895/895 894/894/894 893/893/893
f 894/894/894 896/896/896 893/893/893
f 893/893/893 896/896/896 897/897/897
f 896/896/896 898/898/898 897/897/897
f 901/901/901 900/900/900 899/899/899
f 902/902/902 901/901/901 899/899/899
f 905/905/905 904/904/904 903/903/903
f 906/906/906 905/905/905 903/903/903
f 909/909/909 908/908/908 907/907/907
f 907/907/907 910/910/910 909/909/909
f 907/907/907 911/911/911 910/910/910
f 914/914/914 913/913/913 912/912/912
f 915/915/915 914/914/914 912/912/912
f 918/918/918 917/917/917 916/916/916
f 916/916/916 919/919/919 918/918/918
f 916/916/916 920/920/920 919/919/919
f 923/923/923 922/922/922 921/921/921
f 922/922/922 924/924/924 921/921/921
f 921/921/921 924/924/924 925/925/925
f 924/924/924 926/926/926 925/925/925
f 929/929/929 928/928/928 927/927/927
f 930/930/930 929/929/929 927/927/927
f 933/933/933 932/932/932 931/931/931
f 934/934/934 933/933/933 931/931/931
f 937/937/937 936/936/936 935/935/935
f 935/935/935 938/938/938 937/937/937
f 935/935/935 939/939/939 938/938/938
f 942/942/942 941/941/941 940/940/940
f 943/943/943 942/942/942 940/940/940
f 946/946/946 945/945/945 944/944/944
f 944/944/944 947/947/947 946/946/946
f 944/944/944 948/948/948 947/947/947
f 951/951/951 950/950/950 949/949/949
f 950/950/950 952/952/952 949/949/949
f 949/949/949 952/952/952 953/953/953
f 952/952/952 954/954/954 953/953/953
f 957/957/957 956/956/956 955/955/955
f 958/958/958 957/957/957 955/955/955
f 961/961/961 960/960/960 959/959/959
f 962/962/962 961/961/961 959/959/959
f 965/965/965 964/964/964 963/963/963
f 963/963/963 966/966/966 965/965/965
f 963/963/963 967/967/967 966/966/966
f 970/970/970 969/969/969 968/968/968
f 971/971/971 970/970/970 968/968/968
f 974/974/974 973/973/973 972/972/972
f 972/972/972 975/975/975 974/974/974
f 972/972/972 976/976/976 975/975/975
f 979/979/979 978/978/978 977/977/977
f 980/980/980 979/979/979 977/977/977
f 979/979/979 980/980/980 981/981/981
f 982/982/982 979/979/979 981/981/981
f 983/983/983 981/981/981 980/980/980
f 986/986/986 985/985/985 984/984/984
f 984/984/984 987/987/987 986/986/986
f 987/987/987 988/988/988 986/986/986
f 987/987/987 989/989/989 988/988/988
f 987/987/987 990/990/990 989/989/989
f 989/989/989 991/991/991 988/988/988
f 991/991/991 992/992/992 988/988/988
f 992/992/992 993/993/993 988/988/988
f 993/993/993 994/994/994 988/988/988
f 994/994/994 995/995/995 988/988/988
f 995/995/995 996/996/996 988/988/988
f 996/996/996 997/997/997 988/988/988
f 988/988/988 997/997/997 998/998/998
f 998/998/998 999/999/999 988/988/988
f 999/999/999 1000/1000/1000 988/988/988
f 999/999/999 1001/1001/1001 1000/1000/1000
f 1001/1001/1001 1002/1002/1002 1000/1000/1000
f 1002/1002/1002 1003/1003/1003 1000/1000/1000
f 1003/1003/1003 1004/1004/1004 1000/1000/1000
f 1004/1004/1004 1005/1005/1005 1000/1000/1000
f 1005/1005/1005 1006/1006/1006 1000/1000/1000
f 1009/1009/1009 1008/1008/1008 1007/1007/1007
f 1010/1010/1010 1009/1009/1009 1007/1007/1007
f 1013/1013/1013 1012/1012/1012 1011/1011/1011
f 1014/1014/1014 1013/1013/1013 1011/1011/1011
f 1017/1017/1017 1016/1016/1016 1015/1015/1015
f 1016/1016/1016 1018/1018/1018 1015/1015/1015
f 1016/1016/1016 1019/1019/1019 1018/1018/1018
f 1019/1019/1019 1020/1020/1020 1018/1018/1018
f 1019/1019/1019 1021/1021/1021 1020/1020/1020
f 1021/1021/1021 1022/1022/1022 1020/1020/1020
f 1025/1025/1025 1024/1024/1024 1023/1023/1023
f 1024/1024/1024 1026/1026/1026 1023/1023/1023
f 1024/1024/1024 1027/1027/1027 1026/1026/1026
f 1027/1027/1027 1028/1028/1028 1026/1026/1026
f 1027/1027/1027 1029/1029/1029 1028/1028/1028
f 1029/1029/1029 1030/1030/1030 1028/1028/1028
f 1029/1029/1029 1031/1031/1031 1030/1030/1030
f 1031/1031/1031 1032/1032/1032 1030/1030/1030
f 1033/1033/1033 1032/1032/1032 1031/1031/1031
f 1031/1031/1031 1034/1034/1034 1033/1033/1033
f 1031/1031/1031 1035/1035/1035 1034/1034/1034
f 1035/1035/1035 1036/1036/1036 1034/1034/1034
f 1036/1036/1036 1037/1037/1037 1034/1034/1034
f 1036/1036/1036 1038/1038/1038 1037/1037/1037
f 1038/1038/1038 1039/1039/1039 1037/1037/1037
f 1038/1038/1038 1040/1040/1040 1039/1039/1039
f 1040/1040/1040 1041/1041/1041 1039/1039/1039
f 1044/1044/1044 1043/1043/1043 1042/1042/1042
f 1043/1043/1043 1045/1045/1045 1042/1042/1042
f 1043/1043/1043 1046/1046/1046 1045/1045/1045
f 1046/1046/1046 1047/1047/1047 1045/1045/1045
f 1046/1046/1046 1048/1048/1048 1047/1047/1047
f 1048/1048/1048 1049/1049/1049 1047/1047/1047
f 1048/1048/1048 1050/1050/1050 1049/1049/1049
f 1050/1050/1050 1051/1051/1051 1049/1049/1049
f 1054/1054/1054 1053/1053/1053 1052/1052/1052
f 1053/1053/1053 1055/1055/1055 1052/1052/1052
f 1056/1056/1056 1052/1052/1052 1055/1055/1055
f 1057/1057/1057 1052/1052/1052 1056/1056/1056
f 1058/1058/1058 1057/1057/1057 1056/1056/1056
f 1059/1059/1059 1058/1058/1058 1056/1056/1056
f 1060/1060/1060 1059/1059/1059 1056/1056/1056
f 1060/1060/1060 1056/1056/1056 1055/1055/1055
f 1061/1061/1061 1060/1060/1060 1055/1055/1055
f 1064/1064/1064 1063/1063/1063 1062/1062/1062
f 1063/1063/1063 1065/1065/1065 1062/1062/1062
f 1062/1062/1062 1065/1065/1065 1066/1066/1066
f 1067/1067/1067 1066/1066/1066 1065/1065/1065
f 1068/1068/1068 1067/1067/1067 1065/1065/1065
f 1068/1068/1068 1065/1065/1065 1063/1063/1063
f 1069/1069/1069 1068/1068/1068 1063/1063/1063
f 1072/1072/1072 1071/1071/1071 1070/1070/1070
f 1070/1070/1070 1073/1073/1073 1072/1072/1072
f 1070/1070/1070 1074/1074/1074 1073/1073/1073
f 1075/1075/1075 1073/1073/1073 1074/1074/1074
f 1074/1074/1074 1076/1076/1076 1075/1075/1075
f 1074/1074/1074 1077/1077/1077 1076/1076/1076
f 1074/1074/1074 1078/1078/1078 1077/1077/1077
f 1074/1074/1074 1070/1070/1070 1079/1079/1079
f 1074/1074/1074 1080/1080/1080 1078/1078/1078
f 1079/1079/1079 1080/1080/1080 1074/1074/1074
f 1079/1079/1079 1081/1081/1081 1080/1080/1080
f 1079/1079/1079 1082/1082/1082 1081/1081/1081
f 1079/1079/1079 1083/1083/1083 1082/1082/1082
f 1079/1079/1079 1084/1084/1084 1083/1083/1083
f 1079/1079/1079 1085/1085/1085 1084/1084/1084
f 1079/1079/1079 1086/1086/1086 1085/1085/1085
f 1079/1079/1079 1087/1087/1087 1086/1086/1086
f 1079/1079/1079 1088/1088/1088 1087/1087/1087
f 1079/1079/1079 1089/1089/1089 1088/1088/1088
f 1092/1092/1092 1091/1091/1091 1090/1090/1090
f 1090/1090/1090 1093/1093/1093 1092/1092/1092
f 1090/1090/1090 1094/1094/1094 1093/1093/1093
f 1094/1094/1094 1095/1095/1095 1093/1093/1093
f 1096/1096/1096 1095/1095/1095 1094/1094/1094
f 1093/1093/1093 1095/1095/1095 1096/1096/1096
f 1096/1096/1096 1097/1097/1097 1093/1093/1093
f 1096/1096/1096 1098/1098/1098 1097/1097/1097
f 1101/1101/1101 1100/1100/1100 1099/1099/1099
f 1102/1102/1102 1101/1101/1101 1099/1099/1099
f 1105/1105/1105 1104/1104/1104 1103/1103/1103
f 1106/1106/1106 1105/1105/1105 1103/1103/1103
f 1109/1109/1109 1108/1108/1108 1107/1107/1107
f 1110/1110/1110 1109/1109/1109 1107/1107/1107
f 1113/1113/1113 1112/1112/1112 1111/1111/1111
f 1114/1114/1114 1113/1113/1113 1111/1111/1111
f 1117/1117/1117 1116/1116/1116 1115/1115/1115
f 1118/1118/1118 1117/1117/1117 1115/1115/1115
f 1121/1121/1121 1120/1120/1120 1119/1119/1119
f 1122/1122/1122 1121/1121/1121 1119/1119/1119
f 1125/1125/1125 1124/1124/1124 1123/1123/1123
f 1126/1126/1126 1125/1125/1125 1123/1123/1123
f 1129/1129/1129 1128/1128/1128 1127/1127/1127
f 1130/1130/1130 1129/1129/1129 1127/1127/1127
f 1133/1133/1133 1132/1132/1132 1131/1131/1131
f 1134/1134/1134 1133/1133/1133 1131/1131/1131
f 1137/1137/1137 1136/1136/1136 1135/1135/1135
f 1138/1138/1138 1137/1137/1137 1135/1135/1135
f 1141/1141/1141 1140/1140/1140 1139/1139/1139
f 1140/1140/1140 1142/1142/1142 1139/1139/1139
f 1140/1140/1140 1143/1143/1143 1142/1142/1142
f 1143/1143/1143 1144/1144/1144 1142/1142/1142
f 1143/1143/1143 1145/1145/1145 1144/1144/1144
f 1145/1145/1145 1146/1146/1146 1144/1144/1144
f 1149/1149/1149 1148/1148/1148 1147/1147/1147
f 1148/1148/1148 1150/1150/1150 1147/1147/1147
f 1148/1148/1148 1151/1151/1151 1150/1150/1150
f 1151/1151/1151 1152/1152/1152 1150/1150/1150
f 1151/1151/1151 1153/1153/1153 1152/1152/1152
f 1153/1153/1153 1154/1154/1154 1152/1152/1152
f 1157/1157/1157 1156/1156/1156 1155/1155/1155
f 1158/1158/1158 1157/1157/1157 1155/1155/1155
f 1161/1161/1161 1160/1160/1160 1159/1159/1159
f 1162/1162/1162 1161/1161/1161 1159/1159/1159
f 1165/1165/1165 1164/1164/1164 1163/1163/1163
f 1166/1166/1166 1165/1165/1165 1163/1163/1163
f 1169/1169/1169 1168/1168/1168 1167/1167/1167
f 1170/1170/1170 1169/1169/1169 1167/1167/1167
f 1173/1173/1173 1172/1172/1172 1171/1171/1171
f 1174/1174/1174 1173/1173/1173 1171/1171/1171
f 1177/1177/1177 1176/1176/1176 1175/1175/1175
f 1178/1178/1178 1177/1177/1177 1175/1175/1175
f 1181/1181/1181 1180/1180/1180 1179/1179/1179
f 1182/1182/1182 1181/1181/1181 1179/1179/1179
f 1185/1185/1185 1184/1184/1184 1183/1183/1183
f 1186/1186/1186 1185/1185/1185 1183/1183/1183
f 1189/1189/1189 1188/1188/1188 1187/1187/1187
f 1190/1190/1190 1189/1189/1189 1187/1187/1187
f 1193/1193/1193 1192/1192/1192 1191/1191/1191
f 1194/1194/1194 1193/1193/1193 1191/1191/1191
f 1197/1197/1197 1196/1196/1196 1195/1195/1195
f 1198/1198/1198 1197/1197/1197 1195/1195/1195
f 1201/1201/1201 1200/1200/1200 1199/1199/1199
f 1202/1202/1202 1201/1201/1201 1199/1199/1199
f 1205/1205/1205 1204/1204/1204 1203/1203/1203
f 1204/1204/1204 1206/1206/1206 1203/1203/1203
f 1204/1204/1204 1207/1207/1207 1206/1206/1206
f 1207/1207/1207 1208/1208/1208 1206/1206/1206
f 1207/1207/1207 1209/1209/1209 1208/1208/1208
f 1209/1209/1209 1210/1210/1210 1208/1208/1208
f 1213/1213/1213 1212/1212/1212 1211/1211/1211
f 1212/1212/1212 1214/1214/1214 1211/1211/1211
f 1212/1212/1212 1215/1215/1215 1214/1214/1214
f 1215/1215/1215 1216/1216/1216 1214/1214/1214
f 1215/1215/1215 1217/1217/1217 1216/1216/1216
f 1217/1217/1217 1218/1218/1218 1216/1216/1216
f 1221/1221/1221 1220/1220/1220 1219/1219/1219
f 1222/1222/1222 1221/1221/1221 1219/1219/1219
f 1225/1225/1225 1224/1224/1224 1223/1223/1223
f 1226/1226/1226 1225/1225/1225 1223/1223/1223
f 1229/1229/1229 1228/1228/1228 1227/1227/1227
f 1230/1230/1230 1229/1229/1229 1227/1227/1227
f 1233/1233/1233 1232/1232/1232 1231/1231/1231
f 1234/1234/1234 1233/1233/1233 1231/1231/1231
f 1237/1237/1237 1236/1236/1236 1235/1235/1235
f 1238/1238/1238 1237/1237/1237 1235/1235/1235
f 1241/1241/1241 1240/1240/1240 1239/1239/1239
f 1242/1242/1242 1241/1241/1241 1239/1239/1239
f 1245/1245/1245 1244/1244/1244 1243/1243/1243
f 1246/1246/1246 1245/1245/1245 1243/1243/1243
f 1249/1249/1249 1248/1248/1248 1247/1247/1247
f 1250/1250/1250 1249/1249/1249 1247/1247/1247
f 1253/1253/1253 1252/1252/1252 1251/1251/1251
f 1252/1252/1252 1254/1254/1254 1251/1251/1251
f 1251/1251/1251 1254/1254/1254 1255/1255/1255
f 1254/1254/1254 1256/1256/1256 1255/1255/1255
f 1259/1259/1259 1258/1258/1258 1257/1257/1257
f 1260/1260/1260 1259/1259/1259 1257/1257/1257
f 1263/1263/1263 1262/1262/1262 1261/1261/1261
f 1264/1264/1264 1263/1263/1263 1261/1261/1261
f 1267/1267/1267 1266/1266/1266 1265/1265/1265
f 1265/1265/1265 1268/1268/1268 1267/1267/1267
f 1268/1268/1268 1269/1269/1269 1267/1267/1267
f 1272/1272/1272 1271/1271/1271 1270/1270/1270
f 1273/1273/1273 1272/1272/1272 1270/1270/1270
f 1276/1276/1276 1275/1275/1275 1274/1274/1274
f 1274/1274/1274 1277/1277/1277 1276/1276/1276
f 1274/1274/1274 1278/1278/1278 1277/1277/1277
f 1281/1281/1281 1280/1280/1280 1279/1279/1279
f 1280/1280/1280 1282/1282/1282 1279/1279/1279
f 1279/1279/1279 1282/1282/1282 1283/1283/1283
f 1282/1282/1282 1284/1284/1284 1283/1283/1283
f 1287/1287/1287 1286/1286/1286 1285/1285/1285
f 1288/1288/1288 1287/1287/1287 1285/1285/1285
f 1291/1291/1291 1290/1290/1290 1289/1289/1289
f 1292/1292/1292 1291/1291/1291 1289/1289/1289
f 1295/1295/1295 1294/1294/1294 1293/1293/1293
f 1293/1293/1293 1296/1296/1296 1295/1295/1295
f 1296/1296/1296 1297/1297/1297 1295/1295/1295
f 1300/1300/1300 1299/1299/1299 1298/1298/1298
f 1301/1301/1301 1300/1300/1300 1298/1298/1298
f 1304/1304/1304 1303/1303/1303 1302/1302/1302
f 1302/1302/1302 1305/1305/1305 1304/1304/1304
f 1302/1302/1302 1306/1306/1306 1305/1305/1305
f 1309/1309/1309 1308/1308/1308 1307/1307/1307
f 1308/1308/1308 1310/1310/1310 1307/1307/1307
f 1307/1307/1307 1310/1310/1310 1311/1311/1311
f 1310/1310/1310 1312/1312/1312 1311/1311/1311
f 1315/1315/1315 1314/1314/1314 1313/1313/1313
f 1316/1316/1316 1315/1315/1315 1313/1313/1313
f 1319/1319/1319 1318/1318/1318 1317/1317/1317
f 1320/1320/1320 1319/1319/1319 1317/1317/1317
f 1323/1323/1323 1322/1322/1322 1321/1321/1321
f 1321/1321/1321 1324/1324/1324 1323/1323/1323
f 1324/1324/1324 1325/1325/1325 1323/1323/1323
f 1328/1328/1328 1327/1327/1327 1326/1326/1326
f 1329/1329/1329 1328/1328/1328 1326/1326/1326
f 1332/1332/1332 1331/1331/1331 1330/1330/1330
f 1330/1330/1330 1333/1333/1333 1332/1332/1332
f 1330/1330/1330 1334/1334/1334 1333/1333/1333
f 1337/1337/1337 1336/1336/1336 1335/1335/1335
f 1336/1336/1336 1338/1338/1338 1335/1335/1335
f 1335/1335/1335 1338/1338/1338 1339/1339/1339
f 1338/1338/1338 1340/1340/1340 1339/1339/1339
f 1343/1343/1343 1342/1342/1342 1341/1341/1341
f 1344/1344/1344 1343/1343/1343 1341/1341/1341
f 1347/1347/1347 1346/1346/1346 1345/1345/1345
f 1348/1348/1348 1347/1347/1347 1345/1345/1345
f 1351/1351/1351 1350/1350/1350 1349/1349/1349
f 1349/1349/1349 1352/1352/1352 1351/1351/1351
f 1352/1352/1352 1353/1353/1353 1351/1351/1351
f 1356/1356/1356 1355/1355/1355 1354/1354/1354
f 1357/1357/1357 1356/1356/1356 1354/1354/1354
f 1360/1360/1360 1359/1359/1359 1358/1358/1358
f 1358/1358/1358 1361/1361/1361 1360/1360/1360
f 1358/1358/1358 1362/1362/1362 1361/1361/1361
f 1365/1365/1365 1364/1364/1364 1363/1363/1363
f 1364/1364/1364 1366/1366/1366 1363/1363/1363
f 1363/1363/1363 1366/1366/1366 1367/1367/1367
f 1366/1366/1366 1368/1368/1368 1367/1367/1367
f 1371/1371/1371 1370/1370/1370 1369/1369/1369
f 1372/1372/1372 1371/1371/1371 1369/1369/1369
f 1375/1375/1375 1374/1374/1374 1373/1373/1373
f 1376/1376/1376 1375/1375/1375 1373/1373/1373
f 1379/1379/1379 1378/1378/1378 1377/1377/1377
f 1377/1377/1377 1380/1380/1380 1379/1379/1379
f 1380/1380/1380 1381/1381/1381 1379/1379/1379
f 1384/1384/1384 1383/1383/1383 1382/1382/1382
f 1385/1385/1385 1384/1384/1384 1382/1382/1382
f 1388/1388/1388 1387/1387/1387 1386/1386/1386
f 1386/1386/1386 1389/1389/1389 1388/1388/1388
f 1386/1386/1386 1390/1390/1390 1389/1389/1389
f 1393/1393/1393 1392/1392/1392 1391/1391/1391
f 1394/1394/1394 1393/1393/1393 1391/1391/1391
f 1397/1397/1397 1396/1396/1396 1395/1395/1395
f 1398/1398/1398 1397/1397/1397 1395/1395/1395
f 1401/1401/1401 1400/1400/1400 1399/1399/1399
f 1402/1402/1402 1401/1401/1401 1399/1399/1399
f 1405/1405/1405 1404/1404/1404 1403/1403/1403
f 1406/1406/1406 1405/1405/1405 1403/1403/1403
f 1409/1409/1409 1408/1408/1408 1407/1407/1407
f 1410/1410/1410 1409/1409/1409 1407/1407/1407
f 1413/1413/1413 1412/1412/1412 1411/1411/1411
f 1414/1414/1414 1413/1413/1413 1411/1411/1411
f 1417/1417/1417 1416/1416/1416 1415/1415/1415
f 1418/1418/1418 1417/1417/1417 1415/1415/1415
f 1421/1421/1421 1420/1420/1420 1419/1419/1419
f 1422/1422/1422 1421/1421/1421 1419/1419/1419
f 1425/1425/1425 1424/1424/1424 1423/1423/1423
f 1424/1424/1424 1426/1426/1426 1423/1423/1423
f 1423/1423/1423 1426/1426/1426 1427/1427/1427
f 1426/1426/1426 1428/1428/1428 1427/1427/1427
f 1431/1431/1431 1430/1430/1430 1429/1429/1429
f 1432/1432/1432 1431/1431/1431 1429/1429/1429
f 1435/1435/1435 1434/1434/1434 1433/1433/1433
f 1436/1436/1436 1435/1435/1435 1433/1433/1433
f 1439/1439/1439 1438/1438/1438 1437/1437/1437
f 1437/1437/1437 1440/1440/1440 1439/1439/1439
f 1440/1440/1440 1441/1441/1441 1439/1439/1439
f 1444/1444/1444 1443/1443/1443 1442/1442/1442
f 1445/1445/1445 1444/1444/1444 1442/1442/1442
f 1448/1448/1448 1447/1447/1447 1446/1446/1446
f 1446/1446/1446 1449/1449/1449 1448/1448/1448
f 1449/1449/1449 1450/1450/1450 1448/1448/1448
f 1453/1453/1453 1452/1452/1452 1451/1451/1451
f 1452/1452/1452 1454/1454/1454 1451/1451/1451
f 1451/1451/1451 1454/1454/1454 1455/1455/1455
f 1454/1454/1454 1456/1456/1456 1455/1455/1455
f 1459/1459/1459 1458/1458/1458 1457/1457/1457
f 1460/1460/1460 1459/1459/1459 1457/1457/1457
f 1463/1463/1463 1462/1462/1462 1461/1461/1461
f 1464/1464/1464 1463/1463/1463 1461/1461/1461
f 1467/1467/1467 1466/1466/1466 1465/1465/1465
f 1465/1465/1465 1468/1468/1468 1467/1467/1467
f 1468/1468/1468 1469/1469/1469 1467/1467/1467
f 1472/1472/1472 1471/1471/1471 1470/1470/1470
f 1473/1473/1473 1472/1472/1472 1470/1470/1470
f 1476/1476/1476 1475/1475/1475 1474/1474/1474
f 1474/1474/1474 1477/1477/1477 1476/1476/1476
f 1477/1477/1477 1478/1478/1478 1476/1476/1476
f 1481/1481/1481 1480/1480/1480 1479/1479/1479
f 1480/1480/1480 1482/1482/1482 1479/1479/1479
f 1479/1479/1479 1482/1482/1482 1483/1483/1483
f 1482/1482/1482 1484/1484/1484 1483/1483/1483
f 1487/1487/1487 1486/1486/1486 1485/1485/1485
f 1488/1488/1488 1487/1487/1487 1485/1485/1485
f 1491/1491/1491 1490/1490/1490 1489/1489/1489
f 1492/1492/1492 1491/1491/1491 1489/1489/1489
f 1495/1495/1495 1494/1494/1494 1493/1493/1493
f 1493/1493/1493 1496/1496/1496 1495/1495/1495
f 1496/1496/1496 1497/1497/1497 1495/1495/1495
f 1500/1500/1500 1499/1499/1499 1498/1498/1498
f 1501/1501/1501 1500/1500/1500 1498/1498/1498
f 1504/1504/1504 1503/1503/1503 1502/1502/1502
f 1502/1502/1502 1505/1505/1505 1504/1504/1504
f 1505/1505/1505 1506/1506/1506 1504/1504/1504
f 1509/1509/1509 1508/1508/1508 1507/1507/1507
f 1508/1508/1508 1510/1510/1510 1507/1507/1507
f 1507/1507/1507 1510/1510/1510 1511/1511/1511
f 1510/1510/1510 1512/1512/1512 1511/1511/1511
f 1515/1515/1515 1514/1514/1514 1513/1513/1513
f 1516/1516/1516 1515/1515/1515 1513/1513/1513
f 1519/1519/1519 1518/1518/1518 1517/1517/1517
f 1520/1520/1520 1519/1519/1519 1517/1517/1517
f 1523/1523/1523 1522/1522/1522 1521/1521/1521
f 1521/1521/1521 1524/1524/1524 1523/1523/1523
f 1524/1524/1524 1525/1525/1525 1523/1523/1523
f 1528/1528/1528 1527/1527/1527 1526/1526/1526
f 1529/1529/1529 1528/1528/1528 1526/1526/1526
f 1532/1532/1532 1531/1531/1531 1530/1530/1530
f 1530/1530/1530 1533/1533/1533 1532/1532/1532
f 1533/1533/1533 1534/1534/1534 1532/1532/1532
f 1537/1537/1537 1536/1536/1536 1535/1535/1535
f 1538/1538/1538 1537/1537/1537 1535/1535/1535
f 1537/1537/1537 1538/1538/1538 1539/1539/1539
f 1540/1540/1540 1537/1537/1537 1539/1539/1539
f 1541/1541/1541 1539/1539/1539 1538/1538/1538
f 1544/1544/1544 1543/1543/1543 1542/1542/1542
f 1542/1542/1542 1545/1545/1545 1544/1544/1544
f 1545/1545/1545 1546/1546/1546 1544/1544/1544
f 1545/1545/1545 1547/1547/1547 1546/1546/1546
f 1545/1545/1545 1548/1548/1548 1547/1547/1547
f 1547/1547/1547 1549/1549/1549 1546/1546/1546
f 1549/1549/1549 1550/1550/1550 1546/1546/1546
f 1550/1550/1550 1551/1551/1551 1546/1546/1546
f 1551/1551/1551 1552/1552/1552 1546/1546/1546
f 1552/1552/1552 1553/1553/1553 1546/1546/1546
f 1553/1553/1553 1554/1554/1554 1546/1546/1546
f 1554/1554/1554 1555/1555/1555 1546/1546/1546
f 1546/1546/1546 1555/1555/1555 1556/1556/1556
f 1556/1556/1556 1557/1557/1557 1546/1546/1546
f 1557/1557/1557 1558/1558/1558 1546/1546/1546
f 1557/1557/1557 1559/1559/1559 1558/1558/1558
f 1559/1559/1559 1560/1560/1560 1558/1558/1558
f 1560/1560/1560 1561/1561/1561 1558/1558/1558
f 1561/1561/1561 1562/1562/1562 1558/1558/1558
f 1562/1562/1562 1563/1563/1563 1558/1558/1558
f 1563/1563/1563 1564/1564/1564 1558/1558/1558
f 1567/1567/1567 1566/1566/1566 1565/1565/1565
f 1568/1568/1568 1567/1567/1567 1565/1565/1565
f 1571/1571/1571 1570/1570/1570 1569/1569/1569
f 1572/1572/1572 1571/1571/1571 1569/1569/1569
f 1575/1575/1575 1574/1574/1574 1573/1573/1573
f 1574/1574/1574 1576/1576/1576 1573/1573/1573
f 1574/1574/1574 1577/1577/1577 1576/1576/1576
f 1577/1577/1577 1578/1578/1578 1576/1576/1576
f 1577/1577/1577 1579/1579/1579 1578/1578/1578
f 1579/1579/1579 1580/1580/1580 1578/1578/1578
f 1583/1583/1583 1582/1582/1582 1581/1581/1581
f 1582/1582/1582 1584/1584/1584 1581/1581/1581
f 1582/1582/1582 1585/1585/1585 1584/1584/1584
f 1585/1585/1585 1586/1586/1586 1584/1584/1584
f 1585/1585/1585 1587/1587/1587 1586/1586/1586
f 1587/1587/1587 1588/1588/1588 1586/1586/1586
f 1587/1587/1587 1589/1589/1589 1588/1588/1588
f 1589/1589/1589 1590/1590/1590 1588/1588/1588
f 1591/1591/1591 1590/1590/1590 1589/1589/1589
f 1589/1589/1589 1592/1592/1592 1591/1591/1591
f 1592/1592/1592 1593/1593/1593 1591/1591/1591
f 1593/1593/1593 1594/1594/1594 1591/1591/1591
f 1593/1593/1593 1595/1595/1595 1594/1594/1594
f 1595/1595/1595 1596/1596/1596 1594/1594/1594
f 1595/1595/1595 1597/1597/1597 1596/1596/1596
f 1597/1597/1597 1598/1598/1598 1596/1596/1596
f 1601/1601/1601 1600/1600/1600 1599/1599/1599
f 1600/1600/1600 1602/1602/1602 1599/1599/1599
f 1600/1600/1600 1603/1603/1603 1602/1602/1602
f 1603/1603/1603 1604/1604/1604 1602/1602/1602
f 1603/1603/1603 1605/1605/1605 1604/1604/1604
f 1605/1605/1605 1606/1606/1606 1604/1604/1604
f 1605/1605/1605 1607/1607/1607 1606/1606/1606
f 1607/1607/1607 1608/1608/1608 1606/1606/1606
f 1611/1611/1611 1610/1610/1610 1609/1609/1609
f 1610/1610/1610 1612/1612/1612 1609/1609/1609
f 1613/1613/1613 1609/1609/1609 1612/1612/1612
f 1614/1614/1614 1609/1609/1609 1613/1613/1613
f 1615/1615/1615 1614/1614/1614 1613/1613/1613
f 1616/1616/1616 1615/1615/1615 1613/1613/1613
f 1617/1617/1617 1616/1616/1616 1613/1613/1613
f 1617/1617/1617 1613/1613/1613 1612/1612/1612
f 1618/1618/1618 1617/1617/1617 1612/1612/1612
f 1621/1621/1621 1620/1620/1620 1619/1619/1619
f 1620/1620/1620 1622/1622/1622 1619/1619/1619
f 1619/1619/1619 1622/1622/1622 1623/1623/1623
f 1624/1624/1624 1623/1623/1623 1622/1622/1622
f 1625/1625/1625 1624/1624/1624 1622/1622/1622
f 1625/1625/1625 1622/1622/1622 1620/1620/1620
f 1626/1626/1626 1625/1625/1625 1620/1620/1620
f 1629/1629/1629 1628/1628/1628 1627/1627/1627
f 1627/1627/1627 1630/1630/1630 1629/1629/1629
f 1627/1627/1627 1631/1631/1631 1630/1630/1630
f 1632/1632/1632 1630/1630/1630 1631/1631/1631
f 1631/1631/1631 1633/1633/1633 1632/1632/1632
f 1631/1631/1631 1634/1634/1634 1633/1633/1633
f 1631/1631/1631 1635/1635/1635 1634/1634/1634
f 1631/1631/1631 1627/1627/1627 1636/1636/1636
f 1631/1631/1631 1637/1637/1637 1635/1635/1635
f 1636/1636/1636 1637/1637/1637 1631/1631/1631
f 1636/1636/1636 1638/1638/1638 1637/1637/1637
f 1636/1636/1636 1639/1639/1639 1638/1638/1638
f 1636/1636/1636 1640/1640/1640 1639/1639/1639
f 1636/1636/1636 1641/1641/1641 1640/1640/1640
f 1636/1636/1636 1642/1642/1642 1641/1641/1641
f 1636/1636/1636 1643/1643/1643 1642/1642/1642
f 1636/1636/1636 1644/1644/1644 1643/1643/1643
f 1636/1636/1636 1645/1645/1645 1644/1644/1644
f 1636/1636/1636 1646/1646/1646 1645/1645/1645
f 1649/1649/1649 1648/1648/1648 1647/1647/1647
f 1647/1647/1647 1650/1650/1650 1649/1649/1649
f 1647/1647/1647 1651/1651/1651 1650/1650/1650
f 1651/1651/1651 1652/1652/1652 1650/1650/1650
f 1653/1653/1653 1652/1652/1652 1651/1651/1651
f 1650/1650/1650 1652/1652/1652 1653/1653/1653
f 1653/1653/1653 1654/1654/1654 1650/1650/1650
f 1653/1653/1653 1655/1655/1655 1654/1654/1654
f 1658/1658/1658 1657/1657/1657 1656/1656/1656
f 1659/1659/1659 1658/1658/1658 1656/1656/1656
f 1662/1662/1662 1661/1661/1661 1660/1660/1660
f 1663/1663/1663 1662/1662/1662 1660/1660/1660
f 1666/1666/1666 1665/1665/1665 1664/1664/1664
f 1667/1667/1667 1666/1666/1666 1664/1664/1664
f 1670/1670/1670 1669/1669/1669 1668/1668/1668
f 1671/1671/1671 1670/1670/1670 1668/1668/1668
f 1674/1674/1674 1673/1673/1673 1672/1672/1672
f 1675/1675/1675 1674/1674/1674 1672/1672/1672
f 1678/1678/1678 1677/1677/1677 1676/1676/1676
f 1679/1679/1679 1678/1678/1678 1676/1676/1676
f 1682/1682/1682 1681/1681/1681 1680/1680/1680
f 1683/1683/1683 1682/1682/1682 1680/1680/1680
f 1686/1686/1686 1685/1685/1685 1684/1684/1684
f 1687/1687/1687 1686/1686/1686 1684/1684/1684
f 1690/1690/1690 1689/1689/1689 1688/1688/1688
f 1691/1691/1691 1690/1690/1690 1688/1688/1688
f 1694/1694/1694 1693/1693/1693 1692/1692/1692
f 1695/1695/1695 1694/1694/1694 1692/1692/1692
f 1698/1698/1698 1697/1697/1697 1696/1696/1696
f 1699/1699/1699 1698/1698/1698 1696/1696/1696
f 1700/1700/1700 1698/1698/1698 1699/1699/1699
f 1701/1701/1701 1700/1700/1700 1699/1699/1699
f 1702/1702/1702 1700/1700/1700 1701/1701/1701
f 1703/1703/1703 1702/1702/1702 1701/1701/1701
f 1706/1706/1706 1705/1705/1705 1704/1704/1704
f 1707/1707/1707 1706/1706/1706 1704/1704/1704
f 1708/1708/1708 1706/1706/1706 1707/1707/1707
f 1709/1709/1709 1708/1708/1708 1707/1707/1707
f 1710/1710/1710 1708/1708/1708 1709/1709/1709
f 1711/1711/1711 1710/1710/1710 1709/1709/1709
f 1714/1714/1714 1713/1713/1713 1712/1712/1712
f 1715/1715/1715 1714/1714/1714 1712/1712/1712
f 1718/1718/1718 1717/1717/1717 1716/1716/1716
f 1719/1719/1719 1718/1718/1718 1716/1716/1716
f 1722/1722/1722 1721/1721/1721 1720/1720/1720
f 1723/1723/1723 1722/1722/1722 1720/1720/1720
f 1726/1726/1726 1725/1725/1725 1724/1724/1724
f 1727/1727/1727 1726/1726/1726 1724/1724/1724
f 1730/1730/1730 1729/1729/1729 1728/1728/1728
f 1731/1731/1731 1730/1730/1730 1728/1728/1728
f 1734/1734/1734 1733/1733/1733 1732/1732/1732
f 1735/1735/1735 1734/1734/1734 1732/1732/1732
f 1738/1738/1738 1737/1737/1737 1736/1736/1736
f 1739/1739/1739 1738/1738/1738 1736/1736/1736
f 1742/1742/1742 1741/1741/1741 1740/1740/1740
f 1743/1743/1743 1742/1742/1742 1740/1740/1740
f 1746/1746/1746 1745/1745/1745 1744/1744/1744
f 1747/1747/1747 1746/1746/1746 1744/1744/1744
f 1750/1750/1750 1749/1749/1749 1748/1748/1748
f 1751/1751/1751 1750/1750/1750 1748/1748/1748
f 1754/1754/1754 1753/1753/1753 1752/1752/1752
f 1755/1755/1755 1754/1754/1754 1752/1752/1752
f 1758/1758/1758 1757/1757/1757 1756/1756/1756
f 1759/1759/1759 1758/1758/1758 1756/1756/1756
f 1762/1762/1762 1761/1761/1761 1760/1760/1760
f 1763/1763/1763 1762/1762/1762 1760/1760/1760
f 1764/1764/1764 1762/1762/1762 1763/1763/1763
f 1765/1765/1765 1764/1764/1764 1763/1763/1763
f 1766/1766/1766 1764/1764/1764 1765/1765/1765
f 1767/1767/1767 1766/1766/1766 1765/1765/1765
f 1770/1770/1770 1769/1769/1769 1768/1768/1768
f 1771/1771/1771 1770/1770/1770 1768/1768/1768
f 1772/1772/1772 1770/1770/1770 1771/1771/1771
f 1773/1773/1773 1772/1772/1772 1771/1771/1771
f 1774/1774/1774 1772/1772/1772 1773/1773/1773
f 1775/1775/1775 1774/1774/1774 1773/1773/1773
f 1778/1778/1778 1777/1777/1777 1776/1776/1776
f 1779/1779/1779 1778/1778/1778 1776/1776/1776
f 1782/1782/1782 1781/1781/1781 1780/1780/1780
f 1783/1783/1783 1782/1782/1782 1780/1780/1780
f 1786/1786/1786 1785/1785/1785 1784/1784/1784
f 1787/1787/1787 1786/1786/1786 1784/1784/1784
f 1790/1790/1790 1789/1789/1789 1788/1788/1788
f 1791/1791/1791 1790/1790/1790 1788/1788/1788
f 1794/1794/1794 1793/1793/1793 1792/1792/1792
f 1795/1795/1795 1794/1794/1794 1792/1792/1792
f 1798/1798/1798 1797/1797/1797 1796/1796/1796
f 1799/1799/1799 1798/1798/1798 1796/1796/1796
f 1802/1802/1802 1801/1801/1801 1800/1800/1800
f 1803/1803/1803 1802/1802/1802 1800/1800/1800
f 1806/1806/1806 1805/1805/1805 1804/1804/1804
f 1807/1807/1807 1806/1806/1806 1804/1804/1804
f 1810/1810/1810 1809/1809/1809 1808/1808/1808
f 1811/1811/1811 1810/1810/1810 1808/1808/1808
f 1811/1811/1811 1808/1808/1808 1812/1812/1812
f 1813/1813/1813 1811/1811/1811 1812/1812/1812
f 1816/1816/1816 1815/1815/1815 1814/1814/1814
f 1817/1817/1817 1816/1816/1816 1814/1814/1814
f 1820/1820/1820 1819/1819/1819 1818/1818/1818
f 1821/1821/1821 1820/1820/1820 1818/1818/1818
f 1824/1824/1824 1823/1823/1823 1822/1822/1822
f 1822/1822/1822 1825/1825/1825 1824/1824/1824
f 1825/1825/1825 1826/1826/1826 1824/1824/1824
f 1829/1829/1829 1828/1828/1828 1827/1827/1827
f 1830/1830/1830 1829/1829/1829 1827/1827/1827
f 1833/1833/1833 1832/1832/1832 1831/1831/1831
f 1831/1831/1831 1834/1834/1834 1833/1833/1833
f 1831/1831/1831 1835/1835/1835 1834/1834/1834
f 1838/1838/1838 1837/1837/1837 1836/1836/1836
f 1839/1839/1839 1838/1838/1838 1836/1836/1836
f 1839/1839/1839 1836/1836/1836 1840/1840/1840
f 1841/1841/1841 1839/1839/1839 1840/1840/1840
f 1844/1844/1844 1843/1843/1843 1842/1842/1842
f 1845/1845/1845 1844/1844/1844 1842/1842/1842
f 1848/1848/1848 1847/1847/1847 1846/1846/1846
f 1849/1849/1849 1848/1848/1848 1846/1846/1846
f 1852/1852/1852 1851/1851/1851 1850/1850/1850
f 1850/1850/1850 1853/1853/1853 1852/1852/1852
f 1853/1853/1853 1854/1854/1854 1852/1852/1852
f 1857/1857/1857 1856/1856/1856 1855/1855/1855
f 1858/1858/1858 1857/1857/1857 1855/1855/1855
f 1861/1861/1861 1860/1860/1860 1859/1859/1859
f 1859/1859/1859 1862/1862/1862 1861/1861/1861
f 1859/1859/1859 1863/1863/1863 1862/1862/1862
f 1866/1866/1866 1865/1865/1865 1864/1864/1864
f 1867/1867/1867 1866/1866/1866 1864/1864/1864
f 1867/1867/1867 1864/1864/1864 1868/1868/1868
f 1869/1869/1869 1867/1867/1867 1868/1868/1868
f 1872/1872/1872 1871/1871/1871 1870/1870/1870
f 1873/1873/1873 1872/1872/1872 1870/1870/1870
f 1876/1876/1876 1875/1875/1875 1874/1874/1874
f 1877/1877/1877 1876/1876/1876 1874/1874/1874
f 1880/1880/1880 1879/1879/1879 1878/1878/1878
f 1878/1878/1878 1881/1881/1881 1880/1880/1880
f 1881/1881/1881 1882/1882/1882 1880/1880/1880
f 1885/1885/1885 1884/1884/1884 1883/1883/1883
f 1886/1886/1886 1885/1885/1885 1883/1883/1883
f 1889/1889/1889 1888/1888/1888 1887/1887/1887
f 1887/1887/1887 1890/1890/1890 1889/1889/1889
f 1887/1887/1887 1891/1891/1891 1890/1890/1890
f 1894/1894/1894 1893/1893/1893 1892/1892/1892
f 1895/1895/1895 1894/1894/1894 1892/1892/1892
f 1895/1895/1895 1892/1892/1892 1896/1896/1896
f 1897/1897/1897 1895/1895/1895 1896/1896/1896
f 1900/1900/1900 1899/1899/1899 1898/1898/1898
f 1901/1901/1901 1900/1900/1900 1898/1898/1898
f 1904/1904/1904 1903/1903/1903 1902/1902/1902
f 1905/1905/1905 1904/1904/1904 1902/1902/1902
f 1908/1908/1908 1907/1907/1907 1906/1906/1906
f 1906/1906/1906 1909/1909/1909 1908/1908/1908
f 1909/1909/1909 1910/1910/1910 1908/1908/1908
f 1913/1913/1913 1912/1912/1912 1911/1911/1911
f 1914/1914/1914 1913/1913/1913 1911/1911/1911
f 1917/1917/1917 1916/1916/1916 1915/1915/1915
f 1915/1915/1915 1918/1918/1918 1917/1917/1917
f 1915/1915/1915 1919/1919/1919 1918/1918/1918
f 1922/1922/1922 1921/1921/1921 1920/1920/1920
f 1923/1923/1923 1922/1922/1922 1920/1920/1920
f 1923/1923/1923 1920/1920/1920 1924/1924/1924
f 1925/1925/1925 1923/1923/1923 1924/1924/1924
f 1928/1928/1928 1927/1927/1927 1926/1926/1926
f 1929/1929/1929 1928/1928/1928 1926/1926/1926
f 1932/1932/1932 1931/1931/1931 1930/1930/1930
f 1933/1933/1933 1932/1932/1932 1930/1930/1930
f 1936/1936/1936 1935/1935/1935 1934/1934/1934
f 1934/1934/1934 1937/1937/1937 1936/1936/1936
f 1937/1937/1937 1938/1938/1938 1936/1936/1936
f 1941/1941/1941 1940/1940/1940 1939/1939/1939
f 1942/1942/1942 1941/1941/1941 1939/1939/1939
f 1945/1945/1945 1944/1944/1944 1943/1943/1943
f 1943/1943/1943 1946/1946/1946 1945/1945/1945
f 1943/1943/1943 1947/1947/1947 1946/1946/1946
f 1950/1950/1950 1949/1949/1949 1948/1948/1948
f 1951/1951/1951 1950/1950/1950 1948/1948/1948
f 1954/1954/1954 1953/1953/1953 1952/1952/1952
f 1955/1955/1955 1954/1954/1954 1952/1952/1952
f 1958/1958/1958 1957/1957/1957 1956/1956/1956
f 1959/1959/1959 1958/1958/1958 1956/1956/1956
f 1962/1962/1962 1961/1961/1961 1960/1960/1960
f 1963/1963/1963 1962/1962/1962 1960/1960/1960
f 1966/1966/1966 1965/1965/1965 1964/1964/1964
f 1967/1967/1967 1966/1966/1966 1964/1964/1964
f 1970/1970/1970 1969/1969/1969 1968/1968/1968
f 1971/1971/1971 1970/1970/1970 1968/1968/1968
f 1974/1974/1974 1973/1973/1973 1972/1972/1972
f 1975/1975/1975 1974/1974/1974 1972/1972/1972
f 1978/1978/1978 1977/1977/1977 1976/1976/1976
f 1979/1979/1979 1978/1978/1978 1976/1976/1976
f 1982/1982/1982 1981/1981/1981 1980/1980/1980
f 1983/1983/1983 1982/1982/1982 1980/1980/1980
f 1983/1983/1983 1980/1980/1980 1984/1984/1984
f 1985/1985/1985 1983/1983/1983 1984/1984/1984
f 1988/1988/1988 1987/1987/1987 1986/1986/1986
f 1989/1989/1989 1988/1988/1988 1986/1986/1986
f 1992/1992/1992 1991/1991/1991 1990/1990/1990
f 1993/1993/1993 1992/1992/1992 1990/1990/1990
f 1996/1996/1996 1995/1995/1995 1994/1994/1994
f 1994/1994/1994 1997/1997/1997 1996/1996/1996
f 1994/1994/1994 1998/1998/1998 1997/1997/1997
f 2001/2001/2001 2000/2000/2000 1999/1999/1999
f 2002/2002/2002 2001/2001/2001 1999/1999/1999
f 2005/2005/2005 2004/2004/2004 2003/2003/2003
f 2003/2003/2003 2006/2006/2006 2005/2005/2005
f 2003/2003/2003 2007/2007/2007 2006/2006/2006
f 2010/2010/2010 2009/2009/2009 2008/2008/2008
f 2011/2011/2011 2010/2010/2010 2008/2008/2008
f 2011/2011/2011 2008/2008/2008 2012/2012/2012
f 2013/2013/2013 2011/2011/2011 2012/2012/2012
f 2016/2016/2016 2015/2015/2015 2014/2014/2014
f 2017/2017/2017 2016/2016/2016 2014/2014/2014
f 2020/2020/2020 2019/2019/2019 2018/2018/2018
f 2021/2021/2021 2020/2020/2020 2018/2018/2018
f 2024/2024/2024 2023/2023/2023 2022/2022/2022
f 2022/2022/2022 2025/2025/2025 2024/2024/2024
f 2022/2022/2022 2026/2026/2026 2025/2025/2025
f 2029/2029/2029 2028/2028/2028 2027/2027/2027
f 2030/2030/2030 2029/2029/2029 2027/2027/2027
f 2033/2033/2033 2032/2032/2032 2031/2031/2031
f 2031/2031/2031 2034/2034/2034 2033/2033/2033
f 2031/2031/2031 2035/2035/2035 2034/2034/2034
f 2038/2038/2038 2037/2037/2037 2036/2036/2036
f 2039/2039/2039 2038/2038/2038 2036/2036/2036
f 2039/2039/2039 2036/2036/2036 2040/2040/2040
f 2041/2041/2041 2039/2039/2039 2040/2040/2040
f 2044/2044/2044 2043/2043/2043 2042/2042/2042
f 2045/2045/2045 2044/2044/2044 2042/2042/2042
f 2048/2048/2048 2047/2047/2047 2046/2046/2046
f 2049/2049/2049 2048/2048/2048 2046/2046/2046
f 2052/2052/2052 2051/2051/2051 2050/2050/2050
f 2050/2050/2050 2053/2053/2053 2052/2052/2052
f 2050/2050/2050 2054/2054/2054 2053/2053/2053
f 2057/2057/2057 2056/2056/2056 2055/2055/2055
f 2058/2058/2058 2057/2057/2057 2055/2055/2055
f 2061/2061/2061 2060/2060/2060 2059/2059/2059
f 2059/2059/2059 2062/2062/2062 2061/2061/2061
f 2059/2059/2059 2063/2063/2063 2062/2062/2062
f 2066/2066/2066 2065/2065/2065 2064/2064/2064
f 2067/2067/2067 2066/2066/2066 2064/2064/2064
f 2067/2067/2067 2064/2064/2064 2068/2068/2068
f 2069/2069/2069 2067/2067/2067 2068/2068/2068
f 2072/2072/2072 2071/2071/2071 2070/2070/2070
f 2073/2073/2073 2072/2072/2072 2070/2070/2070
f 2076/2076/2076 2075/2075/2075 2074/2074/2074
f 2077/2077/2077 2076/2076/2076 2074/2074/2074
f 2080/2080/2080 2079/2079/2079 2078/2078/2078
f 2078/2078/2078 2081/2081/2081 2080/2080/2080
f 2078/2078/2078 2082/2082/2082 2081/2081/2081
f 2085/2085/2085 2084/2084/2084 2083/2083/2083
f 2086/2086/2086 2085/2085/2085 2083/2083/2083
f 2089/2089/2089 2088/2088/2088 2087/2087/2087
f 2087/2087/2087 2090/2090/2090 2089/2089/2089
f 2087/2087/2087 2091/2091/2091 2090/2090/2090
f 2094/2094/2094 2093/2093/2093 2092/2092/2092
f 2093/2093/2093 2095/2095/2095 2092/2092/2092
f 2095/2095/2095 2093/2093/2093 2096/2096/2096
f 2093/2093/2093 2097/2097/2097 2096/2096/2096
f 2096/2096/2096 2098/2098/2098 2095/2095/2095
f 2101/2101/2101 2100/2100/2100 2099/2099/2099
f 2102/2102/2102 2101/2101/2101 2099/2099/2099
f 2102/2102/2102 2103/2103/2103 2101/2101/2101
f 2102/2102/2102 2104/2104/2104 2103/2103/2103
f 2102/2102/2102 2105/2105/2105 2104/2104/2104
f 2102/2102/2102 2106/2106/2106 2105/2105/2105
f 2102/2102/2102 2107/2107/2107 2106/2106/2106
f 2102/2102/2102 2108/2108/2108 2107/2107/2107
f 2102/2102/2102 2109/2109/2109 2108/2108/2108
f 2110/2110/2110 2109/2109/2109 2102/2102/2102
f 2102/2102/2102 2111/2111/2111 2110/2110/2110
f 2112/2112/2112 2102/2102/2102 2099/2099/2099
f 2099/2099/2099 2113/2113/2113 2112/2112/2112
f 2113/2113/2113 2099/2099/2099 2114/2114/2114
f 2102/2102/2102 2115/2115/2115 2111/2111/2111
f 2115/2115/2115 2116/2116/2116 2111/2111/2111
f 2115/2115/2115 2117/2117/2117 2116/2116/2116
f 2115/2115/2115 2118/2118/2118 2117/2117/2117
f 2115/2115/2115 2119/2119/2119 2118/2118/2118
f 2115/2115/2115 2120/2120/2120 2119/2119/2119
f 2115/2115/2115 2121/2121/2121 2120/2120/2120
f 2124/2124/2124 2123/2123/2123 2122/2122/2122
f 2125/2125/2125 2124/2124/2124 2122/2122/2122
f 2128/2128/2128 2127/2127/2127 2126/2126/2126
f 2129/2129/2129 2128/2128/2128 2126/2126/2126
f 2132/2132/2132 2131/2131/2131 2130/2130/2130
f 2133/2133/2133 2132/2132/2132 2130/2130/2130
f 2134/2134/2134 2132/2132/2132 2133/2133/2133
f 2135/2135/2135 2134/2134/2134 2133/2133/2133
f 2136/2136/2136 2134/2134/2134 2135/2135/2135
f 2137/2137/2137 2136/2136/2136 2135/2135/2135
f 2140/2140/2140 2139/2139/2139 2138/2138/2138
f 2141/2141/2141 2140/2140/2140 2138/2138/2138
f 2142/2142/2142 2140/2140/2140 2141/2141/2141
f 2143/2143/2143 2142/2142/2142 2141/2141/2141
f 2144/2144/2144 2142/2142/2142 2143/2143/2143
f 2145/2145/2145 2144/2144/2144 2143/2143/2143
f 2146/2146/2146 2144/2144/2144 2145/2145/2145
f 2147/2147/2147 2146/2146/2146 2145/2145/2145
f 2148/2148/2148 2146/2146/2146 2147/2147/2147
f 2147/2147/2147 2149/2149/2149 2148/2148/2148
f 2150/2150/2150 2148/2148/2148 2149/2149/2149
f 2151/2151/2151 2150/2150/2150 2149/2149/2149
f 2152/2152/2152 2150/2150/2150 2151/2151/2151
f 2153/2153/2153 2152/2152/2152 2151/2151/2151
f 2154/2154/2154 2152/2152/2152 2153/2153/2153
f 2155/2155/2155 2154/2154/2154 2153/2153/2153
f 2158/2158/2158 2157/2157/2157 2156/2156/2156
f 2159/2159/2159 2158/2158/2158 2156/2156/2156
f 2160/2160/2160 2158/2158/2158 2159/2159/2159
f 2161/2161/2161 2160/2160/2160 2159/2159/2159
f 2162/2162/2162 2160/2160/2160 2161/2161/2161
f 2163/2163/2163 2162/2162/2162 2161/2161/2161
f 2164/2164/2164 2162/2162/2162 2163/2163/2163
f 2165/2165/2165 2164/2164/2164 2163/2163/2163
f 2168/2168/2168 2167/2167/2167 2166/2166/2166
f 2169/2169/2169 2168/2168/2168 2166/2166/2166
f 2166/2166/2166 2170/2170/2170 2169/2169/2169
f 2166/2166/2166 2171/2171/2171 2170/2170/2170
f 2171/2171/2171 2172/2172/2172 2170/2170/2170
f 2172/2172/2172 2173/2173/2173 2170/2170/2170
f 2173/2173/2173 2174/2174/2174 2170/2170/2170
f 2170/2170/2170 2174/2174/2174 2169/2169/2169
f 2174/2174/2174 2175/2175/2175 2169/2169/2169
f 2178/2178/2178 2177/2177/2177 2176/2176/2176
f 2179/2179/2179 2178/2178/2178 2176/2176/2176
f 2179/2179/2179 2176/2176/2176 2180/2180/2180
f 2180/2180/2180 2181/2181/2181 2179/2179/2179
f 2181/2181/2181 2182/2182/2182 2179/2179/2179
f 2179/2179/2179 2182/2182/2182 2178/2178/2178
f 2182/2182/2182 2183/2183/2183 2178/2178/2178
f 2186/2186/2186 2185/2185/2185 2184/2184/2184
f 2184/2184/2184 2187/2187/2187 2186/2186/2186
f 2184/2184/2184 2188/2188/2188 2187/2187/2187
f 2188/2188/2188 2184/2184/2184 2189/2189/2189
f 2189/2189/2189 2190/2190/2190 2188/2188/2188
f 2190/2190/2190 2191/2191/2191 2188/2188/2188
f 2191/2191/2191 2192/2192/2192 2188/2188/2188
f 2192/2192/2192 2193/2193/2193 2188/2188/2188
f 2193/2193/2193 2187/2187/2187 2188/2188/2188
f 2193/2193/2193 2194/2194/2194 2187/2187/2187
f 2193/2193/2193 2195/2195/2195 2194/2194/2194
f 2195/2195/2195 2196/2196/2196 2194/2194/2194
f 2196/2196/2196 2197/2197/2197 2194/2194/2194
f 2197/2197/2197 2198/2198/2198 2194/2194/2194
f 2198/2198/2198 2199/2199/2199 2194/2194/2194
f 2199/2199/2199 2200/2200/2200 2194/2194/2194
f 2200/2200/2200 2201/2201/2201 2194/2194/2194
f 2201/2201/2201 2202/2202/2202 2194/2194/2194
f 2202/2202/2202 2203/2203/2203 2194/2194/2194
f 2206/2206/2206 2205/2205/2205 2204/2204/2204
f 2204/2204/2204 2207/2207/2207 2206/2206/2206
f 2204/2204/2204 2208/2208/2208 2207/2207/2207
f 2204/2204/2204 2209/2209/2209 2208/2208/2208
f 2209/2209/2209 2210/2210/2210 2208/2208/2208
f 2209/2209/2209 2204/2204/2204 2211/2211/2211
f 2211/2211/2211 2210/2210/2210 2209/2209/2209
f 2211/2211/2211 2212/2212/2212 2210/2210/2210
f 2215/2215/2215 2214/2214/2214 2213/2213/2213
f 2216/2216/2216 2215/2215/2215 2213/2213/2213
f 2219/2219/2219 2218/2218/2218 2217/2217/2217
f 2220/2220/2220 2219/2219/2219 2217/2217/2217
f 2223/2223/2223 2222/2222/2222 2221/2221/2221
f 2224/2224/2224 2223/2223/2223 2221/2221/2221
f 2227/2227/2227 2226/2226/2226 2225/2225/2225
f 2228/2228/2228 2227/2227/2227 2225/2225/2225
f 2231/2231/2231 2230/2230/2230 2229/2229/2229
f 2232/2232/2232 2231/2231/2231 2229/2229/2229
f 2235/2235/2235 2234/2234/2234 2233/2233/2233
f 2236/2236/2236 2235/2235/2235 2233/2233/2233
