g 0.0333
v -0.03491336 -0.4015777 0.4009527
v -0.055440586 -0.39934173 0.42378235
v -0.055356856 -0.40482408 0.42122355
v -0.046717692 -0.42312202 0.40712157
v -0.030677471 -0.41251665 0.4183768
v -0.03491336 -0.4015777 0.4009527
v -0.041102033 -0.44467813 0.40415612
v -0.03948789 -0.44795832 0.41136622
v -0.015069515 -0.4522977 0.4006401
v -0.03492397 -0.44472903 0.41543818
v -0.033985842 -0.43902007 0.40667439
v -0.015069515 -0.4522977 0.4006401
v 0.05068716 -0.40096158 0.42439064
v 0.030364253 -0.4025741 0.4013268
v 0.050465483 -0.40643924 0.4218301
v 0.025597075 -0.41337556 0.41869932
v 0.0414341 -0.42446744 0.4076268
v 0.030364253 -0.4025741 0.4013268
v 0.03519755 -0.44584268 0.40459344
v 0.008986628 -0.45266482 0.40077794
v 0.033401523 -0.4490708 0.41178396
v 0.028891914 -0.4457031 0.41580388
v 0.008986628 -0.45266482 0.40077794
v 0.028228957 -0.43996966 0.40703097
v -0.06237568 -0.31003752 0.53357947
v -0.049699843 -0.31349427 0.523489
v -0.049312025 -0.30503052 0.53866017
v -0.049312025 -0.30503052 0.53866017
v -0.049699843 -0.31349427 0.523489
v -0.042930484 -0.31864864 0.5452738
v 0.059154302 -0.3109191 0.53362226
v 0.04608141 -0.30700696 0.5395668
v 0.04633075 -0.3135407 0.5234672
v 0.04608141 -0.30700696 0.5395668
v 0.040290862 -0.32153475 0.5445996
v 0.04633075 -0.3135407 0.5234672
v -0.037745014 -0.029609375 0.4475094
v -0.05967431 -0.05464588 0.4304921
v -0.059161894 -0.06629085 0.40966198
v 1.1672313E-08 -0.0661277 0.39941332
v -0.00021753134 -0.032096244 0.43374372
v 9.490201E-09 -0.11363539 0.3750493
v -0.071821354 -0.11978818 0.38815403
v -0.08344238 -0.10215181 0.40620434
v -0.07995159 -0.08080124 0.41581345
v -0.06853329 -0.17195186 0.38438216
v 5.7446243E-09 -0.16839615 0.36585993
v 1.8644926E-09 -0.20026559 0.38662392
v -0.08544097 -0.15574507 0.39865583
v -0.09088651 -0.13407472 0.39759868
v -0.07066473 -0.20076874 0.4082097
v -0.08092195 -0.18559833 0.40183023
v -0.03584977 -0.23185132 0.42815846
v 3.491086E-05 -0.23172742 0.41688457
v -1.2693455E-09 -0.061945397 0.60325754
v -0.037428167 -0.015056275 0.52099484
v 0.00021021964 -0.0124496 0.5329491
v -0.077288 -0.0630506 0.5770999
v -9.173316E-09 -0.13642901 0.6339029
v -0.09107725 -0.13244314 0.60045326
v -0.08943004 -0.17503679 0.584859
v -0.063606516 -0.18494225 0.5925516
v -1.28975515E-08 -0.19381407 0.62118876
v -1.2844197E-08 -0.23421708 0.5711491
v -0.080903806 -0.18669213 0.5930686
v -0.09390741 -0.18274412 0.5863086
v -0.07806126 -0.19577542 0.5756763
v -0.07066472 -0.22775248 0.5466058
v -0.036046162 -0.24613008 0.4909176
v -0.00021596695 -0.24920483 0.502054
v -0.08666348 -0.19421744 0.58334017
v -0.095295876 -0.18832652 0.5955787
v -0.10051963 -0.18800512 0.5897938
v -0.095804766 -0.19390304 0.590461
v -0.037745014 -0.029609375 0.4475094
v -0.0882205 -0.07068228 0.4378295
v -0.05967431 -0.05464588 0.4304921
v -0.050745144 -0.022335738 0.48357072
v -0.10351719 -0.06552152 0.49948576
v -0.037428167 -0.015056275 0.52099484
v -0.077288 -0.0630506 0.5770999
v -0.09107725 -0.13244314 0.60045326
v -0.12168803 -0.11812329 0.5010387
v -0.08943004 -0.17503679 0.584859
v -0.0872113 -0.18508832 0.56031984
v -0.10221163 -0.11582824 0.42096832
v -0.07995159 -0.08080124 0.41581345
v -0.08344238 -0.10215181 0.40620434
v -0.11379478 -0.17556736 0.4884873
v -0.094500534 -0.21449354 0.47318622
v -0.07806126 -0.19577542 0.5756763
v -0.07066472 -0.22775248 0.5466058
v -0.036046162 -0.24613008 0.4909176
v -0.048481144 -0.23618375 0.4611134
v -0.07066473 -0.20076874 0.4082097
v -0.03584977 -0.23185132 0.42815846
v -0.09682891 -0.16971402 0.41906354
v -0.08092195 -0.18559833 0.40183023
v -0.08544097 -0.15574507 0.39865583
v -0.09088651 -0.13407472 0.39759868
v -0.12544538 0.053164482 0.463864
v -0.037745014 -0.029609375 0.4475094
v -0.09368799 0.014385581 0.3809443
v -0.050745144 -0.022335738 0.48357072
v -0.09224524 0.07804814 0.5540004
v -0.037428167 -0.015056275 0.52099484
v -0.0012381258 -0.0031075776 0.34966835
v -0.037745014 -0.029609375 0.4475094
v -0.00021753134 -0.032096244 0.43374372
v -0.09368799 0.014385581 0.3809443
v 0.00061517884 0.08273194 0.5832146
v -0.037428167 -0.015056275 0.52099484
v -0.09224524 0.07804814 0.5540004
v 0.00021021964 -0.0124496 0.5329491
v -0.15854463 0.19529131 0.37535745
v -0.108501785 0.07276507 0.33734214
v -0.11764652 0.12465826 0.2972163
v -0.1456599 0.12821138 0.42675897
v -0.117588356 0.25069934 0.4715649
v -0.10780033 0.16635971 0.52832663
v -0.11764652 0.12465826 0.2972163
v -0.0012473734 0.05061926 0.30456623
v -0.0005592067 0.0963262 0.26853013
v -0.108501785 0.07276507 0.33734214
v -0.00048432403 0.26654685 0.5039355
v -0.10780033 0.16635971 0.52832663
v -0.117588356 0.25069934 0.4715649
v -0.0005498651 0.17698294 0.56244373
v -0.109941736 0.25565934 0.22209857
v -0.09267695 0.1725269 0.25439548
v -0.08276238 0.18313244 0.21413688
v -0.12496331 0.24144799 0.29754543
v -0.079960935 0.32446522 0.2507184
v -0.09258066 0.2983081 0.3587652
v -0.08276238 0.18313244 0.21413688
v -0.00040347432 0.14574145 0.24477935
v -0.00011081621 0.15350482 0.21597037
v -0.09267695 0.1725269 0.25439548
v 0.0027030846 0.3445387 0.26513594
v -0.09258066 0.2983081 0.3587652
v -0.079960935 0.32446522 0.2507184
v 4.7844835E-05 0.31310833 0.3867071
v -0.02209403 0.19054085 0.16184412
v 0.00041195285 0.18157476 0.19666636
v 0.0011286326 0.18625858 0.17252684
v -0.04400582 0.1955878 0.18520918
v -0.05854863 0.23069644 0.1604918
v -0.02958951 0.20294765 0.1445478
v -0.020503182 0.22134088 0.1295767
v -0.041402027 0.27512333 0.14805488
v 0.0037751833 0.2879855 0.14656837
v 0.0033863625 0.2296795 0.1265751
v -0.03584977 -0.23185132 0.42815846
v -2.0267442E-05 -0.2612545 0.38284507
v 3.491086E-05 -0.23172742 0.41688457
v -0.06560137 -0.26037484 0.39360973
v -0.048481144 -0.23618375 0.4611134
v -0.00062138215 -0.30525184 0.37055656
v -0.08881837 -0.26084748 0.44129238
v -0.036046162 -0.24613008 0.4909176
v -0.082031354 -0.3031754 0.38067415
v -0.066337794 -0.26362032 0.51344395
v -0.00021596695 -0.24920483 0.502054
v -0.0010161083 -0.26637793 0.5429365
v -0.06994725 -0.3478822 0.38270116
v -0.0013295496 -0.34982488 0.3754114
v -0.032159638 -0.39397004 0.39110088
v -0.002057549 -0.39307484 0.38724953
v -0.0025789146 -0.41467872 0.42067865
v -0.110768124 -0.30081558 0.43102702
v -0.050724596 -0.31564254 0.5317592
v -0.0019659013 -0.32395476 0.55531794
v -0.09237907 -0.34897935 0.42306918
v -0.08873163 -0.30548102 0.4886573
v -0.07834145 -0.35637027 0.46680108
v -0.03973958 -0.36651072 0.50695056
v -0.0025093905 -0.3718351 0.5226362
v -0.032674875 -0.40516946 0.451176
v -0.002730024 -0.4087789 0.4627516
v -0.055440586 -0.39934173 0.42378235
v -0.055356856 -0.40482408 0.42122355
v -0.03491336 -0.4015777 0.4009527
v -0.03523346 -0.40853596 0.4382775
v -0.030677471 -0.41251665 0.4183768
v -0.025341887 -0.4115765 0.41914538
v -0.153908 0.12387203 0.4289223
v -0.08545663 0.020180136 0.38715646
v -0.11447332 0.066340186 0.33379877
v -0.114450954 0.05650105 0.46242738
v -0.113943934 0.16405758 0.53651863
v -0.08422931 0.07899889 0.5446969
v -0.0012655767 0.043404937 0.29898345
v -0.08545663 0.020180136 0.38715646
v -0.0011740706 0.0035906285 0.35878453
v -0.11447332 0.066340186 0.33379877
v -0.08422931 0.07899889 0.5446969
v -0.00052717596 0.17516023 0.5725701
v 0.0005106379 0.08310357 0.5714997
v -0.113943934 0.16405758 0.53651863
v -0.13914464 0.24007884 0.3005849
v -0.1071899 0.13255762 0.302898
v -0.103663206 0.1640225 0.2517913
v -0.14448859 0.19745745 0.37343663
v -0.102903254 0.3037218 0.3676202
v -0.10719259 0.24712005 0.46172225
v -0.0005362994 0.10650924 0.2771241
v -0.103663206 0.1640225 0.2517913
v -0.1071899 0.13255762 0.302898
v -0.00048267422 0.13460445 0.24007857
v -0.10719259 0.24712005 0.46172225
v 2.2395281E-05 0.32062945 0.39749685
v -0.0004702542 0.26111883 0.49152702
v -0.102903254 0.3037218 0.3676202
v -0.069064885 0.23248395 0.1619429
v -0.07269337 0.18990302 0.2118065
v -0.052580543 0.19055007 0.18915753
v -0.097968906 0.25539246 0.21774064
v -0.048989743 0.28405726 0.14746323
v -0.071582876 0.3175698 0.24423043
v 0.000117071904 0.16353534 0.2136281
v -0.052580543 0.19055007 0.18915753
v -0.07269337 0.18990302 0.2118065
v 0.00010429579 0.1734156 0.20247039
v -0.071582876 0.3175698 0.24423043
v 0.0040328046 0.29998854 0.14571781
v 0.0026532304 0.33563212 0.25784624
v -0.048989743 0.28405726 0.14746323
v -0.09221118 -0.18984777 0.5746031
v -0.07806126 -0.19577542 0.5756763
v -0.0872113 -0.18508832 0.56031984
v -0.08666348 -0.19421744 0.58334017
v -0.095804766 -0.19390304 0.590461
v -0.09928943 -0.19314195 0.58542836
v -0.08943004 -0.17503679 0.584859
v -0.09221118 -0.18984777 0.5746031
v -0.0872113 -0.18508832 0.56031984
v -0.09390741 -0.18274412 0.5863086
v -0.09928943 -0.19314195 0.58542836
v -0.10051963 -0.18800512 0.5897938
v -0.095804766 -0.19390304 0.590461
v -0.10051963 -0.18800512 0.5897938
v -0.095295876 -0.18832652 0.5955787
v -0.09928943 -0.19314195 0.58542836
v 0.0017663421 0.16148445 0.1419819
v -0.02209403 0.19054085 0.16184412
v 0.0011286326 0.18625858 0.17252684
v -0.015709953 0.16484757 0.13605902
v -0.02958951 0.20294765 0.1445478
v 0.0018302727 0.13703164 0.12799469
v -0.013551569 0.13821712 0.11156176
v 0.0014085025 0.101223856 0.12265481
v -0.021289617 0.17286853 0.12159573
v -0.020503182 0.22134088 0.1295767
v -0.014448848 0.18111606 0.10706266
v 0.0033863625 0.2296795 0.1265751
v 0.0034688385 0.1834468 0.10283681
v 0.002942864 0.13886544 0.09621393
v 0.0018635823 0.09714736 0.10726555
v -0.006333035 0.09931986 0.114689015
v 7.168786E-05 0.06053152 0.1417809
v -0.055356856 -0.40482408 0.42122355
v -0.046717692 -0.42312202 0.40712157
v -0.03491336 -0.4015777 0.4009527
v -0.048880395 -0.42633015 0.41821206
v -0.041102033 -0.44467813 0.40415612
v -0.03948789 -0.44795832 0.41136622
v -0.041486103 -0.4270841 0.42759857
v -0.055356856 -0.40482408 0.42122355
v -0.03523346 -0.40853596 0.4382775
v -0.048880395 -0.42633015 0.41821206
v -0.03492397 -0.44472903 0.41543818
v -0.03948789 -0.44795832 0.41136622
v -0.015069515 -0.4522977 0.4006401
v -0.030677471 -0.41251665 0.4183768
v -0.041486103 -0.4270841 0.42759857
v -0.03523346 -0.40853596 0.4382775
v -0.034064513 -0.42322677 0.41231573
v -0.03492397 -0.44472903 0.41543818
v -0.033985842 -0.43902007 0.40667439
v -0.030677471 -0.41251665 0.4183768
v -0.046717692 -0.42312202 0.40712157
v -0.034064513 -0.42322677 0.41231573
v -0.041102033 -0.44467813 0.40415612
v -0.033985842 -0.43902007 0.40667439
v -0.015069515 -0.4522977 0.4006401
v 0.00041195285 0.18157476 0.19666636
v -0.052580543 0.19055007 0.18915753
v 0.00010429579 0.1734156 0.20247039
v -0.04400582 0.1955878 0.18520918
v -0.069064885 0.23248395 0.1619429
v -0.05854863 0.23069644 0.1604918
v -0.048989743 0.28405726 0.14746323
v -0.041402027 0.27512333 0.14805488
v 0.0040328046 0.29998854 0.14571781
v 0.0037751833 0.2879855 0.14656837
v 0.000117071904 0.16353534 0.2136281
v -0.08276238 0.18313244 0.21413688
v -0.00011081621 0.15350482 0.21597037
v -0.07269337 0.18990302 0.2118065
v -0.109941736 0.25565934 0.22209857
v -0.097968906 0.25539246 0.21774064
v -0.079960935 0.32446522 0.2507184
v -0.071582876 0.3175698 0.24423043
v 0.0027030846 0.3445387 0.26513594
v 0.0026532304 0.33563212 0.25784624
v -0.00040347432 0.14574145 0.24477935
v -0.103663206 0.1640225 0.2517913
v -0.00048267422 0.13460445 0.24007857
v -0.09267695 0.1725269 0.25439548
v -0.13914464 0.24007884 0.3005849
v -0.12496331 0.24144799 0.29754543
v -0.102903254 0.3037218 0.3676202
v -0.09258066 0.2983081 0.3587652
v 2.2395281E-05 0.32062945 0.39749685
v 4.7844835E-05 0.31310833 0.3867071
v -0.0005362994 0.10650924 0.2771241
v -0.11764652 0.12465826 0.2972163
v -0.0005592067 0.0963262 0.26853013
v -0.1071899 0.13255762 0.302898
v -0.15854463 0.19529131 0.37535745
v -0.14448859 0.19745745 0.37343663
v -0.117588356 0.25069934 0.4715649
v -0.10719259 0.24712005 0.46172225
v -0.00048432403 0.26654685 0.5039355
v -0.0004702542 0.26111883 0.49152702
v -0.0012473734 0.05061926 0.30456623
v -0.11447332 0.066340186 0.33379877
v -0.0012655767 0.043404937 0.29898345
v -0.108501785 0.07276507 0.33734214
v -0.153908 0.12387203 0.4289223
v -0.1456599 0.12821138 0.42675897
v -0.113943934 0.16405758 0.53651863
v -0.10780033 0.16635971 0.52832663
v -0.00052717596 0.17516023 0.5725701
v -0.0005498651 0.17698294 0.56244373
v -0.0011740706 0.0035906285 0.35878453
v -0.09368799 0.014385581 0.3809443
v -0.0012381258 -0.0031075776 0.34966835
v -0.08545663 0.020180136 0.38715646
v -0.12544538 0.053164482 0.463864
v -0.114450954 0.05650105 0.46242738
v -0.09224524 0.07804814 0.5540004
v -0.08422931 0.07899889 0.5446969
v 0.00061517884 0.08273194 0.5832146
v 0.0005106379 0.08310357 0.5714997
v -0.08573372 -0.10670738 0.34429392
v -0.071821354 -0.11978818 0.38815403
v -0.08344238 -0.10215181 0.40620434
v -0.069606856 -0.13395932 0.34614202
v -0.090678185 -0.11632373 0.3281119
v -0.079593346 -0.13471004 0.33408728
v -0.08270442 -0.17865157 0.29283205
v -0.100403614 -0.14752789 0.2888716
v -0.10671715 -0.16597795 0.28351703
v -0.095753014 -0.18493256 0.27950552
v -0.11816764 -0.12043485 0.3493391
v -0.08344238 -0.10215181 0.40620434
v -0.10221163 -0.11582824 0.42096832
v -0.08573372 -0.10670738 0.34429392
v -0.110515125 -0.1260529 0.3357495
v -0.090678185 -0.11632373 0.3281119
v -0.13324854 -0.16452354 0.29555485
v -0.100403614 -0.14752789 0.2888716
v -0.10671715 -0.16597795 0.28351703
v -0.12682688 -0.17741139 0.2824928
v -0.071821354 -0.11978818 0.38815403
v -0.10102023 -0.14921823 0.34794524
v -0.09088651 -0.13407472 0.39759868
v -0.069606856 -0.13395932 0.34614202
v -0.09960196 -0.14509866 0.34200674
v -0.079593346 -0.13471004 0.33408728
v -0.09088651 -0.13407472 0.39759868
v -0.11816764 -0.12043485 0.3493391
v -0.10221163 -0.11582824 0.42096832
v -0.10102023 -0.14921823 0.34794524
v -0.110515125 -0.1260529 0.3357495
v -0.09960196 -0.14509866 0.34200674
v -0.061842635 -0.014686555 0.36998758
v -0.059161894 -0.06629085 0.40966198
v -0.05967431 -0.05464588 0.4304921
v -0.050527647 -0.03623447 0.35899398
v -0.06636252 -0.016459458 0.3503895
v -0.059161894 -0.031517044 0.34799606
v -0.048723485 -0.057523493 0.28395587
v -0.0642919 -0.030893277 0.28178728
v -0.05916191 -0.060019165 0.2728626
v -0.069706604 -0.04514812 0.27358025
v -0.09799765 -0.036298767 0.3599823
v -0.05967431 -0.05464588 0.4304921
v -0.0882205 -0.07068228 0.4378295
v -0.061842635 -0.014686555 0.36998758
v -0.0882206 -0.030864775 0.34825322
v -0.06636252 -0.016459458 0.3503895
v -0.0642919 -0.030893277 0.28178728
v -0.09971132 -0.056199666 0.28402895
v -0.088220604 -0.05921802 0.27297473
v -0.069706604 -0.04514812 0.27358025
v -0.059161894 -0.06629085 0.40966198
v -0.07862773 -0.055470034 0.3517312
v -0.07995159 -0.08080124 0.41581345
v -0.050527647 -0.03623447 0.35899398
v -0.07723759 -0.044039525 0.3461384
v -0.059161894 -0.031517044 0.34799606
v -0.07995159 -0.08080124 0.41581345
v -0.09799765 -0.036298767 0.3599823
v -0.0882205 -0.07068228 0.4378295
v -0.07862773 -0.055470034 0.3517312
v -0.0882206 -0.030864775 0.34825322
v -0.07723759 -0.044039525 0.3461384
v -0.06853329 -0.17195186 0.38438216
v -0.0974527 -0.2196675 0.3548276
v -0.08092195 -0.18559833 0.40183023
v -0.06434723 -0.20166063 0.3345791
v -0.10106156 -0.21916384 0.33313084
v -0.08867946 -0.21188223 0.3254945
v -0.08092195 -0.18559833 0.40183023
v -0.12935351 -0.1942195 0.34642664
v -0.09682891 -0.16971402 0.41906354
v -0.0974527 -0.2196675 0.3548276
v -0.10106156 -0.21916384 0.33313084
v -0.11343983 -0.20668763 0.32675213
v -0.096903734 -0.17633425 0.32287255
v -0.06853329 -0.17195186 0.38438216
v -0.08544097 -0.15574507 0.39865583
v -0.06434723 -0.20166063 0.3345791
v -0.12935351 -0.1942195 0.34642664
v -0.08544097 -0.15574507 0.39865583
v -0.09682891 -0.16971402 0.41906354
v -0.096903734 -0.17633425 0.32287255
v -0.07329956 0.031936422 0.20666571
v -0.05622257 -0.0067116916 0.20978677
v -0.07293323 -0.001114428 0.2277211
v -0.06397416 0.028812893 0.1966574
v -0.07376199 0.08401008 0.21428454
v -0.079593346 -0.13471004 0.33408728
v -0.11585475 -0.19676252 0.29972205
v -0.09960196 -0.14509866 0.34200674
v -0.08270442 -0.17865157 0.29283205
v -0.095753014 -0.18493256 0.27950552
v -0.1160504 -0.19705975 0.27835062
v -0.08646435 -0.1714637 0.22570303
v -0.12311247 -0.19097725 0.21478033
v -0.09255743 -0.1627026 0.21187457
v -0.12191877 -0.17659421 0.19988126
v -0.11899887 -0.16090582 0.19579461
v -0.09919357 -0.15353906 0.20621741
v -0.11656363 -0.13477261 0.17395315
v -0.10493642 -0.13044773 0.1800721
v -0.10705726 -0.084418185 0.17071542
v -0.11585475 -0.19676252 0.29972205
v -0.110515125 -0.1260529 0.3357495
v -0.09960196 -0.14509866 0.34200674
v -0.13324854 -0.16452354 0.29555485
v -0.12682688 -0.17741139 0.2824928
v -0.1160504 -0.19705975 0.27835062
v -0.1435509 -0.15983361 0.23354384
v -0.12311247 -0.19097725 0.21478033
v -0.138285 -0.15344797 0.2182237
v -0.12191877 -0.17659421 0.19988126
v -0.13042507 -0.14726491 0.21057943
v -0.11899887 -0.16090582 0.19579461
v -0.11656363 -0.13477261 0.17395315
v -0.12327165 -0.12676437 0.18263291
v -0.10705726 -0.084418185 0.17071542
v -0.059161894 -0.031517044 0.34799606
v -0.079249494 -0.07926537 0.2858438
v -0.07723759 -0.044039525 0.3461384
v -0.048723485 -0.057523493 0.28395587
v -0.0758806 -0.07196081 0.272349
v -0.05916191 -0.060019165 0.2728626
v -0.07831721 -0.051164746 0.208827
v -0.038486045 -0.031273663 0.22909194
v -0.045881044 -0.018601 0.2160581
v -0.07675681 -0.03057161 0.19570953
v -0.07470534 -0.011055529 0.19587283
v -0.05622257 -0.0067116916 0.20978677
v -0.06397416 0.028812893 0.1966574
v -0.07428848 0.026388824 0.18889272
v -0.07376199 0.08401008 0.21428454
v -0.07723759 -0.044039525 0.3461384
v -0.09971132 -0.056199666 0.28402895
v -0.0882206 -0.030864775 0.34825322
v -0.079249494 -0.07926537 0.2858438
v -0.08867946 -0.21188223 0.3254945
v -0.11755872 -0.30554157 0.3064465
v -0.10106156 -0.21916384 0.33313084
v -0.085574135 -0.28664318 0.2826884
v -0.108369924 -0.3095183 0.26529044
v -0.12485087 -0.3205146 0.2753307
v -0.13536039 -0.3559228 0.25597736
v -0.09357489 -0.33314216 0.22904977
v -0.102362454 -0.35269302 0.18178308
v -0.14665174 -0.38284588 0.20041725
v -0.14685392 -0.3708381 0.16717967
v -0.11981862 -0.35203794 0.1613957
v -0.13361163 -0.3564117 0.09954042
v -0.15057667 -0.3679992 0.098052554
v -0.13828292 -0.3094125 0.03782139
v -0.11755872 -0.30554157 0.3064465
v -0.11343983 -0.20668763 0.32675213
v -0.10106156 -0.21916384 0.33313084
v -0.14824885 -0.27355707 0.2857219
v -0.13790926 -0.30213252 0.26688576
v -0.12485087 -0.3205146 0.2753307
v -0.13536039 -0.3559228 0.25597736
v -0.16582206 -0.31213927 0.23314622
v -0.17382568 -0.33186483 0.18600556
v -0.14665174 -0.38284588 0.20041725
v -0.16149521 -0.33995646 0.16387498
v -0.14685392 -0.3708381 0.16717967
v -0.1592844 -0.34896868 0.101138584
v -0.15057667 -0.3679992 0.098052554
v -0.13828292 -0.3094125 0.03782139
v -0.107224405 -0.14142053 0.24380067
v -0.095753014 -0.18493256 0.27950552
v -0.10671715 -0.16597795 0.28351703
v -0.08646435 -0.1714637 0.22570303
v -0.10918401 -0.14036007 0.22954583
v -0.09255743 -0.1627026 0.21187457
v -0.09919357 -0.15353906 0.20621741
v -0.110792115 -0.14035717 0.22045219
v -0.111745626 -0.122708976 0.18842906
v -0.10493642 -0.13044773 0.1800721
v -0.10705726 -0.084418185 0.17071542
v -0.12682688 -0.17741139 0.2824928
v -0.107224405 -0.14142053 0.24380067
v -0.10671715 -0.16597795 0.28351703
v -0.1435509 -0.15983361 0.23354384
v -0.10918401 -0.14036007 0.22954583
v -0.138285 -0.15344797 0.2182237
v -0.110792115 -0.14035717 0.22045219
v -0.13042507 -0.14726491 0.21057943
v -0.111745626 -0.122708976 0.18842906
v -0.12327165 -0.12676437 0.18263291
v -0.10705726 -0.084418185 0.17071542
v -0.066991016 -0.0063615143 0.2547962
v -0.05916191 -0.060019165 0.2728626
v -0.069706604 -0.04514812 0.27358025
v -0.038486045 -0.031273663 0.22909194
v -0.06939709 -0.0035029203 0.24187984
v -0.045881044 -0.018601 0.2160581
v -0.05622257 -0.0067116916 0.20978677
v -0.07293323 -0.001114428 0.2277211
v -0.088220604 -0.05921802 0.27297473
v -0.066991016 -0.0063615143 0.2547962
v -0.069706604 -0.04514812 0.27358025
v -0.109616175 -0.029941797 0.23067299
v -0.06939709 -0.0035029203 0.24187984
v -0.101816125 -0.017779201 0.21761027
v -0.07293323 -0.001114428 0.2277211
v -0.091185264 -0.006359279 0.21092026
v -0.07329956 0.031936422 0.20666571
v -0.08348509 0.029009566 0.19728991
v -0.07376199 0.08401008 0.21428454
v -0.12223935 -0.29087114 0.2568362
v -0.09357489 -0.33314216 0.22904977
v -0.108369924 -0.3095183 0.26529044
v -0.12601481 -0.28863645 0.2062025
v -0.13147862 -0.3009522 0.16739598
v -0.102362454 -0.35269302 0.18178308
v -0.11981862 -0.35203794 0.1613957
v -0.13558747 -0.32070386 0.15813822
v -0.13361163 -0.3564117 0.09954042
v -0.14301248 -0.3371024 0.10268139
v -0.13828292 -0.3094125 0.03782139
v -0.16582206 -0.31213927 0.23314622
v -0.12223935 -0.29087114 0.2568362
v -0.13790926 -0.30213252 0.26688576
v -0.12601481 -0.28863645 0.2062025
v -0.13147862 -0.3009522 0.16739598
v -0.17382568 -0.33186483 0.18600556
v -0.13558747 -0.32070386 0.15813822
v -0.16149521 -0.33995646 0.16387498
v -0.14301248 -0.3371024 0.10268139
v -0.1592844 -0.34896868 0.101138584
v -0.13828292 -0.3094125 0.03782139
v -0.08348509 0.029009566 0.19728991
v -0.07428848 0.026388824 0.18889272
v -0.07376199 0.08401008 0.21428454
v -0.07470534 -0.011055529 0.19587283
v -0.091185264 -0.006359279 0.21092026
v -0.07675681 -0.03057161 0.19570953
v -0.101816125 -0.017779201 0.21761027
v -0.07831721 -0.051164746 0.208827
v -0.109616175 -0.029941797 0.23067299
v -0.088220604 -0.05921802 0.27297473
v -0.0758806 -0.07196081 0.272349
v -0.09971132 -0.056199666 0.28402895
v -0.079249494 -0.07926537 0.2858438
v -0.085574135 -0.28664318 0.2826884
v -0.12223935 -0.29087114 0.2568362
v -0.108369924 -0.3095183 0.26529044
v -0.11799659 -0.25420716 0.2619212
v -0.1017423 -0.199229 0.31910464
v -0.08867946 -0.21188223 0.3254945
v -0.096903734 -0.17633425 0.32287255
v -0.06434723 -0.20166063 0.3345791
v -0.12223935 -0.29087114 0.2568362
v -0.14824885 -0.27355707 0.2857219
v -0.13790926 -0.30213252 0.26688576
v -0.11799659 -0.25420716 0.2619212
v -0.1017423 -0.199229 0.31910464
v -0.11343983 -0.20668763 0.32675213
v -0.096903734 -0.17633425 0.32287255
v -0.12935351 -0.1942195 0.34642664
v 0.037427537 -0.029516324 0.44717696
v 0.05918061 -0.06756949 0.4099489
v 0.05974777 -0.054190002 0.42979062
v 1.1672313E-08 -0.0661277 0.39941332
v -0.00021753134 -0.032096244 0.43374372
v 9.490201E-09 -0.11363539 0.3750493
v 0.06958581 -0.11640496 0.38852394
v 0.08497472 -0.10194311 0.40702304
v 0.07978165 -0.0817774 0.41741014
v 0.06877421 -0.17055908 0.38393217
v 5.7446243E-09 -0.16839615 0.36585993
v 1.8644926E-09 -0.20026559 0.38662392
v 0.08659623 -0.15585305 0.3989958
v 0.08699596 -0.13421005 0.39568758
v 0.07066475 -0.20076871 0.4082097
v 0.079618275 -0.18547896 0.40144753
v 0.035884473 -0.23239873 0.42836404
v 3.491086E-05 -0.23172742 0.41688457
v 0.03774439 -0.0149632245 0.5206624
v -1.2693455E-09 -0.061945397 0.60325754
v 0.00021021964 -0.0124496 0.5329491
v 0.077288 -0.06305057 0.57710004
v -9.173316E-09 -0.13642901 0.6339029
v 0.09107725 -0.13244312 0.60045326
v 0.0896067 -0.17497817 0.5847477
v 0.06366513 -0.18450922 0.592278
v -1.28975515E-08 -0.19381407 0.62118876
v -1.2844197E-08 -0.23421708 0.5711491
v 0.08233197 -0.18158394 0.5954082
v 0.09489964 -0.18171886 0.58567965
v 0.0779859 -0.19550592 0.5755553
v 0.070664704 -0.22775245 0.5466058
v 0.035688072 -0.24667749 0.49112317
v -0.00021596695 -0.24920483 0.502054
v 0.085229635 -0.19264704 0.58694744
v 0.094963044 -0.18796828 0.59552014
v 0.10034713 -0.1880148 0.5898752
v 0.095342666 -0.1936704 0.59053135
v 0.037427537 -0.029516324 0.44717696
v 0.05974777 -0.054190002 0.42979062
v 0.08808272 -0.06990722 0.4386012
v 0.050737835 -0.022210129 0.4831219
v 0.103517205 -0.06552149 0.4994858
v 0.03774439 -0.0149632245 0.5206624
v 0.077288 -0.06305057 0.57710004
v 0.09107725 -0.13244312 0.60045326
v 0.121688046 -0.11812323 0.5010387
v 0.0896067 -0.17497817 0.5847477
v 0.0873 -0.18500063 0.5602306
v 0.10252534 -0.119502015 0.4195596
v 0.07978165 -0.0817774 0.41741014
v 0.08497472 -0.10194311 0.40702304
v 0.11379478 -0.17556733 0.48848733
v 0.094500534 -0.21449351 0.47318625
v 0.0779859 -0.19550592 0.5755553
v 0.070664704 -0.22775245 0.5466058
v 0.035688072 -0.24667749 0.49112317
v 0.048360065 -0.23692276 0.4613909
v 0.07066475 -0.20076871 0.4082097
v 0.035884473 -0.23239873 0.42836404
v 0.09633669 -0.1710558 0.41942948
v 0.079618275 -0.18547896 0.40144753
v 0.08659623 -0.15585305 0.3989958
v 0.08699596 -0.13421005 0.39568758
v 0.037427537 -0.029516324 0.44717696
v 0.124689616 0.053783678 0.4616515
v 0.09166279 0.01484441 0.37930486
v 0.050737835 -0.022210129 0.4831219
v 0.092966355 0.07850662 0.5523621
v 0.03774439 -0.0149632245 0.5206624
v -0.0012381258 -0.0031075776 0.34966835
v 0.037427537 -0.029516324 0.44717696
v 0.09166279 0.01484441 0.37930486
v -0.00021753134 -0.032096244 0.43374372
v 0.00061517884 0.08273194 0.5832146
v 0.03774439 -0.0149632245 0.5206624
v 0.00021021964 -0.0124496 0.5329491
v 0.092966355 0.07850662 0.5523621
v 0.10619118 0.07248517 0.33675304
v 0.15770325 0.19368389 0.3764192
v 0.11661481 0.12346755 0.29800284
v 0.14384857 0.12783395 0.42596462
v 0.116667256 0.24950868 0.47235137
v 0.106522895 0.16608028 0.5277386
v 0.11661481 0.12346755 0.29800284
v -0.0012473734 0.05061926 0.30456623
v 0.10619118 0.07248517 0.33675304
v -0.0005592067 0.0963262 0.26853013
v 0.106522895 0.16608028 0.5277386
v -0.00048432403 0.26654685 0.5039355
v 0.116667256 0.24950868 0.47235137
v -0.0005498651 0.17698294 0.56244373
v -0.00052717596 0.17516023 0.5725701
v 0.11270198 0.1637621 0.5358968
v 0.14384857 0.12783395 0.42596462
v 0.15210076 0.12347308 0.42808264
v 0.10619118 0.07248517 0.33675304
v 0.11213697 0.06604475 0.333177
v -0.0012473734 0.05061926 0.30456623
v -0.0012655767 0.043404937 0.29898345
v 0.092241704 0.17030793 0.25621063
v 0.11324689 0.25143695 0.22573121
v 0.08361784 0.17998478 0.2168449
v 0.12520121 0.23844609 0.30000103
v 0.08497418 0.32134488 0.2534029
v 0.09287119 0.29608274 0.36058557
v 0.08361784 0.17998478 0.2168449
v -0.00040347432 0.14574145 0.24477935
v 0.092241704 0.17030793 0.25621063
v -0.00011081621 0.15350482 0.21597037
v 0.0027030846 0.3445387 0.26513594
v 0.09287119 0.29608274 0.36058557
v 4.7844835E-05 0.31310833 0.3867071
v 0.08497418 0.32134488 0.2534029
v 0.00041195285 0.18157476 0.19666636
v 0.025131945 0.18973514 0.1633676
v 0.0011286326 0.18625858 0.17252684
v 0.045873076 0.19398019 0.18747
v 0.06301916 0.228522 0.16354972
v 0.03416561 0.20185995 0.1466045
v 0.026722811 0.22053517 0.13110018
v 0.048282348 0.2735192 0.15031081
v 0.0037751833 0.2879855 0.14656837
v 0.0033863625 0.2296795 0.1265751
v -2.0267442E-05 -0.2612545 0.38284507
v 0.035884473 -0.23239873 0.42836404
v 3.491086E-05 -0.23172742 0.41688457
v 0.06542945 -0.2623748 0.39436078
v 0.048360065 -0.23692276 0.4613909
v -0.00062138215 -0.30525184 0.37055656
v 0.08807321 -0.26354742 0.4423063
v 0.035688072 -0.24667749 0.49112317
v 0.08069274 -0.30565906 0.38160688
v 0.064693026 -0.2656203 0.51419497
v -0.00021596695 -0.24920483 0.502054
v -0.0010161083 -0.26637793 0.5429365
v 0.067227416 -0.34997594 0.38348743
v -0.0013295496 -0.34982488 0.3754114
v 0.02795708 -0.39488757 0.39144543
v -0.002057549 -0.39307484 0.38724953
v -0.0025789146 -0.41467872 0.42067865
v 0.108909145 -0.30416858 0.43228623
v 0.047290564 -0.31713855 0.53232104
v -0.0019659013 -0.32395476 0.55531794
v 0.08915117 -0.35175008 0.42410973
v 0.08608149 -0.30814922 0.48965934
v 0.07439425 -0.35870153 0.46767655
v 0.035043277 -0.36765215 0.50737923
v -0.0025093905 -0.3718351 0.5226362
v 0.027441736 -0.40608698 0.45152053
v -0.002730024 -0.4087789 0.4627516
v 0.05068716 -0.40096158 0.42439064
v 0.050465483 -0.40643924 0.4218301
v 0.030364253 -0.4025741 0.4013268
v 0.030044047 -0.4095323 0.43865162
v 0.025597075 -0.41337556 0.41869932
v 0.020284208 -0.41227293 0.41940686
v 0.08351401 0.020598419 0.38566187
v 0.15210076 0.12347308 0.42808264
v 0.11213697 0.06604475 0.333177
v 0.11365513 0.057065714 0.46040973
v 0.11270198 0.1637621 0.5358968
v 0.08478249 0.07941727 0.543202
v -0.0012655767 0.043404937 0.29898345
v 0.08351401 0.020598419 0.38566187
v 0.11213697 0.06604475 0.333177
v -0.0011740706 0.0035906285 0.35878453
v 0.08478249 0.07941727 0.543202
v -0.00052717596 0.17516023 0.5725701
v 0.11270198 0.1637621 0.5358968
v 0.0005106379 0.08310357 0.5714997
v 0.106201135 0.13147299 0.30361444
v 0.13928132 0.23673782 0.30331787
v 0.10308133 0.16154164 0.25382066
v 0.14368315 0.19599272 0.37440413
v 0.10312963 0.3012495 0.3696426
v 0.10630198 0.24603489 0.46243906
v -0.0005362994 0.10650924 0.2771241
v 0.10308133 0.16154164 0.25382066
v -0.00048267422 0.13460445 0.24007857
v 0.106201135 0.13147299 0.30361444
v 0.10630198 0.24603489 0.46243906
v 2.2395281E-05 0.32062945 0.39749685
v 0.10312963 0.3012495 0.3696426
v -0.0004702542 0.26111883 0.49152702
v 0.0738932 0.18712983 0.21419238
v 0.07351132 0.22993377 0.16552928
v 0.054032817 0.18864313 0.1918393
v 0.101420656 0.25162032 0.22098593
v 0.056236066 0.28217512 0.1501101
v 0.076556854 0.3147672 0.24664158
v 0.000117071904 0.16353534 0.2136281
v 0.054032817 0.18864313 0.1918393
v 0.00010429579 0.1734156 0.20247039
v 0.0738932 0.18712983 0.21419238
v 0.076556854 0.3147672 0.24664158
v 0.0040328046 0.29998854 0.14571781
v 0.056236066 0.28217512 0.1501101
v 0.0026532304 0.33563212 0.25784624
v 0.0779859 -0.19550592 0.5755553
v 0.0901154 -0.19165543 0.5762042
v 0.0873 -0.18500063 0.5602306
v 0.085229635 -0.19264704 0.58694744
v 0.095342666 -0.1936704 0.59053135
v 0.098991156 -0.19318049 0.58558166
v 0.0901154 -0.19165543 0.5762042
v 0.0896067 -0.17497817 0.5847477
v 0.0873 -0.18500063 0.5602306
v 0.09489964 -0.18171886 0.58567965
v 0.098991156 -0.19318049 0.58558166
v 0.10034713 -0.1880148 0.5898752
v 0.095342666 -0.1936704 0.59053135
v 0.10034713 -0.1880148 0.5898752
v 0.098991156 -0.19318049 0.58558166
v 0.094963044 -0.18796828 0.59552014
v 0.025131945 0.18973514 0.1633676
v 0.0017663421 0.16148445 0.1419819
v 0.0011286326 0.18625858 0.17252684
v 0.019708091 0.16425063 0.13726449
v 0.0018302727 0.13703164 0.12799469
v 0.01832471 0.13767987 0.11264669
v 0.03416561 0.20185995 0.1466045
v 0.0014085025 0.101223856 0.12265481
v 0.02652479 0.17206267 0.12322313
v 0.026722811 0.22053517 0.13110018
v 0.020969208 0.18051912 0.10826814
v 0.0033863625 0.2296795 0.1265751
v 0.0034688385 0.1834468 0.10283681
v 0.002942864 0.13886544 0.09621393
v 0.0018635823 0.09714736 0.10726555
v 0.009605113 0.09905124 0.115231484
v 7.168786E-05 0.06053152 0.1417809
v 0.0414341 -0.42446744 0.4076268
v 0.050465483 -0.40643924 0.4218301
v 0.030364253 -0.4025741 0.4013268
v 0.043370638 -0.42773816 0.41874078
v 0.03519755 -0.44584268 0.40459344
v 0.033401523 -0.4490708 0.41178396
v 0.050465483 -0.40643924 0.4218301
v 0.035849687 -0.4282645 0.42804185
v 0.030044047 -0.4095323 0.43865162
v 0.043370638 -0.42773816 0.41874078
v 0.028891914 -0.4457031 0.41580388
v 0.033401523 -0.4490708 0.41178396
v 0.008986628 -0.45266482 0.40077794
v 0.035849687 -0.4282645 0.42804185
v 0.025597075 -0.41337556 0.41869932
v 0.030044047 -0.4095323 0.43865162
v 0.028724924 -0.42418513 0.4126756
v 0.028891914 -0.4457031 0.41580388
v 0.028228957 -0.43996966 0.40703097
v 0.0414341 -0.42446744 0.4076268
v 0.025597075 -0.41337556 0.41869932
v 0.028724924 -0.42418513 0.4126756
v 0.03519755 -0.44584268 0.40459344
v 0.028228957 -0.43996966 0.40703097
v 0.008986628 -0.45266482 0.40077794
v 0.054032817 0.18864313 0.1918393
v 0.00041195285 0.18157476 0.19666636
v 0.00010429579 0.1734156 0.20247039
v 0.045873076 0.19398019 0.18747
v 0.07351132 0.22993377 0.16552928
v 0.06301916 0.228522 0.16354972
v 0.056236066 0.28217512 0.1501101
v 0.048282348 0.2735192 0.15031081
v 0.0040328046 0.29998854 0.14571781
v 0.0037751833 0.2879855 0.14656837
v 0.08361784 0.17998478 0.2168449
v 0.000117071904 0.16353534 0.2136281
v -0.00011081621 0.15350482 0.21597037
v 0.0738932 0.18712983 0.21419238
v 0.11324689 0.25143695 0.22573121
v 0.101420656 0.25162032 0.22098593
v 0.08497418 0.32134488 0.2534029
v 0.076556854 0.3147672 0.24664158
v 0.0027030846 0.3445387 0.26513594
v 0.0026532304 0.33563212 0.25784624
v 0.10308133 0.16154164 0.25382066
v -0.00040347432 0.14574145 0.24477935
v -0.00048267422 0.13460445 0.24007857
v 0.092241704 0.17030793 0.25621063
v 0.13928132 0.23673782 0.30331787
v 0.12520121 0.23844609 0.30000103
v 0.10312963 0.3012495 0.3696426
v 0.09287119 0.29608274 0.36058557
v 2.2395281E-05 0.32062945 0.39749685
v 4.7844835E-05 0.31310833 0.3867071
v 0.11661481 0.12346755 0.29800284
v -0.0005362994 0.10650924 0.2771241
v -0.0005592067 0.0963262 0.26853013
v 0.106201135 0.13147299 0.30361444
v 0.15770325 0.19368389 0.3764192
v 0.14368315 0.19599272 0.37440413
v 0.116667256 0.24950868 0.47235137
v 0.10630198 0.24603489 0.46243906
v -0.00048432403 0.26654685 0.5039355
v -0.0004702542 0.26111883 0.49152702
v 0.09166279 0.01484441 0.37930486
v -0.0011740706 0.0035906285 0.35878453
v -0.0012381258 -0.0031075776 0.34966835
v 0.08351401 0.020598419 0.38566187
v 0.124689616 0.053783678 0.4616515
v 0.11365513 0.057065714 0.46040973
v 0.092966355 0.07850662 0.5523621
v 0.08478249 0.07941727 0.543202
v 0.00061517884 0.08273194 0.5832146
v 0.0005106379 0.08310357 0.5714997
v 0.06958581 -0.11640496 0.38852394
v 0.08098391 -0.09737339 0.34598997
v 0.08497472 -0.10194311 0.40702304
v 0.05762359 -0.11881413 0.3468564
v 0.08110592 -0.10676709 0.32567012
v 0.06560842 -0.120617956 0.33320847
v 0.05111305 -0.16980673 0.30085438
v 0.07699402 -0.14709319 0.290276
v 0.07626527 -0.16706286 0.28788924
v 0.06009175 -0.18247615 0.28903994
v 0.08497472 -0.10194311 0.40702304
v 0.10805481 -0.12041438 0.34452927
v 0.10252534 -0.119502015 0.4195596
v 0.08098391 -0.09737339 0.34598997
v 0.09770034 -0.121831715 0.33166343
v 0.08110592 -0.10676709 0.32567012
v 0.1035693 -0.17225018 0.29883087
v 0.07699402 -0.14709319 0.290276
v 0.07626527 -0.16706286 0.28788924
v 0.09218922 -0.18382838 0.2877348
v 0.08292677 -0.14249393 0.3421763
v 0.06958581 -0.11640496 0.38852394
v 0.08699596 -0.13421005 0.39568758
v 0.05762359 -0.11881413 0.3468564
v 0.08219298 -0.13635087 0.3394856
v 0.06560842 -0.120617956 0.33320847
v 0.10805481 -0.12041438 0.34452927
v 0.08699596 -0.13421005 0.39568758
v 0.10252534 -0.119502015 0.4195596
v 0.08292677 -0.14249393 0.3421763
v 0.09770034 -0.121831715 0.33166343
v 0.08219298 -0.13635087 0.3394856
v 0.05918061 -0.06756949 0.4099489
v 0.06324962 -0.024579782 0.36276808
v 0.05974777 -0.054190002 0.42979062
v 0.051505003 -0.047409553 0.35541514
v 0.067820884 -0.029706547 0.34382308
v 0.060305044 -0.044807814 0.34382394
v 0.04995519 -0.08043263 0.28451875
v 0.066108026 -0.054788165 0.27837914
v 0.060452666 -0.08483424 0.2739186
v 0.07135214 -0.07026897 0.26982588
v 0.05974777 -0.054190002 0.42979062
v 0.09895483 -0.04833697 0.35684255
v 0.08808272 -0.06990722 0.4386012
v 0.06324962 -0.024579782 0.36276808
v 0.089368224 -0.04471971 0.34429976
v 0.067820884 -0.029706547 0.34382308
v 0.066108026 -0.054788165 0.27837914
v 0.10095638 -0.0801055 0.2850573
v 0.089522235 -0.08461757 0.2740814
v 0.07135214 -0.07026897 0.26982588
v 0.07919672 -0.0681918 0.3517224
v 0.05918061 -0.06756949 0.4099489
v 0.07978165 -0.0817774 0.41741014
v 0.051505003 -0.047409553 0.35541514
v 0.07811089 -0.057839774 0.34422728
v 0.060305044 -0.044807814 0.34382394
v 0.09895483 -0.04833697 0.35684255
v 0.07978165 -0.0817774 0.41741014
v 0.08808272 -0.06990722 0.4386012
v 0.07919672 -0.0681918 0.3517224
v 0.089368224 -0.04471971 0.34429976
v 0.07811089 -0.057839774 0.34422728
v 0.09233141 -0.21949686 0.35343406
v 0.06877421 -0.17055908 0.38393217
v 0.079618275 -0.18547896 0.40144753
v 0.06369962 -0.19579534 0.332252
v 0.09688783 -0.21660802 0.33352515
v 0.08696504 -0.21084946 0.3220857
v 0.12823579 -0.19909069 0.34792918
v 0.079618275 -0.18547896 0.40144753
v 0.09633669 -0.1710558 0.41942948
v 0.09233141 -0.21949686 0.35343406
v 0.09688783 -0.21660802 0.33352515
v 0.111925036 -0.20877555 0.32583183
v 0.10043198 -0.1754932 0.32347983
v 0.06877421 -0.17055908 0.38393217
v 0.06369962 -0.19579534 0.332252
v 0.08659623 -0.15585305 0.3989958
v 0.12823579 -0.19909069 0.34792918
v 0.08659623 -0.15585305 0.3989958
v 0.10043198 -0.1754932 0.32347983
v 0.09633669 -0.1710558 0.41942948
v 0.05858884 -0.06772746 0.19297498
v 0.076563224 -0.035534702 0.17210418
v 0.0754783 -0.054688364 0.20627703
v 0.06713804 -0.04281117 0.16468093
v 0.07827514 0.013929826 0.1542085
v 0.07765732 -0.19606556 0.30981535
v 0.06560842 -0.120617956 0.33320847
v 0.08219298 -0.13635087 0.3394856
v 0.05111305 -0.16980673 0.30085438
v 0.06009175 -0.18247615 0.28903994
v 0.07598754 -0.19997309 0.2888947
v 0.04427476 -0.17859863 0.23578334
v 0.07297531 -0.20876008 0.22530791
v 0.049543887 -0.17470427 0.21959141
v 0.07233582 -0.19787884 0.20765945
v 0.07231478 -0.18313172 0.2003195
v 0.056917783 -0.16892022 0.21109533
v 0.07185442 -0.16223536 0.17331848
v 0.06281522 -0.15389208 0.1796447
v 0.073465176 -0.11287139 0.15928185
v 0.09770034 -0.121831715 0.33166343
v 0.07765732 -0.19606556 0.30981535
v 0.08219298 -0.13635087 0.3394856
v 0.1035693 -0.17225018 0.29883087
v 0.09218922 -0.18382838 0.2877348
v 0.07598754 -0.19997309 0.2888947
v 0.1029606 -0.18087704 0.23325434
v 0.07297531 -0.20876008 0.22530791
v 0.096551284 -0.17657337 0.21764627
v 0.07233582 -0.19787884 0.20765945
v 0.089017585 -0.17023572 0.20980272
v 0.07231478 -0.18313172 0.2003195
v 0.07185442 -0.16223536 0.17331848
v 0.0816602 -0.15466444 0.17888582
v 0.073465176 -0.11287139 0.15928185
v 0.079990916 -0.10219176 0.29022
v 0.060305044 -0.044807814 0.34382394
v 0.07811089 -0.057839774 0.34422728
v 0.04995519 -0.08043263 0.28451875
v 0.076879196 -0.09703322 0.27754167
v 0.060452666 -0.08483424 0.2739186
v 0.079626456 -0.107830085 0.21333095
v 0.040333726 -0.07984596 0.2214435
v 0.04798795 -0.075007506 0.20403188
v 0.078514315 -0.0958556 0.19202474
v 0.076924 -0.07854075 0.18292639
v 0.05858884 -0.06772746 0.19297498
v 0.06713804 -0.04281117 0.16468093
v 0.077369995 -0.04884553 0.15907331
v 0.07827514 0.013929826 0.1542085
v 0.07811089 -0.057839774 0.34422728
v 0.10095638 -0.0801055 0.2850573
v 0.079990916 -0.10219176 0.29022
v 0.089368224 -0.04471971 0.34429976
v 0.099631205 -0.30608475 0.3507082
v 0.08696504 -0.21084946 0.3220857
v 0.09688783 -0.21660802 0.33352515
v 0.07434174 -0.2963956 0.3159063
v 0.094078444 -0.32648736 0.31450412
v 0.10711324 -0.33752286 0.32974517
v 0.10810685 -0.3782211 0.31180644
v 0.07513161 -0.34853622 0.27984518
v 0.08051191 -0.37486345 0.23544328
v 0.11430942 -0.41319838 0.26006293
v 0.11918505 -0.40545478 0.22592746
v 0.09840864 -0.3810501 0.2164111
v 0.1132976 -0.39575264 0.15643105
v 0.12662001 -0.41143867 0.15730247
v 0.13305573 -0.358795 0.09098084
v 0.111925036 -0.20877555 0.32583183
v 0.099631205 -0.30608475 0.3507082
v 0.09688783 -0.21660802 0.33352515
v 0.13771115 -0.2910352 0.32391584
v 0.12433356 -0.3247893 0.3179202
v 0.10711324 -0.33752286 0.32974517
v 0.10810685 -0.3782211 0.31180644
v 0.15010397 -0.34668964 0.28714514
v 0.15467727 -0.37296674 0.24282818
v 0.11430942 -0.41319838 0.26006293
v 0.14164296 -0.38000476 0.22074084
v 0.11918505 -0.40545478 0.22592746
v 0.13992696 -0.39509994 0.15916847
v 0.12662001 -0.41143867 0.15730247
v 0.13305573 -0.358795 0.09098084
v 0.06009175 -0.18247615 0.28903994
v 0.074199095 -0.15197286 0.24331331
v 0.07626527 -0.16706286 0.28788924
v 0.04427476 -0.17859863 0.23578334
v 0.073705405 -0.154361 0.22909299
v 0.049543887 -0.17470427 0.21959141
v 0.056917783 -0.16892022 0.21109533
v 0.07358193 -0.15661356 0.22013801
v 0.07259833 -0.14666714 0.1849535
v 0.06281522 -0.15389208 0.1796447
v 0.073465176 -0.11287139 0.15928185
v 0.074199095 -0.15197286 0.24331331
v 0.09218922 -0.18382838 0.2877348
v 0.07626527 -0.16706286 0.28788924
v 0.1029606 -0.18087704 0.23325434
v 0.073705405 -0.154361 0.22909299
v 0.096551284 -0.17657337 0.21764627
v 0.07358193 -0.15661356 0.22013801
v 0.089017585 -0.17023572 0.20980272
v 0.07259833 -0.14666714 0.1849535
v 0.0816602 -0.15466444 0.17888582
v 0.073465176 -0.11287139 0.15928185
v 0.060452666 -0.08483424 0.2739186
v 0.069491886 -0.046379805 0.23256454
v 0.07135214 -0.07026897 0.26982588
v 0.040333726 -0.07984596 0.2214435
v 0.07192755 -0.050020866 0.21985221
v 0.04798795 -0.075007506 0.20403188
v 0.05858884 -0.06772746 0.19297498
v 0.0754783 -0.054688364 0.20627703
v 0.069491886 -0.046379805 0.23256454
v 0.089522235 -0.08461757 0.2740814
v 0.07135214 -0.07026897 0.26982588
v 0.11147974 -0.07949962 0.22281986
v 0.07192755 -0.050020866 0.21985221
v 0.10393111 -0.07478784 0.205493
v 0.0754783 -0.054688364 0.20627703
v 0.09355325 -0.06765503 0.1941084
v 0.076563224 -0.035534702 0.17210418
v 0.08664993 -0.042770743 0.1653134
v 0.07827514 0.013929826 0.1542085
v 0.07513161 -0.34853622 0.27984518
v 0.11214624 -0.3136624 0.30270267
v 0.094078444 -0.32648736 0.31450412
v 0.11922646 -0.31682745 0.2552423
v 0.122950986 -0.33440453 0.21830104
v 0.08051191 -0.37486345 0.23544328
v 0.09840864 -0.3810501 0.2164111
v 0.122070536 -0.35545364 0.21130978
v 0.1132976 -0.39575264 0.15643105
v 0.12734364 -0.3793204 0.15837519
v 0.13305573 -0.358795 0.09098084
v 0.11214624 -0.3136624 0.30270267
v 0.15010397 -0.34668964 0.28714514
v 0.12433356 -0.3247893 0.3179202
v 0.11922646 -0.31682745 0.2552423
v 0.122950986 -0.33440453 0.21830104
v 0.15467727 -0.37296674 0.24282818
v 0.122070536 -0.35545364 0.21130978
v 0.14164296 -0.38000476 0.22074084
v 0.12734364 -0.3793204 0.15837519
v 0.13992696 -0.39509994 0.15916847
v 0.13305573 -0.358795 0.09098084
v 0.08664993 -0.042770743 0.1653134
v 0.07827514 0.013929826 0.1542085
v 0.077369995 -0.04884553 0.15907331
v 0.076924 -0.07854075 0.18292639
v 0.09355325 -0.06765503 0.1941084
v 0.078514315 -0.0958556 0.19202474
v 0.10393111 -0.07478784 0.205493
v 0.079626456 -0.107830085 0.21333095
v 0.11147974 -0.07949962 0.22281986
v 0.089522235 -0.08461757 0.2740814
v 0.076879196 -0.09703322 0.27754167
v 0.10095638 -0.0801055 0.2850573
v 0.079990916 -0.10219176 0.29022
v 0.11214624 -0.3136624 0.30270267
v 0.07434174 -0.2963956 0.3159063
v 0.094078444 -0.32648736 0.31450412
v 0.11420293 -0.28117645 0.2891846
v 0.10270359 -0.20294406 0.31444296
v 0.08696504 -0.21084946 0.3220857
v 0.10043198 -0.1754932 0.32347983
v 0.06369962 -0.19579534 0.332252
v 0.13771115 -0.2910352 0.32391584
v 0.11214624 -0.3136624 0.30270267
v 0.12433356 -0.3247893 0.3179202
v 0.11420293 -0.28117645 0.2891846
v 0.10270359 -0.20294406 0.31444296
v 0.111925036 -0.20877555 0.32583183
v 0.10043198 -0.1754932 0.32347983
v 0.12823579 -0.19909069 0.34792918
v -0.058750406 -0.32269138 0.55556154
v -0.049312025 -0.30503052 0.53866017
v -0.05404365 -0.31909668 0.557213
v -0.06237568 -0.31003752 0.53357947
v -0.05404365 -0.31909668 0.557213
v -0.042930484 -0.31864864 0.5452738
v -0.05138682 -0.32464933 0.5591961
v -0.049312025 -0.30503052 0.53866017
v -0.08038458 -0.30129662 0.6832072
v -0.10034531 -0.34095454 0.66206497
v -0.08992314 -0.30456856 0.6622495
v -0.09733719 -0.34433514 0.6760505
v -0.10343498 -0.37598965 0.66117483
v -0.105709404 -0.37443644 0.6507125
v -0.11696607 -0.40395144 0.6649459
v -0.122967005 -0.40292272 0.64879245
v -0.1366064 -0.43206024 0.6818216
v -0.14711687 -0.42579904 0.6615992
v -0.14817873 -0.46981633 0.6781117
v -0.1603407 -0.45679 0.65535915
v -0.15619636 -0.5030649 0.657529
v -0.16744477 -0.48453423 0.6305226
v -0.15694708 -0.5237558 0.62794375
v -0.16508102 -0.5069641 0.61097527
v -0.15091854 -0.53327453 0.5902307
v -0.15593797 -0.51822174 0.5833001
v -0.12108955 -0.5095769 0.5139817
v -0.06512526 -0.3162219 0.6760112
v -0.09733719 -0.34433514 0.6760505
v -0.08038458 -0.30129662 0.6832072
v -0.08472827 -0.3483734 0.67081726
v -0.10343498 -0.37598965 0.66117483
v -0.09431502 -0.37964362 0.65753007
v -0.11696607 -0.40395144 0.6649459
v -0.10267848 -0.41182336 0.66163164
v -0.1366064 -0.43206024 0.6818216
v -0.1159046 -0.43897876 0.67540824
v -0.14817873 -0.46981633 0.6781117
v -0.123307616 -0.4719198 0.6656158
v -0.15619636 -0.5030649 0.657529
v -0.1265499 -0.5013131 0.64194226
v -0.15694708 -0.5237558 0.62794375
v -0.13442919 -0.5196084 0.61952007
v -0.15091854 -0.53327453 0.5902307
v -0.13552919 -0.5267315 0.58897007
v -0.12108955 -0.5095769 0.5139817
v -0.08992314 -0.30456856 0.6622495
v -0.04907766 -0.28523266 0.6391368
v -0.08038458 -0.30129662 0.6832072
v -0.06068179 -0.29235482 0.6337298
v -0.0469947 -0.2953174 0.590772
v -0.05449027 -0.3001839 0.58764845
v -0.05404365 -0.31909668 0.557213
v -0.058750406 -0.32269138 0.55556154
v -0.04907766 -0.28523266 0.6391368
v -0.06512526 -0.3162219 0.6760112
v -0.08038458 -0.30129662 0.6832072
v -0.04335171 -0.2992582 0.63940513
v -0.0469947 -0.2953174 0.590772
v -0.042655036 -0.30417222 0.5902101
v -0.05404365 -0.31909668 0.557213
v -0.05138682 -0.32464933 0.5591961
v -0.1303615 -0.502426 0.5580239
v -0.15593797 -0.51822174 0.5833001
v -0.12108955 -0.5095769 0.5139817
v -0.13071042 -0.493338 0.5719192
v -0.14032373 -0.49742296 0.60011244
v -0.16508102 -0.5069641 0.61097527
v -0.16744477 -0.48453423 0.6305226
v -0.13224363 -0.47068793 0.6096237
v -0.13575646 -0.4600045 0.6394018
v -0.1603407 -0.45679 0.65535915
v -0.14711687 -0.42579904 0.6615992
v -0.12636203 -0.431561 0.6545778
v -0.10854262 -0.41009915 0.6448999
v -0.122967005 -0.40292272 0.64879245
v -0.09654689 -0.37761968 0.6468633
v -0.105709404 -0.37443644 0.6507125
v -0.08769834 -0.34432825 0.65661824
v -0.10034531 -0.34095454 0.66206497
v -0.08992314 -0.30456856 0.6622495
v -0.07449603 -0.3187525 0.65424997
v -0.06068179 -0.29235482 0.6337298
v -0.055168048 -0.30605146 0.6341068
v -0.05449027 -0.3001839 0.58764845
v -0.050235897 -0.30880693 0.5868626
v -0.058750406 -0.32269138 0.55556154
v -0.056105033 -0.32822263 0.5567611
v -0.06237568 -0.31003752 0.53357947
v -0.0522179 -0.32602942 0.53406405
v -0.049699843 -0.31349427 0.523489
v -0.13552919 -0.5267315 0.58897007
v -0.1303615 -0.502426 0.5580239
v -0.12108955 -0.5095769 0.5139817
v -0.13071042 -0.493338 0.5719192
v -0.14032373 -0.49742296 0.60011244
v -0.13442919 -0.5196084 0.61952007
v -0.1265499 -0.5013131 0.64194226
v -0.13224363 -0.47068793 0.6096237
v -0.13575646 -0.4600045 0.6394018
v -0.123307616 -0.4719198 0.6656158
v -0.1159046 -0.43897876 0.67540824
v -0.12636203 -0.431561 0.6545778
v -0.10854262 -0.41009915 0.6448999
v -0.10267848 -0.41182336 0.66163164
v -0.09654689 -0.37761968 0.6468633
v -0.09431502 -0.37964362 0.65753007
v -0.08769834 -0.34432825 0.65661824
v -0.08472827 -0.3483734 0.67081726
v -0.07449603 -0.3187525 0.65424997
v -0.06512526 -0.3162219 0.6760112
v -0.04335171 -0.2992582 0.63940513
v -0.055168048 -0.30605146 0.6341068
v -0.042655036 -0.30417222 0.5902101
v -0.050235897 -0.30880693 0.5868626
v -0.05138682 -0.32464933 0.5591961
v -0.056105033 -0.32822263 0.5567611
v -0.042930484 -0.31864864 0.5452738
v -0.0522179 -0.32602942 0.53406405
v -0.049699843 -0.31349427 0.523489
v 0.05648887 -0.3262719 0.55396104
v 0.04608141 -0.30700696 0.5395668
v 0.059154302 -0.3109191 0.53362226
v 0.051719755 -0.3230642 0.5561447
v 0.051719755 -0.3230642 0.5561447
v 0.040290862 -0.32153475 0.5445996
v 0.04608141 -0.30700696 0.5395668
v 0.049285367 -0.32890266 0.55749005
v 0.10415423 -0.3558679 0.64415914
v 0.08605835 -0.323569 0.6768286
v 0.09257892 -0.3211695 0.6546331
v 0.10350284 -0.36236987 0.6573222
v 0.10885039 -0.38946337 0.6349781
v 0.10951123 -0.38549244 0.62492996
v 0.12468147 -0.41579974 0.629732
v 0.12858456 -0.41041753 0.61380076
v 0.14631587 -0.4443205 0.6371678
v 0.1556353 -0.43415925 0.61828995
v 0.15698585 -0.4805554 0.6300249
v 0.16994673 -0.46506426 0.60935324
v 0.16588932 -0.51128733 0.6061572
v 0.17807725 -0.48984838 0.58184505
v 0.16782412 -0.52852523 0.5744858
v 0.1765292 -0.50993955 0.5598282
v 0.16324961 -0.53374434 0.5357424
v 0.16847175 -0.5180117 0.5307395
v 0.13621935 -0.5016137 0.4615652
v 0.10350284 -0.36236987 0.6573222
v 0.07052329 -0.33748692 0.668323
v 0.08605835 -0.323569 0.6768286
v 0.09041187 -0.3661229 0.65317976
v 0.10885039 -0.38946337 0.6349781
v 0.099481344 -0.3929484 0.6318186
v 0.12468147 -0.41579974 0.629732
v 0.11053467 -0.42378426 0.62609816
v 0.14631587 -0.4443205 0.6371678
v 0.12590411 -0.45101643 0.6302886
v 0.15698585 -0.4805554 0.6300249
v 0.13260904 -0.48122573 0.61644316
v 0.16588932 -0.51128733 0.6061572
v 0.13684282 -0.5077765 0.589759
v 0.16782412 -0.52852523 0.5744858
v 0.14562365 -0.5234431 0.56573796
v 0.16324961 -0.53374434 0.5357424
v 0.14789513 -0.5270909 0.5346449
v 0.13621935 -0.5016137 0.4615652
v 0.047958136 -0.29981828 0.6420684
v 0.09257892 -0.3211695 0.6546331
v 0.08605835 -0.323569 0.6768286
v 0.059202194 -0.30516812 0.6346646
v 0.044828504 -0.30380118 0.59251493
v 0.05238451 -0.30799806 0.5886529
v 0.051719755 -0.3230642 0.5561447
v 0.05648887 -0.3262719 0.55396104
v 0.07052329 -0.33748692 0.668323
v 0.047958136 -0.29981828 0.6420684
v 0.08605835 -0.323569 0.6768286
v 0.042903632 -0.31401885 0.640108
v 0.044828504 -0.30380118 0.59251493
v 0.040746614 -0.3126611 0.59096736
v 0.051719755 -0.3230642 0.5561447
v 0.049285367 -0.32890266 0.55749005
v 0.14380586 -0.4994604 0.50644994
v 0.13621935 -0.5016137 0.4615652
v 0.16847175 -0.5180117 0.5307395
v 0.1436004 -0.49199063 0.5212807
v 0.15216315 -0.49922237 0.5491795
v 0.1765292 -0.50993955 0.5598282
v 0.17807725 -0.48984838 0.58184505
v 0.14363614 -0.4737193 0.56132025
v 0.14599046 -0.46645004 0.5922205
v 0.16994673 -0.46506426 0.60935324
v 0.1556353 -0.43415925 0.61828995
v 0.13510701 -0.43961442 0.611032
v 0.114193946 -0.4176012 0.6097981
v 0.12858456 -0.41041753 0.61380076
v 0.100048125 -0.38847834 0.6216854
v 0.10951123 -0.38549244 0.62492996
v 0.09096491 -0.35893092 0.639964
v 0.10415423 -0.3558679 0.64415914
v 0.09257892 -0.3211695 0.6546331
v 0.07673192 -0.3341939 0.6455551
v 0.059202194 -0.30516812 0.6346646
v 0.05435258 -0.31905103 0.63285655
v 0.05238451 -0.30799806 0.5886529
v 0.04837495 -0.316598 0.5869096
v 0.05648887 -0.3262719 0.55396104
v 0.054044873 -0.3319932 0.5545313
v 0.059154302 -0.3109191 0.53362226
v 0.04950297 -0.32718045 0.53236634
v 0.04633075 -0.3135407 0.5234672
v 0.14789513 -0.5270909 0.5346449
v 0.13621935 -0.5016137 0.4615652
v 0.14380586 -0.4994604 0.50644994
v 0.1436004 -0.49199063 0.5212807
v 0.15216315 -0.49922237 0.5491795
v 0.14562365 -0.5234431 0.56573796
v 0.13684282 -0.5077765 0.589759
v 0.14363614 -0.4737193 0.56132025
v 0.14599046 -0.46645004 0.5922205
v 0.13260904 -0.48122573 0.61644316
v 0.12590411 -0.45101643 0.6302886
v 0.13510701 -0.43961442 0.611032
v 0.114193946 -0.4176012 0.6097981
v 0.11053467 -0.42378426 0.62609816
v 0.100048125 -0.38847834 0.6216854
v 0.099481344 -0.3929484 0.6318186
v 0.09096491 -0.35893092 0.639964
v 0.09041187 -0.3661229 0.65317976
v 0.07673192 -0.3341939 0.6455551
v 0.07052329 -0.33748692 0.668323
v 0.042903632 -0.31401885 0.640108
v 0.05435258 -0.31905103 0.63285655
v 0.040746614 -0.3126611 0.59096736
v 0.04837495 -0.316598 0.5869096
v 0.049285367 -0.32890266 0.55749005
v 0.054044873 -0.3319932 0.5545313
v 0.040290862 -0.32153475 0.5445996
v 0.04950297 -0.32718045 0.53236634
v 0.04633075 -0.3135407 0.5234672
v -0.20412235 -0.13622701 0.54679966
v -0.21414034 -0.20129903 0.58941793
v -0.09822914 -0.19164065 0.5909792
v -0.31220305 -0.08474674 0.49426156
v -0.33089042 -0.21293344 0.5640092
v -0.44452164 -0.23431927 0.550194
v -0.42589262 -0.0503313 0.46262145
v -0.554039 -0.23384367 0.53423876
v -0.53700995 -0.017242711 0.42994592
v -0.599993 -0.029104918 0.4191161
v -0.61006504 -0.22069761 0.5257663
v -0.66314346 -0.20154227 0.52014744
v -0.6612138 -0.047148064 0.42319885
v -0.71203357 -0.093352474 0.45499057
v -0.72691405 -0.1795949 0.51139027
v -0.76212925 -0.123967454 0.47744358
v -0.7557071 -0.16838555 0.5057271
v -0.7761604 -0.15244542 0.49656188
v -0.2043276 -0.13537067 0.5487028
v -0.09828904 -0.19073725 0.5928768
v -0.21434556 -0.20044269 0.59132105
v -0.3124801 -0.08402561 0.4962132
v -0.3311674 -0.21221232 0.5659608
v -0.44468477 -0.23371193 0.5521997
v -0.42605582 -0.04972392 0.4646272
v -0.55412906 -0.23323713 0.53624594
v -0.5371001 -0.01663613 0.431953
v -0.59995204 -0.028399438 0.4210851
v -0.61002415 -0.21999218 0.5277354
v -0.6629715 -0.20073797 0.52207816
v -0.6610418 -0.046343684 0.42512968
v -0.7118289 -0.09252346 0.45691192
v -0.7267092 -0.17876585 0.51331156
v -0.76192456 -0.12313838 0.47936487
v -0.7555022 -0.1675565 0.50764835
v -0.77595574 -0.15161638 0.49848324
v 0.20722397 -0.14190406 0.5490817
v 0.09785679 -0.1915132 0.5910703
v 0.21356203 -0.20677003 0.59267664
v 0.31488785 -0.097598195 0.49441105
v 0.33088222 -0.22641186 0.56418765
v 0.4436163 -0.2524176 0.5403313
v 0.42456356 -0.06868099 0.45230842
v 0.5526123 -0.25458986 0.5197992
v 0.53359187 -0.040056765 0.41206992
v 0.5919031 -0.05416724 0.39693123
v 0.6099808 -0.24198365 0.5081556
v 0.66361815 -0.22189313 0.49703446
v 0.6499403 -0.07190183 0.3945457
v 0.7038073 -0.11582989 0.4222711
v 0.7260067 -0.19922659 0.4805145
v 0.75650245 -0.14475934 0.44063672
v 0.7538493 -0.18792406 0.4713604
v 0.7729506 -0.17216022 0.45939913
v 0.20747428 -0.14103357 0.5509674
v 0.21381234 -0.20589954 0.5945624
v 0.09790918 -0.19057332 0.5929502
v 0.3153195 -0.0968857 0.496339
v 0.33131382 -0.22569935 0.5661156
v 0.44394818 -0.25179788 0.5423111
v 0.4248955 -0.06806128 0.45428824
v 0.5528345 -0.25394458 0.52178407
v 0.5338142 -0.039411493 0.41405475
v 0.5920192 -0.053403035 0.39887568
v 0.61009693 -0.24121946 0.51010007
v 0.663628 -0.22101001 0.4989385
v 0.6499502 -0.071018696 0.39644977
v 0.70379066 -0.11491712 0.424165
v 0.72598994 -0.19831371 0.48240843
v 0.7564858 -0.14384651 0.44253066
v 0.75383264 -0.18701126 0.4732543
v 0.772934 -0.17124741 0.46129316
vt 0.9282853 0.6145954
vt 0.92992544 0.6345296
vt 0.9340076 0.6312735
vt 0.59277433 0.50523144
vt 0.56451195 0.48769003
vt 0.5895874 0.4742362
vt 0.60256857 0.52690893
vt 0.5961984 0.53268844
vt 0.61634713 0.54105884
vt 0.58983165 0.5405105
vt 0.5961984 0.53268844
vt 0.61634713 0.54105884
vt 0.92992544 0.6345296
vt 0.9282853 0.6145954
vt 0.9340076 0.6312735
vt 0.56451195 0.48769003
vt 0.59277433 0.50523144
vt 0.5895874 0.4742362
vt 0.60256857 0.52690893
vt 0.61634713 0.54105884
vt 0.5961984 0.53268844
vt 0.58983165 0.5405105
vt 0.61634713 0.54105884
vt 0.5961984 0.53268844
vt 0.3374437 0.23621581
vt 0.31522357 0.2326396
vt 0.33212253 0.25181365
vt 0.33212253 0.25181365
vt 0.31522357 0.2326396
vt 0.33783373 0.23628618
vt 0.3374437 0.23621581
vt 0.33212253 0.25181365
vt 0.31522357 0.2326396
vt 0.33212253 0.25181365
vt 0.33783373 0.23628618
vt 0.31522357 0.2326396
vt 0.49041075 0.6830913
vt 0.528019 0.68982387
vt 0.5522699 0.67955923
vt 0.54562354 0.6285281
vt 0.5132563 0.63915133
vt 0.59910196 0.60408306
vt 0.6101272 0.66818035
vt 0.5904366 0.6873586
vt 0.56679493 0.6933974
vt 0.6629162 0.6623037
vt 0.663739 0.5946725
vt 0.7096992 0.61042964
vt 0.6463115 0.68286467
vt 0.6254495 0.68060493
vt 0.6944324 0.68613124
vt 0.67749107 0.68241477
vt 0.7414944 0.6841557
vt 0.7387295 0.63430095
vt 0.5115501 0.94072413
vt 0.4444351 0.8184587
vt 0.4229145 0.8774165
vt 0.533088 0.8586782
vt 0.6105602 0.9731052
vt 0.60699314 0.8826703
vt 0.65496993 0.884516
vt 0.6720452 0.9065131
vt 0.68578416 0.9602728
vt 0.74348986 0.90679693
vt 0.670684 0.8990178
vt 0.6619041 0.88588023
vt 0.6795893 0.8789525
vt 0.7096745 0.8426707
vt 0.7803117 0.79901826
vt 0.8037554 0.84853446
vt 0.6744316 0.88399816
vt 0.6696112 0.8891051
vt 0.6675386 0.8868041
vt 0.6711001 0.8862616
vt 0.49041075 0.6830913
vt 0.54903674 0.71285033
vt 0.528019 0.68982387
vt 0.4668696 0.74815404
vt 0.5395565 0.77508736
vt 0.4444351 0.8184587
vt 0.533088 0.8586782
vt 0.60699314 0.8826703
vt 0.5981535 0.7820674
vt 0.65496993 0.884516
vt 0.66618997 0.8610728
vt 0.6060456 0.7041365
vt 0.56679493 0.6933974
vt 0.5904366 0.6873586
vt 0.6571353 0.7772846
vt 0.7006143 0.76113534
vt 0.6795893 0.8789525
vt 0.7096745 0.8426707
vt 0.7803117 0.79901826
vt 0.75608313 0.74384105
vt 0.6944324 0.68613124
vt 0.7414944 0.6841557
vt 0.65969974 0.70425117
vt 0.67749107 0.68241477
vt 0.6463115 0.68286467
vt 0.6254495 0.68060493
vt 0.35942703 0.6915792
vt 0.49041075 0.6830913
vt 0.41755685 0.6250607
vt 0.4668696 0.74815404
vt 0.32521865 0.77431476
vt 0.4444351 0.8184587
vt 0.4924976 0.5588342
vt 0.49041075 0.6830913
vt 0.5132563 0.63915133
vt 0.41755685 0.6250607
vt 0.2945232 0.8606061
vt 0.4444351 0.8184587
vt 0.32521865 0.77431476
vt 0.4229145 0.8774165
vt 0.23993124 0.54707634
vt 0.3726328 0.5498139
vt 0.33850938 0.50187624
vt 0.2773304 0.61646295
vt 0.14815928 0.61072683
vt 0.20470744 0.70877635
vt 0.33850938 0.50187624
vt 0.46705705 0.47890866
vt 0.44294098 0.4327696
vt 0.3726328 0.5498139
vt 0.04131961 0.6682216
vt 0.20470744 0.70877635
vt 0.14815928 0.61072683
vt 0.13146225 0.78754294
vt 0.2472567 0.35183567
vt 0.31265318 0.41058552
vt 0.32044566 0.36813796
vt 0.22231564 0.43090063
vt 0.17209174 0.33312017
vt 0.13188462 0.4511786
vt 0.32044566 0.36813796
vt 0.4066379 0.38108945
vt 0.4080536 0.3568309
vt 0.31265318 0.41058552
vt 0.0943306 0.29472786
vt 0.13188462 0.4511786
vt 0.17209174 0.33312017
vt 0.035217743 0.44192123
vt 0.12558416 0.86848193
vt 0.12936884 0.80809253
vt 0.14484566 0.8438692
vt 0.0848024 0.83948356
vt 0.057950683 0.8802996
vt 0.11169427 0.8944462
vt 0.09655165 0.9259496
vt 0.026277447 0.9236589
vt 0.025288561 0.9770545
vt 0.09194117 0.95921147
vt 0.7414944 0.6841557
vt 0.76389974 0.615993
vt 0.7387295 0.63430095
vt 0.7929309 0.66816187
vt 0.75608313 0.74384105
vt 0.80063635 0.58536613
vt 0.8029731 0.71446514
vt 0.7803117 0.79901826
vt 0.8339055 0.65101135
vt 0.82605547 0.7813046
vt 0.8037554 0.84853446
vt 0.85811204 0.84587073
vt 0.8671673 0.6301149
vt 0.85293955 0.5668655
vt 0.91623974 0.60072947
vt 0.91186076 0.5730587
vt 0.9535839 0.60466075
vt 0.84169096 0.694579
vt 0.89005226 0.78021955
vt 0.9295791 0.8115704
vt 0.87864375 0.6675736
vt 0.85743874 0.73905957
vt 0.8987183 0.6988517
vt 0.93695456 0.7323122
vt 0.97071534 0.7453071
vt 0.95253 0.6574553
vt 0.97587806 0.6578829
vt 0.92992544 0.6345296
vt 0.9340076 0.6312735
vt 0.9282853 0.6145954
vt 0.943494 0.63925064
vt 0.94099915 0.6260655
vt 0.94532216 0.62130344
vt 0.2834387 0.62230456
vt 0.41399303 0.6130202
vt 0.37545368 0.5568251
vt 0.3494515 0.68233013
vt 0.21420228 0.71610415
vt 0.30731648 0.7662407
vt 0.47926405 0.49389923
vt 0.41399303 0.6130202
vt 0.48926404 0.55698305
vt 0.37545368 0.5568251
vt 0.30731648 0.7662407
vt 0.15163602 0.81483793
vt 0.27348512 0.84873843
vt 0.21420228 0.71610415
vt 0.2245537 0.44871056
vt 0.33246002 0.4881106
vt 0.31794 0.435156
vt 0.23473768 0.53594816
vt 0.13106544 0.47019166
vt 0.14192705 0.59384084
vt 0.43133485 0.419733
vt 0.31794 0.435156
vt 0.33246002 0.4881106
vt 0.4103094 0.38744152
vt 0.14192705 0.59384084
vt 0.021980187 0.47706836
vt 0.034598798 0.6426389
vt 0.13106544 0.47019166
vt 0.2981357 0.29008207
vt 0.32447016 0.35247976
vt 0.34549004 0.31690156
vt 0.251853 0.33920997
vt 0.24804647 0.25512666
vt 0.17937642 0.32074508
vt 0.40440297 0.3448317
vt 0.34549004 0.31690156
vt 0.32447016 0.35247976
vt 0.40381473 0.31790006
vt 0.17937642 0.32074508
vt 0.21272346 0.20629431
vt 0.117568836 0.27537972
vt 0.24804647 0.25512666
vt 0.6677201 0.87149656
vt 0.6795893 0.8789525
vt 0.66618997 0.8610728
vt 0.6744316 0.88399816
vt 0.6711001 0.8862616
vt 0.6693708 0.8835918
vt 0.65496993 0.884516
vt 0.6677201 0.87149656
vt 0.66618997 0.8610728
vt 0.6619041 0.88588023
vt 0.6693708 0.8835918
vt 0.6675386 0.8868041
vt 0.6711001 0.8862616
vt 0.6675386 0.8868041
vt 0.6696112 0.8891051
vt 0.6693708 0.8835918
vt 0.17993498 0.8782661
vt 0.12558416 0.86848193
vt 0.14484566 0.8438692
vt 0.1665586 0.8976253
vt 0.11169427 0.8944462
vt 0.20924902 0.894794
vt 0.20514387 0.92233205
vt 0.2538922 0.900886
vt 0.157646 0.9163947
vt 0.09655165 0.9259496
vt 0.1524998 0.9356307
vt 0.09194117 0.95921147
vt 0.15344495 0.95620203
vt 0.20952505 0.94953763
vt 0.26072365 0.92855215
vt 0.25548962 0.91513985
vt 0.30708814 0.8855621
vt 0.56451195 0.48769003
vt 0.59277433 0.50523144
vt 0.5895874 0.4742362
vt 0.5788577 0.5124355
vt 0.60256857 0.52690893
vt 0.5961984 0.53268844
vt 0.56508607 0.52103716
vt 0.56451195 0.48769003
vt 0.5421986 0.5006266
vt 0.5788577 0.5124355
vt 0.58983165 0.5405105
vt 0.5961984 0.53268844
vt 0.61634713 0.54105884
vt 0.56451195 0.48769003
vt 0.56508607 0.52103716
vt 0.5421986 0.5006266
vt 0.5788577 0.5124355
vt 0.58983165 0.5405105
vt 0.5961984 0.53268844
vt 0.56451195 0.48769003
vt 0.59277433 0.50523144
vt 0.5788577 0.5124355
vt 0.60256857 0.52690893
vt 0.5961984 0.53268844
vt 0.61634713 0.54105884
vt 0.39975715 0.30058056
vt 0.34549004 0.31690156
vt 0.40381473 0.31790006
vt 0.3502013 0.3025957
vt 0.2981357 0.29008207
vt 0.30461484 0.2807119
vt 0.24804647 0.25512666
vt 0.2524063 0.24933727
vt 0.21272346 0.20629431
vt 0.2309179 0.20437308
vt 0.40440297 0.3448317
vt 0.32044566 0.36813796
vt 0.4080536 0.3568309
vt 0.32447016 0.35247976
vt 0.2472567 0.35183567
vt 0.251853 0.33920997
vt 0.17209174 0.33312017
vt 0.17937642 0.32074508
vt 0.0943306 0.29472786
vt 0.117568836 0.27537972
vt 0.4066379 0.38108945
vt 0.31794 0.435156
vt 0.4103094 0.38744152
vt 0.31265318 0.41058552
vt 0.2245537 0.44871056
vt 0.22231564 0.43090063
vt 0.13106544 0.47019166
vt 0.13188462 0.4511786
vt 0.021980187 0.47706836
vt 0.035217743 0.44192123
vt 0.43133485 0.419733
vt 0.33850938 0.50187624
vt 0.44294098 0.4327696
vt 0.33246002 0.4881106
vt 0.23993124 0.54707634
vt 0.23473768 0.53594816
vt 0.14815928 0.61072683
vt 0.14192705 0.59384084
vt 0.04131961 0.6682216
vt 0.034598798 0.6426389
vt 0.46705705 0.47890866
vt 0.37545368 0.5568251
vt 0.47926405 0.49389923
vt 0.3726328 0.5498139
vt 0.2834387 0.62230456
vt 0.2773304 0.61646295
vt 0.21420228 0.71610415
vt 0.20470744 0.70877635
vt 0.15163602 0.81483793
vt 0.13146225 0.78754294
vt 0.48926404 0.55698305
vt 0.41755685 0.6250607
vt 0.4924976 0.5588342
vt 0.41399303 0.6130202
vt 0.35942703 0.6915792
vt 0.3494515 0.68233013
vt 0.32521865 0.77431476
vt 0.30731648 0.7662407
vt 0.2945232 0.8606061
vt 0.27348512 0.84873843
vt 0.5464628 0.3158347
vt 0.45639923 0.36944908
vt 0.45058814 0.34946805
vt 0.5534576 0.3478313
vt 0.5715554 0.32404822
vt 0.57086825 0.34549564
vt 0.653788 0.38526124
vt 0.65956175 0.34905988
vt 0.6828531 0.37158686
vt 0.67610633 0.39478356
vt 0.5534576 0.3478313
vt 0.45058814 0.34946805
vt 0.45639923 0.36944908
vt 0.5464628 0.3158347
vt 0.57086825 0.34549564
vt 0.5715554 0.32404822
vt 0.653788 0.38526124
vt 0.65956175 0.34905988
vt 0.6828531 0.37158686
vt 0.67610633 0.39478356
vt 0.45639923 0.36944908
vt 0.55959177 0.3769049
vt 0.46375248 0.39335054
vt 0.5534576 0.3478313
vt 0.57151234 0.36386138
vt 0.57086825 0.34549564
vt 0.46375248 0.39335054
vt 0.5534576 0.3478313
vt 0.45639923 0.36944908
vt 0.55959177 0.3769049
vt 0.57086825 0.34549564
vt 0.57151234 0.36386138
vt 0.5464628 0.3158347
vt 0.45639923 0.36944908
vt 0.45058814 0.34946805
vt 0.5534576 0.3478313
vt 0.5715554 0.32404822
vt 0.57086825 0.34549564
vt 0.653788 0.38526124
vt 0.65956175 0.34905988
vt 0.67610633 0.39478356
vt 0.6828531 0.37158686
vt 0.5534576 0.3478313
vt 0.45058814 0.34946805
vt 0.45639923 0.36944908
vt 0.5464628 0.3158347
vt 0.57086825 0.34549564
vt 0.5715554 0.32404822
vt 0.65956175 0.34905988
vt 0.653788 0.38526124
vt 0.67610633 0.39478356
vt 0.6828531 0.37158686
vt 0.45639923 0.36944908
vt 0.55959177 0.3769049
vt 0.46375248 0.39335054
vt 0.5534576 0.3478313
vt 0.57136476 0.36436313
vt 0.57086825 0.34549564
vt 0.46375248 0.39335054
vt 0.5534576 0.3478313
vt 0.45639923 0.36944908
vt 0.55959177 0.3769049
vt 0.57086825 0.34549564
vt 0.57136476 0.36436313
vt 0.46930847 0.44451278
vt 0.5628613 0.46925908
vt 0.47712854 0.46341723
vt 0.56530166 0.43927056
vt 0.5871315 0.45176345
vt 0.5924579 0.4356541
vt 0.47712854 0.46341723
vt 0.5641817 0.43856984
vt 0.46916708 0.4447809
vt 0.5628613 0.46925908
vt 0.5871315 0.45176345
vt 0.5923734 0.43521875
vt 0.5693717 0.39304882
vt 0.46930847 0.44451278
vt 0.4608052 0.4244575
vt 0.56530166 0.43927056
vt 0.5641817 0.43856984
vt 0.4608052 0.4244575
vt 0.46916708 0.4447809
vt 0.5693717 0.39304882
vt 0.82587063 0.3402285
vt 0.789492 0.37703925
vt 0.7771547 0.354881
vt 0.83231294 0.3505773
vt 0.86096656 0.28024954
vt 0.57086825 0.34549564
vt 0.6482539 0.41719586
vt 0.57151234 0.36386138
vt 0.653788 0.38526124
vt 0.67610633 0.39478356
vt 0.67188096 0.41067094
vt 0.75204325 0.3925565
vt 0.7660737 0.43175083
vt 0.77487195 0.38361055
vt 0.792413 0.4151265
vt 0.80315423 0.39383143
vt 0.789492 0.37703925
vt 0.8426881 0.36158532
vt 0.83231294 0.3505773
vt 0.86096656 0.28024954
vt 0.6482539 0.41719586
vt 0.57086825 0.34549564
vt 0.57151234 0.36386138
vt 0.653788 0.38526124
vt 0.67610633 0.39478356
vt 0.67188096 0.41067094
vt 0.75204325 0.3925565
vt 0.7660737 0.43175083
vt 0.77487195 0.38361055
vt 0.792413 0.4151265
vt 0.789492 0.37703925
vt 0.80315423 0.39383143
vt 0.8426881 0.36158532
vt 0.83231294 0.3505773
vt 0.86096656 0.28024954
vt 0.57086825 0.34549564
vt 0.6482539 0.41719586
vt 0.57136476 0.36436313
vt 0.653788 0.38526124
vt 0.67188096 0.41067094
vt 0.67610633 0.39478356
vt 0.7660737 0.43175083
vt 0.75204325 0.3925565
vt 0.77487195 0.38361055
vt 0.792413 0.4151265
vt 0.80315423 0.39383143
vt 0.789492 0.37703925
vt 0.83231294 0.3505773
vt 0.8426881 0.36158532
vt 0.86096656 0.28024954
vt 0.57136476 0.36436313
vt 0.653788 0.38526124
vt 0.57086825 0.34549564
vt 0.6482539 0.41719586
vt 0.5924579 0.4356541
vt 0.6626375 0.55912715
vt 0.5871315 0.45176345
vt 0.6818211 0.5155912
vt 0.7187561 0.54351825
vt 0.72026443 0.5693094
vt 0.786952 0.5757142
vt 0.76986027 0.5189114
vt 0.8344101 0.48244065
vt 0.8674818 0.5362931
vt 0.8825722 0.48816162
vt 0.85721946 0.4613753
vt 0.91932607 0.39631885
vt 0.9393393 0.40708023
vt 0.92188394 0.287031
vt 0.6626375 0.55912715
vt 0.5923734 0.43521875
vt 0.5871315 0.45176345
vt 0.68183696 0.5145063
vt 0.7185632 0.5430533
vt 0.72026443 0.5693094
vt 0.786952 0.5757142
vt 0.7693473 0.5179853
vt 0.83370006 0.48167568
vt 0.8674818 0.5362931
vt 0.8568623 0.4610029
vt 0.8825722 0.48816162
vt 0.91904545 0.39617032
vt 0.9393393 0.40708023
vt 0.92188394 0.287031
vt 0.73901486 0.351443
vt 0.67610633 0.39478356
vt 0.6828531 0.37158686
vt 0.75204325 0.3925565
vt 0.75942016 0.35313743
vt 0.77487195 0.38361055
vt 0.789492 0.37703925
vt 0.7771547 0.354881
vt 0.82587063 0.3402285
vt 0.83231294 0.3505773
vt 0.86096656 0.28024954
vt 0.67610633 0.39478356
vt 0.73901486 0.351443
vt 0.6828531 0.37158686
vt 0.75204325 0.3925565
vt 0.75942016 0.35313743
vt 0.77487195 0.38361055
vt 0.7771547 0.354881
vt 0.789492 0.37703925
vt 0.82587063 0.3402285
vt 0.83231294 0.3505773
vt 0.86096656 0.28024954
vt 0.73901486 0.351443
vt 0.67610633 0.39478356
vt 0.6828531 0.37158686
vt 0.75204325 0.3925565
vt 0.75942016 0.35313743
vt 0.77487195 0.38361055
vt 0.789492 0.37703925
vt 0.7771547 0.354881
vt 0.67610633 0.39478356
vt 0.73901486 0.351443
vt 0.6828531 0.37158686
vt 0.75204325 0.3925565
vt 0.75942016 0.35313743
vt 0.77487195 0.38361055
vt 0.7771547 0.354881
vt 0.789492 0.37703925
vt 0.82587063 0.3402285
vt 0.83231294 0.3505773
vt 0.86096656 0.28024954
vt 0.7170615 0.51712817
vt 0.76986027 0.5189114
vt 0.7187561 0.54351825
vt 0.7521894 0.4608875
vt 0.8004737 0.42753726
vt 0.8344101 0.48244065
vt 0.85721946 0.4613753
vt 0.8313794 0.4340791
vt 0.91932607 0.39631885
vt 0.8989295 0.3853535
vt 0.92188394 0.287031
vt 0.7693473 0.5179853
vt 0.7170615 0.51712817
vt 0.7185632 0.5430533
vt 0.7521894 0.4608875
vt 0.8004737 0.42753726
vt 0.83370006 0.48167568
vt 0.8313794 0.4340791
vt 0.8568623 0.4610029
vt 0.8989295 0.3853535
vt 0.91904545 0.39617032
vt 0.92188394 0.287031
vt 0.83231294 0.3505773
vt 0.8426881 0.36158532
vt 0.86096656 0.28024954
vt 0.80315423 0.39383143
vt 0.789492 0.37703925
vt 0.792413 0.4151265
vt 0.77487195 0.38361055
vt 0.7660737 0.43175083
vt 0.75204325 0.3925565
vt 0.67610633 0.39478356
vt 0.67188096 0.41067094
vt 0.653788 0.38526124
vt 0.6482539 0.41719586
vt 0.6818211 0.5155912
vt 0.7170615 0.51712817
vt 0.7187561 0.54351825
vt 0.70115423 0.47076398
vt 0.5977454 0.41903204
vt 0.5924579 0.4356541
vt 0.5693717 0.39304882
vt 0.56530166 0.43927056
vt 0.7170615 0.51712817
vt 0.68183696 0.5145063
vt 0.7185632 0.5430533
vt 0.70115423 0.47076398
vt 0.5977454 0.41903204
vt 0.5923734 0.43521875
vt 0.5693717 0.39304882
vt 0.5641817 0.43856984
vt 0.49041075 0.6830913
vt 0.5522699 0.67955923
vt 0.528019 0.68982387
vt 0.54562354 0.6285281
vt 0.5132563 0.63915133
vt 0.59910196 0.60408306
vt 0.6101272 0.66818035
vt 0.5904366 0.6873586
vt 0.56679493 0.6933974
vt 0.6629162 0.6623037
vt 0.663739 0.5946725
vt 0.7096992 0.61042964
vt 0.6463115 0.68286467
vt 0.6254495 0.68060493
vt 0.6944324 0.68613124
vt 0.67749107 0.68241477
vt 0.7414944 0.6841557
vt 0.7387295 0.63430095
vt 0.4444351 0.8184587
vt 0.5115501 0.94072413
vt 0.4229145 0.8774165
vt 0.533088 0.8586782
vt 0.6105602 0.9731052
vt 0.60699314 0.8826703
vt 0.65496993 0.884516
vt 0.6720452 0.9065131
vt 0.68578416 0.9602728
vt 0.74348986 0.90679693
vt 0.670684 0.8990178
vt 0.6619041 0.88588023
vt 0.6795893 0.8789525
vt 0.7096745 0.8426707
vt 0.7803117 0.79901826
vt 0.8037554 0.84853446
vt 0.6744316 0.88399816
vt 0.6696112 0.8891051
vt 0.6675386 0.8868041
vt 0.6711001 0.8862616
vt 0.49041075 0.6830913
vt 0.528019 0.68982387
vt 0.54903674 0.71285033
vt 0.4668696 0.74815404
vt 0.5395565 0.77508736
vt 0.4444351 0.8184587
vt 0.533088 0.8586782
vt 0.60699314 0.8826703
vt 0.5981535 0.7820674
vt 0.65496993 0.884516
vt 0.66618997 0.8610728
vt 0.6060456 0.7041365
vt 0.56679493 0.6933974
vt 0.5904366 0.6873586
vt 0.6571353 0.7772846
vt 0.7006143 0.76113534
vt 0.6795893 0.8789525
vt 0.7096745 0.8426707
vt 0.7803117 0.79901826
vt 0.75608313 0.74384105
vt 0.6944324 0.68613124
vt 0.7414944 0.6841557
vt 0.65969974 0.70425117
vt 0.67749107 0.68241477
vt 0.6463115 0.68286467
vt 0.6254495 0.68060493
vt 0.49041075 0.6830913
vt 0.35942703 0.6915792
vt 0.41755685 0.6250607
vt 0.4668696 0.74815404
vt 0.32521865 0.77431476
vt 0.4444351 0.8184587
vt 0.4924976 0.5588342
vt 0.49041075 0.6830913
vt 0.41755685 0.6250607
vt 0.5132563 0.63915133
vt 0.2945232 0.8606061
vt 0.4444351 0.8184587
vt 0.4229145 0.8774165
vt 0.32521865 0.77431476
vt 0.3726328 0.5498139
vt 0.23993124 0.54707634
vt 0.33850938 0.50187624
vt 0.2773304 0.61646295
vt 0.14815928 0.61072683
vt 0.20470744 0.70877635
vt 0.33850938 0.50187624
vt 0.46705705 0.47890866
vt 0.3726328 0.5498139
vt 0.44294098 0.4327696
vt 0.20470744 0.70877635
vt 0.04131961 0.6682216
vt 0.14815928 0.61072683
vt 0.13146225 0.78754294
vt 0.15163602 0.81483793
vt 0.21420228 0.71610415
vt 0.2773304 0.61646295
vt 0.2834387 0.62230456
vt 0.3726328 0.5498139
vt 0.37545368 0.5568251
vt 0.46705705 0.47890866
vt 0.47926405 0.49389923
vt 0.31265318 0.41058552
vt 0.2472567 0.35183567
vt 0.32044566 0.36813796
vt 0.22231564 0.43090063
vt 0.17209174 0.33312017
vt 0.13188462 0.4511786
vt 0.32044566 0.36813796
vt 0.4066379 0.38108945
vt 0.31265318 0.41058552
vt 0.4080536 0.3568309
vt 0.0943306 0.29472786
vt 0.13188462 0.4511786
vt 0.035217743 0.44192123
vt 0.17209174 0.33312017
vt 0.12936884 0.80809253
vt 0.12558416 0.86848193
vt 0.14484566 0.8438692
vt 0.0848024 0.83948356
vt 0.057950683 0.8802996
vt 0.11169427 0.8944462
vt 0.09655165 0.9259496
vt 0.026277447 0.9236589
vt 0.025288561 0.9770545
vt 0.09194117 0.95921147
vt 0.76389974 0.615993
vt 0.7414944 0.6841557
vt 0.7387295 0.63430095
vt 0.7929309 0.66816187
vt 0.75608313 0.74384105
vt 0.80063635 0.58536613
vt 0.8029731 0.71446514
vt 0.7803117 0.79901826
vt 0.8339055 0.65101135
vt 0.82605547 0.7813046
vt 0.8037554 0.84853446
vt 0.85811204 0.84587073
vt 0.8671673 0.6301149
vt 0.85293955 0.5668655
vt 0.91623974 0.60072947
vt 0.91186076 0.5730587
vt 0.9535839 0.60466075
vt 0.84169096 0.694579
vt 0.89005226 0.78021955
vt 0.9295791 0.8115704
vt 0.87864375 0.6675736
vt 0.85743874 0.73905957
vt 0.8987183 0.6988517
vt 0.93695456 0.7323122
vt 0.97071534 0.7453071
vt 0.95253 0.6574553
vt 0.97587806 0.6578829
vt 0.92992544 0.6345296
vt 0.9340076 0.6312735
vt 0.9282853 0.6145954
vt 0.943494 0.63925064
vt 0.94099915 0.6260655
vt 0.94532216 0.62130344
vt 0.41399303 0.6130202
vt 0.2834387 0.62230456
vt 0.37545368 0.5568251
vt 0.3494515 0.68233013
vt 0.21420228 0.71610415
vt 0.30731648 0.7662407
vt 0.47926405 0.49389923
vt 0.41399303 0.6130202
vt 0.37545368 0.5568251
vt 0.48926404 0.55698305
vt 0.30731648 0.7662407
vt 0.15163602 0.81483793
vt 0.21420228 0.71610415
vt 0.27348512 0.84873843
vt 0.33246002 0.4881106
vt 0.2245537 0.44871056
vt 0.31794 0.435156
vt 0.23473768 0.53594816
vt 0.13106544 0.47019166
vt 0.14192705 0.59384084
vt 0.43133485 0.419733
vt 0.31794 0.435156
vt 0.4103094 0.38744152
vt 0.33246002 0.4881106
vt 0.14192705 0.59384084
vt 0.021980187 0.47706836
vt 0.13106544 0.47019166
vt 0.034598798 0.6426389
vt 0.32447016 0.35247976
vt 0.2981357 0.29008207
vt 0.34549004 0.31690156
vt 0.251853 0.33920997
vt 0.24804647 0.25512666
vt 0.17937642 0.32074508
vt 0.40440297 0.3448317
vt 0.34549004 0.31690156
vt 0.40381473 0.31790006
vt 0.32447016 0.35247976
vt 0.17937642 0.32074508
vt 0.21272346 0.20629431
vt 0.24804647 0.25512666
vt 0.117568836 0.27537972
vt 0.6795893 0.8789525
vt 0.6677201 0.87149656
vt 0.66618997 0.8610728
vt 0.6744316 0.88399816
vt 0.6711001 0.8862616
vt 0.6693708 0.8835918
vt 0.6677201 0.87149656
vt 0.65496993 0.884516
vt 0.66618997 0.8610728
vt 0.6619041 0.88588023
vt 0.6693708 0.8835918
vt 0.6675386 0.8868041
vt 0.6711001 0.8862616
vt 0.6675386 0.8868041
vt 0.6693708 0.8835918
vt 0.6696112 0.8891051
vt 0.12558416 0.86848193
vt 0.17993498 0.8782661
vt 0.14484566 0.8438692
vt 0.1665586 0.8976253
vt 0.20924902 0.894794
vt 0.20514387 0.92233205
vt 0.11169427 0.8944462
vt 0.2538922 0.900886
vt 0.157646 0.9163947
vt 0.09655165 0.9259496
vt 0.1524998 0.9356307
vt 0.09194117 0.95921147
vt 0.15344495 0.95620203
vt 0.20952505 0.94953763
vt 0.26072365 0.92855215
vt 0.25548962 0.91513985
vt 0.30708814 0.8855621
vt 0.59277433 0.50523144
vt 0.56451195 0.48769003
vt 0.5895874 0.4742362
vt 0.5788577 0.5124355
vt 0.60256857 0.52690893
vt 0.5961984 0.53268844
vt 0.56451195 0.48769003
vt 0.56508607 0.52103716
vt 0.5421986 0.5006266
vt 0.5788577 0.5124355
vt 0.58983165 0.5405105
vt 0.5961984 0.53268844
vt 0.61634713 0.54105884
vt 0.56508607 0.52103716
vt 0.56451195 0.48769003
vt 0.5421986 0.5006266
vt 0.5788577 0.5124355
vt 0.58983165 0.5405105
vt 0.5961984 0.53268844
vt 0.59277433 0.50523144
vt 0.56451195 0.48769003
vt 0.5788577 0.5124355
vt 0.60256857 0.52690893
vt 0.5961984 0.53268844
vt 0.61634713 0.54105884
vt 0.34549004 0.31690156
vt 0.39975715 0.30058056
vt 0.40381473 0.31790006
vt 0.3502013 0.3025957
vt 0.2981357 0.29008207
vt 0.30461484 0.2807119
vt 0.24804647 0.25512666
vt 0.2524063 0.24933727
vt 0.21272346 0.20629431
vt 0.2309179 0.20437308
vt 0.32044566 0.36813796
vt 0.40440297 0.3448317
vt 0.4080536 0.3568309
vt 0.32447016 0.35247976
vt 0.2472567 0.35183567
vt 0.251853 0.33920997
vt 0.17209174 0.33312017
vt 0.17937642 0.32074508
vt 0.0943306 0.29472786
vt 0.117568836 0.27537972
vt 0.31794 0.435156
vt 0.4066379 0.38108945
vt 0.4103094 0.38744152
vt 0.31265318 0.41058552
vt 0.2245537 0.44871056
vt 0.22231564 0.43090063
vt 0.13106544 0.47019166
vt 0.13188462 0.4511786
vt 0.021980187 0.47706836
vt 0.035217743 0.44192123
vt 0.33850938 0.50187624
vt 0.43133485 0.419733
vt 0.44294098 0.4327696
vt 0.33246002 0.4881106
vt 0.23993124 0.54707634
vt 0.23473768 0.53594816
vt 0.14815928 0.61072683
vt 0.14192705 0.59384084
vt 0.04131961 0.6682216
vt 0.034598798 0.6426389
vt 0.41755685 0.6250607
vt 0.48926404 0.55698305
vt 0.4924976 0.5588342
vt 0.41399303 0.6130202
vt 0.35942703 0.6915792
vt 0.3494515 0.68233013
vt 0.32521865 0.77431476
vt 0.30731648 0.7662407
vt 0.2945232 0.8606061
vt 0.27348512 0.84873843
vt 0.45639923 0.36944908
vt 0.5464628 0.3158347
vt 0.45058814 0.34946805
vt 0.5534576 0.3478313
vt 0.5715554 0.32404822
vt 0.57086825 0.34549564
vt 0.653788 0.38526124
vt 0.65956175 0.34905988
vt 0.6828531 0.37158686
vt 0.67610633 0.39478356
vt 0.45058814 0.34946805
vt 0.5534576 0.3478313
vt 0.45639923 0.36944908
vt 0.5464628 0.3158347
vt 0.57086825 0.34549564
vt 0.5715554 0.32404822
vt 0.653788 0.38526124
vt 0.65956175 0.34905988
vt 0.6828531 0.37158686
vt 0.67610633 0.39478356
vt 0.55959177 0.3769049
vt 0.45639923 0.36944908
vt 0.46375248 0.39335054
vt 0.5534576 0.3478313
vt 0.57151234 0.36386138
vt 0.57086825 0.34549564
vt 0.5534576 0.3478313
vt 0.46375248 0.39335054
vt 0.45639923 0.36944908
vt 0.55959177 0.3769049
vt 0.57086825 0.34549564
vt 0.57151234 0.36386138
vt 0.45639923 0.36944908
vt 0.5464628 0.3158347
vt 0.45058814 0.34946805
vt 0.5534576 0.3478313
vt 0.5715554 0.32404822
vt 0.57086825 0.34549564
vt 0.653788 0.38526124
vt 0.65956175 0.34905988
vt 0.67610633 0.39478356
vt 0.6828531 0.37158686
vt 0.45058814 0.34946805
vt 0.5534576 0.3478313
vt 0.45639923 0.36944908
vt 0.5464628 0.3158347
vt 0.57086825 0.34549564
vt 0.5715554 0.32404822
vt 0.65956175 0.34905988
vt 0.653788 0.38526124
vt 0.67610633 0.39478356
vt 0.6828531 0.37158686
vt 0.55959177 0.3769049
vt 0.45639923 0.36944908
vt 0.46375248 0.39335054
vt 0.5534576 0.3478313
vt 0.57136476 0.36436313
vt 0.57086825 0.34549564
vt 0.5534576 0.3478313
vt 0.46375248 0.39335054
vt 0.45639923 0.36944908
vt 0.55959177 0.3769049
vt 0.57086825 0.34549564
vt 0.57136476 0.36436313
vt 0.5628613 0.46925908
vt 0.46930847 0.44451278
vt 0.47712854 0.46341723
vt 0.56530166 0.43927056
vt 0.5871315 0.45176345
vt 0.5924579 0.4356541
vt 0.5641817 0.43856984
vt 0.47712854 0.46341723
vt 0.46916708 0.4447809
vt 0.5628613 0.46925908
vt 0.5871315 0.45176345
vt 0.5923734 0.43521875
vt 0.5693717 0.39304882
vt 0.46930847 0.44451278
vt 0.56530166 0.43927056
vt 0.4608052 0.4244575
vt 0.5641817 0.43856984
vt 0.4608052 0.4244575
vt 0.5693717 0.39304882
vt 0.46916708 0.4447809
vt 0.789492 0.37703925
vt 0.82587063 0.3402285
vt 0.7771547 0.354881
vt 0.83231294 0.3505773
vt 0.86096656 0.28024954
vt 0.6482539 0.41719586
vt 0.57086825 0.34549564
vt 0.57151234 0.36386138
vt 0.653788 0.38526124
vt 0.67610633 0.39478356
vt 0.67188096 0.41067094
vt 0.75204325 0.3925565
vt 0.7660737 0.43175083
vt 0.77487195 0.38361055
vt 0.792413 0.4151265
vt 0.80315423 0.39383143
vt 0.789492 0.37703925
vt 0.8426881 0.36158532
vt 0.83231294 0.3505773
vt 0.86096656 0.28024954
vt 0.57086825 0.34549564
vt 0.6482539 0.41719586
vt 0.57151234 0.36386138
vt 0.653788 0.38526124
vt 0.67610633 0.39478356
vt 0.67188096 0.41067094
vt 0.75204325 0.3925565
vt 0.7660737 0.43175083
vt 0.77487195 0.38361055
vt 0.792413 0.4151265
vt 0.789492 0.37703925
vt 0.80315423 0.39383143
vt 0.8426881 0.36158532
vt 0.83231294 0.3505773
vt 0.86096656 0.28024954
vt 0.6482539 0.41719586
vt 0.57086825 0.34549564
vt 0.57136476 0.36436313
vt 0.653788 0.38526124
vt 0.67188096 0.41067094
vt 0.67610633 0.39478356
vt 0.7660737 0.43175083
vt 0.75204325 0.3925565
vt 0.77487195 0.38361055
vt 0.792413 0.4151265
vt 0.80315423 0.39383143
vt 0.789492 0.37703925
vt 0.83231294 0.3505773
vt 0.8426881 0.36158532
vt 0.86096656 0.28024954
vt 0.57136476 0.36436313
vt 0.653788 0.38526124
vt 0.6482539 0.41719586
vt 0.57086825 0.34549564
vt 0.6626375 0.55912715
vt 0.5924579 0.4356541
vt 0.5871315 0.45176345
vt 0.6818211 0.5155912
vt 0.7187561 0.54351825
vt 0.72026443 0.5693094
vt 0.786952 0.5757142
vt 0.76986027 0.5189114
vt 0.8344101 0.48244065
vt 0.8674818 0.5362931
vt 0.8825722 0.48816162
vt 0.85721946 0.4613753
vt 0.91932607 0.39631885
vt 0.9393393 0.40708023
vt 0.92188394 0.287031
vt 0.5923734 0.43521875
vt 0.6626375 0.55912715
vt 0.5871315 0.45176345
vt 0.68183696 0.5145063
vt 0.7185632 0.5430533
vt 0.72026443 0.5693094
vt 0.786952 0.5757142
vt 0.7693473 0.5179853
vt 0.83370006 0.48167568
vt 0.8674818 0.5362931
vt 0.8568623 0.4610029
vt 0.8825722 0.48816162
vt 0.91904545 0.39617032
vt 0.9393393 0.40708023
vt 0.92188394 0.287031
vt 0.67610633 0.39478356
vt 0.73901486 0.351443
vt 0.6828531 0.37158686
vt 0.75204325 0.3925565
vt 0.75942016 0.35313743
vt 0.77487195 0.38361055
vt 0.789492 0.37703925
vt 0.7771547 0.354881
vt 0.82587063 0.3402285
vt 0.83231294 0.3505773
vt 0.86096656 0.28024954
vt 0.73901486 0.351443
vt 0.67610633 0.39478356
vt 0.6828531 0.37158686
vt 0.75204325 0.3925565
vt 0.75942016 0.35313743
vt 0.77487195 0.38361055
vt 0.7771547 0.354881
vt 0.789492 0.37703925
vt 0.82587063 0.3402285
vt 0.83231294 0.3505773
vt 0.86096656 0.28024954
vt 0.67610633 0.39478356
vt 0.73901486 0.351443
vt 0.6828531 0.37158686
vt 0.75204325 0.3925565
vt 0.75942016 0.35313743
vt 0.77487195 0.38361055
vt 0.789492 0.37703925
vt 0.7771547 0.354881
vt 0.73901486 0.351443
vt 0.67610633 0.39478356
vt 0.6828531 0.37158686
vt 0.75204325 0.3925565
vt 0.75942016 0.35313743
vt 0.77487195 0.38361055
vt 0.7771547 0.354881
vt 0.789492 0.37703925
vt 0.82587063 0.3402285
vt 0.83231294 0.3505773
vt 0.86096656 0.28024954
vt 0.76986027 0.5189114
vt 0.7170615 0.51712817
vt 0.7187561 0.54351825
vt 0.7521894 0.4608875
vt 0.8004737 0.42753726
vt 0.8344101 0.48244065
vt 0.85721946 0.4613753
vt 0.8313794 0.4340791
vt 0.91932607 0.39631885
vt 0.8989295 0.3853535
vt 0.92188394 0.287031
vt 0.7170615 0.51712817
vt 0.7693473 0.5179853
vt 0.7185632 0.5430533
vt 0.7521894 0.4608875
vt 0.8004737 0.42753726
vt 0.83370006 0.48167568
vt 0.8313794 0.4340791
vt 0.8568623 0.4610029
vt 0.8989295 0.3853535
vt 0.91904545 0.39617032
vt 0.92188394 0.287031
vt 0.83231294 0.3505773
vt 0.86096656 0.28024954
vt 0.8426881 0.36158532
vt 0.80315423 0.39383143
vt 0.789492 0.37703925
vt 0.792413 0.4151265
vt 0.77487195 0.38361055
vt 0.7660737 0.43175083
vt 0.75204325 0.3925565
vt 0.67610633 0.39478356
vt 0.67188096 0.41067094
vt 0.653788 0.38526124
vt 0.6482539 0.41719586
vt 0.7170615 0.51712817
vt 0.6818211 0.5155912
vt 0.7187561 0.54351825
vt 0.70115423 0.47076398
vt 0.5977454 0.41903204
vt 0.5924579 0.4356541
vt 0.5693717 0.39304882
vt 0.56530166 0.43927056
vt 0.68183696 0.5145063
vt 0.7170615 0.51712817
vt 0.7185632 0.5430533
vt 0.70115423 0.47076398
vt 0.5977454 0.41903204
vt 0.5923734 0.43521875
vt 0.5693717 0.39304882
vt 0.5641817 0.43856984
vt 0.3816052 0.23919503
vt 0.33212253 0.25181365
vt 0.38364157 0.25890726
vt 0.3374437 0.23621581
vt 0.38364157 0.25890726
vt 0.33783373 0.23628618
vt 0.38188094 0.23948185
vt 0.33212253 0.25181365
vt 0.57650024 0.30228606
vt 0.64559406 0.2651308
vt 0.58394974 0.27112964
vt 0.657427 0.28630793
vt 0.6989969 0.25328153
vt 0.6931804 0.23542617
vt 0.7491587 0.24779056
vt 0.7472775 0.22609131
vt 0.8100871 0.26121962
vt 0.8036552 0.2383325
vt 0.8786033 0.24637116
vt 0.85582626 0.21776389
vt 0.9231446 0.20335947
vt 0.8937741 0.17447133
vt 0.9513253 0.15402825
vt 0.91886806 0.1383232
vt 0.9518158 0.095583536
vt 0.9194805 0.093095
vt 0.86090654 0.016289633
vt 0.5836489 0.2713929
vt 0.657427 0.28630793
vt 0.57650024 0.30228606
vt 0.64554816 0.26536584
vt 0.6989969 0.25328153
vt 0.6931276 0.23559485
vt 0.7491587 0.24779056
vt 0.7471196 0.22628163
vt 0.8100871 0.26121962
vt 0.80349576 0.23859595
vt 0.8786033 0.24637116
vt 0.85580474 0.21817683
vt 0.9231446 0.20335947
vt 0.8938903 0.1750338
vt 0.9513253 0.15402825
vt 0.9190523 0.1387
vt 0.9518158 0.095583536
vt 0.9197329 0.093286105
vt 0.86090654 0.016289633
vt 0.58394974 0.27112964
vt 0.5031751 0.28292352
vt 0.57650024 0.30228606
vt 0.5031751 0.2584681
vt 0.44009334 0.26899007
vt 0.44009334 0.25418282
vt 0.38364157 0.25890726
vt 0.3816052 0.23919503
vt 0.5031751 0.28292352
vt 0.5836489 0.2713929
vt 0.57650024 0.30228606
vt 0.5031751 0.25829384
vt 0.44009334 0.26899007
vt 0.44009334 0.25380114
vt 0.38364157 0.25890726
vt 0.38188094 0.23948185
vt 0.8648713 0.06451869
vt 0.9194805 0.093095
vt 0.86090654 0.016289633
vt 0.85638297 0.0874584
vt 0.8830669 0.12058913
vt 0.91886806 0.1383232
vt 0.8937741 0.17447133
vt 0.8405212 0.14165626
vt 0.8349915 0.18623547
vt 0.85582626 0.21776389
vt 0.8036552 0.2383325
vt 0.7948259 0.20999496
vt 0.74389863 0.19964705
vt 0.7472775 0.22609131
vt 0.6858314 0.21470608
vt 0.6931804 0.23542617
vt 0.6351611 0.24179949
vt 0.64559406 0.2651308
vt 0.58394974 0.27112964
vt 0.5891718 0.23736455
vt 0.5031751 0.2584681
vt 0.5031751 0.23634672
vt 0.44009334 0.25418282
vt 0.44009334 0.23692656
vt 0.3816052 0.23919503
vt 0.3815976 0.22437374
vt 0.3374437 0.23621581
vt 0.33809653 0.21719249
vt 0.31522357 0.2326396
vt 0.9197329 0.093286105
vt 0.8648713 0.06451869
vt 0.86090654 0.016289633
vt 0.85638297 0.0874584
vt 0.8830669 0.12058913
vt 0.9190523 0.1387
vt 0.8938903 0.1750338
vt 0.8405212 0.14165626
vt 0.8349915 0.18623547
vt 0.85580474 0.21817683
vt 0.80349576 0.23859595
vt 0.7948259 0.20999496
vt 0.74389863 0.19964705
vt 0.7471196 0.22628163
vt 0.6858314 0.21470608
vt 0.6931276 0.23559485
vt 0.6351611 0.24179949
vt 0.64554816 0.26536584
vt 0.5891718 0.23736455
vt 0.5836489 0.2713929
vt 0.5031751 0.25829384
vt 0.5031751 0.23634672
vt 0.44009334 0.25380114
vt 0.44009334 0.23692656
vt 0.38188094 0.23948185
vt 0.3815976 0.22437374
vt 0.33783373 0.23628618
vt 0.33809653 0.21719249
vt 0.31522357 0.2326396
vt 0.3816052 0.23919503
vt 0.33212253 0.25181365
vt 0.3374437 0.23621581
vt 0.38364157 0.25890726
vt 0.38364157 0.25890726
vt 0.33783373 0.23628618
vt 0.33212253 0.25181365
vt 0.38188094 0.23948185
vt 0.64559406 0.2651308
vt 0.57650024 0.30228606
vt 0.58394974 0.27112964
vt 0.657427 0.28630793
vt 0.6989969 0.25328153
vt 0.6931804 0.23542617
vt 0.7491587 0.24779056
vt 0.7472775 0.22609131
vt 0.8100871 0.26121962
vt 0.8036552 0.2383325
vt 0.8786033 0.24637116
vt 0.85582626 0.21776389
vt 0.9231446 0.20335947
vt 0.8937741 0.17447133
vt 0.9513253 0.15402825
vt 0.91886806 0.1383232
vt 0.9518158 0.095583536
vt 0.9194805 0.093095
vt 0.86090654 0.016289633
vt 0.657427 0.28630793
vt 0.5836489 0.2713929
vt 0.57650024 0.30228606
vt 0.64554816 0.26536584
vt 0.6989969 0.25328153
vt 0.6931276 0.23559485
vt 0.7491587 0.24779056
vt 0.7471196 0.22628163
vt 0.8100871 0.26121962
vt 0.80349576 0.23859595
vt 0.8786033 0.24637116
vt 0.85580474 0.21817683
vt 0.9231446 0.20335947
vt 0.8938903 0.1750338
vt 0.9513253 0.15402825
vt 0.9190523 0.1387
vt 0.9518158 0.095583536
vt 0.9197329 0.093286105
vt 0.86090654 0.016289633
vt 0.5031751 0.28292352
vt 0.58394974 0.27112964
vt 0.57650024 0.30228606
vt 0.5031751 0.2584681
vt 0.44009334 0.26899007
vt 0.44009334 0.25418282
vt 0.38364157 0.25890726
vt 0.3816052 0.23919503
vt 0.5836489 0.2713929
vt 0.5031751 0.28292352
vt 0.57650024 0.30228606
vt 0.5031751 0.25829384
vt 0.44009334 0.26899007
vt 0.44009334 0.25380114
vt 0.38364157 0.25890726
vt 0.38188094 0.23948185
vt 0.8648713 0.06451869
vt 0.86090654 0.016289633
vt 0.9194805 0.093095
vt 0.85638297 0.0874584
vt 0.8830669 0.12058913
vt 0.91886806 0.1383232
vt 0.8937741 0.17447133
vt 0.8405212 0.14165626
vt 0.8349915 0.18623547
vt 0.85582626 0.21776389
vt 0.8036552 0.2383325
vt 0.7948259 0.20999496
vt 0.74389863 0.19964705
vt 0.7472775 0.22609131
vt 0.6858314 0.21470608
vt 0.6931804 0.23542617
vt 0.6351611 0.24179949
vt 0.64559406 0.2651308
vt 0.58394974 0.27112964
vt 0.5891718 0.23736455
vt 0.5031751 0.2584681
vt 0.5031751 0.23634672
vt 0.44009334 0.25418282
vt 0.44009334 0.23692656
vt 0.3816052 0.23919503
vt 0.3815976 0.22437374
vt 0.3374437 0.23621581
vt 0.33809653 0.21719249
vt 0.31522357 0.2326396
vt 0.9197329 0.093286105
vt 0.86090654 0.016289633
vt 0.8648713 0.06451869
vt 0.85638297 0.0874584
vt 0.8830669 0.12058913
vt 0.9190523 0.1387
vt 0.8938903 0.1750338
vt 0.8405212 0.14165626
vt 0.8349915 0.18623547
vt 0.85580474 0.21817683
vt 0.80349576 0.23859595
vt 0.7948259 0.20999496
vt 0.74389863 0.19964705
vt 0.7471196 0.22628163
vt 0.6858314 0.21470608
vt 0.6931276 0.23559485
vt 0.6351611 0.24179949
vt 0.64554816 0.26536584
vt 0.5891718 0.23736455
vt 0.5836489 0.2713929
vt 0.5031751 0.25829384
vt 0.5031751 0.23634672
vt 0.44009334 0.25380114
vt 0.44009334 0.23692656
vt 0.38188094 0.23948185
vt 0.3815976 0.22437374
vt 0.33783373 0.23628618
vt 0.33809653 0.21719249
vt 0.31522357 0.2326396
vt 0.14821422 0.13764194
vt 0.1384908 0.077670835
vt 0.020187616 0.110079594
vt 0.2728001 0.16762288
vt 0.2696216 0.053392686
vt 0.39979163 0.03310085
vt 0.38846993 0.19177587
vt 0.519405 0.0330199
vt 0.5068457 0.22005035
vt 0.577796 0.21199892
vt 0.5782902 0.041585676
vt 0.6346046 0.051734023
vt 0.6452575 0.19239251
vt 0.6958626 0.14413248
vt 0.70395654 0.0634362
vt 0.74639636 0.110225536
vt 0.7355838 0.07031755
vt 0.75876576 0.08250861
vt 0.14821422 0.13764194
vt 0.020187616 0.110079594
vt 0.1384908 0.077670835
vt 0.2728001 0.16762288
vt 0.2696216 0.053392686
vt 0.39979163 0.03310085
vt 0.38846993 0.19177587
vt 0.519405 0.0330199
vt 0.5068457 0.22005035
vt 0.577796 0.21199892
vt 0.5782902 0.041585676
vt 0.6346046 0.051734023
vt 0.6452575 0.19239251
vt 0.6958626 0.14413248
vt 0.70395654 0.0634362
vt 0.74639636 0.110225536
vt 0.7355838 0.07031755
vt 0.75876576 0.08250861
vt 0.14821422 0.13764194
vt 0.020187616 0.110079594
vt 0.1384908 0.077670835
vt 0.2728001 0.16762288
vt 0.2696216 0.053392686
vt 0.39979163 0.03310085
vt 0.38846993 0.19177587
vt 0.519405 0.0330199
vt 0.5068457 0.22005035
vt 0.577796 0.21199892
vt 0.5782902 0.041585676
vt 0.6346046 0.051734023
vt 0.6452575 0.19239251
vt 0.6958626 0.14413248
vt 0.70395654 0.0634362
vt 0.74639636 0.110225536
vt 0.7355838 0.07031755
vt 0.75876576 0.08250861
vt 0.14821422 0.13764194
vt 0.1384908 0.077670835
vt 0.020187616 0.110079594
vt 0.2728001 0.16762288
vt 0.2696216 0.053392686
vt 0.39979163 0.03310085
vt 0.38846993 0.19177587
vt 0.519405 0.0330199
vt 0.5068457 0.22005035
vt 0.577796 0.21199892
vt 0.5782902 0.041585676
vt 0.6346046 0.051734023
vt 0.6452575 0.19239251
vt 0.6958626 0.14413248
vt 0.70395654 0.0634362
vt 0.74639636 0.110225536
vt 0.7355838 0.07031755
vt 0.75876576 0.08250861
vn -0.70503795 0.20968166 -0.6774625
vn -0.69598985 0.29493448 -0.65468466
vn -0.7603618 0.18760799 -0.6218148
vn 0.6935281 -0.5221251 -0.4963913
vn 0.35924605 -0.882423 -0.3037629
vn -0.054646704 -0.75439227 -0.6541455
vn -0.30610713 -0.8905055 -0.3365987
vn -0.30610713 -0.8905055 -0.33659878
vn -0.30610713 -0.8905055 -0.3365987
vn 0.6013744 0.63848156 0.4803028
vn 0.60137427 0.6384815 0.48030287
vn 0.6013744 0.6384815 0.48030287
vn 0.71212435 0.27344212 -0.64661336
vn 0.71882683 0.18794896 -0.6693009
vn 0.77280974 0.16420689 -0.6130267
vn -0.38250422 -0.8711014 -0.3080147
vn -0.703405 -0.50080335 -0.50439864
vn 0.039091624 -0.75582296 -0.6536082
vn 0.28262505 -0.8994914 -0.33322418
vn 0.28262505 -0.8994914 -0.33322418
vn 0.28262502 -0.89949137 -0.33322427
vn -0.58707374 0.656621 0.47349072
vn -0.58707374 0.656621 0.47349072
vn -0.5870736 0.656621 0.47349074
vn -0.14539796 0.8655887 -0.47918278
vn -0.14539787 0.8655888 -0.47918278
vn -0.1453979 0.8655887 -0.47918278
vn 0.92064065 0.33045766 -0.20789236
vn 0.92064065 0.33045766 -0.20789236
vn 0.92064065 0.33045766 -0.20789236
vn 0.10650985 0.92190564 -0.37248647
vn 0.10650979 0.9219056 -0.3724864
vn 0.10650973 0.9219056 -0.3724864
vn -0.93535537 0.32246444 -0.14535198
vn -0.93535537 0.32246444 -0.14535198
vn -0.93535537 0.32246444 -0.14535198
vn -0.18519427 0.7915553 -0.5789422
vn -0.43751195 0.8921485 -0.08940081
vn -0.27346352 0.6422957 -0.7122779
vn 9.9981875E-08 0.60984355 -0.7925219
vn -0.0035119285 0.78761107 -0.61287713
vn 8.510456E-08 0.28636238 -0.95812154
vn -0.3199498 0.19231082 -0.92714506
vn -0.57338375 0.706048 -0.4057708
vn -0.5587823 0.5252027 -0.63871694
vn -0.4081749 -0.23075086 -0.87884736
vn 4.888809E-08 -0.18966718 -0.9818486
vn -5.13597E-09 -0.6723639 -0.7402209
vn -0.56321824 -0.005946748 -0.82358444
vn -0.31276 -0.19296536 -0.92718697
vn -0.24241382 -0.63072336 -0.73717284
vn -0.44136342 -0.5154686 -0.7252813
vn -0.16843666 -0.87145746 -0.4135628
vn -0.006913989 -0.89851946 -0.38724032
vn -5.05354E-09 0.59564745 0.803246
vn -0.22720169 0.748166 0.6202345
vn 0.0021678063 0.76267385 0.6436582
vn -0.2704332 0.57761467 0.7702126
vn -6.162155E-08 0.043277152 0.9990632
vn -0.34417748 0.01399114 0.9388005
vn -0.3253282 -0.00607639 0.9185526
vn -0.33717158 -0.45671862 0.8052097
vn -9.60745E-08 -0.50047547 0.8657509
vn -1.0146994E-07 -0.85928607 0.51149553
vn -0.045427397 -0.23863262 0.9294054
vn -0.27456698 0.504144 0.7577721
vn -0.14802071 -0.760683 0.60268253
vn -0.25494415 -0.81576705 0.5191606
vn -0.20638607 -0.8418834 0.45556915
vn -0.0076503316 -0.85690826 0.47218558
vn 0.18701585 -0.804842 0.4859168
vn -0.15306638 0.17086922 0.9733317
vn -0.47060466 0.74889946 0.46656302
vn 0.2644639 -0.665059 0.69839525
vn -0.51172054 0.7909771 -0.33061427
vn -0.77635753 0.5623774 -0.28055352
vn -0.5249606 0.80170333 -0.2784093
vn -0.6142709 0.7806309 -0.102496035
vn -0.84444964 0.53546464 0.0135085285
vn -0.6429418 0.7465791 0.16306272
vn -0.840959 0.4693509 0.26925394
vn -0.9533962 0.059359625 0.2958251
vn -0.99362963 0.09958367 0.052760012
vn -0.94217855 -0.27196994 0.16956201
vn -0.8894808 -0.41704264 0.17479648
vn -0.91242963 0.2215066 -0.3313841
vn -0.75388634 0.4512691 -0.47489274
vn -0.7262633 0.48035553 -0.4868539
vn -0.9521914 -0.3053496 0.009680191
vn -0.7684194 -0.6209032 -0.15495653
vn -0.86589056 -0.4543064 0.20271197
vn -0.80173624 -0.57693475 0.15609583
vn -0.5201243 -0.8324552 0.07362885
vn -0.44726714 -0.862646 -0.14849669
vn -0.6551429 -0.6678856 -0.3531533
vn -0.33231667 -0.8914383 -0.23946452
vn -0.9265369 -0.25696152 -0.24545825
vn -0.8122278 -0.47680408 -0.31069574
vn -0.8841798 -0.005941678 -0.45648834
vn -0.90727794 -0.051097296 -0.40659574
vn -0.70258385 -0.67044246 0.23850277
vn -0.6809579 -0.73100823 0.0061786845
vn -0.66450685 -0.74156 0.09230487
vn -0.73926455 -0.64966273 0.1727612
vn -0.71461546 -0.57418346 0.39954817
vn -0.7617731 -0.5285151 0.37264323
vn -0.0006001928 -0.94333845 -0.33183235
vn -0.2202707 -0.94000155 -0.2533224
vn -0.00012256746 -0.97031 -0.2333968
vn -0.28195477 -0.90109295 -0.32944423
vn 0.009011521 -0.45049188 0.8927354
vn -0.2556689 -0.37874758 0.8873724
vn -0.24999984 -0.43596035 0.8645459
vn 0.0045062853 -0.39157015 0.91793644
vn -0.9875783 -0.1354829 0.079587765
vn -0.9224462 -0.3552261 -0.1444594
vn -0.9234812 -0.3416575 -0.17450874
vn -0.9883639 -0.08253894 0.12664922
vn -0.9409865 0.09425926 0.32505372
vn -0.94458085 0.12814093 0.30100614
vn -0.33407363 -0.621715 -0.70842457
vn -0.002129864 -0.7162856 -0.69064844
vn -0.0006699157 -0.6395594 -0.76874137
vn -0.33827358 -0.69207543 -0.6303495
vn -0.2983539 0.49452633 0.8163509
vn -0.29584897 0.56950915 0.7612164
vn -0.2932205 0.49055648 0.8205948
vn -0.30101207 0.5729704 0.7566053
vn -0.97861344 0.060449794 -0.19662699
vn -0.91413647 -0.3192214 -0.24654552
vn -0.8999363 -0.30281097 -0.31372064
vn -0.96881354 0.22193518 -0.10871456
vn -0.8846347 0.4651187 -0.032958284
vn -0.8710374 0.49009395 0.0034478605
vn -0.30115396 -0.92220813 -0.2425664
vn -0.010317121 -0.9914159 -0.10331172
vn -0.01612879 -0.98748744 -0.15687114
vn -0.2917494 -0.93609387 -0.18020159
vn -0.24270105 0.93830436 0.24633524
vn -0.23588741 0.9513531 0.1834085
vn -0.2665715 0.93769705 0.22285384
vn -0.2152373 0.9522885 0.20271881
vn -0.50214535 -0.8513319 -0.11411541
vn -0.016530264 -0.97482723 -0.10411392
vn -0.018045377 -0.9927439 0.015413597
vn -0.5315499 -0.7787416 -0.29045874
vn -0.69776946 -0.2724227 -0.6481822
vn -0.7227241 -0.5249848 -0.4425676
vn -0.43665472 -0.042419165 -0.8924672
vn -0.33316094 0.18963112 -0.9049866
vn 0.029503126 0.2949159 -0.9346086
vn 0.034637254 0.16359606 -0.97883564
vn -0.24150425 0.93854713 -0.14352463
vn 0.01381369 0.60647124 -0.79498553
vn 0.008071175 0.93713665 -0.2811017
vn -0.42163327 0.6574357 -0.6245028
vn -0.55162907 0.7651116 0.28260526
vn 0.0071594464 0.095238775 -0.99542886
vn -0.73957336 0.67189205 -0.039903298
vn -0.36656284 0.679627 0.604932
vn -0.590336 0.12028864 -0.79814434
vn -0.61645633 0.51188445 0.5982944
vn 0.0045345654 0.66061014 0.7217611
vn 0.002947323 0.51500005 0.85718524
vn -0.5214037 -0.32768196 -0.7878853
vn 0.0027682618 -0.18750808 -0.98225933
vn -0.26898074 -0.5940802 -0.7581018
vn -0.0039940076 -0.5701779 -0.82151175
vn -0.013949897 -0.98289764 -0.18362403
vn -0.9912008 0.090851344 -0.096268326
vn -0.5856803 -0.15551035 0.79548436
vn -0.008563082 -0.19252181 0.9812555
vn -0.87437266 -0.46529382 -0.13774903
vn -0.87319285 -0.08192846 0.48043996
vn -0.77021205 -0.5401936 0.33906454
vn -0.51757395 -0.6170957 0.59271455
vn -0.014804066 -0.7028134 0.7112205
vn -0.40172896 -0.8484294 0.34464714
vn -0.016297067 -0.9270187 0.37466082
vn -0.82108694 -0.5351489 0.198576
vn -0.735011 -0.3936872 0.55205953
vn -0.054646704 -0.75439227 -0.6541455
vn -0.12551145 -0.95356756 0.27378103
vn 0.35924605 -0.882423 -0.3037629
vn 0.016801879 -0.9827123 -0.18437532
vn -0.876314 -0.43369132 0.203234
vn -0.83133495 -0.5555585 0.015417032
vn -0.8214949 -0.5668044 0.006096542
vn -0.89331347 -0.40246052 0.20004301
vn -0.8732221 -0.285002 0.39218932
vn -0.89237106 -0.22719863 0.38994268
vn -0.0018897823 -0.82413226 -0.55755675
vn -0.32130572 -0.8328744 -0.4506476
vn -0.001981381 -0.88219875 -0.47087377
vn -0.323618 -0.7759875 -0.5327006
vn -0.2964426 0.024506465 0.95473653
vn 0.002296674 -0.072859526 0.99232703
vn 0.008760866 0.032111958 0.9994462
vn -0.29712108 -0.07374275 0.94730353
vn -0.99708956 0.034025084 -0.06709441
vn -0.92899925 -0.28250247 -0.23906761
vn -0.9272266 -0.25493014 -0.27162826
vn -0.99236363 0.12267468 0.012875225
vn -0.9175314 0.35107005 0.18535836
vn -0.9144966 0.3605974 0.18348213
vn -0.002051708 -0.79997015 -0.60003626
vn -0.30987754 -0.7420337 -0.5892666
vn -0.31826776 -0.80025727 -0.5082263
vn -0.001272707 -0.7266346 -0.6824397
vn -0.27215677 0.8117843 0.51665926
vn -0.2735849 0.7685631 0.5736273
vn -0.25507513 0.8053717 0.5350823
vn -0.2909324 0.77620757 0.55455303
vn -0.86901414 -0.17474997 -0.45354456
vn -0.82656413 -0.38455874 -0.41098258
vn -0.75753313 -0.52503103 -0.36774907
vn -0.8774718 0.18359426 -0.443099
vn -0.79584754 0.26961207 -0.52909684
vn -0.778929 0.49473298 -0.38536865
vn -0.017138388 -0.9945307 -0.103028625
vn -0.339807 -0.91826826 0.087809294
vn -0.33702466 -0.93699515 -0.09195021
vn -0.021420907 -0.97636294 0.087530166
vn -0.20178047 0.91960275 -0.3370688
vn 0.029634418 0.82537043 -0.52846503
vn 0.023066256 0.94917774 -0.31389442
vn -0.2601264 0.7735109 -0.5456804
vn -0.23787262 -0.8870421 -0.29235643
vn -0.35830075 -0.8357269 -0.35188946
vn -0.35678184 -0.8340818 -0.35682404
vn -0.22250569 -0.88872796 -0.29694092
vn 0.0043316185 -0.9898616 -0.14196965
vn -0.005453676 -0.98929375 -0.14583662
vn -0.86212015 0.38945237 -0.20319901
vn -0.8038375 0.365181 -0.35942274
vn -0.8393699 0.41424477 -0.23999256
vn -0.8030253 0.38921756 -0.33477962
vn -0.7104839 0.31680396 -0.6283697
vn -0.73718166 0.3262943 -0.591689
vn -0.7011486 -0.5033718 0.50498325
vn -0.6994628 -0.5015573 0.50911
vn -0.6683277 -0.46893707 0.5774399
vn -0.7300464 -0.5355802 0.42448398
vn -0.03677282 -0.65139276 0.7578494
vn -0.6809702 -0.62364817 0.37421966
vn -0.03300955 -0.80663896 0.5782271
vn -0.72480357 -0.51735103 0.45498157
vn -0.97576916 -0.14422753 -0.16304773
vn -0.03794682 -0.45951635 0.8873586
vn -0.949157 -0.27460277 -0.15393153
vn -0.031301893 0.1410272 0.98951095
vn -0.9740134 -0.14869773 -0.17084324
vn -0.6114939 0.34042448 -0.70820373
vn -0.6282486 0.17603049 -0.75783724
vn 0.036644556 0.49294567 -0.86125135
vn 0.03757084 0.31213307 -0.9492954
vn 0.031232692 -0.14421053 -0.98905414
vn 0.022064682 -0.47133267 -0.88167965
vn -0.9741065 -0.20823708 -0.08805955
vn -0.03312077 -0.8245669 0.56479424
vn -0.7603618 0.18760799 -0.6218148
vn -0.9085189 -0.09811434 -0.40616205
vn -0.70503795 0.20968166 -0.6774625
vn -0.94211066 -0.2519499 -0.22124499
vn -0.93248206 -0.35790092 -0.048835658
vn -0.91458976 -0.40383667 0.021028094
vn -0.70222116 -0.38649407 0.5979202
vn -0.6946129 -0.23845369 0.67871433
vn -0.654698 -0.1991258 0.72919124
vn -0.70367914 -0.4293835 0.56609714
vn -0.24781333 -0.6704718 0.6993256
vn -0.16415633 -0.67501056 0.71931475
vn 0.09479659 -0.8289834 0.55118066
vn 0.8472337 -0.44390512 0.2917935
vn 0.89412594 -0.26290804 0.36251682
vn 0.8472689 -0.44900244 0.28378242
vn 0.9206998 -0.20283079 0.33342475
vn 0.96388 0.00014920533 0.26633793
vn 0.99566215 -0.026860707 0.08908425
vn 0.35500368 0.37288326 -0.857281
vn 0.36808002 0.2647084 -0.8913176
vn 0.3375859 0.3206696 -0.8849898
vn 0.11842932 0.3450074 -0.9310987
vn 0.035481673 0.3687849 -0.92883754
vn -0.0031922848 0.40997267 -0.9120923
vn 0.008932382 -0.57237375 -0.79602313
vn -0.027181238 -0.57377565 -0.79466903
vn 0.009076127 -0.5685707 -0.798742
vn -0.03212609 -0.5845964 -0.78657174
vn -0.18460529 -0.39808613 -0.8777932
vn -0.19977856 -0.42420757 -0.8622493
vn -0.08776602 -0.1349895 -0.9674057
vn -0.09383528 -0.13960588 -0.96620804
vn 0.023408508 -0.07050586 -0.9776537
vn 0.023424074 -0.06978086 -0.97770536
vn 0.011520419 -0.22854659 -0.97346497
vn -0.16691247 -0.08871737 -0.9819724
vn 0.011541264 -0.2276294 -0.97367966
vn -0.14674667 -0.12859464 -0.9807799
vn -0.3201965 0.24391747 -0.91541183
vn -0.32943794 0.2066932 -0.92127573
vn -0.15275113 0.5743363 -0.8042421
vn -0.1489016 0.57398504 -0.8052142
vn 0.024589412 0.6366092 -0.77079475
vn 0.02456994 0.6330916 -0.773687
vn 0.013934451 0.3825425 -0.9203895
vn -0.09795816 0.4085117 -0.9039825
vn 0.013969701 0.38747656 -0.91832244
vn -0.084770165 0.3850487 -0.91553354
vn -0.21783495 0.62153566 -0.74844766
vn -0.22036856 0.6060194 -0.7603363
vn -0.07385807 0.8108704 -0.5750981
vn -0.066018336 0.8111266 -0.5756812
vn 0.015285966 0.82164645 -0.5641805
vn 0.0152998455 0.8176758 -0.5699196
vn 0.0058406875 0.64344966 -0.76546603
vn -0.0940285 0.6618748 -0.74369377
vn 0.005844053 0.6449418 -0.76420945
vn -0.09157091 0.65627015 -0.74894875
vn -0.19794095 0.7916584 -0.5780106
vn -0.19865616 0.786298 -0.5850394
vn -0.07760496 0.90991557 -0.4074693
vn -0.07115168 0.91029215 -0.40780586
vn 0.0059988485 0.9175263 -0.39763
vn 0.0060024317 0.9161627 -0.4007616
vn -0.0014430593 0.6074682 -0.78803337
vn -0.26754573 0.6414 -0.7126092
vn -0.0014393385 0.6089449 -0.78689283
vn -0.27775142 0.6427732 -0.70749015
vn -0.5062636 0.7710866 -0.37685934
vn -0.50913024 0.7682446 -0.37883353
vn -0.32731554 0.94016737 0.021216065
vn -0.339989 0.93587935 0.011446178
vn 0.0010936428 0.9794213 0.17547879
vn 0.09363175 0.9213003 0.36394933
vn -0.007250423 0.80388296 -0.59474385
vn -0.14569329 0.81431067 -0.5618471
vn -0.0072316006 0.80586 -0.5920626
vn -0.15033583 0.81226844 -0.56357765
vn -0.30961046 0.8915055 -0.33069602
vn -0.3129289 0.88873404 -0.33500397
vn -0.17689711 0.9829077 -0.050992414
vn -0.18041523 0.9820135 -0.055678323
vn -0.0021813707 0.99945104 0.033064693
vn -0.0021933154 0.99949443 0.03172642
vn 0.8424257 0.46872842 -0.2657315
vn 0.81049806 0.56748533 -0.0025398089
vn 0.8200908 0.55343616 -0.01123211
vn 0.8432646 0.44038734 -0.3081628
vn 0.78537273 0.37006122 -0.49620032
vn 0.78767323 0.29995453 -0.53811586
vn 0.66352564 0.3287011 -0.6720789
vn 0.7120328 0.3257648 -0.62200254
vn 0.5278567 0.36202008 -0.7577044
vn 0.55422497 0.4604677 -0.682153
vn -0.4198799 0.8694882 -0.2601753
vn -0.57338375 0.706048 -0.4057708
vn -0.557007 0.8183 0.04560119
vn -0.43927038 0.8736906 -0.20906049
vn -0.47851294 0.7557476 -0.44699466
vn -0.5120998 0.77434945 -0.3715815
vn -0.43157697 0.6476728 -0.6279025
vn -0.46304834 0.6639907 -0.5871139
vn -0.4073313 0.6046029 -0.6733919
vn -0.3726907 0.6942783 -0.60259604
vn 0.596355 -0.7767255 0.16583593
vn 0.45353377 -0.88769686 -0.07938025
vn 0.6308706 -0.7550002 0.13421692
vn 0.42547673 -0.90360475 0.049677
vn 0.36916816 -0.834401 -0.40916517
vn 0.369541 -0.89686054 -0.24291348
vn -0.73074293 -0.6447774 0.16672385
vn -0.85166633 -0.5208671 0.057987135
vn -0.7232371 -0.65481025 0.16021511
vn -0.8348678 -0.54643667 -0.06635745
vn -0.81648463 -0.49515873 -0.29689002
vn -0.66023237 -0.5472615 -0.5143454
vn 0.9141465 0.40435398 0.028889403
vn 0.99270177 0.106820196 0.055220746
vn 0.9986123 0.0522959 -0.00481157
vn 0.9017706 0.43177354 0.019545421
vn 0.84800977 0.48510936 -0.20764083
vn 0.8669932 0.44566977 -0.21805924
vn 0.8061776 0.43038377 -0.4060146
vn 0.8282778 0.45333207 -0.3293119
vn 0.66842735 0.4798076 -0.53157884
vn 0.6834393 0.47423863 -0.51872665
vn -0.52184796 0.80982643 0.26805928
vn -0.43751195 0.8921485 -0.08940081
vn -0.38622707 0.84727854 0.3578304
vn -0.5565119 0.7771963 0.29370138
vn -0.53348523 0.8353564 -0.10664504
vn -0.5458024 0.8313512 -0.06978634
vn -0.5692422 0.7518906 -0.33260188
vn -0.5471104 0.72936666 -0.4107245
vn -0.50285566 0.73424447 -0.39171338
vn -0.58950466 0.73051584 -0.26676548
vn 0.5302733 -0.8084837 -0.24702254
vn 0.56253785 -0.66252285 -0.49458554
vn 0.5073666 -0.82481456 -0.24078791
vn 0.5644328 -0.66577774 -0.48801208
vn 0.50946665 -0.5584934 -0.64970136
vn 0.502067 -0.63161474 -0.58524334
vn -0.835998 -0.5368782 -0.10551711
vn -0.7309496 -0.5097056 -0.45377687
vn -0.8537501 -0.5124586 -0.08327248
vn -0.7114742 -0.5208705 -0.47169796
vn -0.6295855 -0.40283087 -0.66039264
vn -0.61580807 -0.40064883 -0.67444897
vn 0.7798451 -0.5444636 0.29622382
vn 0.587467 -0.79391557 0.15678233
vn 0.83208954 -0.50492275 0.2076127
vn 0.5601312 -0.7933163 0.23854269
vn 0.43948105 -0.8622396 -0.25179243
vn 0.42898127 -0.8902142 -0.15327635
vn -0.42414325 -0.7844 0.438581
vn -0.61828345 -0.71396905 0.32859462
vn -0.3761814 -0.82261103 0.4118121
vn -0.63870454 -0.6848879 0.3506934
vn -0.60787684 -0.7564849 -0.24128182
vn -0.6119978 -0.7441281 -0.26782936
vn 0.64706856 0.700189 -0.30172575
vn 0.56678677 0.7818559 -0.22637764
vn 0.56241995 0.7854402 -0.22491065
vn 0.6506376 0.6962492 -0.3031641
vn -0.57848847 0.8094107 -0.10102329
vn -0.7213421 0.6834302 -0.020379886
vn -0.74865615 0.6528269 0.019804634
vn -0.5514608 0.82327044 -0.13459957
vn 0.7454512 0.13227656 0.6533037
vn 0.73441565 0.37043288 0.5686946
vn 0.7344156 0.37043282 0.5686947
vn 0.74719685 0.20050944 0.6336349
vn 0.713299 -0.09525582 0.6943567
vn 0.5211173 -0.631488 0.57410485
vn 0.51877415 -0.8068485 0.28261083
vn 0.5458954 -0.6322477 0.5497273
vn 0.49948317 -0.74796325 0.43711293
vn 0.50846744 -0.849122 -0.07001082
vn 0.5093632 -0.8500406 -0.049998
vn 0.5253636 -0.77038777 -0.36124265
vn 0.5274761 -0.7586185 -0.3824493
vn 0.5202201 -0.47134036 -0.7121866
vn 0.52093977 -0.51030624 -0.68425846
vn 0.51803493 -0.413836 -0.74858534
vn 0.5327893 -0.32967335 -0.77939165
vn 0.539353 -0.40711838 -0.73712516
vn 0.5371324 -0.3752396 -0.75543666
vn 0.5035101 -0.14976935 -0.8509097
vn -0.8619713 -0.40628916 0.3032084
vn -0.7448305 -0.26247364 0.6134329
vn -0.7696259 -0.24761361 0.58849937
vn -0.7974678 -0.36849993 0.47775882
vn -0.8696387 -0.4877625 0.034006257
vn -0.86574465 -0.49181974 0.060609326
vn -0.87116337 -0.46210825 -0.165925
vn -0.8735644 -0.4472685 -0.19192937
vn -0.8250511 -0.17391396 -0.53762937
vn -0.84865665 -0.1881778 -0.4943397
vn -0.804932 -0.08915369 -0.58663154
vn -0.8387906 -0.12940583 -0.52885234
vn -0.8365638 -0.121785454 -0.53416276
vn -0.82724696 -0.0922487 -0.554214
vn -0.7419738 0.09742648 -0.66331255
vn 0.52531874 -0.7790924 0.332837
vn 0.5775756 -0.81246847 0.07938051
vn 0.5128462 -0.7842761 0.33987153
vn 0.5763024 -0.80550414 0.13797942
vn 0.57332903 -0.710077 -0.34357435
vn 0.5637493 -0.74224395 -0.28534853
vn 0.5953141 -0.6307489 -0.4977519
vn 0.5772338 -0.6427087 -0.50371295
vn 0.5919277 -0.27389315 -0.7580265
vn 0.6029102 -0.29507247 -0.7412367
vn 0.5922093 -0.080168694 -0.8017864
vn 0.60240304 -0.00655064 -0.79816544
vn 0.58304733 0.10124096 -0.80610573
vn 0.592687 0.052568585 -0.8037158
vn 0.5124063 0.34236372 -0.7875451
vn -0.70771265 -0.6327591 0.30730027
vn -0.7096285 -0.60163647 0.36668983
vn -0.7070249 -0.63359874 0.30713966
vn -0.7100836 -0.6010667 0.36674336
vn 0.6466601 -0.33842015 0.6835958
vn 0.6834377 -0.5891941 0.43100315
vn 0.62971294 -0.33655855 0.7001362
vn 0.6840515 -0.5366914 0.4940004
vn 0.65445447 -0.6287051 0.38091314
vn 0.6854168 -0.6111947 0.35915926
vn 0.64225465 -0.65806377 0.39301574
vn 0.6178446 -0.6920441 0.37328708
vn 0.55667144 -0.8298141 -0.039056763
vn 0.56644404 -0.8239984 0.012960479
vn 0.5014994 -0.8355456 -0.22441435
vn 0.51072985 -0.81690085 -0.26800746
vn 0.5533838 -0.77207196 -0.31252396
vn 0.5581863 -0.78139997 -0.27900198
vn 0.5043464 -0.66816586 -0.5469818
vn -0.7459912 -0.32713997 0.5800667
vn -0.5915353 -0.1385094 0.7942934
vn -0.56382394 -0.14357242 0.81332064
vn -0.72394764 -0.28866938 0.6265545
vn -0.77219176 -0.30636021 0.5051641
vn -0.7956305 -0.28297713 0.4855882
vn -0.82333905 -0.288521 0.48874223
vn -0.82155997 -0.3286664 0.4658521
vn -0.88152254 -0.4669297 0.06996673
vn -0.8968888 -0.4224689 0.13080947
vn -0.87623376 -0.46654016 -0.12064493
vn -0.8979435 -0.43335885 -0.07680032
vn -0.899579 -0.37681878 -0.22083008
vn -0.9045467 -0.38375533 -0.18581688
vn -0.8307864 -0.3045948 -0.4658503
vn 0.8481381 0.51705754 0.115386665
vn 0.86849135 0.45039368 0.19843034
vn 0.86795926 0.45107114 0.19918393
vn 0.842114 0.52604395 0.118837826
vn 0.7774691 0.6263434 -0.056890175
vn 0.8076645 0.5894615 0.014636267
vn 0.82203585 0.5599997 0.10323862
vn 0.7602155 0.64942116 0.018040009
vn 0.8578884 0.3254308 0.39764684
vn 0.8582881 0.35410407 0.37141997
vn 0.8293133 0.14775562 0.53889567
vn -0.48341015 0.8032316 0.32333627
vn -0.49703723 0.81209624 0.30570236
vn -0.48140565 0.8038645 0.32469806
vn -0.48929098 0.81678796 0.30569935
vn -0.46087363 0.87904215 0.12198729
vn -0.45367655 0.8677323 0.20302333
vn -0.4604094 0.85627544 0.2341278
vn -0.4581105 0.82340145 0.33488077
vn -0.5172271 0.6053654 0.6049869
vn -0.5137832 0.6337137 0.5783028
vn -0.5208054 0.41012493 0.7487054
vn 0.7687781 0.54039574 0.34198436
vn 0.7490622 0.44009233 0.46169364
vn 0.7242843 0.45262104 0.4856087
vn 0.75908583 0.52712196 0.3820101
vn 0.62652487 0.7729964 0.099717855
vn 0.693465 0.68181527 0.23288327
vn 0.6281399 0.75646234 0.1822238
vn 0.3761906 0.92446584 0.061998636
vn -0.5780104 0.6086159 0.49683326
vn -0.60534 0.61724395 0.50256664
vn -0.524083 0.615947 0.5412552
vn -0.6109384 0.62845635 0.48145276
vn -0.5726035 0.7690146 0.28415096
vn -0.57158923 0.74556494 0.3426641
vn -0.61948514 0.6609189 0.42358515
vn -0.62783396 0.60116696 0.4943915
vn -0.6916679 0.13317552 0.70983106
vn -0.6940786 0.20130074 0.69118243
vn -0.65464365 -0.1151239 0.74712026
vn 0.7708791 0.55740416 0.19707537
vn 0.8391115 0.51573515 -0.17294456
vn 0.7590086 0.58249044 0.16166213
vn 0.83592385 0.5215486 -0.17093517
vn 0.80484176 0.3701727 -0.46389928
vn 0.8252767 0.3387714 -0.45183277
vn 0.8121183 0.3259418 -0.48396948
vn 0.7483712 0.32067913 -0.58060837
vn 0.89989245 0.43447042 -0.037812114
vn 0.8977617 0.44009292 -0.0185128
vn 0.8886892 0.39471203 0.23331238
vn -0.5333723 0.84458846 -0.046736196
vn -0.47039917 0.7961456 0.29838178
vn -0.45600304 0.81447214 0.26833242
vn -0.53838885 0.84038585 -0.06236227
vn -0.6358287 0.6616244 -0.397461
vn -0.6309378 0.6803511 -0.3728809
vn -0.6316475 0.6245882 -0.45925063
vn -0.60116696 0.70260346 -0.38071895
vn -0.597527 0.7991591 0.06562199
vn -0.5914414 0.80502486 0.04617448
vn -0.58251864 0.7620185 0.2828424
vn -0.65255696 0.11152509 -0.7494877
vn -0.6636659 0.060116082 -0.7456098
vn -0.58261657 0.33219224 -0.7417591
vn -0.67703295 -0.01846829 -0.7357211
vn -0.65784603 0.016859144 -0.75296396
vn -0.6990116 -0.14374757 -0.70051384
vn -0.6774892 -0.1621683 -0.7174331
vn -0.71403587 -0.53618234 -0.4501796
vn -0.6939994 -0.5677702 -0.4427217
vn -0.68634593 -0.63171154 -0.30204242
vn -0.70341337 -0.5598207 -0.39357728
vn -0.60047454 -0.63039595 -0.49196702
vn -0.589035 -0.56778353 -0.57503045
vn 0.62516946 0.20796457 -0.7522731
vn 0.43436617 -0.22051677 -0.82856375
vn 0.42398795 -0.10644342 -0.85430586
vn 0.67338467 0.22151789 -0.7053252
vn 0.66473 0.3315776 -0.66947067
vn 0.6089634 0.3345651 -0.7191875
vn 0.4505817 0.07590178 -0.88950294
vn 0.37851918 0.059631307 -0.9236708
vn -0.6588251 -0.008646261 -0.7190598
vn -0.67461914 0.39009362 -0.6266711
vn -0.59998965 0.092920706 -0.7608683
vn -0.7118445 0.42751056 -0.5572367
vn -0.6783457 0.52798736 -0.510957
vn -0.6477791 0.5255383 -0.55153614
vn -0.68986535 0.29838863 -0.6595835
vn -0.65983206 0.2775614 -0.69827056
vn 0.17846073 0.7920054 -0.58055055
vn 0.28325778 0.5790244 -0.7644006
vn 0.44781578 0.87920815 -0.16213396
vn 9.9981875E-08 0.60984355 -0.7925219
vn -0.0035119285 0.78761107 -0.61287713
vn 8.510456E-08 0.28636238 -0.95812154
vn 0.2876331 0.21462838 -0.93307745
vn 0.65099406 0.648937 -0.39301527
vn 0.5669503 0.4651068 -0.6797384
vn 0.41271323 -0.2524622 -0.8696767
vn 4.888809E-08 -0.18966718 -0.9818486
vn -5.13597E-09 -0.6723639 -0.7402209
vn 0.58418345 -0.040164597 -0.8055418
vn 0.22219822 -0.1682328 -0.959848
vn 0.24241386 -0.63072324 -0.7371728
vn 0.41921473 -0.5428037 -0.7209753
vn 0.15509905 -0.8739264 -0.41263562
vn -0.006913989 -0.89851946 -0.38724032
vn 0.2313445 0.7487336 0.61820656
vn -5.05354E-09 0.59564745 0.803246
vn 0.0021678063 0.76267385 0.6436582
vn 0.2704332 0.5776147 0.7702127
vn -6.162155E-08 0.043277152 0.9990632
vn 0.34417737 0.013991281 0.9388006
vn 0.32308996 -0.008644221 0.92100793
vn 0.32897088 -0.45779574 0.8094377
vn -9.60745E-08 -0.50047547 0.8657509
vn -1.0146994E-07 -0.85928607 0.51149553
vn 0.15311065 0.011218488 0.9881456
vn 0.48167163 0.6593314 0.5772997
vn 0.13628367 -0.7584966 0.60660005
vn 0.25494397 -0.81576693 0.5191606
vn 0.19134821 -0.8449185 0.456709
vn -0.0076503316 -0.85690826 0.47218558
vn -0.24689192 -0.6304128 0.7359514
vn 0.13520992 0.18425645 0.9735338
vn 0.49300116 0.7358742 0.46415436
vn -0.3139719 -0.6369234 0.7040958
vn 0.5072098 0.79223835 -0.33512047
vn 0.53492606 0.7720145 -0.34302205
vn 0.7836032 0.52996945 -0.32391965
vn 0.6118293 0.78214854 -0.10791845
vn 0.84444976 0.5354649 0.013508648
vn 0.6429545 0.7481708 0.15737584
vn 0.84095913 0.4693512 0.26925406
vn 0.9533962 0.059359953 0.2958252
vn 0.99362963 0.09958401 0.052760154
vn 0.9369641 -0.2823547 0.177802
vn 0.88233757 -0.42617592 0.18316957
vn 0.91971904 0.10976649 -0.37530738
vn 0.76059604 0.40287232 -0.50891376
vn 0.76369447 0.4073859 -0.4999699
vn 0.9521914 -0.30534917 0.009680331
vn 0.76841915 -0.6209029 -0.1549564
vn 0.8582137 -0.4629505 0.21104
vn 0.8017361 -0.5769345 0.15609595
vn 0.50615907 -0.8402868 0.07657001
vn 0.43337205 -0.86936617 -0.14597291
vn 0.6551428 -0.66788536 -0.35315323
vn 0.31819102 -0.8964023 -0.23760027
vn 0.91234493 -0.32895228 -0.2226482
vn 0.7822582 -0.5394137 -0.29543862
vn 0.895496 -0.070903465 -0.42963707
vn 0.8685154 -0.15538049 -0.46929926
vn 0.68238306 -0.7293207 0.00014931709
vn 0.71000284 -0.6669457 0.22600809
vn 0.6696982 -0.73825717 0.08050351
vn 0.74203116 -0.6478292 0.16621017
vn 0.7244047 -0.57062125 0.3868197
vn 0.7661065 -0.52662396 0.3658862
vn -0.0006001928 -0.94333845 -0.33183235
vn 0.21977893 -0.9394569 -0.2552685
vn 0.28054005 -0.89970046 -0.33441964
vn -0.00012256746 -0.97031 -0.2333968
vn 0.009011521 -0.45049188 0.8927354
vn 0.26437083 -0.37810388 0.8850725
vn 0.0045062853 -0.39157015 0.91793644
vn 0.2674086 -0.43467957 0.85996926
vn 0.92125696 -0.35762978 -0.1495182
vn 0.9855933 -0.14551213 0.08621257
vn 0.9211112 -0.35103318 -0.16831563
vn 0.98883396 -0.085116655 0.12122413
vn 0.93969226 0.08470014 0.331368
vn 0.94616836 0.12567592 0.29581827
vn 0.33248547 -0.62510294 -0.70618665
vn -0.002129864 -0.7162856 -0.69064844
vn 0.3343277 -0.69295233 -0.632195
vn -0.0006699157 -0.6395594 -0.76874137
vn 0.35666838 0.889642 0.26865965
vn 0.2978775 0.4914958 0.8183527
vn 0.29267558 0.4875785 0.822562
vn 0.09363175 0.9213003 0.36394933
vn 0.0010936428 0.9794213 0.17547879
vn 0.32871383 0.939312 0.019416034
vn 0.5083951 0.76691806 -0.3816254
vn 0.5055418 0.7697674 -0.37963557
vn 0.27529117 0.6420522 -0.7090076
vn 0.26505956 0.6407057 -0.7140705
vn -0.0014430593 0.6074682 -0.78803337
vn -0.0014393385 0.6089449 -0.78689283
vn 0.9114767 -0.34112814 -0.2286256
vn 0.9860776 0.023280755 -0.16464943
vn 0.89757144 -0.33681715 -0.28446418
vn 0.9757 0.19860171 -0.08962753
vn 0.9021936 0.4313146 -0.003875628
vn 0.881805 0.46906048 0.020653486
vn 0.2737978 -0.9330854 -0.23320842
vn -0.010317121 -0.9914159 -0.10331172
vn 0.27384457 -0.9428808 -0.17464983
vn -0.01612879 -0.98748744 -0.15687114
vn 0.26986617 0.9286074 0.25467786
vn 0.25382346 0.9454768 0.18821543
vn 0.23280452 0.94691217 0.20711674
vn 0.2944478 0.9270834 0.23198509
vn -0.016530264 -0.97482723 -0.10411392
vn 0.47813386 -0.868056 -0.08249238
vn -0.018045377 -0.9927439 0.015413597
vn 0.51461834 -0.7974539 -0.26414323
vn 0.7185311 -0.2977554 -0.61255634
vn 0.73091507 -0.5497847 -0.39567435
vn 0.49179345 -0.058259025 -0.8625162
vn 0.38581204 0.17677121 -0.8869015
vn 0.029503126 0.2949159 -0.9346086
vn 0.034637254 0.16359606 -0.97883564
vn 0.01381369 0.60647124 -0.79498553
vn 0.25729123 0.9347408 -0.14209516
vn 0.008071175 0.93713665 -0.2811017
vn 0.44863072 0.6441527 -0.61951447
vn 0.5634482 0.75660247 0.28580087
vn 0.0071594464 0.095238775 -0.99542886
vn 0.76014304 0.6490016 -0.031306937
vn 0.37618923 0.6739591 0.6070606
vn 0.6028407 0.10207692 -0.79130507
vn 0.6248937 0.49293742 0.6054098
vn 0.0045345654 0.66061014 0.7217611
vn 0.002947323 0.51500005 0.85718524
vn 0.52015597 -0.3435795 -0.78191507
vn 0.0027682618 -0.18750808 -0.98225933
vn 0.25939572 -0.602145 -0.7550732
vn -0.0039940076 -0.5701779 -0.82151175
vn -0.013949897 -0.98289764 -0.18362403
vn 0.99455 0.06054242 -0.084886044
vn 0.5715061 -0.17317282 0.80211735
vn -0.008563082 -0.19252181 0.9812555
vn 0.86128646 -0.49178553 -0.12780027
vn 0.8647221 -0.10845463 0.49040166
vn 0.7494306 -0.5633884 0.34777516
vn 0.49167278 -0.63250005 0.59849954
vn -0.014804066 -0.7028134 0.7112205
vn 0.37167242 -0.86023396 0.34908023
vn -0.016297067 -0.9270187 0.37466082
vn 0.80204254 -0.5599231 0.20787975
vn 0.7162783 -0.41583854 0.56037825
vn 0.039091624 -0.75582296 -0.6536082
vn 0.09320517 -0.95690584 0.27503467
vn -0.38250422 -0.8711014 -0.3080147
vn -0.04467106 -0.98177403 -0.18472773
vn 0.8342174 -0.55143553 0.0006848201
vn 0.8766615 -0.43597668 0.19842413
vn 0.8207261 -0.5689454 0.0015905797
vn 0.8986935 -0.3980245 0.18419227
vn 0.87466955 -0.28728074 0.38739341
vn 0.9002428 -0.2227611 0.37408656
vn -0.0018897823 -0.82413226 -0.55755675
vn 0.3174027 -0.83129334 -0.45629713
vn 0.32001793 -0.7768266 -0.5344666
vn -0.001981381 -0.88219875 -0.47087377
vn 0.3131596 0.026015505 0.94934446
vn 0.002296674 -0.072859526 0.99232703
vn 0.30149582 -0.07452318 0.94566107
vn 0.008760866 0.032111958 0.9994462
vn 0.92766374 -0.2919395 -0.23283398
vn 0.998784 0.010075312 -0.04750323
vn 0.9265571 -0.2771749 -0.2534318
vn 0.9934506 0.1125812 0.01954248
vn 0.9213134 0.3290046 0.20340817
vn 0.91686255 0.351289 0.18963079
vn -0.002051708 -0.79997015 -0.60003626
vn 0.30489948 -0.74941087 -0.58323205
vn -0.001272707 -0.7266346 -0.6824397
vn 0.3135215 -0.8034685 -0.50610507
vn 0.27691978 0.8089935 0.5185028
vn 0.2792169 0.7619297 0.5790535
vn 0.29712698 0.7691511 0.5603253
vn 0.25965056 0.8027554 0.53681046
vn 0.8243635 -0.41579187 -0.38411185
vn 0.8834119 -0.20609474 -0.40946373
vn 0.7540404 -0.5520678 -0.3297267
vn 0.8977368 0.15000993 -0.41420546
vn 0.83167875 0.24050128 -0.4881578
vn 0.80920386 0.46468785 -0.35951996
vn -0.017138388 -0.9945307 -0.103028625
vn 0.29860416 -0.9296872 0.10386798
vn -0.021420907 -0.97636294 0.087530166
vn 0.30416492 -0.9491255 -0.08151415
vn 0.24726865 0.9111074 -0.32976002
vn 0.029634418 0.82537043 -0.52846503
vn 0.31765693 0.7631763 -0.53114676
vn 0.023066256 0.94917774 -0.31389442
vn 0.34709513 -0.83738416 -0.34600607
vn 0.038313314 -0.9960513 -0.08008799
vn 0.34561005 -0.83573467 -0.35095808
vn 0.021960631 -0.99639225 -0.0819788
vn -0.047381014 -0.99138117 -0.12214142
vn -0.037481114 -0.99135387 -0.12574956
vn 0.8070277 0.12729603 -0.57663035
vn 0.86676246 0.37680104 -0.19800265
vn 0.84444964 0.40171847 -0.23506042
vn 0.8142854 0.15791991 -0.5585706
vn 0.7410199 0.2697805 -0.6149053
vn 0.7671583 0.2787933 -0.577705
vn 0.6629777 -0.524697 0.53399813
vn 0.66127104 -0.5227181 0.53804
vn 0.6924364 -0.5599307 0.45498317
vn 0.62991905 -0.48722827 0.60482305
vn 0.6328814 -0.6460633 0.41660345
vn -0.03677282 -0.65139276 0.7578494
vn -0.03300955 -0.80663896 0.5782271
vn 0.6743746 -0.5409329 0.50260377
vn -0.03794682 -0.45951635 0.8873586
vn 0.9476427 -0.3065716 -0.08937244
vn 0.97861314 -0.17757049 -0.10000092
vn -0.031301893 0.1410272 0.98951095
vn 0.977815 -0.18159401 -0.104411185
vn 0.6677403 0.31859994 -0.66693664
vn 0.68387693 0.15391581 -0.7131779
vn 0.036644556 0.49294567 -0.86125135
vn 0.03757084 0.31213307 -0.9492954
vn 0.031232692 -0.14421053 -0.98905414
vn 0.022064682 -0.47133267 -0.88167965
vn 0.97027665 -0.2410079 -0.02188088
vn -0.03312077 -0.8245669 0.56479424
vn 0.90969664 -0.12586609 -0.39574
vn 0.77280974 0.16420689 -0.6130267
vn 0.71882683 0.18794896 -0.6693009
vn 0.9364563 -0.28062287 -0.21047705
vn 0.9216234 -0.3862005 -0.038207904
vn 0.901538 -0.43155658 0.03143815
vn 0.6791877 -0.25942233 0.68658894
vn 0.68319976 -0.40763998 0.6058614
vn 0.63991576 -0.2188858 0.73661196
vn 0.6837127 -0.45055962 0.57404965
vn 0.21920462 -0.6776 0.7020025
vn 0.13522448 -0.67958003 0.72103083
vn -0.1263629 -0.8256077 0.5499129
vn -0.90582913 -0.23543495 0.3521994
vn -0.86367506 -0.41779113 0.28198653
vn -0.863774 -0.42288646 0.27397466
vn -0.930222 -0.1745798 0.32281518
vn -0.96641564 0.029611692 0.25527343
vn -0.9969737 0.0035533085 0.0776624
vn -0.3495904 0.2756623 -0.8954313
vn -0.3336098 0.38339376 -0.86122817
vn -0.31747714 0.33066797 -0.88874465
vn -0.097165816 0.34829807 -0.93233454
vn -0.013562526 0.36953345 -0.92911863
vn 0.026155962 0.40952468 -0.91192406
vn 0.044850886 -0.57506406 -0.79285705
vn 0.008932382 -0.57237375 -0.79602313
vn 0.009076127 -0.5685707 -0.798742
vn 0.04895047 -0.5860466 -0.7845323
vn 0.21307914 -0.40519935 -0.86778975
vn 0.22640836 -0.43183053 -0.85152894
vn 0.13131015 -0.13890803 -0.961895
vn 0.13712531 -0.14373696 -0.96039844
vn 0.023408508 -0.07050586 -0.9776537
vn 0.023424074 -0.06978086 -0.97770536
vn 0.19529545 -0.0955697 -0.9760771
vn 0.011520419 -0.22854659 -0.97346497
vn 0.011541264 -0.2276294 -0.97367966
vn 0.17360803 -0.13465524 -0.97556573
vn 0.35880154 0.23107183 -0.9043604
vn 0.3668146 0.19352111 -0.90994346
vn 0.2004425 0.5676544 -0.79849344
vn 0.1966161 0.5674484 -0.7995905
vn 0.024589412 0.6366092 -0.77079475
vn 0.02456994 0.6330916 -0.773687
vn 0.12602986 0.40582392 -0.9017839
vn 0.013934451 0.3825425 -0.9203895
vn 0.013969701 0.38747656 -0.91832244
vn 0.1125487 0.38268095 -0.9135967
vn 0.24751827 0.6159516 -0.7438798
vn 0.2499407 0.60037583 -0.7557198
vn 0.10436608 0.8087318 -0.5733487
vn 0.09654806 0.80917585 -0.5740855
vn 0.015285966 0.82164645 -0.5641805
vn 0.0152998455 0.8176758 -0.5699196
vn 0.10574359 0.66085935 -0.74302304
vn 0.0058406875 0.64344966 -0.76546603
vn 0.005844053 0.6449418 -0.76420945
vn 0.10326447 0.6552798 -0.7482946
vn 0.20985514 0.7895856 -0.5766415
vn 0.21056303 0.784218 -0.58366543
vn 0.089585155 0.90906566 -0.40690804
vn 0.08313843 0.9095079 -0.40728784
vn 0.0059988485 0.9175263 -0.39763
vn 0.0060024317 0.9161627 -0.4007616
vn 0.1316994 0.8149973 -0.56430066
vn -0.007250423 0.80388296 -0.59474385
vn -0.0072316006 0.80586 -0.5920626
vn 0.13632064 0.8129781 -0.56611323
vn 0.29929557 0.89301276 -0.33608195
vn 0.30255094 0.89025766 -0.34044802
vn 0.1710999 0.9837691 -0.054070517
vn 0.17453896 0.9828922 -0.058817968
vn -0.0021813707 0.99945104 0.033064693
vn -0.0021933154 0.99949443 0.03172642
vn -0.7204822 0.68675053 0.09094005
vn -0.6830127 0.725938 -0.08067326
vn -0.7327084 0.6748462 0.08190267
vn -0.6968137 0.7061613 -0.1256482
vn -0.6811168 0.581147 -0.4266148
vn -0.7088678 0.5158981 -0.46495578
vn -0.5938037 0.40275794 -0.6965516
vn -0.63575554 0.42401475 -0.6450017
vn -0.51569825 0.35280228 -0.77440864
vn -0.5031374 0.4670967 -0.72015584
vn 0.65099406 0.648937 -0.39301527
vn 0.63482195 0.743198 -0.2113265
vn 0.6807478 0.7287924 0.06659578
vn 0.6597605 0.7334808 -0.16347238
vn 0.63840777 0.5612688 -0.5092619
vn 0.68347734 0.56899023 -0.43915904
vn 0.54521006 0.35928577 -0.75740397
vn 0.58398736 0.37146017 -0.72178745
vn 0.45387682 0.32634318 -0.8226953
vn 0.45548064 0.43389124 -0.7704719
vn -0.70741725 -0.6966528 -0.119317695
vn -0.6999825 -0.69762456 0.15001091
vn -0.73306286 -0.66840667 0.12225386
vn -0.6723016 -0.74027675 0.0013466291
vn -0.6449862 -0.6728706 -0.33679318
vn -0.6476259 -0.7303503 -0.17165385
vn 0.6543964 -0.7447245 -0.13096258
vn 0.64003295 -0.76439524 0.07276375
vn 0.63063055 -0.7727755 0.066052295
vn 0.61783266 -0.7442633 -0.25368363
vn 0.592643 -0.7122957 -0.34874663
vn 0.40688682 -0.7151839 -0.5454431
vn -0.99156374 0.12213272 0.04159954
vn -0.9047827 0.42322412 -0.04743302
vn -0.9978673 0.06267388 -0.013846701
vn -0.8917295 0.4484254 -0.061101023
vn -0.83531505 0.4624314 -0.29328403
vn -0.85509145 0.42220536 -0.2973788
vn -0.79272723 0.3763586 -0.4795184
vn -0.8151004 0.4115723 -0.40770072
vn -0.6545423 0.30765274 -0.6858617
vn -0.66973513 0.3067628 -0.67161155
vn 0.44781578 0.87920815 -0.16213396
vn 0.5387758 0.8316964 0.13417223
vn 0.39439714 0.8724826 0.2883221
vn 0.57253903 0.8030585 0.16521639
vn 0.5528186 0.7961032 -0.23487145
vn 0.5647531 0.7978891 -0.19769983
vn 0.58842295 0.6786252 -0.4395756
vn 0.56659955 0.6444659 -0.51344824
vn 0.5220379 0.5784085 -0.6202156
vn 0.60808665 0.6142366 -0.49577987
vn -0.57481533 -0.7234075 -0.38245195
vn -0.5383922 -0.82285225 -0.18151356
vn -0.5156952 -0.8388952 -0.17380661
vn -0.57682097 -0.7254781 -0.37544584
vn -0.51667875 -0.6463146 -0.55638033
vn -0.51142 -0.70815146 -0.48080015
vn 0.72158825 -0.5939969 -0.3556376
vn 0.8302272 -0.5543823 -0.056519985
vn 0.84817016 -0.52830625 -0.036255825
vn 0.7019621 -0.60757065 -0.3716276
vn 0.62561524 -0.51784843 -0.57935524
vn 0.61200094 -0.5176967 -0.5937396
vn -0.71165997 -0.69689006 0.08879791
vn -0.83080745 -0.48745263 0.26199684
vn -0.8775788 -0.4423957 0.17277758
vn -0.6895641 -0.7035373 0.17186397
vn -0.5511411 -0.8256807 -0.039189775
vn -0.55739284 -0.81997144 0.062536836
vn 0.47928745 -0.8136004 0.32914737
vn 0.35016042 -0.8268513 0.43498135
vn 0.2998641 -0.8609655 0.40609795
vn 0.5025864 -0.7889034 0.35360768
vn 0.4896853 -0.85763156 0.11523338
vn 0.49900764 -0.85559803 0.08749885
vn -0.5114324 0.80355513 -0.3045262
vn -0.49853075 0.832912 -0.22743337
vn -0.5154745 0.8002793 -0.30633187
vn -0.49391758 0.8361367 -0.22577
vn 0.7018265 0.71158516 -0.032966524
vn 0.77616596 0.6278451 0.014325738
vn 0.6793536 0.7307189 -0.06730044
vn 0.79998857 0.5944096 0.054645482
vn -0.7238406 0.61142105 0.3197175
vn -0.7402447 0.44186467 0.5067482
vn -0.72384053 0.6114211 0.3197176
vn -0.7404376 0.4927134 0.45714974
vn -0.7133478 0.26012078 0.65074754
vn -0.71013635 -0.5389925 0.45298415
vn -0.6281189 -0.43122357 0.6332853
vn -0.65427315 -0.4245925 0.61172557
vn -0.65879136 -0.46381086 0.59234667
vn -0.72502184 -0.6651294 0.15991966
vn -0.72320443 -0.6620227 0.17970544
vn -0.7418506 -0.66379696 -0.09503994
vn -0.74511 -0.6564191 -0.11801047
vn -0.7339978 -0.45366567 -0.5054064
vn -0.7383242 -0.48462906 -0.4690555
vn -0.7256572 -0.40729007 -0.55456054
vn -0.7265239 -0.33020848 -0.60259956
vn -0.74245805 -0.39308858 -0.54243755
vn -0.73652667 -0.3672646 -0.5680195
vn -0.6712006 -0.18239973 -0.7184851
vn 0.68728673 -0.46740583 0.5413671
vn 0.72205275 -0.601307 0.34215575
vn 0.7127878 -0.46110755 0.5141127
vn 0.6895429 -0.5157068 0.5085056
vn 0.70185894 -0.70421445 0.068192676
vn 0.7009293 -0.7019723 0.09533914
vn 0.6997763 -0.69638306 -0.15926169
vn 0.70064884 -0.68824893 -0.18816297
vn 0.6523355 -0.48736608 -0.58045954
vn 0.6796466 -0.49822664 -0.53837836
vn 0.6431397 -0.41200122 -0.6454663
vn 0.6770819 -0.44713956 -0.58448845
vn 0.6756895 -0.44043797 -0.59115016
vn 0.6697338 -0.4141768 -0.6163723
vn 0.61073065 -0.23494762 -0.75618005
vn -0.5955098 -0.77830887 0.19900721
vn -0.5451779 -0.7039746 0.44909802
vn -0.53287977 -0.70820343 0.457024
vn -0.5946751 -0.7621922 0.2557832
vn -0.58904743 -0.79620624 -0.10798996
vn -0.58047646 -0.80863714 -0.040292256
vn -0.6114475 -0.7777719 -0.14561382
vn -0.5936715 -0.7915257 -0.145058
vn -0.6003969 -0.58652383 -0.5436119
vn -0.6118274 -0.59700096 -0.5189005
vn -0.5962369 -0.43654734 -0.6737423
vn -0.6046817 -0.36975777 -0.70543593
vn -0.5828129 -0.27898335 -0.7632155
vn -0.59359056 -0.32051694 -0.73818684
vn -0.5064535 -0.059361137 -0.8602217
vn 0.69097793 -0.5890607 0.41404435
vn 0.692952 -0.54976505 0.4664505
vn 0.6934185 -0.5492029 0.46641943
vn 0.69027287 -0.58990145 0.41401443
vn -0.8219026 -0.24053472 0.5163524
vn -0.7718363 -0.002294086 0.6287893
vn -0.7568965 0.002798073 0.6464014
vn -0.8191554 -0.16543886 0.54919505
vn -0.7968193 -0.36566925 0.46855092
vn -0.8218165 -0.3488778 0.43792537
vn -0.8110347 -0.4204518 0.40674785
vn -0.7956801 -0.46159223 0.39220715
vn -0.7549399 -0.65579414 0.0005746484
vn -0.76513344 -0.64185387 0.050942138
vn -0.6950355 -0.6963712 -0.17886668
vn -0.69701475 -0.68097204 -0.22460648
vn -0.7241765 -0.63188255 -0.27621245
vn -0.7327823 -0.63582957 -0.24238697
vn -0.63883007 -0.57120126 -0.5153889
vn 0.4602061 0.06203131 0.87903583
vn 0.60839194 -0.11395225 0.7854135
vn 0.4299964 0.06723262 0.8935337
vn 0.58927286 -0.056172267 0.80597925
vn 0.65404856 -0.30294162 0.6901009
vn 0.6831356 -0.29078847 0.6671773
vn 0.6942494 -0.43578923 0.57280517
vn 0.68288714 -0.47639763 0.55381465
vn 0.72159344 -0.66891545 0.17847992
vn 0.74548763 -0.62344587 0.235719
vn 0.7251391 -0.68851197 -0.0111626685
vn 0.75290394 -0.6574118 0.030748606
vn 0.77596104 -0.61973107 -0.117550224
vn 0.77733266 -0.6237538 -0.08176401
vn 0.7398906 -0.5600288 -0.37273282
vn -0.67697316 0.71182775 0.1665053
vn -0.674648 0.7320705 0.09446443
vn -0.6761724 0.71245134 0.16704747
vn -0.66623366 0.7396866 0.094852515
vn -0.61398834 0.7820809 -0.1066231
vn -0.6380854 0.7695578 -0.025072033
vn -0.6422473 0.7633763 0.0691053
vn -0.5785882 0.8145232 -0.04228704
vn -0.6753625 0.6106909 0.41345215
vn -0.6741066 0.6325703 0.38136044
vn -0.6620548 0.46403065 0.58852327
vn 0.71394026 0.6993242 0.035160728
vn 0.72566503 0.6761742 0.09917694
vn 0.72412425 0.6776022 0.100531474
vn 0.70757824 0.7057678 0.035014026
vn 0.6607479 0.7348242 -0.15312393
vn 0.6661432 0.7423882 -0.07151375
vn 0.6757055 0.73610353 -0.039683815
vn 0.6845555 0.7260157 0.06546873
vn 0.74160695 0.5593369 0.37035418
vn 0.73979264 0.5816089 0.33828855
vn 0.72749794 0.40308976 0.55521727
vn -0.7399786 0.59860826 0.29825565
vn -0.75483775 0.6547327 0.039308973
vn -0.7149968 0.6182496 0.31778985
vn -0.7453461 0.6617465 0.08093716
vn -0.60783714 0.7419605 -0.28289324
vn -0.6765254 0.72607017 -0.12302631
vn -0.60960436 0.76643443 -0.20238787
vn -0.35411087 0.8520221 -0.3855695
vn 0.62116617 0.7679292 0.15632622
vn 0.590672 0.7474853 0.29150054
vn 0.5367648 0.7704528 0.33195588
vn 0.62696654 0.7677014 0.13246922
vn 0.59138924 0.7990999 -0.108160295
vn 0.58999056 0.8061262 -0.045523442
vn 0.6361099 0.7687532 0.06620594
vn 0.6432511 0.749404 0.15691505
vn 0.6966528 0.43757063 0.56851333
vn 0.7006153 0.4887147 0.51990056
vn 0.65389216 0.23728433 0.7184161
vn -0.6631656 0.69318724 -0.28231713
vn -0.6408942 0.75903296 -0.062066436
vn -0.6217301 0.77041876 -0.10274157
vn -0.65864027 0.69816095 -0.2806499
vn -0.6558397 0.5120883 -0.5546532
vn -0.6844072 0.48862505 -0.54113996
vn -0.6737083 0.4693041 -0.5708511
vn -0.60939425 0.4368844 -0.6616427
vn -0.7493532 0.6461507 -0.14477324
vn -0.74667066 0.6531515 -0.12600075
vn -0.7612758 0.6354643 0.12901199
vn 0.61279655 0.77088225 0.13562949
vn 0.74027336 0.6664084 -0.088857114
vn 0.6046028 0.7826141 0.09871426
vn 0.74468654 0.6593251 -0.103600055
vn 0.8059925 0.42503777 -0.41197044
vn 0.80516124 0.44702244 -0.3897269
vn 0.7948855 0.38367975 -0.4700503
vn 0.78276044 0.4752186 -0.4018134
vn 0.7849422 0.6187571 0.031716764
vn 0.7815124 0.623786 0.0114043355
vn 0.7508882 0.6113515 0.24983338
vn 0.6528481 -0.27050668 -0.70754206
vn 0.5881521 -0.07091349 -0.80563563
vn 0.662753 -0.31420702 -0.67973
vn 0.6742919 -0.37905517 -0.6337568
vn 0.65589374 -0.35566092 -0.6658146
vn 0.69341195 -0.4732598 -0.5433278
vn 0.6714127 -0.49700907 -0.5497155
vn 0.6998994 -0.7009571 -0.13711365
vn 0.6791452 -0.7248145 -0.11578386
vn 0.67201394 -0.73201233 -0.079458706
vn 0.69117516 -0.6922796 -0.192573
vn 0.5918091 -0.7118129 -0.37826484
vn 0.5825372 -0.6629124 -0.4703164
vn -0.4202408 -0.37665915 -0.8193696
vn -0.49494585 -0.084235705 -0.86483145
vn -0.38375866 -0.2752912 -0.8755684
vn -0.544335 -0.045059398 -0.8376571
vn -0.5125512 0.16755618 -0.83597946
vn -0.45167485 0.14661059 -0.8734941
vn -0.37868696 0.17772838 -0.90830016
vn -0.30807477 0.15157996 -0.9392091
vn 0.7961653 -0.0231857 -0.60463536
vn 0.68299824 -0.35854107 -0.62554324
vn 0.65038383 -0.26018682 -0.7033494
vn 0.83240837 0.03697814 -0.552928
vn 0.81573695 0.23127522 -0.5225741
vn 0.79021597 0.2193405 -0.5645749
vn 0.7664046 0.2098614 -0.60711
vn 0.73590934 0.1954179 -0.6482668
vn -0.5856867 0.701532 0.4059856
vn -0.5003437 0.723114 0.4761961
vn -0.6429903 0.6802966 0.3517956
vn -0.47229815 0.72799134 0.49695414
vn 0.61246264 0.5262873 0.5898406
vn 0.6009772 0.549896 0.5800359
vn 0.6201302 0.50970554 0.59635526
vn 0.59628016 0.5591613 0.57601166
vn -0.89981574 0.27035788 0.3424013
vn -0.94314116 0.19675979 0.26790053
vn -0.8945837 0.25437495 0.36744177
vn -0.94304043 0.21413663 0.25459874
vn -0.9313173 0.27184278 0.24068962
vn -0.9143455 0.30543938 0.26425564
vn -0.73567057 0.6072128 0.30013633
vn -0.71534055 0.61722076 0.32760754
vn -0.7198061 0.45986217 0.5005839
vn -0.69847435 0.49589255 0.4965726
vn -0.85620165 0.06342976 0.5127336
vn -0.8802901 0.05155304 0.47162703
vn -0.93760186 -0.15318862 0.31214812
vn -0.94693327 -0.17657149 0.26858953
vn -0.932016 -0.34433794 0.113039665
vn -0.93128824 -0.35940927 0.059397034
vn -0.86872107 -0.43545312 -0.2360193
vn -0.8481542 -0.42710933 -0.3133897
vn -0.7686237 -0.46066028 -0.44385892
vn 0.22328421 -0.2545254 0.94093657
vn 0.23459566 -0.37359604 0.8974361
vn 0.21126294 -0.24074271 0.947318
vn 0.24160157 -0.39105484 0.88809085
vn 0.26223603 -0.27362823 0.9248466
vn 0.26005673 -0.23236015 0.9366685
vn 0.309839 0.1445719 0.9397338
vn 0.28859088 0.17134157 0.94199693
vn 0.31430924 0.020263314 0.93970263
vn 0.32943454 0.06247589 0.93295765
vn 0.3636075 -0.42873472 0.8270289
vn 0.38746807 -0.45726764 0.8004843
vn 0.35722426 -0.67414397 0.6464682
vn 0.3657688 -0.70397055 0.60880125
vn 0.31280625 -0.84493864 0.43385622
vn 0.32530126 -0.86349887 0.3854207
vn 0.36684242 -0.9260309 0.08884776
vn 0.39232203 -0.9196914 0.015861154
vn 0.37809893 -0.915624 -0.1366548
vn -0.41744 0.90840507 0.023335814
vn -0.44265643 0.8746253 -0.10375458
vn -0.40782735 0.91203547 0.043227494
vn -0.45123938 0.86615455 -0.1307157
vn -0.4325247 0.8533666 -0.29101217
vn -0.3796256 0.83429873 -0.39978784
vn -0.4089967 0.7723759 -0.48596054
vn -0.41751403 0.76903605 -0.48401016
vn 0.86238515 0.38868123 0.3028624
vn 0.6855185 0.38337147 0.61894363
vn 0.6771656 0.39212307 0.622645
vn 0.8691401 0.37887493 0.29507762
vn 0.87243664 0.4421726 -0.2081789
vn 0.8537998 0.42781729 -0.2966467
vn 0.8587246 0.28552502 -0.4255213
vn 0.86800724 0.26544845 -0.4196445
vn -0.6986855 0.6487714 -0.30155316
vn -0.6468524 0.69213945 -0.32019508
vn -0.6777091 0.6898192 -0.25467575
vn -0.73509854 0.6090482 -0.2978099
vn -0.61177087 0.6191726 -0.4923026
vn -0.50288796 0.624354 -0.59773415
vn -0.4937038 0.6256244 -0.60402894
vn -0.566479 0.61892843 -0.54408574
vn -0.43174914 0.6462819 -0.62921596
vn -0.40686736 0.5412596 -0.73586494
vn -0.31423965 0.19968536 -0.91750586
vn -0.28555655 0.12093875 -0.9405579
vn -0.23597269 0.009643614 -0.97171235
vn -0.2643488 0.015871137 -0.96429694
vn -0.2620147 0.2942428 -0.9185629
vn -0.27447805 0.31152952 -0.9091756
vn -0.33120692 0.23654982 -0.9134258
vn -0.33113542 0.23433441 -0.91402256
vn -0.508757 -0.07119909 -0.8579613
vn -0.5184556 -0.09621304 -0.84967494
vn -0.81705624 -0.34899527 -0.44406834
vn -0.8109105 -0.35826766 -0.44837976
vn -0.887167 -0.4477893 0.11144667
vn -0.8678335 -0.44214138 0.22666511
vn -0.9026063 -0.41460142 0.11579451
vn -0.8962758 -0.42846787 0.11447957
vn -0.7638209 -0.48836163 -0.4219969
vn -0.77665514 -0.5047386 -0.37689066
vn -0.63237023 -0.42136836 -0.65004414
vn 0.9896493 0.072083734 0.124091305
vn 0.986939 -0.004819613 0.16102311
vn 0.9790074 0.04496906 0.19880326
vn 0.98181164 -0.047866937 0.18372509
vn 0.997517 0.0038397387 -0.07032385
vn 0.97252625 0.062136948 -0.22434765
vn 0.96765393 0.062064014 -0.24452871
vn 0.9876885 0.019882537 -0.15516587
vn 0.9508898 0.107813895 -0.29014695
vn 0.90641534 0.01864399 -0.4219765
vn 0.8276869 -0.2966526 -0.45516843
vn 0.7787714 -0.33604294 -0.51052374
vn 0.8057353 -0.47589278 -0.3525861
vn 0.81438303 -0.48200858 -0.32318464
vn 0.9308353 -0.25151622 -0.26360762
vn 0.9394044 -0.24163291 -0.2415463
vn 0.8973431 -0.33732888 -0.2845784
vn 0.8959204 -0.34101504 -0.28466773
vn 0.6897917 -0.69263995 -0.21080202
vn 0.700495 -0.6779866 -0.22280237
vn 0.47526222 -0.8638904 -0.02004233
vn 0.4784832 -0.8621429 -0.006594479
vn 0.44545445 -0.8729803 0.1986855
vn 0.37934482 -0.86056757 0.3398842
vn 0.48407903 -0.8311915 0.27347514
vn 0.5483161 -0.8224273 0.15153553
vn 0.68995076 -0.7166773 -0.10169448
vn 0.7550784 -0.6181159 -0.2186082
vn 0.80712885 -0.46692502 -0.36128137
vn 0.5744879 0.6659412 0.4759061
vn 0.49038678 0.6759473 0.55010587
vn 0.46275643 0.67732054 0.5719212
vn 0.6309789 0.6533914 0.41826516
vn -0.61258996 0.42975593 0.6633578
vn -0.6020862 0.4547533 0.6562713
vn -0.5977791 0.46459144 0.6533109
vn -0.61957806 0.4122575 0.66795737
vn 0.964326 0.2045484 0.16732463
vn 0.9284746 0.24841897 0.276086
vn 0.9275705 0.22671145 0.29701018
vn 0.9614362 0.22430445 0.15837666
vn 0.9425547 0.28596815 0.17266425
vn 0.92758495 0.31217974 0.20525637
vn 0.7335952 0.5751246 0.36203608
vn 0.7162975 0.57651097 0.39313272
vn 0.7134173 0.40069157 0.54988337
vn 0.69100785 0.4358198 0.5532433
vn 0.83611864 0.0048786104 0.548527
vn 0.86177546 -0.002322331 0.50728464
vn 0.92576516 -0.18789613 0.32810622
vn 0.93680876 -0.2062454 0.28258112
vn 0.92834127 -0.3554713 0.10873128
vn 0.92968136 -0.36442235 0.05374682
vn 0.8785202 -0.40676662 -0.2504859
vn 0.86084247 -0.3897729 -0.32715076
vn 0.78638613 -0.40840644 -0.46346658
vn -0.07633342 -0.57289886 0.8157673
vn -0.074131355 -0.48203522 0.8730101
vn -0.061870188 -0.46927297 0.8808831
vn -0.08397946 -0.5884277 0.80387586
vn -0.11240752 -0.48852265 0.8652806
vn -0.11050932 -0.45076877 0.885774
vn -0.1990524 -0.112217486 0.9735429
vn -0.17914501 -0.08513442 0.98013246
vn -0.27227056 -0.1575219 0.92895436
vn -0.28888988 -0.115538746 0.93059367
vn -0.39286098 -0.51866186 0.75937504
vn -0.41560608 -0.54401743 0.72891486
vn -0.37882674 -0.74224466 0.552778
vn -0.3858445 -0.76764673 0.5117059
vn -0.3258483 -0.8881105 0.32416472
vn -0.3364499 -0.9011054 0.2735155
vn -0.36660498 -0.9299073 -0.029556334
vn -0.38934928 -0.9153943 -0.10227841
vn -0.3694257 -0.8942335 -0.25272846
vn 0.3920706 0.90602255 0.0315952
vn 0.37989765 0.90611255 0.18611267
vn 0.3731349 0.9043033 0.20737892
vn 0.39857882 0.90293044 0.0031783283
vn 0.39867985 0.8964143 -0.19363964
vn 0.3435684 0.8889954 -0.30273473
vn 0.37255174 0.83905184 -0.39648148
vn 0.3812145 0.83578503 -0.39514452
vn -0.6032146 0.17766762 0.77753866
vn -0.8383883 0.27652296 0.42764494
vn -0.59476846 0.18590558 0.78210604
vn -0.8453016 0.26781988 0.41870952
vn -0.89059037 0.43492538 -0.13299991
vn -0.87383705 0.43209013 -0.22295125
vn -0.8777938 0.3064837 -0.36816612
vn -0.88630605 0.28554225 -0.36459237
vn 0.70718825 0.67807055 -0.20026398
vn 0.6843202 0.7136081 -0.14989959
vn 0.6559367 0.7232923 -0.21586086
vn 0.7435769 0.63815415 -0.19963315
vn 0.6276017 0.67013884 -0.3962707
vn 0.52273536 0.6872001 -0.50448394
vn 0.5137895 0.6891755 -0.51093817
vn 0.5842867 0.67574185 -0.44942456
vn 0.45275047 0.712572 -0.53596497
vn 0.4322655 0.620208 -0.65459055
vn 0.26554877 0.37015244 -0.86697376
vn 0.23906896 0.2952559 -0.9029957
vn 0.11369453 0.263002 -0.9580731
vn 0.1423951 0.2695625 -0.9523971
vn 0.11211553 0.5071955 -0.85450757
vn 0.12497097 0.52296025 -0.84314597
vn 0.17486231 0.45002446 -0.8754547
vn 0.17479064 0.44798896 -0.8765124
vn 0.38136372 0.16773738 -0.9090798
vn 0.39315003 0.14226098 -0.9084025
vn 0.7803122 -0.2155537 -0.5544504
vn 0.77427024 -0.22430156 -0.55994904
vn 0.9029595 -0.42821485 0.03600704
vn 0.88647145 -0.4373012 0.15144771
vn 0.9174918 -0.39530838 0.044050135
vn 0.9115533 -0.40911442 0.041184682
vn 0.76704776 -0.4075488 -0.49552202
vn 0.781544 -0.42886496 -0.45306054
vn 0.6277269 -0.317676 -0.7106625
vn -0.9938614 0.058346488 0.093997486
vn -0.9859346 0.023005731 0.16554135
vn -0.9922643 -0.022219764 0.12213913
vn -0.98783886 -0.06754773 0.1400426
vn -0.9941814 0.012373477 -0.10700686
vn -0.963635 0.087583154 -0.25246084
vn -0.9580084 0.089773886 -0.27232438
vn -0.9812324 0.037836544 -0.1890806
vn -0.9397074 0.14034645 -0.31185412
vn -0.88999695 0.06651649 -0.45108873
vn -0.8234395 -0.2530957 -0.47236562
vn -0.776147 -0.27994782 -0.53503305
vn -0.8164854 -0.4412322 -0.37237895
vn -0.8211091 -0.4549454 -0.3446807
vn -0.9463622 -0.2611586 -0.19024909
vn -0.95211285 -0.25702712 -0.16558471
vn -0.9159048 -0.33448452 -0.22119987
vn -0.9143621 -0.33794972 -0.22230878
vn -0.6849346 -0.67319167 -0.27870736
vn -0.69784033 -0.6569728 -0.28531682
vn -0.43501225 -0.8758064 -0.14776331
vn -0.43711716 -0.876637 -0.13412657
vn -0.41340873 -0.9050476 0.09991339
vn -0.34405065 -0.9077423 0.24006979
vn -0.45132318 -0.87399757 0.18010093
vn -0.5189517 -0.85258085 0.06160967
vn -0.67028147 -0.72153175 -0.17353764
vn -0.741396 -0.61168003 -0.27600747
vn -0.80171335 -0.44604495 -0.3978696
vn 0.122491986 -0.554932 -0.81940204
vn 0.122492015 -0.5549321 -0.819402
vn 0.050869524 -0.576833 -0.81527656
vn 0.17312127 -0.49122268 -0.8519012
vn 0.17312117 -0.49122268 -0.85190123
vn 0.13661072 -0.43720973 -0.8886647
vn 0.13661046 -0.4372095 -0.8886649
vn 0.104427576 -0.43662775 -0.89131314
vn 0.10442722 -0.4366275 -0.89131314
vn 0.037765235 -0.4831189 -0.86834615
vn 0.03776492 -0.48311877 -0.8683463
vn -0.028897375 -0.52961004 -0.8453792
vn -0.02889669 -0.5296103 -0.84537905
vn -0.045562074 -0.54123306 -0.8396373
vn -0.04556185 -0.54123294 -0.8396374
vn -0.04556212 -0.54123294 -0.8396375
vn -0.045561507 -0.5412326 -0.83963764
vn -0.04556209 -0.5412326 -0.8396376
vn -0.12249157 0.554932 0.81940216
vn -0.050869465 0.57683307 0.81527656
vn -0.12249184 0.55493194 0.8194021
vn -0.1731212 0.49122232 0.8519013
vn -0.17312115 0.4912222 0.85190153
vn -0.13661036 0.4372093 0.88866496
vn -0.13661054 0.43720943 0.8886649
vn -0.10442747 0.43662775 0.891313
vn -0.10442744 0.4366278 0.891313
vn -0.037765384 0.483119 0.8683461
vn -0.037765518 0.483119 0.86834604
vn 0.02889672 0.5296102 0.8453791
vn 0.02889663 0.52961016 0.8453791
vn 0.045562163 0.54123294 0.83963734
vn 0.045561984 0.5412327 0.8396376
vn 0.045563266 0.5412324 0.83963764
vn 0.04556103 0.54123133 0.8396385
vn 0.04556437 0.54123163 0.8396382
vn -0.1521001 -0.5587647 -0.8089816
vn -0.05653447 -0.5910878 -0.8046237
vn -0.15210003 -0.55876476 -0.8089816
vn -0.249973 -0.48455346 -0.836903
vn -0.2499729 -0.4845534 -0.83690304
vn -0.2166585 -0.44044715 -0.87045515
vn -0.21665843 -0.44044703 -0.87045515
vn -0.16626415 -0.45222628 -0.87392056
vn -0.16626397 -0.45222628 -0.8739206
vn -0.10717283 -0.50821614 -0.84782815
vn -0.10717301 -0.50821614 -0.84782803
vn -0.048081726 -0.564206 -0.8217356
vn -0.04808134 -0.564206 -0.8217356
vn -0.033308804 -0.5782034 -0.8152125
vn -0.03330919 -0.5782032 -0.8152126
vn -0.033308446 -0.5782031 -0.8152127
vn -0.03330937 -0.5782027 -0.815213
vn -0.03330791 -0.5782027 -0.815213
vn 0.15210009 0.55876476 0.80898154
vn 0.15210006 0.55876476 0.8089816
vn 0.05653441 0.5910878 0.8046237
vn 0.2499727 0.48455334 0.83690315
vn 0.24997286 0.4845534 0.83690304
vn 0.21665844 0.4404468 0.8704552
vn 0.21665844 0.4404468 0.8704552
vn 0.16626427 0.4522261 0.87392056
vn 0.16626428 0.45222616 0.8739205
vn 0.107172966 0.50821614 0.8478281
vn 0.107172996 0.50821614 0.84782803
vn 0.048081607 0.56420606 0.8217355
vn 0.048081756 0.564206 0.82173544
vn 0.033308595 0.57820356 0.8152125
vn 0.033309102 0.5782031 0.81521267
vn 0.033307493 0.57820284 0.815213
vn 0.033310622 0.57820153 0.81521386
vn 0.033305675 0.5782018 0.8152138
g 0.0333_0
f 3/3/3 2/2/2 1/1/1
f 6/6/6 5/5/5 4/4/4
f 9/9/9 8/8/8 7/7/7
f 12/12/12 11/11/11 10/10/10
f 15/15/15 14/14/14 13/13/13
f 18/18/18 17/17/17 16/16/16
f 21/21/21 20/20/20 19/19/19
f 24/24/24 23/23/23 22/22/22
f 27/27/27 26/26/26 25/25/25
f 30/30/30 29/29/29 28/28/28
f 33/33/33 32/32/32 31/31/31
f 36/36/36 35/35/35 34/34/34
f 39/39/39 38/38/38 37/37/37
f 39/39/39 37/37/37 40/40/40
f 41/41/41 40/40/40 37/37/37
f 40/40/40 42/42/42 39/39/39
f 43/43/43 39/39/39 42/42/42
f 43/43/43 44/44/44 39/39/39
f 45/45/45 39/39/39 44/44/44
f 43/43/43 42/42/42 46/46/46
f 47/47/47 46/46/46 42/42/42
f 47/47/47 48/48/48 46/46/46
f 46/46/46 49/49/49 43/43/43
f 50/50/50 43/43/43 49/49/49
f 51/51/51 46/46/46 48/48/48
f 52/52/52 46/46/46 51/51/51
f 51/51/51 48/48/48 53/53/53
f 54/54/54 53/53/53 48/48/48
f 57/57/57 56/56/56 55/55/55
f 58/58/58 55/55/55 56/56/56
f 55/55/55 58/58/58 59/59/59
f 60/60/60 59/59/59 58/58/58
f 61/61/61 59/59/59 60/60/60
f 61/61/61 62/62/62 59/59/59
f 63/63/63 59/59/59 62/62/62
f 63/63/63 62/62/62 64/64/64
f 62/62/62 61/61/61 65/65/65
f 66/66/66 65/65/65 61/61/61
f 67/67/67 64/64/64 62/62/62
f 62/62/62 65/65/65 67/67/67
f 68/68/68 64/64/64 67/67/67
f 68/68/68 69/69/69 64/64/64
f 70/70/70 64/64/64 69/69/69
f 71/71/71 67/67/67 65/65/65
f 65/65/65 66/66/66 72/72/72
f 65/65/65 72/72/72 71/71/71
f 73/73/73 72/72/72 66/66/66
f 74/74/74 71/71/71 72/72/72
f 77/77/77 76/76/76 75/75/75
f 75/75/75 76/76/76 78/78/78
f 79/79/79 78/78/78 76/76/76
f 78/78/78 79/79/79 80/80/80
f 81/81/81 80/80/80 79/79/79
f 81/81/81 79/79/79 82/82/82
f 83/83/83 82/82/82 79/79/79
f 79/79/79 76/76/76 83/83/83
f 82/82/82 83/83/83 84/84/84
f 84/84/84 83/83/83 85/85/85
f 86/86/86 83/83/83 76/76/76
f 76/76/76 87/87/87 86/86/86
f 88/88/88 86/86/86 87/87/87
f 89/89/89 85/85/85 83/83/83
f 83/83/83 86/86/86 89/89/89
f 89/89/89 90/90/90 85/85/85
f 91/91/91 85/85/85 90/90/90
f 90/90/90 92/92/92 91/91/91
f 92/92/92 90/90/90 93/93/93
f 94/94/94 93/93/93 90/90/90
f 90/90/90 95/95/95 94/94/94
f 90/90/90 89/89/89 95/95/95
f 96/96/96 94/94/94 95/95/95
f 97/97/97 95/95/95 89/89/89
f 97/97/97 89/89/89 86/86/86
f 98/98/98 95/95/95 97/97/97
f 97/97/97 86/86/86 99/99/99
f 100/100/100 99/99/99 86/86/86
f 103/103/103 102/102/102 101/101/101
f 104/104/104 101/101/101 102/102/102
f 101/101/101 104/104/104 105/105/105
f 106/106/106 105/105/105 104/104/104
f 109/109/109 108/108/108 107/107/107
f 110/110/110 107/107/107 108/108/108
f 113/113/113 112/112/112 111/111/111
f 114/114/114 111/111/111 112/112/112
f 117/117/117 116/116/116 115/115/115
f 118/118/118 115/115/115 116/116/116
f 115/115/115 118/118/118 119/119/119
f 120/120/120 119/119/119 118/118/118
f 123/123/123 122/122/122 121/121/121
f 124/124/124 121/121/121 122/122/122
f 127/127/127 126/126/126 125/125/125
f 128/128/128 125/125/125 126/126/126
f 131/131/131 130/130/130 129/129/129
f 132/132/132 129/129/129 130/130/130
f 129/129/129 132/132/132 133/133/133
f 134/134/134 133/133/133 132/132/132
f 137/137/137 136/136/136 135/135/135
f 138/138/138 135/135/135 136/136/136
f 141/141/141 140/140/140 139/139/139
f 142/142/142 139/139/139 140/140/140
f 145/145/145 144/144/144 143/143/143
f 146/146/146 143/143/143 144/144/144
f 146/146/146 147/147/147 143/143/143
f 148/148/148 143/143/143 147/147/147
f 148/148/148 147/147/147 149/149/149
f 150/150/150 149/149/149 147/147/147
f 150/150/150 151/151/151 149/149/149
f 152/152/152 149/149/149 151/151/151
f 155/155/155 154/154/154 153/153/153
f 156/156/156 153/153/153 154/154/154
f 153/153/153 156/156/156 157/157/157
f 154/154/154 158/158/158 156/156/156
f 159/159/159 157/157/157 156/156/156
f 157/157/157 159/159/159 160/160/160
f 161/161/161 156/156/156 158/158/158
f 156/156/156 161/161/161 159/159/159
f 162/162/162 160/160/160 159/159/159
f 160/160/160 162/162/162 163/163/163
f 164/164/164 163/163/163 162/162/162
f 161/161/161 158/158/158 165/165/165
f 166/166/166 165/165/165 158/158/158
f 165/165/165 166/166/166 167/167/167
f 168/168/168 167/167/167 166/166/166
f 168/168/168 169/169/169 167/167/167
f 170/170/170 159/159/159 161/161/161
f 159/159/159 170/170/170 162/162/162
f 162/162/162 171/171/171 164/164/164
f 172/172/172 164/164/164 171/171/171
f 165/165/165 173/173/173 161/161/161
f 170/170/170 161/161/161 173/173/173
f 174/174/174 162/162/162 170/170/170
f 174/174/174 171/171/171 162/162/162
f 174/174/174 170/170/170 175/175/175
f 174/174/174 175/175/175 171/171/171
f 173/173/173 175/175/175 170/170/170
f 171/171/171 176/176/176 172/172/172
f 176/176/176 171/171/171 175/175/175
f 177/177/177 172/172/172 176/176/176
f 176/176/176 175/175/175 178/178/178
f 176/176/176 178/178/178 177/177/177
f 175/175/175 173/173/173 178/178/178
f 179/179/179 177/177/177 178/178/178
f 179/179/179 178/178/178 169/169/169
f 173/173/173 165/165/165 180/180/180
f 180/180/180 178/178/178 173/173/173
f 167/167/167 180/180/180 165/165/165
f 180/180/180 181/181/181 178/178/178
f 167/167/167 182/182/182 180/180/180
f 183/183/183 178/178/178 181/181/181
f 182/182/182 167/167/167 184/184/184
f 185/185/185 169/169/169 178/178/178
f 178/178/178 183/183/183 185/185/185
f 184/184/184 185/185/185 183/183/183
f 185/185/185 167/167/167 169/169/169
f 185/185/185 184/184/184 167/167/167
f 188/188/188 187/187/187 186/186/186
f 189/189/189 186/186/186 187/187/187
f 186/186/186 189/189/189 190/190/190
f 191/191/191 190/190/190 189/189/189
f 194/194/194 193/193/193 192/192/192
f 195/195/195 192/192/192 193/193/193
f 198/198/198 197/197/197 196/196/196
f 199/199/199 196/196/196 197/197/197
f 202/202/202 201/201/201 200/200/200
f 203/203/203 200/200/200 201/201/201
f 200/200/200 203/203/203 204/204/204
f 205/205/205 204/204/204 203/203/203
f 208/208/208 207/207/207 206/206/206
f 209/209/209 206/206/206 207/207/207
f 212/212/212 211/211/211 210/210/210
f 213/213/213 210/210/210 211/211/211
f 216/216/216 215/215/215 214/214/214
f 217/217/217 214/214/214 215/215/215
f 214/214/214 217/217/217 218/218/218
f 219/219/219 218/218/218 217/217/217
f 222/222/222 221/221/221 220/220/220
f 223/223/223 220/220/220 221/221/221
f 226/226/226 225/225/225 224/224/224
f 227/227/227 224/224/224 225/225/225
f 230/230/230 229/229/229 228/228/228
f 231/231/231 228/228/228 229/229/229
f 231/231/231 232/232/232 228/228/228
f 233/233/233 228/228/228 232/232/232
f 236/236/236 235/235/235 234/234/234
f 237/237/237 234/234/234 235/235/235
f 235/235/235 238/238/238 237/237/237
f 239/239/239 237/237/237 238/238/238
f 242/242/242 241/241/241 240/240/240
f 243/243/243 240/240/240 241/241/241
f 246/246/246 245/245/245 244/244/244
f 247/247/247 244/244/244 245/245/245
f 245/245/245 248/248/248 247/247/247
f 249/249/249 244/244/244 247/247/247
f 249/249/249 247/247/247 250/250/250
f 249/249/249 250/250/250 251/251/251
f 252/252/252 247/247/247 248/248/248
f 252/252/252 250/250/250 247/247/247
f 248/248/248 253/253/253 252/252/252
f 254/254/254 252/252/252 253/253/253
f 252/252/252 254/254/254 250/250/250
f 253/253/253 255/255/255 254/254/254
f 256/256/256 254/254/254 255/255/255
f 257/257/257 254/254/254 256/256/256
f 257/257/257 250/250/250 254/254/254
f 257/257/257 258/258/258 250/250/250
f 259/259/259 251/251/251 250/250/250
f 259/259/259 250/250/250 258/258/258
f 260/260/260 251/251/251 259/259/259
f 260/260/260 259/259/259 258/258/258
f 263/263/263 262/262/262 261/261/261
f 264/264/264 261/261/261 262/262/262
f 262/262/262 265/265/265 264/264/264
f 266/266/266 264/264/264 265/265/265
f 269/269/269 268/268/268 267/267/267
f 270/270/270 267/267/267 268/268/268
f 267/267/267 270/270/270 271/271/271
f 272/272/272 271/271/271 270/270/270
f 273/273/273 271/271/271 272/272/272
f 276/276/276 275/275/275 274/274/274
f 277/277/277 274/274/274 275/275/275
f 275/275/275 278/278/278 277/277/277
f 279/279/279 277/277/277 278/278/278
f 282/282/282 281/281/281 280/280/280
f 281/281/281 282/282/282 283/283/283
f 284/284/284 283/283/283 282/282/282
f 285/285/285 283/283/283 284/284/284
f 288/288/288 287/287/287 286/286/286
f 289/289/289 286/286/286 287/287/287
f 287/287/287 290/290/290 289/289/289
f 291/291/291 289/289/289 290/290/290
f 290/290/290 292/292/292 291/291/291
f 293/293/293 291/291/291 292/292/292
f 292/292/292 294/294/294 293/293/293
f 295/295/295 293/293/293 294/294/294
f 298/298/298 297/297/297 296/296/296
f 299/299/299 296/296/296 297/297/297
f 297/297/297 300/300/300 299/299/299
f 301/301/301 299/299/299 300/300/300
f 300/300/300 302/302/302 301/301/301
f 303/303/303 301/301/301 302/302/302
f 302/302/302 304/304/304 303/303/303
f 305/305/305 303/303/303 304/304/304
f 308/308/308 307/307/307 306/306/306
f 309/309/309 306/306/306 307/307/307
f 307/307/307 310/310/310 309/309/309
f 311/311/311 309/309/309 310/310/310
f 310/310/310 312/312/312 311/311/311
f 313/313/313 311/311/311 312/312/312
f 312/312/312 314/314/314 313/313/313
f 315/315/315 313/313/313 314/314/314
f 318/318/318 317/317/317 316/316/316
f 319/319/319 316/316/316 317/317/317
f 317/317/317 320/320/320 319/319/319
f 321/321/321 319/319/319 320/320/320
f 320/320/320 322/322/322 321/321/321
f 323/323/323 321/321/321 322/322/322
f 322/322/322 324/324/324 323/323/323
f 325/325/325 323/323/323 324/324/324
f 328/328/328 327/327/327 326/326/326
f 329/329/329 326/326/326 327/327/327
f 327/327/327 330/330/330 329/329/329
f 331/331/331 329/329/329 330/330/330
f 330/330/330 332/332/332 331/331/331
f 333/333/333 331/331/331 332/332/332
f 332/332/332 334/334/334 333/333/333
f 335/335/335 333/333/333 334/334/334
f 338/338/338 337/337/337 336/336/336
f 339/339/339 336/336/336 337/337/337
f 337/337/337 340/340/340 339/339/339
f 341/341/341 339/339/339 340/340/340
f 340/340/340 342/342/342 341/341/341
f 343/343/343 341/341/341 342/342/342
f 342/342/342 344/344/344 343/343/343
f 345/345/345 343/343/343 344/344/344
f 348/348/348 347/347/347 346/346/346
f 349/349/349 346/346/346 347/347/347
f 346/346/346 349/349/349 350/350/350
f 351/351/351 350/350/350 349/349/349
f 351/351/351 352/352/352 350/350/350
f 353/353/353 350/350/350 352/352/352
f 353/353/353 352/352/352 354/354/354
f 355/355/355 354/354/354 352/352/352
f 358/358/358 357/357/357 356/356/356
f 359/359/359 356/356/356 357/357/357
f 356/356/356 359/359/359 360/360/360
f 361/361/361 360/360/360 359/359/359
f 360/360/360 361/361/361 362/362/362
f 363/363/363 362/362/362 361/361/361
f 363/363/363 364/364/364 362/362/362
f 365/365/365 362/362/362 364/364/364
f 368/368/368 367/367/367 366/366/366
f 369/369/369 366/366/366 367/367/367
f 367/367/367 370/370/370 369/369/369
f 371/371/371 369/369/369 370/370/370
f 374/374/374 373/373/373 372/372/372
f 375/375/375 372/372/372 373/373/373
f 373/373/373 376/376/376 375/375/375
f 377/377/377 375/375/375 376/376/376
f 380/380/380 379/379/379 378/378/378
f 381/381/381 378/378/378 379/379/379
f 378/378/378 381/381/381 382/382/382
f 383/383/383 382/382/382 381/381/381
f 383/383/383 384/384/384 382/382/382
f 385/385/385 382/382/382 384/384/384
f 384/384/384 386/386/386 385/385/385
f 387/387/387 385/385/385 386/386/386
f 390/390/390 389/389/389 388/388/388
f 391/391/391 388/388/388 389/389/389
f 388/388/388 391/391/391 392/392/392
f 393/393/393 392/392/392 391/391/391
f 393/393/393 394/394/394 392/392/392
f 395/395/395 392/392/392 394/394/394
f 395/395/395 394/394/394 396/396/396
f 397/397/397 396/396/396 394/394/394
f 400/400/400 399/399/399 398/398/398
f 401/401/401 398/398/398 399/399/399
f 399/399/399 402/402/402 401/401/401
f 403/403/403 401/401/401 402/402/402
f 406/406/406 405/405/405 404/404/404
f 407/407/407 404/404/404 405/405/405
f 405/405/405 408/408/408 407/407/407
f 409/409/409 407/407/407 408/408/408
f 412/412/412 411/411/411 410/410/410
f 413/413/413 410/410/410 411/411/411
f 411/411/411 414/414/414 413/413/413
f 415/415/415 413/413/413 414/414/414
f 418/418/418 417/417/417 416/416/416
f 419/419/419 416/416/416 417/417/417
f 419/419/419 417/417/417 420/420/420
f 421/421/421 420/420/420 417/417/417
f 424/424/424 423/423/423 422/422/422
f 425/425/425 422/422/422 423/423/423
f 428/428/428 427/427/427 426/426/426
f 429/429/429 426/426/426 427/427/427
f 432/432/432 431/431/431 430/430/430
f 433/433/433 430/430/430 431/431/431
f 434/434/434 430/430/430 433/433/433
f 437/437/437 436/436/436 435/435/435
f 438/438/438 435/435/435 436/436/436
f 438/438/438 436/436/436 439/439/439
f 440/440/440 439/439/439 436/436/436
f 439/439/439 440/440/440 441/441/441
f 442/442/442 441/441/441 440/440/440
f 441/441/441 442/442/442 443/443/443
f 444/444/444 443/443/443 442/442/442
f 444/444/444 445/445/445 443/443/443
f 446/446/446 443/443/443 445/445/445
f 445/445/445 447/447/447 446/446/446
f 448/448/448 446/446/446 447/447/447
f 449/449/449 448/448/448 447/447/447
f 452/452/452 451/451/451 450/450/450
f 453/453/453 450/450/450 451/451/451
f 453/453/453 454/454/454 450/450/450
f 455/455/455 450/450/450 454/454/454
f 454/454/454 456/456/456 455/455/455
f 457/457/457 455/455/455 456/456/456
f 456/456/456 458/458/458 457/457/457
f 459/459/459 457/457/457 458/458/458
f 458/458/458 460/460/460 459/459/459
f 461/461/461 459/459/459 460/460/460
f 461/461/461 460/460/460 462/462/462
f 463/463/463 462/462/462 460/460/460
f 464/464/464 462/462/462 463/463/463
f 467/467/467 466/466/466 465/465/465
f 468/468/468 465/465/465 466/466/466
f 466/466/466 469/469/469 468/468/468
f 470/470/470 468/468/468 469/469/469
f 469/469/469 471/471/471 470/470/470
f 472/472/472 470/470/470 471/471/471
f 472/472/472 471/471/471 473/473/473
f 474/474/474 473/473/473 471/471/471
f 474/474/474 475/475/475 473/473/473
f 476/476/476 473/473/473 475/475/475
f 476/476/476 475/475/475 477/477/477
f 478/478/478 477/477/477 475/475/475
f 479/479/479 477/477/477 478/478/478
f 482/482/482 481/481/481 480/480/480
f 483/483/483 480/480/480 481/481/481
f 486/486/486 485/485/485 484/484/484
f 487/487/487 484/484/484 485/485/485
f 487/487/487 485/485/485 488/488/488
f 489/489/489 488/488/488 485/485/485
f 489/489/489 490/490/490 488/488/488
f 491/491/491 488/488/488 490/490/490
f 491/491/491 490/490/490 492/492/492
f 493/493/493 492/492/492 490/490/490
f 493/493/493 494/494/494 492/492/492
f 495/495/495 492/492/492 494/494/494
f 495/495/495 494/494/494 496/496/496
f 497/497/497 496/496/496 494/494/494
f 498/498/498 496/496/496 497/497/497
f 501/501/501 500/500/500 499/499/499
f 502/502/502 499/499/499 500/500/500
f 502/502/502 503/503/503 499/499/499
f 504/504/504 499/499/499 503/503/503
f 504/504/504 503/503/503 505/505/505
f 506/506/506 505/505/505 503/503/503
f 506/506/506 507/507/507 505/505/505
f 508/508/508 505/505/505 507/507/507
f 507/507/507 509/509/509 508/508/508
f 510/510/510 508/508/508 509/509/509
f 509/509/509 511/511/511 510/510/510
f 512/512/512 510/510/510 511/511/511
f 513/513/513 512/512/512 511/511/511
f 516/516/516 515/515/515 514/514/514
f 517/517/517 514/514/514 515/515/515
f 514/514/514 517/517/517 518/518/518
f 519/519/519 518/518/518 517/517/517
f 519/519/519 520/520/520 518/518/518
f 521/521/521 518/518/518 520/520/520
f 521/521/521 520/520/520 522/522/522
f 523/523/523 522/522/522 520/520/520
f 524/524/524 522/522/522 523/523/523
f 527/527/527 526/526/526 525/525/525
f 528/528/528 525/525/525 526/526/526
f 526/526/526 529/529/529 528/528/528
f 530/530/530 528/528/528 529/529/529
f 529/529/529 531/531/531 530/530/530
f 532/532/532 530/530/530 531/531/531
f 531/531/531 533/533/533 532/532/532
f 534/534/534 532/532/532 533/533/533
f 535/535/535 534/534/534 533/533/533
f 538/538/538 537/537/537 536/536/536
f 539/539/539 536/536/536 537/537/537
f 536/536/536 539/539/539 540/540/540
f 541/541/541 540/540/540 539/539/539
f 541/541/541 542/542/542 540/540/540
f 543/543/543 540/540/540 542/542/542
f 546/546/546 545/545/545 544/544/544
f 547/547/547 544/544/544 545/545/545
f 545/545/545 548/548/548 547/547/547
f 549/549/549 547/547/547 548/548/548
f 548/548/548 550/550/550 549/549/549
f 551/551/551 549/549/549 550/550/550
f 550/550/550 552/552/552 551/551/551
f 553/553/553 551/551/551 552/552/552
f 554/554/554 553/553/553 552/552/552
f 557/557/557 556/556/556 555/555/555
f 558/558/558 555/555/555 556/556/556
f 558/558/558 556/556/556 559/559/559
f 560/560/560 559/559/559 556/556/556
f 560/560/560 561/561/561 559/559/559
f 562/562/562 559/559/559 561/561/561
f 561/561/561 563/563/563 562/562/562
f 564/564/564 562/562/562 563/563/563
f 565/565/565 564/564/564 563/563/563
f 568/568/568 567/567/567 566/566/566
f 569/569/569 566/566/566 567/567/567
f 569/569/569 570/570/570 566/566/566
f 571/571/571 566/566/566 570/570/570
f 570/570/570 572/572/572 571/571/571
f 573/573/573 571/571/571 572/572/572
f 572/572/572 574/574/574 573/573/573
f 575/575/575 573/573/573 574/574/574
f 576/576/576 575/575/575 574/574/574
f 579/579/579 578/578/578 577/577/577
f 578/578/578 580/580/580 577/577/577
f 581/581/581 577/577/577 580/580/580
f 580/580/580 582/582/582 581/581/581
f 583/583/583 581/581/581 582/582/582
f 582/582/582 584/584/584 583/583/583
f 585/585/585 583/583/583 584/584/584
f 585/585/585 584/584/584 586/586/586
f 587/587/587 586/586/586 584/584/584
f 586/586/586 587/587/587 588/588/588
f 589/589/589 588/588/588 587/587/587
f 592/592/592 591/591/591 590/590/590
f 593/593/593 590/590/590 591/591/591
f 593/593/593 594/594/594 590/590/590
f 595/595/595 590/590/590 594/594/594
f 594/594/594 596/596/596 595/595/595
f 597/597/597 595/595/595 596/596/596
f 600/600/600 599/599/599 598/598/598
f 601/601/601 598/598/598 599/599/599
f 601/601/601 599/599/599 602/602/602
f 603/603/603 602/602/602 599/599/599
f 602/602/602 603/603/603 604/604/604
f 605/605/605 604/604/604 603/603/603
f 608/608/608 607/607/607 606/606/606
f 607/607/607 609/609/609 606/606/606
f 610/610/610 606/606/606 609/609/609
f 609/609/609 607/607/607 611/611/611
f 612/612/612 611/611/611 607/607/607
f 612/612/612 607/607/607 613/613/613
f 614/614/614 613/613/613 607/607/607
f 612/612/612 615/615/615 611/611/611
f 616/616/616 611/611/611 615/615/615
f 616/616/616 615/615/615 617/617/617
f 615/615/615 612/612/612 618/618/618
f 619/619/619 618/618/618 612/612/612
f 620/620/620 617/617/617 615/615/615
f 615/615/615 621/621/621 620/620/620
f 620/620/620 622/622/622 617/617/617
f 623/623/623 617/617/617 622/622/622
f 626/626/626 625/625/625 624/624/624
f 627/627/627 624/624/624 625/625/625
f 625/625/625 628/628/628 627/627/627
f 629/629/629 627/627/627 628/628/628
f 628/628/628 630/630/630 629/629/629
f 630/630/630 628/628/628 631/631/631
f 632/632/632 631/631/631 628/628/628
f 632/632/632 633/633/633 631/631/631
f 631/631/631 634/634/634 630/630/630
f 635/635/635 630/630/630 634/634/634
f 636/636/636 631/631/631 633/633/633
f 631/631/631 636/636/636 634/634/634
f 637/637/637 636/636/636 633/633/633
f 637/637/637 633/633/633 638/638/638
f 639/639/639 638/638/638 633/633/633
f 640/640/640 634/634/634 636/636/636
f 634/634/634 641/641/641 635/635/635
f 634/634/634 640/640/640 641/641/641
f 642/642/642 635/635/635 641/641/641
f 643/643/643 641/641/641 640/640/640
f 646/646/646 645/645/645 644/644/644
f 644/644/644 647/647/647 646/646/646
f 648/648/648 646/646/646 647/647/647
f 647/647/647 649/649/649 648/648/648
f 650/650/650 648/648/648 649/649/649
f 650/650/650 651/651/651 648/648/648
f 652/652/652 648/648/648 651/651/651
f 648/648/648 652/652/652 646/646/646
f 653/653/653 652/652/652 651/651/651
f 653/653/653 654/654/654 652/652/652
f 655/655/655 646/646/646 652/652/652
f 646/646/646 655/655/655 656/656/656
f 657/657/657 656/656/656 655/655/655
f 658/658/658 652/652/652 654/654/654
f 652/652/652 658/658/658 655/655/655
f 658/658/658 654/654/654 659/659/659
f 660/660/660 659/659/659 654/654/654
f 661/661/661 659/659/659 660/660/660
f 661/661/661 662/662/662 659/659/659
f 663/663/663 659/659/659 662/662/662
f 659/659/659 663/663/663 664/664/664
f 659/659/659 664/664/664 658/658/658
f 665/665/665 664/664/664 663/663/663
f 666/666/666 658/658/658 664/664/664
f 666/666/666 655/655/655 658/658/658
f 664/664/664 667/667/667 666/666/666
f 666/666/666 668/668/668 655/655/655
f 669/669/669 655/655/655 668/668/668
f 672/672/672 671/671/671 670/670/670
f 673/673/673 670/670/670 671/671/671
f 671/671/671 674/674/674 673/673/673
f 675/675/675 673/673/673 674/674/674
f 678/678/678 677/677/677 676/676/676
f 679/679/679 676/676/676 677/677/677
f 682/682/682 681/681/681 680/680/680
f 683/683/683 680/680/680 681/681/681
f 686/686/686 685/685/685 684/684/684
f 687/687/687 684/684/684 685/685/685
f 685/685/685 688/688/688 687/687/687
f 689/689/689 687/687/687 688/688/688
f 692/692/692 691/691/691 690/690/690
f 693/693/693 690/690/690 691/691/691
f 696/696/696 695/695/695 694/694/694
f 697/697/697 694/694/694 695/695/695
f 697/697/697 698/698/698 694/694/694
f 699/699/699 694/694/694 698/698/698
f 694/694/694 699/699/699 700/700/700
f 701/701/701 700/700/700 699/699/699
f 700/700/700 701/701/701 702/702/702
f 703/703/703 702/702/702 701/701/701
f 702/702/702 703/703/703 704/704/704
f 705/705/705 704/704/704 703/703/703
f 708/708/708 707/707/707 706/706/706
f 709/709/709 706/706/706 707/707/707
f 707/707/707 710/710/710 709/709/709
f 711/711/711 709/709/709 710/710/710
f 714/714/714 713/713/713 712/712/712
f 715/715/715 712/712/712 713/713/713
f 718/718/718 717/717/717 716/716/716
f 719/719/719 716/716/716 717/717/717
f 722/722/722 721/721/721 720/720/720
f 723/723/723 720/720/720 721/721/721
f 723/723/723 721/721/721 724/724/724
f 725/725/725 724/724/724 721/721/721
f 725/725/725 726/726/726 724/724/724
f 727/727/727 724/724/724 726/726/726
f 727/727/727 726/726/726 728/728/728
f 729/729/729 728/728/728 726/726/726
f 732/732/732 731/731/731 730/730/730
f 733/733/733 730/730/730 731/731/731
f 731/731/731 734/734/734 733/733/733
f 730/730/730 733/733/733 735/735/735
f 736/736/736 733/733/733 734/734/734
f 734/734/734 737/737/737 736/736/736
f 738/738/738 735/735/735 733/733/733
f 733/733/733 736/736/736 738/738/738
f 739/739/739 736/736/736 737/737/737
f 737/737/737 740/740/740 739/739/739
f 741/741/741 739/739/739 740/740/740
f 738/738/738 742/742/742 735/735/735
f 743/743/743 735/735/735 742/742/742
f 742/742/742 744/744/744 743/743/743
f 745/745/745 743/743/743 744/744/744
f 745/745/745 744/744/744 746/746/746
f 747/747/747 738/738/738 736/736/736
f 736/736/736 739/739/739 747/747/747
f 739/739/739 741/741/741 748/748/748
f 749/749/749 748/748/748 741/741/741
f 742/742/742 738/738/738 750/750/750
f 747/747/747 750/750/750 738/738/738
f 751/751/751 747/747/747 739/739/739
f 748/748/748 751/751/751 739/739/739
f 751/751/751 752/752/752 747/747/747
f 751/751/751 748/748/748 752/752/752
f 750/750/750 747/747/747 752/752/752
f 748/748/748 749/749/749 753/753/753
f 753/753/753 752/752/752 748/748/748
f 754/754/754 753/753/753 749/749/749
f 752/752/752 753/753/753 755/755/755
f 753/753/753 754/754/754 755/755/755
f 752/752/752 755/755/755 750/750/750
f 756/756/756 755/755/755 754/754/754
f 756/756/756 746/746/746 755/755/755
f 750/750/750 757/757/757 742/742/742
f 757/757/757 750/750/750 755/755/755
f 744/744/744 742/742/742 757/757/757
f 757/757/757 755/755/755 758/758/758
f 744/744/744 757/757/757 759/759/759
f 760/760/760 758/758/758 755/755/755
f 759/759/759 761/761/761 744/744/744
f 762/762/762 755/755/755 746/746/746
f 755/755/755 762/762/762 760/760/760
f 762/762/762 746/746/746 744/744/744
f 761/761/761 760/760/760 762/762/762
f 762/762/762 744/744/744 761/761/761
f 765/765/765 764/764/764 763/763/763
f 766/766/766 763/763/763 764/764/764
f 764/764/764 767/767/767 766/766/766
f 768/768/768 766/766/766 767/767/767
f 771/771/771 770/770/770 769/769/769
f 772/772/772 769/769/769 770/770/770
f 775/775/775 774/774/774 773/773/773
f 776/776/776 773/773/773 774/774/774
f 779/779/779 778/778/778 777/777/777
f 780/780/780 777/777/777 778/778/778
f 778/778/778 781/781/781 780/780/780
f 782/782/782 780/780/780 781/781/781
f 785/785/785 784/784/784 783/783/783
f 786/786/786 783/783/783 784/784/784
f 789/789/789 788/788/788 787/787/787
f 790/790/790 787/787/787 788/788/788
f 793/793/793 792/792/792 791/791/791
f 794/794/794 791/791/791 792/792/792
f 792/792/792 795/795/795 794/794/794
f 796/796/796 794/794/794 795/795/795
f 799/799/799 798/798/798 797/797/797
f 800/800/800 797/797/797 798/798/798
f 803/803/803 802/802/802 801/801/801
f 804/804/804 801/801/801 802/802/802
f 807/807/807 806/806/806 805/805/805
f 808/808/808 805/805/805 806/806/806
f 808/808/808 806/806/806 809/809/809
f 810/810/810 809/809/809 806/806/806
f 813/813/813 812/812/812 811/811/811
f 814/814/814 811/811/811 812/812/812
f 811/811/811 814/814/814 815/815/815
f 816/816/816 815/815/815 814/814/814
f 819/819/819 818/818/818 817/817/817
f 820/820/820 817/817/817 818/818/818
f 823/823/823 822/822/822 821/821/821
f 824/824/824 821/821/821 822/822/822
f 822/822/822 825/825/825 824/824/824
f 824/824/824 825/825/825 826/826/826
f 821/821/821 824/824/824 827/827/827
f 825/825/825 828/828/828 826/826/826
f 829/829/829 827/827/827 824/824/824
f 826/826/826 829/829/829 824/824/824
f 827/827/827 829/829/829 830/830/830
f 831/831/831 830/830/830 829/829/829
f 829/829/829 826/826/826 831/831/831
f 830/830/830 831/831/831 832/832/832
f 833/833/833 832/832/832 831/831/831
f 831/831/831 834/834/834 833/833/833
f 834/834/834 831/831/831 826/826/826
f 834/834/834 826/826/826 835/835/835
f 836/836/836 826/826/826 828/828/828
f 836/836/836 835/835/835 826/826/826
f 828/828/828 837/837/837 836/836/836
f 836/836/836 837/837/837 835/835/835
f 840/840/840 839/839/839 838/838/838
f 841/841/841 838/838/838 839/839/839
f 838/838/838 841/841/841 842/842/842
f 843/843/843 842/842/842 841/841/841
f 846/846/846 845/845/845 844/844/844
f 847/847/847 844/844/844 845/845/845
f 845/845/845 848/848/848 847/847/847
f 849/849/849 847/847/847 848/848/848
f 848/848/848 850/850/850 849/849/849
f 853/853/853 852/852/852 851/851/851
f 854/854/854 851/851/851 852/852/852
f 851/851/851 854/854/854 855/855/855
f 856/856/856 855/855/855 854/854/854
f 859/859/859 858/858/858 857/857/857
f 857/857/857 860/860/860 859/859/859
f 861/861/861 859/859/859 860/860/860
f 860/860/860 862/862/862 861/861/861
f 865/865/865 864/864/864 863/863/863
f 866/866/866 863/863/863 864/864/864
f 863/863/863 866/866/866 867/867/867
f 868/868/868 867/867/867 866/866/866
f 867/867/867 868/868/868 869/869/869
f 870/870/870 869/869/869 868/868/868
f 869/869/869 870/870/870 871/871/871
f 872/872/872 871/871/871 870/870/870
f 875/875/875 874/874/874 873/873/873
f 876/876/876 873/873/873 874/874/874
f 873/873/873 876/876/876 877/877/877
f 878/878/878 877/877/877 876/876/876
f 877/877/877 878/878/878 879/879/879
f 880/880/880 879/879/879 878/878/878
f 879/879/879 880/880/880 881/881/881
f 882/882/882 881/881/881 880/880/880
f 885/885/885 884/884/884 883/883/883
f 886/886/886 883/883/883 884/884/884
f 883/883/883 886/886/886 887/887/887
f 888/888/888 887/887/887 886/886/886
f 887/887/887 888/888/888 889/889/889
f 890/890/890 889/889/889 888/888/888
f 889/889/889 890/890/890 891/891/891
f 892/892/892 891/891/891 890/890/890
f 895/895/895 894/894/894 893/893/893
f 896/896/896 893/893/893 894/894/894
f 893/893/893 896/896/896 897/897/897
f 898/898/898 897/897/897 896/896/896
f 897/897/897 898/898/898 899/899/899
f 900/900/900 899/899/899 898/898/898
f 899/899/899 900/900/900 901/901/901
f 902/902/902 901/901/901 900/900/900
f 905/905/905 904/904/904 903/903/903
f 906/906/906 903/903/903 904/904/904
f 903/903/903 906/906/906 907/907/907
f 908/908/908 907/907/907 906/906/906
f 907/907/907 908/908/908 909/909/909
f 910/910/910 909/909/909 908/908/908
f 909/909/909 910/910/910 911/911/911
f 912/912/912 911/911/911 910/910/910
f 915/915/915 914/914/914 913/913/913
f 916/916/916 913/913/913 914/914/914
f 914/914/914 917/917/917 916/916/916
f 918/918/918 916/916/916 917/917/917
f 918/918/918 917/917/917 919/919/919
f 920/920/920 919/919/919 917/917/917
f 920/920/920 921/921/921 919/919/919
f 922/922/922 919/919/919 921/921/921
f 925/925/925 924/924/924 923/923/923
f 926/926/926 923/923/923 924/924/924
f 924/924/924 927/927/927 926/926/926
f 928/928/928 926/926/926 927/927/927
f 927/927/927 929/929/929 928/928/928
f 930/930/930 928/928/928 929/929/929
f 930/930/930 929/929/929 931/931/931
f 932/932/932 931/931/931 929/929/929
f 935/935/935 934/934/934 933/933/933
f 936/936/936 933/933/933 934/934/934
f 933/933/933 936/936/936 937/937/937
f 938/938/938 937/937/937 936/936/936
f 941/941/941 940/940/940 939/939/939
f 942/942/942 939/939/939 940/940/940
f 939/939/939 942/942/942 943/943/943
f 944/944/944 943/943/943 942/942/942
f 947/947/947 946/946/946 945/945/945
f 948/948/948 945/945/945 946/946/946
f 946/946/946 949/949/949 948/948/948
f 950/950/950 948/948/948 949/949/949
f 950/950/950 949/949/949 951/951/951
f 952/952/952 951/951/951 949/949/949
f 951/951/951 952/952/952 953/953/953
f 954/954/954 953/953/953 952/952/952
f 957/957/957 956/956/956 955/955/955
f 958/958/958 955/955/955 956/956/956
f 956/956/956 959/959/959 958/958/958
f 960/960/960 958/958/958 959/959/959
f 960/960/960 959/959/959 961/961/961
f 962/962/962 961/961/961 959/959/959
f 962/962/962 963/963/963 961/961/961
f 964/964/964 961/961/961 963/963/963
f 967/967/967 966/966/966 965/965/965
f 968/968/968 965/965/965 966/966/966
f 965/965/965 968/968/968 969/969/969
f 970/970/970 969/969/969 968/968/968
f 973/973/973 972/972/972 971/971/971
f 974/974/974 971/971/971 972/972/972
f 971/971/971 974/974/974 975/975/975
f 976/976/976 975/975/975 974/974/974
f 979/979/979 978/978/978 977/977/977
f 980/980/980 977/977/977 978/978/978
f 977/977/977 980/980/980 981/981/981
f 982/982/982 981/981/981 980/980/980
f 985/985/985 984/984/984 983/983/983
f 986/986/986 983/983/983 984/984/984
f 986/986/986 987/987/987 983/983/983
f 988/988/988 983/983/983 987/987/987
f 991/991/991 990/990/990 989/989/989
f 992/992/992 989/989/989 990/990/990
f 995/995/995 994/994/994 993/993/993
f 996/996/996 993/993/993 994/994/994
f 999/999/999 998/998/998 997/997/997
f 1000/1000/1000 997/997/997 998/998/998
f 998/998/998 1001/1001/1001 1000/1000/1000
f 1004/1004/1004 1003/1003/1003 1002/1002/1002
f 1005/1005/1005 1002/1002/1002 1003/1003/1003
f 1005/1005/1005 1006/1006/1006 1002/1002/1002
f 1007/1007/1007 1002/1002/1002 1006/1006/1006
f 1006/1006/1006 1008/1008/1008 1007/1007/1007
f 1009/1009/1009 1007/1007/1007 1008/1008/1008
f 1008/1008/1008 1010/1010/1010 1009/1009/1009
f 1011/1011/1011 1009/1009/1009 1010/1010/1010
f 1011/1011/1011 1010/1010/1010 1012/1012/1012
f 1013/1013/1013 1012/1012/1012 1010/1010/1010
f 1012/1012/1012 1013/1013/1013 1014/1014/1014
f 1015/1015/1015 1014/1014/1014 1013/1013/1013
f 1015/1015/1015 1016/1016/1016 1014/1014/1014
f 1019/1019/1019 1018/1018/1018 1017/1017/1017
f 1020/1020/1020 1017/1017/1017 1018/1018/1018
f 1020/1020/1020 1018/1018/1018 1021/1021/1021
f 1022/1022/1022 1021/1021/1021 1018/1018/1018
f 1021/1021/1021 1022/1022/1022 1023/1023/1023
f 1024/1024/1024 1023/1023/1023 1022/1022/1022
f 1023/1023/1023 1024/1024/1024 1025/1025/1025
f 1026/1026/1026 1025/1025/1025 1024/1024/1024
f 1025/1025/1025 1026/1026/1026 1027/1027/1027
f 1028/1028/1028 1027/1027/1027 1026/1026/1026
f 1028/1028/1028 1029/1029/1029 1027/1027/1027
f 1030/1030/1030 1027/1027/1027 1029/1029/1029
f 1029/1029/1029 1031/1031/1031 1030/1030/1030
f 1034/1034/1034 1033/1033/1033 1032/1032/1032
f 1035/1035/1035 1032/1032/1032 1033/1033/1033
f 1032/1032/1032 1035/1035/1035 1036/1036/1036
f 1037/1037/1037 1036/1036/1036 1035/1035/1035
f 1036/1036/1036 1037/1037/1037 1038/1038/1038
f 1039/1039/1039 1038/1038/1038 1037/1037/1037
f 1039/1039/1039 1040/1040/1040 1038/1038/1038
f 1041/1041/1041 1038/1038/1038 1040/1040/1040
f 1041/1041/1041 1040/1040/1040 1042/1042/1042
f 1043/1043/1043 1042/1042/1042 1040/1040/1040
f 1043/1043/1043 1044/1044/1044 1042/1042/1042
f 1045/1045/1045 1042/1042/1042 1044/1044/1044
f 1044/1044/1044 1046/1046/1046 1045/1045/1045
f 1049/1049/1049 1048/1048/1048 1047/1047/1047
f 1050/1050/1050 1047/1047/1047 1048/1048/1048
f 1053/1053/1053 1052/1052/1052 1051/1051/1051
f 1054/1054/1054 1051/1051/1051 1052/1052/1052
f 1054/1054/1054 1055/1055/1055 1051/1051/1051
f 1056/1056/1056 1051/1051/1051 1055/1055/1055
f 1056/1056/1056 1055/1055/1055 1057/1057/1057
f 1058/1058/1058 1057/1057/1057 1055/1055/1055
f 1058/1058/1058 1059/1059/1059 1057/1057/1057
f 1060/1060/1060 1057/1057/1057 1059/1059/1059
f 1060/1060/1060 1059/1059/1059 1061/1061/1061
f 1062/1062/1062 1061/1061/1061 1059/1059/1059
f 1062/1062/1062 1063/1063/1063 1061/1061/1061
f 1064/1064/1064 1061/1061/1061 1063/1063/1063
f 1063/1063/1063 1065/1065/1065 1064/1064/1064
f 1068/1068/1068 1067/1067/1067 1066/1066/1066
f 1069/1069/1069 1066/1066/1066 1067/1067/1067
f 1069/1069/1069 1067/1067/1067 1070/1070/1070
f 1071/1071/1071 1070/1070/1070 1067/1067/1067
f 1071/1071/1071 1072/1072/1072 1070/1070/1070
f 1073/1073/1073 1070/1070/1070 1072/1072/1072
f 1073/1073/1073 1072/1072/1072 1074/1074/1074
f 1075/1075/1075 1074/1074/1074 1072/1072/1072
f 1074/1074/1074 1075/1075/1075 1076/1076/1076
f 1077/1077/1077 1076/1076/1076 1075/1075/1075
f 1076/1076/1076 1077/1077/1077 1078/1078/1078
f 1079/1079/1079 1078/1078/1078 1077/1077/1077
f 1079/1079/1079 1080/1080/1080 1078/1078/1078
f 1083/1083/1083 1082/1082/1082 1081/1081/1081
f 1084/1084/1084 1081/1081/1081 1082/1082/1082
f 1082/1082/1082 1085/1085/1085 1084/1084/1084
f 1086/1086/1086 1084/1084/1084 1085/1085/1085
f 1086/1086/1086 1085/1085/1085 1087/1087/1087
f 1088/1088/1088 1087/1087/1087 1085/1085/1085
f 1088/1088/1088 1089/1089/1089 1087/1087/1087
f 1090/1090/1090 1087/1087/1087 1089/1089/1089
f 1089/1089/1089 1091/1091/1091 1090/1090/1090
f 1094/1094/1094 1093/1093/1093 1092/1092/1092
f 1095/1095/1095 1092/1092/1092 1093/1093/1093
f 1092/1092/1092 1095/1095/1095 1096/1096/1096
f 1097/1097/1097 1096/1096/1096 1095/1095/1095
f 1096/1096/1096 1097/1097/1097 1098/1098/1098
f 1099/1099/1099 1098/1098/1098 1097/1097/1097
f 1098/1098/1098 1099/1099/1099 1100/1100/1100
f 1101/1101/1101 1100/1100/1100 1099/1099/1099
f 1101/1101/1101 1102/1102/1102 1100/1100/1100
f 1105/1105/1105 1104/1104/1104 1103/1103/1103
f 1106/1106/1106 1103/1103/1103 1104/1104/1104
f 1104/1104/1104 1107/1107/1107 1106/1106/1106
f 1108/1108/1108 1106/1106/1106 1107/1107/1107
f 1108/1108/1108 1107/1107/1107 1109/1109/1109
f 1110/1110/1110 1109/1109/1109 1107/1107/1107
f 1113/1113/1113 1112/1112/1112 1111/1111/1111
f 1114/1114/1114 1111/1111/1111 1112/1112/1112
f 1111/1111/1111 1114/1114/1114 1115/1115/1115
f 1116/1116/1116 1115/1115/1115 1114/1114/1114
f 1115/1115/1115 1116/1116/1116 1117/1117/1117
f 1118/1118/1118 1117/1117/1117 1116/1116/1116
f 1117/1117/1117 1118/1118/1118 1119/1119/1119
f 1120/1120/1120 1119/1119/1119 1118/1118/1118
f 1120/1120/1120 1121/1121/1121 1119/1119/1119
f 1124/1124/1124 1123/1123/1123 1122/1122/1122
f 1125/1125/1125 1122/1122/1122 1123/1123/1123
f 1125/1125/1125 1126/1126/1126 1122/1122/1122
f 1127/1127/1127 1122/1122/1122 1126/1126/1126
f 1127/1127/1127 1126/1126/1126 1128/1128/1128
f 1129/1129/1129 1128/1128/1128 1126/1126/1126
f 1128/1128/1128 1129/1129/1129 1130/1130/1130
f 1131/1131/1131 1130/1130/1130 1129/1129/1129
f 1131/1131/1131 1132/1132/1132 1130/1130/1130
f 1135/1135/1135 1134/1134/1134 1133/1133/1133
f 1136/1136/1136 1133/1133/1133 1134/1134/1134
f 1136/1136/1136 1134/1134/1134 1137/1137/1137
f 1138/1138/1138 1137/1137/1137 1134/1134/1134
f 1137/1137/1137 1138/1138/1138 1139/1139/1139
f 1140/1140/1140 1139/1139/1139 1138/1138/1138
f 1139/1139/1139 1140/1140/1140 1141/1141/1141
f 1142/1142/1142 1141/1141/1141 1140/1140/1140
f 1142/1142/1142 1143/1143/1143 1141/1141/1141
f 1146/1146/1146 1145/1145/1145 1144/1144/1144
f 1146/1146/1146 1144/1144/1144 1147/1147/1147
f 1148/1148/1148 1147/1147/1147 1144/1144/1144
f 1147/1147/1147 1148/1148/1148 1149/1149/1149
f 1150/1150/1150 1149/1149/1149 1148/1148/1148
f 1149/1149/1149 1150/1150/1150 1151/1151/1151
f 1152/1152/1152 1151/1151/1151 1150/1150/1150
f 1152/1152/1152 1153/1153/1153 1151/1151/1151
f 1154/1154/1154 1151/1151/1151 1153/1153/1153
f 1153/1153/1153 1155/1155/1155 1154/1154/1154
f 1156/1156/1156 1154/1154/1154 1155/1155/1155
f 1159/1159/1159 1158/1158/1158 1157/1157/1157
f 1160/1160/1160 1157/1157/1157 1158/1158/1158
f 1160/1160/1160 1158/1158/1158 1161/1161/1161
f 1162/1162/1162 1161/1161/1161 1158/1158/1158
f 1161/1161/1161 1162/1162/1162 1163/1163/1163
f 1164/1164/1164 1163/1163/1163 1162/1162/1162
f 1167/1167/1167 1166/1166/1166 1165/1165/1165
f 1168/1168/1168 1165/1165/1165 1166/1166/1166
f 1168/1168/1168 1169/1169/1169 1165/1165/1165
f 1170/1170/1170 1165/1165/1165 1169/1169/1169
f 1169/1169/1169 1171/1171/1171 1170/1170/1170
f 1172/1172/1172 1170/1170/1170 1171/1171/1171
f 1175/1175/1175 1174/1174/1174 1173/1173/1173
f 1176/1176/1176 1173/1173/1173 1174/1174/1174
f 1179/1179/1179 1178/1178/1178 1177/1177/1177
f 1180/1180/1180 1177/1177/1177 1178/1178/1178
f 1183/1183/1183 1182/1182/1182 1181/1181/1181
f 1184/1184/1184 1181/1181/1181 1182/1182/1182
f 1184/1184/1184 1182/1182/1182 1185/1185/1185
f 1186/1186/1186 1185/1185/1185 1182/1182/1182
f 1185/1185/1185 1186/1186/1186 1187/1187/1187
f 1188/1188/1188 1187/1187/1187 1186/1186/1186
f 1187/1187/1187 1188/1188/1188 1189/1189/1189
f 1190/1190/1190 1189/1189/1189 1188/1188/1188
f 1189/1189/1189 1190/1190/1190 1191/1191/1191
f 1192/1192/1192 1191/1191/1191 1190/1190/1190
f 1191/1191/1191 1192/1192/1192 1193/1193/1193
f 1194/1194/1194 1193/1193/1193 1192/1192/1192
f 1193/1193/1193 1194/1194/1194 1195/1195/1195
f 1196/1196/1196 1195/1195/1195 1194/1194/1194
f 1195/1195/1195 1196/1196/1196 1197/1197/1197
f 1198/1198/1198 1197/1197/1197 1196/1196/1196
f 1199/1199/1199 1197/1197/1197 1198/1198/1198
f 1202/1202/1202 1201/1201/1201 1200/1200/1200
f 1203/1203/1203 1200/1200/1200 1201/1201/1201
f 1201/1201/1201 1204/1204/1204 1203/1203/1203
f 1205/1205/1205 1203/1203/1203 1204/1204/1204
f 1204/1204/1204 1206/1206/1206 1205/1205/1205
f 1207/1207/1207 1205/1205/1205 1206/1206/1206
f 1206/1206/1206 1208/1208/1208 1207/1207/1207
f 1209/1209/1209 1207/1207/1207 1208/1208/1208
f 1208/1208/1208 1210/1210/1210 1209/1209/1209
f 1211/1211/1211 1209/1209/1209 1210/1210/1210
f 1210/1210/1210 1212/1212/1212 1211/1211/1211
f 1213/1213/1213 1211/1211/1211 1212/1212/1212
f 1212/1212/1212 1214/1214/1214 1213/1213/1213
f 1215/1215/1215 1213/1213/1213 1214/1214/1214
f 1214/1214/1214 1216/1216/1216 1215/1215/1215
f 1217/1217/1217 1215/1215/1215 1216/1216/1216
f 1218/1218/1218 1217/1217/1217 1216/1216/1216
f 1221/1221/1221 1220/1220/1220 1219/1219/1219
f 1222/1222/1222 1219/1219/1219 1220/1220/1220
f 1220/1220/1220 1223/1223/1223 1222/1222/1222
f 1224/1224/1224 1222/1222/1222 1223/1223/1223
f 1223/1223/1223 1225/1225/1225 1224/1224/1224
f 1226/1226/1226 1224/1224/1224 1225/1225/1225
f 1229/1229/1229 1228/1228/1228 1227/1227/1227
f 1230/1230/1230 1227/1227/1227 1228/1228/1228
f 1227/1227/1227 1230/1230/1230 1231/1231/1231
f 1232/1232/1232 1231/1231/1231 1230/1230/1230
f 1231/1231/1231 1232/1232/1232 1233/1233/1233
f 1234/1234/1234 1233/1233/1233 1232/1232/1232
f 1237/1237/1237 1236/1236/1236 1235/1235/1235
f 1235/1235/1235 1236/1236/1236 1238/1238/1238
f 1238/1238/1238 1236/1236/1236 1239/1239/1239
f 1240/1240/1240 1239/1239/1239 1236/1236/1236
f 1241/1241/1241 1239/1239/1239 1240/1240/1240
f 1242/1242/1242 1239/1239/1239 1241/1241/1241
f 1242/1242/1242 1241/1241/1241 1243/1243/1243
f 1241/1241/1241 1244/1244/1244 1243/1243/1243
f 1244/1244/1244 1245/1245/1245 1243/1243/1243
f 1243/1243/1243 1245/1245/1245 1246/1246/1246
f 1246/1246/1246 1245/1245/1245 1247/1247/1247
f 1248/1248/1248 1247/1247/1247 1245/1245/1245
f 1247/1247/1247 1248/1248/1248 1249/1249/1249
f 1250/1250/1250 1249/1249/1249 1248/1248/1248
f 1249/1249/1249 1250/1250/1250 1251/1251/1251
f 1252/1252/1252 1251/1251/1251 1250/1250/1250
f 1252/1252/1252 1253/1253/1253 1251/1251/1251
f 1254/1254/1254 1251/1251/1251 1253/1253/1253
f 1253/1253/1253 1255/1255/1255 1254/1254/1254
f 1256/1256/1256 1254/1254/1254 1255/1255/1255
f 1255/1255/1255 1257/1257/1257 1256/1256/1256
f 1258/1258/1258 1256/1256/1256 1257/1257/1257
f 1257/1257/1257 1259/1259/1259 1258/1258/1258
f 1260/1260/1260 1258/1258/1258 1259/1259/1259
f 1259/1259/1259 1261/1261/1261 1260/1260/1260
f 1262/1262/1262 1260/1260/1260 1261/1261/1261
f 1261/1261/1261 1263/1263/1263 1262/1262/1262
f 1266/1266/1266 1265/1265/1265 1264/1264/1264
f 1265/1265/1265 1267/1267/1267 1264/1264/1264
f 1267/1267/1267 1268/1268/1268 1264/1264/1264
f 1269/1269/1269 1264/1264/1264 1268/1268/1268
f 1270/1270/1270 1269/1269/1269 1268/1268/1268
f 1270/1270/1270 1268/1268/1268 1271/1271/1271
f 1271/1271/1271 1272/1272/1272 1270/1270/1270
f 1273/1273/1273 1270/1270/1270 1272/1272/1272
f 1274/1274/1274 1273/1273/1273 1272/1272/1272
f 1272/1272/1272 1275/1275/1275 1274/1274/1274
f 1275/1275/1275 1276/1276/1276 1274/1274/1274
f 1277/1277/1277 1274/1274/1274 1276/1276/1276
f 1276/1276/1276 1278/1278/1278 1277/1277/1277
f 1279/1279/1279 1277/1277/1277 1278/1278/1278
f 1278/1278/1278 1280/1280/1280 1279/1279/1279
f 1281/1281/1281 1279/1279/1279 1280/1280/1280
f 1280/1280/1280 1282/1282/1282 1281/1281/1281
f 1283/1283/1283 1281/1281/1281 1282/1282/1282
f 1283/1283/1283 1282/1282/1282 1284/1284/1284
f 1285/1285/1285 1284/1284/1284 1282/1282/1282
f 1284/1284/1284 1285/1285/1285 1286/1286/1286
f 1287/1287/1287 1286/1286/1286 1285/1285/1285
f 1286/1286/1286 1287/1287/1287 1288/1288/1288
f 1289/1289/1289 1288/1288/1288 1287/1287/1287
f 1288/1288/1288 1289/1289/1289 1290/1290/1290
f 1291/1291/1291 1290/1290/1290 1289/1289/1289
f 1291/1291/1291 1292/1292/1292 1290/1290/1290
f 1295/1295/1295 1294/1294/1294 1293/1293/1293
f 1296/1296/1296 1293/1293/1293 1294/1294/1294
f 1299/1299/1299 1298/1298/1298 1297/1297/1297
f 1300/1300/1300 1297/1297/1297 1298/1298/1298
f 1303/1303/1303 1302/1302/1302 1301/1301/1301
f 1304/1304/1304 1301/1301/1301 1302/1302/1302
f 1304/1304/1304 1305/1305/1305 1301/1301/1301
f 1306/1306/1306 1301/1301/1301 1305/1305/1305
f 1305/1305/1305 1307/1307/1307 1306/1306/1306
f 1308/1308/1308 1306/1306/1306 1307/1307/1307
f 1307/1307/1307 1309/1309/1309 1308/1308/1308
f 1310/1310/1310 1308/1308/1308 1309/1309/1309
f 1309/1309/1309 1311/1311/1311 1310/1310/1310
f 1312/1312/1312 1310/1310/1310 1311/1311/1311
f 1311/1311/1311 1313/1313/1313 1312/1312/1312
f 1314/1314/1314 1312/1312/1312 1313/1313/1313
f 1313/1313/1313 1315/1315/1315 1314/1314/1314
f 1316/1316/1316 1314/1314/1314 1315/1315/1315
f 1315/1315/1315 1317/1317/1317 1316/1316/1316
f 1318/1318/1318 1316/1316/1316 1317/1317/1317
f 1317/1317/1317 1319/1319/1319 1318/1318/1318
f 1322/1322/1322 1321/1321/1321 1320/1320/1320
f 1323/1323/1323 1320/1320/1320 1321/1321/1321
f 1320/1320/1320 1323/1323/1323 1324/1324/1324
f 1325/1325/1325 1324/1324/1324 1323/1323/1323
f 1324/1324/1324 1325/1325/1325 1326/1326/1326
f 1327/1327/1327 1326/1326/1326 1325/1325/1325
f 1326/1326/1326 1327/1327/1327 1328/1328/1328
f 1329/1329/1329 1328/1328/1328 1327/1327/1327
f 1328/1328/1328 1329/1329/1329 1330/1330/1330
f 1331/1331/1331 1330/1330/1330 1329/1329/1329
f 1330/1330/1330 1331/1331/1331 1332/1332/1332
f 1333/1333/1333 1332/1332/1332 1331/1331/1331
f 1332/1332/1332 1333/1333/1333 1334/1334/1334
f 1335/1335/1335 1334/1334/1334 1333/1333/1333
f 1334/1334/1334 1335/1335/1335 1336/1336/1336
f 1337/1337/1337 1336/1336/1336 1335/1335/1335
f 1337/1337/1337 1338/1338/1338 1336/1336/1336
f 1341/1341/1341 1340/1340/1340 1339/1339/1339
f 1342/1342/1342 1339/1339/1339 1340/1340/1340
f 1339/1339/1339 1342/1342/1342 1343/1343/1343
f 1344/1344/1344 1343/1343/1343 1342/1342/1342
f 1343/1343/1343 1344/1344/1344 1345/1345/1345
f 1346/1346/1346 1345/1345/1345 1344/1344/1344
f 1349/1349/1349 1348/1348/1348 1347/1347/1347
f 1350/1350/1350 1347/1347/1347 1348/1348/1348
f 1348/1348/1348 1351/1351/1351 1350/1350/1350
f 1352/1352/1352 1350/1350/1350 1351/1351/1351
f 1351/1351/1351 1353/1353/1353 1352/1352/1352
f 1354/1354/1354 1352/1352/1352 1353/1353/1353
f 1357/1357/1357 1356/1356/1356 1355/1355/1355
f 1357/1357/1357 1355/1355/1355 1358/1358/1358
f 1357/1357/1357 1358/1358/1358 1359/1359/1359
f 1359/1359/1359 1360/1360/1360 1357/1357/1357
f 1359/1359/1359 1361/1361/1361 1360/1360/1360
f 1359/1359/1359 1362/1362/1362 1361/1361/1361
f 1361/1361/1361 1362/1362/1362 1363/1363/1363
f 1364/1364/1364 1361/1361/1361 1363/1363/1363
f 1365/1365/1365 1364/1364/1364 1363/1363/1363
f 1365/1365/1365 1363/1363/1363 1366/1366/1366
f 1366/1366/1366 1367/1367/1367 1365/1365/1365
f 1368/1368/1368 1365/1365/1365 1367/1367/1367
f 1367/1367/1367 1369/1369/1369 1368/1368/1368
f 1370/1370/1370 1368/1368/1368 1369/1369/1369
f 1369/1369/1369 1371/1371/1371 1370/1370/1370
f 1372/1372/1372 1370/1370/1370 1371/1371/1371
f 1372/1372/1372 1371/1371/1371 1373/1373/1373
f 1374/1374/1374 1373/1373/1373 1371/1371/1371
f 1373/1373/1373 1374/1374/1374 1375/1375/1375
f 1376/1376/1376 1375/1375/1375 1374/1374/1374
f 1375/1375/1375 1376/1376/1376 1377/1377/1377
f 1378/1378/1378 1377/1377/1377 1376/1376/1376
f 1377/1377/1377 1378/1378/1378 1379/1379/1379
f 1380/1380/1380 1379/1379/1379 1378/1378/1378
f 1379/1379/1379 1380/1380/1380 1381/1381/1381
f 1382/1382/1382 1381/1381/1381 1380/1380/1380
f 1383/1383/1383 1381/1381/1381 1382/1382/1382
f 1386/1386/1386 1385/1385/1385 1384/1384/1384
f 1387/1387/1387 1386/1386/1386 1384/1384/1384
f 1387/1387/1387 1384/1384/1384 1388/1388/1388
f 1389/1389/1389 1388/1388/1388 1384/1384/1384
f 1389/1389/1389 1390/1390/1390 1388/1388/1388
f 1388/1388/1388 1390/1390/1390 1391/1391/1391
f 1392/1392/1392 1391/1391/1391 1390/1390/1390
f 1390/1390/1390 1393/1393/1393 1392/1392/1392
f 1393/1393/1393 1394/1394/1394 1392/1392/1392
f 1395/1395/1395 1392/1392/1392 1394/1394/1394
f 1395/1395/1395 1394/1394/1394 1396/1396/1396
f 1397/1397/1397 1396/1396/1396 1394/1394/1394
f 1396/1396/1396 1397/1397/1397 1398/1398/1398
f 1399/1399/1399 1398/1398/1398 1397/1397/1397
f 1398/1398/1398 1399/1399/1399 1400/1400/1400
f 1401/1401/1401 1400/1400/1400 1399/1399/1399
f 1400/1400/1400 1401/1401/1401 1402/1402/1402
f 1403/1403/1403 1402/1402/1402 1401/1401/1401
f 1403/1403/1403 1404/1404/1404 1402/1402/1402
f 1405/1405/1405 1402/1402/1402 1404/1404/1404
f 1404/1404/1404 1406/1406/1406 1405/1405/1405
f 1407/1407/1407 1405/1405/1405 1406/1406/1406
f 1406/1406/1406 1408/1408/1408 1407/1407/1407
f 1409/1409/1409 1407/1407/1407 1408/1408/1408
f 1408/1408/1408 1410/1410/1410 1409/1409/1409
f 1411/1411/1411 1409/1409/1409 1410/1410/1410
f 1412/1412/1412 1411/1411/1411 1410/1410/1410
f 1415/1415/1415 1414/1414/1414 1413/1413/1413
f 1413/1413/1413 1414/1414/1414 1416/1416/1416
f 1417/1417/1417 1416/1416/1416 1414/1414/1414
f 1417/1417/1417 1418/1418/1418 1416/1416/1416
f 1419/1419/1419 1416/1416/1416 1418/1418/1418
f 1418/1418/1418 1420/1420/1420 1419/1419/1419
f 1421/1421/1421 1419/1419/1419 1420/1420/1420
f 1421/1421/1421 1420/1420/1420 1422/1422/1422
f 1423/1423/1423 1422/1422/1422 1420/1420/1420
f 1423/1423/1423 1424/1424/1424 1422/1422/1422
f 1425/1425/1425 1422/1422/1422 1424/1424/1424
f 1425/1425/1425 1424/1424/1424 1426/1426/1426
f 1427/1427/1427 1426/1426/1426 1424/1424/1424
f 1426/1426/1426 1427/1427/1427 1428/1428/1428
f 1429/1429/1429 1428/1428/1428 1427/1427/1427
f 1430/1430/1430 1428/1428/1428 1429/1429/1429
f 1433/1433/1433 1432/1432/1432 1431/1431/1431
f 1431/1431/1431 1434/1434/1434 1433/1433/1433
f 1435/1435/1435 1433/1433/1433 1434/1434/1434
f 1435/1435/1435 1434/1434/1434 1436/1436/1436
f 1437/1437/1437 1436/1436/1436 1434/1434/1434
f 1436/1436/1436 1437/1437/1437 1438/1438/1438
f 1439/1439/1439 1438/1438/1438 1437/1437/1437
f 1439/1439/1439 1440/1440/1440 1438/1438/1438
f 1441/1441/1441 1438/1438/1438 1440/1440/1440
f 1441/1441/1441 1440/1440/1440 1442/1442/1442
f 1443/1443/1443 1442/1442/1442 1440/1440/1440
f 1443/1443/1443 1444/1444/1444 1442/1442/1442
f 1445/1445/1445 1442/1442/1442 1444/1444/1444
f 1444/1444/1444 1446/1446/1446 1445/1445/1445
f 1447/1447/1447 1445/1445/1445 1446/1446/1446
f 1446/1446/1446 1448/1448/1448 1447/1447/1447
f 1451/1451/1451 1450/1450/1450 1449/1449/1449
f 1449/1449/1449 1452/1452/1452 1451/1451/1451
f 1453/1453/1453 1451/1451/1451 1452/1452/1452
f 1453/1453/1453 1452/1452/1452 1454/1454/1454
f 1455/1455/1455 1454/1454/1454 1452/1452/1452
f 1454/1454/1454 1455/1455/1455 1456/1456/1456
f 1457/1457/1457 1456/1456/1456 1455/1455/1455
f 1457/1457/1457 1458/1458/1458 1456/1456/1456
f 1459/1459/1459 1456/1456/1456 1458/1458/1458
f 1459/1459/1459 1458/1458/1458 1460/1460/1460
f 1461/1461/1461 1460/1460/1460 1458/1458/1458
f 1461/1461/1461 1462/1462/1462 1460/1460/1460
f 1463/1463/1463 1460/1460/1460 1462/1462/1462
f 1462/1462/1462 1464/1464/1464 1463/1463/1463
f 1465/1465/1465 1463/1463/1463 1464/1464/1464
f 1464/1464/1464 1466/1466/1466 1465/1465/1465
f 1469/1469/1469 1468/1468/1468 1467/1467/1467
f 1467/1467/1467 1468/1468/1468 1470/1470/1470
f 1471/1471/1471 1470/1470/1470 1468/1468/1468
f 1471/1471/1471 1472/1472/1472 1470/1470/1470
f 1473/1473/1473 1470/1470/1470 1472/1472/1472
f 1472/1472/1472 1474/1474/1474 1473/1473/1473
f 1475/1475/1475 1473/1473/1473 1474/1474/1474
f 1475/1475/1475 1474/1474/1474 1476/1476/1476
f 1477/1477/1477 1476/1476/1476 1474/1474/1474
f 1477/1477/1477 1478/1478/1478 1476/1476/1476
f 1479/1479/1479 1476/1476/1476 1478/1478/1478
f 1479/1479/1479 1478/1478/1478 1480/1480/1480
f 1481/1481/1481 1480/1480/1480 1478/1478/1478
f 1480/1480/1480 1481/1481/1481 1482/1482/1482
f 1483/1483/1483 1482/1482/1482 1481/1481/1481
f 1484/1484/1484 1482/1482/1482 1483/1483/1483
