g 0.1667
v -0.03825333 -0.39787477 0.35208416
v -0.0589578 -0.39599058 0.37478513
v -0.05897484 -0.40137628 0.37202764
v -0.050617285 -0.41934577 0.35734546
v -0.03445246 -0.4095391 0.36913404
v -0.03825333 -0.39787477 0.35208416
v -0.045472838 -0.4409056 0.3536435
v -0.044009753 -0.44448388 0.36074325
v -0.01958916 -0.44900286 0.35009664
v -0.039414447 -0.44151384 0.36497405
v -0.038253706 -0.43551248 0.3564352
v -0.01958916 -0.44900286 0.35009664
v 0.047091875 -0.40013131 0.37633845
v 0.026976261 -0.40042168 0.3530396
v 0.04676965 -0.40550512 0.3735765
v 0.021780692 -0.41173476 0.36995772
v 0.037469648 -0.42278516 0.35863572
v 0.026976261 -0.40042168 0.3530396
v 0.030770607 -0.44388258 0.3547603
v 0.0044492898 -0.4499415 0.35044876
v 0.028826036 -0.4473278 0.3618101
v 0.024354495 -0.4440037 0.3659081
v 0.0044492898 -0.4499415 0.35044876
v 0.023915328 -0.43793988 0.35734582
v -0.06494955 -0.3105051 0.48781678
v -0.05232314 -0.31438133 0.4778172
v -0.051778205 -0.3058266 0.49293247
v -0.051778205 -0.3058266 0.49293247
v -0.05232314 -0.31438133 0.4778172
v -0.04581044 -0.31957 0.49967197
v 0.05652468 -0.31390285 0.48893517
v 0.043371126 -0.30997962 0.49469155
v 0.0438329 -0.31662196 0.4786411
v 0.043371126 -0.30997962 0.49469155
v 0.037550285 -0.32448578 0.4997517
v 0.0438329 -0.31662196 0.4786411
v -0.037965257 -0.030159906 0.4054907
v -0.05967431 -0.054610208 0.38810197
v -0.059161894 -0.0665085 0.36739284
v 1.1672313E-08 -0.06612768 0.35710442
v -0.00052455254 -0.03276238 0.3915119
v 9.490201E-09 -0.11363537 0.3327404
v -0.07198166 -0.119671196 0.3457468
v -0.08368824 -0.10215399 0.36389408
v -0.07995159 -0.08095765 0.37371927
v -0.06853325 -0.17216869 0.34214124
v 5.7446243E-09 -0.16839612 0.32355103
v 1.8644926E-09 -0.20026556 0.34431502
v -0.085440904 -0.15582731 0.35623768
v -0.090756156 -0.13423663 0.35542473
v -0.07066473 -0.20076871 0.3659008
v -0.08092202 -0.18563741 0.3596945
v -0.035786748 -0.2305742 0.3855274
v 0.00012066448 -0.23066656 0.37438068
v -1.2693455E-09 -0.06194538 0.5609486
v -0.03720202 -0.014626563 0.47882625
v 0.0005058246 -0.011792399 0.49051496
v -0.077288 -0.06305058 0.53479105
v -9.173316E-09 -0.13642898 0.591594
v -0.09107725 -0.13244313 0.5581444
v -0.08943003 -0.17503676 0.5425502
v -0.06360651 -0.18494223 0.5502427
v -1.28975515E-08 -0.19381404 0.57887983
v -1.2844197E-08 -0.23421705 0.5288402
v -0.080903806 -0.18669212 0.5507597
v -0.09390741 -0.18274407 0.5439997
v -0.07806126 -0.1957754 0.53336746
v -0.07066472 -0.22775245 0.5042969
v -0.036334634 -0.24604823 0.44824204
v -0.0005831178 -0.24975999 0.45952487
v -0.08666346 -0.19421741 0.5410313
v -0.095295876 -0.1883265 0.5532699
v -0.1005196 -0.18800509 0.54748493
v -0.09580475 -0.19390301 0.54815227
v -0.037965257 -0.030159906 0.4054907
v -0.0882205 -0.070572585 0.3956332
v -0.05967431 -0.054610208 0.38810197
v -0.050745584 -0.022428915 0.44156003
v -0.10351719 -0.06552151 0.45717686
v -0.03720202 -0.014626563 0.47882625
v -0.077288 -0.06305058 0.53479105
v -0.09107725 -0.13244313 0.5581444
v -0.12168803 -0.11812327 0.45872977
v -0.08943003 -0.17503676 0.5425502
v -0.087211296 -0.18508832 0.518011
v -0.10212044 -0.116099685 0.37888402
v -0.07995159 -0.08095765 0.37371927
v -0.08368824 -0.10215399 0.36389408
v -0.11379478 -0.17556733 0.4461784
v -0.094500534 -0.21449351 0.43087733
v -0.07806126 -0.1957754 0.53336746
v -0.07066472 -0.22775245 0.5042969
v -0.036334634 -0.24604823 0.44824204
v -0.04855924 -0.23537607 0.41846004
v -0.07066473 -0.20076871 0.3659008
v -0.035786748 -0.2305742 0.3855274
v -0.096828975 -0.16959123 0.3767531
v -0.08092202 -0.18563741 0.3596945
v -0.085440904 -0.15582731 0.35623768
v -0.090756156 -0.13423663 0.35542473
v -0.12599795 0.05214422 0.42111665
v -0.037965257 -0.030159906 0.4054907
v -0.09512547 0.0113115385 0.3388513
v -0.050745584 -0.022428915 0.44156003
v -0.09177162 0.079519145 0.5101401
v -0.03720202 -0.014626563 0.47882625
v -0.003004732 -0.0066550747 0.30688027
v -0.037965257 -0.030159906 0.4054907
v -0.00052455254 -0.03276238 0.3915119
v -0.09512547 0.0113115385 0.3388513
v 0.0014280304 0.08531787 0.5380448
v -0.03720202 -0.014626563 0.47882625
v -0.09177162 0.079519145 0.5101401
v 0.0005058246 -0.011792399 0.49051496
v -0.15923324 0.19220313 0.3250528
v -0.11018565 0.06795448 0.29357406
v -0.11845674 0.11749679 0.25072944
v -0.14700682 0.12688267 0.38104644
v -0.118348755 0.25205648 0.41859093
v -0.10878953 0.16886558 0.48104972
v -0.11845674 0.11749679 0.25072944
v -0.003068592 0.044400893 0.26122922
v -0.0014342619 0.08699106 0.22408019
v -0.11018565 0.06795448 0.29357406
v -0.0012918517 0.26871347 0.45072472
v -0.10878953 0.16886558 0.48104972
v -0.118348755 0.25205648 0.41859093
v -0.0014330801 0.180644 0.5143703
v -0.10776187 0.24361925 0.16663322
v -0.09309016 0.1630031 0.20597947
v -0.08237639 0.1700206 0.16559744
v -0.124821834 0.23530331 0.24392456
v -0.076541215 0.31388918 0.18986258
v -0.09234862 0.2957867 0.30164307
v -0.08237639 0.1700206 0.16559744
v -0.0011613241 0.1341488 0.199491
v -0.00060210004 0.13861747 0.1718623
v -0.09309016 0.1630031 0.20597947
v 0.0063186507 0.33307868 0.20435937
v -0.09234862 0.2957867 0.30164307
v -0.076541215 0.31388918 0.18986258
v 0.00010769302 0.31103757 0.32983494
v -0.020331552 0.1712079 0.1135515
v 0.0006074696 0.16476285 0.15009482
v 0.002288254 0.16735694 0.12559113
v -0.042993028 0.17874622 0.13594116
v -0.055720218 0.21196854 0.107863724
v -0.026754824 0.18229358 0.094976336
v -0.016572127 0.1992045 0.07897977
v -0.036945254 0.25481364 0.09235762
v 0.008591619 0.26650333 0.09139234
v 0.007623394 0.2067872 0.0763935
v -0.035786748 -0.2305742 0.3855274
v 7.042941E-05 -0.25784504 0.33947444
v 0.00012066448 -0.23066656 0.37438068
v -0.06558027 -0.25581416 0.3496427
v -0.04855924 -0.23537607 0.41846004
v -0.0014241729 -0.30133814 0.32557297
v -0.0892931 -0.25747988 0.3970538
v -0.036334634 -0.24604823 0.44824204
v -0.082864195 -0.29771504 0.33498865
v -0.06762908 -0.2634133 0.4692644
v -0.0005831178 -0.24975999 0.45952487
v -0.0026969472 -0.2687837 0.49925297
v -0.07184194 -0.34273836 0.3354864
v -0.0032161595 -0.34602964 0.32878032
v -0.035222303 -0.38997948 0.34254497
v -0.005069386 -0.3896537 0.33901435
v -0.0064368807 -0.41244513 0.37162092
v -0.11205687 -0.29651842 0.38511992
v -0.053416744 -0.31642276 0.48580343
v -0.0051098336 -0.32673573 0.50950164
v -0.09470879 -0.34477946 0.3755727
v -0.09073076 -0.3038022 0.44274598
v -0.081298694 -0.35409045 0.41913456
v -0.04335905 -0.36659616 0.4592482
v -0.0064263307 -0.37336516 0.47507948
v -0.036617458 -0.40334898 0.40216056
v -0.00688551 -0.40808305 0.41387892
v -0.0589578 -0.39599058 0.37478513
v -0.05897484 -0.40137628 0.37202764
v -0.03825333 -0.39787477 0.35208416
v -0.039120123 -0.40618128 0.3891235
v -0.03445246 -0.4095391 0.36913404
v -0.029104725 -0.4087536 0.3699871
v -0.15524898 0.12263588 0.38340628
v -0.08684048 0.017298512 0.34480423
v -0.11617191 0.061400585 0.29029647
v -0.11503604 0.05548274 0.41945386
v -0.114906065 0.16688374 0.4893546
v -0.08387688 0.080254205 0.5007143
v -0.0031096293 0.036971167 0.25591934
v -0.08684048 0.017298512 0.34480423
v -0.0028535882 0.00028132647 0.31581548
v -0.11617191 0.061400585 0.29029647
v -0.08387688 0.080254205 0.5007143
v -0.001377386 0.17920691 0.52456874
v 0.0011751028 0.085380144 0.5263265
v -0.114906065 0.16688374 0.4893546
v -0.13906 0.23436621 0.24685556
v -0.10797264 0.12559918 0.25606397
v -0.104174905 0.1545025 0.20380506
v -0.14515363 0.19417708 0.3230977
v -0.102697365 0.3019627 0.30997372
v -0.10793172 0.24792239 0.40899125
v -0.0013814317 0.09758885 0.23215705
v -0.104174905 0.1545025 0.20380506
v -0.10797264 0.12559918 0.25606397
v -0.0013582835 0.1227045 0.19555447
v -0.10793172 0.24792239 0.40899125
v 6.0069608E-05 0.31929007 0.34009808
v -0.0012568187 0.2626746 0.43860182
v -0.102697365 0.3019627 0.30997372
v -0.066225186 0.21410662 0.10878895
v -0.07208427 0.17630973 0.16291872
v -0.051830977 0.17425005 0.13999428
v -0.09571394 0.24267586 0.16258737
v -0.044258498 0.26383632 0.09075254
v -0.06821991 0.3062484 0.18418746
v -5.803071E-05 0.14839703 0.1686664
v -0.051830977 0.17425005 0.13999428
v -0.07208427 0.17630973 0.16291872
v -0.0001204079 0.15712906 0.1565495
v -0.06821991 0.3062484 0.18418746
v 0.00920928 0.27838868 0.08954891
v 0.0061793705 0.32357496 0.19786873
v -0.044258498 0.26383632 0.09075254
v -0.092211165 -0.18984775 0.5322942
v -0.07806126 -0.1957754 0.53336746
v -0.087211296 -0.18508832 0.518011
v -0.08666346 -0.19421741 0.5410313
v -0.09580475 -0.19390301 0.54815227
v -0.09928942 -0.19314191 0.5431195
v -0.08943003 -0.17503676 0.5425502
v -0.092211165 -0.18984775 0.5322942
v -0.087211296 -0.18508832 0.518011
v -0.09390741 -0.18274407 0.5439997
v -0.09928942 -0.19314191 0.5431195
v -0.1005196 -0.18800509 0.54748493
v -0.09580475 -0.19390301 0.54815227
v -0.1005196 -0.18800509 0.54748493
v -0.095295876 -0.1883265 0.5532699
v -0.09928942 -0.19314191 0.5431195
v 0.0037786376 0.1401504 0.09720118
v -0.020331552 0.1712079 0.1135515
v 0.002288254 0.16735694 0.12559113
v -0.013322657 0.14335626 0.090195455
v -0.026754824 0.18229358 0.094976336
v 0.0039160117 0.11463494 0.08526262
v -0.010659965 0.114766955 0.06807044
v 0.0029043616 0.07852465 0.08283077
v -0.018040657 0.15026978 0.07487883
v -0.016572127 0.1992045 0.07897977
v -0.010346314 0.15716082 0.06006875
v 0.007623394 0.2067872 0.0763935
v 0.007796706 0.15878645 0.056530118
v 0.006535153 0.11383057 0.05352762
v 0.0039730812 0.073190026 0.06786233
v -0.0045040664 0.07612441 0.07468432
v -0.00026319036 0.039574318 0.10510853
v -0.05897484 -0.40137628 0.37202764
v -0.050617285 -0.41934577 0.35734546
v -0.03825333 -0.39787477 0.35208416
v -0.052968223 -0.42290473 0.36828965
v -0.045472838 -0.4409056 0.3536435
v -0.044009753 -0.44448388 0.36074325
v -0.045690726 -0.42417482 0.3777117
v -0.05897484 -0.40137628 0.37202764
v -0.039120123 -0.40618128 0.3891235
v -0.052968223 -0.42290473 0.36828965
v -0.039414447 -0.44151384 0.36497405
v -0.044009753 -0.44448388 0.36074325
v -0.01958916 -0.44900286 0.35009664
v -0.03445246 -0.4095391 0.36913404
v -0.045690726 -0.42417482 0.3777117
v -0.039120123 -0.40618128 0.3891235
v -0.038024254 -0.41993812 0.36265188
v -0.039414447 -0.44151384 0.36497405
v -0.038253706 -0.43551248 0.3564352
v -0.03445246 -0.4095391 0.36913404
v -0.050617285 -0.41934577 0.35734546
v -0.038024254 -0.41993812 0.36265188
v -0.045472838 -0.4409056 0.3536435
v -0.038253706 -0.43551248 0.3564352
v -0.01958916 -0.44900286 0.35009664
v 0.0006074696 0.16476285 0.15009482
v -0.051830977 0.17425005 0.13999428
v -0.0001204079 0.15712906 0.1565495
v -0.042993028 0.17874622 0.13594116
v -0.066225186 0.21410662 0.10878895
v -0.055720218 0.21196854 0.107863724
v -0.044258498 0.26383632 0.09075254
v -0.036945254 0.25481364 0.09235762
v 0.00920928 0.27838868 0.08954891
v 0.008591619 0.26650333 0.09139234
v -5.803071E-05 0.14839703 0.1686664
v -0.08237639 0.1700206 0.16559744
v -0.00060210004 0.13861747 0.1718623
v -0.07208427 0.17630973 0.16291872
v -0.10776187 0.24361925 0.16663322
v -0.09571394 0.24267586 0.16258737
v -0.076541215 0.31388918 0.18986258
v -0.06821991 0.3062484 0.18418746
v 0.0063186507 0.33307868 0.20435937
v 0.0061793705 0.32357496 0.19786873
v -0.0011613241 0.1341488 0.199491
v -0.104174905 0.1545025 0.20380506
v -0.0013582835 0.1227045 0.19555447
v -0.09309016 0.1630031 0.20597947
v -0.13906 0.23436621 0.24685556
v -0.124821834 0.23530331 0.24392456
v -0.102697365 0.3019627 0.30997372
v -0.09234862 0.2957867 0.30164307
v 6.0069608E-05 0.31929007 0.34009808
v 0.00010769302 0.31103757 0.32983494
v -0.0013814317 0.09758885 0.23215705
v -0.11845674 0.11749679 0.25072944
v -0.0014342619 0.08699106 0.22408019
v -0.10797264 0.12559918 0.25606397
v -0.15923324 0.19220313 0.3250528
v -0.14515363 0.19417708 0.3230977
v -0.118348755 0.25205648 0.41859093
v -0.10793172 0.24792239 0.40899125
v -0.0012918517 0.26871347 0.45072472
v -0.0012568187 0.2626746 0.43860182
v -0.003068592 0.044400893 0.26122922
v -0.11617191 0.061400585 0.29029647
v -0.0031096293 0.036971167 0.25591934
v -0.11018565 0.06795448 0.29357406
v -0.15524898 0.12263588 0.38340628
v -0.14700682 0.12688267 0.38104644
v -0.114906065 0.16688374 0.4893546
v -0.10878953 0.16886558 0.48104972
v -0.001377386 0.17920691 0.52456874
v -0.0014330801 0.180644 0.5143703
v -0.0028535882 0.00028132647 0.31581548
v -0.09512547 0.0113115385 0.3388513
v -0.003004732 -0.0066550747 0.30688027
v -0.08684048 0.017298512 0.34480423
v -0.12599795 0.05214422 0.42111665
v -0.11503604 0.05548274 0.41945386
v -0.09177162 0.079519145 0.5101401
v -0.08387688 0.080254205 0.5007143
v 0.0014280304 0.08531787 0.5380448
v 0.0011751028 0.085380144 0.5263265
v -0.08749914 -0.10685299 0.3020821
v -0.07198166 -0.119671196 0.3457468
v -0.08368824 -0.10215399 0.36389408
v -0.07058294 -0.13364501 0.30356187
v -0.09254523 -0.11672724 0.28580844
v -0.080815285 -0.13470806 0.29177278
v -0.08355127 -0.17984618 0.25180545
v -0.10221838 -0.14935109 0.24742152
v -0.108030275 -0.16826321 0.24329619
v -0.09670193 -0.18681876 0.2389373
v -0.11941509 -0.121473044 0.30786854
v -0.08368824 -0.10215399 0.36389408
v -0.10212044 -0.116099685 0.37888402
v -0.08749914 -0.10685299 0.3020821
v -0.11192467 -0.12689853 0.29401925
v -0.09254523 -0.11672724 0.28580844
v -0.13440962 -0.1670771 0.25528398
v -0.10221838 -0.14935109 0.24742152
v -0.108030275 -0.16826321 0.24329619
v -0.12787397 -0.18013485 0.2426699
v -0.07198166 -0.119671196 0.3457468
v -0.10151058 -0.14976975 0.30608392
v -0.090756156 -0.13423663 0.35542473
v -0.07058294 -0.13364501 0.30356187
v -0.1003414 -0.14553927 0.30027792
v -0.080815285 -0.13470806 0.29177278
v -0.090756156 -0.13423663 0.35542473
v -0.11941509 -0.121473044 0.30786854
v -0.10212044 -0.116099685 0.37888402
v -0.10151058 -0.14976975 0.30608392
v -0.11192467 -0.12689853 0.29401925
v -0.1003414 -0.14553927 0.30027792
v -0.061842654 -0.016058244 0.32659099
v -0.059161894 -0.0665085 0.36739284
v -0.05967431 -0.054610208 0.38810197
v -0.050527662 -0.037858106 0.3161059
v -0.066362545 -0.018279891 0.30673108
v -0.059161916 -0.033395875 0.30498466
v -0.0487235 -0.063298434 0.24265707
v -0.064291924 -0.03685283 0.23884898
v -0.05916192 -0.066484645 0.23178148
v -0.06970662 -0.051736236 0.23204195
v -0.09799767 -0.03789922 0.3170955
v -0.05967431 -0.054610208 0.38810197
v -0.0882205 -0.070572585 0.3956332
v -0.061842654 -0.016058244 0.32659099
v -0.08822061 -0.032734554 0.30521336
v -0.066362545 -0.018279891 0.30673108
v -0.064291924 -0.03685283 0.23884898
v -0.09971134 -0.061972618 0.24264829
v -0.08822062 -0.06568788 0.23186827
v -0.06970662 -0.051736236 0.23204195
v -0.059161894 -0.0665085 0.36739284
v -0.078627735 -0.057258777 0.30929637
v -0.07995159 -0.08095765 0.37371927
v -0.050527662 -0.037858106 0.3161059
v -0.077237606 -0.04596128 0.3036647
v -0.059161916 -0.033395875 0.30498466
v -0.07995159 -0.08095765 0.37371927
v -0.09799767 -0.03789922 0.3170955
v -0.0882205 -0.070572585 0.3956332
v -0.078627735 -0.057258777 0.30929637
v -0.08822061 -0.032734554 0.30521336
v -0.077237606 -0.04596128 0.3036647
v -0.06853325 -0.17216869 0.34214124
v -0.09745282 -0.22063448 0.31350395
v -0.08092202 -0.18563741 0.3596945
v -0.06434707 -0.2030102 0.29292205
v -0.10106157 -0.22049266 0.29184872
v -0.088679306 -0.21342304 0.28401595
v -0.08092202 -0.18563741 0.3596945
v -0.12935334 -0.19534798 0.30462775
v -0.096828975 -0.16959123 0.3767531
v -0.09745282 -0.22063448 0.31350395
v -0.10106157 -0.22049266 0.29184872
v -0.11343957 -0.20819537 0.28513104
v -0.09690328 -0.17790721 0.28074306
v -0.06853325 -0.17216869 0.34214124
v -0.085440904 -0.15582731 0.35623768
v -0.06434707 -0.2030102 0.29292205
v -0.12935334 -0.19534798 0.30462775
v -0.085440904 -0.15582731 0.35623768
v -0.096828975 -0.16959123 0.3767531
v -0.09690328 -0.17790721 0.28074306
v -0.073299564 0.02552645 0.16568533
v -0.056222577 -0.013123669 0.16878161
v -0.07293324 -0.007537894 0.18671954
v -0.063974164 0.022409342 0.15567502
v -0.07376202 0.077595204 0.17333753
v -0.080815285 -0.13470806 0.29177278
v -0.11601125 -0.19868962 0.25991082
v -0.1003414 -0.14553927 0.30027792
v -0.08355127 -0.17984618 0.25180545
v -0.09670193 -0.18681876 0.2389373
v -0.11671924 -0.1993844 0.23818111
v -0.089098684 -0.17108361 0.1854375
v -0.12560496 -0.19095743 0.1746907
v -0.09572846 -0.16193548 0.17211586
v -0.12509629 -0.1759936 0.16033436
v -0.12260926 -0.16010094 0.15678617
v -0.10269757 -0.15270895 0.16698602
v -0.121283315 -0.13310632 0.13591856
v -0.109593645 -0.12876664 0.14190665
v -0.1129104 -0.0824704 0.13439515
v -0.11601125 -0.19868962 0.25991082
v -0.11192467 -0.12689853 0.29401925
v -0.1003414 -0.14553927 0.30027792
v -0.13440962 -0.1670771 0.25528398
v -0.12787397 -0.18013485 0.2426699
v -0.11671924 -0.1993844 0.23818111
v -0.14619184 -0.16100399 0.19515285
v -0.12560496 -0.19095743 0.1746907
v -0.14145824 -0.15392534 0.1799641
v -0.12509629 -0.1759936 0.16033436
v -0.13392894 -0.14728574 0.17237008
v -0.12260926 -0.16010094 0.15678617
v -0.121283315 -0.13310632 0.13591856
v -0.12792882 -0.12558283 0.14506745
v -0.1129104 -0.0824704 0.13439515
v -0.059161916 -0.033395875 0.30498466
v -0.07924951 -0.084882334 0.2458833
v -0.077237606 -0.04596128 0.3036647
v -0.0487235 -0.063298434 0.24265707
v -0.07588061 -0.07832591 0.23163438
v -0.05916192 -0.066484645 0.23178148
v -0.0783172 -0.057576098 0.16779336
v -0.038486045 -0.037697993 0.18807107
v -0.045881048 -0.025016986 0.17504534
v -0.07675681 -0.036974557 0.15468907
v -0.07470534 -0.01745858 0.15486489
v -0.056222577 -0.013123669 0.16878161
v -0.063974164 0.022409342 0.15567502
v -0.07428849 0.019990243 0.14790879
v -0.07376202 0.077595204 0.17333753
v -0.077237606 -0.04596128 0.3036647
v -0.09971134 -0.061972618 0.24264829
v -0.08822061 -0.032734554 0.30521336
v -0.07924951 -0.084882334 0.2458833
v -0.088679306 -0.21342304 0.28401595
v -0.1175608 -0.30756775 0.26753765
v -0.10106157 -0.22049266 0.29184872
v -0.08557577 -0.28932717 0.24327138
v -0.1083722 -0.3126614 0.22654901
v -0.12485343 -0.32322866 0.2369562
v -0.13536541 -0.3594479 0.21948248
v -0.09357894 -0.33796948 0.19150665
v -0.102368124 -0.35973483 0.14521822
v -0.14665888 -0.3889696 0.16525882
v -0.14686075 -0.37854815 0.13149023
v -0.11982445 -0.3600443 0.12482279
v -0.1336184 -0.36733967 0.06324392
v -0.15058409 -0.37898368 0.062306263
v -0.13828768 -0.32331374 -0.0006301105
v -0.1175608 -0.30756775 0.26753765
v -0.11343957 -0.20819537 0.28513104
v -0.10106157 -0.22049266 0.29184872
v -0.14825018 -0.27616155 0.2459457
v -0.1379112 -0.30522075 0.227856
v -0.12485343 -0.32322866 0.2369562
v -0.13536541 -0.3594479 0.21948248
v -0.16582486 -0.31679225 0.19460514
v -0.17383009 -0.33872616 0.14845085
v -0.14665888 -0.3889696 0.16525882
v -0.1615003 -0.34785676 0.12672791
v -0.14686075 -0.37854815 0.13149023
v -0.15929067 -0.35982794 0.064488284
v -0.15058409 -0.37898368 0.062306263
v -0.13828768 -0.32331374 -0.0006301105
v -0.11000144 -0.1422112 0.20519999
v -0.09670193 -0.18681876 0.2389373
v -0.108030275 -0.16826321 0.24329619
v -0.089098684 -0.17108361 0.1854375
v -0.11235135 -0.1406502 0.19105056
v -0.09572846 -0.16193548 0.17211586
v -0.10269757 -0.15270895 0.16698602
v -0.11419426 -0.14033507 0.18200704
v -0.11634305 -0.12150225 0.15072519
v -0.109593645 -0.12876664 0.14190665
v -0.1129104 -0.0824704 0.13439515
v -0.12787397 -0.18013485 0.2426699
v -0.11000144 -0.1422112 0.20519999
v -0.108030275 -0.16826321 0.24329619
v -0.14619184 -0.16100399 0.19515285
v -0.11235135 -0.1406502 0.19105056
v -0.14145824 -0.15392534 0.1799641
v -0.11419426 -0.14033507 0.18200704
v -0.13392894 -0.14728574 0.17237008
v -0.11634305 -0.12150225 0.15072519
v -0.12792882 -0.12558283 0.14506745
v -0.1129104 -0.0824704 0.13439515
v -0.06699103 -0.01280234 0.21379128
v -0.05916192 -0.066484645 0.23178148
v -0.06970662 -0.051736236 0.23204195
v -0.038486045 -0.037697993 0.18807107
v -0.0693971 -0.009935476 0.20087674
v -0.045881048 -0.025016986 0.17504534
v -0.056222577 -0.013123669 0.16878161
v -0.07293324 -0.007537894 0.18671954
v -0.08822062 -0.06568788 0.23186827
v -0.06699103 -0.01280234 0.21379128
v -0.06970662 -0.051736236 0.23204195
v -0.109616175 -0.036367156 0.18965293
v -0.0693971 -0.009935476 0.20087674
v -0.10181614 -0.024196215 0.17659801
v -0.07293324 -0.007537894 0.18671954
v -0.09118527 -0.012772001 0.16991533
v -0.073299564 0.02552645 0.16568533
v -0.083485104 0.022605605 0.15630767
v -0.07376202 0.077595204 0.17333753
v -0.12224096 -0.29438913 0.2174295
v -0.09357894 -0.33796948 0.19150665
v -0.1083722 -0.3126614 0.22654901
v -0.1260166 -0.29459304 0.16657901
v -0.13148151 -0.30873126 0.12839887
v -0.102368124 -0.35973483 0.14521822
v -0.11982445 -0.3600443 0.12482279
v -0.13559155 -0.32889867 0.120086245
v -0.1336184 -0.36733967 0.06324392
v -0.1430181 -0.3479029 0.06546766
v -0.13828768 -0.32331374 -0.0006301105
v -0.16582486 -0.31679225 0.19460514
v -0.12224096 -0.29438913 0.2174295
v -0.1379112 -0.30522075 0.227856
v -0.1260166 -0.29459304 0.16657901
v -0.13148151 -0.30873126 0.12839887
v -0.17383009 -0.33872616 0.14845085
v -0.13559155 -0.32889867 0.120086245
v -0.1615003 -0.34785676 0.12672791
v -0.1430181 -0.3479029 0.06546766
v -0.15929067 -0.35982794 0.064488284
v -0.13828768 -0.32331374 -0.0006301105
v -0.083485104 0.022605605 0.15630767
v -0.07428849 0.019990243 0.14790879
v -0.07376202 0.077595204 0.17333753
v -0.07470534 -0.01745858 0.15486489
v -0.09118527 -0.012772001 0.16991533
v -0.07675681 -0.036974557 0.15468907
v -0.10181614 -0.024196215 0.17659801
v -0.0783172 -0.057576098 0.16779336
v -0.109616175 -0.036367156 0.18965293
v -0.08822062 -0.06568788 0.23186827
v -0.07588061 -0.07832591 0.23163438
v -0.09971134 -0.061972618 0.24264829
v -0.07924951 -0.084882334 0.2458833
v -0.08557577 -0.28932717 0.24327138
v -0.12224096 -0.29438913 0.2174295
v -0.1083722 -0.3126614 0.22654901
v -0.117997475 -0.2574708 0.2216245
v -0.10174186 -0.20094904 0.27728233
v -0.088679306 -0.21342304 0.28401595
v -0.09690328 -0.17790721 0.28074306
v -0.06434707 -0.2030102 0.29292205
v -0.12224096 -0.29438913 0.2174295
v -0.14825018 -0.27616155 0.2459457
v -0.1379112 -0.30522075 0.227856
v -0.117997475 -0.2574708 0.2216245
v -0.10174186 -0.20094904 0.27728233
v -0.11343957 -0.20819537 0.28513104
v -0.09690328 -0.17790721 0.28074306
v -0.12935334 -0.19534798 0.30462775
v 0.03719948 -0.02993545 0.40468085
v 0.059314243 -0.06776084 0.36753348
v 0.059745684 -0.054146405 0.38721347
v 1.1672313E-08 -0.06612768 0.35710442
v -0.00052455254 -0.03276238 0.3915119
v 9.490201E-09 -0.11363537 0.3327404
v 0.06958587 -0.11658427 0.34622744
v 0.084974684 -0.101982236 0.36461517
v 0.07983663 -0.08189629 0.37532443
v 0.0687742 -0.17070003 0.341649
v 5.7446243E-09 -0.16839612 0.32355103
v 1.8644926E-09 -0.20026556 0.34431502
v 0.08659615 -0.15590015 0.35661972
v 0.086996086 -0.13433583 0.35353288
v 0.07066475 -0.20076868 0.3659008
v 0.079618365 -0.18550822 0.35924542
v 0.035921104 -0.23197351 0.38605234
v 0.00012066448 -0.23066656 0.37438068
v 0.037962724 -0.014402106 0.47801638
v -1.2693455E-09 -0.06194538 0.5609486
v 0.0005058246 -0.011792399 0.49051496
v 0.077288 -0.06305055 0.5347911
v -9.173316E-09 -0.13642898 0.591594
v 0.09107725 -0.1324431 0.5581444
v 0.0896067 -0.17497815 0.54243886
v 0.06366513 -0.18450919 0.5499691
v -1.28975515E-08 -0.19381404 0.57887983
v -1.2844197E-08 -0.23421705 0.5288402
v 0.08233197 -0.1815839 0.5530994
v 0.09489964 -0.18171881 0.54337084
v 0.077985905 -0.1955059 0.53324646
v 0.070664704 -0.22775242 0.5042969
v 0.03537321 -0.24744754 0.44876695
v -0.0005831178 -0.24975999 0.45952487
v 0.08522962 -0.192647 0.5446387
v 0.094963044 -0.18796827 0.5532114
v 0.10034712 -0.18801479 0.5475665
v 0.09534265 -0.19367038 0.5482226
v 0.03719948 -0.02993545 0.40468085
v 0.059745684 -0.054146405 0.38721347
v 0.08798871 -0.06978238 0.39643228
v 0.050726853 -0.0221259 0.44046667
v 0.103517205 -0.06552148 0.4571769
v 0.037962724 -0.014402106 0.47801638
v 0.077288 -0.06305055 0.5347911
v 0.09107725 -0.1324431 0.5581444
v 0.121688046 -0.11812321 0.4587298
v 0.0896067 -0.17497815 0.54243886
v 0.08730001 -0.1850006 0.5179217
v 0.102525346 -0.11944568 0.37729126
v 0.07983663 -0.08189629 0.37532443
v 0.084974684 -0.101982236 0.36461517
v 0.11379478 -0.1755673 0.44617844
v 0.094500534 -0.21449348 0.43087736
v 0.077985905 -0.1955059 0.53324646
v 0.070664704 -0.22775242 0.5042969
v 0.03537321 -0.24744754 0.44876695
v 0.048246346 -0.23726515 0.4191687
v 0.07066475 -0.20076868 0.3659008
v 0.035921104 -0.23197351 0.38605234
v 0.096336715 -0.17097464 0.37713563
v 0.079618365 -0.18550822 0.35924542
v 0.08659615 -0.15590015 0.35661972
v 0.086996086 -0.13433583 0.35353288
v 0.03719948 -0.02993545 0.40468085
v 0.1240851 0.05363797 0.41572684
v 0.09018679 0.012418412 0.3348574
v 0.050726853 -0.0221259 0.44046667
v 0.09340151 0.080625184 0.50614923
v 0.037962724 -0.014402106 0.47801638
v -0.003004732 -0.0066550747 0.30688027
v 0.03719948 -0.02993545 0.40468085
v 0.09018679 0.012418412 0.3348574
v -0.00052455254 -0.03276238 0.3915119
v 0.0014280304 0.08531787 0.5380448
v 0.037962724 -0.014402106 0.47801638
v 0.0005058246 -0.011792399 0.49051496
v 0.09340151 0.080625184 0.50614923
v 0.10447578 0.06735194 0.2921907
v 0.15698743 0.1885395 0.32779166
v 0.115784444 0.114782944 0.25275823
v 0.14245911 0.12607014 0.37918103
v 0.11588671 0.2493427 0.4206197
v 0.10550222 0.16826408 0.47966874
v 0.115784444 0.114782944 0.25275823
v -0.003068592 0.044400893 0.26122922
v 0.10447578 0.06735194 0.2921907
v -0.0014342619 0.08699106 0.22408019
v 0.10550222 0.16826408 0.47966874
v -0.0012918517 0.26871347 0.45072472
v 0.11588671 0.2493427 0.4206197
v -0.0014330801 0.180644 0.5143703
v -0.001377386 0.17920691 0.52456874
v 0.11170656 0.16624764 0.48789424
v 0.14245911 0.12607014 0.37918103
v 0.15071483 0.12177705 0.38143453
v 0.10447578 0.06735194 0.2921907
v 0.1104051 0.06076459 0.2888363
v -0.003068592 0.044400893 0.26122922
v -0.0031096293 0.036971167 0.25591934
v 0.09169057 0.15802033 0.21052673
v 0.115113 0.23417583 0.17567803
v 0.08376993 0.16298082 0.17234007
v 0.12515615 0.22856244 0.25007623
v 0.088162035 0.30691054 0.19654664
v 0.09296492 0.29078957 0.30620342
v 0.08376993 0.16298082 0.17234007
v -0.0011613241 0.1341488 0.199491
v 0.09169057 0.15802033 0.21052673
v -0.00060210004 0.13861747 0.1718623
v 0.0063186507 0.33307868 0.20435937
v 0.09296492 0.29078957 0.30620342
v 0.00010769302 0.31103757 0.32983494
v 0.088162035 0.30691054 0.19654664
v 0.0006074696 0.16476285 0.15009482
v 0.026747549 0.16958337 0.11727522
v 0.002288254 0.16735694 0.12559113
v 0.046674434 0.17533833 0.14149684
v 0.06556159 0.20735912 0.11537817
v 0.036802012 0.18010046 0.10000336
v 0.030506993 0.19757996 0.08270349
v 0.05252815 0.2514131 0.09790127
v 0.008591619 0.26650333 0.09139234
v 0.007623394 0.2067872 0.0763935
v 7.042941E-05 -0.25784504 0.33947444
v 0.035921104 -0.23197351 0.38605234
v 0.00012066448 -0.23066656 0.37438068
v 0.06535415 -0.26092654 0.35156047
v 0.048246346 -0.23726515 0.4191687
v -0.0014241729 -0.30133814 0.32557297
v 0.08746835 -0.2643816 0.39964283
v 0.03537321 -0.24744754 0.44876695
v 0.07974018 -0.304064 0.33737034
v 0.06330534 -0.26852572 0.47118217
v -0.0005831178 -0.24975999 0.45952487
v -0.0026969472 -0.2687837 0.49925297
v 0.065231815 -0.34809044 0.33749413
v -0.0032161595 -0.34602964 0.32878032
v 0.02485019 -0.39232504 0.34342486
v -0.005069386 -0.3896537 0.33901435
v -0.0064368807 -0.41244513 0.37162092
v 0.107458785 -0.3050895 0.38833514
v 0.044526313 -0.320247 0.487238
v -0.0051098336 -0.32673573 0.50950164
v 0.0866879 -0.35186216 0.37822962
v 0.08395375 -0.3106228 0.44530457
v 0.07132465 -0.36004966 0.42137003
v 0.031368792 -0.36951393 0.4603427
v -0.0064263307 -0.37336516 0.47507948
v 0.023454927 -0.40569454 0.40304044
v -0.00688551 -0.40808305 0.41387892
v 0.047091875 -0.40013131 0.37633845
v 0.04676965 -0.40550512 0.3735765
v 0.026976261 -0.40042168 0.3530396
v 0.02610936 -0.40872818 0.39007893
v 0.021780692 -0.41173476 0.36995772
v 0.016487807 -0.41053376 0.37065488
v 0.08209506 0.018307567 0.3411633
v 0.15071483 0.12177705 0.38143453
v 0.1104051 0.06076459 0.2888363
v 0.11302264 0.05684494 0.4145387
v 0.11170656 0.16624764 0.48789424
v 0.0850998 0.081263505 0.4970725
v -0.0031096293 0.036971167 0.25591934
v 0.08209506 0.018307567 0.3411633
v 0.1104051 0.06076459 0.2888363
v -0.0028535882 0.00028132647 0.31581548
v 0.0850998 0.081263505 0.4970725
v -0.001377386 0.17920691 0.52456874
v 0.11170656 0.16624764 0.48789424
v 0.0011751028 0.085380144 0.5263265
v 0.10540004 0.12312712 0.257912
v 0.1391583 0.2268638 0.2537022
v 0.102415435 0.14893161 0.20888904
v 0.14299332 0.19083871 0.3255934
v 0.10318185 0.29641098 0.3150402
v 0.10554449 0.24544913 0.4108402
v -0.0013814317 0.09758885 0.23215705
v 0.102415435 0.14893161 0.20888904
v -0.0013582835 0.1227045 0.19555447
v 0.10540004 0.12312712 0.257912
v 0.10554449 0.24544913 0.4108402
v 6.0069608E-05 0.31929007 0.34009808
v 0.10318185 0.29641098 0.3150402
v -0.0012568187 0.2626746 0.43860182
v 0.07429623 0.17010745 0.16885918
v 0.07601562 0.20870063 0.11760199
v 0.05453159 0.17020763 0.14658435
v 0.10339533 0.23423941 0.17066772
v 0.06071978 0.2598465 0.097256854
v 0.07971158 0.2999804 0.19019088
v -5.803071E-05 0.14839703 0.1686664
v 0.05453159 0.17020763 0.14658435
v -0.0001204079 0.15712906 0.1565495
v 0.07429623 0.17010745 0.16885918
v 0.07971158 0.2999804 0.19019088
v 0.00920928 0.27838868 0.08954891
v 0.06071978 0.2598465 0.097256854
v 0.0061793705 0.32357496 0.19786873
v 0.077985905 -0.1955059 0.53324646
v 0.0901154 -0.1916554 0.5338954
v 0.08730001 -0.1850006 0.5179217
v 0.08522962 -0.192647 0.5446387
v 0.09534265 -0.19367038 0.5482226
v 0.098991126 -0.19318047 0.54327285
v 0.0901154 -0.1916554 0.5338954
v 0.0896067 -0.17497815 0.54243886
v 0.08730001 -0.1850006 0.5179217
v 0.09489964 -0.18171881 0.54337084
v 0.098991126 -0.19318047 0.54327285
v 0.10034712 -0.18801479 0.5475665
v 0.09534265 -0.19367038 0.5482226
v 0.10034712 -0.18801479 0.5475665
v 0.098991126 -0.19318047 0.54327285
v 0.094963044 -0.18796827 0.5532114
v 0.026747549 0.16958337 0.11727522
v 0.0037786376 0.1401504 0.09720118
v 0.002288254 0.16735694 0.12559113
v 0.021978527 0.14216906 0.09313901
v 0.0039160117 0.11463494 0.08526262
v 0.02111114 0.11369847 0.070719644
v 0.036802012 0.18010046 0.10000336
v 0.0029043616 0.07852465 0.08283077
v 0.029615987 0.14866704 0.07885263
v 0.030506993 0.19757996 0.08270349
v 0.024954883 0.15597361 0.0630123
v 0.007623394 0.2067872 0.0763935
v 0.007796706 0.15878645 0.056530118
v 0.006535153 0.11383057 0.05352762
v 0.0039730812 0.073190026 0.06786233
v 0.011381496 0.07559016 0.07600892
v -0.00026319036 0.039574318 0.10510853
v 0.037469648 -0.42278516 0.35863572
v 0.04676965 -0.40550512 0.3735765
v 0.026976261 -0.40042168 0.3530396
v 0.03921494 -0.4265041 0.3696399
v 0.030770607 -0.44388258 0.3547603
v 0.028826036 -0.4473278 0.3618101
v 0.04676965 -0.40550512 0.3735765
v 0.03158817 -0.42719218 0.37884367
v 0.02610936 -0.40872818 0.39007893
v 0.03921494 -0.4265041 0.3696399
v 0.024354495 -0.4440037 0.3659081
v 0.028826036 -0.4473278 0.3618101
v 0.0044492898 -0.4499415 0.35044876
v 0.03158817 -0.42719218 0.37884367
v 0.021780692 -0.41173476 0.36995772
v 0.02610936 -0.40872818 0.39007893
v 0.024718989 -0.42238796 0.3635709
v 0.024354495 -0.4440037 0.3659081
v 0.023915328 -0.43793988 0.35734582
v 0.037469648 -0.42278516 0.35863572
v 0.021780692 -0.41173476 0.36995772
v 0.024718989 -0.42238796 0.3635709
v 0.030770607 -0.44388258 0.3547603
v 0.023915328 -0.43793988 0.35734582
v 0.0044492898 -0.4499415 0.35044876
v 0.05453159 0.17020763 0.14658435
v 0.0006074696 0.16476285 0.15009482
v -0.0001204079 0.15712906 0.1565495
v 0.046674434 0.17533833 0.14149684
v 0.07601562 0.20870063 0.11760199
v 0.06556159 0.20735912 0.11537817
v 0.06071978 0.2598465 0.097256854
v 0.05252815 0.2514131 0.09790127
v 0.00920928 0.27838868 0.08954891
v 0.008591619 0.26650333 0.09139234
v 0.08376993 0.16298082 0.17234007
v -5.803071E-05 0.14839703 0.1686664
v -0.00060210004 0.13861747 0.1718623
v 0.07429623 0.17010745 0.16885918
v 0.115113 0.23417583 0.17567803
v 0.10339533 0.23423941 0.17066772
v 0.088162035 0.30691054 0.19654664
v 0.07971158 0.2999804 0.19019088
v 0.0063186507 0.33307868 0.20435937
v 0.0061793705 0.32357496 0.19786873
v 0.102415435 0.14893161 0.20888904
v -0.0011613241 0.1341488 0.199491
v -0.0013582835 0.1227045 0.19555447
v 0.09169057 0.15802033 0.21052673
v 0.1391583 0.2268638 0.2537022
v 0.12515615 0.22856244 0.25007623
v 0.10318185 0.29641098 0.3150402
v 0.09296492 0.29078957 0.30620342
v 6.0069608E-05 0.31929007 0.34009808
v 0.00010769302 0.31103757 0.32983494
v 0.115784444 0.114782944 0.25275823
v -0.0013814317 0.09758885 0.23215705
v -0.0014342619 0.08699106 0.22408019
v 0.10540004 0.12312712 0.257912
v 0.15698743 0.1885395 0.32779166
v 0.14299332 0.19083871 0.3255934
v 0.11588671 0.2493427 0.4206197
v 0.10554449 0.24544913 0.4108402
v -0.0012918517 0.26871347 0.45072472
v -0.0012568187 0.2626746 0.43860182
v 0.09018679 0.012418412 0.3348574
v -0.0028535882 0.00028132647 0.31581548
v -0.003004732 -0.0066550747 0.30688027
v 0.08209506 0.018307567 0.3411633
v 0.1240851 0.05363797 0.41572684
v 0.11302264 0.05684494 0.4145387
v 0.09340151 0.080625184 0.50614923
v 0.0850998 0.081263505 0.4970725
v 0.0014280304 0.08531787 0.5380448
v 0.0011751028 0.085380144 0.5263265
v 0.06958587 -0.11658427 0.34622744
v 0.080984056 -0.09840423 0.30341807
v 0.084974684 -0.101982236 0.36461517
v 0.057623934 -0.11982906 0.3046192
v 0.081106246 -0.10820533 0.283142
v 0.06560882 -0.121856004 0.2909923
v 0.05111302 -0.17204076 0.26018342
v 0.076993965 -0.14966987 0.24889839
v 0.0762667 -0.1697046 0.24763995
v 0.060091786 -0.18505707 0.24885243
v 0.084974684 -0.101982236 0.36461517
v 0.10805517 -0.121465 0.3023176
v 0.102525346 -0.11944568 0.37729126
v 0.080984056 -0.09840423 0.30341807
v 0.097700745 -0.1231038 0.28947824
v 0.081106246 -0.10820533 0.283142
v 0.10356924 -0.17454657 0.25823697
v 0.076993965 -0.14966987 0.24889839
v 0.0762667 -0.1697046 0.24763995
v 0.09218907 -0.18641278 0.24755567
v 0.08292733 -0.14357881 0.3003097
v 0.06958587 -0.11658427 0.34622744
v 0.086996086 -0.13433583 0.35353288
v 0.057623934 -0.11982906 0.3046192
v 0.08219348 -0.13741498 0.2976275
v 0.06560882 -0.121856004 0.2909923
v 0.10805517 -0.121465 0.3023176
v 0.086996086 -0.13433583 0.35353288
v 0.102525346 -0.11944568 0.37729126
v 0.08292733 -0.14357881 0.3003097
v 0.097700745 -0.1231038 0.28947824
v 0.08219348 -0.13741498 0.2976275
v 0.059314243 -0.06776084 0.36753348
v 0.06435342 -0.026118059 0.31929773
v 0.059745684 -0.054146405 0.38721347
v 0.052666537 -0.049092986 0.31231415
v 0.06919191 -0.031802915 0.3000546
v 0.06165046 -0.046826884 0.30075973
v 0.052201957 -0.08740419 0.24450287
v 0.068474464 -0.062369294 0.23645878
v 0.06286259 -0.09263624 0.23454835
v 0.07385179 -0.07837259 0.22989935
v 0.059745684 -0.054146405 0.38721347
v 0.10008612 -0.050087534 0.31450015
v 0.08798871 -0.06978238 0.39643228
v 0.06435342 -0.026118059 0.31929773
v 0.09070273 -0.04673884 0.3016836
v 0.06919191 -0.031802915 0.3000546
v 0.068474464 -0.062369294 0.23645878
v 0.10318861 -0.08701312 0.2458174
v 0.09192638 -0.09244155 0.23515414
v 0.07385179 -0.07837259 0.22989935
v 0.08035968 -0.07001744 0.3095525
v 0.059314243 -0.06776084 0.36753348
v 0.07983663 -0.08189629 0.37532443
v 0.052666537 -0.049092986 0.31231415
v 0.07942487 -0.059791565 0.3021493
v 0.06165046 -0.046826884 0.30075973
v 0.10008612 -0.050087534 0.31450015
v 0.07983663 -0.08189629 0.37532443
v 0.08798871 -0.06978238 0.39643228
v 0.08035968 -0.07001744 0.3095525
v 0.09070273 -0.04673884 0.3016836
v 0.07942487 -0.059791565 0.3021493
v 0.09233178 -0.22011942 0.31173673
v 0.0687742 -0.17070003 0.341649
v 0.079618365 -0.18550822 0.35924542
v 0.06369971 -0.19666763 0.2902789
v 0.09690299 -0.21740355 0.291822
v 0.086955786 -0.21203715 0.28025058
v 0.12823594 -0.1997787 0.3059934
v 0.079618365 -0.18550822 0.35924542
v 0.096336715 -0.17097464 0.37713563
v 0.09233178 -0.22011942 0.31173673
v 0.09690299 -0.21740355 0.291822
v 0.11188555 -0.20962146 0.28397554
v 0.100431845 -0.17646913 0.28126973
v 0.0687742 -0.17070003 0.341649
v 0.06369971 -0.19666763 0.2902789
v 0.08659615 -0.15590015 0.35661972
v 0.12823594 -0.1997787 0.3059934
v 0.08659615 -0.15590015 0.35661972
v 0.100431845 -0.17646913 0.28126973
v 0.096336715 -0.17097464 0.37713563
v 0.06229853 -0.07694105 0.15334666
v 0.080679715 -0.045177765 0.13217428
v 0.07901495 -0.06370167 0.16666946
v 0.0713511 -0.052566007 0.12473944
v 0.08280056 0.003947556 0.113409095
v 0.07765728 -0.198006 0.2699624
v 0.06560882 -0.121856004 0.2909923
v 0.08219348 -0.13741498 0.2976275
v 0.05111302 -0.17204076 0.26018342
v 0.060091786 -0.18505707 0.24885243
v 0.07598593 -0.20249404 0.24878038
v 0.0442701 -0.17992398 0.19577508
v 0.07296431 -0.20984273 0.18460906
v 0.04953821 -0.17566101 0.17967594
v 0.072324865 -0.19856034 0.16721429
v 0.07230563 -0.18364915 0.16021372
v 0.056912225 -0.16968532 0.17131364
v 0.07184608 -0.16214027 0.13369805
v 0.062809 -0.15394242 0.14021452
v 0.073463954 -0.11246832 0.120794564
v 0.097700745 -0.1231038 0.28947824
v 0.07765728 -0.198006 0.2699624
v 0.08219348 -0.13741498 0.2976275
v 0.10356924 -0.17454657 0.25823697
v 0.09218907 -0.18641278 0.24755567
v 0.07598593 -0.20249404 0.24878038
v 0.102955274 -0.182154 0.19318825
v 0.07296431 -0.20984273 0.18460906
v 0.09654508 -0.17749316 0.17768346
v 0.072324865 -0.19856034 0.16721429
v 0.08901166 -0.1709764 0.1699878
v 0.07230563 -0.18364915 0.16021372
v 0.07184608 -0.16214027 0.13369805
v 0.08165377 -0.15470041 0.13943613
v 0.073463954 -0.11246832 0.120794564
v 0.08212293 -0.1085877 0.25250936
v 0.06165046 -0.046826884 0.30075973
v 0.07942487 -0.059791565 0.3021493
v 0.052201957 -0.08740419 0.24450287
v 0.079207726 -0.1045982 0.23903626
v 0.06286259 -0.09263624 0.23454835
v 0.08291137 -0.116715536 0.17475392
v 0.04357275 -0.08849408 0.18174452
v 0.051508393 -0.083992645 0.1643685
v 0.08216107 -0.10512941 0.15321837
v 0.08075803 -0.08797981 0.1437825
v 0.06229853 -0.07694105 0.15334666
v 0.0713511 -0.052566007 0.12473944
v 0.08165243 -0.058726184 0.119402155
v 0.08280056 0.003947556 0.113409095
v 0.07942487 -0.059791565 0.3021493
v 0.10318861 -0.08701312 0.2458174
v 0.08212293 -0.1085877 0.25250936
v 0.09070273 -0.04673884 0.3016836
v 0.10145806 -0.30605692 0.31237286
v 0.086955786 -0.21203715 0.28025058
v 0.09690299 -0.21740355 0.291822
v 0.0760907 -0.29818898 0.27717057
v 0.09644547 -0.32789505 0.276876
v 0.109620824 -0.3389597 0.292057
v 0.111577824 -0.37898436 0.27058023
v 0.07822784 -0.3478221 0.24046764
v 0.08449238 -0.37087363 0.19439182
v 0.118901014 -0.41013435 0.2165865
v 0.12386915 -0.39993134 0.18311745
v 0.10265729 -0.37535155 0.17513627
v 0.11830114 -0.38552865 0.11441439
v 0.13194281 -0.40096214 0.1143117
v 0.13777015 -0.3437014 0.05187308
v 0.11188555 -0.20962146 0.28397554
v 0.10145806 -0.30605692 0.31237286
v 0.09690299 -0.21740355 0.291822
v 0.1393099 -0.29122946 0.28513712
v 0.12664115 -0.32560652 0.2804395
v 0.109620824 -0.3389597 0.292057
v 0.111577824 -0.37898436 0.27058023
v 0.15308803 -0.3449595 0.24854892
v 0.1585441 -0.36798343 0.20255408
v 0.118901014 -0.41013435 0.2165865
v 0.14582644 -0.37372857 0.17991492
v 0.12386915 -0.39993134 0.18311745
v 0.14488965 -0.38452518 0.11742874
v 0.13194281 -0.40096214 0.1143117
v 0.13777015 -0.3437014 0.05187308
v 0.060091786 -0.18505707 0.24885243
v 0.07419984 -0.15348266 0.20390914
v 0.0762667 -0.1697046 0.24763995
v 0.0442701 -0.17992398 0.19577508
v 0.07370425 -0.15554464 0.18963793
v 0.04953821 -0.17566101 0.17967594
v 0.056912225 -0.16968532 0.17131364
v 0.073579445 -0.15759167 0.18063378
v 0.072593905 -0.14684252 0.14568621
v 0.062809 -0.15394242 0.14021452
v 0.073463954 -0.11246832 0.120794564
v 0.07419984 -0.15348266 0.20390914
v 0.09218907 -0.18641278 0.24755567
v 0.0762667 -0.1697046 0.24763995
v 0.102955274 -0.182154 0.19318825
v 0.07370425 -0.15554464 0.18963793
v 0.09654508 -0.17749316 0.17768346
v 0.073579445 -0.15759167 0.18063378
v 0.08901166 -0.1709764 0.1699878
v 0.072593905 -0.14684252 0.14568621
v 0.08165377 -0.15470041 0.13943613
v 0.073463954 -0.11246832 0.120794564
v 0.06286259 -0.09263624 0.23454835
v 0.072644696 -0.05490026 0.19270518
v 0.07385179 -0.07837259 0.22989935
v 0.04357275 -0.08849408 0.18174452
v 0.07526704 -0.05877862 0.1801006
v 0.051508393 -0.083992645 0.1643685
v 0.06229853 -0.07694105 0.15334666
v 0.07901495 -0.06370167 0.16666946
v 0.072644696 -0.05490026 0.19270518
v 0.09192638 -0.09244155 0.23515414
v 0.07385179 -0.07837259 0.22989935
v 0.11468963 -0.08829275 0.18421833
v 0.07526704 -0.05877862 0.1801006
v 0.10742265 -0.08388008 0.16669342
v 0.07901495 -0.06370167 0.16666946
v 0.09724129 -0.07693151 0.15502107
v 0.080679715 -0.045177765 0.13217428
v 0.09085091 -0.052560687 0.1256738
v 0.08280056 0.003947556 0.113409095
v 0.07822784 -0.3478221 0.24046764
v 0.114311084 -0.31443262 0.2652865
v 0.09644547 -0.32789505 0.276876
v 0.121831104 -0.31358162 0.21852568
v 0.1262007 -0.3284602 0.18048605
v 0.08449238 -0.37087363 0.19439182
v 0.10265729 -0.37535155 0.17513627
v 0.12581456 -0.3489841 0.17203984
v 0.11830114 -0.38552865 0.11441439
v 0.13198435 -0.3689888 0.11762252
v 0.13777015 -0.3437014 0.05187308
v 0.114311084 -0.31443262 0.2652865
v 0.15308803 -0.3449595 0.24854892
v 0.12664115 -0.32560652 0.2804395
v 0.121831104 -0.31358162 0.21852568
v 0.1262007 -0.3284602 0.18048605
v 0.1585441 -0.36798343 0.20255408
v 0.12581456 -0.3489841 0.17203984
v 0.14582644 -0.37372857 0.17991492
v 0.13198435 -0.3689888 0.11762252
v 0.14488965 -0.38452518 0.11742874
v 0.13777015 -0.3437014 0.05187308
v 0.09085091 -0.052560687 0.1256738
v 0.08280056 0.003947556 0.113409095
v 0.08165243 -0.058726184 0.119402155
v 0.08075803 -0.08797981 0.1437825
v 0.09724129 -0.07693151 0.15502107
v 0.08216107 -0.10512941 0.15321837
v 0.10742265 -0.08388008 0.16669342
v 0.08291137 -0.116715536 0.17475392
v 0.11468963 -0.08829275 0.18421833
v 0.09192638 -0.09244155 0.23515414
v 0.079207726 -0.1045982 0.23903626
v 0.10318861 -0.08701312 0.2458174
v 0.08212293 -0.1085877 0.25250936
v 0.114311084 -0.31443262 0.2652865
v 0.0760907 -0.29818898 0.27717057
v 0.09644547 -0.32789505 0.276876
v 0.11571969 -0.28315264 0.25000373
v 0.102638856 -0.2041739 0.27245396
v 0.086955786 -0.21203715 0.28025058
v 0.100431845 -0.17646913 0.28126973
v 0.06369971 -0.19666763 0.2902789
v 0.1393099 -0.29122946 0.28513712
v 0.114311084 -0.31443262 0.2652865
v 0.12664115 -0.32560652 0.2804395
v 0.11571969 -0.28315264 0.25000373
v 0.102638856 -0.2041739 0.27245396
v 0.11188555 -0.20962146 0.28397554
v 0.100431845 -0.17646913 0.28126973
v 0.12823594 -0.1997787 0.3059934
v -0.06178861 -0.32310188 0.50990313
v -0.051778205 -0.3058266 0.49293247
v -0.05699251 -0.31962752 0.511555
v -0.06494955 -0.3105051 0.48781678
v -0.05699251 -0.31962752 0.511555
v -0.04581044 -0.31957 0.49967197
v -0.05450078 -0.32523772 0.5135898
v -0.051778205 -0.3058266 0.49293247
v -0.08284208 -0.29732758 0.63820016
v -0.1043219 -0.33758008 0.61985546
v -0.09268847 -0.30163488 0.6175747
v -0.10129222 -0.34014055 0.6340095
v -0.10852674 -0.37259907 0.6215937
v -0.1108112 -0.37177482 0.6110557
v -0.12288484 -0.3998075 0.62808096
v -0.12888628 -0.3999991 0.6118961
v -0.14371845 -0.4259724 0.6473549
v -0.15360522 -0.420699 0.6265226
v -0.15746811 -0.46341828 0.6450808
v -0.16803923 -0.45097435 0.6212339
v -0.1665388 -0.49722666 0.6258945
v -0.1757366 -0.47956544 0.5975619
v -0.16733128 -0.5193712 0.5973821
v -0.17389023 -0.50308347 0.5792785
v -0.16044104 -0.5311618 0.56046706
v -0.16436106 -0.5162474 0.55259246
v -0.12653857 -0.5131161 0.4843734
v -0.06816083 -0.3132007 0.6318837
v -0.10129222 -0.34014055 0.6340095
v -0.08284208 -0.29732758 0.63820016
v -0.08887687 -0.34493804 0.62895745
v -0.10852674 -0.37259907 0.6215937
v -0.09955537 -0.37681854 0.6182078
v -0.12288484 -0.3998075 0.62808096
v -0.10886821 -0.40840018 0.6254752
v -0.14371845 -0.4259724 0.6473549
v -0.12316632 -0.4341432 0.6418591
v -0.15746811 -0.46341828 0.6450808
v -0.13230416 -0.4674946 0.6337096
v -0.1665388 -0.49722666 0.6258945
v -0.13628253 -0.49787468 0.6114355
v -0.16733128 -0.5193712 0.5973821
v -0.14432153 -0.5168754 0.58966607
v -0.16044104 -0.5311618 0.56046706
v -0.14467779 -0.525522 0.559494
v -0.12653857 -0.5131161 0.4843734
v -0.09268847 -0.30163488 0.6175747
v -0.05147855 -0.28530368 0.59310246
v -0.08284208 -0.29732758 0.63820016
v -0.0633156 -0.29229137 0.58795935
v -0.049458332 -0.2958206 0.5449887
v -0.05706989 -0.30049917 0.5418587
v -0.05699251 -0.31962752 0.511555
v -0.06178861 -0.32310188 0.50990313
v -0.05147855 -0.28530368 0.59310246
v -0.06816083 -0.3132007 0.6318837
v -0.08284208 -0.29732758 0.63820016
v -0.046168983 -0.29940888 0.5938881
v -0.049458332 -0.2958206 0.5449887
v -0.045363 -0.3047958 0.5445099
v -0.05699251 -0.31962752 0.511555
v -0.05450078 -0.32523772 0.5135898
v -0.13703078 -0.50318223 0.52759445
v -0.16436106 -0.5162474 0.55259246
v -0.12653857 -0.5131161 0.4843734
v -0.13739333 -0.49337238 0.54098946
v -0.14825776 -0.49545598 0.56894624
v -0.17389023 -0.50308347 0.5792785
v -0.1757366 -0.47956544 0.5975619
v -0.1390731 -0.46872684 0.57741445
v -0.14309427 -0.45632485 0.60645294
v -0.16803923 -0.45097435 0.6212339
v -0.15360522 -0.420699 0.6265226
v -0.13293979 -0.4277625 0.6203409
v -0.1147117 -0.4079542 0.60865355
v -0.12888628 -0.3999991 0.6118961
v -0.10178307 -0.3755424 0.60742974
v -0.1108112 -0.37177482 0.6110557
v -0.0918484 -0.34173 0.61454654
v -0.1043219 -0.33758008 0.61985546
v -0.09268847 -0.30163488 0.6175747
v -0.077822626 -0.31682685 0.6104065
v -0.0633156 -0.29229137 0.58795935
v -0.058208197 -0.3060596 0.58884114
v -0.05706989 -0.30049917 0.5418587
v -0.053052254 -0.30924195 0.5411539
v -0.06178861 -0.32310188 0.50990313
v -0.059303753 -0.3286958 0.5111541
v -0.06494955 -0.3105051 0.48781678
v -0.055241622 -0.32676837 0.4884636
v -0.05232314 -0.31438133 0.4778172
v -0.14467779 -0.525522 0.559494
v -0.13703078 -0.50318223 0.52759445
v -0.12653857 -0.5131161 0.4843734
v -0.13739333 -0.49337238 0.54098946
v -0.14825776 -0.49545598 0.56894624
v -0.14432153 -0.5168754 0.58966607
v -0.13628253 -0.49787468 0.6114355
v -0.1390731 -0.46872684 0.57741445
v -0.14309427 -0.45632485 0.60645294
v -0.13230416 -0.4674946 0.6337096
v -0.12316632 -0.4341432 0.6418591
v -0.13293979 -0.4277625 0.6203409
v -0.1147117 -0.4079542 0.60865355
v -0.10886821 -0.40840018 0.6254752
v -0.10178307 -0.3755424 0.60742974
v -0.09955537 -0.37681854 0.6182078
v -0.0918484 -0.34173 0.61454654
v -0.08887687 -0.34493804 0.62895745
v -0.077822626 -0.31682685 0.6104065
v -0.06816083 -0.3132007 0.6318837
v -0.046168983 -0.29940888 0.5938881
v -0.058208197 -0.3060596 0.58884114
v -0.045363 -0.3047958 0.5445099
v -0.053052254 -0.30924195 0.5411539
v -0.05450078 -0.32523772 0.5135898
v -0.059303753 -0.3286958 0.5111541
v -0.04581044 -0.31957 0.49967197
v -0.055241622 -0.32676837 0.4884636
v -0.05232314 -0.31438133 0.4778172
v 0.0536419 -0.32912302 0.5093438
v 0.043371126 -0.30997962 0.49469155
v 0.05652468 -0.31390285 0.48893517
v 0.04883933 -0.32591128 0.5114467
v 0.04883933 -0.32591128 0.5114467
v 0.037550285 -0.32448578 0.4997517
v 0.043371126 -0.30997962 0.49469155
v 0.046401113 -0.33174586 0.51280177
v 0.10192448 -0.35577685 0.6035547
v 0.081789255 -0.3222022 0.6338931
v 0.0887931 -0.32086334 0.61175555
v 0.1011045 -0.36138576 0.6171102
v 0.108685225 -0.38980973 0.597174
v 0.10956845 -0.38660306 0.58687323
v 0.12600964 -0.41560203 0.5946496
v 0.13030466 -0.41127673 0.5784988
v 0.14874776 -0.44238698 0.6051628
v 0.15853052 -0.43348208 0.5859436
v 0.15998831 -0.47918433 0.60106426
v 0.17366138 -0.46508598 0.57986134
v 0.17001587 -0.5114536 0.5798149
v 0.1830242 -0.49168825 0.5545292
v 0.17330638 -0.53088 0.5495535
v 0.18247041 -0.51330566 0.53395814
v 0.170299 -0.5388788 0.51113224
v 0.17561865 -0.52349544 0.50522727
v 0.14602646 -0.5123408 0.4338545
v 0.1011045 -0.36138576 0.6171102
v 0.06699923 -0.3371753 0.6258646
v 0.081789255 -0.3222022 0.6338931
v 0.088335425 -0.3660007 0.61283916
v 0.108685225 -0.38980973 0.597174
v 0.09964123 -0.39401957 0.5939505
v 0.12600964 -0.41560203 0.5946496
v 0.11244115 -0.42458048 0.5911321
v 0.14874776 -0.44238698 0.6051628
v 0.12886836 -0.45020154 0.5980373
v 0.15998831 -0.47918433 0.60106426
v 0.136172 -0.48103487 0.5866246
v 0.17001587 -0.5114536 0.5798149
v 0.14161938 -0.50937545 0.5620879
v 0.17330638 -0.53088 0.5495535
v 0.15143844 -0.5266301 0.53960633
v 0.170299 -0.5388788 0.51113224
v 0.15495956 -0.5324571 0.50896496
v 0.14602646 -0.5123408 0.4338545
v 0.043867618 -0.30203792 0.5970224
v 0.0887931 -0.32086334 0.61175555
v 0.081789255 -0.3222022 0.6338931
v 0.05534494 -0.3074689 0.5899725
v 0.04145907 -0.3064171 0.54759717
v 0.049071074 -0.31062326 0.5438571
v 0.04883933 -0.32591128 0.5114467
v 0.0536419 -0.32912302 0.5093438
v 0.06699923 -0.3371753 0.6258646
v 0.043867618 -0.30203792 0.5970224
v 0.081789255 -0.3222022 0.6338931
v 0.039129555 -0.3163254 0.5954691
v 0.04145907 -0.3064171 0.54759717
v 0.037415624 -0.31529647 0.5460599
v 0.04883933 -0.32591128 0.5114467
v 0.046401113 -0.33174586 0.51280177
v 0.15181938 -0.50693685 0.47873285
v 0.14602646 -0.5123408 0.4338545
v 0.17561865 -0.52349544 0.50522727
v 0.1509822 -0.49843454 0.49297366
v 0.15847939 -0.5035896 0.5216299
v 0.18247041 -0.51330566 0.53395814
v 0.1830242 -0.49168825 0.5545292
v 0.14932352 -0.47736543 0.5315787
v 0.15041 -0.46789876 0.5619499
v 0.17366138 -0.46508598 0.57986134
v 0.15853052 -0.43348208 0.5859436
v 0.138516 -0.4400959 0.57834274
v 0.11646861 -0.41949937 0.5745406
v 0.13030466 -0.41127673 0.5784988
v 0.10040936 -0.39032754 0.58352154
v 0.10956845 -0.38660306 0.58687323
v 0.0890294 -0.35971233 0.59918004
v 0.10192448 -0.35577685 0.6035547
v 0.0887931 -0.32086334 0.61175555
v 0.073673725 -0.33499044 0.60309523
v 0.05534494 -0.3074689 0.5899725
v 0.05080244 -0.3214314 0.58856374
v 0.049071074 -0.31062326 0.5438571
v 0.045101836 -0.31924376 0.5421233
v 0.0536419 -0.32912302 0.5093438
v 0.05120337 -0.33484578 0.5099229
v 0.05652468 -0.31390285 0.48893517
v 0.04692456 -0.33019385 0.48767143
v 0.0438329 -0.31662196 0.4786411
v 0.15495956 -0.5324571 0.50896496
v 0.14602646 -0.5123408 0.4338545
v 0.15181938 -0.50693685 0.47873285
v 0.1509822 -0.49843454 0.49297366
v 0.15847939 -0.5035896 0.5216299
v 0.15143844 -0.5266301 0.53960633
v 0.14161938 -0.50937545 0.5620879
v 0.14932352 -0.47736543 0.5315787
v 0.15041 -0.46789876 0.5619499
v 0.136172 -0.48103487 0.5866246
v 0.12886836 -0.45020154 0.5980373
v 0.138516 -0.4400959 0.57834274
v 0.11646861 -0.41949937 0.5745406
v 0.11244115 -0.42458048 0.5911321
v 0.10040936 -0.39032754 0.58352154
v 0.09964123 -0.39401957 0.5939505
v 0.0890294 -0.35971233 0.59918004
v 0.088335425 -0.3660007 0.61283916
v 0.073673725 -0.33499044 0.60309523
v 0.06699923 -0.3371753 0.6258646
v 0.039129555 -0.3163254 0.5954691
v 0.05080244 -0.3214314 0.58856374
v 0.037415624 -0.31529647 0.5460599
v 0.045101836 -0.31924376 0.5421233
v 0.046401113 -0.33174586 0.51280177
v 0.05120337 -0.33484578 0.5099229
v 0.037550285 -0.32448578 0.4997517
v 0.04692456 -0.33019385 0.48767143
v 0.0438329 -0.31662196 0.4786411
v -0.20412235 -0.13622706 0.50449085
v -0.21414031 -0.20129907 0.5471091
v -0.098229125 -0.19164059 0.5486704
v -0.31220305 -0.08474685 0.4519527
v -0.3308904 -0.21293356 0.5217004
v -0.44452158 -0.23431945 0.5078851
v -0.42589268 -0.050331455 0.4203126
v -0.5540389 -0.23384386 0.49192983
v -0.53700995 -0.017242901 0.38763714
v -0.5999931 -0.029105097 0.37680733
v -0.6100651 -0.22069782 0.48345745
v -0.6631434 -0.2015425 0.47783846
v -0.6612138 -0.047148302 0.38089
v -0.7120336 -0.09335273 0.41268176
v -0.726914 -0.17959514 0.46908134
v -0.76212925 -0.12396771 0.43513465
v -0.75570697 -0.16838583 0.46341813
v -0.7761604 -0.1524457 0.45425296
v -0.20432757 -0.1353707 0.5063939
v -0.09828901 -0.19073722 0.55056804
v -0.21434556 -0.20044273 0.5490122
v -0.3124801 -0.084025726 0.45390436
v -0.33116737 -0.21221247 0.52365196
v -0.4446847 -0.2337121 0.50989074
v -0.42605582 -0.04972407 0.42231837
v -0.554129 -0.23323733 0.49393702
v -0.5371001 -0.01663632 0.38964427
v -0.5999521 -0.028399631 0.37877625
v -0.6100241 -0.21999237 0.48542655
v -0.66297144 -0.2007382 0.47976923
v -0.66104174 -0.046343893 0.3828209
v -0.7118288 -0.09252372 0.414603
v -0.7267092 -0.1787661 0.47100258
v -0.7619245 -0.12313868 0.43705595
v -0.75550216 -0.16755676 0.46533942
v -0.77595574 -0.15161666 0.4561743
v 0.20722404 -0.14190415 0.5067729
v 0.09785676 -0.19151318 0.5487615
v 0.21356201 -0.2067701 0.55036783
v 0.31488806 -0.09759835 0.45210227
v 0.3308822 -0.22641198 0.5218789
v 0.44361627 -0.2524178 0.4980227
v 0.42456383 -0.06868124 0.4099998
v 0.5526123 -0.25459018 0.47749063
v 0.53359216 -0.040057104 0.36976138
v 0.5919034 -0.05416762 0.35462263
v 0.6099809 -0.24198404 0.46584702
v 0.66361815 -0.2218936 0.454726
v 0.6499405 -0.071902275 0.3522372
v 0.70380753 -0.11583038 0.37996256
v 0.7260068 -0.1992271 0.43820596
v 0.7565026 -0.14475988 0.39832824
v 0.7538494 -0.18792462 0.42905188
v 0.7729508 -0.17216076 0.4170907
v 0.20747435 -0.14103365 0.50865865
v 0.21381229 -0.20589961 0.5522536
v 0.09790917 -0.19057332 0.5506415
v 0.31531972 -0.09688586 0.45403025
v 0.33131385 -0.22569951 0.5238069
v 0.4439482 -0.25179812 0.50000244
v 0.42489576 -0.06806153 0.4119796
v 0.55283463 -0.25394493 0.47947553
v 0.53381443 -0.03941183 0.37174615
v 0.5920195 -0.05340343 0.35656705
v 0.61009693 -0.24121985 0.46779147
v 0.663628 -0.22101049 0.45663008
v 0.64995044 -0.07101913 0.35414127
v 0.70379096 -0.11491759 0.3818565
v 0.7259901 -0.19831423 0.44009995
v 0.75648606 -0.14384705 0.4002222
v 0.75383276 -0.1870118 0.4309458
v 0.7729342 -0.17124793 0.4189847
vt 0.9282853 0.6145954
vt 0.92992544 0.6345296
vt 0.9340076 0.6312735
vt 0.59277433 0.50523144
vt 0.56451195 0.48769003
vt 0.5895874 0.4742362
vt 0.60256857 0.52690893
vt 0.5961984 0.53268844
vt 0.61634713 0.54105884
vt 0.58983165 0.5405105
vt 0.5961984 0.53268844
vt 0.61634713 0.54105884
vt 0.92992544 0.6345296
vt 0.9282853 0.6145954
vt 0.9340076 0.6312735
vt 0.56451195 0.48769003
vt 0.59277433 0.50523144
vt 0.5895874 0.4742362
vt 0.60256857 0.52690893
vt 0.61634713 0.54105884
vt 0.5961984 0.53268844
vt 0.58983165 0.5405105
vt 0.61634713 0.54105884
vt 0.5961984 0.53268844
vt 0.3374437 0.23621581
vt 0.31522357 0.2326396
vt 0.33212253 0.25181365
vt 0.33212253 0.25181365
vt 0.31522357 0.2326396
vt 0.33783373 0.23628618
vt 0.3374437 0.23621581
vt 0.33212253 0.25181365
vt 0.31522357 0.2326396
vt 0.33212253 0.25181365
vt 0.33783373 0.23628618
vt 0.31522357 0.2326396
vt 0.49041075 0.6830913
vt 0.528019 0.68982387
vt 0.5522699 0.67955923
vt 0.54562354 0.6285281
vt 0.5132563 0.63915133
vt 0.59910196 0.60408306
vt 0.6101272 0.66818035
vt 0.5904366 0.6873586
vt 0.56679493 0.6933974
vt 0.6629162 0.6623037
vt 0.663739 0.5946725
vt 0.7096992 0.61042964
vt 0.6463115 0.68286467
vt 0.6254495 0.68060493
vt 0.6944324 0.68613124
vt 0.67749107 0.68241477
vt 0.7414944 0.6841557
vt 0.7387295 0.63430095
vt 0.5115501 0.94072413
vt 0.4444351 0.8184587
vt 0.4229145 0.8774165
vt 0.533088 0.8586782
vt 0.6105602 0.9731052
vt 0.60699314 0.8826703
vt 0.65496993 0.884516
vt 0.6720452 0.9065131
vt 0.68578416 0.9602728
vt 0.74348986 0.90679693
vt 0.670684 0.8990178
vt 0.6619041 0.88588023
vt 0.6795893 0.8789525
vt 0.7096745 0.8426707
vt 0.7803117 0.79901826
vt 0.8037554 0.84853446
vt 0.6744316 0.88399816
vt 0.6696112 0.8891051
vt 0.6675386 0.8868041
vt 0.6711001 0.8862616
vt 0.49041075 0.6830913
vt 0.54903674 0.71285033
vt 0.528019 0.68982387
vt 0.4668696 0.74815404
vt 0.5395565 0.77508736
vt 0.4444351 0.8184587
vt 0.533088 0.8586782
vt 0.60699314 0.8826703
vt 0.5981535 0.7820674
vt 0.65496993 0.884516
vt 0.66618997 0.8610728
vt 0.6060456 0.7041365
vt 0.56679493 0.6933974
vt 0.5904366 0.6873586
vt 0.6571353 0.7772846
vt 0.7006143 0.76113534
vt 0.6795893 0.8789525
vt 0.7096745 0.8426707
vt 0.7803117 0.79901826
vt 0.75608313 0.74384105
vt 0.6944324 0.68613124
vt 0.7414944 0.6841557
vt 0.65969974 0.70425117
vt 0.67749107 0.68241477
vt 0.6463115 0.68286467
vt 0.6254495 0.68060493
vt 0.35942703 0.6915792
vt 0.49041075 0.6830913
vt 0.41755685 0.6250607
vt 0.4668696 0.74815404
vt 0.32521865 0.77431476
vt 0.4444351 0.8184587
vt 0.4924976 0.5588342
vt 0.49041075 0.6830913
vt 0.5132563 0.63915133
vt 0.41755685 0.6250607
vt 0.2945232 0.8606061
vt 0.4444351 0.8184587
vt 0.32521865 0.77431476
vt 0.4229145 0.8774165
vt 0.23993124 0.54707634
vt 0.3726328 0.5498139
vt 0.33850938 0.50187624
vt 0.2773304 0.61646295
vt 0.14815928 0.61072683
vt 0.20470744 0.70877635
vt 0.33850938 0.50187624
vt 0.46705705 0.47890866
vt 0.44294098 0.4327696
vt 0.3726328 0.5498139
vt 0.04131961 0.6682216
vt 0.20470744 0.70877635
vt 0.14815928 0.61072683
vt 0.13146225 0.78754294
vt 0.2472567 0.35183567
vt 0.31265318 0.41058552
vt 0.32044566 0.36813796
vt 0.22231564 0.43090063
vt 0.17209174 0.33312017
vt 0.13188462 0.4511786
vt 0.32044566 0.36813796
vt 0.4066379 0.38108945
vt 0.4080536 0.3568309
vt 0.31265318 0.41058552
vt 0.0943306 0.29472786
vt 0.13188462 0.4511786
vt 0.17209174 0.33312017
vt 0.035217743 0.44192123
vt 0.12558416 0.86848193
vt 0.12936884 0.80809253
vt 0.14484566 0.8438692
vt 0.0848024 0.83948356
vt 0.057950683 0.8802996
vt 0.11169427 0.8944462
vt 0.09655165 0.9259496
vt 0.026277447 0.9236589
vt 0.025288561 0.9770545
vt 0.09194117 0.95921147
vt 0.7414944 0.6841557
vt 0.76389974 0.615993
vt 0.7387295 0.63430095
vt 0.7929309 0.66816187
vt 0.75608313 0.74384105
vt 0.80063635 0.58536613
vt 0.8029731 0.71446514
vt 0.7803117 0.79901826
vt 0.8339055 0.65101135
vt 0.82605547 0.7813046
vt 0.8037554 0.84853446
vt 0.85811204 0.84587073
vt 0.8671673 0.6301149
vt 0.85293955 0.5668655
vt 0.91623974 0.60072947
vt 0.91186076 0.5730587
vt 0.9535839 0.60466075
vt 0.84169096 0.694579
vt 0.89005226 0.78021955
vt 0.9295791 0.8115704
vt 0.87864375 0.6675736
vt 0.85743874 0.73905957
vt 0.8987183 0.6988517
vt 0.93695456 0.7323122
vt 0.97071534 0.7453071
vt 0.95253 0.6574553
vt 0.97587806 0.6578829
vt 0.92992544 0.6345296
vt 0.9340076 0.6312735
vt 0.9282853 0.6145954
vt 0.943494 0.63925064
vt 0.94099915 0.6260655
vt 0.94532216 0.62130344
vt 0.2834387 0.62230456
vt 0.41399303 0.6130202
vt 0.37545368 0.5568251
vt 0.3494515 0.68233013
vt 0.21420228 0.71610415
vt 0.30731648 0.7662407
vt 0.47926405 0.49389923
vt 0.41399303 0.6130202
vt 0.48926404 0.55698305
vt 0.37545368 0.5568251
vt 0.30731648 0.7662407
vt 0.15163602 0.81483793
vt 0.27348512 0.84873843
vt 0.21420228 0.71610415
vt 0.2245537 0.44871056
vt 0.33246002 0.4881106
vt 0.31794 0.435156
vt 0.23473768 0.53594816
vt 0.13106544 0.47019166
vt 0.14192705 0.59384084
vt 0.43133485 0.419733
vt 0.31794 0.435156
vt 0.33246002 0.4881106
vt 0.4103094 0.38744152
vt 0.14192705 0.59384084
vt 0.021980187 0.47706836
vt 0.034598798 0.6426389
vt 0.13106544 0.47019166
vt 0.2981357 0.29008207
vt 0.32447016 0.35247976
vt 0.34549004 0.31690156
vt 0.251853 0.33920997
vt 0.24804647 0.25512666
vt 0.17937642 0.32074508
vt 0.40440297 0.3448317
vt 0.34549004 0.31690156
vt 0.32447016 0.35247976
vt 0.40381473 0.31790006
vt 0.17937642 0.32074508
vt 0.21272346 0.20629431
vt 0.117568836 0.27537972
vt 0.24804647 0.25512666
vt 0.6677201 0.87149656
vt 0.6795893 0.8789525
vt 0.66618997 0.8610728
vt 0.6744316 0.88399816
vt 0.6711001 0.8862616
vt 0.6693708 0.8835918
vt 0.65496993 0.884516
vt 0.6677201 0.87149656
vt 0.66618997 0.8610728
vt 0.6619041 0.88588023
vt 0.6693708 0.8835918
vt 0.6675386 0.8868041
vt 0.6711001 0.8862616
vt 0.6675386 0.8868041
vt 0.6696112 0.8891051
vt 0.6693708 0.8835918
vt 0.17993498 0.8782661
vt 0.12558416 0.86848193
vt 0.14484566 0.8438692
vt 0.1665586 0.8976253
vt 0.11169427 0.8944462
vt 0.20924902 0.894794
vt 0.20514387 0.92233205
vt 0.2538922 0.900886
vt 0.157646 0.9163947
vt 0.09655165 0.9259496
vt 0.1524998 0.9356307
vt 0.09194117 0.95921147
vt 0.15344495 0.95620203
vt 0.20952505 0.94953763
vt 0.26072365 0.92855215
vt 0.25548962 0.91513985
vt 0.30708814 0.8855621
vt 0.56451195 0.48769003
vt 0.59277433 0.50523144
vt 0.5895874 0.4742362
vt 0.5788577 0.5124355
vt 0.60256857 0.52690893
vt 0.5961984 0.53268844
vt 0.56508607 0.52103716
vt 0.56451195 0.48769003
vt 0.5421986 0.5006266
vt 0.5788577 0.5124355
vt 0.58983165 0.5405105
vt 0.5961984 0.53268844
vt 0.61634713 0.54105884
vt 0.56451195 0.48769003
vt 0.56508607 0.52103716
vt 0.5421986 0.5006266
vt 0.5788577 0.5124355
vt 0.58983165 0.5405105
vt 0.5961984 0.53268844
vt 0.56451195 0.48769003
vt 0.59277433 0.50523144
vt 0.5788577 0.5124355
vt 0.60256857 0.52690893
vt 0.5961984 0.53268844
vt 0.61634713 0.54105884
vt 0.39975715 0.30058056
vt 0.34549004 0.31690156
vt 0.40381473 0.31790006
vt 0.3502013 0.3025957
vt 0.2981357 0.29008207
vt 0.30461484 0.2807119
vt 0.24804647 0.25512666
vt 0.2524063 0.24933727
vt 0.21272346 0.20629431
vt 0.2309179 0.20437308
vt 0.40440297 0.3448317
vt 0.32044566 0.36813796
vt 0.4080536 0.3568309
vt 0.32447016 0.35247976
vt 0.2472567 0.35183567
vt 0.251853 0.33920997
vt 0.17209174 0.33312017
vt 0.17937642 0.32074508
vt 0.0943306 0.29472786
vt 0.117568836 0.27537972
vt 0.4066379 0.38108945
vt 0.31794 0.435156
vt 0.4103094 0.38744152
vt 0.31265318 0.41058552
vt 0.2245537 0.44871056
vt 0.22231564 0.43090063
vt 0.13106544 0.47019166
vt 0.13188462 0.4511786
vt 0.021980187 0.47706836
vt 0.035217743 0.44192123
vt 0.43133485 0.419733
vt 0.33850938 0.50187624
vt 0.44294098 0.4327696
vt 0.33246002 0.4881106
vt 0.23993124 0.54707634
vt 0.23473768 0.53594816
vt 0.14815928 0.61072683
vt 0.14192705 0.59384084
vt 0.04131961 0.6682216
vt 0.034598798 0.6426389
vt 0.46705705 0.47890866
vt 0.37545368 0.5568251
vt 0.47926405 0.49389923
vt 0.3726328 0.5498139
vt 0.2834387 0.62230456
vt 0.2773304 0.61646295
vt 0.21420228 0.71610415
vt 0.20470744 0.70877635
vt 0.15163602 0.81483793
vt 0.13146225 0.78754294
vt 0.48926404 0.55698305
vt 0.41755685 0.6250607
vt 0.4924976 0.5588342
vt 0.41399303 0.6130202
vt 0.35942703 0.6915792
vt 0.3494515 0.68233013
vt 0.32521865 0.77431476
vt 0.30731648 0.7662407
vt 0.2945232 0.8606061
vt 0.27348512 0.84873843
vt 0.5464628 0.3158347
vt 0.45639923 0.36944908
vt 0.45058814 0.34946805
vt 0.5534576 0.3478313
vt 0.5715554 0.32404822
vt 0.57086825 0.34549564
vt 0.653788 0.38526124
vt 0.65956175 0.34905988
vt 0.6828531 0.37158686
vt 0.67610633 0.39478356
vt 0.5534576 0.3478313
vt 0.45058814 0.34946805
vt 0.45639923 0.36944908
vt 0.5464628 0.3158347
vt 0.57086825 0.34549564
vt 0.5715554 0.32404822
vt 0.653788 0.38526124
vt 0.65956175 0.34905988
vt 0.6828531 0.37158686
vt 0.67610633 0.39478356
vt 0.45639923 0.36944908
vt 0.55959177 0.3769049
vt 0.46375248 0.39335054
vt 0.5534576 0.3478313
vt 0.57151234 0.36386138
vt 0.57086825 0.34549564
vt 0.46375248 0.39335054
vt 0.5534576 0.3478313
vt 0.45639923 0.36944908
vt 0.55959177 0.3769049
vt 0.57086825 0.34549564
vt 0.57151234 0.36386138
vt 0.5464628 0.3158347
vt 0.45639923 0.36944908
vt 0.45058814 0.34946805
vt 0.5534576 0.3478313
vt 0.5715554 0.32404822
vt 0.57086825 0.34549564
vt 0.653788 0.38526124
vt 0.65956175 0.34905988
vt 0.67610633 0.39478356
vt 0.6828531 0.37158686
vt 0.5534576 0.3478313
vt 0.45058814 0.34946805
vt 0.45639923 0.36944908
vt 0.5464628 0.3158347
vt 0.57086825 0.34549564
vt 0.5715554 0.32404822
vt 0.65956175 0.34905988
vt 0.653788 0.38526124
vt 0.67610633 0.39478356
vt 0.6828531 0.37158686
vt 0.45639923 0.36944908
vt 0.55959177 0.3769049
vt 0.46375248 0.39335054
vt 0.5534576 0.3478313
vt 0.57136476 0.36436313
vt 0.57086825 0.34549564
vt 0.46375248 0.39335054
vt 0.5534576 0.3478313
vt 0.45639923 0.36944908
vt 0.55959177 0.3769049
vt 0.57086825 0.34549564
vt 0.57136476 0.36436313
vt 0.46930847 0.44451278
vt 0.5628613 0.46925908
vt 0.47712854 0.46341723
vt 0.56530166 0.43927056
vt 0.5871315 0.45176345
vt 0.5924579 0.4356541
vt 0.47712854 0.46341723
vt 0.5641817 0.43856984
vt 0.46916708 0.4447809
vt 0.5628613 0.46925908
vt 0.5871315 0.45176345
vt 0.5923734 0.43521875
vt 0.5693717 0.39304882
vt 0.46930847 0.44451278
vt 0.4608052 0.4244575
vt 0.56530166 0.43927056
vt 0.5641817 0.43856984
vt 0.4608052 0.4244575
vt 0.46916708 0.4447809
vt 0.5693717 0.39304882
vt 0.82587063 0.3402285
vt 0.789492 0.37703925
vt 0.7771547 0.354881
vt 0.83231294 0.3505773
vt 0.86096656 0.28024954
vt 0.57086825 0.34549564
vt 0.6482539 0.41719586
vt 0.57151234 0.36386138
vt 0.653788 0.38526124
vt 0.67610633 0.39478356
vt 0.67188096 0.41067094
vt 0.75204325 0.3925565
vt 0.7660737 0.43175083
vt 0.77487195 0.38361055
vt 0.792413 0.4151265
vt 0.80315423 0.39383143
vt 0.789492 0.37703925
vt 0.8426881 0.36158532
vt 0.83231294 0.3505773
vt 0.86096656 0.28024954
vt 0.6482539 0.41719586
vt 0.57086825 0.34549564
vt 0.57151234 0.36386138
vt 0.653788 0.38526124
vt 0.67610633 0.39478356
vt 0.67188096 0.41067094
vt 0.75204325 0.3925565
vt 0.7660737 0.43175083
vt 0.77487195 0.38361055
vt 0.792413 0.4151265
vt 0.789492 0.37703925
vt 0.80315423 0.39383143
vt 0.8426881 0.36158532
vt 0.83231294 0.3505773
vt 0.86096656 0.28024954
vt 0.57086825 0.34549564
vt 0.6482539 0.41719586
vt 0.57136476 0.36436313
vt 0.653788 0.38526124
vt 0.67188096 0.41067094
vt 0.67610633 0.39478356
vt 0.7660737 0.43175083
vt 0.75204325 0.3925565
vt 0.77487195 0.38361055
vt 0.792413 0.4151265
vt 0.80315423 0.39383143
vt 0.789492 0.37703925
vt 0.83231294 0.3505773
vt 0.8426881 0.36158532
vt 0.86096656 0.28024954
vt 0.57136476 0.36436313
vt 0.653788 0.38526124
vt 0.57086825 0.34549564
vt 0.6482539 0.41719586
vt 0.5924579 0.4356541
vt 0.6626375 0.55912715
vt 0.5871315 0.45176345
vt 0.6818211 0.5155912
vt 0.7187561 0.54351825
vt 0.72026443 0.5693094
vt 0.786952 0.5757142
vt 0.76986027 0.5189114
vt 0.8344101 0.48244065
vt 0.8674818 0.5362931
vt 0.8825722 0.48816162
vt 0.85721946 0.4613753
vt 0.91932607 0.39631885
vt 0.9393393 0.40708023
vt 0.92188394 0.287031
vt 0.6626375 0.55912715
vt 0.5923734 0.43521875
vt 0.5871315 0.45176345
vt 0.68183696 0.5145063
vt 0.7185632 0.5430533
vt 0.72026443 0.5693094
vt 0.786952 0.5757142
vt 0.7693473 0.5179853
vt 0.83370006 0.48167568
vt 0.8674818 0.5362931
vt 0.8568623 0.4610029
vt 0.8825722 0.48816162
vt 0.91904545 0.39617032
vt 0.9393393 0.40708023
vt 0.92188394 0.287031
vt 0.73901486 0.351443
vt 0.67610633 0.39478356
vt 0.6828531 0.37158686
vt 0.75204325 0.3925565
vt 0.75942016 0.35313743
vt 0.77487195 0.38361055
vt 0.789492 0.37703925
vt 0.7771547 0.354881
vt 0.82587063 0.3402285
vt 0.83231294 0.3505773
vt 0.86096656 0.28024954
vt 0.67610633 0.39478356
vt 0.73901486 0.351443
vt 0.6828531 0.37158686
vt 0.75204325 0.3925565
vt 0.75942016 0.35313743
vt 0.77487195 0.38361055
vt 0.7771547 0.354881
vt 0.789492 0.37703925
vt 0.82587063 0.3402285
vt 0.83231294 0.3505773
vt 0.86096656 0.28024954
vt 0.73901486 0.351443
vt 0.67610633 0.39478356
vt 0.6828531 0.37158686
vt 0.75204325 0.3925565
vt 0.75942016 0.35313743
vt 0.77487195 0.38361055
vt 0.789492 0.37703925
vt 0.7771547 0.354881
vt 0.67610633 0.39478356
vt 0.73901486 0.351443
vt 0.6828531 0.37158686
vt 0.75204325 0.3925565
vt 0.75942016 0.35313743
vt 0.77487195 0.38361055
vt 0.7771547 0.354881
vt 0.789492 0.37703925
vt 0.82587063 0.3402285
vt 0.83231294 0.3505773
vt 0.86096656 0.28024954
vt 0.7170615 0.51712817
vt 0.76986027 0.5189114
vt 0.7187561 0.54351825
vt 0.7521894 0.4608875
vt 0.8004737 0.42753726
vt 0.8344101 0.48244065
vt 0.85721946 0.4613753
vt 0.8313794 0.4340791
vt 0.91932607 0.39631885
vt 0.8989295 0.3853535
vt 0.92188394 0.287031
vt 0.7693473 0.5179853
vt 0.7170615 0.51712817
vt 0.7185632 0.5430533
vt 0.7521894 0.4608875
vt 0.8004737 0.42753726
vt 0.83370006 0.48167568
vt 0.8313794 0.4340791
vt 0.8568623 0.4610029
vt 0.8989295 0.3853535
vt 0.91904545 0.39617032
vt 0.92188394 0.287031
vt 0.83231294 0.3505773
vt 0.8426881 0.36158532
vt 0.86096656 0.28024954
vt 0.80315423 0.39383143
vt 0.789492 0.37703925
vt 0.792413 0.4151265
vt 0.77487195 0.38361055
vt 0.7660737 0.43175083
vt 0.75204325 0.3925565
vt 0.67610633 0.39478356
vt 0.67188096 0.41067094
vt 0.653788 0.38526124
vt 0.6482539 0.41719586
vt 0.6818211 0.5155912
vt 0.7170615 0.51712817
vt 0.7187561 0.54351825
vt 0.70115423 0.47076398
vt 0.5977454 0.41903204
vt 0.5924579 0.4356541
vt 0.5693717 0.39304882
vt 0.56530166 0.43927056
vt 0.7170615 0.51712817
vt 0.68183696 0.5145063
vt 0.7185632 0.5430533
vt 0.70115423 0.47076398
vt 0.5977454 0.41903204
vt 0.5923734 0.43521875
vt 0.5693717 0.39304882
vt 0.5641817 0.43856984
vt 0.49041075 0.6830913
vt 0.5522699 0.67955923
vt 0.528019 0.68982387
vt 0.54562354 0.6285281
vt 0.5132563 0.63915133
vt 0.59910196 0.60408306
vt 0.6101272 0.66818035
vt 0.5904366 0.6873586
vt 0.56679493 0.6933974
vt 0.6629162 0.6623037
vt 0.663739 0.5946725
vt 0.7096992 0.61042964
vt 0.6463115 0.68286467
vt 0.6254495 0.68060493
vt 0.6944324 0.68613124
vt 0.67749107 0.68241477
vt 0.7414944 0.6841557
vt 0.7387295 0.63430095
vt 0.4444351 0.8184587
vt 0.5115501 0.94072413
vt 0.4229145 0.8774165
vt 0.533088 0.8586782
vt 0.6105602 0.9731052
vt 0.60699314 0.8826703
vt 0.65496993 0.884516
vt 0.6720452 0.9065131
vt 0.68578416 0.9602728
vt 0.74348986 0.90679693
vt 0.670684 0.8990178
vt 0.6619041 0.88588023
vt 0.6795893 0.8789525
vt 0.7096745 0.8426707
vt 0.7803117 0.79901826
vt 0.8037554 0.84853446
vt 0.6744316 0.88399816
vt 0.6696112 0.8891051
vt 0.6675386 0.8868041
vt 0.6711001 0.8862616
vt 0.49041075 0.6830913
vt 0.528019 0.68982387
vt 0.54903674 0.71285033
vt 0.4668696 0.74815404
vt 0.5395565 0.77508736
vt 0.4444351 0.8184587
vt 0.533088 0.8586782
vt 0.60699314 0.8826703
vt 0.5981535 0.7820674
vt 0.65496993 0.884516
vt 0.66618997 0.8610728
vt 0.6060456 0.7041365
vt 0.56679493 0.6933974
vt 0.5904366 0.6873586
vt 0.6571353 0.7772846
vt 0.7006143 0.76113534
vt 0.6795893 0.8789525
vt 0.7096745 0.8426707
vt 0.7803117 0.79901826
vt 0.75608313 0.74384105
vt 0.6944324 0.68613124
vt 0.7414944 0.6841557
vt 0.65969974 0.70425117
vt 0.67749107 0.68241477
vt 0.6463115 0.68286467
vt 0.6254495 0.68060493
vt 0.49041075 0.6830913
vt 0.35942703 0.6915792
vt 0.41755685 0.6250607
vt 0.4668696 0.74815404
vt 0.32521865 0.77431476
vt 0.4444351 0.8184587
vt 0.4924976 0.5588342
vt 0.49041075 0.6830913
vt 0.41755685 0.6250607
vt 0.5132563 0.63915133
vt 0.2945232 0.8606061
vt 0.4444351 0.8184587
vt 0.4229145 0.8774165
vt 0.32521865 0.77431476
vt 0.3726328 0.5498139
vt 0.23993124 0.54707634
vt 0.33850938 0.50187624
vt 0.2773304 0.61646295
vt 0.14815928 0.61072683
vt 0.20470744 0.70877635
vt 0.33850938 0.50187624
vt 0.46705705 0.47890866
vt 0.3726328 0.5498139
vt 0.44294098 0.4327696
vt 0.20470744 0.70877635
vt 0.04131961 0.6682216
vt 0.14815928 0.61072683
vt 0.13146225 0.78754294
vt 0.15163602 0.81483793
vt 0.21420228 0.71610415
vt 0.2773304 0.61646295
vt 0.2834387 0.62230456
vt 0.3726328 0.5498139
vt 0.37545368 0.5568251
vt 0.46705705 0.47890866
vt 0.47926405 0.49389923
vt 0.31265318 0.41058552
vt 0.2472567 0.35183567
vt 0.32044566 0.36813796
vt 0.22231564 0.43090063
vt 0.17209174 0.33312017
vt 0.13188462 0.4511786
vt 0.32044566 0.36813796
vt 0.4066379 0.38108945
vt 0.31265318 0.41058552
vt 0.4080536 0.3568309
vt 0.0943306 0.29472786
vt 0.13188462 0.4511786
vt 0.035217743 0.44192123
vt 0.17209174 0.33312017
vt 0.12936884 0.80809253
vt 0.12558416 0.86848193
vt 0.14484566 0.8438692
vt 0.0848024 0.83948356
vt 0.057950683 0.8802996
vt 0.11169427 0.8944462
vt 0.09655165 0.9259496
vt 0.026277447 0.9236589
vt 0.025288561 0.9770545
vt 0.09194117 0.95921147
vt 0.76389974 0.615993
vt 0.7414944 0.6841557
vt 0.7387295 0.63430095
vt 0.7929309 0.66816187
vt 0.75608313 0.74384105
vt 0.80063635 0.58536613
vt 0.8029731 0.71446514
vt 0.7803117 0.79901826
vt 0.8339055 0.65101135
vt 0.82605547 0.7813046
vt 0.8037554 0.84853446
vt 0.85811204 0.84587073
vt 0.8671673 0.6301149
vt 0.85293955 0.5668655
vt 0.91623974 0.60072947
vt 0.91186076 0.5730587
vt 0.9535839 0.60466075
vt 0.84169096 0.694579
vt 0.89005226 0.78021955
vt 0.9295791 0.8115704
vt 0.87864375 0.6675736
vt 0.85743874 0.73905957
vt 0.8987183 0.6988517
vt 0.93695456 0.7323122
vt 0.97071534 0.7453071
vt 0.95253 0.6574553
vt 0.97587806 0.6578829
vt 0.92992544 0.6345296
vt 0.9340076 0.6312735
vt 0.9282853 0.6145954
vt 0.943494 0.63925064
vt 0.94099915 0.6260655
vt 0.94532216 0.62130344
vt 0.41399303 0.6130202
vt 0.2834387 0.62230456
vt 0.37545368 0.5568251
vt 0.3494515 0.68233013
vt 0.21420228 0.71610415
vt 0.30731648 0.7662407
vt 0.47926405 0.49389923
vt 0.41399303 0.6130202
vt 0.37545368 0.5568251
vt 0.48926404 0.55698305
vt 0.30731648 0.7662407
vt 0.15163602 0.81483793
vt 0.21420228 0.71610415
vt 0.27348512 0.84873843
vt 0.33246002 0.4881106
vt 0.2245537 0.44871056
vt 0.31794 0.435156
vt 0.23473768 0.53594816
vt 0.13106544 0.47019166
vt 0.14192705 0.59384084
vt 0.43133485 0.419733
vt 0.31794 0.435156
vt 0.4103094 0.38744152
vt 0.33246002 0.4881106
vt 0.14192705 0.59384084
vt 0.021980187 0.47706836
vt 0.13106544 0.47019166
vt 0.034598798 0.6426389
vt 0.32447016 0.35247976
vt 0.2981357 0.29008207
vt 0.34549004 0.31690156
vt 0.251853 0.33920997
vt 0.24804647 0.25512666
vt 0.17937642 0.32074508
vt 0.40440297 0.3448317
vt 0.34549004 0.31690156
vt 0.40381473 0.31790006
vt 0.32447016 0.35247976
vt 0.17937642 0.32074508
vt 0.21272346 0.20629431
vt 0.24804647 0.25512666
vt 0.117568836 0.27537972
vt 0.6795893 0.8789525
vt 0.6677201 0.87149656
vt 0.66618997 0.8610728
vt 0.6744316 0.88399816
vt 0.6711001 0.8862616
vt 0.6693708 0.8835918
vt 0.6677201 0.87149656
vt 0.65496993 0.884516
vt 0.66618997 0.8610728
vt 0.6619041 0.88588023
vt 0.6693708 0.8835918
vt 0.6675386 0.8868041
vt 0.6711001 0.8862616
vt 0.6675386 0.8868041
vt 0.6693708 0.8835918
vt 0.6696112 0.8891051
vt 0.12558416 0.86848193
vt 0.17993498 0.8782661
vt 0.14484566 0.8438692
vt 0.1665586 0.8976253
vt 0.20924902 0.894794
vt 0.20514387 0.92233205
vt 0.11169427 0.8944462
vt 0.2538922 0.900886
vt 0.157646 0.9163947
vt 0.09655165 0.9259496
vt 0.1524998 0.9356307
vt 0.09194117 0.95921147
vt 0.15344495 0.95620203
vt 0.20952505 0.94953763
vt 0.26072365 0.92855215
vt 0.25548962 0.91513985
vt 0.30708814 0.8855621
vt 0.59277433 0.50523144
vt 0.56451195 0.48769003
vt 0.5895874 0.4742362
vt 0.5788577 0.5124355
vt 0.60256857 0.52690893
vt 0.5961984 0.53268844
vt 0.56451195 0.48769003
vt 0.56508607 0.52103716
vt 0.5421986 0.5006266
vt 0.5788577 0.5124355
vt 0.58983165 0.5405105
vt 0.5961984 0.53268844
vt 0.61634713 0.54105884
vt 0.56508607 0.52103716
vt 0.56451195 0.48769003
vt 0.5421986 0.5006266
vt 0.5788577 0.5124355
vt 0.58983165 0.5405105
vt 0.5961984 0.53268844
vt 0.59277433 0.50523144
vt 0.56451195 0.48769003
vt 0.5788577 0.5124355
vt 0.60256857 0.52690893
vt 0.5961984 0.53268844
vt 0.61634713 0.54105884
vt 0.34549004 0.31690156
vt 0.39975715 0.30058056
vt 0.40381473 0.31790006
vt 0.3502013 0.3025957
vt 0.2981357 0.29008207
vt 0.30461484 0.2807119
vt 0.24804647 0.25512666
vt 0.2524063 0.24933727
vt 0.21272346 0.20629431
vt 0.2309179 0.20437308
vt 0.32044566 0.36813796
vt 0.40440297 0.3448317
vt 0.4080536 0.3568309
vt 0.32447016 0.35247976
vt 0.2472567 0.35183567
vt 0.251853 0.33920997
vt 0.17209174 0.33312017
vt 0.17937642 0.32074508
vt 0.0943306 0.29472786
vt 0.117568836 0.27537972
vt 0.31794 0.435156
vt 0.4066379 0.38108945
vt 0.4103094 0.38744152
vt 0.31265318 0.41058552
vt 0.2245537 0.44871056
vt 0.22231564 0.43090063
vt 0.13106544 0.47019166
vt 0.13188462 0.4511786
vt 0.021980187 0.47706836
vt 0.035217743 0.44192123
vt 0.33850938 0.50187624
vt 0.43133485 0.419733
vt 0.44294098 0.4327696
vt 0.33246002 0.4881106
vt 0.23993124 0.54707634
vt 0.23473768 0.53594816
vt 0.14815928 0.61072683
vt 0.14192705 0.59384084
vt 0.04131961 0.6682216
vt 0.034598798 0.6426389
vt 0.41755685 0.6250607
vt 0.48926404 0.55698305
vt 0.4924976 0.5588342
vt 0.41399303 0.6130202
vt 0.35942703 0.6915792
vt 0.3494515 0.68233013
vt 0.32521865 0.77431476
vt 0.30731648 0.7662407
vt 0.2945232 0.8606061
vt 0.27348512 0.84873843
vt 0.45639923 0.36944908
vt 0.5464628 0.3158347
vt 0.45058814 0.34946805
vt 0.5534576 0.3478313
vt 0.5715554 0.32404822
vt 0.57086825 0.34549564
vt 0.653788 0.38526124
vt 0.65956175 0.34905988
vt 0.6828531 0.37158686
vt 0.67610633 0.39478356
vt 0.45058814 0.34946805
vt 0.5534576 0.3478313
vt 0.45639923 0.36944908
vt 0.5464628 0.3158347
vt 0.57086825 0.34549564
vt 0.5715554 0.32404822
vt 0.653788 0.38526124
vt 0.65956175 0.34905988
vt 0.6828531 0.37158686
vt 0.67610633 0.39478356
vt 0.55959177 0.3769049
vt 0.45639923 0.36944908
vt 0.46375248 0.39335054
vt 0.5534576 0.3478313
vt 0.57151234 0.36386138
vt 0.57086825 0.34549564
vt 0.5534576 0.3478313
vt 0.46375248 0.39335054
vt 0.45639923 0.36944908
vt 0.55959177 0.3769049
vt 0.57086825 0.34549564
vt 0.57151234 0.36386138
vt 0.45639923 0.36944908
vt 0.5464628 0.3158347
vt 0.45058814 0.34946805
vt 0.5534576 0.3478313
vt 0.5715554 0.32404822
vt 0.57086825 0.34549564
vt 0.653788 0.38526124
vt 0.65956175 0.34905988
vt 0.67610633 0.39478356
vt 0.6828531 0.37158686
vt 0.45058814 0.34946805
vt 0.5534576 0.3478313
vt 0.45639923 0.36944908
vt 0.5464628 0.3158347
vt 0.57086825 0.34549564
vt 0.5715554 0.32404822
vt 0.65956175 0.34905988
vt 0.653788 0.38526124
vt 0.67610633 0.39478356
vt 0.6828531 0.37158686
vt 0.55959177 0.3769049
vt 0.45639923 0.36944908
vt 0.46375248 0.39335054
vt 0.5534576 0.3478313
vt 0.57136476 0.36436313
vt 0.57086825 0.34549564
vt 0.5534576 0.3478313
vt 0.46375248 0.39335054
vt 0.45639923 0.36944908
vt 0.55959177 0.3769049
vt 0.57086825 0.34549564
vt 0.57136476 0.36436313
vt 0.5628613 0.46925908
vt 0.46930847 0.44451278
vt 0.47712854 0.46341723
vt 0.56530166 0.43927056
vt 0.5871315 0.45176345
vt 0.5924579 0.4356541
vt 0.5641817 0.43856984
vt 0.47712854 0.46341723
vt 0.46916708 0.4447809
vt 0.5628613 0.46925908
vt 0.5871315 0.45176345
vt 0.5923734 0.43521875
vt 0.5693717 0.39304882
vt 0.46930847 0.44451278
vt 0.56530166 0.43927056
vt 0.4608052 0.4244575
vt 0.5641817 0.43856984
vt 0.4608052 0.4244575
vt 0.5693717 0.39304882
vt 0.46916708 0.4447809
vt 0.789492 0.37703925
vt 0.82587063 0.3402285
vt 0.7771547 0.354881
vt 0.83231294 0.3505773
vt 0.86096656 0.28024954
vt 0.6482539 0.41719586
vt 0.57086825 0.34549564
vt 0.57151234 0.36386138
vt 0.653788 0.38526124
vt 0.67610633 0.39478356
vt 0.67188096 0.41067094
vt 0.75204325 0.3925565
vt 0.7660737 0.43175083
vt 0.77487195 0.38361055
vt 0.792413 0.4151265
vt 0.80315423 0.39383143
vt 0.789492 0.37703925
vt 0.8426881 0.36158532
vt 0.83231294 0.3505773
vt 0.86096656 0.28024954
vt 0.57086825 0.34549564
vt 0.6482539 0.41719586
vt 0.57151234 0.36386138
vt 0.653788 0.38526124
vt 0.67610633 0.39478356
vt 0.67188096 0.41067094
vt 0.75204325 0.3925565
vt 0.7660737 0.43175083
vt 0.77487195 0.38361055
vt 0.792413 0.4151265
vt 0.789492 0.37703925
vt 0.80315423 0.39383143
vt 0.8426881 0.36158532
vt 0.83231294 0.3505773
vt 0.86096656 0.28024954
vt 0.6482539 0.41719586
vt 0.57086825 0.34549564
vt 0.57136476 0.36436313
vt 0.653788 0.38526124
vt 0.67188096 0.41067094
vt 0.67610633 0.39478356
vt 0.7660737 0.43175083
vt 0.75204325 0.3925565
vt 0.77487195 0.38361055
vt 0.792413 0.4151265
vt 0.80315423 0.39383143
vt 0.789492 0.37703925
vt 0.83231294 0.3505773
vt 0.8426881 0.36158532
vt 0.86096656 0.28024954
vt 0.57136476 0.36436313
vt 0.653788 0.38526124
vt 0.6482539 0.41719586
vt 0.57086825 0.34549564
vt 0.6626375 0.55912715
vt 0.5924579 0.4356541
vt 0.5871315 0.45176345
vt 0.6818211 0.5155912
vt 0.7187561 0.54351825
vt 0.72026443 0.5693094
vt 0.786952 0.5757142
vt 0.76986027 0.5189114
vt 0.8344101 0.48244065
vt 0.8674818 0.5362931
vt 0.8825722 0.48816162
vt 0.85721946 0.4613753
vt 0.91932607 0.39631885
vt 0.9393393 0.40708023
vt 0.92188394 0.287031
vt 0.5923734 0.43521875
vt 0.6626375 0.55912715
vt 0.5871315 0.45176345
vt 0.68183696 0.5145063
vt 0.7185632 0.5430533
vt 0.72026443 0.5693094
vt 0.786952 0.5757142
vt 0.7693473 0.5179853
vt 0.83370006 0.48167568
vt 0.8674818 0.5362931
vt 0.8568623 0.4610029
vt 0.8825722 0.48816162
vt 0.91904545 0.39617032
vt 0.9393393 0.40708023
vt 0.92188394 0.287031
vt 0.67610633 0.39478356
vt 0.73901486 0.351443
vt 0.6828531 0.37158686
vt 0.75204325 0.3925565
vt 0.75942016 0.35313743
vt 0.77487195 0.38361055
vt 0.789492 0.37703925
vt 0.7771547 0.354881
vt 0.82587063 0.3402285
vt 0.83231294 0.3505773
vt 0.86096656 0.28024954
vt 0.73901486 0.351443
vt 0.67610633 0.39478356
vt 0.6828531 0.37158686
vt 0.75204325 0.3925565
vt 0.75942016 0.35313743
vt 0.77487195 0.38361055
vt 0.7771547 0.354881
vt 0.789492 0.37703925
vt 0.82587063 0.3402285
vt 0.83231294 0.3505773
vt 0.86096656 0.28024954
vt 0.67610633 0.39478356
vt 0.73901486 0.351443
vt 0.6828531 0.37158686
vt 0.75204325 0.3925565
vt 0.75942016 0.35313743
vt 0.77487195 0.38361055
vt 0.789492 0.37703925
vt 0.7771547 0.354881
vt 0.73901486 0.351443
vt 0.67610633 0.39478356
vt 0.6828531 0.37158686
vt 0.75204325 0.3925565
vt 0.75942016 0.35313743
vt 0.77487195 0.38361055
vt 0.7771547 0.354881
vt 0.789492 0.37703925
vt 0.82587063 0.3402285
vt 0.83231294 0.3505773
vt 0.86096656 0.28024954
vt 0.76986027 0.5189114
vt 0.7170615 0.51712817
vt 0.7187561 0.54351825
vt 0.7521894 0.4608875
vt 0.8004737 0.42753726
vt 0.8344101 0.48244065
vt 0.85721946 0.4613753
vt 0.8313794 0.4340791
vt 0.91932607 0.39631885
vt 0.8989295 0.3853535
vt 0.92188394 0.287031
vt 0.7170615 0.51712817
vt 0.7693473 0.5179853
vt 0.7185632 0.5430533
vt 0.7521894 0.4608875
vt 0.8004737 0.42753726
vt 0.83370006 0.48167568
vt 0.8313794 0.4340791
vt 0.8568623 0.4610029
vt 0.8989295 0.3853535
vt 0.91904545 0.39617032
vt 0.92188394 0.287031
vt 0.83231294 0.3505773
vt 0.86096656 0.28024954
vt 0.8426881 0.36158532
vt 0.80315423 0.39383143
vt 0.789492 0.37703925
vt 0.792413 0.4151265
vt 0.77487195 0.38361055
vt 0.7660737 0.43175083
vt 0.75204325 0.3925565
vt 0.67610633 0.39478356
vt 0.67188096 0.41067094
vt 0.653788 0.38526124
vt 0.6482539 0.41719586
vt 0.7170615 0.51712817
vt 0.6818211 0.5155912
vt 0.7187561 0.54351825
vt 0.70115423 0.47076398
vt 0.5977454 0.41903204
vt 0.5924579 0.4356541
vt 0.5693717 0.39304882
vt 0.56530166 0.43927056
vt 0.68183696 0.5145063
vt 0.7170615 0.51712817
vt 0.7185632 0.5430533
vt 0.70115423 0.47076398
vt 0.5977454 0.41903204
vt 0.5923734 0.43521875
vt 0.5693717 0.39304882
vt 0.5641817 0.43856984
vt 0.3816052 0.23919503
vt 0.33212253 0.25181365
vt 0.38364157 0.25890726
vt 0.3374437 0.23621581
vt 0.38364157 0.25890726
vt 0.33783373 0.23628618
vt 0.38188094 0.23948185
vt 0.33212253 0.25181365
vt 0.57650024 0.30228606
vt 0.64559406 0.2651308
vt 0.58394974 0.27112964
vt 0.657427 0.28630793
vt 0.6989969 0.25328153
vt 0.6931804 0.23542617
vt 0.7491587 0.24779056
vt 0.7472775 0.22609131
vt 0.8100871 0.26121962
vt 0.8036552 0.2383325
vt 0.8786033 0.24637116
vt 0.85582626 0.21776389
vt 0.9231446 0.20335947
vt 0.8937741 0.17447133
vt 0.9513253 0.15402825
vt 0.91886806 0.1383232
vt 0.9518158 0.095583536
vt 0.9194805 0.093095
vt 0.86090654 0.016289633
vt 0.5836489 0.2713929
vt 0.657427 0.28630793
vt 0.57650024 0.30228606
vt 0.64554816 0.26536584
vt 0.6989969 0.25328153
vt 0.6931276 0.23559485
vt 0.7491587 0.24779056
vt 0.7471196 0.22628163
vt 0.8100871 0.26121962
vt 0.80349576 0.23859595
vt 0.8786033 0.24637116
vt 0.85580474 0.21817683
vt 0.9231446 0.20335947
vt 0.8938903 0.1750338
vt 0.9513253 0.15402825
vt 0.9190523 0.1387
vt 0.9518158 0.095583536
vt 0.9197329 0.093286105
vt 0.86090654 0.016289633
vt 0.58394974 0.27112964
vt 0.5031751 0.28292352
vt 0.57650024 0.30228606
vt 0.5031751 0.2584681
vt 0.44009334 0.26899007
vt 0.44009334 0.25418282
vt 0.38364157 0.25890726
vt 0.3816052 0.23919503
vt 0.5031751 0.28292352
vt 0.5836489 0.2713929
vt 0.57650024 0.30228606
vt 0.5031751 0.25829384
vt 0.44009334 0.26899007
vt 0.44009334 0.25380114
vt 0.38364157 0.25890726
vt 0.38188094 0.23948185
vt 0.8648713 0.06451869
vt 0.9194805 0.093095
vt 0.86090654 0.016289633
vt 0.85638297 0.0874584
vt 0.8830669 0.12058913
vt 0.91886806 0.1383232
vt 0.8937741 0.17447133
vt 0.8405212 0.14165626
vt 0.8349915 0.18623547
vt 0.85582626 0.21776389
vt 0.8036552 0.2383325
vt 0.7948259 0.20999496
vt 0.74389863 0.19964705
vt 0.7472775 0.22609131
vt 0.6858314 0.21470608
vt 0.6931804 0.23542617
vt 0.6351611 0.24179949
vt 0.64559406 0.2651308
vt 0.58394974 0.27112964
vt 0.5891718 0.23736455
vt 0.5031751 0.2584681
vt 0.5031751 0.23634672
vt 0.44009334 0.25418282
vt 0.44009334 0.23692656
vt 0.3816052 0.23919503
vt 0.3815976 0.22437374
vt 0.3374437 0.23621581
vt 0.33809653 0.21719249
vt 0.31522357 0.2326396
vt 0.9197329 0.093286105
vt 0.8648713 0.06451869
vt 0.86090654 0.016289633
vt 0.85638297 0.0874584
vt 0.8830669 0.12058913
vt 0.9190523 0.1387
vt 0.8938903 0.1750338
vt 0.8405212 0.14165626
vt 0.8349915 0.18623547
vt 0.85580474 0.21817683
vt 0.80349576 0.23859595
vt 0.7948259 0.20999496
vt 0.74389863 0.19964705
vt 0.7471196 0.22628163
vt 0.6858314 0.21470608
vt 0.6931276 0.23559485
vt 0.6351611 0.24179949
vt 0.64554816 0.26536584
vt 0.5891718 0.23736455
vt 0.5836489 0.2713929
vt 0.5031751 0.25829384
vt 0.5031751 0.23634672
vt 0.44009334 0.25380114
vt 0.44009334 0.23692656
vt 0.38188094 0.23948185
vt 0.3815976 0.22437374
vt 0.33783373 0.23628618
vt 0.33809653 0.21719249
vt 0.31522357 0.2326396
vt 0.3816052 0.23919503
vt 0.33212253 0.25181365
vt 0.3374437 0.23621581
vt 0.38364157 0.25890726
vt 0.38364157 0.25890726
vt 0.33783373 0.23628618
vt 0.33212253 0.25181365
vt 0.38188094 0.23948185
vt 0.64559406 0.2651308
vt 0.57650024 0.30228606
vt 0.58394974 0.27112964
vt 0.657427 0.28630793
vt 0.6989969 0.25328153
vt 0.6931804 0.23542617
vt 0.7491587 0.24779056
vt 0.7472775 0.22609131
vt 0.8100871 0.26121962
vt 0.8036552 0.2383325
vt 0.8786033 0.24637116
vt 0.85582626 0.21776389
vt 0.9231446 0.20335947
vt 0.8937741 0.17447133
vt 0.9513253 0.15402825
vt 0.91886806 0.1383232
vt 0.9518158 0.095583536
vt 0.9194805 0.093095
vt 0.86090654 0.016289633
vt 0.657427 0.28630793
vt 0.5836489 0.2713929
vt 0.57650024 0.30228606
vt 0.64554816 0.26536584
vt 0.6989969 0.25328153
vt 0.6931276 0.23559485
vt 0.7491587 0.24779056
vt 0.7471196 0.22628163
vt 0.8100871 0.26121962
vt 0.80349576 0.23859595
vt 0.8786033 0.24637116
vt 0.85580474 0.21817683
vt 0.9231446 0.20335947
vt 0.8938903 0.1750338
vt 0.9513253 0.15402825
vt 0.9190523 0.1387
vt 0.9518158 0.095583536
vt 0.9197329 0.093286105
vt 0.86090654 0.016289633
vt 0.5031751 0.28292352
vt 0.58394974 0.27112964
vt 0.57650024 0.30228606
vt 0.5031751 0.2584681
vt 0.44009334 0.26899007
vt 0.44009334 0.25418282
vt 0.38364157 0.25890726
vt 0.3816052 0.23919503
vt 0.5836489 0.2713929
vt 0.5031751 0.28292352
vt 0.57650024 0.30228606
vt 0.5031751 0.25829384
vt 0.44009334 0.26899007
vt 0.44009334 0.25380114
vt 0.38364157 0.25890726
vt 0.38188094 0.23948185
vt 0.8648713 0.06451869
vt 0.86090654 0.016289633
vt 0.9194805 0.093095
vt 0.85638297 0.0874584
vt 0.8830669 0.12058913
vt 0.91886806 0.1383232
vt 0.8937741 0.17447133
vt 0.8405212 0.14165626
vt 0.8349915 0.18623547
vt 0.85582626 0.21776389
vt 0.8036552 0.2383325
vt 0.7948259 0.20999496
vt 0.74389863 0.19964705
vt 0.7472775 0.22609131
vt 0.6858314 0.21470608
vt 0.6931804 0.23542617
vt 0.6351611 0.24179949
vt 0.64559406 0.2651308
vt 0.58394974 0.27112964
vt 0.5891718 0.23736455
vt 0.5031751 0.2584681
vt 0.5031751 0.23634672
vt 0.44009334 0.25418282
vt 0.44009334 0.23692656
vt 0.3816052 0.23919503
vt 0.3815976 0.22437374
vt 0.3374437 0.23621581
vt 0.33809653 0.21719249
vt 0.31522357 0.2326396
vt 0.9197329 0.093286105
vt 0.86090654 0.016289633
vt 0.8648713 0.06451869
vt 0.85638297 0.0874584
vt 0.8830669 0.12058913
vt 0.9190523 0.1387
vt 0.8938903 0.1750338
vt 0.8405212 0.14165626
vt 0.8349915 0.18623547
vt 0.85580474 0.21817683
vt 0.80349576 0.23859595
vt 0.7948259 0.20999496
vt 0.74389863 0.19964705
vt 0.7471196 0.22628163
vt 0.6858314 0.21470608
vt 0.6931276 0.23559485
vt 0.6351611 0.24179949
vt 0.64554816 0.26536584
vt 0.5891718 0.23736455
vt 0.5836489 0.2713929
vt 0.5031751 0.25829384
vt 0.5031751 0.23634672
vt 0.44009334 0.25380114
vt 0.44009334 0.23692656
vt 0.38188094 0.23948185
vt 0.3815976 0.22437374
vt 0.33783373 0.23628618
vt 0.33809653 0.21719249
vt 0.31522357 0.2326396
vt 0.14821422 0.13764194
vt 0.1384908 0.077670835
vt 0.020187616 0.110079594
vt 0.2728001 0.16762288
vt 0.2696216 0.053392686
vt 0.39979163 0.03310085
vt 0.38846993 0.19177587
vt 0.519405 0.0330199
vt 0.5068457 0.22005035
vt 0.577796 0.21199892
vt 0.5782902 0.041585676
vt 0.6346046 0.051734023
vt 0.6452575 0.19239251
vt 0.6958626 0.14413248
vt 0.70395654 0.0634362
vt 0.74639636 0.110225536
vt 0.7355838 0.07031755
vt 0.75876576 0.08250861
vt 0.14821422 0.13764194
vt 0.020187616 0.110079594
vt 0.1384908 0.077670835
vt 0.2728001 0.16762288
vt 0.2696216 0.053392686
vt 0.39979163 0.03310085
vt 0.38846993 0.19177587
vt 0.519405 0.0330199
vt 0.5068457 0.22005035
vt 0.577796 0.21199892
vt 0.5782902 0.041585676
vt 0.6346046 0.051734023
vt 0.6452575 0.19239251
vt 0.6958626 0.14413248
vt 0.70395654 0.0634362
vt 0.74639636 0.110225536
vt 0.7355838 0.07031755
vt 0.75876576 0.08250861
vt 0.14821422 0.13764194
vt 0.020187616 0.110079594
vt 0.1384908 0.077670835
vt 0.2728001 0.16762288
vt 0.2696216 0.053392686
vt 0.39979163 0.03310085
vt 0.38846993 0.19177587
vt 0.519405 0.0330199
vt 0.5068457 0.22005035
vt 0.577796 0.21199892
vt 0.5782902 0.041585676
vt 0.6346046 0.051734023
vt 0.6452575 0.19239251
vt 0.6958626 0.14413248
vt 0.70395654 0.0634362
vt 0.74639636 0.110225536
vt 0.7355838 0.07031755
vt 0.75876576 0.08250861
vt 0.14821422 0.13764194
vt 0.1384908 0.077670835
vt 0.020187616 0.110079594
vt 0.2728001 0.16762288
vt 0.2696216 0.053392686
vt 0.39979163 0.03310085
vt 0.38846993 0.19177587
vt 0.519405 0.0330199
vt 0.5068457 0.22005035
vt 0.577796 0.21199892
vt 0.5782902 0.041585676
vt 0.6346046 0.051734023
vt 0.6452575 0.19239251
vt 0.6958626 0.14413248
vt 0.70395654 0.0634362
vt 0.74639636 0.110225536
vt 0.7355838 0.07031755
vt 0.75876576 0.08250861
vn -0.69295174 0.25082153 -0.67594886
vn -0.68216425 0.3349493 -0.6499701
vn -0.7493443 0.22804084 -0.62167585
vn 0.68631876 -0.5198519 -0.5086461
vn 0.34179795 -0.8789655 -0.3325562
vn -0.06537368 -0.72851557 -0.68190295
vn -0.3231891 -0.87016714 -0.37196553
vn -0.3231891 -0.8701671 -0.3719656
vn -0.3231891 -0.87016714 -0.37196553
vn 0.6110313 0.6061796 0.5091046
vn 0.6110312 0.60617954 0.50910467
vn 0.6110313 0.6061796 0.50910467
vn 0.724914 0.2800094 -0.6293607
vn 0.7298655 0.19526711 -0.6551088
vn 0.7826992 0.16822162 -0.5992361
vn -0.39940664 -0.8500248 -0.34341264
vn -0.70958674 -0.46534824 -0.52909195
vn 0.028295685 -0.73217285 -0.68053097
vn 0.26510993 -0.8931374 -0.36334872
vn 0.26510993 -0.8931374 -0.36334872
vn 0.2651099 -0.89313734 -0.3633488
vn -0.5765424 0.65254885 0.49171025
vn -0.5765424 0.6525488 0.49171028
vn -0.57654226 0.6525488 0.4917103
vn -0.11890097 0.86594146 -0.4858072
vn -0.11890088 0.8659415 -0.48580724
vn -0.11890091 0.86594146 -0.48580718
vn 0.9304959 0.30339384 -0.20525646
vn 0.9304959 0.30339384 -0.20525648
vn 0.9304959 0.30339384 -0.20525648
vn 0.10910779 0.9195905 -0.37742484
vn 0.10910773 0.9195904 -0.3774248
vn 0.10910767 0.9195904 -0.3774248
vn -0.93418497 0.31937864 -0.159047
vn -0.93418497 0.31937864 -0.159047
vn -0.93418497 0.31937864 -0.159047
vn -0.19017698 0.7840998 -0.58853424
vn -0.43751207 0.89177305 -0.09994154
vn -0.27346367 0.63441944 -0.7203562
vn 9.9981875E-08 0.60984355 -0.7925219
vn -0.008718677 0.7800331 -0.6235879
vn 8.510456E-08 0.28636238 -0.95812154
vn -0.33272275 0.18736112 -0.92323637
vn -0.58861065 0.6988068 -0.40000787
vn -0.55878234 0.5181014 -0.64536506
vn -0.4081732 -0.2386168 -0.87664765
vn 4.888809E-08 -0.18966718 -0.9818486
vn -5.13597E-09 -0.6723639 -0.7402209
vn -0.56321555 -0.01332736 -0.82368195
vn -0.3198207 -0.19840443 -0.9228018
vn -0.24241382 -0.63072336 -0.73717284
vn -0.44136345 -0.5217253 -0.7205347
vn -0.17832482 -0.8647475 -0.43189177
vn -0.017259456 -0.89428663 -0.40523684
vn -5.05354E-09 0.59564745 0.803246
vn -0.22443797 0.75643647 0.612193
vn 0.005040832 0.77167726 0.63398725
vn -0.2704332 0.57761467 0.7702126
vn -6.162155E-08 0.043277152 0.9990632
vn -0.34417748 0.01399114 0.9388005
vn -0.32532817 -0.006076496 0.91855264
vn -0.3371715 -0.45671868 0.80520964
vn -9.60745E-08 -0.50047547 0.8657509
vn -1.0146994E-07 -0.85928607 0.51149553
vn -0.04542733 -0.23863275 0.9294054
vn -0.274567 0.50414383 0.7577722
vn -0.14802064 -0.76068306 0.60268253
vn -0.25494415 -0.81576705 0.5191606
vn -0.21824893 -0.8505644 0.44066328
vn -0.019801218 -0.86828816 0.4579711
vn 0.18701598 -0.804842 0.48591664
vn -0.1530663 0.17086893 0.97333175
vn -0.47060478 0.7488991 0.4665633
vn 0.26446414 -0.6650589 0.698395
vn -0.51508945 0.7862098 -0.3379833
vn -0.7763576 0.5595088 -0.28736737
vn -0.52496064 0.7990407 -0.28803104
vn -0.6161559 0.77868295 -0.10894382
vn -0.84444964 0.53546464 0.0135085285
vn -0.64306986 0.7480627 0.1574027
vn -0.840959 0.4693509 0.26925394
vn -0.9533962 0.059359625 0.2958251
vn -0.99362963 0.09958367 0.052760012
vn -0.9421784 -0.27197003 0.16956201
vn -0.8894808 -0.4170427 0.17479646
vn -0.92004424 0.20887335 -0.32108527
vn -0.7538864 0.44603503 -0.48054913
vn -0.7391391 0.47057372 -0.47896975
vn -0.9521914 -0.3053496 0.009680191
vn -0.7684194 -0.6209032 -0.15495653
vn -0.8658905 -0.45430648 0.20271194
vn -0.80173624 -0.57693475 0.15609583
vn -0.53074795 -0.83040076 0.05611889
vn -0.45768985 -0.85747755 -0.16701032
vn -0.6551429 -0.6678856 -0.3531533
vn -0.34288788 -0.8860526 -0.25830275
vn -0.9265371 -0.25858837 -0.24390125
vn -0.81222886 -0.47898895 -0.3069256
vn -0.8841782 -0.009702669 -0.45712233
vn -0.91163003 -0.06414036 -0.39591753
vn -0.696809 -0.6665381 0.26492435
vn -0.679675 -0.7326379 0.020117536
vn -0.6602796 -0.7413426 0.12017879
vn -0.7370443 -0.6491451 0.18609749
vn -0.7072113 -0.5661126 0.42352033
vn -0.75847 -0.52531964 0.38464612
vn -0.00092890416 -0.95175433 -0.30686066
vn -0.22034077 -0.94436276 -0.2397038
vn -3.188022E-05 -0.9740306 -0.22076136
vn -0.28240073 -0.9105104 -0.30202854
vn 0.022034165 -0.4267636 0.9040952
vn -0.2493543 -0.36774457 0.89450514
vn -0.23736717 -0.41394657 0.87880945
vn 0.011018254 -0.37970227 0.9236088
vn -0.9888564 -0.124758095 0.08123562
vn -0.9230059 -0.35956925 -0.12753195
vn -0.9249897 -0.34374776 -0.16196397
vn -0.9878494 -0.07635462 0.1335286
vn -0.9418344 0.116600946 0.31520265
vn -0.9433674 0.14098738 0.2997575
vn -0.33502248 -0.6539614 -0.6783029
vn -0.0048552435 -0.742874 -0.66359144
vn -0.0014694096 -0.67701113 -0.7359715
vn -0.3407366 -0.7158856 -0.60293645
vn -0.2987719 0.5365269 0.789224
vn -0.29292846 0.59915555 0.74087834
vn -0.29368615 0.53273916 0.79368615
vn -0.29810438 0.6024493 0.7361537
vn -0.9724237 0.067428514 -0.22326267
vn -0.91563505 -0.3214461 -0.23723844
vn -0.90112144 -0.306497 -0.30666018
vn -0.96335536 0.22934243 -0.1372501
vn -0.8710112 0.48235208 -0.09314571
vn -0.86277044 0.50333184 -0.042149648
vn -0.32070985 -0.9320512 -0.16860029
vn -0.025008906 -0.9970957 -0.035710156
vn -0.039344177 -0.99669063 -0.071134895
vn -0.3043987 -0.9427198 -0.120209515
vn -0.22248298 0.9619453 0.15862778
vn -0.22281186 0.9664293 0.11500147
vn -0.2458764 0.95988905 0.1347518
vn -0.20241323 0.96836585 0.13451265
vn -0.5174382 -0.84775454 -0.06693004
vn -0.039955214 -0.98002833 -0.022674024
vn -0.043107018 -0.9876921 0.095535204
vn -0.54277205 -0.788928 -0.24289764
vn -0.6828093 -0.310886 -0.6475395
vn -0.7153248 -0.5452377 -0.43061894
vn -0.39805028 -0.10723692 -0.90501887
vn -0.29717076 0.119787455 -0.9292195
vn 0.069031134 0.21415585 -0.95476115
vn 0.081487976 0.08147949 -0.9864657
vn -0.22914445 0.9471084 -0.12778966
vn 0.036085557 0.6345911 -0.7720053
vn 0.02072091 0.94527125 -0.2647319
vn -0.39979914 0.68954325 -0.60389656
vn -0.54254484 0.7689494 0.29520932
vn 0.019644542 0.1313144 -0.9911463
vn -0.72333765 0.6901375 -0.022197306
vn -0.35948703 0.67509073 0.6179356
vn -0.57911426 0.16321574 -0.79874134
vn -0.6105615 0.5040856 0.6108294
vn 0.010954232 0.649491 0.736524
vn 0.006041538 0.48315617 0.8755135
vn -0.52070117 -0.28633034 -0.80429196
vn 0.008560177 -0.15154271 -0.98841393
vn -0.27484664 -0.55951095 -0.78192526
vn -0.008736137 -0.53955936 -0.84190243
vn -0.03484876 -0.9749385 -0.2197283
vn -0.9877798 0.1176308 -0.10224752
vn -0.59731245 -0.17060176 0.7836538
vn -0.023157962 -0.22795522 0.9733964
vn -0.8834614 -0.43922746 -0.16302077
vn -0.8797725 -0.078816436 0.46881652
vn -0.78599507 -0.5339147 0.3116847
vn -0.5378413 -0.6259545 0.5647196
vn -0.03844546 -0.7277614 0.68475235
vn -0.4248383 -0.8507441 0.30943015
vn -0.041663542 -0.93943506 0.34018514
vn -0.8352859 -0.5225482 0.17100082
vn -0.74960625 -0.3961504 0.53024125
vn -0.06537368 -0.72851557 -0.68190295
vn -0.15041691 -0.9597037 0.23736857
vn 0.34179795 -0.8789655 -0.3325562
vn -0.0040948456 -0.97545046 -0.22018108
vn -0.87575567 -0.42486268 0.22307
vn -0.8288128 -0.55805635 0.04053822
vn -0.82168174 -0.5656181 0.030734539
vn -0.8890928 -0.4003766 0.22184043
vn -0.87194514 -0.26891872 0.4064115
vn -0.8864814 -0.22016701 0.40703547
vn -0.0042287097 -0.845681 -0.52636176
vn -0.32354507 -0.8456582 -0.4244779
vn -0.0043016863 -0.89430696 -0.44743413
vn -0.32580215 -0.7961219 -0.50212383
vn -0.2845455 0.048561454 0.9574322
vn 0.00559067 -0.035034254 0.995367
vn 0.021161154 0.05848144 0.9980646
vn -0.29393795 -0.037216738 0.9514868
vn -0.9952226 0.04496725 -0.083260074
vn -0.9297938 -0.2878439 -0.22941238
vn -0.9273421 -0.25875238 -0.26685798
vn -0.99154085 0.12978517 0.0017414484
vn -0.9139294 0.37769353 0.14836898
vn -0.91283506 0.37537968 0.16069417
vn -0.00475658 -0.8288132 -0.5595054
vn -0.31390762 -0.77669245 -0.54225886
vn -0.32139653 -0.82241935 -0.4693942
vn -0.0039380277 -0.77253175 -0.63205665
vn -0.26896736 0.83829296 0.47425908
vn -0.26867056 0.8112375 0.5166794
vn -0.2520176 0.8326914 0.49306437
vn -0.285632 0.81783473 0.49686497
vn -0.85772204 -0.19325583 -0.46784788
vn -0.8279917 -0.3982076 -0.39479238
vn -0.7589175 -0.5375843 -0.3491111
vn -0.86300826 0.16607814 -0.47711137
vn -0.76981014 0.24160482 -0.57774854
vn -0.75737333 0.47851384 -0.44430882
vn -0.041641686 -0.9989894 -0.01692158
vn -0.36779106 -0.90022683 0.15239626
vn -0.36003304 -0.9327638 -0.01812175
vn -0.051323548 -0.96522593 0.1682078
vn -0.17016748 0.8914797 -0.41988963
vn 0.07017353 0.7772248 -0.5945559
vn 0.05486989 0.91735566 -0.3942692
vn -0.22014853 0.7305187 -0.6175796
vn -0.23787247 -0.8870421 -0.2923566
vn -0.35830066 -0.8357269 -0.35188955
vn -0.35678175 -0.83408177 -0.35682413
vn -0.22250557 -0.8887279 -0.2969411
vn 0.004331857 -0.9898615 -0.14197004
vn -0.0054534227 -0.9892936 -0.14583698
vn -0.8621202 0.38945228 -0.20319898
vn -0.8038375 0.3651809 -0.35942268
vn -0.83936983 0.41424474 -0.23999254
vn -0.8030253 0.38921744 -0.3347795
vn -0.7104839 0.31680372 -0.6283695
vn -0.7371817 0.32629406 -0.5916888
vn -0.70114845 -0.50337213 0.5049831
vn -0.6994625 -0.50155765 0.50910985
vn -0.66832745 -0.4689374 0.5774398
vn -0.73004615 -0.5355805 0.42448387
vn -0.08688228 -0.5861138 0.8055575
vn -0.7118251 -0.576927 0.39265004
vn -0.07812706 -0.7554351 0.6400992
vn -0.75689846 -0.46399167 0.46023595
vn -0.9709275 -0.1376239 -0.1948241
vn -0.08954241 -0.38426363 0.9188713
vn -0.9472076 -0.2677355 -0.17639773
vn -0.07358456 0.22239605 0.9721759
vn -0.96830934 -0.14318341 -0.20463634
vn -0.57132334 0.2930183 -0.76070154
vn -0.58835745 0.12543087 -0.79881364
vn 0.08644063 0.41936862 -0.8961627
vn 0.088578895 0.23232721 -0.96859616
vn 0.07342001 -0.22552916 -0.9714663
vn 0.051670942 -0.542487 -0.83847404
vn -0.9736101 -0.19571005 -0.117395625
vn -0.07838078 -0.7745954 0.62758183
vn -0.7493443 0.22804084 -0.62167585
vn -0.906308 -0.061792865 -0.4180765
vn -0.69295174 0.25082153 -0.67594886
vn -0.9453667 -0.2214415 -0.23926136
vn -0.9399791 -0.33381242 -0.0707768
vn -0.9238794 -0.38267642 -0.0024812222
vn -0.7171336 -0.3914105 0.57664365
vn -0.70692813 -0.24663821 0.66288966
vn -0.6666351 -0.21013026 0.71515274
vn -0.7192575 -0.43306357 0.5432543
vn -0.27050656 -0.6895268 0.6718477
vn -0.18718824 -0.6967617 0.6924478
vn 0.069845684 -0.8505527 0.521231
vn 0.8336508 -0.47409645 0.28330022
vn 0.88399607 -0.29695648 0.36106512
vn 0.83365047 -0.4788974 0.27510798
vn 0.9122552 -0.23650011 0.3344524
vn 0.9608226 -0.032280266 0.27527872
vn 0.99379826 -0.053543467 0.0974614
vn 0.37239042 0.39545953 -0.8396057
vn 0.38330477 0.28832102 -0.87746733
vn 0.35405323 0.34471685 -0.8693773
vn 0.13600795 0.37587774 -0.9166342
vn 0.05361525 0.40150434 -0.91428673
vn 0.015736252 0.44295314 -0.8964069
vn 0.019855535 -0.6380565 -0.7447933
vn -0.01630576 -0.6385368 -0.74460006
vn 0.020195603 -0.63449955 -0.7478154
vn -0.02181676 -0.6485261 -0.7358013
vn -0.16592161 -0.46697158 -0.8476749
vn -0.18232375 -0.49135295 -0.83053684
vn -0.05889802 -0.21448907 -0.9555692
vn -0.06512894 -0.21885385 -0.9542035
vn 0.054290384 -0.15355793 -0.9672592
vn 0.054327704 -0.15284005 -0.96737087
vn 0.025284432 -0.31269574 -0.94951725
vn -0.14913109 -0.16974172 -0.9741398
vn 0.025334194 -0.31180158 -0.9498099
vn -0.13006836 -0.209853 -0.96904314
vn -0.29478532 0.17113848 -0.9401138
vn -0.30489796 0.13378647 -0.9429417
vn -0.1208626 0.5057154 -0.8541924
vn -0.11700478 0.5051851 -0.85504293
vn 0.05736078 0.5662322 -0.82224774
vn 0.05730626 0.5624777 -0.82482445
vn 0.032427408 0.31868142 -0.9451505
vn -0.07921628 0.3474933 -0.932098
vn 0.03251504 0.3237506 -0.943422
vn -0.066259965 0.32306096 -0.9418503
vn -0.19766624 0.57279676 -0.79295844
vn -0.20029157 0.55652374 -0.8038095
vn -0.05299551 0.771538 -0.63072485
vn -0.04514713 0.77163136 -0.6312152
vn 0.036139958 0.78165597 -0.6193105
vn 0.036166117 0.77729625 -0.62477154
vn 0.013902169 0.6044986 -0.79648477
vn -0.08593873 0.62465084 -0.776161
vn 0.013909932 0.6060514 -0.79530394
vn -0.0834952 0.61877525 -0.78111815
vn -0.18973096 0.763211 -0.6176657
vn -0.19045009 0.75751233 -0.62442267
vn -0.069385275 0.8890041 -0.45261163
vn -0.06292802 0.8893205 -0.45293388
vn 0.014221857 0.89653695 -0.4427406
vn 0.014230776 0.89501923 -0.44580048
vn -0.0037487792 0.5776181 -0.81135184
vn -0.26954237 0.61481065 -0.7361996
vn -0.0037403917 0.5791389 -0.8102672
vn -0.27972865 0.6163939 -0.7310931
vn -0.5070258 0.7576829 -0.40439337
vn -0.5099003 0.7547688 -0.40624925
vn -0.32666886 0.9417567 -0.013307989
vn -0.3393758 0.93711233 -0.022870004
vn 0.0022360715 0.9864497 0.13827392
vn 0.0953622 0.93536884 0.3286608
vn -0.017972367 0.78789186 -0.6155518
vn -0.15603311 0.7986667 -0.58119345
vn -0.01792796 0.7899389 -0.612924
vn -0.16068865 0.7965623 -0.5828109
vn -0.31735134 0.8813164 -0.35010007
vn -0.32071224 0.8784201 -0.3542913
vn -0.18151376 0.98055506 -0.07459845
vn -0.18508667 0.9795246 -0.079214334
vn -0.005826429 0.99996036 0.0067789257
vn -0.0058553284 0.99996835 0.005440235
vn 0.8227738 0.4917776 -0.28495443
vn 0.80286705 0.57962173 -0.012626499
vn 0.81258714 0.565677 -0.02140312
vn 0.8234296 0.46344212 -0.32739267
vn 0.7633783 0.38489237 -0.51858646
vn 0.766726 0.31431812 -0.55960417
vn 0.63913804 0.32895213 -0.6951936
vn 0.68878 0.3287359 -0.64615446
vn 0.501157 0.37756747 -0.76354265
vn 0.52685946 0.47572955 -0.68839926
vn -0.44972694 0.8573082 -0.2505364
vn -0.58861065 0.6988068 -0.40000787
vn -0.5692018 0.8118452 0.050756104
vn -0.46805274 0.86100477 -0.19899155
vn -0.5094918 0.7356521 -0.44591308
vn -0.5419058 0.7543463 -0.37002754
vn -0.46346283 0.6180705 -0.63497365
vn -0.49450126 0.63459307 -0.59393644
vn -0.4375113 0.5948973 -0.6566691
vn -0.4034369 0.6845684 -0.58650005
vn 0.61016446 -0.7694786 0.16005003
vn 0.47610006 -0.8748044 -0.08969946
vn 0.6440646 -0.7472672 0.12802303
vn 0.45145473 -0.89139855 0.039966565
vn 0.3834055 -0.8291655 -0.40626153
vn 0.38923874 -0.8892688 -0.23928425
vn -0.7201869 -0.65578234 0.17591701
vn -0.8353099 -0.5442935 0.077477954
vn -0.7125926 -0.66573167 0.16934074
vn -0.820655 -0.5694706 -0.047217384
vn -0.80856806 -0.5217566 -0.27170938
vn -0.6557794 -0.5724657 -0.4918911
vn 0.9141464 0.40492064 0.019396156
vn 0.99270177 0.10754928 0.05400842
vn 0.9986123 0.052279048 -0.0054291803
vn 0.9017705 0.43211347 0.009411551
vn 0.84800965 0.47488526 -0.22766641
vn 0.8669931 0.4351163 -0.23637809
vn 0.80617756 0.40450382 -0.4318042
vn 0.82827777 0.43214253 -0.3566641
vn 0.6684273 0.45905823 -0.5409437
vn 0.68343925 0.4539324 -0.5280477
vn -0.52184814 0.8158916 0.24898899
vn -0.43751207 0.89177305 -0.09994154
vn -0.38622716 0.8521193 0.34815437
vn -0.556512 0.7838719 0.27538943
vn -0.5334855 0.82841706 -0.14185145
vn -0.54580265 0.82599044 -0.10492862
vn -0.5692423 0.72992855 -0.3783752
vn -0.5471105 0.7026258 -0.45495865
vn -0.50285584 0.71525913 -0.41013843
vn -0.5895048 0.71534914 -0.28629053
vn 0.53027344 -0.8119944 -0.2377182
vn 0.56253797 -0.67394227 -0.4789083
vn 0.5073667 -0.8282644 -0.23128714
vn 0.5644329 -0.67704207 -0.4722603
vn 0.5094667 -0.5845058 -0.6240872
vn 0.5020671 -0.6546763 -0.5567062
vn -0.83599794 -0.53852266 -0.099294215
vn -0.73094946 -0.5202101 -0.4416954
vn -0.85375005 -0.5138235 -0.07731944
vn -0.71147406 -0.5317923 -0.4593497
vn -0.62958544 -0.4297463 -0.6413653
vn -0.615808 -0.4281681 -0.655474
vn 0.7798416 -0.5418466 0.30198428
vn 0.5874591 -0.79084563 0.17162488
vn 0.83208644 -0.5031862 0.21310592
vn 0.5601227 -0.7887152 0.2533595
vn 0.43946066 -0.8688161 -0.22810736
vn 0.42896032 -0.8940846 -0.12886278
vn -0.424148 -0.7796305 0.44523758
vn -0.6182917 -0.70768553 0.34190217
vn -0.3761862 -0.81809896 0.41889134
vn -0.63871264 -0.6781955 0.36345237
vn -0.6078947 -0.76278895 -0.22049397
vn -0.61201537 -0.751163 -0.24736965
vn 0.6470765 0.69441074 -0.31477976
vn 0.5667909 0.7789917 -0.23297355
vn 0.56242406 0.78259027 -0.2315455
vn 0.65064555 0.6904447 -0.31614405
vn -0.5784807 0.80738205 -0.116165705
vn -0.72133875 0.68328625 -0.027527034
vn -0.748653 0.65309113 0.012893416
vn -0.55145276 0.82061034 -0.14999542
vn 0.7454511 0.13185784 0.6533886
vn 0.7344155 0.37006837 0.5689322
vn 0.7344154 0.37006837 0.5689323
vn 0.7471967 0.20010336 0.63376355
vn 0.71329886 -0.09570083 0.69429576
vn 0.5513841 -0.6085272 0.5703468
vn 0.54771495 -0.784004 0.29214084
vn 0.5756256 -0.6089311 0.54543215
vn 0.5300833 -0.7215307 0.44542727
vn 0.5273196 -0.83142275 -0.08656123
vn 0.52870166 -0.8324256 -0.0666825
vn 0.5316911 -0.7444438 -0.4038672
vn 0.53300875 -0.7318304 -0.42464864
vn 0.51125443 -0.43240032 -0.7427311
vn 0.5135055 -0.472379 -0.71635926
vn 0.5069348 -0.37360948 -0.77680993
vn 0.51913726 -0.28803167 -0.8046955
vn 0.52839875 -0.3668728 -0.7656369
vn 0.52504367 -0.334374 -0.782639
vn 0.48428982 -0.10620724 -0.8684377
vn -0.8431967 -0.42203218 0.33303025
vn -0.7232955 -0.27462232 0.633415
vn -0.749049 -0.26081118 0.6088598
vn -0.77604896 -0.3777399 0.50503594
vn -0.85647935 -0.5071844 0.050835002
vn -0.851871 -0.5112705 0.07718018
vn -0.8653991 -0.4742507 -0.16177599
vn -0.86878055 -0.4584848 -0.1871179
vn -0.83492106 -0.17114419 -0.52308464
vn -0.857096 -0.18755941 -0.47980082
vn -0.8178407 -0.0841582 -0.56925815
vn -0.84934866 -0.12731248 -0.51224905
vn -0.8474187 -0.11944838 -0.5173146
vn -0.8392392 -0.08897236 -0.5364349
vn -0.7607737 0.106536485 -0.64021415
vn 0.5253189 -0.7626989 0.36500007
vn 0.5775758 -0.80602 0.12937553
vn 0.51284635 -0.76756877 0.37223476
vn 0.5763026 -0.79545224 0.18743287
vn 0.57332927 -0.7135851 -0.31874353
vn 0.56374955 -0.74367714 -0.26010913
vn 0.5953144 -0.63042957 -0.49815607
vn 0.577234 -0.6423855 -0.5041248
vn 0.59192795 -0.27340698 -0.75820196
vn 0.60291046 -0.294597 -0.74142563
vn 0.5922095 -0.079654485 -0.8018377
vn 0.60240316 -0.0060387254 -0.7981695
vn 0.58304745 0.101757884 -0.80604064
vn 0.5926872 0.053084046 -0.80368197
vn 0.51240635 0.34286875 -0.7873255
vn -0.70771253 -0.61787295 0.33331588
vn -0.7096284 -0.5778572 0.40312427
vn -0.70702475 -0.6187171 0.33319145
vn -0.7100835 -0.5772852 0.40314254
vn 0.6466526 -0.3196054 0.69259894
vn 0.68342423 -0.57719725 0.44696206
vn 0.62970555 -0.31729156 0.70908225
vn 0.6840393 -0.52299064 0.50849926
vn 0.65443385 -0.61264634 0.40302277
vn 0.6853967 -0.5960375 0.38070786
vn 0.64222157 -0.6387632 0.4237128
vn 0.61780936 -0.6736377 0.4056145
vn 0.5566241 -0.8307639 0.00025300682
vn 0.56639755 -0.8224935 0.051936716
vn 0.5014498 -0.8452578 -0.18462516
vn 0.5106808 -0.8286975 -0.22905189
vn 0.55333686 -0.78602797 -0.27564037
vn 0.5581391 -0.7937594 -0.2417145
vn 0.5043026 -0.69333124 -0.51475245
vn -0.74599844 -0.3111294 0.58880013
vn -0.59153783 -0.11671183 0.79778576
vn -0.56382656 -0.12125301 0.8169444
vn -0.7239539 -0.27140182 0.6342181
vn -0.77219725 -0.285763 0.51444674
vn -0.79563534 -0.26317924 0.4940694
vn -0.82334965 -0.26502162 0.5018554
vn -0.82157296 -0.3062054 0.48089075
vn -0.88154763 -0.46304545 0.09199263
vn -0.8969107 -0.4157543 0.15066327
vn -0.8762609 -0.47167736 -0.09842393
vn -0.8979683 -0.43645704 -0.056198597
vn -0.8996021 -0.3867964 -0.20274267
vn -0.90456975 -0.3920679 -0.16744038
vn -0.8308083 -0.32625276 -0.45090684
vn 0.8399374 0.53057605 0.11399662
vn 0.86163837 0.46868998 0.18014587
vn 0.8611075 0.46934626 0.18091181
vn 0.8338197 0.5392912 0.11794318
vn 0.76257676 0.6447976 -0.052092396
vn 0.7953738 0.60587686 0.017172273
vn 0.8126442 0.5733735 0.104179025
vn 0.7467956 0.6646181 0.02408443
vn 0.8609706 0.32857156 0.3882929
vn 0.86009574 0.35822687 0.363194
vn 0.8397562 0.14505535 0.5232299
vn -0.4952769 0.78499395 0.33766294
vn -0.50568455 0.78884727 0.34928986
vn -0.49325728 0.7856662 0.33897513
vn -0.49803984 0.79370284 0.3492741
vn -0.47568968 0.86352694 0.16745465
vn -0.46616223 0.84929097 0.2477859
vn -0.4718477 0.8365116 0.2785827
vn -0.4662576 0.79987335 0.377898
vn -0.5138205 0.57045305 0.640759
vn -0.51165795 0.5998674 0.6151144
vn -0.5096237 0.36983716 0.7768557
vn 0.76877785 0.54017663 0.34233087
vn 0.74906194 0.44979715 0.44388947
vn 0.72428405 0.46292827 0.46719313
vn 0.7590856 0.52687716 0.3823481
vn 0.6265247 0.7729326 0.10021347
vn 0.6934649 0.68166614 0.23332044
vn 0.6281397 0.7563456 0.18270878
vn 0.3761904 0.9244261 0.062591285
vn -0.5780106 0.6177484 0.47358626
vn -0.6053403 0.61692154 0.5029621
vn -0.5240833 0.626353 0.517355
vn -0.61093867 0.6281474 0.48185545
vn -0.57260376 0.7688322 0.28464377
vn -0.5715895 0.74534506 0.34314188
vn -0.6194854 0.6606471 0.4240086
vn -0.6278342 0.60084975 0.49477667
vn -0.6916681 0.13272026 0.70991623
vn -0.6940788 0.2008574 0.6913113
vn -0.6546437 -0.11560309 0.7470463
vn 0.7709019 0.56198937 0.17576106
vn 0.8391383 0.5069252 -0.19716445
vn 0.75903195 0.58567095 0.13954642
vn 0.83595103 0.5128275 -0.19543241
vn 0.80485713 0.34775862 -0.4809042
vn 0.82529044 0.31696236 -0.46736535
vn 0.812131 0.30262697 -0.4988588
vn 0.7483826 0.2928005 -0.59513986
vn 0.89991605 0.43214327 -0.058338046
vn 0.8977859 0.4386729 -0.039326444
vn 0.8887135 0.40526092 0.21436428
vn -0.53332496 0.8414602 -0.086649224
vn -0.47036502 0.804586 0.2674863
vn -0.4559685 0.8217123 0.23687312
vn -0.53834206 0.8365232 -0.10205889
vn -0.6357955 0.6421091 -0.4283216
vn -0.6309033 0.66197777 -0.40465534
vn -0.631617 0.60218996 -0.4882893
vn -0.6011313 0.6838325 -0.41353792
vn -0.5974811 0.8014027 0.027733475
vn -0.5913953 0.80634123 0.008030117
vn -0.58247244 0.77458274 0.24646807
vn -0.6525569 0.11200544 -0.74941623
vn -0.6636658 0.060593933 -0.7455714
vn -0.5826165 0.33266762 -0.7415462
vn -0.6770327 -0.017996788 -0.73573303
vn -0.6578458 0.017341733 -0.7529533
vn -0.69901145 -0.1432986 -0.7006061
vn -0.67748904 -0.1617085 -0.7175371
vn -0.7140357 -0.53589386 -0.4505234
vn -0.6939992 -0.56748646 -0.44308573
vn -0.68634576 -0.6347233 -0.27998722
vn -0.7034132 -0.5663012 -0.37280986
vn -0.6004744 -0.6595589 -0.45212045
vn -0.5890348 -0.6021925 -0.53889
vn 0.6251737 0.1872899 -0.75768155
vn 0.43434837 -0.25086638 -0.81707865
vn 0.42397425 -0.13817927 -0.8469715
vn 0.6733894 0.20212148 -0.7111219
vn 0.6647372 0.3131212 -0.67829216
vn 0.6089706 0.31474864 -0.7280721
vn 0.45058808 0.059228495 -0.89076525
vn 0.37852556 0.0423217 -0.92462295
vn -0.65883255 -0.034851715 -0.7161504
vn -0.6746105 0.37281767 -0.63710934
vn -0.59999377 0.06472317 -0.76156557
vn -0.7118349 0.41212115 -0.56872463
vn -0.67833364 0.5138258 -0.5252113
vn -0.64776725 0.5102667 -0.5657083
vn -0.68985856 0.28599137 -0.6650597
vn -0.65982515 0.26444313 -0.70334977
vn 0.17344026 0.7851857 -0.59245217
vn 0.28989577 0.56938756 -0.7688186
vn 0.45017818 0.87658024 -0.16903585
vn 9.9981875E-08 0.60984355 -0.7925219
vn -0.008718677 0.7800331 -0.6235879
vn 8.510456E-08 0.28636238 -0.95812154
vn 0.28763425 0.20726436 -0.93463373
vn 0.65099216 0.6456836 -0.3979337
vn 0.5727527 0.45622984 -0.6805858
vn 0.4127135 -0.2572715 -0.8680659
vn 4.888809E-08 -0.18966718 -0.9818486
vn -5.13597E-09 -0.6723639 -0.7402209
vn 0.58418274 -0.044560593 -0.8052195
vn 0.22220114 -0.17576501 -0.9584243
vn 0.24241386 -0.63072324 -0.7371728
vn 0.41921657 -0.54666996 -0.7177035
vn 0.14509186 -0.8710587 -0.42952424
vn -0.017259456 -0.89428663 -0.40523684
vn 0.23406057 0.7578057 0.60725284
vn -5.05354E-09 0.59564745 0.803246
vn 0.005040832 0.77167726 0.63398725
vn 0.2704332 0.5776147 0.7702127
vn -6.162155E-08 0.043277152 0.9990632
vn 0.34417737 0.013991281 0.9388006
vn 0.32308996 -0.0086443145 0.92100805
vn 0.32897073 -0.4577958 0.80943775
vn -9.60745E-08 -0.50047547 0.8657509
vn -1.0146994E-07 -0.85928607 0.51149553
vn 0.15311031 0.011218518 0.9881457
vn 0.48167214 0.6593311 0.5772999
vn 0.13628343 -0.7584966 0.60660017
vn 0.25494397 -0.81576693 0.5191606
vn 0.17933905 -0.85832304 0.44357374
vn -0.019801218 -0.86828816 0.4579711
vn -0.24689288 -0.63041246 0.7359515
vn 0.13520975 0.18425651 0.97353387
vn 0.49300182 0.7358738 0.4641545
vn -0.31397286 -0.63692296 0.7040957
vn 0.503735 0.7892523 -0.34896085
vn 0.5385352 0.767147 -0.34789678
vn 0.78671813 0.5251403 -0.32394955
vn 0.60981697 0.782344 -0.12215331
vn 0.84444976 0.5354649 0.013508648
vn 0.6426928 0.7519023 0.143549
vn 0.84095913 0.4693512 0.26925406
vn 0.9533962 0.059359953 0.2958252
vn 0.99362963 0.09958401 0.052760154
vn 0.936964 -0.28235495 0.17780212
vn 0.88233745 -0.42617613 0.1831697
vn 0.9197195 0.106632754 -0.37596545
vn 0.7649752 0.3958711 -0.50754696
vn 0.76369387 0.4032904 -0.502973
vn 0.9521914 -0.30534917 0.009680331
vn 0.76841915 -0.6209029 -0.1549564
vn 0.8582136 -0.46295068 0.21104014
vn 0.8017361 -0.5769345 0.15609595
vn 0.495158 -0.8504204 0.06362887
vn 0.42262545 -0.8746561 -0.16056612
vn 0.6551428 -0.66788536 -0.35315323
vn 0.3073805 -0.8987421 -0.25354254
vn 0.9123463 -0.3296983 -0.2208376
vn 0.7822605 -0.5406024 -0.2923558
vn 0.8954958 -0.07293111 -0.42928267
vn 0.8685172 -0.15921879 -0.46788934
vn 0.68352437 -0.7285671 0.0054294765
vn 0.7154842 -0.6581025 0.23448639
vn 0.6736483 -0.733375 0.09142977
vn 0.74409753 -0.6447221 0.17013863
vn 0.73150986 -0.5575191 0.3925128
vn 0.7692508 -0.5207575 0.3681854
vn -0.00092890416 -0.95175433 -0.30686066
vn 0.21966313 -0.94304883 -0.2444447
vn 0.2799772 -0.90715134 -0.31414902
vn -3.188022E-05 -0.9740306 -0.22076136
vn 0.022034165 -0.4267636 0.9040952
vn 0.27063143 -0.36619174 0.8889025
vn 0.011018254 -0.37970227 0.9236088
vn 0.27993375 -0.41085672 0.86766046
vn 0.9204264 -0.3647437 -0.13941173
vn 0.98414546 -0.14761662 0.098324165
vn 0.9194441 -0.36511675 -0.14598897
vn 0.9890581 -0.081903726 0.12078865
vn 0.9386826 0.09481393 0.33149016
vn 0.94710404 0.1356809 0.28757456
vn 0.33147934 -0.6616833 -0.6725302
vn -0.0048552435 -0.742874 -0.66359144
vn 0.33176586 -0.71777326 -0.6072703
vn -0.0014694096 -0.67701113 -0.7359715
vn 0.3580247 0.89969707 0.2335625
vn 0.29740825 0.5296198 0.7943877
vn 0.29215956 0.52595174 0.7987603
vn 0.0953622 0.93536884 0.3286608
vn 0.0022360715 0.9864497 0.13827392
vn 0.3292642 0.9399155 -0.017535001
vn 0.50747555 0.7519131 -0.41280562
vn 0.504631 0.75484324 -0.41091287
vn 0.2732327 0.61484176 -0.73465663
vn 0.26298472 0.61331594 -0.7396314
vn -0.0037487792 0.5776181 -0.81135184
vn -0.0037403917 0.5791389 -0.8102672
vn 0.9086165 -0.37063864 -0.19234553
vn 0.9895054 -0.015700273 -0.14364278
vn 0.89385945 -0.38255206 -0.23381545
vn 0.9797079 0.176946 -0.08943336
vn 0.9133051 0.4067489 -0.020733789
vn 0.8887646 0.45610017 0.0009537786
vn 0.25343367 -0.9563782 -0.14530012
vn -0.025008906 -0.9970957 -0.035710156
vn 0.26077345 -0.9579601 -0.10630125
vn -0.039344177 -0.99669063 -0.071134895
vn 0.28936368 0.9402579 0.17939976
vn 0.2665338 0.95323366 0.12704375
vn 0.24529442 0.95629305 0.14553027
vn 0.3143542 0.9361515 0.15748733
vn -0.039955214 -0.98002833 -0.022674024
vn 0.45979238 -0.8814755 0.010364033
vn -0.043107018 -0.9876921 0.095535204
vn 0.5009352 -0.828595 -0.17823103
vn 0.7301596 -0.3645872 -0.5599939
vn 0.73379344 -0.59524196 -0.3160009
vn 0.5275104 -0.13917488 -0.8318116
vn 0.42011094 0.092526495 -0.8847777
vn 0.069031134 0.21415585 -0.95476115
vn 0.081487976 0.08147949 -0.9864657
vn 0.036085557 0.6345911 -0.7720053
vn 0.2694675 0.9373784 -0.12413965
vn 0.02072091 0.94527125 -0.2647319
vn 0.46982464 0.6555884 -0.59115916
vn 0.5721222 0.7471976 0.30336905
vn 0.019644542 0.1313144 -0.9911463
vn 0.77527547 0.6316236 -0.00024715066
vn 0.38299188 0.6606019 0.6233708
vn 0.61318475 0.11666195 -0.7812778
vn 0.6298753 0.45565224 0.62899804
vn 0.010954232 0.649491 0.736524
vn 0.006041538 0.48315617 0.8755135
vn 0.5200922 -0.32696852 -0.78904754
vn 0.008560177 -0.15154271 -0.98841393
vn 0.25314113 -0.5801264 -0.77419186
vn -0.008736137 -0.53955936 -0.84190243
vn -0.03484876 -0.9749385 -0.2197283
vn 0.9965101 0.04015344 -0.073183686
vn 0.55902267 -0.21575138 0.80059063
vn -0.023157962 -0.22795522 0.9733964
vn 0.85092086 -0.5069471 -0.13761732
vn 0.8568639 -0.14662412 0.49425295
vn 0.73252964 -0.59320617 0.33392656
vn 0.47066295 -0.66533196 0.57949114
vn -0.03844546 -0.7277614 0.68475235
vn 0.3479941 -0.8809197 0.3207498
vn -0.041663542 -0.93943506 0.34018514
vn 0.78664947 -0.5858773 0.19475727
vn 0.7006154 -0.45277488 0.5514826
vn 0.028295685 -0.73217285 -0.68053097
vn 0.06813881 -0.9682373 0.24056974
vn -0.39940664 -0.8500248 -0.34341264
vn -0.06552257 -0.97305197 -0.22108081
vn 0.83639354 -0.54811 0.0046494305
vn 0.8769624 -0.4297825 0.2117748
vn 0.82029796 -0.5702271 0.020152986
vn 0.9025419 -0.38967514 0.18322682
vn 0.87568974 -0.27382427 0.39514908
vn 0.90575993 -0.20946193 0.3684088
vn -0.0042287097 -0.845681 -0.52636176
vn 0.31503066 -0.84184396 -0.4382406
vn 0.31773925 -0.7979283 -0.506271
vn -0.0043016863 -0.89430696 -0.44743413
vn 0.32493004 0.052201867 0.94429666
vn 0.00559067 -0.035034254 0.995367
vn 0.30459103 -0.038896784 0.9476297
vn 0.021161154 0.05848144 0.9980646
vn 0.9267095 -0.30935273 -0.21333286
vn 0.9991624 -0.008813111 -0.034180366
vn 0.9250589 -0.308704 -0.22127233
vn 0.99410254 0.10678019 0.018939482
vn 0.9235439 0.32814443 0.19358727
vn 0.9183666 0.354164 0.17655455
vn -0.00475658 -0.8288132 -0.5595054
vn 0.30041087 -0.79325813 -0.5271412
vn -0.0039380277 -0.77253175 -0.63205665
vn 0.31033838 -0.82973844 -0.46392262
vn 0.280062 0.83193207 0.47901434
vn 0.28371894 0.79634184 0.5302731
vn 0.30198878 0.8019891 0.5113257
vn 0.2626638 0.8267284 0.49752215
vn 0.82061505 -0.46806067 -0.3278879
vn 0.8905816 -0.25970173 -0.3595255
vn 0.74910015 -0.59489787 -0.25567648
vn 0.9097048 0.09096659 -0.40517032
vn 0.8538875 0.17989469 -0.47714657
vn 0.828527 0.41131774 -0.3799491
vn -0.041641686 -0.9989894 -0.01692158
vn 0.2691183 -0.9244331 0.19185826
vn -0.051323548 -0.96522593 0.1682078
vn 0.28025514 -0.95989347 0.007862717
vn 0.27825037 0.87247974 -0.40169173
vn 0.07017353 0.7772248 -0.5945559
vn 0.35627565 0.70861113 -0.5818652
vn 0.05486989 0.91735566 -0.3942692
vn 0.3470949 -0.8373842 -0.34600604
vn 0.038312316 -0.9960514 -0.08008781
vn 0.34560978 -0.8357347 -0.35095805
vn 0.021959618 -0.99639225 -0.08197859
vn -0.047382027 -0.9913812 -0.1221413
vn -0.037482098 -0.9913538 -0.12574938
vn 0.8070281 0.12729514 -0.57663
vn 0.8667625 0.3768008 -0.19800255
vn 0.8444497 0.40171826 -0.23506033
vn 0.81428576 0.15791905 -0.55857027
vn 0.74102044 0.26977968 -0.614905
vn 0.76715887 0.27879247 -0.5777047
vn 0.6629769 -0.5246975 0.53399855
vn 0.66127026 -0.52271855 0.5380404
vn 0.6924357 -0.5599312 0.45498362
vn 0.62991834 -0.48722878 0.60482347
vn 0.5979405 -0.6221226 0.49624598
vn -0.08688228 -0.5861138 0.8055575
vn -0.07812706 -0.7554351 0.6400992
vn 0.6376632 -0.5108919 0.5765202
vn -0.08954241 -0.38426363 0.9188713
vn 0.9433337 -0.33131596 -0.018756729
vn 0.9773767 -0.20485336 -0.040722948
vn -0.07358456 0.22239605 0.9721759
vn 0.977079 -0.20860839 -0.042421933
vn 0.70393234 0.24901348 -0.6598351
vn 0.71943873 0.08144861 -0.6897642
vn 0.08644063 0.41936862 -0.8961627
vn 0.088578895 0.23232721 -0.96859616
vn 0.07342001 -0.22552916 -0.9714663
vn 0.051670942 -0.542487 -0.83847404
vn 0.96435755 -0.2608855 0.044200018
vn -0.07838078 -0.7745954 0.62758183
vn 0.9105699 -0.13273355 -0.39146462
vn 0.7826992 0.16822162 -0.5992361
vn 0.7298655 0.19526711 -0.6551088
vn 0.9318183 -0.29473695 -0.21176624
vn 0.91276246 -0.4061534 -0.043639675
vn 0.89091223 -0.4535357 0.024100035
vn 0.6658618 -0.30023938 0.68299687
vn 0.667268 -0.44546503 0.59692097
vn 0.62702626 -0.2606418 0.73410094
vn 0.6671137 -0.48719501 0.56356037
vn 0.19616781 -0.7077483 0.67868304
vn 0.111972325 -0.7084425 0.6968297
vn -0.1511511 -0.8419238 0.51799405
vn -0.9146348 -0.22672823 0.3347205
vn -0.87599933 -0.40734246 0.25825894
vn -0.8761337 -0.41213816 0.25006476
vn -0.93730474 -0.16428332 0.30736184
vn -0.968053 0.043033436 0.24702643
vn -0.9973717 0.02420255 0.068296686
vn -0.33383766 0.31632215 -0.8879713
vn -0.31571642 0.42232692 -0.84968436
vn -0.30052793 0.37027526 -0.87896496
vn -0.07942858 0.38428953 -0.9197897
vn 0.004607131 0.40341794 -0.9150045
vn 0.045062907 0.441808 -0.89597726
vn 0.055556916 -0.641268 -0.7401476
vn 0.019855535 -0.6380565 -0.7447933
vn 0.020195603 -0.63449955 -0.7478154
vn 0.059069082 -0.65160024 -0.7307897
vn 0.23082732 -0.48205036 -0.82309294
vn 0.24286062 -0.50751245 -0.804193
vn 0.15966281 -0.2227957 -0.94202745
vn 0.16528833 -0.22761108 -0.93992716
vn 0.054290384 -0.15355793 -0.9672592
vn 0.054327704 -0.15284005 -0.96737087
vn 0.21256766 -0.1850672 -0.9594612
vn 0.025284432 -0.31269574 -0.94951725
vn 0.025334194 -0.31180158 -0.9498099
vn 0.189836 -0.22340769 -0.95606065
vn 0.38325822 0.14240912 -0.9125971
vn 0.3903758 0.10432705 -0.9147258
vn 0.23183452 0.49077132 -0.83987904
vn 0.2280272 0.4905658 -0.84104073
vn 0.05736078 0.5662322 -0.82224774
vn 0.05730626 0.5624777 -0.82482445
vn 0.14460468 0.34145775 -0.92658997
vn 0.032427408 0.31868142 -0.9451505
vn 0.03251504 0.3237506 -0.943422
vn 0.13091174 0.31774405 -0.9369981
vn 0.26733992 0.56025743 -0.7815151
vn 0.2696669 0.5438509 -0.7922443
vn 0.1250957 0.76673555 -0.6263422
vn 0.117298014 0.7672509 -0.62721765
vn 0.036139958 0.78165597 -0.6193105
vn 0.036166117 0.77729625 -0.62477154
vn 0.11381618 0.6223365 -0.7744309
vn 0.013902169 0.6044986 -0.79648477
vn 0.013909932 0.6060514 -0.79530394
vn 0.111323416 0.61651814 -0.7794308
vn 0.21803005 0.75848675 -0.614134
vn 0.2187339 0.7527716 -0.62087864
vn 0.09779045 0.8870673 -0.45116374
vn 0.09134881 0.88753307 -0.45159766
vn 0.014221857 0.89653695 -0.4427406
vn 0.014230776 0.89501923 -0.44580048
vn 0.121301934 0.80032325 -0.5871706
vn -0.017972367 0.78789186 -0.6155518
vn -0.01792796 0.7899389 -0.612924
vn 0.12590827 0.79827416 -0.58898765
vn 0.2914282 0.88495266 -0.36322057
vn 0.29463968 0.8820956 -0.36755344
vn 0.16641095 0.98263323 -0.08209698
vn 0.16979375 0.9816443 -0.08686277
vn -0.005826429 0.99996036 0.0067789257
vn -0.0058553284 0.99996835 0.005440235
vn -0.7204854 0.6875646 0.08543448
vn -0.6830186 0.7245831 -0.09200643
vn -0.7327116 0.67559314 0.07648842
vn -0.6968192 0.7041061 -0.13666701
vn -0.6811205 0.5701565 -0.43951157
vn -0.7088714 0.5041197 -0.47625774
vn -0.5938089 0.38073957 -0.7088222
vn -0.63576025 0.4036011 -0.65796316
vn -0.5157013 0.34833798 -0.77312016
vn -0.50312716 0.46245492 -0.7195413
vn 0.65099216 0.6456836 -0.3979337
vn 0.6348163 0.7398116 -0.22290754
vn 0.68074447 0.7291169 0.061026692
vn 0.6597547 0.7308433 -0.17490737
vn 0.6384037 0.5483783 -0.5215554
vn 0.6834734 0.55773 -0.45175287
vn 0.54520404 0.33537853 -0.7682932
vn 0.58398163 0.34866267 -0.7330759
vn 0.4538689 0.32168534 -0.82118326
vn 0.45548528 0.42907226 -0.7695976
vn -0.7074105 -0.6984378 -0.1084237
vn -0.6999799 -0.69625545 0.15531763
vn -0.7330603 -0.6672494 0.12732813
vn -0.6722951 -0.7401712 0.012907516
vn -0.64498454 -0.67962414 -0.32044554
vn -0.64762354 -0.733135 -0.1542394
vn 0.65440345 -0.74667364 -0.11931023
vn 0.64003617 -0.7639082 0.07884907
vn 0.6306338 -0.7723383 0.07220178
vn 0.61784023 -0.74812984 -0.24202366
vn 0.59264463 -0.71925914 -0.33145744
vn 0.40688774 -0.726754 -0.5277515
vn -0.99161476 0.12361002 0.032300826
vn -0.9028723 0.42389914 -0.07163665
vn -0.99756753 0.063504934 -0.022467174
vn -0.8895458 0.44873607 -0.085702136
vn -0.829797 0.44503385 -0.33012697
vn -0.84957737 0.4047904 -0.33232236
vn -0.78469944 0.3338759 -0.5222779
vn -0.8081686 0.37506658 -0.45408058
vn -0.6431171 0.27129787 -0.70810086
vn -0.6585335 0.27116203 -0.6941226
vn 0.45017818 0.87658024 -0.16903585
vn 0.53872764 0.8335279 0.12249224
vn 0.3932762 0.8753342 0.28092837
vn 0.57193434 0.8055734 0.15473635
vn 0.55783427 0.7791044 -0.26841652
vn 0.5691871 0.78289545 -0.23133367
vn 0.595941 0.63896775 -0.4863903
vn 0.57525253 0.598636 -0.5574229
vn 0.53278285 0.54276884 -0.6383434
vn 0.61693114 0.584723 -0.51510286
vn -0.5706486 -0.7311703 -0.3738329
vn -0.53801525 -0.824284 -0.17588443
vn -0.5154015 -0.84025323 -0.16780946
vn -0.5727676 -0.7330673 -0.36681104
vn -0.5090188 -0.67313063 -0.5266234
vn -0.5050554 -0.7305676 -0.44795808
vn 0.725507 -0.60393226 -0.33000886
vn 0.8298413 -0.5557667 -0.043332092
vn 0.8476602 -0.52947146 -0.023244204
vn 0.7060965 -0.6178449 -0.34597078
vn 0.63372 -0.54752076 -0.5385909
vn 0.6203334 -0.54814106 -0.55312777
vn -0.71165276 -0.6958104 0.096946895
vn -0.8308047 -0.4862367 0.2649365
vn -0.87757635 -0.44173676 0.17548381
vn -0.68955666 -0.7014851 0.18008494
vn -0.5427664 -0.8306273 -0.019807111
vn -0.5493798 -0.8225055 0.08156601
vn 0.47929624 -0.8096892 0.33864215
vn 0.35016498 -0.8239248 0.43964812
vn 0.2998688 -0.85822594 0.41098037
vn 0.50259495 -0.7847075 0.3628118
vn 0.49799392 -0.8481386 0.13662194
vn 0.5073794 -0.8466924 0.108907595
vn -0.511441 0.7999323 -0.3139051
vn -0.49853507 0.8311203 -0.23215848
vn -0.5154831 0.79663557 -0.31567228
vn -0.49392197 0.83435637 -0.23051523
vn 0.7018194 0.7111575 -0.041291237
vn 0.7761628 0.6281826 0.010508321
vn 0.6793462 0.7298881 -0.075846575
vn 0.79998565 0.5950034 0.051009517
vn -0.72706425 0.61888516 0.29725268
vn -0.74681365 0.4528115 0.48706436
vn -0.7270642 0.6188852 0.29725277
vn -0.7461032 0.5027465 0.4365507
vn -0.72263414 0.27366316 0.6347511
vn -0.7101337 -0.5245338 0.46965444
vn -0.6281149 -0.41564658 0.64231944
vn -0.6542693 -0.40953222 0.62064105
vn -0.65878713 -0.44502306 0.60659266
vn -0.7250767 -0.6620382 0.16219687
vn -0.72325814 -0.6588593 0.1818994
vn -0.7419757 -0.661321 -0.11012536
vn -0.7452362 -0.6534188 -0.13292068
vn -0.73412925 -0.44185516 -0.5155765
vn -0.73845714 -0.4736415 -0.4799432
vn -0.7257857 -0.39436832 -0.56365734
vn -0.7266439 -0.3162074 -0.6099198
vn -0.7425828 -0.3804451 -0.55121076
vn -0.7366495 -0.35404345 -0.5761957
vn -0.671307 -0.16579494 -0.7223985
vn 0.6872903 -0.45391846 0.5514025
vn 0.722054 -0.5902947 0.36081946
vn 0.7127914 -0.44826978 0.5240467
vn 0.6895459 -0.49952465 0.52440614
vn 0.7017958 -0.7014945 0.070872694
vn 0.7008676 -0.699146 0.09791365
vn 0.6996385 -0.69267595 -0.17523196
vn 0.7005094 -0.6838827 -0.2039396
vn 0.6521902 -0.4740668 -0.59153116
vn 0.6795038 -0.4858922 -0.54971254
vn 0.64300066 -0.39723247 -0.6547952
vn 0.6769431 -0.43376285 -0.5946411
vn 0.6755513 -0.42691037 -0.6011476
vn 0.6695974 -0.40007785 -0.6257615
vn 0.6106109 -0.21768612 -0.7614247
vn -0.59932846 -0.7587696 0.25509778
vn -0.55339444 -0.67574936 0.47671998
vn -0.5412297 -0.6795376 0.4850307
vn -0.59937394 -0.7378782 0.31030202
vn -0.5887397 -0.79681003 -0.07561545
vn -0.5812566 -0.8056947 -0.0075231977
vn -0.61119825 -0.7788371 -0.14089169
vn -0.59346974 -0.79262096 -0.13980958
vn -0.59347916 -0.5949143 -0.5420886
vn -0.6053186 -0.6049112 -0.5173709
vn -0.58690506 -0.44734913 -0.6748497
vn -0.5946799 -0.38112932 -0.7078821
vn -0.5716771 -0.29147753 -0.76695955
vn -0.5829518 -0.33252132 -0.7413486
vn -0.49323905 -0.07384611 -0.8667541
vn 0.6833603 -0.5643687 0.45493928
vn 0.68497485 -0.5078031 0.5224423
vn 0.6854424 -0.5072455 0.5223708
vn 0.68265426 -0.56520647 0.4549442
vn -0.8185029 -0.23811473 0.5228334
vn -0.773746 0.0052262023 0.6264362
vn -0.758909 0.010891192 0.64391077
vn -0.81740576 -0.1618116 0.5528701
vn -0.7917167 -0.3919583 0.46223038
vn -0.8168862 -0.37510931 0.4316409
vn -0.8050644 -0.46425533 0.36924082
vn -0.78874135 -0.5039597 0.35201147
vn -0.7409978 -0.66950667 -0.0518014
vn -0.7518591 -0.6593237 -0.00067940354
vn -0.67891026 -0.69624084 -0.23308747
vn -0.68086886 -0.6777332 -0.27766111
vn -0.7086665 -0.625729 -0.32596818
vn -0.7174412 -0.6322 -0.29257756
vn -0.6228194 -0.5467877 -0.55957067
vn 0.4569904 0.088092685 0.8764322
vn 0.60799366 -0.07216926 0.7906551
vn 0.42668295 0.09333062 0.8907294
vn 0.5876251 -0.014072791 0.809011
vn 0.65637 -0.3019554 0.69083494
vn 0.685327 -0.2887528 0.66809285
vn 0.6989212 -0.46041417 0.5472913
vn 0.6885563 -0.49982283 0.5254211
vn 0.73410887 -0.6648682 0.13796474
vn 0.7566137 -0.62302274 0.19843967
vn 0.739488 -0.67111593 -0.05254227
vn 0.7662789 -0.6424541 -0.0083222985
vn 0.78965265 -0.59406084 -0.15342838
vn 0.79083973 -0.6005405 -0.117997855
vn 0.7542537 -0.5174576 -0.40415215
vn -0.67689836 0.7100667 0.16296068
vn -0.6745107 0.7298326 0.111265615
vn -0.6760975 0.7106902 0.16349825
vn -0.666095 0.7374363 0.11182697
vn -0.6138634 0.78442115 -0.088631354
vn -0.63795406 0.7700393 -0.0073856227
vn -0.64210737 0.7617049 0.08662604
vn -0.5784509 0.8153767 -0.023573555
vn -0.6752132 0.6011851 0.42739218
vn -0.67395675 0.62379295 0.39580944
vn -0.6619126 0.45055464 0.5990598
vn 0.71406525 0.69821393 0.051077858
vn 0.72573316 0.6741345 0.09593575
vn 0.7241926 0.67556316 0.09727956
vn 0.7077044 0.70466036 0.051079344
vn 0.6608595 0.7380225 -0.13633935
vn 0.66626465 0.743716 -0.05457802
vn 0.6758291 0.73670304 -0.022901274
vn 0.6846884 0.72421 0.08199191
vn 0.7417427 0.5505881 0.38297698
vn 0.73992884 0.57358813 0.35142967
vn 0.7276257 0.39015374 0.56421757
vn -0.74347454 0.6114289 0.25418216
vn -0.7536029 0.65714395 0.015654217
vn -0.7187668 0.63194364 0.2729867
vn -0.74473786 0.6648939 0.05729002
vn -0.6014015 0.73812294 -0.30576348
vn -0.6725976 0.7253183 -0.14671887
vn -0.6043488 0.7640668 -0.22575448
vn -0.34582344 0.8456847 -0.40647775
vn 0.62072355 0.7691684 0.1519312
vn 0.58739054 0.7578061 0.26063073
vn 0.53289646 0.78278536 0.29883298
vn 0.6268918 0.7684912 0.1281752
vn 0.5951263 0.7955761 -0.11350967
vn 0.5927773 0.80374813 -0.051040433
vn 0.6370622 0.7683112 0.062053617
vn 0.6427471 0.7506043 0.15320012
vn 0.68893975 0.44621092 0.57119066
vn 0.69379073 0.49644935 0.5217215
vn 0.6433294 0.24879771 0.72403574
vn -0.6754255 0.69750917 -0.239335
vn -0.6559786 0.75022554 -0.0520522
vn -0.63683045 0.7627393 -0.09268239
vn -0.6710181 0.70244575 -0.23728538
vn -0.662258 0.53602946 -0.52353275
vn -0.6904276 0.511103 -0.51194066
vn -0.6791031 0.4941234 -0.54282683
vn -0.61344343 0.46943304 -0.6350746
vn -0.7616371 0.6392466 -0.1061731
vn -0.75924295 0.6449745 -0.08693582
vn -0.7753872 0.609253 0.16608778
vn 0.5961426 0.78533435 0.15107444
vn 0.7267747 0.68595 -0.035656527
vn 0.58791095 0.79755694 0.11413671
vn 0.731446 0.6800036 -0.0508164
vn 0.7999664 0.4690905 -0.37417668
vn 0.79850715 0.4894489 -0.35046604
vn 0.7901658 0.43166527 -0.4350899
vn 0.77561116 0.51795626 -0.3607618
vn 0.77152735 0.6309279 0.08170527
vn 0.76814526 0.6372901 0.061762035
vn 0.73600036 0.60763687 0.29846483
vn 0.6629931 -0.28493965 -0.69227904
vn 0.60035646 -0.087016545 -0.794985
vn 0.67234945 -0.32814842 -0.66352504
vn 0.68300223 -0.39217383 -0.6162045
vn 0.66516495 -0.3693249 -0.6489648
vn 0.70046884 -0.48475718 -0.52378833
vn 0.6785077 -0.50856644 -0.530083
vn 0.70006114 -0.7050149 -0.11344139
vn 0.6789156 -0.72842926 -0.09200516
vn 0.6718347 -0.7327643 -0.030808084
vn 0.6928442 -0.69909453 -0.14503369
vn 0.5970133 -0.7412039 -0.306907
vn 0.589242 -0.70031995 -0.40292174
vn -0.40798274 -0.3738963 -0.83115804
vn -0.49024308 -0.12644643 -0.86236495
vn -0.37327904 -0.27034193 -0.88585156
vn -0.5405153 -0.08731595 -0.83679104
vn -0.51177484 0.14156282 -0.8391341
vn -0.4505716 0.12036105 -0.87597275
vn -0.3786909 0.16708596 -0.9103162
vn -0.30807862 0.14057842 -0.9409174
vn 0.7984739 -0.029173553 -0.60132253
vn 0.6936094 -0.33559877 -0.632325
vn 0.6594098 -0.23617555 -0.70901865
vn 0.8333035 0.033601522 -0.55179393
vn 0.8150317 0.22634888 -0.52594954
vn 0.7897543 0.21315059 -0.5676126
vn 0.766401 0.2027517 -0.60952574
vn 0.73590565 0.18782738 -0.6505106
vn -0.5680771 0.72027445 0.3981124
vn -0.48252776 0.7399714 0.46862537
vn -0.62567025 0.7002588 0.34376538
vn -0.45446408 0.74421406 0.48949793
vn 0.62380046 0.5132032 0.589488
vn 0.61302406 0.5370523 0.57946277
vn 0.6309721 0.4964611 0.5961555
vn 0.6086062 0.54641604 0.57535094
vn -0.88689923 0.3225556 0.33070838
vn -0.93338364 0.24576509 0.26152354
vn -0.8819603 0.30807313 0.35670307
vn -0.9328321 0.26222292 0.24711044
vn -0.92027634 0.31993937 0.22244774
vn -0.9020639 0.35464618 0.24330361
vn -0.7148563 0.6547538 0.24551645
vn -0.69414866 0.6664559 0.27201903
vn -0.7104008 0.52143383 0.45294377
vn -0.68744105 0.5561519 0.44688344
vn -0.8698444 0.1357005 0.47429574
vn -0.8930086 0.12298319 0.4329103
vn -0.955572 -0.08649953 0.28178078
vn -0.9645558 -0.1116047 0.23911688
vn -0.95315534 -0.28785303 0.09293054
vn -0.9512688 -0.3057339 0.04018659
vn -0.8820672 -0.40038595 -0.24829261
vn -0.8582121 -0.39721718 -0.32510203
vn -0.7758647 -0.44174805 -0.45043707
vn 0.22381678 -0.19998762 0.9538928
vn 0.23071879 -0.32195985 0.91821086
vn 0.2123256 -0.18541726 0.95944715
vn 0.23704606 -0.34021956 0.90997815
vn 0.25858423 -0.21069402 0.94174695
vn 0.25784093 -0.16860828 0.95038015
vn 0.31653374 0.21595007 0.9236734
vn 0.29617205 0.24349298 0.9235767
vn 0.29830492 0.07182291 0.94291115
vn 0.3153627 0.11276007 0.9335667
vn 0.30842555 -0.40351632 0.86142266
vn 0.33164403 -0.4346311 0.83732224
vn 0.295216 -0.65736854 0.69333583
vn 0.30349407 -0.6895416 0.65758955
vn 0.24936458 -0.8364715 0.48798874
vn 0.26260617 -0.8581846 0.44108662
vn 0.3116171 -0.9383044 0.1499334
vn 0.34010065 -0.93716586 0.077795744
vn 0.33179724 -0.9403508 -0.07517767
vn -0.3866069 0.9216491 -0.033142865
vn -0.41695794 0.8786427 -0.13586664
vn -0.37668496 0.92624176 -0.013605177
vn -0.42586824 0.8694463 -0.16245747
vn -0.40721217 0.8629775 -0.29907954
vn -0.35430783 0.8416992 -0.407442
vn -0.38494435 0.7800176 -0.4933468
vn -0.39356083 0.7769285 -0.49141884
vn 0.8752288 0.3756715 0.2886424
vn 0.7039463 0.39944923 0.5872822
vn 0.695927 0.4087026 0.59046453
vn 0.88167346 0.36544672 0.2812419
vn 0.8854095 0.41639587 -0.20655598
vn 0.86683327 0.4019494 -0.29502168
vn 0.86846876 0.25868586 -0.42290008
vn 0.87716115 0.23840116 -0.4168382
vn -0.65012985 0.66832393 -0.36148936
vn -0.59532547 0.70783514 -0.3802067
vn -0.62867504 0.71059906 -0.31593794
vn -0.6887937 0.63084567 -0.35720775
vn -0.5579579 0.6241801 -0.54688424
vn -0.445115 0.61802447 -0.6480115
vn -0.43564722 0.61847246 -0.6539905
vn -0.5108568 0.61881113 -0.59673977
vn -0.37175432 0.63445467 -0.67769194
vn -0.348764 0.52280927 -0.77783954
vn -0.28931728 0.14862639 -0.93599117
vn -0.26351374 0.06749326 -0.9529537
vn -0.23776841 -0.06760636 -0.9689666
vn -0.2659101 -0.059833735 -0.9621395
vn -0.25764418 0.23170277 -0.93706226
vn -0.26947176 0.25005186 -0.9289838
vn -0.3320065 0.1875242 -0.92444944
vn -0.33201495 0.18527338 -0.9249001
vn -0.51919115 -0.10973558 -0.84758425
vn -0.52963895 -0.13381107 -0.8376024
vn -0.8290535 -0.3424899 -0.43090302
vn -0.82319355 -0.35204026 -0.43485904
vn -0.89979625 -0.42227268 0.109787524
vn -0.8809015 -0.41636398 0.22506568
vn -0.9143316 -0.38864076 0.113828346
vn -0.90838134 -0.4026859 0.112641044
vn -0.7749033 -0.46993953 -0.4227085
vn -0.7884165 -0.48564202 -0.3775608
vn -0.64048475 -0.40819293 -0.6505065
vn 0.9868275 0.025727775 0.1597186
vn 0.97850704 -0.04887974 0.20033768
vn 0.97193813 0.0031730048 0.23521638
vn 0.97017187 -0.09034346 0.22495535
vn 0.9981307 -0.05293911 -0.030544825
vn 0.9821328 -0.001551874 -0.18818319
vn 0.9780167 -0.002423644 -0.20851341
vn 0.9923601 -0.040867202 -0.11641163
vn 0.9655089 0.041698292 -0.25701004
vn 0.9211067 -0.051768914 -0.3858535
vn 0.82450247 -0.3602649 -0.4167038
vn 0.7748722 -0.4012755 -0.47022766
vn 0.78903085 -0.5308705 -0.3092037
vn 0.79754287 -0.5346727 -0.27937552
vn 0.9203283 -0.30142233 -0.24684262
vn 0.929351 -0.29017633 -0.22564195
vn 0.882754 -0.3854856 -0.26860088
vn 0.8812081 -0.38911927 -0.26843753
vn 0.66417557 -0.72796345 -0.17011833
vn 0.675245 -0.7144971 -0.1831342
vn 0.44958198 -0.87332284 0.012018681
vn 0.45289153 -0.8711753 0.025371462
vn 0.42006385 -0.8835809 0.20695779
vn 0.3536045 -0.8683645 0.34771734
vn 0.4594501 -0.8423602 0.28166544
vn 0.5245266 -0.83622295 0.16001071
vn 0.67032796 -0.73619187 -0.0931782
vn 0.73875827 -0.6402838 -0.21041182
vn 0.7957069 -0.49158418 -0.3538302
vn 0.5671467 0.67044014 0.47838825
vn 0.48211646 0.68076205 0.55147743
vn 0.45421648 0.68222153 0.5729413
vn 0.62437046 0.65762556 0.42153373
vn -0.6216398 0.4328809 0.6528233
vn -0.6111033 0.457853 0.6456963
vn -0.60678124 0.46768042 0.6427222
vn -0.6286464 0.41539854 0.6574558
vn 0.94839597 0.2588919 0.18223712
vn 0.91128945 0.29927754 0.2828163
vn 0.9106345 0.27881652 0.30496964
vn 0.9449676 0.27783406 0.1718505
vn 0.9191414 0.3478778 0.18482623
vn 0.90153736 0.37571818 0.21463224
vn 0.688341 0.63945425 0.34247017
vn 0.6697086 0.64234006 0.3726801
vn 0.67747426 0.46317583 0.54473674
vn 0.6540204 0.4977016 0.5445771
vn 0.8137357 0.0512805 0.57896876
vn 0.84104645 0.041396752 0.5393771
vn 0.9132015 -0.15585956 0.37652487
vn 0.9261479 -0.17729738 0.33289003
vn 0.92547107 -0.33856604 0.16993043
vn 0.9290384 -0.35138813 0.115818754
vn 0.8902035 -0.4156919 -0.18638144
vn 0.8754667 -0.40434545 -0.26469412
vn 0.8065725 -0.43327814 -0.40213308
vn -0.07943472 -0.5185626 0.85082626
vn -0.07917054 -0.43244722 0.8981769
vn -0.06759252 -0.4187885 0.9055649
vn -0.08599757 -0.53519297 0.8398191
vn -0.12416552 -0.42499462 0.89664
vn -0.12500325 -0.3857138 0.91411144
vn -0.23383734 -0.046508074 0.97116315
vn -0.2155921 -0.017981708 0.97631836
vn -0.30517453 -0.09194535 0.92698276
vn -0.32297632 -0.05056259 0.92481196
vn -0.41939807 -0.46688473 0.7785402
vn -0.44076604 -0.4945417 0.7491026
vn -0.39584255 -0.70444524 0.5891234
vn -0.40107593 -0.7327623 0.5497256
vn -0.33297825 -0.8657054 0.3737381
vn -0.3414898 -0.8823594 0.3237701
vn -0.35946402 -0.9328861 0.022580028
vn -0.37940395 -0.92377895 -0.051823556
vn -0.35367805 -0.91318285 -0.20250815
vn 0.37363145 0.9091957 0.0067170262
vn 0.3415938 0.92924654 0.14076489
vn 0.33435065 0.9284327 0.16193411
vn 0.38074997 0.9051806 -0.021480858
vn 0.39910614 0.8959674 -0.19482635
vn 0.34535918 0.88768464 -0.3045383
vn 0.37560278 0.83717054 -0.39757857
vn 0.38425538 0.83393216 -0.3961129
vn -0.6293225 0.19994406 0.75098324
vn -0.85099304 0.2785591 0.405481
vn -0.6213044 0.20875064 0.7552512
vn -0.8575549 0.26946577 0.39674264
vn -0.88981754 0.4320206 -0.14691205
vn -0.8719512 0.42861202 -0.23662901
vn -0.87384814 0.3020137 -0.3810218
vn -0.8823588 0.2810781 -0.37741035
vn 0.71039784 0.66840285 -0.22039358
vn 0.6853401 0.70722336 -0.1736227
vn 0.6595278 0.71194404 -0.24116331
vn 0.74697626 0.6289579 -0.2154984
vn 0.6386718 0.64585847 -0.4182893
vn 0.5380631 0.6542546 -0.5314508
vn 0.52936745 0.6556867 -0.53837335
vn 0.5974586 0.6472853 -0.473356
vn 0.4692238 0.67670155 -0.5673666
vn 0.45400864 0.57596505 -0.6798096
vn 0.29001847 0.30808267 -0.8815503
vn 0.26718223 0.2299678 -0.9127892
vn 0.14052846 0.19332325 -0.9710195
vn 0.16860515 0.20181093 -0.96480334
vn 0.1224962 0.44440728 -0.8874106
vn 0.13406624 0.46166432 -0.8768654
vn 0.1851227 0.39652234 -0.89872694
vn 0.18517451 0.39441872 -0.8996416
vn 0.39850676 0.12847129 -0.9081234
vn 0.4111937 0.10354462 -0.90564835
vn 0.7943269 -0.22330119 -0.5351467
vn 0.78856826 -0.2323015 -0.5404358
vn 0.9033664 -0.42594132 0.050035223
vn 0.8854768 -0.43428028 0.16532356
vn 0.91772765 -0.39294857 0.058032006
vn 0.9118545 -0.406787 0.055187896
vn 0.7739698 -0.4091893 -0.4832548
vn 0.78798777 -0.43018425 -0.4404737
vn 0.63711727 -0.3210913 -0.70070124
vn -0.99713814 0.056021757 0.0507676
vn -0.9918302 0.025924716 0.12490478
vn -0.9961629 -0.02232435 0.08462556
vn -0.99217194 -0.06622472 0.10587578
vn -0.9892313 -0.0041152984 -0.14630446
vn -0.95341873 0.060840473 -0.29545087
vn -0.9470247 0.061664633 -0.31518552
vn -0.97320366 0.015567303 -0.22941798
vn -0.9274846 0.10946222 -0.35747832
vn -0.8718588 0.026373386 -0.48904693
vn -0.7944376 -0.31361243 -0.48285002
vn -0.743974 -0.34381306 -0.54145175
vn -0.77726805 -0.51133376 -0.36659652
vn -0.7823615 -0.523076 -0.33808684
vn -0.92343557 -0.32474676 -0.20446673
vn -0.9304122 -0.31901875 -0.18044612
vn -0.89263535 -0.38984025 -0.22539428
vn -0.89090836 -0.39329863 -0.22621062
vn -0.6524186 -0.7139147 -0.25431484
vn -0.66573155 -0.69861364 -0.2621847
vn -0.4148052 -0.88395464 -0.12448263
vn -0.41716012 -0.8843177 -0.11085734
vn -0.41266045 -0.90526986 0.10098699
vn -0.34502894 -0.90685767 0.24200147
vn -0.45162678 -0.8737608 0.1804883
vn -0.51783615 -0.8533005 0.061030462
vn -0.66653866 -0.72418994 -0.17684942
vn -0.7366215 -0.6151959 -0.28093332
vn -0.7957889 -0.4505274 -0.40465504
vn 0.122492045 -0.55493176 -0.8194022
vn 0.122492045 -0.55493176 -0.8194022
vn 0.050869644 -0.5768328 -0.8152768
vn 0.17312133 -0.49122238 -0.8519014
vn 0.17312121 -0.49122238 -0.8519015
vn 0.13661073 -0.43720943 -0.8886649
vn 0.13661046 -0.43720925 -0.888665
vn 0.10442762 -0.43662748 -0.8913132
vn 0.10442722 -0.43662727 -0.89131325
vn 0.037765235 -0.48311865 -0.8683463
vn 0.03776492 -0.48311853 -0.8683464
vn -0.0288973 -0.5296099 -0.84537935
vn -0.028896645 -0.52961016 -0.8453793
vn -0.045562044 -0.54123294 -0.8396375
vn -0.045561805 -0.5412328 -0.83963764
vn -0.045562103 -0.5412327 -0.8396377
vn -0.045561448 -0.5412324 -0.8396378
vn -0.045562044 -0.54123247 -0.8396378
vn -0.1224916 0.55493176 0.81940234
vn -0.050869554 0.5768328 0.81527686
vn -0.122491896 0.55493164 0.81940234
vn -0.17312124 0.49122202 0.85190153
vn -0.1731212 0.49122193 0.8519017
vn -0.13661037 0.437209 0.88866514
vn -0.13661054 0.43720913 0.888665
vn -0.10442747 0.4366275 0.89131314
vn -0.10442744 0.4366275 0.89131314
vn -0.037765384 0.48311877 0.8683462
vn -0.037765518 0.48311877 0.86834615
vn 0.02889666 0.52961004 0.8453793
vn 0.02889657 0.52961 0.8453793
vn 0.045562103 0.5412328 0.8396376
vn 0.04556191 0.5412325 0.8396378
vn 0.045563236 0.5412322 0.8396379
vn 0.045561 0.54123116 0.8396387
vn 0.04556431 0.54123145 0.83963835
vn -0.15210035 -0.5587647 -0.8089816
vn -0.056534797 -0.59108794 -0.8046236
vn -0.1521003 -0.5587648 -0.8089816
vn -0.24997318 -0.4845534 -0.836903
vn -0.24997309 -0.48455328 -0.8369031
vn -0.21665862 -0.4404471 -0.8704552
vn -0.21665855 -0.44044703 -0.87045527
vn -0.1662643 -0.45222634 -0.87392056
vn -0.16626415 -0.45222628 -0.8739207
vn -0.10717307 -0.50821626 -0.8478281
vn -0.10717325 -0.50821626 -0.84782803
vn -0.048082024 -0.5642061 -0.82173556
vn -0.048081636 -0.5642061 -0.82173556
vn -0.03330913 -0.57820356 -0.81521237
vn -0.03330955 -0.5782033 -0.8152125
vn -0.033308804 -0.57820326 -0.8152126
vn -0.033309698 -0.57820284 -0.8152129
vn -0.033308238 -0.57820296 -0.8152129
vn 0.15210032 0.55876476 0.8089816
vn 0.1521003 0.5587648 0.8089816
vn 0.056534708 0.59108794 0.8046236
vn 0.24997288 0.48455328 0.8369032
vn 0.24997304 0.48455334 0.8369031
vn 0.21665856 0.4404468 0.8704553
vn 0.21665856 0.4404468 0.8704553
vn 0.16626441 0.45222616 0.87392056
vn 0.16626443 0.45222622 0.87392056
vn 0.107173204 0.50821626 0.84782803
vn 0.107173234 0.5082162 0.84782803
vn 0.048081905 0.56420624 0.82173544
vn 0.048082054 0.56420624 0.82173544
vn 0.033308953 0.5782038 0.81521237
vn 0.03330943 0.5782033 0.81521255
vn 0.03330785 0.578203 0.8152129
vn 0.03331098 0.5782017 0.81521374
vn 0.033306032 0.57820195 0.81521374
g 0.1667_0
f 3/3/3 2/2/2 1/1/1
f 6/6/6 5/5/5 4/4/4
f 9/9/9 8/8/8 7/7/7
f 12/12/12 11/11/11 10/10/10
f 15/15/15 14/14/14 13/13/13
f 18/18/18 17/17/17 16/16/16
f 21/21/21 20/20/20 19/19/19
f 24/24/24 23/23/23 22/22/22
f 27/27/27 26/26/26 25/25/25
f 30/30/30 29/29/29 28/28/28
f 33/33/33 32/32/32 31/31/31
f 36/36/36 35/35/35 34/34/34
f 39/39/39 38/38/38 37/37/37
f 39/39/39 37/37/37 40/40/40
f 41/41/41 40/40/40 37/37/37
f 40/40/40 42/42/42 39/39/39
f 43/43/43 39/39/39 42/42/42
f 43/43/43 44/44/44 39/39/39
f 45/45/45 39/39/39 44/44/44
f 43/43/43 42/42/42 46/46/46
f 47/47/47 46/46/46 42/42/42
f 47/47/47 48/48/48 46/46/46
f 46/46/46 49/49/49 43/43/43
f 50/50/50 43/43/43 49/49/49
f 51/51/51 46/46/46 48/48/48
f 52/52/52 46/46/46 51/51/51
f 51/51/51 48/48/48 53/53/53
f 54/54/54 53/53/53 48/48/48
f 57/57/57 56/56/56 55/55/55
f 58/58/58 55/55/55 56/56/56
f 55/55/55 58/58/58 59/59/59
f 60/60/60 59/59/59 58/58/58
f 61/61/61 59/59/59 60/60/60
f 61/61/61 62/62/62 59/59/59
f 63/63/63 59/59/59 62/62/62
f 63/63/63 62/62/62 64/64/64
f 62/62/62 61/61/61 65/65/65
f 66/66/66 65/65/65 61/61/61
f 67/67/67 64/64/64 62/62/62
f 62/62/62 65/65/65 67/67/67
f 68/68/68 64/64/64 67/67/67
f 68/68/68 69/69/69 64/64/64
f 70/70/70 64/64/64 69/69/69
f 71/71/71 67/67/67 65/65/65
f 65/65/65 66/66/66 72/72/72
f 65/65/65 72/72/72 71/71/71
f 73/73/73 72/72/72 66/66/66
f 74/74/74 71/71/71 72/72/72
f 77/77/77 76/76/76 75/75/75
f 75/75/75 76/76/76 78/78/78
f 79/79/79 78/78/78 76/76/76
f 78/78/78 79/79/79 80/80/80
f 81/81/81 80/80/80 79/79/79
f 81/81/81 79/79/79 82/82/82
f 83/83/83 82/82/82 79/79/79
f 79/79/79 76/76/76 83/83/83
f 82/82/82 83/83/83 84/84/84
f 84/84/84 83/83/83 85/85/85
f 86/86/86 83/83/83 76/76/76
f 76/76/76 87/87/87 86/86/86
f 88/88/88 86/86/86 87/87/87
f 89/89/89 85/85/85 83/83/83
f 83/83/83 86/86/86 89/89/89
f 89/89/89 90/90/90 85/85/85
f 91/91/91 85/85/85 90/90/90
f 90/90/90 92/92/92 91/91/91
f 92/92/92 90/90/90 93/93/93
f 94/94/94 93/93/93 90/90/90
f 90/90/90 95/95/95 94/94/94
f 90/90/90 89/89/89 95/95/95
f 96/96/96 94/94/94 95/95/95
f 97/97/97 95/95/95 89/89/89
f 97/97/97 89/89/89 86/86/86
f 98/98/98 95/95/95 97/97/97
f 97/97/97 86/86/86 99/99/99
f 100/100/100 99/99/99 86/86/86
f 103/103/103 102/102/102 101/101/101
f 104/104/104 101/101/101 102/102/102
f 101/101/101 104/104/104 105/105/105
f 106/106/106 105/105/105 104/104/104
f 109/109/109 108/108/108 107/107/107
f 110/110/110 107/107/107 108/108/108
f 113/113/113 112/112/112 111/111/111
f 114/114/114 111/111/111 112/112/112
f 117/117/117 116/116/116 115/115/115
f 118/118/118 115/115/115 116/116/116
f 115/115/115 118/118/118 119/119/119
f 120/120/120 119/119/119 118/118/118
f 123/123/123 122/122/122 121/121/121
f 124/124/124 121/121/121 122/122/122
f 127/127/127 126/126/126 125/125/125
f 128/128/128 125/125/125 126/126/126
f 131/131/131 130/130/130 129/129/129
f 132/132/132 129/129/129 130/130/130
f 129/129/129 132/132/132 133/133/133
f 134/134/134 133/133/133 132/132/132
f 137/137/137 136/136/136 135/135/135
f 138/138/138 135/135/135 136/136/136
f 141/141/141 140/140/140 139/139/139
f 142/142/142 139/139/139 140/140/140
f 145/145/145 144/144/144 143/143/143
f 146/146/146 143/143/143 144/144/144
f 146/146/146 147/147/147 143/143/143
f 148/148/148 143/143/143 147/147/147
f 148/148/148 147/147/147 149/149/149
f 150/150/150 149/149/149 147/147/147
f 150/150/150 151/151/151 149/149/149
f 152/152/152 149/149/149 151/151/151
f 155/155/155 154/154/154 153/153/153
f 156/156/156 153/153/153 154/154/154
f 153/153/153 156/156/156 157/157/157
f 154/154/154 158/158/158 156/156/156
f 159/159/159 157/157/157 156/156/156
f 157/157/157 159/159/159 160/160/160
f 161/161/161 156/156/156 158/158/158
f 156/156/156 161/161/161 159/159/159
f 162/162/162 160/160/160 159/159/159
f 160/160/160 162/162/162 163/163/163
f 164/164/164 163/163/163 162/162/162
f 161/161/161 158/158/158 165/165/165
f 166/166/166 165/165/165 158/158/158
f 165/165/165 166/166/166 167/167/167
f 168/168/168 167/167/167 166/166/166
f 168/168/168 169/169/169 167/167/167
f 170/170/170 159/159/159 161/161/161
f 159/159/159 170/170/170 162/162/162
f 162/162/162 171/171/171 164/164/164
f 172/172/172 164/164/164 171/171/171
f 165/165/165 173/173/173 161/161/161
f 170/170/170 161/161/161 173/173/173
f 174/174/174 162/162/162 170/170/170
f 174/174/174 171/171/171 162/162/162
f 174/174/174 170/170/170 175/175/175
f 174/174/174 175/175/175 171/171/171
f 173/173/173 175/175/175 170/170/170
f 171/171/171 176/176/176 172/172/172
f 176/176/176 171/171/171 175/175/175
f 177/177/177 172/172/172 176/176/176
f 176/176/176 175/175/175 178/178/178
f 176/176/176 178/178/178 177/177/177
f 175/175/175 173/173/173 178/178/178
f 179/179/179 177/177/177 178/178/178
f 179/179/179 178/178/178 169/169/169
f 173/173/173 165/165/165 180/180/180
f 180/180/180 178/178/178 173/173/173
f 167/167/167 180/180/180 165/165/165
f 180/180/180 181/181/181 178/178/178
f 167/167/167 182/182/182 180/180/180
f 183/183/183 178/178/178 181/181/181
f 182/182/182 167/167/167 184/184/184
f 185/185/185 169/169/169 178/178/178
f 178/178/178 183/183/183 185/185/185
f 184/184/184 185/185/185 183/183/183
f 185/185/185 167/167/167 169/169/169
f 185/185/185 184/184/184 167/167/167
f 188/188/188 187/187/187 186/186/186
f 189/189/189 186/186/186 187/187/187
f 186/186/186 189/189/189 190/190/190
f 191/191/191 190/190/190 189/189/189
f 194/194/194 193/193/193 192/192/192
f 195/195/195 192/192/192 193/193/193
f 198/198/198 197/197/197 196/196/196
f 199/199/199 196/196/196 197/197/197
f 202/202/202 201/201/201 200/200/200
f 203/203/203 200/200/200 201/201/201
f 200/200/200 203/203/203 204/204/204
f 205/205/205 204/204/204 203/203/203
f 208/208/208 207/207/207 206/206/206
f 209/209/209 206/206/206 207/207/207
f 212/212/212 211/211/211 210/210/210
f 213/213/213 210/210/210 211/211/211
f 216/216/216 215/215/215 214/214/214
f 217/217/217 214/214/214 215/215/215
f 214/214/214 217/217/217 218/218/218
f 219/219/219 218/218/218 217/217/217
f 222/222/222 221/221/221 220/220/220
f 223/223/223 220/220/220 221/221/221
f 226/226/226 225/225/225 224/224/224
f 227/227/227 224/224/224 225/225/225
f 230/230/230 229/229/229 228/228/228
f 231/231/231 228/228/228 229/229/229
f 231/231/231 232/232/232 228/228/228
f 233/233/233 228/228/228 232/232/232
f 236/236/236 235/235/235 234/234/234
f 237/237/237 234/234/234 235/235/235
f 235/235/235 238/238/238 237/237/237
f 239/239/239 237/237/237 238/238/238
f 242/242/242 241/241/241 240/240/240
f 243/243/243 240/240/240 241/241/241
f 246/246/246 245/245/245 244/244/244
f 247/247/247 244/244/244 245/245/245
f 245/245/245 248/248/248 247/247/247
f 249/249/249 244/244/244 247/247/247
f 249/249/249 247/247/247 250/250/250
f 249/249/249 250/250/250 251/251/251
f 252/252/252 247/247/247 248/248/248
f 252/252/252 250/250/250 247/247/247
f 248/248/248 253/253/253 252/252/252
f 254/254/254 252/252/252 253/253/253
f 252/252/252 254/254/254 250/250/250
f 253/253/253 255/255/255 254/254/254
f 256/256/256 254/254/254 255/255/255
f 257/257/257 254/254/254 256/256/256
f 257/257/257 250/250/250 254/254/254
f 257/257/257 258/258/258 250/250/250
f 259/259/259 251/251/251 250/250/250
f 259/259/259 250/250/250 258/258/258
f 260/260/260 251/251/251 259/259/259
f 260/260/260 259/259/259 258/258/258
f 263/263/263 262/262/262 261/261/261
f 264/264/264 261/261/261 262/262/262
f 262/262/262 265/265/265 264/264/264
f 266/266/266 264/264/264 265/265/265
f 269/269/269 268/268/268 267/267/267
f 270/270/270 267/267/267 268/268/268
f 267/267/267 270/270/270 271/271/271
f 272/272/272 271/271/271 270/270/270
f 273/273/273 271/271/271 272/272/272
f 276/276/276 275/275/275 274/274/274
f 277/277/277 274/274/274 275/275/275
f 275/275/275 278/278/278 277/277/277
f 279/279/279 277/277/277 278/278/278
f 282/282/282 281/281/281 280/280/280
f 281/281/281 282/282/282 283/283/283
f 284/284/284 283/283/283 282/282/282
f 285/285/285 283/283/283 284/284/284
f 288/288/288 287/287/287 286/286/286
f 289/289/289 286/286/286 287/287/287
f 287/287/287 290/290/290 289/289/289
f 291/291/291 289/289/289 290/290/290
f 290/290/290 292/292/292 291/291/291
f 293/293/293 291/291/291 292/292/292
f 292/292/292 294/294/294 293/293/293
f 295/295/295 293/293/293 294/294/294
f 298/298/298 297/297/297 296/296/296
f 299/299/299 296/296/296 297/297/297
f 297/297/297 300/300/300 299/299/299
f 301/301/301 299/299/299 300/300/300
f 300/300/300 302/302/302 301/301/301
f 303/303/303 301/301/301 302/302/302
f 302/302/302 304/304/304 303/303/303
f 305/305/305 303/303/303 304/304/304
f 308/308/308 307/307/307 306/306/306
f 309/309/309 306/306/306 307/307/307
f 307/307/307 310/310/310 309/309/309
f 311/311/311 309/309/309 310/310/310
f 310/310/310 312/312/312 311/311/311
f 313/313/313 311/311/311 312/312/312
f 312/312/312 314/314/314 313/313/313
f 315/315/315 313/313/313 314/314/314
f 318/318/318 317/317/317 316/316/316
f 319/319/319 316/316/316 317/317/317
f 317/317/317 320/320/320 319/319/319
f 321/321/321 319/319/319 320/320/320
f 320/320/320 322/322/322 321/321/321
f 323/323/323 321/321/321 322/322/322
f 322/322/322 324/324/324 323/323/323
f 325/325/325 323/323/323 324/324/324
f 328/328/328 327/327/327 326/326/326
f 329/329/329 326/326/326 327/327/327
f 327/327/327 330/330/330 329/329/329
f 331/331/331 329/329/329 330/330/330
f 330/330/330 332/332/332 331/331/331
f 333/333/333 331/331/331 332/332/332
f 332/332/332 334/334/334 333/333/333
f 335/335/335 333/333/333 334/334/334
f 338/338/338 337/337/337 336/336/336
f 339/339/339 336/336/336 337/337/337
f 337/337/337 340/340/340 339/339/339
f 341/341/341 339/339/339 340/340/340
f 340/340/340 342/342/342 341/341/341
f 343/343/343 341/341/341 342/342/342
f 342/342/342 344/344/344 343/343/343
f 345/345/345 343/343/343 344/344/344
f 348/348/348 347/347/347 346/346/346
f 349/349/349 346/346/346 347/347/347
f 346/346/346 349/349/349 350/350/350
f 351/351/351 350/350/350 349/349/349
f 351/351/351 352/352/352 350/350/350
f 353/353/353 350/350/350 352/352/352
f 353/353/353 352/352/352 354/354/354
f 355/355/355 354/354/354 352/352/352
f 358/358/358 357/357/357 356/356/356
f 359/359/359 356/356/356 357/357/357
f 356/356/356 359/359/359 360/360/360
f 361/361/361 360/360/360 359/359/359
f 360/360/360 361/361/361 362/362/362
f 363/363/363 362/362/362 361/361/361
f 363/363/363 364/364/364 362/362/362
f 365/365/365 362/362/362 364/364/364
f 368/368/368 367/367/367 366/366/366
f 369/369/369 366/366/366 367/367/367
f 367/367/367 370/370/370 369/369/369
f 371/371/371 369/369/369 370/370/370
f 374/374/374 373/373/373 372/372/372
f 375/375/375 372/372/372 373/373/373
f 373/373/373 376/376/376 375/375/375
f 377/377/377 375/375/375 376/376/376
f 380/380/380 379/379/379 378/378/378
f 381/381/381 378/378/378 379/379/379
f 378/378/378 381/381/381 382/382/382
f 383/383/383 382/382/382 381/381/381
f 383/383/383 384/384/384 382/382/382
f 385/385/385 382/382/382 384/384/384
f 384/384/384 386/386/386 385/385/385
f 387/387/387 385/385/385 386/386/386
f 390/390/390 389/389/389 388/388/388
f 391/391/391 388/388/388 389/389/389
f 388/388/388 391/391/391 392/392/392
f 393/393/393 392/392/392 391/391/391
f 393/393/393 394/394/394 392/392/392
f 395/395/395 392/392/392 394/394/394
f 395/395/395 394/394/394 396/396/396
f 397/397/397 396/396/396 394/394/394
f 400/400/400 399/399/399 398/398/398
f 401/401/401 398/398/398 399/399/399
f 399/399/399 402/402/402 401/401/401
f 403/403/403 401/401/401 402/402/402
f 406/406/406 405/405/405 404/404/404
f 407/407/407 404/404/404 405/405/405
f 405/405/405 408/408/408 407/407/407
f 409/409/409 407/407/407 408/408/408
f 412/412/412 411/411/411 410/410/410
f 413/413/413 410/410/410 411/411/411
f 411/411/411 414/414/414 413/413/413
f 415/415/415 413/413/413 414/414/414
f 418/418/418 417/417/417 416/416/416
f 419/419/419 416/416/416 417/417/417
f 419/419/419 417/417/417 420/420/420
f 421/421/421 420/420/420 417/417/417
f 424/424/424 423/423/423 422/422/422
f 425/425/425 422/422/422 423/423/423
f 428/428/428 427/427/427 426/426/426
f 429/429/429 426/426/426 427/427/427
f 432/432/432 431/431/431 430/430/430
f 433/433/433 430/430/430 431/431/431
f 434/434/434 430/430/430 433/433/433
f 437/437/437 436/436/436 435/435/435
f 438/438/438 435/435/435 436/436/436
f 438/438/438 436/436/436 439/439/439
f 440/440/440 439/439/439 436/436/436
f 439/439/439 440/440/440 441/441/441
f 442/442/442 441/441/441 440/440/440
f 441/441/441 442/442/442 443/443/443
f 444/444/444 443/443/443 442/442/442
f 444/444/444 445/445/445 443/443/443
f 446/446/446 443/443/443 445/445/445
f 445/445/445 447/447/447 446/446/446
f 448/448/448 446/446/446 447/447/447
f 449/449/449 448/448/448 447/447/447
f 452/452/452 451/451/451 450/450/450
f 453/453/453 450/450/450 451/451/451
f 453/453/453 454/454/454 450/450/450
f 455/455/455 450/450/450 454/454/454
f 454/454/454 456/456/456 455/455/455
f 457/457/457 455/455/455 456/456/456
f 456/456/456 458/458/458 457/457/457
f 459/459/459 457/457/457 458/458/458
f 458/458/458 460/460/460 459/459/459
f 461/461/461 459/459/459 460/460/460
f 461/461/461 460/460/460 462/462/462
f 463/463/463 462/462/462 460/460/460
f 464/464/464 462/462/462 463/463/463
f 467/467/467 466/466/466 465/465/465
f 468/468/468 465/465/465 466/466/466
f 466/466/466 469/469/469 468/468/468
f 470/470/470 468/468/468 469/469/469
f 469/469/469 471/471/471 470/470/470
f 472/472/472 470/470/470 471/471/471
f 472/472/472 471/471/471 473/473/473
f 474/474/474 473/473/473 471/471/471
f 474/474/474 475/475/475 473/473/473
f 476/476/476 473/473/473 475/475/475
f 476/476/476 475/475/475 477/477/477
f 478/478/478 477/477/477 475/475/475
f 479/479/479 477/477/477 478/478/478
f 482/482/482 481/481/481 480/480/480
f 483/483/483 480/480/480 481/481/481
f 486/486/486 485/485/485 484/484/484
f 487/487/487 484/484/484 485/485/485
f 487/487/487 485/485/485 488/488/488
f 489/489/489 488/488/488 485/485/485
f 489/489/489 490/490/490 488/488/488
f 491/491/491 488/488/488 490/490/490
f 491/491/491 490/490/490 492/492/492
f 493/493/493 492/492/492 490/490/490
f 493/493/493 494/494/494 492/492/492
f 495/495/495 492/492/492 494/494/494
f 495/495/495 494/494/494 496/496/496
f 497/497/497 496/496/496 494/494/494
f 498/498/498 496/496/496 497/497/497
f 501/501/501 500/500/500 499/499/499
f 502/502/502 499/499/499 500/500/500
f 502/502/502 503/503/503 499/499/499
f 504/504/504 499/499/499 503/503/503
f 504/504/504 503/503/503 505/505/505
f 506/506/506 505/505/505 503/503/503
f 506/506/506 507/507/507 505/505/505
f 508/508/508 505/505/505 507/507/507
f 507/507/507 509/509/509 508/508/508
f 510/510/510 508/508/508 509/509/509
f 509/509/509 511/511/511 510/510/510
f 512/512/512 510/510/510 511/511/511
f 513/513/513 512/512/512 511/511/511
f 516/516/516 515/515/515 514/514/514
f 517/517/517 514/514/514 515/515/515
f 514/514/514 517/517/517 518/518/518
f 519/519/519 518/518/518 517/517/517
f 519/519/519 520/520/520 518/518/518
f 521/521/521 518/518/518 520/520/520
f 521/521/521 520/520/520 522/522/522
f 523/523/523 522/522/522 520/520/520
f 524/524/524 522/522/522 523/523/523
f 527/527/527 526/526/526 525/525/525
f 528/528/528 525/525/525 526/526/526
f 526/526/526 529/529/529 528/528/528
f 530/530/530 528/528/528 529/529/529
f 529/529/529 531/531/531 530/530/530
f 532/532/532 530/530/530 531/531/531
f 531/531/531 533/533/533 532/532/532
f 534/534/534 532/532/532 533/533/533
f 535/535/535 534/534/534 533/533/533
f 538/538/538 537/537/537 536/536/536
f 539/539/539 536/536/536 537/537/537
f 536/536/536 539/539/539 540/540/540
f 541/541/541 540/540/540 539/539/539
f 541/541/541 542/542/542 540/540/540
f 543/543/543 540/540/540 542/542/542
f 546/546/546 545/545/545 544/544/544
f 547/547/547 544/544/544 545/545/545
f 545/545/545 548/548/548 547/547/547
f 549/549/549 547/547/547 548/548/548
f 548/548/548 550/550/550 549/549/549
f 551/551/551 549/549/549 550/550/550
f 550/550/550 552/552/552 551/551/551
f 553/553/553 551/551/551 552/552/552
f 554/554/554 553/553/553 552/552/552
f 557/557/557 556/556/556 555/555/555
f 558/558/558 555/555/555 556/556/556
f 558/558/558 556/556/556 559/559/559
f 560/560/560 559/559/559 556/556/556
f 560/560/560 561/561/561 559/559/559
f 562/562/562 559/559/559 561/561/561
f 561/561/561 563/563/563 562/562/562
f 564/564/564 562/562/562 563/563/563
f 565/565/565 564/564/564 563/563/563
f 568/568/568 567/567/567 566/566/566
f 569/569/569 566/566/566 567/567/567
f 569/569/569 570/570/570 566/566/566
f 571/571/571 566/566/566 570/570/570
f 570/570/570 572/572/572 571/571/571
f 573/573/573 571/571/571 572/572/572
f 572/572/572 574/574/574 573/573/573
f 575/575/575 573/573/573 574/574/574
f 576/576/576 575/575/575 574/574/574
f 579/579/579 578/578/578 577/577/577
f 578/578/578 580/580/580 577/577/577
f 581/581/581 577/577/577 580/580/580
f 580/580/580 582/582/582 581/581/581
f 583/583/583 581/581/581 582/582/582
f 582/582/582 584/584/584 583/583/583
f 585/585/585 583/583/583 584/584/584
f 585/585/585 584/584/584 586/586/586
f 587/587/587 586/586/586 584/584/584
f 586/586/586 587/587/587 588/588/588
f 589/589/589 588/588/588 587/587/587
f 592/592/592 591/591/591 590/590/590
f 593/593/593 590/590/590 591/591/591
f 593/593/593 594/594/594 590/590/590
f 595/595/595 590/590/590 594/594/594
f 594/594/594 596/596/596 595/595/595
f 597/597/597 595/595/595 596/596/596
f 600/600/600 599/599/599 598/598/598
f 601/601/601 598/598/598 599/599/599
f 601/601/601 599/599/599 602/602/602
f 603/603/603 602/602/602 599/599/599
f 602/602/602 603/603/603 604/604/604
f 605/605/605 604/604/604 603/603/603
f 608/608/608 607/607/607 606/606/606
f 607/607/607 609/609/609 606/606/606
f 610/610/610 606/606/606 609/609/609
f 609/609/609 607/607/607 611/611/611
f 612/612/612 611/611/611 607/607/607
f 612/612/612 607/607/607 613/613/613
f 614/614/614 613/613/613 607/607/607
f 612/612/612 615/615/615 611/611/611
f 616/616/616 611/611/611 615/615/615
f 616/616/616 615/615/615 617/617/617
f 615/615/615 612/612/612 618/618/618
f 619/619/619 618/618/618 612/612/612
f 620/620/620 617/617/617 615/615/615
f 615/615/615 621/621/621 620/620/620
f 620/620/620 622/622/622 617/617/617
f 623/623/623 617/617/617 622/622/622
f 626/626/626 625/625/625 624/624/624
f 627/627/627 624/624/624 625/625/625
f 625/625/625 628/628/628 627/627/627
f 629/629/629 627/627/627 628/628/628
f 628/628/628 630/630/630 629/629/629
f 630/630/630 628/628/628 631/631/631
f 632/632/632 631/631/631 628/628/628
f 632/632/632 633/633/633 631/631/631
f 631/631/631 634/634/634 630/630/630
f 635/635/635 630/630/630 634/634/634
f 636/636/636 631/631/631 633/633/633
f 631/631/631 636/636/636 634/634/634
f 637/637/637 636/636/636 633/633/633
f 637/637/637 633/633/633 638/638/638
f 639/639/639 638/638/638 633/633/633
f 640/640/640 634/634/634 636/636/636
f 634/634/634 641/641/641 635/635/635
f 634/634/634 640/640/640 641/641/641
f 642/642/642 635/635/635 641/641/641
f 643/643/643 641/641/641 640/640/640
f 646/646/646 645/645/645 644/644/644
f 644/644/644 647/647/647 646/646/646
f 648/648/648 646/646/646 647/647/647
f 647/647/647 649/649/649 648/648/648
f 650/650/650 648/648/648 649/649/649
f 650/650/650 651/651/651 648/648/648
f 652/652/652 648/648/648 651/651/651
f 648/648/648 652/652/652 646/646/646
f 653/653/653 652/652/652 651/651/651
f 653/653/653 654/654/654 652/652/652
f 655/655/655 646/646/646 652/652/652
f 646/646/646 655/655/655 656/656/656
f 657/657/657 656/656/656 655/655/655
f 658/658/658 652/652/652 654/654/654
f 652/652/652 658/658/658 655/655/655
f 658/658/658 654/654/654 659/659/659
f 660/660/660 659/659/659 654/654/654
f 661/661/661 659/659/659 660/660/660
f 661/661/661 662/662/662 659/659/659
f 663/663/663 659/659/659 662/662/662
f 659/659/659 663/663/663 664/664/664
f 659/659/659 664/664/664 658/658/658
f 665/665/665 664/664/664 663/663/663
f 666/666/666 658/658/658 664/664/664
f 666/666/666 655/655/655 658/658/658
f 664/664/664 667/667/667 666/666/666
f 666/666/666 668/668/668 655/655/655
f 669/669/669 655/655/655 668/668/668
f 672/672/672 671/671/671 670/670/670
f 673/673/673 670/670/670 671/671/671
f 671/671/671 674/674/674 673/673/673
f 675/675/675 673/673/673 674/674/674
f 678/678/678 677/677/677 676/676/676
f 679/679/679 676/676/676 677/677/677
f 682/682/682 681/681/681 680/680/680
f 683/683/683 680/680/680 681/681/681
f 686/686/686 685/685/685 684/684/684
f 687/687/687 684/684/684 685/685/685
f 685/685/685 688/688/688 687/687/687
f 689/689/689 687/687/687 688/688/688
f 692/692/692 691/691/691 690/690/690
f 693/693/693 690/690/690 691/691/691
f 696/696/696 695/695/695 694/694/694
f 697/697/697 694/694/694 695/695/695
f 697/697/697 698/698/698 694/694/694
f 699/699/699 694/694/694 698/698/698
f 694/694/694 699/699/699 700/700/700
f 701/701/701 700/700/700 699/699/699
f 700/700/700 701/701/701 702/702/702
f 703/703/703 702/702/702 701/701/701
f 702/702/702 703/703/703 704/704/704
f 705/705/705 704/704/704 703/703/703
f 708/708/708 707/707/707 706/706/706
f 709/709/709 706/706/706 707/707/707
f 707/707/707 710/710/710 709/709/709
f 711/711/711 709/709/709 710/710/710
f 714/714/714 713/713/713 712/712/712
f 715/715/715 712/712/712 713/713/713
f 718/718/718 717/717/717 716/716/716
f 719/719/719 716/716/716 717/717/717
f 722/722/722 721/721/721 720/720/720
f 723/723/723 720/720/720 721/721/721
f 723/723/723 721/721/721 724/724/724
f 725/725/725 724/724/724 721/721/721
f 725/725/725 726/726/726 724/724/724
f 727/727/727 724/724/724 726/726/726
f 727/727/727 726/726/726 728/728/728
f 729/729/729 728/728/728 726/726/726
f 732/732/732 731/731/731 730/730/730
f 733/733/733 730/730/730 731/731/731
f 731/731/731 734/734/734 733/733/733
f 730/730/730 733/733/733 735/735/735
f 736/736/736 733/733/733 734/734/734
f 734/734/734 737/737/737 736/736/736
f 738/738/738 735/735/735 733/733/733
f 733/733/733 736/736/736 738/738/738
f 739/739/739 736/736/736 737/737/737
f 737/737/737 740/740/740 739/739/739
f 741/741/741 739/739/739 740/740/740
f 738/738/738 742/742/742 735/735/735
f 743/743/743 735/735/735 742/742/742
f 742/742/742 744/744/744 743/743/743
f 745/745/745 743/743/743 744/744/744
f 745/745/745 744/744/744 746/746/746
f 747/747/747 738/738/738 736/736/736
f 736/736/736 739/739/739 747/747/747
f 739/739/739 741/741/741 748/748/748
f 749/749/749 748/748/748 741/741/741
f 742/742/742 738/738/738 750/750/750
f 747/747/747 750/750/750 738/738/738
f 751/751/751 747/747/747 739/739/739
f 748/748/748 751/751/751 739/739/739
f 751/751/751 752/752/752 747/747/747
f 751/751/751 748/748/748 752/752/752
f 750/750/750 747/747/747 752/752/752
f 748/748/748 749/749/749 753/753/753
f 753/753/753 752/752/752 748/748/748
f 754/754/754 753/753/753 749/749/749
f 752/752/752 753/753/753 755/755/755
f 753/753/753 754/754/754 755/755/755
f 752/752/752 755/755/755 750/750/750
f 756/756/756 755/755/755 754/754/754
f 756/756/756 746/746/746 755/755/755
f 750/750/750 757/757/757 742/742/742
f 757/757/757 750/750/750 755/755/755
f 744/744/744 742/742/742 757/757/757
f 757/757/757 755/755/755 758/758/758
f 744/744/744 757/757/757 759/759/759
f 760/760/760 758/758/758 755/755/755
f 759/759/759 761/761/761 744/744/744
f 762/762/762 755/755/755 746/746/746
f 755/755/755 762/762/762 760/760/760
f 762/762/762 746/746/746 744/744/744
f 761/761/761 760/760/760 762/762/762
f 762/762/762 744/744/744 761/761/761
f 765/765/765 764/764/764 763/763/763
f 766/766/766 763/763/763 764/764/764
f 764/764/764 767/767/767 766/766/766
f 768/768/768 766/766/766 767/767/767
f 771/771/771 770/770/770 769/769/769
f 772/772/772 769/769/769 770/770/770
f 775/775/775 774/774/774 773/773/773
f 776/776/776 773/773/773 774/774/774
f 779/779/779 778/778/778 777/777/777
f 780/780/780 777/777/777 778/778/778
f 778/778/778 781/781/781 780/780/780
f 782/782/782 780/780/780 781/781/781
f 785/785/785 784/784/784 783/783/783
f 786/786/786 783/783/783 784/784/784
f 789/789/789 788/788/788 787/787/787
f 790/790/790 787/787/787 788/788/788
f 793/793/793 792/792/792 791/791/791
f 794/794/794 791/791/791 792/792/792
f 792/792/792 795/795/795 794/794/794
f 796/796/796 794/794/794 795/795/795
f 799/799/799 798/798/798 797/797/797
f 800/800/800 797/797/797 798/798/798
f 803/803/803 802/802/802 801/801/801
f 804/804/804 801/801/801 802/802/802
f 807/807/807 806/806/806 805/805/805
f 808/808/808 805/805/805 806/806/806
f 808/808/808 806/806/806 809/809/809
f 810/810/810 809/809/809 806/806/806
f 813/813/813 812/812/812 811/811/811
f 814/814/814 811/811/811 812/812/812
f 811/811/811 814/814/814 815/815/815
f 816/816/816 815/815/815 814/814/814
f 819/819/819 818/818/818 817/817/817
f 820/820/820 817/817/817 818/818/818
f 823/823/823 822/822/822 821/821/821
f 824/824/824 821/821/821 822/822/822
f 822/822/822 825/825/825 824/824/824
f 824/824/824 825/825/825 826/826/826
f 821/821/821 824/824/824 827/827/827
f 825/825/825 828/828/828 826/826/826
f 829/829/829 827/827/827 824/824/824
f 826/826/826 829/829/829 824/824/824
f 827/827/827 829/829/829 830/830/830
f 831/831/831 830/830/830 829/829/829
f 829/829/829 826/826/826 831/831/831
f 830/830/830 831/831/831 832/832/832
f 833/833/833 832/832/832 831/831/831
f 831/831/831 834/834/834 833/833/833
f 834/834/834 831/831/831 826/826/826
f 834/834/834 826/826/826 835/835/835
f 836/836/836 826/826/826 828/828/828
f 836/836/836 835/835/835 826/826/826
f 828/828/828 837/837/837 836/836/836
f 836/836/836 837/837/837 835/835/835
f 840/840/840 839/839/839 838/838/838
f 841/841/841 838/838/838 839/839/839
f 838/838/838 841/841/841 842/842/842
f 843/843/843 842/842/842 841/841/841
f 846/846/846 845/845/845 844/844/844
f 847/847/847 844/844/844 845/845/845
f 845/845/845 848/848/848 847/847/847
f 849/849/849 847/847/847 848/848/848
f 848/848/848 850/850/850 849/849/849
f 853/853/853 852/852/852 851/851/851
f 854/854/854 851/851/851 852/852/852
f 851/851/851 854/854/854 855/855/855
f 856/856/856 855/855/855 854/854/854
f 859/859/859 858/858/858 857/857/857
f 857/857/857 860/860/860 859/859/859
f 861/861/861 859/859/859 860/860/860
f 860/860/860 862/862/862 861/861/861
f 865/865/865 864/864/864 863/863/863
f 866/866/866 863/863/863 864/864/864
f 863/863/863 866/866/866 867/867/867
f 868/868/868 867/867/867 866/866/866
f 867/867/867 868/868/868 869/869/869
f 870/870/870 869/869/869 868/868/868
f 869/869/869 870/870/870 871/871/871
f 872/872/872 871/871/871 870/870/870
f 875/875/875 874/874/874 873/873/873
f 876/876/876 873/873/873 874/874/874
f 873/873/873 876/876/876 877/877/877
f 878/878/878 877/877/877 876/876/876
f 877/877/877 878/878/878 879/879/879
f 880/880/880 879/879/879 878/878/878
f 879/879/879 880/880/880 881/881/881
f 882/882/882 881/881/881 880/880/880
f 885/885/885 884/884/884 883/883/883
f 886/886/886 883/883/883 884/884/884
f 883/883/883 886/886/886 887/887/887
f 888/888/888 887/887/887 886/886/886
f 887/887/887 888/888/888 889/889/889
f 890/890/890 889/889/889 888/888/888
f 889/889/889 890/890/890 891/891/891
f 892/892/892 891/891/891 890/890/890
f 895/895/895 894/894/894 893/893/893
f 896/896/896 893/893/893 894/894/894
f 893/893/893 896/896/896 897/897/897
f 898/898/898 897/897/897 896/896/896
f 897/897/897 898/898/898 899/899/899
f 900/900/900 899/899/899 898/898/898
f 899/899/899 900/900/900 901/901/901
f 902/902/902 901/901/901 900/900/900
f 905/905/905 904/904/904 903/903/903
f 906/906/906 903/903/903 904/904/904
f 903/903/903 906/906/906 907/907/907
f 908/908/908 907/907/907 906/906/906
f 907/907/907 908/908/908 909/909/909
f 910/910/910 909/909/909 908/908/908
f 909/909/909 910/910/910 911/911/911
f 912/912/912 911/911/911 910/910/910
f 915/915/915 914/914/914 913/913/913
f 916/916/916 913/913/913 914/914/914
f 914/914/914 917/917/917 916/916/916
f 918/918/918 916/916/916 917/917/917
f 918/918/918 917/917/917 919/919/919
f 920/920/920 919/919/919 917/917/917
f 920/920/920 921/921/921 919/919/919
f 922/922/922 919/919/919 921/921/921
f 925/925/925 924/924/924 923/923/923
f 926/926/926 923/923/923 924/924/924
f 924/924/924 927/927/927 926/926/926
f 928/928/928 926/926/926 927/927/927
f 927/927/927 929/929/929 928/928/928
f 930/930/930 928/928/928 929/929/929
f 930/930/930 929/929/929 931/931/931
f 932/932/932 931/931/931 929/929/929
f 935/935/935 934/934/934 933/933/933
f 936/936/936 933/933/933 934/934/934
f 933/933/933 936/936/936 937/937/937
f 938/938/938 937/937/937 936/936/936
f 941/941/941 940/940/940 939/939/939
f 942/942/942 939/939/939 940/940/940
f 939/939/939 942/942/942 943/943/943
f 944/944/944 943/943/943 942/942/942
f 947/947/947 946/946/946 945/945/945
f 948/948/948 945/945/945 946/946/946
f 946/946/946 949/949/949 948/948/948
f 950/950/950 948/948/948 949/949/949
f 950/950/950 949/949/949 951/951/951
f 952/952/952 951/951/951 949/949/949
f 951/951/951 952/952/952 953/953/953
f 954/954/954 953/953/953 952/952/952
f 957/957/957 956/956/956 955/955/955
f 958/958/958 955/955/955 956/956/956
f 956/956/956 959/959/959 958/958/958
f 960/960/960 958/958/958 959/959/959
f 960/960/960 959/959/959 961/961/961
f 962/962/962 961/961/961 959/959/959
f 962/962/962 963/963/963 961/961/961
f 964/964/964 961/961/961 963/963/963
f 967/967/967 966/966/966 965/965/965
f 968/968/968 965/965/965 966/966/966
f 965/965/965 968/968/968 969/969/969
f 970/970/970 969/969/969 968/968/968
f 973/973/973 972/972/972 971/971/971
f 974/974/974 971/971/971 972/972/972
f 971/971/971 974/974/974 975/975/975
f 976/976/976 975/975/975 974/974/974
f 979/979/979 978/978/978 977/977/977
f 980/980/980 977/977/977 978/978/978
f 977/977/977 980/980/980 981/981/981
f 982/982/982 981/981/981 980/980/980
f 985/985/985 984/984/984 983/983/983
f 986/986/986 983/983/983 984/984/984
f 986/986/986 987/987/987 983/983/983
f 988/988/988 983/983/983 987/987/987
f 991/991/991 990/990/990 989/989/989
f 992/992/992 989/989/989 990/990/990
f 995/995/995 994/994/994 993/993/993
f 996/996/996 993/993/993 994/994/994
f 999/999/999 998/998/998 997/997/997
f 1000/1000/1000 997/997/997 998/998/998
f 998/998/998 1001/1001/1001 1000/1000/1000
f 1004/1004/1004 1003/1003/1003 1002/1002/1002
f 1005/1005/1005 1002/1002/1002 1003/1003/1003
f 1005/1005/1005 1006/1006/1006 1002/1002/1002
f 1007/1007/1007 1002/1002/1002 1006/1006/1006
f 1006/1006/1006 1008/1008/1008 1007/1007/1007
f 1009/1009/1009 1007/1007/1007 1008/1008/1008
f 1008/1008/1008 1010/1010/1010 1009/1009/1009
f 1011/1011/1011 1009/1009/1009 1010/1010/1010
f 1011/1011/1011 1010/1010/1010 1012/1012/1012
f 1013/1013/1013 1012/1012/1012 1010/1010/1010
f 1012/1012/1012 1013/1013/1013 1014/1014/1014
f 1015/1015/1015 1014/1014/1014 1013/1013/1013
f 1015/1015/1015 1016/1016/1016 1014/1014/1014
f 1019/1019/1019 1018/1018/1018 1017/1017/1017
f 1020/1020/1020 1017/1017/1017 1018/1018/1018
f 1020/1020/1020 1018/1018/1018 1021/1021/1021
f 1022/1022/1022 1021/1021/1021 1018/1018/1018
f 1021/1021/1021 1022/1022/1022 1023/1023/1023
f 1024/1024/1024 1023/1023/1023 1022/1022/1022
f 1023/1023/1023 1024/1024/1024 1025/1025/1025
f 1026/1026/1026 1025/1025/1025 1024/1024/1024
f 1025/1025/1025 1026/1026/1026 1027/1027/1027
f 1028/1028/1028 1027/1027/1027 1026/1026/1026
f 1028/1028/1028 1029/1029/1029 1027/1027/1027
f 1030/1030/1030 1027/1027/1027 1029/1029/1029
f 1029/1029/1029 1031/1031/1031 1030/1030/1030
f 1034/1034/1034 1033/1033/1033 1032/1032/1032
f 1035/1035/1035 1032/1032/1032 1033/1033/1033
f 1032/1032/1032 1035/1035/1035 1036/1036/1036
f 1037/1037/1037 1036/1036/1036 1035/1035/1035
f 1036/1036/1036 1037/1037/1037 1038/1038/1038
f 1039/1039/1039 1038/1038/1038 1037/1037/1037
f 1039/1039/1039 1040/1040/1040 1038/1038/1038
f 1041/1041/1041 1038/1038/1038 1040/1040/1040
f 1041/1041/1041 1040/1040/1040 1042/1042/1042
f 1043/1043/1043 1042/1042/1042 1040/1040/1040
f 1043/1043/1043 1044/1044/1044 1042/1042/1042
f 1045/1045/1045 1042/1042/1042 1044/1044/1044
f 1044/1044/1044 1046/1046/1046 1045/1045/1045
f 1049/1049/1049 1048/1048/1048 1047/1047/1047
f 1050/1050/1050 1047/1047/1047 1048/1048/1048
f 1053/1053/1053 1052/1052/1052 1051/1051/1051
f 1054/1054/1054 1051/1051/1051 1052/1052/1052
f 1054/1054/1054 1055/1055/1055 1051/1051/1051
f 1056/1056/1056 1051/1051/1051 1055/1055/1055
f 1056/1056/1056 1055/1055/1055 1057/1057/1057
f 1058/1058/1058 1057/1057/1057 1055/1055/1055
f 1058/1058/1058 1059/1059/1059 1057/1057/1057
f 1060/1060/1060 1057/1057/1057 1059/1059/1059
f 1060/1060/1060 1059/1059/1059 1061/1061/1061
f 1062/1062/1062 1061/1061/1061 1059/1059/1059
f 1062/1062/1062 1063/1063/1063 1061/1061/1061
f 1064/1064/1064 1061/1061/1061 1063/1063/1063
f 1063/1063/1063 1065/1065/1065 1064/1064/1064
f 1068/1068/1068 1067/1067/1067 1066/1066/1066
f 1069/1069/1069 1066/1066/1066 1067/1067/1067
f 1069/1069/1069 1067/1067/1067 1070/1070/1070
f 1071/1071/1071 1070/1070/1070 1067/1067/1067
f 1071/1071/1071 1072/1072/1072 1070/1070/1070
f 1073/1073/1073 1070/1070/1070 1072/1072/1072
f 1073/1073/1073 1072/1072/1072 1074/1074/1074
f 1075/1075/1075 1074/1074/1074 1072/1072/1072
f 1074/1074/1074 1075/1075/1075 1076/1076/1076
f 1077/1077/1077 1076/1076/1076 1075/1075/1075
f 1076/1076/1076 1077/1077/1077 1078/1078/1078
f 1079/1079/1079 1078/1078/1078 1077/1077/1077
f 1079/1079/1079 1080/1080/1080 1078/1078/1078
f 1083/1083/1083 1082/1082/1082 1081/1081/1081
f 1084/1084/1084 1081/1081/1081 1082/1082/1082
f 1082/1082/1082 1085/1085/1085 1084/1084/1084
f 1086/1086/1086 1084/1084/1084 1085/1085/1085
f 1086/1086/1086 1085/1085/1085 1087/1087/1087
f 1088/1088/1088 1087/1087/1087 1085/1085/1085
f 1088/1088/1088 1089/1089/1089 1087/1087/1087
f 1090/1090/1090 1087/1087/1087 1089/1089/1089
f 1089/1089/1089 1091/1091/1091 1090/1090/1090
f 1094/1094/1094 1093/1093/1093 1092/1092/1092
f 1095/1095/1095 1092/1092/1092 1093/1093/1093
f 1092/1092/1092 1095/1095/1095 1096/1096/1096
f 1097/1097/1097 1096/1096/1096 1095/1095/1095
f 1096/1096/1096 1097/1097/1097 1098/1098/1098
f 1099/1099/1099 1098/1098/1098 1097/1097/1097
f 1098/1098/1098 1099/1099/1099 1100/1100/1100
f 1101/1101/1101 1100/1100/1100 1099/1099/1099
f 1101/1101/1101 1102/1102/1102 1100/1100/1100
f 1105/1105/1105 1104/1104/1104 1103/1103/1103
f 1106/1106/1106 1103/1103/1103 1104/1104/1104
f 1104/1104/1104 1107/1107/1107 1106/1106/1106
f 1108/1108/1108 1106/1106/1106 1107/1107/1107
f 1108/1108/1108 1107/1107/1107 1109/1109/1109
f 1110/1110/1110 1109/1109/1109 1107/1107/1107
f 1113/1113/1113 1112/1112/1112 1111/1111/1111
f 1114/1114/1114 1111/1111/1111 1112/1112/1112
f 1111/1111/1111 1114/1114/1114 1115/1115/1115
f 1116/1116/1116 1115/1115/1115 1114/1114/1114
f 1115/1115/1115 1116/1116/1116 1117/1117/1117
f 1118/1118/1118 1117/1117/1117 1116/1116/1116
f 1117/1117/1117 1118/1118/1118 1119/1119/1119
f 1120/1120/1120 1119/1119/1119 1118/1118/1118
f 1120/1120/1120 1121/1121/1121 1119/1119/1119
f 1124/1124/1124 1123/1123/1123 1122/1122/1122
f 1125/1125/1125 1122/1122/1122 1123/1123/1123
f 1125/1125/1125 1126/1126/1126 1122/1122/1122
f 1127/1127/1127 1122/1122/1122 1126/1126/1126
f 1127/1127/1127 1126/1126/1126 1128/1128/1128
f 1129/1129/1129 1128/1128/1128 1126/1126/1126
f 1128/1128/1128 1129/1129/1129 1130/1130/1130
f 1131/1131/1131 1130/1130/1130 1129/1129/1129
f 1131/1131/1131 1132/1132/1132 1130/1130/1130
f 1135/1135/1135 1134/1134/1134 1133/1133/1133
f 1136/1136/1136 1133/1133/1133 1134/1134/1134
f 1136/1136/1136 1134/1134/1134 1137/1137/1137
f 1138/1138/1138 1137/1137/1137 1134/1134/1134
f 1137/1137/1137 1138/1138/1138 1139/1139/1139
f 1140/1140/1140 1139/1139/1139 1138/1138/1138
f 1139/1139/1139 1140/1140/1140 1141/1141/1141
f 1142/1142/1142 1141/1141/1141 1140/1140/1140
f 1142/1142/1142 1143/1143/1143 1141/1141/1141
f 1146/1146/1146 1145/1145/1145 1144/1144/1144
f 1146/1146/1146 1144/1144/1144 1147/1147/1147
f 1148/1148/1148 1147/1147/1147 1144/1144/1144
f 1147/1147/1147 1148/1148/1148 1149/1149/1149
f 1150/1150/1150 1149/1149/1149 1148/1148/1148
f 1149/1149/1149 1150/1150/1150 1151/1151/1151
f 1152/1152/1152 1151/1151/1151 1150/1150/1150
f 1152/1152/1152 1153/1153/1153 1151/1151/1151
f 1154/1154/1154 1151/1151/1151 1153/1153/1153
f 1153/1153/1153 1155/1155/1155 1154/1154/1154
f 1156/1156/1156 1154/1154/1154 1155/1155/1155
f 1159/1159/1159 1158/1158/1158 1157/1157/1157
f 1160/1160/1160 1157/1157/1157 1158/1158/1158
f 1160/1160/1160 1158/1158/1158 1161/1161/1161
f 1162/1162/1162 1161/1161/1161 1158/1158/1158
f 1161/1161/1161 1162/1162/1162 1163/1163/1163
f 1164/1164/1164 1163/1163/1163 1162/1162/1162
f 1167/1167/1167 1166/1166/1166 1165/1165/1165
f 1168/1168/1168 1165/1165/1165 1166/1166/1166
f 1168/1168/1168 1169/1169/1169 1165/1165/1165
f 1170/1170/1170 1165/1165/1165 1169/1169/1169
f 1169/1169/1169 1171/1171/1171 1170/1170/1170
f 1172/1172/1172 1170/1170/1170 1171/1171/1171
f 1175/1175/1175 1174/1174/1174 1173/1173/1173
f 1176/1176/1176 1173/1173/1173 1174/1174/1174
f 1179/1179/1179 1178/1178/1178 1177/1177/1177
f 1180/1180/1180 1177/1177/1177 1178/1178/1178
f 1183/1183/1183 1182/1182/1182 1181/1181/1181
f 1184/1184/1184 1181/1181/1181 1182/1182/1182
f 1184/1184/1184 1182/1182/1182 1185/1185/1185
f 1186/1186/1186 1185/1185/1185 1182/1182/1182
f 1185/1185/1185 1186/1186/1186 1187/1187/1187
f 1188/1188/1188 1187/1187/1187 1186/1186/1186
f 1187/1187/1187 1188/1188/1188 1189/1189/1189
f 1190/1190/1190 1189/1189/1189 1188/1188/1188
f 1189/1189/1189 1190/1190/1190 1191/1191/1191
f 1192/1192/1192 1191/1191/1191 1190/1190/1190
f 1191/1191/1191 1192/1192/1192 1193/1193/1193
f 1194/1194/1194 1193/1193/1193 1192/1192/1192
f 1193/1193/1193 1194/1194/1194 1195/1195/1195
f 1196/1196/1196 1195/1195/1195 1194/1194/1194
f 1195/1195/1195 1196/1196/1196 1197/1197/1197
f 1198/1198/1198 1197/1197/1197 1196/1196/1196
f 1199/1199/1199 1197/1197/1197 1198/1198/1198
f 1202/1202/1202 1201/1201/1201 1200/1200/1200
f 1203/1203/1203 1200/1200/1200 1201/1201/1201
f 1201/1201/1201 1204/1204/1204 1203/1203/1203
f 1205/1205/1205 1203/1203/1203 1204/1204/1204
f 1204/1204/1204 1206/1206/1206 1205/1205/1205
f 1207/1207/1207 1205/1205/1205 1206/1206/1206
f 1206/1206/1206 1208/1208/1208 1207/1207/1207
f 1209/1209/1209 1207/1207/1207 1208/1208/1208
f 1208/1208/1208 1210/1210/1210 1209/1209/1209
f 1211/1211/1211 1209/1209/1209 1210/1210/1210
f 1210/1210/1210 1212/1212/1212 1211/1211/1211
f 1213/1213/1213 1211/1211/1211 1212/1212/1212
f 1212/1212/1212 1214/1214/1214 1213/1213/1213
f 1215/1215/1215 1213/1213/1213 1214/1214/1214
f 1214/1214/1214 1216/1216/1216 1215/1215/1215
f 1217/1217/1217 1215/1215/1215 1216/1216/1216
f 1218/1218/1218 1217/1217/1217 1216/1216/1216
f 1221/1221/1221 1220/1220/1220 1219/1219/1219
f 1222/1222/1222 1219/1219/1219 1220/1220/1220
f 1220/1220/1220 1223/1223/1223 1222/1222/1222
f 1224/1224/1224 1222/1222/1222 1223/1223/1223
f 1223/1223/1223 1225/1225/1225 1224/1224/1224
f 1226/1226/1226 1224/1224/1224 1225/1225/1225
f 1229/1229/1229 1228/1228/1228 1227/1227/1227
f 1230/1230/1230 1227/1227/1227 1228/1228/1228
f 1227/1227/1227 1230/1230/1230 1231/1231/1231
f 1232/1232/1232 1231/1231/1231 1230/1230/1230
f 1231/1231/1231 1232/1232/1232 1233/1233/1233
f 1234/1234/1234 1233/1233/1233 1232/1232/1232
f 1237/1237/1237 1236/1236/1236 1235/1235/1235
f 1235/1235/1235 1236/1236/1236 1238/1238/1238
f 1238/1238/1238 1236/1236/1236 1239/1239/1239
f 1240/1240/1240 1239/1239/1239 1236/1236/1236
f 1241/1241/1241 1239/1239/1239 1240/1240/1240
f 1242/1242/1242 1239/1239/1239 1241/1241/1241
f 1242/1242/1242 1241/1241/1241 1243/1243/1243
f 1241/1241/1241 1244/1244/1244 1243/1243/1243
f 1244/1244/1244 1245/1245/1245 1243/1243/1243
f 1243/1243/1243 1245/1245/1245 1246/1246/1246
f 1246/1246/1246 1245/1245/1245 1247/1247/1247
f 1248/1248/1248 1247/1247/1247 1245/1245/1245
f 1247/1247/1247 1248/1248/1248 1249/1249/1249
f 1250/1250/1250 1249/1249/1249 1248/1248/1248
f 1249/1249/1249 1250/1250/1250 1251/1251/1251
f 1252/1252/1252 1251/1251/1251 1250/1250/1250
f 1252/1252/1252 1253/1253/1253 1251/1251/1251
f 1254/1254/1254 1251/1251/1251 1253/1253/1253
f 1253/1253/1253 1255/1255/1255 1254/1254/1254
f 1256/1256/1256 1254/1254/1254 1255/1255/1255
f 1255/1255/1255 1257/1257/1257 1256/1256/1256
f 1258/1258/1258 1256/1256/1256 1257/1257/1257
f 1257/1257/1257 1259/1259/1259 1258/1258/1258
f 1260/1260/1260 1258/1258/1258 1259/1259/1259
f 1259/1259/1259 1261/1261/1261 1260/1260/1260
f 1262/1262/1262 1260/1260/1260 1261/1261/1261
f 1261/1261/1261 1263/1263/1263 1262/1262/1262
f 1266/1266/1266 1265/1265/1265 1264/1264/1264
f 1265/1265/1265 1267/1267/1267 1264/1264/1264
f 1267/1267/1267 1268/1268/1268 1264/1264/1264
f 1269/1269/1269 1264/1264/1264 1268/1268/1268
f 1270/1270/1270 1269/1269/1269 1268/1268/1268
f 1270/1270/1270 1268/1268/1268 1271/1271/1271
f 1271/1271/1271 1272/1272/1272 1270/1270/1270
f 1273/1273/1273 1270/1270/1270 1272/1272/1272
f 1274/1274/1274 1273/1273/1273 1272/1272/1272
f 1272/1272/1272 1275/1275/1275 1274/1274/1274
f 1275/1275/1275 1276/1276/1276 1274/1274/1274
f 1277/1277/1277 1274/1274/1274 1276/1276/1276
f 1276/1276/1276 1278/1278/1278 1277/1277/1277
f 1279/1279/1279 1277/1277/1277 1278/1278/1278
f 1278/1278/1278 1280/1280/1280 1279/1279/1279
f 1281/1281/1281 1279/1279/1279 1280/1280/1280
f 1280/1280/1280 1282/1282/1282 1281/1281/1281
f 1283/1283/1283 1281/1281/1281 1282/1282/1282
f 1283/1283/1283 1282/1282/1282 1284/1284/1284
f 1285/1285/1285 1284/1284/1284 1282/1282/1282
f 1284/1284/1284 1285/1285/1285 1286/1286/1286
f 1287/1287/1287 1286/1286/1286 1285/1285/1285
f 1286/1286/1286 1287/1287/1287 1288/1288/1288
f 1289/1289/1289 1288/1288/1288 1287/1287/1287
f 1288/1288/1288 1289/1289/1289 1290/1290/1290
f 1291/1291/1291 1290/1290/1290 1289/1289/1289
f 1291/1291/1291 1292/1292/1292 1290/1290/1290
f 1295/1295/1295 1294/1294/1294 1293/1293/1293
f 1296/1296/1296 1293/1293/1293 1294/1294/1294
f 1299/1299/1299 1298/1298/1298 1297/1297/1297
f 1300/1300/1300 1297/1297/1297 1298/1298/1298
f 1303/1303/1303 1302/1302/1302 1301/1301/1301
f 1304/1304/1304 1301/1301/1301 1302/1302/1302
f 1304/1304/1304 1305/1305/1305 1301/1301/1301
f 1306/1306/1306 1301/1301/1301 1305/1305/1305
f 1305/1305/1305 1307/1307/1307 1306/1306/1306
f 1308/1308/1308 1306/1306/1306 1307/1307/1307
f 1307/1307/1307 1309/1309/1309 1308/1308/1308
f 1310/1310/1310 1308/1308/1308 1309/1309/1309
f 1309/1309/1309 1311/1311/1311 1310/1310/1310
f 1312/1312/1312 1310/1310/1310 1311/1311/1311
f 1311/1311/1311 1313/1313/1313 1312/1312/1312
f 1314/1314/1314 1312/1312/1312 1313/1313/1313
f 1313/1313/1313 1315/1315/1315 1314/1314/1314
f 1316/1316/1316 1314/1314/1314 1315/1315/1315
f 1315/1315/1315 1317/1317/1317 1316/1316/1316
f 1318/1318/1318 1316/1316/1316 1317/1317/1317
f 1317/1317/1317 1319/1319/1319 1318/1318/1318
f 1322/1322/1322 1321/1321/1321 1320/1320/1320
f 1323/1323/1323 1320/1320/1320 1321/1321/1321
f 1320/1320/1320 1323/1323/1323 1324/1324/1324
f 1325/1325/1325 1324/1324/1324 1323/1323/1323
f 1324/1324/1324 1325/1325/1325 1326/1326/1326
f 1327/1327/1327 1326/1326/1326 1325/1325/1325
f 1326/1326/1326 1327/1327/1327 1328/1328/1328
f 1329/1329/1329 1328/1328/1328 1327/1327/1327
f 1328/1328/1328 1329/1329/1329 1330/1330/1330
f 1331/1331/1331 1330/1330/1330 1329/1329/1329
f 1330/1330/1330 1331/1331/1331 1332/1332/1332
f 1333/1333/1333 1332/1332/1332 1331/1331/1331
f 1332/1332/1332 1333/1333/1333 1334/1334/1334
f 1335/1335/1335 1334/1334/1334 1333/1333/1333
f 1334/1334/1334 1335/1335/1335 1336/1336/1336
f 1337/1337/1337 1336/1336/1336 1335/1335/1335
f 1337/1337/1337 1338/1338/1338 1336/1336/1336
f 1341/1341/1341 1340/1340/1340 1339/1339/1339
f 1342/1342/1342 1339/1339/1339 1340/1340/1340
f 1339/1339/1339 1342/1342/1342 1343/1343/1343
f 1344/1344/1344 1343/1343/1343 1342/1342/1342
f 1343/1343/1343 1344/1344/1344 1345/1345/1345
f 1346/1346/1346 1345/1345/1345 1344/1344/1344
f 1349/1349/1349 1348/1348/1348 1347/1347/1347
f 1350/1350/1350 1347/1347/1347 1348/1348/1348
f 1348/1348/1348 1351/1351/1351 1350/1350/1350
f 1352/1352/1352 1350/1350/1350 1351/1351/1351
f 1351/1351/1351 1353/1353/1353 1352/1352/1352
f 1354/1354/1354 1352/1352/1352 1353/1353/1353
f 1357/1357/1357 1356/1356/1356 1355/1355/1355
f 1357/1357/1357 1355/1355/1355 1358/1358/1358
f 1357/1357/1357 1358/1358/1358 1359/1359/1359
f 1359/1359/1359 1360/1360/1360 1357/1357/1357
f 1359/1359/1359 1361/1361/1361 1360/1360/1360
f 1359/1359/1359 1362/1362/1362 1361/1361/1361
f 1361/1361/1361 1362/1362/1362 1363/1363/1363
f 1364/1364/1364 1361/1361/1361 1363/1363/1363
f 1365/1365/1365 1364/1364/1364 1363/1363/1363
f 1365/1365/1365 1363/1363/1363 1366/1366/1366
f 1366/1366/1366 1367/1367/1367 1365/1365/1365
f 1368/1368/1368 1365/1365/1365 1367/1367/1367
f 1367/1367/1367 1369/1369/1369 1368/1368/1368
f 1370/1370/1370 1368/1368/1368 1369/1369/1369
f 1369/1369/1369 1371/1371/1371 1370/1370/1370
f 1372/1372/1372 1370/1370/1370 1371/1371/1371
f 1372/1372/1372 1371/1371/1371 1373/1373/1373
f 1374/1374/1374 1373/1373/1373 1371/1371/1371
f 1373/1373/1373 1374/1374/1374 1375/1375/1375
f 1376/1376/1376 1375/1375/1375 1374/1374/1374
f 1375/1375/1375 1376/1376/1376 1377/1377/1377
f 1378/1378/1378 1377/1377/1377 1376/1376/1376
f 1377/1377/1377 1378/1378/1378 1379/1379/1379
f 1380/1380/1380 1379/1379/1379 1378/1378/1378
f 1379/1379/1379 1380/1380/1380 1381/1381/1381
f 1382/1382/1382 1381/1381/1381 1380/1380/1380
f 1383/1383/1383 1381/1381/1381 1382/1382/1382
f 1386/1386/1386 1385/1385/1385 1384/1384/1384
f 1387/1387/1387 1386/1386/1386 1384/1384/1384
f 1387/1387/1387 1384/1384/1384 1388/1388/1388
f 1389/1389/1389 1388/1388/1388 1384/1384/1384
f 1389/1389/1389 1390/1390/1390 1388/1388/1388
f 1388/1388/1388 1390/1390/1390 1391/1391/1391
f 1392/1392/1392 1391/1391/1391 1390/1390/1390
f 1390/1390/1390 1393/1393/1393 1392/1392/1392
f 1393/1393/1393 1394/1394/1394 1392/1392/1392
f 1395/1395/1395 1392/1392/1392 1394/1394/1394
f 1395/1395/1395 1394/1394/1394 1396/1396/1396
f 1397/1397/1397 1396/1396/1396 1394/1394/1394
f 1396/1396/1396 1397/1397/1397 1398/1398/1398
f 1399/1399/1399 1398/1398/1398 1397/1397/1397
f 1398/1398/1398 1399/1399/1399 1400/1400/1400
f 1401/1401/1401 1400/1400/1400 1399/1399/1399
f 1400/1400/1400 1401/1401/1401 1402/1402/1402
f 1403/1403/1403 1402/1402/1402 1401/1401/1401
f 1403/1403/1403 1404/1404/1404 1402/1402/1402
f 1405/1405/1405 1402/1402/1402 1404/1404/1404
f 1404/1404/1404 1406/1406/1406 1405/1405/1405
f 1407/1407/1407 1405/1405/1405 1406/1406/1406
f 1406/1406/1406 1408/1408/1408 1407/1407/1407
f 1409/1409/1409 1407/1407/1407 1408/1408/1408
f 1408/1408/1408 1410/1410/1410 1409/1409/1409
f 1411/1411/1411 1409/1409/1409 1410/1410/1410
f 1412/1412/1412 1411/1411/1411 1410/1410/1410
f 1415/1415/1415 1414/1414/1414 1413/1413/1413
f 1413/1413/1413 1414/1414/1414 1416/1416/1416
f 1417/1417/1417 1416/1416/1416 1414/1414/1414
f 1417/1417/1417 1418/1418/1418 1416/1416/1416
f 1419/1419/1419 1416/1416/1416 1418/1418/1418
f 1418/1418/1418 1420/1420/1420 1419/1419/1419
f 1421/1421/1421 1419/1419/1419 1420/1420/1420
f 1421/1421/1421 1420/1420/1420 1422/1422/1422
f 1423/1423/1423 1422/1422/1422 1420/1420/1420
f 1423/1423/1423 1424/1424/1424 1422/1422/1422
f 1425/1425/1425 1422/1422/1422 1424/1424/1424
f 1425/1425/1425 1424/1424/1424 1426/1426/1426
f 1427/1427/1427 1426/1426/1426 1424/1424/1424
f 1426/1426/1426 1427/1427/1427 1428/1428/1428
f 1429/1429/1429 1428/1428/1428 1427/1427/1427
f 1430/1430/1430 1428/1428/1428 1429/1429/1429
f 1433/1433/1433 1432/1432/1432 1431/1431/1431
f 1431/1431/1431 1434/1434/1434 1433/1433/1433
f 1435/1435/1435 1433/1433/1433 1434/1434/1434
f 1435/1435/1435 1434/1434/1434 1436/1436/1436
f 1437/1437/1437 1436/1436/1436 1434/1434/1434
f 1436/1436/1436 1437/1437/1437 1438/1438/1438
f 1439/1439/1439 1438/1438/1438 1437/1437/1437
f 1439/1439/1439 1440/1440/1440 1438/1438/1438
f 1441/1441/1441 1438/1438/1438 1440/1440/1440
f 1441/1441/1441 1440/1440/1440 1442/1442/1442
f 1443/1443/1443 1442/1442/1442 1440/1440/1440
f 1443/1443/1443 1444/1444/1444 1442/1442/1442
f 1445/1445/1445 1442/1442/1442 1444/1444/1444
f 1444/1444/1444 1446/1446/1446 1445/1445/1445
f 1447/1447/1447 1445/1445/1445 1446/1446/1446
f 1446/1446/1446 1448/1448/1448 1447/1447/1447
f 1451/1451/1451 1450/1450/1450 1449/1449/1449
f 1449/1449/1449 1452/1452/1452 1451/1451/1451
f 1453/1453/1453 1451/1451/1451 1452/1452/1452
f 1453/1453/1453 1452/1452/1452 1454/1454/1454
f 1455/1455/1455 1454/1454/1454 1452/1452/1452
f 1454/1454/1454 1455/1455/1455 1456/1456/1456
f 1457/1457/1457 1456/1456/1456 1455/1455/1455
f 1457/1457/1457 1458/1458/1458 1456/1456/1456
f 1459/1459/1459 1456/1456/1456 1458/1458/1458
f 1459/1459/1459 1458/1458/1458 1460/1460/1460
f 1461/1461/1461 1460/1460/1460 1458/1458/1458
f 1461/1461/1461 1462/1462/1462 1460/1460/1460
f 1463/1463/1463 1460/1460/1460 1462/1462/1462
f 1462/1462/1462 1464/1464/1464 1463/1463/1463
f 1465/1465/1465 1463/1463/1463 1464/1464/1464
f 1464/1464/1464 1466/1466/1466 1465/1465/1465
f 1469/1469/1469 1468/1468/1468 1467/1467/1467
f 1467/1467/1467 1468/1468/1468 1470/1470/1470
f 1471/1471/1471 1470/1470/1470 1468/1468/1468
f 1471/1471/1471 1472/1472/1472 1470/1470/1470
f 1473/1473/1473 1470/1470/1470 1472/1472/1472
f 1472/1472/1472 1474/1474/1474 1473/1473/1473
f 1475/1475/1475 1473/1473/1473 1474/1474/1474
f 1475/1475/1475 1474/1474/1474 1476/1476/1476
f 1477/1477/1477 1476/1476/1476 1474/1474/1474
f 1477/1477/1477 1478/1478/1478 1476/1476/1476
f 1479/1479/1479 1476/1476/1476 1478/1478/1478
f 1479/1479/1479 1478/1478/1478 1480/1480/1480
f 1481/1481/1481 1480/1480/1480 1478/1478/1478
f 1480/1480/1480 1481/1481/1481 1482/1482/1482
f 1483/1483/1483 1482/1482/1482 1481/1481/1481
f 1484/1484/1484 1482/1482/1482 1483/1483/1483
