g 0.3333
v -0.0036514476 -0.12118727 2.083022
v 0.06019765 0.067620754 1.8296146
v 0.062736794 0.118750215 2.0263634
v 0.092933565 -0.3418982 2.2399554
v 0.099870086 -0.41381794 2.0480702
v -0.0036514476 -0.12118727 2.083022
v 0.40152815 -0.19616097 3.5639324
v 0.2631712 -0.2767153 3.8434377
v 0.19858101 -0.38607684 3.3601987
v 0.0031680614 0.007145971 2.0882685
v -0.063403875 0.23302005 2.186943
v -0.061855882 0.3099717 1.998776
v -0.09272884 -0.2638439 2.0820787
v 0.0031680614 0.007145971 2.0882685
v -0.100640625 -0.20647669 1.8853889
v -0.38250515 -0.19460893 3.5697055
v -0.18333286 -0.3853208 3.3630106
v -0.24036972 -0.2757168 3.8471453
v 0.2605335 0.3370562 3.4898686
v 0.009037114 0.371631 3.391877
v 0.008957405 0.34816164 3.3858821
v 0.26465252 0.3581697 3.5010543
v 0.46485078 0.16943558 3.6097612
v 0.47265813 0.17658664 3.6317866
v 0.07894609 0.23755293 2.6360092
v 0.0029968582 0.2656766 2.6316214
v 0.0030050147 0.24137618 2.634905
v 0.08543315 0.2606194 2.6307814
v 0.28605518 0.10105961 2.6481326
v 0.3057745 0.11526903 2.6438973
v 0.3558393 -0.06951472 2.6355193
v 0.3797902 -0.07110006 2.6323643
v 0.25999874 -0.2299368 2.6093113
v 0.2740855 -0.24894054 2.6051366
v 0.0026389342 -0.29428717 2.6057189
v 0.0025980808 -0.3171428 2.6014922
v 0.34892082 0.26174068 2.9790883
v 0.08620356 0.27335137 2.8767424
v 0.32635212 0.16980939 2.8789504
v 0.095562235 0.32052305 2.98579
v 0.0048782025 0.28297925 2.8749924
v 0.0058790855 0.3220325 2.9907832
v 0.4735804 0.26882944 3.3310792
v 0.11643317 0.3730628 3.312369
v 0.008311685 0.36717921 3.2976816
v 0.2605335 0.3370562 3.4898686
v 0.008957405 0.34816164 3.3858821
v 0.46485078 0.16943558 3.6097612
v 0.582532 0.090357885 3.530092
v 0.5868038 0.1350959 3.3952448
v 0.33696213 0.18878987 2.378142
v 0.34031305 0.2039266 2.3807561
v 0.12844104 0.28196618 2.369869
v 0.12509124 0.26686516 2.367302
v 0.0009646993 0.29118288 2.36701
v 0.00094142556 0.2760919 2.3644214
v 0.34892082 0.26174068 2.9790883
v 0.42278653 -0.033433393 3.1350093
v 0.4735804 0.26882944 3.3310792
v 0.42720902 -0.05391319 2.9230535
v 0.32635212 0.16980939 2.8789504
v 0.5744561 -0.18817373 3.2394817
v 0.39694458 -0.12347505 2.865673
v 0.35993403 -0.23011285 3.0047612
v 0.27052048 -0.2788207 2.8518977
v 0.24036525 -0.34320462 3.0154557
v 0.52287173 -0.0075646937 3.6124496
v 0.47265813 0.17658664 3.6317866
v 0.46485078 0.16943558 3.6097612
v 0.53053784 -0.012670785 3.6349332
v 0.5322951 -0.16638365 3.5411243
v 0.53910726 -0.18134314 3.5590174
v 0.32005933 -0.3299081 3.3078356
v 0.32067707 -0.3498702 3.313062
v 0.102436185 0.24829623 2.533812
v 0.33517045 0.1751439 2.5429437
v 0.33182353 0.16052097 2.5404787
v 0.10578094 0.26298702 2.536176
v 0.002204202 0.25817984 2.5299423
v 0.0022224784 0.27288577 2.532329
v 0.0022032335 0.24601755 2.5299087
v 0.002204202 0.25817984 2.5299423
v 0.093351424 0.23819919 2.5315003
v 0.33182353 0.16052097 2.5404787
v 0.30002293 0.14124143 2.5365932
v 0.39575398 -0.046606794 2.530037
v 0.35298035 -0.042241357 2.5284882
v 0.29392636 -0.25350225 2.5125794
v 0.2687987 -0.2249785 2.5137067
v 0.20535924 -0.26232383 2.5019717
v 0.0018606614 -0.274112 2.4984307
v 0.001814412 -0.2964359 2.4924212
v 0.011524361 0.16784176 3.7510011
v 0.011677932 0.18399641 3.7688885
v 0.10951211 0.15924853 3.7609696
v 0.10250382 0.14505163 3.742745
v 0.18939814 0.0923623 3.753325
v 0.18140402 0.085206926 3.7317553
v 0.32005933 -0.3299081 3.3078356
v 0.5322951 -0.16638365 3.5411243
v 0.5744561 -0.18817373 3.2394817
v 0.33097166 -0.3604265 3.220927
v 0.006727472 -0.4202276 3.2101152
v 0.35993403 -0.23011285 3.0047612
v 0.0066393847 -0.42304188 3.198048
v 0.24036525 -0.34320462 3.0154557
v 0.0053377356 -0.3764765 3.0029829
v 0.0043787807 -0.34391522 2.8507695
v 0.27052048 -0.2788207 2.8518977
v 0.006727472 -0.4202276 3.2101152
v 0.0067256317 -0.43901193 3.2135482
v 0.32067707 -0.3498702 3.313062
v 0.32005933 -0.3299081 3.3078356
v 0.21544927 -0.04075408 3.703459
v 0.14024188 -0.20755321 3.6735387
v 0.13484369 -0.1904338 3.6569936
v 0.22312407 -0.04589942 3.7259123
v 0.18140402 0.085206926 3.7317553
v 0.18939814 0.0923623 3.753325
v 0.42278653 -0.033433393 3.1350093
v 0.5868038 0.1350959 3.3952448
v 0.4735804 0.26882944 3.3310792
v 0.5935117 -0.016610265 3.2974758
v 0.5744561 -0.18817373 3.2394817
v 0.6359567 -0.092262864 3.3476615
v 0.610819 -0.0010771155 3.5305688
v 0.582532 0.090357885 3.530092
v 0.5868038 0.1350959 3.3952448
v 0.5935117 -0.016610265 3.2974758
v 0.6154169 -0.07881141 3.4958043
v 0.52287173 -0.0075646937 3.6124496
v 0.6359567 -0.092262864 3.3476615
v 0.5322951 -0.16638365 3.5411243
v 0.5744561 -0.18817373 3.2394817
v 0.46485078 0.16943558 3.6097612
v 0.582532 0.090357885 3.530092
v 0.610819 -0.0010771155 3.5305688
v 0.52287173 -0.0075646937 3.6124496
v 0.78872174 0.40493223 2.1472137
v 0.80211866 0.30376148 2.2636027
v 0.79808855 0.41167134 2.2872913
v 0.78719366 0.29680443 2.1380696
v 0.7625419 0.41344208 1.9149064
v 0.77579963 0.28044093 1.9049037
v 0.7531086 0.20733571 1.9292179
v 0.7462715 0.24232686 2.1061864
v 0.65801585 0.25749683 1.6848806
v 0.64349926 0.4370883 1.6942766
v 0.6787816 0.5339107 1.9412661
v 0.60202605 0.55362666 1.7859639
v 0.80211866 0.30376148 2.2636027
v 0.78719366 0.29680443 2.1380696
v 0.7462715 0.24232686 2.1061864
v 0.7255375 0.28372765 2.250454
v 0.66679204 0.232229 2.14867
v 0.6632305 0.26063788 2.0665395
v 0.581061 0.27345216 2.0073476
v 0.6878589 0.2336843 1.9354135
v 0.7531086 0.20733571 1.9292179
v 0.65801585 0.25749683 1.6848806
v 0.62756175 0.2791462 1.7313826
v 0.62119234 0.2842337 1.6533742
v 0.59335196 0.29207098 1.6888983
v 0.57019734 0.23322576 2.02482
v 0.59969664 0.2950636 2.2027926
v 0.5095408 0.2774287 2.067952
v 0.50753796 0.24363399 1.9710534
v 0.4630421 0.27001286 1.9993167
v 0.59969664 0.2950636 2.2027926
v 0.64091694 0.39320278 2.2845232
v 0.7255375 0.28372765 2.250454
v 0.66679204 0.232229 2.14867
v 0.64091694 0.39320278 2.2845232
v 0.59969664 0.2950636 2.2027926
v 0.5862106 0.34305763 2.10433
v 0.58672506 0.41553402 2.1467767
v 0.64985764 0.5196221 2.1836681
v 0.6642738 0.50185376 2.3059487
v 0.61327183 0.5394978 1.9502811
v 0.6778365 0.4031399 1.9176704
v 0.57080346 0.54220533 1.8251895
v 0.6632305 0.26063788 2.0665395
v 0.6184584 0.41637066 1.7451158
v 0.6878589 0.2336843 1.9354135
v 0.62756175 0.2791462 1.7313826
v 0.58672506 0.41553402 2.1467767
v 0.5862106 0.34305763 2.10433
v 0.6632305 0.26063788 2.0665395
v 0.51393354 0.32547385 2.03869
v 0.581061 0.27345216 2.0073476
v 0.59335196 0.29207098 1.6888983
v 0.6184584 0.41637066 1.7451158
v 0.62756175 0.2791462 1.7313826
v 0.55825436 0.42287904 1.7049563
v 0.5407066 0.5039989 1.7583387
v 0.57080346 0.54220533 1.8251895
v 0.47650775 0.29970616 1.9816833
v 0.4630421 0.27001286 1.9993167
v 0.50753796 0.24363399 1.9710534
v 0.5166146 0.27023613 1.9580839
v 0.47650775 0.29970616 1.9816833
v 0.5166146 0.27023613 1.9580839
v 0.581061 0.27345216 2.0073476
v 0.51393354 0.32547385 2.03869
v 0.4630421 0.27001286 1.9993167
v 0.47650775 0.29970616 1.9816833
v 0.51393354 0.32547385 2.03869
v 0.5095408 0.2774287 2.067952
v 0.5166146 0.27023613 1.9580839
v 0.50753796 0.24363399 1.9710534
v 0.57019734 0.23322576 2.02482
v 0.581061 0.27345216 2.0073476
v 0.5862106 0.34305763 2.10433
v 0.59969664 0.2950636 2.2027926
v 0.5095408 0.2774287 2.067952
v 0.51393354 0.32547385 2.03869
v 0.55825436 0.42287904 1.7049563
v 0.59335196 0.29207098 1.6888983
v 0.62119234 0.2842337 1.6533742
v 0.5919655 0.44481364 1.6756164
v 0.5638318 0.504917 1.727189
v 0.5407066 0.5039989 1.7583387
v 0.5919655 0.44481364 1.6756164
v 0.62119234 0.2842337 1.6533742
v 0.65801585 0.25749683 1.6848806
v 0.64349926 0.4370883 1.6942766
v 0.60202605 0.55362666 1.7859639
v 0.5638318 0.504917 1.727189
v 0.5407066 0.5039989 1.7583387
v 0.5638318 0.504917 1.727189
v 0.60202605 0.55362666 1.7859639
v 0.57080346 0.54220533 1.8251895
v 0.6787816 0.5339107 1.9412661
v 0.61327183 0.5394978 1.9502811
v 0.64985764 0.5196221 2.1836681
v 0.7038535 0.5032205 2.174228
v 0.7625419 0.41344208 1.9149064
v 0.6642738 0.50185376 2.3059487
v 0.78872174 0.40493223 2.1472137
v 0.718006 0.497893 2.29841
v 0.79808855 0.41167134 2.2872913
v 0.40001208 0.121890426 3.1670694
v 0.49493846 0.29817283 3.2512522
v 0.40817678 0.2834288 3.4149344
v 0.3264085 0.058027387 3.3155053
v 0.37044132 0.12365508 3.6316183
v 0.3094747 -0.010504246 3.4715698
v 0.44384468 -0.15285146 3.4732413
v 0.4737985 -0.10031557 3.2746923
v 0.5138054 -0.048814535 3.1346264
v 0.71415716 0.04085064 3.4612293
v 0.5396738 -0.14367187 3.4380958
v 0.573147 -0.021072388 3.563695
v 0.6288818 -0.069358826 3.2806418
v 0.6977615 -0.022106647 3.1967907
v 0.7504926 0.14156914 3.2867112
v 0.37044132 0.12365508 3.6316183
v 0.5155506 0.16405845 3.589118
v 0.573147 -0.021072388 3.563695
v 0.43206638 -0.031975865 3.5804088
v 0.3094747 -0.010504246 3.4715698
v 0.5396738 -0.14367187 3.4380958
v 0.44384468 -0.15285146 3.4732413
v 0.40817678 0.2834288 3.4149344
v 0.49493846 0.29817283 3.2512522
v 0.6688731 0.33496475 3.3214967
v 0.5730285 0.2424171 3.4589584
v 0.7504926 0.14156914 3.2867112
v 0.71415716 0.04085064 3.4612293
v 0.573147 -0.021072388 3.563695
v 0.5155506 0.16405845 3.589118
v 0.37044132 0.12365508 3.6316183
v 0.6288818 -0.069358826 3.2806418
v 0.6977615 -0.022106647 3.1967907
v 0.5138054 -0.048814535 3.1346264
v 0.4737985 -0.10031557 3.2746923
v 0.5396738 -0.14367187 3.4380958
v 0.44384468 -0.15285146 3.4732413
v 0.8068553 0.23169541 3.0503862
v 0.7435519 0.16713488 2.8996298
v 0.70244 0.0706048 2.9579494
v 0.7989116 0.26286197 2.9633405
v 0.6790948 0.40165544 3.1154318
v 0.7223228 0.3901155 2.9714766
v 0.9114679 0.21816361 2.7401717
v 0.9061419 0.36742115 2.7320194
v 0.70244 0.0706048 2.9579494
v 0.65223145 0.16513634 2.8146498
v 0.57664216 0.0405761 2.9240465
v 0.7435519 0.16713488 2.8996298
v 0.63518476 0.11822569 2.6612186
v 0.9114679 0.21816361 2.7401717
v 0.6089921 0.39673162 2.8753538
v 0.5460428 0.5030612 2.666048
v 0.8245047 0.50546074 2.7161014
v 0.7223228 0.3901155 2.9714766
v 0.5792968 0.3818345 3.092604
v 0.6790948 0.40165544 3.1154318
v 0.9061419 0.36742115 2.7320194
v 0.7989116 0.26286197 2.9633405
v 0.65223145 0.16513634 2.8146498
v 0.63518476 0.11822569 2.6612186
v 0.5048257 0.28040016 2.6461868
v 0.53843635 0.2743712 2.831729
v 0.57664216 0.0405761 2.9240465
v 0.5460428 0.5030612 2.666048
v 0.43437225 0.21243119 3.0094035
v 0.6089921 0.39673162 2.8753538
v 0.5792968 0.3818345 3.092604
v 0.13148598 -0.7807041 0.43136728
v 0.22039342 -0.75053096 0.5785187
v 0.22877175 -0.8358556 0.499487
v 0.15329263 -0.7084202 0.51060885
v 0.23557575 -0.6997263 0.7320407
v 0.1700427 -0.622288 0.6934792
v 0.24026313 -0.52421564 0.41752136
v 0.2119937 -0.48771513 0.6424833
v 0.18653628 -0.5558398 0.2897861
v 0.2003206 -0.60748595 0.1394549
v 0.20297113 -0.8642672 0.2375058
v 0.11713982 -1.0836957 0.3370396
v 0.11696614 -1.0429125 0.4852571
v 0.12677886 -1.1554582 0.5282894
v 0.122586176 -1.2041414 0.38814282
v 0.21010834 -1.3567013 0.44825113
v 0.22613797 -1.2688999 0.5943416
v 0.34288037 -0.5274686 0.27163264
v 0.2003206 -0.60748595 0.1394549
v 0.35665208 -0.607496 0.12375393
v 0.18653628 -0.5558398 0.2897861
v 0.24026313 -0.52421564 0.41752136
v 0.33806235 -0.5287939 0.4239255
v 0.2119937 -0.48771513 0.6424833
v 0.32594702 -0.46261817 0.64770365
v 0.22877175 -0.8358556 0.499487
v 0.35920408 -0.7609329 0.57257783
v 0.38639063 -0.84965014 0.48516113
v 0.22039342 -0.75053096 0.5785187
v 0.35600013 -0.7093905 0.7321081
v 0.23557575 -0.6997263 0.7320407
v 0.22877175 -0.8358556 0.499487
v 0.38639063 -0.84965014 0.48516113
v 0.37671953 -1.0299225 0.48549017
v 0.23624253 -1.0370021 0.4896849
v 0.13148598 -0.7807041 0.43136728
v 0.11696614 -1.0429125 0.4852571
v 0.12677886 -1.1554582 0.5282894
v 0.23287237 -1.1747085 0.55611473
v 0.22613797 -1.2688999 0.5943416
v 0.38662073 -1.2702713 0.5952551
v 0.3904851 -1.1883277 0.55241495
v 0.4959154 -1.0006034 0.42009175
v 0.47270095 -1.224994 0.56173736
v 0.38639063 -0.84965014 0.48516113
v 0.4959154 -1.0006034 0.42009175
v 0.37671953 -1.0299225 0.48549017
v 0.4455945 -0.8308394 0.3434877
v 0.40527815 -0.703388 0.47961646
v 0.35920408 -0.7609329 0.57257783
v 0.40673316 -0.6043935 0.6782417
v 0.35600013 -0.7093905 0.7321081
v 0.32594702 -0.46261817 0.64770365
v 0.33806235 -0.5287939 0.4239255
v 0.34288037 -0.5274686 0.27163264
v 0.35665208 -0.607496 0.12375393
v 0.43290523 -0.8650016 0.22349665
v 0.49418306 -1.0554321 0.30501255
v 0.47270095 -1.224994 0.56173736
v 0.46403742 -1.294151 0.4115101
v 0.38662073 -1.2702713 0.5952551
v 0.47270095 -1.224994 0.56173736
v 0.46403742 -1.294151 0.4115101
v 0.37026381 -1.358372 0.43879467
v 0.22613797 -1.2688999 0.5943416
v 0.21010834 -1.3567013 0.44825113
v 0.3281222 -0.18523979 1.3948057
v 0.33603647 -0.19746721 1.2922823
v 0.47220302 -0.39803746 1.3282971
v 0.4571987 -0.37800688 1.4354558
v 0.2986071 -0.2313124 1.5079925
v 0.366289 -0.3274935 1.5323073
v 0.36497265 -0.5438219 1.4985055
v 0.31643423 -0.41147393 1.5718739
v 0.37737274 -0.5737646 1.3898152
v 0.40534493 -0.60262567 1.2060661
v 0.46478865 -0.3988362 1.1339636
v 0.3939188 -0.62257344 1.1050587
v 0.45125306 -0.44212633 1.0383165
v 0.33603647 -0.19746721 1.2922823
v 0.46478865 -0.3988362 1.1339636
v 0.47220302 -0.39803746 1.3282971
v 0.28804988 -0.19445205 1.1143694
v 0.45125306 -0.44212633 1.0383165
v 0.29783517 -0.25288844 1.0173426
v 0.10872656 -0.27733648 1.1082903
v 0.13438885 -0.32146305 1.0109009
v 0.13854787 -0.23849106 1.2790139
v 0.14331086 -0.2225979 1.3763435
v 0.3281222 -0.18523979 1.3948057
v 0.1995079 -0.24971831 1.4983181
v 0.2986071 -0.2313124 1.5079925
v 0.20297113 -0.8642672 0.2375058
v 0.11713982 -1.0836957 0.3370396
v 0.122586176 -1.2041414 0.38814282
v 0.21010834 -1.3567013 0.44825113
v 0.2003206 -0.60748595 0.1394549
v 0.35665208 -0.607496 0.12375393
v 0.37026381 -1.358372 0.43879467
v 0.43290523 -0.8650016 0.22349665
v 0.46403742 -1.294151 0.4115101
v 0.49418306 -1.0554321 0.30501255
v 0.1817155 -0.51912665 1.4826026
v 0.22022599 -0.39859694 1.5636655
v 0.31643423 -0.41147393 1.5718739
v 0.36497265 -0.5438219 1.4985055
v 0.18313217 -0.54695 1.3753258
v 0.37737274 -0.5737646 1.3898152
v 0.21253684 -0.59682804 1.2057498
v 0.40534493 -0.60262567 1.2060661
v 0.21869889 -0.6160426 1.105134
v 0.3939188 -0.62257344 1.1050587
v 0.14331086 -0.2225979 1.3763435
v 0.1995079 -0.24971831 1.4983181
v 0.17266303 -0.3315751 1.532937
v 0.08939198 -0.38344085 1.4333159
v 0.22022599 -0.39859694 1.5636655
v 0.13854787 -0.23849106 1.2790139
v 0.1817155 -0.51912665 1.4826026
v 0.083429314 -0.40620196 1.3299928
v 0.10872656 -0.27733648 1.1082903
v 0.18313217 -0.54695 1.3753258
v 0.08698591 -0.46371666 1.165068
v 0.13438885 -0.32146305 1.0109009
v 0.21253684 -0.59682804 1.2057498
v 0.10773042 -0.495756 1.0652273
v 0.21869889 -0.6160426 1.105134
v 0.2986071 -0.2313124 1.5079925
v 0.366289 -0.3274935 1.5323073
v 0.31643423 -0.41147393 1.5718739
v 0.22022599 -0.39859694 1.5636655
v 0.1995079 -0.24971831 1.4983181
v 0.17266303 -0.3315751 1.532937
v 0.09158062 -0.39454967 1.3957498
v 0.23306182 -0.34871435 1.2890817
v 0.14723393 -0.23612082 1.3319951
v 0.20734355 -0.41889626 1.3131725
v 0.18328446 -0.5264558 1.4517169
v 0.24584812 -0.47611386 1.3347249
v 0.366744 -0.5526769 1.465156
v 0.3136829 -0.32914066 1.2987906
v 0.3255275 -0.4880504 1.3416466
v 0.45761043 -0.38763493 1.3984873
v 0.36527863 -0.41304353 1.3140974
v 0.33020926 -0.19535464 1.3537307
v 0.14723393 -0.23612082 1.3319951
v 0.23306182 -0.34871435 1.2890817
v 0.3136829 -0.32914066 1.2987906
v 0.33020926 -0.19535464 1.3537307
v 0.14599325 -0.20932925 1.4402179
v 0.3290429 -0.1763624 1.457541
v 0.12146309 -0.057631552 1.6387196
v 0.32150203 -0.029107928 1.6913092
v 0.07044193 0.03963965 1.838151
v 0.11278714 -0.38715905 2.0389485
v 0.41629356 -0.45654166 1.8475611
v 0.39172906 -0.4401421 1.8391336
v 0.099870086 -0.41381794 2.0480702
v 0.027295634 -0.11975169 2.0820382
v -0.0036514476 -0.12118727 2.083022
v 0.07044193 0.03963965 1.838151
v -0.0036514476 -0.12118727 2.083022
v 0.06019765 0.067620754 1.8296146
v 0.32150203 -0.029107928 1.6913092
v 0.3405412 -0.0058357716 1.6837815
v 0.11278714 -0.38715905 2.0389485
v 0.39172906 -0.4401421 1.8391336
v 0.15830249 -0.43883032 1.8168182
v 0.18022168 -0.49857754 1.5588412
v 0.3600899 -0.5215884 1.5724634
v 0.18328446 -0.5264558 1.4517169
v 0.366744 -0.5526769 1.465156
v 0.24894923 -0.20747977 2.415172
v 0.2717139 -0.22321898 2.4291294
v 0.092933565 -0.3418982 2.2399554
v 0.10628457 -0.31654465 2.2281358
v 0.17818421 -0.10076594 2.396985
v 0.105237424 -0.15699327 2.3007278
v 0.027295634 -0.11975169 2.0820382
v 0.06471017 -0.05595672 2.2256846
v 0.24911156 0.018447638 2.3915124
v 0.077919185 0.092856884 2.0340955
v 0.19387555 0.0964241 2.3014686
v 0.09061386 0.05300069 2.2010992
v 0.41629356 -0.45654166 1.8475611
v 0.4555983 -0.40998495 1.6468954
v 0.4310348 -0.39300764 1.6385794
v 0.39172906 -0.4401421 1.8391336
v 0.50711733 -0.32413167 1.5343337
v 0.46998212 -0.23951769 1.7520015
v 0.36001202 -0.17092544 1.5363505
v 0.32150203 -0.029107928 1.6913092
v 0.37905118 -0.14765328 1.5288228
v 0.3405412 -0.0058357716 1.6837815
v 0.10628457 -0.31654465 2.2281358
v 0.092933565 -0.3418982 2.2399554
v -0.0036514476 -0.12118727 2.083022
v 0.027295634 -0.11975169 2.0820382
v -0.0036514476 -0.12118727 2.083022
v 0.062736794 0.118750215 2.0263634
v 0.077919185 0.092856884 2.0340955
v 0.30156523 0.19863772 2.2251322
v 0.27941304 0.17726445 2.2287674
v 0.35453022 0.01731205 2.3894498
v 0.32432804 0.014649749 2.3830087
v 0.19387555 0.0964241 2.3014686
v 0.2717139 -0.22321898 2.4291294
v 0.24911156 0.018447638 2.3915124
v 0.24894923 -0.20747977 2.415172
v 0.17818421 -0.10076594 2.396985
v 0.3290429 -0.1763624 1.457541
v 0.33020926 -0.19535464 1.3537307
v 0.45761043 -0.38763493 1.3984873
v 0.44824135 -0.35919833 1.5090234
v 0.366744 -0.5526769 1.465156
v 0.3600899 -0.5215884 1.5724634
v 0.39172906 -0.4401421 1.8391336
v 0.4584505 -0.2635253 1.704858
v 0.32150203 -0.029107928 1.6913092
v 0.46998212 -0.23951769 1.7520015
v 0.18022168 -0.49857754 1.5588412
v 0.18328446 -0.5264558 1.4517169
v 0.09158062 -0.39454967 1.3957498
v 0.09204038 -0.36878312 1.5029638
v 0.14723393 -0.23612082 1.3319951
v 0.15830249 -0.43883032 1.8168182
v 0.14599325 -0.20932925 1.4402179
v 0.03325993 -0.24698204 1.7217746
v 0.11278714 -0.38715905 2.0389485
v 0.12146309 -0.057631552 1.6387196
v 0.014216274 -0.15742993 1.9136261
v 0.027295634 -0.11975169 2.0820382
v 0.07044193 0.03963965 1.838151
v 0.27941304 0.17726445 2.2287674
v 0.19387555 0.0964241 2.3014686
v 0.09061386 0.05300069 2.2010992
v 0.077919185 0.092856884 2.0340955
v 0.11933561 0.24995211 2.363346
v -0.00085173734 0.30178314 2.12113
v 0.0009022113 0.25638354 2.3598225
v 0.12572153 0.29375142 2.1235385
v 0.31976134 0.17830057 2.3751864
v 0.32615387 0.22243728 2.1356544
v 0.33696213 0.18878987 2.378142
v 0.34335062 0.23263538 2.1384468
v 0.33439538 0.2682037 1.8251967
v 0.3515923 0.2784204 1.827994
v 0.15405591 0.33176693 1.8128246
v 0.12572153 0.29375142 2.1235385
v -0.0031465627 0.3400972 1.8107963
v -0.00085173734 0.30178314 2.12113
v 0.33696213 0.18878987 2.378142
v 0.31976134 0.17830057 2.3751864
v 0.36198097 -0.028725985 2.3686247
v 0.38550487 -0.029799968 2.374659
v 0.2798561 -0.24476397 2.3528078
v 0.29742026 -0.2564204 2.35566
v 0.2084906 -0.24219954 2.3321736
v 0.20643826 -0.25900832 2.3325453
v 0.2456621 -0.32397082 1.6040212
v 0.24806657 -0.30450568 1.5907115
v -0.005941014 -0.29133227 1.4456179
v -0.0059267497 -0.31296426 1.4475522
v 0.0004981216 -0.28591657 2.3139012
v 0.00048784725 -0.30565232 2.3128994
v 0.208914 -0.27888778 2.347304
v 0.20643826 -0.25900832 2.3325453
v 0.38550487 -0.029799968 2.374659
v 0.29742026 -0.2564204 2.35566
v 0.29392636 -0.25350225 2.5125794
v 0.39575398 -0.046606794 2.530037
v 0.33696213 0.18878987 2.378142
v 0.33182353 0.16052097 2.5404787
v 0.30002293 0.14124143 2.5365932
v 0.3558393 -0.06951472 2.6355193
v 0.28605518 0.10105961 2.6481326
v 0.35298035 -0.042241357 2.5284882
v 0.25999874 -0.2299368 2.6093113
v 0.2687987 -0.2249785 2.5137067
v 0.2687987 -0.2249785 2.5137067
v 0.0018606614 -0.274112 2.4984307
v 0.0026389342 -0.29428717 2.6057189
v 0.25999874 -0.2299368 2.6093113
v 0.07894609 0.23755293 2.6360092
v 0.0030050147 0.24137618 2.634905
v 0.0022032335 0.24601755 2.5299087
v 0.093351424 0.23819919 2.5315003
v 0.28605518 0.10105961 2.6481326
v 0.30002293 0.14124143 2.5365932
v 0.18849255 -0.36523476 4.114093
v 0.11605141 -0.39751196 4.1626325
v 0.19788826 -0.2663967 4.2528424
v 0.2702142 -0.1417337 4.137783
v 0.21629016 -0.35142836 4.0499306
v 0.27715194 -0.12816396 4.0862503
v 0.27715036 -0.26603335 3.940759
v 0.2334252 -0.23992431 4.491454
v 0.22561672 -0.2536956 4.6527543
v 0.19607198 -0.29881805 4.665669
v 0.20317295 -0.17571765 4.8451233
v 0.22551909 -0.17698067 4.7761116
v 0.29277033 -0.10656375 4.712602
v 0.27271464 -0.14110476 4.6870775
v 0.37007704 -0.099176615 4.4646115
v 0.32686353 -0.13475311 4.483573
v 0.22385874 0.0030722618 4.223247
v 0.20541157 0.059354424 4.096565
v 0.2680335 -0.1292091 4.4956536
v 0.22048531 0.08669028 3.99437
v 0.20553645 -0.18926609 4.6464114
v 0.21509895 -0.16526133 4.7510014
v 0.24762875 -0.13859269 4.668137
v 0.25953236 -0.060308218 3.9675975
v 0.22045144 0.006645918 3.8544343
v 0.21758169 0.10778274 3.901184
v 0.17976044 -0.16714469 3.787283
v 0.21544927 -0.04075408 3.703459
v 0.18140402 0.085206926 3.7317553
v 0.13484369 -0.1904338 3.6569936
v 0.086125515 -0.26554504 3.756459
v 0.16370529 -0.36243287 3.8055098
v 0.21334647 -0.44441602 3.9578943
v 0.121921435 -0.6209246 3.7879403
v 0.15185349 -0.6858846 3.9669597
v 0.21334647 -0.44441602 3.9578943
v 0.16022512 -0.3745098 4.0182548
v 0.27715036 -0.26603335 3.940759
v 0.0709477 -0.41289878 4.050173
v 0.15185349 -0.6858846 3.9669597
v 0.052046996 -0.6855851 4.004031
v 0.012595725 -0.45806685 4.0568542
v 0.011904489 -0.68772495 4.01618
v 0.27715036 -0.26603335 3.940759
v 0.16022512 -0.3745098 4.0182548
v 0.21629016 -0.35142836 4.0499306
v 0.18849255 -0.36523476 4.114093
v 0.0709477 -0.41289878 4.050173
v 0.11605141 -0.39751196 4.1626325
v 0.013514221 -0.3985863 4.1676955
v 0.012595725 -0.45806685 4.0568542
v 0.11605141 -0.39751196 4.1626325
v 0.013514221 -0.3985863 4.1676955
v 0.014713217 -0.2641896 4.293584
v 0.19788826 -0.2663967 4.2528424
v 0.12707183 -0.10919416 4.318006
v 0.015292425 -0.1126332 4.3301406
v 0.15594801 0.019431323 4.2719064
v 0.015252531 -0.00025609136 4.2935004
v 0.014976395 0.08681327 4.231807
v 0.11670333 0.07322645 4.2294784
v 0.014189585 0.1353031 4.112071
v 0.11670333 0.07322645 4.2294784
v 0.014976395 0.08681327 4.231807
v 0.11188728 0.12160854 4.109852
v 0.10626085 0.14544246 4.0269547
v 0.013619237 0.15909207 4.029115
v 0.20541157 0.059354424 4.096565
v 0.22385874 0.0030722618 4.223247
v 0.15594801 0.019431323 4.2719064
v 0.20317295 -0.17571765 4.8451233
v 0.29277033 -0.10656375 4.712602
v 0.37007704 -0.099176615 4.4646115
v 0.22048531 0.08669028 3.99437
v 0.07766925 0.1468903 3.9304214
v 0.21758169 0.10778274 3.901184
v 0.18140402 0.085206926 3.7317553
v 0.013005794 0.16936424 3.9444542
v 0.10250382 0.14505163 3.742745
v 0.011524361 0.16784176 3.7510011
v 0.19607198 -0.29881805 4.665669
v 0.19788826 -0.2663967 4.2528424
v 0.12707183 -0.10919416 4.318006
v 0.15594801 0.019431323 4.2719064
v 0.20317295 -0.17571765 4.8451233
v 0.086125515 -0.26554504 3.756459
v 0.010798711 -0.26540017 3.7572196
v 0.010657531 -0.3623946 3.7651258
v 0.0970397 -0.3617006 3.7659483
v 0.17976044 -0.16714469 3.787283
v 0.010022471 -0.59204125 3.7407975
v 0.16370529 -0.36243287 3.8055098
v 0.121921435 -0.6209246 3.7879403
v 0.086125515 -0.26554504 3.756459
v 0.13484369 -0.1904338 3.6569936
v 0.0099181235 -0.23160565 3.6216395
v 0.010798711 -0.26540017 3.7572196
v 0.37007704 -0.099176615 4.4646115
v 0.2702142 -0.1417337 4.137783
v 0.32686353 -0.13475311 4.483573
v 0.2680335 -0.1292091 4.4956536
v 0.24762875 -0.13859269 4.668137
v 0.27271464 -0.14110476 4.6870775
v 0.22551909 -0.17698067 4.7761116
v 0.21509895 -0.16526133 4.7510014
v 0.052046996 -0.6855851 4.004031
v 0.0115453955 -0.7150675 3.9740849
v 0.011904489 -0.68772495 4.01618
v 0.033692088 -0.71467173 3.974789
v 0.15185349 -0.6858846 3.9669597
v 0.121921435 -0.6209246 3.7879403
v 0.027984839 -0.6608493 3.8377757
v 0.010459993 -0.65135694 3.8161032
v 0.010022471 -0.59204125 3.7407975
v 0.11933561 0.24995211 2.363346
v 0.14401206 0.16911717 2.163406
v 0.31976134 0.17830057 2.3751864
v 0.0009022113 0.25638354 2.3598225
v -0.00082017854 0.17553143 2.134396
v 0.14401206 0.16911717 2.163406
v -0.00082017854 0.17553143 2.134396
v -0.0011738092 -0.029903395 2.086826
v 0.08468295 -0.03258118 2.1136818
v -0.000859499 -0.27429107 2.1291065
v 0.10204866 -0.25515428 2.1333902
v 0.18976557 -0.035948496 2.1825361
v 0.22315176 -0.119163014 2.1946309
v 0.21286568 0.037346628 2.1968029
v 0.29122594 -0.1117459 2.2623665
v 0.30485347 0.03443593 2.261281
v 0.31976134 0.17830057 2.3751864
v 0.32526913 -0.037191045 2.2820232
v 0.2084906 -0.24219954 2.3321736
v -0.000859499 -0.27429107 2.1291065
v 0.00045525283 -0.26419976 2.3082974
v 0.10204866 -0.25515428 2.1333902
v 0.2798561 -0.24476397 2.3528078
v 0.2798561 -0.24476397 2.3528078
v 0.22315176 -0.119163014 2.1946309
v 0.10204866 -0.25515428 2.1333902
v 0.29122594 -0.1117459 2.2623665
v 0.36198097 -0.028725985 2.3686247
v 0.32526913 -0.037191045 2.2820232
v 0.31976134 0.17830057 2.3751864
v 0.30485347 0.03443593 2.261281
v 0.29742026 -0.2564204 2.35566
v 0.20643826 -0.25900832 2.3325453
v 0.20535924 -0.26232383 2.5019717
v 0.29392636 -0.25350225 2.5125794
v 0.208914 -0.27888778 2.347304
v 0.00048784725 -0.30565232 2.3128994
v 0.0018067304 -0.3165494 2.4915543
v 0.20772137 -0.28265145 2.5010896
v 0.20535924 -0.26232383 2.5019717
v 0.20772137 -0.28265145 2.5010896
v 0.0018067304 -0.3165494 2.4915543
v 0.001814412 -0.2964359 2.4924212
v 0.20643826 -0.25900832 2.3325453
v 0.208914 -0.27888778 2.347304
v 0.20772137 -0.28265145 2.5010896
v 0.20535924 -0.26232383 2.5019717
v 0.2456621 -0.32397082 1.6040212
v -0.0059267497 -0.31296426 1.4475522
v -0.004700551 -0.3338665 1.6124136
v 0.21214442 -0.32696545 1.927011
v -0.0023868913 -0.34335166 1.9246792
v 0.2082644 -0.3057837 2.181761
v -0.00058563333 -0.32798362 2.1685388
v 0.20643826 -0.25900832 2.3325453
v 0.0004981216 -0.28591657 2.3139012
v -0.0047242325 -0.30786654 1.6097972
v -0.005941014 -0.29133227 1.4456179
v 0.24806657 -0.30450568 1.5907115
v -0.0024258196 -0.31881222 1.9202787
v 0.21413496 -0.30863237 1.9185177
v -0.00062849186 -0.30618984 2.1629286
v 0.21029125 -0.2887424 2.1780846
v 0.00045525283 -0.26419976 2.3082974
v 0.2084906 -0.24219954 2.3321736
v 0.21413496 -0.30863237 1.9185177
v 0.24806657 -0.30450568 1.5907115
v 0.2456621 -0.32397082 1.6040212
v 0.21214442 -0.32696545 1.927011
v 0.21029125 -0.2887424 2.1780846
v 0.2082644 -0.3057837 2.181761
v 0.2084906 -0.24219954 2.3321736
v 0.20643826 -0.25900832 2.3325453
v 0.2717139 -0.22321898 2.4291294
v 0.099870086 -0.41381794 2.0480702
v 0.092933565 -0.3418982 2.2399554
v 0.3490756 -0.4271208 2.0989323
v 0.41629356 -0.45654166 1.8475611
v 0.35453022 0.01731205 2.3894498
v 0.3490756 -0.4271208 2.0989323
v 0.2717139 -0.22321898 2.4291294
v 0.4655143 -0.12942368 1.9810859
v 0.30156523 0.19863772 2.2251322
v 0.41629356 -0.45654166 1.8475611
v 0.3211064 0.08801043 1.9137758
v 0.5006018 -0.23428619 1.7541292
v 0.3405412 -0.0058357716 1.6837815
v 0.4555983 -0.40998495 1.6468954
v 0.5377397 -0.32004595 1.5368491
v 0.062736794 0.118750215 2.0263634
v 0.3211064 0.08801043 1.9137758
v 0.30156523 0.19863772 2.2251322
v 0.06019765 0.067620754 1.8296146
v 0.3405412 -0.0058357716 1.6837815
v 0.50711733 -0.32413167 1.5343337
v 0.37905118 -0.14765328 1.5288228
v 0.36001202 -0.17092544 1.5363505
v 0.5377397 -0.32004595 1.5368491
v 0.4310348 -0.39300764 1.6385794
v 0.4555983 -0.40998495 1.6468954
v 0.3405412 -0.0058357716 1.6837815
v 0.37905118 -0.14765328 1.5288228
v 0.5377397 -0.32004595 1.5368491
v 0.5006018 -0.23428619 1.7541292
v 0.07602197 -0.5048834 1.0612564
v 0.18889594 -0.46908605 0.62751824
v 0.11131747 -0.30236888 0.9959688
v 0.13840577 -0.63188833 0.68967855
v 0.20393643 -0.64540243 1.1100913
v 0.22053201 -0.7291625 0.7369755
v 0.30673486 -0.22450012 1.0012537
v 0.33841813 -0.43607783 0.6320645
v 0.43946692 -0.602306 0.6729797
v 0.48359787 -0.43752688 1.0322208
v 0.37479147 -0.7367444 0.7362013
v 0.41209647 -0.65007734 1.1092556
v 0.41209647 -0.65007734 1.1092556
v 0.37479147 -0.7367444 0.7362013
v 0.22053201 -0.7291625 0.7369755
v 0.20393643 -0.64540243 1.1100913
v 0.11131747 -0.30236888 0.9959688
v 0.18889594 -0.46908605 0.62751824
v 0.33841813 -0.43607783 0.6320645
v 0.30673486 -0.22450012 1.0012537
v 0.83944607 0.5285802 2.7122204
v 0.7297463 0.5222593 2.2955062
v 0.82338023 0.4202687 2.281411
v 0.9317696 0.3751763 2.7260735
v 0.8229913 0.28781068 2.2557998
v 0.93424225 0.20488441 2.7322803
v 0.48041478 0.27355683 2.6354036
v 0.64933616 0.52399945 2.3005693
v 0.5291179 0.52421904 2.6601255
v 0.61621547 0.38772404 2.274045
v 0.63024974 0.09346181 2.650148
v 0.7205225 0.26012063 2.2368283
v 0.93424225 0.20488441 2.7322803
v 0.8229913 0.28781068 2.2557998
v 0.7205225 0.26012063 2.2368283
v 0.63024974 0.09346181 2.650148
v 0.5291179 0.52421904 2.6601255
v 0.64933616 0.52399945 2.3005693
v 0.7297463 0.5222593 2.2955062
v 0.83944607 0.5285802 2.7122204
v 0.12509124 0.26686516 2.367302
v 0.34335062 0.23263538 2.1384468
v 0.33696213 0.18878987 2.378142
v 0.13149667 0.31179112 2.1283019
v 0.00094142556 0.2760919 2.3644214
v 0.3515923 0.2784204 1.827994
v -0.0008210521 0.32084966 2.1253867
v 0.15983735 0.35026306 1.8178418
v -0.0048795855 0.37302688 1.5765347
v -0.0031130826 0.35932764 1.8151679
v 0.3515923 0.2784204 1.827994
v -0.0048795855 0.37302688 1.5765347
v -0.004915476 0.3535734 1.5720693
v 0.33439538 0.2682037 1.8251967
v 0.15405591 0.33176693 1.8128246
v -0.004915476 0.3535734 1.5720693
v -0.0031465627 0.3400972 1.8107963
v 0.33439538 0.2682037 1.8251967
v 0.33517045 0.1751439 2.5429437
v 0.12844104 0.28196618 2.369869
v 0.34031305 0.2039266 2.3807561
v 0.10578094 0.26298702 2.536176
v 0.0009646993 0.29118288 2.36701
v 0.0022224784 0.27288577 2.532329
v 0.33182353 0.16052097 2.5404787
v 0.33517045 0.1751439 2.5429437
v 0.34031305 0.2039266 2.3807561
v 0.33696213 0.18878987 2.378142
v 0.3794988 0.12254095 3.1611514
v 0.567927 0.39931226 3.0961356
v 0.48126438 0.3150031 3.2535377
v 0.41379422 0.21409166 3.0038593
v 0.5072784 -0.06617153 3.1250882
v 0.572206 0.021940827 2.9142573
v 0.67663026 0.35298204 3.3302703
v 0.6855408 0.42006385 3.1239967
v 0.82775056 0.22989297 3.0544884
v 0.77136445 0.14071131 3.2912161
v 0.71485496 0.05376017 2.9533868
v 0.71180767 -0.03777492 3.1930661
v 0.48126438 0.3150031 3.2535377
v 0.567927 0.39931226 3.0961356
v 0.6855408 0.42006385 3.1239967
v 0.67663026 0.35298204 3.3302703
v 0.71180767 -0.03777492 3.1930661
v 0.71485496 0.05376017 2.9533868
v 0.572206 0.021940827 2.9142573
v 0.5072784 -0.06617153 3.1250882
v 0.2589743 -4.7326088E-05 4.181986
v 0.25867638 -0.11484769 4.253262
v 0.22910956 -0.0019237995 4.2460346
v 0.29282907 -0.12919536 4.190338
v 0.2549906 0.0045057535 4.146505
v 0.20704083 -0.2549479 4.2578354
v 0.28610098 -0.12484157 4.150099
v 0.30511308 0.0613465 3.8702965
v 0.23371343 -0.2896362 4.195691
v 0.15211095 -0.34016594 4.271082
v 0.14597993 -0.38627884 4.2021875
v 0.23336662 -0.29173282 4.1558642
v 0.14985293 -0.38972148 4.1638536
v 0.3593047 -0.16386595 3.8486
v 0.43896812 0.07508305 3.6819384
v 0.3118046 -0.30216852 3.8397362
v 0.43770894 -0.19640097 3.5964417
v 0.2354441 -0.41488916 3.389135
v 0.14597993 -0.38627884 4.2021875
v 0.014354421 -0.34984213 4.268652
v 0.15211095 -0.34016594 4.271082
v 0.013807576 -0.39855528 4.2079177
v 0.14985293 -0.38972148 4.1638536
v 0.013520715 -0.40235072 4.169793
v 0.015061544 0.09609789 4.2407923
v 0.115362406 0.016592681 4.30801
v 0.015416414 0.03423369 4.306175
v 0.16886356 0.06878272 4.2435894
v 0.01462819 0.116764694 4.1764708
v 0.18999536 0.080901146 4.179141
v 0.22910956 -0.0019237995 4.2460346
v 0.014388463 0.13962823 4.137837
v 0.2589743 -4.7326088E-05 4.181986
v 0.18798721 0.09432191 4.136836
v 0.012696177 0.2557953 3.8782513
v 0.2549906 0.0045057535 4.146505
v 0.18802981 0.19015709 3.8694644
v 0.010306075 0.37645507 3.529905
v 0.30511308 0.0613465 3.8702965
v 0.36470225 0.31551775 3.5923817
v 0.43896812 0.07508305 3.6819384
v 0.15211095 -0.34016594 4.271082
v 0.014354421 -0.34984213 4.268652
v 0.014964679 -0.25064808 4.323973
v 0.090797886 -0.24391681 4.3206854
v 0.20704083 -0.2549479 4.2578354
v 0.01537773 -0.15466231 4.353403
v 0.13974816 -0.19016922 4.317005
v 0.25867638 -0.11484769 4.253262
v 0.044901278 -0.15230066 4.3522253
v 0.015536608 -0.054464996 4.347142
v 0.17273614 -0.10061389 4.314125
v 0.22910956 -0.0019237995 4.2460346
v 0.062117837 -0.13339677 4.350931
v 0.053540997 -0.060675472 4.3477674
v 0.015416414 0.03423369 4.306175
v 0.115362406 0.016592681 4.30801
v 0.15384874 -0.028577983 4.3095455
v 0.16886356 0.06878272 4.2435894
v 0.067077234 -0.07656264 4.348307
v 0.07372021 -0.10189882 4.349918
v 0.014327861 0.11004147 4.139041
v 0.18523824 0.06937361 4.138251
v 0.17230569 0.15214401 3.8633368
v 0.01251786 0.20400876 3.8695297
v 0.3489506 0.26413524 3.5850625
v 0.010145653 0.32493496 3.5197437
v 0.22566162 -0.27494186 4.1554127
v 0.27263176 -0.12600312 4.150296
v 0.24491937 -0.010677487 4.1469774
v 0.18523824 0.06937361 4.138251
v 0.1512796 -0.3622163 4.162556
v 0.014327861 0.11004147 4.139041
v 0.013567515 -0.3734444 4.1679688
v 0.013520715 -0.40235072 4.169793
v 0.14985293 -0.38972148 4.1638536
v 0.23336662 -0.29173282 4.1558642
v 0.17230569 0.15214401 3.8633368
v 0.40062037 0.03563589 3.6604228
v 0.3489506 0.26413524 3.5850625
v 0.26324227 0.020258397 3.863604
v 0.18523824 0.06937361 4.138251
v 0.40152815 -0.19616097 3.5639324
v 0.24491937 -0.010677487 4.1469774
v 0.31089628 -0.1660913 3.844431
v 0.27263176 -0.12600312 4.150296
v 0.2631712 -0.2767153 3.8434377
v 0.22566162 -0.27494186 4.1554127
v 0.3118046 -0.30216852 3.8397362
v 0.23336662 -0.29173282 4.1558642
v 0.2354441 -0.41488916 3.389135
v 0.19858101 -0.38607684 3.3601987
v 0.2354441 -0.41488916 3.389135
v 0.40152815 -0.19616097 3.5639324
v 0.19858101 -0.38607684 3.3601987
v 0.43770894 -0.19640097 3.5964417
v 0.40062037 0.03563589 3.6604228
v 0.43896812 0.07508305 3.6819384
v 0.3489506 0.26413524 3.5850625
v 0.36470225 0.31551775 3.5923817
v 0.010145653 0.32493496 3.5197437
v 0.010306075 0.37645507 3.529905
v 0.13484369 -0.1904338 3.6569936
v 0.14024188 -0.20755321 3.6735387
v 0.010003876 -0.25062755 3.636844
v 0.0099181235 -0.23160565 3.6216395
v 0.53910726 -0.18134314 3.5590174
v 0.14024188 -0.20755321 3.6735387
v 0.22312407 -0.04589942 3.7259123
v 0.53053784 -0.012670785 3.6349332
v 0.18939814 0.0923623 3.753325
v 0.47265813 0.17658664 3.6317866
v 0.10730007 0.30777422 3.6559289
v 0.10951211 0.15924853 3.7609696
v 0.10730007 0.30777422 3.6559289
v 0.10951211 0.15924853 3.7609696
v 0.011677932 0.18399641 3.7688885
v 0.010636865 0.32283652 3.6101558
v 0.009037114 0.371631 3.391877
v 0.26465252 0.3581697 3.5010543
v 0.47265813 0.17658664 3.6317866
v 0.008605939 -0.3860527 3.4679122
v 0.010003876 -0.25062755 3.636844
v 0.14024188 -0.20755321 3.6735387
v 0.30777812 -0.29959315 3.4658294
v 0.53910726 -0.18134314 3.5590174
v 0.32067707 -0.3498702 3.313062
v 0.0067256317 -0.43901193 3.2135482
v 0.3797902 -0.07110006 2.6323643
v 0.2740855 -0.24894054 2.6051366
v 0.28704256 -0.30009723 2.8480346
v 0.42565045 -0.12873569 2.8622928
v 0.3057745 0.11526903 2.6438973
v 0.34792608 0.18647662 2.872203
v 0.09534943 0.29721594 2.8692217
v 0.004838623 0.30859816 2.8701012
v 0.0029968582 0.2656766 2.6316214
v 0.08543315 0.2606194 2.6307814
v 0.34792608 0.18647662 2.872203
v 0.3057745 0.11526903 2.6438973
v 0.2740855 -0.24894054 2.6051366
v 0.0025980808 -0.3171428 2.6014922
v 0.004352078 -0.36897618 2.8470027
v 0.28704256 -0.30009723 2.8480346
v 0.27052048 -0.2788207 2.8518977
v 0.004352078 -0.36897618 2.8470027
v 0.0043787807 -0.34391522 2.8507695
v 0.28704256 -0.30009723 2.8480346
v 0.39694458 -0.12347505 2.865673
v 0.42565045 -0.12873569 2.8622928
v 0.32635212 0.16980939 2.8789504
v 0.34792608 0.18647662 2.872203
v 0.08620356 0.27335137 2.8767424
v 0.09534943 0.29721594 2.8692217
v 0.0048782025 0.28297925 2.8749924
v 0.004838623 0.30859816 2.8701012
v 0.0065598506 -0.48872447 3.2066932
v 0.07876024 -0.4805634 3.2325976
v 0.07869591 -0.41504806 3.2122006
v 0.006495524 -0.42320895 3.1862957
v 0.07876024 -0.4805634 3.2325976
v 0.13196123 -0.3925624 3.284034
v 0.07869591 -0.41504806 3.2122006
v 0.13202554 -0.45807773 3.304431
v 0.15201914 -0.36177778 3.3825479
v 0.15208347 -0.42729312 3.4029453
v 0.13349512 -0.3309425 3.4813466
v 0.13355945 -0.39645767 3.5017428
v 0.08135261 -0.30831873 3.5539556
v 0.08141693 -0.37383407 3.5743527
v 0.08141693 -0.37383407 3.5743527
v 0.0096275285 -0.36548412 3.6013172
v 0.009563208 -0.29996872 3.5809207
v 0.08135261 -0.30831873 3.5539556
v 0.07198481 -0.38068664 3.5524395
v 0.072001696 -0.39795923 3.5578074
v 0.009447113 -0.39068353 3.581304
v 0.009430222 -0.37341088 3.575936
v 0.08141693 -0.37383407 3.5743527
v 0.009430222 -0.37341088 3.575936
v 0.0096275285 -0.36548412 3.6013172
v 0.07198481 -0.38068664 3.5524395
v 0.13355945 -0.39645767 3.5017428
v 0.117419854 -0.40039998 3.4891698
v 0.15208347 -0.42729312 3.4029453
v 0.13356102 -0.42726886 3.4030817
v 0.13202554 -0.45807773 3.304431
v 0.116083264 -0.45409334 3.3172402
v 0.07876024 -0.4805634 3.2325976
v 0.06966987 -0.4736864 3.254647
v 0.0065598506 -0.48872447 3.2066932
v 0.006757157 -0.48079777 3.2320747
v 0.072001696 -0.39795923 3.5578074
v 0.009044664 -0.43032658 3.5337124
v 0.009447113 -0.39068353 3.581304
v 0.051730633 -0.43529147 3.5176785
v 0.11743674 -0.41767263 3.4945374
v 0.08273457 -0.44874334 3.4745045
v 0.1335779 -0.44454145 3.408449
v 0.09374895 -0.4670781 3.4157596
v 0.11610015 -0.471366 3.322608
v 0.081822515 -0.48538268 3.3571832
v 0.069686756 -0.49095893 3.2600148
v 0.05015096 -0.4987526 3.314471
v 0.0072206203 -0.50360525 3.2990685
v 0.006774042 -0.49807024 3.237442
v 0.006757157 -0.48079777 3.2320747
v 0.006774042 -0.49807024 3.237442
v 0.069686756 -0.49095893 3.2600148
v 0.06966987 -0.4736864 3.254647
v 0.117419854 -0.40039998 3.4891698
v 0.072001696 -0.39795923 3.5578074
v 0.07198481 -0.38068664 3.5524395
v 0.11743674 -0.41767263 3.4945374
v 0.13356102 -0.42726886 3.4030817
v 0.1335779 -0.44454145 3.408449
v 0.116083264 -0.45409334 3.3172402
v 0.11610015 -0.471366 3.322608
v 0.06966987 -0.4736864 3.254647
v 0.069686756 -0.49095893 3.2600148
v -0.24103676 0.33772156 3.4935644
v 0.008957405 0.34816164 3.3858821
v 0.009037114 0.371631 3.391877
v -0.24491864 0.35885516 3.5048087
v -0.4439342 0.17078607 3.6164548
v -0.45138595 0.17797695 3.6385922
v -0.07290835 0.237603 2.6371355
v 0.0030050147 0.24137618 2.634905
v 0.0029968582 0.2656766 2.6316214
v -0.079440676 0.2606777 2.6320038
v -0.2798433 0.10134528 2.6523244
v -0.29958743 0.11560892 2.6483796
v -0.34997755 -0.06916058 2.6407475
v -0.3739738 -0.07068951 2.637946
v -0.25463998 -0.22977193 2.6131284
v -0.26880482 -0.2487572 2.6091626
v 0.0026389342 -0.29428717 2.6057189
v 0.0025980808 -0.3171428 2.6014922
v -0.3374126 0.26235372 2.984158
v -0.3166166 0.17019565 2.8837097
v -0.07643503 0.27344114 2.8779466
v -0.08386235 0.32068714 2.9871151
v 0.0048782025 0.28297925 2.8749924
v 0.0058790855 0.3220325 2.9907832
v -0.45667663 0.2699261 3.3379395
v -0.09956266 0.37332654 3.3139613
v 0.008311685 0.36717921 3.2976816
v -0.24103676 0.33772156 3.4935644
v 0.008957405 0.34816164 3.3858821
v -0.4439342 0.17078607 3.6164548
v -0.5630031 0.09208073 3.5385277
v -0.56920683 0.13661131 3.403758
v -0.33483258 0.1889087 2.3831298
v -0.12645912 0.2820001 2.371762
v -0.33813456 0.20405138 2.385793
v -0.12315601 0.2668968 2.3691456
v 0.0009646993 0.29118288 2.36701
v 0.00094142556 0.2760919 2.3644214
v -0.3374126 0.26235372 2.984158
v -0.45667663 0.2699261 3.3379395
v -0.4094954 -0.032557428 3.1411498
v -0.41708046 -0.05321589 2.9292927
v -0.3166166 0.17019565 2.8837097
v -0.559953 -0.18690707 3.2478473
v -0.38775033 -0.12299278 2.8714807
v -0.34895045 -0.22942764 3.0099945
v -0.26167545 -0.2785635 2.8558404
v -0.22946967 -0.34273934 3.0189238
v -0.5024289 -0.0059977174 3.62
v -0.4439342 0.17078607 3.6164548
v -0.45138595 0.17797695 3.6385922
v -0.509778 -0.011075169 3.642594
v -0.5133724 -0.16486421 3.5488257
v -0.5199663 -0.1797927 3.5668175
v -0.30496952 -0.32912132 3.3124418
v -0.30556586 -0.3490759 3.3176768
v -0.0979567 0.24834561 2.5352993
v -0.3272174 0.16074365 2.545366
v -0.3305233 0.17536163 2.547881
v -0.10126487 0.2630363 2.5377126
v 0.002204202 0.25817984 2.5299423
v 0.0022224784 0.27288577 2.532329
v 0.002204202 0.25817984 2.5299423
v 0.0022032335 0.24601755 2.5299087
v -0.08890882 0.238245 2.5328526
v -0.3272174 0.16074365 2.545366
v -0.29547712 0.14146033 2.5410085
v -0.39143014 -0.046299063 2.5358725
v -0.34867892 -0.041953184 2.533689
v -0.28999275 -0.25334603 2.5169117
v -0.264839 -0.22482958 2.5176659
v -0.20158155 -0.26223412 2.504992
v 0.0018606614 -0.274112 2.4984307
v 0.001814412 -0.2964359 2.4924212
v 0.011524361 0.16784176 3.7510011
v -0.08635559 0.15957576 3.762412
v 0.011677932 0.18399641 3.7688885
v -0.07965553 0.14535946 3.7440863
v -0.16656688 0.09295879 3.7559464
v -0.15890595 0.08578727 3.734261
v -0.30496952 -0.32912132 3.3124418
v -0.559953 -0.18690707 3.2478473
v -0.5133724 -0.16486421 3.5488257
v -0.3171916 -0.35966063 3.2257054
v 0.006727472 -0.4202276 3.2101152
v -0.34895045 -0.22942764 3.0099945
v 0.0066393847 -0.42304188 3.198048
v -0.22946967 -0.34273934 3.0189238
v 0.0053377356 -0.3764765 3.0029829
v 0.0043787807 -0.34391522 2.8507695
v -0.26167545 -0.2785635 2.8558404
v 0.006727472 -0.4202276 3.2101152
v -0.30496952 -0.32912132 3.3124418
v -0.30556586 -0.3490759 3.3176768
v 0.0067256317 -0.43901193 3.2135482
v -0.19379705 -0.040084213 3.7064726
v -0.11436545 -0.19003502 3.6588287
v -0.11956848 -0.20714295 3.6754518
v -0.2011577 -0.04520732 3.7290366
v -0.15890595 0.08578727 3.734261
v -0.16656688 0.09295879 3.7559464
v -0.4094954 -0.032557428 3.1411498
v -0.45667663 0.2699261 3.3379395
v -0.56920683 0.13661131 3.403758
v -0.57775164 -0.015074849 3.3061013
v -0.559953 -0.18690707 3.2478473
v -0.619651 -0.09061688 3.3569083
v -0.56920683 0.13661131 3.403758
v -0.5630031 0.09208073 3.5385277
v -0.5915592 0.0006957352 3.5394232
v -0.57775164 -0.015074849 3.3061013
v -0.59689736 -0.077025086 3.504732
v -0.5024289 -0.0059977174 3.62
v -0.619651 -0.09061688 3.3569083
v -0.5133724 -0.16486421 3.5488257
v -0.559953 -0.18690707 3.2478473
v -0.4439342 0.17078607 3.6164548
v -0.5024289 -0.0059977174 3.62
v -0.5915592 0.0006957352 3.5394232
v -0.5630031 0.09208073 3.5385277
v -0.8176179 -0.44683403 2.1951725
v -0.8237048 -0.36507642 2.308134
v -0.8245731 -0.46584815 2.3541574
v -0.81256676 -0.5426409 2.2474732
v -0.79759985 -0.56469756 1.9941999
v -0.80649245 -0.68197536 2.0584803
v -0.78068113 -0.7297776 2.117634
v -0.7706046 -0.6046406 2.2481637
v -0.69354486 -0.81896067 1.8815979
v -0.6850226 -0.662886 1.7914855
v -0.71742487 -0.447964 1.9476322
v -0.6453202 -0.51461 1.8035555
v -0.8245731 -0.46584815 2.3541574
v -0.7706046 -0.6046406 2.2481637
v -0.81256676 -0.5426409 2.2474732
v -0.7476909 -0.48938167 2.3506567
v -0.6897755 -0.5887933 2.2870781
v -0.68927264 -0.6094992 2.2011533
v -0.6091052 -0.629807 2.1412668
v -0.7162477 -0.70328796 2.1059384
v -0.78068113 -0.7297776 2.117634
v -0.69354486 -0.81896067 1.8815979
v -0.6627008 -0.77505285 1.9076617
v -0.65847135 -0.81306833 1.8391875
v -0.63003606 -0.78675896 1.863636
v -0.59641474 -0.6540678 2.1778703
v -0.6235559 -0.50571054 2.295902
v -0.5362619 -0.5926256 2.1875105
v -0.535528 -0.67341846 2.1241086
v -0.49127722 -0.63522667 2.1316597
v -0.6235559 -0.50571054 2.295902
v -0.6897755 -0.5887933 2.2870781
v -0.7476909 -0.48938167 2.3506567
v -0.6660986 -0.37979513 2.3105762
v -0.6660986 -0.37979513 2.3105762
v -0.6142286 -0.51867515 2.1848068
v -0.6235559 -0.50571054 2.295902
v -0.6161809 -0.43529093 2.1809945
v -0.6819297 -0.32975817 2.156932
v -0.6926749 -0.28024906 2.262998
v -0.651942 -0.43736517 1.9495542
v -0.71249557 -0.57372046 2.0004327
v -0.6127462 -0.5024026 1.841422
v -0.68927264 -0.6094992 2.2011533
v -0.6580113 -0.6522674 1.8443866
v -0.7162477 -0.70328796 2.1059384
v -0.6627008 -0.77505285 1.9076617
v -0.6161809 -0.43529093 2.1809945
v -0.68927264 -0.6094992 2.2011533
v -0.6142286 -0.51867515 2.1848068
v -0.54305154 -0.5682501 2.1366332
v -0.6091052 -0.629807 2.1412668
v -0.63003606 -0.78675896 1.863636
v -0.6627008 -0.77505285 1.9076617
v -0.6580113 -0.6522674 1.8443866
v -0.59909564 -0.667695 1.8047557
v -0.5830322 -0.5703297 1.8048488
v -0.6127462 -0.5024026 1.841422
v -0.5062001 -0.6201949 2.101252
v -0.54584223 -0.65834427 2.099103
v -0.535528 -0.67341846 2.1241086
v -0.49127722 -0.63522667 2.1316597
v -0.5062001 -0.6201949 2.101252
v -0.54305154 -0.5682501 2.1366332
v -0.6091052 -0.629807 2.1412668
v -0.54584223 -0.65834427 2.099103
v -0.49127722 -0.63522667 2.1316597
v -0.5362619 -0.5926256 2.1875105
v -0.54305154 -0.5682501 2.1366332
v -0.5062001 -0.6201949 2.101252
v -0.54584223 -0.65834427 2.099103
v -0.6091052 -0.629807 2.1412668
v -0.59641474 -0.6540678 2.1778703
v -0.535528 -0.67341846 2.1241086
v -0.6142286 -0.51867515 2.1848068
v -0.54305154 -0.5682501 2.1366332
v -0.5362619 -0.5926256 2.1875105
v -0.6235559 -0.50571054 2.295902
v -0.59909564 -0.667695 1.8047557
v -0.65847135 -0.81306833 1.8391875
v -0.63003606 -0.78675896 1.863636
v -0.63427174 -0.6657449 1.7695812
v -0.60694987 -0.5868403 1.7791338
v -0.5830322 -0.5703297 1.8048488
v -0.63427174 -0.6657449 1.7695812
v -0.69354486 -0.81896067 1.8815979
v -0.65847135 -0.81306833 1.8391875
v -0.6850226 -0.662886 1.7914855
v -0.6453202 -0.51461 1.8035555
v -0.60694987 -0.5868403 1.7791338
v -0.5830322 -0.5703297 1.8048488
v -0.6453202 -0.51461 1.8035555
v -0.60694987 -0.5868403 1.7791338
v -0.6127462 -0.5024026 1.841422
v -0.71742487 -0.447964 1.9476322
v -0.651942 -0.43736517 1.9495542
v -0.6819297 -0.32975817 2.156932
v -0.735549 -0.34898448 2.1604085
v -0.79759985 -0.56469756 1.9941999
v -0.6926749 -0.28024906 2.262998
v -0.8176179 -0.44683403 2.1951725
v -0.7464049 -0.28791362 2.2626858
v -0.8237048 -0.36507642 2.308134
v -0.3943423 -0.07058483 3.159307
v -0.4009527 0.19748193 3.2845867
v -0.49265492 0.122725785 3.1410866
v -0.3146175 -0.04529628 3.3159392
v -0.352037 0.17700487 3.5512166
v -0.29114687 -0.020683885 3.483817
v -0.4206831 -0.14236951 3.5658767
v -0.45780998 -0.20319778 3.3709397
v -0.50334656 -0.23302758 3.226776
v -0.6974262 0.012074828 3.4644177
v -0.5516887 0.015587091 3.5782852
v -0.5176949 -0.1544354 3.5351229
v -0.61360115 -0.17583239 3.3659587
v -0.68627995 -0.18099499 3.2726882
v -0.74184436 0.0047590733 3.2646816
v -0.352037 0.17700487 3.5512166
v -0.5516887 0.015587091 3.5782852
v -0.4995098 0.18689322 3.4997442
v -0.40991902 0.017040014 3.5924716
v -0.29114687 -0.020683885 3.483817
v -0.5176949 -0.1544354 3.5351229
v -0.4206831 -0.14236951 3.5658767
v -0.4009527 0.19748193 3.2845867
v -0.66567683 0.18834794 3.1887388
v -0.49265492 0.122725785 3.1410866
v -0.5630944 0.18378496 3.350303
v -0.74184436 0.0047590733 3.2646816
v -0.6974262 0.012074828 3.4644177
v -0.5516887 0.015587091 3.5782852
v -0.4995098 0.18689322 3.4997442
v -0.352037 0.17700487 3.5512166
v -0.61360115 -0.17583239 3.3659587
v -0.50334656 -0.23302758 3.226776
v -0.68627995 -0.18099499 3.2726882
v -0.45780998 -0.20319778 3.3709397
v -0.5176949 -0.1544354 3.5351229
v -0.4206831 -0.14236951 3.5658767
v -0.80767524 -0.043048978 3.0183127
v -0.70059544 -0.22569668 3.0228672
v -0.7464296 -0.17637607 2.9238064
v -0.80314815 -0.06304991 2.927879
v -0.68387496 0.13723898 2.9761455
v -0.7306365 0.04963368 2.8619957
v -0.9197606 -0.22761738 2.781655
v -0.9197157 -0.116499245 2.683118
v -0.70059544 -0.22569668 3.0228672
v -0.5748397 -0.26629445 3.0064683
v -0.6572149 -0.22065145 2.8592305
v -0.7464296 -0.17637607 2.9238064
v -0.6421267 -0.3522076 2.772948
v -0.9197606 -0.22761738 2.781655
v -0.6203594 -0.0002143383 2.7662797
v -0.8432434 -0.019092321 2.5816355
v -0.5661249 -0.04988587 2.5332072
v -0.7306365 0.04963368 2.8619957
v -0.58418065 0.1101886 2.9624352
v -0.68387496 0.13723898 2.9761455
v -0.9197157 -0.116499245 2.683118
v -0.80314815 -0.06304991 2.927879
v -0.6572149 -0.22065145 2.8592305
v -0.5178396 -0.23282123 2.6539428
v -0.6421267 -0.3522076 2.772948
v -0.5468426 -0.121168375 2.80143
v -0.5748397 -0.26629445 3.0064683
v -0.5661249 -0.04988587 2.5332072
v -0.43603086 -0.07590741 2.9788103
v -0.6203594 -0.0002143383 2.7662797
v -0.58418065 0.1101886 2.9624352
v -0.13959113 0.7734648 0.47272545
v -0.23692065 0.6889268 0.45072502
v -0.22795121 0.6560312 0.5964675
v -0.16092022 0.73552185 0.5925851
v -0.24249554 0.5616695 0.7344682
v -0.1768485 0.63843584 0.77542686
v -0.24759856 0.9179118 0.6955306
v -0.21855342 0.75972706 0.85613024
v -0.19426978 1.0003988 0.6075552
v -0.20854849 1.1061633 0.49221432
v -0.21169156 0.9200981 0.31723014
v -0.12637275 0.7453822 0.15354007
v -0.12581283 0.624576 0.24860427
v -0.13590519 0.5412659 0.1615859
v -0.13210964 0.6515709 0.06235379
v -0.22000733 0.53697515 -0.05464843
v -0.23550615 0.43635535 0.08298826
v -0.35057372 1.0303499 0.62309843
v -0.36491352 1.1198683 0.4855091
v -0.20854849 1.1061633 0.49221432
v -0.19426978 1.0003988 0.6075552
v -0.24759856 0.9179118 0.6955306
v -0.345392 0.91048443 0.69572353
v -0.21855342 0.75972706 0.85613024
v -0.3324175 0.77011955 0.87999296
v -0.23692065 0.6889268 0.45072502
v -0.3946064 0.6957763 0.4335057
v -0.36680785 0.6551533 0.5850977
v -0.22795121 0.6560312 0.5964675
v -0.3629489 0.5557538 0.7267635
v -0.24249554 0.5616695 0.7344682
v -0.23692065 0.6889268 0.45072502
v -0.38552317 0.629299 0.26159763
v -0.3946064 0.6957763 0.4335057
v -0.24506208 0.6227409 0.2561959
v -0.13959113 0.7734648 0.47272545
v -0.12581283 0.624576 0.24860427
v -0.13590519 0.5412659 0.1615859
v -0.24201024 0.5081126 0.15501103
v -0.23550615 0.43635535 0.08298826
v -0.3959906 0.43492025 0.08265266
v -0.39967132 0.5061817 0.14158674
v -0.5047386 0.7001471 0.26419917
v -0.48198593 0.48333943 0.11169842
v -0.3946064 0.6957763 0.4335057
v -0.38552317 0.629299 0.26159763
v -0.5047386 0.7001471 0.26419917
v -0.4540215 0.83292115 0.39164397
v -0.4129681 0.7642385 0.5820308
v -0.36680785 0.6551533 0.5850977
v -0.41352907 0.66120684 0.782242
v -0.3629489 0.5557538 0.7267635
v -0.3324175 0.77011955 0.87999296
v -0.345392 0.91048443 0.69572353
v -0.35057372 1.0303499 0.62309843
v -0.36491352 1.1198683 0.4855091
v -0.44165617 0.93111676 0.3115875
v -0.5033807 0.7848749 0.16876715
v -0.48198593 0.48333943 0.11169842
v -0.47380155 0.5949991 -0.010330498
v -0.3959906 0.43492025 0.08265266
v -0.47380155 0.5949991 -0.010330498
v -0.48198593 0.48333943 0.11169842
v -0.38018346 0.5449827 -0.059282184
v -0.23550615 0.43635535 0.08298826
v -0.22000733 0.53697515 -0.05464843
v -0.33183002 0.34876958 1.5176225
v -0.47646713 0.2497907 1.3284945
v -0.34005496 0.40755963 1.4489423
v -0.4610253 0.18490607 1.4139967
v -0.30195722 0.2551629 1.5636156
v -0.36959612 0.16553432 1.522237
v -0.36895603 0.030009031 1.3289397
v -0.3196368 0.0756188 1.4981619
v -0.38182878 0.09429854 1.2344993
v -0.4105354 0.23056799 1.0948291
v -0.4696446 0.4090875 1.2141378
v -0.39948583 0.30572718 1.0186306
v -0.45649654 0.46550146 1.1259844
v -0.34005496 0.40755963 1.4489423
v -0.47646713 0.2497907 1.3284945
v -0.4696446 0.4090875 1.2141378
v -0.29245013 0.54591894 1.3602986
v -0.45649654 0.46550146 1.1259844
v -0.30262122 0.591687 1.2635617
v -0.11334977 0.501534 1.2923017
v -0.13937578 0.557812 1.2054765
v -0.14267313 0.39021006 1.411783
v -0.14712596 0.33394378 1.4804091
v -0.33183002 0.34876958 1.5176225
v -0.20291632 0.24668998 1.5442919
v -0.30195722 0.2551629 1.5636156
v -0.13210964 0.6515709 0.06235379
v -0.12637275 0.7453822 0.15354007
v -0.21169156 0.9200981 0.31723014
v -0.22000733 0.53697515 -0.05464843
v -0.36491352 1.1198683 0.4855091
v -0.20854849 1.1061633 0.49221432
v -0.38018346 0.5449827 -0.059282184
v -0.44165617 0.93111676 0.3115875
v -0.47380155 0.5949991 -0.010330498
v -0.5033807 0.7848749 0.16876715
v -0.18570524 0.057998776 1.3362056
v -0.3196368 0.0756188 1.4981619
v -0.22344302 0.09168029 1.5010059
v -0.36895603 0.030009031 1.3289397
v -0.18758062 0.1227178 1.2446725
v -0.38182878 0.09429854 1.2344993
v -0.21771866 0.23586595 1.0982692
v -0.4105354 0.23056799 1.0948291
v -0.22424823 0.30961978 1.0232494
v -0.39948583 0.30572718 1.0186306
v -0.14712596 0.33394378 1.4804091
v -0.17597091 0.16275689 1.5195236
v -0.20291632 0.24668998 1.5442919
v -0.09324089 0.18318078 1.4070911
v -0.22344302 0.09168029 1.5010059
v -0.14267313 0.39021006 1.411783
v -0.18570524 0.057998776 1.3362056
v -0.08770767 0.24391276 1.3220439
v -0.11334977 0.501534 1.2923017
v -0.18758062 0.1227178 1.2446725
v -0.091925666 0.345774 1.1795722
v -0.13937578 0.557812 1.2054765
v -0.21771866 0.23586595 1.0982692
v -0.11305173 0.41251937 1.0968866
v -0.22424823 0.30961978 1.0232494
v -0.20291632 0.24668998 1.5442919
v -0.17597091 0.16275689 1.5195236
v -0.22344302 0.09168029 1.5010059
v -0.30195722 0.2551629 1.5636156
v -0.3196368 0.0756188 1.4981619
v -0.36959612 0.16553432 1.522237
v -0.09557606 0.20086226 1.374208
v -0.15135543 0.35980016 1.4295356
v -0.23732625 0.3140341 1.3431379
v -0.21170291 0.252299 1.303644
v -0.18717153 0.06688887 1.3299711
v -0.25027823 0.20006067 1.2727773
v -0.37068483 0.042225957 1.3161485
v -0.31787348 0.3181909 1.3638268
v -0.32995877 0.18643445 1.2684392
v -0.46158528 0.20359364 1.3821723
v -0.3696198 0.254448 1.3091875
v -0.3341959 0.37582296 1.4725828
v -0.15135543 0.35980016 1.4295356
v -0.31787348 0.3181909 1.3638268
v -0.23732625 0.3140341 1.3431379
v -0.3341959 0.37582296 1.4725828
v -0.14963125 0.3127851 1.5256906
v -0.33257332 0.3264091 1.5604823
v -0.124109894 0.32237482 1.7712072
v -0.3238778 0.31470263 1.8311846
v -0.07206899 0.28242755 1.9888885
v -0.11359197 -0.17970157 1.8941126
v -0.39355174 -0.10398501 1.7021219
v -0.41806656 -0.121383965 1.7005836
v -0.100640625 -0.20647669 1.8853889
v -0.027782924 0.008803159 2.0884705
v 0.0031680614 0.007145971 2.0882685
v -0.07206899 0.28242755 1.9888885
v 0.0031680614 0.007145971 2.0882685
v -0.061855882 0.3099717 1.998776
v -0.3238778 0.31470263 1.8311846
v -0.34294468 0.33779517 1.839181
v -0.11359197 -0.17970157 1.8941126
v -0.1602285 -0.08840886 1.6849797
v -0.39355174 -0.10398501 1.7021219
v -0.18357205 0.018002152 1.4310298
v -0.3634357 -0.008505464 1.4237919
v -0.18717153 0.06688887 1.3299711
v -0.37068483 0.042225957 1.3161485
v -0.2478247 -0.2616157 2.303552
v -0.09272884 -0.2638439 2.0820787
v -0.27052647 -0.28263938 2.3053916
v -0.10612795 -0.2364986 2.087862
v -0.177108 -0.16509312 2.352632
v -0.10465938 -0.1522463 2.241572
v -0.027782924 0.008803159 2.0884705
v -0.0644629 -0.026284099 2.2418573
v -0.24801424 -0.066554844 2.4199743
v -0.07855818 0.20761628 2.177683
v -0.19319236 0.049970984 2.3943715
v -0.090444386 0.07561314 2.2875636
v -0.41806656 -0.121383965 1.7005836
v -0.4338137 0.054655105 1.5713958
v -0.4583426 0.036015213 1.5679846
v -0.39355174 -0.10398501 1.7021219
v -0.51038235 0.17205718 1.5295197
v -0.47215456 0.1065231 1.7526325
v -0.3632082 0.29389948 1.622312
v -0.3238778 0.31470263 1.8311846
v -0.38227504 0.31699198 1.6303083
v -0.34294468 0.33779517 1.839181
v -0.10612795 -0.2364986 2.087862
v 0.0031680614 0.007145971 2.0882685
v -0.09272884 -0.2638439 2.0820787
v -0.027782924 0.008803159 2.0884705
v -0.063403875 0.23302005 2.186943
v 0.0031680614 0.007145971 2.0882685
v -0.07855818 0.20761628 2.177683
v -0.30121687 0.17725928 2.3949473
v -0.27905548 0.1580275 2.3849592
v -0.35344225 -0.066506445 2.4180846
v -0.32327324 -0.06469923 2.411206
v -0.19319236 0.049970984 2.3943715
v -0.27052647 -0.28263938 2.3053916
v -0.24801424 -0.066554844 2.4199743
v -0.2478247 -0.2616157 2.303552
v -0.177108 -0.16509312 2.352632
v -0.33257332 0.3264091 1.5604823
v -0.46158528 0.20359364 1.3821723
v -0.3341959 0.37582296 1.4725828
v -0.4516946 0.15372473 1.4832625
v -0.37068483 0.042225957 1.3161485
v -0.3634357 -0.008505464 1.4237919
v -0.39355174 -0.10398501 1.7021219
v -0.46087313 0.11417854 1.6995766
v -0.3238778 0.31470263 1.8311846
v -0.47215456 0.1065231 1.7526325
v -0.18357205 0.018002152 1.4310298
v -0.09557606 0.20086226 1.374208
v -0.18717153 0.06688887 1.3299711
v -0.09552467 0.15211195 1.4719292
v -0.15135543 0.35980016 1.4295356
v -0.1602285 -0.08840886 1.6849797
v -0.14963125 0.3127851 1.5256906
v -0.035575286 0.12277228 1.7238292
v -0.11359197 -0.17970157 1.8941126
v -0.124109894 0.32237482 1.7712072
v -0.0155496895 0.07957438 1.9310057
v -0.027782924 0.008803159 2.0884705
v -0.07206899 0.28242755 1.9888885
v -0.27905548 0.1580275 2.3849592
v -0.07855818 0.20761628 2.177683
v -0.090444386 0.07561314 2.2875636
v -0.19319236 0.049970984 2.3943715
v -0.117426455 0.24999443 2.365104
v 0.0009022113 0.25638354 2.3598225
v -0.00085173734 0.30178314 2.12113
v -0.12737162 0.29379052 2.1254177
v -0.3176859 0.17840816 2.3799195
v -0.3276245 0.22253795 2.1405091
v -0.33483258 0.1889087 2.3831298
v -0.34477517 0.23274103 2.1435566
v -0.34045842 0.26830456 1.8302082
v -0.35760897 0.2785263 1.8332605
v -0.16030331 0.3318139 1.8151591
v -0.12737162 0.29379052 2.1254177
v -0.0031465627 0.3400972 1.8107963
v -0.00085173734 0.30178314 2.12113
v -0.33483258 0.1889087 2.3831298
v -0.360048 -0.028518964 2.3739812
v -0.3176859 0.17840816 2.3799195
v -0.38347837 -0.02956821 2.3803632
v -0.2782663 -0.24465299 2.356951
v -0.29579377 -0.2562963 2.3600633
v -0.20720129 -0.24213764 2.3352606
v -0.20514996 -0.25894502 2.3356016
v -0.2551683 -0.3239489 1.6077431
v -0.0059267497 -0.31296426 1.4475522
v -0.005941014 -0.29133227 1.4456179
v -0.25776842 -0.30448398 1.5944707
v 0.0004981216 -0.28591657 2.3139012
v -0.20514996 -0.25894502 2.3356016
v -0.20741425 -0.27882168 2.3503954
v 0.00048784725 -0.30565232 2.3128994
v -0.38347837 -0.02956821 2.3803632
v -0.28999275 -0.25334603 2.5169117
v -0.29579377 -0.2562963 2.3600633
v -0.39143014 -0.046299063 2.5358725
v -0.33483258 0.1889087 2.3831298
v -0.3272174 0.16074365 2.545366
v -0.29547712 0.14146033 2.5410085
v -0.2798433 0.10134528 2.6523244
v -0.34997755 -0.06916058 2.6407475
v -0.34867892 -0.041953184 2.533689
v -0.25463998 -0.22977193 2.6131284
v -0.264839 -0.22482958 2.5176659
v -0.264839 -0.22482958 2.5176659
v -0.25463998 -0.22977193 2.6131284
v 0.0026389342 -0.29428717 2.6057189
v 0.0018606614 -0.274112 2.4984307
v -0.07290835 0.237603 2.6371355
v 0.0022032335 0.24601755 2.5299087
v 0.0030050147 0.24137618 2.634905
v -0.08890882 0.238245 2.5328526
v -0.2798433 0.10134528 2.6523244
v -0.29547712 0.14146033 2.5410085
v -0.16209917 -0.36451945 4.1166744
v -0.16904938 -0.26564604 4.255544
v -0.08908181 -0.397094 4.164143
v -0.24255116 -0.14068472 4.1415586
v -0.19077556 -0.3506026 4.052928
v -0.25019145 -0.12708518 4.090133
v -0.25288066 -0.26497066 3.9446616
v -0.20096022 -0.23903573 4.4946527
v -0.1908338 -0.25284368 4.6558204
v -0.16128692 -0.298087 4.6683
v -0.16524094 -0.17496395 4.847836
v -0.18860584 -0.17613351 4.779161
v -0.25649637 -0.10544008 4.716646
v -0.23696019 -0.14006212 4.69083
v -0.3374156 -0.097729325 4.469821
v -0.29407346 -0.13348287 4.488145
v -0.19435021 0.003927827 4.2263265
v -0.17754222 0.060135275 4.099385
v -0.23504971 -0.12817997 4.4993577
v -0.19402044 0.08751893 3.997422
v -0.17058569 -0.18849665 4.649181
v -0.17850873 -0.16445613 4.7538996
v -0.21214585 -0.13765216 4.671522
v -0.23404475 -0.05932069 3.971232
v -0.1963793 0.007445514 3.8575034
v -0.19241986 0.108585164 3.9042032
v -0.1573496 -0.16649553 3.7897651
v -0.19379705 -0.040084213 3.7064726
v -0.15890595 0.08578727 3.734261
v -0.11436545 -0.19003502 3.6588287
v -0.064541616 -0.2652612 3.7575686
v -0.14180186 -0.36183324 3.8077593
v -0.18953215 -0.44361636 3.9608607
v -0.10127974 -0.62048984 3.789584
v -0.12874685 -0.68535614 3.969026
v -0.18953215 -0.44361636 3.9608607
v -0.25288066 -0.26497066 3.9446616
v -0.13526519 -0.37391627 4.0204306
v -0.045678884 -0.41266513 4.0510316
v -0.12874685 -0.68535614 3.969026
v -0.0284026 -0.6854337 4.0046234
v 0.012595725 -0.45806685 4.0568542
v 0.011904489 -0.68772495 4.01618
v -0.25288066 -0.26497066 3.9446616
v -0.19077556 -0.3506026 4.052928
v -0.13526519 -0.37391627 4.0204306
v -0.16209917 -0.36451945 4.1166744
v -0.045678884 -0.41266513 4.0510316
v -0.08908181 -0.397094 4.164143
v 0.013514221 -0.3985863 4.1676955
v 0.012595725 -0.45806685 4.0568542
v -0.08908181 -0.397094 4.164143
v 0.014713217 -0.2641896 4.293584
v 0.013514221 -0.3985863 4.1676955
v -0.16904938 -0.26564604 4.255544
v -0.09663852 -0.108736515 4.319653
v 0.015292425 -0.1126332 4.3301406
v -0.12566397 0.020007402 4.2739797
v 0.015252531 -0.00025609136 4.2935004
v 0.014976395 0.08681327 4.231807
v -0.08682855 0.07364282 4.230977
v 0.014189585 0.1353031 4.112071
v 0.014976395 0.08681327 4.231807
v -0.08682855 0.07364282 4.230977
v -0.08358174 0.122005925 4.1112914
v -0.079094574 0.14581302 4.0283194
v 0.013619237 0.15909207 4.029115
v -0.17754222 0.060135275 4.099385
v -0.19435021 0.003927827 4.2263265
v -0.12566397 0.020007402 4.2739797
v -0.16524094 -0.17496395 4.847836
v -0.25649637 -0.10544008 4.716646
v -0.3374156 -0.097729325 4.469821
v -0.19402044 0.08751893 3.997422
v -0.051943973 0.14714284 3.931376
v -0.19241986 0.108585164 3.9042032
v -0.15890595 0.08578727 3.734261
v 0.013005794 0.16936424 3.9444542
v -0.07965553 0.14535946 3.7440863
v 0.011524361 0.16784176 3.7510011
v -0.16128692 -0.298087 4.6683
v -0.09663852 -0.108736515 4.319653
v -0.16904938 -0.26564604 4.255544
v -0.12566397 0.020007402 4.2739797
v -0.16524094 -0.17496395 4.847836
v -0.064541616 -0.2652612 3.7575686
v 0.010657531 -0.3623946 3.7651258
v 0.010798711 -0.26540017 3.7572196
v -0.0757083 -0.36136603 3.7672203
v -0.1573496 -0.16649553 3.7897651
v 0.010022471 -0.59204125 3.7407975
v -0.14180186 -0.36183324 3.8077593
v -0.10127974 -0.62048984 3.789584
v -0.064541616 -0.2652612 3.7575686
v 0.010798711 -0.26540017 3.7572196
v 0.0099181235 -0.23160565 3.6216395
v -0.11436545 -0.19003502 3.6588287
v -0.3374156 -0.097729325 4.469821
v -0.29407346 -0.13348287 4.488145
v -0.24255116 -0.14068472 4.1415586
v -0.23504971 -0.12817997 4.4993577
v -0.21214585 -0.13765216 4.671522
v -0.23696019 -0.14006212 4.69083
v -0.18860584 -0.17613351 4.779161
v -0.17850873 -0.16445613 4.7538996
v -0.0284026 -0.6854337 4.0046234
v 0.011904489 -0.68772495 4.01618
v 0.0115453955 -0.7150675 3.9740849
v -0.010594756 -0.7145883 3.975115
v -0.12874685 -0.68535614 3.969026
v -0.10127974 -0.62048984 3.789584
v -0.006768818 -0.6607818 3.8380315
v 0.010459993 -0.65135694 3.8161032
v 0.010022471 -0.59204125 3.7407975
v -0.117426455 0.24999443 2.365104
v -0.3176859 0.17840816 2.3799195
v -0.14520189 0.1691186 2.1655557
v 0.0009022113 0.25638354 2.3598225
v -0.00082017854 0.17553143 2.134396
v -0.14520189 0.1691186 2.1655557
v -0.0011738092 -0.029903395 2.086826
v -0.00082017854 0.17553143 2.134396
v -0.08662181 -0.03258118 2.1149554
v -0.000859499 -0.27429107 2.1291065
v -0.1036926 -0.25515428 2.1349196
v -0.19066918 -0.035948496 2.1853642
v -0.22387184 -0.119163014 2.197954
v -0.21355462 0.037346628 2.1999729
v -0.30457363 0.03443593 2.2658114
v -0.3176859 0.17840816 2.3799195
v -0.2909315 -0.1117459 2.2666943
v -0.32467374 -0.037175078 2.286854
v -0.20720129 -0.24213764 2.3352606
v 0.00045525283 -0.26419976 2.3082974
v -0.000859499 -0.27429107 2.1291065
v -0.1036926 -0.25515428 2.1349196
v -0.2782663 -0.24465299 2.356951
v -0.2782663 -0.24465299 2.356951
v -0.1036926 -0.25515428 2.1349196
v -0.22387184 -0.119163014 2.197954
v -0.2909315 -0.1117459 2.2666943
v -0.360048 -0.028518964 2.3739812
v -0.32467374 -0.037175078 2.286854
v -0.3176859 0.17840816 2.3799195
v -0.30457363 0.03443593 2.2658114
v -0.29579377 -0.2562963 2.3600633
v -0.28999275 -0.25334603 2.5169117
v -0.20158155 -0.26223412 2.504992
v -0.20514996 -0.25894502 2.3356016
v -0.20741425 -0.27882168 2.3503954
v -0.20395942 -0.28256735 2.5041454
v 0.0018067304 -0.3165494 2.4915543
v 0.00048784725 -0.30565232 2.3128994
v -0.20158155 -0.26223412 2.504992
v 0.001814412 -0.2964359 2.4924212
v 0.0018067304 -0.3165494 2.4915543
v -0.20395942 -0.28256735 2.5041454
v -0.20514996 -0.25894502 2.3356016
v -0.20158155 -0.26223412 2.504992
v -0.20395942 -0.28256735 2.5041454
v -0.20741425 -0.27882168 2.3503954
v -0.2551683 -0.3239489 1.6077431
v -0.004700551 -0.3338665 1.6124136
v -0.0059267497 -0.31296426 1.4475522
v -0.21687068 -0.3269257 1.9301982
v -0.0023868913 -0.34335166 1.9246792
v -0.20921962 -0.30572748 2.1848614
v -0.00058563333 -0.32798362 2.1685388
v -0.20514996 -0.25894502 2.3356016
v 0.0004981216 -0.28591657 2.3139012
v -0.0047242325 -0.30786654 1.6097972
v -0.25776842 -0.30448398 1.5944707
v -0.005941014 -0.29133227 1.4456179
v -0.0024258196 -0.31881222 1.9202787
v -0.2189838 -0.30859196 1.9217353
v -0.00062849186 -0.30618984 2.1629286
v -0.21129636 -0.2886854 2.1812155
v 0.00045525283 -0.26419976 2.3082974
v -0.20720129 -0.24213764 2.3352606
v -0.2189838 -0.30859196 1.9217353
v -0.2551683 -0.3239489 1.6077431
v -0.25776842 -0.30448398 1.5944707
v -0.21687068 -0.3269257 1.9301982
v -0.21129636 -0.2886854 2.1812155
v -0.20921962 -0.30572748 2.1848614
v -0.20720129 -0.24213764 2.3352606
v -0.20514996 -0.25894502 2.3356016
v -0.27052647 -0.28263938 2.3053916
v -0.09272884 -0.2638439 2.0820787
v -0.100640625 -0.20647669 1.8853889
v -0.34959736 -0.24825883 1.9191835
v -0.41806656 -0.121383965 1.7005836
v -0.35344225 -0.066506445 2.4180846
v -0.27052647 -0.28263938 2.3053916
v -0.34959736 -0.24825883 1.9191835
v -0.46649826 0.06038791 2.003686
v -0.30121687 0.17725928 2.3949473
v -0.41806656 -0.121383965 1.7005836
v -0.3223381 0.27518317 2.0794668
v -0.5027468 0.112318575 1.7592973
v -0.34294468 0.33779517 1.839181
v -0.4583426 0.036015213 1.5679846
v -0.5409903 0.17374042 1.5341098
v -0.063403875 0.23302005 2.186943
v -0.30121687 0.17725928 2.3949473
v -0.3223381 0.27518317 2.0794668
v -0.061855882 0.3099717 1.998776
v -0.34294468 0.33779517 1.839181
v -0.51038235 0.17205718 1.5295197
v -0.3632082 0.29389948 1.622312
v -0.38227504 0.31699198 1.6303083
v -0.5409903 0.17374042 1.5341098
v -0.4338137 0.054655105 1.5713958
v -0.4583426 0.036015213 1.5679846
v -0.34294468 0.33779517 1.839181
v -0.5027468 0.112318575 1.7592973
v -0.5409903 0.17374042 1.5341098
v -0.38227504 0.31699198 1.6303083
v -0.08138183 0.41041195 1.0870337
v -0.116285786 0.58195376 1.213032
v -0.19544661 0.7827863 0.86236316
v -0.14524819 0.63632643 0.76573086
v -0.2095561 0.2884102 1.0023019
v -0.22751895 0.5408944 0.7140051
v -0.31146806 0.6226854 1.2791978
v -0.44626984 0.6670215 0.7813674
v -0.34485838 0.7983347 0.8923876
v -0.488846 0.47311273 1.1262724
v -0.3818029 0.5368992 0.70774776
v -0.41773036 0.28619736 0.99887645
v -0.41773036 0.28619736 0.99887645
v -0.2095561 0.2884102 1.0023019
v -0.22751895 0.5408944 0.7140051
v -0.3818029 0.5368992 0.70774776
v -0.116285786 0.58195376 1.213032
v -0.31146806 0.6226854 1.2791978
v -0.34485838 0.7983347 0.8923876
v -0.19544661 0.7827863 0.86236316
v -0.8590464 -0.004686713 2.5650938
v -0.84941304 -0.36212552 2.2991726
v -0.75904644 -0.27074957 2.2454953
v -0.9457114 -0.11547989 2.6749454
v -0.8450632 -0.48342127 2.3587697
v -0.9422285 -0.24347341 2.785241
v -0.49344233 -0.24545085 2.649414
v -0.5500714 -0.03764105 2.5150652
v -0.67864454 -0.2658651 2.2443922
v -0.6414799 -0.39024806 2.3046954
v -0.63659006 -0.3785292 2.7802415
v -0.7421812 -0.51535517 2.35736
v -0.9422285 -0.24347341 2.785241
v -0.63659006 -0.3785292 2.7802415
v -0.7421812 -0.51535517 2.35736
v -0.8450632 -0.48342127 2.3587697
v -0.5500714 -0.03764105 2.5150652
v -0.8590464 -0.004686713 2.5650938
v -0.75904644 -0.27074957 2.2454953
v -0.67864454 -0.2658651 2.2443922
v -0.12315601 0.2668968 2.3691456
v -0.33483258 0.1889087 2.3831298
v -0.34477517 0.23274103 2.1435566
v -0.13308167 0.3118286 2.1302667
v 0.00094142556 0.2760919 2.3644214
v -0.35760897 0.2785263 1.8332605
v -0.0008210521 0.32084966 2.1253867
v -0.16600703 0.35031092 1.8202615
v -0.0048795855 0.37302688 1.5765347
v -0.0031130826 0.35932764 1.8151679
v -0.35760897 0.2785263 1.8332605
v -0.34045842 0.26830456 1.8302082
v -0.004915476 0.3535734 1.5720693
v -0.0048795855 0.37302688 1.5765347
v -0.16030331 0.3318139 1.8151591
v -0.0031465627 0.3400972 1.8107963
v -0.004915476 0.3535734 1.5720693
v -0.34045842 0.26830456 1.8302082
v -0.3305233 0.17536163 2.547881
v -0.33813456 0.20405138 2.385793
v -0.12645912 0.2820001 2.371762
v -0.10126487 0.2630363 2.5377126
v 0.0009646993 0.29118288 2.36701
v 0.0022224784 0.27288577 2.532329
v -0.3272174 0.16074365 2.545366
v -0.33483258 0.1889087 2.3831298
v -0.33813456 0.20405138 2.385793
v -0.3305233 0.17536163 2.547881
v -0.37403566 -0.07275665 3.1530817
v -0.47950935 0.13896316 3.1329858
v -0.5732862 0.12669545 2.9558816
v -0.41567153 -0.077453166 2.9724636
v -0.49652803 -0.25190264 3.227828
v -0.5700584 -0.28739977 3.0080166
v -0.6737828 0.20832253 3.1868145
v -0.8283788 -0.042690217 3.0236013
v -0.6906825 0.15717983 2.973853
v -0.76254463 0.00613755 3.269806
v -0.71256816 -0.24259171 3.028545
v -0.69990253 -0.1964463 3.2783754
v -0.47950935 0.13896316 3.1329858
v -0.6737828 0.20832253 3.1868145
v -0.6906825 0.15717983 2.973853
v -0.5732862 0.12669545 2.9558816
v -0.69990253 -0.1964463 3.2783754
v -0.49652803 -0.25190264 3.227828
v -0.5700584 -0.28739977 3.0080166
v -0.71256816 -0.24259171 3.028545
v -0.23008648 0.0009396374 4.1855865
v -0.19928756 -0.0010534823 4.2491894
v -0.22920384 -0.11385268 4.2568545
v -0.2643358 -0.12806925 4.194441
v -0.22660841 0.005474329 4.1500506
v -0.17807703 -0.25416398 4.260671
v -0.25818264 -0.123746455 4.154106
v -0.28057122 0.062506616 3.874609
v -0.20579554 -0.28874922 4.1989274
v -0.12330867 -0.33960357 4.27311
v -0.118376955 -0.38574085 4.204134
v -0.20603947 -0.2908503 4.1590996
v -0.12282572 -0.38916758 4.165861
v -0.33596888 -0.1624861 3.8537195
v -0.41713268 0.07676867 3.688242
v -0.2891531 -0.3009766 3.8441613
v -0.4182041 -0.19470659 3.6027439
v -0.21987978 -0.41398776 3.3924875
v -0.118376955 -0.38574085 4.204134
v -0.12330867 -0.33960357 4.27311
v 0.014354421 -0.34984213 4.268652
v 0.013807576 -0.39855528 4.2079177
v -0.12282572 -0.38916758 4.165861
v 0.013520715 -0.40235072 4.169793
v 0.015061544 0.09609789 4.2407923
v 0.015416414 0.03423369 4.306175
v -0.08456305 0.017001659 4.309482
v -0.13879736 0.0694077 4.2458544
v 0.01462819 0.116764694 4.1764708
v -0.16083075 0.08160913 4.181724
v -0.19928756 -0.0010534823 4.2491894
v 0.014388463 0.13962823 4.137837
v -0.23008648 0.0009396374 4.1855865
v -0.15939444 0.095019996 4.139394
v 0.012696177 0.2557953 3.8782513
v -0.22660841 0.005474329 4.1500506
v -0.16300736 0.19084987 3.872049
v 0.010306075 0.37645507 3.529905
v -0.28057122 0.062506616 3.874609
v -0.3432711 0.31688938 3.5975947
v -0.41713268 0.07676867 3.688242
v -0.12330867 -0.33960357 4.27311
v 0.014964679 -0.25064808 4.323973
v 0.014354421 -0.34984213 4.268652
v -0.060880546 -0.24360657 4.321802
v -0.17807703 -0.25416398 4.260671
v 0.01537773 -0.15466231 4.353403
v -0.10965941 -0.189659 4.3188415
v -0.22920384 -0.11385268 4.2568545
v -0.014150046 -0.15217984 4.3526597
v -0.14231956 -0.09996939 4.316445
v -0.19928756 -0.0010534823 4.2491894
v -0.022479549 -0.060519964 4.348327
v 0.015536608 -0.054464996 4.347142
v 0.015416414 0.03423369 4.306175
v -0.08456305 0.017001659 4.309482
v -0.03130632 -0.13320565 4.351619
v -0.12320709 -0.028011233 4.3115854
v -0.13879736 0.0694077 4.2458544
v -0.036071256 -0.07635164 4.3490663
v -0.042793393 -0.10166046 4.350776
v 0.014327861 0.11004147 4.139041
v -0.14753546 0.15276793 3.865692
v -0.15673426 0.07005036 4.140769
v 0.01251786 0.20400876 3.8695297
v -0.32782665 0.2654479 3.590046
v 0.010145653 0.32493496 3.5197437
v 0.013567515 -0.3734444 4.1679688
v 0.014327861 0.11004147 4.139041
v -0.15673426 0.07005036 4.140769
v -0.12415733 -0.36165792 4.164584
v 0.013520715 -0.40235072 4.169793
v -0.12282572 -0.38916758 4.165861
v -0.19827397 -0.27409106 4.158534
v -0.20603947 -0.2908503 4.1590996
v -0.21659608 -0.0097616315 4.150376
v -0.24471486 -0.124972165 4.154105
v -0.14753546 0.15276793 3.865692
v -0.32782665 0.2654479 3.590046
v -0.37926105 0.037172914 3.666165
v -0.238969 0.021246523 3.867302
v -0.15673426 0.07005036 4.140769
v -0.38250515 -0.19460893 3.5697055
v -0.21659608 -0.0097616315 4.150376
v -0.2876351 -0.16490707 3.848838
v -0.24471486 -0.124972165 4.154105
v -0.24036972 -0.2757168 3.8471453
v -0.19827397 -0.27409106 4.158534
v -0.2891531 -0.3009766 3.8441613
v -0.20603947 -0.2908503 4.1590996
v -0.21987978 -0.41398776 3.3924875
v -0.18333286 -0.3853208 3.3630106
v -0.21987978 -0.41398776 3.3924875
v -0.18333286 -0.3853208 3.3630106
v -0.38250515 -0.19460893 3.5697055
v -0.4182041 -0.19470659 3.6027439
v -0.37926105 0.037172914 3.666165
v -0.41713268 0.07676867 3.688242
v -0.32782665 0.2654479 3.590046
v -0.3432711 0.31688938 3.5975947
v 0.010145653 0.32493496 3.5197437
v 0.010306075 0.37645507 3.529905
v -0.11436545 -0.19003502 3.6588287
v 0.0099181235 -0.23160565 3.6216395
v 0.010003876 -0.25062755 3.636844
v -0.11956848 -0.20714295 3.6754518
v -0.5199663 -0.1797927 3.5668175
v -0.2011577 -0.04520732 3.7290366
v -0.11956848 -0.20714295 3.6754518
v -0.509778 -0.011075169 3.642594
v -0.16656688 0.09295879 3.7559464
v -0.45138595 0.17797695 3.6385922
v -0.08532962 0.3080615 3.6573477
v -0.08635559 0.15957576 3.762412
v -0.08532962 0.3080615 3.6573477
v 0.011677932 0.18399641 3.7688885
v -0.08635559 0.15957576 3.762412
v 0.010636865 0.32283652 3.6101558
v 0.009037114 0.371631 3.391877
v -0.24491864 0.35885516 3.5048087
v -0.45138595 0.17797695 3.6385922
v 0.008605939 -0.3860527 3.4679122
v -0.11956848 -0.20714295 3.6754518
v 0.010003876 -0.25062755 3.636844
v -0.29034066 -0.29877084 3.4702358
v -0.5199663 -0.1797927 3.5668175
v -0.30556586 -0.3490759 3.3176768
v 0.0067256317 -0.43901193 3.2135482
v -0.3739738 -0.07068951 2.637946
v -0.27825248 -0.29984826 2.8522236
v -0.26880482 -0.2487572 2.6091626
v -0.41650286 -0.128256 2.8685277
v -0.29958743 0.11560892 2.6483796
v -0.33828574 0.1868634 2.8772838
v -0.08570188 0.2973063 2.870563
v 0.0029968582 0.2656766 2.6316214
v 0.004838623 0.30859816 2.8701012
v -0.079440676 0.2606777 2.6320038
v -0.33828574 0.1868634 2.8772838
v -0.29958743 0.11560892 2.6483796
v -0.26880482 -0.2487572 2.6091626
v -0.27825248 -0.29984826 2.8522236
v 0.004352078 -0.36897618 2.8470027
v 0.0025980808 -0.3171428 2.6014922
v -0.26167545 -0.2785635 2.8558404
v 0.0043787807 -0.34391522 2.8507695
v 0.004352078 -0.36897618 2.8470027
v -0.27825248 -0.29984826 2.8522236
v -0.38775033 -0.12299278 2.8714807
v -0.41650286 -0.128256 2.8685277
v -0.3166166 0.17019565 2.8837097
v -0.33828574 0.1868634 2.8772838
v -0.07643503 0.27344114 2.8779466
v -0.08570188 0.2973063 2.870563
v 0.0048782025 0.28297925 2.8749924
v 0.004838623 0.30859816 2.8701012
v 0.0065598506 -0.48872447 3.2066932
v 0.006495524 -0.42320895 3.1862957
v -0.06529388 -0.4148593 3.213261
v -0.06522955 -0.48037457 3.2336578
v -0.06522955 -0.48037457 3.2336578
v -0.06529388 -0.4148593 3.213261
v -0.117436334 -0.3922354 3.2858708
v -0.117372006 -0.4577508 3.3062675
v -0.1359604 -0.36140025 3.3846686
v -0.13589607 -0.4269156 3.405066
v -0.11590255 -0.33061552 3.4831831
v -0.11583822 -0.39613068 3.5035794
v -0.06263718 -0.3081299 3.5550158
v -0.06257286 -0.3736453 3.575413
v -0.06257286 -0.3736453 3.575413
v -0.06263718 -0.3081299 3.5550158
v 0.009563208 -0.29996872 3.5809207
v 0.0096275285 -0.36548412 3.6013172
v -0.053482495 -0.38052225 3.5533633
v 0.009430222 -0.37341088 3.575936
v 0.009447113 -0.39068353 3.581304
v -0.053465605 -0.39779484 3.5587313
v -0.06257286 -0.3736453 3.575413
v 0.0096275285 -0.36548412 3.6013172
v 0.009430222 -0.37341088 3.575936
v -0.053482495 -0.38052225 3.5533633
v -0.11583822 -0.39613068 3.5035794
v -0.09989595 -0.40011507 3.4907703
v -0.13589607 -0.4269156 3.405066
v -0.117373616 -0.42693985 3.4049296
v -0.117372006 -0.4577508 3.3062675
v -0.10123241 -0.45380843 3.3188407
v -0.06522955 -0.48037457 3.2336578
v -0.055797428 -0.47352195 3.255571
v 0.0065598506 -0.48872447 3.2066932
v 0.006757157 -0.48079777 3.2320747
v -0.053465605 -0.39779484 3.5587313
v 0.009447113 -0.39068353 3.581304
v 0.009044664 -0.43032658 3.5337124
v -0.033885676 -0.43517923 3.518309
v -0.09987907 -0.41738772 3.4961376
v -0.065557286 -0.44854897 3.4755964
v -0.11735674 -0.4442125 3.410297
v -0.07748368 -0.46685362 3.4170206
v -0.10121553 -0.47108108 3.3242083
v -0.06646925 -0.4851883 3.3582754
v -0.055780545 -0.49079454 3.260939
v -0.035465345 -0.49864036 3.3151016
v 0.0072206203 -0.50360525 3.2990685
v 0.006774042 -0.49807024 3.237442
v 0.006757157 -0.48079777 3.2320747
v -0.055797428 -0.47352195 3.255571
v -0.055780545 -0.49079454 3.260939
v 0.006774042 -0.49807024 3.237442
v -0.09989595 -0.40011507 3.4907703
v -0.053482495 -0.38052225 3.5533633
v -0.053465605 -0.39779484 3.5587313
v -0.09987907 -0.41738772 3.4961376
v -0.117373616 -0.42693985 3.4049296
v -0.11735674 -0.4442125 3.410297
v -0.10123241 -0.45380843 3.3188407
v -0.10121553 -0.47108108 3.3242083
v -0.055797428 -0.47352195 3.255571
v -0.055780545 -0.49079454 3.260939
v 0.6977615 -0.022106647 3.1967907
v 0.71180767 -0.03777492 3.1930661
v 0.5072784 -0.06617153 3.1250882
v 0.5138054 -0.048814535 3.1346264
v 0.7504926 0.14156914 3.2867112
v 0.3794988 0.12254095 3.1611514
v 0.77136445 0.14071131 3.2912161
v 0.40001208 0.121890426 3.1670694
v 0.6688731 0.33496475 3.3214967
v 0.48126438 0.3150031 3.2535377
v 0.67663026 0.35298204 3.3302703
v 0.49493846 0.29817283 3.2512522
v 0.23557575 -0.6997263 0.7320407
v 0.22053201 -0.7291625 0.7369755
v 0.37479147 -0.7367444 0.7362013
v 0.35600013 -0.7093905 0.7321081
v 0.1700427 -0.622288 0.6934792
v 0.43946692 -0.602306 0.6729797
v 0.13840577 -0.63188833 0.68967855
v 0.40673316 -0.6043935 0.6782417
v 0.2119937 -0.48771513 0.6424833
v 0.33841813 -0.43607783 0.6320645
v 0.18889594 -0.46908605 0.62751824
v 0.32594702 -0.46261817 0.64770365
v 0.21869889 -0.6160426 1.105134
v 0.20393643 -0.64540243 1.1100913
v 0.07602197 -0.5048834 1.0612564
v 0.10773042 -0.495756 1.0652273
v 0.3939188 -0.62257344 1.1050587
v 0.11131747 -0.30236888 0.9959688
v 0.41209647 -0.65007734 1.1092556
v 0.13438885 -0.32146305 1.0109009
v 0.45125306 -0.44212633 1.0383165
v 0.30673486 -0.22450012 1.0012537
v 0.48359787 -0.43752688 1.0322208
v 0.29783517 -0.25288844 1.0173426
v 0.5460428 0.5030612 2.666048
v 0.5291179 0.52421904 2.6601255
v 0.83944607 0.5285802 2.7122204
v 0.8245047 0.50546074 2.7161014
v 0.5048257 0.28040016 2.6461868
v 0.9317696 0.3751763 2.7260735
v 0.48041478 0.27355683 2.6354036
v 0.9061419 0.36742115 2.7320194
v 0.63518476 0.11822569 2.6612186
v 0.93424225 0.20488441 2.7322803
v 0.63024974 0.09346181 2.650148
v 0.9114679 0.21816361 2.7401717
v 0.6642738 0.50185376 2.3059487
v 0.61621547 0.38772404 2.274045
v 0.64091694 0.39320278 2.2845232
v 0.64933616 0.52399945 2.3005693
v 0.7205225 0.26012063 2.2368283
v 0.718006 0.497893 2.29841
v 0.7255375 0.28372765 2.250454
v 0.7297463 0.5222593 2.2955062
v 0.8229913 0.28781068 2.2557998
v 0.79808855 0.41167134 2.2872913
v 0.80211866 0.30376148 2.2636027
v 0.82338023 0.4202687 2.281411
v 0.6790948 0.40165544 3.1154318
v 0.6855408 0.42006385 3.1239967
v 0.567927 0.39931226 3.0961356
v 0.5792968 0.3818345 3.092604
v 0.8068553 0.23169541 3.0503862
v 0.41379422 0.21409166 3.0038593
v 0.82775056 0.22989297 3.0544884
v 0.43437225 0.21243119 3.0094035
v 0.70244 0.0706048 2.9579494
v 0.572206 0.021940827 2.9142573
v 0.71485496 0.05376017 2.9533868
v 0.57664216 0.0405761 2.9240465
v -0.68627995 -0.18099499 3.2726882
v -0.49652803 -0.25190264 3.227828
v -0.69990253 -0.1964463 3.2783754
v -0.50334656 -0.23302758 3.226776
v -0.74184436 0.0047590733 3.2646816
v -0.37403566 -0.07275665 3.1530817
v -0.76254463 0.00613755 3.269806
v -0.3943423 -0.07058483 3.159307
v -0.66567683 0.18834794 3.1887388
v -0.47950935 0.13896316 3.1329858
v -0.6737828 0.20832253 3.1868145
v -0.49265492 0.122725785 3.1410866
v -0.24249554 0.5616695 0.7344682
v -0.3818029 0.5368992 0.70774776
v -0.22751895 0.5408944 0.7140051
v -0.3629489 0.5557538 0.7267635
v -0.1768485 0.63843584 0.77542686
v -0.44626984 0.6670215 0.7813674
v -0.14524819 0.63632643 0.76573086
v -0.41352907 0.66120684 0.782242
v -0.21855342 0.75972706 0.85613024
v -0.34485838 0.7983347 0.8923876
v -0.19544661 0.7827863 0.86236316
v -0.3324175 0.77011955 0.87999296
v -0.22424823 0.30961978 1.0232494
v -0.08138183 0.41041195 1.0870337
v -0.2095561 0.2884102 1.0023019
v -0.11305173 0.41251937 1.0968866
v -0.39948583 0.30572718 1.0186306
v -0.116285786 0.58195376 1.213032
v -0.41773036 0.28619736 0.99887645
v -0.13937578 0.557812 1.2054765
v -0.45649654 0.46550146 1.1259844
v -0.31146806 0.6226854 1.2791978
v -0.488846 0.47311273 1.1262724
v -0.30262122 0.591687 1.2635617
v -0.5661249 -0.04988587 2.5332072
v -0.8590464 -0.004686713 2.5650938
v -0.5500714 -0.03764105 2.5150652
v -0.8432434 -0.019092321 2.5816355
v -0.5178396 -0.23282123 2.6539428
v -0.9457114 -0.11547989 2.6749454
v -0.49344233 -0.24545085 2.649414
v -0.9197157 -0.116499245 2.683118
v -0.6421267 -0.3522076 2.772948
v -0.9422285 -0.24347341 2.785241
v -0.63659006 -0.3785292 2.7802415
v -0.9197606 -0.22761738 2.781655
v -0.6926749 -0.28024906 2.262998
v -0.6660986 -0.37979513 2.3105762
v -0.6414799 -0.39024806 2.3046954
v -0.67864454 -0.2658651 2.2443922
v -0.7421812 -0.51535517 2.35736
v -0.7464049 -0.28791362 2.2626858
v -0.7476909 -0.48938167 2.3506567
v -0.75904644 -0.27074957 2.2454953
v -0.8450632 -0.48342127 2.3587697
v -0.8237048 -0.36507642 2.308134
v -0.8245731 -0.46584815 2.3541574
v -0.84941304 -0.36212552 2.2991726
v -0.70059544 -0.22569668 3.0228672
v -0.80767524 -0.043048978 3.0183127
v -0.8283788 -0.042690217 3.0236013
v -0.71256816 -0.24259171 3.028545
v -0.6906825 0.15717983 2.973853
v -0.5748397 -0.26629445 3.0064683
v -0.68387496 0.13723898 2.9761455
v -0.5700584 -0.28739977 3.0080166
v -0.5732862 0.12669545 2.9558816
v -0.43603086 -0.07590741 2.9788103
v -0.58418065 0.1101886 2.9624352
v -0.41567153 -0.077453166 2.9724636
vt 0.45063782 0.99557513
vt 0.45063782 0.9348963
vt 0.419482 0.9624593
vt 0.46596587 0.97147065
vt 0.5035318 0.9901269
vt 0.5035318 0.9265785
vt 0.3366139 0.88529515
vt 0.37045652 0.9407096
vt 0.37045652 0.8447931
vt 0.45063782 0.99557513
vt 0.419482 0.9624593
vt 0.45063782 0.9348963
vt 0.46596587 0.97147065
vt 0.5035318 0.9265785
vt 0.5035318 0.9901269
vt 0.3366139 0.88529515
vt 0.37045652 0.8447931
vt 0.37045652 0.9407096
vt 0.5288979 0.8743655
vt 0.54072684 0.9265978
vt 0.5453659 0.9250996
vt 0.52433217 0.8748573
vt 0.5453659 0.8218572
vt 0.54304886 0.8205164
vt 0.34233737 0.6395302
vt 0.35793275 0.6451262
vt 0.35782003 0.640224
vt 0.34116632 0.64419836
vt 0.29979944 0.6113055
vt 0.29591024 0.6140625
vt 0.2855894 0.57651484
vt 0.28077483 0.57608235
vt 0.3054459 0.5442454
vt 0.30263525 0.540323
vt 0.35787022 0.53108084
vt 0.35793275 0.52634084
vt 0.0542773 0.26546907
vt 0.1081357 0.24649549
vt 0.05756408 0.24725771
vt 0.10686958 0.26644135
vt 0.12488055 0.24613643
vt 0.12518406 0.26768732
vt 0.028681815 0.3357203
vt 0.10320747 0.33051634
vt 0.12518406 0.32790232
vt 0.07315588 0.36651468
vt 0.12470645 0.3459828
vt 0.028836846 0.39330745
vt 0.0036665201 0.37841678
vt 0.0035908818 0.35032248
vt 0.38667735 0.3521163
vt 0.38355377 0.35218114
vt 0.378865 0.3982188
vt 0.38198858 0.39815402
vt 0.38372794 0.42383552
vt 0.38667735 0.42311683
vt 0.5333164 0.025887609
vt 0.57513356 0.073438525
vt 0.60046864 0.0035908818
vt 0.53360105 0.0866341
vt 0.51810455 0.048803568
vt 0.60046864 0.092152596
vt 0.5250273 0.10388833
vt 0.5580356 0.12044722
vt 0.5292022 0.14040965
vt 0.5665009 0.14723015
vt 0.06288457 0.61022604
vt 0.052158117 0.5774181
vt 0.048915148 0.58095765
vt 0.06730652 0.6088841
vt 0.06288266 0.6448618
vt 0.06730652 0.6457273
vt 0.037587404 0.70341635
vt 0.04020548 0.70655465
vt 0.22557995 0.52339906
vt 0.17789301 0.5386083
vt 0.17858505 0.5416647
vt 0.22488791 0.5203426
vt 0.24610719 0.5213851
vt 0.2460953 0.51833016
vt 0.24610168 0.5239061
vt 0.24610719 0.5213851
vt 0.22744751 0.5255017
vt 0.17858505 0.5416647
vt 0.18510464 0.5457887
vt 0.16543692 0.5843353
vt 0.17419797 0.5835708
vt 0.18624324 0.6261928
vt 0.19139156 0.6204232
vt 0.20442528 0.627825
vt 0.24607033 0.6299752
vt 0.24610719 0.63450444
vt 0.48902053 0.53105825
vt 0.48874235 0.52740633
vt 0.46897984 0.533368
vt 0.47064656 0.53657067
vt 0.45319068 0.5477618
vt 0.45503235 0.5495949
vt 0.4727435 0.3936627
vt 0.4890206 0.3311851
vt 0.43176293 0.35515618
vt 0.45670867 0.400985
vt 0.4890206 0.459759
vt 0.4127879 0.41768575
vt 0.48691583 0.4610603
vt 0.4288442 0.4384513
vt 0.4509256 0.48168182
vt 0.42209768 0.49819183
vt 0.3945086 0.45030403
vt 0.07841647 0.57840645
vt 0.07475394 0.57741797
vt 0.07448834 0.64609945
vt 0.07841647 0.64699674
vt 0.1517396 0.54877764
vt 0.1486175 0.57840806
vt 0.15273905 0.5756807
vt 0.14705992 0.5490294
vt 0.15273905 0.52150524
vt 0.14884973 0.51943904
vt 0.32943213 0.8675348
vt 0.30005902 0.91284025
vt 0.32943213 0.93228716
vt 0.29356253 0.8815575
vt 0.2903884 0.84479314
vt 0.28077495 0.8690709
vt 0.045239925 0.61258686
vt 0.038063765 0.59728575
vt 0.00933218 0.60012186
vt 0.0035908222 0.63576066
vt 0.04523897 0.6294842
vt 0.06288457 0.61022604
vt 0.01824832 0.64349425
vt 0.06288266 0.6448618
vt 0.0075576305 0.67357934
vt 0.7078689 0.445714
vt 0.69099355 0.46965873
vt 0.69134873 0.48912203
vt 0.7078689 0.48345158
vt 0.103649944 0.6175349
vt 0.120373026 0.5897796
vt 0.09843412 0.589463
vt 0.12553526 0.61628246
vt 0.10845159 0.6651013
vt 0.1345129 0.66345334
vt 0.14943466 0.656821
vt 0.13877478 0.6217737
vt 0.14943466 0.70865655
vt 0.11419435 0.71167946
vt 0.08756088 0.663841
vt 0.09068686 0.69663525
vt 0.73185104 0.1322887
vt 0.73772997 0.106763124
vt 0.73057395 0.09955847
vt 0.71760035 0.12482154
vt 0.7121581 0.102306366
vt 0.71800184 0.08536708
vt 0.70674384 0.06781709
vt 0.7309394 0.063248515
vt 0.7430553 0.06769621
vt 0.7430553 0.013091922
vt 0.73468614 0.018918276
vt 0.73894966 0.0035909414
vt 0.731435 0.008001208
vt 0.7022934 0.07175434
vt 0.6974463 0.10555422
vt 0.6890494 0.07396972
vt 0.69434655 0.05665517
vt 0.6846866 0.057854652
vt 0.75288206 0.30719125
vt 0.77310836 0.3210804
vt 0.77310836 0.2919476
vt 0.7553084 0.2869181
vt 0.78446645 0.69239974
vt 0.76497746 0.70576763
vt 0.772716 0.72736144
vt 0.78795886 0.72079825
vt 0.8061218 0.7165592
vt 0.8053308 0.6927142
vt 0.8061218 0.7640517
vt 0.7744929 0.76704705
vt 0.80555886 0.7894051
vt 0.7516369 0.7328801
vt 0.7763419 0.80231404
vt 0.7418505 0.75889206
vt 0.748549 0.80138075
vt 0.51929975 0.57187164
vt 0.51245266 0.5863399
vt 0.51929975 0.60911214
vt 0.49620235 0.5854724
vt 0.5038388 0.6015892
vt 0.2719972 0.7010758
vt 0.26031256 0.6759722
vt 0.26578224 0.7035463
vt 0.2719972 0.67328703
vt 0.27102798 0.65442336
vt 0.2628575 0.64576155
vt 0.07448837 0.70172006
vt 0.08037403 0.7007686
vt 0.08037403 0.6898157
vt 0.075357765 0.69121337
vt 0.26131845 0.7107281
vt 0.26031268 0.7200042
vt 0.2731005 0.72993284
vt 0.2731005 0.7148573
vt 0.37788087 0.7113577
vt 0.3729391 0.7072159
vt 0.368953 0.7182528
vt 0.37788087 0.72506404
vt 0.37788093 0.6875446
vt 0.37166524 0.6883774
vt 0.36860526 0.700034
vt 0.37788093 0.6990905
vt 0.3651145 0.61577976
vt 0.3748271 0.6359209
vt 0.3748271 0.6040834
vt 0.37011117 0.59758246
vt 0.72902334 0.30153346
vt 0.7342639 0.2741254
vt 0.72802496 0.26905715
vt 0.72218215 0.3021666
vt 0.7283006 0.31809545
vt 0.7342639 0.32100663
vt 0.37525702 0.56599015
vt 0.37729323 0.5323581
vt 0.37078065 0.52634084
vt 0.36511457 0.56257296
vt 0.36658347 0.59040064
vt 0.37729323 0.5808078
vt 0.9254191 0.008692026
vt 0.91939116 0.0035909414
vt 0.9146855 0.014470458
vt 0.922647 0.02127111
vt 0.9063705 0.048938632
vt 0.9198715 0.047592282
vt 0.92304987 0.09525812
vt 0.91179943 0.09661448
vt 0.8878972 0.052942276
vt 0.92541915 0.119098425
vt 0.8932201 0.099708915
vt 0.9144092 0.12051225
vt 0.8977396 0.12684071
vt 0.7346685 0.74263686
vt 0.7346685 0.70865476
vt 0.7037108 0.69239986
vt 0.7019744 0.7371864
vt 0.6496744 0.69972855
vt 0.6672118 0.7347045
vt 0.65347195 0.76651984
vt 0.69453335 0.7762513
vt 0.7247834 0.7816315
vt 0.9775229 0.29846
vt 0.9360132 0.3146236
vt 0.97160506 0.32291055
vt 0.93579143 0.27929735
vt 0.9379401 0.25964975
vt 0.9775229 0.25727654
vt 0.81767833 0.93892896
vt 0.8465217 0.94853973
vt 0.864509 0.91450274
vt 0.83613133 0.9084532
vt 0.81330365 0.8991412
vt 0.864509 0.88062483
vt 0.844748 0.87807304
vt 0.8133037 0.8364315
vt 0.82614374 0.8708911
vt 0.86187315 0.86691594
vt 0.84872794 0.83073926
vt 0.88281226 0.86074543
vt 0.88281226 0.81912565
vt 0.85882914 0.79030323
vt 0.8427112 0.7983825
vt 0.81576073 0.7822385
vt 0.95322084 0.92508364
vt 0.94446564 0.9476397
vt 0.9839058 0.9471538
vt 0.9839058 0.9155617
vt 0.96185327 0.8859961
vt 0.97882485 0.8739412
vt 0.5949882 0.893566
vt 0.5777178 0.86248815
vt 0.5573645 0.8749491
vt 0.5998803 0.87522924
vt 0.6245475 0.9013437
vt 0.6222745 0.8733715
vt 0.59467083 0.83198106
vt 0.6245475 0.830052
vt 0.84888434 0.2589159
vt 0.8654529 0.29232192
vt 0.87547314 0.25793695
vt 0.84333944 0.27910066
vt 0.87547314 0.31820846
vt 0.8167312 0.32068038
vt 0.1863159 0.7847352
vt 0.16543698 0.8290551
vt 0.22274244 0.8290551
vt 0.21153116 0.7712538
vt 0.18596506 0.7432997
vt 0.20604324 0.744082
vt 0.2430867 0.8199725
vt 0.23018873 0.7654996
vt 0.39640695 0.7726648
vt 0.38040793 0.80107
vt 0.4170283 0.8125465
vt 0.4236657 0.7753823
vt 0.38384646 0.7417295
vt 0.45878407 0.820513
vt 0.42895287 0.7366345
vt 0.44613197 0.7740083
vt 0.45878407 0.7322457
vt 0.4588336 0.21402416
vt 0.4277808 0.22301836
vt 0.4509784 0.2343176
vt 0.4375005 0.20714827
vt 0.3945086 0.22433524
vt 0.3962462 0.20394103
vt 0.44319385 0.17069921
vt 0.39725298 0.17743668
vt 0.46895084 0.1649661
vt 0.50141716 0.16405062
vt 0.502655 0.21756898
vt 0.50104856 0.2608701
vt 0.46989417 0.26520592
vt 0.4708984 0.28956327
vt 0.5011401 0.28708136
vt 0.502655 0.32400352
vt 0.46823305 0.32045016
vt 0.26767504 0.91235447
vt 0.23740765 0.9417832
vt 0.26903778 0.94641006
vt 0.23635474 0.9092872
vt 0.2488433 0.8837613
vt 0.26891607 0.8838918
vt 0.2459897 0.8377378
vt 0.26903778 0.8362372
vt 0.41230008 0.9914512
vt 0.38418207 0.97107995
vt 0.38040793 0.9964091
vt 0.41230008 0.9681424
vt 0.38362315 0.93648195
vt 0.40801352 0.9348963
vt 0.5218255 0.631828
vt 0.48955512 0.63146466
vt 0.48968053 0.66543543
vt 0.51828486 0.6687139
vt 0.54261446 0.61713165
vt 0.5426144 0.67082894
vt 0.5392331 0.6953082
vt 0.517218 0.6999626
vt 0.51743025 0.72080106
vt 0.48462582 0.71929246
vt 0.48489797 0.700407
vt 0.4659658 0.6532709
vt 0.46767747 0.7070942
vt 0.35795203 0.077106476
vt 0.3331986 0.095287144
vt 0.34348348 0.11091757
vt 0.33233914 0.06043747
vt 0.3688028 0.047928333
vt 0.38293523 0.0669539
vt 0.4139586 0.04162705
vt 0.4175493 0.067260474
vt 0.4175493 0.016308844
vt 0.3699164 0.014142007
vt 0.3413613 0.0035908818
vt 0.30741468 0.0074600875
vt 0.30689076 0.058209598
vt 0.30714664 0.0967437
vt 0.34236437 0.14853592
vt 0.30857158 0.15025441
vt 0.72679645 0.4750259
vt 0.7283451 0.49354
vt 0.7622288 0.49354
vt 0.7635038 0.4733777
vt 0.7285999 0.442355
vt 0.7633437 0.4406088
vt 0.6468096 0.35257566
vt 0.64342463 0.3743118
vt 0.67824864 0.3788885
vt 0.68047947 0.35655713
vt 0.6641058 0.3320949
vt 0.6809438 0.3339603
vt 0.7196146 0.35195756
vt 0.7014193 0.33118534
vt 0.7196146 0.3748877
vt 0.71604323 0.41232765
vt 0.6704689 0.41754472
vt 0.71634746 0.43306744
vt 0.6757422 0.43853223
vt 0.71456736 0.19505107
vt 0.7457003 0.2388196
vt 0.7457003 0.20115197
vt 0.7061553 0.2309748
vt 0.7444811 0.26040888
vt 0.7099846 0.2538948
vt 0.67117536 0.24018681
vt 0.6779827 0.2618755
vt 0.675189 0.20331442
vt 0.67516375 0.18292117
vt 0.7119987 0.17395175
vt 0.68633175 0.1605264
vt 0.7061238 0.15588391
vt 0.5215898 0.21548125
vt 0.5098368 0.26637554
vt 0.5139649 0.29281986
vt 0.53542525 0.32400346
vt 0.5149104 0.16087496
vt 0.54623055 0.15588379
vt 0.5676874 0.31969535
vt 0.56788623 0.20903617
vt 0.58508044 0.3032974
vt 0.58508044 0.24949595
vt 0.92607623 0.17796576
vt 0.9139997 0.15588391
vt 0.8947091 0.1580441
vt 0.8893092 0.18183601
vt 0.92860955 0.2001555
vt 0.8896965 0.20472431
vt 0.9273063 0.23617351
vt 0.88845795 0.2418853
vt 0.92860955 0.25674725
vt 0.89334035 0.2620374
vt 0.734226 0.4102779
vt 0.7513825 0.43234545
vt 0.76766735 0.4328454
vt 0.7653198 0.41043776
vt 0.7846715 0.43342704
vt 0.7306269 0.3897813
vt 0.79853916 0.41102666
vt 0.7626294 0.38896018
vt 0.7267964 0.35323602
vt 0.7971854 0.38857353
vt 0.7644235 0.3532651
vt 0.73127514 0.33118528
vt 0.79853916 0.35288852
vt 0.76617986 0.3317722
vt 0.7969347 0.33215553
vt 0.8452621 0.13826543
vt 0.8452621 0.11400226
vt 0.82610005 0.104285955
vt 0.81164014 0.11798018
vt 0.8271444 0.14774427
vt 0.81223917 0.13590875
vt 0.0038079321 0.8408581
vt 0.036243886 0.84158504
vt 0.03239104 0.81777424
vt 0.023563862 0.8514756
vt 0.0035908967 0.8755714
vt 0.023391306 0.86621827
vt 0.031825826 0.9009845
vt 0.051901996 0.84811395
vt 0.035601124 0.8773382
vt 0.06724964 0.88045603
vt 0.051299363 0.8680179
vt 0.06724964 0.83364624
vt 0.83410895 0.5243389
vt 0.8178992 0.50378186
vt 0.80137026 0.50484353
vt 0.79650486 0.5267274
vt 0.83101445 0.5468337
vt 0.7935125 0.54776555
vt 0.8298884 0.5975726
vt 0.78781646 0.60421664
vt 0.83410895 0.6440125
vt 0.39967424 0.7198285
vt 0.458784 0.7228618
vt 0.4544041 0.71830034
vt 0.3961632 0.72506404
vt 0.39135814 0.67381424
vt 0.3850627 0.67323416
vt 0.4056491 0.6232424
vt 0.3850627 0.67323416
vt 0.4045291 0.6171316
vt 0.45415255 0.62887806
vt 0.458784 0.6245829
vt 0.8570896 0.33118534
vt 0.805721 0.38004827
vt 0.853292 0.37758183
vt 0.855002 0.4298532
vt 0.81893057 0.43400943
vt 0.8570896 0.45187008
vt 0.8203295 0.45602202
vt 0.8168042 0.08619112
vt 0.81458235 0.090975225
vt 0.8585353 0.09710419
vt 0.85971546 0.09238273
vt 0.81614614 0.061151862
vt 0.83823204 0.06438148
vt 0.88071537 0.044202745
vt 0.84902024 0.039645076
vt 0.81164 0.04142618
vt 0.88071537 0.0035908818
vt 0.82651424 0.019794881
vt 0.8490236 0.018829644
vt 0.5171503 0.82051647
vt 0.4817239 0.84077823
vt 0.4813453 0.8457594
vt 0.5167717 0.8254976
vt 0.46596587 0.8617559
vt 0.5138004 0.86488724
vt 0.477257 0.897666
vt 0.5170078 0.9155285
vt 0.47739935 0.90153426
vt 0.5171503 0.91939676
vt 0.7650161 0.6022377
vt 0.76850593 0.6075331
vt 0.78063464 0.5507148
vt 0.774314 0.551233
vt 0.78063464 0.5507148
vt 0.7603991 0.5037818
vt 0.7580721 0.5096151
vt 0.71225023 0.5133907
vt 0.7173278 0.5169923
vt 0.70804286 0.5624471
vt 0.714158 0.56151986
vt 0.7375692 0.53575635
vt 0.7314271 0.6075331
vt 0.72940487 0.55946827
vt 0.7354781 0.602793
vt 0.7468872 0.5797272
vt 0.58331835 0.7503954
vt 0.5616728 0.7475054
vt 0.5573646 0.7813397
vt 0.58072853 0.7830767
vt 0.56115615 0.82078826
vt 0.5834156 0.8216552
vt 0.63914895 0.8228703
vt 0.62485623 0.7775491
vt 0.63914895 0.73870707
vt 0.63550293 0.77571803
vt 0.18121368 0.48890293
vt 0.18422467 0.51114833
vt 0.21732679 0.511098
vt 0.21369043 0.48883057
vt 0.24837089 0.51114833
vt 0.17184314 0.4363345
vt 0.24491277 0.48835814
vt 0.22057676 0.43765748
vt 0.16543692 0.39028668
vt 0.25715363 0.4380722
vt 0.22216281 0.3942604
vt 0.21463732 0.35969973
vt 0.2610535 0.39240408
vt 0.45395947 0.827695
vt 0.43793356 0.8340144
vt 0.4380194 0.8647796
vt 0.45395935 0.88754606
vt 0.6399499 0.15887094
vt 0.66376966 0.20826721
vt 0.6639936 0.1593051
vt 0.6380595 0.20784783
vt 0.60008085 0.15645361
vt 0.5981904 0.20543051
vt 0.5964209 0.15588379
vt 0.59453046 0.20486069
vt 0.59592223 0.26895475
vt 0.59226227 0.2683847
vt 0.6318033 0.271425
vt 0.6380595 0.20784783
vt 0.6637654 0.27178907
vt 0.66376966 0.20826721
vt 0.15388441 0.34143507
vt 0.15676397 0.33848217
vt 0.13719088 0.29912868
vt 0.13236582 0.3001092
vt 0.1420719 0.2526194
vt 0.13791054 0.2512048
vt 0.15676397 0.2496007
vt 0.15623683 0.24613638
vt 0.26848227 0.5022949
vt 0.2725825 0.50220084
vt 0.2725825 0.4473378
vt 0.2682353 0.44770685
vt 0.13258642 0.39157224
vt 0.136623 0.39206305
vt 0.136623 0.34861684
vt 0.13236582 0.3489386
vt 0.9682834 0.20459403
vt 0.96913815 0.15588382
vt 0.9369211 0.15782362
vt 0.9364567 0.20324105
vt 0.96913815 0.24694556
vt 0.93612957 0.24210241
vt 0.27339602 0.8178745
vt 0.25102305 0.77928746
vt 0.25026846 0.81036645
vt 0.27323198 0.78331965
vt 0.25363564 0.7432999
vt 0.27339602 0.74358
vt 0.79281926 0.49586955
vt 0.79281926 0.44060883
vt 0.77068543 0.44181922
vt 0.77306867 0.4952157
vt 0.7839408 0.9419732
vt 0.7837093 0.9575283
vt 0.8048837 0.95834315
vt 0.8050933 0.93962204
vt 0.7822206 0.8975655
vt 0.8050933 0.89594537
vt 0.074915186 0.102396965
vt 0.06776101 0.114443064
vt 0.10114207 0.1253457
vt 0.123034455 0.09580636
vt 0.07572794 0.08862734
vt 0.12351669 0.08484101
vt 0.08974764 0.06219244
vt 0.11921973 0.17115974
vt 0.123892754 0.20398664
vt 0.11445071 0.20900369
vt 0.14720543 0.23895454
vt 0.14465515 0.2250011
vt 0.15825517 0.20827985
vt 0.1494521 0.2050426
vt 0.15127324 0.15762734
vt 0.14336945 0.16357946
vt 0.15316479 0.10672593
vt 0.15721737 0.07917166
vt 0.14242874 0.1664648
vt 0.15825516 0.05746603
vt 0.13520776 0.20000982
vt 0.14527304 0.21959567
vt 0.1479312 0.20147252
vt 0.13017283 0.058357
vt 0.13604142 0.03333974
vt 0.1577804 0.038068056
vt 0.09735094 0.028291225
vt 0.119699046 0.0055263042
vt 0.1439717 0.006142378
vt 0.08494651 0.0035908222
vt 0.07265173 0.027690172
vt 0.059588436 0.04100132
vt 0.053067673 0.07450175
vt 0.006695658 0.049681664
vt 0.0035908967 0.08760238
vt 0.94662285 0.5617759
vt 0.9320824 0.573799
vt 0.94870967 0.5998544
vt 0.9168074 0.5618864
vt 0.94870967 0.5111402
vt 0.9291147 0.50624776
vt 0.90801156 0.54981464
vt 0.9213651 0.5037818
vt 0.7242174 0.95919454
vt 0.7190771 0.9285356
vt 0.70849776 0.93651474
vt 0.6990218 0.925449
vt 0.7207501 0.908514
vt 0.69620085 0.90717745
vt 0.7044692 0.8879113
vt 0.7242174 0.89625025
vt 0.94115317 0.4312122
vt 0.9620905 0.43138987
vt 0.9612496 0.40108764
vt 0.92403954 0.4023583
vt 0.93834174 0.36892882
vt 0.9611213 0.36942425
vt 0.9329109 0.3438416
vt 0.9615215 0.3474392
vt 0.9620905 0.33118525
vt 0.9412807 0.33392832
vt 0.50199294 0.49350643
vt 0.5165235 0.46347475
vt 0.49620235 0.46864653
vt 0.52151644 0.48853636
vt 0.5245943 0.5056815
vt 0.5060712 0.5103979
vt 0.5412064 0.48453522
vt 0.5385933 0.45714378
vt 0.52246666 0.45158052
vt 0.5029868 0.33118534
vt 0.5271363 0.3545475
vt 0.5555006 0.39936686
vt 0.5493688 0.50450516
vt 0.52403903 0.5260029
vt 0.55354923 0.5234461
vt 0.5555006 0.5575361
vt 0.5103364 0.52721214
vt 0.53879637 0.56097984
vt 0.5202038 0.56468964
vt 0.7748492 0.18178034
vt 0.75288206 0.26343346
vt 0.7901818 0.2618637
vt 0.8095494 0.27973604
vt 0.8095494 0.15588379
vt 0.95777375 0.6910114
vt 0.94247925 0.6919743
vt 0.94405586 0.7115825
vt 0.96161354 0.71027505
vt 0.97594774 0.6692312
vt 0.94686925 0.75872266
vt 0.97594774 0.708876
vt 0.97094977 0.7623423
vt 0.5316329 0.57572937
vt 0.5264816 0.59978604
vt 0.5534186 0.59978604
vt 0.54651654 0.57187176
vt 0.9326009 0.070982456
vt 0.9595531 0.1344924
vt 0.9414648 0.06557846
vt 0.9531373 0.062239647
vt 0.9541677 0.026727676
vt 0.94874066 0.02326727
vt 0.95710456 0.0035910606
vt 0.9595531 0.008766174
vt 0.94424903 0.44121075
vt 0.95305 0.44659472
vt 0.9524194 0.4385717
vt 0.9485187 0.44649148
vt 0.92403954 0.44902873
vt 0.9300051 0.48642826
vt 0.9495128 0.4752004
vt 0.95305 0.479712
vt 0.95265186 0.49630117
vt 0.048285007 0.93385875
vt 0.00804925 0.938074
vt 0.048983097 0.9759091
vt 0.048983097 0.9095764
vt 0.0035908222 0.9081663
vt 0.68011326 0.78977066
vt 0.6500124 0.78881323
vt 0.64967465 0.83044827
vt 0.6677157 0.8308313
vt 0.6514734 0.88072956
vt 0.6724402 0.8764073
vt 0.6905435 0.8315932
vt 0.6978816 0.8485533
vt 0.6952838 0.81661916
vt 0.7131159 0.8472613
vt 0.71535397 0.81731063
vt 0.72019196 0.78984886
vt 0.720192 0.83222556
vt 0.20243919 0.9335112
vt 0.16792977 0.98274404
vt 0.20440185 0.976521
vt 0.16543698 0.96158826
vt 0.20440185 0.9185017
vt 0.896847 0.69239765
vt 0.9352975 0.70389605
vt 0.9352975 0.6692312
vt 0.9242768 0.712731
vt 0.91048145 0.7366661
vt 0.9261894 0.72928846
vt 0.9228194 0.77505696
vt 0.9345722 0.7406944
vt 0.2719676 0.6032965
vt 0.25328898 0.598825
vt 0.2537331 0.6336739
vt 0.2719676 0.6355703
vt 0.8692783 0.4435033
vt 0.8642713 0.48671693
vt 0.90086114 0.48476765
vt 0.90086114 0.4422145
vt 0.20442528 0.627825
vt 0.2039384 0.6318993
vt 0.2461049 0.6385798
vt 0.24610719 0.63450444
vt 0.37482703 0.64310265
vt 0.3710235 0.6462066
vt 0.3709516 0.6778147
vt 0.37482703 0.6779504
vt 0.64967465 0.65323997
vt 0.7008611 0.6852181
vt 0.7008611 0.65155935
vt 0.65650964 0.58699036
vt 0.7004962 0.5875342
vt 0.65693265 0.53470874
vt 0.699871 0.53741884
vt 0.65657413 0.5037818
vt 0.698981 0.50764966
vt 0.13910395 0.43423462
vt 0.13946517 0.4004892
vt 0.08756086 0.43052828
vt 0.13878432 0.49795735
vt 0.0947521 0.49773443
vt 0.13887888 0.54765785
vt 0.09611419 0.5509012
vt 0.13946515 0.5772419
vt 0.09735978 0.58228135
vt 0.1509014 0.4267732
vt 0.15825513 0.35969985
vt 0.15407944 0.3621452
vt 0.14705998 0.4282608
vt 0.15101954 0.48014283
vt 0.14749202 0.48067498
vt 0.15825513 0.5122572
vt 0.15477106 0.5121312
vt 0.80445844 0.13498294
vt 0.7502371 0.058214664
vt 0.7581597 0.09922755
vt 0.8010844 0.054580808
vt 0.8044584 0.0035909414
vt 0.2274748 0.35251796
vt 0.16543695 0.26391268
vt 0.17616124 0.34243047
vt 0.23452796 0.2632482
vt 0.27083007 0.33511603
vt 0.1810789 0.21353734
vt 0.27359304 0.2674681
vt 0.23294048 0.21201706
vt 0.27359304 0.21656299
vt 0.20598893 0.1786499
vt 0.23430227 0.1640507
vt 0.09113903 0.75951505
vt 0.14203507 0.7862458
vt 0.14267355 0.71886134
vt 0.08756088 0.800266
vt 0.14267355 0.8371451
vt 0.97293967 0.026211143
vt 0.9880152 0.06429684
vt 0.9931676 0.06064287
vt 0.9667349 0.024954855
vt 0.9931676 0.008684993
vt 0.9894204 0.0035908818
vt 0.5107719 0.9337797
vt 0.51315993 0.9756584
vt 0.54536587 0.9942728
vt 0.54536587 0.9460019
vt 0.85368717 0.77505696
vt 0.8253847 0.69239986
vt 0.8133037 0.77505696
vt 0.8574026 0.6943884
vt 0.8896653 0.7749101
vt 0.88286954 0.6969031
vt 0.4659658 0.72798294
vt 0.48724663 0.8122305
vt 0.517087 0.8133347
vt 0.5010464 0.7339375
vt 0.5491565 0.8075242
vt 0.5491565 0.7293641
vt 0.775039 0.9738856
vt 0.76901436 0.89594537
vt 0.7376374 0.8962749
vt 0.73262364 0.9738856
vt 0.68901944 0.9736046
vt 0.6859586 0.88965535
vt 0.65576255 0.8879113
vt 0.6496747 0.9736046
vt 0.8412908 0.51909566
vt 0.85728806 0.6034062
vt 0.873898 0.6027899
vt 0.86731774 0.5103679
vt 0.90082985 0.6052005
vt 0.90082985 0.5037818
vt 0.25054514 0.6886133
vt 0.17935312 0.72935796
vt 0.2531308 0.7361182
vt 0.17426538 0.70388544
vt 0.2531308 0.6457616
vt 0.16543698 0.67354155
vt 0.8812762 0.2507553
vt 0.84422904 0.15588391
vt 0.8227894 0.15688777
vt 0.8167313 0.2507553
vt 0.22917295 0.91131985
vt 0.21366143 0.8394234
vt 0.1975013 0.8362372
vt 0.16543698 0.91131985
vt 0.61001325 0.49380994
vt 0.5644121 0.44745517
vt 0.5656186 0.4965999
vt 0.6088067 0.44466507
vt 0.63547707 0.49291813
vt 0.5626824 0.38376498
vt 0.635937 0.44376886
vt 0.6028611 0.3810029
vt 0.63624287 0.33118534
vt 0.63624287 0.38009012
vt 0.2720832 0.44015598
vt 0.27208316 0.35969976
vt 0.2682353 0.36062062
vt 0.26915303 0.43725324
vt 0.6318033 0.271425
vt 0.6639936 0.3206427
vt 0.6637654 0.27178907
vt 0.59592223 0.26895475
vt 0.98053515 0.85330194
vt 0.9467691 0.80839574
vt 0.94766796 0.8528689
vt 0.98053515 0.8051287
vt 0.9469887 0.7822388
vt 0.9804331 0.7838319
vt 0.93612957 0.24210241
vt 0.93579125 0.24525163
vt 0.96880007 0.2500948
vt 0.96913815 0.24694556
vt 0.9322405 0.91849744
vt 0.90136766 0.95665103
vt 0.93728375 0.9553209
vt 0.89563155 0.9238234
vt 0.93728375 0.87415
vt 0.8899939 0.87394136
vt 0.09948516 0.928827
vt 0.14305496 0.9237259
vt 0.13874912 0.88994503
vt 0.08756089 0.891435
vt 0.14305472 0.84432673
vt 0.09042287 0.8481854
vt 0.68381155 0.4883995
vt 0.676882 0.44888616
vt 0.65332067 0.445714
vt 0.64342463 0.4883995
vt 0.71500033 0.32039118
vt 0.70268065 0.26905704
vt 0.67258173 0.27136922
vt 0.6711754 0.32039118
vt 0.30468988 0.1819148
vt 0.3276026 0.16752625
vt 0.30646068 0.16877317
vt 0.32889593 0.18048716
vt 0.30394006 0.18915462
vt 0.35792825 0.16672945
vt 0.32831377 0.18870497
vt 0.28995657 0.24561167
vt 0.36361668 0.17957544
vt 0.37742564 0.16405058
vt 0.38685054 0.17822552
vt 0.3640315 0.1877451
vt 0.38732684 0.18608999
vt 0.3323524 0.2506051
vt 0.28077483 0.2843294
vt 0.36209506 0.25262403
vt 0.33483955 0.3024006
vt 0.38732684 0.34493446
vt 0.78537273 0.68139786
vt 0.77404785 0.65449554
vt 0.7722559 0.68269795
vt 0.78537416 0.6542191
vt 0.79305744 0.68249565
vt 0.79305744 0.654461
vt 0.3712465 0.5029576
vt 0.35005856 0.5191591
vt 0.37069342 0.5178547
vt 0.33948568 0.5049908
vt 0.37121183 0.48938537
vt 0.33492494 0.4917221
vt 0.32616922 0.50762534
vt 0.371341 0.4809649
vt 0.3196785 0.49473834
vt 0.33525154 0.48279548
vt 0.3716832 0.42539954
vt 0.32032245 0.4874103
vt 0.33489206 0.42613602
vt 0.3716832 0.35211635
vt 0.30911386 0.43016148
vt 0.2988882 0.3676157
vt 0.28077486 0.39222312
vt 0.9114106 0.86469156
vt 0.9395875 0.86675954
vt 0.93923146 0.845301
vt 0.923751 0.8439753
vt 0.9003609 0.8476821
vt 0.939075 0.82510066
vt 0.91382647 0.83311385
vt 0.889994 0.81926835
vt 0.9330472 0.8246348
vt 0.9392002 0.8048797
vt 0.9072038 0.81496215
vt 0.8962189 0.79652816
vt 0.9295566 0.8208146
vt 0.93141645 0.8061103
vt 0.9395875 0.78780866
vt 0.91911453 0.7913064
vt 0.91118044 0.800435
vt 0.9086385 0.7822387
vt 0.92862594 0.809321
vt 0.92722726 0.8144304
vt 0.6521416 0.0035908222
vt 0.61840594 0.009925604
vt 0.6320362 0.0659709
vt 0.6632 0.059240103
vt 0.6076505 0.13129807
vt 0.6775049 0.13129807
vt 0.873864 0.35630244
vt 0.8642714 0.38644618
vt 0.86987156 0.4099686
vt 0.8821239 0.42630255
vt 0.888931 0.33886752
vt 0.9168578 0.4350327
vt 0.9168578 0.33703783
vt 0.9168538 0.33118522
vt 0.8892179 0.33329472
vt 0.87230146 0.35286984
vt 0.29970893 0.08292508
vt 0.2563945 0.118979216
vt 0.29970893 0.14467931
vt 0.26967704 0.077040195
vt 0.2956858 0.024419785
vt 0.20721209 0.12686563
vt 0.27763638 0.019151688
vt 0.23044713 0.072068214
vt 0.25416768 0.013038635
vt 0.21148743 0.06658459
vt 0.22810993 0.0044579506
vt 0.20394404 0.06636906
vt 0.22450808 0.0035910606
vt 0.16543695 0.14993691
vt 0.17153837 0.1568687
vt 0.07375753 0.40048915
vt 0.026517093 0.43764985
vt 0.08037907 0.4077028
vt 0.018605053 0.43617916
vt 0.013534784 0.48469728
vt 0.0035908818 0.49089283
vt 0.014782727 0.53186953
vt 0.009079576 0.54138684
vt 0.08037913 0.5598736
vt 0.07766092 0.5702362
vt 0.07452445 0.6825284
vt 0.07790111 0.6826339
vt 0.07790111 0.6541785
vt 0.07448837 0.65524566
vt 0.38508302 0.6099498
vt 0.46596938 0.6099498
vt 0.44748813 0.5767023
vt 0.38506263 0.57405007
vt 0.45319068 0.5477618
vt 0.39553702 0.5353058
vt 0.4690752 0.5053737
vt 0.46897984 0.533368
vt 0.3358183 0.6716925
vt 0.35997486 0.67302924
vt 0.35997486 0.65264976
vt 0.32553816 0.6523079
vt 0.28077483 0.65377444
vt 0.3054304 0.704812
vt 0.33735704 0.74828714
vt 0.5932429 0.51987517
vt 0.5626824 0.5314473
vt 0.56387496 0.55950046
vt 0.61258125 0.5790996
vt 0.60998654 0.63099545
vt 0.6424928 0.5720642
vt 0.6424928 0.5037818
vt 0.38345075 0.88093257
vt 0.3804078 0.92071855
vt 0.43075156 0.9277146
vt 0.43075156 0.8872203
vt 0.384125 0.8469686
vt 0.4295044 0.827695
vt 0.8890965 0.63154894
vt 0.8894329 0.61290884
vt 0.84179187 0.61238223
vt 0.8412907 0.62927574
vt 0.8894329 0.68476874
vt 0.8435731 0.67650867
vt 0.55786705 0.91083676
vt 0.55736446 0.9672241
vt 0.6083722 0.9672241
vt 0.60803556 0.90852535
vt 0.4564721 0.12387931
vt 0.51092285 0.14236271
vt 0.5108934 0.13723898
vt 0.45311695 0.12822966
vt 0.4305808 0.092016965
vt 0.42473108 0.09309664
vt 0.44506925 0.031902194
vt 0.4407007 0.028522551
vt 0.49423373 0.01075986
vt 0.4924073 0.005897671
vt 0.5108858 0.008826882
vt 0.51092285 0.0035908818
vt 0.7802902 0.28691816
vt 0.78029025 0.3022622
vt 0.7934438 0.30341774
vt 0.7934438 0.28807372
vt 0.2702061 0.5915227
vt 0.25415063 0.5757196
vt 0.25650454 0.59164333
vt 0.2678523 0.5755992
vt 0.2532891 0.5544238
vt 0.26699078 0.55430317
vt 0.25415063 0.5334618
vt 0.2678523 0.5333414
vt 0.25650454 0.51845074
vt 0.2702061 0.5183301
vt 0.8128426 0.49586946
vt 0.8128426 0.48119336
vt 0.8000012 0.4791
vt 0.8000012 0.4937761
vt 0.7184364 0.44626585
vt 0.7150507 0.445714
vt 0.7150507 0.45850223
vt 0.7184364 0.45905408
vt 0.97057956 0.5086336
vt 0.98526764 0.50884056
vt 0.98526764 0.5037818
vt 0.972469 0.51306844
vt 0.9598271 0.5227232
vt 0.9630997 0.52534556
vt 0.9558915 0.54227495
vt 0.95967036 0.54238224
vt 0.9598271 0.5620506
vt 0.9630997 0.5596137
vt 0.97057956 0.57675076
vt 0.972469 0.5724232
vt 0.98526764 0.58243656
vt 0.98526764 0.5773778
vt 0.62835264 0.9127531
vt 0.64152354 0.9176402
vt 0.6411513 0.9085252
vt 0.63279 0.9205251
vt 0.6189834 0.92503047
vt 0.6263966 0.92890286
vt 0.615554 0.9420669
vt 0.62405646 0.9405284
vt 0.6189834 0.9592986
vt 0.62639666 0.9522867
vt 0.62835264 0.9721079
vt 0.63279 0.9610276
vt 0.64152354 0.9644084
vt 0.6411513 0.97706246
vt 0.5499507 0.62033796
vt 0.5534186 0.62064284
vt 0.5534186 0.6072726
vt 0.54995066 0.6069677
vt 0.37961566 0.44412756
vt 0.38527846 0.43101716
vt 0.38166666 0.4310472
vt 0.38322735 0.44409752
vt 0.378865 0.46239257
vt 0.3824767 0.46236277
vt 0.37961566 0.48094893
vt 0.38322747 0.48091912
vt 0.38166678 0.4948244
vt 0.38527846 0.4947946
vt 0.5288979 0.8743655
vt 0.5453659 0.9250996
vt 0.54072684 0.9265978
vt 0.52433217 0.8748573
vt 0.5453659 0.8218572
vt 0.54304886 0.8205164
vt 0.34233737 0.6395302
vt 0.35782003 0.640224
vt 0.35793275 0.6451262
vt 0.34116632 0.64419836
vt 0.29979944 0.6113055
vt 0.29591024 0.6140625
vt 0.2855894 0.57651484
vt 0.28077483 0.57608235
vt 0.3054459 0.5442454
vt 0.30263525 0.540323
vt 0.35787022 0.53108084
vt 0.35793275 0.52634084
vt 0.0542773 0.26546907
vt 0.05756408 0.24725771
vt 0.1081357 0.24649549
vt 0.10686958 0.26644135
vt 0.12488055 0.24613643
vt 0.12518406 0.26768732
vt 0.028681815 0.3357203
vt 0.10320747 0.33051634
vt 0.12518406 0.32790232
vt 0.07315588 0.36651468
vt 0.12470645 0.3459828
vt 0.028836846 0.39330745
vt 0.0036665201 0.37841678
vt 0.0035908818 0.35032248
vt 0.38667735 0.3521163
vt 0.378865 0.3982188
vt 0.38355377 0.35218114
vt 0.38198858 0.39815402
vt 0.38372794 0.42383552
vt 0.38667735 0.42311683
vt 0.5333164 0.025887609
vt 0.60046864 0.0035908818
vt 0.57513356 0.073438525
vt 0.53360105 0.0866341
vt 0.51810455 0.048803568
vt 0.60046864 0.092152596
vt 0.5250273 0.10388833
vt 0.5580356 0.12044722
vt 0.5292022 0.14040965
vt 0.5665009 0.14723015
vt 0.06288457 0.61022604
vt 0.048915148 0.58095765
vt 0.052158117 0.5774181
vt 0.06730652 0.6088841
vt 0.06288266 0.6448618
vt 0.06730652 0.6457273
vt 0.037587404 0.70341635
vt 0.04020548 0.70655465
vt 0.22557995 0.52339906
vt 0.17858505 0.5416647
vt 0.17789301 0.5386083
vt 0.22488791 0.5203426
vt 0.24610719 0.5213851
vt 0.2460953 0.51833016
vt 0.24610719 0.5213851
vt 0.24610168 0.5239061
vt 0.22744751 0.5255017
vt 0.17858505 0.5416647
vt 0.18510464 0.5457887
vt 0.16543692 0.5843353
vt 0.17419797 0.5835708
vt 0.18624324 0.6261928
vt 0.19139156 0.6204232
vt 0.20442528 0.627825
vt 0.24607033 0.6299752
vt 0.24610719 0.63450444
vt 0.48902053 0.53105825
vt 0.46897984 0.533368
vt 0.48874235 0.52740633
vt 0.47064656 0.53657067
vt 0.45319068 0.5477618
vt 0.45503235 0.5495949
vt 0.4727435 0.3936627
vt 0.43176293 0.35515618
vt 0.4890206 0.3311851
vt 0.45670867 0.400985
vt 0.4890206 0.459759
vt 0.4127879 0.41768575
vt 0.48691583 0.4610603
vt 0.4288442 0.4384513
vt 0.4509256 0.48168182
vt 0.42209768 0.49819183
vt 0.3945086 0.45030403
vt 0.07841647 0.57840645
vt 0.07841647 0.64699674
vt 0.07448834 0.64609945
vt 0.07475394 0.57741797
vt 0.1517396 0.54877764
vt 0.15273905 0.5756807
vt 0.1486175 0.57840806
vt 0.14705992 0.5490294
vt 0.15273905 0.52150524
vt 0.14884973 0.51943904
vt 0.32943213 0.8675348
vt 0.32943213 0.93228716
vt 0.30005902 0.91284025
vt 0.29356253 0.8815575
vt 0.2903884 0.84479314
vt 0.28077495 0.8690709
vt 0.00933218 0.60012186
vt 0.038063765 0.59728575
vt 0.045239925 0.61258686
vt 0.0035908222 0.63576066
vt 0.04523897 0.6294842
vt 0.06288457 0.61022604
vt 0.01824832 0.64349425
vt 0.06288266 0.6448618
vt 0.0075576305 0.67357934
vt 0.7078689 0.445714
vt 0.7078689 0.48345158
vt 0.69134873 0.48912203
vt 0.69099355 0.46965873
vt 0.103649944 0.6175349
vt 0.09843412 0.589463
vt 0.120373026 0.5897796
vt 0.12553526 0.61628246
vt 0.10845159 0.6651013
vt 0.1345129 0.66345334
vt 0.14943466 0.656821
vt 0.13877478 0.6217737
vt 0.14943466 0.70865655
vt 0.11419435 0.71167946
vt 0.08756088 0.663841
vt 0.09068686 0.69663525
vt 0.73185104 0.1322887
vt 0.73057395 0.09955847
vt 0.73772997 0.106763124
vt 0.71760035 0.12482154
vt 0.7121581 0.102306366
vt 0.71800184 0.08536708
vt 0.70674384 0.06781709
vt 0.7309394 0.063248515
vt 0.7430553 0.06769621
vt 0.7430553 0.013091922
vt 0.73468614 0.018918276
vt 0.73894966 0.0035909414
vt 0.731435 0.008001208
vt 0.7022934 0.07175434
vt 0.6974463 0.10555422
vt 0.6890494 0.07396972
vt 0.69434655 0.05665517
vt 0.6846866 0.057854652
vt 0.75288206 0.30719125
vt 0.7553084 0.2869181
vt 0.77310836 0.2919476
vt 0.77310836 0.3210804
vt 0.78446645 0.69239974
vt 0.772716 0.72736144
vt 0.76497746 0.70576763
vt 0.78795886 0.72079825
vt 0.8061218 0.7165592
vt 0.8053308 0.6927142
vt 0.8061218 0.7640517
vt 0.7744929 0.76704705
vt 0.80555886 0.7894051
vt 0.7516369 0.7328801
vt 0.7763419 0.80231404
vt 0.7418505 0.75889206
vt 0.748549 0.80138075
vt 0.51929975 0.57187164
vt 0.51929975 0.60911214
vt 0.51245266 0.5863399
vt 0.49620235 0.5854724
vt 0.5038388 0.6015892
vt 0.2719972 0.7010758
vt 0.26578224 0.7035463
vt 0.26031256 0.6759722
vt 0.2719972 0.67328703
vt 0.27102798 0.65442336
vt 0.2628575 0.64576155
vt 0.07448837 0.70172006
vt 0.075357765 0.69121337
vt 0.08037403 0.6898157
vt 0.08037403 0.7007686
vt 0.26131845 0.7107281
vt 0.2731005 0.7148573
vt 0.2731005 0.72993284
vt 0.26031268 0.7200042
vt 0.37788087 0.7113577
vt 0.37788087 0.72506404
vt 0.368953 0.7182528
vt 0.3729391 0.7072159
vt 0.37788093 0.6875446
vt 0.37788093 0.6990905
vt 0.36860526 0.700034
vt 0.37166524 0.6883774
vt 0.3651145 0.61577976
vt 0.37011117 0.59758246
vt 0.3748271 0.6040834
vt 0.3748271 0.6359209
vt 0.72902334 0.30153346
vt 0.72802496 0.26905715
vt 0.7342639 0.2741254
vt 0.72218215 0.3021666
vt 0.7283006 0.31809545
vt 0.7342639 0.32100663
vt 0.37525702 0.56599015
vt 0.37078065 0.52634084
vt 0.37729323 0.5323581
vt 0.36511457 0.56257296
vt 0.36658347 0.59040064
vt 0.37729323 0.5808078
vt 0.9254191 0.008692026
vt 0.9146855 0.014470458
vt 0.91939116 0.0035909414
vt 0.922647 0.02127111
vt 0.9063705 0.048938632
vt 0.9198715 0.047592282
vt 0.92304987 0.09525812
vt 0.91179943 0.09661448
vt 0.8878972 0.052942276
vt 0.92541915 0.119098425
vt 0.8932201 0.099708915
vt 0.9144092 0.12051225
vt 0.8977396 0.12684071
vt 0.7346685 0.74263686
vt 0.7037108 0.69239986
vt 0.7346685 0.70865476
vt 0.7019744 0.7371864
vt 0.6496744 0.69972855
vt 0.6672118 0.7347045
vt 0.65347195 0.76651984
vt 0.69453335 0.7762513
vt 0.7247834 0.7816315
vt 0.9775229 0.29846
vt 0.97160506 0.32291055
vt 0.9360132 0.3146236
vt 0.93579143 0.27929735
vt 0.9379401 0.25964975
vt 0.9775229 0.25727654
vt 0.81767833 0.93892896
vt 0.864509 0.91450274
vt 0.8465217 0.94853973
vt 0.83613133 0.9084532
vt 0.81330365 0.8991412
vt 0.864509 0.88062483
vt 0.844748 0.87807304
vt 0.8133037 0.8364315
vt 0.86187315 0.86691594
vt 0.82614374 0.8708911
vt 0.84872794 0.83073926
vt 0.88281226 0.86074543
vt 0.88281226 0.81912565
vt 0.85882914 0.79030323
vt 0.8427112 0.7983825
vt 0.81576073 0.7822385
vt 0.95322084 0.92508364
vt 0.9839058 0.9471538
vt 0.94446564 0.9476397
vt 0.9839058 0.9155617
vt 0.96185327 0.8859961
vt 0.97882485 0.8739412
vt 0.5949882 0.893566
vt 0.5573645 0.8749491
vt 0.5777178 0.86248815
vt 0.5998803 0.87522924
vt 0.6245475 0.9013437
vt 0.6222745 0.8733715
vt 0.59467083 0.83198106
vt 0.6245475 0.830052
vt 0.84888434 0.2589159
vt 0.87547314 0.25793695
vt 0.8654529 0.29232192
vt 0.84333944 0.27910066
vt 0.87547314 0.31820846
vt 0.8167312 0.32068038
vt 0.1863159 0.7847352
vt 0.22274244 0.8290551
vt 0.16543698 0.8290551
vt 0.21153116 0.7712538
vt 0.18596506 0.7432997
vt 0.20604324 0.744082
vt 0.2430867 0.8199725
vt 0.23018873 0.7654996
vt 0.39640695 0.7726648
vt 0.4170283 0.8125465
vt 0.38040793 0.80107
vt 0.4236657 0.7753823
vt 0.38384646 0.7417295
vt 0.45878407 0.820513
vt 0.42895287 0.7366345
vt 0.44613197 0.7740083
vt 0.45878407 0.7322457
vt 0.4588336 0.21402416
vt 0.4509784 0.2343176
vt 0.4277808 0.22301836
vt 0.4375005 0.20714827
vt 0.3945086 0.22433524
vt 0.3962462 0.20394103
vt 0.44319385 0.17069921
vt 0.39725298 0.17743668
vt 0.46895084 0.1649661
vt 0.50141716 0.16405062
vt 0.502655 0.21756898
vt 0.50104856 0.2608701
vt 0.46989417 0.26520592
vt 0.4708984 0.28956327
vt 0.5011401 0.28708136
vt 0.502655 0.32400352
vt 0.46823305 0.32045016
vt 0.26767504 0.91235447
vt 0.26903778 0.94641006
vt 0.23740765 0.9417832
vt 0.23635474 0.9092872
vt 0.2488433 0.8837613
vt 0.26891607 0.8838918
vt 0.2459897 0.8377378
vt 0.26903778 0.8362372
vt 0.41230008 0.9914512
vt 0.38040793 0.9964091
vt 0.38418207 0.97107995
vt 0.41230008 0.9681424
vt 0.38362315 0.93648195
vt 0.40801352 0.9348963
vt 0.5218255 0.631828
vt 0.48968053 0.66543543
vt 0.48955512 0.63146466
vt 0.51828486 0.6687139
vt 0.54261446 0.61713165
vt 0.5426144 0.67082894
vt 0.5392331 0.6953082
vt 0.517218 0.6999626
vt 0.51743025 0.72080106
vt 0.48462582 0.71929246
vt 0.48489797 0.700407
vt 0.4659658 0.6532709
vt 0.46767747 0.7070942
vt 0.35795203 0.077106476
vt 0.34348348 0.11091757
vt 0.3331986 0.095287144
vt 0.33233914 0.06043747
vt 0.3688028 0.047928333
vt 0.38293523 0.0669539
vt 0.4139586 0.04162705
vt 0.4175493 0.067260474
vt 0.4175493 0.016308844
vt 0.3699164 0.014142007
vt 0.3413613 0.0035908818
vt 0.30741468 0.0074600875
vt 0.30689076 0.058209598
vt 0.30714664 0.0967437
vt 0.34236437 0.14853592
vt 0.30857158 0.15025441
vt 0.72679645 0.4750259
vt 0.7622288 0.49354
vt 0.7283451 0.49354
vt 0.7635038 0.4733777
vt 0.7285999 0.442355
vt 0.7633437 0.4406088
vt 0.6468096 0.35257566
vt 0.67824864 0.3788885
vt 0.64342463 0.3743118
vt 0.68047947 0.35655713
vt 0.6641058 0.3320949
vt 0.6809438 0.3339603
vt 0.7196146 0.35195756
vt 0.7014193 0.33118534
vt 0.7196146 0.3748877
vt 0.71604323 0.41232765
vt 0.6704689 0.41754472
vt 0.71634746 0.43306744
vt 0.6757422 0.43853223
vt 0.71456736 0.19505107
vt 0.7457003 0.20115197
vt 0.7457003 0.2388196
vt 0.7061553 0.2309748
vt 0.7444811 0.26040888
vt 0.7099846 0.2538948
vt 0.67117536 0.24018681
vt 0.6779827 0.2618755
vt 0.675189 0.20331442
vt 0.67516375 0.18292117
vt 0.7119987 0.17395175
vt 0.68633175 0.1605264
vt 0.7061238 0.15588391
vt 0.5139649 0.29281986
vt 0.5098368 0.26637554
vt 0.5215898 0.21548125
vt 0.53542525 0.32400346
vt 0.54623055 0.15588379
vt 0.5149104 0.16087496
vt 0.5676874 0.31969535
vt 0.56788623 0.20903617
vt 0.58508044 0.3032974
vt 0.58508044 0.24949595
vt 0.92607623 0.17796576
vt 0.8947091 0.1580441
vt 0.9139997 0.15588391
vt 0.8893092 0.18183601
vt 0.92860955 0.2001555
vt 0.8896965 0.20472431
vt 0.9273063 0.23617351
vt 0.88845795 0.2418853
vt 0.92860955 0.25674725
vt 0.89334035 0.2620374
vt 0.734226 0.4102779
vt 0.76766735 0.4328454
vt 0.7513825 0.43234545
vt 0.7653198 0.41043776
vt 0.7846715 0.43342704
vt 0.7306269 0.3897813
vt 0.79853916 0.41102666
vt 0.7626294 0.38896018
vt 0.7267964 0.35323602
vt 0.7971854 0.38857353
vt 0.7644235 0.3532651
vt 0.73127514 0.33118528
vt 0.79853916 0.35288852
vt 0.76617986 0.3317722
vt 0.7969347 0.33215553
vt 0.8271444 0.14774427
vt 0.81223917 0.13590875
vt 0.81164014 0.11798018
vt 0.8452621 0.13826543
vt 0.82610005 0.104285955
vt 0.8452621 0.11400226
vt 0.0038079321 0.8408581
vt 0.03239104 0.81777424
vt 0.036243886 0.84158504
vt 0.023563862 0.8514756
vt 0.0035908967 0.8755714
vt 0.023391306 0.86621827
vt 0.031825826 0.9009845
vt 0.051901996 0.84811395
vt 0.035601124 0.8773382
vt 0.06724964 0.88045603
vt 0.051299363 0.8680179
vt 0.06724964 0.83364624
vt 0.83410895 0.5243389
vt 0.80137026 0.50484353
vt 0.8178992 0.50378186
vt 0.79650486 0.5267274
vt 0.83101445 0.5468337
vt 0.7935125 0.54776555
vt 0.8298884 0.5975726
vt 0.78781646 0.60421664
vt 0.83410895 0.6440125
vt 0.39967424 0.7198285
vt 0.4544041 0.71830034
vt 0.458784 0.7228618
vt 0.3961632 0.72506404
vt 0.39135814 0.67381424
vt 0.3850627 0.67323416
vt 0.4056491 0.6232424
vt 0.3850627 0.67323416
vt 0.4045291 0.6171316
vt 0.45415255 0.62887806
vt 0.458784 0.6245829
vt 0.8570896 0.33118534
vt 0.853292 0.37758183
vt 0.805721 0.38004827
vt 0.855002 0.4298532
vt 0.81893057 0.43400943
vt 0.8570896 0.45187008
vt 0.8203295 0.45602202
vt 0.8168042 0.08619112
vt 0.8585353 0.09710419
vt 0.81458235 0.090975225
vt 0.85971546 0.09238273
vt 0.81614614 0.061151862
vt 0.83823204 0.06438148
vt 0.88071537 0.044202745
vt 0.84902024 0.039645076
vt 0.81164 0.04142618
vt 0.88071537 0.0035908818
vt 0.82651424 0.019794881
vt 0.8490236 0.018829644
vt 0.5171503 0.82051647
vt 0.4813453 0.8457594
vt 0.4817239 0.84077823
vt 0.5167717 0.8254976
vt 0.46596587 0.8617559
vt 0.5138004 0.86488724
vt 0.477257 0.897666
vt 0.5170078 0.9155285
vt 0.47739935 0.90153426
vt 0.5171503 0.91939676
vt 0.7650161 0.6022377
vt 0.78063464 0.5507148
vt 0.76850593 0.6075331
vt 0.774314 0.551233
vt 0.7603991 0.5037818
vt 0.78063464 0.5507148
vt 0.7580721 0.5096151
vt 0.71225023 0.5133907
vt 0.7173278 0.5169923
vt 0.70804286 0.5624471
vt 0.714158 0.56151986
vt 0.7375692 0.53575635
vt 0.7314271 0.6075331
vt 0.72940487 0.55946827
vt 0.7354781 0.602793
vt 0.7468872 0.5797272
vt 0.58331835 0.7503954
vt 0.5573646 0.7813397
vt 0.5616728 0.7475054
vt 0.58072853 0.7830767
vt 0.56115615 0.82078826
vt 0.5834156 0.8216552
vt 0.63914895 0.8228703
vt 0.62485623 0.7775491
vt 0.63914895 0.73870707
vt 0.63550293 0.77571803
vt 0.18121368 0.48890293
vt 0.21732679 0.511098
vt 0.18422467 0.51114833
vt 0.21369043 0.48883057
vt 0.24837089 0.51114833
vt 0.17184314 0.4363345
vt 0.24491277 0.48835814
vt 0.22057676 0.43765748
vt 0.16543692 0.39028668
vt 0.25715363 0.4380722
vt 0.22216281 0.3942604
vt 0.21463732 0.35969973
vt 0.2610535 0.39240408
vt 0.45395947 0.827695
vt 0.45395935 0.88754606
vt 0.4380194 0.8647796
vt 0.43793356 0.8340144
vt 0.6399499 0.15887094
vt 0.6639936 0.1593051
vt 0.66376966 0.20826721
vt 0.6380595 0.20784783
vt 0.60008085 0.15645361
vt 0.5981904 0.20543051
vt 0.5964209 0.15588379
vt 0.59453046 0.20486069
vt 0.59592223 0.26895475
vt 0.59226227 0.2683847
vt 0.6318033 0.271425
vt 0.6380595 0.20784783
vt 0.6637654 0.27178907
vt 0.66376966 0.20826721
vt 0.15388441 0.34143507
vt 0.13719088 0.29912868
vt 0.15676397 0.33848217
vt 0.13236582 0.3001092
vt 0.1420719 0.2526194
vt 0.13791054 0.2512048
vt 0.15676397 0.2496007
vt 0.15623683 0.24613638
vt 0.26848227 0.5022949
vt 0.2682353 0.44770685
vt 0.2725825 0.4473378
vt 0.2725825 0.50220084
vt 0.13258642 0.39157224
vt 0.13236582 0.3489386
vt 0.136623 0.34861684
vt 0.136623 0.39206305
vt 0.9682834 0.20459403
vt 0.9369211 0.15782362
vt 0.96913815 0.15588382
vt 0.9364567 0.20324105
vt 0.96913815 0.24694556
vt 0.93612957 0.24210241
vt 0.27339602 0.8178745
vt 0.25026846 0.81036645
vt 0.25102305 0.77928746
vt 0.27323198 0.78331965
vt 0.25363564 0.7432999
vt 0.27339602 0.74358
vt 0.79281926 0.49586955
vt 0.77306867 0.4952157
vt 0.77068543 0.44181922
vt 0.79281926 0.44060883
vt 0.7839408 0.9419732
vt 0.8048837 0.95834315
vt 0.7837093 0.9575283
vt 0.8050933 0.93962204
vt 0.7822206 0.8975655
vt 0.8050933 0.89594537
vt 0.074915186 0.102396965
vt 0.10114207 0.1253457
vt 0.06776101 0.114443064
vt 0.123034455 0.09580636
vt 0.07572794 0.08862734
vt 0.12351669 0.08484101
vt 0.08974764 0.06219244
vt 0.11921973 0.17115974
vt 0.123892754 0.20398664
vt 0.11445071 0.20900369
vt 0.14720543 0.23895454
vt 0.14465515 0.2250011
vt 0.15825517 0.20827985
vt 0.1494521 0.2050426
vt 0.15127324 0.15762734
vt 0.14336945 0.16357946
vt 0.15316479 0.10672593
vt 0.15721737 0.07917166
vt 0.14242874 0.1664648
vt 0.15825516 0.05746603
vt 0.13520776 0.20000982
vt 0.14527304 0.21959567
vt 0.1479312 0.20147252
vt 0.13017283 0.058357
vt 0.13604142 0.03333974
vt 0.1577804 0.038068056
vt 0.09735094 0.028291225
vt 0.119699046 0.0055263042
vt 0.1439717 0.006142378
vt 0.08494651 0.0035908222
vt 0.07265173 0.027690172
vt 0.059588436 0.04100132
vt 0.053067673 0.07450175
vt 0.006695658 0.049681664
vt 0.0035908967 0.08760238
vt 0.94662285 0.5617759
vt 0.94870967 0.5998544
vt 0.9320824 0.573799
vt 0.9168074 0.5618864
vt 0.94870967 0.5111402
vt 0.9291147 0.50624776
vt 0.90801156 0.54981464
vt 0.9213651 0.5037818
vt 0.7242174 0.95919454
vt 0.70849776 0.93651474
vt 0.7190771 0.9285356
vt 0.6990218 0.925449
vt 0.7207501 0.908514
vt 0.69620085 0.90717745
vt 0.7044692 0.8879113
vt 0.7242174 0.89625025
vt 0.94115317 0.4312122
vt 0.9612496 0.40108764
vt 0.9620905 0.43138987
vt 0.92403954 0.4023583
vt 0.93834174 0.36892882
vt 0.9611213 0.36942425
vt 0.9329109 0.3438416
vt 0.9615215 0.3474392
vt 0.9620905 0.33118525
vt 0.9412807 0.33392832
vt 0.50199294 0.49350643
vt 0.49620235 0.46864653
vt 0.5165235 0.46347475
vt 0.52151644 0.48853636
vt 0.5245943 0.5056815
vt 0.5060712 0.5103979
vt 0.5412064 0.48453522
vt 0.5385933 0.45714378
vt 0.52246666 0.45158052
vt 0.5029868 0.33118534
vt 0.5271363 0.3545475
vt 0.5555006 0.39936686
vt 0.5493688 0.50450516
vt 0.52403903 0.5260029
vt 0.55354923 0.5234461
vt 0.5555006 0.5575361
vt 0.5103364 0.52721214
vt 0.53879637 0.56097984
vt 0.5202038 0.56468964
vt 0.7748492 0.18178034
vt 0.7901818 0.2618637
vt 0.75288206 0.26343346
vt 0.8095494 0.27973604
vt 0.8095494 0.15588379
vt 0.95777375 0.6910114
vt 0.94405586 0.7115825
vt 0.94247925 0.6919743
vt 0.96161354 0.71027505
vt 0.97594774 0.6692312
vt 0.94686925 0.75872266
vt 0.97594774 0.708876
vt 0.97094977 0.7623423
vt 0.5316329 0.57572937
vt 0.54651654 0.57187176
vt 0.5534186 0.59978604
vt 0.5264816 0.59978604
vt 0.9326009 0.070982456
vt 0.9414648 0.06557846
vt 0.9595531 0.1344924
vt 0.9531373 0.062239647
vt 0.9541677 0.026727676
vt 0.94874066 0.02326727
vt 0.95710456 0.0035910606
vt 0.9595531 0.008766174
vt 0.94424903 0.44121075
vt 0.9524194 0.4385717
vt 0.95305 0.44659472
vt 0.9485187 0.44649148
vt 0.92403954 0.44902873
vt 0.9300051 0.48642826
vt 0.9495128 0.4752004
vt 0.95305 0.479712
vt 0.95265186 0.49630117
vt 0.048285007 0.93385875
vt 0.048983097 0.9759091
vt 0.00804925 0.938074
vt 0.048983097 0.9095764
vt 0.0035908222 0.9081663
vt 0.68011326 0.78977066
vt 0.64967465 0.83044827
vt 0.6500124 0.78881323
vt 0.6677157 0.8308313
vt 0.6514734 0.88072956
vt 0.6724402 0.8764073
vt 0.6905435 0.8315932
vt 0.6978816 0.8485533
vt 0.6952838 0.81661916
vt 0.71535397 0.81731063
vt 0.72019196 0.78984886
vt 0.7131159 0.8472613
vt 0.720192 0.83222556
vt 0.20243919 0.9335112
vt 0.20440185 0.976521
vt 0.16792977 0.98274404
vt 0.16543698 0.96158826
vt 0.20440185 0.9185017
vt 0.896847 0.69239765
vt 0.9352975 0.6692312
vt 0.9352975 0.70389605
vt 0.9242768 0.712731
vt 0.91048145 0.7366661
vt 0.9261894 0.72928846
vt 0.9228194 0.77505696
vt 0.9345722 0.7406944
vt 0.2719676 0.6032965
vt 0.2719676 0.6355703
vt 0.2537331 0.6336739
vt 0.25328898 0.598825
vt 0.8692783 0.4435033
vt 0.90086114 0.4422145
vt 0.90086114 0.48476765
vt 0.8642713 0.48671693
vt 0.20442528 0.627825
vt 0.24610719 0.63450444
vt 0.2461049 0.6385798
vt 0.2039384 0.6318993
vt 0.37482703 0.64310265
vt 0.37482703 0.6779504
vt 0.3709516 0.6778147
vt 0.3710235 0.6462066
vt 0.64967465 0.65323997
vt 0.7008611 0.65155935
vt 0.7008611 0.6852181
vt 0.65650964 0.58699036
vt 0.7004962 0.5875342
vt 0.65693265 0.53470874
vt 0.699871 0.53741884
vt 0.65657413 0.5037818
vt 0.698981 0.50764966
vt 0.13910395 0.43423462
vt 0.08756086 0.43052828
vt 0.13946517 0.4004892
vt 0.13878432 0.49795735
vt 0.0947521 0.49773443
vt 0.13887888 0.54765785
vt 0.09611419 0.5509012
vt 0.13946515 0.5772419
vt 0.09735978 0.58228135
vt 0.1509014 0.4267732
vt 0.15407944 0.3621452
vt 0.15825513 0.35969985
vt 0.14705998 0.4282608
vt 0.15101954 0.48014283
vt 0.14749202 0.48067498
vt 0.15825513 0.5122572
vt 0.15477106 0.5121312
vt 0.80445844 0.13498294
vt 0.7581597 0.09922755
vt 0.7502371 0.058214664
vt 0.8010844 0.054580808
vt 0.8044584 0.0035909414
vt 0.2274748 0.35251796
vt 0.17616124 0.34243047
vt 0.16543695 0.26391268
vt 0.23452796 0.2632482
vt 0.27083007 0.33511603
vt 0.1810789 0.21353734
vt 0.27359304 0.2674681
vt 0.23294048 0.21201706
vt 0.27359304 0.21656299
vt 0.20598893 0.1786499
vt 0.23430227 0.1640507
vt 0.09113903 0.75951505
vt 0.14267355 0.71886134
vt 0.14203507 0.7862458
vt 0.08756088 0.800266
vt 0.14267355 0.8371451
vt 0.97293967 0.026211143
vt 0.9931676 0.06064287
vt 0.9880152 0.06429684
vt 0.9667349 0.024954855
vt 0.9931676 0.008684993
vt 0.9894204 0.0035908818
vt 0.5107719 0.9337797
vt 0.54536587 0.9460019
vt 0.54536587 0.9942728
vt 0.51315993 0.9756584
vt 0.85368717 0.77505696
vt 0.8133037 0.77505696
vt 0.8253847 0.69239986
vt 0.8574026 0.6943884
vt 0.8896653 0.7749101
vt 0.88286954 0.6969031
vt 0.4659658 0.72798294
vt 0.517087 0.8133347
vt 0.48724663 0.8122305
vt 0.5010464 0.7339375
vt 0.5491565 0.8075242
vt 0.5491565 0.7293641
vt 0.775039 0.9738856
vt 0.73262364 0.9738856
vt 0.7376374 0.8962749
vt 0.76901436 0.89594537
vt 0.68901944 0.9736046
vt 0.6496747 0.9736046
vt 0.65576255 0.8879113
vt 0.6859586 0.88965535
vt 0.8412908 0.51909566
vt 0.873898 0.6027899
vt 0.85728806 0.6034062
vt 0.86731774 0.5103679
vt 0.90082985 0.6052005
vt 0.90082985 0.5037818
vt 0.25054514 0.6886133
vt 0.2531308 0.7361182
vt 0.17935312 0.72935796
vt 0.17426538 0.70388544
vt 0.2531308 0.6457616
vt 0.16543698 0.67354155
vt 0.8812762 0.2507553
vt 0.8167313 0.2507553
vt 0.8227894 0.15688777
vt 0.84422904 0.15588391
vt 0.22917295 0.91131985
vt 0.16543698 0.91131985
vt 0.1975013 0.8362372
vt 0.21366143 0.8394234
vt 0.61001325 0.49380994
vt 0.5656186 0.4965999
vt 0.5644121 0.44745517
vt 0.6088067 0.44466507
vt 0.63547707 0.49291813
vt 0.5626824 0.38376498
vt 0.635937 0.44376886
vt 0.6028611 0.3810029
vt 0.63624287 0.33118534
vt 0.63624287 0.38009012
vt 0.2720832 0.44015598
vt 0.26915303 0.43725324
vt 0.2682353 0.36062062
vt 0.27208316 0.35969976
vt 0.6318033 0.271425
vt 0.6637654 0.27178907
vt 0.6639936 0.3206427
vt 0.59592223 0.26895475
vt 0.98053515 0.85330194
vt 0.94766796 0.8528689
vt 0.9467691 0.80839574
vt 0.98053515 0.8051287
vt 0.9469887 0.7822388
vt 0.9804331 0.7838319
vt 0.93612957 0.24210241
vt 0.96913815 0.24694556
vt 0.96880007 0.2500948
vt 0.93579125 0.24525163
vt 0.9322405 0.91849744
vt 0.93728375 0.9553209
vt 0.90136766 0.95665103
vt 0.89563155 0.9238234
vt 0.93728375 0.87415
vt 0.8899939 0.87394136
vt 0.09948516 0.928827
vt 0.13874912 0.88994503
vt 0.14305496 0.9237259
vt 0.08756089 0.891435
vt 0.14305472 0.84432673
vt 0.09042287 0.8481854
vt 0.68381155 0.4883995
vt 0.64342463 0.4883995
vt 0.65332067 0.445714
vt 0.676882 0.44888616
vt 0.71500033 0.32039118
vt 0.6711754 0.32039118
vt 0.67258173 0.27136922
vt 0.70268065 0.26905704
vt 0.30468988 0.1819148
vt 0.30646068 0.16877317
vt 0.3276026 0.16752625
vt 0.32889593 0.18048716
vt 0.30394006 0.18915462
vt 0.35792825 0.16672945
vt 0.32831377 0.18870497
vt 0.28995657 0.24561167
vt 0.36361668 0.17957544
vt 0.37742564 0.16405058
vt 0.38685054 0.17822552
vt 0.3640315 0.1877451
vt 0.38732684 0.18608999
vt 0.3323524 0.2506051
vt 0.28077483 0.2843294
vt 0.36209506 0.25262403
vt 0.33483955 0.3024006
vt 0.38732684 0.34493446
vt 0.78537273 0.68139786
vt 0.7722559 0.68269795
vt 0.77404785 0.65449554
vt 0.78537416 0.6542191
vt 0.79305744 0.68249565
vt 0.79305744 0.654461
vt 0.3712465 0.5029576
vt 0.37069342 0.5178547
vt 0.35005856 0.5191591
vt 0.33948568 0.5049908
vt 0.37121183 0.48938537
vt 0.33492494 0.4917221
vt 0.32616922 0.50762534
vt 0.371341 0.4809649
vt 0.3196785 0.49473834
vt 0.33525154 0.48279548
vt 0.3716832 0.42539954
vt 0.32032245 0.4874103
vt 0.33489206 0.42613602
vt 0.3716832 0.35211635
vt 0.30911386 0.43016148
vt 0.2988882 0.3676157
vt 0.28077486 0.39222312
vt 0.9114106 0.86469156
vt 0.93923146 0.845301
vt 0.9395875 0.86675954
vt 0.923751 0.8439753
vt 0.9003609 0.8476821
vt 0.939075 0.82510066
vt 0.91382647 0.83311385
vt 0.889994 0.81926835
vt 0.9330472 0.8246348
vt 0.9072038 0.81496215
vt 0.8962189 0.79652816
vt 0.93141645 0.8061103
vt 0.9392002 0.8048797
vt 0.9395875 0.78780866
vt 0.91911453 0.7913064
vt 0.9295566 0.8208146
vt 0.91118044 0.800435
vt 0.9086385 0.7822387
vt 0.92862594 0.809321
vt 0.92722726 0.8144304
vt 0.6521416 0.0035908222
vt 0.6320362 0.0659709
vt 0.61840594 0.009925604
vt 0.6632 0.059240103
vt 0.6076505 0.13129807
vt 0.6775049 0.13129807
vt 0.9168578 0.33703783
vt 0.9168578 0.4350327
vt 0.8821239 0.42630255
vt 0.888931 0.33886752
vt 0.9168538 0.33118522
vt 0.8892179 0.33329472
vt 0.873864 0.35630244
vt 0.87230146 0.35286984
vt 0.86987156 0.4099686
vt 0.8642714 0.38644618
vt 0.29970893 0.08292508
vt 0.29970893 0.14467931
vt 0.2563945 0.118979216
vt 0.26967704 0.077040195
vt 0.2956858 0.024419785
vt 0.20721209 0.12686563
vt 0.27763638 0.019151688
vt 0.23044713 0.072068214
vt 0.25416768 0.013038635
vt 0.21148743 0.06658459
vt 0.22810993 0.0044579506
vt 0.20394404 0.06636906
vt 0.22450808 0.0035910606
vt 0.16543695 0.14993691
vt 0.17153837 0.1568687
vt 0.07375753 0.40048915
vt 0.08037907 0.4077028
vt 0.026517093 0.43764985
vt 0.018605053 0.43617916
vt 0.013534784 0.48469728
vt 0.0035908818 0.49089283
vt 0.014782727 0.53186953
vt 0.009079576 0.54138684
vt 0.08037913 0.5598736
vt 0.07766092 0.5702362
vt 0.07452445 0.6825284
vt 0.07448837 0.65524566
vt 0.07790111 0.6541785
vt 0.07790111 0.6826339
vt 0.38508302 0.6099498
vt 0.44748813 0.5767023
vt 0.46596938 0.6099498
vt 0.38506263 0.57405007
vt 0.45319068 0.5477618
vt 0.39553702 0.5353058
vt 0.4690752 0.5053737
vt 0.46897984 0.533368
vt 0.3358183 0.6716925
vt 0.35997486 0.65264976
vt 0.35997486 0.67302924
vt 0.32553816 0.6523079
vt 0.28077483 0.65377444
vt 0.3054304 0.704812
vt 0.33735704 0.74828714
vt 0.5932429 0.51987517
vt 0.56387496 0.55950046
vt 0.5626824 0.5314473
vt 0.61258125 0.5790996
vt 0.60998654 0.63099545
vt 0.6424928 0.5720642
vt 0.6424928 0.5037818
vt 0.38345075 0.88093257
vt 0.43075156 0.9277146
vt 0.3804078 0.92071855
vt 0.43075156 0.8872203
vt 0.384125 0.8469686
vt 0.4295044 0.827695
vt 0.8890965 0.63154894
vt 0.84179187 0.61238223
vt 0.8894329 0.61290884
vt 0.8412907 0.62927574
vt 0.8894329 0.68476874
vt 0.8435731 0.67650867
vt 0.55786705 0.91083676
vt 0.60803556 0.90852535
vt 0.6083722 0.9672241
vt 0.55736446 0.9672241
vt 0.4564721 0.12387931
vt 0.5108934 0.13723898
vt 0.51092285 0.14236271
vt 0.45311695 0.12822966
vt 0.4305808 0.092016965
vt 0.42473108 0.09309664
vt 0.44506925 0.031902194
vt 0.4407007 0.028522551
vt 0.49423373 0.01075986
vt 0.4924073 0.005897671
vt 0.5108858 0.008826882
vt 0.51092285 0.0035908818
vt 0.7802902 0.28691816
vt 0.7934438 0.28807372
vt 0.7934438 0.30341774
vt 0.78029025 0.3022622
vt 0.2702061 0.5915227
vt 0.25650454 0.59164333
vt 0.25415063 0.5757196
vt 0.2678523 0.5755992
vt 0.2532891 0.5544238
vt 0.26699078 0.55430317
vt 0.25415063 0.5334618
vt 0.2678523 0.5333414
vt 0.25650454 0.51845074
vt 0.2702061 0.5183301
vt 0.8128426 0.49586946
vt 0.8000012 0.4937761
vt 0.8000012 0.4791
vt 0.8128426 0.48119336
vt 0.7184364 0.44626585
vt 0.7184364 0.45905408
vt 0.7150507 0.45850223
vt 0.7150507 0.445714
vt 0.97057956 0.5086336
vt 0.98526764 0.5037818
vt 0.98526764 0.50884056
vt 0.972469 0.51306844
vt 0.9598271 0.5227232
vt 0.9630997 0.52534556
vt 0.9558915 0.54227495
vt 0.95967036 0.54238224
vt 0.9598271 0.5620506
vt 0.9630997 0.5596137
vt 0.97057956 0.57675076
vt 0.972469 0.5724232
vt 0.98526764 0.58243656
vt 0.98526764 0.5773778
vt 0.62835264 0.9127531
vt 0.6411513 0.9085252
vt 0.64152354 0.9176402
vt 0.63279 0.9205251
vt 0.6189834 0.92503047
vt 0.6263966 0.92890286
vt 0.615554 0.9420669
vt 0.62405646 0.9405284
vt 0.6189834 0.9592986
vt 0.62639666 0.9522867
vt 0.62835264 0.9721079
vt 0.63279 0.9610276
vt 0.64152354 0.9644084
vt 0.6411513 0.97706246
vt 0.5499507 0.62033796
vt 0.54995066 0.6069677
vt 0.5534186 0.6072726
vt 0.5534186 0.62064284
vt 0.37961566 0.44412756
vt 0.38166666 0.4310472
vt 0.38527846 0.43101716
vt 0.38322735 0.44409752
vt 0.378865 0.46239257
vt 0.3824767 0.46236277
vt 0.37961566 0.48094893
vt 0.38322747 0.48091912
vt 0.38166678 0.4948244
vt 0.38527846 0.4947946
vt 0.3337403 0.7594608
vt 0.33537954 0.75546885
vt 0.29261655 0.7583736
vt 0.2952081 0.7618624
vt 0.35617357 0.7919947
vt 0.28077483 0.80321765
vt 0.36024177 0.79081744
vt 0.2848209 0.8022331
vt 0.3534627 0.8342751
vt 0.31452513 0.83761126
vt 0.3562783 0.83761126
vt 0.31608164 0.83365023
vt 0.7413262 0.62128747
vt 0.74271667 0.61471486
vt 0.7121416 0.6221134
vt 0.7172541 0.6263182
vt 0.759189 0.6345257
vt 0.7080429 0.6549523
vt 0.76507413 0.6312589
vt 0.71417105 0.65231794
vt 0.75914603 0.66529775
vt 0.7371781 0.682698
vt 0.76507413 0.66844803
vt 0.73782283 0.676026
vt 0.010306053 0.74437046
vt 0.004137993 0.7417091
vt 0.0035908967 0.7818487
vt 0.009523861 0.778823
vt 0.037001885 0.72040755
vt 0.03705328 0.8105925
vt 0.036266766 0.71373636
vt 0.037710555 0.804013
vt 0.071255155 0.74307644
vt 0.07716753 0.7961991
vt 0.07716753 0.7398335
vt 0.071646534 0.79243064
vt 0.6385867 0.7146487
vt 0.64249283 0.7177522
vt 0.64249283 0.6545625
vt 0.63852215 0.6579814
vt 0.594705 0.7264869
vt 0.61254454 0.6381773
vt 0.59313965 0.7315253
vt 0.6117727 0.643548
vt 0.5627658 0.7024747
vt 0.580031 0.6403681
vt 0.5573645 0.70382464
vt 0.5833668 0.64483964
vt 0.970737 0.6451116
vt 0.9934981 0.6320386
vt 0.9884732 0.63017535
vt 0.9706539 0.6502819
vt 0.9934981 0.5974857
vt 0.96279234 0.6374701
vt 0.9893251 0.6011466
vt 0.9580634 0.6397106
vt 0.9729637 0.5896183
vt 0.9608004 0.6133838
vt 0.97411305 0.595043
vt 0.95589143 0.6113403
vt 0.73616856 0.87671566
vt 0.73262364 0.8792655
vt 0.75566655 0.88876355
vt 0.75595737 0.8844393
vt 0.7373252 0.83132076
vt 0.8061218 0.8738911
vt 0.7338924 0.82873034
vt 0.80268127 0.87140703
vt 0.7771026 0.8138574
vt 0.8061218 0.8196977
vt 0.7771646 0.80949587
vt 0.8028484 0.8225608
vt 0.3337403 0.7594608
vt 0.29261655 0.7583736
vt 0.33537954 0.75546885
vt 0.2952081 0.7618624
vt 0.35617357 0.7919947
vt 0.28077483 0.80321765
vt 0.36024177 0.79081744
vt 0.2848209 0.8022331
vt 0.3534627 0.8342751
vt 0.31452513 0.83761126
vt 0.3562783 0.83761126
vt 0.31608164 0.83365023
vt 0.7413262 0.62128747
vt 0.7121416 0.6221134
vt 0.74271667 0.61471486
vt 0.7172541 0.6263182
vt 0.759189 0.6345257
vt 0.7080429 0.6549523
vt 0.76507413 0.6312589
vt 0.71417105 0.65231794
vt 0.75914603 0.66529775
vt 0.7371781 0.682698
vt 0.76507413 0.66844803
vt 0.73782283 0.676026
vt 0.010306053 0.74437046
vt 0.0035908967 0.7818487
vt 0.004137993 0.7417091
vt 0.009523861 0.778823
vt 0.037001885 0.72040755
vt 0.03705328 0.8105925
vt 0.036266766 0.71373636
vt 0.037710555 0.804013
vt 0.071255155 0.74307644
vt 0.07716753 0.7961991
vt 0.07716753 0.7398335
vt 0.071646534 0.79243064
vt 0.6385867 0.7146487
vt 0.64249283 0.6545625
vt 0.64249283 0.7177522
vt 0.63852215 0.6579814
vt 0.594705 0.7264869
vt 0.61254454 0.6381773
vt 0.59313965 0.7315253
vt 0.6117727 0.643548
vt 0.5627658 0.7024747
vt 0.580031 0.6403681
vt 0.5573645 0.70382464
vt 0.5833668 0.64483964
vt 0.970737 0.6451116
vt 0.9884732 0.63017535
vt 0.9934981 0.6320386
vt 0.9706539 0.6502819
vt 0.9934981 0.5974857
vt 0.96279234 0.6374701
vt 0.9893251 0.6011466
vt 0.9580634 0.6397106
vt 0.9729637 0.5896183
vt 0.9608004 0.6133838
vt 0.97411305 0.595043
vt 0.95589143 0.6113403
vt 0.7771026 0.8138574
vt 0.7373252 0.83132076
vt 0.7338924 0.82873034
vt 0.7771646 0.80949587
vt 0.73262364 0.8792655
vt 0.8028484 0.8225608
vt 0.73616856 0.87671566
vt 0.8061218 0.8196977
vt 0.75566655 0.88876355
vt 0.80268127 0.87140703
vt 0.75595737 0.8844393
vt 0.8061218 0.8738911
vn -0.7094872 -0.490269 -0.50622535
vn -0.55978316 0.4506116 -0.69540775
vn -0.4907318 0.83609176 -0.24521993
vn -0.59463584 -0.47920376 0.64557886
vn -0.5583037 -0.7965931 -0.23181093
vn -0.63576514 -0.11423385 -0.76338273
vn -0.82433516 0.5048609 -0.25604874
vn -0.9763894 -0.19940488 -0.08305138
vn -0.6307751 0.7706835 -0.09012334
vn 0.70678765 -0.08735189 -0.70201176
vn 0.48984703 0.81762266 0.30256042
vn 0.55652374 0.77890325 -0.28912097
vn 0.59762454 -0.7688936 0.22726089
vn 0.63194597 0.36759484 -0.6822889
vn 0.5568376 -0.49741936 -0.6652109
vn 0.8224686 0.50160086 -0.26817447
vn 0.63242614 0.7681829 -0.09942457
vn 0.97426236 -0.20327291 -0.09741441
vn 0.5438928 0.34751445 -0.763568
vn -0.0065999967 0.30925032 -0.95059
vn -0.0066067036 0.30854696 -0.95080507
vn 0.48727033 0.8525897 -0.1878017
vn 0.8030239 0.34955767 -0.48253176
vn 0.8093223 0.46627694 0.35701382
vn -0.057284035 -0.20971695 -0.97535974
vn -0.0073092645 -0.19824289 -0.9793829
vn -0.007305131 -0.19981968 -0.9790972
vn -0.05434065 -0.20750123 -0.97596824
vn -0.1386234 -0.11335224 -0.9829459
vn -0.14318636 -0.09814402 -0.9838981
vn -0.12581258 0.10021493 -0.98609066
vn -0.12340051 0.107732266 -0.9855775
vn -0.046459567 0.18821579 -0.9803223
vn -0.04601543 0.18912476 -0.9801431
vn -0.00725554 0.17096718 -0.9847164
vn -0.0072478396 0.17224221 -0.9844571
vn 0.6169376 0.67937243 -0.39604026
vn 0.15247938 0.8464301 -0.5084545
vn 0.6275024 0.48170376 -0.61082214
vn 0.13907923 0.9329174 -0.3298079
vn -0.0024255808 0.9157731 -0.3993878
vn -0.0011556653 0.960657 -0.27482867
vn 0.65195143 0.7472686 -0.12617956
vn 0.08053536 0.99629676 0.011086233
vn 0.0013710888 0.99935716 0.02124666
vn 0.31059116 0.94295406 0.11777012
vn 0.002946019 0.9719765 0.23351297
vn 0.63336426 0.64338636 0.429737
vn 0.82718444 0.40330574 0.39121345
vn 0.85257626 0.5003382 -0.1509151
vn 0.764363 -0.06475794 -0.6412573
vn 0.7465647 0.4765334 -0.46386343
vn 0.06678078 0.14868215 -0.98628336
vn 0.066377975 0.14844228 -0.9863594
vn -0.0072984053 0.15856938 -0.9869699
vn -0.0073003946 0.15823103 -0.9870363
vn 0.6169376 0.67937243 -0.39604026
vn 0.89091086 0.12940599 -0.435094
vn 0.65195143 0.7472686 -0.12617956
vn 0.913448 0.03550622 -0.40508175
vn 0.6275024 0.48170376 -0.61082214
vn 0.832785 -0.4702057 -0.29171345
vn 0.8896837 -0.3572075 -0.2837226
vn 0.78458625 -0.53720194 -0.30870292
vn 0.5536786 -0.80788803 -0.19888905
vn 0.37374195 -0.8939976 -0.2447436
vn 0.9277219 0.22815804 -0.29538292
vn 0.8093223 0.46627694 0.35701382
vn 0.8030239 0.34955767 -0.48253176
vn 0.93004256 0.22294709 -0.29204646
vn 0.9018599 -0.025591195 -0.43121493
vn 0.85056853 -0.46967956 0.23633857
vn 0.62843657 -0.21851298 -0.746301
vn 0.55914986 -0.7339488 -0.38506192
vn -0.0666269 -0.15696765 0.9847771
vn -0.081695996 -0.15553893 0.9837396
vn -0.08169985 -0.15623608 0.9836135
vn -0.0664225 -0.156512 0.9848786
vn 0.0072627664 -0.16325241 0.98599714
vn 0.0072657047 -0.16274868 0.98609483
vn 0.007338826 -0.099617 0.99443144
vn 0.0073406105 -0.09920567 0.99448407
vn -0.049047686 -0.10724646 0.99243915
vn -0.06765315 -0.09045187 0.9928836
vn -0.06849377 -0.099275835 0.9919434
vn -0.050356746 -0.07104361 0.9954171
vn -0.05049417 -0.07232338 0.99529606
vn 0.426778 -0.7016304 0.56970733
vn -0.035955418 -0.1734761 0.98354477
vn -0.0070463326 -0.6437447 0.7645221
vn 0.007100563 -0.26743808 0.96314937
vn 0.007104733 -0.26713046 0.9632549
vn 0.003505237 -0.7572111 0.65297925
vn 0.0035290143 -0.75658035 0.6537084
vn -0.3059499 -0.7308295 0.6099742
vn -0.32116503 -0.7285594 0.604849
vn -0.69171315 -0.5442238 0.4745869
vn -0.74743366 -0.4929203 0.44527736
vn 0.39419505 -0.88561475 0.24450046
vn 0.7018551 -0.60691804 0.37269422
vn 0.832785 -0.4702057 -0.29171345
vn 0.40846655 -0.9122887 -0.015375555
vn 0.0014076157 -0.9399237 0.34012768
vn 0.78458625 -0.53720194 -0.30870292
vn -0.0006622906 -0.9973453 0.06645919
vn 0.37374195 -0.8939976 -0.2447436
vn -0.0025097271 -0.97439367 -0.22124024
vn -0.0021996703 -0.9700348 -0.23946434
vn 0.5536786 -0.80788803 -0.19888905
vn -0.0074289157 -0.22664374 -0.9735107
vn -0.007432568 -0.22585116 -0.97371227
vn 0.55914986 -0.7339488 -0.38506192
vn 0.62843657 -0.21851298 -0.746301
vn -0.9103014 0.010624215 0.4137672
vn -0.6321622 0.46272025 0.62139606
vn -0.6550335 0.44833654 0.6081126
vn -0.9124721 -0.013247509 0.40888262
vn -0.74743366 -0.4929203 0.44527736
vn -0.69171315 -0.5442238 0.4745869
vn 0.89091086 0.12940599 -0.435094
vn 0.85257626 0.5003382 -0.1509151
vn 0.65195143 0.7472686 -0.12617956
vn 0.83118695 0.25639343 -0.4933462
vn 0.832785 -0.4702057 -0.29171345
vn 0.9746223 -0.16779602 -0.14817518
vn 0.9001649 0.06843603 0.43009752
vn 0.82718444 0.40330574 0.39121345
vn 0.85257626 0.5003382 -0.1509151
vn 0.83118695 0.25639343 -0.4933462
vn 0.9136411 -0.25736493 0.31463188
vn 0.6764891 0.007141009 0.7363403
vn 0.9746223 -0.16779602 -0.14817518
vn 0.7018551 -0.60691804 0.37269422
vn 0.832785 -0.4702057 -0.29171345
vn 0.63336426 0.64338636 0.429737
vn 0.82718444 0.40330574 0.39121345
vn 0.9001649 0.06843603 0.43009752
vn 0.6764891 0.007141009 0.7363403
vn 0.9343277 0.34900674 -0.07177044
vn 0.91268986 -0.407649 -0.01652266
vn 0.9135871 0.4006054 -0.06631404
vn 0.9196123 -0.39231932 0.014286026
vn 0.9085727 0.33934784 -0.24359466
vn 0.9497952 -0.17051229 -0.2623246
vn 0.3841518 -0.9211588 -0.062394932
vn 0.43392655 -0.895531 0.09598164
vn 0.7772483 0.07058327 -0.62522215
vn 0.6573009 0.378442 -0.65171844
vn 0.515305 0.854134 -0.07010996
vn 0.16847603 0.9240192 -0.3432254
vn 0.91268986 -0.407649 -0.01652266
vn 0.9196123 -0.39231932 0.014286026
vn 0.43392655 -0.895531 0.09598164
vn 0.08581539 -0.91825455 0.38241616
vn -0.08248243 -0.96914434 0.22991905
vn -0.28956103 -0.91867465 -0.26803026
vn 0.6039387 0.13792323 -0.7848659
vn -0.72917175 -0.68350995 0.033499137
vn 0.3841518 -0.9211588 -0.062394932
vn -0.46758136 -0.8836422 -0.023313768
vn -0.7465006 -0.61611 0.25128663
vn -0.16845879 -0.41040266 -0.8962089
vn -0.86505634 -0.5013003 -0.019368961
vn 0.074260294 -0.9788962 -0.1889513
vn -0.7117844 -0.426646 0.55723256
vn -0.40323496 -0.8537592 0.32862145
vn -0.2173991 -0.80746555 -0.5481079
vn -0.95109427 -0.30752152 0.028663922
vn -0.7117844 -0.426646 0.55723256
vn -0.8821348 -0.084264226 0.46296492
vn 0.08581539 -0.91825455 0.38241616
vn -0.08248243 -0.96914434 0.22991905
vn -0.8821348 -0.084264226 0.46296492
vn -0.7117844 -0.426646 0.55723256
vn -0.8392185 0.35659817 0.4104007
vn -0.99545276 0.051966213 0.07979042
vn -0.5267341 0.83664775 0.14716747
vn -0.4634922 0.83533126 0.29165444
vn -0.9723694 -0.22335552 0.0678958
vn -0.9793931 -0.19252628 0.060755998
vn -0.7726008 -0.51086307 0.37697038
vn -0.28956103 -0.91867465 -0.26803026
vn -0.7902801 -0.32885152 0.5170239
vn -0.72917175 -0.68350995 0.033499137
vn -0.7465006 -0.61611 0.25128663
vn 0.117142655 0.50573593 -0.8542484
vn 0.24834436 0.6140398 -0.7489301
vn 0.36243597 0.6955236 -0.6201296
vn 0.37041113 0.75997305 -0.5337149
vn 0.6039387 0.13792323 -0.7848659
vn -0.86505634 -0.5013003 -0.019368961
vn -0.7902801 -0.32885152 0.5170239
vn -0.7465006 -0.61611 0.25128663
vn -0.61217576 -0.39939752 0.6824384
vn -0.5368205 -0.57015854 0.6218865
vn -0.7726008 -0.51086307 0.37697038
vn -0.6007726 0.6182409 -0.50657356
vn -0.95109427 -0.30752152 0.028663922
vn -0.2173991 -0.80746555 -0.5481079
vn 0.14041832 0.12212799 -0.98236865
vn -0.6007726 0.6182409 -0.50657356
vn 0.14041832 0.12212799 -0.98236865
vn 0.6039387 0.13792323 -0.7848659
vn 0.37041113 0.75997305 -0.5337149
vn -0.95109427 -0.30752152 0.028663922
vn -0.6007726 0.6182409 -0.50657356
vn -0.75104564 0.489827 0.44249344
vn -0.7371437 0.5044321 0.4493168
vn 0.14041832 0.12212799 -0.98236865
vn -0.2173991 -0.80746555 -0.5481079
vn 0.074260294 -0.9788962 -0.1889513
vn 0.6039387 0.13792323 -0.7848659
vn -0.8392185 0.35659817 0.4104007
vn -0.7117844 -0.426646 0.55723256
vn -0.7371437 0.5044321 0.4493168
vn -0.75104564 0.489827 0.44249344
vn -0.7414632 0.072928645 -0.66701794
vn -0.86505634 -0.5013003 -0.019368961
vn -0.16845879 -0.41040266 -0.8962089
vn -0.16476402 0.35755533 -0.91924214
vn -0.35804656 0.6315029 -0.6877542
vn -0.6429747 0.64527464 -0.412557
vn -0.16476402 0.35755533 -0.91924214
vn -0.16845879 -0.41040266 -0.8962089
vn 0.7772483 0.07058327 -0.62522215
vn 0.6573009 0.378442 -0.65171844
vn 0.16847603 0.9240192 -0.3432254
vn -0.35804656 0.6315029 -0.6877542
vn -0.6429747 0.64527464 -0.412557
vn -0.35804656 0.6315029 -0.6877542
vn 0.16847603 0.9240192 -0.3432254
vn -0.22003429 0.9742851 -0.04850371
vn 0.515305 0.854134 -0.07010996
vn 0.08060948 0.9929474 0.08693013
vn -0.5267341 0.83664775 0.14716747
vn 0.5113708 0.8588125 0.015789762
vn 0.9085727 0.33934784 -0.24359466
vn -0.4634922 0.83533126 0.29165444
vn 0.9343277 0.34900674 -0.07177044
vn 0.49907318 0.8642426 0.040709034
vn 0.9135871 0.4006054 -0.06631404
vn -0.8959332 0.01709935 -0.44385937
vn -0.47459006 0.8796253 -0.030716091
vn -0.56203324 0.80764484 0.17840414
vn -0.9502661 -0.09844287 -0.29547095
vn -0.50927854 0.23365593 0.8282752
vn -0.93958676 -0.31051248 0.14407814
vn -0.3061831 -0.9154154 0.2612783
vn -0.33565974 -0.85164917 -0.4025243
vn -0.3482157 -0.8394263 -0.41709143
vn 0.86275744 -0.17198062 0.47547013
vn 0.34654126 -0.92197704 0.1728217
vn 0.53702396 -0.3584348 0.763629
vn 0.5365594 -0.8377659 -0.101252496
vn 0.663798 -0.7423439 -0.09109011
vn 0.9241389 -0.024311528 0.38128215
vn -0.50927854 0.23365593 0.8282752
vn 0.30297193 0.44103885 0.8448029
vn 0.53702396 -0.3584348 0.763629
vn -0.17441082 -0.500873 0.84776556
vn -0.93958676 -0.31051248 0.14407814
vn 0.34654126 -0.92197704 0.1728217
vn -0.3061831 -0.9154154 0.2612783
vn -0.56203324 0.80764484 0.17840414
vn -0.47459006 0.8796253 -0.030716091
vn 0.41602924 0.76014996 0.4990903
vn 0.37546948 0.7201935 0.58338964
vn 0.9241389 -0.024311528 0.38128215
vn 0.86275744 -0.17198062 0.47547013
vn 0.53702396 -0.3584348 0.763629
vn 0.30297193 0.44103885 0.8448029
vn -0.50927854 0.23365593 0.8282752
vn 0.5365594 -0.8377659 -0.101252496
vn 0.663798 -0.7423439 -0.09109011
vn -0.3482157 -0.8394263 -0.41709143
vn -0.33565974 -0.85164917 -0.4025243
vn 0.34654126 -0.92197704 0.1728217
vn -0.3061831 -0.9154154 0.2612783
vn 0.9960529 0.08852409 0.0061710663
vn 0.7125772 -0.6920777 -0.113057405
vn 0.6127196 -0.6305078 -0.4759378
vn 0.9627033 0.05445178 0.26493943
vn 0.329193 0.94108796 0.07308245
vn 0.43080717 0.8422673 0.32262343
vn 0.70310575 -0.59622097 0.3867569
vn 0.8239515 0.18499404 0.5353457
vn 0.6127196 -0.6305078 -0.4759378
vn -0.22393115 -0.94328624 -0.24138233
vn -0.23163287 -0.6135328 -0.75422573
vn 0.7125772 -0.6920777 -0.113057405
vn -0.3665719 -0.91437614 0.17025957
vn 0.70310575 -0.59622097 0.3867569
vn -0.56087464 0.8050854 0.19026394
vn -0.64440095 0.64903057 0.4037847
vn 0.32373914 0.7854026 0.52690613
vn 0.43080717 0.8422673 0.32262343
vn -0.41516864 0.90630335 -0.07371113
vn 0.329193 0.94108796 0.07308245
vn 0.8239515 0.18499404 0.5353457
vn 0.9627033 0.05445178 0.26493943
vn -0.22393115 -0.94328624 -0.24138233
vn -0.3665719 -0.91437614 0.17025957
vn -0.9384005 -0.21267872 0.27213806
vn -0.99283713 -0.043868486 -0.11101345
vn -0.23163287 -0.6135328 -0.75422573
vn -0.64440095 0.64903057 0.4037847
vn -0.8688159 0.20489012 -0.4505773
vn -0.56087464 0.8050854 0.19026394
vn -0.41516864 0.90630335 -0.07371113
vn -0.97709554 0.024739519 0.21130843
vn -0.46643648 -0.73282427 0.49486244
vn -0.27095988 -0.29743263 0.91524446
vn -0.9829578 -0.058849607 0.17408982
vn -0.42249408 -0.83854926 0.34382722
vn -0.9852841 -0.13633086 0.10308565
vn -0.53977334 0.8388543 -0.06873867
vn -0.6460519 0.73501444 -0.20584156
vn -0.6966111 0.7066721 -0.12155621
vn -0.55382633 0.3187745 -0.76869106
vn -0.6460121 -0.23713715 -0.7254911
vn -0.7261812 -0.21238917 -0.6538737
vn -0.830448 0.18309818 0.526149
vn -0.75684047 0.027452663 0.65302366
vn -0.95386094 -0.25717342 0.15495707
vn -0.46817857 -0.76125205 0.44866833
vn -0.3599034 -0.32690644 0.8738425
vn 0.49092802 0.8434159 -0.21634227
vn -0.55382633 0.3187745 -0.76869106
vn 0.61224383 0.7238548 -0.31702697
vn -0.6966111 0.7066721 -0.12155621
vn -0.53977334 0.8388543 -0.06873867
vn 0.5586902 0.8189907 -0.13009381
vn -0.6460519 0.73501444 -0.20584156
vn 0.5004058 0.8368393 -0.22202155
vn -0.27095988 -0.29743263 0.91524446
vn 0.5570217 -0.6745422 0.4840035
vn 0.5913579 -0.13670745 0.79451716
vn -0.46643648 -0.73282427 0.49486244
vn 0.4730231 -0.82704955 0.30349937
vn -0.42249408 -0.83854926 0.34382722
vn -0.27095988 -0.29743263 0.91524446
vn 0.5913579 -0.13670745 0.79451716
vn 0.25808063 0.2888195 0.9219418
vn -0.07985248 0.22381945 0.97135377
vn -0.97709554 0.024739519 0.21130843
vn -0.830448 0.18309818 0.526149
vn -0.75684047 0.027452663 0.65302366
vn -0.055002294 0.4025544 0.9137423
vn -0.3599034 -0.32690644 0.8738425
vn 0.26493695 -0.34188905 0.9016197
vn 0.11834206 0.4390119 0.89065355
vn 0.91294086 0.20413129 0.35335574
vn 0.74004555 -0.09556259 0.6657321
vn 0.5913579 -0.13670745 0.79451716
vn 0.91294086 0.20413129 0.35335574
vn 0.25808063 0.2888195 0.9219418
vn 0.9675285 0.22522609 0.114592955
vn 0.9882583 0.09585859 0.118912674
vn 0.5570217 -0.6745422 0.4840035
vn 0.99951404 0.029410867 0.0103327
vn 0.4730231 -0.82704955 0.30349937
vn 0.5004058 0.8368393 -0.22202155
vn 0.5586902 0.8189907 -0.13009381
vn 0.49092802 0.8434159 -0.21634227
vn 0.61224383 0.7238548 -0.31702697
vn 0.95804614 0.25527757 -0.13023032
vn 0.9958774 0.06050639 -0.06758348
vn 0.74004555 -0.09556259 0.6657321
vn 0.8547975 -0.4803066 0.19653788
vn 0.26493695 -0.34188905 0.9016197
vn 0.74004555 -0.09556259 0.6657321
vn 0.8547975 -0.4803066 0.19653788
vn 0.28456685 -0.8491222 0.44498527
vn -0.3599034 -0.32690644 0.8738425
vn -0.46817857 -0.76125205 0.44866833
vn 0.34657818 0.9250648 0.14733472
vn 0.4010575 0.90829444 -0.109282315
vn 0.9944582 0.092569225 0.049549818
vn 0.92917746 0.12780538 0.34626216
vn 0.19197135 0.7291825 0.6558598
vn 0.5278736 0.34631604 0.77484787
vn 0.40267503 -0.69585973 0.5930537
vn 0.20493098 -0.09214136 0.9736109
vn 0.4781242 -0.84370977 0.24090156
vn 0.59352505 -0.791191 0.14614119
vn 0.9678734 0.21283855 -0.13371444
vn 0.58280134 -0.8045621 0.11411615
vn 0.97599155 0.11571427 -0.18452938
vn 0.4010575 0.90829444 -0.109282315
vn 0.9678734 0.21283855 -0.13371444
vn 0.9944582 0.092569225 0.049549818
vn 0.191079 0.93661976 -0.29192102
vn 0.97599155 0.11571427 -0.18452938
vn 0.28374484 0.8219824 -0.49351335
vn -0.77569443 0.5829135 -0.24116153
vn -0.7640682 0.4827001 -0.4279611
vn -0.68900007 0.7213604 -0.05996512
vn -0.63456684 0.7616987 0.12436411
vn 0.34657818 0.9250648 0.14733472
vn -0.39275604 0.6647518 0.6345387
vn 0.19197135 0.7291825 0.6558598
vn -0.6460121 -0.23713715 -0.7254911
vn -0.7261812 -0.21238917 -0.6538737
vn -0.052646883 -0.391826 -0.91853184
vn -0.052646883 -0.391826 -0.91853184
vn -0.55382633 0.3187745 -0.76869106
vn -0.05272682 -0.3637206 -0.9294234
vn -0.052646883 -0.391826 -0.91853184
vn -0.05265821 -0.38784215 -0.92007565
vn -0.052646883 -0.391826 -0.91853184
vn -0.05264859 -0.3912253 -0.9187646
vn -0.5189013 -0.67684346 0.5205599
vn -0.31513405 -0.07781586 0.9451787
vn 0.20493098 -0.09214136 0.9736109
vn 0.40267503 -0.69585973 0.5930537
vn -0.52695656 -0.82518697 0.20000942
vn 0.4781242 -0.84370977 0.24090156
vn -0.4347275 -0.8842194 0.16976108
vn 0.59352505 -0.791191 0.14614119
vn -0.418931 -0.8949628 0.15342125
vn 0.58280134 -0.8045621 0.11411615
vn -0.63456684 0.7616987 0.12436411
vn -0.39275604 0.6647518 0.6345387
vn -0.541257 0.24104708 0.8049811
vn -0.94129735 -0.03355512 0.33545148
vn -0.31513405 -0.07781586 0.9451787
vn -0.68900007 0.7213604 -0.05996512
vn -0.5189013 -0.67684346 0.5205599
vn -0.9865257 -0.14564295 0.07412113
vn -0.77569443 0.5829135 -0.24116153
vn -0.52695656 -0.82518697 0.20000942
vn -0.96217763 -0.27210733 -0.010989413
vn -0.7640682 0.4827001 -0.4279611
vn -0.4347275 -0.8842194 0.16976108
vn -0.9323464 -0.351157 -0.08613181
vn -0.418931 -0.8949628 0.15342125
vn 0.19197135 0.7291825 0.6558598
vn 0.5278736 0.34631604 0.77484787
vn 0.20493098 -0.09214136 0.9736109
vn -0.31513405 -0.07781586 0.9451787
vn -0.39275604 0.6647518 0.6345387
vn -0.541257 0.24104708 0.8049811
vn -0.90440875 -0.23721874 -0.35409775
vn -0.18793498 0.015113413 -0.9813242
vn -0.570214 0.535236 -0.62205803
vn -0.3673663 -0.34329468 -0.86367065
vn -0.4930555 -0.85892504 -0.13218373
vn -0.19475462 -0.61605656 -0.762291
vn 0.43687817 -0.89403415 -0.08735609
vn 0.27573347 0.16054592 -0.9469143
vn 0.23871118 -0.64333516 -0.72632957
vn 0.94204307 -0.04897899 -0.33152103
vn 0.4745052 -0.21440119 -0.853015
vn 0.37820548 0.7475617 -0.5443835
vn -0.570214 0.535236 -0.62205803
vn -0.18793498 0.015113413 -0.9813242
vn 0.27573347 0.16054592 -0.9469143
vn 0.37820548 0.7475617 -0.5443835
vn -0.6448522 0.68465906 -0.33827427
vn 0.46496367 0.8207856 -0.3298793
vn -0.53950304 0.6817408 -0.49402988
vn -0.42123652 0.4384507 -0.7939274
vn -0.71160173 -0.14413026 -0.6876405
vn -0.6547787 -0.43113208 -0.6207977
vn 0.41655102 -0.9051071 -0.085241556
vn -0.30920082 -0.8950083 -0.32129234
vn -0.5583037 -0.7965931 -0.23181093
vn -0.7186942 -0.32068282 -0.61696106
vn -0.63576514 -0.11423385 -0.76338273
vn -0.71160173 -0.14413026 -0.6876405
vn -0.7094872 -0.490269 -0.50622535
vn -0.55978316 0.4506116 -0.69540775
vn -0.42123652 0.4384507 -0.7939274
vn 0.20775305 0.7347368 -0.64575547
vn -0.6547787 -0.43113208 -0.6207977
vn -0.30920082 -0.8950083 -0.32129234
vn -0.5105121 -0.84524703 0.15778245
vn -0.5271159 -0.82980144 0.17960888
vn 0.4688909 -0.85490894 0.2181553
vn -0.4930555 -0.85892504 -0.13218373
vn 0.43687817 -0.89403415 -0.08735609
vn -0.54931366 0.0763675 0.8321193
vn 0.16987312 -0.25012246 0.9531956
vn -0.59463584 -0.47920376 0.64557886
vn -0.625574 0.23248312 0.7447205
vn -0.5106621 0.06965631 0.85695505
vn -0.81716037 -0.08329928 0.5703598
vn -0.54149175 0.31948563 0.7776345
vn -0.90327173 0.16001222 0.39811593
vn -0.25617793 0.41553062 0.8727582
vn -0.55119866 0.38516107 0.74015594
vn -0.4772061 0.65504724 0.58582175
vn -0.79495215 0.50342363 0.33854958
vn 0.41655102 -0.9051071 -0.085241556
vn 0.3590113 -0.90395385 -0.23233148
vn -0.79958475 -0.34952763 -0.4883591
vn -0.30920082 -0.8950083 -0.32129234
vn -0.98175967 -0.18802693 0.02817721
vn -0.9893075 -0.14549585 0.009747207
vn -0.7918903 -0.25366032 -0.5554873
vn -0.42123652 0.4384507 -0.7939274
vn 0.10201592 0.5551344 -0.8254807
vn 0.20775305 0.7347368 -0.64575547
vn -0.625574 0.23248312 0.7447205
vn -0.59463584 -0.47920376 0.64557886
vn -0.098536626 0.55706596 0.8246014
vn -0.54149175 0.31948563 0.7776345
vn -0.02030633 0.23013797 0.972946
vn -0.46877483 0.268683 0.84146273
vn -0.55119866 0.38516107 0.74015594
vn -0.49761015 0.46488702 0.73230064
vn -0.48805392 0.57991046 0.652309
vn -0.3107562 0.43483314 0.8451925
vn -0.18147367 0.4407159 0.8791112
vn -0.4772061 0.65504724 0.58582175
vn 0.16987312 -0.25012246 0.9531956
vn -0.25617793 0.41553062 0.8727582
vn -0.54931366 0.0763675 0.8321193
vn -0.5106621 0.06965631 0.85695505
vn 0.46496367 0.8207856 -0.3298793
vn 0.37820548 0.7475617 -0.5443835
vn 0.94204307 -0.04897899 -0.33152103
vn 0.9991317 0.037314653 -0.018461542
vn 0.43687817 -0.89403415 -0.08735609
vn 0.4688909 -0.85490894 0.2181553
vn -0.30920082 -0.8950083 -0.32129234
vn 0.98291856 0.04831804 -0.17753646
vn -0.42123652 0.4384507 -0.7939274
vn 0.96267915 0.060131654 -0.26383772
vn -0.5271159 -0.82980144 0.17960888
vn -0.4930555 -0.85892504 -0.13218373
vn -0.90440875 -0.23721874 -0.35409775
vn -0.98198676 -0.18040964 -0.05561407
vn -0.570214 0.535236 -0.62205803
vn -0.5105121 -0.84524703 0.15778245
vn -0.6448522 0.68465906 -0.33827427
vn -0.9792726 -0.1356414 -0.1504212
vn -0.6547787 -0.43113208 -0.6207977
vn -0.53950304 0.6817408 -0.49402988
vn -0.9979483 -0.05228667 -0.03695286
vn -0.7186942 -0.32068282 -0.61696106
vn -0.71160173 -0.14413026 -0.6876405
vn -0.48805392 0.57991046 0.652309
vn -0.4772061 0.65504724 0.58582175
vn -0.79495215 0.50342363 0.33854958
vn -0.55119866 0.38516107 0.74015594
vn -0.1974195 -0.96209836 -0.1858527
vn -0.001508003 -0.98255205 -0.18395598
vn -0.0014726585 -0.98290575 -0.18236399
vn -0.18938527 -0.9640477 -0.1843683
vn 0.20590407 -0.7215026 -0.6604824
vn 0.11168019 -0.9801907 -0.16120285
vn 0.82452136 -0.29595882 -0.48198417
vn 0.52219075 -0.8429052 -0.1275406
vn 0.36994562 -0.7511554 -0.54613125
vn 0.9136044 0.24997924 -0.32050163
vn -0.1933702 -0.9711967 -0.13657886
vn -0.18894583 -0.9720613 -0.13653877
vn -0.0010732199 -0.9917779 -0.12498324
vn -0.0010715245 -0.99179006 -0.12490719
vn 0.82452136 -0.29595882 -0.48198417
vn 0.20590407 -0.7215026 -0.6604824
vn 0.2050056 0.03564519 -0.97748965
vn 0.8170183 -0.025385875 -0.57569355
vn 0.24475694 0.01639558 -0.968983
vn 0.52096134 -0.6550569 -0.54660815
vn 0.75541747 -0.044491027 -0.6534963
vn 0.7913826 -0.528659 -0.30651578
vn 0.7207869 -0.64883965 -0.24363692
vn 0.75963074 -0.27766463 -0.58802027
vn -0.006883306 -0.37874788 -0.9254277
vn -0.005129453 -0.7246463 -0.68905485
vn -0.0070581688 -0.32115528 -0.9467066
vn -0.004596226 -0.7937105 -0.60780394
vn 0.75038934 -0.5256183 -0.40037936
vn 0.59683615 -0.20405707 -0.7756698
vn 0.8170183 -0.025385875 -0.57569355
vn 0.52096134 -0.6550569 -0.54660815
vn 0.426778 -0.7016304 0.56970733
vn 0.99583614 -0.09044458 -0.010830363
vn 0.82452136 -0.29595882 -0.48198417
vn 0.96760327 0.25086468 0.026757283
vn 0.7283251 0.6498562 0.2156515
vn 0.9920276 -0.1185366 0.042409033
vn 0.7842364 0.58334625 0.2097154
vn 0.997267 -0.03420315 0.06538095
vn 0.5963397 -0.7958505 -0.10056682
vn 0.60813516 -0.78737205 -0.09710659
vn 0.60813516 -0.78737205 -0.09710659
vn -0.0010313521 -0.9925215 -0.118869394
vn -0.0011315148 -0.9918314 -0.123360686
vn 0.5963397 -0.7958505 -0.10056682
vn 0.2715016 0.9510405 0.1431673
vn 0.00067949656 0.9981158 0.048753005
vn 0.00056241493 0.99848676 0.043531306
vn 0.29873165 0.94172907 0.15113989
vn 0.7842364 0.58334625 0.2097154
vn 0.7283251 0.6498562 0.2156515
vn 0.7191933 -0.6795752 0.14468862
vn 0.40765893 -0.81898606 0.4038154
vn 0.71616757 -0.54375815 0.43752813
vn 0.99387246 -0.09497591 0.056542993
vn 0.73646116 -0.6764662 0.002845697
vn 0.993265 0.05508198 0.10193534
vn 0.96450144 -0.2050057 -0.1664526
vn 0.84689593 -0.5311578 0.02526965
vn 0.9770282 -0.20402144 0.06157119
vn 0.84763974 -0.5155858 0.12521212
vn 0.82378477 -0.5028582 0.26174837
vn 0.8510455 -0.50477165 0.14466116
vn 0.7655823 -0.60731834 0.21224457
vn 0.46607324 -0.88457656 0.017314896
vn 0.9897832 0.12213398 0.07356852
vn 0.3755256 -0.92559344 0.04750687
vn 0.7162277 0.6894231 0.1082287
vn 0.7670176 0.60978484 0.1996061
vn 0.46333194 -0.8855756 0.032850042
vn 0.7834928 0.61718184 0.07213338
vn 0.9912519 -0.122723 0.04856736
vn 0.78093326 -0.53949225 -0.31478772
vn 0.40625468 -0.91327256 -0.029833093
vn 0.97682106 0.16204885 -0.13985209
vn 0.9814508 0.07845229 -0.17491642
vn 0.7517445 0.65408933 -0.08368545
vn 0.88709277 -0.2464005 -0.3902923
vn 0.9796265 -0.17744549 -0.09400392
vn 0.7906766 0.59382963 -0.14869069
vn 0.645638 -0.7133461 -0.27232018
vn 0.40899932 -0.4610379 -0.7874196
vn 0.7167837 -0.14831176 -0.68130815
vn 0.90681094 -0.27839163 0.31650862
vn 0.54329705 -0.49622804 -0.677134
vn 0.7095829 -0.6547662 0.26017243
vn 0.90681094 -0.27839163 0.31650862
vn 0.60447264 -0.7122466 0.35677382
vn 0.96450144 -0.2050057 -0.1664526
vn 0.4465713 -0.6923804 0.5666927
vn 0.7095829 -0.6547662 0.26017243
vn 0.2951709 -0.49296248 0.81835675
vn 0.0049795676 -0.5608467 0.8278624
vn 0.005369988 -0.50992066 0.8601084
vn 0.96450144 -0.2050057 -0.1664526
vn 0.60447264 -0.7122466 0.35677382
vn 0.73646116 -0.6764662 0.002845697
vn 0.7191933 -0.6795752 0.14468862
vn 0.4465713 -0.6923804 0.5666927
vn 0.40765893 -0.81898606 0.4038154
vn 0.0022992566 -0.83886474 0.54432404
vn 0.0049795676 -0.5608467 0.8278624
vn 0.40765893 -0.81898606 0.4038154
vn 0.0022992566 -0.83886474 0.54432404
vn 0.0055792397 -0.46297142 0.8863554
vn 0.71616757 -0.54375815 0.43752813
vn 0.14179072 0.010147668 0.9898444
vn 0.0073911794 0.014179945 0.99987185
vn 0.33021897 0.7272921 0.6016653
vn 0.0074980566 0.44863898 0.8936814
vn 0.006036601 0.8022528 0.5969537
vn 0.28623196 0.7945227 0.5355414
vn 0.004270899 0.94758296 0.3194396
vn 0.28623196 0.7945227 0.5355414
vn 0.006036601 0.8022528 0.5969537
vn 0.34472454 0.88992065 0.298649
vn 0.32602808 0.9324067 0.15579537
vn 0.0030550044 0.9890439 0.14736833
vn 0.7670176 0.60978484 0.1996061
vn 0.7162277 0.6894231 0.1082287
vn 0.33021897 0.7272921 0.6016653
vn -0.2073564 0.9419906 0.26392564
vn -0.22091697 0.9446017 0.24274011
vn 0.9897832 0.12213398 0.07356852
vn 0.7834928 0.61718184 0.07213338
vn 0.3111807 0.9502899 0.0039933473
vn 0.7517445 0.65408933 -0.08368545
vn 0.7906766 0.59382963 -0.14869069
vn 0.0020815253 0.99977607 0.0182302
vn 0.34853888 0.93588567 -0.049276233
vn 0.0017312032 0.9998777 0.0020912588
vn -0.99267703 -0.022787537 0.118629426
vn -0.9165894 -0.39826745 -0.03531058
vn -0.9898719 -0.115374796 0.08271789
vn -0.986742 0.061450236 0.15021342
vn -0.986742 0.061450236 0.15021342
vn 0.40899932 -0.4610379 -0.7874196
vn -0.0070426273 -0.58824843 -0.8085366
vn -0.0074306256 -0.04010822 -0.9991006
vn 0.31139725 -0.050609432 -0.9488748
vn 0.88709277 -0.2464005 -0.3902923
vn -0.0075807166 -0.34525245 -0.9384213
vn 0.7167837 -0.14831176 -0.68130815
vn 0.54329705 -0.49622804 -0.677134
vn 0.40899932 -0.4610379 -0.7874196
vn 0.645638 -0.7133461 -0.27232018
vn -0.00412675 -0.92970383 -0.36801526
vn -0.0070426273 -0.58824843 -0.8085366
vn 0.9897832 0.12213398 0.07356852
vn 0.99387246 -0.09497591 0.056542993
vn 0.3755256 -0.92559344 0.04750687
vn 0.46333194 -0.8855756 0.032850042
vn 0.40625468 -0.91327256 -0.029833093
vn 0.46607324 -0.88457656 0.017314896
vn 0.8510455 -0.50477165 0.14466116
vn 0.78093326 -0.53949225 -0.31478772
vn 0.2951709 -0.49296248 0.81835675
vn -0.0010555375 -0.9938097 0.11033067
vn 0.005369988 -0.50992066 0.8601084
vn 0.15334183 -0.97797877 0.14100988
vn 0.7095829 -0.6547662 0.26017243
vn 0.54329705 -0.49622804 -0.677134
vn 0.084365256 -0.8973006 -0.43314976
vn -0.0056627034 -0.83678734 -0.54740113
vn -0.0075807166 -0.34525245 -0.9384213
vn 0.20481549 0.92817277 -0.30935624
vn 0.39429104 0.5902213 -0.70437884
vn 0.6880933 0.52873087 -0.49652785
vn -0.0023106565 0.94466996 -0.3270412
vn -0.0057439255 0.6347878 -0.7726649
vn 0.39429104 0.5902213 -0.70437884
vn -0.0057439255 0.6347878 -0.7726649
vn -0.0074282805 0.038208228 -0.99924195
vn 0.34506258 0.031090003 -0.93806446
vn -0.004705009 -0.7742098 -0.6329112
vn 0.36723608 -0.6485167 -0.666756
vn 0.55179906 0.007318882 -0.83394474
vn 0.63089454 -0.16409916 -0.7583161
vn 0.61224914 0.12387031 -0.7809013
vn 0.7619186 -0.24422689 -0.5998608
vn 0.76359004 0.17371677 -0.62189436
vn 0.6880933 0.52873087 -0.49652785
vn 0.8313637 -0.04603559 -0.5537825
vn -0.019872047 -0.99839324 0.045395203
vn -0.004705009 -0.7742098 -0.6329112
vn -0.00022653936 -0.99957734 -0.012886213
vn 0.36723608 -0.6485167 -0.666756
vn 0.66038525 -0.6115951 -0.43509942
vn 0.66038525 -0.6115951 -0.43509942
vn 0.63089454 -0.16409916 -0.7583161
vn 0.36723608 -0.6485167 -0.666756
vn 0.7619186 -0.24422689 -0.5998608
vn 0.92337865 -0.04984904 -0.38041812
vn 0.8313637 -0.04603559 -0.5537825
vn 0.6880933 0.52873087 -0.49652785
vn 0.76359004 0.17371677 -0.62189436
vn 0.52096134 -0.6550569 -0.54660815
vn 0.04773325 -0.9984342 -0.008711826
vn -0.0070463326 -0.6437447 0.7645221
vn 0.426778 -0.7016304 0.56970733
vn 0.75038934 -0.5256183 -0.40037936
vn -0.004596226 -0.7937105 -0.60780394
vn -0.0004969974 -0.9984568 -0.04885573
vn 0.14135967 -0.9880024 -0.05387216
vn -0.04300592 -0.057510953 0.996894
vn -0.043002274 -0.056442022 0.9969867
vn 0.0073963315 -0.052021608 0.99826956
vn 0.0073946253 -0.052522067 0.99822634
vn 0.59683615 -0.20405707 -0.7756698
vn 0.75038934 -0.5256183 -0.40037936
vn 0.99226934 0.123543136 0.011052108
vn 0.9922723 0.12350322 0.011185407
vn 0.7207869 -0.64883965 -0.24363692
vn -0.005129453 -0.7246463 -0.68905485
vn -0.0005346742 -0.9974098 -0.07192357
vn 0.67656136 -0.7350084 0.041952178
vn 8.030395E-05 -0.99970996 0.017472103
vn 0.6733667 -0.72560227 0.1403512
vn 0.0011467042 -0.98531497 0.1690464
vn 0.7913826 -0.528659 -0.30651578
vn 0.0020312457 -0.9575496 0.2872949
vn 0.00061700976 0.9969761 0.07573545
vn 0.0009093861 0.9926872 0.120354705
vn -0.024252785 0.9978398 0.05907308
vn 2.0111664E-05 0.99966085 -0.011276879
vn -0.04702886 0.9985988 -0.009687908
vn -0.0010857992 0.9861301 -0.16390246
vn -0.063437045 0.98222405 -0.17470132
vn -0.0019696371 0.95890844 -0.28250945
vn -0.062021665 0.9574641 -0.28046912
vn 0.9945679 -0.0751046 0.07202067
vn 0.75963074 -0.27766463 -0.58802027
vn 0.7207869 -0.64883965 -0.24363692
vn 0.67656136 -0.7350084 0.041952178
vn 0.9934284 -0.10930983 0.033777207
vn 0.6733667 -0.72560227 0.1403512
vn 0.75541747 -0.044491027 -0.6534963
vn 0.7913826 -0.528659 -0.30651578
vn 0.16987312 -0.25012246 0.9531956
vn -0.5583037 -0.7965931 -0.23181093
vn -0.59463584 -0.47920376 0.64557886
vn 0.50049514 -0.78386575 0.36750367
vn 0.41655102 -0.9051071 -0.085241556
vn 0.9757345 0.08248517 0.20282623
vn 0.50049514 -0.78386575 0.36750367
vn 0.16987312 -0.25012246 0.9531956
vn 0.98139566 0.14646229 0.12414253
vn 0.7012434 0.702457 -0.12170412
vn 0.41655102 -0.9051071 -0.085241556
vn 0.5043358 0.8323597 -0.22983208
vn 0.9893959 0.13939373 0.040809035
vn 0.20775305 0.7347368 -0.64575547
vn 0.3590113 -0.90395385 -0.23233148
vn 0.72422343 -0.21534568 -0.6550775
vn -0.4907318 0.83609176 -0.24521993
vn 0.5043358 0.8323597 -0.22983208
vn 0.7012434 0.702457 -0.12170412
vn -0.55978316 0.4506116 -0.69540775
vn 0.20775305 0.7347368 -0.64575547
vn -0.065219276 -0.45844993 -0.8863238
vn 0.10201592 0.5551344 -0.8254807
vn -0.7918903 -0.25366032 -0.5554873
vn 0.72422343 -0.21534568 -0.6550775
vn -0.79958475 -0.34952763 -0.4883591
vn 0.3590113 -0.90395385 -0.23233148
vn 0.20775305 0.7347368 -0.64575547
vn 0.10201592 0.5551344 -0.8254807
vn 0.72422343 -0.21534568 -0.6550775
vn 0.9893959 0.13939373 0.040809035
vn -0.8497999 -0.028691381 0.5263246
vn -0.7001039 0.5810843 -0.41496408
vn -0.6821108 0.6998619 0.211941
vn -0.96115345 -0.26378897 -0.08120246
vn -0.3718665 -0.550141 0.7477027
vn -0.44844872 -0.8760366 0.17711772
vn 0.22322714 0.9396838 0.25900787
vn 0.36496723 0.81502163 -0.45004225
vn 0.98680806 0.0737253 -0.14412934
vn 0.86583185 0.28280511 0.41274163
vn 0.5662636 -0.81056607 0.14915657
vn 0.4889652 -0.5086515 0.7086503
vn 0.4889652 -0.5086515 0.7086503
vn 0.5662636 -0.81056607 0.14915657
vn -0.44844872 -0.8760366 0.17711772
vn -0.3718665 -0.550141 0.7477027
vn -0.6821108 0.6998619 0.211941
vn -0.7001039 0.5810843 -0.41496408
vn 0.36496723 0.81502163 -0.45004225
vn 0.22322714 0.9396838 0.25900787
vn 0.3960435 0.7530765 0.524706
vn 0.40820423 0.9017925 -0.13277802
vn 0.9250515 0.30611387 -0.22403109
vn 0.9374969 0.27554548 -0.21232465
vn 0.75949574 -0.59017825 -0.27133384
vn 0.71365726 -0.5243263 0.46402395
vn -0.92474926 -0.25856403 0.27907065
vn -0.5511349 0.80771816 -0.20446722
vn -0.6427201 0.64175564 0.417786
vn -0.90217507 -0.19403148 -0.3847103
vn -0.29071552 -0.9228542 0.25170088
vn -0.17274259 -0.9079453 -0.37864894
vn 0.71365726 -0.5243263 0.46402395
vn 0.75949574 -0.59017825 -0.27133384
vn -0.17274259 -0.9079453 -0.37864894
vn -0.29071552 -0.9228542 0.25170088
vn -0.6427201 0.64175564 0.417786
vn -0.5511349 0.80771816 -0.20446722
vn 0.40820423 0.9017925 -0.13277802
vn 0.3960435 0.7530765 0.524706
vn 0.20854941 0.9605111 0.18246596
vn 0.34057748 0.9253259 0.16459161
vn 0.33924145 0.9223914 0.18256782
vn 0.20035385 0.9663321 0.15926328
vn 0.0014827214 0.98280096 0.18284188
vn 0.9136044 0.24997924 -0.32050163
vn 0.0012740818 0.98781306 0.15332757
vn 0.23894964 0.9704466 0.020779066
vn -0.0062612332 0.5184601 -0.85464156
vn 0.0008127312 0.9955508 0.090209566
vn 0.9136044 0.24997924 -0.32050163
vn -0.0062612332 0.5184601 -0.85464156
vn -0.007347943 -0.15192142 -0.9879868
vn 0.36994562 -0.7511554 -0.54613125
vn -0.25389862 -0.96359086 0.07949166
vn -1.0328338E-05 -0.99945796 0.018321775
vn -0.0005691919 -0.9980028 -0.056881614
vn -0.33773825 -0.9307332 0.13783291
vn 0.89106375 0.43911543 0.11351328
vn 0.2213972 0.9618499 0.15866852
vn 0.7465647 0.4765334 -0.46386343
vn 0.20906247 0.9636577 0.16305913
vn 0.0011175693 0.99079406 0.13278866
vn 0.0012523208 0.98977035 0.13883707
vn 0.975999 -0.21716782 -0.0140373185
vn 0.89106375 0.43911543 0.11351328
vn 0.7465647 0.4765334 -0.46386343
vn 0.764363 -0.06475794 -0.6412573
vn -0.9595171 0.012512371 -0.28136832
vn -0.5328678 0.8265379 0.17956533
vn -0.6275558 0.7667588 0.13457935
vn -0.96410346 0.08700454 -0.25078902
vn -0.32479656 -0.8301262 -0.4529313
vn -0.25770932 -0.8617572 -0.43584636
vn 0.45276886 0.81440437 0.36293352
vn 0.36605456 0.8973579 -0.24525788
vn 0.8780598 0.22521442 -0.42211157
vn 0.9912765 0.00937245 0.13146475
vn 0.6111671 -0.7634046 -0.20781901
vn 0.69022185 -0.70053506 -0.18123004
vn -0.6275558 0.7667588 0.13457935
vn -0.5328678 0.8265379 0.17956533
vn 0.36605456 0.8973579 -0.24525788
vn 0.45276886 0.81440437 0.36293352
vn 0.69022185 -0.70053506 -0.18123004
vn 0.6111671 -0.7634046 -0.20781901
vn -0.25770932 -0.8617572 -0.43584636
vn -0.32479656 -0.8301262 -0.4529313
vn 0.88337827 0.43291003 0.17950898
vn 0.7656164 0.0062709674 0.6432637
vn 0.7048625 0.40660748 0.58123076
vn 0.97946864 -0.05880602 0.19282463
vn 0.8874982 0.4460084 0.11581856
vn 0.66827655 -0.31635997 0.67328674
vn 0.99724925 -0.027387207 0.068871684
vn 0.8397437 0.36960196 0.39774406
vn 0.84722453 -0.477323 0.23315933
vn 0.40519813 -0.5688313 0.71571
vn 0.4143115 -0.8499862 0.32535785
vn 0.89336276 -0.4419711 0.08096369
vn 0.47664827 -0.8736715 0.09741726
vn 0.9400788 -0.115191236 0.3208937
vn 0.8111782 0.25020245 0.5285407
vn 0.33421725 -0.9028224 0.2704515
vn 0.9401421 -0.16874962 -0.29605508
vn 0.26329303 -0.883 -0.38847807
vn 0.4143115 -0.8499862 0.32535785
vn 0.0041753748 -0.6607083 0.7506308
vn 0.40519813 -0.5688313 0.71571
vn 0.0007199906 -0.9339984 0.357276
vn 0.47664827 -0.8736715 0.09741726
vn -0.0012850573 -0.9948618 0.10120039
vn 0.0053272415 0.8773959 0.479737
vn 0.24644135 0.50613403 0.8264953
vn 0.0071207453 0.59911454 0.8006314
vn 0.4082638 0.746157 0.5258847
vn 0.004436856 0.93934214 0.34293288
vn 0.5315339 0.800136 0.2779002
vn 0.7048625 0.40660748 0.58123076
vn 0.0047251703 0.9216169 0.3880411
vn 0.88337827 0.43291003 0.17950898
vn 0.52370185 0.79971576 0.29352656
vn 0.004722116 0.9187002 0.3948231
vn 0.8874982 0.4460084 0.11581856
vn 0.45614433 0.78312767 0.42258114
vn 0.0046749236 0.91273993 0.40827093
vn 0.8397437 0.36960196 0.39774406
vn 0.42356646 0.7445309 0.5159112
vn 0.8111782 0.25020245 0.5285407
vn 0.40519813 -0.5688313 0.71571
vn 0.0041753748 -0.6607083 0.7506308
vn 0.0060117627 -0.38422564 0.9232194
vn 0.21248047 -0.31573126 0.9247515
vn 0.66827655 -0.31635997 0.67328674
vn 0.0070310673 -0.13114044 0.9913386
vn 0.4188267 -0.1759451 0.89085746
vn 0.7656164 0.0062709674 0.6432637
vn 0.11050627 -0.13085529 0.9852232
vn 0.0076415134 0.25955158 0.96569866
vn 0.48365885 0.026561454 0.8748533
vn 0.7048625 0.40660748 0.58123076
vn 0.18054855 -0.055650253 0.9819902
vn 0.10032258 0.23591761 0.96658045
vn 0.0071207453 0.59911454 0.8006314
vn 0.24644135 0.50613403 0.8264953
vn 0.44019398 0.27893764 0.8534768
vn 0.4082638 0.746157 0.5258847
vn 0.1797727 0.1404535 0.9736294
vn 0.20808111 0.03459727 0.9774993
vn -0.006843232 -0.6579512 -0.75297475
vn -0.4384205 -0.57591766 -0.6899569
vn -0.48587313 -0.78575164 -0.3826717
vn -0.0043794364 -0.9371058 -0.34884006
vn 0.1634204 -0.32517117 -0.93136626
vn -0.0074657886 -0.4132625 -0.9104793
vn -0.48920113 -0.18477553 -0.852351
vn -0.7236713 -0.0073467046 -0.690082
vn -0.6455051 -0.31421593 -0.6960937
vn -0.4384205 -0.57591766 -0.6899569
vn -0.0319311 -0.05133696 -0.9981589
vn -0.006843232 -0.6579512 -0.75297475
vn -0.0074626417 -0.05450029 -0.99847966
vn -0.007465444 -0.05598911 -0.9984
vn -0.0390027 -0.053620346 -0.99779
vn -0.38924828 -0.50774235 -0.76853305
vn -0.48587313 -0.78575164 -0.3826717
vn -0.8355689 -0.19598353 -0.51321137
vn 0.1634204 -0.32517117 -0.93136626
vn -0.885194 -0.3318562 -0.32600838
vn -0.4384205 -0.57591766 -0.6899569
vn -0.82433516 0.5048609 -0.25604874
vn -0.6455051 -0.31421593 -0.6960937
vn -0.9532124 0.14162955 -0.26705548
vn -0.7236713 -0.0073467046 -0.690082
vn -0.9763894 -0.19940488 -0.08305138
vn -0.48920113 -0.18477553 -0.852351
vn 0.33421725 -0.9028224 0.2704515
vn -0.38924828 -0.50774235 -0.76853305
vn 0.26329303 -0.883 -0.38847807
vn -0.57158506 -0.774641 0.2704987
vn 0.26329303 -0.883 -0.38847807
vn 0.5964083 0.1657009 -0.78536093
vn 0.66214657 0.0916048 -0.74372625
vn 0.9401421 -0.16874962 -0.29605508
vn 0.513091 0.17070837 -0.84115016
vn 0.575492 0.0040493235 -0.81776226
vn 0.1634204 -0.32517117 -0.93136626
vn 0.3513433 0.05395694 -0.9346354
vn -0.0074657886 -0.4132625 -0.9104793
vn -0.00703263 0.13877301 -0.9901989
vn -0.6550335 0.44833654 0.6081126
vn -0.6321622 0.46272025 0.62139606
vn 0.006691388 0.6241158 0.78118217
vn 0.00670335 0.62359077 0.78159535
vn 0.85056853 -0.46967956 0.23633857
vn 0.22218674 -0.70198256 0.67649126
vn 0.31547928 -0.21266946 0.9246775
vn 0.31528625 -0.21089673 0.92516553
vn 0.32843226 0.29487926 0.89719594
vn 0.8093223 0.46627694 0.35701382
vn 0.10629404 0.7821304 0.61363524
vn 0.30022657 0.58702195 0.75169677
vn 0.10629404 0.7821304 0.61363524
vn 0.30022657 0.58702195 0.75169677
vn 0.0066108042 0.6668438 0.7450077
vn 0.0045189853 0.89709085 0.44121814
vn 0.0029972633 0.97067386 0.23892228
vn 0.48727033 0.8525897 -0.1878017
vn 0.8093223 0.46627694 0.35701382
vn 0.0018220651 -0.90986633 0.4145001
vn 0.0033814027 -0.78420246 0.6203433
vn 0.22218674 -0.70198256 0.67649126
vn 0.25876024 -0.87862724 0.4007591
vn 0.85056853 -0.46967956 0.23633857
vn 0.55914986 -0.7339488 -0.38506192
vn 0.0007914462 -0.96460235 0.26214713
vn 0.96714437 -0.11030197 -0.22883481
vn 0.5565736 -0.7975631 -0.23051824
vn 0.55055416 -0.8000839 -0.23579976
vn 0.95628 -0.17728719 -0.23229006
vn 0.7748649 0.5884398 -0.2293483
vn 0.7357554 0.63493824 -0.23384887
vn 0.28868407 0.9339761 -0.20671707
vn -0.00064105104 0.9868131 -0.15621687
vn -0.0009008181 0.9851095 -0.1676385
vn 0.28760496 0.9324589 -0.21552563
vn 0.7357554 0.63493824 -0.23384887
vn 0.7748649 0.5884398 -0.2293483
vn 0.5565736 -0.7975631 -0.23051824
vn -0.001775497 -0.9775085 -0.20820597
vn -0.0020120577 -0.9749278 -0.21887489
vn 0.55055416 -0.8000839 -0.23579976
vn 0.059684567 -0.17026654 0.9827022
vn 0.00719338 -0.17702498 0.9833643
vn 0.007178297 -0.17958288 0.9828603
vn 0.062490594 -0.16599873 0.9832947
vn 0.13569544 -0.08170982 0.98644125
vn 0.13818176 -0.07467496 0.9866666
vn 0.14041448 0.11855294 0.98203486
vn 0.14324062 0.11454323 0.9821152
vn 0.051104426 0.20974493 0.9754836
vn 0.055898122 0.2151153 0.97408116
vn 0.0073394314 0.19315563 0.9802012
vn 0.0073302933 0.19636548 0.97958755
vn -0.0074208546 -0.29725984 -0.95476764
vn 0.6109596 -0.23478241 -0.7560459
vn 0.6111187 -0.23474576 -0.75592875
vn -0.0074208546 -0.29725987 -0.95476764
vn 0.6109596 -0.23478241 -0.7560459
vn 0.919579 -0.11597066 -0.3753998
vn 0.6111187 -0.23474576 -0.75592875
vn 0.91949403 -0.11602993 -0.3755899
vn 0.99997276 -0.0012810633 -0.0072675804
vn 0.99997133 -0.0013414291 -0.007461481
vn 0.9252266 0.113610715 0.36200583
vn 0.92530936 0.113550834 0.36181316
vn 0.62263954 0.23316187 0.7469641
vn 0.62279713 0.23312473 0.74684423
vn 0.62279713 0.23312473 0.74684423
vn 0.0074208598 0.29725385 0.95476943
vn 0.00742086 0.2972539 0.95476943
vn 0.62263954 0.23316187 0.7469641
vn 0.6226015 0.23279102 0.7471113
vn 0.53300005 -0.27299315 0.8008654
vn 0.0068826717 -0.22421512 0.9745152
vn 0.007421327 0.2967778 0.95491755
vn 0.00094393664 -0.9545355 0.29809487
vn 0.0009439603 -0.9545346 0.29809788
vn 0.00094396004 -0.9545346 0.29809785
vn 0.00094392535 -0.954536 0.29809344
vn 0.00094391324 -0.9545365 0.29809186
vn 0.00094391964 -0.95453626 0.2980927
vn 0.00094391673 -0.9545363 0.2980923
vn 0.00094391743 -0.9545363 0.2980924
vn 0.0009439192 -0.95453626 0.29809263
vn 0.0009439135 -0.9545365 0.2980919
vn 0.0009439492 -0.954535 0.29809648
vn 0.00094394374 -0.95453525 0.2980958
vn 0.000943962 -0.9545346 0.29809812
vn 0.000943962 -0.9545346 0.29809812
vn 0.53300005 -0.27299315 0.8008654
vn 0.0026796157 -0.856395 0.5163139
vn 0.0068826717 -0.22421512 0.9745152
vn 0.17335594 -0.8656497 0.4696785
vn 0.80793476 -0.3586203 0.46758175
vn 0.26748237 -0.8864221 0.37776804
vn 0.88232 -0.45118153 0.13396461
vn 0.29394498 -0.91302246 0.28281808
vn 0.8030308 -0.5640717 -0.19226149
vn 0.2661154 -0.94504005 0.18995145
vn 0.52302486 -0.68171746 -0.51157206
vn 0.17063108 -0.97985256 0.103796005
vn -0.0008478034 -0.998042 0.06253783
vn -0.005937241 -0.7379168 -0.67486525
vn -0.007421342 -0.29676154 -0.9549226
vn -0.005937241 -0.7379168 -0.67486525
vn 0.52302486 -0.68171746 -0.51157206
vn 0.6111664 -0.23434302 -0.75601494
vn 0.92520225 0.113436505 0.36212274
vn 0.53300005 -0.27299315 0.8008654
vn 0.6226015 0.23279102 0.7471113
vn 0.80793476 -0.3586203 0.46758175
vn 0.99997324 -0.0012628443 -0.007207194
vn 0.88232 -0.45118153 0.13396461
vn 0.9196045 -0.11576052 -0.3754025
vn 0.8030308 -0.5640717 -0.19226149
vn 0.6111664 -0.23434302 -0.75601494
vn 0.52302486 -0.68171746 -0.51157206
vn -0.55414706 0.34897116 -0.7554775
vn -0.0066067036 0.30854696 -0.95080507
vn -0.0065999967 0.30925032 -0.95059
vn -0.48768586 0.8539014 -0.18061861
vn -0.80899465 0.35195345 -0.47065887
vn -0.8025744 0.4687025 0.36888534
vn 0.04271394 -0.2097499 -0.9761014
vn -0.007305131 -0.19981968 -0.9790972
vn -0.0073092645 -0.19824289 -0.9793829
vn 0.039757952 -0.2075345 -0.9766661
vn 0.12398409 -0.113484785 -0.9848913
vn 0.12854446 -0.09829659 -0.9859103
vn 0.111343026 0.10009594 -0.98784757
vn 0.1089616 0.10760571 -0.98729825
vn 0.032074116 0.18819067 -0.98090476
vn 0.03164308 0.18909857 -0.980719
vn -0.00725554 0.17096718 -0.9847164
vn -0.0072478396 0.17224221 -0.9844571
vn -0.6214879 0.68047863 -0.38689268
vn -0.63586396 0.4824627 -0.6014707
vn -0.1590324 0.846602 -0.5061478
vn -0.14221428 0.93317467 -0.32773048
vn -0.0024255808 0.9157731 -0.3993878
vn -0.0011556653 0.960657 -0.27482867
vn -0.6519742 0.7488058 -0.11656372
vn -0.07793033 0.99649024 0.012254335
vn 0.0013710888 0.99935716 0.02124666
vn -0.30632177 0.94377244 0.12231563
vn 0.002946019 0.9719765 0.23351297
vn -0.6250571 0.6452564 0.4390059
vn -0.82012 0.40578306 0.40334427
vn -0.85339177 0.5025744 -0.1383519
vn -0.7738068 -0.06448525 -0.6298363
vn -0.08136344 0.14870185 -0.9851831
vn -0.75318325 0.47680914 -0.4527285
vn -0.08096486 0.14846107 -0.9852651
vn -0.0072984053 0.15856938 -0.9869699
vn -0.0073003946 0.15823103 -0.9870363
vn -0.6214879 0.68047863 -0.38689268
vn -0.6519742 0.7488058 -0.11656372
vn -0.89694417 0.1312877 -0.42190322
vn -0.91925406 0.037019916 -0.39153793
vn -0.63586396 0.4824627 -0.6014707
vn -0.83803606 -0.46834004 -0.27939183
vn -0.8942076 -0.3561109 -0.27051952
vn -0.7900813 -0.5356799 -0.2970779
vn -0.5573321 -0.8073511 -0.19065844
vn -0.37907246 -0.8932522 -0.23918687
vn -0.9312666 0.23099987 -0.28169453
vn -0.80899465 0.35195345 -0.47065887
vn -0.8025744 0.4687025 0.36888534
vn -0.93355125 0.2258062 -0.27832428
vn -0.9081789 -0.022960499 -0.41788474
vn -0.8483697 -0.46719226 0.2488505
vn -0.6399005 -0.21691635 -0.73695433
vn -0.566616 -0.732521 -0.37676615
vn 0.08112411 -0.15700412 0.9836806
vn 0.09613122 -0.1562962 0.9822947
vn 0.09613508 -0.15559715 0.9824207
vn 0.08092587 -0.15654714 0.98378503
vn 0.0072627664 -0.16325241 0.98599714
vn 0.0072657047 -0.16274868 0.98609483
vn 0.0073406105 -0.09920567 0.99448407
vn 0.007338826 -0.099617 0.99443144
vn 0.06368215 -0.1072748 0.99160266
vn 0.08226738 -0.090502515 0.9917718
vn 0.083076805 -0.09933154 0.99081963
vn 0.065005116 -0.07108872 0.994562
vn 0.06513347 -0.07237088 0.99443907
vn -0.41867214 -0.70140415 0.5759801
vn 0.05041021 -0.17350027 0.982904
vn 0.01808738 -0.64375025 0.76433545
vn 0.007100563 -0.26743808 0.96314937
vn 0.007104733 -0.26713046 0.9632549
vn 0.003505237 -0.7572111 0.65297925
vn 0.31244868 -0.7318628 0.6054207
vn 0.0035290143 -0.75658035 0.6537084
vn 0.32756594 -0.72965586 0.6000721
vn 0.6967943 -0.5465505 0.46436223
vn 0.7522203 -0.49547723 0.43423373
vn -0.39278165 -0.8846241 0.2503
vn -0.83803606 -0.46834004 -0.27939183
vn -0.6980546 -0.6048838 0.38300467
vn -0.41080275 -0.91132075 -0.009335924
vn 0.0014076157 -0.9399237 0.34012768
vn -0.7900813 -0.5356799 -0.2970779
vn -0.0006622906 -0.9973453 0.06645919
vn -0.37907246 -0.8932522 -0.23918687
vn -0.0025097271 -0.97439367 -0.22124024
vn -0.0021996703 -0.9700348 -0.23946434
vn -0.5573321 -0.8073511 -0.19065844
vn -0.0074289157 -0.22664374 -0.9735107
vn -0.6399005 -0.21691635 -0.73695433
vn -0.566616 -0.732521 -0.37676615
vn -0.007432568 -0.22585116 -0.97371227
vn 0.9163218 0.0076359846 0.40031552
vn 0.6653423 0.44622388 0.5983899
vn 0.642696 0.46070743 0.61200863
vn 0.9183426 -0.016232181 0.39539993
vn 0.7522203 -0.49547723 0.43423373
vn 0.6967943 -0.5465505 0.46436223
vn -0.89694417 0.1312877 -0.42190322
vn -0.6519742 0.7488058 -0.11656372
vn -0.85339177 0.5025744 -0.1383519
vn -0.8376877 0.2585811 -0.48105618
vn -0.83803606 -0.46834004 -0.27939183
vn -0.97713536 -0.1652375 -0.1338019
vn -0.85339177 0.5025744 -0.1383519
vn -0.82012 0.40578306 0.40334427
vn -0.8935309 0.07108069 0.44330648
vn -0.8376877 0.2585811 -0.48105618
vn -0.90966517 -0.25467843 0.32805878
vn -0.6655534 0.009192079 0.7462232
vn -0.97713536 -0.1652375 -0.1338019
vn -0.6980546 -0.6048838 0.38300467
vn -0.83803606 -0.46834004 -0.27939183
vn -0.6250571 0.6452564 0.4390059
vn -0.6655534 0.009192079 0.7462232
vn -0.8935309 0.07108069 0.44330648
vn -0.82012 0.40578306 0.40334427
vn -0.94735247 0.23824206 -0.21392646
vn -0.92823386 0.27184436 -0.25393564
vn -0.89819336 -0.34776583 0.2689004
vn -0.90483814 -0.33307067 0.2652012
vn -0.92560357 0.13846824 -0.35225737
vn -0.94960874 -0.3003112 -0.08976099
vn -0.35347876 -0.8130317 0.46263546
vn -0.40012804 -0.70307726 0.5878595
vn -0.7946748 -0.29244882 -0.53194606
vn -0.68615925 -0.04658349 -0.72595894
vn -0.54616153 0.6708971 -0.50160193
vn -0.20892425 0.5865192 -0.782525
vn -0.89819336 -0.34776583 0.2689004
vn -0.40012804 -0.70307726 0.5878595
vn -0.90483814 -0.33307067 0.2652012
vn -0.044670314 -0.5201584 0.8529005
vn 0.12169289 -0.6799269 0.72311115
vn 0.3143841 -0.91152316 0.26511824
vn -0.6278258 -0.3223922 -0.70844835
vn 0.753007 -0.54427 0.36979836
vn -0.35347876 -0.8130317 0.46263546
vn 0.49715745 -0.7471622 0.44111526
vn 0.77345365 -0.36909863 0.51530194
vn 0.16001421 -0.82881784 -0.53614914
vn 0.88113254 -0.41795564 0.22117586
vn -0.045034885 -0.9238284 0.38014746
vn 0.73974574 -0.031551868 0.6721472
vn 0.44064397 -0.52785707 0.7260854
vn 0.23141912 -0.9724592 -0.027707607
vn 0.9615896 -0.2274209 0.15370688
vn 0.73974574 -0.031551868 0.6721472
vn 0.12169289 -0.6799269 0.72311115
vn -0.044670314 -0.5201584 0.8529005
vn 0.89529854 0.23089087 0.38096058
vn 0.89529854 0.23089087 0.38096058
vn 0.8363878 0.5358267 0.115523145
vn 0.73974574 -0.031551868 0.6721472
vn 0.994741 0.102412246 -0.0015934259
vn 0.500962 0.7865305 -0.3611178
vn 0.44124088 0.8492232 -0.29004484
vn 0.98091644 -0.13558409 0.13935702
vn 0.98668265 -0.11234438 0.1176287
vn 0.7990412 -0.21206659 0.5626382
vn 0.3143841 -0.91152316 0.26511824
vn 0.8139193 0.017078236 0.58072776
vn 0.753007 -0.54427 0.36979836
vn 0.77345365 -0.36909863 0.51530194
vn -0.15589237 -0.048755705 -0.9865701
vn -0.4017169 0.23822829 -0.88423467
vn -0.28813052 0.101076156 -0.95224196
vn -0.40974638 0.3387378 -0.8469739
vn -0.6278258 -0.3223922 -0.70844835
vn 0.88113254 -0.41795564 0.22117586
vn 0.77345365 -0.36909863 0.51530194
vn 0.8139193 0.017078236 0.58072776
vn 0.6425722 0.044988662 0.76490384
vn 0.5716767 -0.13240644 0.8097253
vn 0.7990412 -0.21206659 0.5626382
vn 0.56612974 0.25056332 -0.78531146
vn -0.16913374 -0.43609786 -0.88386214
vn 0.23141912 -0.9724592 -0.027707607
vn 0.9615896 -0.2274209 0.15370688
vn 0.56612974 0.25056332 -0.78531146
vn -0.40974638 0.3387378 -0.8469739
vn -0.6278258 -0.3223922 -0.70844835
vn -0.16913374 -0.43609786 -0.88386214
vn 0.9615896 -0.2274209 0.15370688
vn 0.73025197 0.6795609 0.0702088
vn 0.74448514 0.66364217 0.07294755
vn 0.56612974 0.25056332 -0.78531146
vn -0.16913374 -0.43609786 -0.88386214
vn -0.6278258 -0.3223922 -0.70844835
vn -0.045034885 -0.9238284 0.38014746
vn 0.23141912 -0.9724592 -0.027707607
vn 0.8363878 0.5358267 0.115523145
vn 0.74448514 0.66364217 0.07294755
vn 0.73025197 0.6795609 0.0702088
vn 0.73974574 -0.031551868 0.6721472
vn 0.7215176 -0.28975087 -0.62885284
vn 0.16001421 -0.82881784 -0.53614914
vn 0.88113254 -0.41795564 0.22117586
vn 0.12916169 -0.19678126 -0.97190225
vn 0.31859627 0.1619218 -0.93395764
vn 0.60969436 0.3274008 -0.7218591
vn 0.12916169 -0.19678126 -0.97190225
vn -0.7946748 -0.29244882 -0.53194606
vn 0.16001421 -0.82881784 -0.53614914
vn -0.68615925 -0.04658349 -0.72595894
vn -0.20892425 0.5865192 -0.782525
vn 0.31859627 0.1619218 -0.93395764
vn 0.60969436 0.3274008 -0.7218591
vn -0.20892425 0.5865192 -0.782525
vn 0.31859627 0.1619218 -0.93395764
vn 0.18488808 0.7948377 -0.57796925
vn -0.54616153 0.6708971 -0.50160193
vn -0.11272728 0.8794472 -0.4624548
vn 0.500962 0.7865305 -0.3611178
vn -0.5402405 0.7178705 -0.43909228
vn -0.92560357 0.13846824 -0.35225737
vn 0.44124088 0.8492232 -0.29004484
vn -0.94735247 0.23824206 -0.21392646
vn -0.52752143 0.7141913 -0.46005657
vn -0.92823386 0.27184436 -0.25393564
vn 0.882303 -0.208401 -0.42203203
vn 0.5399768 0.78714055 -0.29805142
vn 0.44447327 0.7354963 -0.5109053
vn 0.9444662 -0.22724703 -0.23736647
vn 0.52401096 0.64308685 0.5584371
vn 0.95287484 -0.17486875 0.24789342
vn 0.34310737 -0.6345636 0.6925361
vn 0.35215005 -0.93115 0.09460323
vn 0.36394858 -0.9277302 0.077602565
vn -0.8432096 0.09413104 0.52928
vn -0.50371337 0.092624724 0.85889095
vn -0.31124312 -0.6955469 0.6475663
vn -0.5114102 -0.77155805 0.37836182
vn -0.64137805 -0.68689257 0.34177893
vn -0.9119725 0.1688116 0.3739107
vn 0.52401096 0.64308685 0.5584371
vn -0.50371337 0.092624724 0.85889095
vn -0.29383302 0.8170692 0.49604425
vn 0.21405669 0.025660858 0.9764843
vn 0.95287484 -0.17486875 0.24789342
vn -0.31124312 -0.6955469 0.6475663
vn 0.34310737 -0.6345636 0.6925361
vn 0.5399768 0.78714055 -0.29805142
vn -0.42678317 0.903517 0.03889887
vn 0.44447327 0.7354963 -0.5109053
vn -0.3826244 0.9147333 0.12985067
vn -0.9119725 0.1688116 0.3739107
vn -0.8432096 0.09413104 0.52928
vn -0.50371337 0.092624724 0.85889095
vn -0.29383302 0.8170692 0.49604425
vn 0.52401096 0.64308685 0.5584371
vn -0.5114102 -0.77155805 0.37836182
vn 0.36394858 -0.9277302 0.077602565
vn -0.64137805 -0.68689257 0.34177893
vn 0.35215005 -0.93115 0.09460323
vn -0.31124312 -0.6955469 0.6475663
vn 0.34310737 -0.6345636 0.6925361
vn -0.9978811 0.06487818 -0.001544375
vn -0.6043229 -0.794107 -0.03463196
vn -0.69218385 -0.6501508 0.30886167
vn -0.9563885 0.17540295 0.23298849
vn -0.35785916 0.8261625 -0.4308762
vn -0.44949588 0.87380844 -0.1707343
vn -0.67279726 -0.23683938 0.6984529
vn -0.81671554 0.46739197 0.33589298
vn -0.6043229 -0.794107 -0.03463196
vn 0.23133996 -0.9202489 -0.3056339
vn 0.2496245 -0.89215577 0.36233622
vn -0.69218385 -0.6501508 0.30886167
vn 0.40166146 -0.60043764 0.6891594
vn -0.67279726 -0.23683938 0.6984529
vn 0.53767294 0.7575215 -0.36185247
vn -0.33781204 0.93703514 -0.06693876
vn 0.6311693 0.7655733 -0.11751846
vn -0.44949588 0.87380844 -0.1707343
vn 0.3829367 0.7243073 -0.5692013
vn -0.35785916 0.8261625 -0.4308762
vn -0.81671554 0.46739197 0.33589298
vn -0.9563885 0.17540295 0.23298849
vn 0.2496245 -0.89215577 0.36233622
vn 0.95138824 0.013978019 0.30664957
vn 0.40166146 -0.60043764 0.6891594
vn 0.99048054 -0.08568996 -0.106947795
vn 0.23133996 -0.9202489 -0.3056339
vn 0.6311693 0.7655733 -0.11751846
vn 0.84900826 -0.058230355 -0.52425784
vn 0.53767294 0.7575215 -0.36185247
vn 0.3829367 0.7243073 -0.5692013
vn 0.9775697 -0.18121776 0.10667282
vn 0.2717607 -0.9551258 0.1062789
vn 0.4656349 -0.8154674 -0.33938074
vn 0.9832477 -0.17708057 0.04142033
vn 0.4210667 -0.7657876 -0.4853798
vn 0.9851847 -0.16239251 -0.054978102
vn 0.54202235 0.53480273 0.6471294
vn 0.6475592 0.5979464 0.47236434
vn 0.69846 0.45477673 0.5495343
vn 0.5530174 0.82531273 -0.09255949
vn 0.6439656 0.57244563 -0.5070102
vn 0.7243702 0.52063286 -0.451915
vn 0.83193445 -0.41366512 0.36981982
vn 0.75805765 -0.59099436 0.27581292
vn 0.953314 -0.24219069 -0.1803778
vn 0.46655765 -0.70856977 -0.52938807
vn 0.36039087 -0.93209463 0.03622523
vn -0.4888919 0.6065217 0.6231027
vn -0.61075926 0.6238634 0.48349807
vn 0.5530174 0.82531273 -0.09255949
vn 0.69846 0.45477673 0.5495343
vn 0.54202235 0.53480273 0.6471294
vn -0.5566734 0.57529694 0.59834397
vn 0.6475592 0.5979464 0.47236434
vn -0.49864206 0.66989064 0.5500934
vn 0.2717607 -0.9551258 0.1062789
vn -0.5902609 -0.7785208 0.2085383
vn -0.5576725 -0.77501786 -0.29270798
vn 0.4656349 -0.8154674 -0.33938074
vn -0.47453132 -0.72633255 -0.4965143
vn 0.4210667 -0.7657876 -0.4853798
vn 0.2717607 -0.9551258 0.1062789
vn -0.25556564 -0.7379106 0.62463623
vn -0.5902609 -0.7785208 0.2085383
vn 0.08224642 -0.80853194 0.58267283
vn 0.9775697 -0.18121776 0.10667282
vn 0.83193445 -0.41366512 0.36981982
vn 0.75805765 -0.59099436 0.27581292
vn 0.057859257 -0.68613076 0.72517234
vn 0.36039087 -0.93209463 0.03622523
vn -0.2644443 -0.9637469 0.03542143
vn -0.115409255 -0.65077794 0.7504446
vn -0.9116725 -0.2460118 0.32906187
vn -0.739184 -0.65098107 0.17270645
vn -0.5902609 -0.7785208 0.2085383
vn -0.25556564 -0.7379106 0.62463623
vn -0.9116725 -0.2460118 0.32906187
vn -0.96660084 -0.011874065 0.2556826
vn -0.98763824 -0.046786517 0.14931798
vn -0.5576725 -0.77501786 -0.29270798
vn -0.9993895 0.00799587 0.034006804
vn -0.47453132 -0.72633255 -0.4965143
vn -0.49864206 0.66989064 0.5500934
vn -0.5566734 0.57529694 0.59834397
vn -0.4888919 0.6065217 0.6231027
vn -0.61075926 0.6238634 0.48349807
vn -0.95747554 0.2211627 0.18493888
vn -0.99579877 0.08542888 0.032943074
vn -0.739184 -0.65098107 0.17270645
vn -0.85596323 -0.36773187 -0.3634575
vn -0.2644443 -0.9637469 0.03542143
vn -0.85596323 -0.36773187 -0.3634575
vn -0.739184 -0.65098107 0.17270645
vn -0.28646615 -0.73953515 -0.60911775
vn 0.36039087 -0.93209463 0.03622523
vn 0.46655765 -0.70856977 -0.52938807
vn -0.34465617 0.5474565 0.73894036
vn -0.99408245 0.022174887 0.10460384
vn -0.39972326 0.67960864 0.5882479
vn -0.92761946 -0.15658355 0.3308408
vn -0.18840776 0.14971763 0.9608833
vn -0.5240362 -0.2218691 0.813217
vn -0.40209898 -0.8897297 -0.13669205
vn -0.20057869 -0.6874001 0.6811563
vn -0.4792433 -0.71517617 -0.48643482
vn -0.5952405 -0.58918047 -0.5411751
vn -0.9676995 0.23290572 0.093244985
vn -0.58478457 -0.5643214 -0.58272624
vn -0.9761992 0.21662854 -0.010355175
vn -0.39972326 0.67960864 0.5882479
vn -0.99408245 0.022174887 0.10460384
vn -0.9676995 0.23290572 0.093244985
vn -0.18955235 0.79715204 0.56015384
vn -0.9761992 0.21662854 -0.010355175
vn -0.28292117 0.8825283 0.37016875
vn 0.776487 0.54250574 0.31244656
vn 0.7641596 0.63012505 0.13522884
vn 0.69022477 0.51628834 0.48742586
vn 0.6362435 0.43968043 0.61414784
vn -0.34465617 0.5474565 0.73894036
vn 0.3961706 0.111432925 0.90156054
vn -0.18840776 0.14971763 0.9608833
vn 0.04981467 0.69474673 -0.7175258
vn 0.7243702 0.52063286 -0.451915
vn 0.6439656 0.57244563 -0.5070102
vn 0.04981467 0.69474673 -0.7175258
vn 0.049470123 0.6386005 -0.7637668
vn 0.5530174 0.82531273 -0.09255949
vn 0.04981467 0.69474673 -0.7175258
vn 0.049765833 0.68678814 -0.72408026
vn 0.04981467 0.69474673 -0.7175258
vn 0.04980731 0.6935467 -0.7185141
vn 0.5192458 -0.82220966 -0.17387874
vn -0.20057869 -0.6874001 0.6811563
vn 0.3194326 -0.65199137 0.67389673
vn -0.40209898 -0.8897297 -0.13669205
vn 0.52571344 -0.6704128 -0.5039832
vn -0.4792433 -0.71517617 -0.48643482
vn 0.43277743 -0.6605377 -0.6093364
vn -0.5952405 -0.58918047 -0.5411751
vn 0.41679505 -0.6484159 -0.63705516
vn -0.58478457 -0.5643214 -0.58272624
vn 0.6362435 0.43968043 0.61414784
vn 0.5451529 -0.31724197 0.76694155
vn 0.3961706 0.111432925 0.90156054
vn 0.9425229 -0.25763953 0.2014339
vn 0.3194326 -0.65199137 0.67389673
vn 0.69022477 0.51628834 0.48742586
vn 0.5192458 -0.82220966 -0.17387874
vn 0.9864748 -0.14788926 -0.06391898
vn 0.776487 0.54250574 0.31244656
vn 0.52571344 -0.6704128 -0.5039832
vn 0.9613952 -0.15332562 -0.22689462
vn 0.7641596 0.63012505 0.13522884
vn 0.43277743 -0.6605377 -0.6093364
vn 0.9310646 -0.1352842 -0.33884627
vn 0.41679505 -0.6484159 -0.63705516
vn 0.3961706 0.111432925 0.90156054
vn 0.5451529 -0.31724197 0.76694155
vn 0.3194326 -0.65199137 0.67389673
vn -0.18840776 0.14971763 0.9608833
vn -0.20057869 -0.6874001 0.6811563
vn -0.5240362 -0.2218691 0.813217
vn 0.9026074 0.05427189 -0.42059863
vn 0.567989 0.8016446 -0.1185551
vn 0.18477128 0.7688756 -0.5945366
vn 0.36370325 0.4586055 -0.7994034
vn 0.49159288 -0.54734737 -0.65909433
vn 0.19074586 0.20965067 -0.9478444
vn -0.43847033 -0.5719749 -0.66940606
vn -0.27847293 0.8270385 -0.46440333
vn -0.24265665 0.15772986 -0.944973
vn -0.9435156 0.17957872 -0.27142614
vn -0.4778259 0.5237234 -0.6921116
vn -0.37988618 0.90754324 0.07907933
vn 0.567989 0.8016446 -0.1185551
vn -0.27847293 0.8270385 -0.46440333
vn 0.18477128 0.7688756 -0.5945366
vn -0.37988618 0.90754324 0.07907933
vn 0.6438667 0.735256 0.17471373
vn -0.46578774 0.8307078 0.27192658
vn 0.5373623 0.8423706 0.013770327
vn 0.41748735 0.8278288 -0.37470454
vn 0.7081433 0.29847848 -0.6398777
vn 0.6515371 0.028495893 -0.75808126
vn 0.30724022 -0.51987016 -0.7959291
vn -0.41732523 -0.67468876 -0.60879755
vn 0.5568376 -0.49741936 -0.6652109
vn 0.7155151 0.11479557 -0.6891009
vn 0.63194597 0.36759484 -0.6822889
vn 0.7081433 0.29847848 -0.6398777
vn 0.70678765 -0.08735189 -0.70201176
vn 0.55652374 0.77890325 -0.28912097
vn 0.41748735 0.8278288 -0.37470454
vn -0.21064588 0.97460973 -0.07592003
vn 0.6515371 0.028495893 -0.75808126
vn 0.5109386 -0.7691171 -0.38317752
vn 0.30724022 -0.51987016 -0.7959291
vn 0.52719194 -0.7384378 -0.39686942
vn -0.4687842 -0.77618885 -0.39132908
vn 0.49159288 -0.54734737 -0.65909433
vn -0.43847033 -0.5719749 -0.66940606
vn 0.5534429 -0.43596792 0.7096708
vn 0.59762454 -0.7688936 0.22726089
vn -0.16526695 -0.7718077 0.6140027
vn 0.6293341 -0.2584101 0.7329138
vn 0.5149119 -0.45632333 0.72569597
vn 0.8199316 -0.40626392 0.40331334
vn 0.54545015 -0.20869473 0.8117452
vn 0.9052885 -0.10803361 0.41083017
vn 0.26064587 -0.18954372 0.9466448
vn 0.5549974 -0.1336319 0.8210482
vn 0.48035038 0.17472187 0.85949725
vn 0.7968123 0.20231697 0.5693487
vn -0.41732523 -0.67468876 -0.60879755
vn 0.7970264 0.01486367 -0.60376126
vn -0.36051178 -0.5854854 -0.7261114
vn 0.30724022 -0.51987016 -0.7959291
vn 0.9818122 -0.16483234 -0.094208874
vn 0.98927534 -0.11880465 -0.084399834
vn 0.789039 0.13181776 -0.60003453
vn 0.41748735 0.8278288 -0.37470454
vn -0.105867915 0.93877405 -0.32786423
vn -0.21064588 0.97460973 -0.07592003
vn 0.6293341 -0.2584101 0.7329138
vn 0.10282823 -0.04778865 0.9935503
vn 0.59762454 -0.7688936 0.22726089
vn 0.54545015 -0.20869473 0.8117452
vn 0.47302833 -0.2878034 0.8327143
vn 0.025200121 -0.3986253 0.9167675
vn 0.5549974 -0.1336319 0.8210482
vn 0.5014024 -0.06523543 0.86275125
vn 0.4914969 0.07475783 0.8676645
vn 0.31509554 -0.15742965 0.9359115
vn 0.18598408 -0.17338303 0.96713376
vn 0.48035038 0.17472187 0.85949725
vn -0.16526695 -0.7718077 0.6140027
vn 0.26064587 -0.18954372 0.9466448
vn 0.5534429 -0.43596792 0.7096708
vn 0.5149119 -0.45632333 0.72569597
vn -0.46578774 0.8307078 0.27192658
vn -0.9435156 0.17957872 -0.27142614
vn -0.37988618 0.90754324 0.07907933
vn -0.9991685 0.037624996 0.014274601
vn -0.43847033 -0.5719749 -0.66940606
vn -0.4687842 -0.77618885 -0.39132908
vn 0.30724022 -0.51987016 -0.7959291
vn -0.98373777 0.1437181 -0.106446326
vn 0.41748735 0.8278288 -0.37470454
vn -0.96392405 0.2048094 -0.16897151
vn 0.52719194 -0.7384378 -0.39686942
vn 0.9026074 0.05427189 -0.42059863
vn 0.49159288 -0.54734737 -0.65909433
vn 0.9815748 -0.099237815 -0.16068254
vn 0.567989 0.8016446 -0.1185551
vn 0.5109386 -0.7691171 -0.38317752
vn 0.6438667 0.735256 0.17471373
vn 0.97846466 -0.015890699 -0.20580201
vn 0.6515371 0.028495893 -0.75808126
vn 0.5373623 0.8423706 0.013770327
vn 0.997733 -0.017088598 -0.06509255
vn 0.7155151 0.11479557 -0.6891009
vn 0.7081433 0.29847848 -0.6398777
vn 0.4914969 0.07475783 0.8676645
vn 0.5549974 -0.1336319 0.8210482
vn 0.7968123 0.20231697 0.5693487
vn 0.48035038 0.17472187 0.85949725
vn 0.19430137 -0.96216834 -0.188761
vn -0.0014726585 -0.98290575 -0.18236399
vn -0.001508003 -0.98255205 -0.18395598
vn 0.18633491 -0.9641057 -0.18715827
vn -0.21591492 -0.7214315 -0.6573501
vn -0.11435783 -0.9801559 -0.15952432
vn -0.8316787 -0.29566598 -0.46968722
vn -0.52428114 -0.84274465 -0.11976979
vn -0.37822577 -0.7510435 -0.5405755
vn -0.918182 0.25025275 -0.30689892
vn 0.1910353 -0.97125417 -0.13943344
vn 0.18660234 -0.97211933 -0.1393275
vn -0.0010732199 -0.9917779 -0.12498324
vn -0.0010715245 -0.99179006 -0.12490719
vn -0.8316787 -0.29566598 -0.46968722
vn -0.21942864 0.035766847 -0.9743407
vn -0.21591492 -0.7214315 -0.6573501
vn -0.82546127 -0.02489099 -0.56350946
vn -0.25908163 0.016495714 -0.9652426
vn -0.5292743 -0.6548372 -0.5388123
vn -0.7650382 -0.044264577 -0.6422049
vn -0.79600203 -0.5284146 -0.29472798
vn -0.7243829 -0.64877665 -0.23289698
vn -0.005129453 -0.7246463 -0.68905485
vn -0.006883306 -0.37874788 -0.9254277
vn -0.7683056 -0.2775993 -0.5766652
vn -0.0070581688 -0.32115528 -0.9467066
vn -0.6083337 -0.20387208 -0.76672053
vn -0.75640845 -0.52537936 -0.3891906
vn -0.004596226 -0.7937105 -0.60780394
vn -0.82546127 -0.02489099 -0.56350946
vn -0.41867214 -0.70140415 0.5759801
vn -0.5292743 -0.6548372 -0.5388123
vn -0.99595726 -0.08966606 0.00393508
vn -0.8316787 -0.29566598 -0.46968722
vn -0.9669325 0.25151816 0.04110372
vn -0.7245817 0.6503903 0.22642395
vn -0.78046805 0.5841361 0.22130534
vn -0.99141127 -0.11754156 0.05710087
vn -0.9962194 -0.033384502 0.08015686
vn -0.598269 -0.7954678 -0.09170653
vn -0.6099424 -0.7870321 -0.08806957
vn -0.6099424 -0.7870321 -0.08806957
vn -0.598269 -0.7954678 -0.09170653
vn -0.0011315148 -0.9918314 -0.123360686
vn -0.0010313521 -0.9925215 -0.118869394
vn -0.26873022 0.9512186 0.1471739
vn 0.00056241493 0.99848676 0.043531306
vn 0.00067949656 0.9981158 0.048753005
vn -0.29599038 0.94187856 0.15555307
vn -0.78046805 0.5841361 0.22130534
vn -0.7245817 0.6503903 0.22642395
vn -0.7197518 -0.6766394 0.15528381
vn -0.7118658 -0.5408368 0.44804296
vn -0.40500253 -0.8173301 0.40979922
vn -0.9933123 -0.0909108 0.07117502
vn -0.7390777 -0.67347306 0.013710365
vn -0.9914226 0.059141964 0.11654891
vn -0.9676619 -0.20113178 -0.15222567
vn -0.848598 -0.52768934 0.037753757
vn -0.9768421 -0.2000243 0.075957686
vn -0.8478063 -0.51211745 0.13769591
vn -0.82189137 -0.49949172 0.27386558
vn -0.85088116 -0.50129 0.1571926
vn -0.7648521 -0.6041878 0.2235134
vn -0.4693826 -0.882663 0.024202853
vn -0.9880846 0.12618001 0.088131845
vn -0.37856883 -0.9240509 0.05305943
vn -0.7117299 0.6923442 0.1187429
vn -0.76150244 0.61290133 0.21086076
vn -0.46641707 -0.8836736 0.039695874
vn -0.7798722 0.620307 0.08364467
vn -0.990923 -0.118667915 0.06316219
vn -0.7876844 -0.53628325 -0.30323824
vn -0.41038272 -0.911602 -0.02382008
vn -0.978118 0.16596004 -0.12545756
vn -0.98361087 0.08222178 -0.16044702
vn -0.75032926 0.6570288 -0.07262524
vn -0.89368385 -0.24297139 -0.3771799
vn -0.9814792 -0.17423557 -0.079562746
vn -0.7907492 0.5965262 -0.13704546
vn -0.651855 -0.71127 -0.26276565
vn -0.4222784 -0.4594719 -0.7812985
vn -0.72731215 -0.14547743 -0.6706749
vn -0.9031507 -0.2747994 0.32983604
vn -0.5551348 -0.49408853 -0.669046
vn -0.7081378 -0.65209615 0.27061176
vn -0.9031507 -0.2747994 0.32983604
vn -0.9676619 -0.20113178 -0.15222567
vn -0.6020103 -0.7098233 0.36565754
vn -0.44095 -0.6906023 0.5732277
vn -0.7081378 -0.65209615 0.27061176
vn -0.2849466 -0.49187112 0.8226284
vn 0.0049795676 -0.5608467 0.8278624
vn 0.005369988 -0.50992066 0.8601084
vn -0.9676619 -0.20113178 -0.15222567
vn -0.7390777 -0.67347306 0.013710365
vn -0.6020103 -0.7098233 0.36565754
vn -0.7197518 -0.6766394 0.15528381
vn -0.44095 -0.6906023 0.5732277
vn -0.40500253 -0.8173301 0.40979922
vn 0.0022992566 -0.83886474 0.54432404
vn 0.0049795676 -0.5608467 0.8278624
vn -0.40500253 -0.8173301 0.40979922
vn 0.0055792397 -0.46297142 0.8863554
vn 0.0022992566 -0.83886474 0.54432404
vn -0.7118658 -0.5408368 0.44804296
vn -0.12715752 0.010697879 0.99182457
vn 0.0073911794 0.014179945 0.99987185
vn -0.31834507 0.7286188 0.6064408
vn 0.0074980566 0.44863898 0.8936814
vn 0.006036601 0.8022528 0.5969537
vn -0.27506185 0.7956709 0.5396743
vn 0.004270899 0.94758296 0.3194396
vn 0.006036601 0.8022528 0.5969537
vn -0.27506185 0.7956709 0.5396743
vn -0.33666876 0.891306 0.30366626
vn -0.31996846 0.93369824 0.16055195
vn 0.0030550044 0.9890439 0.14736833
vn -0.76150244 0.61290133 0.21086076
vn -0.7117299 0.6923442 0.1187429
vn -0.31834507 0.7286188 0.6064408
vn 0.2150724 0.94112647 0.26081526
vn 0.22833012 0.94368273 0.23943225
vn -0.9880846 0.12618001 0.088131845
vn -0.7798722 0.620307 0.08364467
vn -0.30738318 0.9514951 0.008547984
vn -0.75032926 0.6570288 -0.07262524
vn -0.7907492 0.5965262 -0.13704546
vn 0.0020815253 0.99977607 0.0182302
vn -0.34606162 0.93705946 -0.04416143
vn 0.0017312032 0.9998777 0.0020912588
vn 0.9942147 -0.026852088 0.10399972
vn 0.9905023 -0.11942602 0.06813617
vn 0.914333 -0.40201294 -0.04879187
vn 0.9890902 0.057408318 0.13566515
vn 0.9890902 0.057408318 0.13566515
vn -0.4222784 -0.4594719 -0.7812985
vn -0.0074306256 -0.04010822 -0.9991006
vn -0.0070426273 -0.58824843 -0.8085366
vn -0.32552463 -0.04937581 -0.94418496
vn -0.89368385 -0.24297139 -0.3771799
vn -0.0075807166 -0.34525245 -0.9384213
vn -0.72731215 -0.14547743 -0.6706749
vn -0.5551348 -0.49408853 -0.669046
vn -0.4222784 -0.4594719 -0.7812985
vn -0.0070426273 -0.58824843 -0.8085366
vn -0.00412675 -0.92970383 -0.36801526
vn -0.651855 -0.71127 -0.26276565
vn -0.9880846 0.12618001 0.088131845
vn -0.37856883 -0.9240509 0.05305943
vn -0.9933123 -0.0909108 0.07117502
vn -0.46641707 -0.8836736 0.039695874
vn -0.41038272 -0.911602 -0.02382008
vn -0.4693826 -0.882663 0.024202853
vn -0.85088116 -0.50129 0.1571926
vn -0.7876844 -0.53628325 -0.30323824
vn -0.2849466 -0.49187112 0.8226284
vn 0.005369988 -0.50992066 0.8601084
vn -0.0010555375 -0.9938097 0.11033067
vn -0.15493536 -0.97739774 0.14327991
vn -0.7081378 -0.65209615 0.27061176
vn -0.5551348 -0.49408853 -0.669046
vn -0.09421594 -0.8969538 -0.4318348
vn -0.0056627034 -0.83678734 -0.54740113
vn -0.0075807166 -0.34525245 -0.9384213
vn -0.20904836 0.9282468 -0.30628368
vn -0.6952005 0.5289643 -0.486257
vn -0.40471277 0.59022516 -0.6984393
vn -0.0023106565 0.94466996 -0.3270412
vn -0.0057439255 0.6347878 -0.7726649
vn -0.40471277 0.59022516 -0.6984393
vn -0.0074282805 0.038208228 -0.99924195
vn -0.0057439255 0.6347878 -0.7726649
vn -0.35897106 0.031090008 -0.9328306
vn -0.004705009 -0.7742098 -0.6329112
vn -0.3771083 -0.64851665 -0.6612225
vn -0.5641365 0.007318866 -0.8256489
vn -0.64209855 -0.16409922 -0.74885285
vn -0.62379116 0.12387031 -0.77171266
vn -0.77275115 0.17371677 -0.6104735
vn -0.6952005 0.5289643 -0.486257
vn -0.77075243 -0.24422689 -0.5884672
vn -0.8395035 -0.045994475 -0.5413637
vn 0.020247694 -0.9983992 0.045097273
vn -0.00022653936 -0.99957734 -0.012886213
vn -0.004705009 -0.7742098 -0.6329112
vn -0.3771083 -0.64851665 -0.6612225
vn -0.667001 -0.6113311 -0.4252458
vn -0.667001 -0.6113311 -0.4252458
vn -0.3771083 -0.64851665 -0.6612225
vn -0.64209855 -0.16409922 -0.74885285
vn -0.77075243 -0.24422689 -0.5884672
vn -0.9289349 -0.04931781 -0.36667633
vn -0.8395035 -0.045994475 -0.5413637
vn -0.6952005 0.5289643 -0.486257
vn -0.77275115 0.17371677 -0.6104735
vn -0.5292743 -0.6548372 -0.5388123
vn -0.41867214 -0.70140415 0.5759801
vn 0.01808738 -0.64375025 0.76433545
vn -0.048162095 -0.9984194 -0.007999715
vn -0.75640845 -0.52537936 -0.3891906
vn -0.14254339 -0.9879445 -0.051764727
vn -0.0004969974 -0.9984568 -0.04885573
vn -0.004596226 -0.7937105 -0.60780394
vn 0.057741843 -0.05753317 0.99614626
vn 0.0073946253 -0.052522067 0.99822634
vn 0.0073963315 -0.052021608 0.99826956
vn 0.05774549 -0.0564626 0.9962388
vn -0.6083337 -0.20387208 -0.76672053
vn -0.9919433 0.12394025 0.02591265
vn -0.9919463 0.12394787 0.025781069
vn -0.75640845 -0.52537936 -0.3891906
vn -0.7243829 -0.64877665 -0.23289698
vn -0.0005346742 -0.9974098 -0.07192357
vn -0.005129453 -0.7246463 -0.68905485
vn -0.6759993 -0.73488307 0.052000318
vn 8.030395E-05 -0.99970996 0.017472103
vn -0.6714049 -0.7254212 0.15033847
vn 0.0011467042 -0.98531497 0.1690464
vn -0.79600203 -0.5284146 -0.29472798
vn 0.0020312457 -0.9575496 0.2872949
vn 0.00061700976 0.9969761 0.07573545
vn 0.02521264 0.99783766 0.058705457
vn 0.0009093861 0.9926872 0.120354705
vn 2.0111664E-05 0.99966085 -0.011276879
vn 0.047064822 0.99859 -0.010386906
vn -0.0010857992 0.9861301 -0.16390246
vn 0.06110248 0.98220724 -0.17562616
vn -0.0019696371 0.95890844 -0.28250945
vn 0.058139037 0.9574462 -0.2813614
vn -0.9934032 -0.07491956 0.08678922
vn -0.7243829 -0.64877665 -0.23289698
vn -0.7683056 -0.2775993 -0.5766652
vn -0.6759993 -0.73488307 0.052000318
vn -0.9928474 -0.10904148 0.048528716
vn -0.6714049 -0.7254212 0.15033847
vn -0.7650382 -0.044264577 -0.6422049
vn -0.79600203 -0.5284146 -0.29472798
vn -0.16526695 -0.7718077 0.6140027
vn 0.59762454 -0.7688936 0.22726089
vn 0.5568376 -0.49741936 -0.6652109
vn -0.49898615 -0.8491001 -0.17332482
vn -0.41732523 -0.67468876 -0.60879755
vn -0.974689 -0.058056977 0.21589538
vn -0.16526695 -0.7718077 0.6140027
vn -0.49898615 -0.8491001 -0.17332482
vn -0.980713 0.040293414 0.19125485
vn -0.7015569 0.6334801 0.32637516
vn -0.41732523 -0.67468876 -0.60879755
vn -0.50513387 0.80278885 0.31681174
vn -0.9891271 0.08454181 0.12033434
vn -0.21064588 0.97460973 -0.07592003
vn -0.36051178 -0.5854854 -0.7261114
vn -0.7275324 0.21816143 -0.6504629
vn 0.48984703 0.81762266 0.30256042
vn -0.7015569 0.6334801 0.32637516
vn -0.50513387 0.80278885 0.31681174
vn 0.55652374 0.77890325 -0.28912097
vn -0.21064588 0.97460973 -0.07592003
vn 0.060663145 0.16415693 -0.984567
vn 0.789039 0.13181776 -0.60003453
vn -0.105867915 0.93877405 -0.32786423
vn -0.7275324 0.21816143 -0.6504629
vn 0.7970264 0.01486367 -0.60376126
vn -0.36051178 -0.5854854 -0.7261114
vn -0.21064588 0.97460973 -0.07592003
vn -0.9891271 0.08454181 0.12033434
vn -0.7275324 0.21816143 -0.6504629
vn -0.105867915 0.93877405 -0.32786423
vn 0.85128146 -0.44270444 0.28166
vn 0.6847639 0.23882382 0.68852293
vn 0.7005405 0.67725474 0.2248739
vn 0.9601392 -0.087095656 -0.2655493
vn 0.372504 -0.92798305 -0.009227037
vn 0.44642565 -0.6530438 -0.61135626
vn -0.21974687 0.34232235 0.9128978
vn -0.9870138 0.15933686 -0.02015857
vn -0.3639489 0.8419821 0.39825395
vn -0.8637729 -0.16938686 0.4745564
vn -0.5681722 -0.5925011 -0.5706611
vn -0.48831683 -0.87265 0.0050376654
vn -0.48831683 -0.87265 0.0050376654
vn 0.372504 -0.92798305 -0.009227037
vn 0.44642565 -0.6530438 -0.61135626
vn -0.5681722 -0.5925011 -0.5706611
vn 0.6847639 0.23882382 0.68852293
vn -0.21974687 0.34232235 0.9128978
vn -0.3639489 0.8419821 0.39825395
vn 0.7005405 0.67725474 0.2248739
vn -0.40905648 0.90996164 -0.04640439
vn -0.9402253 0.099383794 -0.32573056
vn -0.44221246 0.6375284 -0.6308769
vn -0.9511911 0.07082428 -0.2996137
vn -0.74495846 -0.64467263 0.1715635
vn -0.68395466 -0.12977165 0.7160163
vn 0.93946487 -0.016046576 0.34142476
vn 0.63004476 0.7689014 -0.1020253
vn 0.5178316 0.5263113 -0.6744229
vn 0.8989 -0.3789452 -0.21995328
vn 0.32811803 -0.55543137 0.7623026
vn 0.1948783 -0.94884956 0.24840826
vn -0.68395466 -0.12977165 0.7160163
vn 0.32811803 -0.55543137 0.7623026
vn 0.1948783 -0.94884956 0.24840826
vn -0.74495846 -0.64467263 0.1715635
vn 0.63004476 0.7689014 -0.1020253
vn -0.40905648 0.90996164 -0.04640439
vn -0.44221246 0.6375284 -0.6308769
vn 0.5178316 0.5263113 -0.6744229
vn -0.20557654 0.9605638 0.18554172
vn -0.33617407 0.92251086 0.1875824
vn -0.3378173 0.92543006 0.1696292
vn -0.19769797 0.96638846 0.16221938
vn 0.0014827214 0.98280096 0.18284188
vn -0.918182 0.25025275 -0.30689892
vn 0.0012740818 0.98781306 0.15332757
vn -0.23833206 0.9705167 0.024323415
vn -0.0062612332 0.5184601 -0.85464156
vn 0.0008127312 0.9955508 0.090209566
vn -0.918182 0.25025275 -0.30689892
vn -0.37822577 -0.7510435 -0.5405755
vn -0.007347943 -0.15192142 -0.9879868
vn -0.0062612332 0.5184601 -0.85464156
vn 0.25476325 -0.9636669 0.07571435
vn -0.0005691919 -0.9980028 -0.056881614
vn -1.0328338E-05 -0.99945796 0.018321775
vn 0.33946857 -0.9308344 0.13280398
vn -0.88900083 0.43969807 0.12671515
vn -0.75318325 0.47680914 -0.4527285
vn -0.21876496 0.96190846 0.16193753
vn -0.20616874 0.9637565 0.16614068
vn 0.0011175693 0.99079406 0.13278866
vn 0.0012523208 0.98977035 0.13883707
vn -0.97624564 -0.21650735 0.00044045737
vn -0.7738068 -0.06448525 -0.6298363
vn -0.75318325 0.47680914 -0.4527285
vn -0.88900083 0.43969807 0.12671515
vn 0.9504657 -0.12560827 -0.28429785
vn 0.60552585 0.728622 -0.3187753
vn 0.51003057 0.7970892 -0.31746405
vn 0.95351714 -0.04846815 -0.29700762
vn 0.33930218 -0.93882364 0.04503052
vn 0.27412456 -0.95415926 0.09291389
vn -0.46903324 0.87693506 -0.10415626
vn -0.8961933 -0.047357388 -0.44041765
vn -0.40190718 0.617993 -0.673107
vn -0.98704594 0.064378574 0.14695624
vn -0.5911319 -0.7611248 0.26144752
vn -0.67163515 -0.69943905 0.24431872
vn 0.60552585 0.728622 -0.3187753
vn -0.46903324 0.87693506 -0.10415626
vn -0.40190718 0.617993 -0.673107
vn 0.51003057 0.7970892 -0.31746405
vn -0.67163515 -0.69943905 0.24431872
vn 0.33930218 -0.93882364 0.04503052
vn 0.27412456 -0.95415926 0.09291389
vn -0.5911319 -0.7611248 0.26144752
vn -0.8788854 0.4364658 0.19248453
vn -0.6945703 0.40945023 0.59153485
vn -0.7560294 0.009374335 0.65446776
vn -0.97675306 -0.054852396 0.20722826
vn -0.88389575 0.44957054 0.12886155
vn -0.65957296 -0.3136568 0.68306327
vn -0.9962293 -0.023376424 0.08354995
vn -0.8323264 0.37291408 0.4100558
vn -0.8456191 -0.47390684 0.2456236
vn -0.39693552 -0.56719327 0.7216159
vn -0.4129312 -0.8483029 0.33144876
vn -0.8938414 -0.4383826 0.09412318
vn -0.4787066 -0.8717312 0.10445166
vn -0.9357025 -0.11146851 0.3347054
vn -0.802318 0.2533794 0.54042125
vn -0.3337781 -0.9014975 0.27537003
vn -0.94505924 -0.16501753 -0.28217426
vn -0.27247813 -0.8819393 -0.3845327
vn -0.4129312 -0.8483029 0.33144876
vn -0.39693552 -0.56719327 0.7216159
vn 0.0041753748 -0.6607083 0.7506308
vn 0.0007199906 -0.9339984 0.357276
vn -0.4787066 -0.8717312 0.10445166
vn -0.0012850573 -0.9948618 0.10120039
vn 0.0053272415 0.8773959 0.479737
vn 0.0071207453 0.59911454 0.8006314
vn -0.23217216 0.507113 0.8300193
vn -0.3974419 0.7477935 0.53181714
vn 0.004436856 0.93934214 0.34293288
vn -0.5241517 0.802266 0.28567326
vn -0.6945703 0.40945023 0.59153485
vn 0.0047251703 0.9216169 0.3880411
vn -0.8788854 0.4364658 0.19248453
vn -0.5161056 0.8018051 0.30118278
vn 0.004722116 0.9187002 0.3948231
vn -0.88389575 0.44957054 0.12886155
vn -0.44677937 0.78490955 0.42922956
vn 0.0046749236 0.91273993 0.40827093
vn -0.8323264 0.37291408 0.4100558
vn -0.4130384 0.74615186 0.52207136
vn -0.802318 0.2533794 0.54042125
vn -0.39693552 -0.56719327 0.7216159
vn 0.0060117627 -0.38422564 0.9232194
vn 0.0041753748 -0.6607083 0.7506308
vn -0.20013139 -0.31488714 0.9277894
vn -0.65957296 -0.3136568 0.68306327
vn 0.0070310673 -0.13114044 0.9913386
vn -0.40638077 -0.17425688 0.89693296
vn -0.7560294 0.009374335 0.65446776
vn -0.09652062 -0.13043176 0.98674756
vn -0.47061118 0.0285137 0.8818796
vn -0.6945703 0.40945023 0.59153485
vn -0.085111834 0.23629694 0.9679458
vn 0.0076415134 0.25955158 0.96569866
vn 0.0071207453 0.59911454 0.8006314
vn -0.23217216 0.507113 0.8300193
vn -0.16629496 -0.05494068 0.9845441
vn -0.4264339 0.28071046 0.8598578
vn -0.3974419 0.7477935 0.53181714
vn -0.16483922 0.14115846 0.9761669
vn -0.19352067 0.035418876 0.9804565
vn -0.006843232 -0.6579512 -0.75297475
vn 0.47711816 -0.78763014 -0.3897625
vn 0.42593294 -0.5776282 -0.69632137
vn -0.0043794364 -0.9371058 -0.34884006
vn -0.17837307 -0.3245083 -0.92884934
vn -0.0074657886 -0.4132625 -0.9104793
vn -0.0074626417 -0.05450029 -0.99847966
vn -0.006843232 -0.6579512 -0.75297475
vn 0.42593294 -0.5776282 -0.69632137
vn 0.017022181 -0.05143623 -0.9985193
vn -0.007465444 -0.05598911 -0.9984
vn 0.02408902 -0.053748533 -0.9982544
vn 0.47585306 -0.18671224 -0.8594569
vn 0.37584817 -0.5092791 -0.7741666
vn 0.63393503 -0.3167549 -0.7055145
vn 0.71339804 -0.010210484 -0.7006635
vn 0.47711816 -0.78763014 -0.3897625
vn -0.17837307 -0.3245083 -0.92884934
vn 0.8271443 -0.19926041 -0.5254542
vn 0.87898624 -0.3353272 -0.3389984
vn 0.42593294 -0.5776282 -0.69632137
vn 0.8224686 0.50160086 -0.26817447
vn 0.63393503 -0.3167549 -0.7055145
vn 0.9497304 0.1378645 -0.28106722
vn 0.71339804 -0.010210484 -0.7006635
vn 0.97426236 -0.20327291 -0.09741441
vn 0.47585306 -0.18671224 -0.8594569
vn -0.3337781 -0.9014975 0.27537003
vn 0.37584817 -0.5092791 -0.7741666
vn -0.27247813 -0.8819393 -0.3845327
vn 0.5724339 -0.7769059 0.2620751
vn -0.27247813 -0.8819393 -0.3845327
vn -0.67265636 0.094247036 -0.7338974
vn -0.6072449 0.16808361 -0.77649826
vn -0.94505924 -0.16501753 -0.28217426
vn -0.52474123 0.17275393 -0.8335086
vn -0.58744806 0.006339155 -0.809199
vn -0.17837307 -0.3245083 -0.92884934
vn -0.36485165 0.05534451 -0.9293617
vn -0.0074657886 -0.4132625 -0.9104793
vn -0.00703263 0.13877301 -0.9901989
vn 0.6653423 0.44622388 0.5983899
vn 0.00670335 0.62359077 0.78159535
vn 0.006691388 0.6241158 0.78118217
vn 0.642696 0.46070743 0.61200863
vn -0.8483697 -0.46719226 0.2488505
vn -0.30253014 -0.21166138 0.92922837
vn -0.21442299 -0.7012931 0.6797064
vn -0.30228153 -0.20994952 0.92971325
vn -0.31420422 0.2959561 0.90192807
vn -0.8025744 0.4687025 0.36888534
vn -0.094920345 0.78243047 0.6151173
vn -0.28716952 0.58800334 0.7560223
vn -0.094920345 0.78243047 0.6151173
vn 0.0066108042 0.6668438 0.7450077
vn -0.28716952 0.58800334 0.7560223
vn 0.0045189853 0.89709085 0.44121814
vn 0.0029972633 0.97067386 0.23892228
vn -0.48768586 0.8539014 -0.18061861
vn -0.8025744 0.4687025 0.36888534
vn 0.0018220651 -0.90986633 0.4145001
vn -0.21442299 -0.7012931 0.6797064
vn 0.0033814027 -0.78420246 0.6203433
vn -0.25524917 -0.87792057 0.40454584
vn -0.8483697 -0.46719226 0.2488505
vn -0.566616 -0.732521 -0.37676615
vn 0.0007914462 -0.96460235 0.26214713
vn -0.9705341 -0.10924647 -0.21448633
vn -0.5546783 -0.79959714 -0.22760941
vn -0.56045747 -0.7971858 -0.22223437
vn -0.95980275 -0.17619564 -0.21810399
vn -0.77750415 0.5893116 -0.21785444
vn -0.7384104 0.63576925 -0.22293417
vn -0.29077405 0.93426555 -0.20242476
vn -0.0009008181 0.9851095 -0.1676385
vn -0.00064105104 0.9868131 -0.15621687
vn -0.2901032 0.9326633 -0.2112419
vn -0.7384104 0.63576925 -0.22293417
vn -0.77750415 0.5893116 -0.21785444
vn -0.56045747 -0.7971858 -0.22223437
vn -0.5546783 -0.79959714 -0.22760941
vn -0.0020120577 -0.9749278 -0.21887489
vn -0.001775497 -0.9775085 -0.20820597
vn -0.04533462 -0.17021579 0.9834802
vn 0.007178297 -0.17958288 0.9828603
vn 0.00719338 -0.17702498 0.9833643
vn -0.048106752 -0.16595 0.9841143
vn -0.12123612 -0.08155187 0.9883427
vn -0.12369799 -0.07452576 0.9886054
vn -0.12577619 0.118712835 0.9840051
vn -0.1286095 0.1146964 0.9841279
vn -0.03647769 0.20979321 0.9761321
vn -0.041301236 0.21516377 0.974801
vn 0.0073394314 0.19315563 0.9802012
vn 0.0073302933 0.19636548 0.97958755
vn -0.0074208546 -0.29725984 -0.95476764
vn -0.0074208546 -0.29725987 -0.95476764
vn -0.62279886 -0.2331282 -0.7468418
vn -0.6226417 -0.23316523 -0.74696136
vn -0.6226417 -0.23316523 -0.74696136
vn -0.62279886 -0.2331282 -0.7468418
vn -0.9253092 -0.11355207 -0.36181325
vn -0.92522705 -0.11361154 -0.36200458
vn -0.99997133 0.0013406789 0.007460554
vn -0.99997276 0.0012803131 0.0072666532
vn -0.9194936 0.11602904 0.3755912
vn -0.91957915 0.11596935 0.37539977
vn -0.61095774 0.23477891 0.75604844
vn -0.61111724 0.2347422 0.755931
vn -0.61111724 0.2347422 0.755931
vn -0.61095774 0.23477891 0.75604844
vn 0.00742086 0.2972539 0.95476943
vn 0.0074208598 0.29725385 0.95476943
vn -0.6109183 0.23440807 0.7561953
vn 0.007421327 0.2967778 0.95491755
vn 0.0068826717 -0.22421512 0.9745152
vn -0.5218618 -0.27161008 0.8086334
vn 0.00094393664 -0.9545355 0.29809487
vn 0.00094396004 -0.9545346 0.29809785
vn 0.0009439603 -0.9545346 0.29809788
vn 0.0009439256 -0.954536 0.29809347
vn 0.0009439137 -0.9545365 0.29809192
vn 0.0009439199 -0.95453614 0.29809272
vn 0.00094391743 -0.9545363 0.2980924
vn 0.0009439172 -0.9545363 0.29809237
vn 0.00094391825 -0.95453626 0.29809248
vn 0.0009439128 -0.9545365 0.29809177
vn 0.0009439506 -0.95453495 0.29809663
vn 0.00094394374 -0.95453525 0.2980958
vn 0.000943962 -0.9545346 0.29809812
vn 0.000943962 -0.9545346 0.29809812
vn -0.5218618 -0.27161008 0.8086334
vn 0.0068826717 -0.22421512 0.9745152
vn 0.0026796157 -0.856395 0.5163139
vn -0.16868956 -0.8652012 0.47219735
vn -0.8018981 -0.35650986 0.47943714
vn -0.264213 -0.88572496 0.38168353
vn -0.88143116 -0.44886938 0.14695318
vn -0.29214084 -0.912254 0.287134
vn -0.8072513 -0.5619607 -0.18040311
vn -0.26576596 -0.9443427 0.1938683
vn -0.5322875 -0.68033427 -0.50380063
vn -0.17165248 -0.97940385 0.1063167
vn -0.0008478034 -0.998042 0.06253783
vn -0.005937241 -0.7379168 -0.67486525
vn -0.007421342 -0.29676154 -0.9549226
vn -0.62284636 -0.23272549 -0.74692786
vn -0.5322875 -0.68033427 -0.50380063
vn -0.005937241 -0.7379168 -0.67486525
vn -0.91946805 0.11585486 0.37570742
vn -0.6109183 0.23440807 0.7561953
vn -0.5218618 -0.27161008 0.8086334
vn -0.8018981 -0.35650986 0.47943714
vn -0.99997085 0.001359042 0.007520759
vn -0.88143116 -0.44886938 0.14695318
vn -0.92533386 -0.113341905 -0.36181608
vn -0.8072513 -0.5619607 -0.18040311
vn -0.62284636 -0.23272549 -0.74692786
vn -0.5322875 -0.68033427 -0.50380063
vn -0.22665167 -0.41516903 0.881058
vn -0.22712073 -0.41518056 0.88093174
vn -0.2635632 -0.38893703 0.88261044
vn -0.26446965 -0.38929516 0.8822428
vn -0.23978375 -0.34845662 0.9061353
vn -0.26962513 -0.33750826 0.90186757
vn -0.23890863 -0.35101295 0.9053796
vn -0.2696444 -0.33780098 0.9017659
vn -0.27352697 -0.31204498 0.9098408
vn -0.26683298 -0.32316312 0.907825
vn -0.27407017 -0.31311446 0.90929407
vn -0.26709878 -0.32478753 0.90723485
vn 0.10056756 -0.22357108 -0.96941257
vn 0.099725835 -0.222529 -0.96975887
vn -0.10911475 -0.2658181 -0.9577664
vn -0.099974915 -0.25657645 -0.96125525
vn 0.22331004 -0.34748906 -0.91065085
vn -0.20170265 -0.3452239 -0.91655666
vn 0.22266646 -0.34360802 -0.912297
vn -0.20092413 -0.34631407 -0.9163005
vn 0.19046886 -0.47268656 -0.8604004
vn -0.026402526 -0.44644284 -0.8944222
vn 0.1944964 -0.4669692 -0.86261857
vn -0.035541497 -0.44150755 -0.89655286
vn -0.06775968 0.1791798 0.9814796
vn -0.3718665 -0.550141 0.7477027
vn -0.8497999 -0.028691381 0.5263246
vn -0.19950451 0.26352668 0.94379604
vn 0.08863111 0.22692955 0.96986914
vn -0.6821108 0.6998619 0.211941
vn 0.4889652 -0.5086515 0.7086503
vn -0.24571133 0.4125011 0.8771312
vn 0.20772855 0.30508068 0.92939395
vn 0.22322714 0.9396838 0.25900787
vn 0.86583185 0.28280511 0.41274163
vn 0.005856367 0.42509663 0.9049612
vn -0.271805 0.085774064 0.95814115
vn -0.6427201 0.64175564 0.417786
vn 0.3960435 0.7530765 0.524706
vn -0.038491964 0.17129567 0.98406744
vn -0.38837075 -0.14176528 0.9100928
vn 0.18733019 0.106273174 0.9761462
vn -0.92474926 -0.25856403 0.27907065
vn 0.19054824 0.100486636 0.9760805
vn -0.23874626 -0.378112 0.89410806
vn 0.71365726 -0.5243263 0.46402395
vn -0.29071552 -0.9228542 0.25170088
vn 0.10890058 -0.23931545 0.9642255
vn 0.17245726 -0.060616434 -0.9817122
vn 0.29402828 0.28256974 -0.91200596
vn 0.30761474 0.26398727 -0.91317576
vn 0.1594697 -0.06511915 -0.9836661
vn 0.11465233 0.4251182 -0.896482
vn -0.14497456 -0.14126822 -0.9776851
vn 0.12651758 0.39870787 -0.9065833
vn -0.14731571 -0.13087565 -0.9788454
vn -0.08512062 0.31731865 -0.9429812
vn -0.22645804 0.049436733 -0.9711763
vn -0.100350976 0.302481 -0.94628555
vn -0.22877586 0.0711181 -0.9693298
vn 0.14653885 0.3845973 -0.91099054
vn 0.36605456 0.8973579 -0.24525788
vn 0.18904625 0.29894903 -0.9348929
vn 0.18927383 0.2975796 -0.93523824
vn 0.17272201 0.41508716 -0.892965
vn 0.18895909 0.41286427 -0.8906702
vn 0.8780598 0.22521442 -0.42211157
vn 0.19129604 0.40407145 -0.89415073
vn 0.1834178 0.39009988 -0.9018756
vn 0.1565496 0.45381492 -0.87664175
vn 0.18206656 0.39088133 -0.90182745
vn 0.15574323 0.46294147 -0.87196803
vn 0.26436514 0.116686374 0.9573378
vn 0.30032036 0.14433248 0.94205594
vn 0.2648305 0.116616055 0.95721775
vn 0.30127367 0.14211456 0.9424215
vn 0.27598923 0.18673459 0.94284695
vn 0.30530465 0.19453241 0.932096
vn 0.27517805 0.18415405 0.94359136
vn 0.30534124 0.19386142 0.9323007
vn 0.3086091 0.22003841 0.9253885
vn 0.30211908 0.21277478 0.928539
vn 0.30915943 0.21927494 0.9252958
vn 0.30247682 0.20919137 0.9296203
vn -0.10407227 0.65987015 -0.74358493
vn 0.105513826 0.62508655 -0.77294904
vn -0.10323874 0.6592782 -0.7443738
vn 0.09640211 0.6350532 -0.76581776
vn -0.2270099 0.5384895 -0.8111202
vn 0.19797818 0.5431154 -0.81577265
vn -0.2263679 0.5406735 -0.809961
vn 0.19720444 0.54354244 -0.81557155
vn -0.19440553 0.4201241 -0.88639814
vn 0.02243824 0.46322817 -0.8859543
vn -0.19842313 0.4252687 -0.8830483
vn 0.03158503 0.46785322 -0.88324094
vn 0.07120941 -0.69030714 0.7200017
vn 0.85128146 -0.44270444 0.28166
vn 0.372504 -0.92798305 -0.009227037
vn 0.20308489 -0.61025256 0.76573265
vn -0.08507657 -0.6530334 0.7525334
vn 0.6847639 0.23882382 0.68852293
vn -0.48831683 -0.87265 0.0050376654
vn 0.24952714 -0.46592617 0.8479612
vn -0.20406762 -0.5745287 0.7926354
vn -0.21974687 0.34232235 0.9128978
vn -0.8637729 -0.16938686 0.4745564
vn -0.0019122474 -0.47616935 0.8768256
vn 0.29143056 0.6698765 0.6808966
vn -0.40905648 0.90996164 -0.04640439
vn 0.63004476 0.7689014 -0.1020253
vn 0.056068957 0.74874794 0.65763724
vn 0.41473722 0.45884645 0.7828341
vn -0.16750646 0.69040596 0.7011183
vn 0.93946487 -0.016046576 0.34142476
vn -0.17039819 0.6829294 0.70679545
vn 0.27281877 0.26820862 0.9220365
vn -0.68395466 -0.12977165 0.7160163
vn 0.32811803 -0.55543137 0.7623026
vn -0.07733893 0.40611705 0.90690047
vn -0.19384596 -0.64406645 -0.74000156
vn -0.33821398 -0.3606714 -0.86921114
vn -0.32528183 -0.3431844 -0.881145
vn -0.18072003 -0.6509308 -0.7373122
vn -0.15068734 -0.21362817 -0.96522355
vn 0.12602164 -0.6929531 -0.7098834
vn -0.16226728 -0.21225668 -0.96364754
vn 0.12808 -0.69085443 -0.7115584
vn 0.051408477 -0.31768912 -0.9468002
vn 0.20096564 -0.53243893 -0.8222659
vn 0.06700418 -0.32762736 -0.942428
vn 0.20268145 -0.5201815 -0.8296574
vn -0.22055759 -0.16173056 -0.95946133
vn -0.21059583 -0.13002165 -0.96744436
vn -0.8961933 -0.047357388 -0.44041765
vn -0.21924764 -0.1604625 -0.9600634
vn -0.40190718 0.617993 -0.673107
vn -0.19435126 -0.09013438 -0.97351265
vn -0.18383618 -0.16888188 -0.966223
vn -0.1950129 -0.09907172 -0.9726823
vn -0.22405507 -0.2573985 -0.9373006
vn -0.22876601 -0.14275983 -0.9610727
vn -0.2241987 -0.26037607 -0.9361812
vn -0.22666237 -0.1319894 -0.96335596
g 0.3333_0
f 3/3/3 2/2/2 1/1/1
f 6/6/6 5/5/5 4/4/4
f 9/9/9 8/8/8 7/7/7
f 12/12/12 11/11/11 10/10/10
f 15/15/15 14/14/14 13/13/13
f 18/18/18 17/17/17 16/16/16
f 21/21/21 20/20/20 19/19/19
f 20/20/20 22/22/22 19/19/19
f 19/19/19 22/22/22 23/23/23
f 22/22/22 24/24/24 23/23/23
f 27/27/27 26/26/26 25/25/25
f 26/26/26 28/28/28 25/25/25
f 25/25/25 28/28/28 29/29/29
f 28/28/28 30/30/30 29/29/29
f 29/29/29 30/30/30 31/31/31
f 30/30/30 32/32/32 31/31/31
f 31/31/31 32/32/32 33/33/33
f 32/32/32 34/34/34 33/33/33
f 33/33/33 34/34/34 35/35/35
f 34/34/34 36/36/36 35/35/35
f 39/39/39 38/38/38 37/37/37
f 38/38/38 40/40/40 37/37/37
f 38/38/38 41/41/41 40/40/40
f 41/41/41 42/42/42 40/40/40
f 37/37/37 40/40/40 43/43/43
f 40/40/40 42/42/42 44/44/44
f 40/40/40 44/44/44 43/43/43
f 42/42/42 45/45/45 44/44/44
f 44/44/44 45/45/45 46/46/46
f 44/44/44 46/46/46 43/43/43
f 45/45/45 47/47/47 46/46/46
f 43/43/43 46/46/46 48/48/48
f 48/48/48 49/49/49 43/43/43
f 49/49/49 50/50/50 43/43/43
f 53/53/53 52/52/52 51/51/51
f 54/54/54 53/53/53 51/51/51
f 55/55/55 53/53/53 54/54/54
f 56/56/56 55/55/55 54/54/54
f 59/59/59 58/58/58 57/57/57
f 58/58/58 60/60/60 57/57/57
f 57/57/57 60/60/60 61/61/61
f 58/58/58 62/62/62 60/60/60
f 60/60/60 63/63/63 61/61/61
f 62/62/62 64/64/64 60/60/60
f 60/60/60 64/64/64 63/63/63
f 64/64/64 65/65/65 63/63/63
f 64/64/64 66/66/66 65/65/65
f 69/69/69 68/68/68 67/67/67
f 68/68/68 70/70/70 67/67/67
f 67/67/67 70/70/70 71/71/71
f 70/70/70 72/72/72 71/71/71
f 71/71/71 72/72/72 73/73/73
f 72/72/72 74/74/74 73/73/73
f 77/77/77 76/76/76 75/75/75
f 76/76/76 78/78/78 75/75/75
f 75/75/75 78/78/78 79/79/79
f 78/78/78 80/80/80 79/79/79
f 82/82/82 81/81/81 75/75/75
f 81/81/81 83/83/83 75/75/75
f 75/75/75 83/83/83 84/84/84
f 83/83/83 85/85/85 84/84/84
f 84/84/84 85/85/85 86/86/86
f 85/85/85 87/87/87 86/86/86
f 86/86/86 87/87/87 88/88/88
f 87/87/87 89/89/89 88/88/88
f 88/88/88 89/89/89 90/90/90
f 89/89/89 91/91/91 90/90/90
f 90/90/90 91/91/91 92/92/92
f 95/95/95 94/94/94 93/93/93
f 96/96/96 95/95/95 93/93/93
f 97/97/97 95/95/95 96/96/96
f 98/98/98 97/97/97 96/96/96
f 101/101/101 100/100/100 99/99/99
f 102/102/102 101/101/101 99/99/99
f 102/102/102 99/99/99 103/103/103
f 101/101/101 102/102/102 104/104/104
f 105/105/105 102/102/102 103/103/103
f 102/102/102 106/106/106 104/104/104
f 102/102/102 105/105/105 106/106/106
f 105/105/105 107/107/107 106/106/106
f 106/106/106 107/107/107 108/108/108
f 109/109/109 106/106/106 108/108/108
f 112/112/112 111/111/111 110/110/110
f 113/113/113 112/112/112 110/110/110
f 116/116/116 115/115/115 114/114/114
f 115/115/115 117/117/117 114/114/114
f 114/114/114 117/117/117 118/118/118
f 117/117/117 119/119/119 118/118/118
f 122/122/122 121/121/121 120/120/120
f 121/121/121 123/123/123 120/120/120
f 120/120/120 123/123/123 124/124/124
f 123/123/123 125/125/125 124/124/124
f 128/128/128 127/127/127 126/126/126
f 129/129/129 128/128/128 126/126/126
f 129/129/129 126/126/126 130/130/130
f 130/130/130 126/126/126 131/131/131
f 130/130/130 132/132/132 129/129/129
f 133/133/133 130/130/130 131/131/131
f 132/132/132 130/130/130 133/133/133
f 134/134/134 132/132/132 133/133/133
f 137/137/137 136/136/136 135/135/135
f 138/138/138 137/137/137 135/135/135
f 141/141/141 140/140/140 139/139/139
f 140/140/140 142/142/142 139/139/139
f 143/143/143 139/139/139 142/142/142
f 144/144/144 143/143/143 142/142/142
f 145/145/145 144/144/144 142/142/142
f 146/146/146 145/145/145 142/142/142
f 147/147/147 144/144/144 145/145/145
f 144/144/144 147/147/147 143/143/143
f 147/147/147 148/148/148 143/143/143
f 143/143/143 148/148/148 149/149/149
f 148/148/148 150/150/150 149/149/149
f 153/153/153 152/152/152 151/151/151
f 154/154/154 153/153/153 151/151/151
f 153/153/153 154/154/154 155/155/155
f 156/156/156 153/153/153 155/155/155
f 157/157/157 156/156/156 155/155/155
f 156/156/156 158/158/158 153/153/153
f 158/158/158 159/159/159 153/153/153
f 160/160/160 159/159/159 158/158/158
f 161/161/161 160/160/160 158/158/158
f 160/160/160 161/161/161 162/162/162
f 161/161/161 163/163/163 162/162/162
f 164/164/164 157/157/157 155/155/155
f 164/164/164 155/155/155 165/165/165
f 166/166/166 164/164/164 165/165/165
f 164/164/164 166/166/166 167/167/167
f 166/166/166 168/168/168 167/167/167
f 171/171/171 170/170/170 169/169/169
f 172/172/172 171/171/171 169/169/169
f 175/175/175 174/174/174 173/173/173
f 176/176/176 175/175/175 173/173/173
f 176/176/176 173/173/173 177/177/177
f 173/173/173 178/178/178 177/177/177
f 176/176/176 177/177/177 179/179/179
f 180/180/180 176/176/176 179/179/179
f 180/180/180 179/179/179 181/181/181
f 182/182/182 176/176/176 180/180/180
f 183/183/183 180/180/180 181/181/181
f 184/184/184 182/182/182 180/180/180
f 180/180/180 183/183/183 184/184/184
f 183/183/183 185/185/185 184/184/184
f 188/188/188 187/187/187 186/186/186
f 189/189/189 187/187/187 188/188/188
f 190/190/190 189/189/189 188/188/188
f 193/193/193 192/192/192 191/191/191
f 192/192/192 194/194/194 191/191/191
f 194/194/194 192/192/192 195/195/195
f 192/192/192 196/196/196 195/195/195
f 199/199/199 198/198/198 197/197/197
f 200/200/200 199/199/199 197/197/197
f 203/203/203 202/202/202 201/201/201
f 204/204/204 203/203/203 201/201/201
f 207/207/207 206/206/206 205/205/205
f 208/208/208 207/207/207 205/205/205
f 211/211/211 210/210/210 209/209/209
f 212/212/212 211/211/211 209/209/209
f 215/215/215 214/214/214 213/213/213
f 216/216/216 215/215/215 213/213/213
f 219/219/219 218/218/218 217/217/217
f 220/220/220 219/219/219 217/217/217
f 220/220/220 217/217/217 221/221/221
f 217/217/217 222/222/222 221/221/221
f 225/225/225 224/224/224 223/223/223
f 226/226/226 225/225/225 223/223/223
f 226/226/226 223/223/223 227/227/227
f 223/223/223 228/228/228 227/227/227
f 231/231/231 230/230/230 229/229/229
f 232/232/232 231/231/231 229/229/229
f 231/231/231 232/232/232 233/233/233
f 232/232/232 234/234/234 233/233/233
f 234/234/234 235/235/235 233/233/233
f 235/235/235 236/236/236 233/233/233
f 237/237/237 233/233/233 236/236/236
f 235/235/235 238/238/238 236/236/236
f 239/239/239 237/237/237 236/236/236
f 238/238/238 240/240/240 236/236/236
f 239/239/239 236/236/236 240/240/240
f 241/241/241 239/239/239 240/240/240
f 244/244/244 243/243/243 242/242/242
f 242/242/242 245/245/245 244/244/244
f 244/244/244 245/245/245 246/246/246
f 245/245/245 247/247/247 246/246/246
f 247/247/247 245/245/245 248/248/248
f 245/245/245 249/249/249 248/248/248
f 245/245/245 242/242/242 249/249/249
f 242/242/242 250/250/250 249/249/249
f 253/253/253 252/252/252 251/251/251
f 252/252/252 254/254/254 251/251/251
f 254/254/254 255/255/255 251/251/251
f 255/255/255 256/256/256 251/251/251
f 259/259/259 258/258/258 257/257/257
f 260/260/260 259/259/259 257/257/257
f 257/257/257 261/261/261 260/260/260
f 262/262/262 259/259/259 260/260/260
f 260/260/260 261/261/261 263/263/263
f 263/263/263 262/262/262 260/260/260
f 266/266/266 265/265/265 264/264/264
f 267/267/267 266/266/266 264/264/264
f 268/268/268 266/266/266 267/267/267
f 269/269/269 268/268/268 267/267/267
f 270/270/270 269/269/269 267/267/267
f 271/271/271 270/270/270 267/267/267
f 271/271/271 267/267/267 264/264/264
f 272/272/272 271/271/271 264/264/264
f 275/275/275 274/274/274 273/273/273
f 276/276/276 275/275/275 273/273/273
f 273/273/273 277/277/277 276/276/276
f 276/276/276 277/277/277 278/278/278
f 281/281/281 280/280/280 279/279/279
f 280/280/280 282/282/282 279/279/279
f 279/279/279 282/282/282 283/283/283
f 282/282/282 284/284/284 283/283/283
f 280/280/280 285/285/285 282/282/282
f 285/285/285 286/286/286 282/282/282
f 289/289/289 288/288/288 287/287/287
f 288/288/288 290/290/290 287/287/287
f 288/288/288 291/291/291 290/290/290
f 291/291/291 292/292/292 290/290/290
f 295/295/295 294/294/294 293/293/293
f 296/296/296 295/295/295 293/293/293
f 296/296/296 293/293/293 297/297/297
f 298/298/298 296/296/296 297/297/297
f 299/299/299 295/295/295 296/296/296
f 300/300/300 299/299/299 296/296/296
f 303/303/303 302/302/302 301/301/301
f 304/304/304 303/303/303 301/301/301
f 304/304/304 301/301/301 305/305/305
f 306/306/306 303/303/303 304/304/304
f 307/307/307 304/304/304 305/305/305
f 308/308/308 306/306/306 304/304/304
f 308/308/308 304/304/304 307/307/307
f 309/309/309 308/308/308 307/307/307
f 312/312/312 311/311/311 310/310/310
f 311/311/311 313/313/313 310/310/310
f 313/313/313 311/311/311 314/314/314
f 315/315/315 313/313/313 314/314/314
f 316/316/316 313/313/313 315/315/315
f 313/313/313 316/316/316 310/310/310
f 317/317/317 316/316/316 315/315/315
f 310/310/310 316/316/316 318/318/318
f 318/318/318 319/319/319 310/310/310
f 319/319/319 320/320/320 310/310/310
f 320/320/320 321/321/321 310/310/310
f 321/321/321 322/322/322 310/310/310
f 323/323/323 322/322/322 321/321/321
f 324/324/324 323/323/323 321/321/321
f 324/324/324 325/325/325 323/323/323
f 325/325/325 326/326/326 323/323/323
f 329/329/329 328/328/328 327/327/327
f 328/328/328 330/330/330 327/327/327
f 330/330/330 331/331/331 327/327/327
f 331/331/331 332/332/332 327/327/327
f 332/332/332 331/331/331 333/333/333
f 334/334/334 332/332/332 333/333/333
f 337/337/337 336/336/336 335/335/335
f 336/336/336 338/338/338 335/335/335
f 338/338/338 336/336/336 339/339/339
f 340/340/340 338/338/338 339/339/339
f 343/343/343 342/342/342 341/341/341
f 344/344/344 343/343/343 341/341/341
f 344/344/344 341/341/341 345/345/345
f 346/346/346 344/344/344 345/345/345
f 344/344/344 346/346/346 347/347/347
f 348/348/348 344/344/344 347/347/347
f 344/344/344 348/348/348 343/343/343
f 349/349/349 348/348/348 347/347/347
f 349/349/349 350/350/350 348/348/348
f 348/348/348 351/351/351 343/343/343
f 350/350/350 351/351/351 348/348/348
f 352/352/352 343/343/343 351/351/351
f 350/350/350 353/353/353 351/351/351
f 353/353/353 352/352/352 351/351/351
f 356/356/356 355/355/355 354/354/354
f 355/355/355 357/357/357 354/354/354
f 354/354/354 357/357/357 358/358/358
f 359/359/359 354/354/354 358/358/358
f 359/359/359 358/358/358 360/360/360
f 361/361/361 359/359/359 360/360/360
f 360/360/360 358/358/358 362/362/362
f 358/358/358 363/363/363 362/362/362
f 363/363/363 358/358/358 357/357/357
f 364/364/364 363/363/363 357/357/357
f 365/365/365 364/364/364 357/357/357
f 366/366/366 365/365/365 357/357/357
f 366/366/366 357/357/357 355/355/355
f 367/367/367 366/366/366 355/355/355
f 367/367/367 355/355/355 368/368/368
f 369/369/369 367/367/367 368/368/368
f 372/372/372 371/371/371 370/370/370
f 373/373/373 372/372/372 370/370/370
f 373/373/373 370/370/370 374/374/374
f 375/375/375 373/373/373 374/374/374
f 378/378/378 377/377/377 376/376/376
f 379/379/379 378/378/378 376/376/376
f 376/376/376 380/380/380 379/379/379
f 380/380/380 381/381/381 379/379/379
f 379/379/379 381/381/381 382/382/382
f 381/381/381 383/383/383 382/382/382
f 382/382/382 384/384/384 379/379/379
f 384/384/384 378/378/378 379/379/379
f 384/384/384 385/385/385 378/378/378
f 385/385/385 386/386/386 378/378/378
f 385/385/385 387/387/387 386/386/386
f 387/387/387 388/388/388 386/386/386
f 391/391/391 390/390/390 389/389/389
f 390/390/390 392/392/392 389/389/389
f 390/390/390 393/393/393 392/392/392
f 393/393/393 394/394/394 392/392/392
f 392/392/392 394/394/394 395/395/395
f 394/394/394 396/396/396 395/395/395
f 392/392/392 395/395/395 397/397/397
f 389/389/389 392/392/392 397/397/397
f 389/389/389 397/397/397 398/398/398
f 399/399/399 389/389/389 398/398/398
f 398/398/398 400/400/400 399/399/399
f 400/400/400 401/401/401 399/399/399
f 404/404/404 403/403/403 402/402/402
f 402/402/402 405/405/405 404/404/404
f 405/405/405 402/402/402 406/406/406
f 405/405/405 406/406/406 407/407/407
f 408/408/408 405/405/405 407/407/407
f 408/408/408 407/407/407 409/409/409
f 410/410/410 408/408/408 409/409/409
f 409/409/409 411/411/411 410/410/410
f 414/414/414 413/413/413 412/412/412
f 415/415/415 414/414/414 412/412/412
f 412/412/412 416/416/416 415/415/415
f 416/416/416 417/417/417 415/415/415
f 416/416/416 418/418/418 417/417/417
f 418/418/418 419/419/419 417/417/417
f 418/418/418 420/420/420 419/419/419
f 420/420/420 421/421/421 419/419/419
f 424/424/424 423/423/423 422/422/422
f 425/425/425 424/424/424 422/422/422
f 426/426/426 424/424/424 425/425/425
f 422/422/422 427/427/427 425/425/425
f 428/428/428 426/426/426 425/425/425
f 427/427/427 429/429/429 425/425/425
f 425/425/425 429/429/429 428/428/428
f 427/427/427 430/430/430 429/429/429
f 429/429/429 431/431/431 428/428/428
f 430/430/430 432/432/432 429/429/429
f 429/429/429 432/432/432 431/431/431
f 430/430/430 433/433/433 432/432/432
f 432/432/432 434/434/434 431/431/431
f 433/433/433 435/435/435 432/432/432
f 432/432/432 435/435/435 434/434/434
f 435/435/435 436/436/436 434/434/434
f 439/439/439 438/438/438 437/437/437
f 437/437/437 440/440/440 439/439/439
f 437/437/437 441/441/441 440/440/440
f 441/441/441 442/442/442 440/440/440
f 445/445/445 444/444/444 443/443/443
f 444/444/444 446/446/446 443/443/443
f 443/443/443 446/446/446 447/447/447
f 448/448/448 446/446/446 444/444/444
f 446/446/446 448/448/448 447/447/447
f 447/447/447 448/448/448 449/449/449
f 448/448/448 444/444/444 450/450/450
f 448/448/448 451/451/451 449/449/449
f 451/451/451 448/448/448 450/450/450
f 449/449/449 451/451/451 452/452/452
f 450/450/450 453/453/453 451/451/451
f 451/451/451 453/453/453 452/452/452
f 453/453/453 450/450/450 454/454/454
f 452/452/452 453/453/453 454/454/454
f 457/457/457 456/456/456 455/455/455
f 458/458/458 457/457/457 455/455/455
f 458/458/458 455/455/455 459/459/459
f 460/460/460 458/458/458 459/459/459
f 460/460/460 459/459/459 461/461/461
f 462/462/462 460/460/460 461/461/461
f 463/463/463 462/462/462 461/461/461
f 466/466/466 465/465/465 464/464/464
f 465/465/465 467/467/467 464/464/464
f 464/464/464 467/467/467 468/468/468
f 467/467/467 469/469/469 468/468/468
f 468/468/468 471/471/471 470/470/470
f 471/471/471 472/472/472 470/470/470
f 470/470/470 472/472/472 473/473/473
f 472/472/472 474/474/474 473/473/473
f 477/477/477 476/476/476 475/475/475
f 477/477/477 478/478/478 476/476/476
f 478/478/478 479/479/479 476/476/476
f 478/478/478 480/480/480 479/479/479
f 480/480/480 481/481/481 479/479/479
f 484/484/484 483/483/483 482/482/482
f 485/485/485 484/484/484 482/482/482
f 482/482/482 486/486/486 485/485/485
f 486/486/486 487/487/487 485/485/485
f 485/485/485 487/487/487 488/488/488
f 489/489/489 487/487/487 486/486/486
f 487/487/487 489/489/489 488/488/488
f 486/486/486 490/490/490 489/489/489
f 488/488/488 489/489/489 491/491/491
f 490/490/490 492/492/492 489/489/489
f 489/489/489 493/493/493 491/491/491
f 492/492/492 493/493/493 489/489/489
f 496/496/496 495/495/495 494/494/494
f 497/497/497 496/496/496 494/494/494
f 498/498/498 496/496/496 497/497/497
f 499/499/499 498/498/498 497/497/497
f 500/500/500 498/498/498 499/499/499
f 501/501/501 500/500/500 499/499/499
f 502/502/502 500/500/500 501/501/501
f 503/503/503 502/502/502 501/501/501
f 506/506/506 505/505/505 504/504/504
f 507/507/507 506/506/506 504/504/504
f 509/509/509 508/508/508 507/507/507
f 510/510/510 509/509/509 507/507/507
f 511/511/511 509/509/509 510/510/510
f 512/512/512 511/511/511 510/510/510
f 513/513/513 511/511/511 512/512/512
f 514/514/514 513/513/513 512/512/512
f 512/512/512 515/515/515 514/514/514
f 516/516/516 513/513/513 514/514/514
f 515/515/515 517/517/517 514/514/514
f 518/518/518 516/516/516 514/514/514
f 514/514/514 517/517/517 518/518/518
f 517/517/517 519/519/519 518/518/518
f 522/522/522 521/521/521 520/520/520
f 523/523/523 522/522/522 520/520/520
f 524/524/524 522/522/522 523/523/523
f 525/525/525 524/524/524 523/523/523
f 525/525/525 523/523/523 526/526/526
f 527/527/527 523/523/523 520/520/520
f 523/523/523 527/527/527 526/526/526
f 528/528/528 527/527/527 520/520/520
f 526/526/526 527/527/527 529/529/529
f 529/529/529 527/527/527 528/528/528
f 532/532/532 531/531/531 530/530/530
f 533/533/533 532/532/532 530/530/530
f 534/534/534 532/532/532 533/533/533
f 533/533/533 530/530/530 535/535/535
f 536/536/536 534/534/534 533/533/533
f 537/537/537 533/533/533 535/535/535
f 536/536/536 533/533/533 537/537/537
f 537/537/537 535/535/535 538/538/538
f 539/539/539 536/536/536 537/537/537
f 540/540/540 537/537/537 538/538/538
f 539/539/539 537/537/537 540/540/540
f 540/540/540 538/538/538 541/541/541
f 542/542/542 539/539/539 540/540/540
f 541/541/541 542/542/542 540/540/540
f 545/545/545 544/544/544 543/543/543
f 546/546/546 545/545/545 543/543/543
f 549/549/549 548/548/548 547/547/547
f 548/548/548 550/550/550 547/547/547
f 547/547/547 550/550/550 551/551/551
f 550/550/550 552/552/552 551/551/551
f 551/551/551 552/552/552 553/553/553
f 552/552/552 554/554/554 553/553/553
f 552/552/552 555/555/555 554/554/554
f 555/555/555 556/556/556 554/554/554
f 557/557/557 555/555/555 552/552/552
f 558/558/558 557/557/557 552/552/552
f 559/559/559 557/557/557 558/558/558
f 560/560/560 559/559/559 558/558/558
f 563/563/563 562/562/562 561/561/561
f 564/564/564 563/563/563 561/561/561
f 565/565/565 563/563/563 564/564/564
f 566/566/566 565/565/565 564/564/564
f 567/567/567 565/565/565 566/566/566
f 568/568/568 567/567/567 566/566/566
f 571/571/571 570/570/570 569/569/569
f 572/572/572 571/571/571 569/569/569
f 575/575/575 574/574/574 573/573/573
f 576/576/576 575/575/575 573/573/573
f 579/579/579 578/578/578 577/577/577
f 580/580/580 579/579/579 577/577/577
f 580/580/580 577/577/577 581/581/581
f 582/582/582 580/580/580 581/581/581
f 585/585/585 584/584/584 583/583/583
f 584/584/584 586/586/586 583/583/583
f 584/584/584 587/587/587 586/586/586
f 587/587/587 588/588/588 586/586/586
f 591/591/591 590/590/590 589/589/589
f 592/592/592 591/591/591 589/589/589
f 595/595/595 594/594/594 593/593/593
f 596/596/596 595/595/595 593/593/593
f 596/596/596 593/593/593 597/597/597
f 598/598/598 596/596/596 597/597/597
f 601/601/601 600/600/600 599/599/599
f 602/602/602 601/601/601 599/599/599
f 602/602/602 599/599/599 603/603/603
f 604/604/604 602/602/602 603/603/603
f 604/604/604 603/603/603 605/605/605
f 606/606/606 601/601/601 602/602/602
f 601/601/601 606/606/606 607/607/607
f 601/601/601 607/607/607 608/608/608
f 608/608/608 607/607/607 609/609/609
f 607/607/607 610/610/610 609/609/609
f 609/609/609 610/610/610 611/611/611
f 610/610/610 612/612/612 611/611/611
f 611/611/611 612/612/612 613/613/613
f 612/612/612 614/614/614 613/613/613
f 602/602/602 615/615/615 613/613/613
f 615/615/615 602/602/602 616/616/616
f 602/602/602 604/604/604 616/616/616
f 617/617/617 606/606/606 602/602/602
f 616/616/616 604/604/604 618/618/618
f 619/619/619 607/607/607 606/606/606
f 607/607/607 619/619/619 610/610/610
f 619/619/619 606/606/606 617/617/617
f 619/619/619 620/620/620 610/610/610
f 621/621/621 619/619/619 617/617/617
f 620/620/620 619/619/619 621/621/621
f 604/604/604 622/622/622 618/618/618
f 605/605/605 622/622/622 604/604/604
f 618/618/618 622/622/622 623/623/623
f 624/624/624 618/618/618 623/623/623
f 625/625/625 622/622/622 605/605/605
f 623/623/623 622/622/622 625/625/625
f 623/623/623 626/626/626 624/624/624
f 625/625/625 626/626/626 623/623/623
f 626/626/626 627/627/627 624/624/624
f 628/628/628 626/626/626 625/625/625
f 629/629/629 628/628/628 625/625/625
f 630/630/630 625/625/625 605/605/605
f 630/630/630 605/605/605 631/631/631
f 632/632/632 630/630/630 631/631/631
f 633/633/633 632/632/632 631/631/631
f 636/636/636 635/635/635 634/634/634
f 635/635/635 637/637/637 634/634/634
f 634/634/634 637/637/637 638/638/638
f 637/637/637 639/639/639 638/638/638
f 637/637/637 640/640/640 639/639/639
f 640/640/640 641/641/641 639/639/639
f 644/644/644 643/643/643 642/642/642
f 644/644/644 645/645/645 643/643/643
f 645/645/645 646/646/646 643/643/643
f 647/647/647 646/646/646 645/645/645
f 647/647/647 648/648/648 646/646/646
f 648/648/648 649/649/649 646/646/646
f 652/652/652 651/651/651 650/650/650
f 653/653/653 652/652/652 650/650/650
f 653/653/653 654/654/654 652/652/652
f 654/654/654 655/655/655 652/652/652
f 655/655/655 654/654/654 656/656/656
f 657/657/657 655/655/655 656/656/656
f 657/657/657 656/656/656 658/658/658
f 656/656/656 659/659/659 658/658/658
f 662/662/662 661/661/661 660/660/660
f 661/661/661 663/663/663 660/660/660
f 660/660/660 663/663/663 664/664/664
f 665/665/665 660/660/660 664/664/664
f 663/663/663 661/661/661 666/666/666
f 663/663/663 666/666/666 664/664/664
f 661/661/661 667/667/667 666/666/666
f 661/661/661 668/668/668 667/667/667
f 667/667/667 668/668/668 669/669/669
f 670/670/670 667/667/667 669/669/669
f 671/671/671 667/667/667 670/670/670
f 666/666/666 672/672/672 664/664/664
f 665/665/665 664/664/664 673/673/673
f 664/664/664 672/672/672 673/673/673
f 672/672/672 674/674/674 673/673/673
f 674/674/674 675/675/675 673/673/673
f 676/676/676 665/665/665 673/673/673
f 675/675/675 677/677/677 673/673/673
f 673/673/673 677/677/677 676/676/676
f 677/677/677 678/678/678 676/676/676
f 681/681/681 680/680/680 679/679/679
f 682/682/682 681/681/681 679/679/679
f 683/683/683 682/682/682 679/679/679
f 686/686/686 685/685/685 684/684/684
f 687/687/687 686/686/686 684/684/684
f 684/684/684 688/688/688 687/687/687
f 689/689/689 686/686/686 687/687/687
f 688/688/688 690/690/690 687/687/687
f 691/691/691 689/689/689 687/687/687
f 691/691/691 687/687/687 690/690/690
f 694/694/694 693/693/693 692/692/692
f 695/695/695 694/694/694 692/692/692
f 698/698/698 697/697/697 696/696/696
f 698/698/698 699/699/699 697/697/697
f 698/698/698 700/700/700 699/699/699
f 700/700/700 698/698/698 701/701/701
f 700/700/700 701/701/701 702/702/702
f 703/703/703 700/700/700 702/702/702
f 706/706/706 705/705/705 704/704/704
f 705/705/705 707/707/707 704/704/704
f 704/704/704 707/707/707 708/708/708
f 709/709/709 708/708/708 707/707/707
f 707/707/707 705/705/705 710/710/710
f 710/710/710 709/709/709 707/707/707
f 705/705/705 711/711/711 710/710/710
f 712/712/712 709/709/709 710/710/710
f 711/711/711 712/712/712 710/710/710
f 715/715/715 714/714/714 713/713/713
f 713/713/713 714/714/714 716/716/716
f 714/714/714 717/717/717 716/716/716
f 720/720/720 719/719/719 718/718/718
f 721/721/721 720/720/720 718/718/718
f 722/722/722 720/720/720 721/721/721
f 723/723/723 722/722/722 721/721/721
f 721/721/721 724/724/724 723/723/723
f 724/724/724 725/725/725 723/723/723
f 726/726/726 724/724/724 721/721/721
f 725/725/725 724/724/724 726/726/726
f 718/718/718 726/726/726 721/721/721
f 727/727/727 725/725/725 726/726/726
f 728/728/728 726/726/726 718/718/718
f 727/727/727 726/726/726 728/728/728
f 729/729/729 728/728/728 718/718/718
f 728/728/728 730/730/730 727/727/727
f 733/733/733 732/732/732 731/731/731
f 732/732/732 734/734/734 731/731/731
f 731/731/731 734/734/734 735/735/735
f 738/738/738 737/737/737 736/736/736
f 737/737/737 739/739/739 736/736/736
f 736/736/736 739/739/739 740/740/740
f 739/739/739 741/741/741 740/740/740
f 740/740/740 741/741/741 742/742/742
f 741/741/741 743/743/743 742/742/742
f 746/746/746 745/745/745 744/744/744
f 747/747/747 746/746/746 744/744/744
f 750/750/750 749/749/749 748/748/748
f 751/751/751 750/750/750 748/748/748
f 754/754/754 753/753/753 752/752/752
f 755/755/755 754/754/754 752/752/752
f 758/758/758 757/757/757 756/756/756
f 759/759/759 758/758/758 756/756/756
f 762/762/762 761/761/761 760/760/760
f 762/762/762 760/760/760 763/763/763
f 764/764/764 762/762/762 763/763/763
f 764/764/764 763/763/763 765/765/765
f 766/766/766 764/764/764 765/765/765
f 766/766/766 765/765/765 767/767/767
f 768/768/768 766/766/766 767/767/767
f 771/771/771 770/770/770 769/769/769
f 771/771/771 769/769/769 772/772/772
f 773/773/773 771/771/771 772/772/772
f 773/773/773 772/772/772 774/774/774
f 775/775/775 773/773/773 774/774/774
f 775/775/775 774/774/774 776/776/776
f 777/777/777 775/775/775 776/776/776
f 780/780/780 779/779/779 778/778/778
f 781/781/781 780/780/780 778/778/778
f 781/781/781 778/778/778 782/782/782
f 783/783/783 781/781/781 782/782/782
f 783/783/783 782/782/782 784/784/784
f 785/785/785 783/783/783 784/784/784
f 788/788/788 787/787/787 786/786/786
f 787/787/787 789/789/789 786/786/786
f 787/787/787 790/790/790 789/789/789
f 793/793/793 792/792/792 791/791/791
f 792/792/792 794/794/794 791/791/791
f 791/791/791 794/794/794 795/795/795
f 792/792/792 796/796/796 794/794/794
f 794/794/794 797/797/797 795/795/795
f 796/796/796 798/798/798 794/794/794
f 794/794/794 798/798/798 797/797/797
f 798/798/798 799/799/799 797/797/797
f 796/796/796 800/800/800 798/798/798
f 800/800/800 801/801/801 798/798/798
f 804/804/804 803/803/803 802/802/802
f 802/802/802 803/803/803 805/805/805
f 803/803/803 806/806/806 805/805/805
f 809/809/809 808/808/808 807/807/807
f 808/808/808 810/810/810 807/807/807
f 807/807/807 810/810/810 811/811/811
f 810/810/810 812/812/812 811/811/811
f 815/815/815 814/814/814 813/813/813
f 816/816/816 815/815/815 813/813/813
f 819/819/819 818/818/818 817/817/817
f 818/818/818 820/820/820 817/817/817
f 817/817/817 820/820/820 821/821/821
f 820/820/820 822/822/822 821/821/821
f 825/825/825 824/824/824 823/823/823
f 826/826/826 825/825/825 823/823/823
f 827/827/827 825/825/825 826/826/826
f 828/828/828 827/827/827 826/826/826
f 831/831/831 830/830/830 829/829/829
f 832/832/832 831/831/831 829/829/829
f 835/835/835 834/834/834 833/833/833
f 836/836/836 835/835/835 833/833/833
f 839/839/839 838/838/838 837/837/837
f 840/840/840 839/839/839 837/837/837
f 841/841/841 839/839/839 840/840/840
f 842/842/842 841/841/841 840/840/840
f 845/845/845 844/844/844 843/843/843
f 844/844/844 846/846/846 843/843/843
f 843/843/843 846/846/846 847/847/847
f 846/846/846 848/848/848 847/847/847
f 851/851/851 850/850/850 849/849/849
f 852/852/852 851/851/851 849/849/849
f 855/855/855 854/854/854 853/853/853
f 856/856/856 855/855/855 853/853/853
f 859/859/859 858/858/858 857/857/857
f 858/858/858 860/860/860 857/857/857
f 857/857/857 860/860/860 861/861/861
f 858/858/858 862/862/862 860/860/860
f 860/860/860 863/863/863 861/861/861
f 862/862/862 864/864/864 860/860/860
f 860/860/860 864/864/864 863/863/863
f 862/862/862 865/865/865 864/864/864
f 864/864/864 866/866/866 863/863/863
f 864/864/864 865/865/865 866/866/866
f 869/869/869 868/868/868 867/867/867
f 870/870/870 869/869/869 867/867/867
f 873/873/873 872/872/872 871/871/871
f 871/871/871 872/872/872 874/874/874
f 877/877/877 876/876/876 875/875/875
f 876/876/876 878/878/878 875/875/875
f 876/876/876 879/879/879 878/878/878
f 879/879/879 880/880/880 878/878/878
f 883/883/883 882/882/882 881/881/881
f 884/884/884 883/883/883 881/881/881
f 887/887/887 886/886/886 885/885/885
f 886/886/886 888/888/888 885/885/885
f 885/885/885 888/888/888 889/889/889
f 888/888/888 890/890/890 889/889/889
f 893/893/893 892/892/892 891/891/891
f 894/894/894 893/893/893 891/891/891
f 895/895/895 893/893/893 894/894/894
f 896/896/896 895/895/895 894/894/894
f 899/899/899 898/898/898 897/897/897
f 900/900/900 899/899/899 897/897/897
f 903/903/903 902/902/902 901/901/901
f 904/904/904 903/903/903 901/901/901
f 907/907/907 906/906/906 905/905/905
f 906/906/906 908/908/908 905/905/905
f 909/909/909 905/905/905 908/908/908
f 906/906/906 910/910/910 908/908/908
f 911/911/911 909/909/909 908/908/908
f 912/912/912 909/909/909 911/911/911
f 910/910/910 913/913/913 908/908/908
f 911/911/911 908/908/908 913/913/913
f 910/910/910 914/914/914 913/913/913
f 914/914/914 915/915/915 913/913/913
f 916/916/916 913/913/913 915/915/915
f 916/916/916 911/911/911 913/913/913
f 917/917/917 916/916/916 915/915/915
f 918/918/918 912/912/912 911/911/911
f 918/918/918 911/911/911 916/916/916
f 919/919/919 912/912/912 918/918/918
f 920/920/920 918/918/918 916/916/916
f 921/921/921 919/919/919 918/918/918
f 920/920/920 921/921/921 918/918/918
f 922/922/922 921/921/921 920/920/920
f 925/925/925 924/924/924 923/923/923
f 924/924/924 926/926/926 923/923/923
f 927/927/927 923/923/923 926/926/926
f 928/928/928 927/927/927 926/926/926
f 931/931/931 930/930/930 929/929/929
f 930/930/930 932/932/932 929/929/929
f 929/929/929 932/932/932 933/933/933
f 932/932/932 934/934/934 933/933/933
f 932/932/932 935/935/935 934/934/934
f 936/936/936 933/933/933 934/934/934
f 935/935/935 937/937/937 934/934/934
f 938/938/938 936/936/936 934/934/934
f 938/938/938 934/934/934 937/937/937
f 939/939/939 936/936/936 938/938/938
f 940/940/940 938/938/938 937/937/937
f 941/941/941 939/939/939 938/938/938
f 941/941/941 938/938/938 940/940/940
f 942/942/942 939/939/939 941/941/941
f 943/943/943 941/941/941 940/940/940
f 944/944/944 942/942/942 941/941/941
f 944/944/944 941/941/941 943/943/943
f 945/945/945 944/944/944 943/943/943
f 948/948/948 947/947/947 946/946/946
f 949/949/949 948/948/948 946/946/946
f 949/949/949 946/946/946 950/950/950
f 951/951/951 948/948/948 949/949/949
f 952/952/952 949/949/949 950/950/950
f 952/952/952 950/950/950 953/953/953
f 954/954/954 951/951/951 949/949/949
f 954/954/954 949/949/949 952/952/952
f 955/955/955 951/951/951 954/954/954
f 956/956/956 952/952/952 953/953/953
f 956/956/956 953/953/953 957/957/957
f 958/958/958 954/954/954 952/952/952
f 958/958/958 952/952/952 956/956/956
f 959/959/959 955/955/955 954/954/954
f 959/959/959 954/954/954 958/958/958
f 955/955/955 959/959/959 960/960/960
f 959/959/959 961/961/961 960/960/960
f 962/962/962 956/956/956 957/957/957
f 962/962/962 957/957/957 963/963/963
f 961/961/961 962/962/962 963/963/963
f 959/959/959 964/964/964 961/961/961
f 964/964/964 959/959/959 958/958/958
f 964/964/964 962/962/962 961/961/961
f 965/965/965 958/958/958 956/956/956
f 965/965/965 956/956/956 962/962/962
f 964/964/964 965/965/965 962/962/962
f 958/958/958 965/965/965 964/964/964
f 968/968/968 967/967/967 966/966/966
f 969/969/969 968/968/968 966/966/966
f 970/970/970 968/968/968 969/969/969
f 971/971/971 970/970/970 969/969/969
f 974/974/974 973/973/973 972/972/972
f 972/972/972 975/975/975 974/974/974
f 972/972/972 976/976/976 975/975/975
f 976/976/976 977/977/977 975/975/975
f 976/976/976 978/978/978 977/977/977
f 978/978/978 976/976/976 979/979/979
f 976/976/976 980/980/980 979/979/979
f 976/976/976 972/972/972 980/980/980
f 972/972/972 981/981/981 980/980/980
f 984/984/984 983/983/983 982/982/982
f 983/983/983 985/985/985 982/982/982
f 982/982/982 985/985/985 986/986/986
f 983/983/983 987/987/987 985/985/985
f 985/985/985 988/988/988 986/986/986
f 987/987/987 989/989/989 985/985/985
f 985/985/985 989/989/989 988/988/988
f 989/989/989 990/990/990 988/988/988
f 987/987/987 991/991/991 989/989/989
f 989/989/989 991/991/991 990/990/990
f 991/991/991 992/992/992 990/990/990
f 991/991/991 993/993/993 992/992/992
f 993/993/993 994/994/994 992/992/992
f 995/995/995 993/993/993 991/991/991
f 996/996/996 995/995/995 991/991/991
f 999/999/999 998/998/998 997/997/997
f 998/998/998 1000/1000/1000 997/997/997
f 998/998/998 1001/1001/1001 1000/1000/1000
f 1001/1001/1001 1002/1002/1002 1000/1000/1000
f 1001/1001/1001 1003/1003/1003 1002/1002/1002
f 1003/1003/1003 1004/1004/1004 1002/1002/1002
f 1003/1003/1003 1005/1005/1005 1004/1004/1004
f 1005/1005/1005 1006/1006/1006 1004/1004/1004
f 1009/1009/1009 1008/1008/1008 1007/1007/1007
f 1010/1010/1010 1009/1009/1009 1007/1007/1007
f 1013/1013/1013 1012/1012/1012 1011/1011/1011
f 1014/1014/1014 1013/1013/1013 1011/1011/1011
f 1015/1015/1015 1013/1013/1013 1014/1014/1014
f 1016/1016/1016 1015/1015/1015 1014/1014/1014
f 1017/1017/1017 1015/1015/1015 1016/1016/1016
f 1017/1017/1017 1018/1018/1018 1015/1015/1015
f 1021/1021/1021 1020/1020/1020 1019/1019/1019
f 1022/1022/1022 1021/1021/1021 1019/1019/1019
f 1023/1023/1023 1022/1022/1022 1019/1019/1019
f 1024/1024/1024 1023/1023/1023 1019/1019/1019
f 1025/1025/1025 1024/1024/1024 1019/1019/1019
f 1028/1028/1028 1027/1027/1027 1026/1026/1026
f 1029/1029/1029 1028/1028/1028 1026/1026/1026
f 1030/1030/1030 1028/1028/1028 1029/1029/1029
f 1031/1031/1031 1030/1030/1030 1029/1029/1029
f 1031/1031/1031 1029/1029/1029 1026/1026/1026
f 1032/1032/1032 1031/1031/1031 1026/1026/1026
f 1035/1035/1035 1034/1034/1034 1033/1033/1033
f 1036/1036/1036 1035/1035/1035 1033/1033/1033
f 1036/1036/1036 1033/1033/1033 1037/1037/1037
f 1038/1038/1038 1036/1036/1036 1037/1037/1037
f 1041/1041/1041 1040/1040/1040 1039/1039/1039
f 1042/1042/1042 1041/1041/1041 1039/1039/1039
f 1042/1042/1042 1039/1039/1039 1043/1043/1043
f 1044/1044/1044 1042/1042/1042 1043/1043/1043
f 1047/1047/1047 1046/1046/1046 1045/1045/1045
f 1048/1048/1048 1047/1047/1047 1045/1045/1045
f 1051/1051/1051 1050/1050/1050 1049/1049/1049
f 1050/1050/1050 1052/1052/1052 1049/1049/1049
f 1049/1049/1049 1052/1052/1052 1053/1053/1053
f 1052/1052/1052 1054/1054/1054 1053/1053/1053
f 1053/1053/1053 1054/1054/1054 1055/1055/1055
f 1054/1054/1054 1056/1056/1056 1055/1055/1055
f 1055/1055/1055 1056/1056/1056 1057/1057/1057
f 1056/1056/1056 1058/1058/1058 1057/1057/1057
f 1057/1057/1057 1058/1058/1058 1059/1059/1059
f 1058/1058/1058 1060/1060/1060 1059/1059/1059
f 1063/1063/1063 1062/1062/1062 1061/1061/1061
f 1064/1064/1064 1063/1063/1063 1061/1061/1061
f 1067/1067/1067 1066/1066/1066 1065/1065/1065
f 1066/1066/1066 1068/1068/1068 1065/1065/1065
f 1066/1066/1066 1069/1069/1069 1068/1068/1068
f 1069/1069/1069 1070/1070/1070 1068/1068/1068
f 1069/1069/1069 1071/1071/1071 1070/1070/1070
f 1071/1071/1071 1072/1072/1072 1070/1070/1070
f 1071/1071/1071 1073/1073/1073 1072/1072/1072
f 1073/1073/1073 1074/1074/1074 1072/1072/1072
f 1077/1077/1077 1076/1076/1076 1075/1075/1075
f 1078/1078/1078 1077/1077/1077 1075/1075/1075
f 1081/1081/1081 1080/1080/1080 1079/1079/1079
f 1082/1082/1082 1081/1081/1081 1079/1079/1079
f 1085/1085/1085 1084/1084/1084 1083/1083/1083
f 1084/1084/1084 1086/1086/1086 1083/1083/1083
f 1083/1083/1083 1086/1086/1086 1087/1087/1087
f 1086/1086/1086 1088/1088/1088 1087/1087/1087
f 1087/1087/1087 1088/1088/1088 1089/1089/1089
f 1088/1088/1088 1090/1090/1090 1089/1089/1089
f 1089/1089/1089 1090/1090/1090 1091/1091/1091
f 1090/1090/1090 1092/1092/1092 1091/1091/1091
f 1091/1091/1091 1092/1092/1092 1093/1093/1093
f 1092/1092/1092 1094/1094/1094 1093/1093/1093
f 1093/1093/1093 1094/1094/1094 1095/1095/1095
f 1094/1094/1094 1096/1096/1096 1095/1095/1095
f 1099/1099/1099 1098/1098/1098 1097/1097/1097
f 1098/1098/1098 1100/1100/1100 1097/1097/1097
f 1097/1097/1097 1100/1100/1100 1101/1101/1101
f 1100/1100/1100 1102/1102/1102 1101/1101/1101
f 1102/1102/1102 1100/1100/1100 1098/1098/1098
f 1101/1101/1101 1102/1102/1102 1103/1103/1103
f 1102/1102/1102 1104/1104/1104 1103/1103/1103
f 1104/1104/1104 1102/1102/1102 1098/1098/1098
f 1103/1103/1103 1104/1104/1104 1105/1105/1105
f 1104/1104/1104 1106/1106/1106 1105/1105/1105
f 1106/1106/1106 1104/1104/1104 1098/1098/1098
f 1105/1105/1105 1106/1106/1106 1107/1107/1107
f 1108/1108/1108 1106/1106/1106 1098/1098/1098
f 1106/1106/1106 1108/1108/1108 1107/1107/1107
f 1098/1098/1098 1109/1109/1109 1108/1108/1108
f 1107/1107/1107 1108/1108/1108 1110/1110/1110
f 1108/1108/1108 1109/1109/1109 1110/1110/1110
f 1113/1113/1113 1112/1112/1112 1111/1111/1111
f 1114/1114/1114 1113/1113/1113 1111/1111/1111
f 1117/1117/1117 1116/1116/1116 1115/1115/1115
f 1116/1116/1116 1118/1118/1118 1115/1115/1115
f 1115/1115/1115 1118/1118/1118 1119/1119/1119
f 1118/1118/1118 1120/1120/1120 1119/1119/1119
f 1119/1119/1119 1120/1120/1120 1121/1121/1121
f 1120/1120/1120 1122/1122/1122 1121/1121/1121
f 1121/1121/1121 1122/1122/1122 1123/1123/1123
f 1122/1122/1122 1124/1124/1124 1123/1123/1123
f 1127/1127/1127 1126/1126/1126 1125/1125/1125
f 1128/1128/1128 1127/1127/1127 1125/1125/1125
f 1128/1128/1128 1125/1125/1125 1129/1129/1129
f 1130/1130/1130 1128/1128/1128 1129/1129/1129
f 1133/1133/1133 1132/1132/1132 1131/1131/1131
f 1134/1134/1134 1133/1133/1133 1131/1131/1131
f 1134/1134/1134 1131/1131/1131 1135/1135/1135
f 1136/1136/1136 1134/1134/1134 1135/1135/1135
f 1136/1136/1136 1135/1135/1135 1137/1137/1137
f 1138/1138/1138 1136/1136/1136 1137/1137/1137
f 1138/1138/1138 1137/1137/1137 1139/1139/1139
f 1140/1140/1140 1138/1138/1138 1139/1139/1139
f 1140/1140/1140 1139/1139/1139 1141/1141/1141
f 1142/1142/1142 1140/1140/1140 1141/1141/1141
f 1145/1145/1145 1144/1144/1144 1143/1143/1143
f 1146/1146/1146 1145/1145/1145 1143/1143/1143
f 1147/1147/1147 1145/1145/1145 1146/1146/1146
f 1148/1148/1148 1147/1147/1147 1146/1146/1146
f 1146/1146/1146 1143/1143/1143 1149/1149/1149
f 1148/1148/1148 1146/1146/1146 1150/1150/1150
f 1150/1150/1150 1146/1146/1146 1149/1149/1149
f 1151/1151/1151 1148/1148/1148 1150/1150/1150
f 1151/1151/1151 1150/1150/1150 1152/1152/1152
f 1152/1152/1152 1150/1150/1150 1149/1149/1149
f 1153/1153/1153 1151/1151/1151 1152/1152/1152
f 1152/1152/1152 1149/1149/1149 1154/1154/1154
f 1155/1155/1155 1154/1154/1154 1149/1149/1149
f 1156/1156/1156 1155/1155/1155 1149/1149/1149
f 1159/1159/1159 1158/1158/1158 1157/1157/1157
f 1158/1158/1158 1160/1160/1160 1157/1157/1157
f 1158/1158/1158 1161/1161/1161 1160/1160/1160
f 1161/1161/1161 1162/1162/1162 1160/1160/1160
f 1165/1165/1165 1164/1164/1164 1163/1163/1163
f 1166/1166/1166 1165/1165/1165 1163/1163/1163
f 1166/1166/1166 1163/1163/1163 1167/1167/1167
f 1168/1168/1168 1165/1165/1165 1166/1166/1166
f 1169/1169/1169 1166/1166/1166 1167/1167/1167
f 1170/1170/1170 1168/1168/1168 1166/1166/1166
f 1170/1170/1170 1166/1166/1166 1169/1169/1169
f 1171/1171/1171 1170/1170/1170 1169/1169/1169
f 1172/1172/1172 1170/1170/1170 1171/1171/1171
f 1175/1175/1175 1174/1174/1174 1173/1173/1173
f 1176/1176/1176 1175/1175/1175 1173/1173/1173
f 1176/1176/1176 1173/1173/1173 1177/1177/1177
f 1178/1178/1178 1176/1176/1176 1177/1177/1177
f 1178/1178/1178 1177/1177/1177 1179/1179/1179
f 1180/1180/1180 1178/1178/1178 1179/1179/1179
f 1183/1183/1183 1182/1182/1182 1181/1181/1181
f 1184/1184/1184 1183/1183/1183 1181/1181/1181
f 1184/1184/1184 1181/1181/1181 1185/1185/1185
f 1186/1186/1186 1184/1184/1184 1185/1185/1185
f 1188/1188/1188 1187/1187/1187 1181/1181/1181
f 1189/1189/1189 1188/1188/1188 1181/1181/1181
f 1189/1189/1189 1181/1181/1181 1190/1190/1190
f 1191/1191/1191 1189/1189/1189 1190/1190/1190
f 1191/1191/1191 1190/1190/1190 1192/1192/1192
f 1193/1193/1193 1191/1191/1191 1192/1192/1192
f 1193/1193/1193 1192/1192/1192 1194/1194/1194
f 1195/1195/1195 1193/1193/1193 1194/1194/1194
f 1195/1195/1195 1194/1194/1194 1196/1196/1196
f 1197/1197/1197 1195/1195/1195 1196/1196/1196
f 1197/1197/1197 1196/1196/1196 1198/1198/1198
f 1201/1201/1201 1200/1200/1200 1199/1199/1199
f 1200/1200/1200 1202/1202/1202 1199/1199/1199
f 1200/1200/1200 1203/1203/1203 1202/1202/1202
f 1203/1203/1203 1204/1204/1204 1202/1202/1202
f 1207/1207/1207 1206/1206/1206 1205/1205/1205
f 1206/1206/1206 1208/1208/1208 1205/1205/1205
f 1205/1205/1205 1208/1208/1208 1209/1209/1209
f 1208/1208/1208 1206/1206/1206 1210/1210/1210
f 1208/1208/1208 1211/1211/1211 1209/1209/1209
f 1212/1212/1212 1208/1208/1208 1210/1210/1210
f 1211/1211/1211 1208/1208/1208 1212/1212/1212
f 1213/1213/1213 1211/1211/1211 1212/1212/1212
f 1213/1213/1213 1212/1212/1212 1214/1214/1214
f 1212/1212/1212 1215/1215/1215 1214/1214/1214
f 1218/1218/1218 1217/1217/1217 1216/1216/1216
f 1219/1219/1219 1218/1218/1218 1216/1216/1216
f 1222/1222/1222 1221/1221/1221 1220/1220/1220
f 1223/1223/1223 1222/1222/1222 1220/1220/1220
f 1223/1223/1223 1220/1220/1220 1224/1224/1224
f 1225/1225/1225 1223/1223/1223 1224/1224/1224
f 1228/1228/1228 1227/1227/1227 1226/1226/1226
f 1229/1229/1229 1228/1228/1228 1226/1226/1226
f 1229/1229/1229 1226/1226/1226 1230/1230/1230
f 1231/1231/1231 1229/1229/1229 1230/1230/1230
f 1234/1234/1234 1233/1233/1233 1232/1232/1232
f 1234/1234/1234 1232/1232/1232 1235/1235/1235
f 1236/1236/1236 1234/1234/1234 1235/1235/1235
f 1234/1234/1234 1236/1236/1236 1237/1237/1237
f 1235/1235/1235 1238/1238/1238 1236/1236/1236
f 1236/1236/1236 1239/1239/1239 1237/1237/1237
f 1236/1236/1236 1238/1238/1238 1239/1239/1239
f 1238/1238/1238 1240/1240/1240 1239/1239/1239
f 1243/1243/1243 1242/1242/1242 1241/1241/1241
f 1244/1244/1244 1243/1243/1243 1241/1241/1241
f 1247/1247/1247 1246/1246/1246 1245/1245/1245
f 1248/1248/1248 1247/1247/1247 1245/1245/1245
f 1245/1245/1245 1249/1249/1249 1248/1248/1248
f 1249/1249/1249 1250/1250/1250 1248/1248/1248
f 1250/1250/1250 1251/1251/1251 1248/1248/1248
f 1251/1251/1251 1252/1252/1252 1248/1248/1248
f 1250/1250/1250 1253/1253/1253 1251/1251/1251
f 1253/1253/1253 1250/1250/1250 1249/1249/1249
f 1254/1254/1254 1253/1253/1253 1249/1249/1249
f 1254/1254/1254 1249/1249/1249 1255/1255/1255
f 1256/1256/1256 1254/1254/1254 1255/1255/1255
f 1259/1259/1259 1258/1258/1258 1257/1257/1257
f 1258/1258/1258 1260/1260/1260 1257/1257/1257
f 1260/1260/1260 1258/1258/1258 1261/1261/1261
f 1258/1258/1258 1262/1262/1262 1261/1261/1261
f 1262/1262/1262 1263/1263/1263 1261/1261/1261
f 1264/1264/1264 1262/1262/1262 1258/1258/1258
f 1265/1265/1265 1264/1264/1264 1258/1258/1258
f 1265/1265/1265 1266/1266/1266 1264/1264/1264
f 1266/1266/1266 1267/1267/1267 1264/1264/1264
f 1267/1267/1267 1266/1266/1266 1268/1268/1268
f 1269/1269/1269 1267/1267/1267 1268/1268/1268
f 1263/1263/1263 1270/1270/1270 1261/1261/1261
f 1261/1261/1261 1270/1270/1270 1271/1271/1271
f 1270/1270/1270 1272/1272/1272 1271/1271/1271
f 1272/1272/1272 1270/1270/1270 1273/1273/1273
f 1274/1274/1274 1272/1272/1272 1273/1273/1273
f 1277/1277/1277 1276/1276/1276 1275/1275/1275
f 1278/1278/1278 1277/1277/1277 1275/1275/1275
f 1281/1281/1281 1280/1280/1280 1279/1279/1279
f 1280/1280/1280 1282/1282/1282 1279/1279/1279
f 1279/1279/1279 1282/1282/1282 1283/1283/1283
f 1284/1284/1284 1279/1279/1279 1283/1283/1283
f 1283/1283/1283 1282/1282/1282 1285/1285/1285
f 1282/1282/1282 1286/1286/1286 1285/1285/1285
f 1285/1285/1285 1286/1286/1286 1287/1287/1287
f 1282/1282/1282 1288/1288/1288 1286/1286/1286
f 1286/1286/1286 1289/1289/1289 1287/1287/1287
f 1288/1288/1288 1290/1290/1290 1286/1286/1286
f 1289/1289/1289 1286/1286/1286 1290/1290/1290
f 1291/1291/1291 1289/1289/1289 1290/1290/1290
f 1294/1294/1294 1293/1293/1293 1292/1292/1292
f 1294/1294/1294 1295/1295/1295 1293/1293/1293
f 1295/1295/1295 1296/1296/1296 1293/1293/1293
f 1299/1299/1299 1298/1298/1298 1297/1297/1297
f 1300/1300/1300 1299/1299/1299 1297/1297/1297
f 1299/1299/1299 1300/1300/1300 1301/1301/1301
f 1302/1302/1302 1299/1299/1299 1301/1301/1301
f 1305/1305/1305 1304/1304/1304 1303/1303/1303
f 1306/1306/1306 1305/1305/1305 1303/1303/1303
f 1309/1309/1309 1308/1308/1308 1307/1307/1307
f 1310/1310/1310 1309/1309/1309 1307/1307/1307
f 1313/1313/1313 1312/1312/1312 1311/1311/1311
f 1314/1314/1314 1313/1313/1313 1311/1311/1311
f 1317/1317/1317 1316/1316/1316 1315/1315/1315
f 1318/1318/1318 1317/1317/1317 1315/1315/1315
f 1321/1321/1321 1320/1320/1320 1319/1319/1319
f 1322/1322/1322 1321/1321/1321 1319/1319/1319
f 1325/1325/1325 1324/1324/1324 1323/1323/1323
f 1324/1324/1324 1326/1326/1326 1323/1323/1323
f 1323/1323/1323 1326/1326/1326 1327/1327/1327
f 1328/1328/1328 1323/1323/1323 1327/1327/1327
f 1331/1331/1331 1330/1330/1330 1329/1329/1329
f 1330/1330/1330 1332/1332/1332 1329/1329/1329
f 1329/1329/1329 1332/1332/1332 1333/1333/1333
f 1334/1334/1334 1329/1329/1329 1333/1333/1333
f 1337/1337/1337 1336/1336/1336 1335/1335/1335
f 1336/1336/1336 1338/1338/1338 1335/1335/1335
f 1338/1338/1338 1336/1336/1336 1339/1339/1339
f 1340/1340/1340 1338/1338/1338 1339/1339/1339
f 1341/1341/1341 1340/1340/1340 1339/1339/1339
f 1342/1342/1342 1341/1341/1341 1339/1339/1339
f 1339/1339/1339 1343/1343/1343 1342/1342/1342
f 1344/1344/1344 1341/1341/1341 1342/1342/1342
f 1343/1343/1343 1345/1345/1345 1342/1342/1342
f 1346/1346/1346 1344/1344/1344 1342/1342/1342
f 1342/1342/1342 1345/1345/1345 1346/1346/1346
f 1345/1345/1345 1347/1347/1347 1346/1346/1346
f 1350/1350/1350 1349/1349/1349 1348/1348/1348
f 1351/1351/1351 1348/1348/1348 1349/1349/1349
f 1351/1351/1351 1349/1349/1349 1352/1352/1352
f 1353/1353/1353 1351/1351/1351 1352/1352/1352
f 1351/1351/1351 1353/1353/1353 1354/1354/1354
f 1355/1355/1355 1351/1351/1351 1354/1354/1354
f 1348/1348/1348 1351/1351/1351 1355/1355/1355
f 1356/1356/1356 1348/1348/1348 1355/1355/1355
f 1359/1359/1359 1358/1358/1358 1357/1357/1357
f 1360/1360/1360 1359/1359/1359 1357/1357/1357
f 1361/1361/1361 1360/1360/1360 1357/1357/1357
f 1362/1362/1362 1361/1361/1361 1357/1357/1357
f 1365/1365/1365 1364/1364/1364 1363/1363/1363
f 1364/1364/1364 1366/1366/1366 1363/1363/1363
f 1367/1367/1367 1363/1363/1363 1366/1366/1366
f 1364/1364/1364 1368/1368/1368 1366/1366/1366
f 1367/1367/1367 1366/1366/1366 1369/1369/1369
f 1368/1368/1368 1369/1369/1369 1366/1366/1366
f 1372/1372/1372 1371/1371/1371 1370/1370/1370
f 1371/1371/1371 1373/1373/1373 1370/1370/1370
f 1371/1371/1371 1374/1374/1374 1373/1373/1373
f 1374/1374/1374 1375/1375/1375 1373/1373/1373
f 1375/1375/1375 1376/1376/1376 1373/1373/1373
f 1376/1376/1376 1377/1377/1377 1373/1373/1373
f 1373/1373/1373 1377/1377/1377 1370/1370/1370
f 1377/1377/1377 1378/1378/1378 1370/1370/1370
f 1381/1381/1381 1380/1380/1380 1379/1379/1379
f 1380/1380/1380 1382/1382/1382 1379/1379/1379
f 1383/1383/1383 1379/1379/1379 1382/1382/1382
f 1383/1383/1383 1382/1382/1382 1384/1384/1384
f 1387/1387/1387 1386/1386/1386 1385/1385/1385
f 1388/1388/1388 1387/1387/1387 1385/1385/1385
f 1388/1388/1388 1385/1385/1385 1389/1389/1389
f 1390/1390/1390 1388/1388/1388 1389/1389/1389
f 1391/1391/1391 1387/1387/1387 1388/1388/1388
f 1392/1392/1392 1391/1391/1391 1388/1388/1388
f 1395/1395/1395 1394/1394/1394 1393/1393/1393
f 1396/1396/1396 1395/1395/1395 1393/1393/1393
f 1397/1397/1397 1395/1395/1395 1396/1396/1396
f 1398/1398/1398 1397/1397/1397 1396/1396/1396
f 1401/1401/1401 1400/1400/1400 1399/1399/1399
f 1400/1400/1400 1402/1402/1402 1399/1399/1399
f 1399/1399/1399 1402/1402/1402 1403/1403/1403
f 1402/1402/1402 1404/1404/1404 1403/1403/1403
f 1400/1400/1400 1405/1405/1405 1402/1402/1402
f 1405/1405/1405 1406/1406/1406 1402/1402/1402
f 1409/1409/1409 1408/1408/1408 1407/1407/1407
f 1408/1408/1408 1410/1410/1410 1407/1407/1407
f 1407/1407/1407 1410/1410/1410 1411/1411/1411
f 1408/1408/1408 1412/1412/1412 1410/1410/1410
f 1410/1410/1410 1413/1413/1413 1411/1411/1411
f 1412/1412/1412 1414/1414/1414 1410/1410/1410
f 1410/1410/1410 1414/1414/1414 1413/1413/1413
f 1414/1414/1414 1415/1415/1415 1413/1413/1413
f 1418/1418/1418 1417/1417/1417 1416/1416/1416
f 1419/1419/1419 1418/1418/1418 1416/1416/1416
f 1418/1418/1418 1419/1419/1419 1420/1420/1420
f 1419/1419/1419 1421/1421/1421 1420/1420/1420
f 1419/1419/1419 1422/1422/1422 1421/1421/1421
f 1422/1422/1422 1419/1419/1419 1416/1416/1416
f 1422/1422/1422 1423/1423/1423 1421/1421/1421
f 1422/1422/1422 1416/1416/1416 1424/1424/1424
f 1425/1425/1425 1424/1424/1424 1416/1416/1416
f 1426/1426/1426 1425/1425/1425 1416/1416/1416
f 1427/1427/1427 1426/1426/1426 1416/1416/1416
f 1428/1428/1428 1427/1427/1427 1416/1416/1416
f 1428/1428/1428 1429/1429/1429 1427/1427/1427
f 1429/1429/1429 1430/1430/1430 1427/1427/1427
f 1431/1431/1431 1430/1430/1430 1429/1429/1429
f 1432/1432/1432 1431/1431/1431 1429/1429/1429
f 1435/1435/1435 1434/1434/1434 1433/1433/1433
f 1436/1436/1436 1435/1435/1435 1433/1433/1433
f 1437/1437/1437 1436/1436/1436 1433/1433/1433
f 1438/1438/1438 1437/1437/1437 1433/1433/1433
f 1437/1437/1437 1438/1438/1438 1439/1439/1439
f 1438/1438/1438 1440/1440/1440 1439/1439/1439
f 1443/1443/1443 1442/1442/1442 1441/1441/1441
f 1444/1444/1444 1443/1443/1443 1441/1441/1441
f 1443/1443/1443 1444/1444/1444 1445/1445/1445
f 1444/1444/1444 1446/1446/1446 1445/1445/1445
f 1449/1449/1449 1448/1448/1448 1447/1447/1447
f 1448/1448/1448 1450/1450/1450 1447/1447/1447
f 1447/1447/1447 1450/1450/1450 1451/1451/1451
f 1450/1450/1450 1452/1452/1452 1451/1451/1451
f 1452/1452/1452 1450/1450/1450 1453/1453/1453
f 1450/1450/1450 1454/1454/1454 1453/1453/1453
f 1454/1454/1454 1450/1450/1450 1448/1448/1448
f 1454/1454/1454 1455/1455/1455 1453/1453/1453
f 1456/1456/1456 1455/1455/1455 1454/1454/1454
f 1457/1457/1457 1454/1454/1454 1448/1448/1448
f 1457/1457/1457 1456/1456/1456 1454/1454/1454
f 1448/1448/1448 1458/1458/1458 1457/1457/1457
f 1459/1459/1459 1456/1456/1456 1457/1457/1457
f 1458/1458/1458 1459/1459/1459 1457/1457/1457
f 1462/1462/1462 1461/1461/1461 1460/1460/1460
f 1463/1463/1463 1462/1462/1462 1460/1460/1460
f 1463/1463/1463 1460/1460/1460 1464/1464/1464
f 1460/1460/1460 1465/1465/1465 1464/1464/1464
f 1464/1464/1464 1465/1465/1465 1466/1466/1466
f 1465/1465/1465 1467/1467/1467 1466/1466/1466
f 1464/1464/1464 1466/1466/1466 1468/1468/1468
f 1469/1469/1469 1464/1464/1464 1468/1468/1468
f 1464/1464/1464 1469/1469/1469 1463/1463/1463
f 1469/1469/1469 1470/1470/1470 1463/1463/1463
f 1470/1470/1470 1471/1471/1471 1463/1463/1463
f 1471/1471/1471 1472/1472/1472 1463/1463/1463
f 1463/1463/1463 1472/1472/1472 1462/1462/1462
f 1472/1472/1472 1473/1473/1473 1462/1462/1462
f 1462/1462/1462 1473/1473/1473 1474/1474/1474
f 1473/1473/1473 1475/1475/1475 1474/1474/1474
f 1478/1478/1478 1477/1477/1477 1476/1476/1476
f 1477/1477/1477 1479/1479/1479 1476/1476/1476
f 1476/1476/1476 1479/1479/1479 1480/1480/1480
f 1479/1479/1479 1481/1481/1481 1480/1480/1480
f 1484/1484/1484 1483/1483/1483 1482/1482/1482
f 1483/1483/1483 1485/1485/1485 1482/1482/1482
f 1486/1486/1486 1482/1482/1482 1485/1485/1485
f 1487/1487/1487 1486/1486/1486 1485/1485/1485
f 1487/1487/1487 1485/1485/1485 1488/1488/1488
f 1489/1489/1489 1487/1487/1487 1488/1488/1488
f 1490/1490/1490 1488/1488/1488 1485/1485/1485
f 1483/1483/1483 1490/1490/1490 1485/1485/1485
f 1491/1491/1491 1490/1490/1490 1483/1483/1483
f 1492/1492/1492 1491/1491/1491 1483/1483/1483
f 1493/1493/1493 1491/1491/1491 1492/1492/1492
f 1494/1494/1494 1493/1493/1493 1492/1492/1492
f 1497/1497/1497 1496/1496/1496 1495/1495/1495
f 1498/1498/1498 1497/1497/1497 1495/1495/1495
f 1499/1499/1499 1497/1497/1497 1498/1498/1498
f 1500/1500/1500 1499/1499/1499 1498/1498/1498
f 1500/1500/1500 1498/1498/1498 1501/1501/1501
f 1502/1502/1502 1500/1500/1500 1501/1501/1501
f 1501/1501/1501 1498/1498/1498 1503/1503/1503
f 1498/1498/1498 1495/1495/1495 1503/1503/1503
f 1503/1503/1503 1495/1495/1495 1504/1504/1504
f 1495/1495/1495 1505/1505/1505 1504/1504/1504
f 1506/1506/1506 1504/1504/1504 1505/1505/1505
f 1507/1507/1507 1506/1506/1506 1505/1505/1505
f 1510/1510/1510 1509/1509/1509 1508/1508/1508
f 1508/1508/1508 1511/1511/1511 1510/1510/1510
f 1510/1510/1510 1511/1511/1511 1512/1512/1512
f 1512/1512/1512 1513/1513/1513 1510/1510/1510
f 1511/1511/1511 1514/1514/1514 1512/1512/1512
f 1514/1514/1514 1515/1515/1515 1512/1512/1512
f 1514/1514/1514 1516/1516/1516 1515/1515/1515
f 1516/1516/1516 1517/1517/1517 1515/1515/1515
f 1520/1520/1520 1519/1519/1519 1518/1518/1518
f 1519/1519/1519 1521/1521/1521 1518/1518/1518
f 1522/1522/1522 1518/1518/1518 1521/1521/1521
f 1523/1523/1523 1522/1522/1522 1521/1521/1521
f 1524/1524/1524 1522/1522/1522 1523/1523/1523
f 1525/1525/1525 1524/1524/1524 1523/1523/1523
f 1526/1526/1526 1524/1524/1524 1525/1525/1525
f 1527/1527/1527 1526/1526/1526 1525/1525/1525
f 1530/1530/1530 1529/1529/1529 1528/1528/1528
f 1529/1529/1529 1531/1531/1531 1528/1528/1528
f 1529/1529/1529 1532/1532/1532 1531/1531/1531
f 1533/1533/1533 1528/1528/1528 1531/1531/1531
f 1532/1532/1532 1534/1534/1534 1531/1531/1531
f 1535/1535/1535 1533/1533/1533 1531/1531/1531
f 1535/1535/1535 1531/1531/1531 1534/1534/1534
f 1536/1536/1536 1533/1533/1533 1535/1535/1535
f 1537/1537/1537 1535/1535/1535 1534/1534/1534
f 1538/1538/1538 1536/1536/1536 1535/1535/1535
f 1538/1538/1538 1535/1535/1535 1537/1537/1537
f 1539/1539/1539 1536/1536/1536 1538/1538/1538
f 1540/1540/1540 1538/1538/1538 1537/1537/1537
f 1541/1541/1541 1539/1539/1539 1538/1538/1538
f 1541/1541/1541 1538/1538/1538 1540/1540/1540
f 1542/1542/1542 1541/1541/1541 1540/1540/1540
f 1545/1545/1545 1544/1544/1544 1543/1543/1543
f 1543/1543/1543 1546/1546/1546 1545/1545/1545
f 1546/1546/1546 1547/1547/1547 1545/1545/1545
f 1546/1546/1546 1548/1548/1548 1547/1547/1547
f 1551/1551/1551 1550/1550/1550 1549/1549/1549
f 1552/1552/1552 1551/1551/1551 1549/1549/1549
f 1552/1552/1552 1549/1549/1549 1553/1553/1553
f 1551/1551/1551 1552/1552/1552 1554/1554/1554
f 1554/1554/1554 1552/1552/1552 1553/1553/1553
f 1554/1554/1554 1553/1553/1553 1555/1555/1555
f 1554/1554/1554 1556/1556/1556 1551/1551/1551
f 1557/1557/1557 1554/1554/1554 1555/1555/1555
f 1554/1554/1554 1557/1557/1557 1556/1556/1556
f 1557/1557/1557 1555/1555/1555 1558/1558/1558
f 1557/1557/1557 1559/1559/1559 1556/1556/1556
f 1559/1559/1559 1557/1557/1557 1558/1558/1558
f 1556/1556/1556 1559/1559/1559 1560/1560/1560
f 1559/1559/1559 1558/1558/1558 1560/1560/1560
f 1563/1563/1563 1562/1562/1562 1561/1561/1561
f 1562/1562/1562 1564/1564/1564 1561/1561/1561
f 1561/1561/1561 1564/1564/1564 1565/1565/1565
f 1564/1564/1564 1566/1566/1566 1565/1565/1565
f 1565/1565/1565 1566/1566/1566 1567/1567/1567
f 1566/1566/1566 1568/1568/1568 1567/1567/1567
f 1568/1568/1568 1569/1569/1569 1567/1567/1567
f 1572/1572/1572 1571/1571/1571 1570/1570/1570
f 1573/1573/1573 1572/1572/1572 1570/1570/1570
f 1573/1573/1573 1570/1570/1570 1574/1574/1574
f 1575/1575/1575 1573/1573/1573 1574/1574/1574
f 1577/1577/1577 1574/1574/1574 1576/1576/1576
f 1578/1578/1578 1577/1577/1577 1576/1576/1576
f 1578/1578/1578 1576/1576/1576 1579/1579/1579
f 1580/1580/1580 1578/1578/1578 1579/1579/1579
f 1583/1583/1583 1582/1582/1582 1581/1581/1581
f 1584/1584/1584 1582/1582/1582 1583/1583/1583
f 1585/1585/1585 1584/1584/1584 1583/1583/1583
f 1586/1586/1586 1584/1584/1584 1585/1585/1585
f 1587/1587/1587 1586/1586/1586 1585/1585/1585
f 1590/1590/1590 1589/1589/1589 1588/1588/1588
f 1589/1589/1589 1591/1591/1591 1588/1588/1588
f 1592/1592/1592 1588/1588/1588 1591/1591/1591
f 1593/1593/1593 1592/1592/1592 1591/1591/1591
f 1593/1593/1593 1591/1591/1591 1594/1594/1594
f 1592/1592/1592 1593/1593/1593 1595/1595/1595
f 1595/1595/1595 1593/1593/1593 1594/1594/1594
f 1595/1595/1595 1596/1596/1596 1592/1592/1592
f 1595/1595/1595 1594/1594/1594 1597/1597/1597
f 1595/1595/1595 1598/1598/1598 1596/1596/1596
f 1599/1599/1599 1595/1595/1595 1597/1597/1597
f 1595/1595/1595 1599/1599/1599 1598/1598/1598
f 1602/1602/1602 1601/1601/1601 1600/1600/1600
f 1601/1601/1601 1603/1603/1603 1600/1600/1600
f 1601/1601/1601 1604/1604/1604 1603/1603/1603
f 1604/1604/1604 1605/1605/1605 1603/1603/1603
f 1604/1604/1604 1606/1606/1606 1605/1605/1605
f 1606/1606/1606 1607/1607/1607 1605/1605/1605
f 1606/1606/1606 1608/1608/1608 1607/1607/1607
f 1608/1608/1608 1609/1609/1609 1607/1607/1607
f 1612/1612/1612 1611/1611/1611 1610/1610/1610
f 1611/1611/1611 1613/1613/1613 1610/1610/1610
f 1615/1615/1615 1614/1614/1614 1613/1613/1613
f 1614/1614/1614 1616/1616/1616 1613/1613/1613
f 1614/1614/1614 1617/1617/1617 1616/1616/1616
f 1617/1617/1617 1618/1618/1618 1616/1616/1616
f 1617/1617/1617 1619/1619/1619 1618/1618/1618
f 1619/1619/1619 1620/1620/1620 1618/1618/1618
f 1621/1621/1621 1618/1618/1618 1620/1620/1620
f 1619/1619/1619 1622/1622/1622 1620/1620/1620
f 1623/1623/1623 1621/1621/1621 1620/1620/1620
f 1622/1622/1622 1624/1624/1624 1620/1620/1620
f 1623/1623/1623 1620/1620/1620 1624/1624/1624
f 1625/1625/1625 1623/1623/1623 1624/1624/1624
f 1628/1628/1628 1627/1627/1627 1626/1626/1626
f 1627/1627/1627 1629/1629/1629 1626/1626/1626
f 1627/1627/1627 1630/1630/1630 1629/1629/1629
f 1630/1630/1630 1631/1631/1631 1629/1629/1629
f 1629/1629/1629 1631/1631/1631 1632/1632/1632
f 1629/1629/1629 1633/1633/1633 1626/1626/1626
f 1633/1633/1633 1629/1629/1629 1632/1632/1632
f 1633/1633/1633 1634/1634/1634 1626/1626/1626
f 1633/1633/1633 1632/1632/1632 1635/1635/1635
f 1633/1633/1633 1635/1635/1635 1634/1634/1634
f 1638/1638/1638 1637/1637/1637 1636/1636/1636
f 1637/1637/1637 1639/1639/1639 1636/1636/1636
f 1637/1637/1637 1640/1640/1640 1639/1639/1639
f 1636/1636/1636 1639/1639/1639 1641/1641/1641
f 1640/1640/1640 1642/1642/1642 1639/1639/1639
f 1639/1639/1639 1643/1643/1643 1641/1641/1641
f 1639/1639/1639 1642/1642/1642 1643/1643/1643
f 1641/1641/1641 1643/1643/1643 1644/1644/1644
f 1642/1642/1642 1645/1645/1645 1643/1643/1643
f 1643/1643/1643 1646/1646/1646 1644/1644/1644
f 1643/1643/1643 1645/1645/1645 1646/1646/1646
f 1644/1644/1644 1646/1646/1646 1647/1647/1647
f 1645/1645/1645 1648/1648/1648 1646/1646/1646
f 1648/1648/1648 1647/1647/1647 1646/1646/1646
f 1651/1651/1651 1650/1650/1650 1649/1649/1649
f 1652/1652/1652 1651/1651/1651 1649/1649/1649
f 1655/1655/1655 1654/1654/1654 1653/1653/1653
f 1656/1656/1656 1655/1655/1655 1653/1653/1653
f 1656/1656/1656 1653/1653/1653 1657/1657/1657
f 1658/1658/1658 1656/1656/1656 1657/1657/1657
f 1658/1658/1658 1657/1657/1657 1659/1659/1659
f 1660/1660/1660 1658/1658/1658 1659/1659/1659
f 1661/1661/1661 1658/1658/1658 1660/1660/1660
f 1662/1662/1662 1661/1661/1661 1660/1660/1660
f 1661/1661/1661 1663/1663/1663 1658/1658/1658
f 1663/1663/1663 1664/1664/1664 1658/1658/1658
f 1663/1663/1663 1665/1665/1665 1664/1664/1664
f 1665/1665/1665 1666/1666/1666 1664/1664/1664
f 1669/1669/1669 1668/1668/1668 1667/1667/1667
f 1668/1668/1668 1670/1670/1670 1667/1667/1667
f 1668/1668/1668 1671/1671/1671 1670/1670/1670
f 1671/1671/1671 1672/1672/1672 1670/1670/1670
f 1671/1671/1671 1673/1673/1673 1672/1672/1672
f 1673/1673/1673 1674/1674/1674 1672/1672/1672
f 1677/1677/1677 1676/1676/1676 1675/1675/1675
f 1678/1678/1678 1677/1677/1677 1675/1675/1675
f 1681/1681/1681 1680/1680/1680 1679/1679/1679
f 1682/1682/1682 1681/1681/1681 1679/1679/1679
f 1685/1685/1685 1684/1684/1684 1683/1683/1683
f 1684/1684/1684 1686/1686/1686 1683/1683/1683
f 1683/1683/1683 1686/1686/1686 1687/1687/1687
f 1686/1686/1686 1688/1688/1688 1687/1687/1687
f 1691/1691/1691 1690/1690/1690 1689/1689/1689
f 1692/1692/1692 1691/1691/1691 1689/1689/1689
f 1693/1693/1693 1691/1691/1691 1692/1692/1692
f 1694/1694/1694 1693/1693/1693 1692/1692/1692
f 1697/1697/1697 1696/1696/1696 1695/1695/1695
f 1698/1698/1698 1697/1697/1697 1695/1695/1695
f 1701/1701/1701 1700/1700/1700 1699/1699/1699
f 1700/1700/1700 1702/1702/1702 1699/1699/1699
f 1699/1699/1699 1702/1702/1702 1703/1703/1703
f 1702/1702/1702 1704/1704/1704 1703/1703/1703
f 1707/1707/1707 1706/1706/1706 1705/1705/1705
f 1706/1706/1706 1708/1708/1708 1705/1705/1705
f 1705/1705/1705 1708/1708/1708 1709/1709/1709
f 1708/1708/1708 1710/1710/1710 1709/1709/1709
f 1709/1709/1709 1710/1710/1710 1711/1711/1711
f 1706/1706/1706 1712/1712/1712 1708/1708/1708
f 1712/1712/1712 1706/1706/1706 1713/1713/1713
f 1713/1713/1713 1706/1706/1706 1714/1714/1714
f 1713/1713/1713 1714/1714/1714 1715/1715/1715
f 1716/1716/1716 1713/1713/1713 1715/1715/1715
f 1716/1716/1716 1715/1715/1715 1717/1717/1717
f 1718/1718/1718 1716/1716/1716 1717/1717/1717
f 1718/1718/1718 1717/1717/1717 1719/1719/1719
f 1720/1720/1720 1718/1718/1718 1719/1719/1719
f 1721/1721/1721 1708/1708/1708 1719/1719/1719
f 1708/1708/1708 1721/1721/1721 1722/1722/1722
f 1710/1710/1710 1708/1708/1708 1722/1722/1722
f 1712/1712/1712 1723/1723/1723 1708/1708/1708
f 1710/1710/1710 1722/1722/1722 1724/1724/1724
f 1713/1713/1713 1725/1725/1725 1712/1712/1712
f 1725/1725/1725 1713/1713/1713 1716/1716/1716
f 1712/1712/1712 1725/1725/1725 1723/1723/1723
f 1726/1726/1726 1725/1725/1725 1716/1716/1716
f 1725/1725/1725 1727/1727/1727 1723/1723/1723
f 1725/1725/1725 1726/1726/1726 1727/1727/1727
f 1728/1728/1728 1710/1710/1710 1724/1724/1724
f 1728/1728/1728 1711/1711/1711 1710/1710/1710
f 1728/1728/1728 1724/1724/1724 1729/1729/1729
f 1724/1724/1724 1730/1730/1730 1729/1729/1729
f 1728/1728/1728 1731/1731/1731 1711/1711/1711
f 1728/1728/1728 1729/1729/1729 1731/1731/1731
f 1732/1732/1732 1729/1729/1729 1730/1730/1730
f 1732/1732/1732 1731/1731/1731 1729/1729/1729
f 1733/1733/1733 1732/1732/1732 1730/1730/1730
f 1732/1732/1732 1734/1734/1734 1731/1731/1731
f 1734/1734/1734 1735/1735/1735 1731/1731/1731
f 1731/1731/1731 1736/1736/1736 1711/1711/1711
f 1711/1711/1711 1736/1736/1736 1737/1737/1737
f 1736/1736/1736 1738/1738/1738 1737/1737/1737
f 1738/1738/1738 1739/1739/1739 1737/1737/1737
f 1742/1742/1742 1741/1741/1741 1740/1740/1740
f 1743/1743/1743 1742/1742/1742 1740/1740/1740
f 1743/1743/1743 1740/1740/1740 1744/1744/1744
f 1745/1745/1745 1743/1743/1743 1744/1744/1744
f 1746/1746/1746 1743/1743/1743 1745/1745/1745
f 1747/1747/1747 1746/1746/1746 1745/1745/1745
f 1750/1750/1750 1749/1749/1749 1748/1748/1748
f 1751/1751/1751 1749/1749/1749 1750/1750/1750
f 1752/1752/1752 1751/1751/1751 1750/1750/1750
f 1752/1752/1752 1753/1753/1753 1751/1751/1751
f 1754/1754/1754 1753/1753/1753 1752/1752/1752
f 1755/1755/1755 1754/1754/1754 1752/1752/1752
f 1758/1758/1758 1757/1757/1757 1756/1756/1756
f 1757/1757/1757 1759/1759/1759 1756/1756/1756
f 1760/1760/1760 1759/1759/1759 1757/1757/1757
f 1761/1761/1761 1760/1760/1760 1757/1757/1757
f 1760/1760/1760 1761/1761/1761 1762/1762/1762
f 1761/1761/1761 1763/1763/1763 1762/1762/1762
f 1762/1762/1762 1763/1763/1763 1764/1764/1764
f 1765/1765/1765 1762/1762/1762 1764/1764/1764
f 1768/1768/1768 1767/1767/1767 1766/1766/1766
f 1769/1769/1769 1768/1768/1768 1766/1766/1766
f 1769/1769/1769 1766/1766/1766 1770/1770/1770
f 1766/1766/1766 1771/1771/1771 1770/1770/1770
f 1768/1768/1768 1769/1769/1769 1772/1772/1772
f 1772/1772/1772 1769/1769/1769 1770/1770/1770
f 1773/1773/1773 1768/1768/1768 1772/1772/1772
f 1774/1774/1774 1768/1768/1768 1773/1773/1773
f 1774/1774/1774 1773/1773/1773 1775/1775/1775
f 1773/1773/1773 1776/1776/1776 1775/1775/1775
f 1773/1773/1773 1777/1777/1777 1776/1776/1776
f 1778/1778/1778 1772/1772/1772 1770/1770/1770
f 1770/1770/1770 1771/1771/1771 1779/1779/1779
f 1778/1778/1778 1770/1770/1770 1779/1779/1779
f 1780/1780/1780 1778/1778/1778 1779/1779/1779
f 1781/1781/1781 1780/1780/1780 1779/1779/1779
f 1771/1771/1771 1782/1782/1782 1779/1779/1779
f 1783/1783/1783 1781/1781/1781 1779/1779/1779
f 1783/1783/1783 1779/1779/1779 1782/1782/1782
f 1784/1784/1784 1783/1783/1783 1782/1782/1782
f 1787/1787/1787 1786/1786/1786 1785/1785/1785
f 1786/1786/1786 1788/1788/1788 1785/1785/1785
f 1788/1788/1788 1789/1789/1789 1785/1785/1785
f 1792/1792/1792 1791/1791/1791 1790/1790/1790
f 1791/1791/1791 1793/1793/1793 1790/1790/1790
f 1794/1794/1794 1790/1790/1790 1793/1793/1793
f 1791/1791/1791 1795/1795/1795 1793/1793/1793
f 1796/1796/1796 1794/1794/1794 1793/1793/1793
f 1795/1795/1795 1797/1797/1797 1793/1793/1793
f 1793/1793/1793 1797/1797/1797 1796/1796/1796
f 1800/1800/1800 1799/1799/1799 1798/1798/1798
f 1801/1801/1801 1800/1800/1800 1798/1798/1798
f 1804/1804/1804 1803/1803/1803 1802/1802/1802
f 1805/1805/1805 1803/1803/1803 1804/1804/1804
f 1806/1806/1806 1803/1803/1803 1805/1805/1805
f 1803/1803/1803 1806/1806/1806 1807/1807/1807
f 1807/1807/1807 1806/1806/1806 1808/1808/1808
f 1806/1806/1806 1809/1809/1809 1808/1808/1808
f 1812/1812/1812 1811/1811/1811 1810/1810/1810
f 1813/1813/1813 1812/1812/1812 1810/1810/1810
f 1813/1813/1813 1810/1810/1810 1814/1814/1814
f 1814/1814/1814 1815/1815/1815 1813/1813/1813
f 1812/1812/1812 1813/1813/1813 1816/1816/1816
f 1815/1815/1815 1816/1816/1816 1813/1813/1813
f 1817/1817/1817 1812/1812/1812 1816/1816/1816
f 1815/1815/1815 1818/1818/1818 1816/1816/1816
f 1818/1818/1818 1817/1817/1817 1816/1816/1816
f 1821/1821/1821 1820/1820/1820 1819/1819/1819
f 1821/1821/1821 1819/1819/1819 1822/1822/1822
f 1823/1823/1823 1821/1821/1821 1822/1822/1822
f 1826/1826/1826 1825/1825/1825 1824/1824/1824
f 1825/1825/1825 1827/1827/1827 1824/1824/1824
f 1825/1825/1825 1828/1828/1828 1827/1827/1827
f 1828/1828/1828 1829/1829/1829 1827/1827/1827
f 1830/1830/1830 1827/1827/1827 1829/1829/1829
f 1831/1831/1831 1830/1830/1830 1829/1829/1829
f 1830/1830/1830 1832/1832/1832 1827/1827/1827
f 1832/1832/1832 1824/1824/1824 1827/1827/1827
f 1832/1832/1832 1830/1830/1830 1831/1831/1831
f 1832/1832/1832 1833/1833/1833 1824/1824/1824
f 1831/1831/1831 1833/1833/1833 1832/1832/1832
f 1833/1833/1833 1834/1834/1834 1824/1824/1824
f 1831/1831/1831 1835/1835/1835 1833/1833/1833
f 1835/1835/1835 1836/1836/1836 1833/1833/1833
f 1839/1839/1839 1838/1838/1838 1837/1837/1837
f 1840/1840/1840 1839/1839/1839 1837/1837/1837
f 1840/1840/1840 1837/1837/1837 1841/1841/1841
f 1844/1844/1844 1843/1843/1843 1842/1842/1842
f 1845/1845/1845 1844/1844/1844 1842/1842/1842
f 1845/1845/1845 1842/1842/1842 1846/1846/1846
f 1847/1847/1847 1845/1845/1845 1846/1846/1846
f 1847/1847/1847 1846/1846/1846 1848/1848/1848
f 1849/1849/1849 1847/1847/1847 1848/1848/1848
f 1852/1852/1852 1851/1851/1851 1850/1850/1850
f 1853/1853/1853 1852/1852/1852 1850/1850/1850
f 1856/1856/1856 1855/1855/1855 1854/1854/1854
f 1857/1857/1857 1856/1856/1856 1854/1854/1854
f 1860/1860/1860 1859/1859/1859 1858/1858/1858
f 1861/1861/1861 1860/1860/1860 1858/1858/1858
f 1864/1864/1864 1863/1863/1863 1862/1862/1862
f 1865/1865/1865 1864/1864/1864 1862/1862/1862
f 1868/1868/1868 1867/1867/1867 1866/1866/1866
f 1866/1866/1866 1867/1867/1867 1869/1869/1869
f 1867/1867/1867 1870/1870/1870 1869/1869/1869
f 1869/1869/1869 1870/1870/1870 1871/1871/1871
f 1870/1870/1870 1872/1872/1872 1871/1871/1871
f 1871/1871/1871 1872/1872/1872 1873/1873/1873
f 1872/1872/1872 1874/1874/1874 1873/1873/1873
f 1877/1877/1877 1876/1876/1876 1875/1875/1875
f 1875/1875/1875 1876/1876/1876 1878/1878/1878
f 1876/1876/1876 1879/1879/1879 1878/1878/1878
f 1878/1878/1878 1879/1879/1879 1880/1880/1880
f 1879/1879/1879 1881/1881/1881 1880/1880/1880
f 1880/1880/1880 1881/1881/1881 1882/1882/1882
f 1881/1881/1881 1883/1883/1883 1882/1882/1882
f 1886/1886/1886 1885/1885/1885 1884/1884/1884
f 1885/1885/1885 1887/1887/1887 1884/1884/1884
f 1884/1884/1884 1887/1887/1887 1888/1888/1888
f 1887/1887/1887 1889/1889/1889 1888/1888/1888
f 1888/1888/1888 1889/1889/1889 1890/1890/1890
f 1889/1889/1889 1891/1891/1891 1890/1890/1890
f 1894/1894/1894 1893/1893/1893 1892/1892/1892
f 1895/1895/1895 1894/1894/1894 1892/1892/1892
f 1896/1896/1896 1894/1894/1894 1895/1895/1895
f 1899/1899/1899 1898/1898/1898 1897/1897/1897
f 1900/1900/1900 1899/1899/1899 1897/1897/1897
f 1900/1900/1900 1897/1897/1897 1901/1901/1901
f 1902/1902/1902 1899/1899/1899 1900/1900/1900
f 1903/1903/1903 1900/1900/1900 1901/1901/1901
f 1904/1904/1904 1902/1902/1902 1900/1900/1900
f 1904/1904/1904 1900/1900/1900 1903/1903/1903
f 1905/1905/1905 1904/1904/1904 1903/1903/1903
f 1906/1906/1906 1902/1902/1902 1904/1904/1904
f 1907/1907/1907 1906/1906/1906 1904/1904/1904
f 1910/1910/1910 1909/1909/1909 1908/1908/1908
f 1910/1910/1910 1908/1908/1908 1911/1911/1911
f 1912/1912/1912 1910/1910/1910 1911/1911/1911
f 1915/1915/1915 1914/1914/1914 1913/1913/1913
f 1916/1916/1916 1915/1915/1915 1913/1913/1913
f 1916/1916/1916 1913/1913/1913 1917/1917/1917
f 1918/1918/1918 1916/1916/1916 1917/1917/1917
f 1921/1921/1921 1920/1920/1920 1919/1919/1919
f 1922/1922/1922 1921/1921/1921 1919/1919/1919
f 1925/1925/1925 1924/1924/1924 1923/1923/1923
f 1926/1926/1926 1925/1925/1925 1923/1923/1923
f 1926/1926/1926 1923/1923/1923 1927/1927/1927
f 1928/1928/1928 1926/1926/1926 1927/1927/1927
f 1931/1931/1931 1930/1930/1930 1929/1929/1929
f 1930/1930/1930 1932/1932/1932 1929/1929/1929
f 1930/1930/1930 1933/1933/1933 1932/1932/1932
f 1933/1933/1933 1934/1934/1934 1932/1932/1932
f 1937/1937/1937 1936/1936/1936 1935/1935/1935
f 1938/1938/1938 1937/1937/1937 1935/1935/1935
f 1941/1941/1941 1940/1940/1940 1939/1939/1939
f 1942/1942/1942 1941/1941/1941 1939/1939/1939
f 1945/1945/1945 1944/1944/1944 1943/1943/1943
f 1944/1944/1944 1946/1946/1946 1943/1943/1943
f 1944/1944/1944 1947/1947/1947 1946/1946/1946
f 1947/1947/1947 1948/1948/1948 1946/1946/1946
f 1951/1951/1951 1950/1950/1950 1949/1949/1949
f 1952/1952/1952 1951/1951/1951 1949/1949/1949
f 1952/1952/1952 1949/1949/1949 1953/1953/1953
f 1954/1954/1954 1952/1952/1952 1953/1953/1953
f 1957/1957/1957 1956/1956/1956 1955/1955/1955
f 1958/1958/1958 1957/1957/1957 1955/1955/1955
f 1961/1961/1961 1960/1960/1960 1959/1959/1959
f 1962/1962/1962 1961/1961/1961 1959/1959/1959
f 1965/1965/1965 1964/1964/1964 1963/1963/1963
f 1966/1966/1966 1965/1965/1965 1963/1963/1963
f 1966/1966/1966 1963/1963/1963 1967/1967/1967
f 1968/1968/1968 1965/1965/1965 1966/1966/1966
f 1969/1969/1969 1966/1966/1966 1967/1967/1967
f 1970/1970/1970 1968/1968/1968 1966/1966/1966
f 1970/1970/1970 1966/1966/1966 1969/1969/1969
f 1971/1971/1971 1968/1968/1968 1970/1970/1970
f 1972/1972/1972 1970/1970/1970 1969/1969/1969
f 1971/1971/1971 1970/1970/1970 1972/1972/1972
f 1975/1975/1975 1974/1974/1974 1973/1973/1973
f 1976/1976/1976 1975/1975/1975 1973/1973/1973
f 1979/1979/1979 1978/1978/1978 1977/1977/1977
f 1979/1979/1979 1977/1977/1977 1980/1980/1980
f 1983/1983/1983 1982/1982/1982 1981/1981/1981
f 1984/1984/1984 1983/1983/1983 1981/1981/1981
f 1985/1985/1985 1983/1983/1983 1984/1984/1984
f 1986/1986/1986 1985/1985/1985 1984/1984/1984
f 1989/1989/1989 1988/1988/1988 1987/1987/1987
f 1990/1990/1990 1989/1989/1989 1987/1987/1987
f 1993/1993/1993 1992/1992/1992 1991/1991/1991
f 1994/1994/1994 1993/1993/1993 1991/1991/1991
f 1994/1994/1994 1991/1991/1991 1995/1995/1995
f 1996/1996/1996 1994/1994/1994 1995/1995/1995
f 1999/1999/1999 1998/1998/1998 1997/1997/1997
f 1998/1998/1998 2000/2000/2000 1997/1997/1997
f 1998/1998/1998 2001/2001/2001 2000/2000/2000
f 2001/2001/2001 2002/2002/2002 2000/2000/2000
f 2005/2005/2005 2004/2004/2004 2003/2003/2003
f 2006/2006/2006 2005/2005/2005 2003/2003/2003
f 2009/2009/2009 2008/2008/2008 2007/2007/2007
f 2010/2010/2010 2009/2009/2009 2007/2007/2007
f 2013/2013/2013 2012/2012/2012 2011/2011/2011
f 2014/2014/2014 2013/2013/2013 2011/2011/2011
f 2011/2011/2011 2015/2015/2015 2014/2014/2014
f 2016/2016/2016 2013/2013/2013 2014/2014/2014
f 2015/2015/2015 2017/2017/2017 2014/2014/2014
f 2015/2015/2015 2018/2018/2018 2017/2017/2017
f 2019/2019/2019 2016/2016/2016 2014/2014/2014
f 2014/2014/2014 2017/2017/2017 2019/2019/2019
f 2020/2020/2020 2016/2016/2016 2019/2019/2019
f 2021/2021/2021 2020/2020/2020 2019/2019/2019
f 2019/2019/2019 2022/2022/2022 2021/2021/2021
f 2017/2017/2017 2022/2022/2022 2019/2019/2019
f 2022/2022/2022 2023/2023/2023 2021/2021/2021
f 2018/2018/2018 2024/2024/2024 2017/2017/2017
f 2017/2017/2017 2024/2024/2024 2022/2022/2022
f 2018/2018/2018 2025/2025/2025 2024/2024/2024
f 2024/2024/2024 2026/2026/2026 2022/2022/2022
f 2025/2025/2025 2027/2027/2027 2024/2024/2024
f 2027/2027/2027 2026/2026/2026 2024/2024/2024
f 2027/2027/2027 2028/2028/2028 2026/2026/2026
f 2031/2031/2031 2030/2030/2030 2029/2029/2029
f 2032/2032/2032 2031/2031/2031 2029/2029/2029
f 2029/2029/2029 2033/2033/2033 2032/2032/2032
f 2033/2033/2033 2034/2034/2034 2032/2032/2032
f 2037/2037/2037 2036/2036/2036 2035/2035/2035
f 2038/2038/2038 2037/2037/2037 2035/2035/2035
f 2038/2038/2038 2035/2035/2035 2039/2039/2039
f 2040/2040/2040 2038/2038/2038 2039/2039/2039
f 2041/2041/2041 2038/2038/2038 2040/2040/2040
f 2039/2039/2039 2042/2042/2042 2040/2040/2040
f 2043/2043/2043 2041/2041/2041 2040/2040/2040
f 2042/2042/2042 2044/2044/2044 2040/2040/2040
f 2040/2040/2040 2044/2044/2044 2043/2043/2043
f 2042/2042/2042 2045/2045/2045 2044/2044/2044
f 2044/2044/2044 2046/2046/2046 2043/2043/2043
f 2045/2045/2045 2047/2047/2047 2044/2044/2044
f 2044/2044/2044 2047/2047/2047 2046/2046/2046
f 2045/2045/2045 2048/2048/2048 2047/2047/2047
f 2047/2047/2047 2049/2049/2049 2046/2046/2046
f 2048/2048/2048 2050/2050/2050 2047/2047/2047
f 2047/2047/2047 2050/2050/2050 2049/2049/2049
f 2050/2050/2050 2051/2051/2051 2049/2049/2049
f 2054/2054/2054 2053/2053/2053 2052/2052/2052
f 2053/2053/2053 2055/2055/2055 2052/2052/2052
f 2052/2052/2052 2055/2055/2055 2056/2056/2056
f 2053/2053/2053 2057/2057/2057 2055/2055/2055
f 2055/2055/2055 2058/2058/2058 2056/2056/2056
f 2056/2056/2056 2058/2058/2058 2059/2059/2059
f 2057/2057/2057 2060/2060/2060 2055/2055/2055
f 2055/2055/2055 2060/2060/2060 2058/2058/2058
f 2058/2058/2058 2061/2061/2061 2059/2059/2059
f 2059/2059/2059 2061/2061/2061 2062/2062/2062
f 2063/2063/2063 2060/2060/2060 2057/2057/2057
f 2057/2057/2057 2064/2064/2064 2063/2063/2063
f 2063/2063/2063 2064/2064/2064 2065/2065/2065
f 2066/2066/2066 2063/2063/2063 2065/2065/2065
f 2060/2060/2060 2067/2067/2067 2058/2058/2058
f 2063/2063/2063 2067/2067/2067 2060/2060/2060
f 2058/2058/2058 2067/2067/2067 2061/2061/2061
f 2061/2061/2061 2068/2068/2068 2062/2062/2062
f 2062/2062/2062 2068/2068/2068 2069/2069/2069
f 2068/2068/2068 2066/2066/2066 2069/2069/2069
f 2070/2070/2070 2063/2063/2063 2066/2066/2066
f 2063/2063/2063 2070/2070/2070 2067/2067/2067
f 2068/2068/2068 2070/2070/2070 2066/2066/2066
f 2067/2067/2067 2071/2071/2071 2061/2061/2061
f 2070/2070/2070 2071/2071/2071 2067/2067/2067
f 2071/2071/2071 2070/2070/2070 2068/2068/2068
f 2061/2061/2061 2071/2071/2071 2068/2068/2068
f 2074/2074/2074 2073/2073/2073 2072/2072/2072
f 2073/2073/2073 2075/2075/2075 2072/2072/2072
f 2073/2073/2073 2076/2076/2076 2075/2075/2075
f 2076/2076/2076 2077/2077/2077 2075/2075/2075
f 2080/2080/2080 2079/2079/2079 2078/2078/2078
f 2078/2078/2078 2081/2081/2081 2080/2080/2080
f 2081/2081/2081 2078/2078/2078 2082/2082/2082
f 2083/2083/2083 2081/2081/2081 2082/2082/2082
f 2081/2081/2081 2084/2084/2084 2080/2080/2080
f 2084/2084/2084 2081/2081/2081 2083/2083/2083
f 2085/2085/2085 2084/2084/2084 2083/2083/2083
f 2084/2084/2084 2086/2086/2086 2080/2080/2080
f 2084/2084/2084 2087/2087/2087 2086/2086/2086
f 2090/2090/2090 2089/2089/2089 2088/2088/2088
f 2091/2091/2091 2090/2090/2090 2088/2088/2088
f 2091/2091/2091 2088/2088/2088 2092/2092/2092
f 2093/2093/2093 2090/2090/2090 2091/2091/2091
f 2094/2094/2094 2091/2091/2091 2092/2092/2092
f 2095/2095/2095 2093/2093/2093 2091/2091/2091
f 2095/2095/2095 2091/2091/2091 2094/2094/2094
f 2096/2096/2096 2095/2095/2095 2094/2094/2094
f 2097/2097/2097 2093/2093/2093 2095/2095/2095
f 2097/2097/2097 2095/2095/2095 2096/2096/2096
f 2098/2098/2098 2097/2097/2097 2096/2096/2096
f 2099/2099/2099 2097/2097/2097 2098/2098/2098
f 2100/2100/2100 2099/2099/2099 2098/2098/2098
f 2099/2099/2099 2101/2101/2101 2097/2097/2097
f 2101/2101/2101 2102/2102/2102 2097/2097/2097
f 2105/2105/2105 2104/2104/2104 2103/2103/2103
f 2106/2106/2106 2105/2105/2105 2103/2103/2103
f 2107/2107/2107 2105/2105/2105 2106/2106/2106
f 2108/2108/2108 2107/2107/2107 2106/2106/2106
f 2109/2109/2109 2107/2107/2107 2108/2108/2108
f 2110/2110/2110 2109/2109/2109 2108/2108/2108
f 2111/2111/2111 2109/2109/2109 2110/2110/2110
f 2112/2112/2112 2111/2111/2111 2110/2110/2110
f 2115/2115/2115 2114/2114/2114 2113/2113/2113
f 2116/2116/2116 2115/2115/2115 2113/2113/2113
f 2119/2119/2119 2118/2118/2118 2117/2117/2117
f 2118/2118/2118 2120/2120/2120 2117/2117/2117
f 2118/2118/2118 2121/2121/2121 2120/2120/2120
f 2121/2121/2121 2122/2122/2122 2120/2120/2120
f 2121/2121/2121 2123/2123/2123 2122/2122/2122
f 2124/2124/2124 2123/2123/2123 2121/2121/2121
f 2127/2127/2127 2126/2126/2126 2125/2125/2125
f 2126/2126/2126 2128/2128/2128 2125/2125/2125
f 2128/2128/2128 2129/2129/2129 2125/2125/2125
f 2129/2129/2129 2130/2130/2130 2125/2125/2125
f 2130/2130/2130 2131/2131/2131 2125/2125/2125
f 2134/2134/2134 2133/2133/2133 2132/2132/2132
f 2133/2133/2133 2135/2135/2135 2132/2132/2132
f 2133/2133/2133 2136/2136/2136 2135/2135/2135
f 2136/2136/2136 2137/2137/2137 2135/2135/2135
f 2135/2135/2135 2137/2137/2137 2132/2132/2132
f 2137/2137/2137 2138/2138/2138 2132/2132/2132
f 2141/2141/2141 2140/2140/2140 2139/2139/2139
f 2140/2140/2140 2142/2142/2142 2139/2139/2139
f 2139/2139/2139 2142/2142/2142 2143/2143/2143
f 2142/2142/2142 2144/2144/2144 2143/2143/2143
f 2147/2147/2147 2146/2146/2146 2145/2145/2145
f 2146/2146/2146 2148/2148/2148 2145/2145/2145
f 2145/2145/2145 2148/2148/2148 2149/2149/2149
f 2148/2148/2148 2150/2150/2150 2149/2149/2149
f 2153/2153/2153 2152/2152/2152 2151/2151/2151
f 2154/2154/2154 2153/2153/2153 2151/2151/2151
f 2157/2157/2157 2156/2156/2156 2155/2155/2155
f 2158/2158/2158 2157/2157/2157 2155/2155/2155
f 2158/2158/2158 2155/2155/2155 2159/2159/2159
f 2160/2160/2160 2158/2158/2158 2159/2159/2159
f 2160/2160/2160 2159/2159/2159 2161/2161/2161
f 2162/2162/2162 2160/2160/2160 2161/2161/2161
f 2162/2162/2162 2161/2161/2161 2163/2163/2163
f 2164/2164/2164 2162/2162/2162 2163/2163/2163
f 2164/2164/2164 2163/2163/2163 2165/2165/2165
f 2166/2166/2166 2164/2164/2164 2165/2165/2165
f 2169/2169/2169 2168/2168/2168 2167/2167/2167
f 2170/2170/2170 2169/2169/2169 2167/2167/2167
f 2173/2173/2173 2172/2172/2172 2171/2171/2171
f 2174/2174/2174 2173/2173/2173 2171/2171/2171
f 2175/2175/2175 2173/2173/2173 2174/2174/2174
f 2176/2176/2176 2175/2175/2175 2174/2174/2174
f 2177/2177/2177 2175/2175/2175 2176/2176/2176
f 2178/2178/2178 2177/2177/2177 2176/2176/2176
f 2179/2179/2179 2177/2177/2177 2178/2178/2178
f 2180/2180/2180 2179/2179/2179 2178/2178/2178
f 2183/2183/2183 2182/2182/2182 2181/2181/2181
f 2184/2184/2184 2183/2183/2183 2181/2181/2181
f 2187/2187/2187 2186/2186/2186 2185/2185/2185
f 2188/2188/2188 2187/2187/2187 2185/2185/2185
f 2191/2191/2191 2190/2190/2190 2189/2189/2189
f 2192/2192/2192 2191/2191/2191 2189/2189/2189
f 2192/2192/2192 2189/2189/2189 2193/2193/2193
f 2194/2194/2194 2192/2192/2192 2193/2193/2193
f 2194/2194/2194 2193/2193/2193 2195/2195/2195
f 2196/2196/2196 2194/2194/2194 2195/2195/2195
f 2196/2196/2196 2195/2195/2195 2197/2197/2197
f 2198/2198/2198 2196/2196/2196 2197/2197/2197
f 2198/2198/2198 2197/2197/2197 2199/2199/2199
f 2200/2200/2200 2198/2198/2198 2199/2199/2199
f 2200/2200/2200 2199/2199/2199 2201/2201/2201
f 2202/2202/2202 2200/2200/2200 2201/2201/2201
f 2205/2205/2205 2204/2204/2204 2203/2203/2203
f 2206/2206/2206 2205/2205/2205 2203/2203/2203
f 2206/2206/2206 2203/2203/2203 2207/2207/2207
f 2208/2208/2208 2206/2206/2206 2207/2207/2207
f 2205/2205/2205 2206/2206/2206 2208/2208/2208
f 2208/2208/2208 2207/2207/2207 2209/2209/2209
f 2210/2210/2210 2208/2208/2208 2209/2209/2209
f 2205/2205/2205 2208/2208/2208 2210/2210/2210
f 2210/2210/2210 2209/2209/2209 2211/2211/2211
f 2212/2212/2212 2210/2210/2210 2211/2211/2211
f 2205/2205/2205 2210/2210/2210 2212/2212/2212
f 2212/2212/2212 2211/2211/2211 2213/2213/2213
f 2205/2205/2205 2212/2212/2212 2214/2214/2214
f 2214/2214/2214 2212/2212/2212 2213/2213/2213
f 2214/2214/2214 2215/2215/2215 2205/2205/2205
f 2214/2214/2214 2213/2213/2213 2216/2216/2216
f 2215/2215/2215 2214/2214/2214 2216/2216/2216
f 2219/2219/2219 2218/2218/2218 2217/2217/2217
f 2220/2220/2220 2219/2219/2219 2217/2217/2217
f 2223/2223/2223 2222/2222/2222 2221/2221/2221
f 2224/2224/2224 2223/2223/2223 2221/2221/2221
f 2224/2224/2224 2221/2221/2221 2225/2225/2225
f 2226/2226/2226 2224/2224/2224 2225/2225/2225
f 2226/2226/2226 2225/2225/2225 2227/2227/2227
f 2228/2228/2228 2226/2226/2226 2227/2227/2227
f 2228/2228/2228 2227/2227/2227 2229/2229/2229
f 2230/2230/2230 2228/2228/2228 2229/2229/2229
f 2233/2233/2233 2232/2232/2232 2231/2231/2231
f 2234/2234/2234 2233/2233/2233 2231/2231/2231
f 2231/2231/2231 2232/2232/2232 2235/2235/2235
f 2236/2236/2236 2233/2233/2233 2234/2234/2234
f 2232/2232/2232 2237/2237/2237 2235/2235/2235
f 2238/2238/2238 2236/2236/2236 2234/2234/2234
f 2235/2235/2235 2237/2237/2237 2239/2239/2239
f 2240/2240/2240 2236/2236/2236 2238/2238/2238
f 2237/2237/2237 2241/2241/2241 2239/2239/2239
f 2242/2242/2242 2240/2240/2240 2238/2238/2238
f 2239/2239/2239 2241/2241/2241 2242/2242/2242
f 2241/2241/2241 2240/2240/2240 2242/2242/2242
f 2245/2245/2245 2244/2244/2244 2243/2243/2243
f 2246/2246/2246 2245/2245/2245 2243/2243/2243
f 2243/2243/2243 2244/2244/2244 2247/2247/2247
f 2248/2248/2248 2245/2245/2245 2246/2246/2246
f 2244/2244/2244 2249/2249/2249 2247/2247/2247
f 2250/2250/2250 2248/2248/2248 2246/2246/2246
f 2247/2247/2247 2249/2249/2249 2251/2251/2251
f 2252/2252/2252 2248/2248/2248 2250/2250/2250
f 2249/2249/2249 2253/2253/2253 2251/2251/2251
f 2254/2254/2254 2252/2252/2252 2250/2250/2250
f 2251/2251/2251 2253/2253/2253 2254/2254/2254
f 2253/2253/2253 2252/2252/2252 2254/2254/2254
f 2257/2257/2257 2256/2256/2256 2255/2255/2255
f 2258/2258/2258 2257/2257/2257 2255/2255/2255
f 2255/2255/2255 2256/2256/2256 2259/2259/2259
f 2260/2260/2260 2257/2257/2257 2258/2258/2258
f 2256/2256/2256 2261/2261/2261 2259/2259/2259
f 2262/2262/2262 2260/2260/2260 2258/2258/2258
f 2259/2259/2259 2261/2261/2261 2263/2263/2263
f 2264/2264/2264 2260/2260/2260 2262/2262/2262
f 2261/2261/2261 2265/2265/2265 2263/2263/2263
f 2266/2266/2266 2264/2264/2264 2262/2262/2262
f 2263/2263/2263 2265/2265/2265 2266/2266/2266
f 2265/2265/2265 2264/2264/2264 2266/2266/2266
f 2269/2269/2269 2268/2268/2268 2267/2267/2267
f 2270/2270/2270 2269/2269/2269 2267/2267/2267
f 2267/2267/2267 2268/2268/2268 2271/2271/2271
f 2272/2272/2272 2269/2269/2269 2270/2270/2270
f 2268/2268/2268 2273/2273/2273 2271/2271/2271
f 2274/2274/2274 2272/2272/2272 2270/2270/2270
f 2271/2271/2271 2273/2273/2273 2275/2275/2275
f 2276/2276/2276 2272/2272/2272 2274/2274/2274
f 2273/2273/2273 2277/2277/2277 2275/2275/2275
f 2278/2278/2278 2276/2276/2276 2274/2274/2274
f 2275/2275/2275 2277/2277/2277 2278/2278/2278
f 2277/2277/2277 2276/2276/2276 2278/2278/2278
f 2281/2281/2281 2280/2280/2280 2279/2279/2279
f 2280/2280/2280 2282/2282/2282 2279/2279/2279
f 2283/2283/2283 2280/2280/2280 2281/2281/2281
f 2279/2279/2279 2282/2282/2282 2284/2284/2284
f 2285/2285/2285 2283/2283/2283 2281/2281/2281
f 2282/2282/2282 2286/2286/2286 2284/2284/2284
f 2287/2287/2287 2283/2283/2283 2285/2285/2285
f 2284/2284/2284 2286/2286/2286 2288/2288/2288
f 2289/2289/2289 2287/2287/2287 2285/2285/2285
f 2286/2286/2286 2290/2290/2290 2288/2288/2288
f 2290/2290/2290 2287/2287/2287 2289/2289/2289
f 2288/2288/2288 2290/2290/2290 2289/2289/2289
f 2293/2293/2293 2292/2292/2292 2291/2291/2291
f 2294/2294/2294 2293/2293/2293 2291/2291/2291
f 2291/2291/2291 2292/2292/2292 2295/2295/2295
f 2296/2296/2296 2293/2293/2293 2294/2294/2294
f 2292/2292/2292 2297/2297/2297 2295/2295/2295
f 2298/2298/2298 2296/2296/2296 2294/2294/2294
f 2295/2295/2295 2297/2297/2297 2299/2299/2299
f 2300/2300/2300 2296/2296/2296 2298/2298/2298
f 2297/2297/2297 2301/2301/2301 2299/2299/2299
f 2302/2302/2302 2300/2300/2300 2298/2298/2298
f 2299/2299/2299 2301/2301/2301 2302/2302/2302
f 2301/2301/2301 2300/2300/2300 2302/2302/2302
f 2305/2305/2305 2304/2304/2304 2303/2303/2303
f 2304/2304/2304 2306/2306/2306 2303/2303/2303
f 2305/2305/2305 2303/2303/2303 2307/2307/2307
f 2304/2304/2304 2308/2308/2308 2306/2306/2306
f 2309/2309/2309 2305/2305/2305 2307/2307/2307
f 2308/2308/2308 2310/2310/2310 2306/2306/2306
f 2309/2309/2309 2307/2307/2307 2311/2311/2311
f 2308/2308/2308 2312/2312/2312 2310/2310/2310
f 2313/2313/2313 2309/2309/2309 2311/2311/2311
f 2312/2312/2312 2314/2314/2314 2310/2310/2310
f 2313/2313/2313 2311/2311/2311 2314/2314/2314
f 2312/2312/2312 2313/2313/2313 2314/2314/2314
f 2317/2317/2317 2316/2316/2316 2315/2315/2315
f 2316/2316/2316 2318/2318/2318 2315/2315/2315
f 2317/2317/2317 2315/2315/2315 2319/2319/2319
f 2316/2316/2316 2320/2320/2320 2318/2318/2318
f 2321/2321/2321 2317/2317/2317 2319/2319/2319
f 2320/2320/2320 2322/2322/2322 2318/2318/2318
f 2321/2321/2321 2319/2319/2319 2323/2323/2323
f 2320/2320/2320 2324/2324/2324 2322/2322/2322
f 2325/2325/2325 2321/2321/2321 2323/2323/2323
f 2324/2324/2324 2326/2326/2326 2322/2322/2322
f 2325/2325/2325 2323/2323/2323 2326/2326/2326
f 2324/2324/2324 2325/2325/2325 2326/2326/2326
f 2329/2329/2329 2328/2328/2328 2327/2327/2327
f 2328/2328/2328 2330/2330/2330 2327/2327/2327
f 2329/2329/2329 2327/2327/2327 2331/2331/2331
f 2328/2328/2328 2332/2332/2332 2330/2330/2330
f 2333/2333/2333 2329/2329/2329 2331/2331/2331
f 2332/2332/2332 2334/2334/2334 2330/2330/2330
f 2333/2333/2333 2331/2331/2331 2335/2335/2335
f 2332/2332/2332 2336/2336/2336 2334/2334/2334
f 2337/2337/2337 2333/2333/2333 2335/2335/2335
f 2336/2336/2336 2338/2338/2338 2334/2334/2334
f 2337/2337/2337 2335/2335/2335 2338/2338/2338
f 2336/2336/2336 2337/2337/2337 2338/2338/2338
f 2341/2341/2341 2340/2340/2340 2339/2339/2339
f 2340/2340/2340 2342/2342/2342 2339/2339/2339
f 2341/2341/2341 2339/2339/2339 2343/2343/2343
f 2340/2340/2340 2344/2344/2344 2342/2342/2342
f 2345/2345/2345 2341/2341/2341 2343/2343/2343
f 2344/2344/2344 2346/2346/2346 2342/2342/2342
f 2345/2345/2345 2343/2343/2343 2347/2347/2347
f 2344/2344/2344 2348/2348/2348 2346/2346/2346
f 2349/2349/2349 2345/2345/2345 2347/2347/2347
f 2348/2348/2348 2350/2350/2350 2346/2346/2346
f 2349/2349/2349 2347/2347/2347 2350/2350/2350
f 2348/2348/2348 2349/2349/2349 2350/2350/2350
f 2353/2353/2353 2352/2352/2352 2351/2351/2351
f 2354/2354/2354 2353/2353/2353 2351/2351/2351
f 2353/2353/2353 2355/2355/2355 2352/2352/2352
f 2354/2354/2354 2351/2351/2351 2356/2356/2356
f 2355/2355/2355 2357/2357/2357 2352/2352/2352
f 2358/2358/2358 2354/2354/2354 2356/2356/2356
f 2355/2355/2355 2359/2359/2359 2357/2357/2357
f 2358/2358/2358 2356/2356/2356 2360/2360/2360
f 2359/2359/2359 2361/2361/2361 2357/2357/2357
f 2362/2362/2362 2358/2358/2358 2360/2360/2360
f 2362/2362/2362 2360/2360/2360 2361/2361/2361
f 2359/2359/2359 2362/2362/2362 2361/2361/2361
f 2365/2365/2365 2364/2364/2364 2363/2363/2363
f 2366/2366/2366 2365/2365/2365 2363/2363/2363
f 2365/2365/2365 2367/2367/2367 2364/2364/2364
f 2366/2366/2366 2363/2363/2363 2368/2368/2368
f 2367/2367/2367 2369/2369/2369 2364/2364/2364
f 2370/2370/2370 2366/2366/2366 2368/2368/2368
f 2367/2367/2367 2371/2371/2371 2369/2369/2369
f 2370/2370/2370 2368/2368/2368 2372/2372/2372
f 2371/2371/2371 2373/2373/2373 2369/2369/2369
f 2374/2374/2374 2370/2370/2370 2372/2372/2372
f 2374/2374/2374 2372/2372/2372 2373/2373/2373
f 2371/2371/2371 2374/2374/2374 2373/2373/2373
