g 0.3333
v 1.1356537 -0.20367111 2.26262
v 1.0235469 -1.146085 1.4826407
v 0.7833708 -0.5462542 2.1206136
v -1.1356537 -0.20367111 2.26262
v -0.7833708 -0.5462542 2.1206136
v -1.0235469 -1.146085 1.4826407
v -0 1.6270837 2.1106904
v -0 1.909595 2.0240781
v 0.11799068 1.9076052 1.9892665
v 0.2747654 1.643333 1.9970944
v 0.16475195 1.9424043 1.8740807
v -0 1.0077393 2.173104
v 0.3698591 1.7201703 1.7226391
v 0.49876383 1.0131497 2.0468564
v -0 0.15047744 2.2432377
v 0.67138124 1.0462819 1.576255
v 0.57890034 0.15744548 2.0806487
v -0 -0.3180465 2.2472088
v 0.77925223 0.19868307 1.4949211
v 0.7127797 -0.54531515 2.0311716
v 0.9594659 -0.5040776 1.445444
v 0.67138124 1.0462819 1.576255
v 0.3698591 1.7201703 1.7226391
v 0.2747654 1.7970074 1.4481837
v 0.49876383 1.079414 1.1056533
v 0.77925223 0.19868307 1.4949211
v 0.57890034 0.24141395 0.8879781
v 0.9594659 -0.5040776 1.445444
v 0.7127797 -0.4641292 0.9034269
v 0.95475054 -1.1198912 1.4168886
v 1.1356537 -0.20367111 2.26262
v 0.75682235 -1.0989739 0.93259645
v 1.0235469 -1.146085 1.4826407
v 0.8119786 -1.4384724 1.379659
v 0.6032126 -1.4118506 1.0203528
v 0.4948355 -1.7153631 1.3508621
v 0.46238443 -1.6058836 1.1124201
v 0.89879376 -1.5064954 1.4083955
v 0.6639304 -1.539088 1.9814953
v 0.86469465 -1.1976935 2.0697968
v 0.7833708 -0.5462542 2.1206136
v -0 1.9348613 1.9268123
v 0.11799068 1.9076052 1.9892665
v -0 1.909595 2.0240781
v 0.16475195 1.9424043 1.8740807
v -0 1.971159 1.7715925
v 0.12230056 1.9563417 1.8246292
v 0.3698591 1.7201703 1.7226391
v 0.2747654 1.7970074 1.4481837
v -0 1.8050107 1.3922347
v 0.7127797 -0.54531515 2.0311716
v -0 0.13504452 2.852181
v -0 -0.3180465 2.2472088
v 0.7833708 -0.5462542 2.1206136
v 0.9594659 -0.5040776 1.445444
v 1.1356537 -0.20367111 2.26262
v -0 -1.4045646 0.85034657
v -0 -1.5993625 0.9602586
v 0.46238443 -1.6058836 1.1124201
v 0.6032126 -1.4118506 1.0203528
v -0 -1.0906065 0.73735374
v 0.75682235 -1.0989739 0.93259645
v -0 -0.4553375 0.69828504
v 0.7127797 -0.4641292 0.9034269
v -0 0.24995469 0.68869257
v 0.57890034 0.24141395 0.8879781
v -0 1.0862423 0.9463253
v 0.49876383 1.079414 1.1056533
v -0 1.8050107 1.3922347
v 0.2747654 1.7970074 1.4481837
v 0.46238443 -1.6058836 1.1124201
v -0 -1.5993625 0.9602586
v -0 -1.6131533 1.3370308
v 0.4948355 -1.7153631 1.3508621
v -0 -1.87641 1.7764763
v 0.4431877 -1.7948953 1.7412733
v 0.7005582 -1.6945457 1.3889306
v 0.5133621 -1.7131336 1.8241446
v 0.89879376 -1.5064954 1.4083955
v 0.6639304 -1.539088 1.9814953
v -0 -1.87641 1.7764763
v 0.5133621 -1.7131336 1.8241446
v 0.4431877 -1.7948953 1.7412733
v -0 -1.7014942 1.9610082
v 0.6639304 -1.539088 1.9814953
v -0 -1.5277798 2.142345
v 0.86469465 -1.1976935 2.0697968
v -0 -0.7763668 2.5280063
v 0.7833708 -0.5462542 2.1206136
v -0 0.13504452 2.852181
v 1.6195555E-07 1.9878976 1.7992327
v 0.2504732 2.3250895 2.3225927
v 2.6985015E-07 2.474441 2.2191079
v 0.12727256 1.9174271 1.8589072
v 0.15507406 2.0827785 2.4905133
v 0.07875406 1.8031288 1.9556458
v 0.15507406 2.0827785 2.4905133
v 0.070733994 2.4623656 2.6501365
v 0.2504732 2.3250895 2.3225927
v 0.0438031 2.3920894 2.6948323
v 1.717369E-07 2.0827785 2.4905133
v 2.4148565E-07 2.3920894 2.6948323
v 0.07875406 1.8031288 1.9556458
v 1.1514581E-07 1.8031288 1.9556458
v 0.2504732 2.3250895 2.3225927
v 0.070733994 2.4623656 2.6501365
v 2.698137E-07 2.5056498 2.6226003
v 2.6985015E-07 2.474441 2.2191079
v 2.6448478E-07 2.4814126 2.5992017
v 0.30038455 2.425667 3.3201275
v 2.8866856E-07 2.6415124 3.3500338
v 0.07866602 2.4243848 2.5968633
v 0.18597534 2.0754552 3.271628
v 0.04867723 2.3319092 2.5930471
v 0.18597534 2.0754552 3.271628
v 0.084828906 2.280922 3.720694
v 0.30038455 2.425667 3.3201275
v 0.05253154 2.1826038 3.7030926
v 1.5556446E-07 2.0754552 3.271628
v 1.7306218E-07 2.1826038 3.7030926
v 0.30038455 2.425667 3.3201275
v 0.084828906 2.280922 3.720694
v 2.1030303E-07 2.3414845 3.7315292
v 2.8866856E-07 2.6415124 3.3500338
v 4.0486017E-07 2.3124337 3.6648746
v 0.08276597 2.2594218 3.6282825
v 0.31603995 2.0381165 4.310364
v 7.044647E-07 2.2401497 4.3877883
v 0.08276597 2.2594218 3.6282825
v 0.05121438 2.1634555 3.5708015
v 0.19566843 1.6938164 4.1947055
v 0.31603995 2.0381165 4.310364
v 0.08925046 1.8191023 4.6989503
v 0.055269938 1.7208536 4.6616626
v 0.31603995 2.0381165 4.310364
v 0.08925046 1.8191023 4.6989503
v 7.846636E-07 1.8796234 4.7219114
v 7.044647E-07 2.2401497 4.3877883
v 8.9267064E-07 1.6938164 4.1947055
v 8.2395854E-07 1.7208536 4.6616626
v 0.055269938 1.7208536 4.6616626
v 0.19566843 1.6938164 4.1947055
v 0.05121438 2.1634555 3.5708015
v 5.2300175E-07 2.1619427 3.5702188
v 7.8495077E-07 1.9113672 4.673991
v 0.09664791 1.8579333 4.6285834
v 0.36904663 1.3119876 5.3296776
v 7.507449E-07 1.4983017 5.5219245
v 0.09664791 1.8579333 4.6285834
v 0.059804376 1.7713037 4.554927
v 0.22848612 1.0096728 5.017776
v 0.36904663 1.3119876 5.3296776
v 0.10421963 0.8688234 5.607921
v 0.06453983 0.7869669 5.5165
v 0.36904663 1.3119876 5.3296776
v 0.10421963 0.8688234 5.607921
v 8.4489193E-07 0.9192507 5.6642284
v 7.507449E-07 1.4983017 5.5219245
v 9.1496213E-07 1.0096728 5.017776
v 8.908763E-07 0.7869669 5.5165
v 0.06453983 0.7869669 5.5165
v 0.22848612 1.0096728 5.017776
v 8.404488E-07 0.9767976 5.613905
v 0.09664797 0.9551015 5.547223
v 0.3723243 0.15657508 5.928943
v 0.00260803 0.23558748 6.179875
v 0.006062202 -0.34190536 6.065632
v 0.110443324 -0.36248338 5.993483
v 0.09664797 0.9551015 5.547223
v 0.05980442 0.91994727 5.4390845
v 0.23290636 0.019510984 5.521641
v 0.3723243 0.15657508 5.928943
v 0.110443324 -0.36248338 5.993483
v 0.07100396 -0.3971821 5.875698
v 0.0044243876 0.018296003 5.5215316
v 0.006465936 -0.3975253 5.875667
v 0.07100396 -0.3971821 5.875698
v 0.23290636 0.019510984 5.521641
v 0.05980442 0.91994727 5.4390845
v 8.7533044E-07 0.91994727 5.4390845
v 0.0058663124 -0.3017459 6.0638323
v 0.12462742 -0.30669963 5.977534
v 0.59090877 -1.1905928 6.2251534
v 0.010362448 -1.2113715 6.775627
v 0.01361081 -1.8047621 6.5825496
v 0.5318068 -1.7857713 6.091158
v 0.12462742 -0.30669963 5.977534
v 0.07927519 -0.31596065 5.837474
v 0.36991325 -1.1631204 5.3314476
v 0.59090877 -1.1905928 6.2251534
v 0.5318068 -1.7857713 6.091158
v 0.33451942 -1.7605253 5.293368
v 0.25441474 -2.1196723 5.862596
v 0.16362758 -2.1578336 5.496136
v 0.03280191 -2.9124315 5.9877124
v 0.027699053 -2.924589 5.9706564
v 0.03280191 -2.9124315 5.9877124
v 0.027699053 -2.924589 5.9706564
v 0.019859958 -2.9246306 5.970653
v 0.019742489 -2.9050276 5.9982095
v 0.25441474 -2.1196723 5.862596
v 0.03280191 -2.9124315 5.9877124
v 0.019742489 -2.9050276 5.9982095
v 0.015405944 -2.0977337 6.088312
v 0.016013809 -2.1586187 5.496065
v 0.019859958 -2.9246306 5.970653
v 0.027699053 -2.924589 5.9706564
v 0.16362758 -2.1578336 5.496136
v 0.014003041 -1.7622298 5.2932143
v 0.33451942 -1.7605253 5.293368
v 0.010808775 -1.1650302 5.3312755
v 0.36991325 -1.1631204 5.3314476
v 0.07927519 -0.31596065 5.837474
v 0.0060525686 -0.31634998 5.8374386
v 0.5318068 -1.7857713 6.091158
v 0.25441474 -2.1196723 5.862596
v 0.015405944 -2.0977337 6.088312
v 0.01361081 -1.8047621 6.5825496
v 0.059804376 1.7713037 4.554927
v 8.285672E-07 1.7713037 4.554927
v 9.1496213E-07 1.0096728 5.017776
v 0.22848612 1.0096728 5.017776
v 0.04867723 2.3319092 2.5930471
v 2.2906136E-07 2.3319092 2.5930471
v 1.5556446E-07 2.0754552 3.271628
v 0.18597534 2.0754552 3.271628
v 0.597733 0.116448276 1.1452096
v 0.6071954 0.31466722 1.1381016
v 0.7096848 0.31587347 1.3081758
v 0.70022243 0.11765461 1.3152838
v 0.6071954 0.31466722 1.1381016
v 0.8013686 0.31152296 1.3089068
v 0.7096848 0.31587347 1.3081758
v 0.8263041 0.3032745 1.1120796
v 1.2451206 0.30550796 1.7329215
v 1.2878661 0.2965564 1.5382992
v 1.4725382 0.29222775 1.6559136
v 1.3292723 0.29407507 1.5173904
v 1.8328952 0.2907827 0.9372707
v 1.5770649 0.29731846 0.786482
v 1.9421523 0.1159731 -0.021191359
v 1.9000473 0.1174569 -0.033607423
v 0.8013686 0.31152296 1.3089068
v 1.2451206 0.30550796 1.7329215
v 1.2356805 0.107283205 1.7399466
v 0.7919061 0.11330417 1.3160149
v 0.8168416 0.105055675 1.1191876
v 0.597733 0.116448276 1.1452096
v 0.70022243 0.11765461 1.3152838
v 0.7919061 0.11330417 1.3160149
v 1.278884 0.0983085 1.5450554
v 1.2356805 0.107283205 1.7399466
v 1.3199155 0.09583044 1.524138
v 1.4635952 0.09396082 1.6623979
v 1.5633225 -0.008463055 0.7965436
v 1.8191532 -0.014998779 0.94733196
v 1.8980765 0.073602416 -0.03216447
v 1.940181 0.072118685 -0.019748375
v 0.6071954 0.31466722 1.1381016
v 0.597733 0.116448276 1.1452096
v 0.8168416 0.105055675 1.1191876
v 0.8263041 0.3032745 1.1120796
v 0.8013686 0.31152296 1.3089068
v 0.7919061 0.11330417 1.3160149
v 0.70022243 0.11765461 1.3152838
v 0.7096848 0.31587347 1.3081758
v 1.278884 0.0983085 1.5450554
v 1.3292723 0.29407507 1.5173904
v 1.2878661 0.2965564 1.5382992
v 1.3199155 0.09583044 1.524138
v 1.5770649 0.29731846 0.786482
v 1.5633225 -0.008463055 0.7965436
v 1.9000473 0.1174569 -0.033607423
v 1.8980765 0.073602416 -0.03216447
v 1.940181 0.072118685 -0.019748375
v 1.9421523 0.1159731 -0.021191359
v 0.8168416 0.105055675 1.1191876
v 1.278884 0.0983085 1.5450554
v 1.2878661 0.2965564 1.5382992
v 0.8263041 0.3032745 1.1120796
v 1.2451206 0.30550796 1.7329215
v 1.4635952 0.09396082 1.6623979
v 1.2356805 0.107283205 1.7399466
v 1.4725382 0.29222775 1.6559136
v 1.8191532 -0.014998779 0.94733196
v 1.8328952 0.2907827 0.9372707
v 1.8328952 0.2907827 0.9372707
v 1.9421523 0.1159731 -0.021191359
v 1.940181 0.072118685 -0.019748375
v 1.8191532 -0.014998779 0.94733196
v 0.66105264 -0.56342053 1.1330438
v 0.71636975 -0.3813936 1.0752048
v 0.8356584 -0.3679215 1.2312359
v 0.7766284 -0.54790616 1.2937682
v 0.71636975 -0.3813936 1.0752048
v 0.93543214 -0.3990225 1.2192506
v 0.8356584 -0.3679215 1.2312359
v 0.9678354 -0.46487308 1.0199041
v 1.3847878 -0.40704605 1.6306757
v 1.4596366 -0.4737074 1.4511163
v 1.6016734 -0.47033525 1.6162143
v 1.5025429 -0.4844846 1.4472222
v 2.1272202 -0.68017447 1.0452154
v 1.9228938 -0.67879194 0.829628
v 2.4380145 -1.0929554 0.21309051
v 2.4013846 -1.0892603 0.18913776
v 0.93543214 -0.3990225 1.2192506
v 1.3847878 -0.40704605 1.6306757
v 1.331758 -0.5906563 1.6846799
v 0.8739022 -0.5783464 1.282871
v 0.8950518 -0.6419318 1.0863676
v 0.66105264 -0.56342053 1.1330438
v 0.7766284 -0.54790616 1.2937682
v 0.8739022 -0.5783464 1.282871
v 1.4119 -0.6609123 1.4964494
v 1.331758 -0.5906563 1.6846799
v 1.4548316 -0.6721467 1.4912379
v 1.5537711 -0.657866 1.6605475
v 1.8493088 -0.9682212 0.89751315
v 2.0536356 -0.96960384 1.1131003
v 2.3908305 -1.1307696 0.19887352
v 2.4274616 -1.1344646 0.22282651
v 0.71636975 -0.3813936 1.0752048
v 0.66105264 -0.56342053 1.1330438
v 0.8950518 -0.6419318 1.0863676
v 0.9678354 -0.46487308 1.0199041
v 0.93543214 -0.3990225 1.2192506
v 0.8739022 -0.5783464 1.282871
v 0.7766284 -0.54790616 1.2937682
v 0.8356584 -0.3679215 1.2312359
v 1.4119 -0.6609123 1.4964494
v 1.5025429 -0.4844846 1.4472222
v 1.4596366 -0.4737074 1.4511163
v 1.4548316 -0.6721467 1.4912379
v 1.9228938 -0.67879194 0.829628
v 1.8493088 -0.9682212 0.89751315
v 2.4013846 -1.0892603 0.18913776
v 2.3908305 -1.1307696 0.19887352
v 2.4274616 -1.1344646 0.22282651
v 2.4380145 -1.0929554 0.21309051
v 0.8950518 -0.6419318 1.0863676
v 1.4119 -0.6609123 1.4964494
v 1.4596366 -0.4737074 1.4511163
v 0.9678354 -0.46487308 1.0199041
v 1.3847878 -0.40704605 1.6306757
v 1.5537711 -0.657866 1.6605475
v 1.331758 -0.5906563 1.6846799
v 1.6016734 -0.47033525 1.6162143
v 2.0536356 -0.96960384 1.1131003
v 2.1272202 -0.68017447 1.0452154
v 2.1272202 -0.68017447 1.0452154
v 2.4380145 -1.0929554 0.21309051
v 2.4274616 -1.1344646 0.22282651
v 2.0536356 -0.96960384 1.1131003
v 0.6748227 -1.1297114 1.06146
v 0.6820543 -0.9396275 1.1184396
v 0.81635463 -0.98564535 1.2562168
v 0.81518173 -1.1708994 1.1888578
v 0.6820543 -0.9396275 1.1184396
v 0.91273725 -0.9797717 1.2310762
v 0.81635463 -0.98564535 1.2562168
v 0.9065469 -0.92007685 1.0401177
v 1.420926 -1.0980169 1.5515382
v 1.4349912 -1.0378968 1.3613346
v 1.6361909 -1.0807697 1.4774364
v 1.4997447 -1.0231206 1.3425438
v 2.0488188 -0.7558496 0.8682318
v 1.8046418 -0.6865179 0.7139602
v 2.2331946 -0.5048156 -0.059222758
v 2.1920874 -0.49816716 -0.073192775
v 0.91273725 -0.9797717 1.2310762
v 1.420926 -1.0980169 1.5515382
v 1.4139464 -1.287666 1.4933474
v 0.90811414 -1.1677226 1.1694496
v 0.89833665 -1.1103187 0.9827403
v 0.6748227 -1.1297114 1.06146
v 0.81518173 -1.1708994 1.1888578
v 0.90811414 -1.1677226 1.1694496
v 1.4294631 -1.2260609 1.2995625
v 1.4139464 -1.287666 1.4933474
v 1.4941758 -1.2076542 1.2686292
v 1.6324267 -1.2642367 1.4016707
v 1.7991416 -0.96897626 0.5957252
v 2.0433192 -1.0383077 0.7499965
v 2.1912982 -0.53867686 -0.09014985
v 2.232406 -0.54532504 -0.07617977
v 0.6820543 -0.9396275 1.1184396
v 0.6748227 -1.1297114 1.06146
v 0.89833665 -1.1103187 0.9827403
v 0.9065469 -0.92007685 1.0401177
v 0.91273725 -0.9797717 1.2310762
v 0.90811414 -1.1677226 1.1694496
v 0.81518173 -1.1708994 1.1888578
v 0.81635463 -0.98564535 1.2562168
v 1.4294631 -1.2260609 1.2995625
v 1.4997447 -1.0231206 1.3425438
v 1.4349912 -1.0378968 1.3613346
v 1.4941758 -1.2076542 1.2686292
v 1.8046418 -0.6865179 0.7139602
v 1.7991416 -0.96897626 0.5957252
v 2.1920874 -0.49816716 -0.073192775
v 2.1912982 -0.53867686 -0.09014985
v 2.232406 -0.54532504 -0.07617977
v 2.2331946 -0.5048156 -0.059222758
v 0.89833665 -1.1103187 0.9827403
v 1.4294631 -1.2260609 1.2995625
v 1.4349912 -1.0378968 1.3613346
v 0.9065469 -0.92007685 1.0401177
v 1.420926 -1.0980169 1.5515382
v 1.6324267 -1.2642367 1.4016707
v 1.4139464 -1.287666 1.4933474
v 1.6361909 -1.0807697 1.4774364
v 2.0433192 -1.0383077 0.7499965
v 2.0488188 -0.7558496 0.8682318
v 2.0488188 -0.7558496 0.8682318
v 2.2331946 -0.5048156 -0.059222758
v 2.232406 -0.54532504 -0.07617977
v 2.0433192 -1.0383077 0.7499965
v 0.5155009 0.7893962 1.1581218
v 0.44337445 0.9659368 1.2134571
v 0.57234085 0.9713298 1.3643522
v 0.6444672 0.7947892 1.3090172
v 0.44337445 0.9659368 1.2134571
v 0.6557621 1.0084088 1.3547907
v 0.57234085 0.9713298 1.3643522
v 0.6368778 1.0604651 1.1640965
v 1.1474468 1.0985147 1.7082442
v 1.1501957 1.1594003 1.5163605
v 1.3434255 1.2045652 1.6255053
v 1.2001588 1.187742 1.4867184
v 1.6319668 1.5534027 0.96354574
v 1.3869549 1.5006748 0.8041151
v 1.7460126 1.7282567 0.0051395893
v 1.7062664 1.7162259 -0.009167634
v 0.6557621 1.0084088 1.3547907
v 1.1474468 1.0985147 1.7082442
v 1.2196962 0.9219314 1.6532059
v 0.72788835 0.8318682 1.2994556
v 0.70900404 0.88392454 1.1087613
v 0.5155009 0.7893962 1.1581218
v 0.6444672 0.7947892 1.3090172
v 0.72788835 0.8318682 1.2994556
v 1.2226956 0.9829313 1.4612395
v 1.2196962 0.9219314 1.6532059
v 1.2724833 1.0107244 1.4332551
v 1.4162078 1.0276048 1.5724092
v 1.4991157 1.2277842 0.72199893
v 1.7441279 1.2805121 0.88142926
v 1.7223523 1.6770884 -0.020944588
v 1.7620983 1.6891192 -0.0066373646
v 0.44337445 0.9659368 1.2134571
v 0.5155009 0.7893962 1.1581218
v 0.70900404 0.88392454 1.1087613
v 0.6368778 1.0604651 1.1640965
v 0.6557621 1.0084088 1.3547907
v 0.72788835 0.8318682 1.2994556
v 0.6444672 0.7947892 1.3090172
v 0.57234085 0.9713298 1.3643522
v 1.2226956 0.9829313 1.4612395
v 1.2001588 1.187742 1.4867184
v 1.1501957 1.1594003 1.5163605
v 1.2724833 1.0107244 1.4332551
v 1.3869549 1.5006748 0.8041151
v 1.4991157 1.2277842 0.72199893
v 1.7062664 1.7162259 -0.009167634
v 1.7223523 1.6770884 -0.020944588
v 1.7620983 1.6891192 -0.0066373646
v 1.7460126 1.7282567 0.0051395893
v 0.70900404 0.88392454 1.1087613
v 1.2226956 0.9829313 1.4612395
v 1.1501957 1.1594003 1.5163605
v 0.6368778 1.0604651 1.1640965
v 1.1474468 1.0985147 1.7082442
v 1.4162078 1.0276048 1.5724092
v 1.2196962 0.9219314 1.6532059
v 1.3434255 1.2045652 1.6255053
v 1.7441279 1.2805121 0.88142926
v 1.6319668 1.5534027 0.96354574
v 1.6319668 1.5534027 0.96354574
v 1.7460126 1.7282567 0.0051395893
v 1.7620983 1.6891192 -0.0066373646
v 1.7441279 1.2805121 0.88142926
v 0.4948355 -1.7153631 1.3508621
v 0.7005582 -1.6945457 1.3889306
v 0.89879376 -1.5064954 1.4083955
v 0.8119786 -1.4384724 1.379659
v 0.44641325 -1.58549 1.7204744
v 0.6857247 -1.4876281 1.5419052
v 0.7071914 -2.1133144 1.4130253
v 0.5198115 -2.1342194 1.5464883
v 0.20556395 -2.6757653 1.3637798
v 0.23868637 -2.6813917 1.3393915
v 0.6857247 -1.4876281 1.5419052
v 0.5805048 -1.4556499 1.2475584
v 0.63676006 -2.0690446 1.1975255
v 0.7071914 -2.1133144 1.4130253
v 0.23868637 -2.6813917 1.3393915
v 0.22825387 -2.670192 1.3008003
v 0.5805048 -1.4556499 1.2475584
v 0.27616394 -1.5337481 1.2442113
v 0.40585145 -2.06259 1.1978022
v 0.63676006 -2.0690446 1.1975255
v 0.22825387 -2.670192 1.3008003
v 0.18868385 -2.657643 1.3013382
v 0.19329084 -1.6139938 1.5364895
v 0.44641325 -1.58549 1.7204744
v 0.5198115 -2.1342194 1.5464883
v 0.33357325 -2.10287 1.413473
v 0.27616394 -1.5337481 1.2442113
v 0.40585145 -2.06259 1.1978022
v 0.18868385 -2.657643 1.3013382
v 0.17466068 -2.6610873 1.3402616
v 0.20556395 -2.6757653 1.3637798
v 0.19329084 -1.6139938 1.5364895
v 0.27616394 -1.5337481 1.2442113
v 0.5805048 -1.4556499 1.2475584
v 0.6857247 -1.4876281 1.5419052
v 0.44641325 -1.58549 1.7204744
v 0.23868637 -2.6813917 1.3393915
v 0.22825387 -2.670192 1.3008003
v 0.18868385 -2.657643 1.3013382
v 0.17466068 -2.6610873 1.3402616
v 0.20556395 -2.6757653 1.3637798
v 0.5932529 -1.276473 1.1365316
v 0.68500334 -1.4152501 1.0384135
v 1.1808625 -1.227198 1.1748118
v 1.0292339 -0.997852 1.3369634
v 0.68500334 -1.4152501 1.0384135
v 0.67983884 -1.5766487 1.144377
v 1.172328 -1.493928 1.3499289
v 1.1808625 -1.227198 1.1748118
v 0.67983884 -1.5766487 1.144377
v 0.5848967 -1.5376215 1.3079839
v 1.0154245 -1.4294308 1.6203089
v 1.172328 -1.493928 1.3499289
v 0.5848967 -1.5376215 1.3079839
v 0.9459164 -1.1901937 1.5873373
v 1.0154245 -1.4294308 1.6203089
v 0.5428373 -1.3928591 1.288033
v 1.0292339 -0.997852 1.3369634
v 0.5932529 -1.276473 1.1365316
v 0.5428373 -1.3928591 1.288033
v 0.5848967 -1.5376215 1.3079839
v 0.67983884 -1.5766487 1.144377
v 0.68500334 -1.4152501 1.0384135
v 0.5932529 -1.276473 1.1365316
v 0.9770524 -1.2098448 1.5433676
v 1.3279886 -1.589953 1.865463
v 1.0289419 -1.3884413 1.5679817
v 1.3793359 -1.3276844 1.944455
v 1.0392509 -1.0662569 1.3564572
v 1.481415 -1.5177183 1.9420962
v 1.6140138 -1.0778415 1.7533758
v 1.6007571 -1.4559464 2.0218148
v 1.7900827 -1.4106416 1.9339889
v 1.1460744 -1.4365901 1.3661363
v 1.7040067 -1.3011351 1.4657412
v 1.1524456 -1.2374693 1.2354069
v 1.5240244 -1.6153197 1.5317214
v 1.7728275 -1.4800364 1.7551908
v 1.5687145 -1.5304418 1.7476705
v 1.0289419 -1.3884413 1.5679817
v 1.5240244 -1.6153197 1.5317214
v 1.1460744 -1.4365901 1.3661363
v 1.3279886 -1.589953 1.865463
v 1.5687145 -1.5304418 1.7476705
v 1.481415 -1.5177183 1.9420962
v 1.1524456 -1.2374693 1.2354069
v 1.7040067 -1.3011351 1.4657412
v 1.6140138 -1.0778415 1.7533758
v 1.0392509 -1.0662569 1.3564572
v 1.7040067 -1.3011351 1.4657412
v 1.7728275 -1.4800364 1.7551908
v 1.7900827 -1.4106416 1.9339889
v 1.6140138 -1.0778415 1.7533758
v 1.4944091 -1.5469799 1.629956
v 2.1232455 -2.445126 1.6378682
v 1.866415 -1.4737728 1.652859
v 1.3902638 -2.2120166 1.5213542
v 1.8988752 -3.2789578 1.6736138
v 1.3885964 -3.105846 1.5955617
v 1.0980802 -4.126132 1.5367479
v 1.0645807 -4.1059756 1.5341094
v 1.8988752 -3.2789578 1.6736138
v 1.0980802 -4.126132 1.5367479
v 1.1130207 -4.141096 1.5657701
v 2.1272337 -3.390164 2.1032977
v 2.1232455 -2.445126 1.6378682
v 2.4513588 -2.591307 2.2536411
v 1.866415 -1.4737728 1.652859
v 1.8905659 -1.334687 1.9648899
v 1.3429289 -1.5238658 1.9775486
v 1.3902638 -2.2120166 1.5213542
v 1.4944091 -1.5469799 1.629956
v 1.265368 -2.2141266 2.065117
v 1.3885964 -3.105846 1.5955617
v 1.3015847 -3.1100612 1.9770062
v 1.0645807 -4.1059756 1.5341094
v 1.0588171 -4.1084814 1.5615008
v 1.5694816 -1.4332336 2.1329641
v 1.265368 -2.2141266 2.065117
v 1.3429289 -1.5238658 1.9775486
v 1.8137999 -2.3671703 2.3965497
v 1.8905659 -1.334687 1.9648899
v 1.3015847 -3.1100612 1.9770062
v 2.4513588 -2.591307 2.2536411
v 1.6824224 -3.2305837 2.2043765
v 1.0588171 -4.1084814 1.5615008
v 2.1272337 -3.390164 2.1032977
v 1.0841348 -4.1244535 1.5755997
v 1.1130207 -4.141096 1.5657701
v 1.1130207 -4.141096 1.5657701
v 1.0980802 -4.126132 1.5367479
v 1.0645807 -4.1059756 1.5341094
v 1.0588171 -4.1084814 1.5615008
v 1.0841348 -4.1244535 1.5755997
v 1.2188692 -2.8297534 1.349716
v 0.70719385 -3.389739 1.2028761
v 0.71049315 -3.3972402 1.2179943
v 1.2377617 -3.0277233 1.5913055
v 1.6280621 -2.9511666 1.8411992
v 1.6738033 -2.6760309 1.608263
v 1.411536 -2.7333808 2.035459
v 1.4855452 -2.2882035 1.6585593
v 1.3234551 -2.3236477 1.9225812
v 0.8228878 -2.589335 1.5540234
v 0.68944454 -3.3803153 1.1986299
v 0.9624633 -2.558814 1.3266747
v 0.68177396 -3.3819923 1.2111242
v 0.99303114 -2.879137 1.7175739
v 0.69478273 -3.3924527 1.2230921
v 1.6738033 -2.6760309 1.608263
v 1.4855452 -2.2882035 1.6585593
v 0.9624633 -2.558814 1.3266747
v 1.2188692 -2.8297534 1.349716
v 0.70719385 -3.389739 1.2028761
v 0.68944454 -3.3803153 1.1986299
v 0.71049315 -3.3972402 1.2179943
v 0.70719385 -3.389739 1.2028761
v 0.68944454 -3.3803153 1.1986299
v 0.68177396 -3.3819923 1.2111242
v 0.69478273 -3.3924527 1.2230921
v 1.4855452 -2.2882035 1.6585593
v 1.3234551 -2.3236477 1.9225812
v 0.8228878 -2.589335 1.5540234
v 0.9624633 -2.558814 1.3266747
v 1.2377617 -3.0277233 1.5913055
v 0.71049315 -3.3972402 1.2179943
v 0.69478273 -3.3924527 1.2230921
v 0.99303114 -2.879137 1.7175739
v 1.411536 -2.7333808 2.035459
v 1.6280621 -2.9511666 1.8411992
v 1.3234551 -2.3236477 1.9225812
v 0.8228878 -2.589335 1.5540234
v -0 1.6270837 2.1106904
v -0.11799068 1.9076052 1.9892665
v -0 1.909595 2.0240781
v -0.2747654 1.643333 1.9970944
v -0.16475195 1.9424043 1.8740807
v -0 1.0077393 2.173104
v -0.3698591 1.7201703 1.7226391
v -0.49876383 1.0131497 2.0468564
v -0 0.15047744 2.2432377
v -0.67138124 1.0462819 1.576255
v -0.57890034 0.15744548 2.0806487
v -0 -0.3180465 2.2472088
v -0.77925223 0.19868307 1.4949211
v -0.7127797 -0.54531515 2.0311716
v -0.9594659 -0.5040776 1.445444
v -0.67138124 1.0462819 1.576255
v -0.2747654 1.7970074 1.4481837
v -0.3698591 1.7201703 1.7226391
v -0.49876383 1.079414 1.1056533
v -0.77925223 0.19868307 1.4949211
v -0.57890034 0.24141395 0.8879781
v -0.9594659 -0.5040776 1.445444
v -0.7127797 -0.4641292 0.9034269
v -0.95475054 -1.1198912 1.4168886
v -1.1356537 -0.20367111 2.26262
v -0.75682235 -1.0989739 0.93259645
v -1.0235469 -1.146085 1.4826407
v -0.8119786 -1.4384724 1.379659
v -0.6032126 -1.4118506 1.0203528
v -0.4948355 -1.7153631 1.3508621
v -0.46238443 -1.6058836 1.1124201
v -0.89879376 -1.5064954 1.4083955
v -0.6639304 -1.539088 1.9814953
v -0.86469465 -1.1976935 2.0697968
v -0.7833708 -0.5462542 2.1206136
v -0 1.9348613 1.9268123
v -0 1.909595 2.0240781
v -0.11799068 1.9076052 1.9892665
v -0.16475195 1.9424043 1.8740807
v -0 1.971159 1.7715925
v -0.12230056 1.9563417 1.8246292
v -0.3698591 1.7201703 1.7226391
v -0.2747654 1.7970074 1.4481837
v -0 1.8050107 1.3922347
v -0.7127797 -0.54531515 2.0311716
v -0 -0.3180465 2.2472088
v -0 0.13504452 2.852181
v -0.7833708 -0.5462542 2.1206136
v -0.9594659 -0.5040776 1.445444
v -1.1356537 -0.20367111 2.26262
v -0 -1.4045646 0.85034657
v -0.46238443 -1.6058836 1.1124201
v -0 -1.5993625 0.9602586
v -0.6032126 -1.4118506 1.0203528
v -0 -1.0906065 0.73735374
v -0.75682235 -1.0989739 0.93259645
v -0 -0.4553375 0.69828504
v -0.7127797 -0.4641292 0.9034269
v -0 0.24995469 0.68869257
v -0.57890034 0.24141395 0.8879781
v -0 1.0862423 0.9463253
v -0.49876383 1.079414 1.1056533
v -0 1.8050107 1.3922347
v -0.2747654 1.7970074 1.4481837
v -0.46238443 -1.6058836 1.1124201
v -0 -1.6131533 1.3370308
v -0 -1.5993625 0.9602586
v -0.4948355 -1.7153631 1.3508621
v -0 -1.87641 1.7764763
v -0.4431877 -1.7948953 1.7412733
v -0.7005582 -1.6945457 1.3889306
v -0.5133621 -1.7131336 1.8241446
v -0.89879376 -1.5064954 1.4083955
v -0.6639304 -1.539088 1.9814953
v -0 -1.87641 1.7764763
v -0.4431877 -1.7948953 1.7412733
v -0.5133621 -1.7131336 1.8241446
v -0 -1.7014942 1.9610082
v -0.6639304 -1.539088 1.9814953
v -0 -1.5277798 2.142345
v -0.86469465 -1.1976935 2.0697968
v -0 -0.7763668 2.5280063
v -0.7833708 -0.5462542 2.1206136
v -0 0.13504452 2.852181
v 1.6195555E-07 1.9878976 1.7992327
v 2.6985015E-07 2.474441 2.2191079
v -0.25047278 2.3250895 2.3225927
v -0.12727226 1.9174271 1.8589072
v -0.15507373 2.0827785 2.4905133
v -0.07875384 1.8031288 1.9556458
v -0.15507373 2.0827785 2.4905133
v -0.25047278 2.3250895 2.3225927
v -0.07073347 2.4623656 2.6501365
v -0.043802615 2.3920894 2.6948323
v 1.717369E-07 2.0827785 2.4905133
v 2.4148565E-07 2.3920894 2.6948323
v -0.07875384 1.8031288 1.9556458
v 1.1514581E-07 1.8031288 1.9556458
v -0.25047278 2.3250895 2.3225927
v 2.6985015E-07 2.474441 2.2191079
v 2.698137E-07 2.5056498 2.6226003
v -0.07073347 2.4623656 2.6501365
v 2.6448478E-07 2.4814126 2.5992017
v 2.8866856E-07 2.6415124 3.3500338
v -0.30038407 2.425667 3.3201275
v -0.078665525 2.4243848 2.5968633
v -0.18597504 2.0754552 3.271628
v -0.048676774 2.3319092 2.5930471
v -0.18597504 2.0754552 3.271628
v -0.30038407 2.425667 3.3201275
v -0.0848285 2.280922 3.720694
v -0.052531198 2.1826038 3.7030926
v 1.5556446E-07 2.0754552 3.271628
v 1.7306218E-07 2.1826038 3.7030926
v -0.30038407 2.425667 3.3201275
v 2.8866856E-07 2.6415124 3.3500338
v 2.1030303E-07 2.3414845 3.7315292
v -0.0848285 2.280922 3.720694
v 4.0486017E-07 2.3124337 3.6648746
v 7.044647E-07 2.2401497 4.3877883
v -0.3160384 2.0381165 4.310364
v -0.0827651 2.2594218 3.6282825
v -0.0827651 2.2594218 3.6282825
v -0.19566664 1.6938164 4.1947055
v -0.05121335 2.1634555 3.5708015
v -0.3160384 2.0381165 4.310364
v -0.089248866 1.8191023 4.6989503
v -0.05526829 1.7208536 4.6616626
v -0.3160384 2.0381165 4.310364
v 7.044647E-07 2.2401497 4.3877883
v 7.846636E-07 1.8796234 4.7219114
v -0.089248866 1.8191023 4.6989503
v 8.9267064E-07 1.6938164 4.1947055
v -0.05526829 1.7208536 4.6616626
v 8.2395854E-07 1.7208536 4.6616626
v -0.19566664 1.6938164 4.1947055
v -0.05121335 2.1634555 3.5708015
v 5.2300175E-07 2.1619427 3.5702188
v 7.8495077E-07 1.9113672 4.673991
v 7.507449E-07 1.4983017 5.5219245
v -0.36904502 1.3119876 5.3296776
v -0.09664632 1.8579333 4.6285834
v -0.09664632 1.8579333 4.6285834
v -0.2284843 1.0096728 5.017776
v -0.059802715 1.7713037 4.5549264
v -0.36904502 1.3119876 5.3296776
v -0.1042179 0.8688234 5.607921
v -0.064538054 0.7869669 5.5165
v -0.36904502 1.3119876 5.3296776
v 7.507449E-07 1.4983017 5.5219245
v 8.4489193E-07 0.9192507 5.6642284
v -0.1042179 0.8688234 5.607921
v 9.1496213E-07 1.0096728 5.017776
v -0.2284843 1.0096728 5.017776
v -0.064538054 0.7869669 5.5165
v 8.908763E-07 0.7869669 5.5165
v 8.404488E-07 0.9767976 5.613905
v -0.36575752 0.15288293 5.92861
v -0.09664626 0.9551015 5.5472226
v 0.00260803 0.23558748 6.179875
v 0.006062202 -0.34190536 6.065632
v -0.09799124 -0.3635919 5.993383
v -0.09664626 0.9551015 5.5472226
v -0.22405757 0.017080784 5.521422
v -0.05980267 0.91994727 5.4390845
v -0.36575752 0.15288293 5.92861
v -0.09799124 -0.3635919 5.993383
v -0.05807209 -0.3978685 5.875636
v 0.0044243876 0.018296003 5.5215316
v -0.05807209 -0.3978685 5.875636
v 0.006465936 -0.3975253 5.875667
v -0.22405757 0.017080784 5.521422
v -0.05980267 0.91994727 5.4390845
v 8.7533044E-07 0.91994727 5.4390845
v 0.0058663124 -0.3017459 6.0638323
v -0.56984377 -1.1967659 6.2245965
v -0.11275254 -0.30796206 5.97742
v 0.010362448 -1.2113715 6.775627
v 0.01361081 -1.8047621 6.5825496
v -0.5042863 -1.7912813 6.090661
v -0.11275254 -0.30796206 5.97742
v -0.34829572 -1.16694 5.3311033
v -0.06717005 -0.31673932 5.8374033
v -0.56984377 -1.1967659 6.2245965
v -0.5042863 -1.7912813 6.090661
v -0.30651334 -1.7639345 5.2930603
v -0.22313939 -2.1222122 5.862367
v -0.13159998 -2.1594038 5.4959946
v 0.00677263 -2.91257 5.9877
v 0.012020863 -2.9246724 5.9706492
v 0.00677263 -2.91257 5.9877
v 0.019742489 -2.9050276 5.9982095
v 0.019859958 -2.9246306 5.970653
v 0.012020863 -2.9246724 5.9706492
v -0.22313939 -2.1222122 5.862367
v 0.015405944 -2.0977337 6.088312
v 0.019742489 -2.9050276 5.9982095
v 0.00677263 -2.91257 5.9877
v 0.016013809 -2.1586187 5.496065
v 0.012020863 -2.9246724 5.9706492
v 0.019859958 -2.9246306 5.970653
v -0.13159998 -2.1594038 5.4959946
v 0.014003041 -1.7622298 5.2932143
v -0.30651334 -1.7639345 5.2930603
v 0.010808775 -1.1650302 5.3312755
v -0.34829572 -1.16694 5.3311033
v -0.06717005 -0.31673932 5.8374033
v 0.0060525686 -0.31634998 5.8374386
v -0.5042863 -1.7912813 6.090661
v 0.01361081 -1.8047621 6.5825496
v 0.015405944 -2.0977337 6.088312
v -0.22313939 -2.1222122 5.862367
v -0.059802715 1.7713037 4.5549264
v -0.2284843 1.0096728 5.017776
v 9.1496213E-07 1.0096728 5.017776
v 8.285672E-07 1.7713037 4.554927
v -0.048676774 2.3319092 2.5930471
v -0.18597504 2.0754552 3.271628
v 1.5556446E-07 2.0754552 3.271628
v 2.2906136E-07 2.3319092 2.5930471
v -0.66709036 0.076550364 1.1429446
v -0.7677311 0.13595712 1.3034847
v -0.6485116 0.29392028 1.3197688
v -0.5478708 0.23451352 1.1592288
v -0.5478708 0.23451352 1.1592288
v -0.6485116 0.29392028 1.3197688
v -0.72122806 0.34951097 1.3128858
v -0.7184752 0.36781484 1.1151786
v -1.1218687 0.61214423 1.6987405
v -1.1305856 0.6388497 1.5029336
v -1.2888976 0.7491505 1.5892918
v -1.149793 0.65503234 1.4845378
v -1.3802636 0.94331276 0.8141809
v -1.1496509 0.77880144 0.7248337
v -1.3352935 0.83320737 -0.15895808
v -1.3001269 0.80702543 -0.1616056
v -0.72122806 0.34951097 1.3128858
v -0.84044737 0.19154787 1.2966017
v -1.2410849 0.4541741 1.6825202
v -1.1218687 0.61214423 1.6987405
v -0.83769464 0.20985174 1.0988944
v -0.7677311 0.13595712 1.3034847
v -0.66709036 0.076550364 1.1429446
v -0.84044737 0.19154787 1.2966017
v -1.2495714 0.48067352 1.4869637
v -1.2410849 0.4541741 1.6825202
v -1.2689933 0.49703446 1.4685339
v -1.4078919 0.5909674 1.573529
v -1.3331394 0.53481066 0.70048445
v -1.5637522 0.6993221 0.7898313
v -1.3264425 0.772033 -0.16509777
v -1.3616089 0.7982148 -0.16245013
v -0.5478708 0.23451352 1.1592288
v -0.7184752 0.36781484 1.1151786
v -0.83769464 0.20985174 1.0988944
v -0.66709036 0.076550364 1.1429446
v -0.72122806 0.34951097 1.3128858
v -0.6485116 0.29392028 1.3197688
v -0.7677311 0.13595712 1.3034847
v -0.84044737 0.19154787 1.2966017
v -1.2495714 0.48067352 1.4869637
v -1.1305856 0.6388497 1.5029336
v -1.149793 0.65503234 1.4845378
v -1.2689933 0.49703446 1.4685339
v -1.1496509 0.77880144 0.7248337
v -1.3331394 0.53481066 0.70048445
v -1.3001269 0.80702543 -0.1616056
v -1.3264425 0.772033 -0.16509777
v -1.3616089 0.7982148 -0.16245013
v -1.3352935 0.83320737 -0.15895808
v -0.83769464 0.20985174 1.0988944
v -0.7184752 0.36781484 1.1151786
v -1.1305856 0.6388497 1.5029336
v -1.2495714 0.48067352 1.4869637
v -1.1218687 0.61214423 1.6987405
v -1.2410849 0.4541741 1.6825202
v -1.4078919 0.5909674 1.573529
v -1.2888976 0.7491505 1.5892918
v -1.5637522 0.6993221 0.7898313
v -1.3802636 0.94331276 0.8141809
v -1.3802636 0.94331276 0.8141809
v -1.5637522 0.6993221 0.7898313
v -1.3616089 0.7982148 -0.16245013
v -1.3352935 0.83320737 -0.15895808
v -0.6911415 -0.5411744 1.099203
v -0.81553197 -0.537367 1.2539393
v -0.8020313 -0.33866793 1.2572964
v -0.6750957 -0.34319952 1.1067042
v -0.6750957 -0.34319952 1.1067042
v -0.8020313 -0.33866793 1.2572964
v -0.9010158 -0.32783967 1.2361987
v -0.9198133 -0.31327316 1.027519
v -1.3834646 -0.3046334 1.6109118
v -1.4394908 -0.2833402 1.4150823
v -1.6055925 -0.27882263 1.5551932
v -1.4802037 -0.27702063 1.4033265
v -2.0299978 -0.112796456 0.89256
v -1.7921736 -0.12066592 0.7147768
v -2.2576404 -0.12654518 -0.0600169
v -2.2172246 -0.12919043 -0.07700878
v -0.9010158 -0.32783967 1.2361987
v -0.9126914 -0.5270282 1.2339313
v -1.4010277 -0.50216275 1.6000842
v -1.3834646 -0.3046334 1.6109118
v -0.92316264 -0.5146672 1.0284699
v -0.81553197 -0.537367 1.2539393
v -0.6911415 -0.5411744 1.099203
v -0.9126914 -0.5270282 1.2339313
v -1.4605768 -0.47983927 1.3967249
v -1.4010277 -0.50216275 1.6000842
v -1.5012381 -0.473516 1.3838861
v -1.6264999 -0.47535503 1.5360283
v -1.8246146 -0.4237189 0.6847943
v -2.0624392 -0.4158492 0.8625772
v -2.2218769 -0.17265362 -0.08130882
v -2.2622933 -0.17000823 -0.064316936
v -0.6750957 -0.34319952 1.1067042
v -0.9198133 -0.31327316 1.027519
v -0.92316264 -0.5146672 1.0284699
v -0.6911415 -0.5411744 1.099203
v -0.9010158 -0.32783967 1.2361987
v -0.8020313 -0.33866793 1.2572964
v -0.81553197 -0.537367 1.2539393
v -0.9126914 -0.5270282 1.2339313
v -1.4605768 -0.47983927 1.3967249
v -1.4394908 -0.2833402 1.4150823
v -1.4802037 -0.27702063 1.4033265
v -1.5012381 -0.473516 1.3838861
v -1.7921736 -0.12066592 0.7147768
v -1.8246146 -0.4237189 0.6847943
v -2.2172246 -0.12919043 -0.07700878
v -2.2218769 -0.17265362 -0.08130882
v -2.2622933 -0.17000823 -0.064316936
v -2.2576404 -0.12654518 -0.0600169
v -0.92316264 -0.5146672 1.0284699
v -0.9198133 -0.31327316 1.027519
v -1.4394908 -0.2833402 1.4150823
v -1.4605768 -0.47983927 1.3967249
v -1.3834646 -0.3046334 1.6109118
v -1.4010277 -0.50216275 1.6000842
v -1.6264999 -0.47535503 1.5360283
v -1.6055925 -0.27882263 1.5551932
v -2.0624392 -0.4158492 0.8625772
v -2.0299978 -0.112796456 0.89256
v -2.0299978 -0.112796456 0.89256
v -2.0624392 -0.4158492 0.8625772
v -2.2622933 -0.17000823 -0.064316936
v -2.2576404 -0.12654518 -0.0600169
v -0.6622776 -1.1509507 1.0774199
v -0.7579043 -1.1914165 1.244512
v -0.84675205 -1.0143089 1.238909
v -0.7528766 -0.97445905 1.0688558
v -0.7528766 -0.97445905 1.0688558
v -0.84675205 -1.0143089 1.238909
v -0.9302088 -1.0567272 1.237877
v -0.9517478 -1.0767297 1.0408272
v -1.3288367 -1.241224 1.6674119
v -1.365526 -1.2684329 1.4734213
v -1.5310614 -1.3468944 1.5973167
v -1.4043934 -1.2858511 1.4561628
v -1.8901222 -1.4600025 0.8850242
v -1.6628646 -1.3479855 0.7299912
v -1.9464802 -1.6428143 -0.07444863
v -1.9089651 -1.6241101 -0.08756001
v -0.9302088 -1.0567272 1.237877
v -0.840365 -1.2334893 1.2451164
v -1.2383167 -1.4177644 1.6756346
v -1.3288367 -1.241224 1.6674119
v -0.86088216 -1.253184 1.0492886
v -0.7579043 -1.1914165 1.244512
v -0.6622776 -1.1509507 1.0774199
v -0.840365 -1.2334893 1.2451164
v -1.2754339 -1.4451541 1.4806281
v -1.2383167 -1.4177644 1.6756346
v -1.3143843 -1.4629333 1.45997
v -1.4415646 -1.524123 1.6005894
v -1.5249288 -1.6213797 0.73464894
v -1.7521869 -1.733397 0.8896817
v -1.8891823 -1.6633196 -0.08689198
v -1.926698 -1.682024 -0.073780656
v -0.7528766 -0.97445905 1.0688558
v -0.9517478 -1.0767297 1.0408272
v -0.86088216 -1.253184 1.0492886
v -0.6622776 -1.1509507 1.0774199
v -0.9302088 -1.0567272 1.237877
v -0.84675205 -1.0143089 1.238909
v -0.7579043 -1.1914165 1.244512
v -0.840365 -1.2334893 1.2451164
v -1.2754339 -1.4451541 1.4806281
v -1.365526 -1.2684329 1.4734213
v -1.4043934 -1.2858511 1.4561628
v -1.3143843 -1.4629333 1.45997
v -1.6628646 -1.3479855 0.7299912
v -1.5249288 -1.6213797 0.73464894
v -1.9089651 -1.6241101 -0.08756001
v -1.8891823 -1.6633196 -0.08689198
v -1.926698 -1.682024 -0.073780656
v -1.9464802 -1.6428143 -0.07444863
v -0.86088216 -1.253184 1.0492886
v -0.9517478 -1.0767297 1.0408272
v -1.365526 -1.2684329 1.4734213
v -1.2754339 -1.4451541 1.4806281
v -1.3288367 -1.241224 1.6674119
v -1.2383167 -1.4177644 1.6756346
v -1.4415646 -1.524123 1.6005894
v -1.5310614 -1.3468944 1.5973167
v -1.7521869 -1.733397 0.8896817
v -1.8901222 -1.4600025 0.8850242
v -1.8901222 -1.4600025 0.8850242
v -1.7521869 -1.733397 0.8896817
v -1.926698 -1.682024 -0.073780656
v -1.9464802 -1.6428143 -0.07444863
v -0.4741242 0.7986335 1.184572
v -0.57966626 0.8001889 1.352766
v -0.6207273 0.99250644 1.3252218
v -0.51518524 0.99095124 1.1570278
v -0.51518524 0.99095124 1.1570278
v -0.6207273 0.99250644 1.3252218
v -0.7105051 0.973398 1.3256387
v -0.72888887 0.9415256 1.1305053
v -1.1577487 0.93781054 1.7438114
v -1.1952206 0.9019431 1.5504805
v -1.379214 0.88011384 1.6711988
v -1.239846 0.88865155 1.5286121
v -1.7450404 0.7269469 0.9738002
v -1.4966984 0.7558719 0.81342965
v -1.8421426 0.42049077 0.04709688
v -1.8010862 0.42711848 0.032967865
v -0.7105051 0.973398 1.3256387
v -0.6694441 0.7810804 1.3531828
v -1.1167328 0.7455054 1.771513
v -1.1577487 0.93781054 1.7438114
v -0.6878277 0.7492081 1.1580496
v -0.57966626 0.8001889 1.352766
v -0.4741242 0.7986335 1.184572
v -0.6694441 0.7810804 1.3531828
v -1.154341 0.7095976 1.5781486
v -1.1167328 0.7455054 1.771513
v -1.1987683 0.6964876 1.5571291
v -1.338352 0.6879255 1.6999218
v -1.433644 0.4594519 0.85760874
v -1.6819866 0.43052676 1.0179789
v -1.7920432 0.3846066 0.0393039
v -1.8330994 0.37797883 0.05343294
v -0.51518524 0.99095124 1.1570278
v -0.72888887 0.9415256 1.1305053
v -0.6878277 0.7492081 1.1580496
v -0.4741242 0.7986335 1.184572
v -0.7105051 0.973398 1.3256387
v -0.6207273 0.99250644 1.3252218
v -0.57966626 0.8001889 1.352766
v -0.6694441 0.7810804 1.3531828
v -1.154341 0.7095976 1.5781486
v -1.1952206 0.9019431 1.5504805
v -1.239846 0.88865155 1.5286121
v -1.1987683 0.6964876 1.5571291
v -1.4966984 0.7558719 0.81342965
v -1.433644 0.4594519 0.85760874
v -1.8010862 0.42711848 0.032967865
v -1.7920432 0.3846066 0.0393039
v -1.8330994 0.37797883 0.05343294
v -1.8421426 0.42049077 0.04709688
v -0.6878277 0.7492081 1.1580496
v -0.72888887 0.9415256 1.1305053
v -1.1952206 0.9019431 1.5504805
v -1.154341 0.7095976 1.5781486
v -1.1577487 0.93781054 1.7438114
v -1.1167328 0.7455054 1.771513
v -1.338352 0.6879255 1.6999218
v -1.379214 0.88011384 1.6711988
v -1.6819866 0.43052676 1.0179789
v -1.7450404 0.7269469 0.9738002
v -1.7450404 0.7269469 0.9738002
v -1.6819866 0.43052676 1.0179789
v -1.8330994 0.37797883 0.05343294
v -1.8421426 0.42049077 0.04709688
v -0.4948355 -1.7153631 1.3508621
v -0.8119786 -1.4384724 1.379659
v -0.89879376 -1.5064954 1.4083955
v -0.7005582 -1.6945457 1.3889306
v -0.44641325 -1.58549 1.7204744
v -0.7071914 -2.1133144 1.4130253
v -0.6857247 -1.4876281 1.5419052
v -0.5198115 -2.1342194 1.5464883
v -0.20556395 -2.6757653 1.3637798
v -0.23868637 -2.6813917 1.3393915
v -0.6857247 -1.4876281 1.5419052
v -0.63676006 -2.0690446 1.1975255
v -0.5805048 -1.4556499 1.2475584
v -0.7071914 -2.1133144 1.4130253
v -0.23868637 -2.6813917 1.3393915
v -0.22825387 -2.670192 1.3008003
v -0.5805048 -1.4556499 1.2475584
v -0.40585145 -2.06259 1.1978022
v -0.27616394 -1.5337481 1.2442113
v -0.63676006 -2.0690446 1.1975255
v -0.22825387 -2.670192 1.3008003
v -0.18868385 -2.657643 1.3013382
v -0.19329084 -1.6139938 1.5364895
v -0.5198115 -2.1342194 1.5464883
v -0.44641325 -1.58549 1.7204744
v -0.33357325 -2.10287 1.413473
v -0.27616394 -1.5337481 1.2442113
v -0.40585145 -2.06259 1.1978022
v -0.18868385 -2.657643 1.3013382
v -0.17466068 -2.6610873 1.3402616
v -0.20556395 -2.6757653 1.3637798
v -0.6857247 -1.4876281 1.5419052
v -0.5805048 -1.4556499 1.2475584
v -0.27616394 -1.5337481 1.2442113
v -0.19329084 -1.6139938 1.5364895
v -0.44641325 -1.58549 1.7204744
v -0.17466068 -2.6610873 1.3402616
v -0.18868385 -2.657643 1.3013382
v -0.22825387 -2.670192 1.3008003
v -0.23868637 -2.6813917 1.3393915
v -0.20556395 -2.6757653 1.3637798
v -0.6023314 -1.2638628 1.1526551
v -0.99881953 -1.0960473 1.5026795
v -1.1738657 -1.2725909 1.3024915
v -0.7082517 -1.370689 1.0315213
v -0.7082517 -1.370689 1.0315213
v -1.1738657 -1.2725909 1.3024915
v -1.1295235 -1.5797102 1.3772923
v -0.6814201 -1.5565273 1.0767831
v -0.6814201 -1.5565273 1.0767831
v -1.1295235 -1.5797102 1.3772923
v -0.92707217 -1.5929774 1.6237093
v -0.558917 -1.5645553 1.2258902
v -0.558917 -1.5645553 1.2258902
v -0.92707217 -1.5929774 1.6237093
v -0.86840737 -1.3512136 1.6592268
v -0.52341884 -1.4182639 1.2473818
v -0.99881953 -1.0960473 1.5026795
v -0.6023314 -1.2638628 1.1526551
v -0.6814201 -1.5565273 1.0767831
v -0.558917 -1.5645553 1.2258902
v -0.52341884 -1.4182639 1.2473818
v -0.7082517 -1.370689 1.0315213
v -0.6023314 -1.2638628 1.1526551
v -0.906715 -1.358132 1.6171128
v -0.95050985 -1.5386149 1.590598
v -1.1876962 -1.8452266 1.8476595
v -1.230891 -1.6179435 2.013357
v -1.004071 -1.1676439 1.5002462
v -1.3203931 -1.8192711 2.013138
v -1.4996784 -1.34086 1.950315
v -1.4389722 -1.758529 2.1012387
v -1.6346619 -1.7260474 2.0404472
v -1.1016449 -1.5287106 1.4066416
v -1.1347473 -1.299438 1.3508011
v -1.6332878 -1.4788105 1.6190834
v -1.4366446 -1.7907557 1.5523779
v -1.6222088 -1.8084702 1.848386
v -1.4153905 -1.850706 1.8285464
v -0.95050985 -1.5386149 1.590598
v -1.1016449 -1.5287106 1.4066416
v -1.4366446 -1.7907557 1.5523779
v -1.1876962 -1.8452266 1.8476595
v -1.4153905 -1.850706 1.8285464
v -1.3203931 -1.8192711 2.013138
v -1.1347473 -1.299438 1.3508011
v -1.004071 -1.1676439 1.5002462
v -1.4996784 -1.34086 1.950315
v -1.6332878 -1.4788105 1.6190834
v -1.6332878 -1.4788105 1.6190834
v -1.4996784 -1.34086 1.950315
v -1.6346619 -1.7260474 2.0404472
v -1.6222088 -1.8084702 1.848386
v -1.3429308 -1.8779168 1.7162197
v -1.7192049 -1.8183112 1.7525561
v -1.914355 -2.8068306 1.8547144
v -1.2007179 -2.5473359 1.6857104
v -1.6392612 -3.6174874 1.9732654
v -1.1430044 -3.4257493 1.8574619
v -0.7936696 -4.4282436 1.9000597
v -0.7615412 -4.406655 1.893961
v -1.6392612 -3.6174874 1.9732654
v -0.8067676 -4.440686 1.9310927
v -0.7936696 -4.4282436 1.9000597
v -1.8469589 -3.692638 2.4208777
v -1.914355 -2.8068306 1.8547144
v -2.21365 -2.9014926 2.4947655
v -1.7192049 -1.8183112 1.7525561
v -1.7356937 -1.6554745 2.0959969
v -1.1803253 -1.8133874 2.0516245
v -1.3429308 -1.8779168 1.7162197
v -1.2007179 -2.5473359 1.6857104
v -1.0589595 -2.4816196 2.2213101
v -1.1430044 -3.4257493 1.8574619
v -1.043998 -3.3823981 2.2335033
v -0.7615412 -4.406655 1.893961
v -0.75478274 -4.4057555 1.9212246
v -1.4054643 -1.7215087 2.212619
v -1.1803253 -1.8133874 2.0516245
v -1.0589595 -2.4816196 2.2213101
v -1.5855622 -2.6300697 2.5877805
v -1.7356937 -1.6554745 2.0959969
v -1.043998 -3.3823981 2.2335033
v -2.21365 -2.9014926 2.4947655
v -1.4095979 -3.4979854 2.486953
v -0.75478274 -4.4057555 1.9212246
v -1.8469589 -3.692638 2.4208777
v -0.7786407 -4.4214506 1.9379375
v -0.8067676 -4.440686 1.9310927
v -0.7615412 -4.406655 1.893961
v -0.7936696 -4.4282436 1.9000597
v -0.8067676 -4.440686 1.9310927
v -0.75478274 -4.4057555 1.9212246
v -0.7786407 -4.4214506 1.9379375
v -0.99795926 -3.1697583 1.5765617
v -0.46076494 -3.7189035 1.4888135
v -0.45839745 -3.7129655 1.4728494
v -0.9973456 -3.34023 1.8389614
v -1.3835274 -3.2583022 2.0935078
v -1.4529936 -3.0139415 1.8336747
v -1.1745083 -3.0083315 2.2543697
v -1.1147921 -2.6094809 2.0939538
v -1.2869055 -2.612948 1.83395
v -0.6109435 -2.8861125 1.7381394
v -0.7591501 -2.889098 1.5142505
v -0.4413883 -3.7030926 1.466927
v -0.4332434 -3.7029285 1.4792311
v -0.758156 -3.164928 1.9388216
v -0.4452188 -3.7127004 1.4927578
v -1.4529936 -3.0139415 1.8336747
v -0.7591501 -2.889098 1.5142505
v -1.2869055 -2.612948 1.83395
v -0.99795926 -3.1697583 1.5765617
v -0.45839745 -3.7129655 1.4728494
v -0.4413883 -3.7030926 1.466927
v -0.4413883 -3.7030926 1.466927
v -0.45839745 -3.7129655 1.4728494
v -0.46076494 -3.7189035 1.4888135
v -0.4332434 -3.7029285 1.4792311
v -0.4452188 -3.7127004 1.4927578
v -1.2869055 -2.612948 1.83395
v -0.7591501 -2.889098 1.5142505
v -0.6109435 -2.8861125 1.7381394
v -1.1147921 -2.6094809 2.0939538
v -0.9973456 -3.34023 1.8389614
v -0.4452188 -3.7127004 1.4927578
v -0.46076494 -3.7189035 1.4888135
v -0.758156 -3.164928 1.9388216
v -1.1745083 -3.0083315 2.2543697
v -1.3835274 -3.2583022 2.0935078
v -1.1147921 -2.6094809 2.0939538
v -0.6109435 -2.8861125 1.7381394
v 1.0154245 -1.4294308 1.6203089
v 1.0289419 -1.3884413 1.5679817
v 1.1460744 -1.4365901 1.3661363
v 0.9459164 -1.1901937 1.5873373
v 1.172328 -1.493928 1.3499289
v 0.9770524 -1.2098448 1.5433676
v 1.1524456 -1.2374693 1.2354069
v 1.0292339 -0.997852 1.3369634
v 1.1808625 -1.227198 1.1748118
v 1.0392509 -1.0662569 1.3564572
v 1.7900827 -1.4106416 1.9339889
v 1.8905659 -1.334687 1.9648899
v 1.5694816 -1.4332336 2.1329641
v 1.7728275 -1.4800364 1.7551908
v 1.6007571 -1.4559464 2.0218148
v 1.866415 -1.4737728 1.652859
v 1.3429289 -1.5238658 1.9775486
v 1.5687145 -1.5304418 1.7476705
v 1.481415 -1.5177183 1.9420962
v 1.4944091 -1.5469799 1.629956
v -1.1295235 -1.5797102 1.3772923
v -1.1738657 -1.2725909 1.3024915
v -1.1347473 -1.299438 1.3508011
v -1.1016449 -1.5287106 1.4066416
v -1.004071 -1.1676439 1.5002462
v -0.92707217 -1.5929774 1.6237093
v -0.99881953 -1.0960473 1.5026795
v -0.95050985 -1.5386149 1.590598
v -0.906715 -1.358132 1.6171128
v -0.86840737 -1.3512136 1.6592268
v -1.6346619 -1.7260474 2.0404472
v -1.4054643 -1.7215087 2.212619
v -1.7356937 -1.6554745 2.0959969
v -1.6222088 -1.8084702 1.848386
v -1.4389722 -1.758529 2.1012387
v -1.7192049 -1.8183112 1.7525561
v -1.1803253 -1.8133874 2.0516245
v -1.4153905 -1.850706 1.8285464
v -1.3203931 -1.8192711 2.013138
v -1.3429308 -1.8779168 1.7162197
vt 0.8026987 0.90931964
vt 0.8026987 0.7926403
vt 0.7667136 0.8761799
vt 0.8026987 0.90931964
vt 0.7667136 0.8761799
vt 0.8026987 0.7926403
vt 0.44811487 0.03790307
vt 0.4437163 0.00853467
vt 0.4305972 0.008298159
vt 0.41594118 0.0355227
vt 0.4200907 0.005666733
vt 0.4511237 0.10392833
vt 0.39246124 0.030032396
vt 0.3969186 0.10118008
vt 0.4544328 0.19552541
vt 0.3557023 0.1023345
vt 0.39067364 0.19246745
vt 0.4544328 0.24602747
vt 0.3407565 0.19401431
vt 0.37498906 0.26791322
vt 0.32065347 0.26910853
vt 0.083375216 0.29124498
vt 0.076096535 0.34961784
vt 0.106878996 0.36068606
vt 0.13742137 0.29976845
vt 0.094082355 0.20827353
vt 0.16281939 0.2198745
vt 0.09723163 0.14158416
vt 0.16154218 0.15027893
vt 0.1055789 0.078397155
vt 0.005666733 0.16040885
vt 0.16219139 0.085252404
vt 0.09627342 0.07619691
vt 0.11822462 0.042345405
vt 0.16281939 0.04688871
vt 0.1372428 0.005666733
vt 0.16144037 0.021068215
vt 0.11218119 0.037085176
vt 0.065620184 0.015356064
vt 0.04517722 0.054284334
vt 0.038043022 0.11834073
vt 0.7374301 0.9478766
vt 0.7254011 0.9551139
vt 0.7381739 0.95851076
vt 0.7194113 0.9426652
vt 0.736316 0.93091357
vt 0.7235712 0.9371172
vt 0.70097286 0.927258
vt 0.7089833 0.8969288
vt 0.7381739 0.8899206
vt 0.6769686 0.30613184
vt 0.7232051 0.20784914
vt 0.6623317 0.23161936
vt 0.68916523 0.3081131
vt 0.63393855 0.36052847
vt 0.7232051 0.3397249
vt 0.5407753 0.028812885
vt 0.54609483 0.007927895
vt 0.5052631 0.005666733
vt 0.48637527 0.025915504
vt 0.53473663 0.06265402
vt 0.46576616 0.059052348
vt 0.53000796 0.13166308
vt 0.46589577 0.12823164
vt 0.5260929 0.20837379
vt 0.4753208 0.20552659
vt 0.53207964 0.30008996
vt 0.48784444 0.29765975
vt 0.54609483 0.37954998
vt 0.5204898 0.37766004
vt 0.40675843 0.8126237
vt 0.40675843 0.7595977
vt 0.36776686 0.7724415
vt 0.38252127 0.8242936
vt 0.32065356 0.78787404
vt 0.33992684 0.8323783
vt 0.38573754 0.84683424
vt 0.33430254 0.8423083
vt 0.39172626 0.86766136
vt 0.32433844 0.86292064
vt 0.08672047 0.60923874
vt 0.03728977 0.59522
vt 0.041300982 0.60510457
vt 0.09280339 0.5866545
vt 0.027690172 0.57459867
vt 0.098748654 0.56426674
vt 0.0069139004 0.5380777
vt 0.10463655 0.47599733
vt 0.005666673 0.4669519
vt 0.10463655 0.37201935
vt 0.8047298 0.30498743
vt 0.777917 0.3727671
vt 0.8047298 0.3700918
vt 0.7909167 0.30720866
vt 0.75171435 0.35805893
vt 0.7773068 0.30112934
vt 0.6069754 0.8375187
vt 0.6110614 0.79456043
vt 0.5835547 0.82737875
vt 0.6176088 0.79776406
vt 0.62179476 0.83819294
vt 0.62179476 0.79795456
vt 0.5989983 0.8974998
vt 0.6065243 0.89784193
vt 0.8916352 0.54693127
vt 0.8648735 0.54531324
vt 0.8648151 0.5540712
vt 0.8916352 0.578233
vt 0.741472 0.87858725
vt 0.71556044 0.797632
vt 0.7009728 0.816916
vt 0.7451639 0.8730171
vt 0.75538015 0.79264045
vt 0.75538015 0.870872
vt 0.5250077 0.90691245
vt 0.5630107 0.9432417
vt 0.5630107 0.8989861
vt 0.552135 0.9452381
vt 0.5189321 0.9236337
vt 0.55041885 0.9499612
vt 0.44823813 0.96329975
vt 0.44182158 0.9133296
vt 0.43339992 0.91310215
vt 0.4180919 0.96329975
vt 0.38286093 0.8789947
vt 0.37494898 0.87958384
vt 0.37203944 0.9645462
vt 0.4029002 0.9645462
vt 0.1626637 0.6219902
vt 0.15164661 0.6205721
vt 0.12133098 0.6995511
vt 0.1626637 0.7086525
vt 0.13363767 0.7444987
vt 0.12207651 0.74150395
vt 0.6217947 0.94976693
vt 0.59807014 0.90929574
vt 0.5865567 0.9091756
vt 0.58127975 0.9497668
vt 0.4305086 0.35422564
vt 0.43052813 0.40477014
vt 0.4365482 0.40477014
vt 0.45182133 0.35422564
vt 0.43620417 0.280442
vt 0.4306258 0.280442
vt 0.6676773 0.8000407
vt 0.6586691 0.79456043
vt 0.63312817 0.87079096
vt 0.6676773 0.8938403
vt 0.26637125 0.77468824
vt 0.27913332 0.77601266
vt 0.3084631 0.68457246
vt 0.26044464 0.67502284
vt 0.2950139 0.62588644
vt 0.3084631 0.62909937
vt 0.86722875 0.9474349
vt 0.8492403 0.8892549
vt 0.83524704 0.88902116
vt 0.8177242 0.9474349
vt 0.07523358 0.9857979
vt 0.07523358 0.9299507
vt 0.06820381 0.92995834
vt 0.050346315 0.98582554
vt 0.9002857 0.5339798
vt 0.9126396 0.53002024
vt 0.9126396 0.44591033
vt 0.864815 0.45848525
vt 0.86706066 0.39413285
vt 0.88063145 0.39088345
vt 0.82974815 0.31090224
vt 0.8425031 0.3127327
vt 0.8715339 0.23018312
vt 0.82353306 0.21877861
vt 0.85808897 0.16570163
vt 0.8715339 0.16942549
vt 0.9103344 0.7964201
vt 0.918497 0.7469065
vt 0.9119733 0.74748045
vt 0.88723904 0.798452
vt 0.91245204 0.8936812
vt 0.9184969 0.89314944
vt 0.7399442 0.551947
vt 0.75578475 0.5509914
vt 0.78555727 0.45638484
vt 0.70133233 0.4568599
vt 0.7103751 0.3912593
vt 0.78555727 0.39088336
vt 0.3596735 0.28044188
vt 0.34424305 0.28482258
vt 0.32065344 0.3628664
vt 0.41917515 0.34643185
vt 0.41770935 0.40985644
vt 0.32974386 0.42445564
vt 0.39415073 0.45738792
vt 0.35490656 0.46907175
vt 0.41917515 0.5444994
vt 0.41756678 0.5461172
vt 0.6813419 0.37303352
vt 0.6819056 0.37494135
vt 0.6827595 0.37494326
vt 0.6827595 0.37186193
vt 0.96365213 0.83749175
vt 0.96365213 0.7469065
vt 0.96169114 0.7471378
vt 0.9298303 0.82956755
vt 0.85867256 0.6809517
vt 0.8759056 0.5934067
vt 0.8751102 0.59339523
vt 0.84369546 0.6807345
vt 0.8514462 0.7258557
vt 0.81892604 0.7253841
vt 0.8541594 0.7903069
vt 0.81772417 0.7897786
vt 0.8684762 0.8775799
vt 0.8759056 0.8776877
vt 0.3607061 0.8789947
vt 0.32065344 0.88310957
vt 0.3206923 0.91895866
vt 0.3607061 0.95672274
vt 0.45368838 0.41610336
vt 0.44762135 0.41622734
vt 0.43050873 0.49875784
vt 0.45368838 0.4982841
vt 0.963768 0.3756702
vt 0.96907 0.37567377
vt 0.96907 0.29862952
vt 0.9488131 0.29861546
vt 0.005666733 0.9300911
vt 0.005666733 0.9517188
vt 0.027282238 0.95172775
vt 0.027282238 0.9301001
vt 0.740381 0.19075382
vt 0.71225095 0.18968809
vt 0.7195449 0.19651568
vt 0.72503114 0.17223954
vt 0.64535975 0.18995154
vt 0.6567092 0.17153966
vt 0.63393855 0.16625774
vt 0.65550923 0.16761303
vt 0.6659944 0.084848285
vt 0.6967912 0.09467769
vt 0.7363188 0.005666733
vt 0.740381 0.00818634
vt 0.9721703 0.5933952
vt 0.9721703 0.65856713
vt 0.9937979 0.6586265
vt 0.9937979 0.5934544
vt 0.67432904 0.6176188
vt 0.68963957 0.5993138
vt 0.66888165 0.5933951
vt 0.6616082 0.6001314
vt 0.60624886 0.6177239
vt 0.59495425 0.59928966
vt 0.6050501 0.621624
vt 0.58355474 0.6227868
vt 0.64558816 0.6952429
vt 0.6148927 0.7047651
vt 0.68963957 0.7807531
vt 0.68558955 0.78322715
vt 0.108191825 0.9301324
vt 0.08656691 0.9299505
vt 0.08656692 0.9517337
vt 0.108191825 0.9519156
vt 0.4418641 0.5989265
vt 0.4418641 0.6202718
vt 0.4496492 0.6212847
vt 0.4496492 0.5999394
vt 0.3031205 0.6094892
vt 0.28113848 0.6082902
vt 0.28168583 0.6123569
vt 0.30257314 0.6054224
vt 0.27006197 0.54909027
vt 0.3031205 0.54466736
vt 0.27639645 0.47441828
vt 0.28113765 0.47378397
vt 0.28062016 0.4703623
vt 0.27587897 0.47099662
vt 0.99332595 0.9176494
vt 0.99332595 0.85091686
vt 0.9739467 0.8488251
vt 0.9739467 0.9155576
vt 0.92119646 0.107997775
vt 0.90210307 0.0821923
vt 0.89986634 0.10719323
vt 0.92343324 0.082996726
vt 0.89053595 0.005666733
vt 0.92343324 0.006907463
vt 0.93476677 0.01796484
vt 0.9582639 0.10197425
vt 0.962198 0.10021043
vt 0.962198 0.005666733
vt 0.92983025 0.97019887
vt 0.9512576 0.97008395
vt 0.9512576 0.9484713
vt 0.92983025 0.9485862
vt 0.5716119 0.7763151
vt 0.5436537 0.77572715
vt 0.55092025 0.7823802
vt 0.55630827 0.75820005
vt 0.47717905 0.77710485
vt 0.48840928 0.758646
vt 0.4657662 0.7537849
vt 0.48720646 0.75476956
vt 0.496804 0.671713
vt 0.52743554 0.6809524
vt 0.56756806 0.5934657
vt 0.5716119 0.59589803
vt 0.9678644 0.39088345
vt 0.9678644 0.45614576
vt 0.9892814 0.45681763
vt 0.9892814 0.3915552
vt 0.5569017 0.41514271
vt 0.5722213 0.39658314
vt 0.5513599 0.39088336
vt 0.5440762 0.3977325
vt 0.48853946 0.41604578
vt 0.4771433 0.39766812
vt 0.48734713 0.419976
vt 0.4657662 0.4213954
vt 0.5288296 0.49270964
vt 0.49803495 0.5026306
vt 0.5722213 0.5796006
vt 0.56816196 0.5821323
vt 0.9285306 0.1414426
vt 0.9501468 0.1411246
vt 0.9501468 0.11933106
vt 0.9285306 0.11964899
vt 0.44955042 0.654769
vt 0.44955042 0.6332436
vt 0.44186413 0.63261807
vt 0.44186413 0.65414345
vt 0.15068442 0.89676416
vt 0.12907144 0.8926605
vt 0.1290659 0.89676416
vt 0.1506899 0.8926605
vt 0.12133083 0.83246064
vt 0.1546728 0.83246064
vt 0.13359886 0.75929546
vt 0.1383807 0.75929546
vt 0.1384843 0.75583243
vt 0.13370249 0.75583243
vt 0.9939679 0.07366049
vt 0.9939679 0.0074231625
vt 0.97353125 0.005666733
vt 0.97353125 0.07190406
vt 0.08095282 0.9186171
vt 0.06024894 0.8936777
vt 0.05942744 0.9186171
vt 0.081774324 0.8936777
vt 0.050346285 0.8168788
vt 0.08354467 0.8168788
vt 0.93117076 0.6043824
vt 0.9565823 0.688267
vt 0.96083695 0.6866913
vt 0.96083695 0.5933951
vt 0.8177242 0.98065734
vt 0.83855975 0.9803709
vt 0.83855975 0.9587681
vt 0.8177242 0.9590546
vt 0.10999751 0.7988447
vt 0.08244896 0.799304
vt 0.08962035 0.80554533
vt 0.09488702 0.7816851
vt 0.016952753 0.80311215
vt 0.027985811 0.7846341
vt 0.005666733 0.78071535
vt 0.026793957 0.78088546
vt 0.0352664 0.69823456
vt 0.06546426 0.70614207
vt 0.10600889 0.6205721
vt 0.10999751 0.6228025
vt 0.97353125 0.08499396
vt 0.9735313 0.1505096
vt 0.9943333 0.15172434
vt 0.9943333 0.0862087
vt 0.41152644 0.5815214
vt 0.42672515 0.5632185
vt 0.4058926 0.55745053
vt 0.3986578 0.56419563
vt 0.34334445 0.58202326
vt 0.3318975 0.56374705
vt 0.34217262 0.58591086
vt 0.32065344 0.58719337
vt 0.38430977 0.657672
vt 0.35363793 0.66732574
vt 0.42672515 0.7457789
vt 0.4226873 0.7482643
vt 0.79689056 0.5800566
vt 0.8184271 0.5792254
vt 0.8184271 0.5573377
vt 0.79689056 0.55816895
vt 0.44949886 0.6878977
vt 0.44949886 0.66627634
vt 0.44186413 0.6661024
vt 0.44186413 0.68772364
vt 0.89870095 0.5933951
vt 0.91902304 0.60163295
vt 0.9198375 0.5976097
vt 0.8978865 0.59741837
vt 0.9198375 0.66256934
vt 0.887239 0.6560692
vt 0.8978059 0.7322054
vt 0.89313066 0.7312731
vt 0.89217854 0.7346409
vt 0.8968537 0.7355731
vt 0.7879401 0.98760986
vt 0.7879401 0.921774
vt 0.7667136 0.92065287
vt 0.7667137 0.9864886
vt 0.032114506 0.9187577
vt 0.010725021 0.89388645
vt 0.010493159 0.9187577
vt 0.03234625 0.89388645
vt 0.005666733 0.8168787
vt 0.03901291 0.8168787
vt 0.9298303 0.8488251
vt 0.93227315 0.93713784
vt 0.93697476 0.93713784
vt 0.9626133 0.8488251
vt 0.9311708 0.72121525
vt 0.9527424 0.7212728
vt 0.9527424 0.69965804
vt 0.9311708 0.6996006
vt 0.68999887 0.57635117
vt 0.66185546 0.57523
vt 0.66913724 0.58206177
vt 0.67468405 0.5578345
vt 0.5949261 0.5753572
vt 0.6063256 0.5569972
vt 0.58355474 0.5516772
vt 0.60513425 0.5530741
vt 0.61614776 0.4708706
vt 0.64693856 0.48074722
vt 0.68594 0.39088333
vt 0.68999887 0.39340723
vt 0.9692647 0.50562954
vt 0.9692647 0.5708271
vt 0.9908332 0.57046056
vt 0.9908332 0.5052631
vt 0.79115546 0.61748254
vt 0.80639076 0.59961635
vt 0.7857783 0.5933951
vt 0.7785435 0.5999416
vt 0.72352433 0.61640966
vt 0.7123306 0.59795547
vt 0.72232795 0.6202519
vt 0.7009728 0.62103206
vt 0.76202726 0.6944556
vt 0.73152065 0.7033565
vt 0.80639076 0.7789265
vt 0.802364 0.781307
vt 0.8513552 0.5578527
vt 0.8297605 0.5573377
vt 0.8297605 0.5791565
vt 0.8513552 0.5796715
vt 0.44974297 0.58759314
vt 0.44974297 0.5664142
vt 0.44186413 0.5651649
vt 0.44186413 0.5863439
vt 0.45086193 0.8978791
vt 0.42886686 0.89773357
vt 0.4296143 0.9017689
vt 0.4501146 0.89384377
vt 0.4180919 0.83893335
vt 0.45086193 0.83293426
vt 0.42346323 0.7638409
vt 0.42816305 0.7629806
vt 0.42737246 0.7595978
vt 0.42267263 0.7604581
vt 0.992718 0.23495138
vt 0.992718 0.16785145
vt 0.97420925 0.16570163
vt 0.97420925 0.23280144
vt 0.95295703 0.49392974
vt 0.9354209 0.46724355
vt 0.93184704 0.49222207
vt 0.9565309 0.46895123
vt 0.92397314 0.39088345
vt 0.9565309 0.39351702
vt 0.9372282 0.17866516
vt 0.9591975 0.26293665
vt 0.96287584 0.2610774
vt 0.96287584 0.16570157
vt 0.4536885 0.5100914
vt 0.44186425 0.5256144
vt 0.4430728 0.5538316
vt 0.4536885 0.55347574
vt 0.9258948 0.1767416
vt 0.8940341 0.16570163
vt 0.88286746 0.23440027
vt 0.9076818 0.2371074
vt 0.9258948 0.30084085
vt 0.921432 0.30137658
vt 0.27006197 0.45902896
vt 0.30428636 0.45902896
vt 0.30028224 0.39783478
vt 0.2752347 0.3954525
vt 0.2937554 0.32052946
vt 0.29819667 0.3213699
vt 0.1296857 0.50727487
vt 0.15952608 0.49589562
vt 0.13937029 0.43989563
vt 0.1159699 0.4414091
vt 0.1553837 0.37201953
vt 0.15952608 0.3729999
vt 0.20056367 0.8879359
vt 0.2294259 0.8910618
vt 0.2207576 0.82869387
vt 0.19922805 0.83204126
vt 0.17415273 0.8910618
vt 0.18040574 0.8321943
vt 0.18746674 0.7724068
vt 0.19078326 0.7728002
vt 0.1945957 0.7712512
vt 0.83946204 0.37924588
vt 0.8715341 0.36917818
vt 0.8715341 0.33507514
vt 0.83946204 0.32406598
vt 0.8196404 0.35136503
vt 0.6339385 0.37553906
vt 0.63644886 0.37917662
vt 0.6405108 0.37774754
vt 0.6405108 0.37322664
vt 0.6364489 0.37186182
vt 0.8988557 0.9600893
vt 0.91849685 0.96226305
vt 0.91849685 0.908607
vt 0.8860376 0.9050146
vt 0.1844536 0.9611218
vt 0.20537907 0.9611218
vt 0.20873451 0.90239525
vt 0.17415273 0.90239525
vt 0.4920429 0.90833014
vt 0.47108936 0.90833014
vt 0.4657662 0.95787334
vt 0.50039446 0.95787334
vt 0.6090156 0.32257184
vt 0.587706 0.37160286
vt 0.6129891 0.376793
vt 0.5937168 0.31943128
vt 0.5574282 0.376793
vt 0.57539564 0.32257184
vt 0.90000653 0.11933106
vt 0.89053595 0.13090414
vt 0.9007195 0.14869267
vt 0.9171971 0.1437251
vt 0.9171971 0.12286639
vt 0.2856512 0.8837879
vt 0.24158776 0.8307452
vt 0.26851654 0.87497544
vt 0.26925063 0.8288455
vt 0.3084631 0.88614106
vt 0.2408092 0.80227065
vt 0.3084631 0.81627536
vt 0.25790238 0.8003268
vt 0.27567887 0.7873459
vt 0.50759864 0.88080215
vt 0.4657661 0.8381138
vt 0.4874936 0.89699674
vt 0.50759864 0.831372
vt 0.48410964 0.79371357
vt 0.5073762 0.7937875
vt 0.15647268 0.59846616
vt 0.1159699 0.5554614
vt 0.13149065 0.6023879
vt 0.15518129 0.54631805
vt 0.13413101 0.51860833
vt 0.15647268 0.52262163
vt 0.12387934 0.94835913
vt 0.16220263 0.95047283
vt 0.16220263 0.9080974
vt 0.12133083 0.92411315
vt 0.6747581 0.95237803
vt 0.66917324 0.9051738
vt 0.64706683 0.91250896
vt 0.63312817 0.95237803
vt 0.25872862 0.6015568
vt 0.17415273 0.514658
vt 0.21966696 0.614553
vt 0.2580546 0.5261278
vt 0.18257582 0.42439842
vt 0.24112988 0.4335966
vt 0.25476754 0.32052946
vt 0.25872862 0.32211828
vt 0.6151055 0.13126612
vt 0.62258446 0.006005287
vt 0.61948836 0.005666733
vt 0.5695976 0.13680458
vt 0.6226051 0.22071743
vt 0.55742824 0.22991467
vt 0.6226051 0.29543734
vt 0.583387 0.30809784
vt 0.7605438 0.005920887
vt 0.81219965 0.08036685
vt 0.800706 0.005666733
vt 0.75171435 0.08302069
vt 0.8070656 0.17716742
vt 0.76465344 0.179317
vt 0.8121996 0.2894094
vt 0.8091682 0.28979588
vt 0.283733 0.0078041553
vt 0.30788743 0.092915535
vt 0.3093201 0.024291277
vt 0.24533927 0.0912087
vt 0.24484539 0.005666733
vt 0.29339588 0.18695188
vt 0.17415273 0.11235094
vt 0.24969292 0.18680716
vt 0.3093201 0.30658007
vt 0.20010209 0.20245051
vt 0.30632186 0.30741787
vt 0.30303955 0.309196
vt 0.6531148 0.3784542
vt 0.656145 0.37600696
vt 0.656145 0.37193263
vt 0.6531148 0.37186182
vt 0.651844 0.37516534
vt 0.85348177 0.47025228
vt 0.8297279 0.39088345
vt 0.8280637 0.3911879
vt 0.82272243 0.4669671
vt 0.8133819 0.5054767
vt 0.8483572 0.51882243
vt 0.79689074 0.52227616
vt 0.85348177 0.54386973
vt 0.82167363 0.5460043
vt 0.53696835 0.79555035
vt 0.5639291 0.8867221
vt 0.5639291 0.79371357
vt 0.5624474 0.8868232
vt 0.518932 0.8227737
vt 0.5612581 0.88765264
vt 0.8792026 0.015526891
vt 0.8329747 0.005666733
vt 0.82353306 0.07611406
vt 0.8637779 0.070829034
vt 0.8792026 0.15334213
vt 0.87723756 0.15436816
vt 0.6684448 0.37186182
vt 0.66747844 0.37344635
vt 0.6684448 0.3754108
vt 0.67000854 0.3750403
vt 0.67000854 0.37284684
vt 0.92397314 0.5675249
vt 0.9579313 0.5675249
vt 0.9547585 0.5052631
vt 0.92551726 0.5052631
vt 0.23888731 0.7048452
vt 0.24911141 0.6269059
vt 0.2476139 0.62588644
vt 0.2078929 0.6942687
vt 0.21200371 0.7487056
vt 0.24911141 0.7511115
vt 0.17415285 0.759918
vt 0.17685103 0.69016266
vt 0.44811487 0.03790307
vt 0.4305972 0.008298159
vt 0.4437163 0.00853467
vt 0.41594118 0.0355227
vt 0.4200907 0.005666733
vt 0.4511237 0.10392833
vt 0.39246124 0.030032396
vt 0.3969186 0.10118008
vt 0.4544328 0.19552541
vt 0.3557023 0.1023345
vt 0.39067364 0.19246745
vt 0.4544328 0.24602747
vt 0.3407565 0.19401431
vt 0.37498906 0.26791322
vt 0.32065347 0.26910853
vt 0.083375216 0.29124498
vt 0.106878996 0.36068606
vt 0.076096535 0.34961784
vt 0.13742137 0.29976845
vt 0.094082355 0.20827353
vt 0.16281939 0.2198745
vt 0.09723163 0.14158416
vt 0.16154218 0.15027893
vt 0.1055789 0.078397155
vt 0.005666733 0.16040885
vt 0.16219139 0.085252404
vt 0.09627342 0.07619691
vt 0.11822462 0.042345405
vt 0.16281939 0.04688871
vt 0.1372428 0.005666733
vt 0.16144037 0.021068215
vt 0.11218119 0.037085176
vt 0.065620184 0.015356064
vt 0.04517722 0.054284334
vt 0.038043022 0.11834073
vt 0.7374301 0.9478766
vt 0.7381739 0.95851076
vt 0.7254011 0.9551139
vt 0.7194113 0.9426652
vt 0.736316 0.93091357
vt 0.7235712 0.9371172
vt 0.70097286 0.927258
vt 0.7089833 0.8969288
vt 0.7381739 0.8899206
vt 0.6769686 0.30613184
vt 0.6623317 0.23161936
vt 0.7232051 0.20784914
vt 0.68916523 0.3081131
vt 0.63393855 0.36052847
vt 0.7232051 0.3397249
vt 0.5407753 0.028812885
vt 0.5052631 0.005666733
vt 0.54609483 0.007927895
vt 0.48637527 0.025915504
vt 0.53473663 0.06265402
vt 0.46576616 0.059052348
vt 0.53000796 0.13166308
vt 0.46589577 0.12823164
vt 0.5260929 0.20837379
vt 0.4753208 0.20552659
vt 0.53207964 0.30008996
vt 0.48784444 0.29765975
vt 0.54609483 0.37954998
vt 0.5204898 0.37766004
vt 0.40675843 0.8126237
vt 0.36776686 0.7724415
vt 0.40675843 0.7595977
vt 0.38252127 0.8242936
vt 0.32065356 0.78787404
vt 0.33992684 0.8323783
vt 0.38573754 0.84683424
vt 0.33430254 0.8423083
vt 0.39172626 0.86766136
vt 0.32433844 0.86292064
vt 0.08672047 0.60923874
vt 0.041300982 0.60510457
vt 0.03728977 0.59522
vt 0.09280339 0.5866545
vt 0.027690172 0.57459867
vt 0.098748654 0.56426674
vt 0.0069139004 0.5380777
vt 0.10463655 0.47599733
vt 0.005666673 0.4669519
vt 0.10463655 0.37201935
vt 0.8047298 0.30498743
vt 0.8047298 0.3700918
vt 0.777917 0.3727671
vt 0.7909167 0.30720866
vt 0.75171435 0.35805893
vt 0.7773068 0.30112934
vt 0.6069754 0.8375187
vt 0.5835547 0.82737875
vt 0.6110614 0.79456043
vt 0.6176088 0.79776406
vt 0.62179476 0.83819294
vt 0.62179476 0.79795456
vt 0.5989983 0.8974998
vt 0.6065243 0.89784193
vt 0.8916352 0.54693127
vt 0.8916352 0.578233
vt 0.8648151 0.5540712
vt 0.8648735 0.54531324
vt 0.741472 0.87858725
vt 0.7009728 0.816916
vt 0.71556044 0.797632
vt 0.7451639 0.8730171
vt 0.75538015 0.79264045
vt 0.75538015 0.870872
vt 0.5250077 0.90691245
vt 0.5630107 0.8989861
vt 0.5630107 0.9432417
vt 0.552135 0.9452381
vt 0.5189321 0.9236337
vt 0.55041885 0.9499612
vt 0.44823813 0.96329975
vt 0.4180919 0.96329975
vt 0.43339992 0.91310215
vt 0.44182158 0.9133296
vt 0.38286093 0.8789947
vt 0.4029002 0.9645462
vt 0.37203944 0.9645462
vt 0.37494898 0.87958384
vt 0.1626637 0.6219902
vt 0.12133098 0.6995511
vt 0.15164661 0.6205721
vt 0.1626637 0.7086525
vt 0.13363767 0.7444987
vt 0.12207651 0.74150395
vt 0.6217947 0.94976693
vt 0.58127975 0.9497668
vt 0.5865567 0.9091756
vt 0.59807014 0.90929574
vt 0.4305086 0.35422564
vt 0.4365482 0.40477014
vt 0.43052813 0.40477014
vt 0.45182133 0.35422564
vt 0.43620417 0.280442
vt 0.4306258 0.280442
vt 0.6676773 0.8000407
vt 0.6676773 0.8938403
vt 0.63312817 0.87079096
vt 0.6586691 0.79456043
vt 0.26637125 0.77468824
vt 0.3084631 0.68457246
vt 0.27913332 0.77601266
vt 0.26044464 0.67502284
vt 0.2950139 0.62588644
vt 0.3084631 0.62909937
vt 0.86722875 0.9474349
vt 0.8177242 0.9474349
vt 0.83524704 0.88902116
vt 0.8492403 0.8892549
vt 0.07523358 0.9857979
vt 0.050346315 0.98582554
vt 0.06820381 0.92995834
vt 0.07523358 0.9299507
vt 0.9002857 0.5339798
vt 0.9126396 0.44591033
vt 0.9126396 0.53002024
vt 0.864815 0.45848525
vt 0.86706066 0.39413285
vt 0.88063145 0.39088345
vt 0.82974815 0.31090224
vt 0.8715339 0.23018312
vt 0.8425031 0.3127327
vt 0.82353306 0.21877861
vt 0.85808897 0.16570163
vt 0.8715339 0.16942549
vt 0.9103344 0.7964201
vt 0.9119733 0.74748045
vt 0.918497 0.7469065
vt 0.88723904 0.798452
vt 0.91245204 0.8936812
vt 0.9184969 0.89314944
vt 0.7399442 0.551947
vt 0.78555727 0.45638484
vt 0.75578475 0.5509914
vt 0.70133233 0.4568599
vt 0.7103751 0.3912593
vt 0.78555727 0.39088336
vt 0.3596735 0.28044188
vt 0.32065344 0.3628664
vt 0.34424305 0.28482258
vt 0.41917515 0.34643185
vt 0.41770935 0.40985644
vt 0.32974386 0.42445564
vt 0.39415073 0.45738792
vt 0.35490656 0.46907175
vt 0.41917515 0.5444994
vt 0.41756678 0.5461172
vt 0.6813419 0.37303352
vt 0.6827595 0.37186193
vt 0.6827595 0.37494326
vt 0.6819056 0.37494135
vt 0.96365213 0.83749175
vt 0.9298303 0.82956755
vt 0.96169114 0.7471378
vt 0.96365213 0.7469065
vt 0.85867256 0.6809517
vt 0.8751102 0.59339523
vt 0.8759056 0.5934067
vt 0.84369546 0.6807345
vt 0.8514462 0.7258557
vt 0.81892604 0.7253841
vt 0.8541594 0.7903069
vt 0.81772417 0.7897786
vt 0.8684762 0.8775799
vt 0.8759056 0.8776877
vt 0.3607061 0.8789947
vt 0.3607061 0.95672274
vt 0.3206923 0.91895866
vt 0.32065344 0.88310957
vt 0.45368838 0.41610336
vt 0.45368838 0.4982841
vt 0.43050873 0.49875784
vt 0.44762135 0.41622734
vt 0.963768 0.3756702
vt 0.9488131 0.29861546
vt 0.96907 0.29862952
vt 0.96907 0.37567377
vt 0.005666733 0.9300911
vt 0.027282238 0.9301001
vt 0.027282238 0.95172775
vt 0.005666733 0.9517188
vt 0.740381 0.19075382
vt 0.7195449 0.19651568
vt 0.71225095 0.18968809
vt 0.72503114 0.17223954
vt 0.64535975 0.18995154
vt 0.6567092 0.17153966
vt 0.63393855 0.16625774
vt 0.65550923 0.16761303
vt 0.6659944 0.084848285
vt 0.6967912 0.09467769
vt 0.7363188 0.005666733
vt 0.740381 0.00818634
vt 0.9721703 0.5933952
vt 0.9937979 0.5934544
vt 0.9937979 0.6586265
vt 0.9721703 0.65856713
vt 0.67432904 0.6176188
vt 0.66888165 0.5933951
vt 0.68963957 0.5993138
vt 0.6616082 0.6001314
vt 0.60624886 0.6177239
vt 0.59495425 0.59928966
vt 0.6050501 0.621624
vt 0.58355474 0.6227868
vt 0.64558816 0.6952429
vt 0.6148927 0.7047651
vt 0.68963957 0.7807531
vt 0.68558955 0.78322715
vt 0.108191825 0.9301324
vt 0.108191825 0.9519156
vt 0.08656692 0.9517337
vt 0.08656691 0.9299505
vt 0.4418641 0.5989265
vt 0.4496492 0.5999394
vt 0.4496492 0.6212847
vt 0.4418641 0.6202718
vt 0.3031205 0.6094892
vt 0.28168583 0.6123569
vt 0.28113848 0.6082902
vt 0.30257314 0.6054224
vt 0.27006197 0.54909027
vt 0.3031205 0.54466736
vt 0.27639645 0.47441828
vt 0.28113765 0.47378397
vt 0.28062016 0.4703623
vt 0.27587897 0.47099662
vt 0.99332595 0.9176494
vt 0.9739467 0.9155576
vt 0.9739467 0.8488251
vt 0.99332595 0.85091686
vt 0.92119646 0.107997775
vt 0.89986634 0.10719323
vt 0.90210307 0.0821923
vt 0.92343324 0.082996726
vt 0.89053595 0.005666733
vt 0.92343324 0.006907463
vt 0.93476677 0.01796484
vt 0.962198 0.005666733
vt 0.962198 0.10021043
vt 0.9582639 0.10197425
vt 0.92983025 0.97019887
vt 0.92983025 0.9485862
vt 0.9512576 0.9484713
vt 0.9512576 0.97008395
vt 0.5716119 0.7763151
vt 0.55092025 0.7823802
vt 0.5436537 0.77572715
vt 0.55630827 0.75820005
vt 0.47717905 0.77710485
vt 0.48840928 0.758646
vt 0.4657662 0.7537849
vt 0.48720646 0.75476956
vt 0.496804 0.671713
vt 0.52743554 0.6809524
vt 0.56756806 0.5934657
vt 0.5716119 0.59589803
vt 0.9678644 0.39088345
vt 0.9892814 0.3915552
vt 0.9892814 0.45681763
vt 0.9678644 0.45614576
vt 0.5569017 0.41514271
vt 0.5513599 0.39088336
vt 0.5722213 0.39658314
vt 0.5440762 0.3977325
vt 0.48853946 0.41604578
vt 0.4771433 0.39766812
vt 0.48734713 0.419976
vt 0.4657662 0.4213954
vt 0.5288296 0.49270964
vt 0.49803495 0.5026306
vt 0.5722213 0.5796006
vt 0.56816196 0.5821323
vt 0.9285306 0.1414426
vt 0.9285306 0.11964899
vt 0.9501468 0.11933106
vt 0.9501468 0.1411246
vt 0.44955042 0.654769
vt 0.44186413 0.65414345
vt 0.44186413 0.63261807
vt 0.44955042 0.6332436
vt 0.15068442 0.89676416
vt 0.1290659 0.89676416
vt 0.12907144 0.8926605
vt 0.1506899 0.8926605
vt 0.12133083 0.83246064
vt 0.1546728 0.83246064
vt 0.13359886 0.75929546
vt 0.1383807 0.75929546
vt 0.1384843 0.75583243
vt 0.13370249 0.75583243
vt 0.9939679 0.07366049
vt 0.97353125 0.07190406
vt 0.97353125 0.005666733
vt 0.9939679 0.0074231625
vt 0.08095282 0.9186171
vt 0.05942744 0.9186171
vt 0.06024894 0.8936777
vt 0.081774324 0.8936777
vt 0.050346285 0.8168788
vt 0.08354467 0.8168788
vt 0.93117076 0.6043824
vt 0.96083695 0.5933951
vt 0.96083695 0.6866913
vt 0.9565823 0.688267
vt 0.8177242 0.98065734
vt 0.8177242 0.9590546
vt 0.83855975 0.9587681
vt 0.83855975 0.9803709
vt 0.10999751 0.7988447
vt 0.08962035 0.80554533
vt 0.08244896 0.799304
vt 0.09488702 0.7816851
vt 0.016952753 0.80311215
vt 0.027985811 0.7846341
vt 0.005666733 0.78071535
vt 0.026793957 0.78088546
vt 0.0352664 0.69823456
vt 0.06546426 0.70614207
vt 0.10600889 0.6205721
vt 0.10999751 0.6228025
vt 0.97353125 0.08499396
vt 0.9943333 0.0862087
vt 0.9943333 0.15172434
vt 0.9735313 0.1505096
vt 0.41152644 0.5815214
vt 0.4058926 0.55745053
vt 0.42672515 0.5632185
vt 0.3986578 0.56419563
vt 0.34334445 0.58202326
vt 0.3318975 0.56374705
vt 0.34217262 0.58591086
vt 0.32065344 0.58719337
vt 0.38430977 0.657672
vt 0.35363793 0.66732574
vt 0.42672515 0.7457789
vt 0.4226873 0.7482643
vt 0.79689056 0.5800566
vt 0.79689056 0.55816895
vt 0.8184271 0.5573377
vt 0.8184271 0.5792254
vt 0.44949886 0.6878977
vt 0.44186413 0.68772364
vt 0.44186413 0.6661024
vt 0.44949886 0.66627634
vt 0.89870095 0.5933951
vt 0.9198375 0.5976097
vt 0.91902304 0.60163295
vt 0.8978865 0.59741837
vt 0.9198375 0.66256934
vt 0.887239 0.6560692
vt 0.8978059 0.7322054
vt 0.89313066 0.7312731
vt 0.89217854 0.7346409
vt 0.8968537 0.7355731
vt 0.7879401 0.98760986
vt 0.7667137 0.9864886
vt 0.7667136 0.92065287
vt 0.7879401 0.921774
vt 0.032114506 0.9187577
vt 0.010493159 0.9187577
vt 0.010725021 0.89388645
vt 0.03234625 0.89388645
vt 0.005666733 0.8168787
vt 0.03901291 0.8168787
vt 0.9298303 0.8488251
vt 0.9626133 0.8488251
vt 0.93697476 0.93713784
vt 0.93227315 0.93713784
vt 0.9311708 0.72121525
vt 0.9311708 0.6996006
vt 0.9527424 0.69965804
vt 0.9527424 0.7212728
vt 0.68999887 0.57635117
vt 0.66913724 0.58206177
vt 0.66185546 0.57523
vt 0.67468405 0.5578345
vt 0.5949261 0.5753572
vt 0.6063256 0.5569972
vt 0.58355474 0.5516772
vt 0.60513425 0.5530741
vt 0.61614776 0.4708706
vt 0.64693856 0.48074722
vt 0.68594 0.39088333
vt 0.68999887 0.39340723
vt 0.9692647 0.50562954
vt 0.9908332 0.5052631
vt 0.9908332 0.57046056
vt 0.9692647 0.5708271
vt 0.79115546 0.61748254
vt 0.7857783 0.5933951
vt 0.80639076 0.59961635
vt 0.7785435 0.5999416
vt 0.72352433 0.61640966
vt 0.7123306 0.59795547
vt 0.72232795 0.6202519
vt 0.7009728 0.62103206
vt 0.76202726 0.6944556
vt 0.73152065 0.7033565
vt 0.80639076 0.7789265
vt 0.802364 0.781307
vt 0.8513552 0.5578527
vt 0.8513552 0.5796715
vt 0.8297605 0.5791565
vt 0.8297605 0.5573377
vt 0.44974297 0.58759314
vt 0.44186413 0.5863439
vt 0.44186413 0.5651649
vt 0.44974297 0.5664142
vt 0.45086193 0.8978791
vt 0.4296143 0.9017689
vt 0.42886686 0.89773357
vt 0.4501146 0.89384377
vt 0.4180919 0.83893335
vt 0.45086193 0.83293426
vt 0.42346323 0.7638409
vt 0.42816305 0.7629806
vt 0.42737246 0.7595978
vt 0.42267263 0.7604581
vt 0.992718 0.23495138
vt 0.97420925 0.23280144
vt 0.97420925 0.16570163
vt 0.992718 0.16785145
vt 0.95295703 0.49392974
vt 0.93184704 0.49222207
vt 0.9354209 0.46724355
vt 0.9565309 0.46895123
vt 0.92397314 0.39088345
vt 0.9565309 0.39351702
vt 0.9372282 0.17866516
vt 0.96287584 0.16570157
vt 0.96287584 0.2610774
vt 0.9591975 0.26293665
vt 0.4536885 0.5100914
vt 0.4536885 0.55347574
vt 0.4430728 0.5538316
vt 0.44186425 0.5256144
vt 0.9258948 0.1767416
vt 0.88286746 0.23440027
vt 0.8940341 0.16570163
vt 0.9076818 0.2371074
vt 0.9258948 0.30084085
vt 0.921432 0.30137658
vt 0.27006197 0.45902896
vt 0.30028224 0.39783478
vt 0.30428636 0.45902896
vt 0.2752347 0.3954525
vt 0.2937554 0.32052946
vt 0.29819667 0.3213699
vt 0.1296857 0.50727487
vt 0.13937029 0.43989563
vt 0.15952608 0.49589562
vt 0.1159699 0.4414091
vt 0.1553837 0.37201953
vt 0.15952608 0.3729999
vt 0.20056367 0.8879359
vt 0.2207576 0.82869387
vt 0.2294259 0.8910618
vt 0.19922805 0.83204126
vt 0.17415273 0.8910618
vt 0.18040574 0.8321943
vt 0.18746674 0.7724068
vt 0.19078326 0.7728002
vt 0.1945957 0.7712512
vt 0.83946204 0.32406598
vt 0.8715341 0.33507514
vt 0.8715341 0.36917818
vt 0.83946204 0.37924588
vt 0.8196404 0.35136503
vt 0.6405108 0.37322664
vt 0.6405108 0.37774754
vt 0.63644886 0.37917662
vt 0.6339385 0.37553906
vt 0.6364489 0.37186182
vt 0.8988557 0.9600893
vt 0.8860376 0.9050146
vt 0.91849685 0.908607
vt 0.91849685 0.96226305
vt 0.1844536 0.9611218
vt 0.17415273 0.90239525
vt 0.20873451 0.90239525
vt 0.20537907 0.9611218
vt 0.4920429 0.90833014
vt 0.50039446 0.95787334
vt 0.4657662 0.95787334
vt 0.47108936 0.90833014
vt 0.6090156 0.32257184
vt 0.6129891 0.376793
vt 0.587706 0.37160286
vt 0.5937168 0.31943128
vt 0.5574282 0.376793
vt 0.57539564 0.32257184
vt 0.9007195 0.14869267
vt 0.89053595 0.13090414
vt 0.90000653 0.11933106
vt 0.9171971 0.1437251
vt 0.9171971 0.12286639
vt 0.2856512 0.8837879
vt 0.26851654 0.87497544
vt 0.24158776 0.8307452
vt 0.26925063 0.8288455
vt 0.3084631 0.88614106
vt 0.2408092 0.80227065
vt 0.3084631 0.81627536
vt 0.25790238 0.8003268
vt 0.27567887 0.7873459
vt 0.50759864 0.88080215
vt 0.4874936 0.89699674
vt 0.4657661 0.8381138
vt 0.50759864 0.831372
vt 0.48410964 0.79371357
vt 0.5073762 0.7937875
vt 0.15647268 0.59846616
vt 0.13149065 0.6023879
vt 0.1159699 0.5554614
vt 0.15518129 0.54631805
vt 0.13413101 0.51860833
vt 0.15647268 0.52262163
vt 0.12387934 0.94835913
vt 0.12133083 0.92411315
vt 0.16220263 0.9080974
vt 0.16220263 0.95047283
vt 0.6747581 0.95237803
vt 0.63312817 0.95237803
vt 0.64706683 0.91250896
vt 0.66917324 0.9051738
vt 0.25872862 0.6015568
vt 0.21966696 0.614553
vt 0.17415273 0.514658
vt 0.2580546 0.5261278
vt 0.18257582 0.42439842
vt 0.24112988 0.4335966
vt 0.25476754 0.32052946
vt 0.25872862 0.32211828
vt 0.6151055 0.13126612
vt 0.61948836 0.005666733
vt 0.62258446 0.006005287
vt 0.5695976 0.13680458
vt 0.6226051 0.22071743
vt 0.55742824 0.22991467
vt 0.6226051 0.29543734
vt 0.583387 0.30809784
vt 0.7605438 0.005920887
vt 0.800706 0.005666733
vt 0.81219965 0.08036685
vt 0.75171435 0.08302069
vt 0.8070656 0.17716742
vt 0.76465344 0.179317
vt 0.8121996 0.2894094
vt 0.8091682 0.28979588
vt 0.283733 0.0078041553
vt 0.3093201 0.024291277
vt 0.30788743 0.092915535
vt 0.24533927 0.0912087
vt 0.24484539 0.005666733
vt 0.29339588 0.18695188
vt 0.17415273 0.11235094
vt 0.24969292 0.18680716
vt 0.3093201 0.30658007
vt 0.20010209 0.20245051
vt 0.30632186 0.30741787
vt 0.30303955 0.309196
vt 0.656145 0.37193263
vt 0.656145 0.37600696
vt 0.6531148 0.3784542
vt 0.6531148 0.37186182
vt 0.651844 0.37516534
vt 0.85348177 0.47025228
vt 0.8280637 0.3911879
vt 0.8297279 0.39088345
vt 0.82272243 0.4669671
vt 0.8133819 0.5054767
vt 0.8483572 0.51882243
vt 0.79689074 0.52227616
vt 0.82167363 0.5460043
vt 0.85348177 0.54386973
vt 0.53696835 0.79555035
vt 0.5639291 0.79371357
vt 0.5639291 0.8867221
vt 0.5624474 0.8868232
vt 0.518932 0.8227737
vt 0.5612581 0.88765264
vt 0.8792026 0.015526891
vt 0.82353306 0.07611406
vt 0.8329747 0.005666733
vt 0.8637779 0.070829034
vt 0.8792026 0.15334213
vt 0.87723756 0.15436816
vt 0.6684448 0.3754108
vt 0.66747844 0.37344635
vt 0.6684448 0.37186182
vt 0.67000854 0.3750403
vt 0.67000854 0.37284684
vt 0.92397314 0.5675249
vt 0.92551726 0.5052631
vt 0.9547585 0.5052631
vt 0.9579313 0.5675249
vt 0.23888731 0.7048452
vt 0.2476139 0.62588644
vt 0.24911141 0.6269059
vt 0.2078929 0.6942687
vt 0.21200371 0.7487056
vt 0.24911141 0.7511115
vt 0.17415285 0.759918
vt 0.17685103 0.69016266
vt 0.26137543 0.8974745
vt 0.26169938 0.90474606
vt 0.28253508 0.91975784
vt 0.24080914 0.91551566
vt 0.28928566 0.9175832
vt 0.24634612 0.9182143
vt 0.27430463 0.9440472
vt 0.24353659 0.95011985
vt 0.27826065 0.95011985
vt 0.24838221 0.9440472
vt 0.92338514 0.36316577
vt 0.9319749 0.37567383
vt 0.93747973 0.33372176
vt 0.90117574 0.36316577
vt 0.9264964 0.33945537
vt 0.8926786 0.37567383
vt 0.9160999 0.3127099
vt 0.8956306 0.34117252
vt 0.914413 0.32757992
vt 0.88286746 0.33676
vt 0.28928566 0.9175832
vt 0.27826065 0.95011985
vt 0.27430463 0.9440472
vt 0.28253508 0.91975784
vt 0.24838221 0.9440472
vt 0.26137543 0.8974745
vt 0.24353659 0.95011985
vt 0.26169938 0.90474606
vt 0.24634612 0.9182143
vt 0.24080914 0.91551566
vt 0.92338514 0.36316577
vt 0.93747973 0.33372176
vt 0.9319749 0.37567383
vt 0.90117574 0.36316577
vt 0.9264964 0.33945537
vt 0.8926786 0.37567383
vt 0.9160999 0.3127099
vt 0.8956306 0.34117252
vt 0.914413 0.32757992
vt 0.88286746 0.33676
vn 0.44880328 0.68765056 0.570712
vn 0.96849144 -0.16566423 -0.18595608
vn 0.4359616 0.47947502 0.7616042
vn -0.44880316 0.6876506 0.57071203
vn -0.43596175 0.47947502 0.76160413
vn -0.96849144 -0.16566424 -0.18595615
vn -0 0.20026383 0.9797419
vn -0 0.6648808 0.7469494
vn 0.4159938 0.6603722 0.625186
vn 0.6360997 0.31575003 0.70404476
vn 0.5438364 0.8054547 0.2355515
vn -0 0.107224084 0.99423474
vn 0.85293674 0.51490223 0.08587552
vn 0.6762645 0.1742055 0.71576434
vn -0 0.033320777 0.99944454
vn 0.96547234 0.25941885 0.023770005
vn 0.6557925 0.09087536 0.74945164
vn -0 0.91741747 0.39792585
vn 0.9848216 0.17331013 0.00948771
vn 0.23821293 0.9665244 0.09531522
vn 0.95007896 0.23035547 -0.21044299
vn 0.96547234 0.25941885 0.023770005
vn 0.85293674 0.51490223 0.08587552
vn 0.5311646 0.69416416 -0.48579863
vn 0.66591144 0.36524054 -0.65050846
vn 0.9848216 0.17331013 0.00948771
vn 0.6599918 0.17657335 -0.7302277
vn 0.95007896 0.23035547 -0.21044299
vn 0.67608947 0.06386967 -0.73404604
vn 0.8469096 -0.07674518 -0.5261694
vn 0.44880328 0.68765056 0.570712
vn 0.6539717 -0.20099306 -0.7293303
vn 0.96849144 -0.16566423 -0.18595608
vn 0.5786295 -0.3090245 -0.75477916
vn 0.5198833 -0.5076911 -0.6870014
vn 0.24858268 -0.90130025 -0.35477373
vn 0.3052999 -0.7963955 -0.5220594
vn 0.7640095 -0.47135034 -0.44058865
vn 0.5147202 -0.6154844 0.59685993
vn 0.7400619 -0.27904633 0.6119163
vn 0.4359616 0.47947502 0.7616042
vn -0 0.96419024 0.26521102
vn 0.4159938 0.6603722 0.625186
vn -0 0.6648808 0.7469494
vn 0.5438364 0.8054547 0.2355515
vn -0 0.9892217 -0.14642477
vn 0.27944472 0.9599928 -0.01800606
vn 0.85293674 0.51490223 0.08587552
vn 0.5311646 0.69416416 -0.48579863
vn -0 0.7441579 -0.6680037
vn 0.23821293 0.9665244 0.09531522
vn -0 0.7986516 0.6017935
vn -0 0.91741747 0.39792585
vn 0.4359616 0.47947502 0.7616042
vn 0.95007896 0.23035547 -0.21044299
vn 0.44880328 0.68765056 0.570712
vn -0 -0.44010836 -0.89794457
vn -0 -0.7857135 -0.61859035
vn 0.3052999 -0.7963955 -0.5220594
vn 0.5198833 -0.5076911 -0.6870014
vn -0 -0.19863848 -0.9800727
vn 0.6539717 -0.20099306 -0.7293303
vn -0 -0.01590288 -0.99987346
vn 0.67608947 0.06386967 -0.73404604
vn -0 0.14801428 -0.9889852
vn 0.6599918 0.17657335 -0.7302277
vn -0 0.3948146 -0.9187607
vn 0.66591144 0.36524054 -0.65050846
vn -0 0.7441579 -0.6680037
vn 0.5311646 0.69416416 -0.48579863
vn 0.3052999 -0.7963955 -0.5220594
vn -0 -0.7857135 -0.61859035
vn -0 -0.95871526 -0.28436735
vn 0.24858268 -0.90130025 -0.35477373
vn -0 -0.9829943 0.18363589
vn 0.19362327 -0.971576 0.13619787
vn 0.5200844 -0.70268136 -0.48554197
vn 0.36563987 -0.82350606 0.43375713
vn 0.7640095 -0.47135034 -0.44058865
vn 0.5147202 -0.6154844 0.59685993
vn -0 -0.9829943 0.18363589
vn 0.36563987 -0.82350606 0.43375713
vn 0.19362327 -0.971576 0.13619787
vn -0 -0.73719573 0.6756791
vn 0.5147202 -0.6154844 0.59685993
vn -0 -0.57980716 0.8147536
vn 0.7400619 -0.27904633 0.6119163
vn -0 -0.28611845 0.95819414
vn 0.4359616 0.47947502 0.7616042
vn -0 0.7986516 0.6017935
vn 1.6896611E-07 0.65189147 -0.7583121
vn 0.9400273 0.33239138 -0.076582015
vn 2.1898427E-07 0.88507974 -0.4654393
vn 0.92474365 0.12749222 -0.35860127
vn 0.5880592 -0.5788402 0.5649162
vn 0.58325374 -0.7503794 0.31104004
vn 0.5880592 -0.5788402 0.5649162
vn 0.8329833 0.49301913 0.25113893
vn 0.9400273 0.33239138 -0.076582015
vn 0.5191622 -0.33466727 0.78642756
vn -1.888126E-07 -0.74223846 0.6701356
vn -1.4642981E-07 -0.55116874 0.8343938
vn 0.58325374 -0.7503794 0.31104004
vn -2.19208E-07 -0.8861847 0.46333182
vn 0.9400273 0.33239138 -0.076582015
vn 0.8329833 0.49301913 0.25113893
vn 2.38418E-07 0.99716556 -0.075238824
vn 2.1898427E-07 0.88507974 -0.4654393
vn 2.3627454E-07 0.9776578 -0.21020189
vn 0.94526434 0.30236194 0.122689
vn 2.2816768E-07 0.9766053 0.21503949
vn 0.8975551 0.34354284 -0.27635652
vn 0.59034675 -0.8066174 -0.029307306
vn 0.56853575 -0.72563803 -0.38757747
vn 0.59034675 -0.8066174 -0.029307306
vn 0.83298326 0.19286299 0.51859665
vn 0.94526434 0.30236194 0.122689
vn 0.51916164 -0.7787004 0.3522737
vn -2.3619985E-07 -0.99826217 -0.05892715
vn -2.3514747E-07 -0.9705212 0.24101564
vn 0.94526434 0.30236194 0.122689
vn 0.83298326 0.19286299 0.51859665
vn 1.751163E-07 0.7848704 0.61965966
vn 2.2816768E-07 0.9766053 0.21503949
vn 8.487644E-08 0.91665107 0.3245858
vn 0.89755505 0.42322916 -0.06264736
vn 0.9452643 0.27022204 0.1803178
vn -2.0518675E-07 0.89568067 0.4230277
vn 0.89755505 0.42322916 -0.06264736
vn 0.5685362 -0.45861655 -0.649992
vn 0.590347 -0.78735995 -0.17763598
vn 0.9452643 0.27022204 0.1803178
vn 0.8329833 0.09386479 0.545278
vn 0.5191625 -0.83032894 0.20254375
vn 0.9452643 0.27022204 0.1803178
vn 0.8329833 0.09386479 0.545278
vn -2.3113185E-07 0.65705895 0.753839
vn -2.0518675E-07 0.89568067 0.4230277
vn 2.2301117E-07 -0.9702491 -0.24210826
vn 1.8778506E-07 -0.99832785 0.05780213
vn 0.5191625 -0.83032894 0.20254375
vn 0.590347 -0.78735995 -0.17763598
vn 0.5685362 -0.45861655 -0.649992
vn 5.9391887E-08 -0.6588084 -0.7076904
vn -2.3558243E-07 0.89974487 0.4364161
vn 0.89755493 0.44085923 -0.006191721
vn 0.94526404 0.16268292 0.28286058
vn -2.2951761E-07 0.63705456 0.77081853
vn 0.89755493 0.44085923 -0.006191721
vn 0.5685361 -0.33306727 -0.7522185
vn 0.59034723 -0.6174917 -0.5198018
vn 0.94526404 0.16268292 0.28286058
vn 0.8329834 -0.16738948 0.5273701
vn 0.5191625 -0.83047086 -0.20196107
vn 0.94526404 0.16268292 0.28286058
vn 0.8329834 -0.16738948 0.5273701
vn -1.7834729E-07 0.23682226 0.9715528
vn -2.2951761E-07 0.63705456 0.77081853
vn 2.3680698E-07 -0.7502506 -0.66115326
vn 2.3430503E-07 -0.91309595 -0.40774423
vn 0.5191625 -0.83047086 -0.20196107
vn 0.59034723 -0.6174917 -0.5198018
vn -2.1983416E-07 0.53738415 0.84333736
vn 0.8975551 0.3786619 0.2258538
vn 0.94497985 0.027626615 0.32582474
vn -0.00157169 0.23183848 0.97220385
vn 0.00061811256 -0.20508319 0.9787292
vn 0.8347895 -0.37381235 0.4042162
vn 0.8975551 0.3786619 0.2258538
vn 0.568536 0.11073746 -0.8151709
vn 0.59246373 -0.330187 -0.7348219
vn 0.94497985 0.027626615 0.32582474
vn 0.8347895 -0.37381235 0.4042162
vn 0.52293676 -0.6596871 -0.5397687
vn 0.0025272118 -0.3922409 -0.91985905
vn 0.003813273 -0.6483633 -0.7613215
vn 0.52293676 -0.6596871 -0.5397687
vn 0.59246373 -0.330187 -0.7348219
vn 0.568536 0.11073746 -0.8151709
vn 1.3466641E-07 0.005784273 -0.9999829
vn -0.0036120806 0.607561 0.7942648
vn 0.8249236 0.515236 0.23245
vn 0.93182516 0.17077331 0.3202161
vn -0.0012103667 0.13826698 0.9903942
vn 0.0025333597 -0.5515878 0.83411294
vn 0.87712324 -0.41722962 0.23785341
vn 0.8249236 0.515236 0.23245
vn 0.54747707 0.5532429 -0.62784636
vn 0.60027695 0.27227247 -0.7520207
vn 0.93182516 0.17077331 0.3202161
vn 0.87712324 -0.41722962 0.23785341
vn 0.58128387 -0.2608016 -0.7707733
vn 0.85111153 -0.49739298 0.16795623
vn 0.4999831 -0.5488303 -0.6699272
vn 0.69081414 -0.571277 0.44319108
vn 0.43283656 -0.8745117 -0.21881941
vn 0.69081414 -0.571277 0.44319108
vn 0.43283656 -0.8745117 -0.21881941
vn 0.0053080153 -0.98026854 -0.19759972
vn 0.00157853 -0.38023394 0.92488897
vn 0.85111153 -0.49739298 0.16795623
vn 0.69081414 -0.571277 0.44319108
vn 0.00157853 -0.38023394 0.92488897
vn 0.0030862167 -0.64893526 0.76083726
vn 0.0030316408 -0.49150953 -0.870867
vn 0.0053080153 -0.98026854 -0.19759972
vn 0.43283656 -0.8745117 -0.21881941
vn 0.4999831 -0.5488303 -0.6699272
vn 0.0015505203 -0.20324376 -0.979127
vn 0.58128387 -0.2608016 -0.7707733
vn -0.0011170906 0.29619458 -0.955127
vn 0.60027695 0.27227247 -0.7520207
vn 0.54747707 0.5532429 -0.62784636
vn -0.0023121133 0.51221716 -0.85885274
vn 0.87712324 -0.41722962 0.23785341
vn 0.85111153 -0.49739298 0.16795623
vn 0.0030862167 -0.64893526 0.76083726
vn 0.0025333597 -0.5515878 0.83411294
vn 0.5685361 -0.33306727 -0.7522185
vn 2.178223E-07 -0.5193314 -0.85457265
vn 2.3680698E-07 -0.7502506 -0.66115326
vn 0.59034723 -0.6174917 -0.5198018
vn 0.56853575 -0.72563803 -0.38757747
vn -2.1582062E-07 -0.93542564 -0.35352314
vn -2.3619985E-07 -0.99826217 -0.05892715
vn 0.59034675 -0.8066174 -0.029307306
vn -0.77136296 -0.53484035 -0.34488365
vn -0.7181547 0.57977694 -0.3848534
vn -0.36136657 0.65403485 0.6645691
vn -0.41967958 -0.56751734 0.7083733
vn -0.7181547 0.57977694 -0.3848534
vn -0.18631735 0.8295027 0.5265079
vn -0.36136657 0.65403485 0.6645691
vn 0.2709033 0.58434933 -0.76494896
vn -0.13341731 0.6389055 0.7574416
vn 0.105532 0.84466755 -0.52458066
vn 0.52258533 0.61578345 0.5895649
vn -0.42660615 0.81137186 -0.3992675
vn 0.7287158 0.66418475 0.1668285
vn -0.5982156 0.74130964 -0.30429912
vn 0.7250747 0.48244897 -0.49143633
vn -0.3141228 0.52531105 -0.7908067
vn -0.18631735 0.8295027 0.5265079
vn -0.13341731 0.6389055 0.7574416
vn -0.19102815 -0.5679582 0.8004105
vn -0.26258942 -0.76825804 0.583803
vn 0.21147141 -0.66063684 -0.72030425
vn -0.77136296 -0.53484035 -0.34488365
vn -0.41967958 -0.56751734 0.7083733
vn -0.26258942 -0.76825804 0.583803
vn 0.025182262 -0.8856885 -0.46327385
vn -0.19102815 -0.5679582 0.8004105
vn -0.5160444 -0.7891043 -0.33257496
vn 0.46406865 -0.6129743 0.6393454
vn -0.6690968 -0.7035086 -0.23955166
vn 0.65629023 -0.71936995 0.22757417
vn -0.36398292 -0.55040884 -0.7513765
vn 0.6747357 -0.5821587 -0.4536769
vn -0.7181547 0.57977694 -0.3848534
vn -0.77136296 -0.53484035 -0.34488365
vn 0.21147141 -0.66063684 -0.72030425
vn 0.2709033 0.58434933 -0.76494896
vn -0.18631735 0.8295027 0.5265079
vn -0.26258942 -0.76825804 0.583803
vn -0.41967958 -0.56751734 0.7083733
vn -0.36136657 0.65403485 0.6645691
vn 0.025182262 -0.8856885 -0.46327385
vn -0.42660615 0.81137186 -0.3992675
vn 0.105532 0.84466755 -0.52458066
vn -0.5160444 -0.7891043 -0.33257496
vn -0.5982156 0.74130964 -0.30429912
vn -0.6690968 -0.7035086 -0.23955166
vn -0.3141228 0.52531105 -0.7908067
vn -0.36398292 -0.55040884 -0.7513765
vn 0.6747357 -0.5821587 -0.4536769
vn 0.7250747 0.48244897 -0.49143633
vn 0.21147141 -0.66063684 -0.72030425
vn 0.025182262 -0.8856885 -0.46327385
vn 0.105532 0.84466755 -0.52458066
vn 0.2709033 0.58434933 -0.76494896
vn -0.13341731 0.6389055 0.7574416
vn 0.46406865 -0.6129743 0.6393454
vn -0.19102815 -0.5679582 0.8004105
vn 0.52258533 0.61578345 0.5895649
vn 0.65629023 -0.71936995 0.22757417
vn 0.7287158 0.66418475 0.1668285
vn 0.7287158 0.66418475 0.1668285
vn 0.7250747 0.48244897 -0.49143633
vn 0.6747357 -0.5821587 -0.4536769
vn 0.65629023 -0.71936995 0.22757417
vn -0.9012463 -0.39662912 -0.17447218
vn -0.5998181 0.63090867 -0.4913835
vn -0.14909606 0.85651183 0.49076915
vn -0.46898347 -0.26979923 0.8409892
vn -0.5998181 0.63090867 -0.4913835
vn 0.03207895 0.9486096 0.3053152
vn -0.14909606 0.85651183 0.49076915
vn 0.37388676 0.31364793 -0.86335266
vn 0.052648783 0.80985415 0.57395434
vn 0.39824188 0.6640065 -0.6293482
vn 0.46979856 0.66714996 0.57448274
vn -0.15637967 0.7331308 -0.6618644
vn 0.7705507 0.59276634 0.23426439
vn -0.35641918 0.71601003 -0.6002457
vn 0.9015877 0.25273475 -0.3510915
vn -0.0027330443 0.35131887 -0.936252
vn 0.03207895 0.9486096 0.3053152
vn 0.052648783 0.80985415 0.57395434
vn -0.27477658 -0.30711466 0.90394574
vn -0.38406682 -0.5275598 0.7554953
vn 0.020205632 -0.8401225 -0.5325449
vn -0.9012463 -0.39662912 -0.17447218
vn -0.46898347 -0.26979923 0.8409892
vn -0.38406682 -0.5275598 0.7554953
vn -0.021720998 -0.9695964 -0.23315988
vn -0.27477658 -0.30711466 0.90394574
vn -0.54130703 -0.7829824 -0.30647236
vn 0.17322916 -0.4957719 0.8494095
vn -0.7041023 -0.6527198 -0.27963755
vn 0.43773466 -0.7178764 0.5413333
vn -0.2616043 -0.6671608 -0.69746673
vn 0.64543337 -0.75514823 -0.11474806
vn -0.5998181 0.63090867 -0.4913835
vn -0.9012463 -0.39662912 -0.17447218
vn 0.020205632 -0.8401225 -0.5325449
vn 0.37388676 0.31364793 -0.86335266
vn 0.03207895 0.9486096 0.3053152
vn -0.38406682 -0.5275598 0.7554953
vn -0.46898347 -0.26979923 0.8409892
vn -0.14909606 0.85651183 0.49076915
vn -0.021720998 -0.9695964 -0.23315988
vn -0.15637967 0.7331308 -0.6618644
vn 0.39824188 0.6640065 -0.6293482
vn -0.54130703 -0.7829824 -0.30647236
vn -0.35641918 0.71601003 -0.6002457
vn -0.7041023 -0.6527198 -0.27963755
vn -0.0027330443 0.35131887 -0.936252
vn -0.2616043 -0.6671608 -0.69746673
vn 0.64543337 -0.75514823 -0.11474806
vn 0.9015877 0.25273475 -0.3510915
vn 0.020205632 -0.8401225 -0.5325449
vn -0.021720998 -0.9695964 -0.23315988
vn 0.39824188 0.6640065 -0.6293482
vn 0.37388676 0.31364793 -0.86335266
vn 0.052648783 0.80985415 0.57395434
vn 0.17322916 -0.4957719 0.8494095
vn -0.27477658 -0.30711466 0.90394574
vn 0.46979856 0.66714996 0.57448274
vn 0.43773466 -0.7178764 0.5413333
vn 0.7705507 0.59276634 0.23426439
vn 0.7705507 0.59276634 0.23426439
vn 0.9015877 0.25273475 -0.3510915
vn 0.64543337 -0.75514823 -0.11474806
vn 0.43773466 -0.7178764 0.5413333
vn -0.8211454 -0.44479924 -0.3575945
vn -0.7804807 0.6240728 -0.037189513
vn -0.23261096 0.37883312 0.89535016
vn -0.28799748 -0.7922909 0.53300047
vn -0.7804807 0.6240728 -0.037189513
vn -0.098015144 0.5976379 0.7940599
vn -0.23261096 0.37883312 0.89535016
vn 0.13642478 0.8180834 -0.553187
vn -0.0020196438 0.34526682 0.93576723
vn 0.027800098 0.97571355 -0.20169258
vn 0.46364653 0.30977884 0.8270811
vn -0.4443941 0.89356387 -0.047329694
vn 0.6828628 0.5329292 0.49968487
vn -0.6034629 0.79739106 7.793307E-05
vn 0.7419282 0.64453834 -0.18469678
vn -0.2724506 0.8098997 -0.5194546
vn -0.098015144 0.5976379 0.7940599
vn -0.0020196438 0.34526682 0.93576723
vn -0.044372678 -0.80931646 0.5813353
vn -0.15790537 -0.93113554 0.3218785
vn 0.090988725 -0.3729419 -0.920635
vn -0.8211454 -0.44479924 -0.3575945
vn -0.28799748 -0.7922909 0.53300047
vn -0.15790537 -0.93113554 0.3218785
vn -0.024888664 -0.6690648 -0.73753434
vn -0.044372678 -0.80931646 0.5813353
vn -0.46166238 -0.59118176 -0.65364575
vn 0.4454219 -0.82360023 0.347706
vn -0.62130046 -0.53071654 -0.5764768
vn 0.67083794 -0.7398561 -0.05088441
vn -0.28975335 -0.18225336 -0.9395886
vn 0.725831 -0.33799228 -0.599108
vn -0.7804807 0.6240728 -0.037189513
vn -0.8211454 -0.44479924 -0.3575945
vn 0.090988725 -0.3729419 -0.920635
vn 0.13642478 0.8180834 -0.553187
vn -0.098015144 0.5976379 0.7940599
vn -0.15790537 -0.93113554 0.3218785
vn -0.28799748 -0.7922909 0.53300047
vn -0.23261096 0.37883312 0.89535016
vn -0.024888664 -0.6690648 -0.73753434
vn -0.4443941 0.89356387 -0.047329694
vn 0.027800098 0.97571355 -0.20169258
vn -0.46166238 -0.59118176 -0.65364575
vn -0.6034629 0.79739106 7.793307E-05
vn -0.62130046 -0.53071654 -0.5764768
vn -0.2724506 0.8098997 -0.5194546
vn -0.28975335 -0.18225336 -0.9395886
vn 0.725831 -0.33799228 -0.599108
vn 0.7419282 0.64453834 -0.18469678
vn 0.090988725 -0.3729419 -0.920635
vn -0.024888664 -0.6690648 -0.73753434
vn 0.027800098 0.97571355 -0.20169258
vn 0.13642478 0.8180834 -0.553187
vn -0.0020196438 0.34526682 0.93576723
vn 0.4454219 -0.82360023 0.347706
vn -0.044372678 -0.80931646 0.5813353
vn 0.46364653 0.30977884 0.8270811
vn 0.67083794 -0.7398561 -0.05088441
vn 0.6828628 0.5329292 0.49968487
vn 0.6828628 0.5329292 0.49968487
vn 0.7419282 0.64453834 -0.18469678
vn 0.725831 -0.33799228 -0.599108
vn 0.67083794 -0.7398561 -0.05088441
vn -0.55058616 -0.72109497 -0.42056745
vn -0.9561648 0.27162218 -0.109408915
vn -0.43207118 0.23914222 0.86955476
vn 0.012418106 -0.8488149 0.5285442
vn -0.9561648 0.27162218 -0.109408915
vn -0.37740076 0.5020925 0.77812064
vn -0.43207118 0.23914222 0.86955476
vn -0.16415742 0.8105646 -0.562172
vn -0.21203983 0.30319273 0.92752326
vn -0.34468502 0.907104 -0.23660164
vn 0.26672605 0.5734442 0.7736349
vn -0.7452313 0.6455817 -0.15670654
vn 0.40890762 0.8200889 0.40031052
vn -0.86325884 0.4911936 -0.116246074
vn 0.4372307 0.85587656 -0.27623248
vn -0.5463714 0.5622659 -0.6207538
vn -0.37740076 0.5020925 0.77812064
vn -0.21203983 0.30319273 0.92752326
vn 0.22825769 -0.7715584 0.59168214
vn 0.20398034 -0.9209291 0.33208668
vn 0.28885868 -0.2982635 -0.90972483
vn -0.55058616 -0.72109497 -0.42056745
vn 0.012418106 -0.8488149 0.5285442
vn 0.20398034 -0.9209291 0.33208668
vn 0.28694254 -0.6342775 -0.7160044
vn 0.22825769 -0.7715584 0.59168214
vn -0.18232808 -0.7994424 -0.5697779
vn 0.71145195 -0.53038627 0.4596095
vn -0.34105337 -0.81001484 -0.47703078
vn 0.9019202 -0.42873028 0.05225143
vn -0.1538131 -0.4005849 -0.9032569
vn 0.8241283 -0.09720015 -0.5580004
vn -0.9561648 0.27162218 -0.109408915
vn -0.55058616 -0.72109497 -0.42056745
vn 0.28885868 -0.2982635 -0.90972483
vn -0.16415742 0.8105646 -0.562172
vn -0.37740076 0.5020925 0.77812064
vn 0.20398034 -0.9209291 0.33208668
vn 0.012418106 -0.8488149 0.5285442
vn -0.43207118 0.23914222 0.86955476
vn 0.28694254 -0.6342775 -0.7160044
vn -0.7452313 0.6455817 -0.15670654
vn -0.34468502 0.907104 -0.23660164
vn -0.18232808 -0.7994424 -0.5697779
vn -0.86325884 0.4911936 -0.116246074
vn -0.34105337 -0.81001484 -0.47703078
vn -0.5463714 0.5622659 -0.6207538
vn -0.1538131 -0.4005849 -0.9032569
vn 0.8241283 -0.09720015 -0.5580004
vn 0.4372307 0.85587656 -0.27623248
vn 0.28885868 -0.2982635 -0.90972483
vn 0.28694254 -0.6342775 -0.7160044
vn -0.34468502 0.907104 -0.23660164
vn -0.16415742 0.8105646 -0.562172
vn -0.21203983 0.30319273 0.92752326
vn 0.71145195 -0.53038627 0.4596095
vn 0.22825769 -0.7715584 0.59168214
vn 0.26672605 0.5734442 0.7736349
vn 0.9019202 -0.42873028 0.05225143
vn 0.40890762 0.8200889 0.40031052
vn 0.40890762 0.8200889 0.40031052
vn 0.4372307 0.85587656 -0.27623248
vn 0.8241283 -0.09720015 -0.5580004
vn 0.9019202 -0.42873028 0.05225143
vn 0.24858268 -0.90130025 -0.35477373
vn 0.5200844 -0.70268136 -0.48554197
vn 0.7640095 -0.47135034 -0.44058865
vn 0.5786295 -0.3090245 -0.75477916
vn -0.09232424 0.37224144 0.92353255
vn 0.67060417 0.64420694 0.3678145
vn 0.92385197 -0.3259685 0.20060429
vn 0.11367788 -0.3352492 0.93524605
vn -0.25289896 -0.73196024 0.6326738
vn 0.40403765 -0.9104582 0.08842647
vn 0.67060417 0.64420694 0.3678145
vn 0.35102797 0.7550996 -0.55371815
vn 0.60050464 -0.15415466 -0.7846212
vn 0.92385197 -0.3259685 0.20060429
vn 0.40403765 -0.9104582 0.08842647
vn 0.17270522 -0.72413766 -0.66768056
vn 0.35102797 0.7550996 -0.55371815
vn -0.6119438 0.55020493 -0.5681542
vn -0.49216548 -0.023837902 -0.8701752
vn 0.60050464 -0.15415466 -0.7846212
vn 0.17270522 -0.72413766 -0.66768056
vn -0.646545 -0.39822325 -0.65069014
vn -0.88455886 0.31497905 0.3440112
vn -0.09232424 0.37224144 0.92353255
vn 0.11367788 -0.3352492 0.93524605
vn -0.94402725 -0.05854135 0.32463118
vn -0.6119438 0.55020493 -0.5681542
vn -0.49216548 -0.023837902 -0.8701752
vn -0.646545 -0.39822325 -0.65069014
vn -0.9062648 -0.3822021 0.18057041
vn -0.25289896 -0.73196024 0.6326738
vn -0.88455886 0.31497905 0.3440112
vn -0.6119438 0.55020493 -0.5681542
vn 0.35102797 0.7550996 -0.55371815
vn 0.67060417 0.64420694 0.3678145
vn -0.09232424 0.37224144 0.92353255
vn 0.40403765 -0.9104582 0.08842647
vn 0.17270522 -0.72413766 -0.66768056
vn -0.646545 -0.39822325 -0.65069014
vn -0.9062648 -0.3822021 0.18057041
vn -0.25289896 -0.73196024 0.6326738
vn -0.72037214 0.5296904 -0.44776332
vn -0.24502352 -0.1254985 -0.96136016
vn 0.8080544 0.24091572 -0.53759426
vn 0.25901926 0.96512526 0.03797473
vn -0.24502352 -0.1254985 -0.96136016
vn -0.24673432 -0.84520257 -0.4740827
vn 0.80585086 -0.59168893 0.022550195
vn 0.8080544 0.24091572 -0.53759426
vn -0.24673432 -0.84520257 -0.4740827
vn -0.7014117 -0.6496094 0.29330695
vn 0.28181136 -0.35643736 0.8908056
vn 0.80585086 -0.59168893 0.022550195
vn -0.7014117 -0.6496094 0.29330695
vn 0.00932911 0.5112591 0.8593758
vn 0.28181136 -0.35643736 0.8908056
vn -0.9672291 0.11303243 0.22735724
vn 0.25901926 0.96512526 0.03797473
vn -0.72037214 0.5296904 -0.44776332
vn -0.9672291 0.11303243 0.22735724
vn -0.7014117 -0.6496094 0.29330695
vn -0.24673432 -0.84520257 -0.4740827
vn -0.24502352 -0.1254985 -0.96136016
vn -0.72037214 0.5296904 -0.44776332
vn 0.39431936 0.52663034 0.7531085
vn -0.64204466 -0.62065226 0.40328038
vn 0.34591967 -0.09299427 0.9336441
vn -0.38496274 0.30672288 0.85251576
vn 0.7201171 0.5870566 0.36985895
vn -0.7535267 0.5364949 -0.12532324
vn 0.40155786 0.8489078 0.23057505
vn -0.4293642 0.6514773 0.5216788
vn 0.1818508 0.8162084 -0.23251815
vn 0.93502986 -0.34521043 -0.08092472
vn 0.70713717 0.14972396 -0.6907296
vn 0.916903 0.39575693 -0.05162701
vn 0.06003636 -0.7593596 -0.57032704
vn 0.21492314 0.68430924 -0.6370761
vn -0.38170606 0.5869385 -0.62663877
vn 0.34591967 -0.09299427 0.9336441
vn 0.06003636 -0.7593596 -0.57032704
vn 0.93502986 -0.34521043 -0.08092472
vn -0.64204466 -0.62065226 0.40328038
vn -0.38170606 0.5869385 -0.62663877
vn -0.7535267 0.5364949 -0.12532324
vn 0.916903 0.39575693 -0.05162701
vn 0.70713717 0.14972396 -0.6907296
vn 0.40155786 0.8489078 0.23057505
vn 0.7201171 0.5870566 0.36985895
vn 0.70713717 0.14972396 -0.6907296
vn 0.21492314 0.68430924 -0.6370761
vn 0.1818508 0.8162084 -0.23251815
vn 0.40155786 0.8489078 0.23057505
vn -0.4388053 0.52228624 -0.6942738
vn 0.6304735 0.024049126 -0.77583784
vn 0.36155206 0.59823 -0.6885605
vn -0.55074584 0.039078437 -0.8337576
vn 0.54336727 -0.2747462 -0.7932629
vn -0.5289554 0.06672162 -0.8460226
vn 0.03712651 -0.6847545 -0.7278273
vn -0.6385702 -0.2597305 -0.7244087
vn 0.54336727 -0.2747462 -0.7932629
vn 0.03712651 -0.6847545 -0.7278273
vn 0.20435344 -0.97446686 0.09302595
vn 0.7053982 -0.616431 0.34989423
vn 0.6304735 0.024049126 -0.77583784
vn 0.9002051 -0.04790604 0.43282288
vn 0.36155206 0.59823 -0.6885605
vn 0.23878226 0.82365924 -0.10792206
vn -0.79362255 0.5427775 0.19064024
vn -0.55074584 0.039078437 -0.8337576
vn -0.4388053 0.52228624 -0.6942738
vn -0.91775036 0.04606232 0.39447713
vn -0.5289554 0.06672162 -0.8460226
vn -0.8995013 -0.03257657 0.4357015
vn -0.6385702 -0.2597305 -0.7244087
vn -0.9171655 -0.35539898 0.18027401
vn -0.2591143 0.733177 0.5696124
vn -0.91775036 0.04606232 0.39447713
vn -0.79362255 0.5427775 0.19064024
vn -0.108787626 0.057569668 0.99047744
vn 0.23878226 0.82365924 -0.10792206
vn -0.8995013 -0.03257657 0.4357015
vn 0.9002051 -0.04790604 0.43282288
vn -0.21322611 -0.30662936 0.9276382
vn -0.9171655 -0.35539898 0.18027401
vn 0.7053982 -0.616431 0.34989423
vn -0.47239172 -0.711572 0.5201068
vn 0.20435344 -0.97446686 0.09302595
vn 0.20435344 -0.97446686 0.09302595
vn 0.03712651 -0.6847545 -0.7278273
vn -0.6385702 -0.2597305 -0.7244087
vn -0.9171655 -0.35539898 0.18027401
vn -0.47239172 -0.711572 0.5201068
vn 0.49128878 -0.13831928 -0.8599434
vn 0.15826857 -0.5968975 -0.7865521
vn 0.1950164 -0.9807272 -0.011934325
vn 0.33529496 -0.9387252 0.07982518
vn 0.69040084 -0.63961697 0.33798885
vn 0.9416192 0.051927082 -0.3326507
vn 0.1338281 -0.12471256 0.9831259
vn 0.4913068 0.8504051 -0.18822475
vn -0.040364623 0.73414445 0.6777923
vn -0.85628164 0.4737702 0.20572627
vn -0.4850524 -0.22165568 -0.8459271
vn -0.26844987 0.6023114 -0.7517682
vn -0.94134873 -0.32143444 -0.10267523
vn -0.514802 -0.3583212 0.77883524
vn -0.5490712 -0.75156456 0.36561078
vn 0.9416192 0.051927082 -0.3326507
vn 0.4913068 0.8504051 -0.18822475
vn -0.26844987 0.6023114 -0.7517682
vn 0.49128878 -0.13831928 -0.8599434
vn 0.15826857 -0.5968975 -0.7865521
vn -0.4850524 -0.22165568 -0.8459271
vn 0.1950164 -0.9807272 -0.011934325
vn 0.15826857 -0.5968975 -0.7865521
vn -0.4850524 -0.22165568 -0.8459271
vn -0.94134873 -0.32143444 -0.10267523
vn -0.5490712 -0.75156456 0.36561078
vn 0.4913068 0.8504051 -0.18822475
vn -0.040364623 0.73414445 0.6777923
vn -0.85628164 0.4737702 0.20572627
vn -0.26844987 0.6023114 -0.7517682
vn 0.33529496 -0.9387252 0.07982518
vn 0.1950164 -0.9807272 -0.011934325
vn -0.5490712 -0.75156456 0.36561078
vn -0.514802 -0.3583212 0.77883524
vn 0.1338281 -0.12471256 0.9831259
vn 0.69040084 -0.63961697 0.33798885
vn -0.040364623 0.73414445 0.6777923
vn -0.85628164 0.4737702 0.20572627
vn -0 0.20026383 0.9797419
vn -0.4159938 0.660372 0.62518615
vn -0 0.6648808 0.7469494
vn -0.63609976 0.31575006 0.70404476
vn -0.5438364 0.8054547 0.23555148
vn -0 0.107224084 0.99423474
vn -0.8529366 0.51490223 0.08587543
vn -0.6762645 0.17420551 0.71576434
vn -0 0.033320777 0.99944454
vn -0.96547234 0.25941887 0.023770016
vn -0.6557925 0.09087537 0.74945164
vn -0 0.91741747 0.39792585
vn -0.9848216 0.17331013 0.00948773
vn -0.23821309 0.9665244 0.095315225
vn -0.95007896 0.23035547 -0.21044295
vn -0.96547234 0.25941887 0.023770016
vn -0.53116447 0.6941641 -0.48579875
vn -0.8529366 0.51490223 0.08587543
vn -0.66591144 0.3652406 -0.6505085
vn -0.9848216 0.17331013 0.00948773
vn -0.6599918 0.17657334 -0.7302277
vn -0.95007896 0.23035547 -0.21044295
vn -0.67608947 0.06386966 -0.73404604
vn -0.8469096 -0.0767452 -0.5261694
vn -0.44880316 0.6876506 0.57071203
vn -0.6539717 -0.20099308 -0.7293303
vn -0.96849144 -0.16566424 -0.18595615
vn -0.57862943 -0.3090245 -0.75477916
vn -0.5198833 -0.50769114 -0.68700135
vn -0.24858265 -0.90130025 -0.3547738
vn -0.30529988 -0.7963954 -0.5220594
vn -0.7640094 -0.4713503 -0.4405887
vn -0.5147202 -0.6154844 0.59685993
vn -0.7400618 -0.27904633 0.6119163
vn -0.43596175 0.47947502 0.76160413
vn -0 0.96419024 0.26521102
vn -0 0.6648808 0.7469494
vn -0.4159938 0.660372 0.62518615
vn -0.5438364 0.8054547 0.23555148
vn -0 0.9892217 -0.14642477
vn -0.27944472 0.9599928 -0.018006139
vn -0.8529366 0.51490223 0.08587543
vn -0.53116447 0.6941641 -0.48579875
vn -0 0.7441579 -0.6680037
vn -0.23821309 0.9665244 0.095315225
vn -0 0.91741747 0.39792585
vn -0 0.7986516 0.6017935
vn -0.43596175 0.47947502 0.76160413
vn -0.95007896 0.23035547 -0.21044295
vn -0.44880316 0.6876506 0.57071203
vn -0 -0.44010836 -0.89794457
vn -0.30529988 -0.7963954 -0.5220594
vn -0 -0.7857135 -0.61859035
vn -0.5198833 -0.50769114 -0.68700135
vn -0 -0.19863848 -0.9800727
vn -0.6539717 -0.20099308 -0.7293303
vn -0 -0.01590288 -0.99987346
vn -0.67608947 0.06386966 -0.73404604
vn -0 0.14801428 -0.9889852
vn -0.6599918 0.17657334 -0.7302277
vn -0 0.3948146 -0.9187607
vn -0.66591144 0.3652406 -0.6505085
vn -0 0.7441579 -0.6680037
vn -0.53116447 0.6941641 -0.48579875
vn -0.30529988 -0.7963954 -0.5220594
vn -0 -0.95871526 -0.28436735
vn -0 -0.7857135 -0.61859035
vn -0.24858265 -0.90130025 -0.3547738
vn -0 -0.9829943 0.18363589
vn -0.19362327 -0.971576 0.13619785
vn -0.52008444 -0.7026813 -0.48554185
vn -0.3656399 -0.82350606 0.43375707
vn -0.7640094 -0.4713503 -0.4405887
vn -0.5147202 -0.6154844 0.59685993
vn -0 -0.9829943 0.18363589
vn -0.19362327 -0.971576 0.13619785
vn -0.3656399 -0.82350606 0.43375707
vn -0 -0.73719573 0.6756791
vn -0.5147202 -0.6154844 0.59685993
vn -0 -0.57980716 0.8147536
vn -0.7400618 -0.27904633 0.6119163
vn -0 -0.28611845 0.95819414
vn -0.43596175 0.47947502 0.76160413
vn -0 0.7986516 0.6017935
vn 1.6896611E-07 0.65189147 -0.7583121
vn 2.1898427E-07 0.88507974 -0.4654393
vn -0.94002694 0.3323918 -0.076582015
vn -0.92474353 0.12749264 -0.35860127
vn -0.58805954 -0.57883996 0.56491625
vn -0.5832541 -0.7503791 0.31103998
vn -0.58805954 -0.57883996 0.56491625
vn -0.94002694 0.3323918 -0.076582015
vn -0.8329831 0.49301964 0.25113896
vn -0.5191623 -0.3346671 0.78642756
vn -1.888126E-07 -0.74223846 0.6701356
vn -1.4642981E-07 -0.55116874 0.8343938
vn -0.5832541 -0.7503791 0.31103998
vn -2.19208E-07 -0.8861847 0.46333182
vn -0.94002694 0.3323918 -0.076582015
vn 2.1898427E-07 0.88507974 -0.4654393
vn 2.38418E-07 0.99716556 -0.075238824
vn -0.8329831 0.49301964 0.25113896
vn 2.3627454E-07 0.9776578 -0.21020189
vn 2.2816768E-07 0.9766053 0.21503949
vn -0.9452642 0.30236247 0.122688964
vn -0.897555 0.34354323 -0.27635658
vn -0.5903471 -0.8066172 -0.029307336
vn -0.5685361 -0.72563773 -0.3875775
vn -0.5903471 -0.8066172 -0.029307336
vn -0.9452642 0.30236247 0.122688964
vn -0.8329834 0.1928635 0.51859665
vn -0.5191621 -0.7787001 0.35227367
vn -2.3619985E-07 -0.99826217 -0.05892715
vn -2.3514747E-07 -0.9705212 0.24101564
vn -0.9452642 0.30236247 0.122688964
vn 2.2816768E-07 0.9766053 0.21503949
vn 1.751163E-07 0.7848704 0.61965966
vn -0.8329834 0.1928635 0.51859665
vn 8.487644E-08 0.91665107 0.3245858
vn -2.0518675E-07 0.89568067 0.4230277
vn -0.9452644 0.2702216 0.18031758
vn -0.897555 0.42322922 -0.06264728
vn -0.897555 0.42322922 -0.06264728
vn -0.5903466 -0.7873602 -0.1776361
vn -0.56853604 -0.45861655 -0.64999205
vn -0.9452644 0.2702216 0.18031758
vn -0.8329835 0.09386433 0.54527766
vn -0.51916224 -0.8303292 0.20254362
vn -0.9452644 0.2702216 0.18031758
vn -2.0518675E-07 0.89568067 0.4230277
vn -2.3113185E-07 0.65705895 0.753839
vn -0.8329835 0.09386433 0.54527766
vn 2.2301117E-07 -0.9702491 -0.24210826
vn -0.51916224 -0.8303292 0.20254362
vn 1.8778506E-07 -0.99832785 0.05780213
vn -0.5903466 -0.7873602 -0.1776361
vn -0.56853604 -0.45861655 -0.64999205
vn 5.9391887E-08 -0.6588084 -0.7076904
vn -2.3558243E-07 0.89974487 0.4364161
vn -2.2951761E-07 0.63705456 0.77081853
vn -0.9452642 0.1626827 0.28286058
vn -0.89755493 0.44085905 -0.006191816
vn -0.89755493 0.44085905 -0.006191816
vn -0.5903469 -0.61749196 -0.5198019
vn -0.5685357 -0.3330675 -0.7522186
vn -0.9452642 0.1626827 0.28286058
vn -0.8329833 -0.16738974 0.52737015
vn -0.5191621 -0.8304711 -0.20196113
vn -0.9452642 0.1626827 0.28286058
vn -2.2951761E-07 0.63705456 0.77081853
vn -1.7834729E-07 0.23682226 0.9715528
vn -0.8329833 -0.16738974 0.52737015
vn 2.3680698E-07 -0.7502506 -0.66115326
vn -0.5903469 -0.61749196 -0.5198019
vn -0.5191621 -0.8304711 -0.20196113
vn 2.3430503E-07 -0.91309595 -0.40774423
vn -2.1983416E-07 0.53738415 0.84333736
vn -0.9455232 0.018169545 0.3249717
vn -0.89755523 0.37866163 0.22585358
vn -0.00157169 0.23183848 0.97220385
vn 0.00061811256 -0.20508319 0.9787292
vn -0.83115387 -0.38267192 0.40341708
vn -0.89755523 0.37866163 0.22585358
vn -0.58821326 -0.33646595 -0.7353882
vn -0.56853575 0.110737234 -0.81517106
vn -0.9455232 0.018169545 0.3249717
vn -0.83115387 -0.38267192 0.40341708
vn -0.51537275 -0.665209 -0.54026675
vn 0.0025272118 -0.3922409 -0.91985905
vn -0.51537275 -0.665209 -0.54026675
vn 0.003813273 -0.6483633 -0.7613215
vn -0.58821326 -0.33646595 -0.7353882
vn -0.56853575 0.110737234 -0.81517106
vn 1.3466641E-07 0.005784273 -0.9999829
vn -0.0036120806 0.607561 0.7942648
vn -0.9338956 0.16085097 0.31932116
vn -0.8305797 0.50643176 0.23165579
vn -0.0012103667 0.13826698 0.9903942
vn 0.0025333597 -0.5515878 0.83411294
vn -0.87286377 -0.42653632 0.2370141
vn -0.8305797 0.50643176 0.23165579
vn -0.6024174 0.26587638 -0.7525976
vn -0.5527279 0.5473919 -0.62837416
vn -0.9338956 0.16085097 0.31932116
vn -0.87286377 -0.42653632 0.2370141
vn -0.5777376 -0.26696548 -0.7713292
vn -0.84593374 -0.5064182 0.1671424
vn -0.49347448 -0.5541137 -0.67040366
vn -0.6851238 -0.57859445 0.44253135
vn -0.42330068 -0.8790648 -0.21922994
vn -0.6851238 -0.57859445 0.44253135
vn 0.00157853 -0.38023394 0.92488897
vn 0.0053080153 -0.98026854 -0.19759972
vn -0.42330068 -0.8790648 -0.21922994
vn -0.84593374 -0.5064182 0.1671424
vn 0.0030862167 -0.64893526 0.76083726
vn 0.00157853 -0.38023394 0.92488897
vn -0.6851238 -0.57859445 0.44253135
vn 0.0030316408 -0.49150953 -0.870867
vn -0.42330068 -0.8790648 -0.21922994
vn 0.0053080153 -0.98026854 -0.19759972
vn -0.49347448 -0.5541137 -0.67040366
vn 0.0015505203 -0.20324376 -0.979127
vn -0.5777376 -0.26696548 -0.7713292
vn -0.0011170906 0.29619458 -0.955127
vn -0.6024174 0.26587638 -0.7525976
vn -0.5527279 0.5473919 -0.62837416
vn -0.0023121133 0.51221716 -0.85885274
vn -0.87286377 -0.42653632 0.2370141
vn 0.0025333597 -0.5515878 0.83411294
vn 0.0030862167 -0.64893526 0.76083726
vn -0.84593374 -0.5064182 0.1671424
vn -0.5685357 -0.3330675 -0.7522186
vn -0.5903469 -0.61749196 -0.5198019
vn 2.3680698E-07 -0.7502506 -0.66115326
vn 2.178223E-07 -0.5193314 -0.85457265
vn -0.5685361 -0.72563773 -0.3875775
vn -0.5903471 -0.8066172 -0.029307336
vn -2.3619985E-07 -0.99826217 -0.05892715
vn -2.1582062E-07 -0.93542564 -0.35352314
vn 0.29653168 -0.8898953 -0.34663397
vn -0.13647407 -0.7346678 0.6645584
vn 0.59823287 0.23880228 0.7649121
vn 0.9669223 -0.001642935 -0.25506532
vn 0.9669223 -0.001642935 -0.25506532
vn 0.59823287 0.23880228 0.7649121
vn 0.59482276 0.4915422 0.6360596
vn 0.2682475 0.65434664 -0.7070172
vn 0.39609826 0.37472308 0.8381713
vn 0.53501546 0.7293687 -0.4262155
vn -0.14523755 0.8327468 0.5341975
vn 0.91762733 0.33966842 -0.20599918
vn -0.16547716 0.9827171 0.082972065
vn 0.9813684 0.17727672 -0.07408881
vn -0.11487274 0.8095709 -0.57567304
vn 0.7552426 0.16851164 -0.63341343
vn 0.59482276 0.4915422 0.6360596
vn -0.36615622 -0.7817331 0.5047995
vn -0.32979596 -0.58701193 0.739255
vn 0.39609826 0.37472308 0.8381713
vn -0.48055375 -0.33779833 -0.8092961
vn -0.13647407 -0.7346678 0.6645584
vn 0.29653168 -0.8898953 -0.34663397
vn -0.36615622 -0.7817331 0.5047995
vn -0.50447524 -0.6505481 -0.5675603
vn -0.32979596 -0.58701193 0.739255
vn -0.034384444 -0.94663787 -0.32010502
vn -0.8820996 -0.14966306 0.44656825
vn 0.11456914 -0.97855586 -0.17117926
vn -0.99184316 -0.12705448 -0.010224462
vn 0.10987444 -0.6906069 -0.7148355
vn -0.75252783 -0.041363224 -0.65726024
vn 0.9669223 -0.001642935 -0.25506532
vn 0.2682475 0.65434664 -0.7070172
vn -0.48055375 -0.33779833 -0.8092961
vn 0.29653168 -0.8898953 -0.34663397
vn 0.59482276 0.4915422 0.6360596
vn 0.59823287 0.23880228 0.7649121
vn -0.13647407 -0.7346678 0.6645584
vn -0.36615622 -0.7817331 0.5047995
vn -0.50447524 -0.6505481 -0.5675603
vn 0.53501546 0.7293687 -0.4262155
vn 0.91762733 0.33966842 -0.20599918
vn -0.034384444 -0.94663787 -0.32010502
vn 0.9813684 0.17727672 -0.07408881
vn 0.11456914 -0.97855586 -0.17117926
vn 0.7552426 0.16851164 -0.63341343
vn 0.10987444 -0.6906069 -0.7148355
vn -0.75252783 -0.041363224 -0.65726024
vn -0.11487274 0.8095709 -0.57567304
vn -0.48055375 -0.33779833 -0.8092961
vn 0.2682475 0.65434664 -0.7070172
vn 0.53501546 0.7293687 -0.4262155
vn -0.50447524 -0.6505481 -0.5675603
vn 0.39609826 0.37472308 0.8381713
vn -0.32979596 -0.58701193 0.739255
vn -0.8820996 -0.14966306 0.44656825
vn -0.14523755 0.8327468 0.5341975
vn -0.99184316 -0.12705448 -0.010224462
vn -0.16547716 0.9827171 0.082972065
vn -0.16547716 0.9827171 0.082972065
vn -0.99184316 -0.12705448 -0.010224462
vn -0.75252783 -0.041363224 -0.65726024
vn -0.11487274 0.8095709 -0.57567304
vn 0.7363419 -0.61265904 -0.2871402
vn 0.23859024 -0.6684615 0.70443857
vn 0.35297275 0.54746944 0.7574233
vn 0.8333774 0.4987044 -0.23736875
vn 0.8333774 0.4987044 -0.23736875
vn 0.35297275 0.54746944 0.7574233
vn 0.23501539 0.75189334 0.61307484
vn -0.12224774 0.6780827 -0.717852
vn 0.13167001 0.55299354 0.8183165
vn -0.039366882 0.9160738 -0.39571097
vn -0.3639883 0.59037834 0.71864104
vn 0.50874364 0.7898824 -0.3424406
vn -0.59185535 0.7303612 0.34099808
vn 0.67594564 0.68601435 -0.26922426
vn -0.68533117 0.6456272 -0.336878
vn 0.31326905 0.58505917 -0.748043
vn 0.23501539 0.75189334 0.61307484
vn 0.08412784 -0.83807886 0.5371134
vn 0.028107703 -0.65054536 0.75372756
vn 0.13167001 0.55299354 0.8183165
vn -0.21658006 -0.5666258 -0.7911209
vn 0.23859024 -0.6684615 0.70443857
vn 0.7363419 -0.61265904 -0.2871402
vn 0.08412784 -0.83807886 0.5371134
vn -0.2209962 -0.7998338 -0.555315
vn 0.028107703 -0.65054536 0.75372756
vn 0.33836102 -0.79734623 -0.49975073
vn -0.49401036 -0.6282172 0.59971756
vn 0.5223407 -0.7469106 -0.4114423
vn -0.73906004 -0.64173234 0.20486549
vn 0.1990696 -0.48130834 -0.85364723
vn -0.7983736 -0.40964955 -0.44134662
vn 0.8333774 0.4987044 -0.23736875
vn -0.12224774 0.6780827 -0.717852
vn -0.21658006 -0.5666258 -0.7911209
vn 0.7363419 -0.61265904 -0.2871402
vn 0.23501539 0.75189334 0.61307484
vn 0.35297275 0.54746944 0.7574233
vn 0.23859024 -0.6684615 0.70443857
vn 0.08412784 -0.83807886 0.5371134
vn -0.2209962 -0.7998338 -0.555315
vn -0.039366882 0.9160738 -0.39571097
vn 0.50874364 0.7898824 -0.3424406
vn 0.33836102 -0.79734623 -0.49975073
vn 0.67594564 0.68601435 -0.26922426
vn 0.5223407 -0.7469106 -0.4114423
vn 0.31326905 0.58505917 -0.748043
vn 0.1990696 -0.48130834 -0.85364723
vn -0.7983736 -0.40964955 -0.44134662
vn -0.68533117 0.6456272 -0.336878
vn -0.21658006 -0.5666258 -0.7911209
vn -0.12224774 0.6780827 -0.717852
vn -0.039366882 0.9160738 -0.39571097
vn -0.2209962 -0.7998338 -0.555315
vn 0.13167001 0.55299354 0.8183165
vn 0.028107703 -0.65054536 0.75372756
vn -0.49401036 -0.6282172 0.59971756
vn -0.3639883 0.59037834 0.71864104
vn -0.73906004 -0.64173234 0.20486549
vn -0.59185535 0.7303612 0.34099808
vn -0.59185535 0.7303612 0.34099808
vn -0.73906004 -0.64173234 0.20486549
vn -0.7983736 -0.40964955 -0.44134662
vn -0.68533117 0.6456272 -0.336878
vn 0.92290586 -0.17112671 -0.34490657
vn 0.6215945 -0.33638495 0.70716596
vn 0.060368642 0.7510603 0.65742743
vn 0.41345292 0.8213143 -0.39306426
vn 0.41345292 0.8213143 -0.39306426
vn 0.060368642 0.7510603 0.65742743
vn -0.16898255 0.83769673 0.51914644
vn -0.49466166 0.4124477 -0.7646907
vn -0.14054227 0.642842 0.7527474
vn -0.4495701 0.7222856 -0.52508533
vn -0.71027017 0.33807147 0.6171382
vn 0.06464036 0.921404 -0.3830191
vn -0.9257444 0.31688392 0.20635436
vn 0.24059139 0.9282744 -0.28358793
vn -0.8702485 0.15391798 -0.46794966
vn 0.052804478 0.61992383 -0.7828831
vn -0.16898255 0.83769673 0.51914644
vn 0.56163967 -0.58523476 0.58458316
vn 0.41054273 -0.4320247 0.80276954
vn -0.14054227 0.642842 0.7527474
vn 0.07430801 -0.6963578 -0.71357924
vn 0.6215945 -0.33638495 0.70716596
vn 0.92290586 -0.17112671 -0.34490657
vn 0.56163967 -0.58523476 0.58458316
vn 0.33810538 -0.8200134 -0.4611906
vn 0.41054273 -0.4320247 0.80276954
vn 0.77303785 -0.5181535 -0.36495572
vn -0.15922643 -0.7627383 0.6266606
vn 0.88649136 -0.36764622 -0.281015
vn -0.31174076 -0.926594 0.21033569
vn 0.5365634 -0.3428933 -0.77105373
vn -0.39247754 -0.79945713 -0.45478514
vn 0.41345292 0.8213143 -0.39306426
vn -0.49466166 0.4124477 -0.7646907
vn 0.07430801 -0.6963578 -0.71357924
vn 0.92290586 -0.17112671 -0.34490657
vn -0.16898255 0.83769673 0.51914644
vn 0.060368642 0.7510603 0.65742743
vn 0.6215945 -0.33638495 0.70716596
vn 0.56163967 -0.58523476 0.58458316
vn 0.33810538 -0.8200134 -0.4611906
vn -0.4495701 0.7222856 -0.52508533
vn 0.06464036 0.921404 -0.3830191
vn 0.77303785 -0.5181535 -0.36495572
vn 0.24059139 0.9282744 -0.28358793
vn 0.88649136 -0.36764622 -0.281015
vn 0.052804478 0.61992383 -0.7828831
vn 0.5365634 -0.3428933 -0.77105373
vn -0.39247754 -0.79945713 -0.45478514
vn -0.8702485 0.15391798 -0.46794966
vn 0.07430801 -0.6963578 -0.71357924
vn -0.49466166 0.4124477 -0.7646907
vn -0.4495701 0.7222856 -0.52508533
vn 0.33810538 -0.8200134 -0.4611906
vn -0.14054227 0.642842 0.7527474
vn 0.41054273 -0.4320247 0.80276954
vn -0.15922643 -0.7627383 0.6266606
vn -0.71027017 0.33807147 0.6171382
vn -0.31174076 -0.926594 0.21033569
vn -0.9257444 0.31688392 0.20635436
vn -0.9257444 0.31688392 0.20635436
vn -0.31174076 -0.926594 0.21033569
vn -0.39247754 -0.79945713 -0.45478514
vn -0.8702485 0.15391798 -0.46794966
vn 0.85571486 -0.4340927 -0.28162998
vn 0.48781052 -0.4178376 0.76645446
vn 0.23476633 0.7673479 0.5967091
vn 0.6248223 0.64734143 -0.43651563
vn 0.6248223 0.64734143 -0.43651563
vn 0.23476633 0.7673479 0.5967091
vn 0.037244946 0.897282 0.4398836
vn -0.34232265 0.45288858 -0.8232296
vn 0.012547985 0.7255923 0.68748397
vn -0.2320874 0.7574784 -0.60971373
vn -0.606949 0.59141105 0.5305261
vn 0.27930173 0.81694025 -0.50373685
vn -0.82598305 0.5522819 0.11285666
vn 0.46324134 0.7834387 -0.41428408
vn -0.8033432 0.29826453 -0.5154396
vn 0.20951918 0.46910876 -0.857927
vn 0.037244946 0.897282 0.4398836
vn 0.3682207 -0.6529119 0.6619059
vn 0.26200762 -0.44537032 0.8557755
vn 0.012547985 0.7255923 0.68748397
vn -0.08442414 -0.7550332 -0.65022844
vn 0.48781052 -0.4178376 0.76645446
vn 0.85571486 -0.4340927 -0.28162998
vn 0.3682207 -0.6529119 0.6619059
vn 0.12551415 -0.9212055 -0.36733282
vn 0.26200762 -0.44537032 0.8557755
vn 0.63671494 -0.7275549 -0.25394046
vn -0.34678596 -0.5959095 0.7240863
vn 0.771413 -0.61114424 -0.17726949
vn -0.5232385 -0.7824927 0.33753026
vn 0.43394572 -0.5722203 -0.6958844
vn -0.5795914 -0.73243535 -0.35722867
vn 0.6248223 0.64734143 -0.43651563
vn -0.34232265 0.45288858 -0.8232296
vn -0.08442414 -0.7550332 -0.65022844
vn 0.85571486 -0.4340927 -0.28162998
vn 0.037244946 0.897282 0.4398836
vn 0.23476633 0.7673479 0.5967091
vn 0.48781052 -0.4178376 0.76645446
vn 0.3682207 -0.6529119 0.6619059
vn 0.12551415 -0.9212055 -0.36733282
vn -0.2320874 0.7574784 -0.60971373
vn 0.27930173 0.81694025 -0.50373685
vn 0.63671494 -0.7275549 -0.25394046
vn 0.46324134 0.7834387 -0.41428408
vn 0.771413 -0.61114424 -0.17726949
vn 0.20951918 0.46910876 -0.857927
vn 0.43394572 -0.5722203 -0.6958844
vn -0.5795914 -0.73243535 -0.35722867
vn -0.8033432 0.29826453 -0.5154396
vn -0.08442414 -0.7550332 -0.65022844
vn -0.34232265 0.45288858 -0.8232296
vn -0.2320874 0.7574784 -0.60971373
vn 0.12551415 -0.9212055 -0.36733282
vn 0.012547985 0.7255923 0.68748397
vn 0.26200762 -0.44537032 0.8557755
vn -0.34678596 -0.5959095 0.7240863
vn -0.606949 0.59141105 0.5305261
vn -0.5232385 -0.7824927 0.33753026
vn -0.82598305 0.5522819 0.11285666
vn -0.82598305 0.5522819 0.11285666
vn -0.5232385 -0.7824927 0.33753026
vn -0.5795914 -0.73243535 -0.35722867
vn -0.8033432 0.29826453 -0.5154396
vn -0.24858265 -0.90130025 -0.3547738
vn -0.57862943 -0.3090245 -0.75477916
vn -0.7640094 -0.4713503 -0.4405887
vn -0.52008444 -0.7026813 -0.48554185
vn 0.09232431 0.37224153 0.92353255
vn -0.92385197 -0.3259685 0.20060408
vn -0.67060417 0.6442069 0.3678144
vn -0.113677904 -0.33524925 0.93524605
vn 0.25289905 -0.73196036 0.63267374
vn -0.40403768 -0.9104582 0.08842619
vn -0.67060417 0.6442069 0.3678144
vn -0.6005045 -0.15415469 -0.78462124
vn -0.35102788 0.7550996 -0.5537182
vn -0.92385197 -0.3259685 0.20060408
vn -0.40403768 -0.9104582 0.08842619
vn -0.17270508 -0.7241376 -0.6676806
vn -0.35102788 0.7550996 -0.5537182
vn 0.49216557 -0.023837902 -0.8701751
vn 0.6119439 0.5502049 -0.5681542
vn -0.6005045 -0.15415469 -0.78462124
vn -0.17270508 -0.7241376 -0.6676806
vn 0.646545 -0.39822325 -0.6506902
vn 0.884559 0.31497908 0.34401116
vn -0.113677904 -0.33524925 0.93524605
vn 0.09232431 0.37224153 0.92353255
vn 0.94402725 -0.05854135 0.32463112
vn 0.6119439 0.5502049 -0.5681542
vn 0.49216557 -0.023837902 -0.8701751
vn 0.646545 -0.39822325 -0.6506902
vn 0.9062648 -0.38220206 0.18057033
vn 0.25289905 -0.73196036 0.63267374
vn -0.67060417 0.6442069 0.3678144
vn -0.35102788 0.7550996 -0.5537182
vn 0.6119439 0.5502049 -0.5681542
vn 0.884559 0.31497908 0.34401116
vn 0.09232431 0.37224153 0.92353255
vn 0.9062648 -0.38220206 0.18057033
vn 0.646545 -0.39822325 -0.6506902
vn -0.17270508 -0.7241376 -0.6676806
vn -0.40403768 -0.9104582 0.08842619
vn 0.25289905 -0.73196036 0.63267374
vn 0.61868906 0.69579697 -0.36481544
vn -0.26260257 0.8814409 0.39255765
vn -0.89595956 0.33896387 -0.28698364
vn 0.06799042 0.20433201 -0.97653747
vn 0.06799042 0.20433201 -0.97653747
vn -0.89595956 0.33896387 -0.28698364
vn -0.77911377 -0.6257993 -0.036832243
vn 0.16936308 -0.630604 -0.7573996
vn 0.16936308 -0.630604 -0.7573996
vn -0.77911377 -0.6257993 -0.036832243
vn -0.1095815 -0.6403187 0.7602523
vn 0.7529634 -0.6557171 -0.055505753
vn 0.7529634 -0.6557171 -0.055505753
vn -0.1095815 -0.6403187 0.7602523
vn 0.13926437 0.21007322 0.96771616
vn 0.99059343 0.10580767 0.086770505
vn -0.26260257 0.8814409 0.39255765
vn 0.61868906 0.69579697 -0.36481544
vn 0.16936308 -0.630604 -0.7573996
vn 0.7529634 -0.6557171 -0.055505753
vn 0.99059343 0.10580767 0.086770505
vn 0.06799042 0.20433201 -0.97653747
vn 0.61868906 0.69579697 -0.36481544
vn -0.25882247 0.23003353 0.93813396
vn -0.1688729 -0.4095356 0.8965279
vn 0.7154269 -0.66570795 0.096645415
vn 0.5183641 0.079732224 0.84493434
vn -0.64977956 0.38481292 0.65551895
vn 0.7019209 0.5934537 -0.24125166
vn -0.37225723 0.71655196 0.5522664
vn 0.4069474 0.7285535 0.4506658
vn -0.26752126 0.88721037 -0.13921882
vn -0.9287324 -0.3694197 -0.03138271
vn -0.9169756 0.32319662 0.233879
vn -0.8170771 0.28870022 -0.49333698
vn -0.13628712 -0.5824476 -0.76750654
vn -0.2957555 0.6547315 -0.6834444
vn 0.30835617 0.5795688 -0.71788454
vn -0.1688729 -0.4095356 0.8965279
vn -0.9287324 -0.3694197 -0.03138271
vn -0.13628712 -0.5824476 -0.76750654
vn 0.7154269 -0.66570795 0.096645415
vn 0.30835617 0.5795688 -0.71788454
vn 0.7019209 0.5934537 -0.24125166
vn -0.9169756 0.32319662 0.233879
vn -0.64977956 0.38481292 0.65551895
vn -0.37225723 0.71655196 0.5522664
vn -0.8170771 0.28870022 -0.49333698
vn -0.8170771 0.28870022 -0.49333698
vn -0.37225723 0.71655196 0.5522664
vn -0.26752126 0.88721037 -0.13921882
vn -0.2957555 0.6547315 -0.6834444
vn 0.3774174 0.4835867 -0.77358896
vn -0.43144888 0.535092 -0.7235448
vn -0.6547578 -0.09833812 -0.7494142
vn 0.52102935 -0.02343858 -0.8532169
vn -0.5504372 -0.39183116 -0.7372158
vn 0.4972434 0.0013901386 -0.8676099
vn -0.01866594 -0.7628181 -0.64634377
vn 0.63003695 -0.3027338 -0.71512645
vn -0.5504372 -0.39183116 -0.7372158
vn -0.14239715 -0.9679059 0.2070779
vn -0.01866594 -0.7628181 -0.64634377
vn -0.6557702 -0.6121635 0.4418388
vn -0.6547578 -0.09833812 -0.7494142
vn -0.8817061 -0.049799122 0.46916366
vn -0.43144888 0.535092 -0.7235448
vn -0.310486 0.8768845 -0.012024477
vn 0.76247716 0.6099976 0.08930209
vn 0.3774174 0.4835867 -0.77358896
vn 0.52102935 -0.02343858 -0.8532169
vn 0.92522097 0.14143348 0.35208318
vn 0.4972434 0.0013901386 -0.8676099
vn 0.91303134 0.06699399 0.40234995
vn 0.63003695 -0.3027338 -0.71512645
vn 0.9420629 -0.28084823 0.1834164
vn 0.23236878 0.80784 0.48908612
vn 0.76247716 0.6099976 0.08930209
vn 0.92522097 0.14143348 0.35208318
vn 0.13686085 0.17198254 0.974375
vn -0.310486 0.8768845 -0.012024477
vn 0.91303134 0.06699399 0.40234995
vn -0.8817061 -0.049799122 0.46916366
vn 0.26020727 -0.18852925 0.9469681
vn 0.9420629 -0.28084823 0.1834164
vn -0.6557702 -0.6121635 0.4418388
vn 0.5303598 -0.6212596 0.5768489
vn -0.14239715 -0.9679059 0.2070779
vn 0.63003695 -0.3027338 -0.71512645
vn -0.01866594 -0.7628181 -0.64634377
vn -0.14239715 -0.9679059 0.2070779
vn 0.9420629 -0.28084823 0.1834164
vn 0.5303598 -0.6212596 0.5768489
vn -0.5087661 -0.26100004 -0.8203876
vn -0.13599169 -0.9853244 0.10316084
vn -0.14665136 -0.6890302 -0.7097399
vn -0.2755997 -0.9412886 0.19498919
vn -0.6397862 -0.63565433 0.43199223
vn -0.9529896 -0.03864632 -0.30052856
vn -0.09524673 -0.02136739 0.99522436
vn 0.017362267 0.80640864 0.59110385
vn -0.5471864 0.795036 -0.26173398
vn 0.8322758 0.5412216 0.11998421
vn 0.20809415 0.52864784 -0.8229389
vn 0.47077566 -0.28717953 -0.83420515
vn 0.9552907 -0.27741945 -0.10226551
vn 0.5595386 -0.23947957 0.79345185
vn 0.60442936 -0.6738956 0.42488775
vn -0.9529896 -0.03864632 -0.30052856
vn 0.20809415 0.52864784 -0.8229389
vn -0.5471864 0.795036 -0.26173398
vn -0.5087661 -0.26100004 -0.8203876
vn -0.14665136 -0.6890302 -0.7097399
vn 0.47077566 -0.28717953 -0.83420515
vn 0.47077566 -0.28717953 -0.83420515
vn -0.14665136 -0.6890302 -0.7097399
vn -0.13599169 -0.9853244 0.10316084
vn 0.9552907 -0.27741945 -0.10226551
vn 0.60442936 -0.6738956 0.42488775
vn -0.5471864 0.795036 -0.26173398
vn 0.20809415 0.52864784 -0.8229389
vn 0.8322758 0.5412216 0.11998421
vn 0.017362267 0.80640864 0.59110385
vn -0.2755997 -0.9412886 0.19498919
vn 0.60442936 -0.6738956 0.42488775
vn -0.13599169 -0.9853244 0.10316084
vn 0.5595386 -0.23947957 0.79345185
vn -0.09524673 -0.02136739 0.99522436
vn -0.6397862 -0.63565433 0.43199223
vn 0.017362267 0.80640864 0.59110385
vn 0.8322758 0.5412216 0.11998421
vn 0.28181136 -0.35643736 0.8908056
vn 0.34591967 -0.09299427 0.9336441
vn 0.93502986 -0.34521043 -0.08092472
vn 0.00932911 0.5112591 0.8593758
vn 0.80585086 -0.59168893 0.022550195
vn 0.39431936 0.52663034 0.7531085
vn 0.916903 0.39575693 -0.05162701
vn 0.25901926 0.96512526 0.03797473
vn 0.8080544 0.24091572 -0.53759426
vn 0.7201171 0.5870566 0.36985895
vn 0.1818508 0.8162084 -0.23251815
vn 0.23878226 0.82365924 -0.10792206
vn -0.2591143 0.733177 0.5696124
vn 0.21492314 0.68430924 -0.6370761
vn -0.4293642 0.6514773 0.5216788
vn 0.36155206 0.59823 -0.6885605
vn -0.79362255 0.5427775 0.19064024
vn -0.38170606 0.5869385 -0.62663877
vn -0.7535267 0.5364949 -0.12532324
vn -0.4388053 0.52228624 -0.6942738
vn -0.77911377 -0.6257993 -0.036832243
vn -0.89595956 0.33896387 -0.28698364
vn -0.9169756 0.32319662 0.233879
vn -0.9287324 -0.3694197 -0.03138271
vn -0.64977956 0.38481292 0.65551895
vn -0.1095815 -0.6403187 0.7602523
vn -0.26260257 0.8814409 0.39255765
vn -0.1688729 -0.4095356 0.8965279
vn -0.25882247 0.23003353 0.93813396
vn 0.13926437 0.21007322 0.96771616
vn -0.26752126 0.88721037 -0.13921882
vn 0.23236878 0.80784 0.48908612
vn -0.310486 0.8768845 -0.012024477
vn -0.2957555 0.6547315 -0.6834444
vn 0.4069474 0.7285535 0.4506658
vn -0.43144888 0.535092 -0.7235448
vn 0.76247716 0.6099976 0.08930209
vn 0.30835617 0.5795688 -0.71788454
vn 0.7019209 0.5934537 -0.24125166
vn 0.3774174 0.4835867 -0.77358896
g 0.3333_0
f 3/3/3 2/2/2 1/1/1
f 6/6/6 5/5/5 4/4/4
f 9/9/9 8/8/8 7/7/7
f 10/10/10 9/9/9 7/7/7
f 11/11/11 9/9/9 10/10/10
f 10/10/10 7/7/7 12/12/12
f 13/13/13 11/11/11 10/10/10
f 14/14/14 10/10/10 12/12/12
f 13/13/13 10/10/10 14/14/14
f 12/12/12 15/15/15 14/14/14
f 16/16/16 13/13/13 14/14/14
f 15/15/15 17/17/17 14/14/14
f 14/14/14 17/17/17 16/16/16
f 15/15/15 18/18/18 17/17/17
f 17/17/17 19/19/19 16/16/16
f 18/18/18 20/20/20 17/17/17
f 17/17/17 20/20/20 19/19/19
f 20/20/20 21/21/21 19/19/19
f 24/24/24 23/23/23 22/22/22
f 25/25/25 24/24/24 22/22/22
f 22/22/22 26/26/26 25/25/25
f 26/26/26 27/27/27 25/25/25
f 26/26/26 28/28/28 27/27/27
f 28/28/28 29/29/29 27/27/27
f 28/28/28 30/30/30 29/29/29
f 28/28/28 31/31/31 30/30/30
f 30/30/30 32/32/32 29/29/29
f 31/31/31 33/33/33 30/30/30
f 30/30/30 34/34/34 32/32/32
f 30/30/30 33/33/33 34/34/34
f 34/34/34 35/35/35 32/32/32
f 34/34/34 36/36/36 35/35/35
f 36/36/36 37/37/37 35/35/35
f 33/33/33 38/38/38 34/34/34
f 39/39/39 38/38/38 33/33/33
f 40/40/40 39/39/39 33/33/33
f 40/40/40 33/33/33 41/41/41
f 44/44/44 43/43/43 42/42/42
f 43/43/43 45/45/45 42/42/42
f 42/42/42 45/45/45 46/46/46
f 45/45/45 47/47/47 46/46/46
f 47/47/47 45/45/45 48/48/48
f 49/49/49 47/47/47 48/48/48
f 46/46/46 47/47/47 49/49/49
f 50/50/50 46/46/46 49/49/49
f 53/53/53 52/52/52 51/51/51
f 52/52/52 54/54/54 51/51/51
f 51/51/51 54/54/54 55/55/55
f 54/54/54 56/56/56 55/55/55
f 59/59/59 58/58/58 57/57/57
f 60/60/60 59/59/59 57/57/57
f 60/60/60 57/57/57 61/61/61
f 62/62/62 60/60/60 61/61/61
f 62/62/62 61/61/61 63/63/63
f 64/64/64 62/62/62 63/63/63
f 64/64/64 63/63/63 65/65/65
f 66/66/66 64/64/64 65/65/65
f 66/66/66 65/65/65 67/67/67
f 68/68/68 66/66/66 67/67/67
f 67/67/67 69/69/69 68/68/68
f 69/69/69 70/70/70 68/68/68
f 73/73/73 72/72/72 71/71/71
f 74/74/74 73/73/73 71/71/71
f 75/75/75 73/73/73 74/74/74
f 76/76/76 75/75/75 74/74/74
f 74/74/74 77/77/77 76/76/76
f 77/77/77 78/78/78 76/76/76
f 78/78/78 77/77/77 79/79/79
f 80/80/80 78/78/78 79/79/79
f 83/83/83 82/82/82 81/81/81
f 82/82/82 84/84/84 81/81/81
f 84/84/84 82/82/82 85/85/85
f 86/86/86 84/84/84 85/85/85
f 86/86/86 85/85/85 87/87/87
f 88/88/88 86/86/86 87/87/87
f 88/88/88 87/87/87 89/89/89
f 90/90/90 88/88/88 89/89/89
f 93/93/93 92/92/92 91/91/91
f 92/92/92 94/94/94 91/91/91
f 92/92/92 95/95/95 94/94/94
f 95/95/95 96/96/96 94/94/94
f 99/99/99 98/98/98 97/97/97
f 98/98/98 100/100/100 97/97/97
f 97/97/97 100/100/100 101/101/101
f 100/100/100 102/102/102 101/101/101
f 97/97/97 101/101/101 103/103/103
f 101/101/101 104/104/104 103/103/103
f 107/107/107 106/106/106 105/105/105
f 108/108/108 107/107/107 105/105/105
f 111/111/111 110/110/110 109/109/109
f 110/110/110 112/112/112 109/109/109
f 110/110/110 113/113/113 112/112/112
f 113/113/113 114/114/114 112/112/112
f 117/117/117 116/116/116 115/115/115
f 116/116/116 118/118/118 115/115/115
f 115/115/115 118/118/118 119/119/119
f 118/118/118 120/120/120 119/119/119
f 123/123/123 122/122/122 121/121/121
f 124/124/124 123/123/123 121/121/121
f 127/127/127 126/126/126 125/125/125
f 128/128/128 127/127/127 125/125/125
f 131/131/131 130/130/130 129/129/129
f 132/132/132 131/131/131 129/129/129
f 132/132/132 133/133/133 131/131/131
f 133/133/133 134/134/134 131/131/131
f 137/137/137 136/136/136 135/135/135
f 138/138/138 137/137/137 135/135/135
f 141/141/141 140/140/140 139/139/139
f 142/142/142 141/141/141 139/139/139
f 142/142/142 139/139/139 143/143/143
f 139/139/139 144/144/144 143/143/143
f 147/147/147 146/146/146 145/145/145
f 148/148/148 147/147/147 145/145/145
f 151/151/151 150/150/150 149/149/149
f 152/152/152 151/151/151 149/149/149
f 152/152/152 153/153/153 151/151/151
f 153/153/153 154/154/154 151/151/151
f 157/157/157 156/156/156 155/155/155
f 158/158/158 157/157/157 155/155/155
f 161/161/161 160/160/160 159/159/159
f 162/162/162 161/161/161 159/159/159
f 165/165/165 164/164/164 163/163/163
f 166/166/166 165/165/165 163/163/163
f 166/166/166 167/167/167 165/165/165
f 167/167/167 168/168/168 165/165/165
f 171/171/171 170/170/170 169/169/169
f 172/172/172 171/171/171 169/169/169
f 172/172/172 173/173/173 171/171/171
f 173/173/173 174/174/174 171/171/171
f 177/177/177 176/176/176 175/175/175
f 178/178/178 177/177/177 175/175/175
f 178/178/178 175/175/175 179/179/179
f 175/175/175 180/180/180 179/179/179
f 183/183/183 182/182/182 181/181/181
f 184/184/184 183/183/183 181/181/181
f 184/184/184 185/185/185 183/183/183
f 185/185/185 186/186/186 183/183/183
f 189/189/189 188/188/188 187/187/187
f 190/190/190 189/189/189 187/187/187
f 190/190/190 191/191/191 189/189/189
f 191/191/191 192/192/192 189/189/189
f 191/191/191 193/193/193 192/192/192
f 193/193/193 194/194/194 192/192/192
f 193/193/193 195/195/195 194/194/194
f 195/195/195 196/196/196 194/194/194
f 199/199/199 198/198/198 197/197/197
f 200/200/200 199/199/199 197/197/197
f 203/203/203 202/202/202 201/201/201
f 204/204/204 203/203/203 201/201/201
f 207/207/207 206/206/206 205/205/205
f 208/208/208 207/207/207 205/205/205
f 208/208/208 205/205/205 209/209/209
f 210/210/210 208/208/208 209/209/209
f 210/210/210 209/209/209 211/211/211
f 212/212/212 210/210/210 211/211/211
f 212/212/212 211/211/211 213/213/213
f 211/211/211 214/214/214 213/213/213
f 217/217/217 216/216/216 215/215/215
f 218/218/218 217/217/217 215/215/215
f 221/221/221 220/220/220 219/219/219
f 222/222/222 221/221/221 219/219/219
f 225/225/225 224/224/224 223/223/223
f 226/226/226 225/225/225 223/223/223
f 229/229/229 228/228/228 227/227/227
f 230/230/230 229/229/229 227/227/227
f 233/233/233 232/232/232 231/231/231
f 232/232/232 234/234/234 231/231/231
f 232/232/232 235/235/235 234/234/234
f 235/235/235 236/236/236 234/234/234
f 235/235/235 237/237/237 236/236/236
f 237/237/237 238/238/238 236/236/236
f 237/237/237 239/239/239 238/238/238
f 239/239/239 240/240/240 238/238/238
f 239/239/239 241/241/241 240/240/240
f 241/241/241 242/242/242 240/240/240
f 245/245/245 244/244/244 243/243/243
f 246/246/246 245/245/245 243/243/243
f 249/249/249 248/248/248 247/247/247
f 250/250/250 249/249/249 247/247/247
f 247/247/247 251/251/251 250/250/250
f 251/251/251 252/252/252 250/250/250
f 251/251/251 253/253/253 252/252/252
f 253/253/253 254/254/254 252/252/252
f 253/253/253 255/255/255 254/254/254
f 255/255/255 256/256/256 254/254/254
f 255/255/255 257/257/257 256/256/256
f 257/257/257 258/258/258 256/256/256
f 261/261/261 260/260/260 259/259/259
f 262/262/262 261/261/261 259/259/259
f 265/265/265 264/264/264 263/263/263
f 266/266/266 265/265/265 263/263/263
f 269/269/269 268/268/268 267/267/267
f 268/268/268 270/270/270 267/267/267
f 268/268/268 271/271/271 270/270/270
f 271/271/271 272/272/272 270/270/270
f 271/271/271 273/273/273 272/272/272
f 273/273/273 274/274/274 272/272/272
f 275/275/275 274/274/274 273/273/273
f 276/276/276 275/275/275 273/273/273
f 279/279/279 278/278/278 277/277/277
f 280/280/280 279/279/279 277/277/277
f 283/283/283 282/282/282 281/281/281
f 282/282/282 284/284/284 281/281/281
f 282/282/282 285/285/285 284/284/284
f 285/285/285 286/286/286 284/284/284
f 289/289/289 288/288/288 287/287/287
f 290/290/290 289/289/289 287/287/287
f 293/293/293 292/292/292 291/291/291
f 294/294/294 293/293/293 291/291/291
f 297/297/297 296/296/296 295/295/295
f 296/296/296 298/298/298 295/295/295
f 296/296/296 299/299/299 298/298/298
f 299/299/299 300/300/300 298/298/298
f 299/299/299 301/301/301 300/300/300
f 301/301/301 302/302/302 300/300/300
f 301/301/301 303/303/303 302/302/302
f 303/303/303 304/304/304 302/302/302
f 303/303/303 305/305/305 304/304/304
f 305/305/305 306/306/306 304/304/304
f 309/309/309 308/308/308 307/307/307
f 310/310/310 309/309/309 307/307/307
f 313/313/313 312/312/312 311/311/311
f 314/314/314 313/313/313 311/311/311
f 311/311/311 315/315/315 314/314/314
f 315/315/315 316/316/316 314/314/314
f 315/315/315 317/317/317 316/316/316
f 317/317/317 318/318/318 316/316/316
f 317/317/317 319/319/319 318/318/318
f 319/319/319 320/320/320 318/318/318
f 319/319/319 321/321/321 320/320/320
f 321/321/321 322/322/322 320/320/320
f 325/325/325 324/324/324 323/323/323
f 326/326/326 325/325/325 323/323/323
f 329/329/329 328/328/328 327/327/327
f 330/330/330 329/329/329 327/327/327
f 333/333/333 332/332/332 331/331/331
f 332/332/332 334/334/334 331/331/331
f 332/332/332 335/335/335 334/334/334
f 335/335/335 336/336/336 334/334/334
f 335/335/335 337/337/337 336/336/336
f 337/337/337 338/338/338 336/336/336
f 339/339/339 338/338/338 337/337/337
f 340/340/340 339/339/339 337/337/337
f 343/343/343 342/342/342 341/341/341
f 344/344/344 343/343/343 341/341/341
f 347/347/347 346/346/346 345/345/345
f 346/346/346 348/348/348 345/345/345
f 346/346/346 349/349/349 348/348/348
f 349/349/349 350/350/350 348/348/348
f 353/353/353 352/352/352 351/351/351
f 354/354/354 353/353/353 351/351/351
f 357/357/357 356/356/356 355/355/355
f 358/358/358 357/357/357 355/355/355
f 361/361/361 360/360/360 359/359/359
f 360/360/360 362/362/362 359/359/359
f 360/360/360 363/363/363 362/362/362
f 363/363/363 364/364/364 362/362/362
f 363/363/363 365/365/365 364/364/364
f 365/365/365 366/366/366 364/364/364
f 365/365/365 367/367/367 366/366/366
f 367/367/367 368/368/368 366/366/366
f 367/367/367 369/369/369 368/368/368
f 369/369/369 370/370/370 368/368/368
f 373/373/373 372/372/372 371/371/371
f 374/374/374 373/373/373 371/371/371
f 377/377/377 376/376/376 375/375/375
f 378/378/378 377/377/377 375/375/375
f 375/375/375 379/379/379 378/378/378
f 379/379/379 380/380/380 378/378/378
f 379/379/379 381/381/381 380/380/380
f 381/381/381 382/382/382 380/380/380
f 381/381/381 383/383/383 382/382/382
f 383/383/383 384/384/384 382/382/382
f 383/383/383 385/385/385 384/384/384
f 385/385/385 386/386/386 384/384/384
f 389/389/389 388/388/388 387/387/387
f 390/390/390 389/389/389 387/387/387
f 393/393/393 392/392/392 391/391/391
f 394/394/394 393/393/393 391/391/391
f 397/397/397 396/396/396 395/395/395
f 396/396/396 398/398/398 395/395/395
f 396/396/396 399/399/399 398/398/398
f 399/399/399 400/400/400 398/398/398
f 399/399/399 401/401/401 400/400/400
f 401/401/401 402/402/402 400/400/400
f 403/403/403 402/402/402 401/401/401
f 404/404/404 403/403/403 401/401/401
f 407/407/407 406/406/406 405/405/405
f 408/408/408 407/407/407 405/405/405
f 411/411/411 410/410/410 409/409/409
f 410/410/410 412/412/412 409/409/409
f 410/410/410 413/413/413 412/412/412
f 413/413/413 414/414/414 412/412/412
f 417/417/417 416/416/416 415/415/415
f 418/418/418 417/417/417 415/415/415
f 421/421/421 420/420/420 419/419/419
f 422/422/422 421/421/421 419/419/419
f 425/425/425 424/424/424 423/423/423
f 424/424/424 426/426/426 423/423/423
f 424/424/424 427/427/427 426/426/426
f 427/427/427 428/428/428 426/426/426
f 427/427/427 429/429/429 428/428/428
f 429/429/429 430/430/430 428/428/428
f 429/429/429 431/431/431 430/430/430
f 431/431/431 432/432/432 430/430/430
f 431/431/431 433/433/433 432/432/432
f 433/433/433 434/434/434 432/432/432
f 437/437/437 436/436/436 435/435/435
f 438/438/438 437/437/437 435/435/435
f 441/441/441 440/440/440 439/439/439
f 442/442/442 441/441/441 439/439/439
f 439/439/439 443/443/443 442/442/442
f 443/443/443 444/444/444 442/442/442
f 443/443/443 445/445/445 444/444/444
f 445/445/445 446/446/446 444/444/444
f 445/445/445 447/447/447 446/446/446
f 447/447/447 448/448/448 446/446/446
f 447/447/447 449/449/449 448/448/448
f 449/449/449 450/450/450 448/448/448
f 453/453/453 452/452/452 451/451/451
f 454/454/454 453/453/453 451/451/451
f 457/457/457 456/456/456 455/455/455
f 458/458/458 457/457/457 455/455/455
f 461/461/461 460/460/460 459/459/459
f 460/460/460 462/462/462 459/459/459
f 460/460/460 463/463/463 462/462/462
f 463/463/463 464/464/464 462/462/462
f 463/463/463 465/465/465 464/464/464
f 465/465/465 466/466/466 464/464/464
f 467/467/467 466/466/466 465/465/465
f 468/468/468 467/467/467 465/465/465
f 471/471/471 470/470/470 469/469/469
f 472/472/472 471/471/471 469/469/469
f 475/475/475 474/474/474 473/473/473
f 474/474/474 476/476/476 473/473/473
f 474/474/474 477/477/477 476/476/476
f 477/477/477 478/478/478 476/476/476
f 481/481/481 480/480/480 479/479/479
f 482/482/482 481/481/481 479/479/479
f 485/485/485 484/484/484 483/483/483
f 486/486/486 485/485/485 483/483/483
f 489/489/489 488/488/488 487/487/487
f 490/490/490 489/489/489 487/487/487
f 490/490/490 491/491/491 489/489/489
f 491/491/491 492/492/492 489/489/489
f 495/495/495 494/494/494 493/493/493
f 496/496/496 495/495/495 493/493/493
f 496/496/496 497/497/497 495/495/495
f 497/497/497 498/498/498 495/495/495
f 501/501/501 500/500/500 499/499/499
f 502/502/502 501/501/501 499/499/499
f 502/502/502 503/503/503 501/501/501
f 503/503/503 504/504/504 501/501/501
f 507/507/507 506/506/506 505/505/505
f 508/508/508 507/507/507 505/505/505
f 508/508/508 505/505/505 509/509/509
f 510/510/510 508/508/508 509/509/509
f 510/510/510 511/511/511 508/508/508
f 511/511/511 512/512/512 508/508/508
f 508/508/508 512/512/512 507/507/507
f 512/512/512 513/513/513 507/507/507
f 516/516/516 515/515/515 514/514/514
f 514/514/514 517/517/517 516/516/516
f 514/514/514 518/518/518 517/517/517
f 521/521/521 520/520/520 519/519/519
f 519/519/519 522/522/522 521/521/521
f 519/519/519 523/523/523 522/522/522
f 526/526/526 525/525/525 524/524/524
f 527/527/527 526/526/526 524/524/524
f 530/530/530 529/529/529 528/528/528
f 531/531/531 530/530/530 528/528/528
f 534/534/534 533/533/533 532/532/532
f 535/535/535 534/534/534 532/532/532
f 538/538/538 537/537/537 536/536/536
f 537/537/537 539/539/539 536/536/536
f 537/537/537 540/540/540 539/539/539
f 540/540/540 541/541/541 539/539/539
f 544/544/544 543/543/543 542/542/542
f 542/542/542 545/545/545 544/544/544
f 542/542/542 546/546/546 545/545/545
f 549/549/549 548/548/548 547/547/547
f 548/548/548 550/550/550 547/547/547
f 547/547/547 550/550/550 551/551/551
f 548/548/548 552/552/552 550/550/550
f 550/550/550 553/553/553 551/551/551
f 552/552/552 554/554/554 550/550/550
f 550/550/550 554/554/554 553/553/553
f 554/554/554 555/555/555 553/553/553
f 558/558/558 557/557/557 556/556/556
f 557/557/557 559/559/559 556/556/556
f 557/557/557 560/560/560 559/559/559
f 560/560/560 561/561/561 559/559/559
f 564/564/564 563/563/563 562/562/562
f 563/563/563 565/565/565 562/562/562
f 563/563/563 566/566/566 565/565/565
f 566/566/566 567/567/567 565/565/565
f 570/570/570 569/569/569 568/568/568
f 571/571/571 570/570/570 568/568/568
f 574/574/574 573/573/573 572/572/572
f 575/575/575 574/574/574 572/572/572
f 578/578/578 577/577/577 576/576/576
f 577/577/577 579/579/579 576/576/576
f 577/577/577 580/580/580 579/579/579
f 580/580/580 581/581/581 579/579/579
f 580/580/580 582/582/582 581/581/581
f 582/582/582 583/583/583 581/581/581
f 586/586/586 585/585/585 584/584/584
f 587/587/587 586/586/586 584/584/584
f 587/587/587 584/584/584 588/588/588
f 589/589/589 587/587/587 588/588/588
f 589/589/589 588/588/588 590/590/590
f 591/591/591 589/589/589 590/590/590
f 594/594/594 593/593/593 592/592/592
f 593/593/593 595/595/595 592/592/592
f 593/593/593 596/596/596 595/595/595
f 596/596/596 597/597/597 595/595/595
f 596/596/596 598/598/598 597/597/597
f 598/598/598 599/599/599 597/597/597
f 602/602/602 601/601/601 600/600/600
f 601/601/601 603/603/603 600/600/600
f 600/600/600 603/603/603 604/604/604
f 601/601/601 605/605/605 603/603/603
f 603/603/603 606/606/606 604/604/604
f 605/605/605 607/607/607 603/603/603
f 603/603/603 607/607/607 606/606/606
f 605/605/605 608/608/608 607/607/607
f 607/607/607 609/609/609 606/606/606
f 608/608/608 610/610/610 607/607/607
f 607/607/607 610/610/610 609/609/609
f 610/610/610 611/611/611 609/609/609
f 614/614/614 613/613/613 612/612/612
f 612/612/612 615/615/615 614/614/614
f 612/612/612 616/616/616 615/615/615
f 619/619/619 618/618/618 617/617/617
f 620/620/620 619/619/619 617/617/617
f 620/620/620 617/617/617 621/621/621
f 617/617/617 622/622/622 621/621/621
f 623/623/623 621/621/621 622/622/622
f 622/622/622 624/624/624 623/623/623
f 624/624/624 625/625/625 623/623/623
f 628/628/628 627/627/627 626/626/626
f 627/627/627 629/629/629 626/626/626
f 626/626/626 629/629/629 630/630/630
f 629/629/629 631/631/631 630/630/630
f 634/634/634 633/633/633 632/632/632
f 635/635/635 634/634/634 632/632/632
f 635/635/635 636/636/636 634/634/634
f 636/636/636 637/637/637 634/634/634
f 640/640/640 639/639/639 638/638/638
f 638/638/638 641/641/641 640/640/640
f 638/638/638 642/642/642 641/641/641
f 645/645/645 644/644/644 643/643/643
f 646/646/646 645/645/645 643/643/643
f 649/649/649 648/648/648 647/647/647
f 650/650/650 649/649/649 647/647/647
f 650/650/650 647/647/647 651/651/651
f 647/647/647 652/652/652 651/651/651
f 650/650/650 651/651/651 653/653/653
f 654/654/654 650/650/650 653/653/653
f 657/657/657 656/656/656 655/655/655
f 656/656/656 658/658/658 655/655/655
f 656/656/656 659/659/659 658/658/658
f 655/655/655 658/658/658 660/660/660
f 659/659/659 661/661/661 658/658/658
f 658/658/658 662/662/662 660/660/660
f 658/658/658 661/661/661 662/662/662
f 663/663/663 660/660/660 662/662/662
f 661/661/661 664/664/664 662/662/662
f 665/665/665 663/663/663 662/662/662
f 665/665/665 662/662/662 664/664/664
f 666/666/666 663/663/663 665/665/665
f 667/667/667 665/665/665 664/664/664
f 668/668/668 666/666/666 665/665/665
f 668/668/668 665/665/665 667/667/667
f 669/669/669 668/668/668 667/667/667
f 672/672/672 671/671/671 670/670/670
f 671/671/671 673/673/673 670/670/670
f 674/674/674 670/670/670 673/673/673
f 675/675/675 674/674/674 673/673/673
f 676/676/676 674/674/674 675/675/675
f 677/677/677 676/676/676 675/675/675
f 678/678/678 676/676/676 677/677/677
f 679/679/679 676/676/676 678/678/678
f 680/680/680 678/678/678 677/677/677
f 681/681/681 679/679/679 678/678/678
f 682/682/682 678/678/678 680/680/680
f 681/681/681 678/678/678 682/682/682
f 683/683/683 682/682/682 680/680/680
f 684/684/684 682/682/682 683/683/683
f 685/685/685 684/684/684 683/683/683
f 686/686/686 681/681/681 682/682/682
f 686/686/686 687/687/687 681/681/681
f 687/687/687 688/688/688 681/681/681
f 681/681/681 688/688/688 689/689/689
f 692/692/692 691/691/691 690/690/690
f 693/693/693 692/692/692 690/690/690
f 693/693/693 690/690/690 694/694/694
f 695/695/695 693/693/693 694/694/694
f 693/693/693 695/695/695 696/696/696
f 695/695/695 697/697/697 696/696/696
f 695/695/695 694/694/694 697/697/697
f 694/694/694 698/698/698 697/697/697
f 701/701/701 700/700/700 699/699/699
f 702/702/702 701/701/701 699/699/699
f 702/702/702 699/699/699 703/703/703
f 704/704/704 702/702/702 703/703/703
f 707/707/707 706/706/706 705/705/705
f 706/706/706 708/708/708 705/705/705
f 705/705/705 708/708/708 709/709/709
f 708/708/708 710/710/710 709/709/709
f 709/709/709 710/710/710 711/711/711
f 710/710/710 712/712/712 711/711/711
f 711/711/711 712/712/712 713/713/713
f 712/712/712 714/714/714 713/713/713
f 713/713/713 714/714/714 715/715/715
f 714/714/714 716/716/716 715/715/715
f 717/717/717 715/715/715 716/716/716
f 718/718/718 717/717/717 716/716/716
f 721/721/721 720/720/720 719/719/719
f 720/720/720 722/722/722 719/719/719
f 720/720/720 723/723/723 722/722/722
f 723/723/723 724/724/724 722/722/722
f 725/725/725 722/722/722 724/724/724
f 726/726/726 725/725/725 724/724/724
f 725/725/725 726/726/726 727/727/727
f 726/726/726 728/728/728 727/727/727
f 731/731/731 730/730/730 729/729/729
f 732/732/732 731/731/731 729/729/729
f 731/731/731 732/732/732 733/733/733
f 732/732/732 734/734/734 733/733/733
f 733/733/733 734/734/734 735/735/735
f 734/734/734 736/736/736 735/735/735
f 735/735/735 736/736/736 737/737/737
f 736/736/736 738/738/738 737/737/737
f 741/741/741 740/740/740 739/739/739
f 742/742/742 741/741/741 739/739/739
f 743/743/743 741/741/741 742/742/742
f 744/744/744 743/743/743 742/742/742
f 747/747/747 746/746/746 745/745/745
f 748/748/748 747/747/747 745/745/745
f 748/748/748 745/745/745 749/749/749
f 750/750/750 748/748/748 749/749/749
f 749/749/749 745/745/745 751/751/751
f 752/752/752 749/749/749 751/751/751
f 755/755/755 754/754/754 753/753/753
f 756/756/756 755/755/755 753/753/753
f 759/759/759 758/758/758 757/757/757
f 760/760/760 759/759/759 757/757/757
f 761/761/761 759/759/759 760/760/760
f 762/762/762 761/761/761 760/760/760
f 765/765/765 764/764/764 763/763/763
f 766/766/766 765/765/765 763/763/763
f 766/766/766 763/763/763 767/767/767
f 768/768/768 766/766/766 767/767/767
f 771/771/771 770/770/770 769/769/769
f 772/772/772 771/771/771 769/769/769
f 775/775/775 774/774/774 773/773/773
f 776/776/776 775/775/775 773/773/773
f 779/779/779 778/778/778 777/777/777
f 778/778/778 780/780/780 777/777/777
f 781/781/781 780/780/780 778/778/778
f 782/782/782 781/781/781 778/778/778
f 785/785/785 784/784/784 783/783/783
f 786/786/786 785/785/785 783/783/783
f 789/789/789 788/788/788 787/787/787
f 788/788/788 790/790/790 787/787/787
f 787/787/787 790/790/790 791/791/791
f 792/792/792 787/787/787 791/791/791
f 795/795/795 794/794/794 793/793/793
f 796/796/796 795/795/795 793/793/793
f 799/799/799 798/798/798 797/797/797
f 798/798/798 800/800/800 797/797/797
f 801/801/801 800/800/800 798/798/798
f 802/802/802 801/801/801 798/798/798
f 805/805/805 804/804/804 803/803/803
f 806/806/806 805/805/805 803/803/803
f 809/809/809 808/808/808 807/807/807
f 810/810/810 809/809/809 807/807/807
f 813/813/813 812/812/812 811/811/811
f 812/812/812 814/814/814 811/811/811
f 815/815/815 814/814/814 812/812/812
f 816/816/816 815/815/815 812/812/812
f 819/819/819 818/818/818 817/817/817
f 818/818/818 820/820/820 817/817/817
f 821/821/821 820/820/820 818/818/818
f 822/822/822 821/821/821 818/818/818
f 825/825/825 824/824/824 823/823/823
f 824/824/824 826/826/826 823/823/823
f 823/823/823 826/826/826 827/827/827
f 828/828/828 823/823/823 827/827/827
f 831/831/831 830/830/830 829/829/829
f 830/830/830 832/832/832 829/829/829
f 833/833/833 832/832/832 830/830/830
f 834/834/834 833/833/833 830/830/830
f 837/837/837 836/836/836 835/835/835
f 836/836/836 838/838/838 835/835/835
f 839/839/839 838/838/838 836/836/836
f 840/840/840 839/839/839 836/836/836
f 841/841/841 839/839/839 840/840/840
f 842/842/842 841/841/841 840/840/840
f 843/843/843 841/841/841 842/842/842
f 844/844/844 843/843/843 842/842/842
f 847/847/847 846/846/846 845/845/845
f 848/848/848 847/847/847 845/845/845
f 851/851/851 850/850/850 849/849/849
f 852/852/852 851/851/851 849/849/849
f 855/855/855 854/854/854 853/853/853
f 854/854/854 856/856/856 853/853/853
f 853/853/853 856/856/856 857/857/857
f 856/856/856 858/858/858 857/857/857
f 857/857/857 858/858/858 859/859/859
f 858/858/858 860/860/860 859/859/859
f 859/859/859 860/860/860 861/861/861
f 862/862/862 859/859/859 861/861/861
f 865/865/865 864/864/864 863/863/863
f 866/866/866 865/865/865 863/863/863
f 869/869/869 868/868/868 867/867/867
f 870/870/870 869/869/869 867/867/867
f 873/873/873 872/872/872 871/871/871
f 874/874/874 873/873/873 871/871/871
f 877/877/877 876/876/876 875/875/875
f 878/878/878 877/877/877 875/875/875
f 881/881/881 880/880/880 879/879/879
f 882/882/882 881/881/881 879/879/879
f 883/883/883 881/881/881 882/882/882
f 884/884/884 883/883/883 882/882/882
f 885/885/885 883/883/883 884/884/884
f 886/886/886 885/885/885 884/884/884
f 887/887/887 885/885/885 886/886/886
f 888/888/888 887/887/887 886/886/886
f 889/889/889 887/887/887 888/888/888
f 890/890/890 889/889/889 888/888/888
f 893/893/893 892/892/892 891/891/891
f 894/894/894 893/893/893 891/891/891
f 897/897/897 896/896/896 895/895/895
f 896/896/896 898/898/898 895/895/895
f 899/899/899 895/895/895 898/898/898
f 900/900/900 899/899/899 898/898/898
f 901/901/901 899/899/899 900/900/900
f 902/902/902 901/901/901 900/900/900
f 903/903/903 901/901/901 902/902/902
f 904/904/904 903/903/903 902/902/902
f 905/905/905 903/903/903 904/904/904
f 906/906/906 905/905/905 904/904/904
f 909/909/909 908/908/908 907/907/907
f 910/910/910 909/909/909 907/907/907
f 913/913/913 912/912/912 911/911/911
f 914/914/914 913/913/913 911/911/911
f 917/917/917 916/916/916 915/915/915
f 918/918/918 917/917/917 915/915/915
f 919/919/919 917/917/917 918/918/918
f 920/920/920 919/919/919 918/918/918
f 921/921/921 919/919/919 920/920/920
f 922/922/922 921/921/921 920/920/920
f 922/922/922 923/923/923 921/921/921
f 923/923/923 924/924/924 921/921/921
f 927/927/927 926/926/926 925/925/925
f 928/928/928 927/927/927 925/925/925
f 931/931/931 930/930/930 929/929/929
f 932/932/932 931/931/931 929/929/929
f 933/933/933 931/931/931 932/932/932
f 934/934/934 933/933/933 932/932/932
f 937/937/937 936/936/936 935/935/935
f 938/938/938 937/937/937 935/935/935
f 941/941/941 940/940/940 939/939/939
f 942/942/942 941/941/941 939/939/939
f 945/945/945 944/944/944 943/943/943
f 946/946/946 945/945/945 943/943/943
f 947/947/947 945/945/945 946/946/946
f 948/948/948 947/947/947 946/946/946
f 949/949/949 947/947/947 948/948/948
f 950/950/950 949/949/949 948/948/948
f 951/951/951 949/949/949 950/950/950
f 952/952/952 951/951/951 950/950/950
f 953/953/953 951/951/951 952/952/952
f 954/954/954 953/953/953 952/952/952
f 957/957/957 956/956/956 955/955/955
f 958/958/958 957/957/957 955/955/955
f 961/961/961 960/960/960 959/959/959
f 960/960/960 962/962/962 959/959/959
f 963/963/963 959/959/959 962/962/962
f 964/964/964 963/963/963 962/962/962
f 965/965/965 963/963/963 964/964/964
f 966/966/966 965/965/965 964/964/964
f 967/967/967 965/965/965 966/966/966
f 968/968/968 967/967/967 966/966/966
f 969/969/969 967/967/967 968/968/968
f 970/970/970 969/969/969 968/968/968
f 973/973/973 972/972/972 971/971/971
f 974/974/974 973/973/973 971/971/971
f 977/977/977 976/976/976 975/975/975
f 978/978/978 977/977/977 975/975/975
f 981/981/981 980/980/980 979/979/979
f 982/982/982 981/981/981 979/979/979
f 983/983/983 981/981/981 982/982/982
f 984/984/984 983/983/983 982/982/982
f 985/985/985 983/983/983 984/984/984
f 986/986/986 985/985/985 984/984/984
f 986/986/986 987/987/987 985/985/985
f 987/987/987 988/988/988 985/985/985
f 991/991/991 990/990/990 989/989/989
f 992/992/992 991/991/991 989/989/989
f 995/995/995 994/994/994 993/993/993
f 996/996/996 995/995/995 993/993/993
f 997/997/997 995/995/995 996/996/996
f 998/998/998 997/997/997 996/996/996
f 1001/1001/1001 1000/1000/1000 999/999/999
f 1002/1002/1002 1001/1001/1001 999/999/999
f 1005/1005/1005 1004/1004/1004 1003/1003/1003
f 1006/1006/1006 1005/1005/1005 1003/1003/1003
f 1009/1009/1009 1008/1008/1008 1007/1007/1007
f 1010/1010/1010 1009/1009/1009 1007/1007/1007
f 1011/1011/1011 1009/1009/1009 1010/1010/1010
f 1012/1012/1012 1011/1011/1011 1010/1010/1010
f 1013/1013/1013 1011/1011/1011 1012/1012/1012
f 1014/1014/1014 1013/1013/1013 1012/1012/1012
f 1015/1015/1015 1013/1013/1013 1014/1014/1014
f 1016/1016/1016 1015/1015/1015 1014/1014/1014
f 1017/1017/1017 1015/1015/1015 1016/1016/1016
f 1018/1018/1018 1017/1017/1017 1016/1016/1016
f 1021/1021/1021 1020/1020/1020 1019/1019/1019
f 1022/1022/1022 1021/1021/1021 1019/1019/1019
f 1025/1025/1025 1024/1024/1024 1023/1023/1023
f 1024/1024/1024 1026/1026/1026 1023/1023/1023
f 1027/1027/1027 1023/1023/1023 1026/1026/1026
f 1028/1028/1028 1027/1027/1027 1026/1026/1026
f 1029/1029/1029 1027/1027/1027 1028/1028/1028
f 1030/1030/1030 1029/1029/1029 1028/1028/1028
f 1031/1031/1031 1029/1029/1029 1030/1030/1030
f 1032/1032/1032 1031/1031/1031 1030/1030/1030
f 1033/1033/1033 1031/1031/1031 1032/1032/1032
f 1034/1034/1034 1033/1033/1033 1032/1032/1032
f 1037/1037/1037 1036/1036/1036 1035/1035/1035
f 1038/1038/1038 1037/1037/1037 1035/1035/1035
f 1041/1041/1041 1040/1040/1040 1039/1039/1039
f 1042/1042/1042 1041/1041/1041 1039/1039/1039
f 1045/1045/1045 1044/1044/1044 1043/1043/1043
f 1046/1046/1046 1045/1045/1045 1043/1043/1043
f 1047/1047/1047 1045/1045/1045 1046/1046/1046
f 1048/1048/1048 1047/1047/1047 1046/1046/1046
f 1049/1049/1049 1047/1047/1047 1048/1048/1048
f 1050/1050/1050 1049/1049/1049 1048/1048/1048
f 1050/1050/1050 1051/1051/1051 1049/1049/1049
f 1051/1051/1051 1052/1052/1052 1049/1049/1049
f 1055/1055/1055 1054/1054/1054 1053/1053/1053
f 1056/1056/1056 1055/1055/1055 1053/1053/1053
f 1059/1059/1059 1058/1058/1058 1057/1057/1057
f 1060/1060/1060 1059/1059/1059 1057/1057/1057
f 1061/1061/1061 1059/1059/1059 1060/1060/1060
f 1062/1062/1062 1061/1061/1061 1060/1060/1060
f 1065/1065/1065 1064/1064/1064 1063/1063/1063
f 1066/1066/1066 1065/1065/1065 1063/1063/1063
f 1069/1069/1069 1068/1068/1068 1067/1067/1067
f 1070/1070/1070 1069/1069/1069 1067/1067/1067
f 1073/1073/1073 1072/1072/1072 1071/1071/1071
f 1074/1074/1074 1073/1073/1073 1071/1071/1071
f 1075/1075/1075 1073/1073/1073 1074/1074/1074
f 1076/1076/1076 1075/1075/1075 1074/1074/1074
f 1077/1077/1077 1075/1075/1075 1076/1076/1076
f 1078/1078/1078 1077/1077/1077 1076/1076/1076
f 1079/1079/1079 1077/1077/1077 1078/1078/1078
f 1080/1080/1080 1079/1079/1079 1078/1078/1078
f 1081/1081/1081 1079/1079/1079 1080/1080/1080
f 1082/1082/1082 1081/1081/1081 1080/1080/1080
f 1085/1085/1085 1084/1084/1084 1083/1083/1083
f 1086/1086/1086 1085/1085/1085 1083/1083/1083
f 1089/1089/1089 1088/1088/1088 1087/1087/1087
f 1088/1088/1088 1090/1090/1090 1087/1087/1087
f 1091/1091/1091 1087/1087/1087 1090/1090/1090
f 1092/1092/1092 1091/1091/1091 1090/1090/1090
f 1093/1093/1093 1091/1091/1091 1092/1092/1092
f 1094/1094/1094 1093/1093/1093 1092/1092/1092
f 1095/1095/1095 1093/1093/1093 1094/1094/1094
f 1096/1096/1096 1095/1095/1095 1094/1094/1094
f 1097/1097/1097 1095/1095/1095 1096/1096/1096
f 1098/1098/1098 1097/1097/1097 1096/1096/1096
f 1101/1101/1101 1100/1100/1100 1099/1099/1099
f 1102/1102/1102 1101/1101/1101 1099/1099/1099
f 1105/1105/1105 1104/1104/1104 1103/1103/1103
f 1106/1106/1106 1105/1105/1105 1103/1103/1103
f 1109/1109/1109 1108/1108/1108 1107/1107/1107
f 1110/1110/1110 1109/1109/1109 1107/1107/1107
f 1111/1111/1111 1109/1109/1109 1110/1110/1110
f 1112/1112/1112 1111/1111/1111 1110/1110/1110
f 1113/1113/1113 1111/1111/1111 1112/1112/1112
f 1114/1114/1114 1113/1113/1113 1112/1112/1112
f 1114/1114/1114 1115/1115/1115 1113/1113/1113
f 1115/1115/1115 1116/1116/1116 1113/1113/1113
f 1119/1119/1119 1118/1118/1118 1117/1117/1117
f 1120/1120/1120 1119/1119/1119 1117/1117/1117
f 1123/1123/1123 1122/1122/1122 1121/1121/1121
f 1124/1124/1124 1123/1123/1123 1121/1121/1121
f 1125/1125/1125 1123/1123/1123 1124/1124/1124
f 1126/1126/1126 1125/1125/1125 1124/1124/1124
f 1129/1129/1129 1128/1128/1128 1127/1127/1127
f 1130/1130/1130 1129/1129/1129 1127/1127/1127
f 1133/1133/1133 1132/1132/1132 1131/1131/1131
f 1134/1134/1134 1133/1133/1133 1131/1131/1131
f 1137/1137/1137 1136/1136/1136 1135/1135/1135
f 1136/1136/1136 1138/1138/1138 1135/1135/1135
f 1139/1139/1139 1138/1138/1138 1136/1136/1136
f 1140/1140/1140 1139/1139/1139 1136/1136/1136
f 1143/1143/1143 1142/1142/1142 1141/1141/1141
f 1142/1142/1142 1144/1144/1144 1141/1141/1141
f 1145/1145/1145 1144/1144/1144 1142/1142/1142
f 1146/1146/1146 1145/1145/1145 1142/1142/1142
f 1149/1149/1149 1148/1148/1148 1147/1147/1147
f 1148/1148/1148 1150/1150/1150 1147/1147/1147
f 1151/1151/1151 1150/1150/1150 1148/1148/1148
f 1152/1152/1152 1151/1151/1151 1148/1148/1148
f 1155/1155/1155 1154/1154/1154 1153/1153/1153
f 1154/1154/1154 1156/1156/1156 1153/1153/1153
f 1153/1153/1153 1156/1156/1156 1157/1157/1157
f 1156/1156/1156 1158/1158/1158 1157/1157/1157
f 1159/1159/1159 1158/1158/1158 1156/1156/1156
f 1160/1160/1160 1159/1159/1159 1156/1156/1156
f 1160/1160/1160 1156/1156/1156 1154/1154/1154
f 1161/1161/1161 1160/1160/1160 1154/1154/1154
f 1164/1164/1164 1163/1163/1163 1162/1162/1162
f 1162/1162/1162 1165/1165/1165 1164/1164/1164
f 1162/1162/1162 1166/1166/1166 1165/1165/1165
f 1169/1169/1169 1168/1168/1168 1167/1167/1167
f 1167/1167/1167 1170/1170/1170 1169/1169/1169
f 1167/1167/1167 1171/1171/1171 1170/1170/1170
f 1174/1174/1174 1173/1173/1173 1172/1172/1172
f 1175/1175/1175 1174/1174/1174 1172/1172/1172
f 1178/1178/1178 1177/1177/1177 1176/1176/1176
f 1179/1179/1179 1178/1178/1178 1176/1176/1176
f 1182/1182/1182 1181/1181/1181 1180/1180/1180
f 1183/1183/1183 1182/1182/1182 1180/1180/1180
f 1186/1186/1186 1185/1185/1185 1184/1184/1184
f 1187/1187/1187 1186/1186/1186 1184/1184/1184
f 1188/1188/1188 1186/1186/1186 1187/1187/1187
f 1189/1189/1189 1188/1188/1188 1187/1187/1187
f 1192/1192/1192 1191/1191/1191 1190/1190/1190
f 1190/1190/1190 1193/1193/1193 1192/1192/1192
f 1193/1193/1193 1194/1194/1194 1192/1192/1192
f 1197/1197/1197 1196/1196/1196 1195/1195/1195
f 1198/1198/1198 1197/1197/1197 1195/1195/1195
f 1198/1198/1198 1195/1195/1195 1199/1199/1199
f 1200/1200/1200 1197/1197/1197 1198/1198/1198
f 1201/1201/1201 1198/1198/1198 1199/1199/1199
f 1202/1202/1202 1200/1200/1200 1198/1198/1198
f 1202/1202/1202 1198/1198/1198 1201/1201/1201
f 1203/1203/1203 1202/1202/1202 1201/1201/1201
f 1206/1206/1206 1205/1205/1205 1204/1204/1204
f 1207/1207/1207 1206/1206/1206 1204/1204/1204
f 1208/1208/1208 1206/1206/1206 1207/1207/1207
f 1209/1209/1209 1208/1208/1208 1207/1207/1207
f 1212/1212/1212 1211/1211/1211 1210/1210/1210
f 1213/1213/1213 1212/1212/1212 1210/1210/1210
f 1214/1214/1214 1212/1212/1212 1213/1213/1213
f 1215/1215/1215 1214/1214/1214 1213/1213/1213
f 1218/1218/1218 1217/1217/1217 1216/1216/1216
f 1219/1219/1219 1218/1218/1218 1216/1216/1216
f 1222/1222/1222 1221/1221/1221 1220/1220/1220
f 1223/1223/1223 1222/1222/1222 1220/1220/1220
f 1226/1226/1226 1225/1225/1225 1224/1224/1224
f 1227/1227/1227 1226/1226/1226 1224/1224/1224
f 1228/1228/1228 1226/1226/1226 1227/1227/1227
f 1229/1229/1229 1228/1228/1228 1227/1227/1227
f 1230/1230/1230 1228/1228/1228 1229/1229/1229
f 1231/1231/1231 1230/1230/1230 1229/1229/1229
f 1234/1234/1234 1233/1233/1233 1232/1232/1232
f 1233/1233/1233 1235/1235/1235 1232/1232/1232
f 1232/1232/1232 1235/1235/1235 1236/1236/1236
f 1235/1235/1235 1237/1237/1237 1236/1236/1236
f 1236/1236/1236 1237/1237/1237 1238/1238/1238
f 1237/1237/1237 1239/1239/1239 1238/1238/1238
f 1242/1242/1242 1241/1241/1241 1240/1240/1240
f 1243/1243/1243 1242/1242/1242 1240/1240/1240
f 1244/1244/1244 1242/1242/1242 1243/1243/1243
f 1245/1245/1245 1244/1244/1244 1243/1243/1243
f 1246/1246/1246 1244/1244/1244 1245/1245/1245
f 1247/1247/1247 1246/1246/1246 1245/1245/1245
f 1250/1250/1250 1249/1249/1249 1248/1248/1248
f 1251/1251/1251 1250/1250/1250 1248/1248/1248
f 1251/1251/1251 1248/1248/1248 1252/1252/1252
f 1253/1253/1253 1250/1250/1250 1251/1251/1251
f 1254/1254/1254 1251/1251/1251 1252/1252/1252
f 1255/1255/1255 1253/1253/1253 1251/1251/1251
f 1255/1255/1255 1251/1251/1251 1254/1254/1254
f 1256/1256/1256 1253/1253/1253 1255/1255/1255
f 1257/1257/1257 1255/1255/1255 1254/1254/1254
f 1258/1258/1258 1256/1256/1256 1255/1255/1255
f 1258/1258/1258 1255/1255/1255 1257/1257/1257
f 1259/1259/1259 1258/1258/1258 1257/1257/1257
f 1262/1262/1262 1261/1261/1261 1260/1260/1260
f 1260/1260/1260 1263/1263/1263 1262/1262/1262
f 1263/1263/1263 1264/1264/1264 1262/1262/1262
f 1267/1267/1267 1266/1266/1266 1265/1265/1265
f 1266/1266/1266 1268/1268/1268 1265/1265/1265
f 1265/1265/1265 1268/1268/1268 1269/1269/1269
f 1270/1270/1270 1265/1265/1265 1269/1269/1269
f 1270/1270/1270 1269/1269/1269 1271/1271/1271
f 1271/1271/1271 1272/1272/1272 1270/1270/1270
f 1272/1272/1272 1273/1273/1273 1270/1270/1270
f 1276/1276/1276 1275/1275/1275 1274/1274/1274
f 1277/1277/1277 1276/1276/1276 1274/1274/1274
f 1277/1277/1277 1274/1274/1274 1278/1278/1278
f 1279/1279/1279 1277/1277/1277 1278/1278/1278
f 1282/1282/1282 1281/1281/1281 1280/1280/1280
f 1281/1281/1281 1283/1283/1283 1280/1280/1280
f 1284/1284/1284 1283/1283/1283 1281/1281/1281
f 1285/1285/1285 1284/1284/1284 1281/1281/1281
f 1288/1288/1288 1287/1287/1287 1286/1286/1286
f 1286/1286/1286 1289/1289/1289 1288/1288/1288
f 1289/1289/1289 1290/1290/1290 1288/1288/1288
f 1293/1293/1293 1292/1292/1292 1291/1291/1291
f 1294/1294/1294 1293/1293/1293 1291/1291/1291
f 1297/1297/1297 1296/1296/1296 1295/1295/1295
f 1296/1296/1296 1298/1298/1298 1295/1295/1295
f 1295/1295/1295 1298/1298/1298 1299/1299/1299
f 1300/1300/1300 1295/1295/1295 1299/1299/1299
f 1299/1299/1299 1298/1298/1298 1301/1301/1301
f 1298/1298/1298 1302/1302/1302 1301/1301/1301
f 1305/1305/1305 1304/1304/1304 1303/1303/1303
f 1303/1303/1303 1304/1304/1304 1306/1306/1306
f 1307/1307/1307 1305/1305/1305 1303/1303/1303
f 1304/1304/1304 1308/1308/1308 1306/1306/1306
f 1309/1309/1309 1305/1305/1305 1307/1307/1307
f 1306/1306/1306 1308/1308/1308 1310/1310/1310
f 1311/1311/1311 1309/1309/1309 1307/1307/1307
f 1308/1308/1308 1312/1312/1312 1310/1310/1310
f 1312/1312/1312 1309/1309/1309 1311/1311/1311
f 1310/1310/1310 1312/1312/1312 1311/1311/1311
f 1315/1315/1315 1314/1314/1314 1313/1313/1313
f 1313/1313/1313 1314/1314/1314 1316/1316/1316
f 1317/1317/1317 1315/1315/1315 1313/1313/1313
f 1314/1314/1314 1318/1318/1318 1316/1316/1316
f 1319/1319/1319 1315/1315/1315 1317/1317/1317
f 1316/1316/1316 1318/1318/1318 1320/1320/1320
f 1321/1321/1321 1319/1319/1319 1317/1317/1317
f 1318/1318/1318 1322/1322/1322 1320/1320/1320
f 1322/1322/1322 1319/1319/1319 1321/1321/1321
f 1320/1320/1320 1322/1322/1322 1321/1321/1321
f 1325/1325/1325 1324/1324/1324 1323/1323/1323
f 1326/1326/1326 1325/1325/1325 1323/1323/1323
f 1325/1325/1325 1327/1327/1327 1324/1324/1324
f 1326/1326/1326 1323/1323/1323 1328/1328/1328
f 1327/1327/1327 1329/1329/1329 1324/1324/1324
f 1330/1330/1330 1326/1326/1326 1328/1328/1328
f 1327/1327/1327 1331/1331/1331 1329/1329/1329
f 1330/1330/1330 1328/1328/1328 1332/1332/1332
f 1331/1331/1331 1332/1332/1332 1329/1329/1329
f 1331/1331/1331 1330/1330/1330 1332/1332/1332
f 1335/1335/1335 1334/1334/1334 1333/1333/1333
f 1335/1335/1335 1333/1333/1333 1336/1336/1336
f 1334/1334/1334 1337/1337/1337 1333/1333/1333
f 1338/1338/1338 1335/1335/1335 1336/1336/1336
f 1334/1334/1334 1339/1339/1339 1337/1337/1337
f 1338/1338/1338 1336/1336/1336 1340/1340/1340
f 1339/1339/1339 1341/1341/1341 1337/1337/1337
f 1342/1342/1342 1338/1338/1338 1340/1340/1340
f 1342/1342/1342 1340/1340/1340 1341/1341/1341
f 1339/1339/1339 1342/1342/1342 1341/1341/1341
