g 0.3333
v 0.25519955 0.12795478 1.6675656
v 0.14444292 -0.11337243 1.7445138
v 0.36673272 -0.1103433 1.5794092
v -0.48976475 -0.15843067 1.8865817
v -0.5160599 -0.040886123 2.260051
v -0.38716042 0.026499767 1.9484855
v -0.29832667 -0.19708508 1.6657733
v -0.1785289 0.036243107 1.7531421
v -0.40063486 0.048923533 1.5882494
v -0.0016540494 0.92903143 0.7302071
v 0.5411833 0.91805726 1.2300866
v 0.46845686 0.8030961 0.72744226
v -0.0016541276 1.063475 1.233279
v -0.47176492 0.80309594 0.72744226
v 0.4867931 0.7766311 1.9329174
v -0.5444913 0.9180571 1.2300866
v -0.81591 0.45903382 0.71988875
v -0.9418758 0.5207683 1.2213645
v 0.01681165 0.90278983 1.9255176
v 0.32261282 0.48071513 2.4853635
v -0.45316958 0.77707726 1.9125884
v -0.79721975 0.4331785 1.8975937
v 0.016811667 0.5624144 2.5033476
v 0.23028427 0.17846406 3.1155434
v -0.28898937 0.48000446 2.5177288
v -0.51285124 0.2555672 2.5246537
v 0.09067478 0.21576382 3.1235716
v -0.0016541127 -0.077689365 3.7489035
v -0.04893467 0.17814758 3.1299548
v -0.15113586 0.07569485 3.1329832
v 0.93856794 -0.010963838 0.7095704
v 0.93856776 -0.5646447 1.1975353
v 0.812602 -0.48096156 0.6992521
v 1.0840206 -0.021938214 1.2094499
v 0.812602 0.45903388 0.71988875
v 0.83084327 -0.5075899 1.9121681
v 0.93856794 0.52076846 1.2213645
v 0.46845686 0.8030961 0.72744226
v 0.5411833 0.91805726 1.2300866
v 0.9567745 -0.037651967 1.9252101
v 0.5464747 -0.35566562 2.4551497
v 0.73513764 0.59825134 1.9555699
v 0.4867931 0.7766311 1.9329174
v 0.62841386 -0.04933865 2.4575365
v 1.1263068 0.087752655 2.402056
v 0.3324855 -0.20334691 3.1018834
v 1.0070678 0.5036327 2.4229245
v 1.201414 0.21534638 3.1763957
v 1.1972704 0.23641756 3.1730537
v 0.48436075 0.36488834 2.4865398
v 0.32261282 0.48071513 2.4853635
v 0.3698938 -0.06350962 3.103022
v -0.0016541127 -0.077689365 3.7489035
v 0.3324855 0.07624292 3.1080217
v 0.23028427 0.17846406 3.1155434
v -0.0016541462 -0.9509592 0.6889338
v -0.54449147 -0.96193343 1.1888132
v -0.4717651 -0.82502365 0.69169855
v -0.0016541146 -1.1073512 1.1856208
v 0.46845686 -0.8250237 0.69169855
v -0.45316976 -0.85104233 1.8768446
v 0.54118323 -0.9619335 1.1888132
v 0.812602 -0.48096156 0.6992521
v 0.93856776 -0.5646447 1.1975353
v 0.016811633 -0.97720104 1.8842442
v 0.48679304 -0.8514887 1.8971736
v 0.83084327 -0.5075899 1.9121681
v 0.32261276 -0.5801029 2.4620743
v 0.5464747 -0.35566562 2.4551497
v 0.016811665 -0.6625127 2.4764555
v -0.28898942 -0.5808134 2.4944396
v 0.23028427 -0.30579966 3.1049118
v 0.3324855 -0.20334691 3.1018834
v -0.0016541127 -0.077689365 3.7489035
v 0.090674795 -0.3434158 3.1112955
v -0.04893467 -0.30611604 3.1193233
v -0.15113586 -0.20389488 3.126845
v -0.51285136 -0.4002543 2.5102558
v -0.79721993 -0.61347413 1.8746156
v -1.0811505 -0.6056589 2.3145795
v -0.75217974 -0.46308458 2.6329064
v -1.2001778 -0.5121861 3.4283283
v -1.171305 -0.49967277 3.456267
v -0.54449147 -0.96193343 1.1888132
v -0.45316976 -0.85104233 1.8768446
v -0.79721993 -0.61347413 1.8746156
v -0.94187593 -0.56464463 1.1975353
v -0.4717651 -0.82502365 0.69169855
v -0.81591016 -0.48096147 0.6992521
v -0.2730729 -0.4729278 0.333315
v -0.47176522 -0.27428335 0.33767605
v -0.94187593 -0.010963805 0.7095704
v -0.5444916 -0.0029300284 0.34363332
v -1.0873288 -0.02193818 1.2094499
v -0.81591 0.45903382 0.71988875
v -0.4717651 0.2684233 0.3495906
v -0.9418758 0.5207683 1.2213645
v -0.79721975 0.4331785 1.8975937
v -0.923151 0.038248356 1.8861985
v -1.158711 -0.17727405 2.35334
v -1.0811505 -0.6056589 2.3145795
v -1.206985 -0.47458792 3.4317305
v -1.2001778 -0.5121861 3.4283283
v -0.04893467 -0.30611604 3.1193233
v -0.0016541127 -0.077689365 3.7489035
v -0.15113586 -0.20389488 3.126845
v -0.18854412 -0.0641424 3.1318448
v -0.15113586 0.07569485 3.1329832
v -0.51285136 -0.4002543 2.5102558
v -0.15113586 -0.20389488 3.126845
v -0.18854412 -0.0641424 3.1318448
v -0.59479034 0.024247944 2.5239134
v -0.75217974 -0.46308458 2.6329064
v -0.80114096 -0.18404742 2.6618648
v -0.15113586 0.07569485 3.1329832
v -0.51285124 0.2555672 2.5246537
v -0.923151 0.038248356 1.8861985
v -0.79721975 0.4331785 1.8975937
v -0.4717651 0.2684233 0.3495906
v -0.81591 0.45903382 0.71988875
v -0.47176492 0.80309594 0.72744226
v -0.27307278 0.46706772 0.35395163
v -0.0016540494 0.92903143 0.7302071
v -0.0016541276 1.0490532E-05 0.20969094
v -0.5444916 -0.0029300284 0.34363332
v -0.47176522 -0.27428335 0.33767605
v -0.2730729 -0.4729278 0.333315
v -0.0016541276 0.5397766 0.3555479
v 0.46845686 0.8030961 0.72744226
v 0.2697646 0.46706775 0.35395163
v 0.812602 0.45903388 0.71988875
v 0.46845698 0.2684233 0.3495906
v 0.93856794 -0.010963838 0.7095704
v 0.54118335 -0.0029300768 0.34363332
v 0.812602 -0.48096156 0.6992521
v 0.46845692 -0.2742834 0.33767605
v 0.46845686 -0.8250237 0.69169855
v 0.2697646 -0.47292784 0.333315
v -0.0016541462 -0.9509592 0.6889338
v -0.0016541462 -0.5456367 0.33171874
v -0.4717651 -0.82502365 0.69169855
v 0.8668222 0.34912473 2.7003007
v 1.1718278 0.2288914 3.1826048
v 1.1972704 0.23641756 3.1730537
v 1.0070678 0.5036327 2.4229245
v 0.48436075 0.36488834 2.4865398
v 0.73513764 0.59825134 1.9555699
v 9.759077E-09 0.33225864 0.6259279
v 0.17065199 0.2865436 0.6249243
v 0.29557785 0.49738547 0.8794651
v 5.9940106E-08 0.57656616 0.8812034
v -0.17065193 0.28654358 0.6249243
v 0.3413039 0.5690751 1.222425
v -0.29557773 0.49738535 0.8794651
v -0.29557785 0.16164775 0.62218237
v -0.5119557 0.28105956 0.87471586
v 9.759077E-09 0.6605051 1.2244322
v 0.29557788 0.48240313 1.5619084
v 9.759077E-09 0.561584 1.5636467
v -0.34130377 0.569075 1.222425
v -0.5911555 0.3192834 1.216941
v -0.29557773 0.482403 1.5619084
v -0.5119557 0.26607722 1.5571591
v 9.759077E-09 0.561584 1.5636467
v 0.29557788 0.48240313 1.5619084
v 0.17065197 0.26059338 1.8069507
v 9.759077E-09 0.3063084 1.8079544
v -0.29557773 0.482403 1.5619084
v 9.759072E-09 -0.0369206 1.8918933
v 0.29557788 0.13569757 1.8042088
v 0.3413039 -0.03491327 1.8004632
v 0.29557788 -0.20552409 1.7967176
v -0.1706519 0.26059327 1.8069507
v -0.5119557 0.26607722 1.5571591
v -0.29557776 0.13569751 1.8042088
v -0.5911555 -0.029429331 1.5506716
v -0.34130383 -0.034913283 1.8004632
v -0.5119558 -0.3249359 1.5441841
v -0.29557776 -0.20552409 1.7967176
v -0.29557785 -0.5412618 1.5394348
v -0.1706519 -0.33041987 1.7939757
v -1.0897843E-09 -0.62044257 1.5376965
v 2.9425161E-08 -0.3761349 1.792972
v 0.29557782 -0.5412618 1.5394348
v 0.17065197 -0.3304199 1.7939756
v 0.5119559 -0.324936 1.544184
v 0.29557788 0.48240313 1.5619084
v 0.29557788 0.13569757 1.8042088
v 0.17065197 0.26059338 1.8069507
v 0.5119559 0.26607728 1.5571591
v 0.3413039 0.5690751 1.222425
v 0.3413039 -0.03491327 1.8004632
v 0.59115577 0.31928346 1.2169411
v 0.29557785 0.49738547 0.8794651
v 0.5119559 0.28105962 0.87471586
v 0.59115577 -0.029429352 1.5506716
v 0.29557788 -0.20552409 1.7967176
v 0.5119559 -0.324936 1.544184
v 0.68260777 -0.021938197 1.2094499
v 0.59115577 -0.014447005 0.8682283
v 0.59115565 -0.3631598 1.2019587
v 0.5119559 -0.30995366 0.86174077
v 0.17065199 0.2865436 0.6249243
v 0.5119559 0.28105962 0.87471586
v 0.29557785 0.49738547 0.8794651
v 0.2955779 0.16164775 0.62218237
v 0.59115577 -0.014447005 0.8682283
v 9.759077E-09 -0.0069558425 0.5270067
v 9.759077E-09 0.33225864 0.6259279
v -0.17065193 0.28654358 0.6249243
v -0.29557785 0.16164775 0.62218237
v -0.34130394 -0.008963065 0.6184368
v -0.29557788 -0.17957391 0.6146912
v -0.17065197 -0.30446973 0.6119492
v -1.0897843E-09 -0.3501848 0.6109456
v 0.17065197 -0.30446976 0.6119492
v 0.34130394 -0.008963096 0.6184368
v 0.5119559 -0.30995366 0.86174077
v 0.2955779 -0.17957395 0.6146912
v 0.29557782 -0.52627945 0.8569915
v 0.59115565 -0.3631598 1.2019587
v 0.29557782 -0.5412618 1.5394348
v 0.5119559 -0.324936 1.544184
v 0.34130388 -0.61295134 1.1964748
v 0.5119559 -0.30995366 0.86174077
v -1.0897843E-09 -0.62044257 1.5376965
v 0.29557782 -0.52627945 0.8569915
v 1.9253513E-08 -0.70438135 1.1944675
v -0.29557785 -0.5412618 1.5394348
v -0.34130386 -0.6129513 1.1964748
v -1.0897843E-09 -0.6054602 0.8552532
v 0.17065197 -0.30446976 0.6119492
v -0.29557785 -0.52627945 0.8569915
v -1.0897843E-09 -0.3501848 0.6109456
v -0.17065197 -0.30446973 0.6119492
v -0.34130386 -0.6129513 1.1964748
v -0.5119558 -0.3249359 1.5441841
v -0.29557785 -0.5412618 1.5394348
v -0.5911555 -0.36315978 1.2019587
v -0.29557785 -0.52627945 0.8569915
v -0.5911555 -0.029429331 1.5506716
v -0.5119558 -0.30995357 0.86174077
v -0.17065197 -0.30446973 0.6119492
v -0.29557788 -0.17957391 0.6146912
v -0.68260765 -0.021938177 1.2094499
v -0.5119557 0.26607722 1.5571591
v -0.5911555 0.3192834 1.216941
v -0.5911555 -0.014446985 0.8682283
v -0.34130394 -0.008963065 0.6184368
v -0.5119557 0.28105956 0.87471586
v -0.29557785 0.16164775 0.62218237
v 1.0622517 -0.69339323 0.9972757
v 1.0825658 -0.8887037 0.7060433
v 1.1198055 -0.6539967 0.8975718
v 1.0067843 -0.94064456 0.8375116
v 1.0791998 -0.7912543 1.1284014
v 1.0618465 -1.0483925 1.0853716
v 0.9016011 -1.4041387 0.6490702
v 0.951818 -1.5023012 0.727623
v 1.2174363 -0.638219 0.8715775
v 1.4985987 -0.89310914 0.7316061
v 1.3735781 -0.6865907 0.88995755
v 1.2360183 -0.7988772 0.68440044
v 1.0825658 -0.8887037 0.7060433
v 1.1198055 -0.6539967 0.8975718
v 0.951818 -1.5023012 0.727623
v 1.0493883 -1.4711764 0.6606065
v 0.9797094 -1.3689611 0.5857708
v 0.9016011 -1.4041387 0.6490702
v 1.502886 -1.0295776 0.846915
v 1.5309346 -0.95420384 0.74945474
v 1.4985987 -0.89310914 0.7316061
v 1.4863741 -1.0459758 0.8784456
v 1.5791985 -1.1035454 0.9548824
v 1.5944139 -1.0917318 0.9240439
v 1.2442666 -1.0025134 0.94286025
v 1.4270295 -1.093016 0.9579404
v 1.0825658 -0.8887037 0.7060433
v 1.2360183 -0.7988772 0.68440044
v 1.399639 -1.1105908 0.99016654
v 1.528769 -1.1592859 1.1024935
v 1.5336493 -1.1317446 1.0253376
v 1.2994986 -1.1296195 1.0497257
v 1.2330306 -1.1248453 1.0435476
v 1.0618465 -1.0483925 1.0853716
v 1.1146677 -1.1100259 1.1130074
v 1.4020998 -1.1922768 1.168756
v 1.3752589 -1.20221 1.1967459
v 0.9797094 -1.3689611 0.5857708
v 1.0493883 -1.4711764 0.6606065
v 1.2442666 -1.0025134 0.94286025
v 1.0825658 -0.8887037 0.7060433
v 0.9797094 -1.3689611 0.5857708
v 1.0825658 -0.8887037 0.7060433
v 1.0067843 -0.94064456 0.8375116
v 0.9016011 -1.4041387 0.6490702
v 1.528769 -1.1592859 1.1024935
v 1.4020998 -1.1922768 1.168756
v 1.4800966 -1.0626421 1.1204789
v 1.5336493 -1.1317446 1.0253376
v 1.5791985 -1.1035454 0.9548824
v 1.5001736 -1.5940897 0.7537992
v 1.5454993 -1.5583329 0.6885554
v 1.4863741 -1.0459758 0.8784456
v 1.4649779 -1.4944851 0.6290438
v 1.5993155 -0.9929019 0.9472233
v 1.5944139 -1.0917318 0.9240439
v 1.6213566 -1.0672182 0.86111116
v 1.414696 -0.71964353 1.0793701
v 1.367632 -0.757095 1.1755791
v 1.3735781 -0.6865907 0.88995755
v 1.4985987 -0.89310914 0.7316061
v 1.5309346 -0.95420384 0.74945474
v 1.52493 -1.380554 0.5881546
v 1.4652181 -1.3364372 0.54267156
v 1.2845019 -1.7530885 1.0455027
v 1.3488828 -1.7738308 1.1365621
v 1.4456816 -1.7469227 1.0914242
v 1.3899288 -1.7270058 1.0018035
v 1.4887458 -1.404072 0.6239464
v 1.52493 -1.380554 0.5881546
v 1.4652181 -1.3364372 0.54267156
v 1.4363625 -1.3609028 0.58444697
v 1.5001736 -1.5940897 0.7537992
v 1.5454993 -1.5583329 0.6885554
v 1.4649779 -1.4944851 0.6290438
v 1.4113503 -1.5359324 0.70334625
v 1.3645474 -1.7601418 0.86953425
v 1.4399856 -1.7299922 0.79971194
v 1.348685 -1.7007203 0.71134984
v 1.2841944 -1.7279772 0.77297765
v 1.2330306 -1.1248453 1.0435476
v 1.3899288 -1.7270058 1.0018035
v 1.4456816 -1.7469227 1.0914242
v 1.3752589 -1.20221 1.1967459
v 1.3752589 -1.20221 1.1967459
v 1.4456816 -1.7469227 1.0914242
v 1.3488828 -1.7738308 1.1365621
v 1.2586436 -1.1984637 1.2027955
v 1.2570494 -1.1145915 1.2244557
v 1.4020998 -1.1922768 1.168756
v 1.1146677 -1.1100259 1.1130074
v 1.4800966 -1.0626421 1.1204789
v 1.0618465 -1.0483925 1.0853716
v 1.367632 -0.757095 1.1755791
v 1.2595116 -0.77481747 1.2050682
v 1.0791998 -0.7912543 1.1284014
v 1.414696 -0.71964353 1.0793701
v 1.0622517 -0.69339323 0.9972757
v 1.1198055 -0.6539967 0.8975718
v 1.2174363 -0.638219 0.8715775
v 1.3735781 -0.6865907 0.88995755
v 1.1146677 -1.1100259 1.1130074
v 1.2845019 -1.7530885 1.0455027
v 1.3899288 -1.7270058 1.0018035
v 1.2330306 -1.1248453 1.0435476
v 1.2586436 -1.1984637 1.2027955
v 1.3488828 -1.7738308 1.1365621
v 1.2845019 -1.7530885 1.0455027
v 1.1146677 -1.1100259 1.1130074
v 1.4020998 -1.1922768 1.168756
v 1.3645474 -1.7601418 0.86953425
v 1.2841944 -1.7279772 0.77297765
v 1.2994986 -1.1296195 1.0497257
v 1.399639 -1.1105908 0.99016654
v 1.348685 -1.7007203 0.71134984
v 1.4399856 -1.7299922 0.79971194
v 1.528769 -1.1592859 1.1024935
v 1.2994986 -1.1296195 1.0497257
v 1.2841944 -1.7279772 0.77297765
v 1.348685 -1.7007203 0.71134984
v 1.399639 -1.1105908 0.99016654
v 1.528769 -1.1592859 1.1024935
v 1.4399856 -1.7299922 0.79971194
v 1.3645474 -1.7601418 0.86953425
v 1.4020998 -1.1922768 1.168756
v 1.5336493 -1.1317446 1.0253376
v 1.5001736 -1.5940897 0.7537992
v 1.4113503 -1.5359324 0.70334625
v 1.4270295 -1.093016 0.9579404
v 1.4649779 -1.4944851 0.6290438
v 1.4863741 -1.0459758 0.8784456
v 1.6213566 -1.0672182 0.86111116
v 1.52493 -1.380554 0.5881546
v 1.4887458 -1.404072 0.6239464
v 1.5944139 -1.0917318 0.9240439
v 1.5944139 -1.0917318 0.9240439
v 1.4887458 -1.404072 0.6239464
v 1.4363625 -1.3609028 0.58444697
v 1.502886 -1.0295776 0.846915
v 1.4652181 -1.3364372 0.54267156
v 1.5309346 -0.95420384 0.74945474
v 1.2442666 -1.0025134 0.94286025
v 1.0493883 -1.4711764 0.6606065
v 0.951818 -1.5023012 0.727623
v 1.0618465 -1.0483925 1.0853716
v -1.2196903 -0.6644637 1.4850479
v -1.053153 -0.71050924 1.397434
v -1.0015007 -0.98590434 1.4435205
v -1.1862147 -0.9987281 1.6270561
v -1.0529976 -1.0361838 1.4973948
v -1.1911075 -1.0892463 1.6328827
v -1.3132023 -1.0896759 1.6427613
v -1.2412653 -1.6916242 1.6594217
v -1.2961533 -1.6803262 1.7643216
v -1.0526518 -0.6588584 1.2438123
v -1.1212462 -0.6494339 1.1459398
v -1.0729992 -0.9468799 1.0192049
v -0.9768652 -0.9600922 1.1565441
v -1.053153 -0.71050924 1.397434
v -0.9840574 -1.4690261 1.0422077
v -1.0015007 -0.98590434 1.4435205
v -0.89452964 -1.4874023 1.1063838
v -0.9366752 -1.5579696 1.2221061
v -1.2198557 -0.6383252 1.1285126
v -1.3703314 -0.67155844 1.1787156
v -1.502253 -0.92441 1.098214
v -1.2350973 -0.8572907 0.9880904
v -1.0729992 -0.9468799 1.0192049
v -1.1212462 -0.6494339 1.1459398
v -0.9366752 -1.5579696 1.2221061
v -0.89452964 -1.4874023 1.1063838
v -0.9840574 -1.4690261 1.0422077
v -1.0469549 -1.5439494 1.1580052
v -1.502253 -0.92441 1.098214
v -1.6133511 -1.0511982 1.2979826
v -1.53375 -0.97819996 1.1396544
v -1.5786351 -0.95053744 1.3564532
v -1.3703314 -0.67155844 1.1787156
v -1.3868946 -0.6439308 1.3697484
v -1.4318272 -0.970105 1.5354304
v -1.5571482 -1.0593696 1.3972038
v -1.500496 -1.0670342 1.4703023
v -1.4852406 -1.0700741 1.554931
v -1.3448083 -1.0875044 1.6152303
v -1.3132023 -1.0896759 1.6427613
v -1.1862147 -0.9987281 1.6270561
v -1.3289826 -0.6521384 1.4650197
v -1.2196903 -0.6644637 1.4850479
v -1.2198557 -0.6383252 1.1285126
v -1.1212462 -0.6494339 1.1459398
v -1.053153 -0.71050924 1.397434
v -1.0526518 -0.6588584 1.2438123
v -1.0529976 -1.0361838 1.4973948
v -1.0015007 -0.98590434 1.4435205
v -1.2100301 -0.97747576 1.3106115
v -1.185415 -1.0678427 1.4483135
v -1.502253 -0.92441 1.098214
v -1.0729992 -0.9468799 1.0192049
v -1.2350973 -0.8572907 0.9880904
v -1.3566247 -1.6748303 1.6210109
v -1.2412653 -1.6916242 1.6594217
v -1.2537328 -1.0676444 1.4643221
v -1.3448083 -1.0875044 1.6152303
v -1.3132023 -1.0896759 1.6427613
v -1.36574 -1.0631924 1.4118272
v -1.3984511 -1.0547267 1.3777072
v -1.4852406 -1.0700741 1.554931
v -1.500496 -1.0670342 1.4703023
v -1.4705786 -1.030535 1.2913177
v -1.53375 -0.97819996 1.1396544
v -1.4918888 -1.0235097 1.256898
v -1.5571482 -1.0593696 1.3972038
v -1.5770369 -1.0567546 1.3647857
v -0.9840574 -1.4690261 1.0422077
v -1.0729992 -0.9468799 1.0192049
v -1.2100301 -0.97747576 1.3106115
v -1.0469549 -1.5439494 1.1580052
v -1.2412653 -1.6916242 1.6594217
v -1.3566247 -1.6748303 1.6210109
v -1.4027292 -1.6635566 1.7231361
v -1.2961533 -1.6803262 1.7643216
v -1.5084724 -1.4689776 1.1552954
v -1.4590893 -1.4408879 1.095693
v -1.4945701 -1.4285338 1.0500835
v -1.55078 -1.4553268 1.1168346
v -1.5038135 -1.6165278 1.346548
v -1.4179351 -1.578625 1.2666897
v -1.4834473 -1.5586103 1.1865246
v -1.5595064 -1.5996685 1.2761406
v -1.3480133 -1.751291 1.4976143
v -1.2772017 -1.7536685 1.3815808
v -1.3523774 -1.743272 1.3199034
v -1.4356552 -1.7401346 1.4282691
v -1.4852406 -1.0700741 1.554931
v -1.3448083 -1.0875044 1.6152303
v -1.185415 -1.0678427 1.4483135
v -1.3132023 -1.0896759 1.6427613
v -1.4027292 -1.6635566 1.7231361
v -1.3566247 -1.6748303 1.6210109
v -1.3132023 -1.0896759 1.6427613
v -1.1911075 -1.0892463 1.6328827
v -1.2961533 -1.6803262 1.7643216
v -1.4027292 -1.6635566 1.7231361
v -1.3448083 -1.0875044 1.6152303
v -1.2537328 -1.0676444 1.4643221
v -1.2772017 -1.7536685 1.3815808
v -1.3480133 -1.751291 1.4976143
v -1.36574 -1.0631924 1.4118272
v -1.4852406 -1.0700741 1.554931
v -1.4356552 -1.7401346 1.4282691
v -1.3523774 -1.743272 1.3199034
v -1.2537328 -1.0676444 1.4643221
v -1.2772017 -1.7536685 1.3815808
v -1.4705786 -1.030535 1.2913177
v -1.5571482 -1.0593696 1.3972038
v -1.5595064 -1.5996685 1.2761406
v -1.4834473 -1.5586103 1.1865246
v -1.5571482 -1.0593696 1.3972038
v -1.500496 -1.0670342 1.4703023
v -1.5038135 -1.6165278 1.346548
v -1.5595064 -1.5996685 1.2761406
v -1.500496 -1.0670342 1.4703023
v -1.3984511 -1.0547267 1.3777072
v -1.4179351 -1.578625 1.2666897
v -1.5038135 -1.6165278 1.346548
v -1.3984511 -1.0547267 1.3777072
v -1.4705786 -1.030535 1.2913177
v -1.4834473 -1.5586103 1.1865246
v -1.4179351 -1.578625 1.2666897
v -1.6133511 -1.0511982 1.2979826
v -1.5084724 -1.4689776 1.1552954
v -1.55078 -1.4553268 1.1168346
v -1.5770369 -1.0567546 1.3647857
v -1.5786351 -0.95053744 1.3564532
v -1.5571482 -1.0593696 1.3972038
v -1.5770369 -1.0567546 1.3647857
v -1.4918888 -1.0235097 1.256898
v -1.4590893 -1.4408879 1.095693
v -1.5084724 -1.4689776 1.1552954
v -1.4918888 -1.0235097 1.256898
v -1.53375 -0.97819996 1.1396544
v -1.4945701 -1.4285338 1.0500835
v -1.4590893 -1.4408879 1.095693
v -1.53375 -0.97819996 1.1396544
v -1.6133511 -1.0511982 1.2979826
v -1.55078 -1.4553268 1.1168346
v -1.4945701 -1.4285338 1.0500835
v -1.2100301 -0.97747576 1.3106115
v -1.0015007 -0.98590434 1.4435205
v -0.9366752 -1.5579696 1.2221061
v -1.0469549 -1.5439494 1.1580052
v 1.1972704 0.23641756 3.1730537
v 1.1718278 0.2288914 3.1826048
v 1.1747041 0.21516684 3.184574
v 1.201414 0.21534638 3.1763957
v 0.9474211 0.081385925 2.6920595
v 1.1747041 0.21516684 3.184574
v 1.1718278 0.2288914 3.1826048
v 0.8668222 0.34912473 2.7003007
v 1.1263068 0.087752655 2.402056
v 1.201414 0.21534638 3.1763957
v 1.1747041 0.21516684 3.184574
v 0.9474211 0.081385925 2.6920595
v 0.9567745 -0.037651967 1.9252101
v 0.62841386 -0.04933865 2.4575365
v 0.62841386 -0.04933865 2.4575365
v 0.9474211 0.081385925 2.6920595
v 0.8668222 0.34912473 2.7003007
v 0.48436075 0.36488834 2.4865398
v -0.923151 0.038248356 1.8861985
v -0.80114096 -0.18404742 2.6618648
v -0.59479034 0.024247944 2.5239134
v -1.158711 -0.17727405 2.35334
v -1.1756021 -0.4751824 3.458809
v -1.206985 -0.47458792 3.4317305
v -1.2001778 -0.5121861 3.4283283
v -1.171305 -0.49967277 3.456267
v -1.1756021 -0.4751824 3.458809
v -1.206985 -0.47458792 3.4317305
v -0.80114096 -0.18404742 2.6618648
v -1.1756021 -0.4751824 3.458809
v -1.171305 -0.49967277 3.456267
v -0.75217974 -0.46308458 2.6329064
v -0.38716042 0.026499767 1.9484855
v -0.5160599 -0.040886123 2.260051
v -0.5674155 0.029502142 1.833108
v -0.40063486 0.048923533 1.5882494
v -0.1785289 0.036243107 1.7531421
v 0.41322553 -0.07661554 2.0976734
v 0.47921702 -0.045764312 2.2546003
v 0.5087675 -0.07211524 2.0394092
v 0.35271555 -0.10427415 1.9402705
v 0.5328578 -0.0953486 1.8250234
v 0.44979525 -0.10284595 1.7022163
v 0.24857923 -0.10882329 1.8423921
v 0.36673272 -0.1103433 1.5794092
v 0.14444292 -0.11337243 1.7445138
v 0.3516771 0.10746007 1.7770954
v 0.5328578 -0.0953486 1.8250234
v 0.44815463 0.086965345 1.8866253
v 0.44979525 -0.10284595 1.7022163
v 0.25519955 0.12795478 1.6675656
v 0.36673272 -0.1103433 1.5794092
v -0.29832667 -0.19708508 1.6657733
v -0.40063486 0.048923533 1.5882494
v -0.5674155 0.029502142 1.833108
v -0.48976475 -0.15843067 1.8865817
v -0.5160599 -0.040886123 2.260051
v 0.46369642 0.023755606 2.0707774
v 0.47921702 -0.045764312 2.2546003
v 0.41322553 -0.07661554 2.0976734
v 0.44815463 0.086965345 1.8866253
v 0.35271555 -0.10427415 1.9402705
v 0.5087675 -0.07211524 2.0394092
v 0.47921702 -0.045764312 2.2546003
v 0.46369642 0.023755606 2.0707774
v 0.5328578 -0.0953486 1.8250234
v 0.44815463 0.086965345 1.8866253
v 0.24857923 -0.10882329 1.8423921
v 0.44815463 0.086965345 1.8866253
v 0.35271555 -0.10427415 1.9402705
v 0.3516771 0.10746007 1.7770954
v 0.14444292 -0.11337243 1.7445138
v 0.25519955 0.12795478 1.6675656
v -0.1785289 0.036243107 1.7531421
v -0.29832667 -0.19708508 1.6657733
v -0.48976475 -0.15843067 1.8865817
v -0.38716042 0.026499767 1.9484855
v 1.2773118 -1.3657321 0.1869026
v 1.5473655 -1.0187783 0.3867817
v 1.5583433 -1.3917623 0.25786632
v 1.2802329 -0.9940354 0.31932735
v 1.0005019 -1.3926295 0.27260602
v 1.5156308 -0.7626312 0.5460628
v 1.0171134 -1.0196028 0.40079242
v 0.8020847 -1.4652476 0.49201286
v 0.82850945 -1.0886294 0.6093478
v 1.2842872 -0.7412031 0.48764575
v 1.4251671 -0.52990377 0.8113274
v 1.0564191 -0.7633451 0.5581965
v 0.8930832 -0.8231238 0.7388108
v 1.291601 -0.51753235 0.77760017
v 1.3006151 -0.37099478 1.1273754
v 1.1600411 -0.53031605 0.8183328
v 1.0657392 -0.56482935 0.9226105
v 1.7059989 -1.8064833 0.6987933
v 1.8509094 -1.5623943 0.75685406
v 1.7840511 -1.6612751 1.0511746
v 1.6563578 -1.8799005 0.9173205
v 1.5856336 -1.7338934 1.2705812
v 1.2905451 -2.046512 0.6476846
v 1.5090369 -1.9338181 1.0802258
v 1.308824 -1.7607907 1.3562849
v 1.303511 -1.9537889 1.143859
v 1.0277921 -1.7347605 1.2853208
v 1.0948504 -1.934462 1.0911696
v 0.9389656 -1.8810155 0.9362758
v 1.5324394 -0.6579954 1.188364
v 1.3006151 -0.37099478 1.1273754
v 1.4381374 -0.69250876 1.2926418
v 1.3065777 -0.70529234 1.3333741
v 1.5380961 -1.0442711 1.3797234
v 1.3102279 -1.0664132 1.4502742
v 1.5733061 -1.3439884 1.34941
v 1.1730113 -0.6929208 1.2996467
v 1.3101865 -1.3695555 1.4308748
v 1.5856336 -1.7338934 1.2705812
v 1.308824 -1.7607907 1.3562849
v 1.0788842 -1.0449849 1.3918569
v 1.043054 -1.3448126 1.3634206
v 1.0277921 -1.7347605 1.2853208
v 0.9060536 -0.98572874 1.2201247
v 0.8434863 -1.2763894 1.1651216
v 1.0732276 -0.6587092 1.2004975
v 1.0339633 -0.6118245 1.0624924
v 1.0657392 -0.56482935 0.9226105
v 1.7840511 -1.6612751 1.0511746
v 1.5733061 -1.3439884 1.34941
v 1.5856336 -1.7338934 1.2705812
v 1.7619098 -1.2749617 1.1408545
v 1.8509094 -1.5623943 0.75685406
v 1.5380961 -1.0442711 1.3797234
v 1.8254617 -1.1809711 0.8610905
v 1.7682949 -1.4637457 0.46648318
v 1.7014318 -0.9844924 1.1991091
v 1.4381374 -0.69250876 1.2926418
v 1.5324394 -0.6579954 1.188364
v 1.746933 -1.0872016 0.5850807
v 1.5583433 -1.3917623 0.25786632
v 1.5473655 -1.0187783 0.3867817
v 1.7564692 -0.9030943 0.9568263
v 1.6884615 -0.8218874 0.7177949
v 1.5156308 -0.7626312 0.5460628
v 1.5642154 -0.6110002 1.0484818
v 1.3006151 -0.37099478 1.1273754
v 1.5249509 -0.56411546 0.910477
v 1.4251671 -0.52990377 0.8113274
v 1.0277921 -1.7347605 1.2853208
v 1.043054 -1.3448126 1.3634206
v 0.8434863 -1.2763894 1.1651216
v 0.8178408 -1.6627772 1.076704
v 1.0948504 -1.934462 1.0911696
v 0.9389656 -1.8810155 0.9362758
v 0.7649576 -1.1826197 0.88911164
v 0.73522615 -1.5641286 0.7863332
v 0.8380457 -0.90452194 0.9810934
v 0.9060536 -0.98572874 1.2201247
v 1.0339633 -0.6118245 1.0624924
v 1.0732276 -0.6587092 1.2004975
v 1.0657392 -0.56482935 0.9226105
v 0.8930832 -0.8231238 0.7388108
v 0.82850945 -1.0886294 0.6093478
v 0.8020847 -1.4652476 0.49201286
v 0.87762594 -1.807771 0.720681
v 1.2905451 -2.046512 0.6476846
v 0.92726725 -1.734354 0.502154
v 1.0005019 -1.3926295 0.27260602
v 1.0745878 -1.6804364 0.33924884
v 1.2905451 -2.046512 0.6476846
v 0.92726725 -1.734354 0.502154
v 1.0745878 -1.6804364 0.33924884
v 1.2801138 -1.6604655 0.2756155
v 1.2773118 -1.3657321 0.1869026
v 1.0005019 -1.3926295 0.27260602
v 1.5583433 -1.3917623 0.25786632
v 1.4887743 -1.6797926 0.328305
v 1.7682949 -1.4637457 0.46648318
v 1.6446592 -1.7332388 0.4831987
v 1.7059989 -1.8064833 0.6987933
v 1.8509094 -1.5623943 0.75685406
v -0.95149386 -1.5953002 0.855913
v -0.93964225 -1.201752 0.8297869
v -0.76322997 -1.191624 1.0426209
v -0.7659027 -1.5846454 1.0798205
v -1.060589 -1.8293945 1.0233757
v -0.92279124 -1.8214835 1.1896231
v -0.7220622 -1.5622411 1.3804172
v -0.89024055 -1.8048486 1.4128098
v -1.3351681 -2.0330334 1.4365505
v -1.2667109 -1.826462 0.9586142
v -1.2291064 -1.5913508 0.76868945
v -1.4859266 -1.8134719 1.0126908
v -0.7659027 -1.5846454 1.0798205
v -0.72155774 -1.1703278 1.3283503
v -0.7220622 -1.5622411 1.3804172
v -0.76322997 -1.191624 1.0426209
v -0.78298116 -0.87535185 1.3030543
v -0.8190705 -0.89379483 1.0556052
v -0.93964225 -1.201752 0.8297869
v -0.9718478 -0.9025659 0.8712857
v -0.9847245 -0.57605505 1.1212641
v -1.0729307 -0.58111906 1.014847
v -0.96388847 -0.565407 1.2641287
v -1.2214022 -0.30620348 1.2299626
v -1.2048719 -0.579242 0.97339237
v -1.0160052 -0.5520279 1.4051609
v -1.1271105 -0.5395025 1.5065708
v -0.8732502 -0.8521786 1.547329
v -0.82579154 -1.1435696 1.6104144
v -1.0656898 -0.8304844 1.7229766
v -0.7220622 -1.5622411 1.3804172
v -0.72155774 -1.1703278 1.3283503
v -0.82579154 -1.1435696 1.6104144
v -0.83171946 -1.5340908 1.6771574
v -0.89024055 -1.8048486 1.4128098
v -0.9716587 -1.7839476 1.6331334
v -1.3351681 -2.0330334 1.4365505
v -1.14523 -1.7643802 1.7915589
v -1.3644459 -1.7513902 1.8456355
v -1.3607398 -1.4902415 1.9633626
v -1.0654913 -1.5077369 1.8905305
v -1.3286477 -1.1018891 1.8824649
v -1.0480018 -1.1185194 1.8132346
v -1.3087364 -0.81608206 1.7829316
v -1.0656898 -0.8304844 1.7229766
v -0.8732502 -0.8521786 1.547329
v -1.3644459 -1.7513902 1.8456355
v -1.3607398 -1.4902415 1.9633626
v -1.6383522 -1.4862921 1.8761393
v -1.570568 -1.7484579 1.780874
v -1.3351681 -2.0330334 1.4365505
v -1.8239434 -1.4969469 1.6522315
v -1.7083657 -1.756369 1.6146268
v -1.7409165 -1.7730037 1.3914397
v -1.867784 -1.5193512 1.3516349
v -1.6594982 -1.7939049 1.1711159
v -1.4859266 -1.8134719 1.0126908
v -1.7581269 -1.5475016 1.0548947
v -1.7063811 -1.1563172 1.0189276
v -1.8106147 -1.1295592 1.3009918
v -1.7689425 -1.108263 1.5867214
v -1.6383522 -1.4862921 1.8761393
v -1.7689425 -1.108263 1.5867214
v -1.8239434 -1.4969469 1.6522315
v -1.5925303 -1.098135 1.7995551
v -1.3607398 -1.4902415 1.9633626
v -1.3286477 -1.1018891 1.8824649
v -1.5372655 -0.812831 1.7111299
v -1.3087364 -0.81608206 1.7829316
v -1.690043 -0.82160187 1.5268102
v -1.726132 -0.8400451 1.279361
v -1.8106147 -1.1295592 1.3009918
v -1.5084168 -0.54502237 1.2504497
v -1.4875805 -0.5343745 1.3933141
v -1.3993747 -0.5293104 1.4997313
v -1.2214022 -0.30620348 1.2299626
v -1.4562998 -0.55840164 1.1094174
v -1.2674334 -0.5311874 1.5411861
v -1.0656898 -0.8304844 1.7229766
v -1.1271105 -0.5395025 1.5065708
v -1.726132 -0.8400451 1.279361
v -1.5084168 -0.54502237 1.2504497
v -1.4562998 -0.55840164 1.1094174
v -1.6358631 -0.8632183 1.0350862
v -1.8106147 -1.1295592 1.3009918
v -1.7063811 -1.1563172 1.0189276
v -1.3451948 -0.57092685 1.0080074
v -1.2214022 -0.30620348 1.2299626
v -1.2048719 -0.579242 0.97339237
v -1.4434233 -0.88491255 0.8594391
v -1.4841708 -1.1813676 0.81610775
v -1.7581269 -1.5475016 1.0548947
v -1.2003769 -0.8993147 0.799484
v -1.0729307 -0.58111906 1.014847
v -0.9718478 -0.9025659 0.8712857
v -1.2035248 -1.1979978 0.74687755
v -0.93964225 -1.201752 0.8297869
v -1.5243546 -1.5738552 0.84152174
v -1.6594982 -1.7939049 1.1711159
v -1.4859266 -1.8134719 1.0126908
v -1.2291064 -1.5913508 0.76868945
v -0.95149386 -1.5953002 0.855913
v -1.2667109 -1.826462 0.9586142
vt 0.84027445 0.53370494
vt 0.8190924 0.55257213
vt 0.84027445 0.5670718
vt 0.847275 0.3869753
vt 0.838805 0.34750676
vt 0.8276206 0.3869753
vt 0.38871104 0.5682588
vt 0.38871104 0.53539217
vt 0.36101714 0.55009663
vt 0.46661425 0.77449894
vt 0.41590768 0.70146155
vt 0.42026 0.7593534
vt 0.46943295 0.7189503
vt 0.5243464 0.7849984
vt 0.44086885 0.6184268
vt 0.5360963 0.7310741
vt 0.5779871 0.7880385
vt 0.5980352 0.73458433
vt 0.48701787 0.634753
vt 0.48234957 0.5525925
vt 0.54454476 0.6464331
vt 0.5980352 0.65033746
vt 0.5128002 0.5605619
vt 0.5175468 0.47564602
vt 0.55066425 0.5655041
vt 0.585796 0.56609464
vt 0.53144526 0.4793055
vt 0.56615543 0.40310597
vt 0.54872805 0.48158288
vt 0.56476414 0.48186827
vt 0.46936166 0.38009882
vt 0.41590768 0.3086393
vt 0.41943783 0.36662865
vt 0.47355473 0.32419324
vt 0.5276016 0.38888192
vt 0.44065976 0.22475195
vt 0.5408044 0.33433533
vt 0.57855225 0.39062452
vt 0.59963715 0.33634758
vt 0.49063373 0.23790216
vt 0.47859603 0.16009474
vt 0.5714585 0.24691963
vt 0.59963715 0.24962234
vt 0.5110508 0.16937733
vt 0.5091911 0.18870997
vt 0.5163822 0.08465171
vt 0.56122243 0.19496751
vt 0.5372176 0.103108406
vt 0.539701 0.103974104
vt 0.56387866 0.17418051
vt 0.5824696 0.1743474
vt 0.5311986 0.08888364
vt 0.55508447 0.0062406063
vt 0.5485542 0.091270685
vt 0.5637984 0.09117365
vt 0.15766597 0.02759095
vt 0.19934416 0.10568841
vt 0.20731306 0.052035883
vt 0.14201665 0.07746183
vt 0.10186911 0.01082873
vt 0.15970731 0.1799742
vt 0.07758796 0.05810649
vt 0.054873228 0.0062406557
vt 0.023321867 0.05280864
vt 0.10968435 0.15663922
vt 0.05351162 0.14098693
vt 0.0062406063 0.13721143
vt 0.04354036 0.21752842
vt 0.013416171 0.21326822
vt 0.079217196 0.23018594
vt 0.11088717 0.24784929
vt 0.022408485 0.29951787
vt 0.00865078 0.29758716
vt 0.017977 0.38645396
vt 0.038703203 0.3052768
vt 0.053168774 0.31332085
vt 0.061929107 0.32149467
vt 0.13112283 0.2644629
vt 0.19278109 0.20148599
vt 0.20731306 0.26221827
vt 0.15466905 0.28658655
vt 0.17510521 0.39174578
vt 0.17048478 0.3938845
vt 0.40342635 0.29256392
vt 0.40342635 0.2137456
vt 0.3664739 0.20180273
vt 0.34652853 0.27637768
vt 0.38168085 0.35170865
vt 0.33240592 0.33769107
vt 0.34020013 0.39645123
vt 0.31175125 0.38835812
vt 0.27419692 0.32868123
vt 0.27814424 0.3831563
vt 0.27931458 0.26597404
vt 0.22265083 0.32709336
vt 0.24838412 0.38223958
vt 0.21979433 0.26414037
vt 0.24426538 0.19000268
vt 0.28700554 0.19106412
vt 0.31318945 0.13131523
vt 0.3648085 0.14186645
vt 0.36329463 0.0062406063
vt 0.3678251 0.007166624
vt 0.58585274 0.9674499
vt 0.58585274 0.89148664
vt 0.57261086 0.9597409
vt 0.5563176 0.9533012
vt 0.5413387 0.9498565
vt 0.8431412 0.2847696
vt 0.88721967 0.3350255
vt 0.9015826 0.325167
vt 0.8880488 0.25822964
vt 0.82762057 0.26517513
vt 0.85756767 0.24888521
vt 0.9189737 0.3233375
vt 0.9176254 0.25735348
vt 0.86893404 0.20201358
vt 0.91897374 0.19931138
vt 0.1680646 0.47401422
vt 0.19343323 0.43456972
vt 0.14327514 0.40636575
vt 0.1391058 0.45773065
vt 0.08535761 0.40758598
vt 0.12534034 0.5229436
vt 0.18478394 0.5029226
vt 0.184784 0.53670985
vt 0.1680646 0.5663227
vt 0.105667114 0.45843512
vt 0.035199463 0.43790317
vt 0.07670832 0.4759388
vt 0.0062407255 0.4891941
vt 0.059988916 0.50555164
vt 0.0062406063 0.5477153
vt 0.059988916 0.5393389
vt 0.035199463 0.5977861
vt 0.07670826 0.56824726
vt 0.08535755 0.62599003
vt 0.105667055 0.58453083
vt 0.14327514 0.6247699
vt 0.1391058 0.58382636
vt 0.19343323 0.5944526
vt 0.89349043 0.0954169
vt 0.8947984 0.16505706
vt 0.89816034 0.16538727
vt 0.9283779 0.072229266
vt 0.86644363 0.051102042
vt 0.9283779 0.0062406063
vt 0.7862816 0.0095538795
vt 0.7664685 0.006240666
vt 0.74693453 0.041617185
vt 0.7812518 0.04735586
vt 0.80743027 0.0095538795
vt 0.73840374 0.08331597
vt 0.81788236 0.04735586
vt 0.82424784 0.0062406957
vt 0.84701115 0.041617215
vt 0.7780299 0.089942396
vt 0.7431619 0.12016392
vt 0.7774792 0.1259026
vt 0.8203272 0.089942396
vt 0.85396224 0.083316
vt 0.81410974 0.1259026
vt 0.84323853 0.12016392
vt 0.30595344 0.72293574
vt 0.33748987 0.703874
vt 0.3219743 0.6864544
vt 0.30376673 0.6974597
vt 0.2695383 0.7237029
vt 0.29527092 0.65927786
vt 0.33248645 0.6678356
vt 0.33248645 0.6465922
vt 0.3219743 0.6284163
vt 0.28274244 0.69790256
vt 0.23800188 0.7059699
vt 0.2645349 0.68766445
vt 0.21979433 0.6744884
vt 0.25402275 0.66948855
vt 0.21979433 0.63769376
vt 0.25402275 0.6482452
vt 0.23800188 0.605445
vt 0.2645349 0.6296264
vt 0.2695383 0.58638334
vt 0.28274244 0.6186211
vt 0.30595344 0.58561623
vt 0.30376673 0.6181782
vt 0.33748987 0.60334915
vt 0.7195293 0.81220317
vt 0.67960685 0.8440312
vt 0.6980617 0.8463236
vt 0.6875646 0.8082324
vt 0.72734827 0.7701788
vt 0.6582252 0.8440312
vt 0.6904386 0.76559377
vt 0.71942365 0.7315109
vt 0.68745893 0.72754014
vt 0.6505304 0.8082324
vt 0.63964576 0.8463236
vt 0.61834997 0.81220317
vt 0.6476753 0.76559377
vt 0.6504247 0.72754014
vt 0.6105165 0.7701788
vt 0.6182443 0.7315109
vt 0.4444431 0.8347923
vt 0.47943252 0.8019189
vt 0.44325104 0.80051965
vt 0.4653325 0.8356002
vt 0.5107666 0.82135576
vt 0.45252553 0.87637985
vt 0.42635238 0.84461486
vt 0.4159077 0.8624358
vt 0.4159077 0.8834802
vt 0.4263524 0.90210915
vt 0.44444317 0.913331
vt 0.46533257 0.91413885
vt 0.4834233 0.9043163
vt 0.493868 0.88649535
vt 0.48342326 0.8468221
vt 0.52885735 0.85362196
vt 0.49386796 0.865451
vt 0.52885735 0.89007187
vt 0.7462099 0.45040727
vt 0.78335345 0.40537977
vt 0.75014937 0.41159213
vt 0.7845506 0.44323373
vt 0.7567235 0.491848
vt 0.8201772 0.40310585
vt 0.7899276 0.48563552
vt 0.8270711 0.44060814
vt 0.8507539 0.40537977
vt 0.86237794 0.44323385
vt 0.82675135 0.48336172
vt 0.7980435 0.52122355
vt 0.857328 0.48563552
vt 0.81930375 0.5199107
vt 0.83695716 0.52122355
vt 0.21979433 0.7787938
vt 0.25966218 0.73618436
vt 0.22782224 0.73987806
vt 0.2565599 0.77452874
vt 0.2276128 0.8208319
vt 0.29669404 0.73618436
vt 0.25945276 0.8171382
vt 0.24918282 0.8547281
vt 0.2675656 0.85259557
vt 0.2993206 0.77452874
vt 0.32899517 0.73987806
vt 0.33661875 0.7787938
vt 0.29648462 0.8171382
vt 0.28894594 0.85259557
vt 0.32878575 0.8208319
vt 0.307595 0.8547281
vt 0.36066842 0.93154824
vt 0.34997123 0.8907501
vt 0.3500756 0.9251988
vt 0.36394095 0.89911985
vt 0.38043058 0.93330544
vt 0.3959195 0.9083735
vt 0.38004857 0.8473408
vt 0.3959195 0.84386694
vt 0.79337543 0.9557009
vt 0.82905203 0.9237262
vt 0.79712135 0.9377116
vt 0.82276887 0.9536706
vt 0.82905203 0.9733832
vt 0.7925425 0.9678556
vt 0.748924 0.3867736
vt 0.7616346 0.38484728
vt 0.7616346 0.36743927
vt 0.7507158 0.37049627
vt 0.5907925 0.8433528
vt 0.59770024 0.83073664
vt 0.5972407 0.82278913
vt 0.5881445 0.84643775
vt 0.595427 0.86082083
vt 0.59770024 0.8581348
vt 0.5637261 0.83763146
vt 0.57923263 0.8539995
vt 0.55173314 0.8037735
vt 0.57315165 0.80051965
vt 0.5753291 0.8568002
vt 0.58704895 0.87450933
vt 0.5889863 0.8666287
vt 0.56335276 0.8588083
vt 0.5562885 0.85526097
vt 0.5413387 0.84476954
vt 0.544022 0.8543086
vt 0.57144886 0.87716097
vt 0.5679931 0.8790053
vt 0.90655947 0.7187056
vt 0.89099085 0.7118439
vt 0.8892331 0.7686572
vt 0.92364824 0.7686572
vt 0.84305125 0.92489994
vt 0.8415335 0.9815637
vt 0.85352576 0.9836643
vt 0.85352576 0.92372626
vt 0.61754465 0.9216266
vt 0.61051655 0.92617226
vt 0.6209183 0.93435097
vt 0.6272925 0.9204367
vt 0.6357391 0.9181592
vt 0.6354768 0.86002785
vt 0.64371574 0.8588049
vt 0.64827967 0.9237083
vt 0.65451396 0.8654038
vt 0.6416025 0.928527
vt 0.63947976 0.9172806
vt 0.6471931 0.9156804
vt 0.642877 0.9703076
vt 0.6311722 0.9729719
vt 0.6659243 0.96574557
vt 0.6716132 0.93176764
vt 0.6662401 0.9251322
vt 0.6636119 0.8729843
vt 0.6716132 0.87747455
vt 0.84193164 0.1818006
vt 0.8526296 0.17973971
vt 0.8526296 0.16642052
vt 0.84233963 0.16763824
vt 0.6559495 0.3877089
vt 0.6619903 0.38689113
vt 0.6619903 0.3763616
vt 0.6563037 0.37823606
vt 0.8092732 0.36743915
vt 0.80037785 0.36949348
vt 0.79892564 0.38375592
vt 0.8092732 0.38155603
vt 0.85282004 0.13895535
vt 0.8419316 0.13838387
vt 0.8433151 0.15365303
vt 0.85282004 0.15393925
vt 0.963506 0.96306396
vt 0.963506 0.8878138
vt 0.9524821 0.8840531
vt 0.9442738 0.94983876
vt 0.38418317 0.6436682
vt 0.3792839 0.58902895
vt 0.36741972 0.58561623
vt 0.37046802 0.6459508
vt 0.37234938 0.6539092
vt 0.38744593 0.6456795
vt 0.35495436 0.6628262
vt 0.39945328 0.66068697
vt 0.34997118 0.6718918
vt 0.39352345 0.69291174
vt 0.3804444 0.69150984
vt 0.35825038 0.69707954
vt 0.3994534 0.70103073
vt 0.3578012 0.714718
vt 0.3650018 0.7230301
vt 0.3768102 0.724239
vt 0.39430964 0.71514046
vt 0.9900292 0.15411061
vt 0.9900292 0.08637068
vt 0.9771465 0.08255246
vt 0.97701776 0.1442945
vt 0.9759873 0.89850676
vt 0.9768748 0.9685078
vt 0.9882779 0.9648153
vt 0.9882779 0.8840531
vt 0.99167794 0.27262837
vt 0.99167794 0.19931144
vt 0.9782383 0.19946748
vt 0.9737417 0.27523923
vt 0.97458494 0.29529148
vt 0.9789119 0.36863247
vt 0.9915179 0.3693188
vt 0.9915179 0.2977525
vt 0.9763542 0.58415097
vt 0.9805791 0.6616752
vt 0.98946387 0.66278476
vt 0.98946387 0.5854301
vt 0.9302928 0.98975945
vt 0.9302928 0.9256106
vt 0.91768456 0.9269269
vt 0.9126391 0.9880085
vt 0.96759844 0.56060165
vt 0.96759844 0.4992718
vt 0.9571223 0.50454605
vt 0.95623624 0.5634737
vt 0.94801104 0.50203276
vt 0.9463606 0.5609827
vt 0.059910595 0.9436618
vt 0.060536683 0.991577
vt 0.06686026 0.9908806
vt 0.06686032 0.93990624
vt 0.4435345 0.976472
vt 0.4435345 0.9282602
vt 0.43518424 0.9292958
vt 0.42944098 0.9765383
vt 0.43052936 0.9266202
vt 0.41590762 0.9726925
vt 0.96929455 0.0700711
vt 0.96358466 0.0074416995
vt 0.94892967 0.006240666
vt 0.94085926 0.0700711
vt 0.3948425 0.4158012
vt 0.37359512 0.40893248
vt 0.3610171 0.43299422
vt 0.38913774 0.44710752
vt 0.36687136 0.44160077
vt 0.385674 0.45649663
vt 0.3948425 0.46488157
vt 0.36274636 0.52016425
vt 0.3762517 0.52291083
vt 0.3644834 0.74159086
vt 0.35031277 0.7427685
vt 0.34997118 0.7792239
vt 0.36984867 0.7775632
vt 0.3817178 0.7367201
vt 0.3745001 0.8285239
vt 0.3983695 0.76092935
vt 0.38675034 0.8313855
vt 0.3983695 0.8280704
vt 0.74329114 0.9458969
vt 0.7481251 0.96481293
vt 0.78006124 0.9765354
vt 0.77061796 0.94239885
vt 0.78006124 0.92372626
vt 0.74380815 0.9347475
vt 0.7220274 0.36743927
vt 0.7240968 0.3842703
vt 0.7364427 0.38775504
vt 0.7364427 0.36979985
vt 0.22056758 0.91348517
vt 0.22155046 0.88305914
vt 0.21979433 0.90446067
vt 0.22928232 0.88882565
vt 0.24029016 0.93481874
vt 0.2510169 0.9223132
vt 0.25576347 0.88024354
vt 0.23366392 0.8774415
vt 0.24414223 0.8738214
vt 0.2511447 0.86795294
vt 0.2693346 0.86806786
vt 0.27433515 0.8672093
vt 0.28669322 0.8816284
vt 0.26305068 0.91705894
vt 0.27547884 0.9192467
vt 0.2525943 0.9478791
vt 0.26376623 0.9499017
vt 0.28669322 0.92900145
vt 0.27705616 0.9448124
vt 0.87200946 0.85078406
vt 0.86632246 0.8598608
vt 0.892246 0.87265754
vt 0.8890214 0.8528949
vt 0.92742306 0.89595354
vt 0.8886702 0.90505207
vt 0.90143 0.9131293
vt 0.9317926 0.79447126
vt 0.9195302 0.7901579
vt 0.89523077 0.85087645
vt 0.8993207 0.83371687
vt 0.8951393 0.8309691
vt 0.9083909 0.8558279
vt 0.91261363 0.8596512
vt 0.9149605 0.84014344
vt 0.9197724 0.84883916
vt 0.9220817 0.86957633
vt 0.93179256 0.88802695
vt 0.9252473 0.8734033
vt 0.9280306 0.85642207
vt 0.93120855 0.8597647
vt 0.9517443 0.08702308
vt 0.9408592 0.14961714
vt 0.96453655 0.15566579
vt 0.96453655 0.08255243
vt 0.6244023 0.3779282
vt 0.6121185 0.37636167
vt 0.61267436 0.38858855
vt 0.6244023 0.39057946
vt 0.643468 0.38807154
vt 0.643468 0.3789369
vt 0.63688356 0.3763616
vt 0.6368929 0.38625133
vt 0.7864444 0.3834517
vt 0.7864444 0.37009358
vt 0.7741159 0.36743927
vt 0.77575886 0.38106894
vt 0.94636065 0.47618043
vt 0.95485353 0.48679042
vt 0.96559894 0.48456156
vt 0.9585915 0.47353435
vt 0.96559894 0.40310585
vt 0.9513874 0.40998518
vt 0.9919337 0.6930892
vt 0.9730116 0.70120656
vt 0.98342335 0.7705282
vt 0.9919337 0.76970273
vt 0.9801358 0.46224308
vt 0.9915312 0.46913028
vt 0.9915312 0.40420508
vt 0.9780803 0.40310597
vt 0.94427395 0.8715718
vt 0.9645598 0.87003285
vt 0.9645598 0.79015785
vt 0.94899917 0.7932707
vt 0.94315165 0.28281027
vt 0.9612605 0.2828098
vt 0.9519754 0.20103896
vt 0.93911296 0.20001996
vt 0.9314551 0.28281027
vt 0.93201154 0.19931138
vt 0.9902837 0.7901579
vt 0.977041 0.7927486
vt 0.9787022 0.8589298
vt 0.9902837 0.85472834
vt 0.98177576 0.0629254
vt 0.99267507 0.062405646
vt 0.99267507 0.006240666
vt 0.98188823 0.0076756477
vt 0.47269702 0.9266201
vt 0.4560157 0.92779046
vt 0.45807385 0.99086595
vt 0.47269714 0.9928061
vt 0.019780934 0.94218254
vt 0.006240666 0.93990636
vt 0.007349491 0.99195516
vt 0.019780934 0.9937594
vt 0.98007977 0.54935443
vt 0.9931476 0.4992718
vt 0.9862703 0.49950027
vt 0.98878187 0.55220366
vt 0.9830097 0.5604066
vt 0.9931476 0.5534863
vt 0.48517847 0.98259187
vt 0.5015371 0.98009646
vt 0.5015371 0.92662024
vt 0.49195457 0.92696166
vt 0.82945037 0.13838387
vt 0.8136924 0.13941216
vt 0.8223794 0.18628824
vt 0.82945037 0.18651974
vt 0.52875745 0.9266202
vt 0.5140182 0.932614
vt 0.5199573 0.9837943
vt 0.52875745 0.9820501
vt 0.9605302 0.6930892
vt 0.9361295 0.7021024
vt 0.948152 0.7686572
vt 0.9605302 0.76274705
vt 0.69406056 0.3791455
vt 0.69376814 0.3763616
vt 0.6920594 0.37637508
vt 0.69144183 0.3791455
vt 0.9001578 0.97664785
vt 0.88936484 0.92561054
vt 0.88768005 0.9259238
vt 0.8663225 0.97664785
vt 0.9338794 0.49483633
vt 0.9110539 0.40310597
vt 0.90767646 0.40325594
vt 0.9017261 0.47046685
vt 0.9338794 0.5578058
vt 0.8748592 0.51307344
vt 0.8767519 0.71184397
vt 0.8291806 0.71338856
vt 0.8281225 0.7470236
vt 0.8767519 0.7643922
vt 0.8156413 0.7776766
vt 0.76033866 0.69611025
vt 0.7432912 0.7298317
vt 0.8156413 0.7091973
vt 0.75591254 0.5841508
vt 0.7607663 0.5852995
vt 0.67896044 0.37636173
vt 0.674498 0.377221
vt 0.6744716 0.38021296
vt 0.67896044 0.38096118
vt 0.71842134 0.96556115
vt 0.7042756 0.8588047
vt 0.70126283 0.8588047
vt 0.6840944 0.96556115
vt 0.9569968 0.62152183
vt 0.9638729 0.5841509
vt 0.93205607 0.61902547
vt 0.9318681 0.65389705
vt 0.9638729 0.6550218
vt 0.9593181 0.3153447
vt 0.96210366 0.29529154
vt 0.9468101 0.31421983
vt 0.95585406 0.3350526
vt 0.931898 0.33345866
vt 0.93167657 0.35139155
vt 0.9589789 0.35205257
vt 0.93145514 0.36932456
vt 0.9621037 0.36905253
vt 0.7595259 0.56435454
vt 0.7462098 0.53370494
vt 0.7463231 0.5570929
vt 0.7594693 0.53740263
vt 0.7727287 0.57161623
vt 0.7727287 0.5411003
vt 0.2991745 0.94570994
vt 0.3320971 0.94570994
vt 0.32636762 0.9129729
vt 0.30139804 0.91361713
vt 0.30451143 0.8672092
vt 0.047429264 0.9633566
vt 0.046732664 0.93990636
vt 0.03943184 0.95515215
vt 0.047429264 0.98655593
vt 0.032262266 0.97066545
vt 0.7520403 0.16166008
vt 0.7398033 0.13838375
vt 0.7387547 0.16176689
vt 0.7637065 0.18490577
vt 0.73840374 0.18490577
vt 0.78915215 0.16999298
vt 0.77618784 0.13838392
vt 0.7770932 0.16212338
vt 0.78869945 0.14348948
vt 0.80121106 0.17786258
vt 0.80121106 0.14859504
vt 0.8066112 0.5673525
vt 0.8066112 0.5340431
vt 0.7852101 0.53370494
vt 0.7859862 0.56032103
vt 0.068918824 0.80261385
vt 0.0966323 0.751245
vt 0.10107845 0.79607266
vt 0.066063225 0.75746274
vt 0.034205794 0.80261385
vt 0.08927494 0.7155839
vt 0.033066988 0.75746274
vt 0.006240666 0.79607266
vt 0.0064849854 0.751245
vt 0.06280136 0.7209686
vt 0.07282162 0.67515194
vt 0.03422582 0.7209686
vt 0.011205077 0.7155839
vt 0.05753708 0.6782608
vt 0.05139309 0.63847125
vt 0.04103893 0.6782608
vt 0.02774793 0.67515194
vt 0.20284665 0.89882123
vt 0.19373548 0.92756724
vt 0.16104108 0.9204581
vt 0.17857164 0.89354277
vt 0.13213098 0.89894795
vt 0.20284665 0.84077716
vt 0.15710646 0.87757206
vt 0.11475158 0.86880076
vt 0.14420259 0.85518825
vt 0.11355978 0.83809423
vt 0.1433177 0.83238935
vt 0.15468884 0.815284
vt 0.20266658 0.76722395
vt 0.1769638 0.80280256
vt 0.19222742 0.7585505
vt 0.17678511 0.7556304
vt 0.20176446 0.71508074
vt 0.17501765 0.7100228
vt 0.20266658 0.68353045
vt 0.16047746 0.7592459
vt 0.17178202 0.67769015
vt 0.199359 0.64461553
vt 0.16686743 0.63847125
vt 0.14677191 0.716285
vt 0.13916665 0.684921
vt 0.13255507 0.64607847
vt 0.1245957 0.7321893
vt 0.11355978 0.7032858
vt 0.14767402 0.7684282
vt 0.14180547 0.780717
vt 0.14444435 0.7928195
vt 0.322207 0.57313496
vt 0.34696206 0.52122885
vt 0.3485358 0.5672502
vt 0.3219354 0.52682257
vt 0.2853637 0.57313496
vt 0.34199938 0.48571727
vt 0.28691426 0.52682257
vt 0.24787804 0.5672502
vt 0.32032564 0.49056157
vt 0.32131252 0.44526
vt 0.30879924 0.44805685
vt 0.2512826 0.52122885
vt 0.21979433 0.5570575
vt 0.22458783 0.5115403
vt 0.28999642 0.49056157
vt 0.2591385 0.4857173
vt 0.23602018 0.47732675
vt 0.29128864 0.44805688
vt 0.291985 0.40893245
vt 0.27347282 0.44526002
vt 0.26012537 0.44041574
vt 0.7337286 0.4891616
vt 0.71060514 0.52802265
vt 0.68261296 0.52319735
vt 0.70427996 0.4840852
vt 0.7337286 0.45448947
vt 0.7118635 0.45072037
vt 0.6487588 0.510698
vt 0.66866434 0.47093558
vt 0.63705575 0.53962165
vt 0.66637427 0.5504464
vt 0.6263488 0.5654199
vt 0.64327586 0.5716696
vt 0.61102635 0.55700785
vt 0.61051655 0.5250516
vt 0.618114 0.49387395
vt 0.63642496 0.4532361
vt 0.6854196 0.440957
vt 0.7079178 0.4031059
vt 0.6614826 0.4278155
vt 0.6162003 0.43572932
vt 0.6464662 0.4148171
vt 0.09955448 0.840384
vt 0.09955448 0.89822793
vt 0.07785821 0.9001062
vt 0.057171524 0.88857865
vt 0.030387104 0.9118993
vt 0.05824864 0.9274249
vt 0.01135087 0.8824785
vt 0.043037474 0.86673427
vt 0.006240666 0.84704566
vt 0.03924328 0.84042597
vt 0.04680556 0.81670356
vt 0.016425848 0.8150952
vt 0.84769344 0.6324038
vt 0.8281225 0.60265076
vt 0.856026 0.5841509
vt 0.87704873 0.6129413
vt 0.8729888 0.6594293
vt 0.8947847 0.6449789
vt 0.9101838 0.60604125
vt 0.9193866 0.63985574
vt 0.9190346 0.6993625
vt 0.85983944 0.6793351
vt 0.8299835 0.65921366
vt 0.8588599 0.6993625
vt 0.7762412 0.19931136
vt 0.7499027 0.24269094
vt 0.7404907 0.20805737
vt 0.783885 0.23437749
vt 0.7579113 0.273573
vt 0.7873409 0.26637337
vt 0.8151393 0.23898125
vt 0.81440794 0.27036035
vt 0.7894362 0.3096808
vt 0.80506337 0.3119827
vt 0.7724451 0.31383753
vt 0.7890868 0.354958
vt 0.8151393 0.3201264
vt 0.7586427 0.32333905
vt 0.75172746 0.33563948
vt 0.734005 0.29003015
vt 0.7222979 0.261694
vt 0.7220273 0.3113351
vt 0.70131946 0.60024154
vt 0.7308099 0.62973857
vt 0.7122829 0.6576867
vt 0.68182874 0.6296438
vt 0.6678126 0.5874347
vt 0.65334105 0.6092653
vt 0.61051655 0.5841509
vt 0.6328063 0.62907994
vt 0.61171055 0.6415691
vt 0.6257591 0.6731516
vt 0.6541717 0.6563308
vt 0.65898657 0.6990427
vt 0.6859937 0.6830538
vt 0.68465376 0.7150588
vt 0.7080426 0.701212
vt 0.7308099 0.67924345
vt 0.82511306 0.790158
vt 0.8538412 0.79949546
vt 0.85325134 0.8264705
vt 0.8246751 0.81018645
vt 0.7657703 0.7965217
vt 0.83586264 0.85472596
vt 0.8117643 0.83116555
vt 0.7898402 0.847474
vt 0.8063344 0.87669075
vt 0.76477724 0.8547419
vt 0.74329114 0.85102177
vt 0.7725788 0.8864794
vt 0.79368716 0.91124505
vt 0.82577336 0.90194046
vt 0.8538412 0.88106203
vt 0.6772075 0.19931126
vt 0.63788444 0.24046755
vt 0.6428868 0.20024252
vt 0.6705077 0.2395823
vt 0.70954615 0.211092
vt 0.701247 0.25078034
vt 0.66506886 0.27245808
vt 0.69168985 0.282156
vt 0.63681626 0.2732246
vt 0.61450225 0.2842505
vt 0.61211854 0.25319886
vt 0.628492 0.3245287
vt 0.64137495 0.31816316
vt 0.6576866 0.3177204
vt 0.65022194 0.3638804
vt 0.6224897 0.33511186
vt 0.67305624 0.32331944
vt 0.70954615 0.2997198
vt 0.6833656 0.3334601
vt 0.7071453 0.13865519
vt 0.6727602 0.16691673
vt 0.6635613 0.16200304
vt 0.69121236 0.13014448
vt 0.7259224 0.10732603
vt 0.7075247 0.097498655
vt 0.64860016 0.1561327
vt 0.63231426 0.18683004
vt 0.6318857 0.15087867
vt 0.665299 0.11997676
vt 0.6776026 0.08575803
vt 0.7259224 0.05356747
vt 0.63634866 0.11087656
vt 0.6178964 0.14764875
vt 0.6121184 0.10528219
vt 0.64417356 0.07525003
vt 0.6161949 0.0687902
vt 0.6944434 0.041215956
vt 0.724888 0.023619354
vt 0.7015154 0.014448583
vt 0.659275 0.030161202
vt 0.6298407 0.023365319
vt 0.67540365 0.006240666
vn -0.3293182 0.8701408 -0.36661196
vn -0.90452427 -0.42238712 0.058522835
vn 0.261675 -0.41754463 -0.8701624
vn -0.2899024 -0.94919485 0.12241596
vn -0.11423822 -0.019810813 0.9932557
vn 0.6301279 0.549872 0.54825133
vn 0.29582626 -0.8643805 -0.40661147
vn 0.91942513 0.38645265 0.07288131
vn -0.24852552 0.46490765 -0.84976226
vn -0 -0.8724056 0.48878253
vn -0.48408917 -0.8742762 0.03603492
vn -0.43073362 -0.75701874 0.49131566
vn 0.0030256312 -0.99988353 0.01495236
vn 0.43073377 -0.7570187 0.49131566
vn -0.42500955 -0.835092 -0.34926805
vn 0.502137 -0.8647259 0.010365961
vn 0.7460526 -0.44177598 0.49823645
vn 0.86407167 -0.5030976 0.01652386
vn -0.0028338695 -0.9316949 -0.36323053
vn -0.3836381 -0.783948 -0.48810565
vn 0.46780908 -0.80698705 -0.3604531
vn 0.80555505 -0.47873473 -0.3491332
vn -0.005793173 -0.867268 -0.49780756
vn -0.45227233 -0.76310927 -0.46164256
vn 0.4306472 -0.74613625 -0.5077633
vn 0.73509073 -0.44574907 -0.5108319
vn -0.039475344 -0.8873384 -0.4594259
vn 0.11488836 0.021803357 -0.9931391
vn 0.4189867 -0.7847983 -0.4566636
vn 0.76202774 -0.46687436 -0.44871134
vn -0.8614674 -0.011145827 0.5076905
vn -0.86425173 0.4993993 0.06057347
vn -0.7460526 0.41948414 0.51714456
vn -0.99895537 -0.010001018 0.044587765
vn -0.7460527 -0.44177568 0.4982365
vn -0.8136466 0.47531512 -0.33474556
vn -0.8627949 -0.5039271 0.040526517
vn -0.43073362 -0.75701874 0.49131566
vn -0.48408917 -0.8742762 0.03603492
vn -0.9806128 0.12568583 -0.15033832
vn -0.7710564 0.45247814 -0.44803503
vn -0.69634 -0.6905721 -0.19550091
vn -0.42500955 -0.835092 -0.34926805
vn -0.6750839 0.40828413 -0.6144637
vn -0.8844432 0.45093948 0.12005701
vn -0.7901106 0.44318828 -0.42344928
vn -0.52822214 -0.8489679 -0.015321935
vn -0.8072382 0.3423308 -0.4808076
vn -0.55793715 -0.6805867 -0.4748765
vn -0.33952954 -0.6827164 -0.6470068
vn -0.3836381 -0.783948 -0.48810565
vn -0.9031541 -0.00251864 -0.42930898
vn 0.11488836 0.021803357 -0.9931391
vn -0.7772573 -0.4411035 -0.4486633
vn -0.45227233 -0.76310927 -0.46164256
vn -0 0.850114 0.5265985
vn 0.48499125 0.8721776 0.063949384
vn 0.43073377 0.734727 0.5240654
vn 0.0030254624 0.99826396 0.058819577
vn -0.43073365 0.7347271 0.5240654
vn 0.42403913 0.84905446 -0.3151147
vn -0.49732414 0.8652527 0.06329549
vn -0.7460526 0.41948414 0.51714456
vn -0.86425173 0.4993993 0.06057347
vn -0.002834067 0.9467383 -0.32199132
vn -0.47186434 0.8192639 -0.32580766
vn -0.8136466 0.47531512 -0.33474556
vn -0.44608265 0.77386934 -0.4495959
vn -0.7710564 0.45247814 -0.44803503
vn -0.00579326 0.8882796 -0.4592663
vn 0.38319337 0.7898345 -0.47887796
vn -0.47871852 0.77086985 -0.42022398
vn -0.7901106 0.44318828 -0.42344928
vn 0.11488836 0.021803357 -0.9931391
vn -0.03947562 0.90664625 -0.42004076
vn 0.40386993 0.81106514 -0.4231575
vn 0.7664421 0.47465074 -0.4327506
vn 0.26914266 0.67149794 -0.69040036
vn 0.7342966 0.66878116 -0.11636253
vn 0.55915177 0.811461 0.16994177
vn -0.5961275 0.6412157 -0.4831918
vn 0.55516815 0.7698679 -0.31478822
vn -0.26535583 0.50218993 -0.8230379
vn 0.48499125 0.8721776 0.063949384
vn 0.42403913 0.84905446 -0.3151147
vn 0.7342966 0.66878116 -0.11636253
vn 0.86795884 0.49425855 0.048536927
vn 0.43073377 0.734727 0.5240654
vn 0.7460527 0.4194841 0.51714456
vn 0.25211582 0.4176179 0.87294495
vn 0.43667743 0.23310076 0.868894
vn 0.8614674 -0.011145827 0.5076905
vn 0.5042316 -0.018954197 0.86336035
vn 0.9996308 -0.006464151 0.026389046
vn 0.7460526 -0.44177598 0.49823645
vn 0.4366773 -0.27100927 0.8578267
vn 0.86407167 -0.5030976 0.01652386
vn 0.80555505 -0.47873473 -0.3491332
vn 0.9652833 -0.20024297 -0.16772291
vn 0.88846475 -0.45485646 0.06112216
vn 0.55915177 0.811461 0.16994177
vn 0.82268023 -0.40536526 -0.39859277
vn 0.55516815 0.7698679 -0.31478822
vn 0.40386993 0.81106514 -0.4231575
vn 0.11488836 0.021803357 -0.9931391
vn 0.7664421 0.47465074 -0.4327506
vn 0.8992749 -0.006415912 -0.43733686
vn 0.76202774 -0.46687436 -0.44871134
vn 0.26914266 0.67149794 -0.69040036
vn 0.7664421 0.47465074 -0.4327506
vn 0.8992749 -0.006415912 -0.43733686
vn 0.67446476 -0.35369197 -0.6480735
vn -0.5961275 0.6412157 -0.4831918
vn -0.23467077 -0.69032013 -0.68438846
vn 0.76202774 -0.46687436 -0.44871134
vn 0.73509073 -0.44574907 -0.5108319
vn 0.9652833 -0.20024297 -0.16772291
vn 0.80555505 -0.47873473 -0.3491332
vn 0.4366773 -0.27100927 0.8578267
vn 0.7460526 -0.44177598 0.49823645
vn 0.43073377 -0.7570187 0.49131566
vn 0.25211588 -0.45552638 0.85377586
vn -0 -0.8724056 0.48878253
vn -0 -0.021948691 0.999759
vn 0.5042316 -0.018954197 0.86336035
vn 0.43667743 0.23310076 0.868894
vn 0.25211582 0.4176179 0.87294495
vn -0 -0.5230643 0.85229313
vn -0.43073362 -0.75701874 0.49131566
vn -0.25211573 -0.45552638 0.853776
vn -0.7460527 -0.44177568 0.4982365
vn -0.4366773 -0.27100915 0.8578268
vn -0.8614674 -0.011145827 0.5076905
vn -0.50423145 -0.0189542 0.8633605
vn -0.7460526 0.41948414 0.51714456
vn -0.43667728 0.23310076 0.8688941
vn -0.43073365 0.7347271 0.5240654
vn -0.25211573 0.4176179 0.87294495
vn -0 0.850114 0.5265985
vn -0 0.4851558 0.8744277
vn 0.43073377 0.734727 0.5240654
vn 0.54017746 -0.5070357 -0.67165697
vn 0.42208505 -0.3565101 -0.83351344
vn -0.55793715 -0.6805867 -0.4748765
vn -0.52822214 -0.8489679 -0.015321935
vn -0.33952954 -0.6827164 -0.6470068
vn -0.69634 -0.6905721 -0.19550091
vn -0 0.54937214 -0.8355777
vn 0.2654498 0.47826213 -0.8371389
vn 0.43799144 0.7690278 -0.46557468
vn -0 0.88635886 -0.46299875
vn -0.26544994 0.47826213 -0.83713883
vn 0.5 0.8658168 0.019008126
vn -0.43799168 0.76902777 -0.46557447
vn -0.45977286 0.28398618 -0.84140396
vn -0.7586237 0.4484729 -0.47261193
vn -0 0.999759 0.021948691
vn 0.43799165 0.7478541 0.49887612
vn -0 0.86518544 0.50145197
vn -0.5000001 0.86581665 0.019008122
vn -0.8660253 0.49987957 0.010974347
vn -0.43799183 0.7478541 0.498876
vn -0.75862366 0.42729932 0.49183866
vn -0 0.86518544 0.50145197
vn 0.43799165 0.7478541 0.49887612
vn 0.26545027 0.44106182 0.85732174
vn -0 0.5121718 0.85888284
vn -0.43799183 0.7478541 0.498876
vn -0 -0.021948691 0.999759
vn 0.45977288 0.24678588 0.8530566
vn 0.5308998 -0.018600078 0.8472303
vn 0.45977274 -0.2839861 0.841404
vn -0.2654503 0.44106182 0.8573217
vn -0.75862366 0.42729932 0.49183866
vn -0.4597731 0.24678594 0.8530565
vn -0.87598324 -0.0105867665 0.48222536
vn -0.5309001 -0.018600076 0.8472302
vn -0.7586239 -0.44847268 0.47261193
vn -0.45977286 -0.283986 0.841404
vn -0.43799174 -0.7690276 0.4655745
vn -0.2654501 -0.478262 0.8371389
vn -0 -0.8863589 0.46299857
vn -0 -0.549372 0.8355778
vn 0.4379916 -0.76902777 0.4655745
vn 0.2654498 -0.47826207 0.8371389
vn 0.7586237 -0.4484729 0.47261184
vn 0.43799165 0.7478541 0.49887612
vn 0.45977288 0.24678588 0.8530566
vn 0.26545027 0.44106182 0.85732174
vn 0.7586237 0.42729917 0.4918387
vn 0.5 0.8658168 0.019008126
vn 0.5308998 -0.018600078 0.8472303
vn 0.86602545 0.4998795 0.010974346
vn 0.43799144 0.7690278 -0.46557468
vn 0.75862366 0.44847277 -0.47261205
vn 0.8759833 -0.010586764 0.48222524
vn 0.45977274 -0.2839861 0.841404
vn 0.7586237 -0.4484729 0.47261184
vn 1 0 0
vn 0.87598324 0.010586766 -0.4822253
vn 0.8660253 -0.49987963 -0.0109743485
vn 0.7586237 -0.42729935 -0.4918386
vn 0.2654498 0.47826213 -0.8371389
vn 0.75862366 0.44847277 -0.47261205
vn 0.43799144 0.7690278 -0.46557468
vn 0.45977265 0.283986 -0.84140414
vn 0.87598324 0.010586766 -0.4822253
vn -0 0.021948691 -0.999759
vn -0 0.54937214 -0.8355777
vn -0.26544994 0.47826213 -0.83713883
vn -0.45977286 0.28398618 -0.84140396
vn -0.5309 0.018600078 -0.84723026
vn -0.45977288 -0.24678588 -0.8530566
vn -0.26545006 -0.44106185 -0.85732174
vn -0 -0.5121718 -0.85888296
vn 0.26544997 -0.4410619 -0.85732174
vn 0.53089976 0.018600082 -0.84723043
vn 0.7586237 -0.42729935 -0.4918386
vn 0.45977274 -0.24678591 -0.8530566
vn 0.4379916 -0.7478543 -0.49887607
vn 0.8660253 -0.49987963 -0.0109743485
vn 0.4379916 -0.76902777 0.4655745
vn 0.7586237 -0.4484729 0.47261184
vn 0.5 -0.8658168 -0.019008126
vn 0.7586237 -0.42729935 -0.4918386
vn -0 -0.8863589 0.46299857
vn 0.4379916 -0.7478543 -0.49887607
vn -0 -0.999759 -0.021948691
vn -0.43799174 -0.7690276 0.4655745
vn -0.5000002 -0.86581665 -0.019008122
vn -0 -0.86518544 -0.50145197
vn 0.26544997 -0.4410619 -0.85732174
vn -0.43799174 -0.7478541 -0.49887604
vn -0 -0.5121718 -0.85888296
vn -0.26545006 -0.44106185 -0.85732174
vn -0.5000002 -0.86581665 -0.019008122
vn -0.7586239 -0.44847268 0.47261193
vn -0.43799174 -0.7690276 0.4655745
vn -0.8660255 -0.49987942 -0.010974344
vn -0.43799174 -0.7478541 -0.49887604
vn -0.87598324 -0.0105867665 0.48222536
vn -0.75862384 -0.42729917 -0.49183863
vn -0.26545006 -0.44106185 -0.85732174
vn -0.45977288 -0.24678588 -0.8530566
vn -1 0 0
vn -0.75862366 0.42729932 0.49183866
vn -0.8660253 0.49987957 0.010974347
vn -0.8759833 0.010586765 -0.48222527
vn -0.5309 0.018600078 -0.84723026
vn -0.7586237 0.4484729 -0.47261193
vn -0.45977286 0.28398618 -0.84140396
vn -0.6729146 0.7161894 0.18509075
vn -0.367362 0.16445446 -0.91542333
vn -0.48185107 0.85993886 -0.16829944
vn -0.9677052 0.23375006 -0.094380274
vn -0.66373354 0.42514637 0.6153928
vn -0.734743 -0.40490648 0.5442457
vn -0.91176564 -0.20788375 -0.3542139
vn -0.39602968 -0.8957052 0.20216969
vn -0.05990699 0.97282994 -0.22363606
vn 0.5685749 0.049314022 -0.82115203
vn 0.44277713 0.88301635 -0.15566203
vn -0.009883719 0.1679326 -0.98574895
vn -0.367362 0.16445446 -0.91542333
vn -0.48185107 0.85993886 -0.16829944
vn -0.39602968 -0.8957052 0.20216969
vn 0.5948061 -0.7328098 -0.33044744
vn -0.078728504 -0.09569231 -0.99229276
vn -0.91176564 -0.20788375 -0.3542139
vn -0.74307746 -0.5704653 -0.34986424
vn 0.40976873 0.13864776 -0.901591
vn 0.5685749 0.049314022 -0.82115203
vn -0.27657166 -0.4830093 -0.8307889
vn 0.96206987 -0.2129179 0.17055033
vn 0.55460817 -0.6724049 0.4901851
vn 0.1908718 -0.7858405 -0.58823717
vn -0.6245562 -0.65313536 -0.42818648
vn -0.367362 0.16445446 -0.91542333
vn -0.009883719 0.1679326 -0.98574895
vn -0.15020086 -0.43586373 -0.88739085
vn 0.92871064 -0.27733427 0.24613458
vn 0.53524065 -0.6598303 0.52739114
vn -0.56176335 -0.64074296 -0.52332616
vn -0.17399517 -0.430589 -0.88561773
vn -0.734743 -0.40490648 0.5442457
vn -0.85817635 -0.50682807 0.081600204
vn 0.2292796 -0.522404 0.82129467
vn 0.74120027 -0.2539608 0.62139046
vn -0.078728504 -0.09569231 -0.99229276
vn 0.5948061 -0.7328098 -0.33044744
vn 0.1908718 -0.7858405 -0.58823717
vn -0.367362 0.16445446 -0.91542333
vn -0.078728504 -0.09569231 -0.99229276
vn -0.367362 0.16445446 -0.91542333
vn -0.9677052 0.23375006 -0.094380274
vn -0.91176564 -0.20788375 -0.3542139
vn 0.92871064 -0.27733427 0.24613458
vn 0.2292796 -0.522404 0.82129467
vn 0.68063605 0.070659816 0.72920614
vn 0.53524065 -0.6598303 0.52739114
vn 0.96206987 -0.2129179 0.17055033
vn 0.08333536 -0.93161577 0.35376173
vn 0.7137623 -0.53462905 -0.45245466
vn -0.27657166 -0.4830093 -0.8307889
vn -0.13157655 -0.015353173 -0.9911871
vn 0.90950364 0.30665866 0.28064823
vn 0.55460817 -0.6724049 0.4901851
vn 0.9996835 0.017459527 -0.018105648
vn 0.54177135 0.74395305 0.39117467
vn 0.40177876 0.53762305 0.7413065
vn 0.44277713 0.88301635 -0.15566203
vn 0.5685749 0.049314022 -0.82115203
vn 0.40976873 0.13864776 -0.901591
vn 0.7166259 -0.5309754 -0.45223036
vn -0.21013004 -0.09685561 -0.972864
vn -0.69356817 -0.679162 -0.24021247
vn -0.14315131 -0.7325256 0.6655178
vn 0.803553 -0.5797915 0.13470097
vn 0.29514936 -0.3775006 -0.87771297
vn -0.068154015 -0.9738044 0.21693337
vn 0.7166259 -0.5309754 -0.45223036
vn -0.21013004 -0.09685561 -0.972864
vn -0.8830869 -0.44917035 -0.13565953
vn 0.08333536 -0.93161577 0.35376173
vn 0.7137623 -0.53462905 -0.45245466
vn -0.13157655 -0.015353173 -0.9911871
vn -0.8611995 -0.4881416 -0.14160946
vn -0.12317096 -0.8398622 0.5286401
vn 0.7786246 -0.5857115 -0.22513542
vn 0.031288154 -0.18629628 -0.9819952
vn -0.7802622 -0.5285461 -0.33440983
vn -0.17399517 -0.430589 -0.88561773
vn 0.29514936 -0.3775006 -0.87771297
vn 0.803553 -0.5797915 0.13470097
vn 0.74120027 -0.2539608 0.62139046
vn 0.74120027 -0.2539608 0.62139046
vn 0.803553 -0.5797915 0.13470097
vn -0.14315131 -0.7325256 0.6655178
vn -0.24394031 -0.13963562 0.95968485
vn -0.11580542 -0.044070482 0.9922937
vn 0.2292796 -0.522404 0.82129467
vn -0.85817635 -0.50682807 0.081600204
vn 0.68063605 0.070659816 0.72920614
vn -0.734743 -0.40490648 0.5442457
vn 0.40177876 0.53762305 0.7413065
vn -0.035726145 0.50936115 0.85981095
vn -0.66373354 0.42514637 0.6153928
vn 0.54177135 0.74395305 0.39117467
vn -0.6729146 0.7161894 0.18509075
vn -0.48185107 0.85993886 -0.16829944
vn -0.05990699 0.97282994 -0.22363606
vn 0.44277713 0.88301635 -0.15566203
vn -0.85817635 -0.50682807 0.081600204
vn -0.69356817 -0.679162 -0.24021247
vn 0.29514936 -0.3775006 -0.87771297
vn -0.17399517 -0.430589 -0.88561773
vn -0.24394031 -0.13963562 0.95968485
vn -0.14315131 -0.7325256 0.6655178
vn -0.69356817 -0.679162 -0.24021247
vn -0.85817635 -0.50682807 0.081600204
vn 0.2292796 -0.522404 0.82129467
vn -0.12317096 -0.8398622 0.5286401
vn -0.7802622 -0.5285461 -0.33440983
vn -0.56176335 -0.64074296 -0.52332616
vn -0.15020086 -0.43586373 -0.88739085
vn 0.031288154 -0.18629628 -0.9819952
vn 0.7786246 -0.5857115 -0.22513542
vn 0.92871064 -0.27733427 0.24613458
vn -0.56176335 -0.64074296 -0.52332616
vn -0.7802622 -0.5285461 -0.33440983
vn 0.031288154 -0.18629628 -0.9819952
vn -0.15020086 -0.43586373 -0.88739085
vn 0.92871064 -0.27733427 0.24613458
vn 0.7786246 -0.5857115 -0.22513542
vn -0.12317096 -0.8398622 0.5286401
vn 0.2292796 -0.522404 0.82129467
vn 0.53524065 -0.6598303 0.52739114
vn 0.08333536 -0.93161577 0.35376173
vn -0.8611995 -0.4881416 -0.14160946
vn -0.6245562 -0.65313536 -0.42818648
vn -0.13157655 -0.015353173 -0.9911871
vn -0.27657166 -0.4830093 -0.8307889
vn 0.9996835 0.017459527 -0.018105648
vn 0.7166259 -0.5309754 -0.45223036
vn -0.068154015 -0.9738044 0.21693337
vn 0.55460817 -0.6724049 0.4901851
vn 0.55460817 -0.6724049 0.4901851
vn -0.068154015 -0.9738044 0.21693337
vn -0.8830869 -0.44917035 -0.13565953
vn -0.74307746 -0.5704653 -0.34986424
vn -0.21013004 -0.09685561 -0.972864
vn 0.40976873 0.13864776 -0.901591
vn 0.1908718 -0.7858405 -0.58823717
vn 0.5948061 -0.7328098 -0.33044744
vn -0.39602968 -0.8957052 0.20216969
vn -0.734743 -0.40490648 0.5442457
vn 0.12979311 0.76285136 0.6334125
vn 0.69331676 0.62251055 0.36303204
vn 0.8078542 -0.19324777 0.55680037
vn 0.27816072 0.24206382 0.92953277
vn 0.85958934 -0.4941415 0.13011646
vn 0.432446 0.05518566 0.8999693
vn -0.634786 0.013316184 0.772573
vn 0.65469253 -0.7491343 -0.10087296
vn 0.2237989 -0.50028074 0.83644056
vn 0.65145516 0.7505707 -0.11067827
vn 0.43817922 0.7759688 -0.45373034
vn 0.25703007 -0.09902644 -0.9613162
vn 0.94151574 0.21084622 -0.2628532
vn 0.69331676 0.62251055 0.36303204
vn -0.048556164 -0.39683723 -0.9166036
vn 0.8078542 -0.19324777 0.55680037
vn 0.8584571 -0.34482694 -0.3796652
vn 0.4150195 -0.80759126 0.4189929
vn 0.02239959 0.8636528 -0.50358915
vn -0.47424072 0.7993234 -0.36902285
vn -0.66265416 -0.19582745 -0.72286993
vn -0.08715318 -0.12979317 -0.98770326
vn 0.25703007 -0.09902644 -0.9613162
vn 0.43817922 0.7759688 -0.45373034
vn 0.4150195 -0.80759126 0.4189929
vn 0.8584571 -0.34482694 -0.3796652
vn -0.048556164 -0.39683723 -0.9166036
vn -0.6348907 -0.7724546 -0.015087932
vn -0.66265416 -0.19582745 -0.72286993
vn -0.9980606 0.013314873 0.060808957
vn -0.5206185 -0.12528993 -0.84454626
vn -0.90421903 0.34284228 0.25465032
vn -0.47424072 0.7993234 -0.36902285
vn -0.5016738 0.84036154 0.20522158
vn -0.5536847 0.3683715 0.7468169
vn -0.93400705 -0.17881063 0.30928552
vn -0.58182204 -0.39333856 0.71187615
vn -0.90327686 0.03564465 0.4275747
vn -0.108333685 -0.17650032 0.97832054
vn -0.634786 0.013316184 0.772573
vn 0.27816072 0.24206382 0.92953277
vn -0.31213492 0.7534086 0.5787461
vn 0.12979311 0.76285136 0.6334125
vn 0.02239959 0.8636528 -0.50358915
vn 0.43817922 0.7759688 -0.45373034
vn 0.69331676 0.62251055 0.36303204
vn 0.65145516 0.7505707 -0.11067827
vn 0.85958934 -0.4941415 0.13011646
vn 0.8078542 -0.19324777 0.55680037
vn -0.26725453 -0.9187902 -0.29051584
vn 0.05819577 -0.68705136 -0.7242744
vn -0.66265416 -0.19582745 -0.72286993
vn 0.25703007 -0.09902644 -0.9613162
vn -0.08715318 -0.12979317 -0.98770326
vn -0.40591675 -0.61402225 -0.6769106
vn 0.65469253 -0.7491343 -0.10087296
vn 0.4880859 -0.7932127 -0.3641231
vn -0.108333685 -0.17650032 0.97832054
vn -0.634786 0.013316184 0.772573
vn 0.034348518 -0.69159085 -0.721472
vn 0.5624236 -0.7787008 -0.2780372
vn -0.90327686 0.03564465 0.4275747
vn -0.58182204 -0.39333856 0.71187615
vn 0.16670786 -0.72461474 -0.6686865
vn -0.5206185 -0.12528993 -0.84454626
vn 0.6902734 -0.68125236 -0.24375767
vn -0.93400705 -0.17881063 0.30928552
vn -0.5595463 -0.56945205 0.60218954
vn -0.048556164 -0.39683723 -0.9166036
vn 0.25703007 -0.09902644 -0.9613162
vn -0.26725453 -0.9187902 -0.29051584
vn -0.6348907 -0.7724546 -0.015087932
vn 0.65469253 -0.7491343 -0.10087296
vn -0.40591675 -0.61402225 -0.6769106
vn -0.78214926 -0.47615498 0.40189418
vn 0.2237989 -0.50028074 0.83644056
vn 0.09138478 -0.8633481 0.4962647
vn 0.8568779 -0.5065619 -0.09568286
vn 0.0842434 -0.39765388 -0.9136597
vn -0.7704244 -0.6123098 -0.17754667
vn -0.04129661 -0.77501154 0.63059616
vn 0.83425665 -0.5445197 -0.086683154
vn 0.0043146163 -0.32232502 -0.946619
vn -0.76762587 -0.61597896 -0.17697585
vn 0.18614367 -0.64326584 0.7426704
vn 0.72928536 -0.6382529 -0.24652801
vn -0.15672235 -0.47518948 -0.86581326
vn -0.8032348 -0.5925222 0.061081998
vn -0.90327686 0.03564465 0.4275747
vn -0.108333685 -0.17650032 0.97832054
vn 0.05819577 -0.68705136 -0.7242744
vn -0.634786 0.013316184 0.772573
vn -0.78214926 -0.47615498 0.40189418
vn -0.40591675 -0.61402225 -0.6769106
vn -0.634786 0.013316184 0.772573
vn 0.432446 0.05518566 0.8999693
vn 0.2237989 -0.50028074 0.83644056
vn -0.78214926 -0.47615498 0.40189418
vn -0.108333685 -0.17650032 0.97832054
vn 0.4880859 -0.7932127 -0.3641231
vn 0.72928536 -0.6382529 -0.24652801
vn 0.18614367 -0.64326584 0.7426704
vn 0.034348518 -0.69159085 -0.721472
vn -0.90327686 0.03564465 0.4275747
vn -0.8032348 -0.5925222 0.061081998
vn -0.15672235 -0.47518948 -0.86581326
vn 0.4880859 -0.7932127 -0.3641231
vn 0.72928536 -0.6382529 -0.24652801
vn 0.16670786 -0.72461474 -0.6686865
vn -0.93400705 -0.17881063 0.30928552
vn -0.76762587 -0.61597896 -0.17697585
vn 0.0043146163 -0.32232502 -0.946619
vn -0.93400705 -0.17881063 0.30928552
vn -0.58182204 -0.39333856 0.71187615
vn -0.04129661 -0.77501154 0.63059616
vn -0.76762587 -0.61597896 -0.17697585
vn -0.58182204 -0.39333856 0.71187615
vn 0.5624236 -0.7787008 -0.2780372
vn 0.83425665 -0.5445197 -0.086683154
vn -0.04129661 -0.77501154 0.63059616
vn 0.5624236 -0.7787008 -0.2780372
vn 0.16670786 -0.72461474 -0.6686865
vn 0.0043146163 -0.32232502 -0.946619
vn 0.83425665 -0.5445197 -0.086683154
vn -0.9980606 0.013314873 0.060808957
vn 0.09138478 -0.8633481 0.4962647
vn -0.7704244 -0.6123098 -0.17754667
vn -0.5595463 -0.56945205 0.60218954
vn -0.90421903 0.34284228 0.25465032
vn -0.93400705 -0.17881063 0.30928552
vn -0.5595463 -0.56945205 0.60218954
vn 0.6902734 -0.68125236 -0.24375767
vn 0.8568779 -0.5065619 -0.09568286
vn 0.09138478 -0.8633481 0.4962647
vn 0.6902734 -0.68125236 -0.24375767
vn -0.5206185 -0.12528993 -0.84454626
vn 0.0842434 -0.39765388 -0.9136597
vn 0.8568779 -0.5065619 -0.09568286
vn -0.5206185 -0.12528993 -0.84454626
vn -0.9980606 0.013314873 0.060808957
vn -0.7704244 -0.6123098 -0.17754667
vn 0.0842434 -0.39765388 -0.9136597
vn -0.26725453 -0.9187902 -0.29051584
vn 0.8078542 -0.19324777 0.55680037
vn 0.4150195 -0.80759126 0.4189929
vn -0.6348907 -0.7724546 -0.015087932
vn -0.55793715 -0.6805867 -0.4748765
vn 0.42208505 -0.3565101 -0.83351344
vn 0.14414817 0.5444535 -0.82631207
vn -0.8072382 0.3423308 -0.4808076
vn 0.22259735 0.82936645 -0.5124465
vn 0.14414817 0.5444535 -0.82631207
vn 0.42208505 -0.3565101 -0.83351344
vn 0.54017746 -0.5070357 -0.67165697
vn -0.8844432 0.45093948 0.12005701
vn -0.8072382 0.3423308 -0.4808076
vn 0.14414817 0.5444535 -0.82631207
vn 0.22259735 0.82936645 -0.5124465
vn -0.9806128 0.12568583 -0.15033832
vn -0.6750839 0.40828413 -0.6144637
vn -0.6750839 0.40828413 -0.6144637
vn 0.22259735 0.82936645 -0.5124465
vn 0.54017746 -0.5070357 -0.67165697
vn -0.33952954 -0.6827164 -0.6470068
vn 0.9652833 -0.20024297 -0.16772291
vn -0.23467077 -0.69032013 -0.68438846
vn 0.67446476 -0.35369197 -0.6480735
vn 0.88846475 -0.45485646 0.06112216
vn -0.07796137 -0.42973346 -0.8995838
vn 0.82268023 -0.40536526 -0.39859277
vn 0.55516815 0.7698679 -0.31478822
vn -0.26535583 0.50218993 -0.8230379
vn -0.07796137 -0.42973346 -0.8995838
vn 0.82268023 -0.40536526 -0.39859277
vn -0.23467077 -0.69032013 -0.68438846
vn -0.07796137 -0.42973346 -0.8995838
vn -0.26535583 0.50218993 -0.8230379
vn -0.5961275 0.6412157 -0.4831918
vn 0.6301279 0.549872 0.54825133
vn -0.11423822 -0.019810813 0.9932557
vn -0.85793316 0.46933082 -0.20899579
vn -0.24852552 0.46490765 -0.84976226
vn 0.91942513 0.38645265 0.07288131
vn -0.751975 -0.5245307 0.39925063
vn 0.11533754 -0.019448051 0.9931358
vn 0.86221504 -0.4805894 0.16005984
vn -0.6128043 -0.6003114 0.5139037
vn 0.87334734 -0.42659113 -0.23512603
vn 0.7279037 -0.48562807 -0.48406765
vn -0.5661367 -0.51503277 0.6436073
vn 0.261675 -0.41754463 -0.8701624
vn -0.90452427 -0.42238712 0.058522835
vn 0.08469415 0.98926073 0.11912184
vn 0.87334734 -0.42659113 -0.23512603
vn 0.25285387 0.9546442 0.157223
vn 0.7279037 -0.48562807 -0.48406765
vn -0.3293182 0.8701408 -0.36661196
vn 0.261675 -0.41754463 -0.8701624
vn 0.29582626 -0.8643805 -0.40661147
vn -0.24852552 0.46490765 -0.84976226
vn -0.85793316 0.46933082 -0.20899579
vn -0.2899024 -0.94919485 0.12241596
vn -0.11423822 -0.019810813 0.9932557
vn 0.07687473 0.94127506 0.3287726
vn 0.11533754 -0.019448051 0.9931358
vn -0.751975 -0.5245307 0.39925063
vn 0.25285387 0.9546442 0.157223
vn -0.6128043 -0.6003114 0.5139037
vn 0.86221504 -0.4805894 0.16005984
vn 0.11533754 -0.019448051 0.9931358
vn 0.07687473 0.94127506 0.3287726
vn 0.87334734 -0.42659113 -0.23512603
vn 0.25285387 0.9546442 0.157223
vn -0.5661367 -0.51503277 0.6436073
vn 0.25285387 0.9546442 0.157223
vn -0.6128043 -0.6003114 0.5139037
vn 0.08469415 0.98926073 0.11912184
vn -0.90452427 -0.42238712 0.058522835
vn -0.3293182 0.8701408 -0.36661196
vn 0.91942513 0.38645265 0.07288131
vn 0.29582626 -0.8643805 -0.40661147
vn -0.2899024 -0.94919485 0.12241596
vn 0.6301279 0.549872 0.54825133
vn 0.026454523 -0.04041934 0.9988326
vn -0.5039003 -0.39895338 0.76610744
vn -0.48823413 -0.00563699 0.87269443
vn 0.024337396 -0.44567654 0.8948631
vn 0.5336535 -0.0040486455 0.84569347
vn -0.4723908 -0.6239553 0.6225164
vn 0.5448912 -0.397323 0.7383958
vn 0.8695261 0.08670889 0.48621595
vn 0.8834779 -0.28118992 0.37469846
vn 0.020569524 -0.67355025 0.73885524
vn -0.3978175 -0.8147514 0.42180723
vn 0.50654215 -0.6224333 0.5966505
vn 0.8244415 -0.50093985 0.26335433
vn 0.014954098 -0.85672677 0.5155537
vn -0.006590279 -0.952188 -0.3054417
vn 0.42206705 -0.8134768 0.40014377
vn 0.69233733 -0.710592 0.125412
vn -0.72611684 0.64675695 0.2333661
vn -0.97494054 0.20181867 0.093594916
vn -0.87607986 0.32801145 -0.3534013
vn -0.65434635 0.7501631 -0.09532258
vn -0.54083955 0.4354748 -0.71962094
vn 0.0065496285 0.9526714 0.30393168
vn -0.40134913 0.841668 -0.36126715
vn -0.023911472 0.4804473 -0.8766976
vn -0.013899773 0.880272 -0.47426605
vn 0.50072765 0.4370935 -0.74714184
vn 0.37909448 0.84288114 -0.38188833
vn 0.64606583 0.7521844 -0.12968287
vn -0.69114786 -0.49722022 -0.5244869
vn -0.006590279 -0.952188 -0.3054417
vn -0.42019117 -0.43041787 -0.7988616
vn -0.023505904 -0.40613413 -0.9135111
vn -0.50624 -0.14582723 -0.8499738
vn -0.02608091 -0.11027461 -0.9935589
vn -0.547384 0.08729884 -0.8323158
vn 0.37875402 -0.42917588 -0.8199717
vn -0.026394898 0.12799701 -0.99142337
vn -0.54083955 0.4354748 -0.71962094
vn -0.023911472 0.4804473 -0.8766976
vn 0.46109903 -0.1443237 -0.8755331
vn 0.5023936 0.08893058 -0.86005354
vn 0.50072765 0.4370935 -0.74714184
vn 0.79692537 -0.23533212 -0.55635303
vn 0.8598868 -0.011843368 -0.5103471
vn 0.66402787 -0.4951136 -0.56029415
vn 0.7737353 -0.5941093 -0.21992724
vn 0.69233733 -0.710592 0.125412
vn -0.87607986 0.32801145 -0.3534013
vn -0.547384 0.08729884 -0.8323158
vn -0.54083955 0.4354748 -0.71962094
vn -0.88559663 -0.014557004 -0.46422696
vn -0.97494054 0.20181867 0.093594916
vn -0.50624 -0.14582723 -0.8499738
vn -0.9891125 -0.14609012 -0.017722055
vn -0.84290195 0.08404711 0.5314623
vn -0.8244584 -0.2378524 -0.5135121
vn -0.42019117 -0.43041787 -0.7988616
vn -0.69114786 -0.49722022 -0.5244869
vn -0.8615803 -0.28390265 0.42080706
vn -0.48823413 -0.00563699 0.87269443
vn -0.5039003 -0.39895338 0.76610744
vn -0.92608833 -0.36386877 -0.099798486
vn -0.80782366 -0.50347704 0.3064827
vn -0.4723908 -0.6239553 0.6225164
vn -0.78241986 -0.5965283 -0.17881
vn -0.006590279 -0.952188 -0.3054417
vn -0.68253744 -0.7127292 0.1617396
vn -0.3978175 -0.8147514 0.42180723
vn 0.50072765 0.4370935 -0.74714184
vn 0.5023936 0.08893058 -0.86005354
vn 0.8598868 -0.011843368 -0.5103471
vn 0.8551716 0.33070263 -0.39914548
vn 0.37909448 0.84288114 -0.38188833
vn 0.64606583 0.7521844 -0.12968287
vn 0.98724556 -0.14301766 -0.06994256
vn 0.9778911 0.20485438 0.041995913
vn 0.9206519 -0.36099815 -0.14859396
vn 0.79692537 -0.23533212 -0.55635303
vn 0.7737353 -0.5941093 -0.21992724
vn 0.66402787 -0.4951136 -0.56029415
vn 0.69233733 -0.710592 0.125412
vn 0.8244415 -0.50093985 0.26335433
vn 0.8834779 -0.28118992 0.37469846
vn 0.8695261 0.08670889 0.48621595
vn 0.7354145 0.6490287 0.19474873
vn 0.0065496285 0.9526714 0.30393168
vn 0.64560777 0.56065774 0.51851094
vn 0.5336535 -0.0040486455 0.84569347
vn 0.391213 0.50054014 0.7722772
vn 0.0065496285 0.9526714 0.30393168
vn 0.64560777 0.56065774 0.51851094
vn 0.391213 0.50054014 0.7722772
vn 0.02245216 0.47835448 0.8778798
vn 0.026454523 -0.04041934 0.9988326
vn 0.5336535 -0.0040486455 0.84569347
vn -0.48823413 -0.00563699 0.87269443
vn -0.35143775 0.4993858 0.7918998
vn -0.84290195 0.08404711 0.5314623
vn -0.6190641 0.55869204 0.55192655
vn -0.72611684 0.64675695 0.2333661
vn -0.97494054 0.20181867 0.093594916
vn -0.5227513 0.36500362 0.7703915
vn -0.55647117 -0.047813565 0.8294898
vn -0.90827566 -0.06799787 0.4128093
vn -0.86749065 0.33522782 0.36753508
vn -0.3488415 0.7912083 0.5022936
vn -0.6032212 0.7679719 0.21527496
vn -0.9544555 0.27265716 -0.12113048
vn -0.68004674 0.72013617 -0.13762397
vn 0.048634186 0.99439895 -0.09383705
vn 0.013438582 0.7768986 0.6294821
vn -0.018966615 0.34751117 0.9374837
vn 0.37007284 0.7353378 0.56773597
vn -0.86749065 0.33522782 0.36753508
vn -0.99002427 -0.10904606 -0.08922277
vn -0.9544555 0.27265716 -0.12113048
vn -0.90827566 -0.06799787 0.4128093
vn -0.9324053 -0.35485953 -0.06851982
vn -0.85428894 -0.3310145 0.4007739
vn -0.55647117 -0.047813565 0.8294898
vn -0.5252289 -0.31919813 0.78882617
vn -0.7271358 -0.58476055 0.35962287
vn -0.44973364 -0.5767507 0.681981
vn -0.79788357 -0.60193133 -0.032561928
vn -0.047753513 -0.9945642 0.09252891
vn -0.046345055 -0.5749051 0.81690633
vn -0.67160803 -0.6345475 -0.3824813
vn -0.3902876 -0.68063325 -0.620011
vn -0.78081286 -0.39285633 -0.48579317
vn -0.8290898 -0.16184402 -0.535179
vn -0.44877768 -0.44161698 -0.77689946
vn -0.9544555 0.27265716 -0.12113048
vn -0.99002427 -0.10904606 -0.08922277
vn -0.8290898 -0.16184402 -0.535179
vn -0.8018913 0.20168342 -0.5624001
vn -0.68004674 0.72013617 -0.13762397
vn -0.57750326 0.6704489 -0.4658198
vn 0.048634186 0.99439895 -0.09383705
vn -0.3203153 0.634529 -0.7033995
vn 0.048504468 0.616777 -0.78564185
vn 0.038910337 0.097947925 -0.9944304
vn -0.454231 0.13964814 -0.87987053
vn 0.018616006 -0.26621562 -0.96373355
vn -0.47673863 -0.21869408 -0.8514064
vn 0.011177614 -0.4858507 -0.87397015
vn -0.44877768 -0.44161698 -0.77689946
vn -0.78081286 -0.39285633 -0.48579317
vn 0.048504468 0.616777 -0.78564185
vn 0.038910337 0.097947925 -0.9944304
vn 0.5546065 0.0869537 -0.82755685
vn 0.43355262 0.614921 -0.6587139
vn 0.048634186 0.99439895 -0.09383705
vn 0.90377545 0.11046767 -0.41350532
vn 0.69654596 0.6261582 -0.35035613
vn 0.7594816 0.65016025 0.02189339
vn 0.98331344 0.16045807 0.08571971
vn 0.63607883 0.688017 0.34933665
vn 0.37007284 0.7353378 0.56773597
vn 0.8196419 0.22515653 0.5267747
vn 0.8119787 -0.13808766 0.56711745
vn 0.9726232 -0.19771278 0.12212147
vn 0.89029825 -0.2535971 -0.37822935
vn 0.5546065 0.0869537 -0.82755685
vn 0.89029825 -0.2535971 -0.37822935
vn 0.90377545 0.11046767 -0.41350532
vn 0.5377886 -0.2818528 -0.7945703
vn 0.038910337 0.097947925 -0.9944304
vn 0.018616006 -0.26621562 -0.96373355
vn 0.4876021 -0.500826 -0.7151344
vn 0.011177614 -0.4858507 -0.87397015
vn 0.8144069 -0.47422332 -0.33444515
vn 0.89753777 -0.4221276 0.12741321
vn 0.9726232 -0.19771278 0.12212147
vn 0.7349822 -0.6643436 0.13582629
vn 0.65576065 -0.71440226 -0.24414629
vn 0.38272458 -0.7394384 -0.5538524
vn -0.047753513 -0.9945642 0.09252891
vn 0.6205449 -0.61584204 0.48545057
vn -0.0076432526 -0.7240057 -0.6897515
vn -0.44877768 -0.44161698 -0.77689946
vn -0.3902876 -0.68063325 -0.620011
vn 0.89753777 -0.4221276 0.12741321
vn 0.7349822 -0.6643436 0.13582629
vn 0.6205449 -0.61584204 0.48545057
vn 0.7526274 -0.37065786 0.54421
vn 0.9726232 -0.19771278 0.12212147
vn 0.8119787 -0.13808766 0.56711745
vn 0.34374297 -0.58540493 0.7342625
vn -0.047753513 -0.9945642 0.09252891
vn -0.046345055 -0.5749051 0.81690633
vn 0.42294538 -0.33523902 0.841862
vn 0.4589842 -0.08806969 0.8840684
vn 0.8196419 0.22515653 0.5267747
vn -0.041432284 -0.3192472 0.9467651
vn -0.44973364 -0.5767507 0.681981
vn -0.5252289 -0.31919813 0.78882617
vn -0.03741187 -0.055390775 0.9977635
vn -0.55647117 -0.047813565 0.8294898
vn 0.4674582 0.29324088 0.8339618
vn 0.63607883 0.688017 0.34933665
vn 0.37007284 0.7353378 0.56773597
vn -0.018966615 0.34751117 0.9374837
vn -0.5227513 0.36500362 0.7703915
vn 0.013438582 0.7768986 0.6294821
g 0.3333_0
f 3/3/3 2/2/2 1/1/1
f 6/6/6 5/5/5 4/4/4
f 9/9/9 8/8/8 7/7/7
f 12/12/12 11/11/11 10/10/10
f 11/11/11 13/13/13 10/10/10
f 10/10/10 13/13/13 14/14/14
f 11/11/11 15/15/15 13/13/13
f 13/13/13 16/16/16 14/14/14
f 14/14/14 16/16/16 17/17/17
f 16/16/16 18/18/18 17/17/17
f 15/15/15 19/19/19 13/13/13
f 13/13/13 19/19/19 16/16/16
f 15/15/15 20/20/20 19/19/19
f 16/16/16 21/21/21 18/18/18
f 19/19/19 21/21/21 16/16/16
f 21/21/21 22/22/22 18/18/18
f 20/20/20 23/23/23 19/19/19
f 19/19/19 23/23/23 21/21/21
f 20/20/20 24/24/24 23/23/23
f 21/21/21 25/25/25 22/22/22
f 23/23/23 25/25/25 21/21/21
f 25/25/25 26/26/26 22/22/22
f 24/24/24 27/27/27 23/23/23
f 23/23/23 27/27/27 25/25/25
f 24/24/24 28/28/28 27/27/27
f 25/25/25 29/29/29 26/26/26
f 27/27/27 29/29/29 25/25/25
f 27/27/27 28/28/28 29/29/29
f 29/29/29 30/30/30 26/26/26
f 29/29/29 28/28/28 30/30/30
f 33/33/33 32/32/32 31/31/31
f 32/32/32 34/34/34 31/31/31
f 31/31/31 34/34/34 35/35/35
f 32/32/32 36/36/36 34/34/34
f 34/34/34 37/37/37 35/35/35
f 35/35/35 37/37/37 38/38/38
f 37/37/37 39/39/39 38/38/38
f 36/36/36 40/40/40 34/34/34
f 34/34/34 40/40/40 37/37/37
f 36/36/36 41/41/41 40/40/40
f 37/37/37 42/42/42 39/39/39
f 40/40/40 42/42/42 37/37/37
f 42/42/42 43/43/43 39/39/39
f 41/41/41 44/44/44 40/40/40
f 40/40/40 45/45/45 42/42/42
f 41/41/41 46/46/46 44/44/44
f 45/45/45 47/47/47 42/42/42
f 45/45/45 48/48/48 47/47/47
f 48/48/48 49/49/49 47/47/47
f 42/42/42 50/50/50 43/43/43
f 50/50/50 51/51/51 43/43/43
f 46/46/46 52/52/52 44/44/44
f 44/44/44 52/52/52 50/50/50
f 46/46/46 53/53/53 52/52/52
f 50/50/50 54/54/54 51/51/51
f 52/52/52 54/54/54 50/50/50
f 52/52/52 53/53/53 54/54/54
f 54/54/54 55/55/55 51/51/51
f 54/54/54 53/53/53 55/55/55
f 58/58/58 57/57/57 56/56/56
f 57/57/57 59/59/59 56/56/56
f 56/56/56 59/59/59 60/60/60
f 57/57/57 61/61/61 59/59/59
f 59/59/59 62/62/62 60/60/60
f 60/60/60 62/62/62 63/63/63
f 62/62/62 64/64/64 63/63/63
f 59/59/59 65/65/65 62/62/62
f 61/61/61 65/65/65 59/59/59
f 62/62/62 66/66/66 64/64/64
f 65/65/65 66/66/66 62/62/62
f 66/66/66 67/67/67 64/64/64
f 66/66/66 68/68/68 67/67/67
f 68/68/68 69/69/69 67/67/67
f 65/65/65 70/70/70 66/66/66
f 70/70/70 68/68/68 66/66/66
f 61/61/61 71/71/71 65/65/65
f 71/71/71 70/70/70 65/65/65
f 68/68/68 72/72/72 69/69/69
f 72/72/72 73/73/73 69/69/69
f 72/72/72 74/74/74 73/73/73
f 75/75/75 72/72/72 68/68/68
f 75/75/75 74/74/74 72/72/72
f 70/70/70 75/75/75 68/68/68
f 76/76/76 74/74/74 75/75/75
f 76/76/76 75/75/75 70/70/70
f 71/71/71 76/76/76 70/70/70
f 77/77/77 76/76/76 71/71/71
f 78/78/78 77/77/77 71/71/71
f 78/78/78 71/71/71 61/61/61
f 79/79/79 78/78/78 61/61/61
f 79/79/79 80/80/80 78/78/78
f 80/80/80 81/81/81 78/78/78
f 80/80/80 82/82/82 81/81/81
f 82/82/82 83/83/83 81/81/81
f 86/86/86 85/85/85 84/84/84
f 87/87/87 86/86/86 84/84/84
f 87/87/87 84/84/84 88/88/88
f 89/89/89 87/87/87 88/88/88
f 89/89/89 88/88/88 90/90/90
f 91/91/91 89/89/89 90/90/90
f 92/92/92 89/89/89 91/91/91
f 93/93/93 92/92/92 91/91/91
f 94/94/94 87/87/87 89/89/89
f 92/92/92 94/94/94 89/89/89
f 95/95/95 92/92/92 93/93/93
f 96/96/96 95/95/95 93/93/93
f 95/95/95 97/97/97 92/92/92
f 97/97/97 94/94/94 92/92/92
f 97/97/97 98/98/98 94/94/94
f 98/98/98 99/99/99 94/94/94
f 94/94/94 99/99/99 87/87/87
f 99/99/99 86/86/86 87/87/87
f 99/99/99 100/100/100 86/86/86
f 100/100/100 101/101/101 86/86/86
f 100/100/100 102/102/102 101/101/101
f 102/102/102 103/103/103 101/101/101
f 106/106/106 105/105/105 104/104/104
f 107/107/107 105/105/105 106/106/106
f 108/108/108 105/105/105 107/107/107
f 111/111/111 110/110/110 109/109/109
f 112/112/112 111/111/111 109/109/109
f 109/109/109 113/113/113 112/112/112
f 113/113/113 114/114/114 112/112/112
f 115/115/115 111/111/111 112/112/112
f 116/116/116 115/115/115 112/112/112
f 116/116/116 112/112/112 117/117/117
f 118/118/118 116/116/116 117/117/117
f 121/121/121 120/120/120 119/119/119
f 122/122/122 121/121/121 119/119/119
f 123/123/123 121/121/121 122/122/122
f 122/122/122 119/119/119 124/124/124
f 119/119/119 125/125/125 124/124/124
f 125/125/125 126/126/126 124/124/124
f 126/126/126 127/127/127 124/124/124
f 128/128/128 122/122/122 124/124/124
f 128/128/128 123/123/123 122/122/122
f 129/129/129 123/123/123 128/128/128
f 130/130/130 129/129/129 128/128/128
f 130/130/130 128/128/128 124/124/124
f 131/131/131 129/129/129 130/130/130
f 132/132/132 131/131/131 130/130/130
f 132/132/132 130/130/130 124/124/124
f 133/133/133 131/131/131 132/132/132
f 134/134/134 133/133/133 132/132/132
f 134/134/134 132/132/132 124/124/124
f 135/135/135 133/133/133 134/134/134
f 136/136/136 135/135/135 134/134/134
f 136/136/136 134/134/134 124/124/124
f 137/137/137 135/135/135 136/136/136
f 138/138/138 137/137/137 136/136/136
f 138/138/138 136/136/136 124/124/124
f 139/139/139 137/137/137 138/138/138
f 140/140/140 138/138/138 124/124/124
f 140/140/140 139/139/139 138/138/138
f 127/127/127 140/140/140 124/124/124
f 141/141/141 139/139/139 140/140/140
f 127/127/127 141/141/141 140/140/140
f 144/144/144 143/143/143 142/142/142
f 145/145/145 144/144/144 142/142/142
f 145/145/145 142/142/142 146/146/146
f 147/147/147 145/145/145 146/146/146
f 150/150/150 149/149/149 148/148/148
f 151/151/151 150/150/150 148/148/148
f 151/151/151 148/148/148 152/152/152
f 153/153/153 150/150/150 151/151/151
f 154/154/154 151/151/151 152/152/152
f 154/154/154 152/152/152 155/155/155
f 156/156/156 154/154/154 155/155/155
f 157/157/157 153/153/153 151/151/151
f 157/157/157 151/151/151 154/154/154
f 158/158/158 153/153/153 157/157/157
f 159/159/159 158/158/158 157/157/157
f 160/160/160 154/154/154 156/156/156
f 160/160/160 157/157/157 154/154/154
f 159/159/159 157/157/157 160/160/160
f 161/161/161 160/160/160 156/156/156
f 162/162/162 159/159/159 160/160/160
f 162/162/162 160/160/160 161/161/161
f 163/163/163 162/162/162 161/161/161
f 166/166/166 165/165/165 164/164/164
f 167/167/167 166/166/166 164/164/164
f 167/167/167 164/164/164 168/168/168
f 169/169/169 166/166/166 167/167/167
f 169/169/169 170/170/170 166/166/166
f 169/169/169 171/171/171 170/170/170
f 169/169/169 172/172/172 171/171/171
f 169/169/169 167/167/167 173/173/173
f 173/173/173 167/167/167 168/168/168
f 173/173/173 168/168/168 174/174/174
f 175/175/175 173/173/173 174/174/174
f 169/169/169 173/173/173 175/175/175
f 175/175/175 174/174/174 176/176/176
f 177/177/177 175/175/175 176/176/176
f 169/169/169 175/175/175 177/177/177
f 177/177/177 176/176/176 178/178/178
f 179/179/179 177/177/177 178/178/178
f 169/169/169 177/177/177 179/179/179
f 179/179/179 178/178/178 180/180/180
f 181/181/181 179/179/179 180/180/180
f 169/169/169 179/179/179 181/181/181
f 181/181/181 180/180/180 182/182/182
f 183/183/183 181/181/181 182/182/182
f 169/169/169 181/181/181 183/183/183
f 183/183/183 182/182/182 184/184/184
f 169/169/169 185/185/185 172/172/172
f 169/169/169 183/183/183 185/185/185
f 185/185/185 183/183/183 184/184/184
f 172/172/172 185/185/185 186/186/186
f 185/185/185 184/184/184 186/186/186
f 189/189/189 188/188/188 187/187/187
f 188/188/188 190/190/190 187/187/187
f 187/187/187 190/190/190 191/191/191
f 188/188/188 192/192/192 190/190/190
f 190/190/190 193/193/193 191/191/191
f 191/191/191 193/193/193 194/194/194
f 193/193/193 195/195/195 194/194/194
f 192/192/192 196/196/196 190/190/190
f 190/190/190 196/196/196 193/193/193
f 192/192/192 197/197/197 196/196/196
f 197/197/197 198/198/198 196/196/196
f 193/193/193 199/199/199 195/195/195
f 196/196/196 199/199/199 193/193/193
f 196/196/196 198/198/198 199/199/199
f 199/199/199 200/200/200 195/195/195
f 198/198/198 201/201/201 199/199/199
f 199/199/199 201/201/201 200/200/200
f 201/201/201 202/202/202 200/200/200
f 205/205/205 204/204/204 203/203/203
f 204/204/204 206/206/206 203/203/203
f 204/204/204 207/207/207 206/206/206
f 203/203/203 206/206/206 208/208/208
f 209/209/209 203/203/203 208/208/208
f 210/210/210 209/209/209 208/208/208
f 211/211/211 210/210/210 208/208/208
f 212/212/212 211/211/211 208/208/208
f 213/213/213 212/212/212 208/208/208
f 214/214/214 213/213/213 208/208/208
f 215/215/215 214/214/214 208/208/208
f 216/216/216 215/215/215 208/208/208
f 207/207/207 217/217/217 206/206/206
f 206/206/206 217/217/217 208/208/208
f 207/207/207 218/218/218 217/217/217
f 219/219/219 216/216/216 208/208/208
f 217/217/217 219/219/219 208/208/208
f 218/218/218 219/219/219 217/217/217
f 220/220/220 216/216/216 219/219/219
f 218/218/218 220/220/220 219/219/219
f 223/223/223 222/222/222 221/221/221
f 222/222/222 224/224/224 221/221/221
f 221/221/221 224/224/224 225/225/225
f 222/222/222 226/226/226 224/224/224
f 224/224/224 227/227/227 225/225/225
f 226/226/226 228/228/228 224/224/224
f 224/224/224 228/228/228 227/227/227
f 226/226/226 229/229/229 228/228/228
f 229/229/229 230/230/230 228/228/228
f 228/228/228 231/231/231 227/227/227
f 228/228/228 230/230/230 231/231/231
f 227/227/227 231/231/231 232/232/232
f 230/230/230 233/233/233 231/231/231
f 231/231/231 234/234/234 232/232/232
f 231/231/231 233/233/233 234/234/234
f 233/233/233 235/235/235 234/234/234
f 238/238/238 237/237/237 236/236/236
f 237/237/237 239/239/239 236/236/236
f 236/236/236 239/239/239 240/240/240
f 237/237/237 241/241/241 239/239/239
f 239/239/239 242/242/242 240/240/240
f 240/240/240 242/242/242 243/243/243
f 242/242/242 244/244/244 243/243/243
f 241/241/241 245/245/245 239/239/239
f 239/239/239 245/245/245 242/242/242
f 241/241/241 246/246/246 245/245/245
f 246/246/246 247/247/247 245/245/245
f 242/242/242 248/248/248 244/244/244
f 245/245/245 248/248/248 242/242/242
f 245/245/245 247/247/247 248/248/248
f 248/248/248 249/249/249 244/244/244
f 247/247/247 250/250/250 248/248/248
f 248/248/248 250/250/250 249/249/249
f 250/250/250 251/251/251 249/249/249
f 254/254/254 253/253/253 252/252/252
f 253/253/253 255/255/255 252/252/252
f 252/252/252 255/255/255 256/256/256
f 255/255/255 257/257/257 256/256/256
f 255/255/255 258/258/258 257/257/257
f 258/258/258 259/259/259 257/257/257
f 262/262/262 261/261/261 260/260/260
f 261/261/261 263/263/263 260/260/260
f 260/260/260 263/263/263 264/264/264
f 265/265/265 260/260/260 264/264/264
f 268/268/268 267/267/267 266/266/266
f 269/269/269 268/268/268 266/266/266
f 272/272/272 271/271/271 270/270/270
f 270/270/270 273/273/273 272/272/272
f 273/273/273 270/270/270 274/274/274
f 270/270/270 275/275/275 274/274/274
f 273/273/273 276/276/276 272/272/272
f 273/273/273 277/277/277 276/276/276
f 272/272/272 276/276/276 278/278/278
f 279/279/279 272/272/272 278/278/278
f 277/277/277 280/280/280 276/276/276
f 280/280/280 277/277/277 281/281/281
f 277/277/277 282/282/282 281/281/281
f 280/280/280 283/283/283 276/276/276
f 283/283/283 284/284/284 276/276/276
f 284/284/284 285/285/285 276/276/276
f 284/284/284 286/286/286 285/285/285
f 284/284/284 283/283/283 287/287/287
f 288/288/288 284/284/284 287/287/287
f 291/291/291 290/290/290 289/289/289
f 292/292/292 291/291/291 289/289/289
f 295/295/295 294/294/294 293/293/293
f 296/296/296 295/295/295 293/293/293
f 299/299/299 298/298/298 297/297/297
f 297/297/297 300/300/300 299/299/299
f 300/300/300 301/301/301 299/299/299
f 300/300/300 302/302/302 301/301/301
f 302/302/302 303/303/303 301/301/301
f 301/301/301 303/303/303 304/304/304
f 303/303/303 305/305/305 304/304/304
f 301/301/301 306/306/306 299/299/299
f 301/301/301 307/307/307 306/306/306
f 307/307/307 308/308/308 306/306/306
f 299/299/299 306/306/306 309/309/309
f 310/310/310 299/299/299 309/309/309
f 309/309/309 306/306/306 311/311/311
f 306/306/306 312/312/312 311/311/311
f 306/306/306 308/308/308 312/312/312
f 308/308/308 313/313/313 312/312/312
f 308/308/308 314/314/314 313/313/313
f 314/314/314 315/315/315 313/313/313
f 318/318/318 317/317/317 316/316/316
f 319/319/319 318/318/318 316/316/316
f 322/322/322 321/321/321 320/320/320
f 323/323/323 322/322/322 320/320/320
f 326/326/326 325/325/325 324/324/324
f 327/327/327 326/326/326 324/324/324
f 330/330/330 329/329/329 328/328/328
f 331/331/331 330/330/330 328/328/328
f 334/334/334 333/333/333 332/332/332
f 335/335/335 334/334/334 332/332/332
f 338/338/338 337/337/337 336/336/336
f 339/339/339 338/338/338 336/336/336
f 340/340/340 339/339/339 336/336/336
f 340/340/340 336/336/336 341/341/341
f 342/342/342 339/339/339 340/340/340
f 341/341/341 343/343/343 340/340/340
f 344/344/344 342/342/342 340/340/340
f 340/340/340 343/343/343 345/345/345
f 344/344/344 340/340/340 346/346/346
f 346/346/346 340/340/340 345/345/345
f 347/347/347 344/344/344 346/346/346
f 346/346/346 345/345/345 348/348/348
f 347/347/347 346/346/346 348/348/348
f 349/349/349 347/347/347 348/348/348
f 350/350/350 349/349/349 348/348/348
f 351/351/351 350/350/350 348/348/348
f 348/348/348 352/352/352 351/351/351
f 355/355/355 354/354/354 353/353/353
f 356/356/356 355/355/355 353/353/353
f 359/359/359 358/358/358 357/357/357
f 360/360/360 359/359/359 357/357/357
f 363/363/363 362/362/362 361/361/361
f 364/364/364 363/363/363 361/361/361
f 367/367/367 366/366/366 365/365/365
f 368/368/368 367/367/367 365/365/365
f 371/371/371 370/370/370 369/369/369
f 372/372/372 371/371/371 369/369/369
f 375/375/375 374/374/374 373/373/373
f 376/376/376 375/375/375 373/373/373
f 379/379/379 378/378/378 377/377/377
f 380/380/380 379/379/379 377/377/377
f 381/381/381 379/379/379 380/380/380
f 382/382/382 381/381/381 380/380/380
f 385/385/385 384/384/384 383/383/383
f 386/386/386 385/385/385 383/383/383
f 389/389/389 388/388/388 387/387/387
f 390/390/390 389/389/389 387/387/387
f 391/391/391 389/389/389 390/390/390
f 392/392/392 391/391/391 390/390/390
f 395/395/395 394/394/394 393/393/393
f 396/396/396 395/395/395 393/393/393
f 399/399/399 398/398/398 397/397/397
f 400/400/400 399/399/399 397/397/397
f 401/401/401 399/399/399 400/400/400
f 402/402/402 401/401/401 400/400/400
f 403/403/403 402/402/402 400/400/400
f 404/404/404 401/401/401 402/402/402
f 405/405/405 404/404/404 402/402/402
f 408/408/408 407/407/407 406/406/406
f 409/409/409 408/408/408 406/406/406
f 409/409/409 406/406/406 410/410/410
f 408/408/408 409/409/409 411/411/411
f 412/412/412 409/409/409 410/410/410
f 409/409/409 413/413/413 411/411/411
f 413/413/413 409/409/409 412/412/412
f 414/414/414 413/413/413 412/412/412
f 417/417/417 416/416/416 415/415/415
f 418/418/418 417/417/417 415/415/415
f 418/418/418 415/415/415 419/419/419
f 415/415/415 420/420/420 419/419/419
f 423/423/423 422/422/422 421/421/421
f 424/424/424 423/423/423 421/421/421
f 427/427/427 426/426/426 425/425/425
f 426/426/426 428/428/428 425/425/425
f 425/425/425 428/428/428 429/429/429
f 428/428/428 430/430/430 429/429/429
f 428/428/428 431/431/431 430/430/430
f 428/428/428 432/432/432 431/431/431
f 432/432/432 433/433/433 431/431/431
f 431/431/431 433/433/433 434/434/434
f 434/434/434 435/435/435 431/431/431
f 435/435/435 436/436/436 431/431/431
f 436/436/436 437/437/437 431/431/431
f 431/431/431 438/438/438 430/430/430
f 431/431/431 437/437/437 438/438/438
f 429/429/429 430/430/430 438/438/438
f 437/437/437 439/439/439 438/438/438
f 429/429/429 438/438/438 439/439/439
f 440/440/440 429/429/429 439/439/439
f 441/441/441 440/440/440 439/439/439
f 441/441/441 439/439/439 442/442/442
f 442/442/442 443/443/443 441/441/441
f 446/446/446 445/445/445 444/444/444
f 444/444/444 447/447/447 446/446/446
f 447/447/447 448/448/448 446/446/446
f 446/446/446 448/448/448 449/449/449
f 448/448/448 450/450/450 449/449/449
f 451/451/451 447/447/447 444/444/444
f 452/452/452 451/451/451 444/444/444
f 447/447/447 453/453/453 448/448/448
f 453/453/453 447/447/447 454/454/454
f 447/447/447 455/455/455 454/454/454
f 453/453/453 456/456/456 448/448/448
f 456/456/456 457/457/457 448/448/448
f 457/457/457 456/456/456 458/458/458
f 459/459/459 457/457/457 458/458/458
f 457/457/457 460/460/460 448/448/448
f 460/460/460 461/461/461 448/448/448
f 460/460/460 462/462/462 461/461/461
f 462/462/462 460/460/460 463/463/463
f 464/464/464 462/462/462 463/463/463
f 467/467/467 466/466/466 465/465/465
f 468/468/468 467/467/467 465/465/465
f 471/471/471 470/470/470 469/469/469
f 472/472/472 471/471/471 469/469/469
f 475/475/475 474/474/474 473/473/473
f 476/476/476 475/475/475 473/473/473
f 479/479/479 478/478/478 477/477/477
f 480/480/480 479/479/479 477/477/477
f 483/483/483 482/482/482 481/481/481
f 484/484/484 483/483/483 481/481/481
f 484/484/484 481/481/481 485/485/485
f 481/481/481 486/486/486 485/485/485
f 489/489/489 488/488/488 487/487/487
f 490/490/490 489/489/489 487/487/487
f 493/493/493 492/492/492 491/491/491
f 494/494/494 493/493/493 491/491/491
f 497/497/497 496/496/496 495/495/495
f 498/498/498 497/497/497 495/495/495
f 501/501/501 500/500/500 499/499/499
f 502/502/502 501/501/501 499/499/499
f 502/502/502 499/499/499 503/503/503
f 504/504/504 502/502/502 503/503/503
f 507/507/507 506/506/506 505/505/505
f 508/508/508 507/507/507 505/505/505
f 511/511/511 510/510/510 509/509/509
f 512/512/512 511/511/511 509/509/509
f 515/515/515 514/514/514 513/513/513
f 516/516/516 515/515/515 513/513/513
f 519/519/519 518/518/518 517/517/517
f 520/520/520 519/519/519 517/517/517
f 523/523/523 522/522/522 521/521/521
f 522/522/522 524/524/524 521/521/521
f 521/521/521 524/524/524 525/525/525
f 525/525/525 524/524/524 526/526/526
f 529/529/529 528/528/528 527/527/527
f 530/530/530 529/529/529 527/527/527
f 533/533/533 532/532/532 531/531/531
f 534/534/534 533/533/533 531/531/531
f 537/537/537 536/536/536 535/535/535
f 538/538/538 537/537/537 535/535/535
f 541/541/541 540/540/540 539/539/539
f 542/542/542 541/541/541 539/539/539
f 545/545/545 544/544/544 543/543/543
f 546/546/546 545/545/545 543/543/543
f 549/549/549 548/548/548 547/547/547
f 550/550/550 549/549/549 547/547/547
f 553/553/553 552/552/552 551/551/551
f 554/554/554 553/553/553 551/551/551
f 554/554/554 551/551/551 555/555/555
f 556/556/556 554/554/554 555/555/555
f 559/559/559 558/558/558 557/557/557
f 560/560/560 559/559/559 557/557/557
f 563/563/563 562/562/562 561/561/561
f 562/562/562 564/564/564 561/561/561
f 562/562/562 565/565/565 564/564/564
f 565/565/565 566/566/566 564/564/564
f 569/569/569 568/568/568 567/567/567
f 570/570/570 569/569/569 567/567/567
f 573/573/573 572/572/572 571/571/571
f 574/574/574 573/573/573 571/571/571
f 577/577/577 576/576/576 575/575/575
f 577/577/577 575/575/575 578/578/578
f 575/575/575 579/579/579 578/578/578
f 582/582/582 581/581/581 580/580/580
f 582/582/582 580/580/580 583/583/583
f 584/584/584 582/582/582 583/583/583
f 584/584/584 583/583/583 585/585/585
f 583/583/583 586/586/586 585/585/585
f 585/585/585 586/586/586 587/587/587
f 586/586/586 588/588/588 587/587/587
f 591/591/591 590/590/590 589/589/589
f 590/590/590 592/592/592 589/589/589
f 589/589/589 592/592/592 593/593/593
f 592/592/592 594/594/594 593/593/593
f 597/597/597 596/596/596 595/595/595
f 598/598/598 597/597/597 595/595/595
f 598/598/598 599/599/599 597/597/597
f 602/602/602 601/601/601 600/600/600
f 602/602/602 600/600/600 603/603/603
f 604/604/604 602/602/602 603/603/603
f 607/607/607 606/606/606 605/605/605
f 607/607/607 605/605/605 608/608/608
f 609/609/609 607/607/607 608/608/608
f 612/612/612 611/611/611 610/610/610
f 611/611/611 613/613/613 610/610/610
f 610/610/610 613/613/613 614/614/614
f 613/613/613 615/615/615 614/614/614
f 618/618/618 617/617/617 616/616/616
f 619/619/619 618/618/618 616/616/616
f 622/622/622 621/621/621 620/620/620
f 621/621/621 623/623/623 620/620/620
f 620/620/620 623/623/623 624/624/624
f 621/621/621 625/625/625 623/623/623
f 623/623/623 626/626/626 624/624/624
f 624/624/624 626/626/626 627/627/627
f 626/626/626 628/628/628 627/627/627
f 625/625/625 629/629/629 623/623/623
f 623/623/623 629/629/629 626/626/626
f 625/625/625 630/630/630 629/629/629
f 626/626/626 631/631/631 628/628/628
f 629/629/629 631/631/631 626/626/626
f 631/631/631 632/632/632 628/628/628
f 630/630/630 633/633/633 629/629/629
f 629/629/629 633/633/633 631/631/631
f 630/630/630 634/634/634 633/633/633
f 631/631/631 635/635/635 632/632/632
f 633/633/633 635/635/635 631/631/631
f 633/633/633 634/634/634 635/635/635
f 635/635/635 636/636/636 632/632/632
f 635/635/635 634/634/634 636/636/636
f 639/639/639 638/638/638 637/637/637
f 640/640/640 639/639/639 637/637/637
f 641/641/641 639/639/639 640/640/640
f 640/640/640 637/637/637 642/642/642
f 643/643/643 641/641/641 640/640/640
f 643/643/643 640/640/640 642/642/642
f 644/644/644 641/641/641 643/643/643
f 645/645/645 644/644/644 643/643/643
f 645/645/645 643/643/643 642/642/642
f 646/646/646 644/644/644 645/645/645
f 647/647/647 646/646/646 645/645/645
f 647/647/647 645/645/645 642/642/642
f 648/648/648 647/647/647 642/642/642
f 651/651/651 650/650/650 649/649/649
f 652/652/652 650/650/650 651/651/651
f 652/652/652 651/651/651 653/653/653
f 654/654/654 652/652/652 653/653/653
f 654/654/654 653/653/653 655/655/655
f 656/656/656 650/650/650 652/652/652
f 656/656/656 652/652/652 654/654/654
f 657/657/657 654/654/654 655/655/655
f 657/657/657 655/655/655 658/658/658
f 659/659/659 657/657/657 658/658/658
f 660/660/660 656/656/656 654/654/654
f 660/660/660 654/654/654 657/657/657
f 661/661/661 657/657/657 659/659/659
f 661/661/661 660/660/660 657/657/657
f 662/662/662 661/661/661 659/659/659
f 663/663/663 660/660/660 661/661/661
f 664/664/664 663/663/663 661/661/661
f 663/663/663 665/665/665 660/660/660
f 665/665/665 656/656/656 660/660/660
f 665/665/665 650/650/650 656/656/656
f 666/666/666 650/650/650 665/665/665
f 667/667/667 650/650/650 666/666/666
f 670/670/670 669/669/669 668/668/668
f 669/669/669 671/671/671 668/668/668
f 668/668/668 671/671/671 672/672/672
f 669/669/669 673/673/673 671/671/671
f 671/671/671 674/674/674 672/672/672
f 672/672/672 674/674/674 675/675/675
f 673/673/673 676/676/676 671/671/671
f 671/671/671 676/676/676 674/674/674
f 673/673/673 677/677/677 676/676/676
f 677/677/677 678/678/678 676/676/676
f 674/674/674 679/679/679 675/675/675
f 675/675/675 679/679/679 680/680/680
f 679/679/679 681/681/681 680/680/680
f 676/676/676 682/682/682 674/674/674
f 676/676/676 678/678/678 682/682/682
f 674/674/674 682/682/682 679/679/679
f 679/679/679 683/683/683 681/681/681
f 682/682/682 683/683/683 679/679/679
f 683/683/683 684/684/684 681/681/681
f 678/678/678 685/685/685 682/682/682
f 682/682/682 685/685/685 683/683/683
f 678/678/678 686/686/686 685/685/685
f 683/683/683 687/687/687 684/684/684
f 685/685/685 687/687/687 683/683/683
f 685/685/685 686/686/686 687/687/687
f 687/687/687 688/688/688 684/684/684
f 687/687/687 686/686/686 688/688/688
f 691/691/691 690/690/690 689/689/689
f 692/692/692 691/691/691 689/689/689
f 692/692/692 689/689/689 693/693/693
f 694/694/694 692/692/692 693/693/693
f 695/695/695 691/691/691 692/692/692
f 696/696/696 692/692/692 694/694/694
f 696/696/696 695/695/695 692/692/692
f 695/695/695 697/697/697 691/691/691
f 697/697/697 698/698/698 691/691/691
f 697/697/697 699/699/699 698/698/698
f 699/699/699 700/700/700 698/698/698
f 701/701/701 699/699/699 697/697/697
f 702/702/702 701/701/701 697/697/697
f 702/702/702 697/697/697 695/695/695
f 703/703/703 702/702/702 695/695/695
f 703/703/703 695/695/695 696/696/696
f 704/704/704 703/703/703 696/696/696
f 705/705/705 696/696/696 694/694/694
f 704/704/704 696/696/696 705/705/705
f 705/705/705 694/694/694 706/706/706
f 707/707/707 705/705/705 706/706/706
f 707/707/707 704/704/704 705/705/705
f 708/708/708 704/704/704 707/707/707
f 709/709/709 708/708/708 707/707/707
f 712/712/712 711/711/711 710/710/710
f 713/713/713 712/712/712 710/710/710
f 713/713/713 714/714/714 712/712/712
f 714/714/714 715/715/715 712/712/712
f 716/716/716 714/714/714 713/713/713
f 717/717/717 716/716/716 713/713/713
f 717/717/717 713/713/713 710/710/710
f 718/718/718 716/716/716 717/717/717
f 719/719/719 717/717/717 710/710/710
f 719/719/719 718/718/718 717/717/717
f 720/720/720 719/719/719 710/710/710
f 721/721/721 718/718/718 719/719/719
f 720/720/720 721/721/721 719/719/719
f 724/724/724 723/723/723 722/722/722
f 725/725/725 724/724/724 722/722/722
f 725/725/725 722/722/722 726/726/726
f 727/727/727 725/725/725 726/726/726
f 728/728/728 725/725/725 727/727/727
f 729/729/729 728/728/728 727/727/727
f 729/729/729 727/727/727 730/730/730
f 727/727/727 726/726/726 730/730/730
f 726/726/726 722/722/722 731/731/731
f 726/726/726 731/731/731 730/730/730
f 722/722/722 732/732/732 731/731/731
f 731/731/731 733/733/733 730/730/730
f 736/736/736 735/735/735 734/734/734
f 735/735/735 737/737/737 734/734/734
f 735/735/735 738/738/738 737/737/737
f 738/738/738 739/739/739 737/737/737
f 737/737/737 739/739/739 740/740/740
f 739/739/739 741/741/741 740/740/740
f 739/739/739 742/742/742 741/741/741
f 742/742/742 743/743/743 741/741/741
f 744/744/744 742/742/742 739/739/739
f 738/738/738 744/744/744 739/739/739
f 742/742/742 745/745/745 743/743/743
f 744/744/744 745/745/745 742/742/742
f 743/743/743 745/745/745 746/746/746
f 747/747/747 745/745/745 744/744/744
f 747/747/747 744/744/744 738/738/738
f 748/748/748 745/745/745 747/747/747
f 749/749/749 738/738/738 735/735/735
f 749/749/749 747/747/747 738/738/738
f 748/748/748 747/747/747 749/749/749
f 750/750/750 749/749/749 735/735/735
f 751/751/751 748/748/748 749/749/749
f 754/754/754 753/753/753 752/752/752
f 755/755/755 754/754/754 752/752/752
f 755/755/755 752/752/752 756/756/756
f 757/757/757 755/755/755 756/756/756
f 757/757/757 756/756/756 758/758/758
f 759/759/759 757/757/757 758/758/758
f 760/760/760 759/759/759 758/758/758
f 760/760/760 761/761/761 759/759/759
f 759/759/759 762/762/762 757/757/757
f 761/761/761 762/762/762 759/759/759
f 762/762/762 755/755/755 757/757/757
f 761/761/761 763/763/763 762/762/762
f 762/762/762 764/764/764 755/755/755
f 763/763/763 764/764/764 762/762/762
f 764/764/764 754/754/754 755/755/755
f 763/763/763 765/765/765 764/764/764
f 765/765/765 766/766/766 764/764/764
f 764/764/764 766/766/766 754/754/754
f 766/766/766 767/767/767 754/754/754
f 770/770/770 769/769/769 768/768/768
f 771/771/771 770/770/770 768/768/768
f 771/771/771 768/768/768 772/772/772
f 773/773/773 770/770/770 771/771/771
f 774/774/774 771/771/771 772/772/772
f 774/774/774 773/773/773 771/771/771
f 775/775/775 774/774/774 772/772/772
f 776/776/776 773/773/773 774/774/774
f 775/775/775 776/776/776 774/774/774
f 777/777/777 775/775/775 772/772/772
f 778/778/778 777/777/777 772/772/772
f 777/777/777 779/779/779 775/775/775
f 779/779/779 776/776/776 775/775/775
f 779/779/779 780/780/780 776/776/776
f 780/780/780 781/781/781 776/776/776
f 776/776/776 781/781/781 773/773/773
f 781/781/781 782/782/782 773/773/773
f 785/785/785 784/784/784 783/783/783
f 784/784/784 786/786/786 783/783/783
f 783/783/783 786/786/786 787/787/787
f 786/786/786 788/788/788 787/787/787
f 786/786/786 789/789/789 788/788/788
f 789/789/789 790/790/790 788/788/788
f 784/784/784 791/791/791 786/786/786
f 791/791/791 789/789/789 786/786/786
f 792/792/792 791/791/791 784/784/784
f 793/793/793 792/792/792 784/784/784
f 792/792/792 794/794/794 791/791/791
f 791/791/791 795/795/795 789/789/789
f 794/794/794 795/795/795 791/791/791
f 789/789/789 796/796/796 790/790/790
f 795/795/795 796/796/796 789/789/789
f 794/794/794 797/797/797 795/795/795
f 795/795/795 797/797/797 796/796/796
f 798/798/798 797/797/797 794/794/794
f 796/796/796 799/799/799 790/790/790
f 796/796/796 797/797/797 799/799/799
f 790/790/790 799/799/799 800/800/800
f 799/799/799 797/797/797 801/801/801
f 799/799/799 801/801/801 800/800/800
f 804/804/804 803/803/803 802/802/802
f 805/805/805 804/804/804 802/802/802
f 805/805/805 802/802/802 806/806/806
f 807/807/807 805/805/805 806/806/806
f 808/808/808 804/804/804 805/805/805
f 808/808/808 809/809/809 804/804/804
f 810/810/810 809/809/809 808/808/808
f 811/811/811 808/808/808 805/805/805
f 811/811/811 805/805/805 807/807/807
f 810/810/810 808/808/808 811/811/811
f 812/812/812 811/811/811 807/807/807
f 812/812/812 807/807/807 813/813/813
f 814/814/814 810/810/810 811/811/811
f 814/814/814 811/811/811 812/812/812
f 815/815/815 810/810/810 814/814/814
f 816/816/816 815/815/815 814/814/814
f 816/816/816 814/814/814 817/817/817
f 817/817/817 814/814/814 812/812/812
f 818/818/818 816/816/816 817/817/817
f 819/819/819 812/812/812 813/813/813
f 817/817/817 812/812/812 819/819/819
f 819/819/819 813/813/813 820/820/820
f 821/821/821 819/819/819 820/820/820
f 818/818/818 817/817/817 822/822/822
f 822/822/822 817/817/817 819/819/819
f 822/822/822 819/819/819 821/821/821
f 823/823/823 818/818/818 822/822/822
f 824/824/824 822/822/822 821/821/821
