g 0.3750
v -1.9492679 -2.2347436 2.470351
v -2.0214307 -2.0570545 2.5713594
v -2.0178864 -2.2762256 2.9997733
v 1.5762446 -2.541194 0.42630363
v 1.6979043 -2.5455718 0.44093525
v 1.5933433 -2.5634062 0.42476648
v -2.0761533 -1.780823 2.5057442
v -2.0214307 -2.0570545 2.5713594
v -1.878093 -1.9075174 2.6903641
v -2.0178864 -2.2762256 2.9997733
v -1.7572596 -2.2311387 2.5739217
v -1.9492679 -2.2347436 2.470351
v 3.3931112 0.14531827 2.7033768
v 3.436696 0.122975826 3.0274415
v 3.6777415 -0.019803286 3.3928041
v 3.6777415 -0.019803286 3.3928041
v 3.436696 0.122975826 3.0274415
v 3.1825054 -0.042756557 2.8776445
v 3.1825054 -0.042756557 2.8776445
v 3.436696 0.122975826 3.0274415
v 3.167416 0.11394429 2.7777004
v 3.253007 -0.13173914 4.0443296
v 3.1816518 -0.075778365 3.5750482
v 3.0184567 -0.32106662 3.6369064
v 3.6595526 0.569009 2.9010465
v 3.5848217 0.6334975 2.9361393
v 3.612512 0.25662702 3.2074497
v -1.5108593 -2.0449543 3.4109225
v -1.457046 -1.9133763 3.009227
v -1.4523892 -2.1105986 3.0303977
v -1.4523892 -2.1105986 3.0303977
v -1.457046 -1.9133763 3.009227
v -1.5089126 -1.9278011 2.8475468
v -1.3869302 -1.9607759 2.0618806
v -1.4008329 -2.0587802 2.4881737
v -1.6284194 -2.060585 2.5673358
v -1.6284194 -2.060585 2.5673358
v -1.4008329 -2.0587802 2.4881737
v -1.4953537 -1.8998837 2.5864913
v -1.1305437 -1.7951577 2.8287256
v -1.457046 -1.9133763 3.009227
v -1.5108593 -2.0449543 3.4109225
v -1.7572596 -2.2311387 2.5739217
v -1.8589044 -2.0177908 2.5041196
v -1.8259599 -1.970468 2.116967
v -1.6284194 -2.060585 2.5673358
v -1.8589044 -2.0177908 2.5041196
v -1.7572596 -2.2311387 2.5739217
v 1.4209828 -2.3439164 0.42902654
v 1.5608816 -2.5410733 0.42880884
v 1.3976965 -2.4843547 0.29160064
v -0.045829177 -3.1113267 6.2640834
v -0.57460463 -2.703814 5.9042726
v -0.28512287 -3.0120916 6.660768
v 0.25156075 -1.6432855 5.8514595
v -0.47056162 -1.4314507 5.738664
v -0.075198546 -1.61305 5.726759
v 0.7387183 -3.6133583 5.5418983
v 0.729555 -3.5136964 5.388398
v 0.33067715 -3.8605232 5.6499124
v -1.4579415 0.8514081 1.5769835
v -1.5413225 0.63610303 2.621258
v -1.3749967 0.05843222 2.5009606
v 2.5140548 0.815151 6.294031
v 2.3657854 0.27864575 6.575928
v 1.9757576 0.27232313 6.840117
v 3.253007 -0.13173914 4.0443296
v 3.1422935 0.25169486 4.2438884
v 3.165184 0.016668558 4.346967
v -1.2938739 0.8458062 5.141829
v -0.38959613 1.5176289 4.1027036
v -0.67879725 0.98792183 5.431132
v -0.12548804 0.18016535 2.3876927
v 0.21669877 0.53398216 2.464141
v -0.07847598 0.4911797 2.285324
v -0.6725488 1.3717041 2.7626443
v 0.21669877 0.53398216 2.464141
v 0.5912266 0.2011497 2.285709
v 0.996163 -1.3597264 2.0823889
v 1.4405918 -1.7007015 1.6762214
v 1.2357694 -1.663747 0.9047833
v 1.4912586 -1.8509407 0.88953567
v 1.7320745 -1.7897825 1.1697633
v 1.787293 -1.8434843 0.5691871
v 1.560579 -1.9456359 0.5774859
v 1.3760726 -1.6634852 0.5306591
v 1.4912586 -1.8509407 0.88953567
v 1.4912586 -1.8509407 0.88953567
v 1.3760726 -1.6634852 0.5306591
v 1.2357694 -1.663747 0.9047833
v -0.6725488 1.3717041 2.7626443
v -1.1439533 1.3412131 2.7938526
v -0.8970012 1.7211144 2.351928
v -0.8499584 2.4978075 0.34008068
v -1.2092702 2.5849829 0.37081987
v -1.2227678 2.434994 0.46055698
v -1.8681413 0.17053413 5.4967694
v -1.9657743 -0.09544277 5.446841
v -1.3511345 -0.3919356 5.5746593
v -1.6775372 -1.8215771 3.7744894
v -1.8306103 -1.6958847 3.6120582
v -1.5108593 -2.0449543 3.4109225
v -1.4523892 -2.1105986 3.0303977
v -1.8327036 -2.035142 4.265571
v -1.5108593 -2.0449543 3.4109225
v -1.5705214 -1.4425428 4.2164335
v -1.6775372 -1.8215771 3.7744894
v -1.8216642 -1.5704203 4.868732
v -1.5456018 -1.1499691 5.03555
v -1.6245811 -1.0481062 4.1857896
v -1.7900305 -1.3056633 5.500088
v -1.268652 -1.0985807 6.256081
v -2.1856449 -1.4391205 5.268668
v -2.182129 -1.8904896 4.7222223
v -2.0230799 -2.182166 4.146867
v -1.6247904 -2.3208637 2.9863887
v -1.3706801 -2.1733303 2.7661805
v -1.5449963 -2.2743416 2.3608274
v -1.4008329 -2.0587802 2.4881737
v -1.3869302 -1.9607759 2.0618806
v -1.6915431 -1.1211514 6.5939384
v -1.3265985 -0.9748496 6.8155255
v -1.0811849 -0.92164457 6.373046
v -1.5334008 -0.69969606 7.1518774
v -2.2052808 -0.9065733 6.739647
v -1.1416637 -1.0241897 7.2739587
v -0.8164681 -1.2598238 6.546754
v -0.7760804 -1.5589046 7.193408
v -0.67492706 -1.3824916 6.144491
v -1.0371379 -1.1670763 5.776808
v -0.47056162 -1.4314507 5.738664
v -0.39975217 -1.5952904 5.8474793
v -0.7173792 -1.2552819 5.120349
v -1.2242355 -0.81034756 5.145418
v 0.5798975 -1.4863627 5.097515
v 0.25156075 -1.6432855 5.8514595
v -1.045443 -1.2911215 4.169708
v -1.4295805 -0.67600715 4.298582
v 1.0893618 -1.603039 5.7613516
v 0.68088996 -1.5085812 6.2178755
v 1.4329515 -1.3848829 6.386335
v 0.85087466 -1.5003281 6.959222
v 1.2920351 -1.3486621 7.0179443
v 1.9366426 -1.2255149 6.902891
v 1.1732373 -1.0250444 7.38053
v 2.260151 -0.88850904 6.2894244
v 1.7552358 -1.0978379 6.0262747
v 2.2810302 -0.15340638 5.410604
v -0.115474224 -1.4048533 3.8344088
v -0.60274804 -1.0943424 3.348765
v -1.2317846 -0.8669343 3.5030653
v 0.7865244 -1.3708563 4.2961974
v 1.1945646 -1.1130223 5.184124
v 0.56565213 -1.052937 3.7467575
v -1.3706801 -2.1733303 2.7661805
v -1.4523892 -2.1105986 3.0303977
v -1.172939 -1.8840461 2.32333
v -1.4832592 -1.6729739 3.2382736
v -1.088383 -1.6054492 2.7476304
v -1.1530857 -1.6848917 3.2526612
v -1.1530857 -1.6848917 3.2526612
v -1.088383 -1.6054492 2.7476304
v -0.95512104 -1.6790707 2.8333862
v 0.88024926 -2.079778 7.052957
v 1.2084341 -2.596088 7.5413485
v 1.1784178 -2.0964983 7.367708
v 1.1784178 -2.0964983 7.367708
v 1.2084341 -2.596088 7.5413485
v 1.188757 -2.500475 7.632511
v -1.4953537 -1.8998837 2.5864913
v -1.878093 -1.9075174 2.6903641
v -1.6284194 -2.060585 2.5673358
v -1.1305437 -1.7951577 2.8287256
v -0.95512104 -1.6790707 2.8333862
v -1.088383 -1.6054492 2.7476304
v -1.6284194 -2.060585 2.5673358
v -1.7572596 -2.2311387 2.5739217
v -1.3869302 -1.9607759 2.0618806
v -1.3869302 -1.9607759 2.0618806
v -1.7572596 -2.2311387 2.5739217
v -1.5449963 -2.2743416 2.3608274
v 2.8925002 -0.15639639 3.1323183
v 3.0184567 -0.32106662 3.6369064
v 3.1816518 -0.075778365 3.5750482
v 3.3028774 -0.0005015135 3.394096
v 3.4495597 -0.12617707 3.5624247
v 3.1825054 -0.042756557 2.8776445
v 3.7260442 0.52702826 3.2912216
v 3.5420213 0.826267 3.0679011
v 3.4475431 0.6116797 3.581383
v 3.7260442 0.52702826 3.2912216
v 3.612512 0.25662702 3.2074497
v 3.5848217 0.6334975 2.9361393
v 1.5762446 -2.541194 0.42630363
v 1.5933433 -2.5634062 0.42476648
v 1.5608816 -2.5410733 0.42880884
v 3.1816518 -0.075778365 3.5750482
v 3.4495597 -0.12617707 3.5624247
v 3.3028774 -0.0005015135 3.394096
v 3.5420213 0.826267 3.0679011
v 3.757482 0.74975365 3.4954622
v 3.4786 0.80966616 3.116746
v 3.4475431 0.6116797 3.581383
v 3.5420213 0.826267 3.0679011
v 3.4786 0.80966616 3.116746
v -1.4008329 -2.0587802 2.4881737
v -1.2564976 -1.8362939 2.232225
v -1.4953537 -1.8998837 2.5864913
v 0.729555 -3.5136964 5.388398
v 0.70983756 -3.1298645 5.5037913
v 0.48416257 -3.3324015 5.2212086
v 1.8949392 -0.79580724 2.1811228
v 1.445444 -0.6502385 1.8775096
v 1.8192663 -0.7582233 1.0273262
v 3.252573 0.5805633 4.28666
v 2.149888 0.5782063 4.977598
v 2.4174712 0.3449818 4.6691523
v 2.0438194 -2.241465 0.3429376
v 2.0484257 -2.2457411 0.23731953
v 1.6979043 -2.5455718 0.44093525
v 1.4405918 -1.7007015 1.6762214
v 0.996163 -1.3597264 2.0823889
v 0.9302076 -1.2938533 2.6696339
v -1.1717489 2.2457523 1.7598369
v -0.6589631 1.6051623 2.0374653
v -1.2371393 1.6005471 2.0162446
v -1.3706801 -2.1733303 2.7661805
v -1.8327036 -2.035142 4.265571
v -1.4523892 -2.1105986 3.0303977
v -1.5108593 -2.0449543 3.4109225
v -1.8327036 -2.035142 4.265571
v -1.6775372 -1.8215771 3.7744894
v -2.0761533 -1.780823 2.5057442
v -2.1594193 -1.860362 2.2408512
v -2.056777 -1.68922 2.2762184
v -2.0761533 -1.780823 2.5057442
v -2.0444658 -1.7999036 2.9810066
v -2.3217485 -1.7003236 3.5772564
v -1.8259599 -1.970468 2.116967
v -1.9492679 -2.2347436 2.470351
v -1.7572596 -2.2311387 2.5739217
v -0.76370573 -2.548224 7.3990984
v -0.55244845 -2.3858676 7.1033125
v -0.45687735 -2.2834997 7.263652
v 0.88024926 -2.079778 7.052957
v 1.1784178 -2.0964983 7.367708
v 0.64924717 -2.1816244 7.375095
v 3.6595526 0.569009 2.9010465
v 3.612512 0.25662702 3.2074497
v 3.755261 0.24410546 3.3490613
v 3.612512 0.25662702 3.2074497
v 3.7260442 0.52702826 3.2912216
v 3.4475431 0.6116797 3.581383
v 3.3351693 0.20722109 3.3735344
v -2.0178864 -2.2762256 2.9997733
v -2.0214307 -2.0570545 2.5713594
v -2.238227 -2.0363026 2.5622249
v -2.3611424 -2.057602 3.7053213
v -2.0230799 -2.182166 4.146867
v -1.6247904 -2.3208637 2.9863887
v -1.5449963 -2.2743416 2.3608274
v -1.7572596 -2.2311387 2.5739217
v -2.4410648 -1.9413223 4.396004
v -2.182129 -1.8904896 4.7222223
v -2.6943293 -1.5573785 4.658917
v -2.182129 -1.8904896 4.7222223
v 1.4209828 -2.3439164 0.42902654
v 1.5762446 -2.541194 0.42630363
v 1.5608816 -2.5410733 0.42880884
v 1.6979043 -2.5455718 0.44093525
v 1.560579 -1.9456359 0.5774859
v 1.3760726 -1.6634852 0.5306591
v 2.0438194 -2.241465 0.3429376
v 1.787293 -1.8434843 0.5691871
v 1.4912586 -1.8509407 0.88953567
v -2.0444658 -1.7999036 2.9810066
v -2.0761533 -1.780823 2.5057442
v -1.878093 -1.9075174 2.6903641
v -1.5089126 -1.9278011 2.8475468
v 3.5420213 0.826267 3.0679011
v 3.7260442 0.52702826 3.2912216
v 3.757482 0.74975365 3.4954622
v 3.857256 0.3394946 3.445866
v 3.5848217 0.6334975 2.9361393
v 3.6595526 0.569009 2.9010465
v 3.663612 0.4497888 4.525843
v 3.6101751 0.02995944 4.5349
v 3.6777415 -0.019803286 3.3928041
v 3.755261 0.24410546 3.3490613
v 3.6595526 0.569009 2.9010465
v 3.7179136 0.12293029 3.069963
v 3.3756318 0.09753609 5.3686147
v 3.326624 -0.11502564 5.051866
v 3.3416872 0.4747253 5.448704
v 3.2431924 0.7364197 5.186972
v 2.6671937 0.09683871 5.907481
v 2.6765413 0.4390149 6.1768513
v 2.5140548 0.815151 6.294031
v 2.3657854 0.27864575 6.575928
v 2.1707935 -0.46958137 7.0357156
v 1.8883698 -0.26647878 7.28231
v 1.9757576 0.27232313 6.840117
v 2.260151 -0.88850904 6.2894244
v 2.2810302 -0.15340638 5.410604
v 1.9366426 -1.2255149 6.902891
v 3.3351693 0.20722109 3.3735344
v 3.436696 0.122975826 3.0274415
v 3.612512 0.25662702 3.2074497
v 3.167416 0.11394429 2.7777004
v 3.4495597 -0.12617707 3.5624247
v 3.1816518 -0.075778365 3.5750482
v 3.253007 -0.13173914 4.0443296
v 3.357737 -0.11581218 4.453631
v 3.165184 0.016668558 4.346967
v 3.6777415 -0.019803286 3.3928041
v 3.1825054 -0.042756557 2.8776445
v 3.6101751 0.02995944 4.5349
v 3.326624 -0.11502564 5.051866
v 2.803526 -0.04147029 5.5254374
v 3.3756318 0.09753609 5.3686147
v 2.6671937 0.09683871 5.907481
v 2.2810302 -0.15340638 5.410604
v 3.165184 0.016668558 4.346967
v 1.9517798 0.03517747 5.3160744
v 2.8925002 -0.15639639 3.1323183
v 3.0517905 0.062452793 3.7872162
v 2.7839751 -0.2115432 3.1815705
v 3.1816518 -0.075778365 3.5750482
v -0.20804465 -2.5561557 7.453804
v -0.45687735 -2.2834997 7.263652
v -0.07869446 -2.247632 7.582353
v 0.25624728 -2.375893 7.5749693
v -0.008680344 -2.854495 7.3491488
v -0.5082241 -3.0222416 7.621557
v -0.63056946 -2.6869025 7.595727
v -0.7126453 -2.8728073 7.5850077
v -0.76370573 -2.548224 7.3990984
v 0.61297286 -2.6458488 7.382223
v 0.64924717 -2.1816244 7.375095
v 1.188757 -2.500475 7.632511
v 1.1784178 -2.0964983 7.367708
v 0.4732473 -1.4759088 7.6731725
v 0.41063303 -0.5385113 7.7680054
v 1.1732373 -1.0250444 7.38053
v -0.6172295 -1.228447 7.765841
v -1.1416637 -1.0241897 7.2739587
v -0.7760804 -1.5589046 7.193408
v -1.751388 -0.100731134 7.402793
v -1.5334008 -0.69969606 7.1518774
v -2.2052808 -0.9065733 6.739647
v -2.3985877 -0.6497307 6.721174
v -2.4242601 0.075494766 6.5136037
v -0.8064736 -0.12008071 7.6643047
v -0.79758227 0.47263038 7.243256
v 0.3853517 0.28415143 7.2624946
v 1.4472623 -0.13468504 7.3015757
v 1.0420773 0.6374037 6.535594
v 1.4796002 0.231318 6.9024806
v 1.8883698 -0.26647878 7.28231
v 1.9366426 -1.2255149 6.902891
v 2.1707935 -0.46958137 7.0357156
v 3.755261 0.24410546 3.3490613
v 3.612512 0.25662702 3.2074497
v 3.7179136 0.12293029 3.069963
v 3.440494 0.25580657 2.6923542
v 1.5432979 0.40296173 6.416013
v 1.4452579 0.5576204 5.8993077
v 1.5649176 0.31213474 6.0329447
v 1.5330064 -0.13449943 5.70333
v 1.537081 0.4034289 5.080202
v 1.4395674 0.6791545 5.1707253
v 1.3895429 -0.63578475 5.3149366
v 1.5877389 -0.7260648 5.698024
v 1.8540167 0.46293354 4.171642
v 1.6896696 1.0224606 4.156009
v 1.6337643 -0.27077067 4.5268955
v 1.9193158 0.55570793 3.5290856
v 2.0023057 0.49579906 2.5619612
v 1.9751467 -0.1666143 3.079574
v 1.828855 -0.097560644 2.3418596
v 1.87484 -0.58731747 2.100677
v 1.8949392 -0.79580724 2.1811228
v 1.6320359 0.09725094 3.7223399
v 1.4258783 -1.3609087 5.6195555
v 1.7552358 -1.0978379 6.0262747
v 1.4329515 -1.3848829 6.386335
v 1.0893618 -1.603039 5.7613516
v 1.1945646 -1.1130223 5.184124
v 1.2829112 -0.7967811 4.313903
v 0.7865244 -1.3708563 4.2961974
v 1.211566 -0.22699809 3.6975312
v 0.56565213 -1.052937 3.7467575
v 1.829171 -0.58415604 3.2584853
v 1.3884546 -0.67250633 3.5020268
v 1.9344203 -1.4133215 2.4030392
v 1.6725063 -1.6362637 2.2639587
v 2.0461068 -1.1128509 0.9406356
v 1.8192663 -0.7582233 1.0273262
v 2.001884 -1.4323902 1.0705557
v 1.7320745 -1.7897825 1.1697633
v 1.787293 -1.8434843 0.5691871
v 1.9154768 -1.5810246 0.43822476
v 1.9141399 -1.6500014 0.071897745
v 2.0438194 -2.241465 0.3429376
v 2.0484257 -2.2457411 0.23731953
v -2.4242601 0.075494766 6.5136037
v -2.3985877 -0.6497307 6.721174
v -2.3811448 -0.18799233 6.1260448
v -1.6869813 0.7478126 5.541828
v -1.9044124 0.7097151 6.1046467
v -2.1743727 0.055316806 5.752052
v -1.2938739 0.8458062 5.141829
v -1.4251859 0.5659766 5.0244193
v -1.8681413 0.17053413 5.4967694
v -1.0479765 1.2215651 4.2481647
v -0.38959613 1.5176289 4.1027036
v -0.9377095 1.4016999 3.4763687
v -1.27094 1.2312672 3.3714476
v -1.1439533 1.3412131 2.7938526
v -1.2371393 1.6005471 2.0162446
v -0.8970012 1.7211144 2.351928
v -1.3165288 -0.26042974 5.1745167
v -1.3511345 -0.3919356 5.5746593
v -1.3157003 0.980518 4.200657
v -1.2242355 -0.81034756 5.145418
v -1.1730022 -0.5836874 5.727786
v -1.0811849 -0.92164457 6.373046
v -1.0371379 -1.1670763 5.776808
v -1.4295805 -0.67600715 4.298582
v -1.5895187 -0.05296719 4.039509
v -1.6252532 0.2956661 4.062885
v -1.4545443 0.3489977 3.6965954
v -1.2317846 -0.8669343 3.5030653
v -1.045443 -1.2911215 4.169708
v -1.3766345 -0.06425953 3.1857903
v -1.5413225 0.63610303 2.621258
v -1.2371393 1.6005471 2.0162446
v -1.4579415 0.8514081 1.5769835
v -1.4415889 1.6965094 1.6069561
v -1.1717489 2.2457523 1.7598369
v -1.3579948 1.7288384 1.1610107
v -1.395947 2.5165913 1.1965094
v -1.2227678 2.434994 0.46055698
v -0.93839395 2.814415 1.4094276
v -1.2092702 2.5849829 0.37081987
v -1.1913191 2.8247108 0.77733874
v -0.8824862 2.94211 0.9917866
v -1.4673924 2.7719364 -0.044683605
v -1.0530611 3.1888745 0.52947646
v -0.7760804 -1.5589046 7.193408
v -0.07869446 -2.247632 7.582353
v -0.45687735 -2.2834997 7.263652
v -0.55244845 -2.3858676 7.1033125
v -0.8164681 -1.2598238 6.546754
v -0.72227395 -1.8075452 6.3667603
v -0.67492706 -1.3824916 6.144491
v -0.57460463 -2.703814 5.9042726
v -0.39975217 -1.5952904 5.8474793
v -0.38032168 -2.3516784 5.662667
v -0.41107827 -2.5658605 6.812885
v -0.28512287 -3.0120916 6.660768
v -0.083079815 -2.9429123 7.111192
v -0.5082241 -3.0222416 7.621557
v -0.045829177 -3.1113267 6.2640834
v 0.26805162 -3.4674635 5.901571
v -0.104322314 -3.3298602 5.6771526
v 0.31118262 -3.1724894 6.5373244
v -0.28512287 -3.0120916 6.660768
v -0.083079815 -2.9429123 7.111192
v -0.008680344 -2.854495 7.3491488
v -0.5082241 -3.0222416 7.621557
v 0.61297286 -2.6458488 7.382223
v 0.75036705 -2.8829453 6.9057055
v 0.7574296 -2.723435 7.095488
v 1.2084341 -2.596088 7.5413485
v 1.188757 -2.500475 7.632511
v 0.52295995 -3.1003573 6.219074
v 0.88035786 -2.736214 6.6362824
v 0.26805162 -3.4674635 5.901571
v 0.6068829 -3.4233162 5.7254195
v 0.055827618 -3.4773805 5.2607846
v -0.06621647 -3.6921859 5.4524713
v 0.33067715 -3.8605232 5.6499124
v 0.729555 -3.5136964 5.388398
v 0.48416257 -3.3324015 5.2212086
v -0.67879725 0.98792183 5.431132
v -1.6869813 0.7478126 5.541828
v -1.2938739 0.8458062 5.141829
v -0.90434706 1.0582353 6.1920576
v -1.9044124 0.7097151 6.1046467
v -2.4242601 0.075494766 6.5136037
v -0.79758227 0.47263038 7.243256
v 0.14907813 0.8919951 5.369055
v 0.3853517 0.28415143 7.2624946
v -0.05930105 0.792155 6.473087
v 0.53193295 0.8145021 6.3708124
v 1.0420773 0.6374037 6.535594
v 0.9139408 0.86039126 5.4763365
v 1.2674017 1.3700825 3.765767
v 1.4395674 0.6791545 5.1707253
v 1.4452579 0.5576204 5.8993077
v 1.6896696 1.0224606 4.156009
v 1.4796002 0.231318 6.9024806
v 1.5432979 0.40296173 6.416013
v 1.6056744 0.9487164 2.4346228
v 2.0023057 0.49579906 2.5619612
v 1.828855 -0.097560644 2.3418596
v 1.9757576 0.27232313 6.840117
v 1.4472623 -0.13468504 7.3015757
v 1.8883698 -0.26647878 7.28231
v 2.5140548 0.815151 6.294031
v 2.2641592 1.0221499 5.6360817
v 1.0462781 1.082834 2.4047768
v -0.38959613 1.5176289 4.1027036
v 1.0728314 0.042727232 2.090196
v 2.5585608 1.0122916 5.3012385
v 2.149888 0.5782063 4.977598
v 3.252573 0.5805633 4.28666
v 3.2431924 0.7364197 5.186972
v 3.3416872 0.4747253 5.448704
v 3.4426036 0.6297852 4.4072566
v 3.663612 0.4497888 4.525843
v 3.4475431 0.6116797 3.581383
v 3.757482 0.74975365 3.4954622
v 3.4786 0.80966616 3.116746
v 1.6578274 -0.4828081 1.9122411
v 1.87484 -0.58731747 2.100677
v 0.9794315 -0.7895453 1.9322991
v 1.445444 -0.6502385 1.8775096
v 1.8949392 -0.79580724 2.1811228
v 0.5912266 0.2011497 2.285709
v -0.6725488 1.3717041 2.7626443
v -0.21711192 1.4411813 3.453182
v -0.9377095 1.4016999 3.4763687
v -1.1439533 1.3412131 2.7938526
v 0.73018897 -2.3490856 5.752994
v 0.68088996 -1.5085812 6.2178755
v 0.25156075 -1.6432855 5.8514595
v 0.056708753 -2.2435708 5.5356874
v 0.24053526 -2.9842436 5.461148
v 0.82137585 -2.8130288 5.753291
v 0.70983756 -3.1298645 5.5037913
v -0.075198546 -1.61305 5.726759
v 0.48416257 -3.3324015 5.2212086
v -0.39975217 -1.5952904 5.8474793
v -0.47056162 -1.4314507 5.738664
v -0.38032168 -2.3516784 5.662667
v -0.57460463 -2.703814 5.9042726
v -0.12173957 -3.0279102 5.556268
v 0.055827618 -3.4773805 5.2607846
v 1.1732373 -1.0250444 7.38053
v 1.2920351 -1.3486621 7.0179443
v 0.4732473 -1.4759088 7.6731725
v 0.85087466 -1.5003281 6.959222
v 0.88024926 -2.079778 7.052957
v 0.64924717 -2.1816244 7.375095
v 0.8439085 -1.8907528 6.511604
v 0.68088996 -1.5085812 6.2178755
v 0.9388894 -2.4436536 5.994751
v 0.73018897 -2.3490856 5.752994
v 0.82137585 -2.8130288 5.753291
v 0.52295995 -3.1003573 6.219074
v 0.88035786 -2.736214 6.6362824
v 0.6068829 -3.4233162 5.7254195
v 0.75036705 -2.8829453 6.9057055
v 0.70983756 -3.1298645 5.5037913
v 0.7387183 -3.6133583 5.5418983
v 0.729555 -3.5136964 5.388398
v 0.7574296 -2.723435 7.095488
v 0.88024926 -2.079778 7.052957
v 1.2084341 -2.596088 7.5413485
v -1.0823662 -0.32702303 2.8451648
v -1.3766345 -0.06425953 3.1857903
v -1.2317846 -0.8669343 3.5030653
v -0.60274804 -1.0943424 3.348765
v -0.81415105 -0.20453548 2.5251467
v 0.056418747 -0.75901747 3.0726795
v -0.4053794 -0.014558315 2.3729634
v 0.56565213 -1.052937 3.7467575
v -0.115474224 -1.4048533 3.8344088
v 1.211566 -0.22699809 3.6975312
v 0.8799142 -0.39056396 3.4662673
v 0.54295754 -0.36038697 2.9675684
v -0.12548804 0.18016535 2.3876927
v 0.4838113 -0.094417095 2.5414824
v 0.21669877 0.53398216 2.464141
v 0.5912266 0.2011497 2.285709
v 1.211566 -0.22699809 3.6975312
v 1.6320359 0.09725094 3.7223399
v 1.3884546 -0.67250633 3.5020268
v 0.8799142 -0.39056396 3.4662673
v 1.1641396 -1.3670841 2.9649906
v 1.6725063 -1.6362637 2.2639587
v 0.54295754 -0.36038697 2.9675684
v 0.9302076 -1.2938533 2.6696339
v 0.9589275 -0.9908836 0.96562433
v 1.5538 -1.2326604 0.1363006
v 1.4138694 -0.79376245 0.7865604
v 1.3588449 -1.3684793 0.25658947
v 1.3617634 -1.9010055 -0.07301539
v 0.98702997 -1.2383919 0.90423346
v 0.9794315 -0.7895453 1.9322991
v 1.3760726 -1.6634852 0.5306591
v 1.3976965 -2.4843547 0.29160064
v 1.4209828 -2.3439164 0.42902654
v 1.2357694 -1.663747 0.9047833
v 0.996163 -1.3597264 2.0823889
v 0.5912266 0.2011497 2.285709
v 1.0728314 0.042727232 2.090196
v 0.4838113 -0.094417095 2.5414824
v 0.9302076 -1.2938533 2.6696339
v 0.54295754 -0.36038697 2.9675684
v 0.9794315 -0.7895453 1.9322991
v 0.9589275 -0.9908836 0.96562433
v 1.445444 -0.6502385 1.8775096
v 1.4138694 -0.79376245 0.7865604
v 1.8192663 -0.7582233 1.0273262
v 1.5538 -1.2326604 0.1363006
v 1.9141399 -1.6500014 0.071897745
v 1.3617634 -1.9010055 -0.07301539
v 2.0461068 -1.1128509 0.9406356
v 0.14907813 0.8919951 5.369055
v -0.38959613 1.5176289 4.1027036
v 1.2674017 1.3700825 3.765767
v -0.67879725 0.98792183 5.431132
v 1.5877389 -0.7260648 5.698024
v 1.7552358 -1.0978379 6.0262747
v 2.2810302 -0.15340638 5.410604
v 1.9517798 0.03517747 5.3160744
v 1.5330064 -0.13449943 5.70333
v 1.5877389 -0.7260648 5.698024
v 1.9517798 0.03517747 5.3160744
v 1.5649176 0.31213474 6.0329447
v 2.149888 0.5782063 4.977598
v 2.2641592 1.0221499 5.6360817
v 1.5432979 0.40296173 6.416013
v 3.1422935 0.25169486 4.2438884
v 3.252573 0.5805633 4.28666
v 2.4174712 0.3449818 4.6691523
v 3.165184 0.016668558 4.346967
v 1.9517798 0.03517747 5.3160744
v 2.149888 0.5782063 4.977598
v 2.8551302 -0.19576406 3.6822867
v 2.7839751 -0.2115432 3.1815705
v 3.0517905 0.062452793 3.7872162
v 3.1422935 0.25169486 4.2438884
v 3.252573 0.5805633 4.28666
v 3.4475431 0.6116797 3.581383
v 3.3351693 0.20722109 3.3735344
v 3.3028774 -0.0005015135 3.394096
v 3.1816518 -0.075778365 3.5750482
v 3.167416 0.11394429 2.7777004
v 3.1825054 -0.042756557 2.8776445
v -1.4579415 0.8514081 1.5769835
v -1.3749967 0.05843222 2.5009606
v -1.0689418 0.374699 1.5714362
v -0.81415105 -0.20453548 2.5251467
v -1.0823662 -0.32702303 2.8451648
v -1.3766345 -0.06425953 3.1857903
v -1.5413225 0.63610303 2.621258
v -0.07847598 0.4911797 2.285324
v 0.21669877 0.53398216 2.464141
v -0.39706182 1.3106908 1.9288512
v -0.46640408 1.301812 1.5245968
v -0.12548804 0.18016535 2.3876927
v -0.3325004 2.294146 1.2575556
v -0.44524175 1.8042899 1.825877
v -0.6911682 1.3204813 1.1195422
v -0.7454819 0.617995 1.3957056
v -0.4053794 -0.014558315 2.3729634
v -0.43199384 1.9837898 1.0061791
v -0.97647774 1.8341742 0.6963668
v -0.7918278 2.167794 0.47382474
v -0.63271093 2.6174073 0.50015604
v -0.71056616 3.1645808 0.35583484
v -0.69575906 2.7530012 0.06129265
v -0.8499584 2.4978075 0.34008068
v -0.7611631 2.9082165 -0.05121687
v -0.90745175 2.4139767 -0.31490153
v -0.90249145 2.524948 -0.3460887
v 0.9302076 -1.2938533 2.6696339
v 1.1641396 -1.3670841 2.9649906
v 1.4405918 -1.7007015 1.6762214
v 1.6725063 -1.6362637 2.2639587
v 1.2357694 -1.663747 0.9047833
v 1.4405918 -1.7007015 1.6762214
v 1.4912586 -1.8509407 0.88953567
v 1.7320745 -1.7897825 1.1697633
v 1.6725063 -1.6362637 2.2639587
v -1.3579948 1.7288384 1.1610107
v -1.4579415 0.8514081 1.5769835
v -1.1198622 1.5947611 0.8944806
v -1.2227678 2.434994 0.46055698
v -0.97647774 1.8341742 0.6963668
v -0.7918278 2.167794 0.47382474
v -0.6911682 1.3204813 1.1195422
v -0.97647774 1.8341742 0.6963668
v -1.1198622 1.5947611 0.8944806
v -0.7454819 0.617995 1.3957056
v -1.0689418 0.374699 1.5714362
v -1.4579415 0.8514081 1.5769835
v -0.4053794 -0.014558315 2.3729634
v -0.81415105 -0.20453548 2.5251467
v -0.8824862 2.94211 0.9917866
v -1.0530611 3.1888745 0.52947646
v -0.71056616 3.1645808 0.35583484
v -0.93839395 2.814415 1.4094276
v -0.3325004 2.294146 1.2575556
v -0.44524175 1.8042899 1.825877
v -1.1717489 2.2457523 1.7598369
v -0.6589631 1.6051623 2.0374653
v -0.71056616 3.1645808 0.35583484
v -1.0530611 3.1888745 0.52947646
v -0.7611631 2.9082165 -0.05121687
v -1.4673924 2.7719364 -0.044683605
v -0.90249145 2.524948 -0.3460887
v -1.133505 2.3267198 -0.39348787
v -0.90745175 2.4139767 -0.31490153
v -0.90745175 2.4139767 -0.31490153
v -1.133505 2.3267198 -0.39348787
v -0.8499584 2.4978075 0.34008068
v -1.2092702 2.5849829 0.37081987
v -1.4673924 2.7719364 -0.044683605
v -2.3985877 -0.6497307 6.721174
v -2.2052808 -0.9065733 6.739647
v -2.442751 -0.98767495 5.8686075
v -1.7900305 -1.3056633 5.500088
v -1.6915431 -1.1211514 6.5939384
v -2.1856449 -1.4391205 5.268668
v -2.744138 -0.9724302 5.432865
v -1.8662847 -0.7358775 4.313057
v -1.9657743 -0.09544277 5.446841
v -2.35678 -0.6862736 4.337783
v -1.4880054 -0.71745014 4.942757
v -1.6245811 -1.0481062 4.1857896
v -1.3511345 -0.3919356 5.5746593
v -2.6943293 -1.5573785 4.658917
v -2.7079206 -0.9700756 4.5409603
v -2.744138 -0.9724302 5.432865
v -2.1856449 -1.4391205 5.268668
v -2.182129 -1.8904896 4.7222223
v -1.4880054 -0.71745014 4.942757
v -1.6245811 -1.0481062 4.1857896
v -1.5456018 -1.1499691 5.03555
v -1.1730022 -0.5836874 5.727786
v -1.3511345 -0.3919356 5.5746593
v -1.268652 -1.0985807 6.256081
v -1.0811849 -0.92164457 6.373046
v -2.1565762 -1.0777099 3.9274821
v -1.6245811 -1.0481062 4.1857896
v -1.8662847 -0.7358775 4.313057
v -1.8306103 -1.6958847 3.6120582
v -1.6775372 -1.8215771 3.7744894
v -1.5705214 -1.4425428 4.2164335
v -1.1530857 -1.6848917 3.2526612
v -1.8306103 -1.6958847 3.6120582
v -1.4832592 -1.6729739 3.2382736
v -2.3217485 -1.7003236 3.5772564
v -2.3217485 -1.7003236 3.5772564
v -1.8306103 -1.6958847 3.6120582
v -2.1565762 -1.0777099 3.9274821
v -2.35678 -0.6862736 4.337783
v -1.8662847 -0.7358775 4.313057
v -2.7079206 -0.9700756 4.5409603
v -2.6943293 -1.5573785 4.658917
v -2.3611424 -2.057602 3.7053213
v -2.238227 -2.0363026 2.5622249
v -2.0761533 -1.780823 2.5057442
v -2.1594193 -1.860362 2.2408512
v -2.5805736 -0.47009754 5.016277
v -2.744138 -0.9724302 5.432865
v -1.9657743 -0.09544277 5.446841
v -2.1743727 0.055316806 5.752052
v -1.8681413 0.17053413 5.4967694
v -2.5075874 -0.60001016 6.0816164
v -2.3811448 -0.18799233 6.1260448
v -2.3985877 -0.6497307 6.721174
v -2.0214307 -2.0570545 2.5713594
v -2.0761533 -1.780823 2.5057442
v -2.056777 -1.68922 2.2762184
v -2.1594193 -1.860362 2.2408512
v -2.238227 -2.0363026 2.5622249
v -1.5108593 -2.0449543 3.4109225
v -0.95512104 -1.6790707 2.8333862
v -1.1305437 -1.7951577 2.8287256
v -1.1530857 -1.6848917 3.2526612
v -1.8306103 -1.6958847 3.6120582
v -0.7126453 -2.8728073 7.5850077
v -0.5082241 -3.0222416 7.621557
v -0.55244845 -2.3858676 7.1033125
v -0.76370573 -2.548224 7.3990984
v -1.8589044 -2.0177908 2.5041196
v -1.9492679 -2.2347436 2.470351
v -1.8259599 -1.970468 2.116967
v -2.0214307 -2.0570545 2.5713594
v -1.878093 -1.9075174 2.6903641
v -1.6284194 -2.060585 2.5673358
v 3.440494 0.25580657 2.6923542
v 3.612512 0.25662702 3.2074497
v 3.436696 0.122975826 3.0274415
v 3.3931112 0.14531827 2.7033768
v 3.7179136 0.12293029 3.069963
v 3.3931112 0.14531827 2.7033768
v 3.6777415 -0.019803286 3.3928041
v 3.440494 0.25580657 2.6923542
v 1.5608816 -2.5410733 0.42880884
v 1.5762446 -2.541194 0.42630363
v 1.3976965 -2.4843547 0.29160064
v 1.6108154 -2.511559 0.35063052
v 1.5933433 -2.5634062 0.42476648
v 1.6979043 -2.5455718 0.44093525
v 1.3617634 -1.9010055 -0.07301539
v 2.0484257 -2.2457411 0.23731953
v 1.9141399 -1.6500014 0.071897745
v -1.3706801 -2.1733303 2.7661805
v -1.172939 -1.8840461 2.32333
v -1.2564976 -1.8362939 2.232225
v -1.4008329 -2.0587802 2.4881737
v -1.878093 -1.9075174 2.6903641
v -1.4953537 -1.8998837 2.5864913
v -1.5089126 -1.9278011 2.8475468
v -1.2564976 -1.8362939 2.232225
v -1.172939 -1.8840461 2.32333
v -1.4523892 -2.1105986 3.0303977
v -0.57460463 -2.703814 5.9042726
v -0.045829177 -3.1113267 6.2640834
v -0.104322314 -3.3298602 5.6771526
v -0.12173957 -3.0279102 5.556268
v -0.06621647 -3.6921859 5.4524713
v 0.055827618 -3.4773805 5.2607846
v -0.63056946 -2.6869025 7.595727
v -0.45687735 -2.2834997 7.263652
v -0.20804465 -2.5561557 7.453804
v -0.76370573 -2.548224 7.3990984
v 0.26805162 -3.4674635 5.901571
v 0.33067715 -3.8605232 5.6499124
v -0.06621647 -3.6921859 5.4524713
v -0.104322314 -3.3298602 5.6771526
v 0.6068829 -3.4233162 5.7254195
v 0.7387183 -3.6133583 5.5418983
v 0.33067715 -3.8605232 5.6499124
v 0.26805162 -3.4674635 5.901571
v 0.5798975 -1.4863627 5.097515
v 1.0893618 -1.603039 5.7613516
v 1.4258783 -1.3609087 5.6195555
v 1.1945646 -1.1130223 5.184124
v 2.8551302 -0.19576406 3.6822867
v 3.1422935 0.25169486 4.2438884
v 3.253007 -0.13173914 4.0443296
v 3.0184567 -0.32106662 3.6369064
v 2.7839751 -0.2115432 3.1815705
v 2.8925002 -0.15639639 3.1323183
v -0.8970012 1.7211144 2.351928
v -1.2371393 1.6005471 2.0162446
v -0.6589631 1.6051623 2.0374653
v -0.20248947 0.9568648 2.4571493
v -0.6725488 1.3717041 2.7626443
v 0.21669877 0.53398216 2.464141
v -0.39706182 1.3106908 1.9288512
v -0.44524175 1.8042899 1.825877
v -0.7918278 2.167794 0.47382474
v -0.8499584 2.4978075 0.34008068
v -1.2227678 2.434994 0.46055698
v -0.63271093 2.6174073 0.50015604
v -2.3985877 -0.6497307 6.721174
v -2.442751 -0.98767495 5.8686075
v -2.5075874 -0.60001016 6.0816164
v -2.744138 -0.9724302 5.432865
v -2.5805736 -0.47009754 5.016277
v -1.5089126 -1.9278011 2.8475468
v -1.457046 -1.9133763 3.009227
v -1.4832592 -1.6729739 3.2382736
v -2.0444658 -1.7999036 2.9810066
v -2.3217485 -1.7003236 3.5772564
v -1.1305437 -1.7951577 2.8287256
v -1.088383 -1.6054492 2.7476304
v -1.4832592 -1.6729739 3.2382736
v -1.457046 -1.9133763 3.009227
vt 0.313031 0.044305
vt 0.309912 0.029637
vt 0.296866 0.058286
vt 0.513246 0.356941
vt 0.513246 0.35957
vt 0.513671 0.358133
vt 0.538682 0.942644
vt 0.53246 0.919495
vt 0.53246 0.945863
vt 0.520756 0.180442
vt 0.513926 0.189746
vt 0.520756 0.196612
vt 0.015418 0.878554
vt 0.019484 0.855732
vt 0.015418 0.822837
vt 0.556182 0.605777
vt 0.556182 0.59381
vt 0.549491 0.603005
vt 0.024798 0.701834
vt 0.016703 0.701834
vt 0.017629 0.719139
vt 0.56297 0.089672
vt 0.576044 0.069331
vt 0.575424 0.050903
vt 0.356027 0.958393
vt 0.351277 0.956186
vt 0.349769 0.979661
vt 0.173585 0.577437
vt 0.168808 0.567211
vt 0.168148 0.577437
vt 0.35957 0.520248
vt 0.354038 0.511032
vt 0.348158 0.516061
vt 0.28093 0.963576
vt 0.285176 0.941798
vt 0.277893 0.941798
vt 0.432192 0.961557
vt 0.427242 0.977332
vt 0.432192 0.984831
vt 0.435749 0.80416
vt 0.439277 0.783051
vt 0.432106 0.783051
vt 0.785912 0.956149
vt 0.787431 0.940106
vt 0.780559 0.919419
vt 0.791762 0.940266
vt 0.787431 0.940106
vt 0.785912 0.956149
vt 0.586293 0.835404
vt 0.578778 0.844763
vt 0.586169 0.846671
vt 0.963576 0.448133
vt 0.963576 0.402233
vt 0.952502 0.421113
vt 0.358972 0.871553
vt 0.35957 0.791771
vt 0.359277 0.835883
vt 0.977231 0.044089
vt 0.981288 0.051367
vt 0.981288 0.015563
vt 0.59515 0.92612
vt 0.58249 0.922539
vt 0.58249 0.960033
vt 0.745152 0.952948
vt 0.749251 0.921034
vt 0.737423 0.921034
vt 0.974203 0.368426
vt 0.974203 0.342735
vt 0.969025 0.353576
vt 0.079708 0.952948
vt 0.079708 0.914898
vt 0.065026 0.929027
vt 0.826409 0.41763
vt 0.839587 0.447466
vt 0.841357 0.425815
vt 0.059777 0.056462
vt 0.053088 0.176358
vt 0.05403 0.220507
vt 0.45961 0.904757
vt 0.440985 0.92815
vt 0.47116 0.92815
vt 0.67466 0.475411
vt 0.67466 0.492415
vt 0.683714 0.484041
vt 0.579267 0.80806
vt 0.586293 0.809386
vt 0.581974 0.79643
vt 0.960033 0.69416
vt 0.951715 0.675027
vt 0.951715 0.70674
vt 0.121836 0.016851
vt 0.123584 0.033654
vt 0.131075 0.016851
vt 0.934449 0.351891
vt 0.927801 0.388695
vt 0.935235 0.37206
vt 0.015494 0.230266
vt 0.019484 0.222054
vt 0.015494 0.164623
vt 0.970661 0.789768
vt 0.963481 0.763594
vt 0.963481 0.800618
vt 0.269979 0.461363
vt 0.338581 0.456191
vt 0.284313 0.451887
vt 0.33594 0.431618
vt 0.315449 0.455962
vt 0.374491 0.438133
vt 0.376393 0.401758
vt 0.355269 0.393386
vt 0.404947 0.418864
vt 0.42414 0.377336
vt 0.40455 0.439704
vt 0.378739 0.465907
vt 0.339681 0.47736
vt 0.267078 0.47736
vt 0.246511 0.46109
vt 0.235199 0.477226
vt 0.231589 0.461491
vt 0.21676 0.457815
vt 0.455024 0.395135
vt 0.45252 0.368441
vt 0.415984 0.344903
vt 0.478891 0.360524
vt 0.477001 0.392289
vt 0.484445 0.317803
vt 0.44163 0.294323
vt 0.479485 0.297557
vt 0.412811 0.275364
vt 0.38787 0.306827
vt 0.391091 0.25336
vt 0.398902 0.257598
vt 0.350316 0.266613
vt 0.357953 0.312624
vt 0.352852 0.181893
vt 0.395948 0.201467
vt 0.29499 0.269157
vt 0.309716 0.311219
vt 0.391096 0.159813
vt 0.429481 0.186464
vt 0.432887 0.153279
vt 0.464143 0.189184
vt 0.476445 0.171765
vt 0.458294 0.126691
vt 0.480017 0.150223
vt 0.428978 0.103666
vt 0.409076 0.126107
vt 0.382401 0.084378
vt 0.267675 0.205073
vt 0.249064 0.239114
vt 0.265463 0.282925
vt 0.288437 0.155312
vt 0.35426 0.153475
vt 0.254929 0.179618
vt 0.630103 0.280154
vt 0.634118 0.288718
vt 0.634118 0.231033
vt 0.0628 0.422164
vt 0.031748 0.413216
vt 0.048671 0.428649
vt 0.471222 0.015243
vt 0.471222 0.049596
vt 0.474703 0.046083
vt 0.31883 0.981288
vt 0.31883 0.952628
vt 0.311943 0.971166
vt 0.245809 0.825416
vt 0.251522 0.80669
vt 0.245809 0.805323
vt 0.465846 0.960635
vt 0.463126 0.959376
vt 0.46314 0.977746
vt 0.196612 0.495991
vt 0.192321 0.495991
vt 0.193036 0.506586
vt 0.967118 0.502129
vt 0.958586 0.489972
vt 0.958586 0.529612
vt 0.336543 0.043232
vt 0.314989 0.059598
vt 0.324739 0.066079
vt 0.239695 0.15233
vt 0.251522 0.125061
vt 0.237942 0.125061
vt 0.583396 0.071506
vt 0.579659 0.093255
vt 0.598692 0.04312
vt 0.885639 0.45699
vt 0.885639 0.435997
vt 0.875105 0.45175
vt 0.932501 0.918528
vt 0.916479 0.923479
vt 0.933464 0.938778
vt 0.513246 0.356941
vt 0.513671 0.358133
vt 0.513589 0.356025
vt 0.905019 0.956638
vt 0.903589 0.970661
vt 0.908666 0.970661
vt 0.981115 0.247149
vt 0.984831 0.271006
vt 0.984831 0.237128
vt 0.981288 0.830584
vt 0.978663 0.853132
vt 0.981288 0.866155
vt 0.859832 0.944808
vt 0.869476 0.943327
vt 0.860716 0.933607
vt 0.811265 0.246564
vt 0.801538 0.231771
vt 0.805283 0.256835
vt 0.963575 0.595501
vt 0.950644 0.595501
vt 0.957761 0.641203
vt 0.63565 0.935235
vt 0.65183 0.919752
vt 0.63565 0.904407
vt 0.292261 0.421564
vt 0.292261 0.415308
vt 0.288844 0.416769
vt 0.442837 0.446591
vt 0.453447 0.45699
vt 0.453447 0.430615
vt 0.944119 0.016784
vt 0.930013 0.06908
vt 0.945863 0.06908
vt 0.246511 0.46109
vt 0.338581 0.456191
vt 0.269979 0.461363
vt 0.284313 0.451887
vt 0.338581 0.456191
vt 0.315449 0.455962
vt 0.612862 0.13351
vt 0.609719 0.141924
vt 0.612862 0.145245
vt 0.040402 0.786448
vt 0.048482 0.770001
vt 0.065607 0.731915
vt 0.780559 0.919419
vt 0.780559 0.95649
vt 0.785912 0.956149
vt 0.849078 0.217241
vt 0.860196 0.201974
vt 0.856168 0.189225
vt 0.934663 0.83934
vt 0.938836 0.864384
vt 0.945863 0.83934
vt 0.356027 0.958393
vt 0.349769 0.979661
vt 0.356027 0.984831
vt 0.916479 0.923479
vt 0.932501 0.918528
vt 0.933464 0.898474
vt 0.913767 0.914915
vt 0.296866 0.058286
vt 0.309912 0.029637
vt 0.305792 0.016693
vt 0.26868 0.048785
vt 0.262529 0.090335
vt 0.30131 0.0814
vt 0.324739 0.066079
vt 0.314989 0.059598
vt 0.248728 0.055556
vt 0.244803 0.083661
vt 0.238009 0.016693
vt 0.233327 0.048162
vt 0.586293 0.835404
vt 0.577833 0.844689
vt 0.578778 0.844763
vt 0.571497 0.842615
vt 0.579267 0.80806
vt 0.586293 0.809386
vt 0.557012 0.819453
vt 0.564962 0.799672
vt 0.581974 0.79643
vt 0.316892 0.342327
vt 0.316892 0.368426
vt 0.327785 0.35622
vt 0.348942 0.353115
vt 0.668738 0.289905
vt 0.681719 0.273799
vt 0.669071 0.26622
vt 0.68893 0.265763
vt 0.681859 0.293614
vt 0.685668 0.299009
vt 0.672833 0.201027
vt 0.692074 0.197185
vt 0.712054 0.2625
vt 0.698612 0.273282
vt 0.685668 0.299009
vt 0.709876 0.285734
vt 0.673811 0.144103
vt 0.687092 0.154431
vt 0.654249 0.14433
vt 0.645732 0.159315
vt 0.673441 0.107708
vt 0.650822 0.096447
vt 0.632668 0.099593
vt 0.644597 0.067473
vt 0.66515 0.023656
vt 0.637967 0.034684
vt 0.634465 0.057296
vt 0.712054 0.050199
vt 0.695446 0.131551
vt 0.706141 0.015756
vt 0.828958 0.967999
vt 0.819495 0.956171
vt 0.819014 0.970661
vt 0.828958 0.933653
vt 0.579659 0.093255
vt 0.576044 0.069331
vt 0.56297 0.089672
vt 0.551014 0.11285
vt 0.550851 0.092309
vt 0.586711 0.104431
vt 0.598692 0.04312
vt 0.554298 0.134043
vt 0.529051 0.127748
vt 0.50841 0.094899
vt 0.509627 0.134617
vt 0.495225 0.094267
vt 0.508494 0.036452
vt 0.534681 0.052956
vt 0.517096 0.015965
vt 0.966525 0.905156
vt 0.970661 0.938778
vt 0.970661 0.903817
vt 0.963741 0.936617
vt 0.599641 0.72392
vt 0.611296 0.73533
vt 0.620582 0.707601
vt 0.603619 0.692838
vt 0.584427 0.723873
vt 0.58202 0.756473
vt 0.600078 0.750919
vt 0.592804 0.763085
vt 0.60772 0.75502
vt 0.580738 0.681885
vt 0.605287 0.658102
vt 0.579284 0.645498
vt 0.598225 0.635155
vt 0.653512 0.632738
vt 0.705513 0.610214
vt 0.691826 0.568509
vt 0.680549 0.694017
vt 0.682425 0.718067
vt 0.646243 0.710353
vt 0.723297 0.714362
vt 0.703504 0.754508
vt 0.734884 0.77582
vt 0.752512 0.758479
vt 0.77582 0.718446
vt 0.730011 0.663136
vt 0.768317 0.643599
vt 0.768017 0.583812
vt 0.748571 0.517126
vt 0.77582 0.524956
vt 0.767328 0.506367
vt 0.731957 0.49966
vt 0.69032 0.521571
vt 0.716278 0.494127
vt 0.698612 0.273282
vt 0.700382 0.277466
vt 0.709876 0.285734
vt 0.710155 0.309974
vt 0.215611 0.75905
vt 0.224889 0.770196
vt 0.22208 0.739057
vt 0.231649 0.682338
vt 0.243063 0.721648
vt 0.239984 0.761684
vt 0.241526 0.628334
vt 0.223241 0.609289
vt 0.272495 0.696415
vt 0.268973 0.770506
vt 0.267774 0.615594
vt 0.291947 0.687092
vt 0.314809 0.750337
vt 0.331253 0.675728
vt 0.335025 0.736147
vt 0.355813 0.743369
vt 0.36409 0.722217
vt 0.307962 0.617854
vt 0.224817 0.559494
vt 0.209288 0.590588
vt 0.204784 0.566115
vt 0.212555 0.539882
vt 0.239547 0.561775
vt 0.27826 0.55657
vt 0.277733 0.508378
vt 0.321392 0.592336
vt 0.302357 0.531044
vt 0.340603 0.632178
vt 0.336191 0.597934
vt 0.374162 0.646998
vt 0.383525 0.638227
vt 0.41022 0.750138
vt 0.403773 0.770506
vt 0.414503 0.701199
vt 0.418837 0.667411
vt 0.436767 0.689683
vt 0.436086 0.716582
vt 0.445717 0.727157
vt 0.453133 0.665271
vt 0.455219 0.678713
vt 0.503798 0.62682
vt 0.520673 0.640317
vt 0.514079 0.607911
vt 0.496462 0.550516
vt 0.488057 0.588835
vt 0.515663 0.578713
vt 0.505065 0.522003
vt 0.525749 0.521301
vt 0.529021 0.560862
vt 0.502214 0.456193
vt 0.488057 0.447018
vt 0.513923 0.407554
vt 0.536607 0.407149
vt 0.546063 0.370334
vt 0.560368 0.319634
vt 0.541832 0.332027
vt 0.58054 0.536436
vt 0.574319 0.56033
vt 0.525052 0.464991
vt 0.615519 0.554125
vt 0.598545 0.575558
vt 0.607945 0.59921
vt 0.623481 0.581845
vt 0.622042 0.496488
vt 0.600154 0.480395
vt 0.57295 0.473372
vt 0.570911 0.450715
vt 0.632894 0.454865
vt 0.639432 0.477677
vt 0.605696 0.423706
vt 0.592439 0.385616
vt 0.560368 0.319634
vt 0.607442 0.322909
vt 0.578948 0.295772
vt 0.550946 0.282116
vt 0.596653 0.268163
vt 0.566141 0.236855
vt 0.596951 0.226599
vt 0.540869 0.233573
vt 0.58964 0.200621
vt 0.572599 0.205579
vt 0.553144 0.206782
vt 0.611768 0.178124
vt 0.565642 0.177955
vt 0.86593 0.138971
vt 0.847761 0.125624
vt 0.856168 0.189225
vt 0.860196 0.201974
vt 0.891971 0.12548
vt 0.893599 0.163055
vt 0.907112 0.124455
vt 0.900986 0.244388
vt 0.91398 0.129217
vt 0.91306 0.220541
vt 0.871363 0.228348
vt 0.871548 0.271006
vt 0.857977 0.251489
vt 0.847761 0.252622
vt 0.636806 0.801147
vt 0.660136 0.778547
vt 0.642788 0.769031
vt 0.655096 0.821645
vt 0.62425 0.827683
vt 0.629773 0.855203
vt 0.635413 0.87025
vt 0.60256 0.885639
vt 0.673296 0.869799
vt 0.681871 0.844724
vt 0.684145 0.866661
vt 0.704969 0.88461
vt 0.695014 0.885639
vt 0.677121 0.799572
vt 0.686829 0.825619
vt 0.660136 0.778547
vt 0.678629 0.779216
vt 0.285706 0.83342
vt 0.280847 0.82352
vt 0.274582 0.868318
vt 0.284274 0.905002
vt 0.289399 0.879926
vt 0.152187 0.132168
vt 0.165866 0.051713
vt 0.151451 0.061139
vt 0.178387 0.137826
vt 0.187632 0.070354
vt 0.20091 0.039986
vt 0.205468 0.164991
vt 0.146003 0.202026
vt 0.199525 0.26066
vt 0.182619 0.215154
vt 0.175242 0.260041
vt 0.170361 0.347366
vt 0.145716 0.288066
vt 0.110429 0.27857
vt 0.134632 0.357759
vt 0.147465 0.382118
vt 0.111399 0.346945
vt 0.178169 0.401056
vt 0.160998 0.413492
vt 0.080159 0.318772
vt 0.062529 0.369732
vt 0.043759 0.362165
vt 0.172556 0.461922
vt 0.189298 0.407228
vt 0.186587 0.45167
vt 0.146021 0.533945
vt 0.133083 0.493623
vt 0.081414 0.241615
vt 0.114859 0.09304
vt 0.045437 0.273613
vt 0.118378 0.537426
vt 0.11208 0.504032
vt 0.080398 0.615151
vt 0.112396 0.605531
vt 0.125478 0.59909
vt 0.08372 0.631931
vt 0.07698 0.660102
vt 0.068268 0.632368
vt 0.051781 0.666001
vt 0.048013 0.642924
vt 0.027094 0.339692
vt 0.0238 0.37358
vt 0.017165 0.286517
vt 0.019045 0.334323
vt 0.015535 0.375124
vt 0.05403 0.220507
vt 0.059777 0.056462
vt 0.092908 0.096389
vt 0.087588 0.026308
vt 0.061497 0.021693
vt 0.327397 0.917522
vt 0.35957 0.905168
vt 0.358972 0.871553
vt 0.331037 0.850055
vt 0.305351 0.858583
vt 0.314155 0.916497
vt 0.303347 0.908245
vt 0.359277 0.835883
vt 0.289399 0.879926
vt 0.355671 0.798448
vt 0.35957 0.791771
vt 0.32783 0.803128
vt 0.317081 0.785219
vt 0.30201 0.817143
vt 0.285706 0.83342
vt 0.746294 0.034616
vt 0.748068 0.06785
vt 0.773574 0.016183
vt 0.762065 0.079776
vt 0.792251 0.065962
vt 0.794459 0.040297
vt 0.771491 0.130401
vt 0.74039 0.162283
vt 0.783819 0.178935
vt 0.773093 0.201847
vt 0.79435 0.210973
vt 0.811617 0.161084
vt 0.806572 0.117057
vt 0.814887 0.214875
vt 0.816559 0.088704
vt 0.801538 0.231771
vt 0.816559 0.236147
vt 0.811265 0.246564
vt 0.815203 0.061478
vt 0.793079 0.063469
vt 0.812688 0.039652
vt 0.822975 0.340342
vt 0.828296 0.32711
vt 0.799266 0.314433
vt 0.766473 0.3447
vt 0.821715 0.363867
vt 0.759185 0.403208
vt 0.821428 0.395502
vt 0.713373 0.408909
vt 0.723008 0.362135
vt 0.727917 0.465846
vt 0.748095 0.456365
vt 0.781562 0.448595
vt 0.826409 0.41763
vt 0.807698 0.453357
vt 0.839587 0.447466
vt 0.831482 0.465846
vt 0.406713 0.823292
vt 0.392289 0.81184
vt 0.398066 0.848062
vt 0.432303 0.83726
vt 0.413519 0.888639
vt 0.392289 0.892725
vt 0.444591 0.851018
vt 0.431658 0.880676
vt 0.865718 0.727652
vt 0.866396 0.785731
vt 0.876783 0.735548
vt 0.857044 0.785789
vt 0.836894 0.809474
vt 0.849643 0.739188
vt 0.855169 0.656951
vt 0.837268 0.773957
vt 0.798895 0.806887
vt 0.801437 0.796859
vt 0.829006 0.748174
vt 0.820995 0.675513
vt 0.855027 0.59929
vt 0.863079 0.606069
vt 0.825873 0.596431
vt 0.801641 0.647503
vt 0.798895 0.604433
vt 0.389317 0.547475
vt 0.406043 0.577437
vt 0.394904 0.517903
vt 0.414347 0.543412
vt 0.418741 0.497134
vt 0.44308 0.554708
vt 0.460532 0.524454
vt 0.458152 0.577437
vt 0.430221 0.4823
vt 0.902059 0.528566
vt 0.924607 0.538259
vt 0.924607 0.463809
vt 0.906083 0.547325
vt 0.882097 0.337307
vt 0.865206 0.305053
vt 0.861415 0.383847
vt 0.882097 0.400309
vt 0.826407 0.501372
vt 0.80805 0.493525
vt 0.817502 0.531058
vt 0.854884 0.500227
vt 0.840997 0.561495
vt 0.868301 0.558007
vt 0.875012 0.49365
vt 0.909092 0.605103
vt 0.89014 0.628324
vt 0.899387 0.657082
vt 0.917522 0.598846
vt 0.917522 0.689027
vt 0.903149 0.68595
vt 0.20277 0.871469
vt 0.216096 0.855479
vt 0.184958 0.851929
vt 0.166191 0.865816
vt 0.144708 0.846859
vt 0.163494 0.81244
vt 0.18621 0.824906
vt 0.197458 0.842122
vt 0.194521 0.852765
vt 0.208889 0.81244
vt 0.211907 0.824832
vt 0.057337 0.892725
vt 0.087235 0.865306
vt 0.056049 0.845961
vt 0.0786 0.798223
vt 0.092615 0.822681
vt 0.109819 0.861784
vt 0.106254 0.892725
vt 0.507332 0.692817
vt 0.485852 0.688168
vt 0.488005 0.732074
vt 0.506637 0.748337
vt 0.529678 0.685453
vt 0.477606 0.806088
vt 0.47543 0.762067
vt 0.527795 0.760387
vt 0.544735 0.728909
vt 0.545554 0.675975
vt 0.500434 0.79898
vt 0.526243 0.795119
vt 0.5178 0.82241
vt 0.497806 0.848314
vt 0.48682 0.871599
vt 0.514114 0.869669
vt 0.515008 0.846718
vt 0.509504 0.882097
vt 0.545554 0.8724
vt 0.540506 0.878099
vt 0.171814 0.935235
vt 0.166632 0.905707
vt 0.142103 0.935235
vt 0.137626 0.897079
vt 0.949405 0.306431
vt 0.947679 0.281308
vt 0.935483 0.284036
vt 0.935292 0.254769
vt 0.949405 0.254909
vt 0.765192 0.250552
vt 0.745871 0.223662
vt 0.751227 0.268988
vt 0.764646 0.299123
vt 0.745871 0.289972
vt 0.751444 0.309974
vt 0.877887 0.08133
vt 0.896061 0.08325
vt 0.896267 0.058099
vt 0.867821 0.049873
vt 0.876836 0.016875
vt 0.896267 0.01629
vt 0.845829 0.045034
vt 0.854209 0.01742
vt 0.232235 0.326678
vt 0.213008 0.321114
vt 0.211074 0.35191
vt 0.247646 0.316878
vt 0.255209 0.386139
vt 0.278372 0.380499
vt 0.27287 0.316878
vt 0.285176 0.342006
vt 0.016149 0.597705
vt 0.034885 0.602235
vt 0.015635 0.57842
vt 0.049596 0.570904
vt 0.017706 0.551779
vt 0.027731 0.542242
vt 0.015635 0.543307
vt 0.922069 0.334877
vt 0.913867 0.343561
vt 0.934449 0.351891
vt 0.927801 0.388695
vt 0.913867 0.396766
vt 0.898038 0.852191
vt 0.880144 0.839307
vt 0.887456 0.88214
vt 0.845199 0.889445
vt 0.846714 0.84668
vt 0.859441 0.89981
vt 0.885037 0.89981
vt 0.646267 0.375266
vt 0.676628 0.343921
vt 0.662787 0.340937
vt 0.661849 0.415123
vt 0.645638 0.40778
vt 0.676628 0.441049
vt 0.167908 0.641203
vt 0.182442 0.640305
vt 0.171645 0.61486
vt 0.153547 0.612676
vt 0.143978 0.641203
vt 0.069432 0.498947
vt 0.086793 0.462899
vt 0.048342 0.462899
vt 0.037057 0.507735
vt 0.053231 0.524298
vt 0.017895 0.465427
vt 0.015356 0.478932
vt 0.78574 0.856051
vt 0.773838 0.885639
vt 0.797075 0.880184
vt 0.755603 0.840952
vt 0.740909 0.860349
vt 0.747525 0.885639
vt 0.364883 0.118676
vt 0.336536 0.10235
vt 0.339675 0.115756
vt 0.328756 0.118676
vt 0.065607 0.731915
vt 0.072755 0.753233
vt 0.098102 0.766707
vt 0.116517 0.7532
vt 0.121667 0.786448
vt 0.107632 0.704383
vt 0.078045 0.693483
vt 0.062826 0.709272
vt 0.044975 0.741219
vt 0.040402 0.786448
vt 0.033263 0.771829
vt 0.133846 0.718552
vt 0.12967 0.678142
vt 0.164837 0.767214
vt 0.170994 0.745734
vt 0.170244 0.775883
vt 0.161886 0.691791
vt 0.176399 0.713892
vt 0.18067 0.68917
vt 0.53246 0.919495
vt 0.538682 0.942644
vt 0.547325 0.937476
vt 0.54396 0.923332
vt 0.532531 0.911141
vt 0.417598 0.613658
vt 0.464075 0.621695
vt 0.458936 0.613658
vt 0.438668 0.627033
vt 0.417562 0.625593
vt 0.016787 0.945863
vt 0.030112 0.945863
vt 0.024797 0.914006
vt 0.017418 0.922669
vt 0.948667 0.131317
vt 0.956491 0.138795
vt 0.946269 0.100414
vt 0.955538 0.148151
vt 0.944808 0.150559
vt 0.944808 0.134885
vt 0.654488 0.550868
vt 0.655373 0.529903
vt 0.648728 0.532398
vt 0.649367 0.550868
vt 0.228495 0.425107
vt 0.222862 0.407178
vt 0.220832 0.425107
vt 0.227035 0.408859
vt 0.904378 0.752292
vt 0.904469 0.754019
vt 0.910469 0.74166
vt 0.910509 0.756558
vt 0.904072 0.755742
vt 0.904627 0.762453
vt 0.931693 0.745151
vt 0.916465 0.803403
vt 0.931693 0.80416
vt 0.859832 0.952948
vt 0.869698 0.950202
vt 0.869476 0.943327
vt 0.859832 0.944808
vt 0.334145 0.511032
vt 0.342037 0.527585
vt 0.348158 0.516061
vt 0.342475 0.556146
vt 0.349259 0.556182
vt 0.35957 0.520248
vt 0.435204 0.222665
vt 0.451289 0.258607
vt 0.477736 0.241821
vt 0.463869 0.222665
vt 0.499501 0.246117
vt 0.492613 0.229428
vt 0.956491 0.203448
vt 0.946022 0.188368
vt 0.946022 0.216096
vt 0.955246 0.18917
vt 0.233806 0.93127
vt 0.237898 0.905021
vt 0.222619 0.920049
vt 0.219734 0.935235
vt 0.243467 0.935235
vt 0.24975 0.919008
vt 0.237898 0.905021
vt 0.233806 0.93127
vt 0.703198 0.921805
vt 0.688795 0.921083
vt 0.690484 0.945513
vt 0.703197 0.949405
vt 0.571919 0.03811
vt 0.557059 0.079845
vt 0.56297 0.089672
vt 0.575424 0.050903
vt 0.586015 0.015965
vt 0.587673 0.024723
vt 0.041778 0.021718
vt 0.032446 0.015735
vt 0.029732 0.051794
vt 0.051314 0.120234
vt 0.059777 0.056462
vt 0.053088 0.176358
vt 0.025221 0.099644
vt 0.015535 0.065939
vt 0.386471 0.944389
vt 0.393619 0.953246
vt 0.394995 0.924169
vt 0.394995 0.967118
vt 0.435735 0.04001
vt 0.405432 0.027533
vt 0.405388 0.047825
vt 0.379445 0.027562
vt 0.370166 0.047825
vt 0.07621 0.402674
vt 0.064362 0.406189
vt 0.0628 0.422164
vt 0.083121 0.411762
vt 0.106277 0.428649
vt 0.047877 0.41075
vt 0.031748 0.413216
vt 0.0628 0.422164
vt 0.064362 0.406189
vn -0.6290096 -0.65981907 -0.4110793
vn 0.07802619 -0.59060425 -0.80318046
vn -0.3667405 -0.929262 -0.04442604
vn -0.09368054 -0.09219244 0.99132454
vn 0.27485967 -0.39793321 0.8752722
vn 0.009855889 -0.9326119 -0.3607463
vn -0.3398587 0.9220125 -0.18544246
vn 0.07802619 -0.59060425 -0.80318046
vn 0.23109348 0.89336246 -0.385356
vn -0.3667405 -0.929262 -0.04442604
vn -0.24996841 -0.577057 -0.7775096
vn -0.6290096 -0.65981907 -0.4110793
vn 0.057644993 -0.92221737 -0.3823508
vn -0.17179397 0.6705852 -0.72166646
vn 0.61874634 -0.7812972 -0.0820225
vn 0.61874634 -0.7812972 -0.0820225
vn -0.17179397 0.6705852 -0.72166646
vn 0.06601131 -0.9338872 -0.3514216
vn 0.06601131 -0.9338872 -0.3514216
vn -0.17179397 0.6705852 -0.72166646
vn -0.77864516 0.62304306 -0.07435723
vn -0.31409144 -0.9099511 0.27080536
vn 0.54362965 -0.62694824 -0.55803454
vn 0.33425164 -0.93827176 -0.08900444
vn 0.7128236 -0.33901784 -0.61396176
vn -0.46243417 0.8697386 0.17236385
vn -0.51098835 0.6840691 -0.5205195
vn 0.8444133 -0.3590506 0.39755383
vn 0.58782035 -0.19666088 -0.7847242
vn 0.94703406 0.012922993 0.32087368
vn 0.94703406 0.012922993 0.32087368
vn 0.58782035 -0.19666088 -0.7847242
vn 0.29039642 0.9469677 -0.13755696
vn -0.43273163 0.53331876 -0.72685254
vn 0.7546555 -0.24523264 -0.6085692
vn -0.27661136 0.7690808 -0.5761952
vn -0.27661136 0.7690808 -0.5761952
vn 0.7546555 -0.24523264 -0.6085692
vn -0.40585107 0.7546716 -0.51551485
vn -0.19131605 -0.6265645 -0.7555232
vn 0.58782035 -0.19666088 -0.7847242
vn 0.8444133 -0.3590506 0.39755383
vn -0.24996841 -0.577057 -0.7775096
vn -0.060769886 0.8079046 -0.58617157
vn 0.47472316 -0.06107971 -0.8780133
vn -0.27661136 0.7690808 -0.5761952
vn -0.060769886 0.8079046 -0.58617157
vn -0.24996841 -0.577057 -0.7775096
vn -0.5184081 -0.22960943 0.8237305
vn -0.61820525 -0.4950005 0.6105704
vn -0.9578766 -0.25835323 -0.12540329
vn -0.54745054 -0.81281835 0.16292447
vn -0.90041155 -0.2763859 -0.32428968
vn -0.65895283 -0.7351271 0.12836793
vn 0.36474887 -0.59959745 -0.6902932
vn -0.049606305 -0.9235391 -0.2552065
vn 0.0432254 0.030470341 -0.99064726
vn 0.83754396 -0.3521095 0.40613455
vn 0.3469925 -0.52185357 -0.76957285
vn 0.15340316 -0.978156 -0.008717179
vn -0.9488326 -0.15693593 -0.26682237
vn -0.9901626 0.117148966 0.0720658
vn -0.7662558 -0.56779784 -0.29546404
vn 0.30033153 0.7705594 0.53590596
vn 0.67066836 0.29466814 0.6761563
vn 0.15093115 0.7064353 0.68483424
vn -0.31409144 -0.9099511 0.27080536
vn -0.9281943 -0.020221092 -0.37154666
vn -0.48896945 -0.6945374 -0.52775633
vn -0.52652043 0.68953204 0.14946197
vn 0.09717783 0.88144785 0.2806335
vn -0.06366114 0.9007837 0.20794639
vn 0.556283 -0.2642522 -0.6885615
vn 0.46362838 -0.046451546 -0.6902142
vn 0.8483839 -0.053935677 -0.4683251
vn 0.28944996 0.9413287 -0.15802044
vn 0.46362838 -0.046451546 -0.6902142
vn -0.2706298 -0.024558395 -0.80192846
vn -0.904694 -0.39225578 -0.15396062
vn -0.3692553 -0.9286329 0.035936594
vn -0.72750723 -0.6859009 -0.016521186
vn -0.29755607 -0.9492531 0.10187554
vn 0.49204102 -0.8579003 0.14799546
vn 0.70056844 -0.6139592 0.36367306
vn -0.040403865 -0.3917259 0.91919434
vn -0.9572363 -0.28819174 -0.025377795
vn -0.29755607 -0.9492531 0.10187554
vn -0.29755607 -0.9492531 0.10187554
vn -0.9572363 -0.28819174 -0.025377795
vn -0.72750723 -0.6859009 -0.016521186
vn 0.28944996 0.9413287 -0.15802044
vn -0.22093138 0.93296635 0.26706094
vn 0.18242902 0.92144704 0.32873827
vn 0.35015303 -0.9034087 -0.24747881
vn -0.8363424 -0.54264724 0.077879965
vn -0.76293635 -0.28694332 -0.57930243
vn -0.44224638 -0.4411494 -0.60257643
vn 0.24618739 0.79046273 -0.49012977
vn 0.1396617 -0.03862995 -0.9711989
vn 0.9923972 0.0673805 -0.10299581
vn 0.48666316 0.74691665 -0.45307258
vn 0.8444133 -0.3590506 0.39755383
vn 0.94703406 0.012922993 0.32087368
vn 0.73956513 -0.5854559 0.33209178
vn 0.8444133 -0.3590506 0.39755383
vn 0.95506704 -0.2836162 0.086076476
vn 0.9923972 0.0673805 -0.10299581
vn 0.64154446 -0.669577 0.374281
vn 0.866445 -0.48356354 -0.12422033
vn 0.80221695 0.3494475 -0.48408055
vn 0.0149091855 -0.976162 0.21635361
vn 0.47683132 -0.8324259 -0.060895424
vn -0.26664466 -0.8056896 0.528875
vn -0.07261512 -0.81302613 0.57768106
vn -0.13288073 -0.9715212 0.19618604
vn 0.28075373 -0.9496206 0.13927558
vn 0.72310066 -0.6846259 0.09172125
vn 0.21347181 -0.942453 -0.2573169
vn 0.7546555 -0.24523264 -0.6085692
vn -0.43273163 0.53331876 -0.72685254
vn -0.07952682 -0.93005586 0.3587079
vn 0.36205927 -0.7514091 0.5048605
vn 0.319793 -0.83901066 0.07922095
vn -0.24030459 -0.5572218 0.7891176
vn -0.40719685 -0.74825245 0.5237452
vn -0.42460108 -0.6686741 0.5435177
vn -0.49936068 -0.7855909 0.029243767
vn -0.80065405 -0.5045549 0.14878508
vn -0.55275136 -0.7252472 -0.2607861
vn -0.09264735 -0.8485321 -0.11957927
vn -0.049606305 -0.9235391 -0.2552065
vn -0.5071483 -0.019915313 -0.84538305
vn -0.17059834 -0.9241185 -0.12728159
vn -0.5932622 -0.6002845 -0.21813583
vn 0.026541302 -0.975887 -0.15313278
vn 0.36474887 -0.59959745 -0.6902932
vn -0.4080961 -0.87106836 -0.102939665
vn -0.8602237 -0.3492276 -0.11316165
vn 0.31847474 -0.9179812 -0.10947101
vn 0.8572348 -0.40855 -0.23834506
vn 0.55284226 -0.8156042 -0.07279536
vn 0.9373318 -0.3146912 0.10578856
vn 0.65883493 -0.63318896 0.39657015
vn 0.64557606 -0.58337414 0.4921721
vn 0.46291405 -0.18051335 0.8668221
vn 0.8136361 -0.5664498 -0.096113995
vn 0.51276 -0.6703845 -0.5136386
vn 0.18038611 -0.9228053 -0.32869545
vn -0.1707536 -0.92722315 -0.09182292
vn -0.35433215 -0.6814699 -0.565261
vn -0.7848543 -0.38334033 -0.4585775
vn 0.33706647 -0.8811994 -0.08349808
vn 0.7034881 -0.65778273 -0.0961709
vn 0.11856355 -0.80408984 -0.32356402
vn 0.72310066 -0.6846259 0.09172125
vn 0.94703406 0.012922993 0.32087368
vn 0.86312944 0.3732651 0.3401195
vn -0.120577045 0.95229757 -0.2803399
vn -0.18572113 0.9485172 -0.25655943
vn 0.5940341 0.42884824 0.68059766
vn 0.5940341 0.42884824 0.68059766
vn -0.18572113 0.9485172 -0.25655943
vn 0.83114284 -0.5257986 0.18093534
vn 0.9973907 0.02593875 0.015466563
vn 0.7280358 -0.52784103 -0.43743303
vn 0.4896431 0.79824275 0.34991544
vn 0.4896431 0.79824275 0.34991544
vn 0.7280358 -0.52784103 -0.43743303
vn -0.15081346 0.1859841 0.9709094
vn -0.40585107 0.7546716 -0.51551485
vn 0.23109348 0.89336246 -0.385356
vn -0.27661136 0.7690808 -0.5761952
vn -0.19131605 -0.6265645 -0.7555232
vn 0.83114284 -0.5257986 0.18093534
vn -0.18572113 0.9485172 -0.25655943
vn -0.27661136 0.7690808 -0.5761952
vn -0.24996841 -0.577057 -0.7775096
vn -0.43273163 0.53331876 -0.72685254
vn -0.43273163 0.53331876 -0.72685254
vn -0.24996841 -0.577057 -0.7775096
vn 0.21347181 -0.942453 -0.2573169
vn 0.64366543 0.23010692 -0.72989404
vn 0.33425164 -0.93827176 -0.08900444
vn 0.54362965 -0.62694824 -0.55803454
vn -0.98453397 -0.15529762 -0.0810919
vn 0.07800795 -0.9948189 -0.06519224
vn 0.06601131 -0.9338872 -0.3514216
vn -0.22859967 0.21964204 -0.9484196
vn -0.0013503656 -0.52617145 -0.8503773
vn -0.7261198 0.6222516 -0.2924946
vn -0.22859967 0.21964204 -0.9484196
vn -0.51098835 0.6840691 -0.5205195
vn -0.46243417 0.8697386 0.17236385
vn 0.16112037 0.055845708 0.98535365
vn 0.16112037 0.055845708 0.98535365
vn 0.16112037 0.055845708 0.98535365
vn 0.54362965 -0.62694824 -0.55803454
vn 0.07800795 -0.9948189 -0.06519224
vn -0.98453397 -0.15529762 -0.0810919
vn -0.0013503656 -0.52617145 -0.8503773
vn 0.5874219 0.8000831 0.12166578
vn -0.31117254 0.8958957 0.31708422
vn -0.7261198 0.6222516 -0.2924946
vn -0.0013503656 -0.52617145 -0.8503773
vn -0.31117254 0.8958957 0.31708422
vn 0.7546555 -0.24523264 -0.6085692
vn -0.13351285 0.24355742 -0.96065307
vn -0.40585107 0.7546716 -0.51551485
vn 0.3469925 -0.52185357 -0.76957285
vn 0.7785115 0.34429207 -0.5047621
vn 0.053009883 0.32242107 -0.93900305
vn 0.9634011 0.23803258 -0.042381167
vn 0.08807622 0.70242876 -0.66320384
vn 0.5221429 0.7811341 -0.3089621
vn -0.3694154 0.8065314 -0.46156195
vn -0.65838426 0.51293534 -0.55050516
vn -0.60482186 -0.1369005 -0.78450567
vn 0.76331115 -0.07009362 0.64221764
vn 0.33407128 -0.4135808 -0.8469634
vn 0.27485967 -0.39793321 0.8752722
vn -0.3692553 -0.9286329 0.035936594
vn -0.904694 -0.39225578 -0.15396062
vn -0.82430613 -0.5398557 0.08704816
vn -0.3283129 0.53947955 0.7683343
vn 0.4046263 0.7825343 0.45727798
vn -0.82422876 0.50315624 0.2491644
vn 0.72310066 -0.6846259 0.09172125
vn 0.73956513 -0.5854559 0.33209178
vn 0.94703406 0.012922993 0.32087368
vn 0.8444133 -0.3590506 0.39755383
vn 0.73956513 -0.5854559 0.33209178
vn 0.9923972 0.0673805 -0.10299581
vn -0.3398587 0.9220125 -0.18544246
vn -0.60294706 -0.29546806 -0.7410494
vn 0.93862766 0.108087964 -0.32756004
vn -0.3398587 0.9220125 -0.18544246
vn 0.10096423 0.9610569 -0.2572465
vn -0.74482006 0.47642386 -0.4671867
vn 0.47472316 -0.06107971 -0.8780133
vn -0.6290096 -0.65981907 -0.4110793
vn -0.24996841 -0.577057 -0.7775096
vn -0.85920095 0.4962024 0.10431014
vn -0.87198484 -0.43071455 -0.22371247
vn -0.5913998 0.26586825 0.75468695
vn 0.9973907 0.02593875 0.015466563
vn 0.4896431 0.79824275 0.34991544
vn 0.31653622 0.17805171 0.93172
vn 0.7128236 -0.33901784 -0.61396176
vn -0.51098835 0.6840691 -0.5205195
vn 0.8475243 -0.30406997 -0.43502152
vn -0.51098835 0.6840691 -0.5205195
vn -0.22859967 0.21964204 -0.9484196
vn -0.7261198 0.6222516 -0.2924946
vn -0.7077454 0.58368427 -0.39800653
vn -0.3667405 -0.929262 -0.04442604
vn 0.07802619 -0.59060425 -0.80318046
vn -0.9530779 -0.21418157 -0.21393739
vn -0.82794714 -0.55514157 -0.079509646
vn -0.13288073 -0.9715212 0.19618604
vn 0.28075373 -0.9496206 0.13927558
vn 0.21347181 -0.942453 -0.2573169
vn -0.24996841 -0.577057 -0.7775096
vn -0.5637614 -0.79337615 0.22962491
vn -0.07261512 -0.81302613 0.57768106
vn -0.9065528 -0.40995342 0.10046761
vn -0.07261512 -0.81302613 0.57768106
vn -0.5184081 -0.22960943 0.8237305
vn -0.09368054 -0.09219244 0.99132454
vn -0.61820525 -0.4950005 0.6105704
vn 0.27485967 -0.39793321 0.8752722
vn -0.040403865 -0.3917259 0.91919434
vn -0.9572363 -0.28819174 -0.025377795
vn 0.76331115 -0.07009362 0.64221764
vn 0.70056844 -0.6139592 0.36367306
vn -0.29755607 -0.9492531 0.10187554
vn 0.10096423 0.9610569 -0.2572465
vn -0.3398587 0.9220125 -0.18544246
vn 0.23109348 0.89336246 -0.385356
vn 0.29039642 0.9469677 -0.13755696
vn -0.0013503656 -0.52617145 -0.8503773
vn -0.22859967 0.21964204 -0.9484196
vn 0.5874219 0.8000831 0.12166578
vn 0.9956585 -0.07639618 0.05317998
vn -0.46243417 0.8697386 0.17236385
vn 0.7128236 -0.33901784 -0.61396176
vn 0.932456 0.2681446 0.24212494
vn 0.8691555 -0.46702835 0.16264509
vn 0.61874634 -0.7812972 -0.0820225
vn 0.8475243 -0.30406997 -0.43502152
vn 0.7128236 -0.33901784 -0.61396176
vn 0.8819388 -0.17833328 -0.43632674
vn 0.7859419 -0.37529817 0.49137235
vn 0.33630273 -0.9185855 0.20760798
vn 0.81559473 0.14079753 0.5612322
vn 0.4881548 0.86719257 0.09839673
vn 0.78578305 -0.53090733 0.3165709
vn 0.822438 -0.113855384 0.5573181
vn 0.30033153 0.7705594 0.53590596
vn 0.67066836 0.29466814 0.6761563
vn 0.88070625 -0.17866093 0.43867633
vn 0.45597172 0.04589191 0.8888104
vn 0.15093115 0.7064353 0.68483424
vn 0.8136361 -0.5664498 -0.096113995
vn 0.18038611 -0.9228053 -0.32869545
vn 0.64557606 -0.58337414 0.4921721
vn -0.7077454 0.58368427 -0.39800653
vn -0.17179397 0.6705852 -0.72166646
vn -0.51098835 0.6840691 -0.5205195
vn -0.77864516 0.62304306 -0.07435723
vn 0.07800795 -0.9948189 -0.06519224
vn 0.54362965 -0.62694824 -0.55803454
vn -0.31409144 -0.9099511 0.27080536
vn 0.12453472 -0.9921991 0.0056448877
vn -0.48896945 -0.6945374 -0.52775633
vn 0.61874634 -0.7812972 -0.0820225
vn 0.06601131 -0.9338872 -0.3514216
vn 0.8691555 -0.46702835 0.16264509
vn 0.33630273 -0.9185855 0.20760798
vn 0.16555737 -0.9529886 0.25377864
vn 0.7859419 -0.37529817 0.49137235
vn 0.78578305 -0.53090733 0.3165709
vn 0.18038611 -0.9228053 -0.32869545
vn -0.48896945 -0.6945374 -0.52775633
vn -0.65648985 -0.30595833 -0.68719715
vn 0.64366543 0.23010692 -0.72989404
vn -0.78844744 0.56561625 -0.24172112
vn -0.9921882 0.10961373 -0.059561394
vn 0.54362965 -0.62694824 -0.55803454
vn 0.023860797 0.033181697 0.99916434
vn -0.5913998 0.26586825 0.75468695
vn -0.5574852 -0.43112072 0.7094682
vn 0.12826973 -0.18993738 0.973381
vn 0.2385304 -0.7109431 0.66156095
vn -0.284795 -0.95677936 0.058861375
vn -0.058096558 0.4818331 0.8739531
vn -0.66939014 -0.5795366 -0.46463326
vn -0.85920095 0.4962024 0.10431014
vn 0.13822615 -0.6925729 0.7079802
vn 0.31653622 0.17805171 0.93172
vn -0.15081346 0.1859841 0.9709094
vn 0.4896431 0.79824275 0.34991544
vn 0.67650473 -0.17796808 0.7124958
vn 0.13318253 0.15893304 0.9736387
vn 0.46291405 -0.18051335 0.8668221
vn -0.22665015 -0.197344 0.9421526
vn -0.42460108 -0.6686741 0.5435177
vn -0.80065405 -0.5045549 0.14878508
vn -0.53314435 -0.222975 0.7906562
vn -0.24030459 -0.5572218 0.7891176
vn -0.40719685 -0.74825245 0.5237452
vn -0.9105645 -0.15007567 0.3851621
vn -0.89825207 0.15366974 0.27833202
vn -0.2408303 0.2362769 0.8986175
vn -0.19381867 0.608406 0.6661976
vn 0.09497343 0.70420325 0.68919003
vn 0.14911026 0.44384053 0.8819213
vn 0.19157876 0.86630416 0.41411227
vn 0.23901795 0.8500142 0.45800683
vn 0.45597172 0.04589191 0.8888104
vn 0.64557606 -0.58337414 0.4921721
vn 0.88070625 -0.17866093 0.43867633
vn 0.8475243 -0.30406997 -0.43502152
vn -0.51098835 0.6840691 -0.5205195
vn 0.8819388 -0.17833328 -0.43632674
vn 0.034962382 0.9725746 -0.22994867
vn -0.17467012 0.9023553 0.34802678
vn 0.693904 0.67454314 -0.1004128
vn -0.6699225 0.5542601 -0.4788381
vn 0.3605636 0.29954332 -0.8600663
vn 0.98050004 -0.012795247 0.02677561
vn 0.7338995 0.5990306 0.07835215
vn 0.9393547 -0.23924164 -0.1467864
vn 0.23866738 -0.41328466 -0.85995924
vn 0.98246336 0.01609288 0.13720861
vn 0.84370905 0.4182103 0.10597886
vn 0.9293233 -0.29597265 0.1222179
vn 0.9804732 -0.12508112 0.14058141
vn 0.9691454 0.06685125 -0.20776829
vn 0.9876518 -0.088659056 0.12556931
vn 0.6930179 0.16152713 -0.6921746
vn 0.89082193 0.21826237 -0.35686237
vn 0.9634011 0.23803258 -0.042381167
vn 0.76685345 -0.4134228 0.4439247
vn 0.7009044 -0.57992154 -0.35764676
vn 0.51276 -0.6703845 -0.5136386
vn 0.55284226 -0.8156042 -0.07279536
vn 0.31847474 -0.9179812 -0.10947101
vn 0.7034881 -0.65778273 -0.0961709
vn 0.7309068 -0.6035852 0.016812813
vn 0.33706647 -0.8811994 -0.08349808
vn 0.31575388 -0.7597222 0.4525262
vn 0.11856355 -0.80408984 -0.32356402
vn 0.8678191 -0.26739573 0.40862384
vn 0.2695945 -0.55799186 0.763711
vn 0.94452983 -0.26747957 0.15282589
vn 0.46273097 -0.84071463 0.19243747
vn 0.9798654 0.19492269 -0.03599271
vn 0.5221429 0.7811341 -0.3089621
vn 0.87447894 -0.4824693 0.05009821
vn 0.49204102 -0.8579003 0.14799546
vn 0.70056844 -0.6139592 0.36367306
vn 0.9853967 -0.1381675 0.099514395
vn 0.6934289 0.3212018 -0.6449689
vn 0.76331115 -0.07009362 0.64221764
vn 0.33407128 -0.4135808 -0.8469634
vn -0.89825207 0.15366974 0.27833202
vn -0.9105645 -0.15007567 0.3851621
vn -0.9588627 0.017438877 -0.13492763
vn -0.5317122 0.608325 -0.13460815
vn -0.6574821 0.4920836 0.023250254
vn -0.78830606 0.2786886 -0.35715938
vn -0.52652043 0.68953204 0.14946197
vn -0.8638141 0.07567091 0.038218565
vn -0.44224638 -0.4411494 -0.60257643
vn -0.50928515 0.75078017 0.2994631
vn 0.09717783 0.88144785 0.2806335
vn -0.17461894 0.9546191 0.11820781
vn -0.90774906 0.38780645 0.14978088
vn -0.22093138 0.93296635 0.26706094
vn -0.82422876 0.50315624 0.2491644
vn 0.18242902 0.92144704 0.32873827
vn -0.7515517 -0.32962906 -0.13193281
vn 0.1396617 -0.03862995 -0.9711989
vn -0.86296386 0.37249997 0.13731134
vn -0.5932622 -0.6002845 -0.21813583
vn 0.4459544 -0.5918321 -0.49260148
vn 0.319793 -0.83901066 0.07922095
vn -0.09264735 -0.8485321 -0.11957927
vn -0.8602237 -0.3492276 -0.11316165
vn -0.93785816 -0.08662055 -0.070159
vn -0.9190803 0.21208474 0.08034907
vn -0.9447926 0.18870585 -0.15341096
vn -0.7848543 -0.38334033 -0.4585775
vn -0.4080961 -0.87106836 -0.102939665
vn -0.9827885 -0.076317936 -0.145879
vn -0.9901626 0.117148966 0.0720658
vn -0.82422876 0.50315624 0.2491644
vn -0.9488326 -0.15693593 -0.26682237
vn -0.97591716 0.12496819 0.16905467
vn -0.3283129 0.53947955 0.7683343
vn -0.9359758 -0.10877639 -0.33436036
vn -0.95314825 0.29110804 0.08224632
vn -0.76293635 -0.28694332 -0.57930243
vn 0.23984931 0.7619202 0.60162264
vn -0.8363424 -0.54264724 0.077879965
vn -0.82918334 0.50141907 0.2470509
vn -0.26221302 0.87517524 0.40658677
vn -0.78237444 0.48977613 -0.3847201
vn -0.4218059 0.90529925 -0.05013296
vn -0.80065405 -0.5045549 0.14878508
vn -0.5574852 -0.43112072 0.7094682
vn -0.5913998 0.26586825 0.75468695
vn -0.87198484 -0.43071455 -0.22371247
vn -0.49936068 -0.7855909 0.029243767
vn -0.9350506 -0.2014911 -0.07693827
vn -0.55275136 -0.7252472 -0.2607861
vn -0.90041155 -0.2763859 -0.32428968
vn -0.5071483 -0.019915313 -0.84538305
vn -0.49415025 -0.048478425 -0.8673926
vn -0.91887045 -0.36635646 0.10948772
vn -0.65895283 -0.7351271 0.12836793
vn -0.51617336 -0.8554517 -0.028402597
vn -0.284795 -0.95677936 0.058861375
vn -0.54745054 -0.81281835 0.16292447
vn -0.13718703 -0.7817589 0.5921375
vn -0.7658364 -0.6062231 0.17146038
vn 0.0991521 -0.9288912 0.34162202
vn -0.65895283 -0.7351271 0.12836793
vn -0.51617336 -0.8554517 -0.028402597
vn 0.2385304 -0.7109431 0.66156095
vn -0.284795 -0.95677936 0.058861375
vn 0.13822615 -0.6925729 0.7079802
vn 0.7701469 -0.5527547 0.31554762
vn 0.904303 -0.36988962 -0.2131144
vn 0.7280358 -0.52784103 -0.43743303
vn -0.15081346 0.1859841 0.9709094
vn 0.7506716 -0.62284344 0.19153333
vn 0.95459217 -0.2553431 0.12789963
vn -0.13718703 -0.7817589 0.5921375
vn 0.73238695 -0.41393924 0.5323595
vn -0.18346459 -0.34157285 -0.9198793
vn -0.8326013 -0.52675205 0.11874012
vn 0.15340316 -0.978156 -0.008717179
vn 0.3469925 -0.52185357 -0.76957285
vn 0.053009883 0.32242107 -0.93900305
vn -0.06366114 0.9007837 0.20794639
vn -0.5317122 0.608325 -0.13460815
vn -0.52652043 0.68953204 0.14946197
vn -0.13338235 0.84604067 0.22768182
vn -0.6574821 0.4920836 0.023250254
vn -0.89825207 0.15366974 0.27833202
vn -0.19381867 0.608406 0.6661976
vn 0.13503574 0.9352804 0.28071213
vn 0.09497343 0.70420325 0.68919003
vn 0.0033944086 0.9144738 0.23475829
vn -0.0051730126 0.93935776 0.25536737
vn 0.19157876 0.86630416 0.41411227
vn 0.30282867 0.88962364 0.20912284
vn 0.30971596 0.7954292 0.019278817
vn 0.7338995 0.5990306 0.07835215
vn 0.693904 0.67454314 -0.1004128
vn 0.84370905 0.4182103 0.10597886
vn 0.23901795 0.8500142 0.45800683
vn -0.17467012 0.9023553 0.34802678
vn 0.5639965 0.26832047 -0.6678728
vn 0.9691454 0.06685125 -0.20776829
vn 0.6930179 0.16152713 -0.6921746
vn 0.15093115 0.7064353 0.68483424
vn 0.14911026 0.44384053 0.8819213
vn 0.45597172 0.04589191 0.8888104
vn 0.30033153 0.7705594 0.53590596
vn -0.43415537 0.8892003 -0.09331833
vn 0.20727085 0.3170017 -0.7469281
vn 0.09717783 0.88144785 0.2806335
vn 0.10099894 0.18175718 -0.9221928
vn 0.039940618 0.9735613 -0.211543
vn -0.65838426 0.51293534 -0.55050516
vn -0.3694154 0.8065314 -0.46156195
vn 0.4881548 0.86719257 0.09839673
vn 0.81559473 0.14079753 0.5612322
vn 0.11981261 0.991332 0.053906262
vn 0.932456 0.2681446 0.24212494
vn -0.7261198 0.6222516 -0.2924946
vn 0.5874219 0.8000831 0.12166578
vn -0.31117254 0.8958957 0.31708422
vn 0.16270764 0.47108227 -0.84033585
vn 0.89082193 0.21826237 -0.35686237
vn -0.74226475 0.23708935 -0.6069807
vn 0.08807622 0.70242876 -0.66320384
vn 0.9634011 0.23803258 -0.042381167
vn -0.2706298 -0.024558395 -0.80192846
vn 0.28944996 0.9413287 -0.15802044
vn 0.15730804 0.8536287 -0.15670241
vn -0.17461894 0.9546191 0.11820781
vn -0.22093138 0.93296635 0.26706094
vn 0.56327194 0.17092553 -0.79206717
vn 0.8572348 -0.40855 -0.23834506
vn 0.36474887 -0.59959745 -0.6902932
vn 0.08816103 0.100096494 -0.98202455
vn -0.0028419122 0.1299279 -0.98676914
vn 0.9375775 -0.15316266 -0.2800164
vn 0.7785115 0.34429207 -0.5047621
vn 0.0432254 0.030470341 -0.99064726
vn 0.053009883 0.32242107 -0.93900305
vn -0.5071483 -0.019915313 -0.84538305
vn -0.049606305 -0.9235391 -0.2552065
vn -0.49415025 -0.048478425 -0.8673926
vn -0.90041155 -0.2763859 -0.32428968
vn -0.59507525 0.19936371 -0.7764471
vn -0.18346459 -0.34157285 -0.9198793
vn 0.46291405 -0.18051335 0.8668221
vn 0.65883493 -0.63318896 0.39657015
vn 0.67650473 -0.17796808 0.7124958
vn 0.9373318 -0.3146912 0.10578856
vn 0.9973907 0.02593875 0.015466563
vn 0.31653622 0.17805171 0.93172
vn 0.9886055 0.04787848 0.0697819
vn 0.8572348 -0.40855 -0.23834506
vn 0.9869342 -0.06341718 -0.08173284
vn 0.56327194 0.17092553 -0.79206717
vn 0.9375775 -0.15316266 -0.2800164
vn 0.7506716 -0.62284344 0.19153333
vn 0.95459217 -0.2553431 0.12789963
vn 0.73238695 -0.41393924 0.5323595
vn 0.7701469 -0.5527547 0.31554762
vn 0.7785115 0.34429207 -0.5047621
vn 0.83754396 -0.3521095 0.40613455
vn 0.3469925 -0.52185357 -0.76957285
vn 0.904303 -0.36988962 -0.2131144
vn 0.9973907 0.02593875 0.015466563
vn 0.7280358 -0.52784103 -0.43743303
vn -0.67871696 -0.40672368 -0.60048974
vn -0.9827885 -0.076317936 -0.145879
vn -0.7848543 -0.38334033 -0.4585775
vn -0.35433215 -0.6814699 -0.565261
vn -0.3174175 -0.59818196 -0.7019414
vn -0.08160606 -0.6786853 -0.54483986
vn 0.032876026 -0.51556224 -0.7654625
vn 0.11856355 -0.80408984 -0.32356402
vn -0.1707536 -0.92722315 -0.09182292
vn 0.31575388 -0.7597222 0.4525262
vn -0.26444876 -0.81500506 0.3669974
vn -0.5861399 -0.6676236 -0.037795663
vn 0.556283 -0.2642522 -0.6885615
vn -0.72196215 -0.39356485 -0.38612765
vn 0.46362838 -0.046451546 -0.6902142
vn -0.2706298 -0.024558395 -0.80192846
vn 0.31575388 -0.7597222 0.4525262
vn 0.76685345 -0.4134228 0.4439247
vn 0.2695945 -0.55799186 0.763711
vn -0.26444876 -0.81500506 0.3669974
vn -0.34929138 -0.73329943 0.5208067
vn 0.46273097 -0.84071463 0.19243747
vn -0.5861399 -0.6676236 -0.037795663
vn -0.82430613 -0.5398557 0.08704816
vn -0.6498396 0.64024186 -0.3822535
vn -0.0030071829 0.65399295 -0.75649446
vn -0.21684353 0.88852847 -0.38366547
vn -0.8959879 0.026513562 -0.4432865
vn -0.40544057 -0.17110835 -0.89796466
vn -0.94766694 -0.2892901 -0.13458511
vn -0.74226475 0.23708935 -0.6069807
vn -0.9572363 -0.28819174 -0.025377795
vn -0.9578766 -0.25835323 -0.12540329
vn -0.5184081 -0.22960943 0.8237305
vn -0.72750723 -0.6859009 -0.016521186
vn -0.904694 -0.39225578 -0.15396062
vn -0.2706298 -0.024558395 -0.80192846
vn 0.10099894 0.18175718 -0.9221928
vn -0.72196215 -0.39356485 -0.38612765
vn -0.82430613 -0.5398557 0.08704816
vn -0.5861399 -0.6676236 -0.037795663
vn -0.74226475 0.23708935 -0.6069807
vn -0.6498396 0.64024186 -0.3822535
vn 0.08807622 0.70242876 -0.66320384
vn -0.21684353 0.88852847 -0.38366547
vn 0.5221429 0.7811341 -0.3089621
vn -0.0030071829 0.65399295 -0.75649446
vn 0.6934289 0.3212018 -0.6449689
vn -0.40544057 -0.17110835 -0.89796466
vn 0.9798654 0.19492269 -0.03599271
vn 0.13503574 0.9352804 0.28071213
vn 0.09717783 0.88144785 0.2806335
vn 0.30971596 0.7954292 0.019278817
vn -0.06366114 0.9007837 0.20794639
vn 0.23866738 -0.41328466 -0.85995924
vn 0.51276 -0.6703845 -0.5136386
vn 0.18038611 -0.9228053 -0.32869545
vn -0.65648985 -0.30595833 -0.68719715
vn 0.3605636 0.29954332 -0.8600663
vn 0.23866738 -0.41328466 -0.85995924
vn -0.65648985 -0.30595833 -0.68719715
vn -0.6699225 0.5542601 -0.4788381
vn -0.65838426 0.51293534 -0.55050516
vn -0.43415537 0.8892003 -0.09331833
vn -0.17467012 0.9023553 0.34802678
vn -0.9281943 -0.020221092 -0.37154666
vn -0.3694154 0.8065314 -0.46156195
vn -0.60482186 -0.1369005 -0.78450567
vn -0.48896945 -0.6945374 -0.52775633
vn -0.65648985 -0.30595833 -0.68719715
vn -0.65838426 0.51293534 -0.55050516
vn -0.8707104 -0.21061423 0.44441533
vn -0.9921882 0.10961373 -0.059561394
vn -0.78844744 0.56561625 -0.24172112
vn -0.9281943 -0.020221092 -0.37154666
vn -0.3694154 0.8065314 -0.46156195
vn -0.7261198 0.6222516 -0.2924946
vn -0.7077454 0.58368427 -0.39800653
vn -0.98453397 -0.15529762 -0.0810919
vn 0.54362965 -0.62694824 -0.55803454
vn -0.77864516 0.62304306 -0.07435723
vn 0.06601131 -0.9338872 -0.3514216
vn -0.9488326 -0.15693593 -0.26682237
vn -0.7662558 -0.56779784 -0.29546404
vn -0.30224222 -0.71098995 -0.6249581
vn -0.3174175 -0.59818196 -0.7019414
vn -0.67871696 -0.40672368 -0.60048974
vn -0.9827885 -0.076317936 -0.145879
vn -0.9901626 0.117148966 0.0720658
vn 0.8483839 -0.053935677 -0.4683251
vn 0.46362838 -0.046451546 -0.6902142
vn 0.94944423 0.29064918 -0.07966797
vn 0.94472945 -0.053855523 -0.3143383
vn 0.556283 -0.2642522 -0.6885615
vn 0.9411274 0.30675977 0.14204694
vn 0.53390193 0.52661276 0.64946973
vn 0.6650495 -0.2731372 -0.68940866
vn 0.39496908 -0.53868663 -0.7304721
vn 0.032876026 -0.51556224 -0.7654625
vn 0.79563665 -0.31116533 -0.51974875
vn 0.20809874 -0.5380173 -0.8168431
vn 0.3898139 -0.45988676 -0.7978407
vn 0.9039341 -0.09756622 -0.4163942
vn 0.7761082 0.624623 0.0866113
vn 0.95448446 -0.21435869 -0.20738767
vn 0.35015303 -0.9034087 -0.24747881
vn 0.022142664 0.77194226 -0.6353071
vn 0.73817885 -0.6694788 -0.083008364
vn 0.10411743 0.49266738 -0.8639668
vn -0.82430613 -0.5398557 0.08704816
vn -0.34929138 -0.73329943 0.5208067
vn -0.3692553 -0.9286329 0.035936594
vn 0.46273097 -0.84071463 0.19243747
vn -0.72750723 -0.6859009 -0.016521186
vn -0.3692553 -0.9286329 0.035936594
vn -0.29755607 -0.9492531 0.10187554
vn 0.49204102 -0.8579003 0.14799546
vn 0.46273097 -0.84071463 0.19243747
vn -0.9359758 -0.10877639 -0.33436036
vn -0.9488326 -0.15693593 -0.26682237
vn -0.3869976 -0.387164 -0.8368614
vn -0.76293635 -0.28694332 -0.57930243
vn 0.20809874 -0.5380173 -0.8168431
vn 0.3898139 -0.45988676 -0.7978407
vn 0.6650495 -0.2731372 -0.68940866
vn 0.20809874 -0.5380173 -0.8168431
vn -0.3869976 -0.387164 -0.8368614
vn 0.39496908 -0.53868663 -0.7304721
vn -0.30224222 -0.71098995 -0.6249581
vn -0.9488326 -0.15693593 -0.26682237
vn 0.032876026 -0.51556224 -0.7654625
vn -0.3174175 -0.59818196 -0.7019414
vn -0.26221302 0.87517524 0.40658677
vn -0.4218059 0.90529925 -0.05013296
vn 0.7761082 0.624623 0.0866113
vn 0.23984931 0.7619202 0.60162264
vn 0.9411274 0.30675977 0.14204694
vn 0.53390193 0.52661276 0.64946973
vn -0.3283129 0.53947955 0.7683343
vn 0.4046263 0.7825343 0.45727798
vn 0.7761082 0.624623 0.0866113
vn -0.4218059 0.90529925 -0.05013296
vn 0.022142664 0.77194226 -0.6353071
vn -0.78237444 0.48977613 -0.3847201
vn 0.10411743 0.49266738 -0.8639668
vn -0.46788552 -0.8813842 -0.06515324
vn 0.73817885 -0.6694788 -0.083008364
vn 0.73817885 -0.6694788 -0.083008364
vn -0.46788552 -0.8813842 -0.06515324
vn 0.35015303 -0.9034087 -0.24747881
vn -0.8363424 -0.54264724 0.077879965
vn -0.78237444 0.48977613 -0.3847201
vn -0.9105645 -0.15007567 0.3851621
vn -0.40719685 -0.74825245 0.5237452
vn -0.55161196 -0.7606762 0.34211493
vn 0.0149091855 -0.976162 0.21635361
vn -0.07952682 -0.93005586 0.3587079
vn -0.26664466 -0.8056896 0.528875
vn -0.94137216 -0.21762472 0.25760368
vn 0.3322566 0.8091335 -0.48464707
vn 0.24618739 0.79046273 -0.49012977
vn -0.3425144 0.75945413 -0.5530808
vn 0.73600626 0.5116765 -0.43956965
vn 0.80221695 0.3494475 -0.48408055
vn 0.1396617 -0.03862995 -0.9711989
vn -0.9065528 -0.40995342 0.10046761
vn -0.9278256 0.2076663 -0.30985212
vn -0.94137216 -0.21762472 0.25760368
vn -0.26664466 -0.8056896 0.528875
vn -0.07261512 -0.81302613 0.57768106
vn 0.73600626 0.5116765 -0.43956965
vn 0.80221695 0.3494475 -0.48408055
vn 0.866445 -0.48356354 -0.12422033
vn 0.4459544 -0.5918321 -0.49260148
vn 0.1396617 -0.03862995 -0.9711989
vn 0.47683132 -0.8324259 -0.060895424
vn 0.319793 -0.83901066 0.07922095
vn 0.09443727 0.5933042 -0.79941964
vn 0.80221695 0.3494475 -0.48408055
vn 0.3322566 0.8091335 -0.48464707
vn 0.48666316 0.74691665 -0.45307258
vn 0.9923972 0.0673805 -0.10299581
vn 0.95506704 -0.2836162 0.086076476
vn 0.5940341 0.42884824 0.68059766
vn 0.48666316 0.74691665 -0.45307258
vn -0.120577045 0.95229757 -0.2803399
vn -0.74482006 0.47642386 -0.4671867
vn -0.74482006 0.47642386 -0.4671867
vn 0.48666316 0.74691665 -0.45307258
vn 0.09443727 0.5933042 -0.79941964
vn -0.3425144 0.75945413 -0.5530808
vn 0.3322566 0.8091335 -0.48464707
vn -0.9278256 0.2076663 -0.30985212
vn -0.9065528 -0.40995342 0.10046761
vn -0.82794714 -0.55514157 -0.079509646
vn -0.9530779 -0.21418157 -0.21393739
vn -0.3398587 0.9220125 -0.18544246
vn -0.60294706 -0.29546806 -0.7410494
vn -0.74516046 0.64956534 -0.15099148
vn -0.94137216 -0.21762472 0.25760368
vn 0.24618739 0.79046273 -0.49012977
vn -0.78830606 0.2786886 -0.35715938
vn -0.44224638 -0.4411494 -0.60257643
vn -0.96033746 0.23366857 0.15213555
vn -0.9588627 0.017438877 -0.13492763
vn -0.9105645 -0.15007567 0.3851621
vn 0.07802619 -0.59060425 -0.80318046
vn -0.3398587 0.9220125 -0.18544246
vn 0.93862766 0.108087964 -0.32756004
vn -0.60294706 -0.29546806 -0.7410494
vn -0.9530779 -0.21418157 -0.21393739
vn 0.8444133 -0.3590506 0.39755383
vn 0.83114284 -0.5257986 0.18093534
vn -0.19131605 -0.6265645 -0.7555232
vn 0.5940341 0.42884824 0.68059766
vn 0.48666316 0.74691665 -0.45307258
vn -0.66939014 -0.5795366 -0.46463326
vn -0.284795 -0.95677936 0.058861375
vn -0.87198484 -0.43071455 -0.22371247
vn -0.85920095 0.4962024 0.10431014
vn -0.060769886 0.8079046 -0.58617157
vn -0.6290096 -0.65981907 -0.4110793
vn 0.47472316 -0.06107971 -0.8780133
vn 0.07802619 -0.59060425 -0.80318046
vn 0.23109348 0.89336246 -0.385356
vn -0.27661136 0.7690808 -0.5761952
vn 0.034962382 0.9725746 -0.22994867
vn -0.51098835 0.6840691 -0.5205195
vn -0.17179397 0.6705852 -0.72166646
vn 0.057644993 -0.92221737 -0.3823508
vn 0.8819388 -0.17833328 -0.43632674
vn 0.057644993 -0.92221737 -0.3823508
vn 0.61874634 -0.7812972 -0.0820225
vn 0.034962382 0.9725746 -0.22994867
vn -0.61820525 -0.4950005 0.6105704
vn -0.09161693 -0.9154929 -0.39176428
vn -0.9578766 -0.25835323 -0.12540329
vn 0.13946839 -0.5785844 -0.8036099
vn 0.009855889 -0.9326119 -0.3607463
vn 0.27485967 -0.39793321 0.8752722
vn -0.40544057 -0.17110835 -0.89796466
vn 0.33407128 -0.4135808 -0.8469634
vn 0.6934289 0.3212018 -0.6449689
vn 0.72310066 -0.6846259 0.09172125
vn 0.86312944 0.3732651 0.3401195
vn -0.13351285 0.24355742 -0.96065307
vn 0.7546555 -0.24523264 -0.6085692
vn 0.23109348 0.89336246 -0.385356
vn -0.40585107 0.7546716 -0.51551485
vn 0.29039642 0.9469677 -0.13755696
vn -0.13351285 0.24355742 -0.96065307
vn 0.86312944 0.3732651 0.3401195
vn 0.94703406 0.012922993 0.32087368
vn -0.90041155 -0.2763859 -0.32428968
vn -0.54745054 -0.81281835 0.16292447
vn -0.7658364 -0.6062231 0.17146038
vn -0.59507525 0.19936371 -0.7764471
vn -0.8326013 -0.52675205 0.11874012
vn -0.18346459 -0.34157285 -0.9198793
vn -0.058096558 0.4818331 0.8739531
vn -0.5913998 0.26586825 0.75468695
vn 0.023860797 0.033181697 0.99916434
vn -0.85920095 0.4962024 0.10431014
vn -0.13718703 -0.7817589 0.5921375
vn 0.15340316 -0.978156 -0.008717179
vn -0.8326013 -0.52675205 0.11874012
vn -0.7658364 -0.6062231 0.17146038
vn 0.73238695 -0.41393924 0.5323595
vn 0.83754396 -0.3521095 0.40613455
vn 0.15340316 -0.978156 -0.008717179
vn -0.13718703 -0.7817589 0.5921375
vn 0.026541302 -0.975887 -0.15313278
vn 0.31847474 -0.9179812 -0.10947101
vn 0.7009044 -0.57992154 -0.35764676
vn 0.7034881 -0.65778273 -0.0961709
vn -0.8707104 -0.21061423 0.44441533
vn -0.9281943 -0.020221092 -0.37154666
vn -0.31409144 -0.9099511 0.27080536
vn 0.33425164 -0.93827176 -0.08900444
vn -0.9921882 0.10961373 -0.059561394
vn 0.64366543 0.23010692 -0.72989404
vn 0.18242902 0.92144704 0.32873827
vn -0.82422876 0.50315624 0.2491644
vn 0.4046263 0.7825343 0.45727798
vn 0.5912226 0.68272716 0.004930407
vn 0.28944996 0.9413287 -0.15802044
vn 0.46362838 -0.046451546 -0.6902142
vn 0.94944423 0.29064918 -0.07966797
vn 0.53390193 0.52661276 0.64946973
vn 0.3898139 -0.45988676 -0.7978407
vn 0.35015303 -0.9034087 -0.24747881
vn -0.76293635 -0.28694332 -0.57930243
vn 0.9039341 -0.09756622 -0.4163942
vn -0.9105645 -0.15007567 0.3851621
vn -0.55161196 -0.7606762 0.34211493
vn -0.96033746 0.23366857 0.15213555
vn -0.94137216 -0.21762472 0.25760368
vn -0.74516046 0.64956534 -0.15099148
vn 0.29039642 0.9469677 -0.13755696
vn 0.58782035 -0.19666088 -0.7847242
vn -0.120577045 0.95229757 -0.2803399
vn 0.10096423 0.9610569 -0.2572465
vn -0.74482006 0.47642386 -0.4671867
vn -0.19131605 -0.6265645 -0.7555232
vn -0.18572113 0.9485172 -0.25655943
vn -0.120577045 0.95229757 -0.2803399
vn 0.58782035 -0.19666088 -0.7847242
g 0.3750_0
f 3/3/3 2/2/2 1/1/1
f 6/6/6 5/5/5 4/4/4
f 9/9/9 8/8/8 7/7/7
f 12/12/12 11/11/11 10/10/10
f 15/15/15 14/14/14 13/13/13
f 18/18/18 17/17/17 16/16/16
f 21/21/21 20/20/20 19/19/19
f 24/24/24 23/23/23 22/22/22
f 27/27/27 26/26/26 25/25/25
f 30/30/30 29/29/29 28/28/28
f 33/33/33 32/32/32 31/31/31
f 36/36/36 35/35/35 34/34/34
f 39/39/39 38/38/38 37/37/37
f 42/42/42 41/41/41 40/40/40
f 45/45/45 44/44/44 43/43/43
f 48/48/48 47/47/47 46/46/46
f 51/51/51 50/50/50 49/49/49
f 54/54/54 53/53/53 52/52/52
f 57/57/57 56/56/56 55/55/55
f 60/60/60 59/59/59 58/58/58
f 63/63/63 62/62/62 61/61/61
f 66/66/66 65/65/65 64/64/64
f 69/69/69 68/68/68 67/67/67
f 72/72/72 71/71/71 70/70/70
f 75/75/75 74/74/74 73/73/73
f 78/78/78 77/77/77 76/76/76
f 81/81/81 80/80/80 79/79/79
f 84/84/84 83/83/83 82/82/82
f 87/87/87 86/86/86 85/85/85
f 90/90/90 89/89/89 88/88/88
f 93/93/93 92/92/92 91/91/91
f 96/96/96 95/95/95 94/94/94
f 99/99/99 98/98/98 97/97/97
f 102/102/102 101/101/101 100/100/100
f 105/105/105 104/104/104 103/103/103
f 107/107/107 106/106/106 104/104/104
f 104/104/104 106/106/106 108/108/108
f 109/109/109 108/108/108 106/106/106
f 110/110/110 109/109/109 106/106/106
f 108/108/108 109/109/109 111/111/111
f 109/109/109 112/112/112 111/111/111
f 111/111/111 113/113/113 108/108/108
f 108/108/108 113/113/113 114/114/114
f 104/104/104 108/108/108 114/114/114
f 104/104/104 114/114/114 115/115/115
f 104/104/104 115/115/115 116/116/116
f 117/117/117 104/104/104 116/116/116
f 118/118/118 117/117/117 116/116/116
f 118/118/118 119/119/119 117/117/117
f 120/120/120 119/119/119 118/118/118
f 112/112/112 121/121/121 111/111/111
f 121/121/121 112/112/112 122/122/122
f 123/123/123 122/122/122 112/112/112
f 121/121/121 122/122/122 124/124/124
f 124/124/124 125/125/125 121/121/121
f 122/122/122 126/126/126 124/124/124
f 127/127/127 126/126/126 122/122/122
f 122/122/122 123/123/123 127/127/127
f 128/128/128 126/126/126 127/127/127
f 127/127/127 123/123/123 129/129/129
f 129/129/129 123/123/123 130/130/130
f 129/129/129 130/130/130 131/131/131
f 129/129/129 131/131/131 132/132/132
f 133/133/133 131/131/131 130/130/130
f 133/133/133 130/130/130 134/134/134
f 135/135/135 131/131/131 133/133/133
f 135/135/135 136/136/136 131/131/131
f 134/134/134 137/137/137 133/133/133
f 137/137/137 135/135/135 133/133/133
f 138/138/138 137/137/137 134/134/134
f 135/135/135 139/139/139 136/136/136
f 140/140/140 136/136/136 139/139/139
f 141/141/141 140/140/140 139/139/139
f 141/141/141 142/142/142 140/140/140
f 143/143/143 142/142/142 141/141/141
f 143/143/143 141/141/141 144/144/144
f 145/145/145 143/143/143 144/144/144
f 146/146/146 144/144/144 141/141/141
f 147/147/147 146/146/146 141/141/141
f 148/148/148 146/146/146 147/147/147
f 135/135/135 137/137/137 149/149/149
f 149/149/149 137/137/137 150/150/150
f 150/150/150 137/137/137 151/151/151
f 149/149/149 152/152/152 135/135/135
f 135/135/135 152/152/152 153/153/153
f 152/152/152 149/149/149 154/154/154
f 157/157/157 156/156/156 155/155/155
f 160/160/160 159/159/159 158/158/158
f 163/163/163 162/162/162 161/161/161
f 166/166/166 165/165/165 164/164/164
f 169/169/169 168/168/168 167/167/167
f 172/172/172 171/171/171 170/170/170
f 175/175/175 174/174/174 173/173/173
f 178/178/178 177/177/177 176/176/176
f 181/181/181 180/180/180 179/179/179
f 184/184/184 183/183/183 182/182/182
f 187/187/187 186/186/186 185/185/185
f 190/190/190 189/189/189 188/188/188
f 193/193/193 192/192/192 191/191/191
f 196/196/196 195/195/195 194/194/194
f 199/199/199 198/198/198 197/197/197
f 202/202/202 201/201/201 200/200/200
f 205/205/205 204/204/204 203/203/203
f 208/208/208 207/207/207 206/206/206
f 211/211/211 210/210/210 209/209/209
f 214/214/214 213/213/213 212/212/212
f 217/217/217 216/216/216 215/215/215
f 220/220/220 219/219/219 218/218/218
f 223/223/223 222/222/222 221/221/221
f 226/226/226 225/225/225 224/224/224
f 229/229/229 228/228/228 227/227/227
f 232/232/232 231/231/231 230/230/230
f 235/235/235 234/234/234 233/233/233
f 238/238/238 237/237/237 236/236/236
f 241/241/241 240/240/240 239/239/239
f 244/244/244 243/243/243 242/242/242
f 247/247/247 246/246/246 245/245/245
f 250/250/250 249/249/249 248/248/248
f 253/253/253 252/252/252 251/251/251
f 253/253/253 251/251/251 254/254/254
f 257/257/257 256/256/256 255/255/255
f 257/257/257 255/255/255 258/258/258
f 259/259/259 258/258/258 255/255/255
f 260/260/260 259/259/259 255/255/255
f 261/261/261 260/260/260 255/255/255
f 262/262/262 261/261/261 255/255/255
f 258/258/258 259/259/259 263/263/263
f 259/259/259 264/264/264 263/263/263
f 263/263/263 265/265/265 258/258/258
f 266/266/266 265/265/265 263/263/263
f 269/269/269 268/268/268 267/267/267
f 267/267/267 268/268/268 270/270/270
f 267/267/267 270/270/270 271/271/271
f 271/271/271 272/272/272 267/267/267
f 271/271/271 270/270/270 273/273/273
f 273/273/273 274/274/274 271/271/271
f 271/271/271 274/274/274 275/275/275
f 278/278/278 277/277/277 276/276/276
f 278/278/278 276/276/276 279/279/279
f 282/282/282 281/281/281 280/280/280
f 283/283/283 281/281/281 282/282/282
f 284/284/284 281/281/281 283/283/283
f 284/284/284 283/283/283 285/285/285
f 282/282/282 286/286/286 283/283/283
f 286/286/286 287/287/287 283/283/283
f 287/287/287 288/288/288 283/283/283
f 288/288/288 289/289/289 283/283/283
f 289/289/289 290/290/290 283/283/283
f 291/291/291 289/289/289 288/288/288
f 287/287/287 286/286/286 292/292/292
f 292/292/292 293/293/293 287/287/287
f 292/292/292 286/286/286 294/294/294
f 286/286/286 295/295/295 294/294/294
f 292/292/292 294/294/294 296/296/296
f 294/294/294 297/297/297 296/296/296
f 298/298/298 297/297/297 294/294/294
f 298/298/298 299/299/299 297/297/297
f 297/297/297 300/300/300 296/296/296
f 299/299/299 300/300/300 297/297/297
f 301/301/301 300/300/300 299/299/299
f 302/302/302 301/301/301 299/299/299
f 300/300/300 303/303/303 296/296/296
f 296/296/296 303/303/303 304/304/304
f 303/303/303 300/300/300 305/305/305
f 308/308/308 307/307/307 306/306/306
f 306/306/306 307/307/307 309/309/309
f 312/312/312 311/311/311 310/310/310
f 313/313/313 312/312/312 310/310/310
f 314/314/314 312/312/312 313/313/313
f 310/310/310 315/315/315 313/313/313
f 310/310/310 316/316/316 315/315/315
f 315/315/315 317/317/317 313/313/313
f 318/318/318 313/313/313 317/317/317
f 318/318/318 319/319/319 313/313/313
f 320/320/320 319/319/319 318/318/318
f 320/320/320 321/321/321 319/319/319
f 321/321/321 322/322/322 319/319/319
f 313/313/313 319/319/319 322/322/322
f 323/323/323 313/313/313 322/322/322
f 324/324/324 323/323/323 322/322/322
f 327/327/327 326/326/326 325/325/325
f 326/326/326 328/328/328 325/325/325
f 331/331/331 330/330/330 329/329/329
f 329/329/329 332/332/332 331/331/331
f 333/333/333 332/332/332 329/329/329
f 334/334/334 333/333/333 329/329/329
f 335/335/335 334/334/334 329/329/329
f 334/334/334 335/335/335 336/336/336
f 337/337/337 336/336/336 335/335/335
f 338/338/338 332/332/332 333/333/333
f 338/338/338 339/339/339 332/332/332
f 338/338/338 340/340/340 339/339/339
f 341/341/341 339/339/339 340/340/340
f 332/332/332 339/339/339 342/342/342
f 332/332/332 342/342/342 343/343/343
f 344/344/344 343/343/343 342/342/342
f 332/332/332 345/345/345 331/331/331
f 332/332/332 343/343/343 345/345/345
f 345/345/345 346/346/346 331/331/331
f 346/346/346 347/347/347 331/331/331
f 345/345/345 348/348/348 346/346/346
f 349/349/349 346/346/346 348/348/348
f 349/349/349 348/348/348 350/350/350
f 350/350/350 348/348/348 351/351/351
f 351/351/351 348/348/348 352/352/352
f 348/348/348 345/345/345 353/353/353
f 348/348/348 353/353/353 352/352/352
f 353/353/353 345/345/345 343/343/343
f 354/354/354 352/352/352 353/353/353
f 353/353/353 343/343/343 354/354/354
f 343/343/343 355/355/355 354/354/354
f 355/355/355 343/343/343 356/356/356
f 344/344/344 356/356/356 343/343/343
f 357/357/357 355/355/355 356/356/356
f 358/358/358 357/357/357 356/356/356
f 359/359/359 356/356/356 344/344/344
f 359/359/359 344/344/344 360/360/360
f 359/359/359 360/360/360 361/361/361
f 364/364/364 363/363/363 362/362/362
f 363/363/363 364/364/364 365/365/365
f 368/368/368 367/367/367 366/366/366
f 367/367/367 368/368/368 369/369/369
f 370/370/370 367/367/367 369/369/369
f 371/371/371 367/367/367 370/370/370
f 369/369/369 372/372/372 370/370/370
f 373/373/373 372/372/372 369/369/369
f 370/370/370 374/374/374 371/371/371
f 374/374/374 375/375/375 371/371/371
f 374/374/374 370/370/370 376/376/376
f 376/376/376 370/370/370 372/372/372
f 374/374/374 377/377/377 375/375/375
f 376/376/376 377/377/377 374/374/374
f 375/375/375 377/377/377 378/378/378
f 378/378/378 377/377/377 379/379/379
f 378/378/378 379/379/379 380/380/380
f 379/379/379 381/381/381 380/380/380
f 382/382/382 381/381/381 379/379/379
f 377/377/377 376/376/376 383/383/383
f 379/379/379 377/377/377 383/383/383
f 372/372/372 373/373/373 384/384/384
f 373/373/373 385/385/385 384/384/384
f 384/384/384 385/385/385 386/386/386
f 387/387/387 384/384/384 386/386/386
f 384/384/384 388/388/388 372/372/372
f 372/372/372 389/389/389 376/376/376
f 388/388/388 389/389/389 372/372/372
f 383/383/383 376/376/376 389/389/389
f 388/388/388 390/390/390 389/389/389
f 390/390/390 391/391/391 389/389/389
f 389/389/389 391/391/391 383/383/383
f 392/392/392 391/391/391 390/390/390
f 383/383/383 393/393/393 379/379/379
f 394/394/394 393/393/393 383/383/383
f 393/393/393 382/382/382 379/379/379
f 394/394/394 395/395/395 393/393/393
f 395/395/395 382/382/382 393/393/393
f 396/396/396 395/395/395 394/394/394
f 397/397/397 382/382/382 395/395/395
f 382/382/382 397/397/397 398/398/398
f 399/399/399 395/395/395 396/396/396
f 399/399/399 397/397/397 395/395/395
f 400/400/400 399/399/399 396/396/396
f 401/401/401 399/399/399 400/400/400
f 402/402/402 397/397/397 399/399/399
f 399/399/399 401/401/401 402/402/402
f 397/397/397 402/402/402 403/403/403
f 404/404/404 402/402/402 401/401/401
f 404/404/404 403/403/403 402/402/402
f 403/403/403 404/404/404 405/405/405
f 408/408/408 407/407/407 406/406/406
f 408/408/408 406/406/406 409/409/409
f 410/410/410 409/409/409 406/406/406
f 411/411/411 408/408/408 409/409/409
f 412/412/412 411/411/411 409/409/409
f 412/412/412 413/413/413 411/411/411
f 413/413/413 414/414/414 411/411/411
f 415/415/415 413/413/413 412/412/412
f 412/412/412 416/416/416 415/415/415
f 415/415/415 416/416/416 417/417/417
f 415/415/415 417/417/417 418/418/418
f 418/418/418 417/417/417 419/419/419
f 420/420/420 418/418/418 419/419/419
f 419/419/419 421/421/421 420/420/420
f 422/422/422 414/414/414 413/413/413
f 423/423/423 414/414/414 422/422/422
f 424/424/424 415/415/415 418/418/418
f 413/413/413 415/415/415 424/424/424
f 425/425/425 423/423/423 422/422/422
f 425/425/425 426/426/426 423/423/423
f 427/427/427 426/426/426 425/425/425
f 428/428/428 427/427/427 425/425/425
f 422/422/422 429/429/429 425/425/425
f 413/413/413 430/430/430 422/422/422
f 422/422/422 430/430/430 429/429/429
f 424/424/424 431/431/431 413/413/413
f 413/413/413 431/431/431 430/430/430
f 432/432/432 431/431/431 424/424/424
f 418/418/418 432/432/432 424/424/424
f 431/431/431 432/432/432 430/430/430
f 430/430/430 433/433/433 429/429/429
f 433/433/433 434/434/434 429/429/429
f 433/433/433 430/430/430 435/435/435
f 432/432/432 435/435/435 430/430/430
f 435/435/435 432/432/432 418/418/418
f 435/435/435 418/418/418 436/436/436
f 436/436/436 418/418/418 437/437/437
f 436/436/436 437/437/437 438/438/438
f 438/438/438 437/437/437 439/439/439
f 439/439/439 437/437/437 440/440/440
f 441/441/441 438/438/438 439/439/439
f 442/442/442 439/439/439 440/440/440
f 439/439/439 442/442/442 441/441/441
f 443/443/443 441/441/441 442/442/442
f 444/444/444 442/442/442 440/440/440
f 445/445/445 443/443/443 442/442/442
f 442/442/442 444/444/444 446/446/446
f 442/442/442 446/446/446 445/445/445
f 444/444/444 447/447/447 446/446/446
f 445/445/445 446/446/446 448/448/448
f 447/447/447 449/449/449 446/446/446
f 448/448/448 446/446/446 449/449/449
f 452/452/452 451/451/451 450/450/450
f 453/453/453 452/452/452 450/450/450
f 454/454/454 453/453/453 450/450/450
f 454/454/454 455/455/455 453/453/453
f 454/454/454 456/456/456 455/455/455
f 456/456/456 457/457/457 455/455/455
f 457/457/457 456/456/456 458/458/458
f 459/459/459 457/457/457 458/458/458
f 460/460/460 455/455/455 457/457/457
f 460/460/460 453/453/453 455/455/455
f 460/460/460 457/457/457 461/461/461
f 460/460/460 461/461/461 462/462/462
f 460/460/460 462/462/462 453/453/453
f 453/453/453 462/462/462 463/463/463
f 466/466/466 465/465/465 464/464/464
f 464/464/464 465/465/465 467/467/467
f 468/468/468 464/464/464 467/467/467
f 467/467/467 469/469/469 468/468/468
f 469/469/469 467/467/467 470/470/470
f 469/469/469 470/470/470 471/471/471
f 470/470/470 467/467/467 472/472/472
f 473/473/473 472/472/472 467/467/467
f 473/473/473 474/474/474 472/472/472
f 472/472/472 474/474/474 475/475/475
f 476/476/476 472/472/472 475/475/475
f 477/477/477 473/473/473 467/467/467
f 478/478/478 473/473/473 477/477/477
f 467/467/467 479/479/479 477/477/477
f 480/480/480 477/477/477 479/479/479
f 483/483/483 482/482/482 481/481/481
f 484/484/484 483/483/483 481/481/481
f 484/484/484 481/481/481 485/485/485
f 488/488/488 487/487/487 486/486/486
f 486/486/486 487/487/487 489/489/489
f 487/487/487 490/490/490 489/489/489
f 490/490/490 491/491/491 489/489/489
f 491/491/491 492/492/492 489/489/489
f 486/486/486 489/489/489 493/493/493
f 492/492/492 494/494/494 489/489/489
f 494/494/494 495/495/495 489/489/489
f 489/489/489 495/495/495 493/493/493
f 496/496/496 495/495/495 494/494/494
f 493/493/493 495/495/495 496/496/496
f 496/496/496 494/494/494 497/497/497
f 493/493/493 496/496/496 498/498/498
f 497/497/497 498/498/498 496/496/496
f 498/498/498 499/499/499 493/493/493
f 500/500/500 498/498/498 497/497/497
f 501/501/501 500/500/500 497/497/497
f 498/498/498 500/500/500 502/502/502
f 499/499/499 498/498/498 502/502/502
f 503/503/503 501/501/501 497/497/497
f 503/503/503 504/504/504 501/501/501
f 505/505/505 499/499/499 502/502/502
f 506/506/506 505/505/505 502/502/502
f 505/505/505 506/506/506 507/507/507
f 504/504/504 503/503/503 508/508/508
f 508/508/508 503/503/503 509/509/509
f 508/508/508 509/509/509 510/510/510
f 504/504/504 508/508/508 511/511/511
f 511/511/511 512/512/512 504/504/504
f 513/513/513 499/499/499 505/505/505
f 513/513/513 514/514/514 499/499/499
f 507/507/507 515/515/515 505/505/505
f 515/515/515 513/513/513 505/505/505
f 512/512/512 511/511/511 516/516/516
f 517/517/517 512/512/512 516/516/516
f 517/517/517 516/516/516 518/518/518
f 519/519/519 516/516/516 511/511/511
f 519/519/519 518/518/518 516/516/516
f 519/519/519 511/511/511 520/520/520
f 518/518/518 519/519/519 521/521/521
f 522/522/522 521/521/521 519/519/519
f 523/523/523 518/518/518 521/521/521
f 521/521/521 522/522/522 524/524/524
f 523/523/523 521/521/521 524/524/524
f 525/525/525 523/523/523 524/524/524
f 515/515/515 507/507/507 526/526/526
f 527/527/527 526/526/526 507/507/507
f 528/528/528 515/515/515 526/526/526
f 529/529/529 528/528/528 526/526/526
f 529/529/529 526/526/526 527/527/527
f 530/530/530 529/529/529 527/527/527
f 531/531/531 513/513/513 515/515/515
f 532/532/532 513/513/513 531/531/531
f 513/513/513 532/532/532 533/533/533
f 513/513/513 533/533/533 514/514/514
f 533/533/533 534/534/534 514/514/514
f 534/534/534 533/533/533 532/532/532
f 535/535/535 534/534/534 532/532/532
f 538/538/538 537/537/537 536/536/536
f 538/538/538 536/536/536 539/539/539
f 539/539/539 536/536/536 540/540/540
f 540/540/540 536/536/536 541/541/541
f 540/540/540 541/541/541 542/542/542
f 539/539/539 543/543/543 538/538/538
f 542/542/542 544/544/544 540/540/540
f 543/543/543 539/539/539 545/545/545
f 543/543/543 545/545/545 546/546/546
f 539/539/539 547/547/547 545/545/545
f 539/539/539 540/540/540 547/547/547
f 548/548/548 547/547/547 540/540/540
f 548/548/548 540/540/540 549/549/549
f 540/540/540 544/544/544 549/549/549
f 550/550/550 549/549/549 544/544/544
f 553/553/553 552/552/552 551/551/551
f 553/553/553 554/554/554 552/552/552
f 554/554/554 553/553/553 555/555/555
f 553/553/553 556/556/556 555/555/555
f 554/554/554 555/555/555 557/557/557
f 554/554/554 557/557/557 558/558/558
f 557/557/557 559/559/559 558/558/558
f 560/560/560 558/558/558 559/559/559
f 561/561/561 560/560/560 559/559/559
f 562/562/562 561/561/561 559/559/559
f 562/562/562 559/559/559 563/563/563
f 557/557/557 563/563/563 559/559/559
f 562/562/562 564/564/564 561/561/561
f 565/565/565 563/563/563 557/557/557
f 564/564/564 566/566/566 561/561/561
f 566/566/566 564/564/564 567/567/567
f 568/568/568 566/566/566 567/567/567
f 569/569/569 565/565/565 557/557/557
f 570/570/570 569/569/569 557/557/557
f 569/569/569 570/570/570 571/571/571
f 574/574/574 573/573/573 572/572/572
f 575/575/575 574/574/574 572/572/572
f 576/576/576 575/575/575 572/572/572
f 575/575/575 576/576/576 577/577/577
f 578/578/578 577/577/577 576/576/576
f 577/577/577 579/579/579 575/575/575
f 575/575/575 579/579/579 580/580/580
f 581/581/581 579/579/579 577/577/577
f 581/581/581 577/577/577 582/582/582
f 582/582/582 577/577/577 578/578/578
f 583/583/583 582/582/582 578/578/578
f 583/583/583 578/578/578 584/584/584
f 584/584/584 585/585/585 583/583/583
f 584/584/584 586/586/586 585/585/585
f 587/587/587 585/585/585 586/586/586
f 590/590/590 589/589/589 588/588/588
f 591/591/591 590/590/590 588/588/588
f 591/591/591 592/592/592 590/590/590
f 593/593/593 590/590/590 592/592/592
f 591/591/591 594/594/594 592/592/592
f 594/594/594 595/595/595 592/592/592
f 598/598/598 597/597/597 596/596/596
f 596/596/596 597/597/597 599/599/599
f 600/600/600 599/599/599 597/597/597
f 601/601/601 596/596/596 599/599/599
f 596/596/596 601/601/601 602/602/602
f 600/600/600 603/603/603 599/599/599
f 601/601/601 599/599/599 603/603/603
f 603/603/603 600/600/600 604/604/604
f 604/604/604 605/605/605 603/603/603
f 606/606/606 601/601/601 603/603/603
f 607/607/607 601/601/601 606/606/606
f 602/602/602 601/601/601 607/607/607
f 608/608/608 602/602/602 607/607/607
f 602/602/602 608/608/608 609/609/609
f 607/607/607 610/610/610 608/608/608
f 610/610/610 607/607/607 611/611/611
f 612/612/612 610/610/610 611/611/611
f 615/615/615 614/614/614 613/613/613
f 616/616/616 614/614/614 615/615/615
f 616/616/616 615/615/615 617/617/617
f 616/616/616 617/617/617 618/618/618
f 617/617/617 619/619/619 618/618/618
f 618/618/618 619/619/619 620/620/620
f 619/619/619 617/617/617 621/621/621
f 624/624/624 623/623/623 622/622/622
f 622/622/622 623/623/623 625/625/625
f 628/628/628 627/627/627 626/626/626
f 628/628/628 626/626/626 629/629/629
f 632/632/632 631/631/631 630/630/630
f 630/630/630 633/633/633 632/632/632
f 634/634/634 632/632/632 633/633/633
f 633/633/633 635/635/635 634/634/634
f 633/633/633 636/636/636 635/635/635
f 639/639/639 638/638/638 637/637/637
f 640/640/640 639/639/639 637/637/637
f 640/640/640 641/641/641 639/639/639
f 642/642/642 639/639/639 641/641/641
f 645/645/645 644/644/644 643/643/643
f 646/646/646 645/645/645 643/643/643
f 647/647/647 645/645/645 646/646/646
f 645/645/645 647/647/647 648/648/648
f 645/645/645 648/648/648 649/649/649
f 649/649/649 650/650/650 645/645/645
f 645/645/645 650/650/650 651/651/651
f 650/650/650 649/649/649 652/652/652
f 653/653/653 650/650/650 652/652/652
f 656/656/656 655/655/655 654/654/654
f 657/657/657 655/655/655 656/656/656
f 655/655/655 657/657/657 658/658/658
f 659/659/659 655/655/655 658/658/658
f 655/655/655 659/659/659 660/660/660
f 663/663/663 662/662/662 661/661/661
f 663/663/663 661/661/661 664/664/664
f 665/665/665 664/664/664 661/661/661
f 664/664/664 666/666/666 663/663/663
f 666/666/666 667/667/667 663/663/663
f 664/664/664 665/665/665 668/668/668
f 669/669/669 668/668/668 665/665/665
f 665/665/665 670/670/670 669/669/669
f 668/668/668 671/671/671 664/664/664
f 671/671/671 666/666/666 664/664/664
f 671/671/671 668/668/668 672/672/672
f 672/672/672 673/673/673 671/671/671
f 674/674/674 671/671/671 673/673/673
f 674/674/674 666/666/666 671/671/671
f 675/675/675 666/666/666 674/674/674
f 676/676/676 675/675/675 674/674/674
f 677/677/677 676/676/676 674/674/674
f 678/678/678 675/675/675 676/676/676
f 677/677/677 679/679/679 676/676/676
f 680/680/680 678/678/678 676/676/676
f 679/679/679 680/680/680 676/676/676
f 683/683/683 682/682/682 681/681/681
f 683/683/683 684/684/684 682/682/682
f 687/687/687 686/686/686 685/685/685
f 686/686/686 687/687/687 688/688/688
f 689/689/689 686/686/686 688/688/688
f 692/692/692 691/691/691 690/690/690
f 692/692/692 690/690/690 693/693/693
f 693/693/693 694/694/694 692/692/692
f 694/694/694 693/693/693 695/695/695
f 698/698/698 697/697/697 696/696/696
f 698/698/698 696/696/696 699/699/699
f 700/700/700 698/698/698 699/699/699
f 698/698/698 700/700/700 701/701/701
f 702/702/702 700/700/700 699/699/699
f 703/703/703 700/700/700 702/702/702
f 706/706/706 705/705/705 704/704/704
f 704/704/704 707/707/707 706/706/706
f 707/707/707 708/708/708 706/706/706
f 707/707/707 709/709/709 708/708/708
f 707/707/707 710/710/710 709/709/709
f 709/709/709 710/710/710 711/711/711
f 714/714/714 713/713/713 712/712/712
f 714/714/714 715/715/715 713/713/713
f 714/714/714 716/716/716 715/715/715
f 716/716/716 717/717/717 715/715/715
f 717/717/717 716/716/716 718/718/718
f 721/721/721 720/720/720 719/719/719
f 720/720/720 721/721/721 722/722/722
f 722/722/722 723/723/723 720/720/720
f 726/726/726 725/725/725 724/724/724
f 725/725/725 726/726/726 727/727/727
f 725/725/725 727/727/727 728/728/728
f 729/729/729 727/727/727 726/726/726
f 730/730/730 729/729/729 726/726/726
f 733/733/733 732/732/732 731/731/731
f 732/732/732 734/734/734 731/731/731
f 731/731/731 734/734/734 735/735/735
f 736/736/736 734/734/734 732/732/732
f 739/739/739 738/738/738 737/737/737
f 739/739/739 737/737/737 740/740/740
f 737/737/737 741/741/741 740/740/740
f 744/744/744 743/743/743 742/742/742
f 742/742/742 745/745/745 744/744/744
f 742/742/742 746/746/746 745/745/745
f 745/745/745 747/747/747 744/744/744
f 748/748/748 747/747/747 745/745/745
f 751/751/751 750/750/750 749/749/749
f 752/752/752 749/749/749 750/750/750
f 753/753/753 752/752/752 750/750/750
f 753/753/753 750/750/750 754/754/754
f 757/757/757 756/756/756 755/755/755
f 757/757/757 758/758/758 756/756/756
f 761/761/761 760/760/760 759/759/759
f 759/759/759 762/762/762 761/761/761
f 762/762/762 763/763/763 761/761/761
f 764/764/764 762/762/762 759/759/759
f 764/764/764 759/759/759 765/765/765
f 759/759/759 766/766/766 765/765/765
f 767/767/767 766/766/766 759/759/759
f 767/767/767 759/759/759 768/768/768
f 769/769/769 767/767/767 768/768/768
f 764/764/764 770/770/770 762/762/762
f 771/771/771 770/770/770 764/764/764
f 762/762/762 770/770/770 772/772/772
f 770/770/770 773/773/773 772/772/772
f 772/772/772 773/773/773 774/774/774
f 775/775/775 773/773/773 770/770/770
f 775/775/775 776/776/776 773/773/773
f 777/777/777 776/776/776 775/775/775
f 780/780/780 779/779/779 778/778/778
f 781/781/781 780/780/780 778/778/778
f 781/781/781 778/778/778 782/782/782
f 785/785/785 784/784/784 783/783/783
f 784/784/784 786/786/786 783/783/783
f 787/787/787 783/783/783 786/786/786
f 790/790/790 789/789/789 788/788/788
f 788/788/788 791/791/791 790/790/790
f 794/794/794 793/793/793 792/792/792
f 792/792/792 793/793/793 795/795/795
f 792/792/792 795/795/795 796/796/796
f 797/797/797 792/792/792 796/796/796
f 800/800/800 799/799/799 798/798/798
f 801/801/801 800/800/800 798/798/798
f 804/804/804 803/803/803 802/802/802
f 802/802/802 803/803/803 805/805/805
f 808/808/808 807/807/807 806/806/806
f 809/809/809 807/807/807 808/808/808
f 810/810/810 807/807/807 809/809/809
f 811/811/811 810/810/810 809/809/809
f 809/809/809 808/808/808 812/812/812
f 809/809/809 813/813/813 811/811/811
f 809/809/809 812/812/812 813/813/813
f 813/813/813 812/812/812 814/814/814
f 817/817/817 816/816/816 815/815/815
f 818/818/818 817/817/817 815/815/815
f 821/821/821 820/820/820 819/819/819
f 822/822/822 820/820/820 821/821/821
f 822/822/822 821/821/821 823/823/823
f 823/823/823 821/821/821 824/824/824
f 827/827/827 826/826/826 825/825/825
f 828/828/828 827/827/827 825/825/825
f 827/827/827 828/828/828 829/829/829
f 829/829/829 828/828/828 830/830/830
f 833/833/833 832/832/832 831/831/831
f 832/832/832 834/834/834 831/831/831
f 837/837/837 836/836/836 835/835/835
f 838/838/838 837/837/837 835/835/835
f 841/841/841 840/840/840 839/839/839
f 842/842/842 841/841/841 839/839/839
f 845/845/845 844/844/844 843/843/843
f 846/846/846 845/845/845 843/843/843
f 849/849/849 848/848/848 847/847/847
f 850/850/850 849/849/849 847/847/847
f 847/847/847 851/851/851 850/850/850
f 852/852/852 850/850/850 851/851/851
f 855/855/855 854/854/854 853/853/853
f 855/855/855 853/853/853 856/856/856
f 853/853/853 857/857/857 856/856/856
f 856/856/856 857/857/857 858/858/858
f 859/859/859 856/856/856 858/858/858
f 856/856/856 859/859/859 855/855/855
f 855/855/855 859/859/859 860/860/860
f 863/863/863 862/862/862 861/861/861
f 861/861/861 862/862/862 864/864/864
f 867/867/867 866/866/866 865/865/865
f 868/868/868 866/866/866 867/867/867
f 869/869/869 868/868/868 867/867/867
f 872/872/872 871/871/871 870/870/870
f 873/873/873 872/872/872 870/870/870
f 874/874/874 872/872/872 873/873/873
f 877/877/877 876/876/876 875/875/875
f 878/878/878 877/877/877 875/875/875
