g 0.4167
v 0.25519955 0.17739339 1.6295658
v 0.14444292 -0.061180666 1.7146672
v 0.36673272 -0.063761756 1.5495551
v -0.48976475 -0.10138695 1.8581837
v -0.5160599 0.02877623 2.2274446
v -0.38716042 0.08553958 1.91377
v -0.29832667 -0.14751977 1.638816
v -0.1785289 0.08864163 1.7182084
v -0.40063486 0.09571345 1.5529801
v -0.0016540494 0.94616634 0.6655364
v 0.5411833 0.9521791 1.1655002
v 0.46845686 0.82020974 0.66705114
v -0.0016541276 1.0976213 1.163751
v -0.47176492 0.82020956 0.66705114
v 0.4867931 0.83470917 1.8727295
v -0.5444913 0.9521789 1.1655002
v -0.81591 0.4760895 0.6711895
v -0.9418758 0.5548231 1.1702787
v 0.01681165 0.96054375 1.8610485
v 0.32261282 0.5577302 2.4349089
v -0.45316958 0.8344645 1.852397
v -0.79721975 0.49025488 1.8490931
v 0.016811667 0.6399932 2.4501073
v 0.23028427 0.27706027 3.0749924
v -0.28898937 0.55811936 2.4672794
v -0.51285124 0.33404684 2.4818244
v 0.09067478 0.31461123 3.0817487
v -0.0016541127 0.042569466 3.7166884
v -0.04893467 0.27723354 3.0894063
v -0.15113586 0.17494279 3.0959132
v 0.93856794 0.006012565 0.6768426
v 0.93856776 -0.530773 1.183334
v 0.812602 -0.46406442 0.6824957
v 1.0840206 0.01202506 1.1768063
v 0.812602 0.47608957 0.6711895
v 0.83084327 -0.44947553 1.8956163
v 0.93856794 0.5548233 1.1702787
v 0.46845686 0.82020974 0.66705114
v 0.5411833 0.9521791 1.1655002
v 0.9567745 0.020634225 1.8926873
v 0.5464747 -0.27919427 2.4331236
v 0.73513764 0.6572018 1.9014283
v 0.4867931 0.83470917 1.8727295
v 0.62841386 0.027037023 2.4251034
v 1.1263068 0.16216458 2.364998
v 0.3324855 -0.104994364 3.0743103
v 1.0070678 0.5785135 2.3717275
v 1.201414 0.31598842 3.1345568
v 1.1972704 0.3369339 3.130501
v 0.48436075 0.4420102 2.4400191
v 0.32261282 0.5577302 2.4349089
v 0.3698938 0.034800902 3.070698
v -0.0016541127 0.042569466 3.7166884
v 0.3324855 0.17464262 3.0709474
v 0.23028427 0.27706027 3.0749924
v -0.0016541462 -0.9341414 0.6881488
v -0.54449147 -0.9281287 1.1881125
v -0.4717651 -0.80818456 0.68663406
v -0.0016541146 -1.0735711 1.1898617
v 0.46845686 -0.8081846 0.68663406
v -0.45316976 -0.79392964 1.87198
v 0.54118323 -0.9281288 1.1881125
v 0.812602 -0.46406442 0.6824957
v 0.93856776 -0.530773 1.183334
v 0.016811633 -0.9197642 1.8836608
v 0.48679304 -0.7936852 1.8923125
v 0.83084327 -0.44947553 1.8956163
v 0.32261276 -0.5032668 2.4476686
v 0.5464747 -0.27919427 2.4331236
v 0.016811665 -0.5851405 2.4648407
v -0.28898942 -0.5028775 2.4800391
v 0.23028427 -0.20728512 3.080817
v 0.3324855 -0.104994364 3.0743103
v -0.0016541127 0.042569466 3.7166884
v 0.090674795 -0.2446627 3.0884745
v -0.04893467 -0.20711176 3.0952308
v -0.15113586 -0.10469408 3.099276
v -0.51285136 -0.32188526 2.4897125
v -0.79721993 -0.5565743 1.8616822
v -1.0811505 -0.5338183 2.3011265
v -0.75217974 -0.38051295 2.614427
v -1.2001778 -0.4025662 3.4110577
v -1.171305 -0.38911104 3.4385552
v -0.54449147 -0.9281287 1.1881125
v -0.45316976 -0.79392964 1.87198
v -0.79721993 -0.5565743 1.8616822
v -0.94187593 -0.5307729 1.183334
v -0.4717651 -0.80818456 0.68663406
v -0.81591016 -0.46406433 0.6824957
v -0.2730729 -0.46846592 0.31649685
v -0.47176522 -0.26978797 0.3141076
v -0.94187593 0.0060125976 0.6768426
v -0.5444916 0.0016111222 0.31084377
v -1.0873288 0.012025093 1.1768063
v -0.81591 0.4760895 0.6711895
v -0.4717651 0.27301022 0.30757993
v -0.9418758 0.5548231 1.1702787
v -0.79721975 0.49025488 1.8490931
v -0.923151 0.09516555 1.8511199
v -1.158711 -0.10436403 2.3253126
v -1.0811505 -0.5338183 2.3011265
v -1.206985 -0.3648742 3.4131806
v -1.2001778 -0.4025662 3.4110577
v -0.04893467 -0.20711176 3.0952308
v -0.0016541127 0.042569466 3.7166884
v -0.15113586 -0.10469408 3.099276
v -0.18854412 0.035147574 3.0995255
v -0.15113586 0.17494279 3.0959132
v -0.51285136 -0.32188526 2.4897125
v -0.15113586 -0.10469408 3.099276
v -0.18854412 0.035147574 3.0995255
v -0.59479034 0.10283592 2.4889424
v -0.75217974 -0.38051295 2.614427
v -0.80114096 -0.10065312 2.6338897
v -0.15113586 0.17494279 3.0959132
v -0.51285124 0.33404684 2.4818244
v -0.923151 0.09516555 1.8511199
v -0.79721975 0.49025488 1.8490931
v -0.4717651 0.27301022 0.30757993
v -0.81591 0.4760895 0.6711895
v -0.47176492 0.82020956 0.66705114
v -0.27307278 0.47168815 0.30519062
v -0.0016540494 0.94616634 0.6655364
v -0.0016541276 1.9277422E-08 0.17687878
v -0.5444916 0.0016111222 0.31084377
v -0.47176522 -0.26978797 0.3141076
v -0.2730729 -0.46846592 0.31649685
v -0.0016541276 0.54440933 0.3043161
v 0.46845686 0.82020974 0.66705114
v 0.2697646 0.47168818 0.30519062
v 0.812602 0.47608957 0.6711895
v 0.46845698 0.27301022 0.30757993
v 0.93856794 0.006012565 0.6768426
v 0.54118335 0.0016110736 0.31084377
v 0.812602 -0.46406442 0.6824957
v 0.46845692 -0.26978803 0.3141076
v 0.46845686 -0.8081846 0.68663406
v 0.2697646 -0.46846595 0.31649685
v -0.0016541462 -0.9341414 0.6881488
v -0.0016541462 -0.5411871 0.3173714
v -0.4717651 -0.80818456 0.68663406
v 0.8668222 0.43351698 2.6541922
v 1.1718278 0.32973653 3.1403022
v 1.1972704 0.3369339 3.130501
v 1.0070678 0.5785135 2.3717275
v 0.48436075 0.4420102 2.4400191
v 0.73513764 0.6572018 1.9014283
v 9.759077E-09 0.3461957 0.58158934
v 0.17065199 0.30047294 0.5821392
v 0.29557785 0.5198397 0.8293709
v 5.9940106E-08 0.5990337 0.82841855
v -0.17065193 0.30047292 0.5821392
v 0.3413039 0.603138 1.1696976
v -0.29557773 0.5198396 0.8293709
v -0.29557785 0.17555603 0.5836414
v -0.5119557 0.30347732 0.8319729
v 9.759077E-09 0.6945835 1.1685979
v 0.29557788 0.5280481 1.5119293
v 9.759077E-09 0.6072423 1.5109769
v -0.34130377 0.6031379 1.1696976
v -0.5911555 0.35330424 1.1727021
v -0.29557773 0.528048 1.5119293
v -0.5119557 0.3116857 1.5145313
v 9.759077E-09 0.6072423 1.5109769
v 0.29557788 0.5280481 1.5119293
v 0.17065197 0.31469026 1.764365
v 9.759077E-09 0.36041299 1.763815
v -0.29557773 0.528048 1.5119293
v 9.759072E-09 0.020233424 1.8593649
v 0.29557788 0.1897734 1.7658672
v 0.3413039 0.019133778 1.7679193
v 0.29557788 -0.15150581 1.7699714
v -0.1706519 0.31469014 1.764365
v -0.5119557 0.3116857 1.5145313
v -0.29557776 0.18977334 1.7658672
v -0.5911555 0.016129317 1.5180856
v -0.34130383 0.019133769 1.7679193
v -0.5119558 -0.27942708 1.52164
v -0.29557776 -0.1515058 1.7699714
v -0.29557785 -0.49578947 1.5242419
v -0.1706519 -0.27642265 1.7714736
v -1.0897843E-09 -0.5749836 1.5251943
v 2.9425161E-08 -0.3221454 1.7720236
v 0.29557782 -0.49578947 1.5242419
v 0.17065197 -0.27642268 1.7714736
v 0.5119559 -0.27942717 1.52164
v 0.29557788 0.5280481 1.5119293
v 0.29557788 0.1897734 1.7658672
v 0.17065197 0.31469026 1.764365
v 0.5119559 0.31168577 1.5145313
v 0.3413039 0.603138 1.1696976
v 0.3413039 0.019133778 1.7679193
v 0.59115577 0.3533043 1.1727021
v 0.29557785 0.5198397 0.8293709
v 0.5119559 0.30347738 0.8319729
v 0.59115577 0.016129296 1.5180856
v 0.29557788 -0.15150581 1.7699714
v 0.5119559 -0.27942717 1.52164
v 0.68260777 0.012025077 1.1768063
v 0.59115577 0.007920899 0.83552724
v 0.59115565 -0.32925406 1.1809106
v 0.5119559 -0.28763556 0.8390816
v 0.17065199 0.30047294 0.5821392
v 0.5119559 0.30347738 0.8319729
v 0.29557785 0.5198397 0.8293709
v 0.2955779 0.17555603 0.5836414
v 0.59115577 0.007920899 0.83552724
v 9.759077E-09 0.0038166898 0.49424803
v 9.759077E-09 0.3461957 0.58158934
v -0.17065193 0.30047292 0.5821392
v -0.29557785 0.17555603 0.5836414
v -0.34130394 0.0049164384 0.58569354
v -0.29557788 -0.16572317 0.58774567
v -0.17065197 -0.29064006 0.5892479
v -1.0897843E-09 -0.33636284 0.58979774
v 0.17065197 -0.2906401 0.5892479
v 0.34130394 0.0049164076 0.58569354
v 0.5119559 -0.28763556 0.8390816
v 0.2955779 -0.16572322 0.58774567
v 0.29557782 -0.50399786 0.84168357
v 0.59115565 -0.32925406 1.1809106
v 0.29557782 -0.49578947 1.5242419
v 0.5119559 -0.27942717 1.52164
v 0.34130388 -0.57908773 1.183915
v 0.5119559 -0.28763556 0.8390816
v -1.0897843E-09 -0.5749836 1.5251943
v 0.29557782 -0.50399786 0.84168357
v 1.9253513E-08 -0.6705332 1.1850147
v -0.29557785 -0.49578947 1.5242419
v -0.34130386 -0.5790877 1.183915
v -1.0897843E-09 -0.583192 0.8426359
v 0.17065197 -0.2906401 0.5892479
v -0.29557785 -0.50399786 0.84168357
v -1.0897843E-09 -0.33636284 0.58979774
v -0.17065197 -0.29064006 0.5892479
v -0.34130386 -0.5790877 1.183915
v -0.5119558 -0.27942708 1.52164
v -0.29557785 -0.49578947 1.5242419
v -0.5911555 -0.32925403 1.1809106
v -0.29557785 -0.50399786 0.84168357
v -0.5911555 0.016129317 1.5180856
v -0.5119558 -0.28763548 0.8390816
v -0.17065197 -0.29064006 0.5892479
v -0.29557788 -0.16572317 0.58774567
v -0.68260765 0.012025097 1.1768063
v -0.5119557 0.3116857 1.5145313
v -0.5911555 0.35330424 1.1727021
v -0.5911555 0.00792092 0.83552724
v -0.34130394 0.0049164384 0.58569354
v -0.5119557 0.30347732 0.8319729
v -0.29557785 0.17555603 0.5836414
v 1.0589303 -0.67460513 1.1566641
v 1.0711932 -0.9126668 0.8986887
v 1.1130062 -0.6510531 1.0502383
v 0.9999974 -0.9437152 1.039016
v 1.0807039 -0.75093263 1.3007405
v 1.063664 -1.0116587 1.2986434
v 0.89187133 -1.4309739 0.9281642
v 0.94521594 -1.5156984 1.0192916
v 1.2096504 -0.639349 1.0189435
v 1.4878509 -0.9124329 0.9110417
v 1.366613 -0.68405294 1.0394906
v 1.2232845 -0.8270508 0.85840154
v 1.0711932 -0.9126668 0.8986887
v 1.1130062 -0.6510531 1.0502383
v 0.94521594 -1.5156984 1.0192916
v 1.0403869 -1.4951915 0.94511706
v 0.9676831 -1.4059161 0.85766685
v 0.89187133 -1.4309739 0.9281642
v 1.4967167 -1.029372 1.0458928
v 1.5211399 -0.96997404 0.9370726
v 1.4878509 -0.9124329 0.9110417
v 1.4813297 -1.0407093 1.0801044
v 1.576926 -1.0855957 1.1614659
v 1.5910693 -1.0786823 1.1286902
v 1.2411278 -0.9881506 1.1448725
v 1.424867 -1.0749478 1.1678181
v 1.0711932 -0.9126668 0.8986887
v 1.2232845 -0.8270508 0.85840154
v 1.398637 -1.0873559 1.2032533
v 1.53161 -1.1178575 1.3174942
v 1.5338392 -1.1026014 1.2368861
v 1.3005799 -1.0970727 1.268275
v 1.2339183 -1.0934136 1.2636034
v 1.063664 -1.0116587 1.2986434
v 1.1177437 -1.0681841 1.3337533
v 1.4073437 -1.1403686 1.3921626
v 1.3814776 -1.1458833 1.4222136
v 0.9676831 -1.4059161 0.85766685
v 1.0403869 -1.4951915 0.94511706
v 1.2411278 -0.9881506 1.1448725
v 1.0711932 -0.9126668 0.8986887
v 0.9676831 -1.4059161 0.85766685
v 1.0711932 -0.9126668 0.8986887
v 0.9999974 -0.9437152 1.039016
v 0.89187133 -1.4309739 0.9281642
v 1.53161 -1.1178575 1.3174942
v 1.4073437 -1.1403686 1.3921626
v 1.4829072 -1.0196669 1.3218727
v 1.5338392 -1.1026014 1.2368861
v 1.576926 -1.0855957 1.1614659
v 1.4947166 -1.6014979 1.0414677
v 1.5376973 -1.5762186 0.9700302
v 1.4813297 -1.0407093 1.0801044
v 1.4548976 -1.5224879 0.9040067
v 1.5960642 -0.9774467 1.1361114
v 1.5910693 -1.0786823 1.1286902
v 1.6158245 -1.0641794 1.0618755
v 1.4139845 -0.6872846 1.2302935
v 1.3702683 -0.70944107 1.3326252
v 1.366613 -0.68405294 1.0394906
v 1.4878509 -0.9124329 0.9110417
v 1.5211399 -0.96997404 0.9370726
v 1.512765 -1.416182 0.84403235
v 1.4513416 -1.3797381 0.7942377
v 1.289531 -1.7136824 1.361154
v 1.3569262 -1.7199627 1.4521781
v 1.4520535 -1.7002317 1.4002845
v 1.3933332 -1.6945307 1.3105273
v 1.4778988 -1.4339223 0.8841957
v 1.512765 -1.416182 0.84403235
v 1.4513416 -1.3797381 0.7942377
v 1.4239978 -1.397476 0.8402168
v 1.4947166 -1.6014979 1.0414677
v 1.5376973 -1.5762186 0.9700302
v 1.4548976 -1.5224879 0.9040067
v 1.4039464 -1.5519972 0.9855409
v 1.3639505 -1.7478065 1.1858851
v 1.4369178 -1.7287312 1.1098127
v 1.3426478 -1.7136467 1.0210091
v 1.2803411 -1.731118 1.088185
v 1.2339183 -1.0934136 1.2636034
v 1.3933332 -1.6945307 1.3105273
v 1.4520535 -1.7002317 1.4002845
v 1.3814776 -1.1458833 1.4222136
v 1.3814776 -1.1458833 1.4222136
v 1.4520535 -1.7002317 1.4002845
v 1.3569262 -1.7199627 1.4521781
v 1.2650934 -1.1414194 1.4314102
v 1.2636447 -1.0552058 1.4398599
v 1.4073437 -1.1403686 1.3921626
v 1.1177437 -1.0681841 1.3337533
v 1.4829072 -1.0196669 1.3218727
v 1.063664 -1.0116587 1.2986434
v 1.3702683 -0.70944107 1.3326252
v 1.2632647 -0.72254044 1.368014
v 1.0807039 -0.75093263 1.3007405
v 1.4139845 -0.6872846 1.2302935
v 1.0589303 -0.67460513 1.1566641
v 1.1130062 -0.6510531 1.0502383
v 1.2096504 -0.639349 1.0189435
v 1.366613 -0.68405294 1.0394906
v 1.1177437 -1.0681841 1.3337533
v 1.289531 -1.7136824 1.361154
v 1.3933332 -1.6945307 1.3105273
v 1.2339183 -1.0934136 1.2636034
v 1.2650934 -1.1414194 1.4314102
v 1.3569262 -1.7199627 1.4521781
v 1.289531 -1.7136824 1.361154
v 1.1177437 -1.0681841 1.3337533
v 1.4073437 -1.1403686 1.3921626
v 1.3639505 -1.7478065 1.1858851
v 1.2803411 -1.731118 1.088185
v 1.3005799 -1.0970727 1.268275
v 1.398637 -1.0873559 1.2032533
v 1.3426478 -1.7136467 1.0210091
v 1.4369178 -1.7287312 1.1098127
v 1.53161 -1.1178575 1.3174942
v 1.3005799 -1.0970727 1.268275
v 1.2803411 -1.731118 1.088185
v 1.3426478 -1.7136467 1.0210091
v 1.398637 -1.0873559 1.2032533
v 1.53161 -1.1178575 1.3174942
v 1.4369178 -1.7287312 1.1098127
v 1.3639505 -1.7478065 1.1858851
v 1.4073437 -1.1403686 1.3921626
v 1.5338392 -1.1026014 1.2368861
v 1.4947166 -1.6014979 1.0414677
v 1.4039464 -1.5519972 0.9855409
v 1.424867 -1.0749478 1.1678181
v 1.4548976 -1.5224879 0.9040067
v 1.4813297 -1.0407093 1.0801044
v 1.6158245 -1.0641794 1.0618755
v 1.512765 -1.416182 0.84403235
v 1.4778988 -1.4339223 0.8841957
v 1.5910693 -1.0786823 1.1286902
v 1.5910693 -1.0786823 1.1286902
v 1.4778988 -1.4339223 0.8841957
v 1.4239978 -1.397476 0.8402168
v 1.4967167 -1.029372 1.0458928
v 1.4513416 -1.3797381 0.7942377
v 1.5211399 -0.96997404 0.9370726
v 1.2411278 -0.9881506 1.1448725
v 1.0403869 -1.4951915 0.94511706
v 0.94521594 -1.5156984 1.0192916
v 1.063664 -1.0116587 1.2986434
v -1.218696 -0.6697558 1.3156811
v -1.0538259 -0.7065947 1.2208557
v -1.0076945 -0.98669285 1.2280192
v -1.191278 -1.0210209 1.4099193
v -1.059848 -1.0428848 1.2749753
v -1.1980486 -1.1113608 1.403266
v -1.3200486 -1.1107059 1.4142417
v -1.2607896 -1.7105126 1.3470514
v -1.3146489 -1.7127019 1.4530641
v -1.0533628 -0.63426006 1.0758207
v -1.1224631 -0.6100492 0.98088884
v -1.0814811 -0.8880669 0.81388485
v -0.984637 -0.9220257 0.94710064
v -1.0538259 -0.7065947 1.2208557
v -1.00348 -1.4100666 0.76379937
v -1.0076945 -0.98669285 1.2280192
v -0.91389084 -1.438911 0.82390994
v -0.95666933 -1.523914 0.9292291
v -1.2209406 -0.59467065 0.96617
v -1.3717128 -0.63149524 1.0128534
v -1.5095655 -0.868128 0.8996309
v -1.2418656 -0.79181504 0.797076
v -1.0814811 -0.8880669 0.81388485
v -1.1224631 -0.6100492 0.98088884
v -0.95666933 -1.523914 0.9292291
v -0.91389084 -1.438911 0.82390994
v -1.00348 -1.4100666 0.76379937
v -1.0670971 -1.4989783 0.8688053
v -1.5095655 -0.868128 0.8996309
v -1.6218519 -1.0190207 1.0811487
v -1.5418906 -0.9264806 0.9335836
v -1.584575 -0.92810625 1.1525745
v -1.3717128 -0.63149524 1.0128534
v -1.3862739 -0.63016695 1.2060306
v -1.4368975 -0.97511816 1.3256338
v -1.5651037 -1.0419285 1.177716
v -1.5080885 -1.060739 1.2484765
v -1.4922763 -1.0757327 1.331718
v -1.3518039 -1.1041241 1.3875979
v -1.3200486 -1.1107059 1.4142417
v -1.191278 -1.0210209 1.4099193
v -1.3278469 -0.65259993 1.2986634
v -1.218696 -0.6697558 1.3156811
v -1.2209406 -0.59467065 0.96617
v -1.1224631 -0.6100492 0.98088884
v -1.0538259 -0.7065947 1.2208557
v -1.0533628 -0.63426006 1.0758207
v -1.059848 -1.0428848 1.2749753
v -1.0076945 -0.98669285 1.2280192
v -1.2169741 -0.9558329 1.0996833
v -1.1932666 -1.0648115 1.2233586
v -1.5095655 -0.868128 0.8996309
v -1.0814811 -0.8880669 0.81388485
v -1.2418656 -0.79181504 0.797076
v -1.3760471 -1.6862738 1.3125055
v -1.2607896 -1.7105126 1.3470514
v -1.2614448 -1.0654566 1.2399411
v -1.3518039 -1.1041241 1.3875979
v -1.3200486 -1.1107059 1.4142417
v -1.3737167 -1.0515628 1.1897111
v -1.4064922 -1.0378169 1.1574204
v -1.4922763 -1.0757327 1.331718
v -1.5080885 -1.060739 1.2484765
v -1.4787259 -1.0004969 1.0759324
v -1.5418906 -0.9264806 0.9335836
v -1.5001359 -0.9883643 1.0430294
v -1.5651037 -1.0419285 1.177716
v -1.5851713 -1.0344677 1.146173
v -1.00348 -1.4100666 0.76379937
v -1.0814811 -0.8880669 0.81388485
v -1.2169741 -0.9558329 1.0996833
v -1.0670971 -1.4989783 0.8688053
v -1.2607896 -1.7105126 1.3470514
v -1.3760471 -1.6862738 1.3125055
v -1.4211458 -1.6882797 1.4156768
v -1.3146489 -1.7127019 1.4530641
v -1.5269258 -1.4151282 0.8811822
v -1.4773991 -1.3800768 0.82551664
v -1.5129457 -1.3608394 0.78241086
v -1.5692171 -1.3954569 0.8454051
v -1.5239882 -1.5877216 1.0502185
v -1.4379169 -1.5408878 0.9754697
v -1.5035799 -1.5086956 0.89950335
v -1.5798295 -1.5601966 0.9833806
v -1.3699731 -1.7451323 1.1796675
v -1.3000873 -1.7328923 1.0636941
v -1.3754789 -1.7125816 1.0048114
v -1.4578685 -1.7227619 1.1134232
v -1.4922763 -1.0757327 1.331718
v -1.3518039 -1.1041241 1.3875979
v -1.1932666 -1.0648115 1.2233586
v -1.3200486 -1.1107059 1.4142417
v -1.4211458 -1.6882797 1.4156768
v -1.3760471 -1.6862738 1.3125055
v -1.3200486 -1.1107059 1.4142417
v -1.1980486 -1.1113608 1.403266
v -1.3146489 -1.7127019 1.4530641
v -1.4211458 -1.6882797 1.4156768
v -1.3518039 -1.1041241 1.3875979
v -1.2614448 -1.0654566 1.2399411
v -1.3000873 -1.7328923 1.0636941
v -1.3699731 -1.7451323 1.1796675
v -1.3737167 -1.0515628 1.1897111
v -1.4922763 -1.0757327 1.331718
v -1.4578685 -1.7227619 1.1134232
v -1.3754789 -1.7125816 1.0048114
v -1.2614448 -1.0654566 1.2399411
v -1.3000873 -1.7328923 1.0636941
v -1.4787259 -1.0004969 1.0759324
v -1.5651037 -1.0419285 1.177716
v -1.5798295 -1.5601966 0.9833806
v -1.5035799 -1.5086956 0.89950335
v -1.5651037 -1.0419285 1.177716
v -1.5080885 -1.060739 1.2484765
v -1.5239882 -1.5877216 1.0502185
v -1.5798295 -1.5601966 0.9833806
v -1.5080885 -1.060739 1.2484765
v -1.4064922 -1.0378169 1.1574204
v -1.4379169 -1.5408878 0.9754697
v -1.5239882 -1.5877216 1.0502185
v -1.4064922 -1.0378169 1.1574204
v -1.4787259 -1.0004969 1.0759324
v -1.5035799 -1.5086956 0.89950335
v -1.4379169 -1.5408878 0.9754697
v -1.6218519 -1.0190207 1.0811487
v -1.5269258 -1.4151282 0.8811822
v -1.5692171 -1.3954569 0.8454051
v -1.5851713 -1.0344677 1.146173
v -1.584575 -0.92810625 1.1525745
v -1.5651037 -1.0419285 1.177716
v -1.5851713 -1.0344677 1.146173
v -1.5001359 -0.9883643 1.0430294
v -1.4773991 -1.3800768 0.82551664
v -1.5269258 -1.4151282 0.8811822
v -1.5001359 -0.9883643 1.0430294
v -1.5418906 -0.9264806 0.9335836
v -1.5129457 -1.3608394 0.78241086
v -1.4773991 -1.3800768 0.82551664
v -1.5418906 -0.9264806 0.9335836
v -1.6218519 -1.0190207 1.0811487
v -1.5692171 -1.3954569 0.8454051
v -1.5129457 -1.3608394 0.78241086
v -1.2169741 -0.9558329 1.0996833
v -1.0076945 -0.98669285 1.2280192
v -0.95666933 -1.523914 0.9292291
v -1.0670971 -1.4989783 0.8688053
v 1.1972704 0.3369339 3.130501
v 1.1718278 0.32973653 3.1403022
v 1.1747041 0.31608677 3.1427364
v 1.201414 0.31598842 3.1345568
v 0.9474211 0.16565274 2.6550505
v 1.1747041 0.31608677 3.1427364
v 1.1718278 0.32973653 3.1403022
v 0.8668222 0.43351698 2.6541922
v 1.1263068 0.16216458 2.364998
v 1.201414 0.31598842 3.1345568
v 1.1747041 0.31608677 3.1427364
v 0.9474211 0.16565274 2.6550505
v 0.9567745 0.020634225 1.8926873
v 0.62841386 0.027037023 2.4251034
v 0.62841386 0.027037023 2.4251034
v 0.9474211 0.16565274 2.6550505
v 0.8668222 0.43351698 2.6541922
v 0.48436075 0.4420102 2.4400191
v -0.923151 0.09516555 1.8511199
v -0.80114096 -0.10065312 2.6338897
v -0.59479034 0.10283592 2.4889424
v -1.158711 -0.10436403 2.3253126
v -1.1756021 -0.3645485 3.4402635
v -1.206985 -0.3648742 3.4131806
v -1.2001778 -0.4025662 3.4110577
v -1.171305 -0.38911104 3.4385552
v -1.1756021 -0.3645485 3.4402635
v -1.206985 -0.3648742 3.4131806
v -0.80114096 -0.10065312 2.6338897
v -1.1756021 -0.3645485 3.4402635
v -1.171305 -0.38911104 3.4385552
v -0.75217974 -0.38051295 2.614427
v -0.38716042 0.08553958 1.91377
v -0.5160599 0.02877623 2.2274446
v -0.5674155 0.08462094 1.798357
v -0.40063486 0.09571345 1.5529801
v -0.1785289 0.08864163 1.7182084
v 0.41322553 -0.012448413 2.0663743
v 0.47921702 0.023715705 2.2221627
v 0.5087675 -0.009929903 2.007991
v 0.35271555 -0.045437917 1.9100022
v 0.5328578 -0.040432382 1.7945182
v 0.44979525 -0.052097067 1.6720366
v 0.24857923 -0.053309288 1.8123348
v 0.36673272 -0.063761756 1.5495551
v 0.14444292 -0.061180666 1.7146672
v 0.3516771 0.16063116 1.7397287
v 0.5328578 -0.040432382 1.7945182
v 0.44815463 0.14386892 1.8498917
v 0.44979525 -0.052097067 1.6720366
v 0.25519955 0.17739339 1.6295658
v 0.36673272 -0.063761756 1.5495551
v -0.29832667 -0.14751977 1.638816
v -0.40063486 0.09571345 1.5529801
v -0.5674155 0.08462094 1.798357
v -0.48976475 -0.10138695 1.8581837
v -0.5160599 0.02877623 2.2274446
v 0.46369642 0.086951174 2.0360847
v 0.47921702 0.023715705 2.2221627
v 0.41322553 -0.012448413 2.0663743
v 0.44815463 0.14386892 1.8498917
v 0.35271555 -0.045437917 1.9100022
v 0.5087675 -0.009929903 2.007991
v 0.47921702 0.023715705 2.2221627
v 0.46369642 0.086951174 2.0360847
v 0.5328578 -0.040432382 1.7945182
v 0.44815463 0.14386892 1.8498917
v 0.24857923 -0.053309288 1.8123348
v 0.44815463 0.14386892 1.8498917
v 0.35271555 -0.045437917 1.9100022
v 0.3516771 0.16063116 1.7397287
v 0.14444292 -0.061180666 1.7146672
v 0.25519955 0.17739339 1.6295658
v -0.1785289 0.08864163 1.7182084
v -0.29832667 -0.14751977 1.638816
v -0.48976475 -0.10138695 1.8581837
v -0.38716042 0.08553958 1.91377
v 1.2523454 -1.4641067 0.45361912
v 1.526382 -1.0899596 0.58843595
v 1.5356674 -1.4784012 0.51855326
v 1.2570721 -1.076372 0.526713
v 0.97860086 -1.4778094 0.55143684
v 1.4980855 -0.8122668 0.7070739
v 0.9968661 -1.0893972 0.6196932
v 0.78778297 -1.515838 0.7857967
v 0.8154858 -1.1255449 0.8424621
v 1.2648565 -0.80049956 0.65362024
v 1.414635 -0.54137075 0.935902
v 1.0395114 -0.81177974 0.7341434
v 0.8824314 -0.8430846 0.9270669
v 1.2799802 -0.534577 0.90504044
v 1.2992213 -0.3355802 1.2274178
v 1.1498772 -0.54108965 0.9515306
v 1.0591869 -0.5591636 1.0629151
v 1.7000606 -1.8195417 1.0133362
v 1.845156 -1.5691863 1.0281353
v 1.7883953 -1.6213509 1.3362409
v 1.6579168 -1.858273 1.2420986
v 1.5975772 -1.6593795 1.5706006
v 1.2847623 -2.065214 1.013597
v 1.5162385 -1.8865086 1.4161062
v 1.3238326 -1.6730824 1.6684184
v 1.3129883 -1.8966826 1.488734
v 1.0405104 -1.6587877 1.603484
v 1.1026272 -1.8860693 1.4405215
v 0.9415208 -1.8575121 1.2843871
v 1.5347489 -0.60931057 1.3245254
v 1.2992213 -0.3355802 1.2274178
v 1.4440589 -0.6273845 1.4359097
v 1.3139559 -0.63389707 1.4823997
v 1.5490491 -0.9612469 1.5731126
v 1.3237041 -0.97252715 1.6536357
v 1.5852296 -1.2619872 1.5884514
v 1.1793009 -0.62710327 1.4515381
v 1.3250237 -1.2750123 1.6814313
v 1.5975772 -1.6593795 1.5706006
v 1.3238326 -1.6730824 1.6684184
v 1.090475 -0.9607598 1.600182
v 1.0557138 -1.2614248 1.6197085
v 1.0405104 -1.6587877 1.603484
v 0.9118553 -0.92909825 1.4270744
v 0.84946156 -1.2248651 1.4198213
v 1.0761749 -0.6088235 1.3515947
v 1.0322101 -0.58395576 1.2093486
v 1.0591869 -0.5591636 1.0629151
v 1.7883953 -1.6213509 1.3362409
v 1.5852296 -1.2619872 1.5884514
v 1.5975772 -1.6593795 1.5706006
v 1.7666098 -1.2258394 1.3656824
v 1.845156 -1.5691863 1.0281353
v 1.5490491 -0.9612469 1.5731126
v 1.8205634 -1.1762546 1.0728151
v 1.7526516 -1.516863 0.72884095
v 1.7061291 -0.92994213 1.380189
v 1.4440589 -0.6273845 1.4359097
v 1.5347489 -0.60931057 1.3245254
v 1.732634 -1.1265192 0.78832316
v 1.5356674 -1.4784012 0.51855326
v 1.526382 -1.0899596 0.58843595
v 1.7528543 -0.88700044 1.1265584
v 1.6767052 -0.84392834 0.8801813
v 1.4980855 -0.8122668 0.7070739
v 1.561726 -0.5845183 1.1780915
v 1.2992213 -0.3355802 1.2274178
v 1.517761 -0.5596506 1.0358455
v 1.414635 -0.54137075 0.935902
v 1.0405104 -1.6587877 1.603484
v 1.0557138 -1.2614248 1.6197085
v 0.84946156 -1.2248651 1.4198213
v 0.8235265 -1.620326 1.3931963
v 1.1026272 -1.8860693 1.4405215
v 0.9415208 -1.8575121 1.2843871
v 0.76153207 -1.1751297 1.1353292
v 0.731022 -1.5680028 1.0939021
v 0.83570606 -0.88602614 1.1806972
v 0.9118553 -0.92909825 1.4270744
v 1.0322101 -0.58395576 1.2093486
v 1.0761749 -0.6088235 1.3515947
v 1.0591869 -0.5591636 1.0629151
v 0.8824314 -0.8430846 0.9270669
v 0.8154858 -1.1255449 0.8424621
v 0.78778297 -1.515838 0.7857967
v 0.872838 -1.8186631 1.0621667
v 1.2847623 -2.065214 1.013597
v 0.91498214 -1.7799319 0.8334046
v 0.97860086 -1.4778094 0.55143684
v 1.0566604 -1.7516963 0.6593971
v 1.2847623 -2.065214 1.013597
v 0.91498214 -1.7799319 0.8334046
v 1.0566604 -1.7516963 0.6593971
v 1.2599105 -1.7415223 0.5867692
v 1.2523454 -1.4641067 0.45361912
v 0.97860086 -1.4778094 0.55143684
v 1.5356674 -1.4784012 0.51855326
v 1.4702717 -1.7521358 0.6349818
v 1.7526516 -1.516863 0.72884095
v 1.6313778 -1.7806929 0.7911161
v 1.7000606 -1.8195417 1.0133362
v 1.845156 -1.5691863 1.0281353
v -0.9749825 -1.510052 0.5615566
v -0.9549697 -1.1169801 0.5897941
v -0.77681446 -1.139851 0.80017424
v -0.7875577 -1.5341128 0.78288263
v -1.0877839 -1.7627844 0.69627047
v -0.94862485 -1.7806492 0.8606011
v -0.7410315 -1.5542846 1.0832337
v -0.91408014 -1.7956262 1.0836054
v -1.3635653 -2.015953 1.0802313
v -1.29427 -1.7468188 0.6346463
v -1.2530855 -1.4885489 0.4785588
v -1.512755 -1.7370304 0.69224036
v -0.7875577 -1.5341128 0.78288263
v -0.7325894 -1.1590251 1.0856702
v -0.7410315 -1.5542846 1.0832337
v -0.77681446 -1.139851 0.80017424
v -0.78792024 -0.86221063 1.1018965
v -0.8262203 -0.8456053 0.85464966
v -0.9549697 -1.1169801 0.5897941
v -0.98050714 -0.8257986 0.6724552
v -0.9845998 -0.53671443 0.96516323
v -1.0736775 -0.52527905 0.8599731
v -0.96248746 -0.5463014 1.1079111
v -1.2146842 -0.2797616 1.112432
v -1.2058519 -0.51505923 0.8205267
v -1.0132649 -0.5514711 1.2499679
v -1.1233269 -0.55083823 1.3532696
v -0.87586945 -0.87116486 1.347946
v -0.8341447 -1.1693646 1.3697836
v -1.0665021 -0.87006897 1.52687
v -0.7410315 -1.5542846 1.0832337
v -0.7325894 -1.1590251 1.0856702
v -0.8341447 -1.1693646 1.3697836
v -0.8478709 -1.5651621 1.3821299
v -0.91408014 -1.7956262 1.0836054
v -0.99340606 -1.8037026 1.30553
v -1.3635653 -2.015953 1.0802313
v -1.1653473 -1.8027139 1.4669104
v -1.3838323 -1.7929256 1.5245044
v -1.3737116 -1.5506473 1.6770526
v -1.0794475 -1.5638306 1.5994833
v -1.3339787 -1.1555676 1.6501206
v -1.0542682 -1.1680992 1.576387
v -1.3087385 -0.85921633 1.5907248
v -1.0665021 -0.87006897 1.52687
v -0.87586945 -0.87116486 1.347946
v -1.3838323 -1.7929256 1.5245044
v -1.3737116 -1.5506473 1.6770526
v -1.6518145 -1.5291443 1.594055
v -1.5903187 -1.7769601 1.4628805
v -1.3635653 -2.015953 1.0802313
v -1.8392392 -1.5050834 1.3727287
v -1.7294776 -1.7590954 1.2985499
v -1.7640226 -1.7441182 1.0755453
v -1.8857657 -1.4849117 1.0723778
v -1.6846968 -1.736042 0.8536205
v -1.512755 -1.7370304 0.69224036
v -1.7789264 -1.4740342 0.77348167
v -1.7191523 -1.0827436 0.79123783
v -1.8207076 -1.0930833 1.0753515
v -1.7764826 -1.1122572 1.3608476
v -1.6518145 -1.5291443 1.594055
v -1.7764826 -1.1122572 1.3608476
v -1.8392392 -1.5050834 1.3727287
v -1.5983272 -1.1351281 1.5712276
v -1.3737116 -1.5506473 1.6770526
v -1.3339787 -1.1555676 1.6501206
v -1.5376711 -0.8415152 1.5224018
v -1.3087385 -0.85921633 1.5907248
v -1.6919581 -0.82170844 1.3402071
v -1.730258 -0.8051033 1.0929601
v -1.8207076 -1.0930833 1.0753515
v -1.5065463 -0.51333034 1.102752
v -1.4844338 -0.52291745 1.2454997
v -1.3953562 -0.53435284 1.35069
v -1.2146842 -0.2797616 1.112432
v -1.4557687 -0.50816065 0.9606949
v -1.2631819 -0.54457265 1.3901365
v -1.0665021 -0.87006897 1.52687
v -1.1233269 -0.55083823 1.3532696
v -1.730258 -0.8051033 1.0929601
v -1.5065463 -0.51333034 1.102752
v -1.4557687 -0.50816065 0.9606949
v -1.6423087 -0.79614896 0.8469105
v -1.8207076 -1.0930833 1.0753515
v -1.7191523 -1.0827436 0.79123783
v -1.3457069 -0.5087934 0.8573935
v -1.2146842 -0.2797616 1.112432
v -1.2058519 -0.51505923 0.8205267
v -1.4516761 -0.7972449 0.667987
v -1.4990288 -1.0840092 0.5846348
v -1.7789264 -1.4740342 0.77348167
v -1.2094399 -0.80809736 0.60413206
v -1.0736775 -0.52527905 0.8599731
v -0.98050714 -0.8257986 0.6724552
v -1.2193185 -1.0965406 0.51090133
v -0.9549697 -1.1169801 0.5897941
v -1.5473495 -1.4753654 0.5561286
v -1.6846968 -1.736042 0.8536205
v -1.512755 -1.7370304 0.69224036
v -1.2530855 -1.4885489 0.4785588
v -0.9749825 -1.510052 0.5615566
v -1.29427 -1.7468188 0.6346463
vt 0.84027445 0.53370494
vt 0.8190924 0.55257213
vt 0.84027445 0.5670718
vt 0.847275 0.3869753
vt 0.838805 0.34750676
vt 0.8276206 0.3869753
vt 0.38871104 0.5682588
vt 0.38871104 0.53539217
vt 0.36101714 0.55009663
vt 0.46661425 0.77449894
vt 0.41590768 0.70146155
vt 0.42026 0.7593534
vt 0.46943295 0.7189503
vt 0.5243464 0.7849984
vt 0.44086885 0.6184268
vt 0.5360963 0.7310741
vt 0.5779871 0.7880385
vt 0.5980352 0.73458433
vt 0.48701787 0.634753
vt 0.48234957 0.5525925
vt 0.54454476 0.6464331
vt 0.5980352 0.65033746
vt 0.5128002 0.5605619
vt 0.5175468 0.47564602
vt 0.55066425 0.5655041
vt 0.585796 0.56609464
vt 0.53144526 0.4793055
vt 0.56615543 0.40310597
vt 0.54872805 0.48158288
vt 0.56476414 0.48186827
vt 0.46936166 0.38009882
vt 0.41590768 0.3086393
vt 0.41943783 0.36662865
vt 0.47355473 0.32419324
vt 0.5276016 0.38888192
vt 0.44065976 0.22475195
vt 0.5408044 0.33433533
vt 0.57855225 0.39062452
vt 0.59963715 0.33634758
vt 0.49063373 0.23790216
vt 0.47859603 0.16009474
vt 0.5714585 0.24691963
vt 0.59963715 0.24962234
vt 0.5110508 0.16937733
vt 0.5091911 0.18870997
vt 0.5163822 0.08465171
vt 0.56122243 0.19496751
vt 0.5372176 0.103108406
vt 0.539701 0.103974104
vt 0.56387866 0.17418051
vt 0.5824696 0.1743474
vt 0.5311986 0.08888364
vt 0.55508447 0.0062406063
vt 0.5485542 0.091270685
vt 0.5637984 0.09117365
vt 0.15766597 0.02759095
vt 0.19934416 0.10568841
vt 0.20731306 0.052035883
vt 0.14201665 0.07746183
vt 0.10186911 0.01082873
vt 0.15970731 0.1799742
vt 0.07758796 0.05810649
vt 0.054873228 0.0062406557
vt 0.023321867 0.05280864
vt 0.10968435 0.15663922
vt 0.05351162 0.14098693
vt 0.0062406063 0.13721143
vt 0.04354036 0.21752842
vt 0.013416171 0.21326822
vt 0.079217196 0.23018594
vt 0.11088717 0.24784929
vt 0.022408485 0.29951787
vt 0.00865078 0.29758716
vt 0.017977 0.38645396
vt 0.038703203 0.3052768
vt 0.053168774 0.31332085
vt 0.061929107 0.32149467
vt 0.13112283 0.2644629
vt 0.19278109 0.20148599
vt 0.20731306 0.26221827
vt 0.15466905 0.28658655
vt 0.17510521 0.39174578
vt 0.17048478 0.3938845
vt 0.40342635 0.29256392
vt 0.40342635 0.2137456
vt 0.3664739 0.20180273
vt 0.34652853 0.27637768
vt 0.38168085 0.35170865
vt 0.33240592 0.33769107
vt 0.34020013 0.39645123
vt 0.31175125 0.38835812
vt 0.27419692 0.32868123
vt 0.27814424 0.3831563
vt 0.27931458 0.26597404
vt 0.22265083 0.32709336
vt 0.24838412 0.38223958
vt 0.21979433 0.26414037
vt 0.24426538 0.19000268
vt 0.28700554 0.19106412
vt 0.31318945 0.13131523
vt 0.3648085 0.14186645
vt 0.36329463 0.0062406063
vt 0.3678251 0.007166624
vt 0.58585274 0.9674499
vt 0.58585274 0.89148664
vt 0.57261086 0.9597409
vt 0.5563176 0.9533012
vt 0.5413387 0.9498565
vt 0.8431412 0.2847696
vt 0.88721967 0.3350255
vt 0.9015826 0.325167
vt 0.8880488 0.25822964
vt 0.82762057 0.26517513
vt 0.85756767 0.24888521
vt 0.9189737 0.3233375
vt 0.9176254 0.25735348
vt 0.86893404 0.20201358
vt 0.91897374 0.19931138
vt 0.1680646 0.47401422
vt 0.19343323 0.43456972
vt 0.14327514 0.40636575
vt 0.1391058 0.45773065
vt 0.08535761 0.40758598
vt 0.12534034 0.5229436
vt 0.18478394 0.5029226
vt 0.184784 0.53670985
vt 0.1680646 0.5663227
vt 0.105667114 0.45843512
vt 0.035199463 0.43790317
vt 0.07670832 0.4759388
vt 0.0062407255 0.4891941
vt 0.059988916 0.50555164
vt 0.0062406063 0.5477153
vt 0.059988916 0.5393389
vt 0.035199463 0.5977861
vt 0.07670826 0.56824726
vt 0.08535755 0.62599003
vt 0.105667055 0.58453083
vt 0.14327514 0.6247699
vt 0.1391058 0.58382636
vt 0.19343323 0.5944526
vt 0.89349043 0.0954169
vt 0.8947984 0.16505706
vt 0.89816034 0.16538727
vt 0.9283779 0.072229266
vt 0.86644363 0.051102042
vt 0.9283779 0.0062406063
vt 0.7862816 0.0095538795
vt 0.7664685 0.006240666
vt 0.74693453 0.041617185
vt 0.7812518 0.04735586
vt 0.80743027 0.0095538795
vt 0.73840374 0.08331597
vt 0.81788236 0.04735586
vt 0.82424784 0.0062406957
vt 0.84701115 0.041617215
vt 0.7780299 0.089942396
vt 0.7431619 0.12016392
vt 0.7774792 0.1259026
vt 0.8203272 0.089942396
vt 0.85396224 0.083316
vt 0.81410974 0.1259026
vt 0.84323853 0.12016392
vt 0.30595344 0.72293574
vt 0.33748987 0.703874
vt 0.3219743 0.6864544
vt 0.30376673 0.6974597
vt 0.2695383 0.7237029
vt 0.29527092 0.65927786
vt 0.33248645 0.6678356
vt 0.33248645 0.6465922
vt 0.3219743 0.6284163
vt 0.28274244 0.69790256
vt 0.23800188 0.7059699
vt 0.2645349 0.68766445
vt 0.21979433 0.6744884
vt 0.25402275 0.66948855
vt 0.21979433 0.63769376
vt 0.25402275 0.6482452
vt 0.23800188 0.605445
vt 0.2645349 0.6296264
vt 0.2695383 0.58638334
vt 0.28274244 0.6186211
vt 0.30595344 0.58561623
vt 0.30376673 0.6181782
vt 0.33748987 0.60334915
vt 0.7195293 0.81220317
vt 0.67960685 0.8440312
vt 0.6980617 0.8463236
vt 0.6875646 0.8082324
vt 0.72734827 0.7701788
vt 0.6582252 0.8440312
vt 0.6904386 0.76559377
vt 0.71942365 0.7315109
vt 0.68745893 0.72754014
vt 0.6505304 0.8082324
vt 0.63964576 0.8463236
vt 0.61834997 0.81220317
vt 0.6476753 0.76559377
vt 0.6504247 0.72754014
vt 0.6105165 0.7701788
vt 0.6182443 0.7315109
vt 0.4444431 0.8347923
vt 0.47943252 0.8019189
vt 0.44325104 0.80051965
vt 0.4653325 0.8356002
vt 0.5107666 0.82135576
vt 0.45252553 0.87637985
vt 0.42635238 0.84461486
vt 0.4159077 0.8624358
vt 0.4159077 0.8834802
vt 0.4263524 0.90210915
vt 0.44444317 0.913331
vt 0.46533257 0.91413885
vt 0.4834233 0.9043163
vt 0.493868 0.88649535
vt 0.48342326 0.8468221
vt 0.52885735 0.85362196
vt 0.49386796 0.865451
vt 0.52885735 0.89007187
vt 0.7462099 0.45040727
vt 0.78335345 0.40537977
vt 0.75014937 0.41159213
vt 0.7845506 0.44323373
vt 0.7567235 0.491848
vt 0.8201772 0.40310585
vt 0.7899276 0.48563552
vt 0.8270711 0.44060814
vt 0.8507539 0.40537977
vt 0.86237794 0.44323385
vt 0.82675135 0.48336172
vt 0.7980435 0.52122355
vt 0.857328 0.48563552
vt 0.81930375 0.5199107
vt 0.83695716 0.52122355
vt 0.21979433 0.7787938
vt 0.25966218 0.73618436
vt 0.22782224 0.73987806
vt 0.2565599 0.77452874
vt 0.2276128 0.8208319
vt 0.29669404 0.73618436
vt 0.25945276 0.8171382
vt 0.24918282 0.8547281
vt 0.2675656 0.85259557
vt 0.2993206 0.77452874
vt 0.32899517 0.73987806
vt 0.33661875 0.7787938
vt 0.29648462 0.8171382
vt 0.28894594 0.85259557
vt 0.32878575 0.8208319
vt 0.307595 0.8547281
vt 0.36066842 0.93154824
vt 0.34997123 0.8907501
vt 0.3500756 0.9251988
vt 0.36394095 0.89911985
vt 0.38043058 0.93330544
vt 0.3959195 0.9083735
vt 0.38004857 0.8473408
vt 0.3959195 0.84386694
vt 0.79337543 0.9557009
vt 0.82905203 0.9237262
vt 0.79712135 0.9377116
vt 0.82276887 0.9536706
vt 0.82905203 0.9733832
vt 0.7925425 0.9678556
vt 0.748924 0.3867736
vt 0.7616346 0.38484728
vt 0.7616346 0.36743927
vt 0.7507158 0.37049627
vt 0.5907925 0.8433528
vt 0.59770024 0.83073664
vt 0.5972407 0.82278913
vt 0.5881445 0.84643775
vt 0.595427 0.86082083
vt 0.59770024 0.8581348
vt 0.5637261 0.83763146
vt 0.57923263 0.8539995
vt 0.55173314 0.8037735
vt 0.57315165 0.80051965
vt 0.5753291 0.8568002
vt 0.58704895 0.87450933
vt 0.5889863 0.8666287
vt 0.56335276 0.8588083
vt 0.5562885 0.85526097
vt 0.5413387 0.84476954
vt 0.544022 0.8543086
vt 0.57144886 0.87716097
vt 0.5679931 0.8790053
vt 0.90655947 0.7187056
vt 0.89099085 0.7118439
vt 0.8892331 0.7686572
vt 0.92364824 0.7686572
vt 0.84305125 0.92489994
vt 0.8415335 0.9815637
vt 0.85352576 0.9836643
vt 0.85352576 0.92372626
vt 0.61754465 0.9216266
vt 0.61051655 0.92617226
vt 0.6209183 0.93435097
vt 0.6272925 0.9204367
vt 0.6357391 0.9181592
vt 0.6354768 0.86002785
vt 0.64371574 0.8588049
vt 0.64827967 0.9237083
vt 0.65451396 0.8654038
vt 0.6416025 0.928527
vt 0.63947976 0.9172806
vt 0.6471931 0.9156804
vt 0.642877 0.9703076
vt 0.6311722 0.9729719
vt 0.6659243 0.96574557
vt 0.6716132 0.93176764
vt 0.6662401 0.9251322
vt 0.6636119 0.8729843
vt 0.6716132 0.87747455
vt 0.84193164 0.1818006
vt 0.8526296 0.17973971
vt 0.8526296 0.16642052
vt 0.84233963 0.16763824
vt 0.6559495 0.3877089
vt 0.6619903 0.38689113
vt 0.6619903 0.3763616
vt 0.6563037 0.37823606
vt 0.8092732 0.36743915
vt 0.80037785 0.36949348
vt 0.79892564 0.38375592
vt 0.8092732 0.38155603
vt 0.85282004 0.13895535
vt 0.8419316 0.13838387
vt 0.8433151 0.15365303
vt 0.85282004 0.15393925
vt 0.963506 0.96306396
vt 0.963506 0.8878138
vt 0.9524821 0.8840531
vt 0.9442738 0.94983876
vt 0.38418317 0.6436682
vt 0.3792839 0.58902895
vt 0.36741972 0.58561623
vt 0.37046802 0.6459508
vt 0.37234938 0.6539092
vt 0.38744593 0.6456795
vt 0.35495436 0.6628262
vt 0.39945328 0.66068697
vt 0.34997118 0.6718918
vt 0.39352345 0.69291174
vt 0.3804444 0.69150984
vt 0.35825038 0.69707954
vt 0.3994534 0.70103073
vt 0.3578012 0.714718
vt 0.3650018 0.7230301
vt 0.3768102 0.724239
vt 0.39430964 0.71514046
vt 0.9900292 0.15411061
vt 0.9900292 0.08637068
vt 0.9771465 0.08255246
vt 0.97701776 0.1442945
vt 0.9759873 0.89850676
vt 0.9768748 0.9685078
vt 0.9882779 0.9648153
vt 0.9882779 0.8840531
vt 0.99167794 0.27262837
vt 0.99167794 0.19931144
vt 0.9782383 0.19946748
vt 0.9737417 0.27523923
vt 0.97458494 0.29529148
vt 0.9789119 0.36863247
vt 0.9915179 0.3693188
vt 0.9915179 0.2977525
vt 0.9763542 0.58415097
vt 0.9805791 0.6616752
vt 0.98946387 0.66278476
vt 0.98946387 0.5854301
vt 0.9302928 0.98975945
vt 0.9302928 0.9256106
vt 0.91768456 0.9269269
vt 0.9126391 0.9880085
vt 0.96759844 0.56060165
vt 0.96759844 0.4992718
vt 0.9571223 0.50454605
vt 0.95623624 0.5634737
vt 0.94801104 0.50203276
vt 0.9463606 0.5609827
vt 0.059910595 0.9436618
vt 0.060536683 0.991577
vt 0.06686026 0.9908806
vt 0.06686032 0.93990624
vt 0.4435345 0.976472
vt 0.4435345 0.9282602
vt 0.43518424 0.9292958
vt 0.42944098 0.9765383
vt 0.43052936 0.9266202
vt 0.41590762 0.9726925
vt 0.96929455 0.0700711
vt 0.96358466 0.0074416995
vt 0.94892967 0.006240666
vt 0.94085926 0.0700711
vt 0.3948425 0.4158012
vt 0.37359512 0.40893248
vt 0.3610171 0.43299422
vt 0.38913774 0.44710752
vt 0.36687136 0.44160077
vt 0.385674 0.45649663
vt 0.3948425 0.46488157
vt 0.36274636 0.52016425
vt 0.3762517 0.52291083
vt 0.3644834 0.74159086
vt 0.35031277 0.7427685
vt 0.34997118 0.7792239
vt 0.36984867 0.7775632
vt 0.3817178 0.7367201
vt 0.3745001 0.8285239
vt 0.3983695 0.76092935
vt 0.38675034 0.8313855
vt 0.3983695 0.8280704
vt 0.74329114 0.9458969
vt 0.7481251 0.96481293
vt 0.78006124 0.9765354
vt 0.77061796 0.94239885
vt 0.78006124 0.92372626
vt 0.74380815 0.9347475
vt 0.7220274 0.36743927
vt 0.7240968 0.3842703
vt 0.7364427 0.38775504
vt 0.7364427 0.36979985
vt 0.22056758 0.91348517
vt 0.22155046 0.88305914
vt 0.21979433 0.90446067
vt 0.22928232 0.88882565
vt 0.24029016 0.93481874
vt 0.2510169 0.9223132
vt 0.25576347 0.88024354
vt 0.23366392 0.8774415
vt 0.24414223 0.8738214
vt 0.2511447 0.86795294
vt 0.2693346 0.86806786
vt 0.27433515 0.8672093
vt 0.28669322 0.8816284
vt 0.26305068 0.91705894
vt 0.27547884 0.9192467
vt 0.2525943 0.9478791
vt 0.26376623 0.9499017
vt 0.28669322 0.92900145
vt 0.27705616 0.9448124
vt 0.87200946 0.85078406
vt 0.86632246 0.8598608
vt 0.892246 0.87265754
vt 0.8890214 0.8528949
vt 0.92742306 0.89595354
vt 0.8886702 0.90505207
vt 0.90143 0.9131293
vt 0.9317926 0.79447126
vt 0.9195302 0.7901579
vt 0.89523077 0.85087645
vt 0.8993207 0.83371687
vt 0.8951393 0.8309691
vt 0.9083909 0.8558279
vt 0.91261363 0.8596512
vt 0.9149605 0.84014344
vt 0.9197724 0.84883916
vt 0.9220817 0.86957633
vt 0.93179256 0.88802695
vt 0.9252473 0.8734033
vt 0.9280306 0.85642207
vt 0.93120855 0.8597647
vt 0.9517443 0.08702308
vt 0.9408592 0.14961714
vt 0.96453655 0.15566579
vt 0.96453655 0.08255243
vt 0.6244023 0.3779282
vt 0.6121185 0.37636167
vt 0.61267436 0.38858855
vt 0.6244023 0.39057946
vt 0.643468 0.38807154
vt 0.643468 0.3789369
vt 0.63688356 0.3763616
vt 0.6368929 0.38625133
vt 0.7864444 0.3834517
vt 0.7864444 0.37009358
vt 0.7741159 0.36743927
vt 0.77575886 0.38106894
vt 0.94636065 0.47618043
vt 0.95485353 0.48679042
vt 0.96559894 0.48456156
vt 0.9585915 0.47353435
vt 0.96559894 0.40310585
vt 0.9513874 0.40998518
vt 0.9919337 0.6930892
vt 0.9730116 0.70120656
vt 0.98342335 0.7705282
vt 0.9919337 0.76970273
vt 0.9801358 0.46224308
vt 0.9915312 0.46913028
vt 0.9915312 0.40420508
vt 0.9780803 0.40310597
vt 0.94427395 0.8715718
vt 0.9645598 0.87003285
vt 0.9645598 0.79015785
vt 0.94899917 0.7932707
vt 0.94315165 0.28281027
vt 0.9612605 0.2828098
vt 0.9519754 0.20103896
vt 0.93911296 0.20001996
vt 0.9314551 0.28281027
vt 0.93201154 0.19931138
vt 0.9902837 0.7901579
vt 0.977041 0.7927486
vt 0.9787022 0.8589298
vt 0.9902837 0.85472834
vt 0.98177576 0.0629254
vt 0.99267507 0.062405646
vt 0.99267507 0.006240666
vt 0.98188823 0.0076756477
vt 0.47269702 0.9266201
vt 0.4560157 0.92779046
vt 0.45807385 0.99086595
vt 0.47269714 0.9928061
vt 0.019780934 0.94218254
vt 0.006240666 0.93990636
vt 0.007349491 0.99195516
vt 0.019780934 0.9937594
vt 0.98007977 0.54935443
vt 0.9931476 0.4992718
vt 0.9862703 0.49950027
vt 0.98878187 0.55220366
vt 0.9830097 0.5604066
vt 0.9931476 0.5534863
vt 0.48517847 0.98259187
vt 0.5015371 0.98009646
vt 0.5015371 0.92662024
vt 0.49195457 0.92696166
vt 0.82945037 0.13838387
vt 0.8136924 0.13941216
vt 0.8223794 0.18628824
vt 0.82945037 0.18651974
vt 0.52875745 0.9266202
vt 0.5140182 0.932614
vt 0.5199573 0.9837943
vt 0.52875745 0.9820501
vt 0.9605302 0.6930892
vt 0.9361295 0.7021024
vt 0.948152 0.7686572
vt 0.9605302 0.76274705
vt 0.69406056 0.3791455
vt 0.69376814 0.3763616
vt 0.6920594 0.37637508
vt 0.69144183 0.3791455
vt 0.9001578 0.97664785
vt 0.88936484 0.92561054
vt 0.88768005 0.9259238
vt 0.8663225 0.97664785
vt 0.9338794 0.49483633
vt 0.9110539 0.40310597
vt 0.90767646 0.40325594
vt 0.9017261 0.47046685
vt 0.9338794 0.5578058
vt 0.8748592 0.51307344
vt 0.8767519 0.71184397
vt 0.8291806 0.71338856
vt 0.8281225 0.7470236
vt 0.8767519 0.7643922
vt 0.8156413 0.7776766
vt 0.76033866 0.69611025
vt 0.7432912 0.7298317
vt 0.8156413 0.7091973
vt 0.75591254 0.5841508
vt 0.7607663 0.5852995
vt 0.67896044 0.37636173
vt 0.674498 0.377221
vt 0.6744716 0.38021296
vt 0.67896044 0.38096118
vt 0.71842134 0.96556115
vt 0.7042756 0.8588047
vt 0.70126283 0.8588047
vt 0.6840944 0.96556115
vt 0.9569968 0.62152183
vt 0.9638729 0.5841509
vt 0.93205607 0.61902547
vt 0.9318681 0.65389705
vt 0.9638729 0.6550218
vt 0.9593181 0.3153447
vt 0.96210366 0.29529154
vt 0.9468101 0.31421983
vt 0.95585406 0.3350526
vt 0.931898 0.33345866
vt 0.93167657 0.35139155
vt 0.9589789 0.35205257
vt 0.93145514 0.36932456
vt 0.9621037 0.36905253
vt 0.7595259 0.56435454
vt 0.7462098 0.53370494
vt 0.7463231 0.5570929
vt 0.7594693 0.53740263
vt 0.7727287 0.57161623
vt 0.7727287 0.5411003
vt 0.2991745 0.94570994
vt 0.3320971 0.94570994
vt 0.32636762 0.9129729
vt 0.30139804 0.91361713
vt 0.30451143 0.8672092
vt 0.047429264 0.9633566
vt 0.046732664 0.93990636
vt 0.03943184 0.95515215
vt 0.047429264 0.98655593
vt 0.032262266 0.97066545
vt 0.7520403 0.16166008
vt 0.7398033 0.13838375
vt 0.7387547 0.16176689
vt 0.7637065 0.18490577
vt 0.73840374 0.18490577
vt 0.78915215 0.16999298
vt 0.77618784 0.13838392
vt 0.7770932 0.16212338
vt 0.78869945 0.14348948
vt 0.80121106 0.17786258
vt 0.80121106 0.14859504
vt 0.8066112 0.5673525
vt 0.8066112 0.5340431
vt 0.7852101 0.53370494
vt 0.7859862 0.56032103
vt 0.068918824 0.80261385
vt 0.0966323 0.751245
vt 0.10107845 0.79607266
vt 0.066063225 0.75746274
vt 0.034205794 0.80261385
vt 0.08927494 0.7155839
vt 0.033066988 0.75746274
vt 0.006240666 0.79607266
vt 0.0064849854 0.751245
vt 0.06280136 0.7209686
vt 0.07282162 0.67515194
vt 0.03422582 0.7209686
vt 0.011205077 0.7155839
vt 0.05753708 0.6782608
vt 0.05139309 0.63847125
vt 0.04103893 0.6782608
vt 0.02774793 0.67515194
vt 0.20284665 0.89882123
vt 0.19373548 0.92756724
vt 0.16104108 0.9204581
vt 0.17857164 0.89354277
vt 0.13213098 0.89894795
vt 0.20284665 0.84077716
vt 0.15710646 0.87757206
vt 0.11475158 0.86880076
vt 0.14420259 0.85518825
vt 0.11355978 0.83809423
vt 0.1433177 0.83238935
vt 0.15468884 0.815284
vt 0.20266658 0.76722395
vt 0.1769638 0.80280256
vt 0.19222742 0.7585505
vt 0.17678511 0.7556304
vt 0.20176446 0.71508074
vt 0.17501765 0.7100228
vt 0.20266658 0.68353045
vt 0.16047746 0.7592459
vt 0.17178202 0.67769015
vt 0.199359 0.64461553
vt 0.16686743 0.63847125
vt 0.14677191 0.716285
vt 0.13916665 0.684921
vt 0.13255507 0.64607847
vt 0.1245957 0.7321893
vt 0.11355978 0.7032858
vt 0.14767402 0.7684282
vt 0.14180547 0.780717
vt 0.14444435 0.7928195
vt 0.322207 0.57313496
vt 0.34696206 0.52122885
vt 0.3485358 0.5672502
vt 0.3219354 0.52682257
vt 0.2853637 0.57313496
vt 0.34199938 0.48571727
vt 0.28691426 0.52682257
vt 0.24787804 0.5672502
vt 0.32032564 0.49056157
vt 0.32131252 0.44526
vt 0.30879924 0.44805685
vt 0.2512826 0.52122885
vt 0.21979433 0.5570575
vt 0.22458783 0.5115403
vt 0.28999642 0.49056157
vt 0.2591385 0.4857173
vt 0.23602018 0.47732675
vt 0.29128864 0.44805688
vt 0.291985 0.40893245
vt 0.27347282 0.44526002
vt 0.26012537 0.44041574
vt 0.7337286 0.4891616
vt 0.71060514 0.52802265
vt 0.68261296 0.52319735
vt 0.70427996 0.4840852
vt 0.7337286 0.45448947
vt 0.7118635 0.45072037
vt 0.6487588 0.510698
vt 0.66866434 0.47093558
vt 0.63705575 0.53962165
vt 0.66637427 0.5504464
vt 0.6263488 0.5654199
vt 0.64327586 0.5716696
vt 0.61102635 0.55700785
vt 0.61051655 0.5250516
vt 0.618114 0.49387395
vt 0.63642496 0.4532361
vt 0.6854196 0.440957
vt 0.7079178 0.4031059
vt 0.6614826 0.4278155
vt 0.6162003 0.43572932
vt 0.6464662 0.4148171
vt 0.09955448 0.840384
vt 0.09955448 0.89822793
vt 0.07785821 0.9001062
vt 0.057171524 0.88857865
vt 0.030387104 0.9118993
vt 0.05824864 0.9274249
vt 0.01135087 0.8824785
vt 0.043037474 0.86673427
vt 0.006240666 0.84704566
vt 0.03924328 0.84042597
vt 0.04680556 0.81670356
vt 0.016425848 0.8150952
vt 0.84769344 0.6324038
vt 0.8281225 0.60265076
vt 0.856026 0.5841509
vt 0.87704873 0.6129413
vt 0.8729888 0.6594293
vt 0.8947847 0.6449789
vt 0.9101838 0.60604125
vt 0.9193866 0.63985574
vt 0.9190346 0.6993625
vt 0.85983944 0.6793351
vt 0.8299835 0.65921366
vt 0.8588599 0.6993625
vt 0.7762412 0.19931136
vt 0.7499027 0.24269094
vt 0.7404907 0.20805737
vt 0.783885 0.23437749
vt 0.7579113 0.273573
vt 0.7873409 0.26637337
vt 0.8151393 0.23898125
vt 0.81440794 0.27036035
vt 0.7894362 0.3096808
vt 0.80506337 0.3119827
vt 0.7724451 0.31383753
vt 0.7890868 0.354958
vt 0.8151393 0.3201264
vt 0.7586427 0.32333905
vt 0.75172746 0.33563948
vt 0.734005 0.29003015
vt 0.7222979 0.261694
vt 0.7220273 0.3113351
vt 0.70131946 0.60024154
vt 0.7308099 0.62973857
vt 0.7122829 0.6576867
vt 0.68182874 0.6296438
vt 0.6678126 0.5874347
vt 0.65334105 0.6092653
vt 0.61051655 0.5841509
vt 0.6328063 0.62907994
vt 0.61171055 0.6415691
vt 0.6257591 0.6731516
vt 0.6541717 0.6563308
vt 0.65898657 0.6990427
vt 0.6859937 0.6830538
vt 0.68465376 0.7150588
vt 0.7080426 0.701212
vt 0.7308099 0.67924345
vt 0.82511306 0.790158
vt 0.8538412 0.79949546
vt 0.85325134 0.8264705
vt 0.8246751 0.81018645
vt 0.7657703 0.7965217
vt 0.83586264 0.85472596
vt 0.8117643 0.83116555
vt 0.7898402 0.847474
vt 0.8063344 0.87669075
vt 0.76477724 0.8547419
vt 0.74329114 0.85102177
vt 0.7725788 0.8864794
vt 0.79368716 0.91124505
vt 0.82577336 0.90194046
vt 0.8538412 0.88106203
vt 0.6772075 0.19931126
vt 0.63788444 0.24046755
vt 0.6428868 0.20024252
vt 0.6705077 0.2395823
vt 0.70954615 0.211092
vt 0.701247 0.25078034
vt 0.66506886 0.27245808
vt 0.69168985 0.282156
vt 0.63681626 0.2732246
vt 0.61450225 0.2842505
vt 0.61211854 0.25319886
vt 0.628492 0.3245287
vt 0.64137495 0.31816316
vt 0.6576866 0.3177204
vt 0.65022194 0.3638804
vt 0.6224897 0.33511186
vt 0.67305624 0.32331944
vt 0.70954615 0.2997198
vt 0.6833656 0.3334601
vt 0.7071453 0.13865519
vt 0.6727602 0.16691673
vt 0.6635613 0.16200304
vt 0.69121236 0.13014448
vt 0.7259224 0.10732603
vt 0.7075247 0.097498655
vt 0.64860016 0.1561327
vt 0.63231426 0.18683004
vt 0.6318857 0.15087867
vt 0.665299 0.11997676
vt 0.6776026 0.08575803
vt 0.7259224 0.05356747
vt 0.63634866 0.11087656
vt 0.6178964 0.14764875
vt 0.6121184 0.10528219
vt 0.64417356 0.07525003
vt 0.6161949 0.0687902
vt 0.6944434 0.041215956
vt 0.724888 0.023619354
vt 0.7015154 0.014448583
vt 0.659275 0.030161202
vt 0.6298407 0.023365319
vt 0.67540365 0.006240666
vn -0.3293182 0.8571851 -0.39595842
vn -0.90452427 -0.42015538 0.07283724
vn 0.261675 -0.44686246 -0.85547656
vn -0.2899024 -0.9444887 0.15458877
vn -0.11423822 0.01394079 0.9933555
vn 0.6301279 0.56817836 0.52925617
vn 0.29582626 -0.87769395 -0.37701446
vn 0.91942513 0.38870537 0.059711732
vn -0.24852552 0.43577355 -0.8650644
vn -0 -0.8552985 0.5181354
vn -0.48408917 -0.8725476 0.065712646
vn -0.43073362 -0.7398922 0.51674753
vn 0.0030256312 -0.9987986 0.048909042
vn 0.43073377 -0.7398921 0.51674753
vn -0.42500955 -0.8464744 -0.320699
vn 0.502137 -0.86387473 0.03973408
vn 0.7460526 -0.4245963 0.5129557
vn 0.86407167 -0.50224596 0.033604182
vn -0.0028338695 -0.9434959 -0.3313719
vn -0.3836381 -0.80007625 -0.46119383
vn 0.46780908 -0.81876564 -0.33283234
vn 0.80555505 -0.49031824 -0.33266944
vn -0.005793173 -0.8836777 -0.4680598
vn -0.45227233 -0.77835053 -0.4354539
vn 0.4306472 -0.762954 -0.4821246
vn 0.73509073 -0.4628444 -0.4953953
vn -0.039475344 -0.9024327 -0.42901856
vn 0.11488836 -0.011945432 -0.9933066
vn 0.4189867 -0.7998579 -0.42974102
vn 0.76202774 -0.48184735 -0.43259305
vn -0.8614674 0.006106478 0.50777614
vn -0.86425173 0.5011687 0.043574285
vn -0.7460526 0.43680906 0.50259656
vn -0.99895537 -0.008480633 0.044901762
vn -0.7460527 -0.424596 0.5129558
vn -0.8136466 0.46366975 -0.35069847
vn -0.8627949 -0.50225955 0.05762116
vn -0.43073362 -0.7398922 0.51674753
vn -0.48408917 -0.8725476 0.065712646
vn -0.9806128 0.12050641 -0.15452102
vn -0.7710564 0.4369976 -0.4631468
vn -0.69634 -0.6968146 -0.17192985
vn -0.42500955 -0.8464744 -0.320699
vn -0.6750839 0.38717568 -0.62797815
vn -0.8844432 0.45475748 0.10466964
vn -0.7901106 0.42854828 -0.4382597
vn -0.52822214 -0.8489984 0.013525726
vn -0.8072382 0.32580057 -0.4921589
vn -0.55793715 -0.6963251 -0.45148343
vn -0.33952954 -0.70430076 -0.62344205
vn -0.3836381 -0.80007625 -0.46119383
vn -0.9031541 -0.017100498 -0.42897567
vn 0.11488836 -0.011945432 -0.9933066
vn -0.7772573 -0.4560897 -0.43342042
vn -0.45227233 -0.77835053 -0.4354539
vn -0 0.8675116 0.49741688
vn 0.48499125 0.8738466 0.03428524
vn 0.43073377 0.7521051 0.4988048
vn 0.0030254624 0.9996859 0.02487534
vn -0.43073365 0.7521052 0.4988048
vn 0.42403913 0.8378602 -0.34377462
vn -0.49732414 0.8669034 0.033866964
vn -0.7460526 0.43680906 0.50259656
vn -0.86425173 0.5011687 0.043574285
vn -0.002834067 0.93525416 -0.35396552
vn -0.47186434 0.80772364 -0.3534494
vn -0.8136466 0.46366975 -0.35069847
vn -0.44608265 0.7581503 -0.4756242
vn -0.7710564 0.4369976 -0.4631468
vn -0.00579326 0.87216604 -0.48917547
vn 0.38319337 0.7731116 -0.50543165
vn -0.47871852 0.7561503 -0.44616738
vn -0.7901106 0.42854828 -0.4382597
vn 0.11488836 -0.011945432 -0.9933066
vn -0.03947562 0.8918545 -0.45059645
vn 0.40386993 0.79622275 -0.45046464
vn 0.7664421 0.4596766 -0.4486244
vn 0.26914266 0.647658 -0.7128122
vn 0.7342966 0.6644424 -0.13901338
vn 0.55915177 0.8167655 0.14227897
vn -0.5961275 0.624432 -0.5046946
vn 0.55516815 0.75873053 -0.34075838
vn -0.26535583 0.47394213 -0.83962196
vn 0.48499125 0.8738466 0.03428524
vn 0.42403913 0.8378602 -0.34377462
vn 0.7342966 0.6644424 -0.13901338
vn 0.86795884 0.49562207 0.031719316
vn 0.43073377 0.7521051 0.4988048
vn 0.7460527 0.43680903 0.50259656
vn 0.25211582 0.4470302 0.858255
vn 0.43667743 0.26248196 0.8604742
vn 0.8614674 0.006106478 0.50777614
vn 0.5042316 0.010384459 0.86350596
vn 0.9996308 -0.0055640046 0.026593402
vn 0.7460526 -0.4245963 0.5129557
vn 0.4366773 -0.24171315 0.8665377
vn 0.86407167 -0.50224596 0.033604182
vn 0.80555505 -0.49031824 -0.33266944
vn 0.9652833 -0.20582484 -0.160824
vn 0.88846475 -0.45251766 0.07653803
vn 0.55915177 0.8167655 0.14227897
vn 0.82268023 -0.41867125 -0.38459277
vn 0.55516815 0.75873053 -0.34075838
vn 0.40386993 0.79622275 -0.45046464
vn 0.11488836 -0.011945432 -0.9933066
vn 0.7664421 0.4596766 -0.4486244
vn 0.8992749 -0.021268222 -0.43686655
vn 0.76202774 -0.48184735 -0.43259305
vn 0.26914266 0.647658 -0.7128122
vn 0.7664421 0.4596766 -0.4486244
vn 0.8992749 -0.021268222 -0.43686655
vn 0.67446476 -0.3755024 -0.63568485
vn -0.5961275 0.624432 -0.5046946
vn -0.23467077 -0.71316993 -0.66054386
vn 0.76202774 -0.48184735 -0.43259305
vn 0.73509073 -0.4628444 -0.4953953
vn 0.9652833 -0.20582484 -0.160824
vn 0.80555505 -0.49031824 -0.33266944
vn 0.4366773 -0.24171315 0.8665377
vn 0.7460526 -0.4245963 0.5129557
vn 0.43073377 -0.7398921 0.51674753
vn 0.25211588 -0.42626137 0.868757
vn -0 -0.8552985 0.5181354
vn -0 0.012025056 0.99992764
vn 0.5042316 0.010384459 0.86350596
vn 0.43667743 0.26248196 0.8604742
vn 0.25211582 0.4470302 0.858255
vn -0 -0.49381068 0.86956936
vn -0.43073362 -0.7398922 0.51674753
vn -0.25211573 -0.42626137 0.8687571
vn -0.7460527 -0.424596 0.5129558
vn -0.4366773 -0.24171303 0.8665378
vn -0.8614674 0.006106478 0.50777614
vn -0.50423145 0.010384461 0.86350614
vn -0.7460526 0.43680906 0.50259656
vn -0.43667728 0.26248196 0.86047435
vn -0.43073365 0.7521052 0.4988048
vn -0.25211573 0.4470302 0.858255
vn -0 0.8675116 0.49741688
vn -0 0.5145795 0.8574427
vn 0.43073377 0.7521051 0.4988048
vn 0.54017746 -0.5295588 -0.65404576
vn 0.42208505 -0.3846182 -0.820922
vn -0.55793715 -0.6963251 -0.45148343
vn -0.52822214 -0.8489984 0.013525726
vn -0.33952954 -0.70430076 -0.62344205
vn -0.69634 -0.6968146 -0.17192985
vn -0 0.52067107 -0.85375726
vn 0.2654498 0.44954914 -0.852902
vn 0.43799144 0.75276875 -0.4914293
vn -0 0.8701197 -0.4928405
vn -0.26544994 0.44954914 -0.85290194
vn 0.5 0.8659628 -0.010414005
vn -0.43799168 0.75276875 -0.4914291
vn -0.45977286 0.25524038 -0.8505652
vn -0.7586237 0.4321598 -0.48757347
vn -0 0.99992764 -0.012025056
vn 0.43799165 0.76436895 0.47318417
vn -0 0.8817201 0.47177285
vn -0.5000001 0.8659627 -0.010414003
vn -0.8660253 0.49996388 -0.006012529
vn -0.43799183 0.76436895 0.47318405
vn -0.75862366 0.44376016 0.47703978
vn -0 0.8817201 0.47177285
vn 0.43799165 0.76436895 0.47318417
vn 0.26545027 0.4699299 0.8418444
vn -0 0.5410518 0.8409891
vn -0.43799183 0.76436895 0.47318405
vn -0 0.012025056 0.99992764
vn 0.45977288 0.27562115 0.8441811
vn 0.5308998 0.010190448 0.8473732
vn 0.45977274 -0.2552403 0.85056525
vn -0.2654503 0.4699299 0.8418443
vn -0.75862366 0.44376016 0.47703978
vn -0.4597731 0.2756212 0.844181
vn -0.87598324 0.005800185 0.4823067
vn -0.5309001 0.010190447 0.84737307
vn -0.7586239 -0.4321596 0.48757347
vn -0.45977286 -0.2552402 0.85056525
vn -0.43799174 -0.7527686 0.49142912
vn -0.2654501 -0.44954902 0.852902
vn -0 -0.87011975 0.49284035
vn -0 -0.52067095 0.85375726
vn 0.4379916 -0.75276875 0.49142912
vn 0.2654498 -0.44954908 0.852902
vn 0.7586237 -0.4321598 0.4875734
vn 0.43799165 0.76436895 0.47318417
vn 0.45977288 0.27562115 0.8441811
vn 0.26545027 0.4699299 0.8418444
vn 0.7586237 0.44376 0.4770398
vn 0.5 0.8659628 -0.010414005
vn 0.5308998 0.010190448 0.8473732
vn 0.86602545 0.49996382 -0.006012528
vn 0.43799144 0.75276875 -0.4914293
vn 0.75862366 0.4321597 -0.4875736
vn 0.8759833 0.0058001834 0.48230657
vn 0.45977274 -0.2552403 0.85056525
vn 0.7586237 -0.4321598 0.4875734
vn 1 0 0
vn 0.87598324 -0.005800184 -0.48230663
vn 0.8660253 -0.49996394 0.0060125296
vn 0.7586237 -0.4437602 -0.47703972
vn 0.2654498 0.44954914 -0.852902
vn 0.75862366 0.4321597 -0.4875736
vn 0.43799144 0.75276875 -0.4914293
vn 0.45977265 0.2552402 -0.8505654
vn 0.87598324 -0.005800184 -0.48230663
vn -0 -0.012025056 -0.99992764
vn -0 0.52067107 -0.85375726
vn -0.26544994 0.44954914 -0.85290194
vn -0.45977286 0.25524038 -0.8505652
vn -0.5309 -0.010190447 -0.8473731
vn -0.45977288 -0.27562115 -0.8441811
vn -0.26545006 -0.46992993 -0.8418444
vn -0 -0.5410518 -0.84098923
vn 0.26544997 -0.46993 -0.8418444
vn 0.53089976 -0.01019045 -0.8473733
vn 0.7586237 -0.4437602 -0.47703972
vn 0.45977274 -0.27562118 -0.8441811
vn 0.4379916 -0.76436913 -0.4731841
vn 0.8660253 -0.49996394 0.0060125296
vn 0.4379916 -0.75276875 0.49142912
vn 0.7586237 -0.4321598 0.4875734
vn 0.5 -0.8659628 0.010414005
vn 0.7586237 -0.4437602 -0.47703972
vn -0 -0.87011975 0.49284035
vn 0.4379916 -0.76436913 -0.4731841
vn -0 -0.99992764 0.012025056
vn -0.43799174 -0.7527686 0.49142912
vn -0.5000002 -0.8659627 0.010414003
vn -0 -0.8817201 -0.47177285
vn 0.26544997 -0.46993 -0.8418444
vn -0.43799174 -0.76436895 -0.47318408
vn -0 -0.5410518 -0.84098923
vn -0.26545006 -0.46992993 -0.8418444
vn -0.5000002 -0.8659627 0.010414003
vn -0.7586239 -0.4321596 0.48757347
vn -0.43799174 -0.7527686 0.49142912
vn -0.8660255 -0.49996373 0.0060125273
vn -0.43799174 -0.76436895 -0.47318408
vn -0.87598324 0.005800185 0.4823067
vn -0.75862384 -0.44376 -0.47703975
vn -0.26545006 -0.46992993 -0.8418444
vn -0.45977288 -0.27562115 -0.8441811
vn -1 0 0
vn -0.75862366 0.44376016 0.47703978
vn -0.8660253 0.49996388 -0.006012529
vn -0.8759833 -0.005800184 -0.4823066
vn -0.5309 -0.010190447 -0.8473731
vn -0.7586237 0.4321598 -0.48757347
vn -0.45977286 0.25524038 -0.8505652
vn -0.67131567 0.7352136 0.093786865
vn -0.39752623 0.020020396 -0.9173721
vn -0.4925988 0.8227346 -0.28364408
vn -0.97173625 0.21484442 -0.09782862
vn -0.64647144 0.51440144 0.5634408
vn -0.71429384 -0.3167526 0.6240608
vn -0.9212524 -0.2616428 -0.28781384
vn -0.38349658 -0.8541346 0.35126087
vn -0.0733878 0.92631614 -0.36952987
vn 0.54168004 -0.077712625 -0.8369846
vn 0.43178988 0.84887815 -0.30489907
vn -0.042511065 0.013091594 -0.99901
vn -0.39752623 0.020020396 -0.9173721
vn -0.4925988 0.8227346 -0.28364408
vn -0.38349658 -0.8541346 0.35126087
vn 0.58870727 -0.77428126 -0.2321896
vn -0.10980543 -0.24846423 -0.962397
vn -0.9212524 -0.2616428 -0.28781384
vn -0.7501452 -0.6189145 -0.23286648
vn 0.37980133 -0.0021652281 -0.92506534
vn 0.54168004 -0.077712625 -0.8369846
vn -0.29984495 -0.6063621 -0.73649013
vn 0.9684046 -0.18246576 0.16999601
vn 0.57438874 -0.58746445 0.5700551
vn 0.17708804 -0.8672353 -0.46534154
vn -0.6336523 -0.71254796 -0.30126384
vn -0.39752623 0.020020396 -0.9173721
vn -0.042511065 0.013091594 -0.99901
vn -0.17566042 -0.5683706 -0.80380213
vn 0.9379022 -0.23443756 0.25569206
vn 0.5561397 -0.56930375 0.6054764
vn -0.57401764 -0.7149583 -0.39917174
vn -0.19941978 -0.56292045 -0.8020922
vn -0.71429384 -0.3167526 0.6240608
vn -0.8517957 -0.48933977 0.18705794
vn 0.25884575 -0.38844067 0.88437116
vn 0.76234376 -0.15346104 0.6287142
vn -0.10980543 -0.24846423 -0.962397
vn 0.58870727 -0.77428126 -0.2321896
vn 0.17708804 -0.8672353 -0.46534154
vn -0.39752623 0.020020396 -0.9173721
vn -0.10980543 -0.24846423 -0.962397
vn -0.39752623 0.020020396 -0.9173721
vn -0.97173625 0.21484442 -0.09782862
vn -0.9212524 -0.2616428 -0.28781384
vn 0.9379022 -0.23443756 0.25569206
vn 0.25884575 -0.38844067 0.88437116
vn 0.70313925 0.18385684 0.6868708
vn 0.5561397 -0.56930375 0.6054764
vn 0.9684046 -0.18246576 0.16999601
vn 0.10069715 -0.8653949 0.4908682
vn 0.70240164 -0.5972295 -0.38723218
vn -0.29984495 -0.6063621 -0.73649013
vn -0.16311504 -0.16900408 -0.972024
vn 0.9159926 0.34781727 0.19995145
vn 0.57438874 -0.58746445 0.5700551
vn 0.9984572 0.015940655 -0.053188503
vn 0.5491341 0.7964067 0.25335345
vn 0.4217657 0.64663315 0.6355934
vn 0.43178988 0.84887815 -0.30489907
vn 0.54168004 -0.077712625 -0.8369846
vn 0.37980133 -0.0021652281 -0.92506534
vn 0.705247 -0.59358096 -0.38766995
vn -0.24050777 -0.24679893 -0.938747
vn -0.696444 -0.7092265 -0.109377325
vn -0.116996676 -0.6207269 0.775248
vn 0.81122327 -0.5506992 0.19658831
vn 0.2693805 -0.50854516 -0.81781137
vn -0.054812983 -0.9285098 0.36723956
vn 0.705247 -0.59358096 -0.38766995
vn -0.24050777 -0.24679893 -0.938747
vn -0.88402015 -0.46609274 -0.035580516
vn 0.10069715 -0.8653949 0.4908682
vn 0.70240164 -0.5972295 -0.38723218
vn -0.16311504 -0.16900408 -0.972024
vn -0.86208 -0.5054824 -0.036133707
vn -0.100704245 -0.747953 0.65606767
vn 0.77483535 -0.61236155 -0.15698247
vn 0.00107418 -0.33621192 -0.94178545
vn -0.7870897 -0.57516223 -0.22288623
vn -0.19941978 -0.56292045 -0.8020922
vn 0.2693805 -0.50854516 -0.81781137
vn 0.81122327 -0.5506992 0.19658831
vn 0.76234376 -0.15346104 0.6287142
vn 0.76234376 -0.15346104 0.6287142
vn 0.81122327 -0.5506992 0.19658831
vn -0.116996676 -0.6207269 0.775248
vn -0.21219638 0.010442734 0.97717106
vn -0.08371124 0.110099405 0.9903888
vn 0.25884575 -0.38844067 0.88437116
vn -0.8517957 -0.48933977 0.18705794
vn 0.70313925 0.18385684 0.6868708
vn -0.71429384 -0.3167526 0.6240608
vn 0.4217657 0.64663315 0.6355934
vn -0.011530146 0.63642585 0.77125144
vn -0.64647144 0.51440144 0.5634408
vn 0.5491341 0.7964067 0.25335345
vn -0.67131567 0.7352136 0.093786865
vn -0.4925988 0.8227346 -0.28364408
vn -0.0733878 0.92631614 -0.36952987
vn 0.43178988 0.84887815 -0.30489907
vn -0.8517957 -0.48933977 0.18705794
vn -0.696444 -0.7092265 -0.109377325
vn 0.2693805 -0.50854516 -0.81781137
vn -0.19941978 -0.56292045 -0.8020922
vn -0.21219638 0.010442734 0.97717106
vn -0.116996676 -0.6207269 0.775248
vn -0.696444 -0.7092265 -0.109377325
vn -0.8517957 -0.48933977 0.18705794
vn 0.25884575 -0.38844067 0.88437116
vn -0.100704245 -0.747953 0.65606767
vn -0.7870897 -0.57516223 -0.22288623
vn -0.57401764 -0.7149583 -0.39917174
vn -0.17566042 -0.5683706 -0.80380213
vn 0.00107418 -0.33621192 -0.94178545
vn 0.77483535 -0.61236155 -0.15698247
vn 0.9379022 -0.23443756 0.25569206
vn -0.57401764 -0.7149583 -0.39917174
vn -0.7870897 -0.57516223 -0.22288623
vn 0.00107418 -0.33621192 -0.94178545
vn -0.17566042 -0.5683706 -0.80380213
vn 0.9379022 -0.23443756 0.25569206
vn 0.77483535 -0.61236155 -0.15698247
vn -0.100704245 -0.747953 0.65606767
vn 0.25884575 -0.38844067 0.88437116
vn 0.5561397 -0.56930375 0.6054764
vn 0.10069715 -0.8653949 0.4908682
vn -0.86208 -0.5054824 -0.036133707
vn -0.6336523 -0.71254796 -0.30126384
vn -0.16311504 -0.16900408 -0.972024
vn -0.29984495 -0.6063621 -0.73649013
vn 0.9984572 0.015940655 -0.053188503
vn 0.705247 -0.59358096 -0.38766995
vn -0.054812983 -0.9285098 0.36723956
vn 0.57438874 -0.58746445 0.5700551
vn 0.57438874 -0.58746445 0.5700551
vn -0.054812983 -0.9285098 0.36723956
vn -0.88402015 -0.46609274 -0.035580516
vn -0.7501452 -0.6189145 -0.23286648
vn -0.24050777 -0.24679893 -0.938747
vn 0.37980133 -0.0021652281 -0.92506534
vn 0.17708804 -0.8672353 -0.46534154
vn 0.58870727 -0.77428126 -0.2321896
vn -0.38349658 -0.8541346 0.35126087
vn -0.71429384 -0.3167526 0.6240608
vn 0.15063995 0.66539633 0.73113316
vn 0.70904315 0.5524584 0.43823236
vn 0.80766004 -0.28436184 0.5165496
vn 0.2900986 0.10586473 0.9511231
vn 0.84984 -0.52447295 0.05196339
vn 0.44015795 -0.0781962 0.894509
vn -0.6286347 -0.08071774 0.7735004
vn 0.63787335 -0.74099964 -0.2098507
vn 0.2192985 -0.61529434 0.7571796
vn 0.6664116 0.74547327 -0.012856469
vn 0.45119438 0.82223 -0.34693196
vn 0.24775958 0.02945 -0.9683738
vn 0.94381315 0.22621474 -0.24092221
vn 0.70904315 0.5524584 0.43823236
vn -0.06374329 -0.26550558 -0.96199983
vn 0.80766004 -0.28436184 0.5165496
vn 0.8481123 -0.3062489 -0.43233904
vn 0.40086052 -0.86582565 0.2994276
vn 0.03701347 0.92425877 -0.37996846
vn -0.45987314 0.85192835 -0.2504695
vn -0.671986 -0.08090253 -0.7361316
vn -0.097184986 0.009513438 -0.99522084
vn 0.24775958 0.02945 -0.9683738
vn 0.45119438 0.82223 -0.34693196
vn 0.40086052 -0.86582565 0.2994276
vn 0.8481123 -0.3062489 -0.43233904
vn -0.06374329 -0.26550558 -0.96199983
vn -0.65124536 -0.7501203 -0.11488864
vn -0.671986 -0.08090253 -0.7361316
vn -0.9970763 0.024768665 0.0722871
vn -0.5293874 0.0028934926 -0.8483752
vn -0.8948285 0.3224505 0.30871892
vn -0.45987314 0.85192835 -0.2504695
vn -0.48218507 0.813874 0.32420215
vn -0.5402043 0.2728001 0.7960901
vn -0.93528306 -0.20104961 0.29124695
vn -0.5847682 -0.47608447 0.6568026
vn -0.8991325 -0.0056271255 0.43764016
vn -0.10482615 -0.3076077 0.9457213
vn -0.6286347 -0.08071774 0.7735004
vn 0.2900986 0.10586473 0.9511231
vn -0.2917808 0.672434 0.68021816
vn 0.15063995 0.66539633 0.73113316
vn 0.03701347 0.92425877 -0.37996846
vn 0.45119438 0.82223 -0.34693196
vn 0.70904315 0.5524584 0.43823236
vn 0.6664116 0.74547327 -0.012856469
vn 0.84984 -0.52447295 0.05196339
vn 0.80766004 -0.28436184 0.5165496
vn -0.28884465 -0.86437756 -0.41160738
vn 0.038239747 -0.5815611 -0.81260365
vn -0.671986 -0.08090253 -0.7361316
vn 0.24775958 0.02945 -0.9683738
vn -0.097184986 0.009513438 -0.99522084
vn -0.42385468 -0.5064925 -0.75087464
vn 0.63787335 -0.74099964 -0.2098507
vn 0.46842778 -0.7449867 -0.47494245
vn -0.10482615 -0.3076077 0.9457213
vn -0.6286347 -0.08071774 0.7735004
vn 0.014322847 -0.5859656 -0.8102094
vn 0.5436908 -0.7439835 -0.38844427
vn -0.8991325 -0.0056271255 0.43764016
vn -0.5847682 -0.47608447 0.6568026
vn 0.14633743 -0.6285998 -0.76383746
vn -0.5293874 0.0028934926 -0.8483752
vn 0.6738311 -0.65477604 -0.34237438
vn -0.93528306 -0.20104961 0.29124695
vn -0.5670483 -0.63578755 0.5236701
vn -0.06374329 -0.26550558 -0.96199983
vn 0.24775958 0.02945 -0.9683738
vn -0.28884465 -0.86437756 -0.41160738
vn -0.65124536 -0.7501203 -0.11488864
vn 0.63787335 -0.74099964 -0.2098507
vn -0.42385468 -0.5064925 -0.75087464
vn -0.7890936 -0.5113077 0.34043446
vn 0.2192985 -0.61529434 0.7571796
vn 0.07669449 -0.9252236 0.37159035
vn 0.8451972 -0.5055594 -0.17335346
vn 0.06902714 -0.26937827 -0.96055746
vn -0.7845443 -0.56640947 -0.25233066
vn -0.053084984 -0.8536311 0.5181662
vn 0.821842 -0.5439356 -0.16943929
vn -0.009525314 -0.18863758 -0.9820005
vn -0.7818202 -0.5701775 -0.25229964
vn 0.17792358 -0.7431895 0.6449904
vn 0.7137258 -0.6125951 -0.33959222
vn -0.17317073 -0.34793624 -0.92138606
vn -0.81516314 -0.57908714 -0.0129283
vn -0.8991325 -0.0056271255 0.43764016
vn -0.10482615 -0.3076077 0.9457213
vn 0.038239747 -0.5815611 -0.81260365
vn -0.6286347 -0.08071774 0.7735004
vn -0.7890936 -0.5113077 0.34043446
vn -0.42385468 -0.5064925 -0.75087464
vn -0.6286347 -0.08071774 0.7735004
vn 0.44015795 -0.0781962 0.894509
vn 0.2192985 -0.61529434 0.7571796
vn -0.7890936 -0.5113077 0.34043446
vn -0.10482615 -0.3076077 0.9457213
vn 0.46842778 -0.7449867 -0.47494245
vn 0.7137258 -0.6125951 -0.33959222
vn 0.17792358 -0.7431895 0.6449904
vn 0.014322847 -0.5859656 -0.8102094
vn -0.8991325 -0.0056271255 0.43764016
vn -0.81516314 -0.57908714 -0.0129283
vn -0.17317073 -0.34793624 -0.92138606
vn 0.46842778 -0.7449867 -0.47494245
vn 0.7137258 -0.6125951 -0.33959222
vn 0.14633743 -0.6285998 -0.76383746
vn -0.93528306 -0.20104961 0.29124695
vn -0.7818202 -0.5701775 -0.25229964
vn -0.009525314 -0.18863758 -0.9820005
vn -0.93528306 -0.20104961 0.29124695
vn -0.5847682 -0.47608447 0.6568026
vn -0.053084984 -0.8536311 0.5181662
vn -0.7818202 -0.5701775 -0.25229964
vn -0.5847682 -0.47608447 0.6568026
vn 0.5436908 -0.7439835 -0.38844427
vn 0.821842 -0.5439356 -0.16943929
vn -0.053084984 -0.8536311 0.5181662
vn 0.5436908 -0.7439835 -0.38844427
vn 0.14633743 -0.6285998 -0.76383746
vn -0.009525314 -0.18863758 -0.9820005
vn 0.821842 -0.5439356 -0.16943929
vn -0.9970763 0.024768665 0.0722871
vn 0.07669449 -0.9252236 0.37159035
vn -0.7845443 -0.56640947 -0.25233066
vn -0.5670483 -0.63578755 0.5236701
vn -0.8948285 0.3224505 0.30871892
vn -0.93528306 -0.20104961 0.29124695
vn -0.5670483 -0.63578755 0.5236701
vn 0.6738311 -0.65477604 -0.34237438
vn 0.8451972 -0.5055594 -0.17335346
vn 0.07669449 -0.9252236 0.37159035
vn 0.6738311 -0.65477604 -0.34237438
vn -0.5293874 0.0028934926 -0.8483752
vn 0.06902714 -0.26937827 -0.96055746
vn 0.8451972 -0.5055594 -0.17335346
vn -0.5293874 0.0028934926 -0.8483752
vn -0.9970763 0.024768665 0.0722871
vn -0.7845443 -0.56640947 -0.25233066
vn 0.06902714 -0.26937827 -0.96055746
vn -0.28884465 -0.86437756 -0.41160738
vn 0.80766004 -0.28436184 0.5165496
vn 0.40086052 -0.86582565 0.2994276
vn -0.65124536 -0.7501203 -0.11488864
vn -0.55793715 -0.6963251 -0.45148343
vn 0.42208505 -0.3846182 -0.820922
vn 0.14414817 0.51607 -0.8443299
vn -0.8072382 0.32580057 -0.4921589
vn 0.22259735 0.8114804 -0.5403238
vn 0.14414817 0.51607 -0.8443299
vn 0.42208505 -0.3846182 -0.820922
vn 0.54017746 -0.5295588 -0.65404576
vn -0.8844432 0.45475748 0.10466964
vn -0.8072382 0.32580057 -0.4921589
vn 0.14414817 0.51607 -0.8443299
vn 0.22259735 0.8114804 -0.5403238
vn -0.9806128 0.12050641 -0.15452102
vn -0.6750839 0.38717568 -0.62797815
vn -0.6750839 0.38717568 -0.62797815
vn 0.22259735 0.8114804 -0.5403238
vn 0.54017746 -0.5295588 -0.65404576
vn -0.33952954 -0.70430076 -0.62344205
vn 0.9652833 -0.20582484 -0.160824
vn -0.23467077 -0.71316993 -0.66054386
vn 0.67446476 -0.3755024 -0.63568485
vn 0.88846475 -0.45251766 0.07653803
vn -0.07796137 -0.46004367 -0.88446695
vn 0.82268023 -0.41867125 -0.38459277
vn 0.55516815 0.75873053 -0.34075838
vn -0.26535583 0.47394213 -0.83962196
vn -0.07796137 -0.46004367 -0.88446695
vn 0.82268023 -0.41867125 -0.38459277
vn -0.23467077 -0.71316993 -0.66054386
vn -0.07796137 -0.46004367 -0.88446695
vn -0.26535583 0.47394213 -0.83962196
vn -0.5961275 0.624432 -0.5046946
vn 0.6301279 0.56817836 0.52925617
vn -0.11423822 0.01394079 0.9933555
vn -0.85793316 0.46196052 -0.22481799
vn -0.24852552 0.43577355 -0.8650644
vn 0.91942513 0.38870537 0.059711732
vn -0.751975 -0.5106658 0.41683814
vn 0.11533754 0.014299268 0.9932233
vn 0.86221504 -0.47487494 0.17629273
vn -0.6128043 -0.582508 0.5339992
vn 0.87334734 -0.43433198 -0.22049935
vn 0.7279037 -0.50179124 -0.46729186
vn -0.5661367 -0.49287271 0.66073114
vn 0.261675 -0.44686246 -0.85547656
vn -0.90452427 -0.42015538 0.07283724
vn 0.08469415 0.9927363 0.08544864
vn 0.87334734 -0.43433198 -0.22049935
vn 0.25285387 0.95943403 0.1247037
vn 0.7279037 -0.50179124 -0.46729186
vn -0.3293182 0.8571851 -0.39595842
vn 0.261675 -0.44686246 -0.85547656
vn 0.29582626 -0.87769395 -0.37701446
vn -0.24852552 0.43577355 -0.8650644
vn -0.85793316 0.46196052 -0.22481799
vn -0.2899024 -0.9444887 0.15458877
vn -0.11423822 0.01394079 0.9933555
vn 0.07687473 0.95190006 0.29660845
vn 0.11533754 0.014299268 0.9932233
vn -0.751975 -0.5106658 0.41683814
vn 0.25285387 0.95943403 0.1247037
vn -0.6128043 -0.582508 0.5339992
vn 0.86221504 -0.47487494 0.17629273
vn 0.11533754 0.014299268 0.9932233
vn 0.07687473 0.95190006 0.29660845
vn 0.87334734 -0.43433198 -0.22049935
vn 0.25285387 0.95943403 0.1247037
vn -0.5661367 -0.49287271 0.66073114
vn 0.25285387 0.95943403 0.1247037
vn -0.6128043 -0.582508 0.5339992
vn 0.08469415 0.9927363 0.08544864
vn -0.90452427 -0.42015538 0.07283724
vn -0.3293182 0.8571851 -0.39595842
vn 0.91942513 0.38870537 0.059711732
vn 0.29582626 -0.87769395 -0.37701446
vn -0.2899024 -0.9444887 0.15458877
vn 0.6301279 0.56817836 0.52925617
vn 0.05865816 0.11493322 0.9916396
vn -0.4765156 -0.2761357 0.8346746
vn -0.4600187 0.12897149 0.87849236
vn 0.055864856 -0.30154443 0.9518138
vn 0.56044996 0.12788725 0.8182545
vn -0.44814587 -0.520628 0.7267128
vn 0.5708195 -0.27724826 0.7728509
vn 0.88405025 0.16233034 0.4382967
vn 0.8968317 -0.21838634 0.384708
vn 0.04859754 -0.55085135 0.83318716
vn -0.37878624 -0.7401171 0.55565053
vn 0.52942765 -0.5216662 0.66900694
vn 0.835701 -0.45282742 0.31072664
vn 0.037038736 -0.766435 0.6412529
vn -0.010134611 -0.98803324 -0.15390694
vn 0.43995988 -0.74098665 0.50732034
vn 0.7006247 -0.68152523 0.2113017
vn -0.72249126 0.6740236 0.15394233
vn -0.97274566 0.21242532 0.09295856
vn -0.8890622 0.26795414 -0.371172
vn -0.66195 0.72533894 -0.18895929
vn -0.5664188 0.31785506 -0.76035357
vn 0.0100425165 0.9882767 0.15234244
vn -0.41819352 0.7748942 -0.4739756
vn -0.055085286 0.33871123 -0.93927634
vn -0.03481803 0.7960969 -0.60416645
vn 0.4737021 0.31674987 -0.8217515
vn 0.36116636 0.7740663 -0.5199807
vn 0.6366564 0.7239592 -0.26561546
vn -0.70430833 -0.5735444 -0.41832572
vn -0.010134611 -0.98803324 -0.15390694
vn -0.4427102 -0.54967284 -0.7084259
vn -0.05006293 -0.5428592 -0.83833
vn -0.53220844 -0.27657384 -0.800163
vn -0.057131104 -0.2629876 -0.9631059
vn -0.5742893 -0.043590277 -0.8174908
vn 0.35512552 -0.5505203 -0.75552166
vn -0.05893395 -0.027265579 -0.9978893
vn -0.5664188 0.31785506 -0.76035357
vn -0.055085286 0.33871123 -0.93927634
vn 0.43378738 -0.27760023 -0.85718507
vn 0.47403058 -0.04470408 -0.8793726
vn 0.4737021 0.31674987 -0.8217515
vn 0.7802403 -0.31753045 -0.538887
vn 0.8431793 -0.08951764 -0.53012735
vn 0.64898556 -0.5749819 -0.4982101
vn 0.77017015 -0.6198579 -0.15037985
vn 0.7006247 -0.68152523 0.2113017
vn -0.8890622 0.26795414 -0.371172
vn -0.5742893 -0.043590277 -0.8174908
vn -0.5664188 0.31785506 -0.76035357
vn -0.89988035 -0.08766627 -0.4272352
vn -0.97274566 0.21242532 0.09295856
vn -0.53220844 -0.27657384 -0.800163
vn -0.9881972 -0.14855403 0.03738922
vn -0.826 0.164147 0.5392399
vn -0.838892 -0.31581038 -0.44331044
vn -0.4427102 -0.54967284 -0.7084259
vn -0.70430833 -0.5735444 -0.41832572
vn -0.8458034 -0.21653523 0.48757473
vn -0.4600187 0.12897149 0.87849236
vn -0.4765156 -0.2761357 0.8346746
vn -0.92640895 -0.37632805 -0.011979938
vn -0.7942975 -0.4510958 0.40694448
vn -0.44814587 -0.520628 0.7267128
vn -0.783824 -0.6182071 -0.058648586
vn -0.010134611 -0.98803324 -0.15390694
vn -0.6723409 -0.6800667 0.2923472
vn -0.37878624 -0.7401171 0.55565053
vn 0.4737021 0.31674987 -0.8217515
vn 0.47403058 -0.04470408 -0.8793726
vn 0.8431793 -0.08951764 -0.53012735
vn 0.8397851 0.26611757 -0.4732253
vn 0.36116636 0.7740663 -0.5199807
vn 0.6366564 0.7239592 -0.26561546
vn 0.98541653 -0.15065038 -0.079112485
vn 0.9773742 0.21035373 -0.022156395
vn 0.9177669 -0.37828723 -0.12084074
vn 0.7802403 -0.31753045 -0.538887
vn 0.77017015 -0.6198579 -0.15037985
vn 0.64898556 -0.5749819 -0.4982101
vn 0.7006247 -0.68152523 0.2113017
vn 0.835701 -0.45282742 0.31072664
vn 0.8968317 -0.21838634 0.384708
vn 0.88405025 0.16233034 0.4382967
vn 0.73701054 0.6724731 0.0677886
vn 0.0100425165 0.9882767 0.15234244
vn 0.65818673 0.63522047 0.40408558
vn 0.56044996 0.12788725 0.8182545
vn 0.41243875 0.6147833 0.6722616
vn 0.0100425165 0.9882767 0.15234244
vn 0.65818673 0.63522047 0.40408558
vn 0.41243875 0.6147833 0.6722616
vn 0.047397837 0.60868204 0.7919971
vn 0.05865816 0.11493322 0.9916396
vn 0.56044996 0.12788725 0.8182545
vn -0.4600187 0.12897149 0.87849236
vn -0.32918078 0.6155712 0.71603894
vn -0.826 0.164147 0.5392399
vn -0.60472894 0.6365622 0.47863472
vn -0.72249126 0.6740236 0.15394233
vn -0.97274566 0.21242532 0.09295856
vn -0.509176 0.2655929 0.8186574
vn -0.5512172 -0.15067181 0.8206445
vn -0.90644 -0.10611972 0.4087848
vn -0.8574371 0.29859823 0.41909498
vn -0.32824028 0.72114885 0.6100843
vn -0.5851697 0.74283653 0.32522368
vn -0.9493191 0.30581087 -0.072614014
vn -0.66559905 0.7457027 -0.030094534
vn 0.069045365 0.9966605 0.043601632
vn 0.034584075 0.6821775 0.73036844
vn -0.0046556294 0.21513149 0.97657394
vn 0.3897894 0.6424054 0.6598331
vn -0.8574371 0.29859823 0.41909498
vn -0.992749 -0.07585476 -0.09324993
vn -0.9493191 0.30581087 -0.072614014
vn -0.90644 -0.10611972 0.4087848
vn -0.9402116 -0.323277 -0.107211225
vn -0.85814124 -0.36598676 0.36006576
vn -0.5512172 -0.15067181 0.8206445
vn -0.5260464 -0.41441938 0.7426517
vn -0.73671275 -0.61412036 0.2830382
vn -0.45682892 -0.65622324 0.60056514
vn -0.81070495 -0.5755894 -0.10702531
vn -0.06817807 -0.9966611 -0.044929028
vn -0.052506197 -0.6810876 0.73031694
vn -0.68773925 -0.56212837 -0.45937622
vn -0.40922356 -0.5806172 -0.70386064
vn -0.7925473 -0.30635643 -0.5272708
vn -0.8362712 -0.0698198 -0.5438526
vn -0.4637823 -0.3211159 -0.8257061
vn -0.9493191 0.30581087 -0.072614014
vn -0.992749 -0.07585476 -0.09324993
vn -0.8362712 -0.0698198 -0.5438526
vn -0.801561 0.29336846 -0.5209942
vn -0.66559905 0.7457027 -0.030094534
vn -0.56656146 0.73973674 -0.36303973
vn 0.069045365 0.9966605 0.043601632
vn -0.31195667 0.73180425 -0.6059254
vn 0.055785246 0.71819293 -0.69360423
vn 0.03363321 0.2334351 -0.97179055
vn -0.45765153 0.2687893 -0.84753007
vn 0.00583753 -0.13100085 -0.991365
vn -0.48755282 -0.08952974 -0.86849105
vn -0.005599886 -0.36072803 -0.93265426
vn -0.4637823 -0.3211159 -0.8257061
vn -0.7925473 -0.30635643 -0.5272708
vn 0.055785246 0.71819293 -0.69360423
vn 0.03363321 0.2334351 -0.97179055
vn 0.55019844 0.1892002 -0.81331706
vn 0.44163445 0.69113386 -0.5720952
vn 0.069045365 0.9966605 0.043601632
vn 0.9028377 0.1483607 -0.4035753
vn 0.7070783 0.6544471 -0.267842
vn 0.773258 0.62558794 0.10349898
vn 0.9871056 0.12738225 0.09693427
vn 0.6531096 0.6203603 0.43428218
vn 0.3897894 0.6424054 0.6598331
vn 0.8281081 0.13386261 0.54435086
vn 0.81303114 -0.23124677 0.534327
vn 0.9690811 -0.23209898 0.0837373
vn 0.8818933 -0.21674573 -0.41867098
vn 0.55019844 0.1892002 -0.81331706
vn 0.8818933 -0.21674573 -0.41867098
vn 0.9028377 0.1483607 -0.4035753
vn 0.5257968 -0.18021894 -0.8312994
vn 0.03363321 0.2334351 -0.97179055
vn 0.00583753 -0.13100085 -0.991365
vn 0.47155976 -0.40701002 -0.7822878
vn -0.005599886 -0.36072803 -0.93265426
vn 0.80165946 -0.4397396 -0.4049334
vn 0.88928807 -0.45354903 0.05882135
vn 0.9690811 -0.23209898 0.0837373
vn 0.7216921 -0.69130653 0.03543991
vn 0.63862014 -0.6868577 -0.34697402
vn 0.36283323 -0.6634481 -0.6543613
vn -0.06817807 -0.9966611 -0.044929028
vn 0.61089694 -0.68923354 0.3895664
vn -0.028112292 -0.6216005 -0.78282994
vn -0.4637823 -0.3211159 -0.8257061
vn -0.40922356 -0.5806172 -0.70386064
vn 0.88928807 -0.45354903 0.05882135
vn 0.7216921 -0.69130653 0.03543991
vn 0.61089694 -0.68923354 0.3895664
vn 0.7485869 -0.4571962 0.48019725
vn 0.9690811 -0.23209898 0.0837373
vn 0.81303114 -0.23124677 0.534327
vn 0.33664963 -0.6878878 0.64302206
vn -0.06817807 -0.9966611 -0.044929028
vn -0.052506197 -0.6810876 0.73031694
vn 0.42193946 -0.45659858 0.78325266
vn 0.46352986 -0.21838914 0.85874695
vn 0.8281081 0.13386261 0.54435086
vn -0.041206155 -0.44594476 0.8941114
vn -0.45682892 -0.65622324 0.60056514
vn -0.5260464 -0.41441938 0.7426517
vn -0.031206764 -0.1917836 0.98094094
vn -0.5512172 -0.15067181 0.8206445
vn 0.47972888 0.16594128 0.8615821
vn 0.6531096 0.6203603 0.43428218
vn 0.3897894 0.6424054 0.6598331
vn -0.0046556294 0.21513149 0.97657394
vn -0.509176 0.2655929 0.8186574
vn 0.034584075 0.6821775 0.73036844
g 0.4167_0
f 3/3/3 2/2/2 1/1/1
f 6/6/6 5/5/5 4/4/4
f 9/9/9 8/8/8 7/7/7
f 12/12/12 11/11/11 10/10/10
f 11/11/11 13/13/13 10/10/10
f 10/10/10 13/13/13 14/14/14
f 11/11/11 15/15/15 13/13/13
f 13/13/13 16/16/16 14/14/14
f 14/14/14 16/16/16 17/17/17
f 16/16/16 18/18/18 17/17/17
f 15/15/15 19/19/19 13/13/13
f 13/13/13 19/19/19 16/16/16
f 15/15/15 20/20/20 19/19/19
f 16/16/16 21/21/21 18/18/18
f 19/19/19 21/21/21 16/16/16
f 21/21/21 22/22/22 18/18/18
f 20/20/20 23/23/23 19/19/19
f 19/19/19 23/23/23 21/21/21
f 20/20/20 24/24/24 23/23/23
f 21/21/21 25/25/25 22/22/22
f 23/23/23 25/25/25 21/21/21
f 25/25/25 26/26/26 22/22/22
f 24/24/24 27/27/27 23/23/23
f 23/23/23 27/27/27 25/25/25
f 24/24/24 28/28/28 27/27/27
f 25/25/25 29/29/29 26/26/26
f 27/27/27 29/29/29 25/25/25
f 27/27/27 28/28/28 29/29/29
f 29/29/29 30/30/30 26/26/26
f 29/29/29 28/28/28 30/30/30
f 33/33/33 32/32/32 31/31/31
f 32/32/32 34/34/34 31/31/31
f 31/31/31 34/34/34 35/35/35
f 32/32/32 36/36/36 34/34/34
f 34/34/34 37/37/37 35/35/35
f 35/35/35 37/37/37 38/38/38
f 37/37/37 39/39/39 38/38/38
f 36/36/36 40/40/40 34/34/34
f 34/34/34 40/40/40 37/37/37
f 36/36/36 41/41/41 40/40/40
f 37/37/37 42/42/42 39/39/39
f 40/40/40 42/42/42 37/37/37
f 42/42/42 43/43/43 39/39/39
f 41/41/41 44/44/44 40/40/40
f 40/40/40 45/45/45 42/42/42
f 41/41/41 46/46/46 44/44/44
f 45/45/45 47/47/47 42/42/42
f 45/45/45 48/48/48 47/47/47
f 48/48/48 49/49/49 47/47/47
f 42/42/42 50/50/50 43/43/43
f 50/50/50 51/51/51 43/43/43
f 46/46/46 52/52/52 44/44/44
f 44/44/44 52/52/52 50/50/50
f 46/46/46 53/53/53 52/52/52
f 50/50/50 54/54/54 51/51/51
f 52/52/52 54/54/54 50/50/50
f 52/52/52 53/53/53 54/54/54
f 54/54/54 55/55/55 51/51/51
f 54/54/54 53/53/53 55/55/55
f 58/58/58 57/57/57 56/56/56
f 57/57/57 59/59/59 56/56/56
f 56/56/56 59/59/59 60/60/60
f 57/57/57 61/61/61 59/59/59
f 59/59/59 62/62/62 60/60/60
f 60/60/60 62/62/62 63/63/63
f 62/62/62 64/64/64 63/63/63
f 59/59/59 65/65/65 62/62/62
f 61/61/61 65/65/65 59/59/59
f 62/62/62 66/66/66 64/64/64
f 65/65/65 66/66/66 62/62/62
f 66/66/66 67/67/67 64/64/64
f 66/66/66 68/68/68 67/67/67
f 68/68/68 69/69/69 67/67/67
f 65/65/65 70/70/70 66/66/66
f 70/70/70 68/68/68 66/66/66
f 61/61/61 71/71/71 65/65/65
f 71/71/71 70/70/70 65/65/65
f 68/68/68 72/72/72 69/69/69
f 72/72/72 73/73/73 69/69/69
f 72/72/72 74/74/74 73/73/73
f 75/75/75 72/72/72 68/68/68
f 75/75/75 74/74/74 72/72/72
f 70/70/70 75/75/75 68/68/68
f 76/76/76 74/74/74 75/75/75
f 76/76/76 75/75/75 70/70/70
f 71/71/71 76/76/76 70/70/70
f 77/77/77 76/76/76 71/71/71
f 78/78/78 77/77/77 71/71/71
f 78/78/78 71/71/71 61/61/61
f 79/79/79 78/78/78 61/61/61
f 79/79/79 80/80/80 78/78/78
f 80/80/80 81/81/81 78/78/78
f 80/80/80 82/82/82 81/81/81
f 82/82/82 83/83/83 81/81/81
f 86/86/86 85/85/85 84/84/84
f 87/87/87 86/86/86 84/84/84
f 87/87/87 84/84/84 88/88/88
f 89/89/89 87/87/87 88/88/88
f 89/89/89 88/88/88 90/90/90
f 91/91/91 89/89/89 90/90/90
f 92/92/92 89/89/89 91/91/91
f 93/93/93 92/92/92 91/91/91
f 94/94/94 87/87/87 89/89/89
f 92/92/92 94/94/94 89/89/89
f 95/95/95 92/92/92 93/93/93
f 96/96/96 95/95/95 93/93/93
f 95/95/95 97/97/97 92/92/92
f 97/97/97 94/94/94 92/92/92
f 97/97/97 98/98/98 94/94/94
f 98/98/98 99/99/99 94/94/94
f 94/94/94 99/99/99 87/87/87
f 99/99/99 86/86/86 87/87/87
f 99/99/99 100/100/100 86/86/86
f 100/100/100 101/101/101 86/86/86
f 100/100/100 102/102/102 101/101/101
f 102/102/102 103/103/103 101/101/101
f 106/106/106 105/105/105 104/104/104
f 107/107/107 105/105/105 106/106/106
f 108/108/108 105/105/105 107/107/107
f 111/111/111 110/110/110 109/109/109
f 112/112/112 111/111/111 109/109/109
f 109/109/109 113/113/113 112/112/112
f 113/113/113 114/114/114 112/112/112
f 115/115/115 111/111/111 112/112/112
f 116/116/116 115/115/115 112/112/112
f 116/116/116 112/112/112 117/117/117
f 118/118/118 116/116/116 117/117/117
f 121/121/121 120/120/120 119/119/119
f 122/122/122 121/121/121 119/119/119
f 123/123/123 121/121/121 122/122/122
f 122/122/122 119/119/119 124/124/124
f 119/119/119 125/125/125 124/124/124
f 125/125/125 126/126/126 124/124/124
f 126/126/126 127/127/127 124/124/124
f 128/128/128 122/122/122 124/124/124
f 128/128/128 123/123/123 122/122/122
f 129/129/129 123/123/123 128/128/128
f 130/130/130 129/129/129 128/128/128
f 130/130/130 128/128/128 124/124/124
f 131/131/131 129/129/129 130/130/130
f 132/132/132 131/131/131 130/130/130
f 132/132/132 130/130/130 124/124/124
f 133/133/133 131/131/131 132/132/132
f 134/134/134 133/133/133 132/132/132
f 134/134/134 132/132/132 124/124/124
f 135/135/135 133/133/133 134/134/134
f 136/136/136 135/135/135 134/134/134
f 136/136/136 134/134/134 124/124/124
f 137/137/137 135/135/135 136/136/136
f 138/138/138 137/137/137 136/136/136
f 138/138/138 136/136/136 124/124/124
f 139/139/139 137/137/137 138/138/138
f 140/140/140 138/138/138 124/124/124
f 140/140/140 139/139/139 138/138/138
f 127/127/127 140/140/140 124/124/124
f 141/141/141 139/139/139 140/140/140
f 127/127/127 141/141/141 140/140/140
f 144/144/144 143/143/143 142/142/142
f 145/145/145 144/144/144 142/142/142
f 145/145/145 142/142/142 146/146/146
f 147/147/147 145/145/145 146/146/146
f 150/150/150 149/149/149 148/148/148
f 151/151/151 150/150/150 148/148/148
f 151/151/151 148/148/148 152/152/152
f 153/153/153 150/150/150 151/151/151
f 154/154/154 151/151/151 152/152/152
f 154/154/154 152/152/152 155/155/155
f 156/156/156 154/154/154 155/155/155
f 157/157/157 153/153/153 151/151/151
f 157/157/157 151/151/151 154/154/154
f 158/158/158 153/153/153 157/157/157
f 159/159/159 158/158/158 157/157/157
f 160/160/160 154/154/154 156/156/156
f 160/160/160 157/157/157 154/154/154
f 159/159/159 157/157/157 160/160/160
f 161/161/161 160/160/160 156/156/156
f 162/162/162 159/159/159 160/160/160
f 162/162/162 160/160/160 161/161/161
f 163/163/163 162/162/162 161/161/161
f 166/166/166 165/165/165 164/164/164
f 167/167/167 166/166/166 164/164/164
f 167/167/167 164/164/164 168/168/168
f 169/169/169 166/166/166 167/167/167
f 169/169/169 170/170/170 166/166/166
f 169/169/169 171/171/171 170/170/170
f 169/169/169 172/172/172 171/171/171
f 169/169/169 167/167/167 173/173/173
f 173/173/173 167/167/167 168/168/168
f 173/173/173 168/168/168 174/174/174
f 175/175/175 173/173/173 174/174/174
f 169/169/169 173/173/173 175/175/175
f 175/175/175 174/174/174 176/176/176
f 177/177/177 175/175/175 176/176/176
f 169/169/169 175/175/175 177/177/177
f 177/177/177 176/176/176 178/178/178
f 179/179/179 177/177/177 178/178/178
f 169/169/169 177/177/177 179/179/179
f 179/179/179 178/178/178 180/180/180
f 181/181/181 179/179/179 180/180/180
f 169/169/169 179/179/179 181/181/181
f 181/181/181 180/180/180 182/182/182
f 183/183/183 181/181/181 182/182/182
f 169/169/169 181/181/181 183/183/183
f 183/183/183 182/182/182 184/184/184
f 169/169/169 185/185/185 172/172/172
f 169/169/169 183/183/183 185/185/185
f 185/185/185 183/183/183 184/184/184
f 172/172/172 185/185/185 186/186/186
f 185/185/185 184/184/184 186/186/186
f 189/189/189 188/188/188 187/187/187
f 188/188/188 190/190/190 187/187/187
f 187/187/187 190/190/190 191/191/191
f 188/188/188 192/192/192 190/190/190
f 190/190/190 193/193/193 191/191/191
f 191/191/191 193/193/193 194/194/194
f 193/193/193 195/195/195 194/194/194
f 192/192/192 196/196/196 190/190/190
f 190/190/190 196/196/196 193/193/193
f 192/192/192 197/197/197 196/196/196
f 197/197/197 198/198/198 196/196/196
f 193/193/193 199/199/199 195/195/195
f 196/196/196 199/199/199 193/193/193
f 196/196/196 198/198/198 199/199/199
f 199/199/199 200/200/200 195/195/195
f 198/198/198 201/201/201 199/199/199
f 199/199/199 201/201/201 200/200/200
f 201/201/201 202/202/202 200/200/200
f 205/205/205 204/204/204 203/203/203
f 204/204/204 206/206/206 203/203/203
f 204/204/204 207/207/207 206/206/206
f 203/203/203 206/206/206 208/208/208
f 209/209/209 203/203/203 208/208/208
f 210/210/210 209/209/209 208/208/208
f 211/211/211 210/210/210 208/208/208
f 212/212/212 211/211/211 208/208/208
f 213/213/213 212/212/212 208/208/208
f 214/214/214 213/213/213 208/208/208
f 215/215/215 214/214/214 208/208/208
f 216/216/216 215/215/215 208/208/208
f 207/207/207 217/217/217 206/206/206
f 206/206/206 217/217/217 208/208/208
f 207/207/207 218/218/218 217/217/217
f 219/219/219 216/216/216 208/208/208
f 217/217/217 219/219/219 208/208/208
f 218/218/218 219/219/219 217/217/217
f 220/220/220 216/216/216 219/219/219
f 218/218/218 220/220/220 219/219/219
f 223/223/223 222/222/222 221/221/221
f 222/222/222 224/224/224 221/221/221
f 221/221/221 224/224/224 225/225/225
f 222/222/222 226/226/226 224/224/224
f 224/224/224 227/227/227 225/225/225
f 226/226/226 228/228/228 224/224/224
f 224/224/224 228/228/228 227/227/227
f 226/226/226 229/229/229 228/228/228
f 229/229/229 230/230/230 228/228/228
f 228/228/228 231/231/231 227/227/227
f 228/228/228 230/230/230 231/231/231
f 227/227/227 231/231/231 232/232/232
f 230/230/230 233/233/233 231/231/231
f 231/231/231 234/234/234 232/232/232
f 231/231/231 233/233/233 234/234/234
f 233/233/233 235/235/235 234/234/234
f 238/238/238 237/237/237 236/236/236
f 237/237/237 239/239/239 236/236/236
f 236/236/236 239/239/239 240/240/240
f 237/237/237 241/241/241 239/239/239
f 239/239/239 242/242/242 240/240/240
f 240/240/240 242/242/242 243/243/243
f 242/242/242 244/244/244 243/243/243
f 241/241/241 245/245/245 239/239/239
f 239/239/239 245/245/245 242/242/242
f 241/241/241 246/246/246 245/245/245
f 246/246/246 247/247/247 245/245/245
f 242/242/242 248/248/248 244/244/244
f 245/245/245 248/248/248 242/242/242
f 245/245/245 247/247/247 248/248/248
f 248/248/248 249/249/249 244/244/244
f 247/247/247 250/250/250 248/248/248
f 248/248/248 250/250/250 249/249/249
f 250/250/250 251/251/251 249/249/249
f 254/254/254 253/253/253 252/252/252
f 253/253/253 255/255/255 252/252/252
f 252/252/252 255/255/255 256/256/256
f 255/255/255 257/257/257 256/256/256
f 255/255/255 258/258/258 257/257/257
f 258/258/258 259/259/259 257/257/257
f 262/262/262 261/261/261 260/260/260
f 261/261/261 263/263/263 260/260/260
f 260/260/260 263/263/263 264/264/264
f 265/265/265 260/260/260 264/264/264
f 268/268/268 267/267/267 266/266/266
f 269/269/269 268/268/268 266/266/266
f 272/272/272 271/271/271 270/270/270
f 270/270/270 273/273/273 272/272/272
f 273/273/273 270/270/270 274/274/274
f 270/270/270 275/275/275 274/274/274
f 273/273/273 276/276/276 272/272/272
f 273/273/273 277/277/277 276/276/276
f 272/272/272 276/276/276 278/278/278
f 279/279/279 272/272/272 278/278/278
f 277/277/277 280/280/280 276/276/276
f 280/280/280 277/277/277 281/281/281
f 277/277/277 282/282/282 281/281/281
f 280/280/280 283/283/283 276/276/276
f 283/283/283 284/284/284 276/276/276
f 284/284/284 285/285/285 276/276/276
f 284/284/284 286/286/286 285/285/285
f 284/284/284 283/283/283 287/287/287
f 288/288/288 284/284/284 287/287/287
f 291/291/291 290/290/290 289/289/289
f 292/292/292 291/291/291 289/289/289
f 295/295/295 294/294/294 293/293/293
f 296/296/296 295/295/295 293/293/293
f 299/299/299 298/298/298 297/297/297
f 297/297/297 300/300/300 299/299/299
f 300/300/300 301/301/301 299/299/299
f 300/300/300 302/302/302 301/301/301
f 302/302/302 303/303/303 301/301/301
f 301/301/301 303/303/303 304/304/304
f 303/303/303 305/305/305 304/304/304
f 301/301/301 306/306/306 299/299/299
f 301/301/301 307/307/307 306/306/306
f 307/307/307 308/308/308 306/306/306
f 299/299/299 306/306/306 309/309/309
f 310/310/310 299/299/299 309/309/309
f 309/309/309 306/306/306 311/311/311
f 306/306/306 312/312/312 311/311/311
f 306/306/306 308/308/308 312/312/312
f 308/308/308 313/313/313 312/312/312
f 308/308/308 314/314/314 313/313/313
f 314/314/314 315/315/315 313/313/313
f 318/318/318 317/317/317 316/316/316
f 319/319/319 318/318/318 316/316/316
f 322/322/322 321/321/321 320/320/320
f 323/323/323 322/322/322 320/320/320
f 326/326/326 325/325/325 324/324/324
f 327/327/327 326/326/326 324/324/324
f 330/330/330 329/329/329 328/328/328
f 331/331/331 330/330/330 328/328/328
f 334/334/334 333/333/333 332/332/332
f 335/335/335 334/334/334 332/332/332
f 338/338/338 337/337/337 336/336/336
f 339/339/339 338/338/338 336/336/336
f 340/340/340 339/339/339 336/336/336
f 340/340/340 336/336/336 341/341/341
f 342/342/342 339/339/339 340/340/340
f 341/341/341 343/343/343 340/340/340
f 344/344/344 342/342/342 340/340/340
f 340/340/340 343/343/343 345/345/345
f 344/344/344 340/340/340 346/346/346
f 346/346/346 340/340/340 345/345/345
f 347/347/347 344/344/344 346/346/346
f 346/346/346 345/345/345 348/348/348
f 347/347/347 346/346/346 348/348/348
f 349/349/349 347/347/347 348/348/348
f 350/350/350 349/349/349 348/348/348
f 351/351/351 350/350/350 348/348/348
f 348/348/348 352/352/352 351/351/351
f 355/355/355 354/354/354 353/353/353
f 356/356/356 355/355/355 353/353/353
f 359/359/359 358/358/358 357/357/357
f 360/360/360 359/359/359 357/357/357
f 363/363/363 362/362/362 361/361/361
f 364/364/364 363/363/363 361/361/361
f 367/367/367 366/366/366 365/365/365
f 368/368/368 367/367/367 365/365/365
f 371/371/371 370/370/370 369/369/369
f 372/372/372 371/371/371 369/369/369
f 375/375/375 374/374/374 373/373/373
f 376/376/376 375/375/375 373/373/373
f 379/379/379 378/378/378 377/377/377
f 380/380/380 379/379/379 377/377/377
f 381/381/381 379/379/379 380/380/380
f 382/382/382 381/381/381 380/380/380
f 385/385/385 384/384/384 383/383/383
f 386/386/386 385/385/385 383/383/383
f 389/389/389 388/388/388 387/387/387
f 390/390/390 389/389/389 387/387/387
f 391/391/391 389/389/389 390/390/390
f 392/392/392 391/391/391 390/390/390
f 395/395/395 394/394/394 393/393/393
f 396/396/396 395/395/395 393/393/393
f 399/399/399 398/398/398 397/397/397
f 400/400/400 399/399/399 397/397/397
f 401/401/401 399/399/399 400/400/400
f 402/402/402 401/401/401 400/400/400
f 403/403/403 402/402/402 400/400/400
f 404/404/404 401/401/401 402/402/402
f 405/405/405 404/404/404 402/402/402
f 408/408/408 407/407/407 406/406/406
f 409/409/409 408/408/408 406/406/406
f 409/409/409 406/406/406 410/410/410
f 408/408/408 409/409/409 411/411/411
f 412/412/412 409/409/409 410/410/410
f 409/409/409 413/413/413 411/411/411
f 413/413/413 409/409/409 412/412/412
f 414/414/414 413/413/413 412/412/412
f 417/417/417 416/416/416 415/415/415
f 418/418/418 417/417/417 415/415/415
f 418/418/418 415/415/415 419/419/419
f 415/415/415 420/420/420 419/419/419
f 423/423/423 422/422/422 421/421/421
f 424/424/424 423/423/423 421/421/421
f 427/427/427 426/426/426 425/425/425
f 426/426/426 428/428/428 425/425/425
f 425/425/425 428/428/428 429/429/429
f 428/428/428 430/430/430 429/429/429
f 428/428/428 431/431/431 430/430/430
f 428/428/428 432/432/432 431/431/431
f 432/432/432 433/433/433 431/431/431
f 431/431/431 433/433/433 434/434/434
f 434/434/434 435/435/435 431/431/431
f 435/435/435 436/436/436 431/431/431
f 436/436/436 437/437/437 431/431/431
f 431/431/431 438/438/438 430/430/430
f 431/431/431 437/437/437 438/438/438
f 429/429/429 430/430/430 438/438/438
f 437/437/437 439/439/439 438/438/438
f 429/429/429 438/438/438 439/439/439
f 440/440/440 429/429/429 439/439/439
f 441/441/441 440/440/440 439/439/439
f 441/441/441 439/439/439 442/442/442
f 442/442/442 443/443/443 441/441/441
f 446/446/446 445/445/445 444/444/444
f 444/444/444 447/447/447 446/446/446
f 447/447/447 448/448/448 446/446/446
f 446/446/446 448/448/448 449/449/449
f 448/448/448 450/450/450 449/449/449
f 451/451/451 447/447/447 444/444/444
f 452/452/452 451/451/451 444/444/444
f 447/447/447 453/453/453 448/448/448
f 453/453/453 447/447/447 454/454/454
f 447/447/447 455/455/455 454/454/454
f 453/453/453 456/456/456 448/448/448
f 456/456/456 457/457/457 448/448/448
f 457/457/457 456/456/456 458/458/458
f 459/459/459 457/457/457 458/458/458
f 457/457/457 460/460/460 448/448/448
f 460/460/460 461/461/461 448/448/448
f 460/460/460 462/462/462 461/461/461
f 462/462/462 460/460/460 463/463/463
f 464/464/464 462/462/462 463/463/463
f 467/467/467 466/466/466 465/465/465
f 468/468/468 467/467/467 465/465/465
f 471/471/471 470/470/470 469/469/469
f 472/472/472 471/471/471 469/469/469
f 475/475/475 474/474/474 473/473/473
f 476/476/476 475/475/475 473/473/473
f 479/479/479 478/478/478 477/477/477
f 480/480/480 479/479/479 477/477/477
f 483/483/483 482/482/482 481/481/481
f 484/484/484 483/483/483 481/481/481
f 484/484/484 481/481/481 485/485/485
f 481/481/481 486/486/486 485/485/485
f 489/489/489 488/488/488 487/487/487
f 490/490/490 489/489/489 487/487/487
f 493/493/493 492/492/492 491/491/491
f 494/494/494 493/493/493 491/491/491
f 497/497/497 496/496/496 495/495/495
f 498/498/498 497/497/497 495/495/495
f 501/501/501 500/500/500 499/499/499
f 502/502/502 501/501/501 499/499/499
f 502/502/502 499/499/499 503/503/503
f 504/504/504 502/502/502 503/503/503
f 507/507/507 506/506/506 505/505/505
f 508/508/508 507/507/507 505/505/505
f 511/511/511 510/510/510 509/509/509
f 512/512/512 511/511/511 509/509/509
f 515/515/515 514/514/514 513/513/513
f 516/516/516 515/515/515 513/513/513
f 519/519/519 518/518/518 517/517/517
f 520/520/520 519/519/519 517/517/517
f 523/523/523 522/522/522 521/521/521
f 522/522/522 524/524/524 521/521/521
f 521/521/521 524/524/524 525/525/525
f 525/525/525 524/524/524 526/526/526
f 529/529/529 528/528/528 527/527/527
f 530/530/530 529/529/529 527/527/527
f 533/533/533 532/532/532 531/531/531
f 534/534/534 533/533/533 531/531/531
f 537/537/537 536/536/536 535/535/535
f 538/538/538 537/537/537 535/535/535
f 541/541/541 540/540/540 539/539/539
f 542/542/542 541/541/541 539/539/539
f 545/545/545 544/544/544 543/543/543
f 546/546/546 545/545/545 543/543/543
f 549/549/549 548/548/548 547/547/547
f 550/550/550 549/549/549 547/547/547
f 553/553/553 552/552/552 551/551/551
f 554/554/554 553/553/553 551/551/551
f 554/554/554 551/551/551 555/555/555
f 556/556/556 554/554/554 555/555/555
f 559/559/559 558/558/558 557/557/557
f 560/560/560 559/559/559 557/557/557
f 563/563/563 562/562/562 561/561/561
f 562/562/562 564/564/564 561/561/561
f 562/562/562 565/565/565 564/564/564
f 565/565/565 566/566/566 564/564/564
f 569/569/569 568/568/568 567/567/567
f 570/570/570 569/569/569 567/567/567
f 573/573/573 572/572/572 571/571/571
f 574/574/574 573/573/573 571/571/571
f 577/577/577 576/576/576 575/575/575
f 577/577/577 575/575/575 578/578/578
f 575/575/575 579/579/579 578/578/578
f 582/582/582 581/581/581 580/580/580
f 582/582/582 580/580/580 583/583/583
f 584/584/584 582/582/582 583/583/583
f 584/584/584 583/583/583 585/585/585
f 583/583/583 586/586/586 585/585/585
f 585/585/585 586/586/586 587/587/587
f 586/586/586 588/588/588 587/587/587
f 591/591/591 590/590/590 589/589/589
f 590/590/590 592/592/592 589/589/589
f 589/589/589 592/592/592 593/593/593
f 592/592/592 594/594/594 593/593/593
f 597/597/597 596/596/596 595/595/595
f 598/598/598 597/597/597 595/595/595
f 598/598/598 599/599/599 597/597/597
f 602/602/602 601/601/601 600/600/600
f 602/602/602 600/600/600 603/603/603
f 604/604/604 602/602/602 603/603/603
f 607/607/607 606/606/606 605/605/605
f 607/607/607 605/605/605 608/608/608
f 609/609/609 607/607/607 608/608/608
f 612/612/612 611/611/611 610/610/610
f 611/611/611 613/613/613 610/610/610
f 610/610/610 613/613/613 614/614/614
f 613/613/613 615/615/615 614/614/614
f 618/618/618 617/617/617 616/616/616
f 619/619/619 618/618/618 616/616/616
f 622/622/622 621/621/621 620/620/620
f 621/621/621 623/623/623 620/620/620
f 620/620/620 623/623/623 624/624/624
f 621/621/621 625/625/625 623/623/623
f 623/623/623 626/626/626 624/624/624
f 624/624/624 626/626/626 627/627/627
f 626/626/626 628/628/628 627/627/627
f 625/625/625 629/629/629 623/623/623
f 623/623/623 629/629/629 626/626/626
f 625/625/625 630/630/630 629/629/629
f 626/626/626 631/631/631 628/628/628
f 629/629/629 631/631/631 626/626/626
f 631/631/631 632/632/632 628/628/628
f 630/630/630 633/633/633 629/629/629
f 629/629/629 633/633/633 631/631/631
f 630/630/630 634/634/634 633/633/633
f 631/631/631 635/635/635 632/632/632
f 633/633/633 635/635/635 631/631/631
f 633/633/633 634/634/634 635/635/635
f 635/635/635 636/636/636 632/632/632
f 635/635/635 634/634/634 636/636/636
f 639/639/639 638/638/638 637/637/637
f 640/640/640 639/639/639 637/637/637
f 641/641/641 639/639/639 640/640/640
f 640/640/640 637/637/637 642/642/642
f 643/643/643 641/641/641 640/640/640
f 643/643/643 640/640/640 642/642/642
f 644/644/644 641/641/641 643/643/643
f 645/645/645 644/644/644 643/643/643
f 645/645/645 643/643/643 642/642/642
f 646/646/646 644/644/644 645/645/645
f 647/647/647 646/646/646 645/645/645
f 647/647/647 645/645/645 642/642/642
f 648/648/648 647/647/647 642/642/642
f 651/651/651 650/650/650 649/649/649
f 652/652/652 650/650/650 651/651/651
f 652/652/652 651/651/651 653/653/653
f 654/654/654 652/652/652 653/653/653
f 654/654/654 653/653/653 655/655/655
f 656/656/656 650/650/650 652/652/652
f 656/656/656 652/652/652 654/654/654
f 657/657/657 654/654/654 655/655/655
f 657/657/657 655/655/655 658/658/658
f 659/659/659 657/657/657 658/658/658
f 660/660/660 656/656/656 654/654/654
f 660/660/660 654/654/654 657/657/657
f 661/661/661 657/657/657 659/659/659
f 661/661/661 660/660/660 657/657/657
f 662/662/662 661/661/661 659/659/659
f 663/663/663 660/660/660 661/661/661
f 664/664/664 663/663/663 661/661/661
f 663/663/663 665/665/665 660/660/660
f 665/665/665 656/656/656 660/660/660
f 665/665/665 650/650/650 656/656/656
f 666/666/666 650/650/650 665/665/665
f 667/667/667 650/650/650 666/666/666
f 670/670/670 669/669/669 668/668/668
f 669/669/669 671/671/671 668/668/668
f 668/668/668 671/671/671 672/672/672
f 669/669/669 673/673/673 671/671/671
f 671/671/671 674/674/674 672/672/672
f 672/672/672 674/674/674 675/675/675
f 673/673/673 676/676/676 671/671/671
f 671/671/671 676/676/676 674/674/674
f 673/673/673 677/677/677 676/676/676
f 677/677/677 678/678/678 676/676/676
f 674/674/674 679/679/679 675/675/675
f 675/675/675 679/679/679 680/680/680
f 679/679/679 681/681/681 680/680/680
f 676/676/676 682/682/682 674/674/674
f 676/676/676 678/678/678 682/682/682
f 674/674/674 682/682/682 679/679/679
f 679/679/679 683/683/683 681/681/681
f 682/682/682 683/683/683 679/679/679
f 683/683/683 684/684/684 681/681/681
f 678/678/678 685/685/685 682/682/682
f 682/682/682 685/685/685 683/683/683
f 678/678/678 686/686/686 685/685/685
f 683/683/683 687/687/687 684/684/684
f 685/685/685 687/687/687 683/683/683
f 685/685/685 686/686/686 687/687/687
f 687/687/687 688/688/688 684/684/684
f 687/687/687 686/686/686 688/688/688
f 691/691/691 690/690/690 689/689/689
f 692/692/692 691/691/691 689/689/689
f 692/692/692 689/689/689 693/693/693
f 694/694/694 692/692/692 693/693/693
f 695/695/695 691/691/691 692/692/692
f 696/696/696 692/692/692 694/694/694
f 696/696/696 695/695/695 692/692/692
f 695/695/695 697/697/697 691/691/691
f 697/697/697 698/698/698 691/691/691
f 697/697/697 699/699/699 698/698/698
f 699/699/699 700/700/700 698/698/698
f 701/701/701 699/699/699 697/697/697
f 702/702/702 701/701/701 697/697/697
f 702/702/702 697/697/697 695/695/695
f 703/703/703 702/702/702 695/695/695
f 703/703/703 695/695/695 696/696/696
f 704/704/704 703/703/703 696/696/696
f 705/705/705 696/696/696 694/694/694
f 704/704/704 696/696/696 705/705/705
f 705/705/705 694/694/694 706/706/706
f 707/707/707 705/705/705 706/706/706
f 707/707/707 704/704/704 705/705/705
f 708/708/708 704/704/704 707/707/707
f 709/709/709 708/708/708 707/707/707
f 712/712/712 711/711/711 710/710/710
f 713/713/713 712/712/712 710/710/710
f 713/713/713 714/714/714 712/712/712
f 714/714/714 715/715/715 712/712/712
f 716/716/716 714/714/714 713/713/713
f 717/717/717 716/716/716 713/713/713
f 717/717/717 713/713/713 710/710/710
f 718/718/718 716/716/716 717/717/717
f 719/719/719 717/717/717 710/710/710
f 719/719/719 718/718/718 717/717/717
f 720/720/720 719/719/719 710/710/710
f 721/721/721 718/718/718 719/719/719
f 720/720/720 721/721/721 719/719/719
f 724/724/724 723/723/723 722/722/722
f 725/725/725 724/724/724 722/722/722
f 725/725/725 722/722/722 726/726/726
f 727/727/727 725/725/725 726/726/726
f 728/728/728 725/725/725 727/727/727
f 729/729/729 728/728/728 727/727/727
f 729/729/729 727/727/727 730/730/730
f 727/727/727 726/726/726 730/730/730
f 726/726/726 722/722/722 731/731/731
f 726/726/726 731/731/731 730/730/730
f 722/722/722 732/732/732 731/731/731
f 731/731/731 733/733/733 730/730/730
f 736/736/736 735/735/735 734/734/734
f 735/735/735 737/737/737 734/734/734
f 735/735/735 738/738/738 737/737/737
f 738/738/738 739/739/739 737/737/737
f 737/737/737 739/739/739 740/740/740
f 739/739/739 741/741/741 740/740/740
f 739/739/739 742/742/742 741/741/741
f 742/742/742 743/743/743 741/741/741
f 744/744/744 742/742/742 739/739/739
f 738/738/738 744/744/744 739/739/739
f 742/742/742 745/745/745 743/743/743
f 744/744/744 745/745/745 742/742/742
f 743/743/743 745/745/745 746/746/746
f 747/747/747 745/745/745 744/744/744
f 747/747/747 744/744/744 738/738/738
f 748/748/748 745/745/745 747/747/747
f 749/749/749 738/738/738 735/735/735
f 749/749/749 747/747/747 738/738/738
f 748/748/748 747/747/747 749/749/749
f 750/750/750 749/749/749 735/735/735
f 751/751/751 748/748/748 749/749/749
f 754/754/754 753/753/753 752/752/752
f 755/755/755 754/754/754 752/752/752
f 755/755/755 752/752/752 756/756/756
f 757/757/757 755/755/755 756/756/756
f 757/757/757 756/756/756 758/758/758
f 759/759/759 757/757/757 758/758/758
f 760/760/760 759/759/759 758/758/758
f 760/760/760 761/761/761 759/759/759
f 759/759/759 762/762/762 757/757/757
f 761/761/761 762/762/762 759/759/759
f 762/762/762 755/755/755 757/757/757
f 761/761/761 763/763/763 762/762/762
f 762/762/762 764/764/764 755/755/755
f 763/763/763 764/764/764 762/762/762
f 764/764/764 754/754/754 755/755/755
f 763/763/763 765/765/765 764/764/764
f 765/765/765 766/766/766 764/764/764
f 764/764/764 766/766/766 754/754/754
f 766/766/766 767/767/767 754/754/754
f 770/770/770 769/769/769 768/768/768
f 771/771/771 770/770/770 768/768/768
f 771/771/771 768/768/768 772/772/772
f 773/773/773 770/770/770 771/771/771
f 774/774/774 771/771/771 772/772/772
f 774/774/774 773/773/773 771/771/771
f 775/775/775 774/774/774 772/772/772
f 776/776/776 773/773/773 774/774/774
f 775/775/775 776/776/776 774/774/774
f 777/777/777 775/775/775 772/772/772
f 778/778/778 777/777/777 772/772/772
f 777/777/777 779/779/779 775/775/775
f 779/779/779 776/776/776 775/775/775
f 779/779/779 780/780/780 776/776/776
f 780/780/780 781/781/781 776/776/776
f 776/776/776 781/781/781 773/773/773
f 781/781/781 782/782/782 773/773/773
f 785/785/785 784/784/784 783/783/783
f 784/784/784 786/786/786 783/783/783
f 783/783/783 786/786/786 787/787/787
f 786/786/786 788/788/788 787/787/787
f 786/786/786 789/789/789 788/788/788
f 789/789/789 790/790/790 788/788/788
f 784/784/784 791/791/791 786/786/786
f 791/791/791 789/789/789 786/786/786
f 792/792/792 791/791/791 784/784/784
f 793/793/793 792/792/792 784/784/784
f 792/792/792 794/794/794 791/791/791
f 791/791/791 795/795/795 789/789/789
f 794/794/794 795/795/795 791/791/791
f 789/789/789 796/796/796 790/790/790
f 795/795/795 796/796/796 789/789/789
f 794/794/794 797/797/797 795/795/795
f 795/795/795 797/797/797 796/796/796
f 798/798/798 797/797/797 794/794/794
f 796/796/796 799/799/799 790/790/790
f 796/796/796 797/797/797 799/799/799
f 790/790/790 799/799/799 800/800/800
f 799/799/799 797/797/797 801/801/801
f 799/799/799 801/801/801 800/800/800
f 804/804/804 803/803/803 802/802/802
f 805/805/805 804/804/804 802/802/802
f 805/805/805 802/802/802 806/806/806
f 807/807/807 805/805/805 806/806/806
f 808/808/808 804/804/804 805/805/805
f 808/808/808 809/809/809 804/804/804
f 810/810/810 809/809/809 808/808/808
f 811/811/811 808/808/808 805/805/805
f 811/811/811 805/805/805 807/807/807
f 810/810/810 808/808/808 811/811/811
f 812/812/812 811/811/811 807/807/807
f 812/812/812 807/807/807 813/813/813
f 814/814/814 810/810/810 811/811/811
f 814/814/814 811/811/811 812/812/812
f 815/815/815 810/810/810 814/814/814
f 816/816/816 815/815/815 814/814/814
f 816/816/816 814/814/814 817/817/817
f 817/817/817 814/814/814 812/812/812
f 818/818/818 816/816/816 817/817/817
f 819/819/819 812/812/812 813/813/813
f 817/817/817 812/812/812 819/819/819
f 819/819/819 813/813/813 820/820/820
f 821/821/821 819/819/819 820/820/820
f 818/818/818 817/817/817 822/822/822
f 822/822/822 817/817/817 819/819/819
f 822/822/822 819/819/819 821/821/821
f 823/823/823 818/818/818 822/822/822
f 824/824/824 822/822/822 821/821/821
