g 0.6250
v 0.434089 0.4204597 0.185754
v 0.3942725 0.70862734 0.10635893
v 0.3841316 0.63950175 0.24854046
v 0.5171368 0.15582368 0.06758003
v 0.5950064 0.15357311 0.0938967
v 0.61340845 0.069851905 0.049268425
v 0.703087 0.21740884 0.096825466
v 0.78242743 0.30995864 0.063687205
v 0.7365439 0.10908508 0.055829108
v 0.434089 0.4204597 0.185754
v 0.4675126 0.49072874 0.04064745
v 0.3942725 0.70862734 0.10635893
v 0.3522731 0.17361106 2.231182
v 0.2599502 0.09009234 1.9739534
v 0.49964878 0.06543431 2.2017512
v 0.6127939 -0.26054126 2.9539912
v 0.7529535 -0.1994217 2.9585688
v 0.69461143 -0.025886774 3.1369755
v 0.71408063 -0.122567356 3.4127033
v 0.420569 -0.26562637 3.5051825
v 0.52576125 -0.02330938 3.4252467
v 0.87467396 -0.4392671 2.5984092
v 0.8659551 -0.4617836 2.551189
v 0.82240915 -0.52716243 2.6387026
v 0.69461143 -0.025886774 3.1369755
v 0.8244221 -0.18138033 3.28947
v 0.71408063 -0.122567356 3.4127033
v 0.69461143 -0.025886774 3.1369755
v 0.84317327 -0.20692527 3.1418324
v 0.8244221 -0.18138033 3.28947
v 0.55329895 -0.3225488 3.3683212
v 0.6005763 -0.42020446 3.2714777
v 0.5155204 -0.3452974 3.0518687
v 0.5155204 -0.3452974 3.0518687
v 0.6055063 -0.377438 2.9399314
v 0.6127939 -0.26054126 2.9539912
v 0.5155204 -0.3452974 3.0518687
v 0.6005763 -0.42020446 3.2714777
v 0.6331655 -0.457587 3.1261685
v 0.8659551 -0.4617836 2.551189
v 0.8359139 -0.4916563 2.5385349
v 0.82240915 -0.52716243 2.6387026
v 0.15607256 -0.70539224 3.4718728
v 0.22350436 -0.6928829 3.5099695
v 0.17237628 -0.6587862 3.4179435
v 0.3841316 0.63950175 0.24854046
v 0.47329453 0.542716 0.3482059
v 0.434089 0.4204597 0.185754
v 0.434089 0.4204597 0.185754
v 0.47329453 0.542716 0.3482059
v 0.4672422 0.3988453 0.28933835
v 0.28242546 -0.7664461 3.6262379
v 0.22350436 -0.6928829 3.5099695
v 0.13128275 -0.7756319 3.5831275
v 0.28242546 -0.7664461 3.6262379
v 0.29476637 -0.64223754 3.4784942
v 0.22350436 -0.6928829 3.5099695
v 0.13128275 -0.7756319 3.5831275
v 0.22350436 -0.6928829 3.5099695
v 0.14716518 -0.7305821 3.4904025
v 0.42908275 -0.48544216 3.8880007
v 0.42678145 -0.56820333 3.8086789
v 0.40482855 -0.59156907 3.9007938
v 0.15607256 -0.70539224 3.4718728
v 0.14716518 -0.7305821 3.4904025
v 0.22350436 -0.6928829 3.5099695
v 0.17237628 -0.6587862 3.4179435
v 0.22350436 -0.6928829 3.5099695
v 0.29476637 -0.64223754 3.4784942
v -0.14585973 -0.88227665 0.3250195
v -0.08808137 -0.67617214 0.22728693
v -0.10515621 -0.71532845 0.07856752
v -0.2781567 -1.1749768 0.36909908
v -0.38353208 -1.2426677 0.4052753
v -0.35284472 -1.1516757 0.3943984
v -0.45350757 -1.0830426 0.36404335
v -0.5010835 -1.1901699 0.3922278
v -0.5265973 -1.0147612 0.28688097
v -0.14585973 -0.88227665 0.3250195
v -0.10515621 -0.71532845 0.07856752
v -0.19940336 -0.9219135 0.15725495
v 0.059658173 0.18927237 2.2211928
v -0.09733893 0.09830938 2.1946306
v 0.11585231 0.091897815 1.9472522
v -0.12500143 -0.17479655 2.996779
v 0.017855883 -0.0031015873 3.2179081
v -0.13802296 -0.026415616 3.0534198
v -0.031365156 -0.121931374 3.480624
v 0.13361648 -0.048396796 3.46197
v 0.14630109 -0.26313096 3.5177784
v -0.40540433 0.100836664 2.76011
v -0.47599113 0.021024927 2.7366233
v -0.4195292 0.12214492 2.7162244
v 0.017855883 -0.0031015873 3.2179081
v -0.031365156 -0.121931374 3.480624
v -0.14290553 -0.05859226 3.388321
v 0.017855883 -0.0031015873 3.2179081
v -0.14290553 -0.05859226 3.388321
v -0.1813916 -0.012977898 3.2520628
v -0.09972894 -0.37546837 3.3696923
v -0.12963039 -0.33200535 3.052727
v -0.23159593 -0.35734022 3.2779236
v -0.12963039 -0.33200535 3.052727
v -0.12500143 -0.17479655 2.996779
v -0.220774 -0.22896618 2.9697776
v -0.12963039 -0.33200535 3.052727
v -0.29121816 -0.299972 3.1467507
v -0.23159593 -0.35734022 3.2779236
v -0.4195292 0.12214492 2.7162244
v -0.47599113 0.021024927 2.7366233
v -0.43835497 0.10414897 2.6804936
v 0.15607256 -0.70539224 3.4718728
v 0.17237628 -0.6587862 3.4179435
v 0.10743904 -0.656464 3.51104
v -0.08808137 -0.67617214 0.22728693
v -0.14585973 -0.88227665 0.3250195
v -0.17153716 -0.6761322 0.36794403
v -0.14585973 -0.88227665 0.3250195
v -0.16974783 -0.82299066 0.41922906
v -0.17153716 -0.6761322 0.36794403
v 0.014308512 -0.6804495 3.628342
v 0.13128275 -0.7756319 3.5831275
v 0.10743904 -0.656464 3.51104
v 0.014308512 -0.6804495 3.628342
v 0.10743904 -0.656464 3.51104
v 0.08131701 -0.57708204 3.480822
v 0.13128275 -0.7756319 3.5831275
v 0.14716518 -0.7305821 3.4904025
v 0.10743904 -0.656464 3.51104
v 0.062187374 -0.36776316 3.8908799
v 0.020371318 -0.46825743 3.903811
v 0.014795184 -0.43606186 3.811912
v 0.15607256 -0.70539224 3.4718728
v 0.10743904 -0.656464 3.51104
v 0.14716518 -0.7305821 3.4904025
v 0.17237628 -0.6587862 3.4179435
v 0.08131701 -0.57708204 3.480822
v 0.10743904 -0.656464 3.51104
v 0.65109104 0.52310425 0.1568768
v 0.60490924 0.46108255 0.30363265
v 0.5292656 0.5540799 0.35872364
v 0.48784745 0.70479476 0.27373597
v 0.434089 0.4204597 0.185754
v 0.47704148 0.24579737 0.11005573
v 0.47438794 0.28520212 0.011218801
v 0.4675126 0.49072874 0.04064745
v 0.434089 0.4204597 0.185754
v 0.4672422 0.3988453 0.28933835
v 0.51763606 0.35692286 0.3067357
v 0.52404046 0.3333071 0.23632024
v 0.434089 0.4204597 0.185754
v 0.52404046 0.3333071 0.23632024
v 0.5571651 0.25798717 0.16522855
v 0.47704148 0.24579737 0.11005573
v 0.65109104 0.52310425 0.1568768
v 0.48784745 0.70479476 0.27373597
v 0.5029947 0.75404334 0.10950368
v 0.6302056 0.5546748 0.04188066
v 0.48784745 0.70479476 0.27373597
v 0.5292656 0.5540799 0.35872364
v 0.47329453 0.542716 0.3482059
v 0.3841316 0.63950175 0.24854046
v 0.48784745 0.70479476 0.27373597
v 0.3841316 0.63950175 0.24854046
v 0.3942725 0.70862734 0.10635893
v 0.5029947 0.75404334 0.10950368
v 0.52404046 0.3333071 0.23632024
v 0.51763606 0.35692286 0.3067357
v 0.5968237 0.37894437 0.31263202
v 0.65193975 0.37938693 0.24400875
v 0.52404046 0.3333071 0.23632024
v 0.65193975 0.37938693 0.24400875
v 0.6622098 0.29984194 0.17005664
v 0.5571651 0.25798717 0.16522855
v 0.65193975 0.37938693 0.24400875
v 0.65109104 0.52310425 0.1568768
v 0.741073 0.39809036 0.09843358
v 0.6622098 0.29984194 0.17005664
v 0.6622098 0.29984194 0.17005664
v 0.703087 0.21740884 0.096825466
v 0.5950064 0.15357311 0.0938967
v 0.5571651 0.25798717 0.16522855
v 0.703087 0.21740884 0.096825466
v 0.6622098 0.29984194 0.17005664
v 0.741073 0.39809036 0.09843358
v 0.78242743 0.30995864 0.063687205
v 0.78242743 0.30995864 0.063687205
v 0.741073 0.39809036 0.09843358
v 0.7343856 0.40972397 0.013035458
v 0.7751443 0.3166606 -0.0017297491
v 0.741073 0.39809036 0.09843358
v 0.65109104 0.52310425 0.1568768
v 0.6302056 0.5546748 0.04188066
v 0.7343856 0.40972397 0.013035458
v 0.47438794 0.28520212 0.011218801
v 0.47704148 0.24579737 0.11005573
v 0.5171368 0.15582368 0.06758003
v 0.5134132 0.18053347 -0.0063277483
v 0.5171368 0.15582368 0.06758003
v 0.47704148 0.24579737 0.11005573
v 0.5571651 0.25798717 0.16522855
v 0.5950064 0.15357311 0.0938967
v 0.5171368 0.15582368 0.06758003
v 0.61340845 0.069851905 0.049268425
v 0.610018 0.059954643 -0.02728282
v 0.5134132 0.18053347 -0.0063277483
v 0.7365439 0.10908508 0.055829108
v 0.78242743 0.30995864 0.063687205
v 0.7751443 0.3166606 -0.0017297491
v 0.73110825 0.10235983 -0.028908283
v 0.61340845 0.069851905 0.049268425
v 0.7365439 0.10908508 0.055829108
v 0.73110825 0.10235983 -0.028908283
v 0.610018 0.059954643 -0.02728282
v 0.5950064 0.15357311 0.0938967
v 0.703087 0.21740884 0.096825466
v 0.7365439 0.10908508 0.055829108
v 0.61340845 0.069851905 0.049268425
v 0.4256897 -0.9469123 2.2149825
v 0.40875006 -1.051516 2.1464667
v 0.30624092 -1.0801686 2.2457013
v 0.37082303 -0.9622482 2.2680967
v 0.46710947 -0.38216645 2.1535814
v 0.57785404 -0.34965187 1.879415
v 0.34859768 -0.34429044 1.81027
v 0.3069728 -0.37463364 1.9413764
v 0.24080077 -0.48709625 3.2736514
v 0.26160106 -0.4066761 3.3934095
v 0.34144664 -0.37277558 3.4112766
v 0.55329895 -0.3225488 3.3683212
v 0.67397296 -0.27068216 3.4152532
v 0.4204479 -0.30534244 3.4910486
v 0.420569 -0.26562637 3.5051825
v 0.71408063 -0.122567356 3.4127033
v 0.55430865 -0.2306971 2.4614365
v 0.45147935 -0.3891363 2.4430466
v 0.43562835 -0.40822515 2.7380445
v 0.560313 -0.29676494 2.6656582
v 0.67397296 -0.27068216 3.4152532
v 0.7602236 -0.35426426 3.328832
v 0.6005763 -0.42020446 3.2714777
v 0.55329895 -0.3225488 3.3683212
v 0.45147935 -0.3891363 2.4430466
v 0.21497963 -0.46992087 2.441306
v 0.20519443 -0.51830816 2.7846675
v 0.43562835 -0.40822515 2.7380445
v 0.69461143 -0.025886774 3.1369755
v 0.5253035 0.055017084 3.1285827
v 0.40508813 -0.0029071271 2.7946982
v 0.5274759 -0.12435189 2.7445223
v 0.48577294 -0.05894701 2.475146
v 0.35755822 0.04958397 2.477542
v 0.3522731 0.17361106 2.231182
v 0.49964878 0.06543431 2.2017512
v 0.560313 -0.29676494 2.6656582
v 0.43562835 -0.40822515 2.7380445
v 0.5155204 -0.3452974 3.0518687
v 0.6127939 -0.26054126 2.9539912
v 0.5274759 -0.12435189 2.7445223
v 0.560313 -0.29676494 2.6656582
v 0.6127939 -0.26054126 2.9539912
v 0.69461143 -0.025886774 3.1369755
v 0.43562835 -0.40822515 2.7380445
v 0.20519443 -0.51830816 2.7846675
v 0.20883384 -0.56035197 3.0342925
v 0.5155204 -0.3452974 3.0518687
v 0.2599502 0.09009234 1.9739534
v 0.1867249 0.030368447 1.9498653
v 0.18579972 -0.11610781 1.8823829
v 0.22125947 -0.119983375 1.906523
v 0.22125947 -0.119983375 1.906523
v 0.18579972 -0.11610781 1.8823829
v 0.19925854 -0.36049765 1.912015
v 0.3069728 -0.37463364 1.9413764
v 0.3069728 -0.37463364 1.9413764
v 0.34859768 -0.34429044 1.81027
v 0.23156513 -0.104554445 1.7908077
v 0.22125947 -0.119983375 1.906523
v 0.46710947 -0.38216645 2.1535814
v 0.3069728 -0.37463364 1.9413764
v 0.19925854 -0.36049765 1.912015
v 0.20072915 -0.4239142 2.094077
v 0.34144664 -0.37277558 3.4112766
v 0.29591018 -0.45630634 3.4951613
v 0.38462776 -0.42520773 3.5626514
v 0.4204479 -0.30534244 3.4910486
v 0.26160106 -0.4066761 3.3934095
v 0.23965943 -0.46496177 3.4713583
v 0.29591018 -0.45630634 3.4951613
v 0.34144664 -0.37277558 3.4112766
v 0.55329895 -0.3225488 3.3683212
v 0.34144664 -0.37277558 3.4112766
v 0.4204479 -0.30534244 3.4910486
v 0.67397296 -0.27068216 3.4152532
v 0.23965943 -0.46496177 3.4713583
v 0.1892243 -0.60674644 3.3543053
v 0.28233984 -0.57645965 3.4094768
v 0.29591018 -0.45630634 3.4951613
v 0.37883818 -0.526595 3.4834156
v 0.420569 -0.26562637 3.5051825
v 0.35836083 -0.37125516 3.6167989
v 0.27484593 -0.3273834 3.660964
v 0.28213012 -0.23222524 3.5244973
v 0.4204479 -0.30534244 3.4910486
v 0.38462776 -0.42520773 3.5626514
v 0.35836083 -0.37125516 3.6167989
v 0.420569 -0.26562637 3.5051825
v 0.29591018 -0.45630634 3.4951613
v 0.37883818 -0.526595 3.4834156
v 0.42316812 -0.48216712 3.5619202
v 0.38462776 -0.42520773 3.5626514
v 0.1892243 -0.60674644 3.3543053
v 0.17237628 -0.6587862 3.4179435
v 0.29476637 -0.64223754 3.4784942
v 0.28233984 -0.57645965 3.4094768
v 0.13128275 -0.7756319 3.5831275
v 0.11303687 -0.83607936 3.7286692
v 0.26949024 -0.8191047 3.752238
v 0.28242546 -0.7664461 3.6262379
v 0.11303687 -0.83607936 3.7286692
v 0.14367384 -0.74629855 3.9631956
v 0.28703094 -0.7438512 3.934268
v 0.26949024 -0.8191047 3.752238
v 0.28703094 -0.7438512 3.934268
v 0.32984644 -0.61196184 3.9996436
v 0.40482855 -0.59156907 3.9007938
v 0.38357103 -0.6722977 3.8753932
v 0.26949024 -0.8191047 3.752238
v 0.28703094 -0.7438512 3.934268
v 0.38357103 -0.6722977 3.8753932
v 0.36962986 -0.72429276 3.7409694
v 0.26663035 -0.3631792 3.9726086
v 0.29162687 -0.2769215 3.7931013
v 0.39647475 -0.34663892 3.788004
v 0.37669516 -0.41878963 3.936595
v 0.83339214 -0.4163977 3.1433475
v 0.6331655 -0.457587 3.1261685
v 0.6005763 -0.42020446 3.2714777
v 0.7602236 -0.35426426 3.328832
v 0.84317327 -0.20692527 3.1418324
v 0.83339214 -0.4163977 3.1433475
v 0.7602236 -0.35426426 3.328832
v 0.8244221 -0.18138033 3.28947
v 0.71408063 -0.122567356 3.4127033
v 0.8244221 -0.18138033 3.28947
v 0.7602236 -0.35426426 3.328832
v 0.67397296 -0.27068216 3.4152532
v 0.84317327 -0.20692527 3.1418324
v 0.86206955 -0.28918344 2.9722455
v 0.8282579 -0.41115516 2.9937015
v 0.83339214 -0.4163977 3.1433475
v 0.80316734 -0.38979286 2.5474439
v 0.7119827 -0.38034868 2.6038947
v 0.78607035 -0.41929716 2.527041
v 0.81158507 -0.35683566 2.5780363
v 0.69461143 -0.025886774 3.1369755
v 0.7529535 -0.1994217 2.9585688
v 0.86206955 -0.28918344 2.9722455
v 0.84317327 -0.20692527 3.1418324
v 0.6331655 -0.457587 3.1261685
v 0.6968411 -0.4605136 2.9557598
v 0.6055063 -0.377438 2.9399314
v 0.5155204 -0.3452974 3.0518687
v 0.83339214 -0.4163977 3.1433475
v 0.8282579 -0.41115516 2.9937015
v 0.6968411 -0.4605136 2.9557598
v 0.6331655 -0.457587 3.1261685
v 0.8282579 -0.41115516 2.9937015
v 0.82240915 -0.52716243 2.6387026
v 0.73657215 -0.53746307 2.6649916
v 0.6968411 -0.4605136 2.9557598
v 0.6968411 -0.4605136 2.9557598
v 0.73657215 -0.53746307 2.6649916
v 0.67702365 -0.45754957 2.6605275
v 0.6055063 -0.377438 2.9399314
v 0.78607035 -0.41929716 2.527041
v 0.6962544 -0.44182575 2.403438
v 0.77447295 -0.59787637 2.4257421
v 0.8359139 -0.4916563 2.5385349
v 0.77447295 -0.59787637 2.4257421
v 0.43860233 -0.89585066 2.1506133
v 0.4256897 -0.9469123 2.2149825
v 0.7524259 -0.6559777 2.506114
v 0.6044742 -0.43694133 2.5129633
v 0.35940266 -0.86292124 2.1843348
v 0.4234606 -0.86367595 2.1367743
v 0.6962544 -0.44182575 2.403438
v 0.73657215 -0.53746307 2.6649916
v 0.7066332 -0.66788584 2.5895004
v 0.5836561 -0.5257689 2.6069741
v 0.67702365 -0.45754957 2.6605275
v 0.67702365 -0.45754957 2.6605275
v 0.5836561 -0.5257689 2.6069741
v 0.6044742 -0.43694133 2.5129633
v 0.7119827 -0.38034868 2.6038947
v 0.7066332 -0.66788584 2.5895004
v 0.37082303 -0.9622482 2.2680967
v 0.32835317 -0.92754316 2.2541943
v 0.5836561 -0.5257689 2.6069741
v 0.5836561 -0.5257689 2.6069741
v 0.32835317 -0.92754316 2.2541943
v 0.35940266 -0.86292124 2.1843348
v 0.6044742 -0.43694133 2.5129633
v 0.6962544 -0.44182575 2.403438
v 0.4234606 -0.86367595 2.1367743
v 0.43860233 -0.89585066 2.1506133
v 0.77447295 -0.59787637 2.4257421
v 0.57785404 -0.34965187 1.879415
v 0.6392464 -0.25498325 1.4175423
v 0.45276442 -0.24675056 1.3864942
v 0.34859768 -0.34429044 1.81027
v 0.34859768 -0.34429044 1.81027
v 0.45276442 -0.24675056 1.3864942
v 0.3120728 -0.101227745 1.3729599
v 0.23156513 -0.104554445 1.7908077
v 0.5563792 -0.16129142 2.2525194
v 0.6413942 -0.06103825 1.9023942
v 0.57785404 -0.34965187 1.879415
v 0.46710947 -0.38216645 2.1535814
v 0.2599502 0.09009234 1.9739534
v 0.25879908 0.117782995 1.8114233
v 0.48743188 0.109781876 1.9277279
v 0.49964878 0.06543431 2.2017512
v 0.49964878 0.06543431 2.2017512
v 0.48743188 0.109781876 1.9277279
v 0.6413942 -0.06103825 1.9023942
v 0.5563792 -0.16129142 2.2525194
v 0.22125947 -0.119983375 1.906523
v 0.23156513 -0.104554445 1.7908077
v 0.25879908 0.117782995 1.8114233
v 0.2599502 0.09009234 1.9739534
v 0.6392464 -0.25498325 1.4175423
v 0.6194369 -0.19198266 1.2605636
v 0.4696943 -0.18458027 1.2429096
v 0.45276442 -0.24675056 1.3864942
v 0.45276442 -0.24675056 1.3864942
v 0.4696943 -0.18458027 1.2429096
v 0.38063747 -0.08602288 1.2314205
v 0.3120728 -0.101227745 1.3729599
v 0.48743188 0.109781876 1.9277279
v 0.52561724 0.14335021 1.4388094
v 0.69648075 -0.05047548 1.4226139
v 0.6413942 -0.06103825 1.9023942
v 0.23156513 -0.104554445 1.7908077
v 0.3120728 -0.101227745 1.3729599
v 0.36263806 0.08433378 1.3785976
v 0.25879908 0.117782995 1.8114233
v 0.6413942 -0.06103825 1.9023942
v 0.69648075 -0.05047548 1.4226139
v 0.6392464 -0.25498325 1.4175423
v 0.57785404 -0.34965187 1.879415
v 0.25879908 0.117782995 1.8114233
v 0.36263806 0.08433378 1.3785976
v 0.52561724 0.14335021 1.4388094
v 0.48743188 0.109781876 1.9277279
v 0.48351383 -0.14070936 1.096335
v 0.49259347 -0.051279247 0.94592357
v 0.40538532 0.01731947 0.9765933
v 0.3971793 -0.05245188 1.0900848
v 0.4696943 -0.18458027 1.2429096
v 0.38063747 -0.08602288 1.2314205
v 0.41331446 0.072416686 1.1058003
v 0.4172706 0.11617485 1.0265884
v 0.5327308 0.14586908 1.0698694
v 0.5376772 0.11521925 1.1473137
v 0.39805168 0.05967398 1.237023
v 0.53172266 0.107459664 1.280429
v 0.52561724 0.14335021 1.4388094
v 0.53172266 0.107459664 1.280429
v 0.6695056 -0.05008769 1.2616551
v 0.69648075 -0.05047548 1.4226139
v 0.3120728 -0.101227745 1.3729599
v 0.38063747 -0.08602288 1.2314205
v 0.39805168 0.05967398 1.237023
v 0.36263806 0.08433378 1.3785976
v 0.69648075 -0.05047548 1.4226139
v 0.6695056 -0.05008769 1.2616551
v 0.6194369 -0.19198266 1.2605636
v 0.6392464 -0.25498325 1.4175423
v 0.36263806 0.08433378 1.3785976
v 0.39805168 0.05967398 1.237023
v 0.53172266 0.107459664 1.280429
v 0.52561724 0.14335021 1.4388094
v 0.62017065 -0.14891897 1.1097095
v 0.61633325 -0.05900079 0.9528536
v 0.49259347 -0.051279247 0.94592357
v 0.48351383 -0.14070936 1.096335
v 0.6194369 -0.19198266 1.2605636
v 0.4696943 -0.18458027 1.2429096
v 0.5376772 0.11521925 1.1473137
v 0.5327308 0.14586908 1.0698694
v 0.65297616 0.053021133 1.0052228
v 0.6656612 -0.018268503 1.1190995
v 0.53172266 0.107459664 1.280429
v 0.6695056 -0.05008769 1.2616551
v 0.3971793 -0.05245188 1.0900848
v 0.40538532 0.01731947 0.9765933
v 0.4172706 0.11617485 1.0265884
v 0.41331446 0.072416686 1.1058003
v 0.38063747 -0.08602288 1.2314205
v 0.39805168 0.05967398 1.237023
v 0.6656612 -0.018268503 1.1190995
v 0.65297616 0.053021133 1.0052228
v 0.61633325 -0.05900079 0.9528536
v 0.62017065 -0.14891897 1.1097095
v 0.6695056 -0.05008769 1.2616551
v 0.6194369 -0.19198266 1.2605636
v 0.49259347 -0.051279247 0.94592357
v 0.50767446 0.046144664 0.77109426
v 0.3732946 0.12178147 0.81076264
v 0.40538532 0.01731947 0.9765933
v 0.4172706 0.11617485 1.0265884
v 0.36016175 0.25383976 0.8931104
v 0.50387263 0.3150625 0.97254646
v 0.5327308 0.14586908 1.0698694
v 0.36016175 0.25383976 0.8931104
v 0.47329453 0.542716 0.3482059
v 0.5292656 0.5540799 0.35872364
v 0.50387263 0.3150625 0.97254646
v 0.6958241 0.2244981 0.87990594
v 0.60490924 0.46108255 0.30363265
v 0.5968237 0.37894437 0.31263202
v 0.67853373 0.06893131 0.7923657
v 0.61633325 -0.05900079 0.9528536
v 0.67853373 0.06893131 0.7923657
v 0.50767446 0.046144664 0.77109426
v 0.49259347 -0.051279247 0.94592357
v 0.5327308 0.14586908 1.0698694
v 0.50387263 0.3150625 0.97254646
v 0.6958241 0.2244981 0.87990594
v 0.65297616 0.053021133 1.0052228
v 0.40538532 0.01731947 0.9765933
v 0.3732946 0.12178147 0.81076264
v 0.36016175 0.25383976 0.8931104
v 0.4172706 0.11617485 1.0265884
v 0.65297616 0.053021133 1.0052228
v 0.6958241 0.2244981 0.87990594
v 0.67853373 0.06893131 0.7923657
v 0.61633325 -0.05900079 0.9528536
v 0.50767446 0.046144664 0.77109426
v 0.51763606 0.35692286 0.3067357
v 0.4672422 0.3988453 0.28933835
v 0.3732946 0.12178147 0.81076264
v 0.67853373 0.06893131 0.7923657
v 0.5968237 0.37894437 0.31263202
v 0.51763606 0.35692286 0.3067357
v 0.50767446 0.046144664 0.77109426
v 0.50387263 0.3150625 0.97254646
v 0.5292656 0.5540799 0.35872364
v 0.60490924 0.46108255 0.30363265
v 0.6958241 0.2244981 0.87990594
v 0.3732946 0.12178147 0.81076264
v 0.4672422 0.3988453 0.28933835
v 0.47329453 0.542716 0.3482059
v 0.36016175 0.25383976 0.8931104
v 0.28242546 -0.7664461 3.6262379
v 0.26949024 -0.8191047 3.752238
v 0.36962986 -0.72429276 3.7409694
v 0.36917645 -0.68865585 3.6768818
v 0.29162687 -0.2769215 3.7931013
v 0.27484593 -0.3273834 3.660964
v 0.35836083 -0.37125516 3.6167989
v 0.39647475 -0.34663892 3.788004
v 0.29476637 -0.64223754 3.4784942
v 0.28242546 -0.7664461 3.6262379
v 0.36917645 -0.68865585 3.6768818
v 0.39399475 -0.606629 3.5771983
v 0.6055063 -0.377438 2.9399314
v 0.67702365 -0.45754957 2.6605275
v 0.7119827 -0.38034868 2.6038947
v 0.6127939 -0.26054126 2.9539912
v 0.7524259 -0.6559777 2.506114
v 0.4256897 -0.9469123 2.2149825
v 0.37082303 -0.9622482 2.2680967
v 0.7066332 -0.66788584 2.5895004
v 0.8359139 -0.4916563 2.5385349
v 0.77447295 -0.59787637 2.4257421
v 0.7524259 -0.6559777 2.506114
v 0.82240915 -0.52716243 2.6387026
v 0.35755822 0.04958397 2.477542
v 0.22719593 0.056554675 2.4905033
v 0.20112896 0.18867278 2.203341
v 0.3522731 0.17361106 2.231182
v 0.20112896 0.18867278 2.203341
v 0.1867249 0.030368447 1.9498653
v 0.2599502 0.09009234 1.9739534
v 0.3522731 0.17361106 2.231182
v 0.52576125 -0.02330938 3.4252467
v 0.3298306 -0.06255394 3.4478827
v 0.3287235 0.083135575 3.1304667
v 0.5253035 0.055017084 3.1285827
v 0.52576125 -0.02330938 3.4252467
v 0.420569 -0.26562637 3.5051825
v 0.28213012 -0.23222524 3.5244973
v 0.3298306 -0.06255394 3.4478827
v 0.71408063 -0.122567356 3.4127033
v 0.52576125 -0.02330938 3.4252467
v 0.5253035 0.055017084 3.1285827
v 0.69461143 -0.025886774 3.1369755
v 0.5253035 0.055017084 3.1285827
v 0.3287235 0.083135575 3.1304667
v 0.2671555 0.024901241 2.8326313
v 0.40508813 -0.0029071271 2.7946982
v 0.48577294 -0.05894701 2.475146
v 0.55430865 -0.2306971 2.4614365
v 0.560313 -0.29676494 2.6656582
v 0.5274759 -0.12435189 2.7445223
v 0.49964878 0.06543431 2.2017512
v 0.5563792 -0.16129142 2.2525194
v 0.55430865 -0.2306971 2.4614365
v 0.48577294 -0.05894701 2.475146
v 0.40508813 -0.0029071271 2.7946982
v 0.2671555 0.024901241 2.8326313
v 0.22719593 0.056554675 2.4905033
v 0.35755822 0.04958397 2.477542
v 0.5274759 -0.12435189 2.7445223
v 0.40508813 -0.0029071271 2.7946982
v 0.35755822 0.04958397 2.477542
v 0.48577294 -0.05894701 2.475146
v 0.46710947 -0.38216645 2.1535814
v 0.20072915 -0.4239142 2.094077
v 0.21497963 -0.46992087 2.441306
v 0.45147935 -0.3891363 2.4430466
v 0.5563792 -0.16129142 2.2525194
v 0.46710947 -0.38216645 2.1535814
v 0.45147935 -0.3891363 2.4430466
v 0.55430865 -0.2306971 2.4614365
v 0.7119827 -0.38034868 2.6038947
v 0.6044742 -0.43694133 2.5129633
v 0.6962544 -0.44182575 2.403438
v 0.78607035 -0.41929716 2.527041
v 0.78607035 -0.41929716 2.527041
v 0.8359139 -0.4916563 2.5385349
v 0.8659551 -0.4617836 2.551189
v 0.80316734 -0.38979286 2.5474439
v 0.7529535 -0.1994217 2.9585688
v 0.81158507 -0.35683566 2.5780363
v 0.87467396 -0.4392671 2.5984092
v 0.86206955 -0.28918344 2.9722455
v 0.86206955 -0.28918344 2.9722455
v 0.87467396 -0.4392671 2.5984092
v 0.82240915 -0.52716243 2.6387026
v 0.8282579 -0.41115516 2.9937015
v 0.8659551 -0.4617836 2.551189
v 0.87467396 -0.4392671 2.5984092
v 0.81158507 -0.35683566 2.5780363
v 0.80316734 -0.38979286 2.5474439
v 0.6127939 -0.26054126 2.9539912
v 0.7119827 -0.38034868 2.6038947
v 0.81158507 -0.35683566 2.5780363
v 0.7529535 -0.1994217 2.9585688
v 0.82240915 -0.52716243 2.6387026
v 0.7524259 -0.6559777 2.506114
v 0.7066332 -0.66788584 2.5895004
v 0.73657215 -0.53746307 2.6649916
v 0.37669516 -0.41878963 3.936595
v 0.39647475 -0.34663892 3.788004
v 0.44685715 -0.4255576 3.773039
v 0.42908275 -0.48544216 3.8880007
v 0.4675126 0.49072874 0.04064745
v 0.47438794 0.28520212 0.011218801
v 0.5134132 0.18053347 -0.0063277483
v 0.610018 0.059954643 -0.02728282
v 0.5029947 0.75404334 0.10950368
v 0.3942725 0.70862734 0.10635893
v 0.6302056 0.5546748 0.04188066
v 0.73110825 0.10235983 -0.028908283
v 0.7343856 0.40972397 0.013035458
v 0.7751443 0.3166606 -0.0017297491
v 0.60490924 0.46108255 0.30363265
v 0.65109104 0.52310425 0.1568768
v 0.65193975 0.37938693 0.24400875
v 0.5968237 0.37894437 0.31263202
v 0.37883818 -0.526595 3.4834156
v 0.39399475 -0.606629 3.5771983
v 0.43055597 -0.5371369 3.6461854
v 0.42316812 -0.48216712 3.5619202
v 0.32984644 -0.61196184 3.9996436
v 0.37669516 -0.41878963 3.936595
v 0.42908275 -0.48544216 3.8880007
v 0.40482855 -0.59156907 3.9007938
v 0.39399475 -0.606629 3.5771983
v 0.36917645 -0.68865585 3.6768818
v 0.425062 -0.606946 3.7543993
v 0.43055597 -0.5371369 3.6461854
v 0.36917645 -0.68865585 3.6768818
v 0.36962986 -0.72429276 3.7409694
v 0.38357103 -0.6722977 3.8753932
v 0.425062 -0.606946 3.7543993
v 0.44685715 -0.4255576 3.773039
v 0.4349382 -0.5164921 3.7113857
v 0.42678145 -0.56820333 3.8086789
v 0.42908275 -0.48544216 3.8880007
v 0.19373298 -0.59207916 4.038947
v 0.26663035 -0.3631792 3.9726086
v 0.37669516 -0.41878963 3.936595
v 0.32984644 -0.61196184 3.9996436
v 0.14367384 -0.74629855 3.9631956
v 0.19373298 -0.59207916 4.038947
v 0.32984644 -0.61196184 3.9996436
v 0.28703094 -0.7438512 3.934268
v 0.425062 -0.606946 3.7543993
v 0.42678145 -0.56820333 3.8086789
v 0.4349382 -0.5164921 3.7113857
v 0.43055597 -0.5371369 3.6461854
v 0.39647475 -0.34663892 3.788004
v 0.35836083 -0.37125516 3.6167989
v 0.4332714 -0.41925275 3.660326
v 0.44685715 -0.4255576 3.773039
v 0.425062 -0.606946 3.7543993
v 0.38357103 -0.6722977 3.8753932
v 0.40482855 -0.59156907 3.9007938
v 0.42678145 -0.56820333 3.8086789
v 0.4332714 -0.41925275 3.660326
v 0.4349382 -0.5164921 3.7113857
v 0.44685715 -0.4255576 3.773039
v 0.42316812 -0.48216712 3.5619202
v 0.43055597 -0.5371369 3.6461854
v 0.42316812 -0.48216712 3.5619202
v 0.4332714 -0.41925275 3.660326
v 0.35836083 -0.37125516 3.6167989
v 0.38462776 -0.42520773 3.5626514
v 0.37883818 -0.526595 3.4834156
v 0.28233984 -0.57645965 3.4094768
v 0.29476637 -0.64223754 3.4784942
v 0.39399475 -0.606629 3.5771983
v 0.24080077 -0.48709625 3.2736514
v 0.55329895 -0.3225488 3.3683212
v 0.5155204 -0.3452974 3.0518687
v 0.20883384 -0.56035197 3.0342925
v 0.32835317 -0.92754316 2.2541943
v 0.22689354 -1.0153283 2.2197275
v 0.28490436 -0.8945936 2.0892072
v 0.35940266 -0.86292124 2.1843348
v 0.35940266 -0.86292124 2.1843348
v 0.28490436 -0.8945936 2.0892072
v 0.40458512 -0.8960037 2.0003486
v 0.4234606 -0.86367595 2.1367743
v 0.37082303 -0.9622482 2.2680967
v 0.30624092 -1.0801686 2.2457013
v 0.22689354 -1.0153283 2.2197275
v 0.32835317 -0.92754316 2.2541943
v 0.43860233 -0.89585066 2.1506133
v 0.4328748 -0.9561163 2.026205
v 0.40875006 -1.051516 2.1464667
v 0.4256897 -0.9469123 2.2149825
v 0.4234606 -0.86367595 2.1367743
v 0.40458512 -0.8960037 2.0003486
v 0.4328748 -0.9561163 2.026205
v 0.43860233 -0.89585066 2.1506133
v 0.4328748 -0.9561163 2.026205
v 0.39676726 -1.0473839 1.9273354
v 0.36971378 -1.154365 2.0621967
v 0.40875006 -1.051516 2.1464667
v 0.40875006 -1.051516 2.1464667
v 0.36971378 -1.154365 2.0621967
v 0.25476086 -1.1864954 2.1734781
v 0.30624092 -1.0801686 2.2457013
v 0.40458512 -0.8960037 2.0003486
v 0.36504292 -0.9799737 1.89834
v 0.39676726 -1.0473839 1.9273354
v 0.4328748 -0.9561163 2.026205
v 0.28490436 -0.8945936 2.0892072
v 0.23083365 -0.9783927 1.9979857
v 0.36504292 -0.9799737 1.89834
v 0.40458512 -0.8960037 2.0003486
v 0.22689354 -1.0153283 2.2197275
v 0.16578078 -1.1137842 2.144351
v 0.23083365 -0.9783927 1.9979857
v 0.28490436 -0.8945936 2.0892072
v 0.30624092 -1.0801686 2.2457013
v 0.25476086 -1.1864954 2.1734781
v 0.16578078 -1.1137842 2.144351
v 0.22689354 -1.0153283 2.2197275
v 0.23083365 -0.9783927 1.9979857
v 0.25869715 -1.0565192 1.999559
v 0.3195237 -1.0572356 1.9543974
v 0.36504292 -0.9799737 1.89834
v 0.16578078 -1.1137842 2.144351
v 0.22921371 -1.1178815 2.065895
v 0.25869715 -1.0565192 1.999559
v 0.23083365 -0.9783927 1.9979857
v 0.36971378 -1.154365 2.0621967
v 0.3216405 -1.1362735 2.0286608
v 0.26954126 -1.1508359 2.0790958
v 0.25476086 -1.1864954 2.1734781
v 0.39676726 -1.0473839 1.9273354
v 0.33390176 -1.0877874 1.9675388
v 0.3216405 -1.1362735 2.0286608
v 0.36971378 -1.154365 2.0621967
v 0.25476086 -1.1864954 2.1734781
v 0.26954126 -1.1508359 2.0790958
v 0.22921371 -1.1178815 2.065895
v 0.16578078 -1.1137842 2.144351
v 0.36504292 -0.9799737 1.89834
v 0.3195237 -1.0572356 1.9543974
v 0.33390176 -1.0877874 1.9675388
v 0.39676726 -1.0473839 1.9273354
v 0.26954126 -1.1508359 2.0790958
v 0.3216405 -1.1362735 2.0286608
v 0.33390176 -1.0877874 1.9675388
v 0.22921371 -1.1178815 2.065895
v 0.3195237 -1.0572356 1.9543974
v 0.25869715 -1.0565192 1.999559
v -0.36587816 -0.8066237 0.24138787
v -0.18850283 -0.6041 0.20905706
v -0.2266329 -0.65804785 0.37109536
v -0.30600062 -0.76091003 0.39573848
v -0.14585973 -0.88227665 0.3250195
v -0.19940336 -0.9219135 0.15725495
v -0.22915944 -1.1058866 0.24839815
v -0.22343665 -1.0820737 0.3548649
v -0.14585973 -0.88227665 0.3250195
v -0.23356119 -0.91198146 0.42415223
v -0.21886998 -0.8404607 0.46260557
v -0.16974783 -0.82299066 0.41922906
v -0.14585973 -0.88227665 0.3250195
v -0.22343665 -1.0820737 0.3548649
v -0.29477745 -1.0299634 0.39744008
v -0.23356119 -0.91198146 0.42415223
v -0.36587816 -0.8066237 0.24138787
v -0.35453135 -0.8476758 0.12708783
v -0.21081808 -0.6675734 0.057359233
v -0.18850283 -0.6041 0.20905706
v -0.18850283 -0.6041 0.20905706
v -0.08808137 -0.67617214 0.22728693
v -0.17153716 -0.6761322 0.36794403
v -0.2266329 -0.65804785 0.37109536
v -0.18850283 -0.6041 0.20905706
v -0.21081808 -0.6675734 0.057359233
v -0.10515621 -0.71532845 0.07856752
v -0.08808137 -0.67617214 0.22728693
v -0.23356119 -0.91198146 0.42415223
v -0.36063054 -0.86487204 0.4051686
v -0.2974331 -0.81637955 0.4564148
v -0.21886998 -0.8404607 0.46260557
v -0.23356119 -0.91198146 0.42415223
v -0.29477745 -1.0299634 0.39744008
v -0.39428505 -0.9796682 0.38134986
v -0.36063054 -0.86487204 0.4051686
v -0.36063054 -0.86487204 0.4051686
v -0.39428505 -0.9796682 0.38134986
v -0.47256115 -0.92974776 0.26662785
v -0.36587816 -0.8066237 0.24138787
v -0.39428505 -0.9796682 0.38134986
v -0.29477745 -1.0299634 0.39744008
v -0.35284472 -1.1516757 0.3943984
v -0.45350757 -1.0830426 0.36404335
v -0.45350757 -1.0830426 0.36404335
v -0.5265973 -1.0147612 0.28688097
v -0.47256115 -0.92974776 0.26662785
v -0.39428505 -0.9796682 0.38134986
v -0.5265973 -1.0147612 0.28688097
v -0.52532196 -1.0465695 0.22888145
v -0.4743364 -0.96793354 0.18793021
v -0.47256115 -0.92974776 0.26662785
v -0.47256115 -0.92974776 0.26662785
v -0.4743364 -0.96793354 0.18793021
v -0.35453135 -0.8476758 0.12708783
v -0.36587816 -0.8066237 0.24138787
v -0.22915944 -1.1058866 0.24839815
v -0.27954447 -1.1962407 0.29404756
v -0.2781567 -1.1749768 0.36909908
v -0.22343665 -1.0820737 0.3548649
v -0.2781567 -1.1749768 0.36909908
v -0.35284472 -1.1516757 0.3943984
v -0.29477745 -1.0299634 0.39744008
v -0.22343665 -1.0820737 0.3548649
v -0.2781567 -1.1749768 0.36909908
v -0.27954447 -1.1962407 0.29404756
v -0.38881272 -1.2937529 0.3475523
v -0.38353208 -1.2426677 0.4052753
v -0.5010835 -1.1901699 0.3922278
v -0.5048594 -1.2434744 0.32589847
v -0.52532196 -1.0465695 0.22888145
v -0.5265973 -1.0147612 0.28688097
v -0.38353208 -1.2426677 0.4052753
v -0.38881272 -1.2937529 0.3475523
v -0.5048594 -1.2434744 0.32589847
v -0.5010835 -1.1901699 0.3922278
v -0.35284472 -1.1516757 0.3943984
v -0.38353208 -1.2426677 0.4052753
v -0.5010835 -1.1901699 0.3922278
v -0.45350757 -1.0830426 0.36404335
v -0.72903323 -0.047682628 2.0700169
v -0.7318368 -0.12551916 2.0705554
v -0.8239083 -0.17627835 1.983815
v -0.81867075 -0.030854411 1.982809
v -0.06252667 -0.31841925 2.2071307
v 0.08846032 -0.3060076 2.0469844
v 0.053094104 -0.32512116 1.9938037
v -0.17037332 -0.30558872 2.077957
v 0.24080077 -0.48709625 3.2736514
v -0.09972894 -0.37546837 3.3696923
v 0.1870625 -0.3753522 3.4173098
v 0.26160106 -0.4066761 3.3934095
v -0.12510324 -0.26336473 3.4541545
v -0.031365156 -0.121931374 3.480624
v 0.14630109 -0.26313096 3.5177784
v 0.13384588 -0.30210447 3.5028594
v -0.11167134 -0.20984267 2.4989204
v -0.10660192 -0.27985647 2.7017226
v 0.00019845366 -0.40825766 2.7546132
v -0.01669342 -0.3664702 2.471565
v -0.12510324 -0.26336473 3.4541545
v -0.09972894 -0.37546837 3.3696923
v -0.23159593 -0.35734022 3.2779236
v -0.25058806 -0.21209341 3.3886564
v -0.01669342 -0.3664702 2.471565
v 0.00019845366 -0.40825766 2.7546132
v 0.20519443 -0.51830816 2.7846675
v 0.21497963 -0.46992087 2.441306
v 0.017855883 -0.0031015873 3.2179081
v -0.022746205 -0.103948325 2.77919
v 0.12143484 0.003201872 2.814061
v 0.13061267 0.037246585 3.1724536
v -0.03546726 -0.04318603 2.5027747
v -0.09733893 0.09830938 2.1946306
v 0.059658173 0.18927237 2.2211928
v 0.09572629 0.053512454 2.4939523
v -0.10660192 -0.27985647 2.7017226
v -0.12500143 -0.17479655 2.996779
v -0.12963039 -0.33200535 3.052727
v 0.00019845366 -0.40825766 2.7546132
v -0.022746205 -0.103948325 2.77919
v 0.017855883 -0.0031015873 3.2179081
v -0.12500143 -0.17479655 2.996779
v -0.10660192 -0.27985647 2.7017226
v 0.00019845366 -0.40825766 2.7546132
v -0.12963039 -0.33200535 3.052727
v 0.20883384 -0.56035197 3.0342925
v 0.20519443 -0.51830816 2.7846675
v 0.11585231 0.091897815 1.9472522
v 0.15291953 -0.11520891 1.915152
v 0.18579972 -0.11610781 1.8823829
v 0.1867249 0.030368447 1.9498653
v 0.15291953 -0.11520891 1.915152
v 0.08846032 -0.3060076 2.0469844
v 0.19925854 -0.36049765 1.912015
v 0.18579972 -0.11610781 1.8823829
v 0.08846032 -0.3060076 2.0469844
v 0.15291953 -0.11520891 1.915152
v 0.13760573 -0.14487422 1.8273232
v 0.053094104 -0.32512116 1.9938037
v -0.06252667 -0.31841925 2.2071307
v 0.20072915 -0.4239142 2.094077
v 0.19925854 -0.36049765 1.912015
v 0.08846032 -0.3060076 2.0469844
v 0.1870625 -0.3753522 3.4173098
v 0.13384588 -0.30210447 3.5028594
v 0.12954211 -0.3552215 3.5669904
v 0.19102556 -0.42840874 3.497119
v 0.26160106 -0.4066761 3.3934095
v 0.1870625 -0.3753522 3.4173098
v 0.19102556 -0.42840874 3.497119
v 0.23965943 -0.46496177 3.4713583
v -0.09972894 -0.37546837 3.3696923
v -0.12510324 -0.26336473 3.4541545
v 0.13384588 -0.30210447 3.5028594
v 0.1870625 -0.3753522 3.4173098
v 0.23965943 -0.46496177 3.4713583
v 0.1332125 -0.53315127 3.4115405
v 0.1892243 -0.60674644 3.3543053
v 0.19102556 -0.42840874 3.497119
v 0.07915652 -0.43975234 3.4875998
v 0.14630109 -0.26313096 3.5177784
v 0.28786662 -0.24293995 3.523967
v 0.27484593 -0.3273834 3.660964
v 0.18036091 -0.32047427 3.6194425
v 0.13384588 -0.30210447 3.5028594
v 0.14630109 -0.26313096 3.5177784
v 0.18036091 -0.32047427 3.6194425
v 0.12954211 -0.3552215 3.5669904
v 0.19102556 -0.42840874 3.497119
v 0.12954211 -0.3552215 3.5669904
v 0.06579304 -0.37715364 3.5666234
v 0.07915652 -0.43975234 3.4875998
v 0.1892243 -0.60674644 3.3543053
v 0.1332125 -0.53315127 3.4115405
v 0.08131701 -0.57708204 3.480822
v 0.17237628 -0.6587862 3.4179435
v 0.13128275 -0.7756319 3.5831275
v 0.014308512 -0.6804495 3.628342
v -0.004004717 -0.7313833 3.7543843
v 0.11303687 -0.83607936 3.7286692
v 0.11303687 -0.83607936 3.7286692
v -0.004004717 -0.7313833 3.7543843
v 0.028087556 -0.6607971 3.9363
v 0.14367384 -0.74629855 3.9631956
v 0.028087556 -0.6607971 3.9363
v -0.009653568 -0.54617393 3.878479
v 0.020371318 -0.46825743 3.903811
v 0.07090306 -0.5289078 4.0016756
v -0.004004717 -0.7313833 3.7543843
v -0.030468583 -0.5959642 3.7441092
v -0.009653568 -0.54617393 3.878479
v 0.028087556 -0.6607971 3.9363
v 0.26663035 -0.3631792 3.9726086
v 0.14425397 -0.3442359 3.9384189
v 0.16729265 -0.27403843 3.7899818
v 0.29162687 -0.2769215 3.7931013
v -0.35246027 -0.12266278 3.2297761
v -0.25058806 -0.21209341 3.3886564
v -0.23159593 -0.35734022 3.2779236
v -0.29121816 -0.299972 3.1467507
v -0.1813916 -0.012977898 3.2520628
v -0.14290553 -0.05859226 3.388321
v -0.25058806 -0.21209341 3.3886564
v -0.35246027 -0.12266278 3.2297761
v -0.031365156 -0.121931374 3.480624
v -0.12510324 -0.26336473 3.4541545
v -0.25058806 -0.21209341 3.3886564
v -0.14290553 -0.05859226 3.388321
v -0.1813916 -0.012977898 3.2520628
v -0.35246027 -0.12266278 3.2297761
v -0.3550474 -0.076153696 3.0874653
v -0.26589358 0.013871878 3.0924885
v -0.33236837 0.0913181 2.691899
v -0.3539995 0.08792563 2.658738
v -0.3012637 -0.010833174 2.678183
v -0.30643868 0.082767054 2.726761
v 0.017855883 -0.0031015873 3.2179081
v -0.1813916 -0.012977898 3.2520628
v -0.26589358 0.013871878 3.0924885
v -0.13802296 -0.026415616 3.0534198
v -0.29121816 -0.299972 3.1467507
v -0.12963039 -0.33200535 3.052727
v -0.220774 -0.22896618 2.9697776
v -0.33657205 -0.19835132 3.0046337
v -0.35246027 -0.12266278 3.2297761
v -0.29121816 -0.299972 3.1467507
v -0.33657205 -0.19835132 3.0046337
v -0.3550474 -0.076153696 3.0874653
v -0.3550474 -0.076153696 3.0874653
v -0.33657205 -0.19835132 3.0046337
v -0.4629619 -0.060178027 2.6991868
v -0.47599113 0.021024927 2.7366233
v -0.33657205 -0.19835132 3.0046337
v -0.220774 -0.22896618 2.9697776
v -0.36912608 -0.08688618 2.678363
v -0.4629619 -0.060178027 2.6991868
v -0.3539995 0.08792563 2.658738
v -0.43835497 0.10414897 2.6804936
v -0.51324785 0.118551046 2.5322921
v -0.33999825 0.10295668 2.5056689
v -0.51324785 0.118551046 2.5322921
v -0.5684488 0.038917705 2.5628352
v -0.72903323 -0.047682628 2.0700169
v -0.67912793 0.013424493 2.0436966
v -0.31713772 -0.036173657 2.529404
v -0.33999825 0.10295668 2.5056689
v -0.6429846 0.017151617 2.0320442
v -0.6273484 -0.06090814 2.026738
v -0.4629619 -0.060178027 2.6991868
v -0.36912608 -0.08688618 2.678363
v -0.40305352 -0.12917385 2.5630374
v -0.5729306 -0.05224456 2.5921855
v -0.36912608 -0.08688618 2.678363
v -0.3012637 -0.010833174 2.678183
v -0.31713772 -0.036173657 2.529404
v -0.40305352 -0.12917385 2.5630374
v -0.5729306 -0.05224456 2.5921855
v -0.40305352 -0.12917385 2.5630374
v -0.68535626 -0.14100152 2.0422482
v -0.7318368 -0.12551916 2.0705554
v -0.40305352 -0.12917385 2.5630374
v -0.31713772 -0.036173657 2.529404
v -0.6273484 -0.06090814 2.026738
v -0.68535626 -0.14100152 2.0422482
v -0.33999825 0.10295668 2.5056689
v -0.51324785 0.118551046 2.5322921
v -0.67912793 0.013424493 2.0436966
v -0.6429846 0.017151617 2.0320442
v -0.17037332 -0.30558872 2.077957
v 0.053094104 -0.32512116 1.9938037
v -0.066218644 -0.55582607 1.6569812
v -0.24860859 -0.55876327 1.707306
v 0.053094104 -0.32512116 1.9938037
v 0.13760573 -0.14487422 1.8273232
v 0.050232574 -0.4465053 1.531912
v -0.066218644 -0.55582607 1.6569812
v -0.14303204 -0.117859125 2.281327
v -0.06252667 -0.31841925 2.2071307
v -0.17037332 -0.30558872 2.077957
v -0.27126312 -0.08346069 1.9286628
v 0.11585231 0.091897815 1.9472522
v -0.09733893 0.09830938 2.1946306
v -0.13966529 0.07399297 1.8325362
v 0.084142596 0.032374144 1.7223518
v -0.09733893 0.09830938 2.1946306
v -0.14303204 -0.117859125 2.281327
v -0.27126312 -0.08346069 1.9286628
v -0.13966529 0.07399297 1.8325362
v 0.15291953 -0.11520891 1.915152
v 0.11585231 0.091897815 1.9472522
v 0.084142596 0.032374144 1.7223518
v 0.13760573 -0.14487422 1.8273232
v -0.24860859 -0.55876327 1.707306
v -0.066218644 -0.55582607 1.6569812
v -0.09522052 -0.61135685 1.5126083
v -0.2416954 -0.6192845 1.5482674
v -0.066218644 -0.55582607 1.6569812
v 0.050232574 -0.4465053 1.531912
v -0.022550687 -0.5395259 1.4269574
v -0.09522052 -0.61135685 1.5126083
v -0.13966529 0.07399297 1.8325362
v -0.27126312 -0.08346069 1.9286628
v -0.33639026 -0.41365242 1.5793914
v -0.19695944 -0.24616265 1.4396373
v 0.13760573 -0.14487422 1.8273232
v 0.084142596 0.032374144 1.7223518
v -0.028046504 -0.31399179 1.416438
v 0.050232574 -0.4465053 1.531912
v -0.27126312 -0.08346069 1.9286628
v -0.17037332 -0.30558872 2.077957
v -0.24860859 -0.55876327 1.707306
v -0.33639026 -0.41365242 1.5793914
v 0.084142596 0.032374144 1.7223518
v -0.13966529 0.07399297 1.8325362
v -0.19695944 -0.24616265 1.4396373
v -0.028046504 -0.31399179 1.416438
v -0.11997169 -0.68248224 1.378125
v -0.06108113 -0.65483505 1.1815464
v -0.14961413 -0.7234613 1.2092588
v -0.047088385 -0.6164266 1.3045527
v -0.09522052 -0.61135685 1.5126083
v -0.022550687 -0.5395259 1.4269574
v -0.07827616 -0.5179567 1.234272
v -0.18549867 -0.49378598 1.1729077
v -0.07152979 -0.54761416 1.1536332
v -0.20609695 -0.46765846 1.2489369
v -0.06182406 -0.43279552 1.3346604
v -0.20030008 -0.3814472 1.349654
v -0.19695944 -0.24616265 1.4396373
v -0.33639026 -0.41365242 1.5793914
v -0.31301686 -0.52098703 1.4588251
v -0.20030008 -0.3814472 1.349654
v 0.050232574 -0.4465053 1.531912
v -0.028046504 -0.31399179 1.416438
v -0.06182406 -0.43279552 1.3346604
v -0.022550687 -0.5395259 1.4269574
v -0.33639026 -0.41365242 1.5793914
v -0.24860859 -0.55876327 1.707306
v -0.2416954 -0.6192845 1.5482674
v -0.31301686 -0.52098703 1.4588251
v -0.028046504 -0.31399179 1.416438
v -0.19695944 -0.24616265 1.4396373
v -0.20030008 -0.3814472 1.349654
v -0.06182406 -0.43279552 1.3346604
v -0.25432777 -0.69042236 1.4085033
v -0.14961413 -0.7234613 1.2092588
v -0.27174267 -0.7204477 1.226725
v -0.11997169 -0.68248224 1.378125
v -0.2416954 -0.6192845 1.5482674
v -0.09522052 -0.61135685 1.5126083
v -0.20609695 -0.46765846 1.2489369
v -0.30652165 -0.6015507 1.1935463
v -0.18549867 -0.49378598 1.1729077
v -0.31629556 -0.59258485 1.3319637
v -0.20030008 -0.3814472 1.349654
v -0.31301686 -0.52098703 1.4588251
v -0.047088385 -0.6164266 1.3045527
v -0.07152979 -0.54761416 1.1536332
v -0.06108113 -0.65483505 1.1815464
v -0.07827616 -0.5179567 1.234272
v -0.022550687 -0.5395259 1.4269574
v -0.06182406 -0.43279552 1.3346604
v -0.31629556 -0.59258485 1.3319637
v -0.27174267 -0.7204477 1.226725
v -0.30652165 -0.6015507 1.1935463
v -0.25432777 -0.69042236 1.4085033
v -0.31301686 -0.52098703 1.4588251
v -0.2416954 -0.6192845 1.5482674
v -0.14961413 -0.7234613 1.2092588
v -0.06108113 -0.65483505 1.1815464
v -0.040313974 -0.68928146 0.98742163
v -0.1772087 -0.76582235 1.014878
v -0.07152979 -0.54761416 1.1536332
v -0.18549867 -0.49378598 1.1729077
v -0.15915363 -0.43148667 0.9864566
v -0.021355137 -0.5366056 0.96052104
v -0.021355137 -0.5366056 0.96052104
v -0.15915363 -0.43148667 0.9864566
v -0.2266329 -0.65804785 0.37109536
v -0.17153716 -0.6761322 0.36794403
v -0.3571633 -0.55157495 0.9872306
v -0.34616 -0.72669446 1.0243158
v -0.2974331 -0.81637955 0.4564148
v -0.30600062 -0.76091003 0.39573848
v -0.27174267 -0.7204477 1.226725
v -0.14961413 -0.7234613 1.2092588
v -0.1772087 -0.76582235 1.014878
v -0.34616 -0.72669446 1.0243158
v -0.18549867 -0.49378598 1.1729077
v -0.30652165 -0.6015507 1.1935463
v -0.3571633 -0.55157495 0.9872306
v -0.15915363 -0.43148667 0.9864566
v -0.06108113 -0.65483505 1.1815464
v -0.07152979 -0.54761416 1.1536332
v -0.021355137 -0.5366056 0.96052104
v -0.040313974 -0.68928146 0.98742163
v -0.30652165 -0.6015507 1.1935463
v -0.27174267 -0.7204477 1.226725
v -0.34616 -0.72669446 1.0243158
v -0.3571633 -0.55157495 0.9872306
v -0.1772087 -0.76582235 1.014878
v -0.040313974 -0.68928146 0.98742163
v -0.16974783 -0.82299066 0.41922906
v -0.21886998 -0.8404607 0.46260557
v -0.34616 -0.72669446 1.0243158
v -0.1772087 -0.76582235 1.014878
v -0.21886998 -0.8404607 0.46260557
v -0.2974331 -0.81637955 0.4564148
v -0.15915363 -0.43148667 0.9864566
v -0.3571633 -0.55157495 0.9872306
v -0.30600062 -0.76091003 0.39573848
v -0.2266329 -0.65804785 0.37109536
v -0.040313974 -0.68928146 0.98742163
v -0.021355137 -0.5366056 0.96052104
v -0.17153716 -0.6761322 0.36794403
v -0.16974783 -0.82299066 0.41922906
v 0.014308512 -0.6804495 3.628342
v -0.010284781 -0.5669464 3.6798596
v -0.030468583 -0.5959642 3.7441092
v -0.004004717 -0.7313833 3.7543843
v 0.29162687 -0.2769215 3.7931013
v 0.16729265 -0.27403843 3.7899818
v 0.18036091 -0.32047427 3.6194425
v 0.27484593 -0.3273834 3.660964
v 0.08131701 -0.57708204 3.480822
v 0.018682122 -0.49032044 3.5809476
v -0.010284781 -0.5669464 3.6798596
v 0.014308512 -0.6804495 3.628342
v -0.220774 -0.22896618 2.9697776
v -0.12500143 -0.17479655 2.996779
v -0.3012637 -0.010833174 2.678183
v -0.36912608 -0.08688618 2.678363
v -0.5684488 0.038917705 2.5628352
v -0.5729306 -0.05224456 2.5921855
v -0.7318368 -0.12551916 2.0705554
v -0.72903323 -0.047682628 2.0700169
v -0.43835497 0.10414897 2.6804936
v -0.47599113 0.021024927 2.7366233
v -0.5684488 0.038917705 2.5628352
v -0.51324785 0.118551046 2.5322921
v 0.09572629 0.053512454 2.4939523
v 0.059658173 0.18927237 2.2211928
v 0.20112896 0.18867278 2.203341
v 0.22719593 0.056554675 2.4905033
v 0.20112896 0.18867278 2.203341
v 0.059658173 0.18927237 2.2211928
v 0.11585231 0.091897815 1.9472522
v 0.1867249 0.030368447 1.9498653
v 0.13361648 -0.048396796 3.46197
v 0.13061267 0.037246585 3.1724536
v 0.3287235 0.083135575 3.1304667
v 0.3298306 -0.06255394 3.4478827
v 0.13361648 -0.048396796 3.46197
v 0.3298306 -0.06255394 3.4478827
v 0.28786662 -0.24293995 3.523967
v 0.14630109 -0.26313096 3.5177784
v -0.031365156 -0.121931374 3.480624
v 0.017855883 -0.0031015873 3.2179081
v 0.13061267 0.037246585 3.1724536
v 0.13361648 -0.048396796 3.46197
v 0.13061267 0.037246585 3.1724536
v 0.12143484 0.003201872 2.814061
v 0.2671555 0.024901241 2.8326313
v 0.3287235 0.083135575 3.1304667
v -0.03546726 -0.04318603 2.5027747
v -0.022746205 -0.103948325 2.77919
v -0.10660192 -0.27985647 2.7017226
v -0.11167134 -0.20984267 2.4989204
v -0.09733893 0.09830938 2.1946306
v -0.03546726 -0.04318603 2.5027747
v -0.11167134 -0.20984267 2.4989204
v -0.14303204 -0.117859125 2.281327
v 0.12143484 0.003201872 2.814061
v 0.09572629 0.053512454 2.4939523
v 0.22719593 0.056554675 2.4905033
v 0.2671555 0.024901241 2.8326313
v -0.022746205 -0.103948325 2.77919
v -0.03546726 -0.04318603 2.5027747
v 0.09572629 0.053512454 2.4939523
v 0.12143484 0.003201872 2.814061
v -0.06252667 -0.31841925 2.2071307
v -0.01669342 -0.3664702 2.471565
v 0.21497963 -0.46992087 2.441306
v 0.20072915 -0.4239142 2.094077
v -0.14303204 -0.117859125 2.281327
v -0.11167134 -0.20984267 2.4989204
v -0.01669342 -0.3664702 2.471565
v -0.06252667 -0.31841925 2.2071307
v -0.3012637 -0.010833174 2.678183
v -0.3539995 0.08792563 2.658738
v -0.33999825 0.10295668 2.5056689
v -0.31713772 -0.036173657 2.529404
v -0.3539995 0.08792563 2.658738
v -0.33236837 0.0913181 2.691899
v -0.4195292 0.12214492 2.7162244
v -0.43835497 0.10414897 2.6804936
v -0.13802296 -0.026415616 3.0534198
v -0.26589358 0.013871878 3.0924885
v -0.40540433 0.100836664 2.76011
v -0.30643868 0.082767054 2.726761
v -0.26589358 0.013871878 3.0924885
v -0.3550474 -0.076153696 3.0874653
v -0.47599113 0.021024927 2.7366233
v -0.40540433 0.100836664 2.76011
v -0.4195292 0.12214492 2.7162244
v -0.33236837 0.0913181 2.691899
v -0.30643868 0.082767054 2.726761
v -0.40540433 0.100836664 2.76011
v -0.12500143 -0.17479655 2.996779
v -0.13802296 -0.026415616 3.0534198
v -0.30643868 0.082767054 2.726761
v -0.3012637 -0.010833174 2.678183
v -0.47599113 0.021024927 2.7366233
v -0.4629619 -0.060178027 2.6991868
v -0.5729306 -0.05224456 2.5921855
v -0.5684488 0.038917705 2.5628352
v 0.14425397 -0.3442359 3.9384189
v 0.062187374 -0.36776316 3.8908799
v 0.08092451 -0.30818748 3.7759109
v 0.16729265 -0.27403843 3.7899818
v -0.27954447 -1.1962407 0.29404756
v -0.22915944 -1.1058866 0.24839815
v -0.19940336 -0.9219135 0.15725495
v -0.38881272 -1.2937529 0.3475523
v -0.21081808 -0.6675734 0.057359233
v -0.10515621 -0.71532845 0.07856752
v -0.5048594 -1.2434744 0.32589847
v -0.35453135 -0.8476758 0.12708783
v -0.4743364 -0.96793354 0.18793021
v -0.52532196 -1.0465695 0.22888145
v -0.30600062 -0.76091003 0.39573848
v -0.2974331 -0.81637955 0.4564148
v -0.36063054 -0.86487204 0.4051686
v -0.36587816 -0.8066237 0.24138787
v 0.07915652 -0.43975234 3.4875998
v 0.06579304 -0.37715364 3.5666234
v 0.028465748 -0.4119594 3.6500893
v 0.018682122 -0.49032044 3.5809476
v 0.07090306 -0.5289078 4.0016756
v 0.020371318 -0.46825743 3.903811
v 0.062187374 -0.36776316 3.8908799
v 0.14425397 -0.3442359 3.9384189
v 0.018682122 -0.49032044 3.5809476
v 0.028465748 -0.4119594 3.6500893
v -0.007112026 -0.46832955 3.7577908
v -0.010284781 -0.5669464 3.6798596
v -0.010284781 -0.5669464 3.6798596
v -0.007112026 -0.46832955 3.7577908
v -0.009653568 -0.54617393 3.878479
v -0.030468583 -0.5959642 3.7441092
v 0.08092451 -0.30818748 3.7759109
v 0.062187374 -0.36776316 3.8908799
v 0.014795184 -0.43606186 3.811912
v 0.03685254 -0.3888092 3.7145095
v 0.19373298 -0.59207916 4.038947
v 0.07090306 -0.5289078 4.0016756
v 0.14425397 -0.3442359 3.9384189
v 0.26663035 -0.3631792 3.9726086
v 0.14367384 -0.74629855 3.9631956
v 0.028087556 -0.6607971 3.9363
v 0.07090306 -0.5289078 4.0016756
v 0.19373298 -0.59207916 4.038947
v -0.007112026 -0.46832955 3.7577908
v 0.028465748 -0.4119594 3.6500893
v 0.03685254 -0.3888092 3.7145095
v 0.014795184 -0.43606186 3.811912
v 0.16729265 -0.27403843 3.7899818
v 0.08092451 -0.30818748 3.7759109
v 0.09285647 -0.31536007 3.664043
v 0.18036091 -0.32047427 3.6194425
v -0.007112026 -0.46832955 3.7577908
v 0.014795184 -0.43606186 3.811912
v 0.020371318 -0.46825743 3.903811
v -0.009653568 -0.54617393 3.878479
v 0.09285647 -0.31536007 3.664043
v 0.08092451 -0.30818748 3.7759109
v 0.03685254 -0.3888092 3.7145095
v 0.06579304 -0.37715364 3.5666234
v 0.028465748 -0.4119594 3.6500893
v 0.06579304 -0.37715364 3.5666234
v 0.12954211 -0.3552215 3.5669904
v 0.18036091 -0.32047427 3.6194425
v 0.09285647 -0.31536007 3.664043
v 0.07915652 -0.43975234 3.4875998
v 0.018682122 -0.49032044 3.5809476
v 0.08131701 -0.57708204 3.480822
v 0.1332125 -0.53315127 3.4115405
v 0.24080077 -0.48709625 3.2736514
v 0.20883384 -0.56035197 3.0342925
v -0.12963039 -0.33200535 3.052727
v -0.09972894 -0.37546837 3.3696923
v -0.68535626 -0.14100152 2.0422482
v -0.6273484 -0.06090814 2.026738
v -0.6286907 -0.055563934 1.9019499
v -0.7370682 -0.20520441 1.9309287
v -0.6273484 -0.06090814 2.026738
v -0.6429846 0.017151617 2.0320442
v -0.6579039 0.09027705 1.9118636
v -0.6286907 -0.055563934 1.9019499
v -0.7318368 -0.12551916 2.0705554
v -0.68535626 -0.14100152 2.0422482
v -0.7370682 -0.20520441 1.9309287
v -0.8239083 -0.17627835 1.983815
v -0.67912793 0.013424493 2.0436966
v -0.72903323 -0.047682628 2.0700169
v -0.81867075 -0.030854411 1.982809
v -0.72543144 0.08331361 1.9336339
v -0.6429846 0.017151617 2.0320442
v -0.67912793 0.013424493 2.0436966
v -0.72543144 0.08331361 1.9336339
v -0.6579039 0.09027705 1.9118636
v -0.72543144 0.08331361 1.9336339
v -0.81867075 -0.030854411 1.982809
v -0.89902437 -0.019013055 1.8705311
v -0.794466 0.10901443 1.8153869
v -0.81867075 -0.030854411 1.982809
v -0.8239083 -0.17627835 1.983815
v -0.9048978 -0.18209086 1.87166
v -0.89902437 -0.019013055 1.8705311
v -0.6579039 0.09027705 1.9118636
v -0.72543144 0.08331361 1.9336339
v -0.794466 0.10901443 1.8153869
v -0.71874094 0.11682327 1.7909732
v -0.6286907 -0.055563934 1.9019499
v -0.6579039 0.09027705 1.9118636
v -0.71874094 0.11682327 1.7909732
v -0.6859815 -0.04672221 1.7798563
v -0.7370682 -0.20520441 1.9309287
v -0.6286907 -0.055563934 1.9019499
v -0.6859815 -0.04672221 1.7798563
v -0.8075156 -0.21452841 1.8123529
v -0.8239083 -0.17627835 1.983815
v -0.7370682 -0.20520441 1.9309287
v -0.8075156 -0.21452841 1.8123529
v -0.9048978 -0.18209086 1.87166
v -0.6859815 -0.04672221 1.7798563
v -0.71874094 0.11682327 1.7909732
v -0.78355765 0.0335482 1.7840525
v -0.7687104 -0.040574163 1.7790141
v -0.8075156 -0.21452841 1.8123529
v -0.6859815 -0.04672221 1.7798563
v -0.7687104 -0.040574163 1.7790141
v -0.82379246 -0.116627574 1.7937422
v -0.89902437 -0.019013055 1.8705311
v -0.9048978 -0.18209086 1.87166
v -0.86792815 -0.101926155 1.8206213
v -0.8652661 -0.02801577 1.8201098
v -0.794466 0.10901443 1.8153869
v -0.89902437 -0.019013055 1.8705311
v -0.8652661 -0.02801577 1.8201098
v -0.8178779 0.030009083 1.7951174
v -0.9048978 -0.18209086 1.87166
v -0.8075156 -0.21452841 1.8123529
v -0.82379246 -0.116627574 1.7937422
v -0.86792815 -0.101926155 1.8206213
v -0.71874094 0.11682327 1.7909732
v -0.794466 0.10901443 1.8153869
v -0.8178779 0.030009083 1.7951174
v -0.78355765 0.0335482 1.7840525
v -0.82379246 -0.116627574 1.7937422
v -0.7687104 -0.040574163 1.7790141
v -0.78355765 0.0335482 1.7840525
v -0.8178779 0.030009083 1.7951174
v -0.86792815 -0.101926155 1.8206213
v -0.8652661 -0.02801577 1.8201098
vt 0.48922247 0.9119103
vt 0.54820263 0.9581137
vt 0.54695356 0.921293
vt 0.26972193 0.8792753
vt 0.25356144 0.88278025
vt 0.2578338 0.90628844
vt 0.2227726 0.8791757
vt 0.19416133 0.8723741
vt 0.226601 0.90820175
vt 0.48922247 0.9119103
vt 0.49060893 0.960834
vt 0.54820263 0.9581137
vt 0.7818785 0.22840595
vt 0.79908776 0.29028034
vt 0.8195263 0.23223925
vt 0.946965 0.82182837
vt 0.92079604 0.85067505
vt 0.946965 0.8929493
vt 0.6229243 0.8478018
vt 0.63858926 0.79546535
vt 0.6035956 0.816573
vt 0.7167597 0.60579634
vt 0.72212267 0.5972903
vt 0.6933761 0.5991876
vt 0.66881657 0.3015474
vt 0.63647306 0.35176456
vt 0.67010474 0.37361634
vt 0.66881657 0.3015474
vt 0.61940825 0.31915247
vt 0.63647306 0.35176456
vt 0.21056283 0.008728504
vt 0.18149984 0.030545235
vt 0.20892143 0.086013556
vt 0.80078655 0.927459
vt 0.82816786 0.94121593
vt 0.82816786 0.9109745
vt 0.20892143 0.086013556
vt 0.18149984 0.030545235
vt 0.16579878 0.065117836
vt 0.72212267 0.5972903
vt 0.71767896 0.58860517
vt 0.6933761 0.5991876
vt 0.59176314 0.82602763
vt 0.57498485 0.82181144
vt 0.59075296 0.844491
vt 0.54695356 0.921293
vt 0.5322135 0.89186096
vt 0.48922247 0.9119103
vt 0.48922247 0.9119103
vt 0.5322135 0.89186096
vt 0.4959513 0.8866023
vt 0.55545175 0.7895603
vt 0.57498485 0.82181144
vt 0.5926941 0.79217577
vt 0.55545175 0.7895603
vt 0.56044006 0.8377378
vt 0.57498485 0.82181144
vt 0.5926941 0.79217577
vt 0.57498485 0.82181144
vt 0.5924736 0.8182905
vt 0.06760287 0.897655
vt 0.060676575 0.8701662
vt 0.043091297 0.8865702
vt 0.59176314 0.82602763
vt 0.5924736 0.8182905
vt 0.57498485 0.82181144
vt 0.59075296 0.844491
vt 0.57498485 0.82181144
vt 0.56044006 0.8377378
vt 0.48922247 0.9119103
vt 0.54695356 0.921293
vt 0.54820263 0.9581137
vt 0.26972193 0.8792753
vt 0.2578338 0.90628844
vt 0.25356144 0.88278025
vt 0.2227726 0.8791757
vt 0.226601 0.90820175
vt 0.19416133 0.8723741
vt 0.48922247 0.9119103
vt 0.54820263 0.9581137
vt 0.49060893 0.960834
vt 0.7818785 0.22840595
vt 0.8195263 0.23223925
vt 0.79908776 0.29028034
vt 0.946965 0.82182837
vt 0.946965 0.8929493
vt 0.92079604 0.85067505
vt 0.6229243 0.8478018
vt 0.6035956 0.816573
vt 0.63858926 0.79546535
vt 0.7167597 0.60579634
vt 0.6933761 0.5991876
vt 0.72212267 0.5972903
vt 0.66881657 0.3015474
vt 0.67010474 0.37361634
vt 0.63647306 0.35176456
vt 0.66881657 0.3015474
vt 0.63647306 0.35176456
vt 0.61940825 0.31915247
vt 0.21056283 0.008728504
vt 0.20892143 0.086013556
vt 0.18149984 0.030545235
vt 0.80078655 0.927459
vt 0.82816786 0.9109745
vt 0.82816786 0.94121593
vt 0.20892143 0.086013556
vt 0.16579878 0.065117836
vt 0.18149984 0.030545235
vt 0.72212267 0.5972903
vt 0.6933761 0.5991876
vt 0.71767896 0.58860517
vt 0.59176314 0.82602763
vt 0.59075296 0.844491
vt 0.57498485 0.82181144
vt 0.54695356 0.921293
vt 0.48922247 0.9119103
vt 0.5322135 0.89186096
vt 0.48922247 0.9119103
vt 0.4959513 0.8866023
vt 0.5322135 0.89186096
vt 0.55545175 0.7895603
vt 0.5926941 0.79217577
vt 0.57498485 0.82181144
vt 0.55545175 0.7895603
vt 0.57498485 0.82181144
vt 0.56044006 0.8377378
vt 0.5926941 0.79217577
vt 0.5924736 0.8182905
vt 0.57498485 0.82181144
vt 0.06760287 0.897655
vt 0.043091297 0.8865702
vt 0.060676575 0.8701662
vt 0.59176314 0.82602763
vt 0.57498485 0.82181144
vt 0.5924736 0.8182905
vt 0.59075296 0.844491
vt 0.56044006 0.8377378
vt 0.57498485 0.82181144
vt 0.8228836 0.77953625
vt 0.81314296 0.7365236
vt 0.78060627 0.7338371
vt 0.7544333 0.7665751
vt 0.48922247 0.9119103
vt 0.43553904 0.93127525
vt 0.4412011 0.95870066
vt 0.49060893 0.960834
vt 0.48922247 0.9119103
vt 0.4959513 0.8866023
vt 0.48552525 0.8792001
vt 0.46819484 0.8940965
vt 0.48922247 0.9119103
vt 0.46819484 0.8940965
vt 0.4351704 0.9195516
vt 0.43553904 0.93127525
vt 0.8228836 0.77953625
vt 0.7544333 0.7665751
vt 0.7580972 0.8050177
vt 0.81713235 0.80947185
vt 0.9643725 0.5412097
vt 0.97112787 0.50612795
vt 0.9567565 0.5062082
vt 0.9354478 0.5376692
vt 0.9643725 0.5412097
vt 0.9354478 0.5376692
vt 0.9362706 0.5745144
vt 0.96485734 0.57922363
vt 0.24934402 0.80830437
vt 0.24552923 0.7866106
vt 0.22553542 0.7890333
vt 0.21650282 0.8123146
vt 0.24934402 0.80830437
vt 0.21650282 0.8123146
vt 0.22441402 0.8485669
vt 0.25208804 0.8486308
vt 0.8448281 0.7447238
vt 0.8228836 0.77953625
vt 0.86241853 0.79030037
vt 0.87261343 0.76856804
vt 0.22441402 0.8485669
vt 0.2227726 0.8791757
vt 0.25356144 0.88278025
vt 0.25208804 0.8486308
vt 0.2227726 0.8791757
vt 0.22441402 0.8485669
vt 0.19435781 0.8470397
vt 0.19416133 0.8723741
vt 0.887112 0.7974906
vt 0.86241853 0.79030037
vt 0.8611958 0.8124404
vt 0.88639843 0.81379604
vt 0.86241853 0.79030037
vt 0.8228836 0.77953625
vt 0.81713235 0.80947185
vt 0.8611958 0.8124404
vt 0.4412011 0.95870066
vt 0.43553904 0.93127525
vt 0.41002923 0.94005656
vt 0.41325396 0.9589851
vt 0.26972193 0.8792753
vt 0.26972193 0.8523574
vt 0.25208804 0.8486308
vt 0.25356144 0.88278025
vt 0.41002923 0.94005656
vt 0.38227963 0.9429008
vt 0.37729388 0.960834
vt 0.41325396 0.9589851
vt 0.92592055 0.7945719
vt 0.887112 0.7974906
vt 0.88639843 0.81379604
vt 0.92881614 0.8152902
vt 0.92297 0.9011674
vt 0.92079604 0.93305063
vt 0.9410945 0.9312034
vt 0.9410945 0.89948756
vt 0.25356144 0.88278025
vt 0.2227726 0.8791757
vt 0.226601 0.90820175
vt 0.2578338 0.90628844
vt 0.58757746 0.93755853
vt 0.5911724 0.9079083
vt 0.55868465 0.90362346
vt 0.57018876 0.93526506
vt 0.2945572 0.28755116
vt 0.28870893 0.36588454
vt 0.3450383 0.3701954
vt 0.34567225 0.33424878
vt 0.72212267 0.75759816
vt 0.6808349 0.75974154
vt 0.6725066 0.7791523
vt 0.6905359 0.84098697
vt 0.6579428 0.85389495
vt 0.6490493 0.7953273
vt 0.63858926 0.79546535
vt 0.6229243 0.8478018
vt 0.25355434 0.22304487
vt 0.28470647 0.21531272
vt 0.2686211 0.14396787
vt 0.24006188 0.17267346
vt 0.6579428 0.85389495
vt 0.6654316 0.88959587
vt 0.708493 0.87573016
vt 0.6905359 0.84098697
vt 0.28470647 0.21531272
vt 0.3446132 0.20280552
vt 0.32708728 0.11585665
vt 0.2686211 0.14396787
vt 0.66881657 0.3015474
vt 0.701789 0.29109013
vt 0.7107228 0.21422756
vt 0.67575145 0.21090853
vt 0.840977 0.16462636
vt 0.80652744 0.16761923
vt 0.7818785 0.22840595
vt 0.8195263 0.23223925
vt 0.24006188 0.17267346
vt 0.2686211 0.14396787
vt 0.20892143 0.086013556
vt 0.19835138 0.11312723
vt 0.853117 0.099509
vt 0.9014478 0.11357188
vt 0.8799385 0.043423414
vt 0.81278193 0.0032691956
vt 0.2686211 0.14396787
vt 0.32708728 0.11585665
vt 0.314178 0.05461502
vt 0.20892143 0.086013556
vt 0.9142578 0.82182837
vt 0.8937434 0.8364563
vt 0.8895733 0.87569726
vt 0.8989332 0.8758354
vt 0.8989332 0.8758354
vt 0.8895733 0.87569726
vt 0.88861597 0.9323277
vt 0.91425776 0.9373467
vt 0.4072026 0.44195306
vt 0.41404375 0.47740376
vt 0.47776777 0.47918665
vt 0.46994227 0.4531778
vt 0.2945572 0.28755116
vt 0.34567225 0.33424878
vt 0.37075567 0.33669305
vt 0.36285472 0.28957987
vt 0.37046218 0.92320704
vt 0.338737 0.9202324
vt 0.33293104 0.94352406
vt 0.3580916 0.9430118
vt 0.37046218 0.90321136
vt 0.34042764 0.9052535
vt 0.338737 0.9202324
vt 0.37046218 0.92320704
vt 0.6905359 0.84098697
vt 0.6725066 0.7791523
vt 0.6490493 0.7953273
vt 0.6579428 0.85389495
vt 0.32434314 0.83240664
vt 0.32009625 0.78661066
vt 0.30247116 0.80721307
vt 0.31142837 0.8421838
vt 0.2849928 0.8348247
vt 0.7150037 0.39900553
vt 0.7235544 0.42888987
vt 0.7461293 0.4354149
vt 0.747895 0.4004761
vt 0.19569004 0.9170573
vt 0.1941613 0.9433987
vt 0.21394515 0.9433987
vt 0.20632195 0.9147401
vt 0.31142837 0.8421838
vt 0.2849928 0.8348247
vt 0.27842724 0.8580482
vt 0.29319078 0.86476135
vt 0.58962554 0.8655591
vt 0.59075296 0.844491
vt 0.56044006 0.8377378
vt 0.5675554 0.8613117
vt 0.5926941 0.79217577
vt 0.5926941 0.7535696
vt 0.5547408 0.75618863
vt 0.55545175 0.7895603
vt 0.75749505 0.82182837
vt 0.75443316 0.8821552
vt 0.79017615 0.8833127
vt 0.79424834 0.8359693
vt 0.0032691956 0.8750943
vt 0.02353406 0.9055915
vt 0.043091297 0.8865702
vt 0.028939724 0.8708687
vt 0.010814667 0.8274611
vt 0.0032691956 0.8750943
vt 0.028939724 0.8708687
vt 0.035223246 0.8361844
vt 0.88114417 0.8699784
vt 0.88207775 0.8218286
vt 0.85257274 0.8246982
vt 0.851363 0.8651242
vt 0.6799506 0.9310651
vt 0.72212255 0.90278363
vt 0.708493 0.87573016
vt 0.6654316 0.88959587
vt 0.72212267 0.7158778
vt 0.67705977 0.7144456
vt 0.672073 0.75106
vt 0.7183033 0.7486565
vt 0.6229243 0.8478018
vt 0.6317383 0.8844645
vt 0.6654316 0.88959587
vt 0.6579428 0.85389495
vt 0.72212267 0.7158778
vt 0.71504724 0.67871666
vt 0.68514323 0.6794884
vt 0.67705977 0.7144456
vt 0.6342524 0.52831626
vt 0.6102945 0.53382564
vt 0.63313806 0.5360532
vt 0.63256824 0.52055645
vt 0.66881657 0.3015474
vt 0.62348855 0.27220118
vt 0.5919647 0.2857951
vt 0.61940825 0.31915247
vt 0.16579878 0.065117836
vt 0.14984667 0.10659742
vt 0.18003142 0.11324477
vt 0.20892143 0.086013556
vt 0.67705977 0.7144456
vt 0.68514323 0.6794884
vt 0.6597866 0.65824294
vt 0.64554346 0.6923485
vt 0.37020433 0.8966732
vt 0.35536253 0.82785505
vt 0.33331347 0.82421863
vt 0.3329308 0.8966732
vt 0.14984667 0.10659742
vt 0.10991979 0.19206142
vt 0.13384402 0.19735932
vt 0.18003142 0.11324477
vt 0.5521487 0.1886009
vt 0.5461856 0.15085447
vt 0.50593174 0.16731417
vt 0.5328933 0.19846594
vt 0.7199913 0.5571101
vt 0.6993613 0.44195318
vt 0.68015575 0.4470861
vt 0.6959276 0.56249833
vt 0.6052931 0.57046056
vt 0.5954909 0.6877465
vt 0.6141063 0.68498874
vt 0.6390052 0.57382536
vt 0.10991979 0.19206142
vt 0.08219695 0.21710348
vt 0.12686741 0.22354507
vt 0.13384402 0.19735932
vt 0.58955634 0.5333741
vt 0.57946193 0.5616193
vt 0.6052931 0.57046056
vt 0.6102945 0.53382564
vt 0.08219695 0.21710348
vt 0.043908 0.33984923
vt 0.055758238 0.34678745
vt 0.12686741 0.22354507
vt 0.57946193 0.5616193
vt 0.57388717 0.68379474
vt 0.5954909 0.6877465
vt 0.6052931 0.57046056
vt 0.5461856 0.15085447
vt 0.44742346 0.05890584
vt 0.43952525 0.063990116
vt 0.50593174 0.16731417
vt 0.28870893 0.36588454
vt 0.2979008 0.48348522
vt 0.3417158 0.48056173
vt 0.3450383 0.3701954
vt 0.41404375 0.47740376
vt 0.43568763 0.5861186
vt 0.47884417 0.5834174
vt 0.47776777 0.47918665
vt 0.8760846 0.21714044
vt 0.86966765 0.3084228
vt 0.92881614 0.31704617
vt 0.92464274 0.24104834
vt 0.93535435 0.056998014
vt 0.9376376 0.09228754
vt 0.99673086 0.06918478
vt 0.99673086 0.0032691956
vt 0.8195263 0.23223925
vt 0.8158506 0.2977941
vt 0.86966765 0.3084228
vt 0.8760846 0.21714044
vt 0.46994227 0.4531778
vt 0.47776777 0.47918665
vt 0.5306601 0.47696066
vt 0.52286035 0.4419793
vt 0.2979008 0.48348522
vt 0.30745077 0.52158237
vt 0.34212506 0.5175111
vt 0.3417158 0.48056173
vt 0.43568763 0.5861186
vt 0.45068002 0.62206507
vt 0.47956914 0.6210921
vt 0.47884417 0.5834174
vt 0.8158506 0.2977941
vt 0.8026328 0.41794848
vt 0.8629516 0.42785
vt 0.86966765 0.3084228
vt 0.47776777 0.47918665
vt 0.47884417 0.5834174
vt 0.5206008 0.5851884
vt 0.5306601 0.47696066
vt 0.86966765 0.3084228
vt 0.8629516 0.42785
vt 0.90340173 0.43163395
vt 0.92881614 0.31704617
vt 0.9376376 0.09228754
vt 0.94886935 0.19932187
vt 0.9927913 0.19034374
vt 0.99673086 0.06918478
vt 0.46187535 0.65733695
vt 0.47307068 0.69260895
vt 0.49768966 0.6913177
vt 0.4886294 0.65620494
vt 0.45068002 0.62206507
vt 0.47956914 0.6210921
vt 0.9519217 0.27021158
vt 0.9520888 0.30556524
vt 0.98289466 0.3005166
vt 0.9852272 0.2647531
vt 0.9517546 0.23485792
vt 0.9875598 0.22898984
vt 0.8026328 0.41794848
vt 0.8075095 0.45779133
vt 0.8563428 0.46690464
vt 0.8629516 0.42785
vt 0.47884417 0.5834174
vt 0.47956914 0.6210921
vt 0.5140139 0.62125444
vt 0.5206008 0.5851884
vt 0.8629516 0.42785
vt 0.8563428 0.46690464
vt 0.88381916 0.46896172
vt 0.90340173 0.43163395
vt 0.94886935 0.19932187
vt 0.9517546 0.23485792
vt 0.9875598 0.22898984
vt 0.9927913 0.19034374
vt 0.31310892 0.5569005
vt 0.31876707 0.5922191
vt 0.3470248 0.5892825
vt 0.34457493 0.55339694
vt 0.30745077 0.52158237
vt 0.34212506 0.5175111
vt 0.8012865 0.49310875
vt 0.7950636 0.5284262
vt 0.83363664 0.5360601
vt 0.8449897 0.50148225
vt 0.8075095 0.45779133
vt 0.8563428 0.46690464
vt 0.4886294 0.65620494
vt 0.49768966 0.6913177
vt 0.523764 0.6914333
vt 0.51888895 0.6563438
vt 0.47956914 0.6210921
vt 0.5140139 0.62125444
vt 0.8449897 0.50148225
vt 0.83363664 0.5360601
vt 0.8572767 0.5378299
vt 0.87054795 0.5033958
vt 0.8563428 0.46690464
vt 0.88381916 0.46896172
vt 0.47307068 0.69260895
vt 0.47263405 0.7418475
vt 0.50241095 0.7388115
vt 0.49768966 0.6913177
vt 0.9520888 0.30556524
vt 0.93897116 0.35285926
vt 0.9794356 0.34590423
vt 0.98289466 0.3005166
vt 0.93897116 0.35285926
vt 0.9567565 0.5062082
vt 0.97112787 0.50612795
vt 0.9794356 0.34590423
vt 0.81704795 0.5822964
vt 0.81314296 0.7365236
vt 0.82751846 0.7260225
vt 0.8543277 0.58596087
vt 0.31876707 0.5922191
vt 0.31063068 0.64347625
vt 0.352448 0.63813114
vt 0.3470248 0.5892825
vt 0.7950636 0.5284262
vt 0.76873744 0.571105
vt 0.81704795 0.5822964
vt 0.83363664 0.5360601
vt 0.49768966 0.6913177
vt 0.50241095 0.7388115
vt 0.54016256 0.7370678
vt 0.523764 0.6914333
vt 0.83363664 0.5360601
vt 0.81704795 0.5822964
vt 0.8543277 0.58596087
vt 0.8572767 0.5378299
vt 0.47263405 0.7418475
vt 0.48552525 0.8792001
vt 0.4959513 0.8866023
vt 0.50241095 0.7388115
vt 0.31063068 0.64347625
vt 0.35106575 0.78007245
vt 0.37075567 0.77519107
vt 0.352448 0.63813114
vt 0.76873744 0.571105
vt 0.78060627 0.7338371
vt 0.81314296 0.7365236
vt 0.81704795 0.5822964
vt 0.50241095 0.7388115
vt 0.4959513 0.8866023
vt 0.5322135 0.89186096
vt 0.54016256 0.7370678
vt 0.03861952 0.80804133
vt 0.010814667 0.8274611
vt 0.035223246 0.8361844
vt 0.050979137 0.8275937
vt 0.32639265 0.91892517
vt 0.32639265 0.88865924
vt 0.3038141 0.88097394
vt 0.29591227 0.91472673
vt 0.08438182 0.7924043
vt 0.03861952 0.80804133
vt 0.050979137 0.8275937
vt 0.081408024 0.8164921
vt 0.5749366 0.4535308
vt 0.58955634 0.5333741
vt 0.6102945 0.53382564
vt 0.59728026 0.45007133
vt 0.6959276 0.56249833
vt 0.68015575 0.4470861
vt 0.6620027 0.44325697
vt 0.67353475 0.5649102
vt 0.71767896 0.58860517
vt 0.7199913 0.5571101
vt 0.6959276 0.56249833
vt 0.6933761 0.5991876
vt 0.7140963 0.13872254
vt 0.7464957 0.13968575
vt 0.74586797 0.06582105
vt 0.7087344 0.07528627
vt 0.74586797 0.06582105
vt 0.7478949 0.010979295
vt 0.7283081 0.01636815
vt 0.7087344 0.07528627
vt 0.7062752 0.36671484
vt 0.7450881 0.37135231
vt 0.74479353 0.28733838
vt 0.701789 0.29109013
vt 0.7062752 0.36671484
vt 0.7150037 0.39900553
vt 0.747895 0.4004761
vt 0.7450881 0.37135231
vt 0.67010474 0.37361634
vt 0.7062752 0.36671484
vt 0.701789 0.29109013
vt 0.66881657 0.3015474
vt 0.701789 0.29109013
vt 0.74479353 0.28733838
vt 0.74607027 0.22011364
vt 0.7107228 0.21422756
vt 0.840977 0.16462636
vt 0.8875883 0.1644609
vt 0.9014478 0.11357188
vt 0.853117 0.099509
vt 0.8195263 0.23223925
vt 0.8760846 0.21714044
vt 0.8875883 0.1644609
vt 0.840977 0.16462636
vt 0.7107228 0.21422756
vt 0.74607027 0.22011364
vt 0.7464957 0.13968575
vt 0.7140963 0.13872254
vt 0.853117 0.099509
vt 0.8144231 0.092458725
vt 0.80652744 0.16761923
vt 0.840977 0.16462636
vt 0.2945572 0.28755116
vt 0.36285472 0.28957987
vt 0.3446132 0.20280552
vt 0.28470647 0.21531272
vt 0.8760846 0.21714044
vt 0.92464274 0.24104834
vt 0.9190717 0.16735888
vt 0.8875883 0.1644609
vt 0.6102945 0.53382564
vt 0.6052931 0.57046056
vt 0.6390052 0.57382536
vt 0.63313806 0.5360532
vt 0.5521487 0.1886009
vt 0.5328933 0.19846594
vt 0.5391464 0.20532262
vt 0.55921614 0.19508731
vt 0.62348855 0.27220118
vt 0.567508 0.20194042
vt 0.5452814 0.21529496
vt 0.5919647 0.2857951
vt 0.71504724 0.67871666
vt 0.7167597 0.60579634
vt 0.6933761 0.5991876
vt 0.68514323 0.6794884
vt 0.5391464 0.20532262
vt 0.5452814 0.21529496
vt 0.567508 0.20194042
vt 0.55921614 0.19508731
vt 0.59728026 0.45007133
vt 0.6102945 0.53382564
vt 0.63256824 0.52055645
vt 0.6322374 0.44195318
vt 0.35536253 0.82785505
vt 0.3526206 0.78661066
vt 0.33444178 0.78753775
vt 0.33331347 0.82421863
vt 0.07342601 0.9174496
vt 0.10798454 0.89566684
vt 0.0956254 0.88141966
vt 0.06760287 0.897655
vt 0.17181188 0.90066797
vt 0.18762314 0.85227597
vt 0.18762314 0.8243166
vt 0.17575333 0.78759116
vt 0.14138046 0.95919544
vt 0.16983041 0.9583013
vt 0.12930131 0.9010148
vt 0.14459407 0.7866106
vt 0.11786917 0.85790664
vt 0.11642307 0.8326709
vt 0.81314296 0.7365236
vt 0.8228836 0.77953625
vt 0.8448281 0.7447238
vt 0.82751846 0.7260225
vt 0.10988474 0.80720305
vt 0.081408024 0.8164921
vt 0.087768316 0.8397447
vt 0.10933375 0.8290142
vt 0.02353406 0.9055915
vt 0.07342601 0.9174496
vt 0.06760287 0.897655
vt 0.043091297 0.8865702
vt 0.081408024 0.8164921
vt 0.050979137 0.8275937
vt 0.059650898 0.85373867
vt 0.087768316 0.8397447
vt 0.050979137 0.8275937
vt 0.035223246 0.8361844
vt 0.028939724 0.8708687
vt 0.059650898 0.85373867
vt 0.0956254 0.88141966
vt 0.08438444 0.85666955
vt 0.060676575 0.8701662
vt 0.06760287 0.897655
vt 0.88207775 0.9171679
vt 0.88114417 0.8699784
vt 0.851363 0.8651242
vt 0.8486227 0.9057379
vt 0.75443316 0.8821552
vt 0.75921607 0.9214902
vt 0.79424834 0.9170686
vt 0.79017615 0.8833127
vt 0.059650898 0.85373867
vt 0.060676575 0.8701662
vt 0.08438444 0.85666955
vt 0.087768316 0.8397447
vt 0.29591227 0.91472673
vt 0.3038141 0.88097394
vt 0.28143597 0.88533187
vt 0.27626008 0.9027399
vt 0.059650898 0.85373867
vt 0.028939724 0.8708687
vt 0.043091297 0.8865702
vt 0.060676575 0.8701662
vt 0.10988474 0.858341
vt 0.08438444 0.85666955
vt 0.0956254 0.88141966
vt 0.10933375 0.8290142
vt 0.087768316 0.8397447
vt 0.27842724 0.8580482
vt 0.28143597 0.88533187
vt 0.3038141 0.88097394
vt 0.29319078 0.86476135
vt 0.10988474 0.80720305
vt 0.107568026 0.7866106
vt 0.08438182 0.7924043
vt 0.081408024 0.8164921
vt 0.29745972 0.0032691956
vt 0.21056283 0.008728504
vt 0.20892143 0.086013556
vt 0.314178 0.05461502
vt 0.57388717 0.68379474
vt 0.5578258 0.7109754
vt 0.59818864 0.7183585
vt 0.5954909 0.6877465
vt 0.5954909 0.6877465
vt 0.59818864 0.7183585
vt 0.6329683 0.71320605
vt 0.6141063 0.68498874
vt 0.043908 0.33984923
vt 0.02334416 0.35799146
vt 0.045484185 0.37095428
vt 0.055758238 0.34678745
vt 0.43952525 0.063990116
vt 0.42054403 0.03861296
vt 0.4033965 0.059239984
vt 0.4303472 0.07503033
vt 0.44742346 0.05890584
vt 0.4353006 0.029114127
vt 0.42054403 0.03861296
vt 0.43952525 0.063990116
vt 0.42054403 0.03861296
vt 0.39652312 0.013921142
vt 0.37729383 0.037052035
vt 0.4033965 0.059239984
vt 0.5911724 0.9079083
vt 0.5911724 0.8769023
vt 0.5547408 0.8720973
vt 0.55868465 0.90362346
vt 0.4353006 0.029114127
vt 0.41307104 0.0032690763
vt 0.39652312 0.013921142
vt 0.42054403 0.03861296
vt 0.59818864 0.7183585
vt 0.6000034 0.7470312
vt 0.6390052 0.7412534
vt 0.6329683 0.71320605
vt 0.5578258 0.7109754
vt 0.5547407 0.73875165
vt 0.6000034 0.7470312
vt 0.59818864 0.7183585
vt 0.02334416 0.35799146
vt 0.0032690763 0.3841536
vt 0.028096795 0.39869
vt 0.045484185 0.37095428
vt 0.80078655 0.8542264
vt 0.8196842 0.86211526
vt 0.8313245 0.8474318
vt 0.82646996 0.82182837
vt 0.8082785 0.9029944
vt 0.82307976 0.884218
vt 0.8196842 0.86211526
vt 0.80078655 0.8542264
vt 0.72866094 0.47968328
vt 0.74244475 0.48275375
vt 0.74667966 0.46565354
vt 0.73800504 0.44195318
vt 0.73800504 0.52027214
vt 0.74667966 0.5011494
vt 0.74244475 0.48275375
vt 0.72866094 0.47968328
vt 0.83299977 0.90443623
vt 0.834284 0.8848715
vt 0.82307976 0.884218
vt 0.8082785 0.9029944
vt 0.82646996 0.82182837
vt 0.8313245 0.8474318
vt 0.83840126 0.8515839
vt 0.84208435 0.8309896
vt 0.834284 0.8848715
vt 0.84208447 0.86850524
vt 0.83840126 0.8515839
vt 0.82307976 0.884218
vt 0.8313245 0.8474318
vt 0.8196842 0.86211526
vt 0.8228836 0.77953625
vt 0.7544333 0.7665751
vt 0.78060627 0.7338371
vt 0.81314296 0.7365236
vt 0.48922247 0.9119103
vt 0.49060893 0.960834
vt 0.4412011 0.95870066
vt 0.43553904 0.93127525
vt 0.48922247 0.9119103
vt 0.46819484 0.8940965
vt 0.48552525 0.8792001
vt 0.4959513 0.8866023
vt 0.48922247 0.9119103
vt 0.43553904 0.93127525
vt 0.4351704 0.9195516
vt 0.46819484 0.8940965
vt 0.8228836 0.77953625
vt 0.81713235 0.80947185
vt 0.7580972 0.8050177
vt 0.7544333 0.7665751
vt 0.9643725 0.5412097
vt 0.9354478 0.5376692
vt 0.9567565 0.5062082
vt 0.97112787 0.50612795
vt 0.9643725 0.5412097
vt 0.96485734 0.57922363
vt 0.9362706 0.5745144
vt 0.9354478 0.5376692
vt 0.24934402 0.80830437
vt 0.21650282 0.8123146
vt 0.22553542 0.7890333
vt 0.24552923 0.7866106
vt 0.24934402 0.80830437
vt 0.25208804 0.8486308
vt 0.22441402 0.8485669
vt 0.21650282 0.8123146
vt 0.8448281 0.7447238
vt 0.87261343 0.76856804
vt 0.86241853 0.79030037
vt 0.8228836 0.77953625
vt 0.22441402 0.8485669
vt 0.25208804 0.8486308
vt 0.25356144 0.88278025
vt 0.2227726 0.8791757
vt 0.2227726 0.8791757
vt 0.19416133 0.8723741
vt 0.19435781 0.8470397
vt 0.22441402 0.8485669
vt 0.887112 0.7974906
vt 0.88639843 0.81379604
vt 0.8611958 0.8124404
vt 0.86241853 0.79030037
vt 0.86241853 0.79030037
vt 0.8611958 0.8124404
vt 0.81713235 0.80947185
vt 0.8228836 0.77953625
vt 0.4412011 0.95870066
vt 0.41325396 0.9589851
vt 0.41002923 0.94005656
vt 0.43553904 0.93127525
vt 0.26972193 0.8792753
vt 0.25356144 0.88278025
vt 0.25208804 0.8486308
vt 0.26972193 0.8523574
vt 0.41002923 0.94005656
vt 0.41325396 0.9589851
vt 0.37729388 0.960834
vt 0.38227963 0.9429008
vt 0.92592055 0.7945719
vt 0.92881614 0.8152902
vt 0.88639843 0.81379604
vt 0.887112 0.7974906
vt 0.92297 0.9011674
vt 0.9410945 0.89948756
vt 0.9410945 0.9312034
vt 0.92079604 0.93305063
vt 0.25356144 0.88278025
vt 0.2578338 0.90628844
vt 0.226601 0.90820175
vt 0.2227726 0.8791757
vt 0.58757746 0.93755853
vt 0.57018876 0.93526506
vt 0.55868465 0.90362346
vt 0.5911724 0.9079083
vt 0.2945572 0.28755116
vt 0.34567225 0.33424878
vt 0.3450383 0.3701954
vt 0.28870893 0.36588454
vt 0.72212267 0.75759816
vt 0.6905359 0.84098697
vt 0.6725066 0.7791523
vt 0.6808349 0.75974154
vt 0.6579428 0.85389495
vt 0.6229243 0.8478018
vt 0.63858926 0.79546535
vt 0.6490493 0.7953273
vt 0.25355434 0.22304487
vt 0.24006188 0.17267346
vt 0.2686211 0.14396787
vt 0.28470647 0.21531272
vt 0.6579428 0.85389495
vt 0.6905359 0.84098697
vt 0.708493 0.87573016
vt 0.6654316 0.88959587
vt 0.28470647 0.21531272
vt 0.2686211 0.14396787
vt 0.32708728 0.11585665
vt 0.3446132 0.20280552
vt 0.66881657 0.3015474
vt 0.67575145 0.21090853
vt 0.7107228 0.21422756
vt 0.701789 0.29109013
vt 0.840977 0.16462636
vt 0.8195263 0.23223925
vt 0.7818785 0.22840595
vt 0.80652744 0.16761923
vt 0.24006188 0.17267346
vt 0.19835138 0.11312723
vt 0.20892143 0.086013556
vt 0.2686211 0.14396787
vt 0.853117 0.099509
vt 0.81278193 0.0032691956
vt 0.8799385 0.043423414
vt 0.9014478 0.11357188
vt 0.2686211 0.14396787
vt 0.20892143 0.086013556
vt 0.314178 0.05461502
vt 0.32708728 0.11585665
vt 0.9142578 0.82182837
vt 0.8989332 0.8758354
vt 0.8895733 0.87569726
vt 0.8937434 0.8364563
vt 0.8989332 0.8758354
vt 0.91425776 0.9373467
vt 0.88861597 0.9323277
vt 0.8895733 0.87569726
vt 0.4072026 0.44195306
vt 0.46994227 0.4531778
vt 0.47776777 0.47918665
vt 0.41404375 0.47740376
vt 0.2945572 0.28755116
vt 0.36285472 0.28957987
vt 0.37075567 0.33669305
vt 0.34567225 0.33424878
vt 0.37046218 0.92320704
vt 0.3580916 0.9430118
vt 0.33293104 0.94352406
vt 0.338737 0.9202324
vt 0.37046218 0.90321136
vt 0.37046218 0.92320704
vt 0.338737 0.9202324
vt 0.34042764 0.9052535
vt 0.6905359 0.84098697
vt 0.6579428 0.85389495
vt 0.6490493 0.7953273
vt 0.6725066 0.7791523
vt 0.32434314 0.83240664
vt 0.30247116 0.80721307
vt 0.32009625 0.78661066
vt 0.31142837 0.8421838
vt 0.2849928 0.8348247
vt 0.7150037 0.39900553
vt 0.747895 0.4004761
vt 0.7461293 0.4354149
vt 0.7235544 0.42888987
vt 0.19569004 0.9170573
vt 0.20632195 0.9147401
vt 0.21394515 0.9433987
vt 0.1941613 0.9433987
vt 0.31142837 0.8421838
vt 0.29319078 0.86476135
vt 0.27842724 0.8580482
vt 0.2849928 0.8348247
vt 0.58962554 0.8655591
vt 0.5675554 0.8613117
vt 0.56044006 0.8377378
vt 0.59075296 0.844491
vt 0.5926941 0.79217577
vt 0.55545175 0.7895603
vt 0.5547408 0.75618863
vt 0.5926941 0.7535696
vt 0.75749505 0.82182837
vt 0.79424834 0.8359693
vt 0.79017615 0.8833127
vt 0.75443316 0.8821552
vt 0.0032691956 0.8750943
vt 0.028939724 0.8708687
vt 0.043091297 0.8865702
vt 0.02353406 0.9055915
vt 0.010814667 0.8274611
vt 0.035223246 0.8361844
vt 0.028939724 0.8708687
vt 0.0032691956 0.8750943
vt 0.88114417 0.8699784
vt 0.851363 0.8651242
vt 0.85257274 0.8246982
vt 0.88207775 0.8218286
vt 0.6799506 0.9310651
vt 0.6654316 0.88959587
vt 0.708493 0.87573016
vt 0.72212255 0.90278363
vt 0.72212267 0.7158778
vt 0.7183033 0.7486565
vt 0.672073 0.75106
vt 0.67705977 0.7144456
vt 0.6229243 0.8478018
vt 0.6579428 0.85389495
vt 0.6654316 0.88959587
vt 0.6317383 0.8844645
vt 0.72212267 0.7158778
vt 0.67705977 0.7144456
vt 0.68514323 0.6794884
vt 0.71504724 0.67871666
vt 0.6342524 0.52831626
vt 0.63313806 0.5360532
vt 0.6102945 0.53382564
vt 0.63256824 0.52055645
vt 0.66881657 0.3015474
vt 0.61940825 0.31915247
vt 0.5919647 0.2857951
vt 0.62348855 0.27220118
vt 0.16579878 0.065117836
vt 0.20892143 0.086013556
vt 0.18003142 0.11324477
vt 0.14984667 0.10659742
vt 0.67705977 0.7144456
vt 0.64554346 0.6923485
vt 0.6597866 0.65824294
vt 0.68514323 0.6794884
vt 0.37020433 0.8966732
vt 0.3329308 0.8966732
vt 0.33331347 0.82421863
vt 0.35536253 0.82785505
vt 0.14984667 0.10659742
vt 0.18003142 0.11324477
vt 0.13384402 0.19735932
vt 0.10991979 0.19206142
vt 0.5521487 0.1886009
vt 0.5328933 0.19846594
vt 0.50593174 0.16731417
vt 0.5461856 0.15085447
vt 0.7199913 0.5571101
vt 0.6959276 0.56249833
vt 0.68015575 0.4470861
vt 0.6993613 0.44195318
vt 0.6052931 0.57046056
vt 0.6390052 0.57382536
vt 0.6141063 0.68498874
vt 0.5954909 0.6877465
vt 0.10991979 0.19206142
vt 0.13384402 0.19735932
vt 0.12686741 0.22354507
vt 0.08219695 0.21710348
vt 0.58955634 0.5333741
vt 0.6102945 0.53382564
vt 0.6052931 0.57046056
vt 0.57946193 0.5616193
vt 0.08219695 0.21710348
vt 0.12686741 0.22354507
vt 0.055758238 0.34678745
vt 0.043908 0.33984923
vt 0.57946193 0.5616193
vt 0.6052931 0.57046056
vt 0.5954909 0.6877465
vt 0.57388717 0.68379474
vt 0.5461856 0.15085447
vt 0.50593174 0.16731417
vt 0.43952525 0.063990116
vt 0.44742346 0.05890584
vt 0.28870893 0.36588454
vt 0.3450383 0.3701954
vt 0.3417158 0.48056173
vt 0.2979008 0.48348522
vt 0.41404375 0.47740376
vt 0.47776777 0.47918665
vt 0.47884417 0.5834174
vt 0.43568763 0.5861186
vt 0.8760846 0.21714044
vt 0.92464274 0.24104834
vt 0.92881614 0.31704617
vt 0.86966765 0.3084228
vt 0.93535435 0.056998014
vt 0.99673086 0.0032691956
vt 0.99673086 0.06918478
vt 0.9376376 0.09228754
vt 0.8195263 0.23223925
vt 0.8760846 0.21714044
vt 0.86966765 0.3084228
vt 0.8158506 0.2977941
vt 0.46994227 0.4531778
vt 0.52286035 0.4419793
vt 0.5306601 0.47696066
vt 0.47776777 0.47918665
vt 0.2979008 0.48348522
vt 0.3417158 0.48056173
vt 0.34212506 0.5175111
vt 0.30745077 0.52158237
vt 0.43568763 0.5861186
vt 0.47884417 0.5834174
vt 0.47956914 0.6210921
vt 0.45068002 0.62206507
vt 0.8158506 0.2977941
vt 0.86966765 0.3084228
vt 0.8629516 0.42785
vt 0.8026328 0.41794848
vt 0.47776777 0.47918665
vt 0.5306601 0.47696066
vt 0.5206008 0.5851884
vt 0.47884417 0.5834174
vt 0.86966765 0.3084228
vt 0.92881614 0.31704617
vt 0.90340173 0.43163395
vt 0.8629516 0.42785
vt 0.9376376 0.09228754
vt 0.99673086 0.06918478
vt 0.9927913 0.19034374
vt 0.94886935 0.19932187
vt 0.46187535 0.65733695
vt 0.49768966 0.6913177
vt 0.47307068 0.69260895
vt 0.4886294 0.65620494
vt 0.45068002 0.62206507
vt 0.47956914 0.6210921
vt 0.9519217 0.27021158
vt 0.98289466 0.3005166
vt 0.9520888 0.30556524
vt 0.9852272 0.2647531
vt 0.9517546 0.23485792
vt 0.9875598 0.22898984
vt 0.8026328 0.41794848
vt 0.8629516 0.42785
vt 0.8563428 0.46690464
vt 0.8075095 0.45779133
vt 0.47884417 0.5834174
vt 0.5206008 0.5851884
vt 0.5140139 0.62125444
vt 0.47956914 0.6210921
vt 0.8629516 0.42785
vt 0.90340173 0.43163395
vt 0.88381916 0.46896172
vt 0.8563428 0.46690464
vt 0.94886935 0.19932187
vt 0.9927913 0.19034374
vt 0.9875598 0.22898984
vt 0.9517546 0.23485792
vt 0.31310892 0.5569005
vt 0.3470248 0.5892825
vt 0.31876707 0.5922191
vt 0.34457493 0.55339694
vt 0.30745077 0.52158237
vt 0.34212506 0.5175111
vt 0.8012865 0.49310875
vt 0.83363664 0.5360601
vt 0.7950636 0.5284262
vt 0.8449897 0.50148225
vt 0.8075095 0.45779133
vt 0.8563428 0.46690464
vt 0.4886294 0.65620494
vt 0.523764 0.6914333
vt 0.49768966 0.6913177
vt 0.51888895 0.6563438
vt 0.47956914 0.6210921
vt 0.5140139 0.62125444
vt 0.8449897 0.50148225
vt 0.8572767 0.5378299
vt 0.83363664 0.5360601
vt 0.87054795 0.5033958
vt 0.8563428 0.46690464
vt 0.88381916 0.46896172
vt 0.47307068 0.69260895
vt 0.49768966 0.6913177
vt 0.50241095 0.7388115
vt 0.47263405 0.7418475
vt 0.9520888 0.30556524
vt 0.98289466 0.3005166
vt 0.9794356 0.34590423
vt 0.93897116 0.35285926
vt 0.93897116 0.35285926
vt 0.9794356 0.34590423
vt 0.97112787 0.50612795
vt 0.9567565 0.5062082
vt 0.81704795 0.5822964
vt 0.8543277 0.58596087
vt 0.82751846 0.7260225
vt 0.81314296 0.7365236
vt 0.31876707 0.5922191
vt 0.3470248 0.5892825
vt 0.352448 0.63813114
vt 0.31063068 0.64347625
vt 0.7950636 0.5284262
vt 0.83363664 0.5360601
vt 0.81704795 0.5822964
vt 0.76873744 0.571105
vt 0.49768966 0.6913177
vt 0.523764 0.6914333
vt 0.54016256 0.7370678
vt 0.50241095 0.7388115
vt 0.83363664 0.5360601
vt 0.8572767 0.5378299
vt 0.8543277 0.58596087
vt 0.81704795 0.5822964
vt 0.47263405 0.7418475
vt 0.50241095 0.7388115
vt 0.4959513 0.8866023
vt 0.48552525 0.8792001
vt 0.31063068 0.64347625
vt 0.352448 0.63813114
vt 0.37075567 0.77519107
vt 0.35106575 0.78007245
vt 0.76873744 0.571105
vt 0.81704795 0.5822964
vt 0.81314296 0.7365236
vt 0.78060627 0.7338371
vt 0.50241095 0.7388115
vt 0.54016256 0.7370678
vt 0.5322135 0.89186096
vt 0.4959513 0.8866023
vt 0.03861952 0.80804133
vt 0.050979137 0.8275937
vt 0.035223246 0.8361844
vt 0.010814667 0.8274611
vt 0.32639265 0.91892517
vt 0.29591227 0.91472673
vt 0.3038141 0.88097394
vt 0.32639265 0.88865924
vt 0.08438182 0.7924043
vt 0.081408024 0.8164921
vt 0.050979137 0.8275937
vt 0.03861952 0.80804133
vt 0.5749366 0.4535308
vt 0.59728026 0.45007133
vt 0.6102945 0.53382564
vt 0.58955634 0.5333741
vt 0.6959276 0.56249833
vt 0.67353475 0.5649102
vt 0.6620027 0.44325697
vt 0.68015575 0.4470861
vt 0.71767896 0.58860517
vt 0.6933761 0.5991876
vt 0.6959276 0.56249833
vt 0.7199913 0.5571101
vt 0.7140963 0.13872254
vt 0.7087344 0.07528627
vt 0.74586797 0.06582105
vt 0.7464957 0.13968575
vt 0.74586797 0.06582105
vt 0.7087344 0.07528627
vt 0.7283081 0.01636815
vt 0.7478949 0.010979295
vt 0.7062752 0.36671484
vt 0.701789 0.29109013
vt 0.74479353 0.28733838
vt 0.7450881 0.37135231
vt 0.7062752 0.36671484
vt 0.7450881 0.37135231
vt 0.747895 0.4004761
vt 0.7150037 0.39900553
vt 0.67010474 0.37361634
vt 0.66881657 0.3015474
vt 0.701789 0.29109013
vt 0.7062752 0.36671484
vt 0.701789 0.29109013
vt 0.7107228 0.21422756
vt 0.74607027 0.22011364
vt 0.74479353 0.28733838
vt 0.840977 0.16462636
vt 0.853117 0.099509
vt 0.9014478 0.11357188
vt 0.8875883 0.1644609
vt 0.8195263 0.23223925
vt 0.840977 0.16462636
vt 0.8875883 0.1644609
vt 0.8760846 0.21714044
vt 0.7107228 0.21422756
vt 0.7140963 0.13872254
vt 0.7464957 0.13968575
vt 0.74607027 0.22011364
vt 0.853117 0.099509
vt 0.840977 0.16462636
vt 0.80652744 0.16761923
vt 0.8144231 0.092458725
vt 0.2945572 0.28755116
vt 0.28470647 0.21531272
vt 0.3446132 0.20280552
vt 0.36285472 0.28957987
vt 0.8760846 0.21714044
vt 0.8875883 0.1644609
vt 0.9190717 0.16735888
vt 0.92464274 0.24104834
vt 0.6102945 0.53382564
vt 0.63313806 0.5360532
vt 0.6390052 0.57382536
vt 0.6052931 0.57046056
vt 0.5521487 0.1886009
vt 0.55921614 0.19508731
vt 0.5391464 0.20532262
vt 0.5328933 0.19846594
vt 0.62348855 0.27220118
vt 0.5919647 0.2857951
vt 0.5452814 0.21529496
vt 0.567508 0.20194042
vt 0.71504724 0.67871666
vt 0.68514323 0.6794884
vt 0.6933761 0.5991876
vt 0.7167597 0.60579634
vt 0.5391464 0.20532262
vt 0.55921614 0.19508731
vt 0.567508 0.20194042
vt 0.5452814 0.21529496
vt 0.59728026 0.45007133
vt 0.6322374 0.44195318
vt 0.63256824 0.52055645
vt 0.6102945 0.53382564
vt 0.35536253 0.82785505
vt 0.33331347 0.82421863
vt 0.33444178 0.78753775
vt 0.3526206 0.78661066
vt 0.07342601 0.9174496
vt 0.06760287 0.897655
vt 0.0956254 0.88141966
vt 0.10798454 0.89566684
vt 0.18762314 0.8243166
vt 0.18762314 0.85227597
vt 0.17181188 0.90066797
vt 0.17575333 0.78759116
vt 0.14138046 0.95919544
vt 0.16983041 0.9583013
vt 0.14459407 0.7866106
vt 0.12930131 0.9010148
vt 0.11786917 0.85790664
vt 0.11642307 0.8326709
vt 0.81314296 0.7365236
vt 0.82751846 0.7260225
vt 0.8448281 0.7447238
vt 0.8228836 0.77953625
vt 0.10988474 0.80720305
vt 0.10933375 0.8290142
vt 0.087768316 0.8397447
vt 0.081408024 0.8164921
vt 0.02353406 0.9055915
vt 0.043091297 0.8865702
vt 0.06760287 0.897655
vt 0.07342601 0.9174496
vt 0.081408024 0.8164921
vt 0.087768316 0.8397447
vt 0.059650898 0.85373867
vt 0.050979137 0.8275937
vt 0.050979137 0.8275937
vt 0.059650898 0.85373867
vt 0.028939724 0.8708687
vt 0.035223246 0.8361844
vt 0.0956254 0.88141966
vt 0.06760287 0.897655
vt 0.060676575 0.8701662
vt 0.08438444 0.85666955
vt 0.88207775 0.9171679
vt 0.8486227 0.9057379
vt 0.851363 0.8651242
vt 0.88114417 0.8699784
vt 0.75443316 0.8821552
vt 0.79017615 0.8833127
vt 0.79424834 0.9170686
vt 0.75921607 0.9214902
vt 0.059650898 0.85373867
vt 0.087768316 0.8397447
vt 0.08438444 0.85666955
vt 0.060676575 0.8701662
vt 0.29591227 0.91472673
vt 0.27626008 0.9027399
vt 0.28143597 0.88533187
vt 0.3038141 0.88097394
vt 0.059650898 0.85373867
vt 0.060676575 0.8701662
vt 0.043091297 0.8865702
vt 0.028939724 0.8708687
vt 0.10988474 0.858341
vt 0.0956254 0.88141966
vt 0.08438444 0.85666955
vt 0.10933375 0.8290142
vt 0.087768316 0.8397447
vt 0.27842724 0.8580482
vt 0.29319078 0.86476135
vt 0.3038141 0.88097394
vt 0.28143597 0.88533187
vt 0.10988474 0.80720305
vt 0.081408024 0.8164921
vt 0.08438182 0.7924043
vt 0.107568026 0.7866106
vt 0.29745972 0.0032691956
vt 0.314178 0.05461502
vt 0.20892143 0.086013556
vt 0.21056283 0.008728504
vt 0.57388717 0.68379474
vt 0.5954909 0.6877465
vt 0.59818864 0.7183585
vt 0.5578258 0.7109754
vt 0.5954909 0.6877465
vt 0.6141063 0.68498874
vt 0.6329683 0.71320605
vt 0.59818864 0.7183585
vt 0.043908 0.33984923
vt 0.055758238 0.34678745
vt 0.045484185 0.37095428
vt 0.02334416 0.35799146
vt 0.43952525 0.063990116
vt 0.4303472 0.07503033
vt 0.4033965 0.059239984
vt 0.42054403 0.03861296
vt 0.44742346 0.05890584
vt 0.43952525 0.063990116
vt 0.42054403 0.03861296
vt 0.4353006 0.029114127
vt 0.42054403 0.03861296
vt 0.4033965 0.059239984
vt 0.37729383 0.037052035
vt 0.39652312 0.013921142
vt 0.5911724 0.9079083
vt 0.55868465 0.90362346
vt 0.5547408 0.8720973
vt 0.5911724 0.8769023
vt 0.4353006 0.029114127
vt 0.42054403 0.03861296
vt 0.39652312 0.013921142
vt 0.41307104 0.0032690763
vt 0.59818864 0.7183585
vt 0.6329683 0.71320605
vt 0.6390052 0.7412534
vt 0.6000034 0.7470312
vt 0.5578258 0.7109754
vt 0.59818864 0.7183585
vt 0.6000034 0.7470312
vt 0.5547407 0.73875165
vt 0.02334416 0.35799146
vt 0.045484185 0.37095428
vt 0.028096795 0.39869
vt 0.0032690763 0.3841536
vt 0.80078655 0.8542264
vt 0.82646996 0.82182837
vt 0.8313245 0.8474318
vt 0.8196842 0.86211526
vt 0.8082785 0.9029944
vt 0.80078655 0.8542264
vt 0.8196842 0.86211526
vt 0.82307976 0.884218
vt 0.72866094 0.47968328
vt 0.73800504 0.44195318
vt 0.74667966 0.46565354
vt 0.74244475 0.48275375
vt 0.73800504 0.52027214
vt 0.72866094 0.47968328
vt 0.74244475 0.48275375
vt 0.74667966 0.5011494
vt 0.83299977 0.90443623
vt 0.8082785 0.9029944
vt 0.82307976 0.884218
vt 0.834284 0.8848715
vt 0.82646996 0.82182837
vt 0.84208435 0.8309896
vt 0.83840126 0.8515839
vt 0.8313245 0.8474318
vt 0.82307976 0.884218
vt 0.8196842 0.86211526
vt 0.8313245 0.8474318
vt 0.83840126 0.8515839
vt 0.834284 0.8848715
vt 0.84208447 0.86850524
vn -0.97094405 -0.16900992 -0.16585608
vn -0.97075754 -0.1861849 -0.14469248
vn -0.9709751 -0.16613932 -0.1693933
vn -0.2903558 -0.49905336 0.81647915
vn -0.2903558 -0.49905336 0.81647915
vn -0.2903558 -0.49905336 0.81647915
vn 0.52769715 -0.15322185 0.83550113
vn 0.52769715 -0.15322185 0.83550113
vn 0.52769715 -0.15322185 0.83550113
vn -0.9360153 -0.19363643 -0.2898726
vn -0.9360225 -0.26905152 -0.22559436
vn -0.93601805 -0.22275162 -0.26505697
vn 0.48924336 0.7656237 -0.4168327
vn 0.47742286 0.76824915 -0.42476285
vn 0.48185465 0.7672477 -0.4218512
vn -0.26731622 0.64643013 -0.7097977
vn -0.255319 0.6594231 -0.70577145
vn -0.30138573 0.61217487 -0.7206251
vn 0.5084374 0.11092304 0.8264399
vn 0.21092394 0.2097705 0.9350754
vn 0.30923507 0.20812513 0.8976066
vn 0.8711437 -0.47571474 0.08385429
vn 0.8702575 -0.48779345 0.06862208
vn 0.8702575 -0.48779345 0.06862208
vn 0.59301937 0.69337887 0.21334417
vn 0.7329732 0.6299165 0.16701324
vn 0.61624396 0.6828476 0.20565578
vn 0.6991635 0.6215769 0.06469674
vn 0.8414153 0.52170384 0.0019396953
vn 0.822 0.535335 0.010505069
vn -0.7478931 -0.59505624 0.14775735
vn -0.8119139 -0.5471674 0.17730385
vn -0.7537355 -0.59053445 0.15103105
vn -0.6908827 0.07396692 -0.69844896
vn -0.7354702 0.12242055 -0.66164184
vn -0.7014677 0.085447595 -0.6913785
vn -0.5857059 -0.7714868 0.009219781
vn -0.65694976 -0.74659044 0.029043801
vn -0.66933066 -0.74224997 0.03257831
vn 0.7272134 -0.6719533 -0.1401389
vn 0.7272134 -0.6719533 -0.1401389
vn 0.7272134 -0.6719533 -0.1401389
vn 0.43076313 -0.74262404 -0.51114845
vn 0.43004322 -0.74255633 -0.51211005
vn 0.43414482 -0.7429424 -0.5066312
vn -0.8297711 -0.31997487 0.45326364
vn -0.8306072 -0.33976632 0.44119078
vn -0.82944256 -0.31219786 0.45800775
vn -0.9589369 -0.05621606 0.27602357
vn -0.95939934 -0.07129987 0.27288687
vn -0.95939934 -0.07129987 0.27288687
vn 0.071122706 -0.72517234 -0.6848843
vn 0.0775346 -0.72647655 -0.6809158
vn 0.074370116 -0.7220737 -0.6878071
vn 0.09794318 -0.654894 -0.74934703
vn 0.10605798 -0.66390014 -0.7368467
vn 0.10400872 -0.6571395 -0.7449934
vn 0.48046747 -0.8179279 -0.31645676
vn 0.4850522 -0.8160541 -0.3113758
vn 0.48401943 -0.8164762 -0.31252038
vn 0.963548 -0.1986013 0.17925587
vn 0.963548 -0.1986013 0.17925587
vn 0.963548 -0.1986013 0.17925587
vn 0.46966517 -0.632252 -0.6152699
vn 0.46852058 -0.63173103 -0.6169858
vn 0.46913776 -0.6320119 -0.61606055
vn 0.3476756 -0.80365187 -0.4789834
vn 0.3429711 -0.8030829 -0.48532465
vn 0.34824008 -0.8037201 -0.47822255
vn 0.9514414 -0.2978058 -0.06267173
vn 0.9527833 -0.29345733 -0.066733204
vn 0.94341284 -0.32382315 -0.03837151
vn 0.32208994 0.004537761 0.946699
vn 0.32208994 0.004537761 0.946699
vn 0.32208994 0.004537761 0.946699
vn -0.45321938 0.40957153 0.79173607
vn -0.45321938 0.40957153 0.79173607
vn -0.45321938 0.40957153 0.79173607
vn 0.90643305 -0.3947261 -0.13985546
vn 0.8962019 -0.42390662 -0.10960843
vn 0.879932 -0.47031048 -0.06150858
vn -0.5334207 0.71571267 -0.39339012
vn -0.53535724 0.6580958 -0.44048858
vn -0.5363967 0.6224864 -0.4695536
vn 0.633502 0.34930795 -0.68544626
vn 0.5895442 0.36176705 -0.7108318
vn 0.651413 0.34449843 -0.67517734
vn -0.15722258 0.27536654 0.94570714
vn -0.081546724 0.28307605 0.9520008
vn -0.05682876 0.250901 0.95945394
vn -0.71746284 0.4991863 0.4842193
vn -0.72277975 0.4998417 0.47722924
vn -0.72277975 0.4998417 0.47722924
vn 0.13839148 0.89006424 0.43154085
vn 0.1408686 0.88862157 0.4339425
vn 0.153319 0.881371 0.4460134
vn -0.011407288 0.950618 0.3058142
vn 0.011067328 0.94913226 0.31335548
vn 0.014619583 0.9488975 0.3145474
vn -0.033656746 -0.9885854 -0.13615847
vn -0.035048198 -0.98855144 -0.1361921
vn -0.051480353 -0.98845565 -0.14085153
vn 0.39906073 -0.31607705 -0.85914135
vn 0.40408072 -0.31730086 -0.85676605
vn 0.42005265 -0.32198304 -0.84779507
vn -0.2990792 -0.9207165 -0.24369425
vn -0.3149353 -0.9138156 -0.25643104
vn -0.31262618 -0.91482687 -0.25460187
vn -0.8410326 0.50743544 0.18754618
vn -0.8410326 0.50743544 0.18754618
vn -0.8410326 0.50743544 0.18754618
vn -0.78308153 -0.363369 -0.49963224
vn -0.78104687 -0.37089565 -0.49359515
vn -0.78351474 -0.3617666 -0.50091743
vn 0.85787386 0.0035468787 0.5137075
vn 0.85754734 0.005258903 0.51419395
vn 0.85870475 -0.0008099079 0.5124695
vn 0.976266 0.07528732 0.20247948
vn 0.9758834 0.08247009 0.20211217
vn 0.9758834 0.08247009 0.20211217
vn -0.4893641 -0.54540044 -0.6804859
vn -0.4902448 -0.5409777 -0.6833763
vn -0.48717996 -0.5492805 -0.67570734
vn -0.47122064 -0.47233889 -0.7448805
vn -0.47012323 -0.4769886 -0.7396982
vn -0.466618 -0.4890905 -0.7306001
vn -0.8710057 -0.38445312 -0.30585107
vn -0.8687407 -0.38988805 -0.30046266
vn -0.86808205 -0.3914683 -0.2988959
vn -0.8966506 0.39804327 0.19385377
vn -0.8966506 0.39804327 0.19385377
vn -0.8966506 0.39804327 0.19385377
vn -0.7535503 -0.25006902 -0.6036648
vn -0.7537887 -0.24828257 -0.6047815
vn -0.75406784 -0.2461921 -0.6060883
vn -0.74304426 -0.46971375 -0.4672826
vn -0.7426557 -0.47072363 -0.4663232
vn -0.74628234 -0.46129745 -0.47527847
vn 0.8184084 0.5241269 0.22443575
vn 0.8203582 0.44052714 0.36361265
vn 0.8204038 0.43857372 0.36686477
vn 0.8200655 0.45308042 0.34271407
vn -0.9895877 -0.032271486 -0.13848397
vn -0.99004173 -0.07232214 -0.11996375
vn -0.9900786 -0.075582296 -0.11845618
vn -0.9900561 -0.073593505 -0.11937585
vn -0.7166458 -0.6635312 0.19553804
vn -0.7181253 -0.6780573 0.1566388
vn -0.7181253 -0.6780573 0.1566388
vn -0.71631104 -0.6602448 0.2043388
vn -0.6206621 -0.682284 0.37344593
vn -0.62026864 -0.67657423 0.3822089
vn -0.6137067 -0.5813347 0.5283762
vn -0.61329406 -0.5753452 0.5375685
vn 0.82713556 0.55146384 0.08296084
vn 0.8298612 0.5120608 0.21124005
vn 0.8285117 0.53156984 0.14772707
vn 0.8267388 0.5571994 0.06428839
vn -0.39220822 0.4363711 0.80312055
vn -0.3923617 0.40171552 0.82744765
vn -0.3923617 0.40171552 0.82744765
vn -0.39222366 0.43288055 0.8055707
vn -0.47699872 0.8153796 0.31282663
vn -0.47690853 0.8144194 0.31677666
vn -0.47911778 0.8379437 0.22000185
vn -0.47916973 0.838496 0.21773003
vn 0.26436833 -0.8715475 0.39185068
vn 0.26179138 -0.90619355 0.33209226
vn 0.26179138 -0.90619355 0.33209226
vn 0.26549852 -0.8563525 0.4180594
vn 0.25072756 -0.8228296 0.49289635
vn 0.25188014 -0.8045902 0.5172772
vn 0.25857854 -0.6985892 0.65896976
vn 0.25881526 -0.6948435 0.6639768
vn 0.90422124 -0.015476882 0.4211993
vn 0.9059694 0.062348172 0.41525817
vn 0.90627235 0.07583286 0.41422877
vn 0.9060772 0.06714744 0.41489178
vn 0.25933623 -0.60961825 0.7417673
vn 0.26082277 -0.5823222 0.7699838
vn 0.26082277 -0.5823222 0.7699838
vn 0.25957328 -0.60526603 0.7462662
vn 0.6995779 -0.16997105 0.6940491
vn 0.698585 -0.19754359 0.68319404
vn 0.69905597 -0.1844657 0.68834275
vn 0.6995779 -0.16997105 0.6940491
vn 0.905582 0.42298663 -0.031655215
vn 0.9058173 0.42154923 -0.022263825
vn 0.90563893 0.42263895 -0.029383805
vn 0.905582 0.42298663 -0.031655215
vn 0.81459296 0.577773 0.016055103
vn 0.8150074 0.5740416 0.033627123
vn 0.814545 0.5782046 0.014022637
vn 0.81436855 0.5797924 0.0065449327
vn -0.9326854 -0.3485675 -0.09272582
vn -0.9327983 -0.34495527 -0.09973759
vn -0.9326854 -0.3485675 -0.09272582
vn -0.9326854 -0.3485675 -0.09272582
vn -0.3404685 -0.6206621 0.7062992
vn -0.3411874 -0.63246363 0.69145685
vn -0.341682 -0.6405837 0.6812445
vn -0.3404685 -0.6206621 0.7062992
vn -0.73354906 -0.6788747 -0.032152493
vn -0.73354906 -0.6788747 -0.032152493
vn -0.73354906 -0.6788747 -0.032152493
vn -0.73354906 -0.6788747 -0.032152493
vn 0.9754201 -0.20428999 -0.08258721
vn 0.9754201 -0.20428999 -0.08258721
vn 0.9754201 -0.20428999 -0.08258721
vn 0.9754201 -0.20428999 -0.08258721
vn 0.31454965 -0.9458418 0.080268085
vn 0.31454965 -0.9458418 0.080268085
vn 0.31454965 -0.9458418 0.080268085
vn 0.31454965 -0.9458418 0.080268085
vn 0.12925035 -0.3744786 0.918184
vn 0.12925035 -0.3744786 0.918184
vn 0.12925035 -0.3744786 0.918184
vn 0.12925035 -0.3744786 0.918184
vn 0.67648375 -0.477049 0.56106466
vn 0.67648375 -0.477049 0.56106466
vn 0.67648375 -0.477049 0.56106466
vn 0.67648375 -0.477049 0.56106466
vn -0.017522233 -0.9861216 -0.13813898
vn 0.09427489 -0.99201894 -0.049885917
vn 0.08971271 -0.9917845 -0.053476565
vn 0.032943405 -0.98886865 -0.09815687
vn 0.11351004 -0.75698215 0.6336889
vn 0.11402239 -0.7810981 0.5980352
vn 0.12007749 -0.77149904 0.61296225
vn -0.14046162 -0.69637537 0.6936004
vn 0.50852245 -0.2694928 0.8115586
vn 0.3511821 -0.120159715 0.9131603
vn 0.3525883 -0.114229724 0.91426593
vn 0.48589072 -0.23501712 0.8297752
vn 0.72344047 -0.6448636 -0.2001388
vn 0.7406121 -0.63744855 -0.19808847
vn 0.6201537 -0.6968876 -0.24153668
vn 0.62317383 -0.6920099 -0.22742358
vn 0.038565665 -0.6854525 0.7222831
vn 0.010959253 -0.68973106 0.72398245
vn 0.015831128 -0.688976 0.7236826
vn 0.04671149 -0.68419003 0.72178173
vn 0.3659983 -0.91177124 -0.16803128
vn 0.36796597 -0.912174 -0.17087784
vn 0.2665744 -0.914981 -0.21929862
vn 0.22695956 -0.9128613 -0.21084996
vn 0.7383254 0.39877254 -0.44950458
vn 0.6269864 0.62362283 -0.33541766
vn 0.54647344 0.7721095 -0.2707726
vn 0.5659963 0.7240122 -0.3017493
vn 0.6085116 0.6940955 0.37673655
vn 0.6093458 0.6961529 0.37792498
vn 0.58861566 0.71746045 0.36702466
vn 0.5719916 0.730784 0.36282194
vn 0.6549624 -0.64990664 -0.25958198
vn 0.6528041 -0.6541972 -0.2722081
vn 0.10879899 -0.9054099 -0.32110196
vn 0.08513254 -0.9161395 -0.3224771
vn 0.76803493 0.4488633 -0.37458077
vn 0.75518996 0.46540534 -0.38741496
vn 0.78495866 -0.05057232 -0.5838584
vn 0.7833698 0.06909523 -0.52974635
vn 0.3267452 -0.8930947 -0.16224135
vn 0.36617804 -0.89145726 -0.1687445
vn 0.32834136 -0.8951232 -0.17483506
vn -0.25777298 -0.9260929 -0.11720324
vn 0.268542 0.31863958 -0.9080758
vn 0.26319948 0.3252863 -0.9075346
vn 0.25844944 0.33119598 -0.9070534
vn 0.26103887 0.32797444 -0.90731573
vn 0.32133785 -0.051991865 -0.94420207
vn 0.31608048 -0.04924941 -0.9464984
vn 0.3493811 -0.06662042 -0.93195283
vn 0.36792892 -0.07629573 -0.9238513
vn -0.8952532 -0.37021983 -0.22705327
vn -0.86675227 -0.42802414 -0.2465835
vn -0.8716378 -0.41811538 -0.24323565
vn -0.92784053 -0.30412737 -0.20472276
vn 0.12194358 -0.9580576 -0.24099103
vn 0.17442928 -0.9580173 -0.19727728
vn 0.14753479 -0.9581292 -0.21955687
vn 0.115085796 -0.9580562 -0.24671128
vn 0.7005502 -0.62359655 -0.30203018
vn 0.6482043 -0.6483074 -0.39238086
vn 0.64433 -0.65013146 -0.39656565
vn 0.6506503 -0.64701414 -0.3167305
vn 0.40922394 -0.80797756 -0.39710248
vn 0.34351742 -0.76773673 -0.5280782
vn 0.33406058 -0.7635653 -0.5421952
vn 0.39986303 -0.8126244 -0.38543501
vn -0.074062005 -0.70100987 0.7006386
vn 0.17442435 -0.73986375 0.6390463
vn 0.13243607 -0.7551029 0.618498
vn -0.08362214 -0.69998884 0.70233554
vn 0.26602873 0.46817055 -0.82852304
vn 0.3077715 0.5143401 -0.79543376
vn 0.29896677 0.5046016 -0.8024133
vn 0.27962092 0.48320422 -0.8177486
vn 0.340452 0.5062215 -0.7848067
vn 0.47118834 0.77627563 0.32185182
vn 0.51401055 0.63359797 0.56050164
vn 0.51482815 0.63194776 0.56230557
vn 0.4347439 0.80883557 0.34653667
vn 0.9356238 0.081146136 0.23424275
vn 0.9265292 -0.070805095 0.34357145
vn 0.9254319 -0.085009165 0.34857976
vn 0.9363009 0.08850388 0.23393652
vn 0.45583555 0.51510936 -0.7137891
vn 0.47494054 0.5290657 -0.6953982
vn 0.4781864 0.5314368 -0.69227374
vn 0.4625814 0.5200372 -0.70729536
vn 0.4588679 -0.6731959 -0.57738626
vn 0.4568358 -0.6725427 -0.5803097
vn 0.45724195 -0.6726733 -0.5797255
vn 0.46386477 -0.67480177 -0.5701979
vn 0.10019389 -0.9786688 -0.17935616
vn 0.09071724 -0.98025763 -0.17568532
vn 0.08700658 -0.9790696 -0.1839914
vn 0.081816696 -0.98050815 -0.17863339
vn 0.06671122 -0.93024117 0.3608338
vn 0.06671122 -0.93024117 0.3608338
vn 0.06671122 -0.93024117 0.3608338
vn 0.06671122 -0.93024117 0.3608338
vn 0.72378683 -0.44372717 0.5284306
vn 0.72378683 -0.44372717 0.5284306
vn 0.72378683 -0.44372717 0.5284306
vn 0.72378683 -0.44372717 0.5284306
vn 0.67437035 -0.70586544 0.21674526
vn 0.67437035 -0.70586544 0.21674526
vn 0.67437035 -0.70586544 0.21674526
vn 0.67437035 -0.70586544 0.21674526
vn 0.5099954 0.7514652 0.41857475
vn 0.50067735 0.7610871 0.40217096
vn 0.50721216 0.7543393 0.4136749
vn 0.5099954 0.7514652 0.41857475
vn 0.20074871 -0.9179547 0.34213883
vn 0.20074871 -0.9179547 0.34213883
vn 0.20907323 -0.9126186 0.34341842
vn 0.20074871 -0.9179547 0.34213883
vn 0.9325289 -0.15425877 0.30083057
vn 0.9407581 -0.17409024 0.29097542
vn 0.9407581 -0.17409024 0.29097542
vn 0.92461634 -0.13519026 0.31030667
vn 0.63684916 -0.12874974 0.7322524
vn 0.67848206 -0.19091947 0.6992957
vn 0.6945769 -0.21495374 0.68655485
vn 0.66985655 -0.17803916 0.7061236
vn 0.9836087 -0.09867966 0.0598851
vn 0.98600626 -0.1319813 0.039919734
vn 0.9912067 -0.121287815 0.04864721
vn 0.99146867 -0.12074937 0.04908666
vn -0.34443086 0.66076636 -0.6668992
vn -0.34443086 0.66076636 -0.6668992
vn -0.34443086 0.66076636 -0.6668992
vn -0.33155847 0.687683 -0.64481896
vn 0.6090536 0.66611683 -0.30008006
vn 0.73638576 0.5546211 -0.36960313
vn 0.74002624 0.54207176 -0.37935543
vn 0.7287971 0.56992954 -0.35827398
vn -0.6039444 -0.7719782 -0.19824395
vn -0.60891855 -0.76238054 -0.18002278
vn -0.609895 -0.76049656 -0.17644593
vn -0.513217 -0.78979975 -0.21748716
vn 0.2623013 -0.9637508 0.048809856
vn 0.26196235 -0.96369267 0.049252838
vn 0.2548651 -0.96247697 0.058528647
vn 0.2623013 -0.9637508 0.048809856
vn 0.33012697 -0.90779966 0.25846338
vn 0.18027937 -0.8431713 0.50651866
vn 0.18027937 -0.8431713 0.50651866
vn 0.3261183 -0.90607065 0.2650993
vn -0.6124897 -0.78081656 -0.0058959816
vn -0.6949224 -0.3936506 0.6017656
vn -0.6949224 -0.3936506 0.6017656
vn -0.61295575 -0.7786277 -0.0024606083
vn 0.715915 0.30872917 -0.62622005
vn 0.715915 0.30872917 -0.62622005
vn 0.715915 0.30872917 -0.62622005
vn 0.715915 0.30872917 -0.62622005
vn 0.7574728 -0.5959818 -0.2665336
vn 0.7574728 -0.5959818 -0.2665336
vn 0.7574728 -0.5959818 -0.2665336
vn 0.7574728 -0.5959818 -0.2665336
vn -0.50762224 0.68081087 -0.5280299
vn -0.50762224 0.68081087 -0.5280299
vn -0.50762224 0.68081087 -0.5280299
vn -0.50762224 0.68081087 -0.5280299
vn -0.3559931 -0.34357396 0.86903703
vn -0.3559931 -0.34357396 0.86903703
vn -0.3559931 -0.34357396 0.86903703
vn -0.3559931 -0.34357396 0.86903703
vn -0.6769328 0.60620075 0.41747117
vn -0.6769328 0.60620075 0.41747117
vn -0.6769328 0.60620075 0.41747117
vn -0.6769328 0.60620075 0.41747117
vn -0.42676473 -0.4155341 0.803245
vn -0.42676473 -0.4155341 0.803245
vn -0.42676473 -0.4155341 0.803245
vn -0.42676473 -0.4155341 0.803245
vn -0.8914064 0.43544894 0.1256113
vn -0.8914064 0.43544894 0.1256113
vn -0.8914064 0.43544894 0.1256113
vn -0.8914064 0.43544894 0.1256113
vn 0.5710455 0.12752198 -0.81095296
vn 0.5710455 0.12752198 -0.81095296
vn 0.5710455 0.12752198 -0.81095296
vn 0.5710455 0.12752198 -0.81095296
vn 0.011762715 -0.97320354 -0.21887329
vn 0.03199452 -0.97807056 -0.20580076
vn 0.03199452 -0.97807056 -0.20580076
vn 0.0068183537 -0.9720141 -0.22206803
vn -0.80125725 -0.5457503 -0.23584212
vn -0.78699017 -0.5680772 -0.2406962
vn -0.78699017 -0.5680772 -0.2406962
vn -0.8072339 -0.53639734 -0.2338087
vn 0.9013794 -0.39094186 0.16626912
vn 0.9224003 -0.25543702 0.28352848
vn 0.9213787 -0.2621647 0.27767462
vn 0.90379333 -0.37695473 0.17801702
vn -0.00056046876 0.9794954 0.17711681
vn -0.09745579 0.9865134 0.10237542
vn -0.10403736 0.9869901 0.09729866
vn 0.010244034 0.97871274 0.18545099
vn 0.88725936 0.406488 0.20357034
vn 0.822703 0.5150557 0.23115174
vn 0.8165388 0.52542233 0.23378536
vn 0.89258355 0.39655054 0.20228238
vn -0.97374594 0.2154004 0.012691699
vn -0.98744947 0.10899943 -0.07786444
vn -0.9879128 0.10540186 -0.08092627
vn -0.97634375 0.1952287 -0.0044760965
vn 0.012775296 -0.9230275 -0.38452113
vn 0.012775296 -0.9230275 -0.38452113
vn 0.012775296 -0.9230275 -0.38452113
vn 0.012775296 -0.9230275 -0.38452113
vn -0.655695 -0.65559 -0.37452045
vn -0.655695 -0.65559 -0.37452045
vn -0.655695 -0.65559 -0.37452045
vn -0.655695 -0.65559 -0.37452045
vn 0.7574647 0.642455 0.0998162
vn 0.743305 0.6611251 0.1020355
vn 0.743305 0.6611251 0.1020355
vn 0.7508421 0.65118706 0.10085418
vn -0.95484537 0.21089432 -0.18942548
vn -0.95961344 0.17783405 -0.21798362
vn -0.95961344 0.17783405 -0.21798362
vn -0.95539284 0.20709787 -0.19270493
vn 0.9653899 -0.2421065 0.07877086
vn 0.96876234 -0.2312123 0.089668006
vn 0.96876234 -0.2312123 0.089668006
vn 0.9635653 -0.24800144 0.07287437
vn -0.1116211 0.9905041 0.0032261307
vn -0.13977933 0.9899721 -0.020409228
vn -0.13977933 0.9899721 -0.020409228
vn -0.11781659 0.990387 -0.0019742097
vn -0.6709012 -0.67440414 -0.29508662
vn -0.652123 -0.5398152 -0.52808106
vn -0.65323704 -0.5478012 -0.5142559
vn -0.6702237 -0.6695486 -0.30349234
vn -0.691299 -0.671165 -0.2676619
vn -0.691299 -0.671165 -0.2676619
vn -0.3699171 0.8936484 0.17176966
vn -0.40048966 0.7633423 0.48112398
vn -0.39887172 0.7702384 0.46475253
vn -0.36936334 0.8960087 0.16616628
vn -0.36252502 0.92515624 0.096967846
vn -0.36249688 0.92527616 0.096683115
vn 0.7409671 0.66145027 -0.11597834
vn 0.7403124 0.66193235 -0.111931786
vn 0.7400849 0.6620998 -0.1105258
vn 0.7409671 0.66145027 -0.11597834
vn -0.9185455 0.19836581 -0.34194306
vn -0.9185455 0.19836581 -0.34194306
vn -0.9189984 0.19920702 -0.3395437
vn -0.9185455 0.19836581 -0.34194306
vn 0.938087 -0.28459656 -0.1974777
vn 0.9380429 -0.2808494 -0.2001313
vn 0.938087 -0.28459656 -0.1974777
vn 0.938087 -0.28459656 -0.1974777
vn -0.26394716 0.94027525 -0.21497457
vn -0.2648948 0.93976665 -0.20816714
vn -0.26485166 0.9397897 -0.20847718
vn -0.26394716 0.94027525 -0.21497457
vn -0.02021718 -0.9197648 -0.356153
vn 0.004043142 -0.72059554 -0.6770922
vn 0.005770726 -0.7064125 -0.6999467
vn -0.021390706 -0.9293991 -0.34062833
vn -0.015277757 -0.9528908 -0.30292815
vn -0.015277757 -0.9528908 -0.30292815
vn 0.72786933 0.654716 0.1726081
vn 0.7067392 0.6011254 0.3576829
vn 0.7053145 0.5975123 0.37016088
vn 0.7278463 0.6546575 0.17281038
vn 0.747754 0.6509897 0.12664467
vn 0.7476103 0.650639 0.12789258
vn -0.98756355 0.13482149 -0.06871688
vn -0.99523747 0.08678768 0.021009393
vn -0.995 0.08827443 0.018232115
vn -0.98816526 0.13105567 -0.061682403
vn -0.9882909 0.12592377 -0.0861649
vn -0.9884196 0.12510867 -0.084652305
vn 0.94092995 -0.29588634 -0.13638991
vn 0.9455636 -0.17473659 -0.26317108
vn 0.9456415 -0.17269993 -0.26530242
vn 0.9406504 -0.3031984 -0.12873805
vn 0.93994427 -0.32165995 -0.109417856
vn 0.9398273 -0.3247193 -0.10621627
vn -0.5933774 -0.7141565 -0.36382604
vn -0.59130913 -0.7112511 -0.38009763
vn -0.59130913 -0.7112511 -0.38009763
vn -0.5955858 -0.71725875 -0.34645116
vn -0.5137813 0.5046949 0.6764959
vn -0.5155637 0.46589422 0.7191174
vn -0.5155637 0.46589422 0.7191174
vn -0.5132495 0.51627153 0.6637794
vn -0.44908 0.83212805 0.32540601
vn -0.44908 0.83212805 0.32540601
vn -0.44908 0.83212805 0.32540601
vn -0.44908 0.83212805 0.32540601
vn 0.9819925 -0.044715066 -0.1835477
vn 0.9819774 -0.045658506 -0.18326046
vn 0.9819925 -0.044715066 -0.1835477
vn 0.9819925 -0.044715066 -0.1835477
vn 0.093313225 -0.85797906 -0.4819853
vn 0.098604836 -0.8420466 -0.53031224
vn 0.098604836 -0.8420466 -0.53031224
vn 0.096137434 -0.84947574 -0.50777817
vn 0.60968816 0.47835612 0.6200795
vn 0.60810155 0.4421928 0.65929914
vn 0.60810155 0.4421928 0.65929914
vn 0.60923976 0.4681375 0.6311617
vn -0.977579 -0.10351274 0.17697215
vn -0.97632575 -0.118947 0.1806604
vn -0.97632575 -0.118947 0.1806604
vn -0.97788435 -0.099751845 0.1760734
vn 0.9594889 -0.24599561 0.12482695
vn 0.96282214 -0.24902946 0.10468268
vn 0.96282214 -0.24902946 0.10468268
vn 0.959838 -0.24631333 0.122717425
vn -0.51153445 -0.7132167 -0.47922054
vn -0.51153445 -0.7132167 -0.47922054
vn -0.51153445 -0.7132167 -0.47922054
vn -0.51153445 -0.7132167 -0.47922054
vn 0.20486364 -0.8106086 -0.5485804
vn 0.20486364 -0.8106086 -0.5485804
vn 0.20486364 -0.8106086 -0.5485804
vn 0.20486364 -0.8106086 -0.5485804
vn 0.6410539 0.72449833 0.25328246
vn 0.6410539 0.72449833 0.25328246
vn 0.640936 0.725424 0.24840415
vn 0.6410539 0.72449833 0.25328246
vn -0.9852954 0.057127923 -0.16102692
vn -0.9852954 0.057127923 -0.16102692
vn -0.9852954 0.057127923 -0.16102692
vn -0.9852954 0.057127923 -0.16102692
vn 0.786336 -0.6120162 -0.08433119
vn 0.7688527 -0.6333424 -0.08799374
vn 0.7743237 -0.62895805 -0.06953114
vn 0.770336 -0.6306967 -0.09383051
vn 0.40789893 0.8462609 -0.3313051
vn 0.38743877 0.84011346 -0.35498196
vn 0.38584197 0.8396337 -0.35682985
vn 0.4170605 0.8490135 -0.32070312
vn 0.7911645 -0.45983535 -0.4023776
vn 0.7888497 -0.4492064 -0.41943958
vn 0.7843978 -0.46535185 -0.4100827
vn 0.7973614 -0.4478528 -0.40394902
vn -0.9272564 0.115148425 -0.34473395
vn -0.9101207 0.41280225 0.03569591
vn -0.9101207 0.41280225 0.03569591
vn -0.90116906 0.056013413 -0.38179892
vn 0.52277994 -0.8232694 0.22119708
vn 0.52277994 -0.8232694 0.22119708
vn 0.52277994 -0.8232694 0.22119708
vn 0.52277994 -0.8232694 0.22119708
vn 0.8944888 -0.4438204 -0.053972363
vn 0.8944888 -0.4438204 -0.053972363
vn 0.8944888 -0.4438204 -0.053972363
vn 0.8944888 -0.4438204 -0.053972363
vn 0.059391223 0.88925594 0.45225036
vn 0.05992776 0.8887798 0.45301723
vn 0.03639547 0.898372 0.43262145
vn 0.034560714 0.89878875 0.43141937
vn -0.07247867 0.90603864 -0.4139945
vn -0.07972453 0.89940673 -0.4249202
vn -0.08720698 0.89242554 -0.436295
vn -0.073282994 0.9052874 -0.41521776
vn 0.1815639 0.8683864 0.2861959
vn 0.06755114 0.8985985 0.33155912
vn 0.08684999 0.89922947 0.3070696
vn 0.20010859 0.86392385 0.27755946
vn 0.2704348 0.30629557 0.8748029
vn 0.16088788 0.30626684 0.9159597
vn 0.12422196 0.31641987 0.9280568
vn 0.18421614 0.32485214 0.9041269
vn 0.8239165 0.4527858 0.06719886
vn 0.59046054 0.6901861 0.20753482
vn 0.603262 0.6785996 0.1959456
vn 0.8066829 0.4704225 0.07725431
vn 0.31166118 0.8689649 -0.21393031
vn 0.22655311 0.92154735 -0.18035495
vn 0.15377074 0.961526 -0.16259117
vn 0.16033812 0.9564246 -0.16747317
vn 0.9294265 0.35972744 -0.043495547
vn 0.92703646 0.3441139 -0.049550787
vn 0.926448 0.23628122 -0.07114433
vn 0.9320374 0.2062323 -0.06392264
vn 0.9212371 0.3363799 0.17909512
vn 0.92579734 0.3262895 0.17700525
vn 0.9356591 0.27666745 0.1659854
vn 0.93797714 0.29194215 0.17194828
vn 0.21496138 0.93814903 0.18122572
vn 0.20707816 0.9431207 0.18651098
vn 0.12117134 0.98327404 0.13081025
vn 0.12053372 0.9835163 0.12994644
vn 0.733544 0.6107162 0.06509067
vn 0.71319944 0.663323 0.09919438
vn 0.6556258 0.7514736 0.066115335
vn 0.6552555 0.7489837 0.0650371
vn 0.25778285 -0.9602938 -0.049892724
vn 0.25187397 -0.9621002 -0.056150135
vn 0.21857443 -0.9695323 -0.09373067
vn 0.21690392 -0.9686778 -0.0904993
vn 0.89384806 -0.4404743 -0.01895158
vn 0.8985806 -0.42848143 -0.0065581203
vn 0.88037026 -0.46627071 -0.041915253
vn 0.8659147 -0.4772739 -0.045569465
vn -0.07052879 0.9552061 -0.28741366
vn -0.07052879 0.9552061 -0.28741366
vn -0.07052879 0.9552061 -0.28741366
vn -0.07052879 0.9552061 -0.28741366
vn 0.37988833 0.20109208 -0.90290993
vn 0.37988833 0.20109208 -0.90290993
vn 0.37988833 0.20109208 -0.90290993
vn 0.37988833 0.20109208 -0.90290993
vn 0.6368471 0.7489134 -0.13945404
vn 0.62689066 0.3158661 -0.6979775
vn 0.62705654 0.31969675 -0.69302285
vn 0.64525276 0.7395555 -0.14996651
vn 0.95884305 -0.21277928 0.16955742
vn 0.82111794 -0.5458808 -0.12845367
vn 0.81421465 -0.56257707 -0.14339104
vn 0.96260774 -0.20367394 0.17770354
vn 0.7113987 0.49637207 -0.4975202
vn 0.70319885 0.5119967 -0.4677469
vn 0.7046914 0.50915265 -0.47316635
vn 0.7113987 0.49637207 -0.4975202
vn -0.39639196 0.81562984 -0.39179206
vn -0.29006165 0.77512974 -0.56128204
vn -0.29290313 0.7779584 -0.5544299
vn -0.36854804 0.8436632 -0.3848992
vn 0.5523451 -0.6408341 0.5331472
vn 0.5523451 -0.6408341 0.5331472
vn 0.5523451 -0.6408341 0.5331472
vn 0.5523451 -0.6408341 0.5331472
vn 0.8296434 0.44473368 0.3374964
vn 0.8278009 0.44866508 0.33333474
vn 0.8296434 0.44473368 0.3374964
vn 0.8296434 0.44473368 0.3374964
vn -0.06254303 0.15933308 -0.983272
vn -0.06294094 0.147605 -0.98704207
vn -0.06294094 0.147605 -0.98704207
vn -0.06294094 0.147605 -0.98704207
vn -0.057554726 0.306358 -0.93600935
vn -0.057467267 0.30893555 -0.9351807
vn -0.062363885 0.16461314 -0.98157465
vn -0.06294094 0.147605 -0.98704207
vn -0.06277439 0.15251398 -0.98546404
vn -0.06294094 0.147605 -0.98704207
vn 0.91807014 0.12955225 0.37415475
vn 0.9188841 0.2298204 0.31660053
vn 0.9183632 0.16565661 0.35343072
vn 0.9180512 0.12720928 0.3754996
vn 0.9154238 -0.23792769 -0.32196093
vn 0.9146591 -0.2473407 -0.3186905
vn 0.91460526 -0.24800237 -0.31846058
vn 0.91526896 -0.23983474 -0.32129833
vn 0.7546483 -0.013048738 0.6559996
vn 0.7546483 -0.013048738 0.6559996
vn 0.7546483 -0.013048738 0.6559996
vn 0.7546483 -0.013048738 0.6559996
vn 0.9051435 -0.38989046 -0.16517489
vn 0.9027148 -0.39737123 -0.16493054
vn 0.9027148 -0.39737123 -0.16493054
vn 0.9048251 -0.3908712 -0.16514285
vn 0.90511996 -0.4240472 -0.030689485
vn 0.90511996 -0.4240472 -0.030689485
vn 0.90511996 -0.4240472 -0.030689485
vn 0.90511996 -0.4240472 -0.030689485
vn 0.99054825 -0.1256823 0.054935947
vn 0.99054825 -0.1256823 0.054935947
vn 0.99054825 -0.1256823 0.054935947
vn 0.99054825 -0.1256823 0.054935947
vn 0.3392574 0.186403 0.9220402
vn 0.3392574 0.186403 0.9220402
vn 0.3392574 0.186403 0.9220402
vn 0.3392574 0.186403 0.9220402
vn 0.17942531 -0.4814275 0.85792416
vn 0.17942531 -0.4814275 0.85792416
vn 0.17942531 -0.4814275 0.85792416
vn 0.17942531 -0.4814275 0.85792416
vn 0.9936023 -0.112603456 -0.008658186
vn 0.9936023 -0.112603456 -0.008658186
vn 0.9936023 -0.112603456 -0.008658186
vn 0.99332887 -0.10436298 -0.012740478
vn 0.7001287 0.6789971 -0.21630943
vn 0.67393994 0.6830661 -0.25201732
vn 0.6905279 0.6804888 -0.22939977
vn 0.70340204 0.6784886 -0.21184614
vn 0.9438109 -0.28874308 0.16077441
vn 0.9438109 -0.28874308 0.16077441
vn 0.9438109 -0.28874308 0.16077441
vn 0.9438109 -0.28874308 0.16077441
vn 0.98796487 -0.027365461 -0.14279735
vn 0.9900863 -0.0381144 -0.13519005
vn 0.9900863 -0.0381144 -0.13519005
vn 0.99013036 0.007318899 -0.12009963
vn 0.9928461 -0.0053675324 -0.110846944
vn 0.6560471 0.60611403 -0.43804532
vn 0.66527677 0.60749066 -0.4267326
vn 0.64905983 0.6050718 -0.4466095
vn 0.6401137 0.60373735 -0.45757455
vn 0.69227374 -0.47865638 -0.5391557
vn 0.6921256 -0.47868913 -0.5393324
vn 0.6886378 -0.4794612 -0.54349345
vn 0.68754923 -0.47970217 -0.5447921
vn 0.30218065 -0.91708934 0.15528005
vn -0.19344258 -0.9314075 0.2134693
vn -0.20026052 -0.93139863 0.21466963
vn 0.3058492 -0.9139371 0.1607627
vn -0.68005586 0.66363657 0.31162494
vn -0.68005586 0.66363657 0.31162494
vn -0.68005586 0.66363657 0.31162494
vn -0.68005586 0.66363657 0.31162494
vn -0.14397945 0.96719986 -0.20926994
vn -0.14397945 0.96719986 -0.20926994
vn -0.14397945 0.96719986 -0.20926994
vn -0.14397945 0.96719986 -0.20926994
vn -0.31623426 -0.0069712074 0.94865525
vn -0.31623426 -0.0069712074 0.94865525
vn -0.31623426 -0.0069712074 0.94865525
vn -0.31623426 -0.0069712074 0.94865525
vn 0.98080826 -0.18933204 0.04656127
vn 0.98080826 -0.18933204 0.04656127
vn 0.98080826 -0.18933204 0.04656127
vn 0.98080826 -0.18933204 0.04656127
vn 0.91646516 0.3419096 -0.20781985
vn 0.91646516 0.3419096 -0.20781985
vn 0.91646516 0.3419096 -0.20781985
vn 0.91646516 0.3419096 -0.20781985
vn 0.9481424 -0.31255633 -0.057741255
vn 0.9481424 -0.31255633 -0.057741255
vn 0.9481424 -0.31255633 -0.057741255
vn 0.9481424 -0.31255633 -0.057741255
vn 0.6273934 -0.6219989 0.46850225
vn 0.6273934 -0.6219989 0.46850225
vn 0.6273934 -0.6219989 0.46850225
vn 0.6273934 -0.6219989 0.46850225
vn 0.8518828 0.19118011 -0.4875914
vn 0.8518828 0.19118011 -0.4875914
vn 0.8518828 0.19118011 -0.4875914
vn 0.8518828 0.19118011 -0.4875914
vn -0.36458462 0.7833189 -0.5034768
vn -0.36458462 0.7833189 -0.5034768
vn -0.36458462 0.7833189 -0.5034768
vn -0.36458462 0.7833189 -0.5034768
vn -0.86964417 0.48924154 0.06604046
vn -0.86964417 0.48924154 0.06604046
vn -0.86964417 0.48924154 0.06604046
vn -0.86964417 0.48924154 0.06604046
vn -0.50965774 -0.30078244 0.80608827
vn -0.50965774 -0.30078244 0.80608827
vn -0.50965774 -0.30078244 0.80608827
vn -0.50965774 -0.30078244 0.80608827
vn -0.5827293 -0.22356236 -0.7813104
vn -0.5827293 -0.22356236 -0.7813104
vn -0.5827293 -0.22356236 -0.7813104
vn -0.5827293 -0.22356236 -0.7813104
vn -0.7534783 -0.2806982 -0.59454066
vn -0.7534783 -0.2806982 -0.59454066
vn -0.7534783 -0.2806982 -0.59454066
vn -0.7534783 -0.2806982 -0.59454066
vn -0.09416625 -0.92633647 -0.36473674
vn -0.09416625 -0.92633647 -0.36473674
vn -0.09416625 -0.92633647 -0.36473674
vn -0.09416625 -0.92633647 -0.36473674
vn 0.12259847 -0.78935415 -0.6015724
vn 0.12259847 -0.78935415 -0.6015724
vn 0.12259847 -0.78935415 -0.6015724
vn 0.12259847 -0.78935415 -0.6015724
vn -0.5109812 -0.7746005 -0.37268183
vn -0.5109812 -0.7746005 -0.37268183
vn -0.5109812 -0.7746005 -0.37268183
vn -0.5109812 -0.7746005 -0.37268183
vn -0.23620275 -0.4756294 -0.8473395
vn -0.23620275 -0.4756294 -0.8473395
vn -0.23620275 -0.4756294 -0.8473395
vn -0.23620275 -0.4756294 -0.8473395
vn -0.44689536 -0.60970587 -0.6546318
vn -0.44689536 -0.60970587 -0.6546318
vn -0.44689536 -0.60970587 -0.6546318
vn -0.44689536 -0.60970587 -0.6546318
vn -0.44689536 -0.60970587 -0.6546318
vn -0.44689536 -0.60970587 -0.6546318
vn -0.74721766 0.6552284 -0.09456079
vn -0.78484666 0.61712587 0.0041487515
vn -0.7925301 0.6093459 0.024303816
vn -0.79149544 0.6103935 0.021589756
vn 0.9743797 -0.17658749 -0.1315268
vn 0.96202326 -0.25784072 -0.08666404
vn 0.9614286 -0.2617514 -0.084504835
vn 0.9624035 -0.2553408 -0.08804435
vn 0.71875376 -0.42647144 0.54722637
vn 0.7170243 -0.42409676 0.5510159
vn 0.7263979 -0.4369675 0.530477
vn 0.7263979 -0.4369675 0.530477
vn 0.63691086 -0.31964362 0.6999947
vn 0.61035013 -0.24782836 0.75179327
vn 0.61183774 -0.2518506 0.74889207
vn 0.63549274 -0.3158092 0.70276034
vn -0.76781726 0.5972351 -0.225891
vn -0.7625503 0.6001598 -0.23927103
vn -0.78608567 0.58709055 -0.17948163
vn -0.80400056 0.5771423 -0.13397035
vn 0.4585472 0.8315153 0.30745655
vn 0.45759904 0.8313633 0.3097973
vn 0.44913396 0.8300072 0.33069652
vn 0.44913396 0.8300072 0.33069652
vn 0.5100795 0.7963818 -0.31731588
vn 0.53378445 0.7549238 -0.3676441
vn 0.5332181 0.7559142 -0.36644173
vn 0.5090949 0.79810375 -0.3152253
vn -0.24858055 -0.40074122 0.87718683
vn -0.25264034 -0.38111198 0.88353723
vn -0.23932377 -0.445498 0.86270726
vn -0.23932377 -0.445498 0.86270726
vn -0.22583655 -0.2991466 0.92272645
vn -0.24891323 -0.15735114 0.95335096
vn -0.24823785 -0.16150108 0.9524547
vn -0.22912522 -0.2789392 0.9270909
vn -0.86423737 0.32302892 0.37754405
vn -0.85098165 0.40434408 0.33047646
vn -0.8495884 0.41289192 0.32552874
vn -0.8517517 0.39962086 0.3332104
vn -0.233324 -0.041586906 0.9688881
vn -0.23381194 -0.037353456 0.96931195
vn -0.23638421 -0.015035838 0.9715462
vn -0.23638421 -0.015035838 0.9715462
vn -0.6392592 0.34054133 0.6894797
vn -0.6392592 0.34054133 0.6894797
vn -0.6398598 0.32751164 0.6933046
vn -0.64040154 0.31575543 0.69675547
vn -0.85973865 0.45205164 -0.23768803
vn -0.85973865 0.45205164 -0.23768803
vn -0.86035424 0.45149535 -0.23608562
vn -0.86228365 0.4497518 -0.23106265
vn -0.7541811 0.5873297 -0.29162514
vn -0.75161576 0.5881647 -0.2980349
vn -0.7536327 0.58750814 -0.29299498
vn -0.7589206 0.58578676 -0.2797818
vn 0.8811671 -0.46371236 0.09226343
vn 0.8811671 -0.46371236 0.09226343
vn 0.8811671 -0.46371236 0.09226343
vn 0.8834221 -0.45960668 0.08601831
vn 0.34905782 -0.16321227 0.92277944
vn 0.34905782 -0.16321227 0.92277944
vn 0.35254422 -0.1790244 0.9171367
vn 0.35112318 -0.17257935 0.9194367
vn 0.6585702 -0.6741878 0.33429304
vn 0.6585702 -0.6741878 0.33429304
vn 0.6585702 -0.6741878 0.33429304
vn 0.6585702 -0.6741878 0.33429304
vn -0.9937855 -0.08152486 0.07580001
vn -0.9937855 -0.08152486 0.07580001
vn -0.9937855 -0.08152486 0.07580001
vn -0.9937855 -0.08152486 0.07580001
vn -0.39356145 -0.68903506 0.6085585
vn -0.39356145 -0.68903506 0.6085585
vn -0.39356145 -0.68903506 0.6085585
vn -0.39356145 -0.68903506 0.6085585
vn -0.07138005 0.2200076 0.97288495
vn -0.07138005 0.2200076 0.97288495
vn -0.07138005 0.2200076 0.97288495
vn -0.07138005 0.2200076 0.97288495
vn -0.69411755 0.029976234 0.71923727
vn -0.69411755 0.029976234 0.71923727
vn -0.69411755 0.029976234 0.71923727
vn -0.69411755 0.029976234 0.71923727
vn 0.022403557 -0.9317168 0.0154812895
vn 0.029404093 -0.8620168 0.2637389
vn 0.03682531 -0.7827196 0.5448825
vn 0.037421707 -0.77634716 0.56747615
vn -0.21193281 -0.7074631 0.6622067
vn -0.42470807 -0.71295834 0.5490209
vn -0.2156643 -0.744601 0.6223664
vn -0.22066048 -0.74215806 0.6177608
vn -0.4413973 0.025064364 0.8943485
vn -0.4129929 0.0219879 0.90535146
vn -0.2906425 -0.02331151 0.9501366
vn -0.29328796 -0.026169151 0.9488558
vn -0.78109634 -0.6055438 -0.09951106
vn -0.7987545 -0.5665062 -0.1610283
vn -0.80965936 -0.54961634 -0.17572135
vn -0.780222 -0.6088121 -0.091205895
vn -0.53126884 -0.56283045 0.626852
vn -0.52336466 -0.5642465 0.6306016
vn -0.55332905 -0.5588783 0.6163874
vn -0.5580564 -0.55803144 0.6141449
vn -0.4128714 -0.89215124 -0.10042563
vn -0.4631466 -0.858456 -0.20030142
vn -0.48878548 -0.8310765 -0.16034007
vn -0.40950134 -0.90199065 -0.12516586
vn -0.2770625 0.932238 -0.20877087
vn -0.41514 0.8805954 -0.2054765
vn -0.42925254 0.878553 -0.19704168
vn -0.3642706 0.9038539 -0.19609688
vn -0.53622484 0.7151009 0.43517232
vn -0.5450936 0.7282537 0.29983944
vn -0.54326534 0.72110146 0.37217477
vn -0.5369315 0.7133513 0.44976872
vn -0.8261705 -0.5166883 -0.18760587
vn -0.8522283 -0.34741873 -0.3824735
vn -0.85214096 -0.35270718 -0.37565416
vn -0.83623284 -0.49860436 -0.20110188
vn -0.69714916 0.659778 -0.25894654
vn -0.57230455 0.7497106 -0.3111474
vn -0.53598624 0.7725899 -0.33159506
vn -0.7139304 0.63536435 -0.2716869
vn -0.55213404 -0.8163045 -0.13875756
vn -0.633632 -0.71398354 -0.28770983
vn -0.59505653 -0.7581299 -0.09314967
vn -0.57176965 -0.7872712 -0.0955343
vn -0.36165696 0.12929225 -0.851013
vn -0.3608284 0.23165518 -0.8589801
vn -0.3537842 0.32710066 -0.8744116
vn -0.34854707 0.3135523 -0.88018
vn -0.42283943 -0.13350272 -0.85378695
vn -0.42210048 -0.40325338 -0.7089299
vn -0.37581322 -0.10281344 -0.91486675
vn -0.41111162 -0.054113723 -0.9077277
vn 0.9059927 -0.3585052 -0.13937062
vn 0.90342474 -0.31183958 -0.26784533
vn 0.9078536 -0.3923226 -0.0462683
vn 0.90823853 -0.3993188 -0.027007073
vn -0.12739734 -0.9216733 -0.06902472
vn -0.0991696 -0.9625064 -0.23745479
vn -0.06633482 -0.968803 -0.21451786
vn -0.12056819 -0.8762116 0.18314762
vn -0.85132354 -0.4630824 -0.2237013
vn -0.8559856 -0.4244392 -0.25442767
vn -0.88799477 -0.22971669 -0.37050137
vn -0.8864065 -0.24012637 -0.36373705
vn -0.61733717 -0.68853784 -0.3365987
vn -0.603713 -0.71314836 -0.3405357
vn -0.6717501 -0.4960363 -0.5234215
vn -0.66535306 -0.5165821 -0.50585204
vn -0.4674564 -0.66470313 0.5741404
vn -0.47549635 -0.6635244 0.5706477
vn -0.29722005 -0.7075906 0.62231326
vn -0.25979888 -0.7020408 0.65444
vn -0.02528888 0.54069275 -0.8221049
vn 0.00979019 0.5885816 -0.798411
vn 0.019167267 0.6013829 -0.7920773
vn -0.010813169 0.56045455 -0.8123273
vn -0.024901241 0.61209464 -0.77970517
vn -0.2049223 0.8938549 0.38251284
vn -0.20945126 0.8909926 0.38586372
vn -0.09756855 0.8076373 0.57120687
vn -0.0985602 0.80835587 0.56959933
vn -0.8649741 0.36350897 0.33661693
vn -0.8657633 0.36162525 0.33701217
vn -0.828096 0.4152481 0.3746225
vn -0.8304029 0.4112333 0.3734557
vn -0.14723527 0.6755158 -0.7025325
vn -0.1395911 0.68525124 -0.6970524
vn -0.12190792 0.70777225 -0.68437576
vn -0.12558606 0.7030879 -0.6870125
vn -0.76025283 -0.30550843 -0.5632087
vn -0.7576737 -0.32005236 -0.5532922
vn -0.7610921 -0.30077568 -0.5664356
vn -0.7613018 -0.29959354 -0.56724155
vn -0.65325284 -0.73700625 -0.1734435
vn -0.6393655 -0.74919426 -0.1729739
vn -0.64282614 -0.7449811 -0.17826393
vn -0.646417 -0.7438272 -0.16990069
vn -0.5901666 -0.7195526 0.36598858
vn -0.5901666 -0.7195526 0.36598858
vn -0.5901666 -0.7195526 0.36598858
vn -0.5901666 -0.7195526 0.36598858
vn -0.8392431 0.057602733 0.5406966
vn -0.8392431 0.057602733 0.5406966
vn -0.8392431 0.057602733 0.5406966
vn -0.8392431 0.057602733 0.5406966
vn -0.9559498 -0.18295293 0.22953935
vn -0.9559498 -0.18295293 0.22953935
vn -0.9559498 -0.18295293 0.22953935
vn -0.9559498 -0.18295293 0.22953935
vn 0.028220184 0.90599084 0.42235538
vn 0.028220184 0.90599084 0.42235538
vn 0.025100172 0.90706307 0.41783547
vn 0.017774906 0.90958047 0.40722358
vn -0.8741634 -0.39051038 0.28868684
vn -0.8741634 -0.39051038 0.28868684
vn -0.87103856 -0.39280915 0.29230466
vn -0.8741634 -0.39051038 0.28868684
vn -0.5924636 0.584954 0.5533555
vn -0.5912987 0.58239985 0.5567884
vn -0.59367526 0.5876103 0.5497853
vn -0.59367526 0.5876103 0.5497853
vn -0.44479197 0.23192264 0.8615377
vn -0.46659505 0.23641261 0.85047793
vn -0.4829241 0.23977533 0.84219503
vn -0.4722926 0.23758595 0.84758794
vn -0.58906525 0.72957474 0.34643123
vn -0.5878161 0.7327559 0.34284243
vn -0.5879887 0.7326833 0.34258765
vn -0.5914141 0.73124117 0.3375284
vn 0.7812887 0.31059474 -0.5414045
vn 0.7812887 0.31059474 -0.5414045
vn 0.7812887 0.31059474 -0.5414045
vn 0.7987105 0.31129873 -0.51485896
vn 0.039204944 0.992658 -0.06697567
vn 0.087366305 0.99387646 -0.056221545
vn 0.08991822 0.99305475 -0.060781702
vn 0.089457735 0.99349594 -0.05826342
vn -0.38775843 -0.8004257 -0.45712385
vn -0.37944478 -0.8108893 -0.4420998
vn -0.3820604 -0.80504715 -0.45080137
vn -0.38299537 -0.8042888 -0.4518388
vn -0.96311665 -0.26781785 0.02608049
vn -0.96311665 -0.26781785 0.02608049
vn -0.96150136 -0.27209124 0.026989251
vn -0.96304303 -0.26801264 0.026121885
vn -0.93430924 -0.25319362 0.25088817
vn -0.93326986 -0.2557977 0.25151628
vn -0.8954584 -0.35053816 0.27436724
vn -0.8954584 -0.35053816 0.27436724
vn -0.38602543 -0.87433994 -0.29044473
vn -0.38508856 -0.8748851 -0.28934127
vn -0.22031565 -0.9707668 -0.09525166
vn -0.22031565 -0.9707668 -0.09525166
vn 0.13508905 0.98840976 0.069260694
vn 0.13508905 0.98840976 0.069260694
vn 0.13508905 0.98840976 0.069260694
vn 0.13508905 0.98840976 0.069260694
vn -0.76763606 0.6269614 0.13287032
vn -0.76763606 0.6269614 0.13287032
vn -0.76763606 0.6269614 0.13287032
vn -0.76763606 0.6269614 0.13287032
vn 0.83705485 0.102768496 -0.5373806
vn 0.83705485 0.102768496 -0.5373806
vn 0.83705485 0.102768496 -0.5373806
vn 0.83705485 0.102768496 -0.5373806
vn -0.2912229 -0.898893 0.3273841
vn -0.2912229 -0.898893 0.3273841
vn -0.2912229 -0.898893 0.3273841
vn -0.2912229 -0.898893 0.3273841
vn 0.7424841 -0.66913056 0.03133197
vn 0.7424841 -0.66913056 0.03133197
vn 0.7424841 -0.66913056 0.03133197
vn 0.7424841 -0.66913056 0.03133197
vn -0.33432803 -0.9172782 0.21639185
vn -0.33432803 -0.9172782 0.21639185
vn -0.33432803 -0.9172782 0.21639185
vn -0.33432803 -0.9172782 0.21639185
vn 0.66408676 -0.65468657 -0.36107418
vn 0.66408676 -0.65468657 -0.36107418
vn 0.66408676 -0.65468657 -0.36107418
vn 0.66408676 -0.65468657 -0.36107418
vn 0.018341098 0.9789672 -0.20319161
vn 0.018341098 0.9789672 -0.20319161
vn 0.018341098 0.9789672 -0.20319161
vn 0.018341098 0.9789672 -0.20319161
vn 0.11194913 -0.8584876 0.42123556
vn 0.111377604 -0.8608619 0.39801288
vn 0.11428776 -0.8487718 0.5162599
vn 0.11428776 -0.8487718 0.5162599
vn 0.85866874 -0.48640856 0.056221187
vn 0.85812265 -0.4819736 0.031204104
vn 0.8599727 -0.49699557 0.115940526
vn 0.8599727 -0.49699557 0.115940526
vn -0.878414 -0.34961087 0.2909366
vn -0.8773628 -0.3246768 0.3089776
vn -0.87131816 -0.10118914 0.4626115
vn -0.8709743 -0.08801472 0.4716382
vn -0.0080356095 0.9244413 -0.0068841875
vn -0.006666386 0.9368424 0.045925524
vn -0.021148954 0.8056734 -0.51265335
vn -0.020314885 0.8132274 -0.4804843
vn -0.87063813 0.40421247 0.22676477
vn -0.86969477 0.40069965 0.24761489
vn -0.8769566 0.4639476 -0.066159576
vn -0.87640595 0.45874095 -0.04062748
vn 0.97004735 0.20264785 -0.112982586
vn 0.96940976 0.18492208 -0.13254051
vn 0.96657073 0.105987296 -0.21963419
vn 0.9666845 0.10914862 -0.2161461
vn 0.121420436 -0.9300155 0.34688258
vn 0.121420436 -0.9300155 0.34688258
vn 0.121420436 -0.9300155 0.34688258
vn 0.121420436 -0.9300155 0.34688258
vn 0.74109524 -0.66484654 0.093577355
vn 0.74109524 -0.66484654 0.093577355
vn 0.74109524 -0.66484654 0.093577355
vn 0.74109524 -0.66484654 0.093577355
vn -0.8321147 0.48164457 -0.22032309
vn -0.8328666 0.47762048 -0.25050235
vn -0.83372253 0.4730407 -0.28484935
vn -0.83372253 0.4730407 -0.28484935
vn 0.91813004 0.12346964 -0.35318005
vn 0.9179642 0.11763631 -0.35774606
vn 0.91668737 0.07267158 -0.39294183
vn 0.91668737 0.07267158 -0.39294183
vn -0.920605 -0.21222393 0.3166687
vn -0.9209287 -0.21875782 0.3057005
vn -0.92000693 -0.20014893 0.3369388
vn -0.92000693 -0.20014893 0.3369388
vn -0.010115606 0.7612843 -0.559403
vn -0.0109597 0.7505619 -0.5906636
vn -0.013951978 0.71255124 -0.701481
vn -0.013951978 0.71255124 -0.701481
vn 0.7512766 -0.6309454 0.16461985
vn 0.62667304 -0.76989895 -0.056385785
vn 0.6188131 -0.7786641 -0.070326746
vn 0.7464977 -0.6362746 0.1561437
vn 0.7807056 -0.59915644 0.17751078
vn 0.7807056 -0.59915644 0.17751078
vn 0.25826034 0.78844535 -0.51537913
vn 0.4067993 0.869745 -0.19104657
vn 0.41509944 0.87428784 -0.17292324
vn 0.25541946 0.7868905 -0.52158207
vn 0.22033712 0.7676886 -0.59818476
vn 0.22019276 0.76760954 -0.59849995
vn -0.8356387 0.32374603 -0.44372994
vn -0.8356387 0.32374603 -0.44372994
vn -0.83276933 0.33012694 -0.44093642
vn -0.83350927 0.32848155 -0.44165677
vn 0.8705918 -0.0017336309 -0.49200296
vn 0.8705918 -0.0017336309 -0.49200296
vn 0.8715244 -0.0012129247 -0.48997378
vn 0.8705918 -0.0017336309 -0.49200296
vn -0.88702136 -0.4328188 0.16081324
vn -0.88702136 -0.4328188 0.16081324
vn -0.88702136 -0.4328188 0.16081324
vn -0.88829064 -0.4293719 0.15505286
vn 0.11261355 0.55532527 -0.82397306
vn 0.11261355 0.55532527 -0.82397306
vn 0.11580048 0.5591305 -0.8185019
vn 0.11595254 0.5593121 -0.8182409
vn 0.13586631 -0.90499276 0.35836023
vn -0.047264487 -0.99045783 -0.05216171
vn -0.035090454 -0.9847764 -0.02487135
vn 0.14413594 -0.90113336 0.37689808
vn 0.1552752 -0.8927119 0.42303044
vn 0.1552752 -0.8927119 0.42303044
vn -0.79847956 0.5367695 -0.23655772
vn -0.68905264 0.7110071 -0.08015041
vn -0.69596434 0.70000184 -0.09002952
vn -0.79836756 0.5369479 -0.23639758
vn -0.834731 0.4836904 -0.2600344
vn -0.83403766 0.48482364 -0.25906467
vn 0.95660865 0.12967858 -0.25031057
vn 0.9906232 0.048401885 -0.10394578
vn 0.99170965 0.045805786 -0.09927067
vn 0.9593606 0.12310303 -0.23846917
vn 0.95549864 0.12866285 -0.2654587
vn 0.9560763 0.1271138 -0.262851
vn -0.894969 -0.37543198 0.20091033
vn -0.95530987 -0.27392444 -0.027938709
vn -0.9543122 -0.2756027 -0.024155095
vn -0.8913873 -0.3814572 0.2144942
vn -0.8823443 -0.39666966 0.24879146
vn -0.8808457 -0.39919063 0.25447503
vn 0.57143366 -0.7973991 0.17091687
vn 0.5807261 -0.78255767 0.1841661
vn 0.56273127 -0.8112981 0.1585089
vn 0.56273127 -0.8112981 0.1585089
vn 0.54220206 0.8087932 0.13717315
vn 0.53551036 0.8112698 0.11813143
vn 0.5646301 0.80049294 0.20099442
vn 0.5646301 0.80049294 0.20099442
vn 0.4715354 0.8167577 -0.3325082
vn 0.4715354 0.8167577 -0.3325082
vn 0.4715354 0.8167577 -0.3325082
vn 0.4715354 0.8167577 -0.3325082
vn -0.9923888 -0.10900832 -0.057285603
vn -0.9923888 -0.10900832 -0.057285603
vn -0.9923888 -0.10900832 -0.057285603
vn -0.9924898 -0.10763646 -0.05728741
vn -0.11129936 -0.9544494 0.21651623
vn -0.12452507 -0.96610206 0.19082361
vn -0.1360798 -0.9762825 0.16837709
vn -0.1360798 -0.9762825 0.16837709
vn -0.58363605 0.7812291 0.18014961
vn -0.57710165 0.7853382 0.19403292
vn -0.56051105 0.7957712 0.22928225
vn -0.56051105 0.7957712 0.22928225
vn 0.98513335 0.008484982 0.14400762
vn 0.9848409 0.014214959 0.1391182
vn 0.9863334 -0.015030004 0.16407305
vn 0.9863334 -0.015030004 0.16407305
vn -0.9454985 -0.07042423 0.3122776
vn -0.9463456 -0.07057062 0.31019905
vn -0.95358753 -0.07182226 0.2924291
vn -0.95358753 -0.07182226 0.2924291
vn 0.4762913 -0.8746751 0.08991805
vn 0.4762913 -0.8746751 0.08991805
vn 0.4762913 -0.8746751 0.08991805
vn 0.4762913 -0.8746751 0.08991805
vn -0.24330851 -0.9598943 0.13928342
vn -0.24330851 -0.9598943 0.13928342
vn -0.24330851 -0.9598943 0.13928342
vn -0.24330851 -0.9598943 0.13928342
vn -0.6211092 0.7395526 -0.2593888
vn -0.6211092 0.7395526 -0.2593888
vn -0.6198403 0.7391733 -0.26241595
vn -0.6211092 0.7395526 -0.2593888
vn 0.9718734 -0.11005294 -0.20821007
vn 0.9718734 -0.11005294 -0.20821007
vn 0.9718734 -0.11005294 -0.20821007
vn 0.9718734 -0.11005294 -0.20821007
vn -0.99671626 -0.04011596 -0.07033882
vn -0.99470276 -0.06457411 -0.07997945
vn -0.9965891 -0.06095136 -0.055634007
vn -0.9949521 -0.06761563 -0.074152336
vn 0.13389346 0.93051815 -0.3284382
vn 0.14350358 0.9356712 -0.31834236
vn 0.1107566 0.9181118 -0.35274443
vn 0.1124316 0.9190099 -0.35098475
vn -0.9173707 0.061696127 -0.3837409
vn -0.91555285 0.0829757 -0.38683704
vn -0.914473 0.0795483 -0.3967505
vn -0.9088368 0.09531388 -0.40611678
vn 0.5272411 -0.5896894 -0.6105321
vn 0.5191016 -0.58392537 -0.623363
vn 0.65479285 -0.61122644 -0.44457692
vn 0.65479285 -0.61122644 -0.44457692
vn -0.9538464 0.091692045 0.28595382
vn -0.9538464 0.091692045 0.28595382
vn -0.9538464 0.091692045 0.28595382
vn -0.9538464 0.091692045 0.28595382
vn -0.67845535 0.6072052 0.4135218
vn -0.67845535 0.6072052 0.4135218
vn -0.67845535 0.6072052 0.4135218
vn -0.67845535 0.6072052 0.4135218
vn 0.023445247 0.88979524 0.4545033
vn 0.015529144 0.89606917 0.35963854
vn 0.00047349185 0.8981615 0.43454912
vn 0.023982545 0.8893414 0.45526788
vn 0.021002559 0.9065865 -0.41901103
vn 0.026627135 0.8462989 -0.46437487
vn 0.023092382 0.7381431 -0.5562321
vn 0.013679966 0.9011983 -0.42909688
vn 0.23883314 0.89807755 0.36144114
vn 0.2393839 0.8987897 0.36094028
vn 0.32371452 0.85200083 0.28193521
vn 0.30751684 0.8544229 0.30957466
vn -0.005350072 0.36196244 0.92897844
vn 0.10888231 0.33872044 0.9110286
vn 0.027926316 0.32932281 0.9363719
vn 0.01806978 0.33069366 0.9360929
vn -0.19879128 0.9223957 0.32845676
vn -0.2020274 0.9215067 0.32872543
vn -0.24022543 0.9110124 0.33189642
vn -0.2410874 0.9091305 0.33498776
vn 0.06449259 0.9864725 -0.109848335
vn 0.0013191765 0.9877388 -0.13941412
vn 0.020954682 0.97525346 -0.15298875
vn 0.09983377 0.946814 -0.16690825
vn -0.9170482 0.3892786 0.06515786
vn -0.8840504 0.45251307 0.06475942
vn -0.89383894 0.43340114 0.059064936
vn -0.9147331 0.39261633 0.05947828
vn -0.9059172 0.3355487 0.2166753
vn -0.9018376 0.32481635 0.2793255
vn -0.9010034 0.3291918 0.2731606
vn -0.9051446 0.3317418 0.23417401
vn -0.014724663 0.9753322 0.21368763
vn -0.0742477 0.9864387 0.1421545
vn -0.073605984 0.986317 0.14300592
vn 0.016592938 0.96280885 0.2002824
vn -0.56492263 0.80245167 0.17814146
vn -0.61843294 0.76754814 0.13312839
vn -0.61974347 0.77060896 0.14605008
vn -0.5711621 0.79683113 0.18998903
vn -0.24414602 -0.8955709 0.12027916
vn -0.25721976 -0.9519127 -0.04099261
vn -0.25392008 -0.96334356 -0.06594989
vn -0.22005288 -0.97190243 -0.035761446
vn -0.8904732 -0.4149442 0.120508835
vn -0.89619154 -0.42853722 0.06733492
vn -0.89520454 -0.4316509 0.07477385
vn -0.88932 -0.39991862 0.14660111
vn 0.95375556 0.30014816 -0.016168848
vn 0.95375556 0.30014816 -0.016168848
vn 0.95375556 0.30014816 -0.016168848
vn 0.95375556 0.30014816 -0.016168848
vn 0.15096173 0.9155154 -0.37288335
vn 0.15096173 0.9155154 -0.37288335
vn 0.15096173 0.9155154 -0.37288335
vn 0.15096173 0.9155154 -0.37288335
vn 0.3238006 0.9334058 0.14984131
vn 0.32352743 0.93346095 0.14828888
vn 0.16655765 0.9830805 -0.049049027
vn 0.16512553 0.9835333 -0.050849445
vn -0.64040935 0.62691915 0.44223797
vn -0.6372536 0.6278744 0.4467875
vn -0.76164275 0.5902254 0.26745933
vn -0.7558561 0.59197676 0.27580172
vn 0.3055537 0.92919415 0.20793012
vn 0.3055537 0.92919415 0.20793012
vn 0.31183362 0.9239536 0.21485436
vn 0.31323108 0.9227873 0.21639521
vn 0.87775785 0.24750066 -0.40157336
vn 0.8901161 0.23893431 -0.3865978
vn 0.86754084 0.29497135 -0.40024254
vn 0.8665493 0.2972824 -0.4008934
vn -0.81226605 -0.06746118 0.5793729
vn -0.81226605 -0.06746118 0.5793729
vn -0.81226605 -0.06746118 0.5793729
vn -0.81226605 -0.06746118 0.5793729
vn -0.4113158 0.84276175 0.3472348
vn -0.4113158 0.84276175 0.3472348
vn -0.4113158 0.84276175 0.3472348
vn -0.4140256 0.8420519 0.34405172
vn -0.022827134 -0.4354427 -0.89992774
vn -0.022827134 -0.4354427 -0.89992774
vn -0.022287348 -0.42833224 -0.90253246
vn -0.022827134 -0.4354427 -0.89992774
vn -0.0155204795 -0.33919418 -0.9351853
vn -0.0154018495 -0.3376314 -0.93575776
vn -0.022827134 -0.4354427 -0.89992774
vn -0.022044329 -0.42513105 -0.9037051
vn -0.022601197 -0.43246654 -0.901018
vn -0.022827134 -0.4354427 -0.89992774
vn -0.8890775 0.38893592 0.2404408
vn -0.88973206 0.38678873 0.24242659
vn -0.87899154 0.4220243 0.20984028
vn -0.86106694 0.48082805 0.1554578
vn -0.9036514 0.2892096 -0.29656035
vn -0.90249705 0.2943098 -0.2973753
vn -0.8975526 0.31615335 -0.30086547
vn -0.89795315 0.3143837 -0.30058274
vn -0.6120398 0.42530614 0.6667247
vn -0.6120398 0.42530614 0.6667247
vn -0.6120398 0.42530614 0.6667247
vn -0.6120398 0.42530614 0.6667247
vn -0.968832 0.19085026 -0.14645419
vn -0.96868074 0.19238323 -0.14695215
vn -0.9676779 0.20254306 -0.15025264
vn -0.9676779 0.20254306 -0.15025264
vn -0.98323905 0.18162942 -0.015870634
vn -0.98323905 0.18162942 -0.015870634
vn -0.98323905 0.18162942 -0.015870634
vn -0.98323905 0.18162942 -0.015870634
vn -0.87796915 0.4736305 0.06959914
vn -0.87796915 0.4736305 0.06959914
vn -0.87796915 0.4736305 0.06959914
vn -0.87796915 0.4736305 0.06959914
vn -0.15439638 0.3447385 0.92591405
vn -0.15439638 0.3447385 0.92591405
vn -0.15439638 0.3447385 0.92591405
vn -0.15439638 0.3447385 0.92591405
vn -0.41373026 -0.29117745 0.8625792
vn -0.41373026 -0.29117745 0.8625792
vn -0.41373026 -0.29117745 0.8625792
vn -0.41373026 -0.29117745 0.8625792
vn -0.8737513 0.48633593 0.0059957877
vn -0.8771326 0.47794366 0.005420573
vn -0.8737513 0.48633593 0.0059957877
vn -0.8737513 0.48633593 0.0059957877
vn -0.1843918 0.9591963 -0.20867595
vn -0.18050063 0.9619936 -0.20490968
vn -0.19580425 0.9509922 -0.21972191
vn -0.21552259 0.9368174 -0.23880723
vn -0.93328834 0.3133222 0.17550507
vn -0.93328834 0.3133222 0.17550507
vn -0.93328834 0.3133222 0.17550507
vn -0.93328834 0.3133222 0.17550507
vn -0.83649063 0.52944803 -0.12287618
vn -0.82936823 0.5454619 -0.120911896
vn -0.82936823 0.5454619 -0.120911896
vn -0.8301027 0.54218835 -0.09614426
vn -0.82177114 0.55955386 -0.09322812
vn -0.22878045 0.8661173 -0.42640015
vn -0.24777801 0.8473423 -0.44247174
vn -0.2371115 0.85788393 -0.43344805
vn -0.21777576 0.87699294 -0.4170903
vn -0.845409 -0.03306219 -0.51768494
vn -0.84467024 -0.0048711 -0.52948594
vn -0.84484047 -0.011366442 -0.52676696
vn -0.84538585 -0.032178283 -0.5180549
vn -0.52239156 -0.7916234 0.22753528
vn -0.5184483 -0.7916462 0.23368141
vn -0.63905823 -0.76274604 0.046138078
vn -0.63744104 -0.7638088 0.047598004
vn 0.8062946 -0.59053826 -0.033963427
vn 0.8062946 -0.59053826 -0.033963427
vn 0.8062946 -0.59053826 -0.033963427
vn 0.8062946 -0.59053826 -0.033963427
vn 0.98049223 0.19654629 -0.0021291971
vn 0.98049223 0.19654629 -0.0021291971
vn 0.98049223 0.19654629 -0.0021291971
vn 0.98049223 0.19654629 -0.0021291971
vn 0.012286812 -0.86864746 0.49527812
vn 0.012286812 -0.86864746 0.49527812
vn 0.012286812 -0.86864746 0.49527812
vn 0.012286812 -0.86864746 0.49527812
vn -0.46837896 0.6433526 0.6055728
vn -0.46837896 0.6433526 0.6055728
vn -0.46837896 0.6433526 0.6055728
vn -0.46837896 0.6433526 0.6055728
vn 0.07657648 0.85597175 0.5113202
vn 0.07657648 0.85597175 0.5113202
vn 0.07657648 0.85597175 0.5113202
vn 0.07657648 0.85597175 0.5113202
vn -0.5684818 0.6699418 0.47750038
vn -0.5684818 0.6699418 0.47750038
vn -0.5684818 0.6699418 0.47750038
vn -0.5684818 0.6699418 0.47750038
vn -0.81108785 0.033253413 0.58397835
vn -0.81108785 0.033253413 0.58397835
vn -0.81108785 0.033253413 0.58397835
vn -0.81108785 0.033253413 0.58397835
vn -0.027074337 0.97342974 0.22737962
vn -0.027074337 0.97342974 0.22737962
vn -0.027074337 0.97342974 0.22737962
vn -0.027074337 0.97342974 0.22737962
vn 0.8915255 0.20600219 -0.40341705
vn 0.8915255 0.20600219 -0.40341705
vn 0.8915255 0.20600219 -0.40341705
vn 0.8915255 0.20600219 -0.40341705
vn 0.71366525 -0.5899979 -0.3776036
vn 0.71366525 -0.5899979 -0.3776036
vn 0.71366525 -0.5899979 -0.3776036
vn 0.71366525 -0.5899979 -0.3776036
vn -0.20105103 -0.95998895 0.19493464
vn -0.20105103 -0.95998895 0.19493464
vn -0.20105103 -0.95998895 0.19493464
vn -0.20105103 -0.95998895 0.19493464
vn 0.015421748 0.070884004 -0.99736524
vn 0.015421748 0.070884004 -0.99736524
vn 0.015421748 0.070884004 -0.99736524
vn 0.015421748 0.070884004 -0.99736524
vn -0.003924966 -0.187381 -0.98227936
vn -0.003924966 -0.187381 -0.98227936
vn -0.003924966 -0.187381 -0.98227936
vn -0.003924966 -0.187381 -0.98227936
vn -0.8285244 0.025970519 -0.55935025
vn -0.8285244 0.025970519 -0.55935025
vn -0.8285244 0.025970519 -0.55935025
vn -0.8285244 0.025970519 -0.55935025
vn -0.7424979 0.36425012 -0.56215525
vn -0.7424979 0.36425012 -0.56215525
vn -0.7424979 0.36425012 -0.56215525
vn -0.7424979 0.36425012 -0.56215525
vn -0.56238556 -0.24370667 -0.7901451
vn -0.56238556 -0.24370667 -0.7901451
vn -0.56238556 -0.24370667 -0.7901451
vn -0.56238556 -0.24370667 -0.7901451
vn -0.32040262 0.3233785 -0.8903754
vn -0.32040262 0.3233785 -0.8903754
vn -0.32040262 0.3233785 -0.8903754
vn -0.32040262 0.3233785 -0.8903754
vn -0.4020351 0.01971097 -0.91541195
vn -0.4020351 0.01971097 -0.91541195
vn -0.4020351 0.01971097 -0.91541195
vn -0.4020351 0.01971097 -0.91541195
vn -0.4020351 0.01971097 -0.91541195
vn -0.4020351 0.01971097 -0.91541195
g 0.6250_0
f 3/3/3 2/2/2 1/1/1
f 6/6/6 5/5/5 4/4/4
f 9/9/9 8/8/8 7/7/7
f 12/12/12 11/11/11 10/10/10
f 15/15/15 14/14/14 13/13/13
f 18/18/18 17/17/17 16/16/16
f 21/21/21 20/20/20 19/19/19
f 24/24/24 23/23/23 22/22/22
f 27/27/27 26/26/26 25/25/25
f 30/30/30 29/29/29 28/28/28
f 33/33/33 32/32/32 31/31/31
f 36/36/36 35/35/35 34/34/34
f 39/39/39 38/38/38 37/37/37
f 42/42/42 41/41/41 40/40/40
f 45/45/45 44/44/44 43/43/43
f 48/48/48 47/47/47 46/46/46
f 51/51/51 50/50/50 49/49/49
f 54/54/54 53/53/53 52/52/52
f 57/57/57 56/56/56 55/55/55
f 60/60/60 59/59/59 58/58/58
f 63/63/63 62/62/62 61/61/61
f 66/66/66 65/65/65 64/64/64
f 69/69/69 68/68/68 67/67/67
f 72/72/72 71/71/71 70/70/70
f 75/75/75 74/74/74 73/73/73
f 78/78/78 77/77/77 76/76/76
f 81/81/81 80/80/80 79/79/79
f 84/84/84 83/83/83 82/82/82
f 87/87/87 86/86/86 85/85/85
f 90/90/90 89/89/89 88/88/88
f 93/93/93 92/92/92 91/91/91
f 96/96/96 95/95/95 94/94/94
f 99/99/99 98/98/98 97/97/97
f 102/102/102 101/101/101 100/100/100
f 105/105/105 104/104/104 103/103/103
f 108/108/108 107/107/107 106/106/106
f 111/111/111 110/110/110 109/109/109
f 114/114/114 113/113/113 112/112/112
f 117/117/117 116/116/116 115/115/115
f 120/120/120 119/119/119 118/118/118
f 123/123/123 122/122/122 121/121/121
f 126/126/126 125/125/125 124/124/124
f 129/129/129 128/128/128 127/127/127
f 132/132/132 131/131/131 130/130/130
f 135/135/135 134/134/134 133/133/133
f 138/138/138 137/137/137 136/136/136
f 141/141/141 140/140/140 139/139/139
f 142/142/142 141/141/141 139/139/139
f 145/145/145 144/144/144 143/143/143
f 146/146/146 145/145/145 143/143/143
f 149/149/149 148/148/148 147/147/147
f 150/150/150 149/149/149 147/147/147
f 153/153/153 152/152/152 151/151/151
f 154/154/154 153/153/153 151/151/151
f 157/157/157 156/156/156 155/155/155
f 158/158/158 157/157/157 155/155/155
f 161/161/161 160/160/160 159/159/159
f 162/162/162 161/161/161 159/159/159
f 165/165/165 164/164/164 163/163/163
f 166/166/166 165/165/165 163/163/163
f 169/169/169 168/168/168 167/167/167
f 170/170/170 169/169/169 167/167/167
f 173/173/173 172/172/172 171/171/171
f 174/174/174 173/173/173 171/171/171
f 177/177/177 176/176/176 175/175/175
f 178/178/178 177/177/177 175/175/175
f 181/181/181 180/180/180 179/179/179
f 182/182/182 181/181/181 179/179/179
f 185/185/185 184/184/184 183/183/183
f 186/186/186 185/185/185 183/183/183
f 189/189/189 188/188/188 187/187/187
f 190/190/190 189/189/189 187/187/187
f 193/193/193 192/192/192 191/191/191
f 194/194/194 193/193/193 191/191/191
f 197/197/197 196/196/196 195/195/195
f 198/198/198 197/197/197 195/195/195
f 201/201/201 200/200/200 199/199/199
f 202/202/202 201/201/201 199/199/199
f 205/205/205 204/204/204 203/203/203
f 206/206/206 205/205/205 203/203/203
f 209/209/209 208/208/208 207/207/207
f 210/210/210 209/209/209 207/207/207
f 213/213/213 212/212/212 211/211/211
f 214/214/214 213/213/213 211/211/211
f 217/217/217 216/216/216 215/215/215
f 218/218/218 217/217/217 215/215/215
f 221/221/221 220/220/220 219/219/219
f 222/222/222 221/221/221 219/219/219
f 225/225/225 224/224/224 223/223/223
f 226/226/226 225/225/225 223/223/223
f 229/229/229 228/228/228 227/227/227
f 230/230/230 229/229/229 227/227/227
f 233/233/233 232/232/232 231/231/231
f 234/234/234 233/233/233 231/231/231
f 237/237/237 236/236/236 235/235/235
f 238/238/238 237/237/237 235/235/235
f 241/241/241 240/240/240 239/239/239
f 242/242/242 241/241/241 239/239/239
f 245/245/245 244/244/244 243/243/243
f 246/246/246 245/245/245 243/243/243
f 249/249/249 248/248/248 247/247/247
f 250/250/250 249/249/249 247/247/247
f 253/253/253 252/252/252 251/251/251
f 254/254/254 253/253/253 251/251/251
f 257/257/257 256/256/256 255/255/255
f 258/258/258 257/257/257 255/255/255
f 261/261/261 260/260/260 259/259/259
f 262/262/262 261/261/261 259/259/259
f 265/265/265 264/264/264 263/263/263
f 266/266/266 265/265/265 263/263/263
f 269/269/269 268/268/268 267/267/267
f 270/270/270 269/269/269 267/267/267
f 273/273/273 272/272/272 271/271/271
f 274/274/274 273/273/273 271/271/271
f 277/277/277 276/276/276 275/275/275
f 278/278/278 277/277/277 275/275/275
f 281/281/281 280/280/280 279/279/279
f 282/282/282 281/281/281 279/279/279
f 285/285/285 284/284/284 283/283/283
f 286/286/286 285/285/285 283/283/283
f 289/289/289 288/288/288 287/287/287
f 290/290/290 289/289/289 287/287/287
f 293/293/293 292/292/292 291/291/291
f 294/294/294 293/293/293 291/291/291
f 297/297/297 296/296/296 295/295/295
f 298/298/298 297/297/297 295/295/295
f 298/298/298 299/299/299 297/297/297
f 302/302/302 301/301/301 300/300/300
f 303/303/303 302/302/302 300/300/300
f 306/306/306 305/305/305 304/304/304
f 307/307/307 306/306/306 304/304/304
f 310/310/310 309/309/309 308/308/308
f 311/311/311 310/310/310 308/308/308
f 314/314/314 313/313/313 312/312/312
f 315/315/315 314/314/314 312/312/312
f 318/318/318 317/317/317 316/316/316
f 319/319/319 318/318/318 316/316/316
f 322/322/322 321/321/321 320/320/320
f 323/323/323 322/322/322 320/320/320
f 326/326/326 325/325/325 324/324/324
f 327/327/327 326/326/326 324/324/324
f 330/330/330 329/329/329 328/328/328
f 331/331/331 330/330/330 328/328/328
f 334/334/334 333/333/333 332/332/332
f 335/335/335 334/334/334 332/332/332
f 338/338/338 337/337/337 336/336/336
f 339/339/339 338/338/338 336/336/336
f 342/342/342 341/341/341 340/340/340
f 343/343/343 342/342/342 340/340/340
f 346/346/346 345/345/345 344/344/344
f 347/347/347 346/346/346 344/344/344
f 350/350/350 349/349/349 348/348/348
f 351/351/351 350/350/350 348/348/348
f 354/354/354 353/353/353 352/352/352
f 352/352/352 353/353/353 355/355/355
f 358/358/358 357/357/357 356/356/356
f 359/359/359 358/358/358 356/356/356
f 362/362/362 361/361/361 360/360/360
f 363/363/363 362/362/362 360/360/360
f 366/366/366 365/365/365 364/364/364
f 367/367/367 366/366/366 364/364/364
f 370/370/370 369/369/369 368/368/368
f 371/371/371 370/370/370 368/368/368
f 374/374/374 373/373/373 372/372/372
f 375/375/375 374/374/374 372/372/372
f 378/378/378 377/377/377 376/376/376
f 379/379/379 378/378/378 376/376/376
f 382/382/382 381/381/381 380/380/380
f 383/383/383 382/382/382 380/380/380
f 386/386/386 385/385/385 384/384/384
f 387/387/387 386/386/386 384/384/384
f 390/390/390 389/389/389 388/388/388
f 391/391/391 390/390/390 388/388/388
f 394/394/394 393/393/393 392/392/392
f 395/395/395 394/394/394 392/392/392
f 398/398/398 397/397/397 396/396/396
f 399/399/399 398/398/398 396/396/396
f 402/402/402 401/401/401 400/400/400
f 403/403/403 402/402/402 400/400/400
f 406/406/406 405/405/405 404/404/404
f 407/407/407 406/406/406 404/404/404
f 410/410/410 409/409/409 408/408/408
f 411/411/411 410/410/410 408/408/408
f 414/414/414 413/413/413 412/412/412
f 415/415/415 414/414/414 412/412/412
f 418/418/418 417/417/417 416/416/416
f 419/419/419 418/418/418 416/416/416
f 422/422/422 421/421/421 420/420/420
f 423/423/423 422/422/422 420/420/420
f 426/426/426 425/425/425 424/424/424
f 427/427/427 426/426/426 424/424/424
f 430/430/430 429/429/429 428/428/428
f 431/431/431 430/430/430 428/428/428
f 434/434/434 433/433/433 432/432/432
f 435/435/435 434/434/434 432/432/432
f 438/438/438 437/437/437 436/436/436
f 439/439/439 438/438/438 436/436/436
f 442/442/442 441/441/441 440/440/440
f 443/443/443 442/442/442 440/440/440
f 446/446/446 445/445/445 444/444/444
f 447/447/447 446/446/446 444/444/444
f 450/450/450 449/449/449 448/448/448
f 451/451/451 450/450/450 448/448/448
f 454/454/454 453/453/453 452/452/452
f 455/455/455 454/454/454 452/452/452
f 458/458/458 457/457/457 456/456/456
f 459/459/459 458/458/458 456/456/456
f 459/459/459 456/456/456 460/460/460
f 461/461/461 459/459/459 460/460/460
f 464/464/464 463/463/463 462/462/462
f 465/465/465 464/464/464 462/462/462
f 465/465/465 462/462/462 466/466/466
f 467/467/467 465/465/465 466/466/466
f 470/470/470 469/469/469 468/468/468
f 471/471/471 470/470/470 468/468/468
f 474/474/474 473/473/473 472/472/472
f 475/475/475 474/474/474 472/472/472
f 478/478/478 477/477/477 476/476/476
f 479/479/479 478/478/478 476/476/476
f 482/482/482 481/481/481 480/480/480
f 483/483/483 482/482/482 480/480/480
f 486/486/486 485/485/485 484/484/484
f 487/487/487 486/486/486 484/484/484
f 487/487/487 484/484/484 488/488/488
f 489/489/489 487/487/487 488/488/488
f 492/492/492 491/491/491 490/490/490
f 493/493/493 492/492/492 490/490/490
f 493/493/493 490/490/490 494/494/494
f 495/495/495 493/493/493 494/494/494
f 498/498/498 497/497/497 496/496/496
f 499/499/499 498/498/498 496/496/496
f 499/499/499 496/496/496 500/500/500
f 501/501/501 499/499/499 500/500/500
f 504/504/504 503/503/503 502/502/502
f 505/505/505 504/504/504 502/502/502
f 505/505/505 502/502/502 506/506/506
f 507/507/507 505/505/505 506/506/506
f 510/510/510 509/509/509 508/508/508
f 511/511/511 510/510/510 508/508/508
f 514/514/514 513/513/513 512/512/512
f 515/515/515 514/514/514 512/512/512
f 518/518/518 517/517/517 516/516/516
f 519/519/519 518/518/518 516/516/516
f 522/522/522 521/521/521 520/520/520
f 523/523/523 522/522/522 520/520/520
f 526/526/526 525/525/525 524/524/524
f 527/527/527 526/526/526 524/524/524
f 530/530/530 529/529/529 528/528/528
f 531/531/531 530/530/530 528/528/528
f 534/534/534 533/533/533 532/532/532
f 535/535/535 534/534/534 532/532/532
f 538/538/538 537/537/537 536/536/536
f 539/539/539 538/538/538 536/536/536
f 542/542/542 541/541/541 540/540/540
f 543/543/543 542/542/542 540/540/540
f 546/546/546 545/545/545 544/544/544
f 547/547/547 546/546/546 544/544/544
f 550/550/550 549/549/549 548/548/548
f 551/551/551 550/550/550 548/548/548
f 554/554/554 553/553/553 552/552/552
f 555/555/555 554/554/554 552/552/552
f 558/558/558 557/557/557 556/556/556
f 559/559/559 558/558/558 556/556/556
f 562/562/562 561/561/561 560/560/560
f 563/563/563 562/562/562 560/560/560
f 566/566/566 565/565/565 564/564/564
f 567/567/567 566/566/566 564/564/564
f 570/570/570 569/569/569 568/568/568
f 571/571/571 570/570/570 568/568/568
f 574/574/574 573/573/573 572/572/572
f 575/575/575 574/574/574 572/572/572
f 578/578/578 577/577/577 576/576/576
f 579/579/579 578/578/578 576/576/576
f 582/582/582 581/581/581 580/580/580
f 583/583/583 582/582/582 580/580/580
f 586/586/586 585/585/585 584/584/584
f 587/587/587 586/586/586 584/584/584
f 590/590/590 589/589/589 588/588/588
f 591/591/591 590/590/590 588/588/588
f 594/594/594 593/593/593 592/592/592
f 595/595/595 594/594/594 592/592/592
f 598/598/598 597/597/597 596/596/596
f 599/599/599 598/598/598 596/596/596
f 602/602/602 601/601/601 600/600/600
f 603/603/603 602/602/602 600/600/600
f 606/606/606 605/605/605 604/604/604
f 607/607/607 606/606/606 604/604/604
f 610/610/610 609/609/609 608/608/608
f 611/611/611 610/610/610 608/608/608
f 614/614/614 613/613/613 612/612/612
f 615/615/615 614/614/614 612/612/612
f 618/618/618 617/617/617 616/616/616
f 619/619/619 618/618/618 616/616/616
f 622/622/622 621/621/621 620/620/620
f 623/623/623 622/622/622 620/620/620
f 626/626/626 625/625/625 624/624/624
f 627/627/627 626/626/626 624/624/624
f 630/630/630 629/629/629 628/628/628
f 631/631/631 630/630/630 628/628/628
f 634/634/634 633/633/633 632/632/632
f 635/635/635 634/634/634 632/632/632
f 638/638/638 637/637/637 636/636/636
f 639/639/639 638/638/638 636/636/636
f 642/642/642 641/641/641 640/640/640
f 643/643/643 642/642/642 640/640/640
f 646/646/646 645/645/645 644/644/644
f 647/647/647 646/646/646 644/644/644
f 650/650/650 649/649/649 648/648/648
f 651/651/651 650/650/650 648/648/648
f 654/654/654 653/653/653 652/652/652
f 655/655/655 654/654/654 652/652/652
f 658/658/658 657/657/657 656/656/656
f 659/659/659 658/658/658 656/656/656
f 662/662/662 661/661/661 660/660/660
f 660/660/660 663/663/663 662/662/662
f 663/663/663 660/660/660 664/664/664
f 660/660/660 665/665/665 664/664/664
f 663/663/663 664/664/664 666/666/666
f 667/667/667 663/663/663 666/666/666
f 667/667/667 666/666/666 668/668/668
f 668/668/668 669/669/669 667/667/667
f 672/672/672 671/671/671 670/670/670
f 673/673/673 672/672/672 670/670/670
f 676/676/676 675/675/675 674/674/674
f 677/677/677 676/676/676 674/674/674
f 680/680/680 679/679/679 678/678/678
f 681/681/681 680/680/680 678/678/678
f 684/684/684 683/683/683 682/682/682
f 685/685/685 684/684/684 682/682/682
f 688/688/688 687/687/687 686/686/686
f 689/689/689 688/688/688 686/686/686
f 692/692/692 691/691/691 690/690/690
f 693/693/693 692/692/692 690/690/690
f 696/696/696 695/695/695 694/694/694
f 697/697/697 696/696/696 694/694/694
f 700/700/700 699/699/699 698/698/698
f 701/701/701 700/700/700 698/698/698
f 704/704/704 703/703/703 702/702/702
f 705/705/705 704/704/704 702/702/702
f 708/708/708 707/707/707 706/706/706
f 709/709/709 708/708/708 706/706/706
f 712/712/712 711/711/711 710/710/710
f 713/713/713 712/712/712 710/710/710
f 716/716/716 715/715/715 714/714/714
f 717/717/717 714/714/714 715/715/715
f 718/718/718 717/717/717 715/715/715
f 721/721/721 720/720/720 719/719/719
f 722/722/722 721/721/721 719/719/719
f 725/725/725 724/724/724 723/723/723
f 726/726/726 725/725/725 723/723/723
f 729/729/729 728/728/728 727/727/727
f 730/730/730 729/729/729 727/727/727
f 733/733/733 732/732/732 731/731/731
f 734/734/734 733/733/733 731/731/731
f 737/737/737 736/736/736 735/735/735
f 738/738/738 737/737/737 735/735/735
f 741/741/741 740/740/740 739/739/739
f 742/742/742 741/741/741 739/739/739
f 745/745/745 744/744/744 743/743/743
f 746/746/746 745/745/745 743/743/743
f 749/749/749 748/748/748 747/747/747
f 750/750/750 749/749/749 747/747/747
f 753/753/753 752/752/752 751/751/751
f 754/754/754 753/753/753 751/751/751
f 757/757/757 756/756/756 755/755/755
f 758/758/758 757/757/757 755/755/755
f 761/761/761 760/760/760 759/759/759
f 762/762/762 761/761/761 759/759/759
f 765/765/765 764/764/764 763/763/763
f 766/766/766 765/765/765 763/763/763
f 769/769/769 768/768/768 767/767/767
f 770/770/770 769/769/769 767/767/767
f 773/773/773 772/772/772 771/771/771
f 774/774/774 773/773/773 771/771/771
f 777/777/777 776/776/776 775/775/775
f 778/778/778 777/777/777 775/775/775
f 781/781/781 780/780/780 779/779/779
f 782/782/782 781/781/781 779/779/779
f 785/785/785 784/784/784 783/783/783
f 786/786/786 785/785/785 783/783/783
f 789/789/789 788/788/788 787/787/787
f 790/790/790 789/789/789 787/787/787
f 793/793/793 792/792/792 791/791/791
f 794/794/794 793/793/793 791/791/791
f 797/797/797 796/796/796 795/795/795
f 798/798/798 797/797/797 795/795/795
f 801/801/801 800/800/800 799/799/799
f 799/799/799 802/802/802 801/801/801
f 802/802/802 803/803/803 801/801/801
f 802/802/802 804/804/804 803/803/803
f 807/807/807 806/806/806 805/805/805
f 808/808/808 807/807/807 805/805/805
f 811/811/811 810/810/810 809/809/809
f 812/812/812 811/811/811 809/809/809
f 815/815/815 814/814/814 813/813/813
f 816/816/816 815/815/815 813/813/813
f 819/819/819 818/818/818 817/817/817
f 820/820/820 819/819/819 817/817/817
f 823/823/823 822/822/822 821/821/821
f 824/824/824 823/823/823 821/821/821
f 827/827/827 826/826/826 825/825/825
f 828/828/828 827/827/827 825/825/825
f 831/831/831 830/830/830 829/829/829
f 832/832/832 831/831/831 829/829/829
f 835/835/835 834/834/834 833/833/833
f 836/836/836 835/835/835 833/833/833
f 839/839/839 838/838/838 837/837/837
f 840/840/840 839/839/839 837/837/837
f 843/843/843 842/842/842 841/841/841
f 844/844/844 843/843/843 841/841/841
f 847/847/847 846/846/846 845/845/845
f 848/848/848 847/847/847 845/845/845
f 851/851/851 850/850/850 849/849/849
f 852/852/852 851/851/851 849/849/849
f 855/855/855 854/854/854 853/853/853
f 856/856/856 855/855/855 853/853/853
f 859/859/859 858/858/858 857/857/857
f 860/860/860 859/859/859 857/857/857
f 863/863/863 862/862/862 861/861/861
f 864/864/864 863/863/863 861/861/861
f 867/867/867 866/866/866 865/865/865
f 868/868/868 867/867/867 865/865/865
f 871/871/871 870/870/870 869/869/869
f 872/872/872 871/871/871 869/869/869
f 875/875/875 874/874/874 873/873/873
f 876/876/876 875/875/875 873/873/873
f 879/879/879 878/878/878 877/877/877
f 880/880/880 879/879/879 877/877/877
f 883/883/883 882/882/882 881/881/881
f 884/884/884 883/883/883 881/881/881
f 887/887/887 886/886/886 885/885/885
f 888/888/888 887/887/887 885/885/885
f 891/891/891 890/890/890 889/889/889
f 892/892/892 891/891/891 889/889/889
f 895/895/895 894/894/894 893/893/893
f 896/896/896 895/895/895 893/893/893
f 899/899/899 898/898/898 897/897/897
f 900/900/900 899/899/899 897/897/897
f 903/903/903 902/902/902 901/901/901
f 904/904/904 903/903/903 901/901/901
f 907/907/907 906/906/906 905/905/905
f 908/908/908 907/907/907 905/905/905
f 911/911/911 910/910/910 909/909/909
f 912/912/912 911/911/911 909/909/909
f 915/915/915 914/914/914 913/913/913
f 916/916/916 915/915/915 913/913/913
f 919/919/919 918/918/918 917/917/917
f 920/920/920 919/919/919 917/917/917
f 923/923/923 922/922/922 921/921/921
f 924/924/924 923/923/923 921/921/921
f 927/927/927 926/926/926 925/925/925
f 928/928/928 927/927/927 925/925/925
f 931/931/931 930/930/930 929/929/929
f 932/932/932 931/931/931 929/929/929
f 935/935/935 934/934/934 933/933/933
f 936/936/936 935/935/935 933/933/933
f 939/939/939 938/938/938 937/937/937
f 940/940/940 939/939/939 937/937/937
f 943/943/943 942/942/942 941/941/941
f 944/944/944 943/943/943 941/941/941
f 947/947/947 946/946/946 945/945/945
f 948/948/948 947/947/947 945/945/945
f 951/951/951 950/950/950 949/949/949
f 952/952/952 951/951/951 949/949/949
f 955/955/955 954/954/954 953/953/953
f 956/956/956 955/955/955 953/953/953
f 959/959/959 958/958/958 957/957/957
f 960/960/960 959/959/959 957/957/957
f 963/963/963 962/962/962 961/961/961
f 962/962/962 964/964/964 961/961/961
f 965/965/965 964/964/964 962/962/962
f 968/968/968 967/967/967 966/966/966
f 969/969/969 968/968/968 966/966/966
f 972/972/972 971/971/971 970/970/970
f 973/973/973 972/972/972 970/970/970
f 976/976/976 975/975/975 974/974/974
f 977/977/977 976/976/976 974/974/974
f 980/980/980 979/979/979 978/978/978
f 981/981/981 980/980/980 978/978/978
f 984/984/984 983/983/983 982/982/982
f 985/985/985 984/984/984 982/982/982
f 988/988/988 987/987/987 986/986/986
f 989/989/989 988/988/988 986/986/986
f 992/992/992 991/991/991 990/990/990
f 993/993/993 992/992/992 990/990/990
f 996/996/996 995/995/995 994/994/994
f 997/997/997 996/996/996 994/994/994
f 1000/1000/1000 999/999/999 998/998/998
f 1001/1001/1001 1000/1000/1000 998/998/998
f 1004/1004/1004 1003/1003/1003 1002/1002/1002
f 1005/1005/1005 1004/1004/1004 1002/1002/1002
f 1008/1008/1008 1007/1007/1007 1006/1006/1006
f 1009/1009/1009 1008/1008/1008 1006/1006/1006
f 1012/1012/1012 1011/1011/1011 1010/1010/1010
f 1013/1013/1013 1012/1012/1012 1010/1010/1010
f 1016/1016/1016 1015/1015/1015 1014/1014/1014
f 1017/1017/1017 1016/1016/1016 1014/1014/1014
f 1020/1020/1020 1019/1019/1019 1018/1018/1018
f 1020/1020/1020 1018/1018/1018 1021/1021/1021
f 1024/1024/1024 1023/1023/1023 1022/1022/1022
f 1025/1025/1025 1024/1024/1024 1022/1022/1022
f 1028/1028/1028 1027/1027/1027 1026/1026/1026
f 1029/1029/1029 1028/1028/1028 1026/1026/1026
f 1032/1032/1032 1031/1031/1031 1030/1030/1030
f 1033/1033/1033 1032/1032/1032 1030/1030/1030
f 1036/1036/1036 1035/1035/1035 1034/1034/1034
f 1037/1037/1037 1036/1036/1036 1034/1034/1034
f 1040/1040/1040 1039/1039/1039 1038/1038/1038
f 1041/1041/1041 1040/1040/1040 1038/1038/1038
f 1044/1044/1044 1043/1043/1043 1042/1042/1042
f 1045/1045/1045 1044/1044/1044 1042/1042/1042
f 1048/1048/1048 1047/1047/1047 1046/1046/1046
f 1049/1049/1049 1048/1048/1048 1046/1046/1046
f 1052/1052/1052 1051/1051/1051 1050/1050/1050
f 1053/1053/1053 1052/1052/1052 1050/1050/1050
f 1056/1056/1056 1055/1055/1055 1054/1054/1054
f 1057/1057/1057 1056/1056/1056 1054/1054/1054
f 1060/1060/1060 1059/1059/1059 1058/1058/1058
f 1061/1061/1061 1060/1060/1060 1058/1058/1058
f 1064/1064/1064 1063/1063/1063 1062/1062/1062
f 1065/1065/1065 1064/1064/1064 1062/1062/1062
f 1068/1068/1068 1067/1067/1067 1066/1066/1066
f 1069/1069/1069 1068/1068/1068 1066/1066/1066
f 1072/1072/1072 1071/1071/1071 1070/1070/1070
f 1073/1073/1073 1072/1072/1072 1070/1070/1070
f 1076/1076/1076 1075/1075/1075 1074/1074/1074
f 1077/1077/1077 1076/1076/1076 1074/1074/1074
f 1080/1080/1080 1079/1079/1079 1078/1078/1078
f 1081/1081/1081 1080/1080/1080 1078/1078/1078
f 1084/1084/1084 1083/1083/1083 1082/1082/1082
f 1085/1085/1085 1084/1084/1084 1082/1082/1082
f 1088/1088/1088 1087/1087/1087 1086/1086/1086
f 1089/1089/1089 1088/1088/1088 1086/1086/1086
f 1092/1092/1092 1091/1091/1091 1090/1090/1090
f 1093/1093/1093 1092/1092/1092 1090/1090/1090
f 1096/1096/1096 1095/1095/1095 1094/1094/1094
f 1097/1097/1097 1096/1096/1096 1094/1094/1094
f 1100/1100/1100 1099/1099/1099 1098/1098/1098
f 1101/1101/1101 1100/1100/1100 1098/1098/1098
f 1104/1104/1104 1103/1103/1103 1102/1102/1102
f 1105/1105/1105 1104/1104/1104 1102/1102/1102
f 1108/1108/1108 1107/1107/1107 1106/1106/1106
f 1109/1109/1109 1108/1108/1108 1106/1106/1106
f 1112/1112/1112 1111/1111/1111 1110/1110/1110
f 1113/1113/1113 1112/1112/1112 1110/1110/1110
f 1116/1116/1116 1115/1115/1115 1114/1114/1114
f 1117/1117/1117 1116/1116/1116 1114/1114/1114
f 1120/1120/1120 1119/1119/1119 1118/1118/1118
f 1121/1121/1121 1120/1120/1120 1118/1118/1118
f 1124/1124/1124 1123/1123/1123 1122/1122/1122
f 1123/1123/1123 1125/1125/1125 1122/1122/1122
f 1122/1122/1122 1125/1125/1125 1126/1126/1126
f 1125/1125/1125 1127/1127/1127 1126/1126/1126
f 1130/1130/1130 1129/1129/1129 1128/1128/1128
f 1129/1129/1129 1131/1131/1131 1128/1128/1128
f 1128/1128/1128 1131/1131/1131 1132/1132/1132
f 1131/1131/1131 1133/1133/1133 1132/1132/1132
f 1136/1136/1136 1135/1135/1135 1134/1134/1134
f 1137/1137/1137 1136/1136/1136 1134/1134/1134
f 1140/1140/1140 1139/1139/1139 1138/1138/1138
f 1141/1141/1141 1140/1140/1140 1138/1138/1138
f 1144/1144/1144 1143/1143/1143 1142/1142/1142
f 1145/1145/1145 1144/1144/1144 1142/1142/1142
f 1148/1148/1148 1147/1147/1147 1146/1146/1146
f 1149/1149/1149 1148/1148/1148 1146/1146/1146
f 1152/1152/1152 1151/1151/1151 1150/1150/1150
f 1151/1151/1151 1153/1153/1153 1150/1150/1150
f 1150/1150/1150 1153/1153/1153 1154/1154/1154
f 1153/1153/1153 1155/1155/1155 1154/1154/1154
f 1158/1158/1158 1157/1157/1157 1156/1156/1156
f 1157/1157/1157 1159/1159/1159 1156/1156/1156
f 1156/1156/1156 1159/1159/1159 1160/1160/1160
f 1159/1159/1159 1161/1161/1161 1160/1160/1160
f 1164/1164/1164 1163/1163/1163 1162/1162/1162
f 1163/1163/1163 1165/1165/1165 1162/1162/1162
f 1162/1162/1162 1165/1165/1165 1166/1166/1166
f 1165/1165/1165 1167/1167/1167 1166/1166/1166
f 1170/1170/1170 1169/1169/1169 1168/1168/1168
f 1169/1169/1169 1171/1171/1171 1168/1168/1168
f 1168/1168/1168 1171/1171/1171 1172/1172/1172
f 1171/1171/1171 1173/1173/1173 1172/1172/1172
f 1176/1176/1176 1175/1175/1175 1174/1174/1174
f 1177/1177/1177 1176/1176/1176 1174/1174/1174
f 1180/1180/1180 1179/1179/1179 1178/1178/1178
f 1181/1181/1181 1180/1180/1180 1178/1178/1178
f 1184/1184/1184 1183/1183/1183 1182/1182/1182
f 1185/1185/1185 1184/1184/1184 1182/1182/1182
f 1188/1188/1188 1187/1187/1187 1186/1186/1186
f 1189/1189/1189 1188/1188/1188 1186/1186/1186
f 1192/1192/1192 1191/1191/1191 1190/1190/1190
f 1193/1193/1193 1192/1192/1192 1190/1190/1190
f 1196/1196/1196 1195/1195/1195 1194/1194/1194
f 1197/1197/1197 1196/1196/1196 1194/1194/1194
f 1200/1200/1200 1199/1199/1199 1198/1198/1198
f 1201/1201/1201 1200/1200/1200 1198/1198/1198
f 1204/1204/1204 1203/1203/1203 1202/1202/1202
f 1205/1205/1205 1204/1204/1204 1202/1202/1202
f 1208/1208/1208 1207/1207/1207 1206/1206/1206
f 1209/1209/1209 1208/1208/1208 1206/1206/1206
f 1212/1212/1212 1211/1211/1211 1210/1210/1210
f 1213/1213/1213 1212/1212/1212 1210/1210/1210
f 1216/1216/1216 1215/1215/1215 1214/1214/1214
f 1217/1217/1217 1216/1216/1216 1214/1214/1214
f 1220/1220/1220 1219/1219/1219 1218/1218/1218
f 1221/1221/1221 1220/1220/1220 1218/1218/1218
f 1224/1224/1224 1223/1223/1223 1222/1222/1222
f 1225/1225/1225 1224/1224/1224 1222/1222/1222
f 1228/1228/1228 1227/1227/1227 1226/1226/1226
f 1229/1229/1229 1228/1228/1228 1226/1226/1226
f 1232/1232/1232 1231/1231/1231 1230/1230/1230
f 1233/1233/1233 1232/1232/1232 1230/1230/1230
f 1236/1236/1236 1235/1235/1235 1234/1234/1234
f 1237/1237/1237 1236/1236/1236 1234/1234/1234
f 1240/1240/1240 1239/1239/1239 1238/1238/1238
f 1241/1241/1241 1240/1240/1240 1238/1238/1238
f 1244/1244/1244 1243/1243/1243 1242/1242/1242
f 1245/1245/1245 1244/1244/1244 1242/1242/1242
f 1248/1248/1248 1247/1247/1247 1246/1246/1246
f 1249/1249/1249 1248/1248/1248 1246/1246/1246
f 1252/1252/1252 1251/1251/1251 1250/1250/1250
f 1253/1253/1253 1252/1252/1252 1250/1250/1250
f 1256/1256/1256 1255/1255/1255 1254/1254/1254
f 1257/1257/1257 1256/1256/1256 1254/1254/1254
f 1260/1260/1260 1259/1259/1259 1258/1258/1258
f 1261/1261/1261 1260/1260/1260 1258/1258/1258
f 1264/1264/1264 1263/1263/1263 1262/1262/1262
f 1265/1265/1265 1264/1264/1264 1262/1262/1262
f 1268/1268/1268 1267/1267/1267 1266/1266/1266
f 1269/1269/1269 1268/1268/1268 1266/1266/1266
f 1272/1272/1272 1271/1271/1271 1270/1270/1270
f 1273/1273/1273 1272/1272/1272 1270/1270/1270
f 1276/1276/1276 1275/1275/1275 1274/1274/1274
f 1277/1277/1277 1276/1276/1276 1274/1274/1274
f 1280/1280/1280 1279/1279/1279 1278/1278/1278
f 1281/1281/1281 1280/1280/1280 1278/1278/1278
f 1284/1284/1284 1283/1283/1283 1282/1282/1282
f 1285/1285/1285 1284/1284/1284 1282/1282/1282
f 1288/1288/1288 1287/1287/1287 1286/1286/1286
f 1289/1289/1289 1288/1288/1288 1286/1286/1286
f 1292/1292/1292 1291/1291/1291 1290/1290/1290
f 1293/1293/1293 1292/1292/1292 1290/1290/1290
f 1296/1296/1296 1295/1295/1295 1294/1294/1294
f 1297/1297/1297 1296/1296/1296 1294/1294/1294
f 1300/1300/1300 1299/1299/1299 1298/1298/1298
f 1301/1301/1301 1300/1300/1300 1298/1298/1298
f 1304/1304/1304 1303/1303/1303 1302/1302/1302
f 1305/1305/1305 1304/1304/1304 1302/1302/1302
f 1308/1308/1308 1307/1307/1307 1306/1306/1306
f 1309/1309/1309 1308/1308/1308 1306/1306/1306
f 1312/1312/1312 1311/1311/1311 1310/1310/1310
f 1313/1313/1313 1312/1312/1312 1310/1310/1310
f 1316/1316/1316 1315/1315/1315 1314/1314/1314
f 1317/1317/1317 1316/1316/1316 1314/1314/1314
f 1320/1320/1320 1319/1319/1319 1318/1318/1318
f 1321/1321/1321 1320/1320/1320 1318/1318/1318
f 1324/1324/1324 1323/1323/1323 1322/1322/1322
f 1325/1325/1325 1324/1324/1324 1322/1322/1322
f 1328/1328/1328 1327/1327/1327 1326/1326/1326
f 1326/1326/1326 1329/1329/1329 1328/1328/1328
f 1328/1328/1328 1329/1329/1329 1330/1330/1330
f 1330/1330/1330 1331/1331/1331 1328/1328/1328
f 1329/1329/1329 1332/1332/1332 1330/1330/1330
f 1332/1332/1332 1333/1333/1333 1330/1330/1330
f 1332/1332/1332 1334/1334/1334 1333/1333/1333
f 1332/1332/1332 1335/1335/1335 1334/1334/1334
f 1338/1338/1338 1337/1337/1337 1336/1336/1336
f 1339/1339/1339 1338/1338/1338 1336/1336/1336
f 1342/1342/1342 1341/1341/1341 1340/1340/1340
f 1343/1343/1343 1342/1342/1342 1340/1340/1340
f 1346/1346/1346 1345/1345/1345 1344/1344/1344
f 1347/1347/1347 1346/1346/1346 1344/1344/1344
f 1350/1350/1350 1349/1349/1349 1348/1348/1348
f 1351/1351/1351 1350/1350/1350 1348/1348/1348
f 1354/1354/1354 1353/1353/1353 1352/1352/1352
f 1355/1355/1355 1354/1354/1354 1352/1352/1352
f 1358/1358/1358 1357/1357/1357 1356/1356/1356
f 1359/1359/1359 1358/1358/1358 1356/1356/1356
f 1362/1362/1362 1361/1361/1361 1360/1360/1360
f 1363/1363/1363 1362/1362/1362 1360/1360/1360
f 1366/1366/1366 1365/1365/1365 1364/1364/1364
f 1367/1367/1367 1366/1366/1366 1364/1364/1364
f 1370/1370/1370 1369/1369/1369 1368/1368/1368
f 1371/1371/1371 1370/1370/1370 1368/1368/1368
f 1374/1374/1374 1373/1373/1373 1372/1372/1372
f 1375/1375/1375 1374/1374/1374 1372/1372/1372
f 1378/1378/1378 1377/1377/1377 1376/1376/1376
f 1379/1379/1379 1378/1378/1378 1376/1376/1376
f 1382/1382/1382 1381/1381/1381 1380/1380/1380
f 1380/1380/1380 1383/1383/1383 1382/1382/1382
f 1383/1383/1383 1384/1384/1384 1382/1382/1382
f 1387/1387/1387 1386/1386/1386 1385/1385/1385
f 1388/1388/1388 1387/1387/1387 1385/1385/1385
f 1391/1391/1391 1390/1390/1390 1389/1389/1389
f 1392/1392/1392 1391/1391/1391 1389/1389/1389
f 1395/1395/1395 1394/1394/1394 1393/1393/1393
f 1396/1396/1396 1395/1395/1395 1393/1393/1393
f 1399/1399/1399 1398/1398/1398 1397/1397/1397
f 1400/1400/1400 1399/1399/1399 1397/1397/1397
f 1403/1403/1403 1402/1402/1402 1401/1401/1401
f 1404/1404/1404 1403/1403/1403 1401/1401/1401
f 1407/1407/1407 1406/1406/1406 1405/1405/1405
f 1408/1408/1408 1407/1407/1407 1405/1405/1405
f 1411/1411/1411 1410/1410/1410 1409/1409/1409
f 1412/1412/1412 1411/1411/1411 1409/1409/1409
f 1415/1415/1415 1414/1414/1414 1413/1413/1413
f 1416/1416/1416 1415/1415/1415 1413/1413/1413
f 1419/1419/1419 1418/1418/1418 1417/1417/1417
f 1420/1420/1420 1419/1419/1419 1417/1417/1417
f 1423/1423/1423 1422/1422/1422 1421/1421/1421
f 1424/1424/1424 1423/1423/1423 1421/1421/1421
f 1427/1427/1427 1426/1426/1426 1425/1425/1425
f 1428/1428/1428 1427/1427/1427 1425/1425/1425
f 1431/1431/1431 1430/1430/1430 1429/1429/1429
f 1432/1432/1432 1431/1431/1431 1429/1429/1429
f 1435/1435/1435 1434/1434/1434 1433/1433/1433
f 1436/1436/1436 1435/1435/1435 1433/1433/1433
f 1439/1439/1439 1438/1438/1438 1437/1437/1437
f 1440/1440/1440 1439/1439/1439 1437/1437/1437
f 1443/1443/1443 1442/1442/1442 1441/1441/1441
f 1444/1444/1444 1443/1443/1443 1441/1441/1441
f 1447/1447/1447 1446/1446/1446 1445/1445/1445
f 1448/1448/1448 1447/1447/1447 1445/1445/1445
f 1451/1451/1451 1450/1450/1450 1449/1449/1449
f 1452/1452/1452 1451/1451/1451 1449/1449/1449
f 1455/1455/1455 1454/1454/1454 1453/1453/1453
f 1456/1456/1456 1455/1455/1455 1453/1453/1453
f 1459/1459/1459 1458/1458/1458 1457/1457/1457
f 1460/1460/1460 1459/1459/1459 1457/1457/1457
f 1463/1463/1463 1462/1462/1462 1461/1461/1461
f 1464/1464/1464 1463/1463/1463 1461/1461/1461
f 1467/1467/1467 1466/1466/1466 1465/1465/1465
f 1465/1465/1465 1468/1468/1468 1467/1467/1467
f 1465/1465/1465 1469/1469/1469 1468/1468/1468
f 1469/1469/1469 1470/1470/1470 1468/1468/1468
