g 0.9167
v 0.041472793 0.69584155 2.163312
v -0.13757896 0.598753 2.0807023
v -0.11079931 0.7700758 2.1714325
v -0.15051961 0.93521905 1.83911
v -0.22612733 0.92067015 1.9908661
v -0.21563816 0.75474596 1.8663762
v 0.84764624 0.54642487 1.2285714
v 0.8204943 0.71996343 1.3532135
v 0.67329186 0.6444322 1.2025256
v 0.9769971 0.4697187 1.532114
v 0.9492415 0.6003891 1.4957114
v 0.92563045 0.4305153 1.4185994
v -1.0848849 0.32866228 1.3048117
v -0.9706019 0.15397859 1.1901674
v -1.1383412 0.2721275 1.1273652
v -0.45070904 0.85938275 1.917048
v -0.46236742 0.9679073 1.8017745
v -0.31401846 0.8259219 1.8592255
v -0.57101065 -1.1462079 1.2140918
v -0.7065324 -1.1653881 1.3601266
v -0.5042739 -1.0313549 1.4021165
v 0.4534272 -1.1226677 1.3386753
v 0.3747961 -1.2148459 1.169152
v 0.23349512 -1.0420597 1.2933418
v 1.0327082 0.19638014 1.7973797
v 1.1641434 -0.00065398216 1.6749483
v 0.98059976 -0.032846212 1.8792313
v 0.24862175 0.97654855 1.0223467
v 0.06655833 0.8799348 1.2499207
v 0.055048555 1.1224098 1.1119149
v -0.27640772 0.89028084 0.8744377
v -0.22945791 1.0879381 1.0252411
v -0.19954634 0.80775225 1.1283201
v 0.30795848 -0.111024976 0.3463592
v 0.2615452 0.1568451 0.22099555
v 0.055518836 0.0061564445 0.4056591
v -0.7461848 0.5730002 1.9149231
v -0.5284145 0.61490095 1.8595896
v -0.6421683 0.6752428 2.017806
v -0.44999135 0.41892493 2.2270613
v -0.47583067 0.59456384 2.2085881
v -0.37373972 0.48480392 2.0517066
v -1.0680246 -0.4855897 1.6011747
v -1.052913 -0.50345564 1.7450427
v -0.9469118 -0.5499414 1.5850073
v 0.41849217 0.5154933 2.0801816
v 0.5275918 0.3870541 2.2167456
v 0.32036942 0.34475148 2.13564
v 0.7245878 0.5129249 1.980756
v 0.68892395 0.46775925 2.113895
v 0.5893248 0.5310246 1.9578664
v -0.57408464 -0.7369464 2.0124102
v -0.5544813 -0.4677501 2.0251842
v -0.5940354 -0.6258434 2.2087061
v -0.18547255 -0.5742415 2.2610202
v -0.38527292 -0.5451558 2.353272
v -0.3171261 -0.4097562 2.1375945
v 0.29984856 -0.94428766 1.2970378
v 0.25652164 -1.0834519 1.5165219
v 0.33897486 -0.81898916 1.5101702
v 0.35764295 -1.1858006 1.7764391
v 0.19100428 -1.1553123 1.804328
v 0.3921181 -1.2688448 1.8937479
v 0.15356678 -1.3516037 1.8892502
v 0.047168553 -1.4685063 1.790123
v 0.06480563 -1.392023 1.8733683
v -0.009821922 -1.3524436 1.9246389
v -0.10064 -1.3381773 1.7881331
v -0.080967754 -1.1567103 1.863235
v -0.22593445 -1.2720219 2.0276132
v -0.009821922 -1.3524436 1.9246389
v -0.080967754 -1.1567103 1.863235
v -0.0030886084 -1.4172701 1.5593033
v -0.067714095 -1.4199514 1.6335933
v -0.041647673 -1.3904434 1.6233488
v -0.067714095 -1.4199514 1.6335933
v -0.0464302 -1.4007295 1.7144369
v -0.041647673 -1.3904434 1.6233488
v -0.09721124 0.88411105 2.0770335
v -0.11079931 0.7700758 2.1714325
v -0.13757896 0.598753 2.0807023
v -0.12991297 0.71223974 1.9883648
v 0.02949901 0.83533037 2.0968661
v -0.12991297 0.71223974 1.9883648
v -0.13757896 0.598753 2.0807023
v 0.041472793 0.69584155 2.163312
v -0.09721124 0.88411105 2.0770335
v 0.041472793 0.69584155 2.163312
v -0.11079931 0.7700758 2.1714325
v 0.02949901 0.83533037 2.0968661
v 0.41002542 0.8686203 1.7949824
v 0.46107218 0.75886476 1.8150877
v 0.7944226 0.7439753 1.5095555
v 0.80226624 0.62148774 1.5457267
v 0.9492415 0.6003891 1.4957114
v 0.9769971 0.4697187 1.532114
v -0.09721124 0.88411105 2.0770335
v -0.12991297 0.71223974 1.9883648
v -0.21563816 0.75474596 1.8663762
v -0.22612733 0.92067015 1.9908661
v -0.039358288 0.8899816 1.9315771
v -0.15051961 0.93521905 1.83911
v -0.21563816 0.75474596 1.8663762
v -0.12991297 0.71223974 1.9883648
v -0.09721124 0.88411105 2.0770335
v -0.22612733 0.92067015 1.9908661
v -0.15051961 0.93521905 1.83911
v -0.039358288 0.8899816 1.9315771
v 0.37409014 0.81667566 1.664258
v 0.7185717 0.68710566 1.3970764
v 0.7944226 0.7439753 1.5095555
v 0.41002542 0.8686203 1.7949824
v -0.039358288 0.8899816 1.9315771
v -0.09721124 0.88411105 2.0770335
v 0.37409014 0.81667566 1.664258
v -0.039358288 0.8899816 1.9315771
v -0.12991297 0.71223974 1.9883648
v 0.33797035 0.7140043 1.7359557
v 0.7185717 0.68710566 1.3970764
v 0.7788611 0.5801419 1.41295
v 0.67329186 0.6444322 1.2025256
v 0.84764624 0.54642487 1.2285714
v 0.7944226 0.7439753 1.5095555
v 0.7185717 0.68710566 1.3970764
v 0.67329186 0.6444322 1.2025256
v 0.8204943 0.71996343 1.3532135
v 0.7944226 0.7439753 1.5095555
v 0.8204943 0.71996343 1.3532135
v 0.84764624 0.54642487 1.2285714
v 0.7788611 0.5801419 1.41295
v 0.7944226 0.7439753 1.5095555
v 0.7788611 0.5801419 1.41295
v 0.92563045 0.4305153 1.4185994
v 0.9492415 0.6003891 1.4957114
v 0.80226624 0.62148774 1.5457267
v 0.9769971 0.4697187 1.532114
v 0.92563045 0.4305153 1.4185994
v 0.7788611 0.5801419 1.41295
v 0.33797035 0.7140043 1.7359557
v 0.46107218 0.75886476 1.8150877
v -0.12991297 0.71223974 1.9883648
v 0.02949901 0.83533037 2.0968661
v -1.096821 0.39145947 1.049119
v -1.1383412 0.2721275 1.1273652
v -0.9706019 0.15397859 1.1901674
v -0.92641175 0.2555939 1.1103802
v -0.8380816 0.26532817 0.99647015
v -1.0332105 0.35224593 0.91203666
v -0.87808573 0.4634242 0.9281622
v -1.0891209 0.4330449 1.1976203
v -0.92641175 0.2555939 1.1103802
v -0.9706019 0.15397859 1.1901674
v -1.0848849 0.32866228 1.3048117
v -1.096821 0.39145947 1.049119
v -1.0848849 0.32866228 1.3048117
v -1.1383412 0.2721275 1.1273652
v -1.0891209 0.4330449 1.1976203
v -0.8297495 0.75776756 1.3464143
v -0.8110581 0.68591416 1.4718987
v -0.5326605 0.96781456 1.614876
v -0.53127193 0.8479208 1.7098794
v -0.46236742 0.9679073 1.8017745
v -0.45070904 0.85938275 1.917048
v -0.94152594 0.4795618 1.0496684
v -0.87808573 0.4634242 0.9281622
v -0.8380816 0.26532817 0.99647015
v -0.92641175 0.2555939 1.1103802
v -1.096821 0.39145947 1.049119
v -1.0332105 0.35224593 0.91203666
v -0.87808573 0.4634242 0.9281622
v -0.94152594 0.4795618 1.0496684
v -0.67540205 0.7194288 1.3018527
v -0.94152594 0.4795618 1.0496684
v -0.92641175 0.2555939 1.1103802
v -0.70098394 0.58462787 1.3759856
v -0.40337646 0.8859116 1.5396118
v -0.37288177 0.83014965 1.681935
v -0.70098394 0.58462787 1.3759856
v -0.53127193 0.8479208 1.7098794
v -0.37288177 0.83014965 1.681935
v -0.8110581 0.68591416 1.4718987
v -0.92641175 0.2555939 1.1103802
v -1.0891209 0.4330449 1.1976203
v -0.19775802 0.91007257 1.7057313
v -0.38634676 1.0053271 1.6089367
v -0.21991736 0.873484 1.4900426
v -0.5326605 0.96781456 1.614876
v -0.40337646 0.8859116 1.5396118
v -0.67540205 0.7194288 1.3018527
v -0.8297495 0.75776756 1.3464143
v -0.94152594 0.4795618 1.0496684
v -1.096821 0.39145947 1.049119
v -0.5326605 0.96781456 1.614876
v -0.38634676 1.0053271 1.6089367
v -0.19775802 0.91007257 1.7057313
v -0.37288177 0.83014965 1.681935
v -0.5326605 0.96781456 1.614876
v -0.37288177 0.83014965 1.681935
v -0.31401846 0.8259219 1.8592255
v -0.46236742 0.9679073 1.8017745
v -0.53127193 0.8479208 1.7098794
v -0.45070904 0.85938275 1.917048
v -0.31401846 0.8259219 1.8592255
v -0.37288177 0.83014965 1.681935
v -0.37288177 0.83014965 1.681935
v -0.19775802 0.91007257 1.7057313
v -0.21991736 0.873484 1.4900426
v -0.40337646 0.8859116 1.5396118
v -0.822952 -1.0102954 1.3148398
v -0.87649584 -0.8998302 1.4524553
v -0.70056736 -0.78279984 1.5511031
v -0.6506721 -0.90026534 1.4159486
v -0.5042739 -1.0313549 1.4021165
v -0.7065324 -1.1653881 1.3601266
v -0.88116 -0.7193817 1.3707415
v -0.70056736 -0.78279984 1.5511031
v -0.87649584 -0.8998302 1.4524553
v -0.822952 -1.0102954 1.3148398
v -0.8593825 -0.86950517 1.2460614
v -0.70521516 -0.66577065 0.6641234
v -0.6913643 -0.5293416 0.6965941
v -0.4234823 -0.27222186 0.27066386
v -0.40819323 -0.15120411 0.3525839
v -0.3887154 -0.010666847 0.22372794
v -0.3786319 0.13334858 0.29684192
v -0.8593825 -0.86950517 1.2460614
v -0.6506721 -0.90026534 1.4159486
v -0.70056736 -0.78279984 1.5511031
v -0.88116 -0.7193817 1.3707415
v -0.6896177 -0.9926767 1.1916304
v -0.57101065 -1.1462079 1.2140918
v -0.5042739 -1.0313549 1.4021165
v -0.6506721 -0.90026534 1.4159486
v -0.822952 -1.0102954 1.3148398
v -0.7065324 -1.1653881 1.3601266
v -0.57101065 -1.1462079 1.2140918
v -0.6896177 -0.9926767 1.1916304
v -0.70521516 -0.66577065 0.6641234
v -0.53523874 -0.6644141 0.6626835
v -0.4234823 -0.27222186 0.27066386
v -0.2575987 -0.29100096 0.31000996
v -0.0018613636 -0.32416588 0.28014773
v -0.24118093 -0.25407404 0.18294352
v -0.037022263 -0.09745288 0.20747286
v -0.53523874 -0.6644141 0.6626835
v -0.6896177 -0.9926767 1.1916304
v -0.6506721 -0.90026534 1.4159486
v -0.56174195 -0.6007322 0.7958408
v -0.2575987 -0.29100096 0.31000996
v -0.24474388 -0.15601683 0.33369565
v -0.56174195 -0.6007322 0.7958408
v -0.40819323 -0.15120411 0.3525839
v -0.24474388 -0.15601683 0.33369565
v -0.6913643 -0.5293416 0.6965941
v -0.6506721 -0.90026534 1.4159486
v -0.8593825 -0.86950517 1.2460614
v -0.4234823 -0.27222186 0.27066386
v -0.24118093 -0.25407404 0.18294352
v -0.037022263 -0.09745288 0.20747286
v -0.24474388 -0.15601683 0.33369565
v -0.22966206 0.1135658 0.31305087
v -0.3887154 -0.010666847 0.22372794
v -0.3786319 0.13334858 0.29684192
v -0.40819323 -0.15120411 0.3525839
v -0.3786319 0.13334858 0.29684192
v -0.22966206 0.1135658 0.31305087
v -0.24474388 -0.15601683 0.33369565
v -0.24474388 -0.15601683 0.33369565
v -0.037022263 -0.09745288 0.20747286
v -0.0018613636 -0.32416588 0.28014773
v -0.2575987 -0.29100096 0.31000996
v 0.37971604 -0.8327837 0.8641466
v 0.14475498 -0.8940402 0.9859809
v 0.3243674 -1.0292171 0.89822507
v 0.44502887 -1.0865232 1.0299878
v 0.26247478 -0.95887303 1.1158924
v 0.23349512 -1.0420597 1.2933418
v 0.3747961 -1.2148459 1.169152
v 0.5050019 -0.9408059 0.97378594
v 0.26247478 -0.95887303 1.1158924
v 0.14475498 -0.8940402 0.9859809
v 0.37971604 -0.8327837 0.8641466
v 0.44502887 -1.0865232 1.0299878
v 0.37971604 -0.8327837 0.8641466
v 0.3243674 -1.0292171 0.89822507
v 0.5050019 -0.9408059 0.97378594
v 0.96790797 -0.62211764 1.232152
v 0.91039085 -0.49421743 1.1844358
v 0.5027108 -1.0035089 1.1913178
v 0.4534272 -1.1226677 1.3386753
v 0.3747961 -1.2148459 1.169152
v 0.8959757 -0.57856846 1.3881557
v 1.1604248 -0.08528721 1.4887321
v 1.0533586 -0.074638486 1.6320332
v 0.98059976 -0.032846212 1.8792313
v 1.1641434 -0.00065398216 1.6749483
v 0.5027108 -1.0035089 1.1913178
v 0.4534272 -1.1226677 1.3386753
v 0.23349512 -1.0420597 1.2933418
v 0.26247478 -0.95887303 1.1158924
v 0.8959757 -0.57856846 1.3881557
v 0.5027108 -1.0035089 1.1913178
v 0.26247478 -0.95887303 1.1158924
v 0.77132905 -0.55327785 1.2940695
v 1.0533586 -0.074638486 1.6320332
v 1.0058815 0.05735874 1.5877085
v 1.1604248 -0.08528721 1.4887321
v 1.1641434 -0.00065398216 1.6749483
v 1.0327082 0.19638014 1.7973797
v 1.0058815 0.05735874 1.5877085
v 1.1604248 -0.08528721 1.4887321
v 1.0058815 0.05735874 1.5877085
v 0.9851601 0.31909215 1.5231601
v 1.1550707 0.18197083 1.4509662
v 1.0599872 0.30457008 1.3841532
v 1.0573938 0.013624191 1.4295504
v 1.1550707 0.18197083 1.4509662
v 1.0599872 0.30457008 1.3841532
v 1.1604248 -0.08528721 1.4887321
v 0.91039085 -0.49421743 1.1844358
v 0.96790797 -0.62211764 1.232152
v 1.0573938 0.013624191 1.4295504
v 1.0599872 0.30457008 1.3841532
v 0.9851601 0.31909215 1.5231601
v 1.0058815 0.05735874 1.5877085
v 0.77132905 -0.55327785 1.2940695
v 0.91039085 -0.49421743 1.1844358
v 0.26247478 -0.95887303 1.1158924
v 0.5050019 -0.9408059 0.97378594
v 1.0058815 0.05735874 1.5877085
v 1.0327082 0.19638014 1.7973797
v 0.98059976 -0.032846212 1.8792313
v 1.0533586 -0.074638486 1.6320332
v -0.052964583 1.1123655 0.9666462
v 0.055048555 1.1224098 1.1119149
v 0.06655833 0.8799348 1.2499207
v -0.042492315 0.8619344 1.1379918
v 0.12747943 1.0386236 0.9065616
v -0.042492315 0.8619344 1.1379918
v 0.06655833 0.8799348 1.2499207
v 0.24862175 0.97654855 1.0223467
v -0.052964583 1.1123655 0.9666462
v 0.24862175 0.97654855 1.0223467
v 0.055048555 1.1224098 1.1119149
v 0.12747943 1.0386236 0.9065616
v 0.15217994 0.7244034 0.52114034
v 0.30943573 0.650295 0.6193048
v 0.32383615 0.31483817 0.26643276
v 0.44894594 0.27825737 0.43177876
v 0.50137675 0.16530454 0.25493133
v 0.643284 0.103547335 0.40095308
v -0.052964583 1.1123655 0.9666462
v -0.042492315 0.8619344 1.1379918
v -0.19954634 0.80775225 1.1283201
v -0.22945791 1.0879381 1.0252411
v -0.12531689 0.9192978 0.8485631
v -0.27640772 0.89028084 0.8744377
v -0.19954634 0.80775225 1.1283201
v -0.042492315 0.8619344 1.1379918
v -0.052964583 1.1123655 0.9666462
v -0.22945791 1.0879381 1.0252411
v -0.27640772 0.89028084 0.8744377
v -0.12531689 0.9192978 0.8485631
v 0.026670106 0.553051 0.57882565
v -0.12531689 0.9192978 0.8485631
v -0.042492315 0.8619344 1.1379918
v 0.14731726 0.5380218 0.7555931
v 0.17084122 0.19235587 0.38843212
v 0.35018215 0.087643385 0.4588676
v 0.055518836 0.0061564445 0.4056591
v 0.30795848 -0.111024976 0.3463592
v 0.14731726 0.5380218 0.7555931
v 0.30943573 0.650295 0.6193048
v 0.44894594 0.27825737 0.43177876
v 0.35018215 0.087643385 0.4588676
v 0.32383615 0.31483817 0.26643276
v 0.055518836 0.0061564445 0.4056591
v 0.2615452 0.1568451 0.22099555
v 0.17084122 0.19235587 0.38843212
v 0.026670106 0.553051 0.57882565
v 0.15217994 0.7244034 0.52114034
v -0.12531689 0.9192978 0.8485631
v -0.052964583 1.1123655 0.9666462
v 0.32383615 0.31483817 0.26643276
v 0.2615452 0.1568451 0.22099555
v 0.30795848 -0.111024976 0.3463592
v 0.35018215 0.087643385 0.4588676
v 0.32383615 0.31483817 0.26643276
v 0.35018215 0.087643385 0.4588676
v 0.50905746 -0.04543543 0.44442108
v 0.50137675 0.16530454 0.25493133
v 0.643284 0.103547335 0.40095308
v 0.44894594 0.27825737 0.43177876
v 0.643284 0.103547335 0.40095308
v 0.50905746 -0.04543543 0.44442108
v 0.35018215 0.087643385 0.4588676
v -0.042492315 0.8619344 1.1379918
v 0.12747943 1.0386236 0.9065616
v 0.30943573 0.650295 0.6193048
v 0.14731726 0.5380218 0.7555931
v -0.6228726 0.5880369 2.1406608
v -0.6421683 0.6752428 2.017806
v -0.5284145 0.61490095 1.8595896
v -0.50375557 0.53377426 1.9803822
v -0.72821796 0.52686644 2.0640402
v -0.50375557 0.53377426 1.9803822
v -0.5284145 0.61490095 1.8595896
v -0.7461848 0.5730002 1.9149231
v -0.6228726 0.5880369 2.1406608
v -0.7461848 0.5730002 1.9149231
v -0.6421683 0.6752428 2.017806
v -0.72821796 0.52686644 2.0640402
v -0.8570798 0.056573927 2.0698438
v -0.8873658 0.046148002 1.9435964
v -0.96860015 -0.4009037 1.9124922
v -0.9696257 -0.3695917 1.7801781
v -1.052913 -0.50345564 1.7450427
v -1.0680246 -0.4855897 1.6011747
v -0.6228726 0.5880369 2.1406608
v -0.50375557 0.53377426 1.9803822
v -0.37373972 0.48480392 2.0517066
v -0.47583067 0.59456384 2.2085881
v -0.58259404 0.4287641 2.1535814
v -0.44999135 0.41892493 2.2270613
v -0.37373972 0.48480392 2.0517066
v -0.50375557 0.53377426 1.9803822
v -0.6228726 0.5880369 2.1406608
v -0.47583067 0.59456384 2.2085881
v -0.44999135 0.41892493 2.2270613
v -0.58259404 0.4287641 2.1535814
v -0.8570798 0.056573927 2.0698438
v -0.73461527 -0.029178262 2.0392866
v -0.96860015 -0.4009037 1.9124922
v -0.82273066 -0.44442436 1.8824328
v -0.6644593 -0.57520705 1.8690269
v -0.8927429 -0.5435168 1.9020668
v -0.8014811 -0.6597315 1.7341256
v -0.73461527 -0.029178262 2.0392866
v -0.58259404 0.4287641 2.1535814
v -0.50375557 0.53377426 1.9803822
v -0.7266209 0.053460896 1.9283639
v -0.82273066 -0.44442436 1.8824328
v -0.85993326 -0.4668964 1.7563012
v -0.96860015 -0.4009037 1.9124922
v -0.8927429 -0.5435168 1.9020668
v -0.8014811 -0.6597315 1.7341256
v -0.85993326 -0.4668964 1.7563012
v -0.96860015 -0.4009037 1.9124922
v -0.85993326 -0.4668964 1.7563012
v -0.9469118 -0.5499414 1.5850073
v -1.052913 -0.50345564 1.7450427
v -0.9696257 -0.3695917 1.7801781
v -1.0680246 -0.4855897 1.6011747
v -0.9469118 -0.5499414 1.5850073
v -0.85993326 -0.4668964 1.7563012
v -0.7266209 0.053460896 1.9283639
v -0.8873658 0.046148002 1.9435964
v -0.50375557 0.53377426 1.9803822
v -0.72821796 0.52686644 2.0640402
v -0.85993326 -0.4668964 1.7563012
v -0.8014811 -0.6597315 1.7341256
v -0.6644593 -0.57520705 1.8690269
v -0.82273066 -0.44442436 1.8824328
v 0.72108024 -0.65181714 1.9943424
v 0.7816641 -0.66636324 1.8660743
v 0.67132914 -0.58701384 1.7204901
v 0.6070544 -0.578722 1.8384091
v 0.47486657 -0.6089506 1.8818064
v 0.5931829 -0.7303622 2.0101705
v 0.49624303 -0.5998746 2.0782514
v 0.83946955 -0.5011586 1.837379
v 0.67132914 -0.58701384 1.7204901
v 0.7816641 -0.66636324 1.8660743
v 0.72108024 -0.65181714 1.9943424
v 0.7960157 -0.53312385 1.9723535
v 0.7138981 -0.14454281 2.1605432
v 0.7519291 -0.07634854 2.0545964
v 0.64439535 0.2973225 2.1994653
v 0.67434 0.32045317 2.0670161
v 0.68892395 0.46775925 2.113895
v 0.7245878 0.5129249 1.980756
v 0.7960157 -0.53312385 1.9723535
v 0.6070544 -0.578722 1.8384091
v 0.67132914 -0.58701384 1.7204901
v 0.83946955 -0.5011586 1.837379
v 0.615695 -0.53915524 2.0488002
v 0.49624303 -0.5998746 2.0782514
v 0.47486657 -0.6089506 1.8818064
v 0.6070544 -0.578722 1.8384091
v 0.57069534 -0.10728586 2.1287649
v 0.6101546 -0.12682319 1.9954252
v 0.49873453 0.28770423 2.1470032
v 0.5381055 0.37434578 2.046741
v 0.72108024 -0.65181714 1.9943424
v 0.5931829 -0.7303622 2.0101705
v 0.49624303 -0.5998746 2.0782514
v 0.615695 -0.53915524 2.0488002
v 0.7138981 -0.14454281 2.1605432
v 0.57069534 -0.10728586 2.1287649
v 0.64439535 0.2973225 2.1994653
v 0.49873453 0.28770423 2.1470032
v 0.32036942 0.34475148 2.13564
v 0.5275918 0.3870541 2.2167456
v 0.6101546 -0.12682319 1.9954252
v 0.67434 0.32045317 2.0670161
v 0.5381055 0.37434578 2.046741
v 0.7519291 -0.07634854 2.0545964
v 0.6070544 -0.578722 1.8384091
v 0.7960157 -0.53312385 1.9723535
v 0.64439535 0.2973225 2.1994653
v 0.5275918 0.3870541 2.2167456
v 0.41849217 0.5154933 2.0801816
v 0.5381055 0.37434578 2.046741
v 0.64439535 0.2973225 2.1994653
v 0.5381055 0.37434578 2.046741
v 0.5893248 0.5310246 1.9578664
v 0.68892395 0.46775925 2.113895
v 0.67434 0.32045317 2.0670161
v 0.7245878 0.5129249 1.980756
v 0.5893248 0.5310246 1.9578664
v 0.5381055 0.37434578 2.046741
v 0.5381055 0.37434578 2.046741
v 0.41849217 0.5154933 2.0801816
v 0.32036942 0.34475148 2.13564
v 0.49873453 0.28770423 2.1470032
v -0.45672143 -0.67458105 2.2764816
v -0.5940354 -0.6258434 2.2087061
v -0.5544813 -0.4677501 2.0251842
v -0.42980343 -0.49156722 2.0854883
v -0.48007995 -0.779258 2.1332164
v -0.42980343 -0.49156722 2.0854883
v -0.5544813 -0.4677501 2.0251842
v -0.57408464 -0.7369464 2.0124102
v -0.45672143 -0.67458105 2.2764816
v -0.57408464 -0.7369464 2.0124102
v -0.5940354 -0.6258434 2.2087061
v -0.48007995 -0.779258 2.1332164
v -0.1312179 -0.97761023 1.938499
v -0.224486 -0.9614849 1.7920578
v -0.26392445 -0.6710551 2.1977706
v -0.013895169 -0.8338276 1.8859261
v -0.18547255 -0.5742415 2.2610202
v -0.38527292 -0.5451558 2.353272
v -0.45672143 -0.67458105 2.2764816
v -0.42980343 -0.49156722 2.0854883
v -0.3171261 -0.4097562 2.1375945
v -0.38527292 -0.5451558 2.353272
v -0.26392445 -0.6710551 2.1977706
v -0.18547255 -0.5742415 2.2610202
v -0.3171261 -0.4097562 2.1375945
v -0.42980343 -0.49156722 2.0854883
v -0.013895169 -0.8338276 1.8859261
v 0.19567913 -0.9368744 1.5739808
v 0.1216095 -1.1243398 1.5852917
v -0.1312179 -0.97761023 1.938499
v -0.013895169 -0.8338276 1.8859261
v -0.26392445 -0.6710551 2.1977706
v -0.42980343 -0.49156722 2.0854883
v -0.1600039 -0.7618946 1.7934718
v 0.1216095 -1.1243398 1.5852917
v 0.19567913 -0.9368744 1.5739808
v 0.33897486 -0.81898916 1.5101702
v 0.25652164 -1.0834519 1.5165219
v 0.1216095 -1.1243398 1.5852917
v 0.25652164 -1.0834519 1.5165219
v 0.29984856 -0.94428766 1.2970378
v 0.12031602 -0.9412551 1.3985963
v 0.1216095 -1.1243398 1.5852917
v 0.12031602 -0.9412551 1.3985963
v 0.110889316 -0.9884963 1.2184368
v 0.11073013 -1.1736556 1.3842053
v -0.0064621866 -1.1208544 1.2493179
v -0.008899689 -1.0571952 1.4747092
v 0.1216095 -1.1243398 1.5852917
v 0.11073013 -1.1736556 1.3842053
v -0.0064621866 -1.1208544 1.2493179
v -0.008899689 -1.0571952 1.4747092
v -0.0064621866 -1.1208544 1.2493179
v 0.110889316 -0.9884963 1.2184368
v 0.12031602 -0.9412551 1.3985963
v -0.1600039 -0.7618946 1.7934718
v -0.224486 -0.9614849 1.7920578
v -0.42980343 -0.49156722 2.0854883
v -0.48007995 -0.779258 2.1332164
v 0.12031602 -0.9412551 1.3985963
v 0.29984856 -0.94428766 1.2970378
v 0.33897486 -0.81898916 1.5101702
v 0.19567913 -0.9368744 1.5739808
v 0.19567913 -0.9368744 1.5739808
v -0.013895169 -0.8338276 1.8859261
v -0.1600039 -0.7618946 1.7934718
v 0.12031602 -0.9412551 1.3985963
v 0.1216095 -1.1243398 1.5852917
v -0.008899689 -1.0571952 1.4747092
v -0.224486 -0.9614849 1.7920578
v -0.1312179 -0.97761023 1.938499
v 0.008029789 -0.94000113 1.7424133
v 0.6376841 -0.64633274 1.7750713
v 0.68127406 -0.6987293 1.6664591
v 0.029401869 -0.86432403 1.8436966
v -0.62608284 -0.63785607 1.8968453
v -0.5435243 -0.59133327 1.9832273
v -0.83616453 -0.096757114 2.0170598
v -0.75624263 -0.1140784 2.0702548
v -0.7315125 0.38426733 2.0930276
v -0.7520236 0.3878107 2.0787196
v 0.029401869 -0.86432403 1.8436966
v 0.5642416 -0.56626654 1.7069707
v 0.6376841 -0.64633274 1.7750713
v 0.020921446 -0.76097715 1.768267
v -0.5435243 -0.59133327 1.9832273
v -0.4908185 -0.5171408 1.8928963
v -0.75624263 -0.1140784 2.0702548
v -0.70254844 -0.114115775 1.9917699
v 0.020921446 -0.76097715 1.768267
v 0.6078316 -0.6186631 1.5983585
v 0.5642416 -0.56626654 1.7069707
v -0.00045071542 -0.83665454 1.6669837
v -0.4908185 -0.5171408 1.8928963
v -0.5733769 -0.56366366 1.8065143
v -0.70254844 -0.114115775 1.9917699
v -0.7785119 -0.09343755 1.938432
v -0.73739284 0.3897177 2.0582185
v -0.7168817 0.38617456 2.072527
v -0.00045071542 -0.83665454 1.6669837
v 0.68127406 -0.6987293 1.6664591
v 0.6078316 -0.6186631 1.5983585
v 0.008029789 -0.94000113 1.7424133
v -0.5733769 -0.56366366 1.8065143
v -0.62608284 -0.63785607 1.8968453
v -0.7785119 -0.09343755 1.938432
v -0.83616453 -0.096757114 2.0170598
v 0.68127406 -0.6987293 1.6664591
v 0.6376841 -0.64633274 1.7750713
v 0.90942407 -0.1916349 1.7767265
v 0.96762186 -0.18074465 1.6991919
v 0.6078316 -0.6186631 1.5983585
v 0.88715494 -0.17099398 1.6449035
v 0.9535985 0.3083936 1.77815
v 0.9389678 0.30648673 1.7986511
v 0.6376841 -0.64633274 1.7750713
v 0.5642416 -0.56626654 1.7069707
v 0.8324071 -0.18558604 1.7212759
v 0.90942407 -0.1916349 1.7767265
v 0.9389678 0.30648673 1.7986511
v 0.91845685 0.31003022 1.7843429
v 0.5642416 -0.56626654 1.7069707
v 0.6078316 -0.6186631 1.5983585
v 0.88715494 -0.17099398 1.6449035
v 0.8324071 -0.18558604 1.7212759
v 0.91845685 0.31003022 1.7843429
v 0.93308747 0.3119371 1.7638419
v -0.7785119 -0.09343755 1.938432
v -0.73739284 0.3897177 2.0582185
v -0.7520236 0.3878107 2.0787196
v -0.83616453 -0.096757114 2.0170598
v -0.75624263 -0.1140784 2.0702548
v -0.7315125 0.38426733 2.0930276
v -0.7168817 0.38617456 2.072527
v -0.70254844 -0.114115775 1.9917699
v 0.96762186 -0.18074465 1.6991919
v 0.9535985 0.3083936 1.77815
v 0.93308747 0.3119371 1.7638419
v 0.88715494 -0.17099398 1.6449035
v -0.07587443 -1.0333589 1.3743446
v 0.654979 -0.7535813 1.4142332
v 0.70763755 -0.79706985 1.2996767
v -0.0529311 -0.9670707 1.4816964
v -0.8079062 -0.7357388 1.573464
v -0.7143282 -0.6981681 1.6616024
v -1.0454811 -0.20381749 1.7467185
v -0.95499337 -0.22693223 1.7961785
v -0.9192431 0.26712465 1.8613656
v -0.942461 0.27221513 1.8479371
v -0.0529311 -0.9670707 1.4816964
v 0.57339346 -0.6667776 1.3550856
v 0.654979 -0.7535813 1.4142332
v -0.05891472 -0.8574671 1.4153439
v -0.7143282 -0.6981681 1.6616024
v -0.64967716 -0.6172824 1.5760368
v -0.95499337 -0.22693223 1.7961785
v -0.8907125 -0.2210291 1.7160273
v -0.05891472 -0.8574671 1.4153439
v 0.626052 -0.7102661 1.2405292
v 0.57339346 -0.6667776 1.3550856
v -0.08185822 -0.9237557 1.3079922
v -0.64967716 -0.6172824 1.5760368
v -0.74325514 -0.654853 1.4878983
v -0.8907125 -0.2210291 1.7160273
v -0.97657204 -0.19462049 1.6666
v -0.9249412 0.27565706 1.8271492
v -0.90172315 0.2705667 1.8405778
v -0.08185822 -0.9237557 1.3079922
v 0.70763755 -0.79706985 1.2996767
v 0.626052 -0.7102661 1.2405292
v -0.07587443 -1.0333589 1.3743446
v -0.74325514 -0.654853 1.4878983
v -0.8079062 -0.7357388 1.573464
v -0.97657204 -0.19462049 1.6666
v -1.0454811 -0.20381749 1.7467185
v 0.70763755 -0.79706985 1.2996767
v 0.654979 -0.7535813 1.4142332
v 0.9759188 -0.305072 1.4473538
v 1.0455449 -0.28843677 1.3689691
v 1.0347687 0.19220114 1.4907451
v 1.0172489 0.18875933 1.5115331
v 0.654979 -0.7535813 1.4142332
v 0.57339346 -0.6667776 1.3550856
v 0.88867325 -0.29303688 1.3945763
v 0.9759188 -0.305072 1.4473538
v 1.0172489 0.18875933 1.5115331
v 0.9940311 0.1938498 1.4981047
v 0.57339346 -0.6667776 1.3550856
v 0.626052 -0.7102661 1.2405292
v 0.95434 -0.2727601 1.3177755
v 0.88867325 -0.29303688 1.3945763
v 0.9940311 0.1938498 1.4981047
v 1.0115509 0.19729137 1.4773166
v 0.626052 -0.7102661 1.2405292
v 0.70763755 -0.79706985 1.2996767
v 1.0455449 -0.28843677 1.3689691
v 0.95434 -0.2727601 1.3177755
v 1.0115509 0.19729137 1.4773166
v 1.0347687 0.19220114 1.4907451
v -0.97657204 -0.19462049 1.6666
v -0.9249412 0.27565706 1.8271492
v -0.942461 0.27221513 1.8479371
v -1.0454811 -0.20381749 1.7467185
v -0.95499337 -0.22693223 1.7961785
v -0.9192431 0.26712465 1.8613656
v -0.90172315 0.2705667 1.8405778
v -0.8907125 -0.2210291 1.7160273
v -0.16998678 -0.9089429 0.85786796
v -0.1449852 -0.8672178 0.9765223
v 0.5707334 -0.6712414 0.9519148
v 0.62216777 -0.69203705 0.8306323
v 0.9082244 -0.25172418 1.0758692
v 0.97873807 -0.22186613 1.0023504
v 0.9856123 0.223225 1.2209938
v 0.96789294 0.21621907 1.2406883
v -0.1449852 -0.8672178 0.9765223
v 0.4927141 -0.5710632 0.9123318
v 0.5707334 -0.6712414 0.9519148
v -0.14656875 -0.74611026 0.9343113
v -0.7964787 -0.6166177 1.2107798
v -0.7284851 -0.52227306 1.1435511
v -1.0197333 -0.1746974 1.4409044
v -0.9549589 -0.1547643 1.3634577
v -0.14656875 -0.74611026 0.9343113
v 0.54414856 -0.59185874 0.7910495
v 0.4927141 -0.5710632 0.9123318
v -0.17157036 -0.7878355 0.81565696
v -0.7284851 -0.52227306 1.1435511
v -0.8230636 -0.5372352 1.0499142
v -0.9549589 -0.1547643 1.3634577
v -1.0395648 -0.115480244 1.3209033
v -0.97087276 0.30910516 1.5750906
v -0.94791675 0.30047417 1.5870838
v -0.17157036 -0.7878355 0.81565696
v 0.62216777 -0.69203705 0.8306323
v 0.54414856 -0.59185874 0.7910495
v -0.16998678 -0.9089429 0.85786796
v -0.8230636 -0.5372352 1.0499142
v -0.89105725 -0.63157964 1.1171433
v -1.0395648 -0.115480244 1.3209033
v -1.1090887 -0.13845205 1.397655
v 0.5707334 -0.6712414 0.9519148
v 0.4927141 -0.5710632 0.9123318
v 0.8217044 -0.22574651 1.0270681
v 0.9082244 -0.25172418 1.0758692
v 0.96789294 0.21621907 1.2406883
v 0.94493693 0.22485006 1.2286952
v 0.4927141 -0.5710632 0.9123318
v 0.54414856 -0.59185874 0.7910495
v 0.88839257 -0.19250691 0.9558682
v 0.8217044 -0.22574651 1.0270681
v 0.94493693 0.22485006 1.2286952
v 0.96265626 0.23185599 1.2090007
v 0.54414856 -0.59185874 0.7910495
v 0.62216777 -0.69203705 0.8306323
v 0.97873807 -0.22186613 1.0023504
v 0.88839257 -0.19250691 0.9558682
v 0.96265626 0.23185599 1.2090007
v 0.9856123 0.223225 1.2209938
v -1.0395648 -0.115480244 1.3209033
v -0.97087276 0.30910516 1.5750906
v -0.98859227 0.30209935 1.5947852
v -1.1090887 -0.13845205 1.397655
v -1.0197333 -0.1746974 1.4409044
v -0.96563625 0.29346824 1.6067783
v -0.94791675 0.30047417 1.5870838
v -0.9549589 -0.1547643 1.3634577
v -1.1090887 -0.13845205 1.397655
v -0.98859227 0.30209935 1.5947852
v -0.96563625 0.29346824 1.6067783
v -1.0197333 -0.1746974 1.4409044
v -0.7964787 -0.6166177 1.2107798
v -0.89105725 -0.63157964 1.1171433
v -0.1449852 -0.8672178 0.9765223
v -0.16998678 -0.9089429 0.85786796
v -0.23331565 -0.5249759 0.5102222
v -0.20732677 -0.5056449 0.63430196
v 0.5143851 -0.3314944 0.6425907
v 0.5654723 -0.3322268 0.51939595
v 0.8648213 0.048542142 0.8375942
v 0.9364679 0.088611245 0.7702898
v 0.95700943 0.48773694 1.0639468
v 0.9390178 0.4779421 1.0821483
v -0.20732677 -0.5056449 0.63430196
v -0.20489827 -0.37900567 0.6141048
v 0.43973798 -0.22345364 0.6215084
v 0.5143851 -0.3314944 0.6425907
v 0.7793206 0.08548117 0.7943827
v 0.8648213 0.048542142 0.8375942
v 0.9390178 0.4779421 1.0821483
v 0.9163853 0.489285 1.0719299
v -0.20489827 -0.37900567 0.6141048
v 0.4908251 -0.22418588 0.49831378
v 0.43973798 -0.22345364 0.6215084
v -0.2308872 -0.39833683 0.49002498
v -0.77992123 -0.17698061 0.86117864
v -0.87466276 -0.17215657 0.7666398
v -0.99510217 0.15309203 1.1430669
v -1.0782806 0.20195937 1.1083443
v -0.9967135 0.5726603 1.4331987
v -0.9740813 0.56131756 1.4434173
v -0.2308872 -0.39833683 0.49002498
v 0.5654723 -0.3322268 0.51939595
v 0.4908251 -0.22418588 0.49831378
v -0.23331565 -0.5249759 0.5102222
v -0.87466276 -0.17215657 0.7666398
v -0.94584453 -0.27464062 0.8163786
v 0.43973798 -0.22345364 0.6215084
v 0.4908251 -0.22418588 0.49831378
v 0.84724575 0.12859118 0.7299677
v 0.7793206 0.08548117 0.7943827
v 0.9163853 0.489285 1.0719299
v 0.93437696 0.49907994 1.0537285
v 0.4908251 -0.22418588 0.49831378
v 0.5654723 -0.3322268 0.51939595
v 0.9364679 0.088611245 0.7702898
v 0.84724575 0.12859118 0.7299677
v 0.93437696 0.49907994 1.0537285
v 0.95700943 0.48773694 1.0639468
v -1.0782806 0.20195937 1.1083443
v -0.9967135 0.5726603 1.4331987
v -1.0147055 0.5628655 1.4514002
v -1.1487256 0.16806352 1.1800423
v -0.94584453 -0.27464062 0.8163786
v -0.87466276 -0.17215657 0.7666398
v -1.0607051 0.12191045 1.2159711
v -0.99207294 0.5515226 1.4616185
v -0.9740813 0.56131756 1.4434173
v -0.99510217 0.15309203 1.1430669
v -1.1487256 0.16806352 1.1800423
v -1.0147055 0.5628655 1.4514002
v -0.99207294 0.5515226 1.4616185
v -1.0607051 0.12191045 1.2159711
v -0.85110265 -0.27946502 0.9109169
v -0.94584453 -0.27464062 0.8163786
v -0.20732677 -0.5056449 0.63430196
v -0.23331565 -0.5249759 0.5102222
v -1.0607051 0.12191045 1.2159711
v -0.99510217 0.15309203 1.1430669
v -0.77992123 -0.17698061 0.86117864
v -0.85110265 -0.27946502 0.9109169
v -0.20489827 -0.37900567 0.6141048
v -0.20732677 -0.5056449 0.63430196
v -0.254291 0.07174325 0.3727577
v 0.41256875 0.18793893 0.52091646
v 0.45814648 0.20884681 0.41416827
v -0.23112485 0.06406474 0.4835015
v -0.8764167 0.254475 0.6872233
v -0.7932207 0.22916436 0.76762366
v -0.8098005 0.34988844 0.6633762
v -0.24770486 0.18478847 0.3792539
v -0.2245386 0.17711008 0.48999774
v -0.24770486 0.18478847 0.3792539
v 0.39598906 0.3086629 0.416669
v 0.35041147 0.28775513 0.52341706
v -0.24770486 0.18478847 0.3792539
v -0.254291 0.07174325 0.3727577
v 0.45814648 0.20884681 0.41416827
v 0.39598906 0.3086629 0.416669
v 0.799533 0.51185274 0.7091155
v 0.7222229 0.55706346 0.6821774
v 0.8107718 0.8126131 1.0316024
v 0.8303412 0.80010986 1.0381999
v 0.45814648 0.20884681 0.41416827
v 0.41256875 0.18793893 0.52091646
v 0.73459136 0.46700692 0.7599432
v 0.799533 0.51185274 0.7091155
v 0.8303412 0.80010986 1.0381999
v 0.8140376 0.7888328 1.0521371
v 0.35041147 0.28775513 0.52341706
v 0.39598906 0.3086629 0.416669
v 0.7222229 0.55706346 0.6821774
v 0.6604757 0.51001096 0.7299202
v 0.79446816 0.80133617 1.0455396
v 0.8107718 0.8126131 1.0316024
v -0.9781065 0.61519694 1.0300689
v -0.89447117 0.87091446 1.3804988
v -0.9107748 0.8596375 1.3944364
v -1.0417902 0.5748068 1.0858545
v -0.8764167 0.254475 0.6872233
v -0.8098005 0.34988844 0.6633762
v -0.9657383 0.5251403 1.1078343
v -0.89120543 0.84713423 1.4010339
v -0.87490165 0.8584111 1.3870965
v -0.90642226 0.5635824 1.0505112
v -0.72660464 0.32457817 0.7437772
v -0.7932207 0.22916436 0.76762366
v -1.0417902 0.5748068 1.0858545
v -0.9107748 0.8596375 1.3944364
v -0.89120543 0.84713423 1.4010339
v -0.9657383 0.5251403 1.1078343
v -0.7932207 0.22916436 0.76762366
v -0.8764167 0.254475 0.6872233
v -0.90642226 0.5635824 1.0505112
v -0.87490165 0.8584111 1.3870965
v -0.89447117 0.87091446 1.3804988
v -0.9781065 0.61519694 1.0300689
v -0.8098005 0.34988844 0.6633762
v -0.72660464 0.32457817 0.7437772
v -0.24770486 0.18478847 0.3792539
v -0.2245386 0.17711008 0.48999774
v 0.6604757 0.51001096 0.7299202
v 0.79446816 0.80133617 1.0455396
v 0.8140376 0.7888328 1.0521371
v 0.73459136 0.46700692 0.7599432
v 0.41256875 0.18793893 0.52091646
v 0.35041147 0.28775513 0.52341706
v -0.23112485 0.06406474 0.4835015
v -0.2245386 0.17711008 0.48999774
v -0.7932207 0.22916436 0.76762366
v -0.72660464 0.32457817 0.7437772
v 0.35432014 -0.5946336 1.8105652
v 0.27047133 -0.50565195 1.771917
v 0.33040118 -0.013404429 2.1918426
v 0.4206503 -0.04981613 2.275337
v 0.4036417 0.5112052 2.195829
v 0.47617632 0.53997374 2.2543802
v 0.27047133 -0.50565195 1.771917
v 0.36705905 -0.4338567 1.7276641
v 0.42058855 0.0058208704 2.1027431
v 0.33040118 -0.013404429 2.1918426
v 0.36705905 -0.4338567 1.7276641
v 0.4509079 -0.5228386 1.7663124
v 0.5108378 -0.030590773 2.1862378
v 0.42058855 0.0058208704 2.1027431
v 0.53824234 0.49838448 2.1916478
v 0.46572262 0.4681511 2.1380773
v 0.4509079 -0.5228386 1.7663124
v 0.35432014 -0.5946336 1.8105652
v 0.4206503 -0.04981613 2.275337
v 0.5108378 -0.030590773 2.1862378
v 0.33040118 -0.013404429 2.1918426
v 0.42058855 0.0058208704 2.1027431
v 0.46572262 0.4681511 2.1380773
v 0.4036417 0.5112052 2.195829
v 0.48825592 0.9482254 1.969263
v 0.504764 0.9384475 1.952836
v 0.5108378 -0.030590773 2.1862378
v 0.4206503 -0.04981613 2.275337
v 0.47617632 0.53997374 2.2543802
v 0.53824234 0.49838448 2.1916478
v 0.52379864 0.94483995 1.968159
v 0.5072906 0.9546182 1.9845862
v 0.53824234 0.49838448 2.1916478
v 0.52379864 0.94483995 1.968159
v 0.504764 0.9384475 1.952836
v 0.46572262 0.4681511 2.1380773
v 0.4036417 0.5112052 2.195829
v 0.48825592 0.9482254 1.969263
v 0.5072906 0.9546182 1.9845862
v 0.47617632 0.53997374 2.2543802
v -0.19999501 -0.67228264 1.842432
v -0.3348875 -0.5906335 1.8419336
v -0.21105033 -0.037077904 2.2966154
v -0.062305197 -0.05692345 2.347719
v -0.25274867 0.5542402 2.316042
v -0.14721608 0.60769117 2.3549023
v -0.3203268 1.0697833 2.096932
v -0.3586462 1.0514249 2.082903
v -0.3348875 -0.5906335 1.8419336
v -0.2659517 -0.47901154 1.749397
v -0.15557677 0.01147449 2.1535916
v -0.21105033 -0.037077904 2.2966154
v -0.19815981 0.52135384 2.2111058
v -0.25274867 0.5542402 2.316042
v -0.2659517 -0.47901154 1.749397
v -0.12943077 -0.56342137 1.7528067
v -0.0054513514 -0.009846687 2.2074265
v -0.15557677 0.01147449 2.1535916
v -0.09391551 0.5752773 2.2471404
v -0.19815981 0.52135384 2.2111058
v -0.12943077 -0.56342137 1.7528067
v -0.19999501 -0.67228264 1.842432
v -0.062305197 -0.05692345 2.347719
v -0.0054513514 -0.009846687 2.2074265
v -0.0054513514 -0.009846687 2.2074265
v -0.062305197 -0.05692345 2.347719
v -0.14721608 0.60769117 2.3549023
v -0.09391551 0.5752773 2.2471404
v -0.3011452 1.0590409 2.0579593
v -0.3203268 1.0697833 2.096932
v -0.09391551 0.5752773 2.2471404
v -0.3011452 1.0590409 2.0579593
v -0.339383 1.0408225 2.0441613
v -0.19815981 0.52135384 2.2111058
v -0.3586462 1.0514249 2.082903
v -0.25274867 0.5542402 2.316042
v 0.09016169 -0.7642919 1.9115732
v -0.046722144 -0.6631986 1.8595741
v 0.03670992 0.028559208 2.2925963
v 0.18297957 0.0046669245 2.392777
v 0.058994293 0.69142354 2.2027583
v 0.17040636 0.7498733 2.2653239
v -0.046722144 -0.6631986 1.8595741
v 0.06657815 -0.5626516 1.7601993
v 0.14086294 0.05049318 2.1454887
v 0.03670992 0.028559208 2.2925963
v 0.06657815 -0.5626516 1.7601993
v 0.20413032 -0.6663742 1.8162621
v 0.28773624 0.025381684 2.249254
v 0.14086294 0.05049318 2.1454887
v 0.25292158 0.6889684 2.1692748
v 0.14211118 0.63043785 2.1102016
v 0.20413032 -0.6663742 1.8162621
v 0.09016169 -0.7642919 1.9115732
v 0.18297957 0.0046669245 2.392777
v 0.28773624 0.025381684 2.249254
v 0.03670992 0.028559208 2.2925963
v 0.14086294 0.05049318 2.1454887
v 0.14211118 0.63043785 2.1102016
v 0.058994293 0.69142354 2.2027583
v 0.06622954 1.2063031 1.8378973
v 0.09613462 1.1855652 1.8032186
v 0.28773624 0.025381684 2.249254
v 0.18297957 0.0046669245 2.392777
v 0.17040636 0.7498733 2.2653239
v 0.25292158 0.6889684 2.1692748
v 0.13643548 1.2054148 1.8257759
v 0.106576145 1.2263465 1.8607033
v 0.25292158 0.6889684 2.1692748
v 0.13643548 1.2054148 1.8257759
v 0.09613462 1.1855652 1.8032186
v 0.14211118 0.63043785 2.1102016
v 0.058994293 0.69142354 2.2027583
v 0.06622954 1.2063031 1.8378973
v 0.106576145 1.2263465 1.8607033
v 0.17040636 0.7498733 2.2653239
v 0.05288048 0.8000032 1.9793289
v 0.5739924 0.65034497 1.6003714
v 0.64505875 0.7593231 1.6371498
v 0.045056373 0.68668056 1.9060074
v -0.6083176 0.73196185 1.8131833
v -0.5455284 0.62590563 1.7576056
v -0.9291477 0.60019267 1.3754015
v -0.8552205 0.53357685 1.3876708
v -0.9784783 0.4221487 0.8796084
v -0.99806035 0.44015968 0.87841517
v 0.062398583 0.6130005 2.0180335
v 0.7256433 0.6812986 1.7126322
v 0.6545769 0.57232034 1.6758538
v 0.07022278 0.72632337 2.0913548
v -0.59879947 0.54495895 1.8518877
v -0.66158885 0.65101516 1.9074657
v -0.9220475 0.46069372 1.4042737
v -0.99940884 0.5280051 1.3962104
v -1.0157671 0.42133474 0.8848456
v -0.9961852 0.40332365 0.8860392
v 0.7256433 0.6812986 1.7126322
v 0.8382859 0.6387758 1.127169
v 0.91458285 0.56978786 1.1273943
v 0.64505875 0.7593231 1.6371498
v 0.07022278 0.72632337 2.0913548
v 0.05288048 0.8000032 1.9793289
v -0.66158885 0.65101516 1.9074657
v -0.6083176 0.73196185 1.8131833
v 0.64505875 0.7593231 1.6371498
v 0.5739924 0.65034497 1.6003714
v 0.77351546 0.5691321 1.1589181
v 0.8382859 0.6387758 1.127169
v 0.77448094 0.47885442 0.6294654
v 0.75677395 0.46002948 0.63589597
v 0.5739924 0.65034497 1.6003714
v 0.84538627 0.49927688 1.1560413
v 0.77351546 0.5691321 1.1589181
v 0.6545769 0.57232034 1.6758538
v 0.045056373 0.68668056 1.9060074
v 0.062398583 0.6130005 2.0180335
v -0.5455284 0.62590563 1.7576056
v -0.59879947 0.54495895 1.8518877
v 0.6545769 0.57232034 1.6758538
v 0.7256433 0.6812986 1.7126322
v 0.91458285 0.56978786 1.1273943
v 0.84538627 0.49927688 1.1560413
v 0.7763558 0.4420185 0.6370896
v 0.7940627 0.46084356 0.6306588
v 0.84538627 0.49927688 1.1560413
v 0.7763558 0.4420185 0.6370896
v 0.75677395 0.46002948 0.63589597
v 0.77351546 0.5691321 1.1589181
v 0.8382859 0.6387758 1.127169
v 0.77448094 0.47885442 0.6294654
v 0.7940627 0.46084356 0.6306588
v 0.91458285 0.56978786 1.1273943
v -0.99940884 0.5280051 1.3962104
v -1.0157671 0.42133474 0.8848456
v -0.99806035 0.44015968 0.87841517
v -0.9291477 0.60019267 1.3754015
v -0.6083176 0.73196185 1.8131833
v -0.66158885 0.65101516 1.9074657
v -0.8552205 0.53357685 1.3876708
v -0.9784783 0.4221487 0.8796084
v -0.9961852 0.40332365 0.8860392
v -0.9220475 0.46069372 1.4042737
v -0.59879947 0.54495895 1.8518877
v -0.5455284 0.62590563 1.7576056
v 0.07920945 0.4728427 2.2185614
v 0.6896378 0.34831738 1.8110577
v 0.7723627 0.45257258 1.8552567
v 0.0705103 0.36642277 2.135563
v -0.6806574 0.42985952 2.0654233
v -0.6082056 0.3280301 1.9987794
v -1.0405842 0.34151828 1.624912
v -0.9566119 0.2729336 1.6292994
v -1.0860136 0.20781696 1.114454
v -1.1083101 0.22617018 1.1153831
v 0.08613649 0.28306663 2.2408724
v 0.8620151 0.36705172 1.9217664
v 0.77929 0.26279664 1.8775673
v 0.09483568 0.38948655 2.3238707
v -0.67372996 0.24008358 2.0877342
v -0.7461817 0.3419131 2.154378
v -1.035417 0.19995081 1.6415554
v -1.1234664 0.26891875 1.6415397
v 0.8620151 0.36705172 1.9217664
v 1.0083742 0.37354672 1.3285475
v 1.0953946 0.30360317 1.3206
v 0.7723627 0.45257258 1.8552567
v 0.09483568 0.38948655 2.3238707
v 0.07920945 0.4728427 2.2185614
v -0.7461817 0.3419131 2.154378
v -0.6806574 0.42985952 2.0654233
v 0.7723627 0.45257258 1.8552567
v 0.6896378 0.34831738 1.8110577
v 0.9315568 0.3024485 1.3561916
v 1.0083742 0.37354672 1.3285475
v 0.9465696 0.25829124 0.81816196
v 0.9256377 0.23926234 0.8234857
v 0.77929 0.26279664 1.8775673
v 0.8620151 0.36705172 1.9217664
v 1.0953946 0.30360317 1.3206
v 1.0135416 0.23197925 1.3451908
v 0.94793415 0.22090912 0.822557
v 0.968866 0.2399379 0.8172332
v -1.035417 0.19995081 1.6415554
v -1.1069459 0.18878782 1.1197779
v -1.1292421 0.20714116 1.1207068
v -1.1234664 0.26891875 1.6415397
v 1.0135416 0.23197925 1.3451908
v 0.94793415 0.22090912 0.822557
v 0.9256377 0.23926234 0.8234857
v 0.9315568 0.3024485 1.3561916
v 0.6896378 0.34831738 1.8110577
v 0.77929 0.26279664 1.8775673
v 0.0705103 0.36642277 2.135563
v 0.08613649 0.28306663 2.2408724
v -0.6082056 0.3280301 1.9987794
v -0.67372996 0.24008358 2.0877342
v 1.0083742 0.37354672 1.3285475
v 0.9465696 0.25829124 0.81816196
v 0.968866 0.2399379 0.8172332
v 1.0953946 0.30360317 1.3206
v -1.1234664 0.26891875 1.6415397
v -1.1292421 0.20714116 1.1207068
v -1.1083101 0.22617018 1.1153831
v -1.0405842 0.34151828 1.624912
v -0.6806574 0.42985952 2.0654233
v -0.7461817 0.3419131 2.154378
v -0.9566119 0.2729336 1.6292994
v -1.0860136 0.20781696 1.114454
v -1.1069459 0.18878782 1.1197779
v -1.035417 0.19995081 1.6415554
v -0.67372996 0.24008358 2.0877342
v -0.6082056 0.3280301 1.9987794
v 0.095979065 -0.070699036 2.3107731
v 0.702886 -0.13113153 1.8839239
v 0.78930795 -0.041475177 1.9484144
v 0.08360198 -0.15723449 2.2075841
v -0.66435546 -0.052374125 2.1550448
v -0.59553224 -0.1408664 2.0684867
v -1.0256112 -0.03400719 1.707207
v -0.9443029 -0.1051321 1.6969763
v -1.0740286 -0.057371557 1.1803132
v -1.0956209 -0.038780272 1.1851078
v 0.09565662 -0.2611072 2.2933023
v 0.8754075 -0.14222693 1.9954343
v 0.78898555 -0.23188329 1.9309433
v 0.10803385 -0.17457175 2.396491
v -0.6646779 -0.24278235 2.1375737
v -0.73350173 -0.15428972 2.2241316
v -1.0258518 -0.17604637 1.694174
v -1.1112372 -0.105297446 1.7087766
v 0.8754075 -0.14222693 1.9954343
v 1.024255 -0.018638074 1.4158294
v 1.1086069 -0.08865374 1.3932381
v 0.78930795 -0.041475177 1.9484144
v 0.10803385 -0.17457175 2.396491
v 0.095979065 -0.070699036 2.3107731
v -0.73350173 -0.15428972 2.2241316
v -0.66435546 -0.052374125 2.1550448
v 0.78930795 -0.041475177 1.9484144
v 0.702886 -0.13113153 1.8839239
v 0.94470227 -0.090969026 1.4284644
v 1.024255 -0.018638074 1.4158294
v 0.96016914 -0.02336663 0.8928882
v 0.93851376 -0.042282224 0.89424103
v 0.78898555 -0.23188329 1.9309433
v 0.8754075 -0.14222693 1.9954343
v 1.1086069 -0.08865374 1.3932381
v 1.0240142 -0.16067725 1.4027965
v 0.9601058 -0.060873568 0.88944674
v 0.9817611 -0.041958094 0.8880937
v -1.0258518 -0.17604637 1.694174
v -1.0956842 -0.07628721 1.1816664
v -1.1172761 -0.057695866 1.1864607
v -1.1112372 -0.105297446 1.7087766
v 1.0240142 -0.16067725 1.4027965
v 0.9601058 -0.060873568 0.88944674
v 0.93851376 -0.042282224 0.89424103
v 0.94470227 -0.090969026 1.4284644
v 0.702886 -0.13113153 1.8839239
v 0.78898555 -0.23188329 1.9309433
v 0.08360198 -0.15723449 2.2075841
v 0.09565662 -0.2611072 2.2933023
v -0.59553224 -0.1408664 2.0684867
v -0.6646779 -0.24278235 2.1375737
v 1.024255 -0.018638074 1.4158294
v 0.96016914 -0.02336663 0.8928882
v 0.9817611 -0.041958094 0.8880937
v 1.1086069 -0.08865374 1.3932381
v -1.1112372 -0.105297446 1.7087766
v -1.1172761 -0.057695866 1.1864607
v -1.0956209 -0.038780272 1.1851078
v -1.0256112 -0.03400719 1.707207
v -0.66435546 -0.052374125 2.1550448
v -0.73350173 -0.15428972 2.2241316
v -0.9443029 -0.1051321 1.6969763
v -1.0740286 -0.057371557 1.1803132
v -1.0956842 -0.07628721 1.1816664
v -1.0258518 -0.17604637 1.694174
v -0.6646779 -0.24278235 2.1375737
v -0.59553224 -0.1408664 2.0684867
v 0.055386893 -0.5488988 2.0881934
v 0.66125995 -0.55260754 1.6556517
v 0.75033194 -0.47854632 1.7346908
v 0.040532008 -0.6154467 1.9714019
v -0.70351744 -0.47899452 1.9402964
v -0.63732433 -0.5530077 1.8392992
v -1.0627118 -0.37037742 1.5037377
v -0.983701 -0.44115978 1.4808986
v 0.048998095 -0.7331357 2.0374331
v 0.83301574 -0.5887219 1.7629693
v 0.7439435 -0.662783 1.6839299
v 0.06385311 -0.66658765 2.1542244
v -0.709906 -0.66323125 1.8895357
v -0.77609956 -0.5892178 1.9905323
v -1.0674777 -0.5078128 1.4658717
v -1.1505879 -0.43804002 1.4929595
v 0.75033194 -0.47854632 1.7346908
v 0.66125995 -0.55260754 1.6556517
v 0.90554553 -0.44057757 1.2137182
v 0.9874164 -0.36974543 1.2138052
v 0.9247105 -0.28015792 0.6984036
v 0.9024551 -0.29831016 0.69646263
v 0.7439435 -0.662783 1.6839299
v 0.83301574 -0.5887219 1.7629693
v 1.06954 -0.43735558 1.1789857
v 0.98265046 -0.5071808 1.1759391
v 0.92345226 -0.31644922 0.6884047
v 0.9457078 -0.29829687 0.69034576
v -1.0674777 -0.5078128 1.4658717
v -1.1326004 -0.31708312 0.9791752
v -1.1535978 -0.298944 0.987233
v -1.1505879 -0.43804002 1.4929595
v 0.98265046 -0.5071808 1.1759391
v 0.92345226 -0.31644922 0.6884047
v 0.9024551 -0.29831016 0.69646263
v 0.90554553 -0.44057757 1.2137182
v 0.66125995 -0.55260754 1.6556517
v 0.7439435 -0.662783 1.6839299
v 0.040532008 -0.6154467 1.9714019
v 0.048998095 -0.7331357 2.0374331
v -0.63732433 -0.5530077 1.8392992
v -0.709906 -0.66323125 1.8895357
v -1.0627118 -0.37037742 1.5037377
v -1.1313423 -0.28079182 0.989174
v -1.1103446 -0.29893064 0.98111606
v -0.983701 -0.44115978 1.4808986
v 0.9874164 -0.36974543 1.2138052
v 0.9247105 -0.28015792 0.6984036
v 0.9457078 -0.29829687 0.69034576
v 1.06954 -0.43735558 1.1789857
v 0.83301574 -0.5887219 1.7629693
v 0.75033194 -0.47854632 1.7346908
v 0.06385311 -0.66658765 2.1542244
v 0.055386893 -0.5488988 2.0881934
v -0.77609956 -0.5892178 1.9905323
v -0.70351744 -0.47899452 1.9402964
v -1.1505879 -0.43804002 1.4929595
v -1.1535978 -0.298944 0.987233
v -1.1313423 -0.28079182 0.989174
v -1.0627118 -0.37037742 1.5037377
v -0.70351744 -0.47899452 1.9402964
v -0.77609956 -0.5892178 1.9905323
v -0.983701 -0.44115978 1.4808986
v -1.1103446 -0.29893064 0.98111606
v -1.1326004 -0.31708312 0.9791752
v -1.0674777 -0.5078128 1.4658717
v -0.709906 -0.66323125 1.8895357
v -0.63732433 -0.5530077 1.8392992
v -0.23858082 0.24510705 0.36565986
v -0.23593909 0.10994792 0.36666712
v 0.30234647 -0.059408188 0.43277675
v 0.35719144 0.057664394 0.43882978
v -0.2100482 0.24669254 0.4977661
v 0.32823744 0.07733625 0.5638763
v -0.23593909 0.10994792 0.36666712
v -0.20740652 0.11153293 0.4987734
v 0.27339244 -0.03973663 0.55782306
v 0.30234647 -0.059408188 0.43277675
v 0.5429524 -0.32649696 0.80188537
v 0.5894049 -0.3814301 0.7455425
v 0.68396866 -0.70991594 1.1458694
v 0.67177594 -0.6968589 1.1622452
v -0.20740652 0.11153293 0.4987734
v -0.2100482 0.24669254 0.4977661
v 0.32823744 0.07733625 0.5638763
v 0.27339244 -0.03973663 0.55782306
v 0.60871875 -0.27942264 0.843339
v 0.5429524 -0.32649696 0.80188537
v 0.35719144 0.057664394 0.43882978
v 0.30234647 -0.059408188 0.43277675
v 0.5894049 -0.3814301 0.7455425
v 0.6576642 -0.33163583 0.7836416
v 0.7012613 -0.6960369 1.1553178
v 0.68396866 -0.70991594 1.1458694
v 0.32823744 0.07733625 0.5638763
v 0.35719144 0.057664394 0.43882978
v 0.6576642 -0.33163583 0.7836416
v 0.60871875 -0.27942264 0.843339
v 0.68906873 -0.6829797 1.1716936
v 0.7012613 -0.6960369 1.1553178
v -0.788832 -0.3183728 1.1716907
v -0.71252066 -0.7220424 1.5009943
v -0.729813 -0.7359216 1.4915459
v -0.8557733 -0.3738159 1.1392208
v -0.73972505 0.027092695 0.6965486
v -0.66283613 0.049714446 0.7967273
v -0.23858082 0.24510705 0.36565986
v -0.2100482 0.24669254 0.4977661
v 0.60871875 -0.27942264 0.843339
v 0.68906873 -0.6829797 1.1716936
v 0.67177594 -0.6968589 1.1622452
v 0.5429524 -0.32649696 0.80188537
v -0.808146 -0.4203804 1.0738941
v -0.71762073 -0.7489786 1.4751701
v -0.700328 -0.7350997 1.4846184
v -0.7449271 -0.36239058 1.1044701
v -0.6118386 -0.06440854 0.76580656
v -0.6887272 -0.08703011 0.66562784
v -0.20740652 0.11153293 0.4987734
v -0.23593909 0.10994792 0.36666712
v -0.8557733 -0.3738159 1.1392208
v -0.729813 -0.7359216 1.4915459
v -0.71762073 -0.7489786 1.4751701
v -0.808146 -0.4203804 1.0738941
v -0.6887272 -0.08703011 0.66562784
v -0.73972505 0.027092695 0.6965486
v -0.23593909 0.10994792 0.36666712
v -0.23858082 0.24510705 0.36565986
v -0.7449271 -0.36239058 1.1044701
v -0.700328 -0.7350997 1.4846184
v -0.71252066 -0.7220424 1.5009943
v -0.788832 -0.3183728 1.1716907
v -0.66283613 0.049714446 0.7967273
v -0.6118386 -0.06440854 0.76580656
v -0.2100482 0.24669254 0.4977661
v -0.20740652 0.11153293 0.4987734
v -0.22525638 0.62585485 0.5169021
v -0.22436345 0.49108958 0.50614554
v 0.39270985 0.30818343 0.54213226
v 0.45771804 0.42341483 0.5567322
v -0.19610229 0.6155597 0.6485056
v 0.42097136 0.4326533 0.6844925
v -0.22436345 0.49108958 0.50614554
v -0.19520915 0.48079467 0.637749
v 0.3559634 0.3174219 0.66989243
v 0.39270985 0.30818343 0.54213226
v 0.65569353 0.0064148903 0.8817004
v 0.71010554 -0.04416579 0.8191842
v 0.80255824 -0.4074907 1.1889287
v 0.7882092 -0.39570796 1.2068093
v -0.19520915 0.48079467 0.637749
v -0.19610229 0.6155597 0.6485056
v 0.42097136 0.4326533 0.6844925
v 0.3559634 0.3174219 0.66989243
v 0.73118776 0.048685074 0.92538095
v 0.65569353 0.0064148903 0.8817004
v 0.45771804 0.42341483 0.5567322
v 0.39270985 0.30818343 0.54213226
v 0.71010554 -0.04416579 0.8191842
v 0.7886186 0.0010646582 0.85966873
v 0.8224743 -0.39475513 1.1990904
v 0.80255824 -0.4074907 1.1889287
v 0.42097136 0.4326533 0.6844925
v 0.45771804 0.42341483 0.5567322
v 0.7886186 0.0010646582 0.85966873
v 0.73118776 0.048685074 0.92538095
v 0.8081249 -0.38297224 1.2169709
v 0.8224743 -0.39475513 1.1990904
v -0.89292586 0.003529787 1.2912469
v -0.8206816 -0.4282583 1.5838945
v -0.8405975 -0.44099376 1.5737329
v -0.9701686 -0.04783511 1.255873
v -0.81702405 0.3879727 0.8438951
v -0.73076946 0.40063095 0.9439467
v -0.22525638 0.62585485 0.5169021
v -0.19610229 0.6155597 0.6485056
v 0.73118776 0.048685074 0.92538095
v 0.8081249 -0.38297224 1.2169709
v 0.7882092 -0.39570796 1.2068093
v 0.65569353 0.0064148903 0.8817004
v -0.91400766 -0.089321434 1.1850502
v -0.8262488 -0.45277643 1.555852
v -0.8063324 -0.440041 1.5660138
v -0.8409695 -0.03519696 1.2188554
v -0.672776 0.28881967 0.9016379
v -0.75903064 0.2761612 0.80158657
v -0.19520915 0.48079467 0.637749
v -0.22436345 0.49108958 0.50614554
v -0.9701686 -0.04783511 1.255873
v -0.8405975 -0.44099376 1.5737329
v -0.8262488 -0.45277643 1.555852
v -0.91400766 -0.089321434 1.1850502
v -0.75903064 0.2761612 0.80158657
v -0.81702405 0.3879727 0.8438951
v -0.22436345 0.49108958 0.50614554
v -0.22525638 0.62585485 0.5169021
v -0.8409695 -0.03519696 1.2188554
v -0.8063324 -0.440041 1.5660138
v -0.8206816 -0.4282583 1.5838945
v -0.89292586 0.003529787 1.2912469
v -0.73076946 0.40063095 0.9439467
v -0.672776 0.28881967 0.9016379
v -0.19610229 0.6155597 0.6485056
v -0.19520915 0.48079467 0.637749
v -0.14838785 0.99987113 0.9385805
v -0.15253484 0.8703135 0.9001656
v 0.45705497 0.6607809 0.8950959
v 0.5263037 0.7679615 0.9329697
v 0.7598382 0.24701285 1.0919861
v 0.83984023 0.27989268 1.1406448
v -0.8421106 0.25640857 1.5700012
v -0.78735965 -0.22900301 1.7666749
v -0.80770147 -0.2385999 1.7541759
v -0.9210949 0.21642601 1.525068
v 0.783986 0.31501544 1.2150145
v 0.8434361 -0.17022693 1.4106622
v 0.82309437 -0.17982376 1.3981633
v 0.7071252 0.28557706 1.1638293
v 0.42017716 0.64476013 1.0221459
v 0.4894261 0.7519405 1.0600197
v -0.12431085 0.8319154 1.026674
v -0.1201638 0.96147346 1.065089
v -0.60981846 0.6076373 1.2470002
v -0.6637213 0.7103795 1.3117588
v -0.8662585 0.18840575 1.4469728
v -0.79373664 -0.24695969 1.7341878
v -0.7733946 -0.23736334 1.7466867
v -0.79136527 0.23156929 1.4909592
v -0.60981846 0.6076373 1.2470002
v -0.69609225 0.61921966 1.1468351
v 0.7598382 0.24701285 1.0919861
v 0.83705944 -0.18818378 1.3781751
v 0.85740113 -0.17858702 1.3906741
v 0.83984023 0.27989268 1.1406448
v 0.83984023 0.27989268 1.1406448
v 0.85740113 -0.17858702 1.3906741
v 0.8434361 -0.17022693 1.4106622
v 0.783986 0.31501544 1.2150145
v 0.4894261 0.7519405 1.0600197
v 0.5263037 0.7679615 0.9329697
v -0.1201638 0.96147346 1.065089
v -0.14838785 0.99987113 0.9385805
v -0.6637213 0.7103795 1.3117588
v -0.74999523 0.7219614 1.2115936
v -0.9210949 0.21642601 1.525068
v -0.80770147 -0.2385999 1.7541759
v -0.79373664 -0.24695969 1.7341878
v -0.8662585 0.18840575 1.4469728
v -0.79136527 0.23156929 1.4909592
v -0.7733946 -0.23736334 1.7466867
v -0.78735965 -0.22900301 1.7666749
v -0.8421106 0.25640857 1.5700012
v -0.6637213 0.7103795 1.3117588
v -0.60981846 0.6076373 1.2470002
v 0.7071252 0.28557706 1.1638293
v 0.82309437 -0.17982376 1.3981633
v 0.83705944 -0.18818378 1.3781751
v 0.7598382 0.24701285 1.0919861
v 0.45705497 0.6607809 0.8950959
v 0.42017716 0.64476013 1.0221459
v -0.15253484 0.8703135 0.9001656
v -0.12431085 0.8319154 1.026674
v -0.69609225 0.61921966 1.1468351
v -0.60981846 0.6076373 1.2470002
v -0.74999523 0.7219614 1.2115936
v -0.14838785 0.99987113 0.9385805
v -0.9210949 0.21642601 1.525068
v -0.8662585 0.18840575 1.4469728
v -0.69609225 0.61921966 1.1468351
v -0.74999523 0.7219614 1.2115936
v -0.8421106 0.25640857 1.5700012
v -0.6637213 0.7103795 1.3117588
v 0.61641693 0.81869054 1.4274399
v 0.83263993 0.27064013 1.4914718
v 0.91351706 0.29184055 1.5449369
v 0.5438696 0.7221453 1.3714631
v -0.05049017 1.0675323 1.4757608
v -0.05868669 0.94697607 1.4151217
v -0.66149414 0.765321 1.6972198
v -0.6107339 0.673926 1.6152117
v -0.7695434 0.24708378 1.9682106
v -0.73097724 -0.26689947 2.0760822
v -0.7515811 -0.27348435 2.0621452
v -0.84964186 0.21820593 1.9171578
v 0.858607 0.3150797 1.6244917
v 0.9018785 -0.19870698 1.7313701
v 0.8812747 -0.20529175 1.7174331
v 0.78098726 0.29760945 1.5691377
v 0.5061325 0.68517303 1.4938039
v 0.57867956 0.781718 1.5497806
v -0.032073393 0.8859929 1.5327997
v -0.023876935 1.006549 1.5934389
v -0.52516407 0.64210284 1.7115209
v -0.5759239 0.7334987 1.7935293
v -0.7955104 0.20264411 1.8351907
v -0.7378343 -0.27863443 2.040957
v -0.71723056 -0.27204984 2.0548935
v -0.7193958 0.23494923 1.8858833
v -0.52516407 0.64210284 1.7115209
v -0.6107339 0.673926 1.6152117
v -0.5759239 0.7334987 1.7935293
v -0.7695434 0.24708378 1.9682106
v 0.83263993 0.27064013 1.4914718
v 0.8950214 -0.21044183 1.6962447
v 0.9156249 -0.20385706 1.7101814
v 0.91351706 0.29184055 1.5449369
v 0.91351706 0.29184055 1.5449369
v 0.9156249 -0.20385706 1.7101814
v 0.9018785 -0.19870698 1.7313701
v 0.858607 0.3150797 1.6244917
v 0.57867956 0.781718 1.5497806
v 0.61641693 0.81869054 1.4274399
v -0.023876935 1.006549 1.5934389
v -0.05049017 1.0675323 1.4757608
v -0.5759239 0.7334987 1.7935293
v -0.66149414 0.765321 1.6972198
v -0.84964186 0.21820593 1.9171578
v -0.7515811 -0.27348435 2.0621452
v -0.7378343 -0.27863443 2.040957
v -0.7955104 0.20264411 1.8351907
v -0.7193958 0.23494923 1.8858833
v -0.71723056 -0.27204984 2.0548935
v -0.73097724 -0.26689947 2.0760822
v -0.7695434 0.24708378 1.9682106
v 0.78098726 0.29760945 1.5691377
v 0.8812747 -0.20529175 1.7174331
v 0.8950214 -0.21044183 1.6962447
v 0.83263993 0.27064013 1.4914718
v 0.5438696 0.7221453 1.3714631
v 0.5061325 0.68517303 1.4938039
v -0.05868669 0.94697607 1.4151217
v -0.032073393 0.8859929 1.5327997
v -0.6107339 0.673926 1.6152117
v -0.52516407 0.64210284 1.7115209
v -0.84964186 0.21820593 1.9171578
v -0.7955104 0.20264411 1.8351907
v -0.6107339 0.673926 1.6152117
v -0.66149414 0.765321 1.6972198
v -0.7695434 0.24708378 1.9682106
v -0.5759239 0.7334987 1.7935293
v 0.21343023 -0.06487 0.47426546
v 0.5487995 -0.21201384 0.67238057
v 0.6875653 0.22297263 0.8286811
v 0.29997683 0.3930279 0.5997183
v -0.19897896 -0.010993183 0.454536
v -0.17664728 0.45529354 0.5769167
v 0.63235605 0.595386 1.1306074
v 0.8008233 0.39440238 1.4540229
v 0.8822638 -0.009305418 1.2024549
v 0.29698682 0.74252987 0.93249214
v 0.39823094 0.80481756 1.4965868
v 0.20534326 0.8894472 1.3826408
v -0.11542252 0.79640675 0.91276246
v -0.61459583 0.39308608 0.7663859
v -0.031854123 0.9204345 1.3712933
v -0.49436706 0.7425802 1.0767049
v -0.24980402 0.8894763 1.465585
v 0.5487995 -0.21201384 0.67238057
v 0.8822638 -0.009305418 1.2024549
v 0.6875653 0.22297263 0.8286811
v 0.7172668 -0.41299757 0.9957963
v 0.25365812 -0.59217805 0.7037447
v 0.35055208 -0.7077739 0.8897574
v 0.67369133 -0.61396784 1.3578538
v 0.32548973 -0.82336193 1.0979948
v 0.83190334 -0.24156791 1.6208869
v 0.42974925 -0.76107466 1.6615398
v 0.1851863 -0.90797055 1.27266
v 0.05080454 -0.8149011 1.8254821
v -0.032763824 -0.93892884 1.3669515
v 0.549978 -0.41158038 1.9718587
v 0.5133058 0.046325386 2.1197665
v 0.7572479 0.1934321 1.8160805
v 0.8008233 0.39440238 1.4540229
v 0.549978 -0.41158038 1.9718587
v 0.13436121 -0.007501185 2.2837088
v 0.5133058 0.046325386 2.1197665
v 0.11202933 -0.4737879 2.1613278
v 0.42974925 -0.76107466 1.6615398
v 0.05080454 -0.8149011 1.8254821
v -0.27804825 0.046375692 2.2639792
v -0.3645947 -0.41152212 2.1385262
v -0.1253882 0.48905396 2.1484458
v 0.111809 0.4580667 2.1597934
v -0.3182758 0.57368386 2.0345
v -0.6134174 0.19351947 2.065864
v -0.7521829 -0.24146706 1.9095633
v -0.3616048 -0.76102424 1.8057525
v -0.032763824 -0.93892884 1.3669515
v -0.6969739 -0.61388046 1.6076373
v -0.26996124 -0.9079416 1.3556039
v -0.46284884 -0.82331175 1.241658
v 0.5133058 0.046325386 2.1197665
v 0.13436121 -0.007501185 2.2837088
v 0.111809 0.4580667 2.1597934
v 0.3297592 0.48902512 2.065502
v 0.7572479 0.1934321 1.8160805
v 0.05102481 0.7960001 1.8261274
v -0.1253882 0.48905396 2.1484458
v -0.3182758 0.57368386 2.0345
v -0.41516984 0.6892798 1.8484874
v -0.3901074 0.8048676 1.64025
v -0.24980402 0.8894763 1.465585
v -0.031854123 0.9204345 1.3712933
v 0.20534326 0.8894472 1.3826408
v 0.39823094 0.80481756 1.4965868
v 0.47006243 0.57363343 1.8908368
v 0.8008233 0.39440238 1.4540229
v 0.49512488 0.6892215 1.6825994
v 0.63235605 0.595386 1.1306074
v -0.6134174 0.19351947 2.065864
v -0.41516984 0.6892798 1.8484874
v -0.3182758 0.57368386 2.0345
v -0.78188443 0.39450324 1.7424483
v -0.7521829 -0.24146706 1.9095633
v -0.3901074 0.8048676 1.64025
v -0.94688165 -0.009188771 1.5357898
v -0.6969739 -0.61388046 1.6076373
v -0.8654412 -0.4128967 1.2842216
v -0.7383089 0.5954734 1.3803909
v -0.24980402 0.8894763 1.465585
v -0.49436706 0.7425802 1.0767049
v -0.8965212 0.2230736 1.1173577
v -0.8218655 -0.21192652 0.92216426
v -0.61459583 0.39308608 0.7663859
v -0.57792354 -0.06481969 0.6184783
v -0.46284884 -0.82331175 1.241658
v -0.8654412 -0.4128967 1.2842216
v -0.6969739 -0.61388046 1.6076373
v -0.5597428 -0.70771587 1.0556452
v -0.8218655 -0.21192652 0.92216426
v -0.115642756 -0.81449455 0.91211736
v -0.26996124 -0.9079416 1.3556039
v -0.032763824 -0.93892884 1.3669515
v 0.1851863 -0.90797055 1.27266
v 0.32548973 -0.82336193 1.0979948
v 0.35055208 -0.7077739 0.8897574
v 0.25365812 -0.59217805 0.7037447
v -0.5346803 -0.5921278 0.8474079
v -0.57792354 -0.06481969 0.6184783
v 0.060770385 -0.5075482 0.5897987
v 0.5487995 -0.21201384 0.67238057
v 0.21343023 -0.06487 0.47426546
v -0.17642704 -0.47656095 0.5784513
v -0.19897896 -0.010993183 0.454536
v -0.39437693 -0.5075192 0.6727428
v -0.17664728 0.45529354 0.5769167
v -0.61459583 0.39308608 0.7663859
v 0.3075996 -1.2907832 1.7062666
v 0.19100428 -1.1553123 1.804328
v 0.35764295 -1.1858006 1.7764391
v 0.17962025 -1.3367367 1.727431
v 0.3921181 -1.2688448 1.8937479
v 0.19100428 -1.1553123 1.804328
v 0.15356678 -1.3516037 1.8892502
v 0.17962025 -1.3367367 1.727431
v 0.047168553 -1.4685063 1.790123
v 0.10039273 -1.3999748 1.6826365
v 0.05824916 -1.38993 1.601712
v 0.08650683 -1.4191587 1.6001902
v 0.05824916 -1.38993 1.601712
v 0.10039273 -1.3999748 1.6826365
v -0.0030886084 -1.4172701 1.5593033
v 0.13966395 -1.3751593 1.4337635
v -0.022473112 -1.4516355 1.4689901
v 0.009204805 -1.3912828 1.6166782
v 0.047168553 -1.4685063 1.790123
v -0.041647673 -1.3904434 1.6233488
v -0.0464302 -1.4007295 1.7144369
v -0.18539806 -1.3768302 1.5041695
v -0.067714095 -1.4199514 1.6335933
v -0.18688372 -1.3459753 1.3897285
v -0.18778154 -1.3469669 1.6145815
v -0.046454325 -1.4212266 1.3589909
v -0.19110689 -1.3754438 1.2460091
v -0.08014116 -1.4444578 1.2029089
v -0.2697426 -1.318711 1.7100971
v -0.10064 -1.3381773 1.7881331
v -0.22635183 -1.2935278 1.8219162
v -0.009821922 -1.3524436 1.9246389
v -0.24390417 -1.1888927 1.9067295
v 0.06480563 -1.392023 1.8733683
v -0.3075236 -1.1395289 1.8909671
v 0.08560273 -1.4130918 1.9688877
v -0.008419037 -1.3649999 2.0606554
v -0.22593445 -1.2720219 2.0276132
v -0.080967754 -1.1567103 1.863235
v -0.23383102 -1.1986598 2.0532799
v 0.10064334 -1.3866497 2.0389574
v 0.20869154 -1.3638839 2.0136309
v 0.14355013 -1.250578 2.2402859
v -0.124467045 -1.1579311 2.2703328
v -0.21409717 -1.2587119 2.055929
v -0.009435803 -1.3558978 1.9620594
v -0.22593445 -1.2720219 2.0276132
v -0.16514131 -1.2980082 2.0368478
v 0.34085235 -1.2954072 1.9272536
v 0.16873224 -1.3549819 1.9234694
v 0.20869154 -1.3638839 2.0136309
v 0.3921181 -1.2688448 1.8937479
v 0.15356678 -1.3516037 1.8892502
v 0.18722492 -1.3450391 1.533358
v 0.08650683 -1.4191587 1.6001902
v 0.10039273 -1.3999748 1.6826365
v 0.13966395 -1.3751593 1.4337635
v 0.23932844 -1.087158 1.4037843
v 0.29126808 -1.1007955 1.5341318
v 0.3010801 -1.3157767 1.5864613
v 0.33339113 -0.85576576 1.534602
v 0.093362115 -1.3445346 1.3290296
v -0.022473112 -1.4516355 1.4689901
v -0.046454325 -1.4212266 1.3589909
v 0.038030148 -1.3742659 1.1963798
v -0.08014116 -1.4444578 1.2029089
v 0.20657955 -0.96652746 1.2644811
v 0.2699854 -0.9111466 1.3995421
v 0.19264627 -0.75713587 1.4324571
v 0.18181182 -0.62724113 1.4710555
v 0.42911923 -0.87319005 1.6461582
v 0.27795005 -0.53495723 1.6279576
v 0.35842347 -0.49913266 1.7893412
v 0.36587048 -1.1263758 1.555937
v 0.38760337 -0.53737557 1.9765531
v 0.40855113 -1.135848 1.7358707
v 0.47289848 -0.8543419 1.934113
v 0.41306758 -0.5707485 2.139926
v 0.44600448 -0.8522124 2.1517594
v 0.39905724 -1.1552399 2.1569417
v 0.40920597 -1.1953543 1.9140029
v 0.3929276 -1.2555916 1.9244523
v 0.3921181 -1.2688448 1.8937479
v 0.35764295 -1.1858006 1.7764391
v 0.3075996 -1.2907832 1.7062666
v 0.15356678 -1.3516037 1.8892502
v 0.06480563 -1.392023 1.8733683
v 0.08560273 -1.4130918 1.9688877
v 0.20869154 -1.3638839 2.0136309
v 0.16873224 -1.3549819 1.9234694
v 0.3010801 -1.3157767 1.5864613
v 0.18722492 -1.3450391 1.533358
v 0.10039273 -1.3999748 1.6826365
v 0.17962025 -1.3367367 1.727431
v 0.3075996 -1.2907832 1.7062666
v 0.36587048 -1.1263758 1.555937
v 0.29126808 -1.1007955 1.5341318
v 0.3010801 -1.3157767 1.5864613
v 0.33339113 -0.85576576 1.534602
v 0.27795005 -0.53495723 1.6279576
v -0.016140506 -0.5061952 1.5206655
v 0.18181182 -0.62724113 1.4710555
v 0.022613406 -0.39835098 1.7021505
v 0.35842347 -0.49913266 1.7893412
v 0.06389442 -0.36098376 1.8936304
v 0.08900368 -0.37813196 2.009152
v 0.38760337 -0.53737557 1.9765531
v 0.123393565 -0.4568532 2.1660612
v 0.41306758 -0.5707485 2.139926
v 0.15386337 -0.6203092 2.30286
v 0.31644067 -0.6968623 2.2885165
v -0.1500012 -0.57364285 2.2618823
v 0.00068095326 -0.6984854 2.3569074
v 0.44600448 -0.8522124 2.1517594
v 0.31644067 -0.6968623 2.2885165
v 0.41306758 -0.5707485 2.139926
v 0.33062148 -0.9746246 2.300233
v 0.39905724 -1.1552399 2.1569417
v 0.16861847 -0.84914833 2.3655531
v 0.15386337 -0.6203092 2.30286
v 0.00068095326 -0.6984854 2.3569074
v -0.0046529174 -0.976348 2.3728507
v 0.16702011 -1.0508516 2.3533862
v 0.14355013 -1.250578 2.2402859
v -0.124467045 -1.1579311 2.2703328
v 0.20869154 -1.3638839 2.0136309
v 0.10064334 -1.3866497 2.0389574
v 0.3929276 -1.2555916 1.9244523
v 0.34085235 -1.2954072 1.9272536
v 0.3921181 -1.2688448 1.8937479
v -0.08014116 -1.4444578 1.2029089
v 0.038030148 -1.3742659 1.1963798
v 0.20657955 -0.96652746 1.2644811
v -0.056803912 -0.9941771 1.3213425
v -0.32036886 -0.96923614 1.378614
v -0.19110689 -1.3754438 1.2460091
v -0.026382253 -0.91267 1.463733
v 0.2699854 -0.9111466 1.3995421
v -0.021339044 -0.7131572 1.4917524
v -0.32274985 -0.9141935 1.5279238
v 0.19264627 -0.75713587 1.4324571
v 0.18181182 -0.62724113 1.4710555
v -0.240239 -0.7593611 1.5262166
v -0.016140506 -0.5061952 1.5206655
v -0.21568087 -0.62928444 1.5571494
v -0.32513106 -0.85915077 1.6772327
v -0.23918444 -0.53761554 1.739965
v 0.022613406 -0.39835098 1.7021505
v -0.22635183 -1.2935278 1.8219162
v -0.24390417 -1.1888927 1.9067295
v -0.080967754 -1.1567103 1.863235
v -0.10064 -1.3381773 1.7881331
v -0.28457355 -1.1037557 1.6588545
v -0.2697426 -1.318711 1.7100971
v -0.18778154 -1.3469669 1.6145815
v -0.34321302 -1.1300209 1.7095191
v -0.32513106 -0.85915077 1.6772327
v -0.32036886 -0.96923614 1.378614
v -0.18688372 -1.3459753 1.3897285
v -0.19110689 -1.3754438 1.2460091
v -0.29135802 -1.0898858 1.518727
v -0.18539806 -1.3768302 1.5041695
v -0.18778154 -1.3469669 1.6145815
v -0.28457355 -1.1037557 1.6588545
v -0.32274985 -0.9141935 1.5279238
v -0.32513106 -0.85915077 1.6772327
v -0.240239 -0.7593611 1.5262166
v -0.2697426 -1.318711 1.7100971
v -0.34321302 -1.1300209 1.7095191
v -0.3075236 -1.1395289 1.8909671
v -0.36594662 -0.877277 1.8183632
v -0.32513106 -0.85915077 1.6772327
v -0.21568087 -0.62928444 1.5571494
v -0.23918444 -0.53761554 1.739965
v -0.2868401 -0.8582472 2.0986664
v -0.23383102 -1.1986598 2.0532799
v -0.24601918 -0.5022397 1.9202588
v 0.022613406 -0.39835098 1.7021505
v 0.06389442 -0.36098376 1.8936304
v 0.08900368 -0.37813196 2.009152
v -0.19474572 -0.54036903 2.1026852
v 0.123393565 -0.4568532 2.1660612
v -0.1500012 -0.57364285 2.2618823
v -0.1723246 -0.8553909 2.2856848
v 0.00068095326 -0.6984854 2.3569074
v -0.0046529174 -0.976348 2.3728507
v -0.124467045 -1.1579311 2.2703328
v -0.21409717 -1.2587119 2.055929
v -0.22593445 -1.2720219 2.0276132
vt 0.342453 0.99147177
vt 0.3320427 0.97435784
vt 0.32703447 0.99147177
vt 0.28135872 0.97863746
vt 0.2688806 0.98453707
vt 0.28135872 0.99627817
vt 0.22374964 0.95895386
vt 0.20613718 0.96718025
vt 0.22374964 0.9773178
vt 0.34953725 0.98454714
vt 0.3569808 0.9918959
vt 0.3569808 0.97548985
vt 0.54657364 0.994174
vt 0.5363121 0.9758129
vt 0.5329437 0.994174
vt 0.36890554 0.14811158
vt 0.36890554 0.13364911
vt 0.3550973 0.1472454
vt 0.97787666 0.972147
vt 0.965086 0.97859
vt 0.97787666 0.99313545
vt 0.47780037 0.9549837
vt 0.46203232 0.9609108
vt 0.47780037 0.9766445
vt 0.14244366 0.96025753
vt 0.15848446 0.9738231
vt 0.15848446 0.9486401
vt 0.72744846 0.94534206
vt 0.7122414 0.9218726
vt 0.70436597 0.94534206
vt 0.8951912 0.70637274
vt 0.8951912 0.6837883
vt 0.8734803 0.6954694
vt 0.8785751 0.14228249
vt 0.8785751 0.11600113
vt 0.8550651 0.13223362
vt 0.3480134 0.13364887
vt 0.33424854 0.14095926
vt 0.3480134 0.14928675
vt 0.9958277 0.66889
vt 0.9834304 0.6757746
vt 0.9958277 0.6871729
vt 0.7950852 0.5213623
vt 0.8036635 0.5272217
vt 0.8036635 0.5123329
vt 0.99645805 0.87875223
vt 0.98495483 0.88880444
vt 0.99645805 0.89725375
vt 0.34900713 0.47903442
vt 0.34900713 0.4661765
vt 0.33824205 0.47691727
vt 0.09153175 0.9722538
vt 0.080947876 0.9516411
vt 0.072286606 0.9722538
vt 0.8113413 0.9517164
vt 0.8286147 0.96203804
vt 0.8286147 0.9380226
vt 0.75652504 0.504385
vt 0.7347832 0.5145874
vt 0.75652504 0.52703667
vt 0.1273346 0.9778087
vt 0.13446045 0.9913657
vt 0.13446045 0.9692004
vt 0.1340537 0.20489883
vt 0.1340537 0.1909008
vt 0.12937665 0.19875526
vt 0.99435997 0.9451008
vt 0.9814396 0.95267105
vt 0.99435997 0.9635658
vt 0.89042664 0.9635296
vt 0.877615 0.9826479
vt 0.89303017 0.9826479
vt 0.13222504 0.22070119
vt 0.13222504 0.21198145
vt 0.12937737 0.21435437
vt 0.12937737 0.22840786
vt 0.13265419 0.2350235
vt 0.13265419 0.22778511
vt 0.9798002 0.4878807
vt 0.9922559 0.48302174
vt 0.9922559 0.46585655
vt 0.9800463 0.47054482
vt 0.44478846 0.9888294
vt 0.44478846 0.96950364
vt 0.43229342 0.965996
vt 0.433383 0.9829614
vt 0.8463528 0.5384083
vt 0.8670628 0.54776
vt 0.8592025 0.5346031
vt 0.8534802 0.54791737
vt 0.8423183 0.59081554
vt 0.8520831 0.59539795
vt 0.8430537 0.6355524
vt 0.8536879 0.6362505
vt 0.8554338 0.65019035
vt 0.8670628 0.6525259
vt 0.98065567 0.82672834
vt 0.98375654 0.844337
vt 0.994051 0.8453338
vt 0.994051 0.8269005
vt 0.98583984 0.6609731
vt 0.9949231 0.6618066
vt 0.9949231 0.64418983
vt 0.9834306 0.64224625
vt 0.37599063 0.1484716
vt 0.38787937 0.14861226
vt 0.38787937 0.13364911
vt 0.37630606 0.13511467
vt 0.94595575 0.2926793
vt 0.9486134 0.25632524
vt 0.93530655 0.25799322
vt 0.93374395 0.297009
vt 0.9486134 0.32989502
vt 0.9421375 0.33691835
vt 0.62859344 0.82701874
vt 0.6280093 0.87114525
vt 0.6408744 0.88108826
vt 0.63860273 0.83281136
vt 0.63123107 0.78876877
vt 0.6408744 0.78448486
vt 0.6221268 0.78561115
vt 0.634634 0.77213097
vt 0.49207735 0.9855995
vt 0.49207735 0.97257805
vt 0.4859953 0.95498323
vt 0.48488426 0.9736724
vt 0.5153024 0.66508245
vt 0.5255883 0.6554899
vt 0.5255883 0.63835144
vt 0.5129905 0.64874697
vt 0.9778707 0.87875175
vt 0.9640384 0.8878555
vt 0.9648545 0.90651846
vt 0.9778707 0.89790726
vt 0.18305612 0.86287117
vt 0.187042 0.88361645
vt 0.19662356 0.8814149
vt 0.19243956 0.8629718
vt 0.18776655 0.8220439
vt 0.17627084 0.8296342
vt 0.19662356 0.7852683
vt 0.1769433 0.79209757
vt 0.8903427 0.13323903
vt 0.89502144 0.14546967
vt 0.9145317 0.14647818
vt 0.910923 0.13480139
vt 0.9145317 0.12287068
vt 0.89419174 0.12320733
vt 0.9000988 0.111765385
vt 0.5853696 0.96123886
vt 0.5858103 0.9832468
vt 0.5977659 0.9832468
vt 0.5985674 0.9647083
vt 0.8605596 0.007490158
vt 0.8814596 0.019302368
vt 0.8735187 0.0035419464
vt 0.8682034 0.019104004
vt 0.855065 0.056230545
vt 0.86744535 0.05996704
vt 0.8560227 0.094781876
vt 0.86938596 0.09321976
vt 0.8675463 0.10824394
vt 0.8814596 0.10891724
vt 0.9810877 0.45610046
vt 0.9924259 0.45877218
vt 0.9924259 0.44024658
vt 0.9798002 0.4369192
vt 0.7880001 0.51436806
vt 0.77635765 0.5123329
vt 0.7772503 0.5274763
vt 0.7877512 0.5274763
vt 0.8794613 0.874037
vt 0.8791647 0.9123266
vt 0.89505076 0.922719
vt 0.8923917 0.8793478
vt 0.88248134 0.8410394
vt 0.89505076 0.8356223
vt 0.2854395 0.8383846
vt 0.2790289 0.87716675
vt 0.2912817 0.88373756
vt 0.27108192 0.84226036
vt 0.2912817 0.7953758
vt 0.2688799 0.8005352
vt 0.12677574 0.7393837
vt 0.11347389 0.7553344
vt 0.13515472 0.7552767
vt 0.10755348 0.7647519
vt 0.122507095 0.7632046
vt 0.12607574 0.7985549
vt 0.113554 0.8044853
vt 0.13515472 0.8359275
vt 0.13219261 0.8473258
vt 0.18139791 0.9856124
vt 0.18698144 0.974
vt 0.18698144 0.9541259
vt 0.17627072 0.96742105
vt 0.36634493 0.9526615
vt 0.36750603 0.9718151
vt 0.38131642 0.9778967
vt 0.38131642 0.9595394
vt 0.9786856 0.81948566
vt 0.9914119 0.8178339
vt 0.9914119 0.8041315
vt 0.9796815 0.80481815
vt 0.41174316 0.97640705
vt 0.41357374 0.9902315
vt 0.42447948 0.99442387
vt 0.42447948 0.97708225
vt 0.4223404 0.13398647
vt 0.4164505 0.120601654
vt 0.39522552 0.11939812
vt 0.4015789 0.13305473
vt 0.39705276 0.15042686
vt 0.41878128 0.15042686
vt 0.42076683 0.53639317
vt 0.4328766 0.5229311
vt 0.4139309 0.52089787
vt 0.401083 0.52571297
vt 0.40501785 0.5376358
vt 0.39105034 0.5928869
vt 0.40203285 0.59810925
vt 0.40400124 0.64684963
vt 0.4167881 0.6477127
vt 0.41928673 0.6648388
vt 0.4328766 0.66748714
vt 0.877615 0.92980385
vt 0.87838364 0.9542351
vt 0.89505005 0.9564457
vt 0.89505005 0.93356514
vt 0.10864936 0.9596844
vt 0.12513082 0.96211624
vt 0.12513082 0.94114494
vt 0.10755387 0.9379444
vt 0.70548105 0.68317556
vt 0.7219448 0.68989086
vt 0.73040724 0.674356
vt 0.71406746 0.66929865
vt 0.69327784 0.6183834
vt 0.70670795 0.61199284
vt 0.6945529 0.5619292
vt 0.7089453 0.5594039
vt 0.73040724 0.5497899
vt 0.70736265 0.54855967
vt 0.7170024 0.53460264
vt 0.83568764 0.20972776
vt 0.8394108 0.26799154
vt 0.8591938 0.2783785
vt 0.8463402 0.21639204
vt 0.84885025 0.15927887
vt 0.8591938 0.15356207
vt 0.8789683 0.21543789
vt 0.87060386 0.2734537
vt 0.8832586 0.27888584
vt 0.8662771 0.22269917
vt 0.8832586 0.15356255
vt 0.86720616 0.16190147
vt 0.8423176 0.683517
vt 0.8479347 0.69562817
vt 0.86523056 0.6967001
vt 0.85969925 0.68447065
vt 0.86523056 0.6689291
vt 0.84713936 0.67044497
vt 0.8556881 0.6596093
vt 0.033597946 0.97846985
vt 0.033597946 0.95681
vt 0.019952774 0.9583969
vt 0.0194664 0.98012733
vt 0.78147745 0.3176117
vt 0.77746296 0.33930826
vt 0.79806376 0.33930826
vt 0.7894058 0.31872082
vt 0.59067297 0.14143753
vt 0.6139765 0.1333313
vt 0.5950036 0.12697601
vt 0.58791494 0.11351776
vt 0.60703516 0.11952019
vt 0.6139765 0.103694916
vt 0.59700584 0.0975399
vt 0.4322939 0.9335823
vt 0.43479252 0.9588156
vt 0.44950104 0.9589119
vt 0.44950104 0.93525314
vt 0.5031271 0.13525915
vt 0.48028255 0.12641859
vt 0.49178803 0.1411171
vt 0.4918555 0.124987125
vt 0.49346578 0.07426119
vt 0.4851612 0.06916809
vt 0.51193976 0.12032032
vt 0.52931285 0.12441015
vt 0.52049375 0.1411171
vt 0.5051807 0.06708765
vt 0.48959374 0.017702103
vt 0.5020981 0.014711857
vt 0.52122796 0.0038106441
vt 0.50105584 0.0035421848
vt 0.72200584 0.9549751
vt 0.70436573 0.9524269
vt 0.70442486 0.9728012
vt 0.72200584 0.97481537
vt 0.7043648 0.75204825
vt 0.7104988 0.8069446
vt 0.7304058 0.81877446
vt 0.7145767 0.7603247
vt 0.7201271 0.70145416
vt 0.7304058 0.69697523
vt 0.9372666 0.1464777
vt 0.9492209 0.13305473
vt 0.9492209 0.10875034
vt 0.9337437 0.12572956
vt 0.26030922 0.9120312
vt 0.24277592 0.9218168
vt 0.24311066 0.94403934
vt 0.26030922 0.9328499
vt 0.2561369 0.9476528
vt 0.91278744 0.3239975
vt 0.90793324 0.33537102
vt 0.9206619 0.3393154
vt 0.90017796 0.32099342
vt 0.9206619 0.2768879
vt 0.91150093 0.27159882
vt 0.8078935 0.027344465
vt 0.81981206 0.005492449
vt 0.80791575 0.0035421848
vt 0.79519844 0.021714449
vt 0.8033382 0.08633852
vt 0.814878 0.07930398
vt 0.80627906 0.14211607
vt 0.81981206 0.13526392
vt 0.69821095 0.33353186
vt 0.72016597 0.3387866
vt 0.72016597 0.3163433
vt 0.6995566 0.32315636
vt 0.77670574 0.9731152
vt 0.79100704 0.96920514
vt 0.79100704 0.9452555
vt 0.77882767 0.94687104
vt 0.49960995 0.933342
vt 0.50417423 0.9637308
vt 0.51349735 0.9637308
vt 0.5142927 0.9359875
vt 0.53915787 0.6892563
vt 0.5650854 0.7054701
vt 0.5546484 0.68459797
vt 0.549984 0.7033216
vt 0.5329437 0.74529225
vt 0.54992867 0.7503647
vt 0.5337591 0.7917206
vt 0.5516138 0.789709
vt 0.54688835 0.8082381
vt 0.5650854 0.8094789
vt 0.45639503 0.11939812
vt 0.4616015 0.14618969
vt 0.47238255 0.14544392
vt 0.47238255 0.11968613
vt 0.68144816 0.9826617
vt 0.69501954 0.98130655
vt 0.6950194 0.9594469
vt 0.68212456 0.9602771
vt 0.10755348 0.99032307
vt 0.1202507 0.99157906
vt 0.1202507 0.96920013
vt 0.10920715 0.9702921
vt 0.79959273 0.7694084
vt 0.80425715 0.7275803
vt 0.7901056 0.7239088
vt 0.78471017 0.7665116
vt 0.7936084 0.8080084
vt 0.776706 0.81701165
vt 0.80425715 0.8213198
vt 0.78424907 0.83676094
vt 0.32372475 0.9071433
vt 0.30518532 0.9168871
vt 0.30975533 0.9474065
vt 0.32372475 0.94784206
vt 0.14244461 0.81150436
vt 0.16918755 0.7852688
vt 0.14600372 0.7959099
vt 0.15888596 0.8022022
vt 0.16056252 0.8310051
vt 0.14752579 0.8455372
vt 0.16846657 0.86325836
vt 0.16918755 0.8848038
vt 0.4493103 0.11939812
vt 0.43540764 0.12729073
vt 0.4294243 0.15034771
vt 0.4493103 0.14485359
vt 0.76056147 0.9071732
vt 0.73749113 0.9216282
vt 0.7378001 0.93990254
vt 0.76056147 0.9276848
vt 0.75334215 0.9432851
vt 0.57417107 0.97788715
vt 0.57417107 0.95389843
vt 0.559577 0.9542551
vt 0.55858135 0.9731674
vt 0.62106085 0.13482666
vt 0.6505594 0.13482666
vt 0.6494436 0.0998888
vt 0.6301012 0.0975399
vt 0.81134135 0.99106216
vt 0.8241003 0.98631954
vt 0.8241003 0.96912193
vt 0.8117042 0.9733925
vt 0.053738475 0.98468494
vt 0.053738475 0.9628582
vt 0.04084301 0.960763
vt 0.041758418 0.98104477
vt 0.81906796 0.7167325
vt 0.83821774 0.7279625
vt 0.83200073 0.7134571
vt 0.8240261 0.727396
vt 0.8113413 0.76950693
vt 0.822073 0.7744894
vt 0.8132982 0.8138375
vt 0.825675 0.81454325
vt 0.8251972 0.8291645
vt 0.83821774 0.8317461
vt 0.6221266 0.96664715
vt 0.6231947 0.9825959
vt 0.63671875 0.9865155
vt 0.63671875 0.96759224
vt 0.981452 0.39932728
vt 0.99316406 0.39932728
vt 0.99387455 0.38158512
vt 0.9806061 0.37967205
vt 0.74749374 0.8043537
vt 0.76100826 0.80991554
vt 0.76756763 0.7969284
vt 0.7548666 0.7926922
vt 0.7385216 0.7550602
vt 0.75083447 0.7488842
vt 0.7374916 0.7102165
vt 0.75087357 0.7078285
vt 0.76756763 0.6992798
vt 0.74730015 0.69952774
vt 0.7559242 0.6849327
vt 0.24385118 0.8517723
vt 0.24277592 0.8966236
vt 0.26041317 0.9049473
vt 0.25533104 0.8567066
vt 0.24969482 0.81204224
vt 0.26041317 0.80648804
vt 0.9943552 0.40641022
vt 0.9827776 0.4117489
vt 0.9806061 0.4250946
vt 0.9943552 0.42110252
vt 0.49960947 0.9920864
vt 0.5122309 0.9875965
vt 0.5122309 0.97081566
vt 0.50089407 0.97442436
vt 0.31726408 0.826458
vt 0.32424593 0.80623245
vt 0.31226015 0.8026695
vt 0.3051858 0.82035446
vt 0.30968046 0.86351967
vt 0.32242632 0.8625221
vt 0.30736113 0.8968735
vt 0.32424593 0.90005875
vt 0.73703665 0.33564758
vt 0.7530384 0.3393154
vt 0.7530384 0.32038116
vt 0.7347837 0.3244667
vt 0.87038994 0.51644564
vt 0.87257385 0.52694273
vt 0.8892956 0.5270877
vt 0.88733864 0.5167017
vt 0.8892956 0.5041218
vt 0.87025833 0.5046606
vt 0.87999535 0.4963994
vt 0.6070337 0.7878456
vt 0.61504173 0.77213097
vt 0.600852 0.7729664
vt 0.58957195 0.7744045
vt 0.5942488 0.78635216
vt 0.5853691 0.8181572
vt 0.5963154 0.8229351
vt 0.59088135 0.85168934
vt 0.60321236 0.8520069
vt 0.6021719 0.865324
vt 0.61504173 0.8676138
vt 0.99062157 0.51914406
vt 0.99062157 0.50185776
vt 0.98298454 0.4949646
vt 0.9798002 0.5124092
vt 0.22481656 0.82221603
vt 0.2274704 0.81292725
vt 0.20967937 0.809988
vt 0.20613718 0.81712914
vt 0.2274704 0.8568783
vt 0.21580982 0.855793
vt 0.22477078 0.8870392
vt 0.21503377 0.8949814
vt 0.8560028 0.44354177
vt 0.8676028 0.4464934
vt 0.8721099 0.43133497
vt 0.8618703 0.43006945
vt 0.84470797 0.3964281
vt 0.85732126 0.3909123
vt 0.8432746 0.35711598
vt 0.8573494 0.3560419
vt 0.8721099 0.34743142
vt 0.8514967 0.34639978
vt 0.86058426 0.86339474
vt 0.854311 0.8953495
vt 0.8661232 0.9018202
vt 0.84699345 0.86586857
vt 0.8661232 0.8246794
vt 0.8453016 0.82953835
vt 0.6558621 0.98754454
vt 0.6651889 0.9777999
vt 0.6651889 0.9586439
vt 0.6547117 0.97138596
vt 0.30579138 0.9813961
vt 0.31773043 0.971985
vt 0.31773043 0.9549264
vt 0.3051858 0.9636427
vt 0.98065567 0.85241747
vt 0.9818554 0.87059355
vt 0.9938855 0.8707905
vt 0.9938855 0.8545766
vt 0.26920128 0.13514662
vt 0.2682929 0.15045452
vt 0.28434372 0.15045452
vt 0.28171492 0.13364887
vt 0.984324 0.30827332
vt 0.97329044 0.31489372
vt 0.9750433 0.3371849
vt 0.984324 0.33247948
vt 0.95453095 0.986845
vt 0.94995594 0.9610748
vt 0.94373393 0.9638195
vt 0.9429419 0.986845
vt 0.0408144 0.8093958
vt 0.061945915 0.8087232
vt 0.049171448 0.7981899
vt 0.05373478 0.8161142
vt 0.05131054 0.85345364
vt 0.061945915 0.84805393
vt 0.032087326 0.8225632
vt 0.038389206 0.852582
vt 0.0194664 0.82082057
vt 0.026280403 0.80498743
vt 0.73749065 0.9503689
vt 0.7404928 0.97426033
vt 0.75254154 0.97623634
vt 0.75254154 0.952343
vt 0.4019451 0.96739244
vt 0.39104986 0.96360326
vt 0.39224577 0.98226213
vt 0.4019451 0.989254
vt 0.5596733 0.91980124
vt 0.5585804 0.94681454
vt 0.5769615 0.94681454
vt 0.57629776 0.91626966
vt 0.15075493 0.89188695
vt 0.14244461 0.92715526
vt 0.1620388 0.94155574
vt 0.1620388 0.90234184
vt 0.99018955 0.3725872
vt 0.99018955 0.35665894
vt 0.98240376 0.3463993
vt 0.9806061 0.36868095
vt 0.6867795 0.95236206
vt 0.6972103 0.9427233
vt 0.6972103 0.9190531
vt 0.681448 0.9291315
vt 0.8328152 0.49268007
vt 0.8139744 0.50599337
vt 0.8142109 0.5228677
vt 0.8328152 0.5114603
vt 0.82980347 0.5241246
vt 0.3271637 0.14798951
vt 0.3271637 0.13364911
vt 0.31521416 0.13680148
vt 0.31321907 0.15008783
vt 0.41204453 0.8220053
vt 0.41311264 0.8011656
vt 0.39759445 0.80196285
vt 0.3966484 0.81874657
vt 0.39871407 0.85192204
vt 0.4173603 0.8481779
vt 0.39105034 0.8773136
vt 0.4173603 0.87699413
vt 0.2564602 0.9600687
vt 0.24796486 0.9547367
vt 0.24277687 0.9767227
vt 0.25871277 0.9767227
vt 0.65553427 0.91591644
vt 0.6547117 0.9460335
vt 0.670336 0.951561
vt 0.670336 0.90961266
vt 0.94294167 0.95399094
vt 0.9580021 0.94998837
vt 0.9580021 0.9201031
vt 0.9461212 0.9203243
vt 0.47229195 0.37993622
vt 0.52585983 0.35334396
vt 0.52065086 0.3463993
vt 0.4821663 0.3836441
vt 0.46203232 0.44296646
vt 0.47289658 0.4405918
vt 0.48802948 0.49003983
vt 0.49354553 0.48387527
vt 0.52585983 0.5113144
vt 0.52436256 0.51283836
vt 0.46203232 0.71433926
vt 0.4925251 0.67945576
vt 0.48350906 0.6724014
vt 0.473341 0.71691513
vt 0.46541405 0.77344704
vt 0.47636223 0.76971054
vt 0.4868393 0.8102007
vt 0.4925251 0.8039408
vt 0.5507746 0.6422396
vt 0.5709543 0.6775141
vt 0.5784168 0.66968346
vt 0.54000664 0.6467886
vt 0.544466 0.5908785
vt 0.5329437 0.58928585
vt 0.55580807 0.5515852
vt 0.54927635 0.5460558
vt 0.57658863 0.51930046
vt 0.5784168 0.5206785
vt 0.74616814 0.44118786
vt 0.7603569 0.49730015
vt 0.76927376 0.48984337
vt 0.7347832 0.44344807
vt 0.7497711 0.38303566
vt 0.73877144 0.37908554
vt 0.76927376 0.35232258
vt 0.76347923 0.3463993
vt 0.9034579 0.6285044
vt 0.9129406 0.6256846
vt 0.9126636 0.5776608
vt 0.9058405 0.57464147
vt 0.89662206 0.6247909
vt 0.9004904 0.57699406
vt 0.9111365 0.534603
vt 0.9129406 0.5352918
vt 0.9073343 0.5272932
vt 0.91670895 0.5260651
vt 0.9072161 0.4888625
vt 0.90017796 0.48486447
vt 0.9147711 0.44513178
vt 0.91670895 0.44603014
vt 0.9626169 0.8003404
vt 0.97160125 0.8040372
vt 0.97160125 0.75616086
vt 0.96476674 0.75871277
vt 0.96468425 0.71397376
vt 0.96649504 0.7134572
vt 0.97664046 0.5883579
vt 0.98172164 0.6309166
vt 0.9835334 0.6304035
vt 0.9835334 0.5866604
vt 0.98559046 0.75633717
vt 0.98559046 0.7141323
vt 0.9837811 0.7134571
vt 0.9786856 0.75444984
vt 0.9824672 0.1441412
vt 0.9824672 0.1067009
vt 0.9801779 0.10666847
vt 0.97359324 0.14418983
vt 0.402462 0.20120811
vt 0.4596901 0.164608
vt 0.45500565 0.15767479
vt 0.4122162 0.20394135
vt 0.39105034 0.27164268
vt 0.40190506 0.26758003
vt 0.4189911 0.31949425
vt 0.42430496 0.31201935
vt 0.4596901 0.33745003
vt 0.45824432 0.3393154
vt 0.77746296 0.20452213
vt 0.8059225 0.16131306
vt 0.7967825 0.15356255
vt 0.7886658 0.20683002
vt 0.7805042 0.27145767
vt 0.7913828 0.26661682
vt 0.8000393 0.3105278
vt 0.8059225 0.30331612
vt 0.22513962 0.6079283
vt 0.249403 0.6499367
vt 0.25660324 0.64193535
vt 0.21417618 0.61186314
vt 0.21795845 0.55066204
vt 0.2061367 0.5477505
vt 0.23086739 0.5091219
vt 0.22439957 0.5024748
vt 0.2547779 0.4766903
vt 0.25660324 0.47837067
vt 0.7070856 0.45235825
vt 0.71859074 0.5188885
vt 0.7276993 0.5108986
vt 0.69577503 0.45409584
vt 0.71043396 0.38617706
vt 0.699481 0.38084602
vt 0.7276993 0.35349274
vt 0.7216959 0.3463993
vt 0.96398526 0.0035419464
vt 0.9542176 0.006357193
vt 0.9567326 0.055814743
vt 0.96398526 0.05898285
vt 0.95906657 0.09926987
vt 0.9571549 0.098545074
vt 0.47021294 0.9030261
vt 0.48056602 0.9019518
vt 0.46980476 0.8619461
vt 0.46203232 0.857605
vt 0.47842216 0.8172846
vt 0.48056602 0.8182759
vt 0.9601543 0.6235039
vt 0.9695561 0.62677884
vt 0.9695561 0.57752323
vt 0.96245885 0.5805087
vt 0.96138716 0.53523445
vt 0.9632734 0.5346031
vt 0.86317253 0.45357704
vt 0.8524294 0.45417976
vt 0.8432741 0.49206924
vt 0.8519926 0.48797035
vt 0.86317253 0.52607536
vt 0.8609066 0.52708626
vt 0.9732904 0.2583084
vt 0.9786356 0.30118942
vt 0.9805362 0.30060196
vt 0.9805362 0.25632477
vt 0.9792301 0.24841595
vt 0.9792301 0.20587063
vt 0.97732425 0.20513153
vt 0.9719673 0.24629688
vt 0.25137806 0.7994046
vt 0.26109028 0.79290056
vt 0.2533188 0.75000906
vt 0.24277592 0.7519326
vt 0.25548935 0.70093656
vt 0.24818707 0.6971669
vt 0.25915623 0.65702176
vt 0.26109028 0.65790653
vt 0.49960995 0.7241173
vt 0.52128696 0.68039703
vt 0.5121727 0.6724014
vt 0.510067 0.7265892
vt 0.50158787 0.791193
vt 0.5118332 0.78650284
vt 0.5150957 0.82993984
vt 0.52128696 0.82289314
vt 0.16252327 0.60746956
vt 0.19267654 0.6467266
vt 0.19905281 0.6394701
vt 0.15177727 0.610899
vt 0.15418625 0.5514307
vt 0.14244461 0.54816055
vt 0.1691742 0.50992966
vt 0.16314316 0.50297356
vt 0.19732285 0.4766903
vt 0.19905281 0.4784479
vt 0.821949 0.63884735
vt 0.826046 0.7063732
vt 0.8352337 0.6986351
vt 0.8113413 0.64019966
vt 0.82449055 0.5730915
vt 0.8141546 0.56742096
vt 0.8352337 0.5417919
vt 0.82896805 0.5346031
vt 0.540782 0.907084
vt 0.5514965 0.904789
vt 0.54098606 0.86248636
vt 0.5329437 0.8588233
vt 0.54928493 0.8165631
vt 0.5514965 0.8173728
vt 0.34245253 0.8785362
vt 0.3324914 0.87516785
vt 0.33245754 0.92396736
vt 0.3399005 0.92106247
vt 0.34245253 0.96666527
vt 0.34046602 0.9672737
vt 0.7573385 0.81749153
vt 0.74652386 0.81699944
vt 0.7374916 0.86145973
vt 0.74625206 0.8575592
vt 0.7573385 0.8991432
vt 0.7550602 0.90008926
vt 0.0035421476 0.8431034
vt 0.009236436 0.8866348
vt 0.011254031 0.8861389
vt 0.0112540275 0.84148216
vt 0.978806 0.047394753
vt 0.978806 0.004163742
vt 0.97677195 0.0035419464
vt 0.9710697 0.045723915
vt 0.47247314 0.6328316
vt 0.5040283 0.66531754
vt 0.50590515 0.66389275
vt 0.47956276 0.62701225
vt 0.4730873 0.57821655
vt 0.46203232 0.57925224
vt 0.50590515 0.5246105
vt 0.49835587 0.51992226
vt 0.8381214 0.14353275
vt 0.8479805 0.13728666
vt 0.8378382 0.09632158
vt 0.8268957 0.09819269
vt 0.84044456 0.047813416
vt 0.8329134 0.0440588
vt 0.8459854 0.0035421848
vt 0.8479805 0.0044248104
vt 0.69617844 0.14517665
vt 0.7043419 0.13961112
vt 0.6771164 0.08888346
vt 0.6656952 0.088383794
vt 0.6807575 0.044507205
vt 0.6738682 0.03895247
vt 0.7023945 0.0035421252
vt 0.7043419 0.0048886538
vt 0.55350304 0.47513294
vt 0.58795166 0.5122156
vt 0.59350586 0.50581264
vt 0.5431652 0.47786903
vt 0.54437256 0.42044258
vt 0.5329437 0.41663933
vt 0.5607872 0.37957287
vt 0.55524635 0.37226868
vt 0.59189224 0.3463993
vt 0.59350586 0.34824753
vt 0.8888594 0.41812038
vt 0.883881 0.4859228
vt 0.8930942 0.47879982
vt 0.879194 0.41876316
vt 0.8930942 0.35273933
vt 0.883881 0.3463993
vt 0.9648838 0.15713501
vt 0.95456886 0.15356255
vt 0.9539833 0.20176506
vt 0.9616928 0.19903374
vt 0.9648838 0.24493408
vt 0.962821 0.24549103
vt 0.67445374 0.8143749
vt 0.6635189 0.8129616
vt 0.6547117 0.8618202
vt 0.66354275 0.85819626
vt 0.67445374 0.90166664
vt 0.6721573 0.90252686
vt 0.95197725 0.48132515
vt 0.95528793 0.43694782
vt 0.9531512 0.4369192
vt 0.94385624 0.4809332
vt 0.9443793 0.52279186
vt 0.95528793 0.5178623
vt 0.0035421848 0.790678
vt 0.009518862 0.8341713
vt 0.011688471 0.8344002
vt 0.011688471 0.7908554
vt 0.5468502 0.11126709
vt 0.5790653 0.14280128
vt 0.5808315 0.14122391
vt 0.55352974 0.10488701
vt 0.54690933 0.057777405
vt 0.53639793 0.059833527
vt 0.5808315 0.006916046
vt 0.5739441 0.0035419464
vt 0.9199902 0.25951767
vt 0.9266596 0.25295877
vt 0.9239963 0.2165823
vt 0.9143454 0.22062206
vt 0.9266597 0.1566844
vt 0.91732705 0.15356207
vt 0.3734312 0.81818676
vt 0.3815632 0.76524067
vt 0.3741007 0.7587528
vt 0.38095856 0.8189392
vt 0.3741007 0.88217926
vt 0.3815632 0.87675667
vt 0.36695004 0.87675285
vt 0.36634445 0.81893635
vt 0.593112 0.51930046
vt 0.5855007 0.5214827
vt 0.5855007 0.56785274
vt 0.593112 0.5607183
vt 0.18021107 0.65709114
vt 0.173213 0.6538105
vt 0.14244366 0.7023983
vt 0.1524105 0.7009907
vt 0.15151024 0.7486973
vt 0.15794468 0.7432785
vt 0.18021107 0.77684975
vt 0.1785078 0.778183
vt 0.412385 0.9693234
vt 0.4220829 0.9663706
vt 0.41897774 0.924392
vt 0.41174316 0.92208433
vt 0.42018032 0.88439775
vt 0.4220829 0.8849139
vt 0.27931786 0.894186
vt 0.26990414 0.89082146
vt 0.2688799 0.9325218
vt 0.275918 0.9303055
vt 0.27931786 0.971117
vt 0.2774315 0.9715538
vt 0.2937491 0.9307208
vt 0.29715443 0.89097166
vt 0.29522324 0.890821
vt 0.28640294 0.9298768
vt 0.28733873 0.9693551
vt 0.29715443 0.96536493
vt 0.92379403 0.48895073
vt 0.9333484 0.52729225
vt 0.93531585 0.5271702
vt 0.9311116 0.48789406
vt 0.93531585 0.45882607
vt 0.9255328 0.4546337
vt 0.10755348 0.89608765
vt 0.12351608 0.9308605
vt 0.1254654 0.9300146
vt 0.1150589 0.8925772
vt 0.1254654 0.85505295
vt 0.116313934 0.8544102
vt 0.40460205 0.7111187
vt 0.42521095 0.6758013
vt 0.4234314 0.67457104
vt 0.39829063 0.7060375
vt 0.39105034 0.7482238
vt 0.4014206 0.7489872
vt 0.41768456 0.7940812
vt 0.42521095 0.7899475
vt 0.027827263 0.51600313
vt 0.056137085 0.48898458
vt 0.05470276 0.48741794
vt 0.022889137 0.50982213
vt 0.0035419464 0.54986095
vt 0.013625145 0.5528455
vt 0.012385368 0.6071651
vt 0.02152443 0.6040299
vt 0.051136017 0.6416762
vt 0.056137085 0.6348553
vt 0.5160718 0.6312673
vt 0.5256176 0.6263201
vt 0.52283335 0.5690921
vt 0.5129905 0.56792754
vt 0.5256176 0.52527505
vt 0.51886225 0.51992244
vt 0.60613155 0.9315045
vt 0.6149788 0.9264972
vt 0.6149788 0.87575746
vt 0.60613155 0.87469816
vt 0.9168072 0.3500309
vt 0.9066467 0.3463993
vt 0.90017796 0.40454483
vt 0.91102886 0.40196705
vt 0.9098625 0.4380474
vt 0.9168072 0.4331131
vt 0.96025467 0.6471052
vt 0.95115185 0.64224625
vt 0.95115185 0.70529747
vt 0.96025467 0.704072
vt 0.9735217 0.3463993
vt 0.96375227 0.3524742
vt 0.96620846 0.38067722
vt 0.9735217 0.38046074
vt 0.9659376 0.42286777
vt 0.96398735 0.42310333
vt 0.9566679 0.3503847
vt 0.94568086 0.3463993
vt 0.9438565 0.38720417
vt 0.95214415 0.38621235
vt 0.9566679 0.4296465
vt 0.95449185 0.42983532
vt 0.093412876 0.85525656
vt 0.0984211 0.897233
vt 0.10028076 0.89667845
vt 0.10028076 0.85251665
vt 0.011056423 0.939075
vt 0.011056423 0.89408064
vt 0.009130001 0.8937199
vt 0.0035419464 0.93737674
vt 0.7202774 0.30925846
vt 0.7323812 0.30150414
vt 0.71252954 0.23991442
vt 0.69821084 0.24079847
vt 0.71693814 0.18943167
vt 0.70685303 0.18431282
vt 0.7287189 0.15356207
vt 0.7323812 0.15533018
vt 0.088080406 0.8454323
vt 0.10046959 0.83803177
vt 0.08637142 0.78230166
vt 0.072286606 0.78261876
vt 0.10046959 0.7437415
vt 0.09260464 0.73938394
vt 0.8720803 0.7199249
vt 0.8589531 0.7134571
vt 0.845302 0.7768755
vt 0.8598963 0.7762003
vt 0.8634125 0.8175955
vt 0.8720803 0.81283
vt 0.39104939 0.95244074
vt 0.40465832 0.9565191
vt 0.40465832 0.8843975
vt 0.39105225 0.8875532
vt 0.9224243 0.8073211
vt 0.93538284 0.8132434
vt 0.93538284 0.7631726
vt 0.92541885 0.7638564
vt 0.9227314 0.71363163
vt 0.9263382 0.7134571
vt 0.22200203 0.9518695
vt 0.2160883 0.90278435
vt 0.21340084 0.9020653
vt 0.21458244 0.95027924
vt 0.21034431 0.90278435
vt 0.2061367 0.9518695
vt 0.8219719 0.48559594
vt 0.83619034 0.47959805
vt 0.82900035 0.40563178
vt 0.81397533 0.40338016
vt 0.83619034 0.35395575
vt 0.8258655 0.34639978
vt 0.63592243 0.88817215
vt 0.6221266 0.8944206
vt 0.62223625 0.95778084
vt 0.63592243 0.9595623
vt 0.35926056 0.7641516
vt 0.3442731 0.7587528
vt 0.33245754 0.8293123
vt 0.3487172 0.8267832
vt 0.34895515 0.86808395
vt 0.35926056 0.86232376
vt 0.5853691 0.94805145
vt 0.59904766 0.95415425
vt 0.59904766 0.87469816
vt 0.5853758 0.8765638
vt 0.91534007 0.7134571
vt 0.90227544 0.72220516
vt 0.905095 0.76328754
vt 0.91534007 0.76306915
vt 0.90772235 0.8194027
vt 0.9040047 0.819644
vt 0.8951907 0.71947
vt 0.88016176 0.7134571
vt 0.8791642 0.7725401
vt 0.89081335 0.77099323
vt 0.8951907 0.8280649
vt 0.8909764 0.82853794
vt 0.5329437 0.918488
vt 0.5392122 0.96872854
vt 0.5428233 0.9673128
vt 0.5428233 0.9141679
vt 0.85590124 0.96543
vt 0.85590124 0.90990067
vt 0.852108 0.90890384
vt 0.8453016 0.9624455
vt 0.27811337 0.51505685
vt 0.32537365 0.4945612
vt 0.31857252 0.48737884
vt 0.2892356 0.5192833
vt 0.26888037 0.5735855
vt 0.2809887 0.57156134
vt 0.28948164 0.6199672
vt 0.29581594 0.6136949
vt 0.32537365 0.6486466
vt 0.323565 0.6502044
vt 0.35476208 0.40992737
vt 0.37388444 0.4590931
vt 0.38237405 0.45049286
vt 0.3433237 0.4141941
vt 0.35017085 0.3476944
vt 0.33824205 0.34531593
vt 0.3634107 0.30628395
vt 0.35630345 0.30034447
vt 0.3804686 0.28313065
vt 0.38237405 0.2845974
vt 0.7799182 0.39024067
vt 0.80689096 0.3531885
vt 0.80044746 0.3463993
vt 0.79124045 0.39390564
vt 0.77635837 0.45903587
vt 0.78802395 0.45606232
vt 0.7972405 0.505249
vt 0.80689096 0.4978161
vt 0.9442663 0.80431366
vt 0.95553255 0.79956627
vt 0.9508929 0.76169395
vt 0.942467 0.75997543
vt 0.9532685 0.7134571
vt 0.95553255 0.71372604
vt 0.22067785 0.7646675
vt 0.22949195 0.8029032
vt 0.23569202 0.7967138
vt 0.20927787 0.7689018
vt 0.21787262 0.709486
vt 0.20613718 0.7071228
vt 0.23569202 0.6647358
vt 0.2260871 0.6570215
vt 0.9367721 0.35061523
vt 0.92528677 0.3463998
vt 0.92389154 0.39840397
vt 0.9325123 0.39654988
vt 0.9367721 0.44437203
vt 0.9345069 0.44476244
vt 0.0035419464 0.9493141
vt 0.009785652 0.977206
vt 0.012085915 0.97650504
vt 0.012085915 0.9461591
vt 0.965086 0.92010283
vt 0.9719682 0.9650624
vt 0.9743552 0.96504045
vt 0.9743552 0.9202864
vt 0.9407387 0.5883187
vt 0.9508333 0.6343429
vt 0.95307016 0.63390255
vt 0.9492459 0.5862582
vt 0.95307016 0.53874516
vt 0.9416876 0.534603
vt 0.04929638 0.90929794
vt 0.054047585 0.8608875
vt 0.051775932 0.8605385
vt 0.04084301 0.9072819
vt 0.04274559 0.95368004
vt 0.054047585 0.9491253
vt 0.53909063 0.1914506
vt 0.5867555 0.16141844
vt 0.57957864 0.15356207
vt 0.55059147 0.19526052
vt 0.52985096 0.2578683
vt 0.54233885 0.2545848
vt 0.55056095 0.3057766
vt 0.5571766 0.2985425
vt 0.5867555 0.33190918
vt 0.5848725 0.3337345
vt 0.66648585 0.6548176
vt 0.6765242 0.71624374
vt 0.68619365 0.70809746
vt 0.6547118 0.65727234
vt 0.66979796 0.58429337
vt 0.6583776 0.579216
vt 0.68619365 0.5424881
vt 0.67976004 0.5346031
vt 0.6586542 0.3937416
vt 0.68869114 0.35440826
vt 0.68239594 0.3463993
vt 0.67019844 0.39862537
vt 0.6547117 0.4718895
vt 0.66663647 0.46923256
vt 0.679122 0.5275183
vt 0.68869114 0.51949406
vt 0.07460475 0.9445572
vt 0.086328745 0.94019794
vt 0.08105725 0.9010706
vt 0.072286904 0.8989687
vt 0.08396852 0.8525162
vt 0.086328745 0.85288715
vt 0.9161883 0.8305602
vt 0.9042711 0.8267286
vt 0.9022754 0.8801336
vt 0.91126585 0.87786984
vt 0.9161883 0.9256096
vt 0.91382754 0.9261043
vt 0.9880562 0.7970473
vt 0.9880562 0.7643052
vt 0.985651 0.7634218
vt 0.9786854 0.7935387
vt 0.61743546 0.5129719
vt 0.6456623 0.5298023
vt 0.64762783 0.5281563
vt 0.6244736 0.50662804
vt 0.6128578 0.4683876
vt 0.6005907 0.47190666
vt 0.61931896 0.40520477
vt 0.6078234 0.40116882
vt 0.64762783 0.3562851
vt 0.6395178 0.3463993
vt 0.88944435 0.3304968
vt 0.88280106 0.28684807
vt 0.8801794 0.28691006
vt 0.87925816 0.3304968
vt 0.43229294 0.8804602
vt 0.44353104 0.92649823
vt 0.44587612 0.92604136
vt 0.44122124 0.87834203
vt 0.44587612 0.83126223
vt 0.43401337 0.82725936
vt 0.8201933 0.88736534
vt 0.82570744 0.83919907
vt 0.82332325 0.83883
vt 0.8113413 0.885272
vt 0.81387615 0.9309387
vt 0.82570744 0.9265623
vt 0.6015942 0.19406414
vt 0.6435261 0.16211987
vt 0.6355746 0.15356255
vt 0.6131747 0.19829655
vt 0.59383976 0.26187706
vt 0.6062484 0.2588663
vt 0.6117108 0.30962276
vt 0.6187012 0.3026657
vt 0.6435261 0.33496666
vt 0.6415659 0.33672523
vt 0.7919302 0.65436363
vt 0.7946043 0.7168255
vt 0.8042574 0.7084427
vt 0.78096104 0.656971
vt 0.7944193 0.5836773
vt 0.7837162 0.57873344
vt 0.8042574 0.54234123
vt 0.7976284 0.5346031
vt 0.65527153 0.20051765
vt 0.6911268 0.16184807
vt 0.68536854 0.15356255
vt 0.6669302 0.20582008
vt 0.6506109 0.2781086
vt 0.6627188 0.27592468
vt 0.68205357 0.3334055
vt 0.6911268 0.32588482
vt 0.77875376 0.9381714
vt 0.7903614 0.93395615
vt 0.785388 0.8928833
vt 0.77670574 0.89052486
vt 0.7880273 0.84384537
vt 0.7903614 0.8442869
vt 0.92661047 0.0072054863
vt 0.91482687 0.0035419464
vt 0.9133024 0.05885029
vt 0.9221549 0.05629301
vt 0.92661047 0.103726864
vt 0.92428493 0.10429382
vt 0.932415 0.975152
vt 0.932415 0.9359355
vt 0.9300709 0.93511915
vt 0.9232731 0.97182155
vt 0.48713493 0.31919098
vt 0.5208883 0.3393154
vt 0.522768 0.33769608
vt 0.4937477 0.3128891
vt 0.47919083 0.27264595
vt 0.46677494 0.27567673
vt 0.48728752 0.20947075
vt 0.4758396 0.20494843
vt 0.522768 0.16357231
vt 0.51556206 0.15356255
vt 0.96650887 0.1464777
vt 0.96126175 0.10666847
vt 0.9586277 0.1067152
vt 0.95630455 0.1464777
vt 0.9200249 0.5855305
vt 0.93130684 0.6319399
vt 0.9336548 0.6315763
vt 0.9289627 0.5837889
vt 0.9336548 0.5388398
vt 0.92178154 0.5346031
vt 0.028301239 0.90831184
vt 0.033758163 0.86080647
vt 0.0313797 0.8605375
vt 0.0194664 0.9065914
vt 0.02194786 0.9497261
vt 0.033758163 0.94510746
vt 0.73946476 0.1997633
vt 0.7703781 0.16122246
vt 0.76076794 0.15356255
vt 0.7513504 0.2024889
vt 0.74281883 0.26864433
vt 0.75434685 0.26401424
vt 0.7642393 0.3132496
vt 0.7703781 0.30549335
vt 0.82295895 0.2729931
vt 0.8192549 0.33602715
vt 0.8286028 0.32751083
vt 0.8130064 0.27568626
vt 0.82466793 0.20224762
vt 0.8149004 0.19738579
vt 0.8286028 0.1612091
vt 0.8220072 0.15356255
vt 0.9354496 0.24924183
vt 0.94689846 0.24516678
vt 0.94230556 0.20274448
vt 0.9337435 0.20019054
vt 0.94459915 0.15356255
vt 0.94689846 0.15405846
vt 0.9358578 0.8302059
vt 0.9242487 0.82672834
vt 0.92327213 0.8832545
vt 0.9319496 0.8804536
vt 0.9358578 0.92740726
vt 0.93357563 0.92803526
vt 0.97634697 0.68639255
vt 0.97634697 0.6429243
vt 0.9740391 0.64224625
vt 0.96733856 0.6835344
vt 0.026176453 0.45786476
vt 0.06344986 0.48033333
vt 0.06520271 0.47868538
vt 0.0322361 0.45141792
vt 0.015699387 0.4097042
vt 0.0035419464 0.4126072
vt 0.024896622 0.34662056
vt 0.013839722 0.3419819
vt 0.06520271 0.30308533
vt 0.058963776 0.2932396
vt 0.9022751 0.935976
vt 0.9090786 0.9757538
vt 0.9115906 0.9751873
vt 0.9115906 0.93318844
vt 0.30090332 0.31191254
vt 0.33115768 0.28498268
vt 0.3293686 0.28313065
vt 0.2942791 0.3044548
vt 0.26888084 0.3562641
vt 0.2811489 0.35981178
vt 0.2781334 0.4327793
vt 0.2895069 0.42894363
vt 0.3242321 0.48029327
vt 0.33115768 0.47187424
vt 0.93369484 0.05225444
vt 0.9447975 0.09875965
vt 0.947134 0.098487616
vt 0.9425888 0.05088067
vt 0.947134 0.008005619
vt 0.93530273 0.0035421848
vt 0.95171547 0.87359715
vt 0.95695305 0.8268919
vt 0.95459366 0.82672787
vt 0.94294167 0.87226963
vt 0.94522667 0.9130182
vt 0.95695305 0.90813255
vt 0.9344349 0.64224625
vt 0.92677116 0.6471634
vt 0.92677116 0.69860744
vt 0.9344349 0.6991844
vt 0.9440689 0.646822
vt 0.9440689 0.698266
vt 0.296669 0.78829193
vt 0.30196667 0.78187275
vt 0.27714634 0.74341965
vt 0.2688799 0.74524117
vt 0.28046703 0.7015848
vt 0.2757864 0.6976986
vt 0.3006134 0.65728855
vt 0.30196667 0.65816593
vt 0.5146589 0.8418894
vt 0.5044489 0.83702326
vt 0.49960995 0.8885956
vt 0.5103369 0.88795376
vt 0.5075178 0.92625713
vt 0.5146589 0.9220662
vt 0.9727154 0.4369192
vt 0.9623718 0.4425974
vt 0.9650421 0.47701073
vt 0.9727154 0.47665787
vt 0.96663857 0.521327
vt 0.96461487 0.52148914
vt 0.6972103 0.8170295
vt 0.68833065 0.8129618
vt 0.6815376 0.8664124
vt 0.68867874 0.8643234
vt 0.6972103 0.9115212
vt 0.6953516 0.9119694
vt 0.059093475 0.6937618
vt 0.06194496 0.6494484
vt 0.060035706 0.64875984
vt 0.051887512 0.69073486
vt 0.047210693 0.74599266
vt 0.057512283 0.7429981
vt 0.0521183 0.7911053
vt 0.06194496 0.78375816
vt 0.9785061 0.09929705
vt 0.9785061 0.055040836
vt 0.9765549 0.054479122
vt 0.97106934 0.09786701
vt 0.87773705 0.6253872
vt 0.8876095 0.6689043
vt 0.8895378 0.66827536
vt 0.8849468 0.6223974
vt 0.8842373 0.5795536
vt 0.8741474 0.5762496
vt 0.8895378 0.5423546
vt 0.8800831 0.53460264
vt 0.7460375 0.63852215
vt 0.7724438 0.67784977
vt 0.77387714 0.6771107
vt 0.75145626 0.63530064
vt 0.7460289 0.5863724
vt 0.7374916 0.5837164
vt 0.77387714 0.5419979
vt 0.76831436 0.5346031
vt 0.76814175 0.048830986
vt 0.7881141 0.0044260025
vt 0.7864189 0.0035419464
vt 0.7621355 0.044905663
vt 0.75515556 0.093256
vt 0.7650571 0.091350555
vt 0.7809701 0.13653469
vt 0.7881141 0.13000679
vt 0.9105835 0.64224625
vt 0.9022751 0.6471138
vt 0.9022751 0.7050524
vt 0.9105835 0.7063732
vt 0.91968536 0.64694214
vt 0.91968536 0.7048807
vt 0.7419634 0.14186764
vt 0.7480717 0.13516235
vt 0.7207966 0.090735435
vt 0.7114277 0.09212971
vt 0.72444534 0.04706955
vt 0.7190895 0.04279995
vt 0.7465277 0.0035419464
vt 0.7480717 0.0045309067
vt 0.9072609 0.15847683
vt 0.89667606 0.15356207
vt 0.8903427 0.21189213
vt 0.90160465 0.21057749
vt 0.89998627 0.25301647
vt 0.9072609 0.24802017
vt 0.96620655 0.25632572
vt 0.955698 0.26233006
vt 0.9584112 0.2947626
vt 0.96620655 0.29397678
vt 0.95983315 0.338418
vt 0.95777893 0.3386898
vt 0.9062185 0.0076117516
vt 0.89640236 0.0035419464
vt 0.8885441 0.058732986
vt 0.8964672 0.056492805
vt 0.9062185 0.10317087
vt 0.90415764 0.10365391
vt 0.4518242 0.56559944
vt 0.45451546 0.5216999
vt 0.4526024 0.5208969
vt 0.44460487 0.56212616
vt 0.43996048 0.61836433
vt 0.4502735 0.61585426
vt 0.44465446 0.6671009
vt 0.45451546 0.6598892
vt 0.9794378 0.19804716
vt 0.9794378 0.15424347
vt 0.977479 0.15356207
vt 0.97196674 0.19616365
vt 0.312603 0.75256443
vt 0.32231522 0.7955861
vt 0.32424545 0.7948365
vt 0.31982613 0.74913025
vt 0.3191433 0.7051716
vt 0.3090515 0.70238066
vt 0.32424545 0.66489506
vt 0.31476593 0.65728855
vt 0.6100273 0.6467762
vt 0.6396303 0.68402004
vt 0.6411333 0.682971
vt 0.6157093 0.6423712
vt 0.6096182 0.59247684
vt 0.6005907 0.59135246
vt 0.6411333 0.5432663
vt 0.6354723 0.5368862
vt 0.017449379 0.69296837
vt 0.040127754 0.6499376
vt 0.03836727 0.6487608
vt 0.011254311 0.6879692
vt 0.0035419464 0.73642635
vt 0.013946533 0.7360239
vt 0.032853127 0.7835932
vt 0.040127754 0.7781534
vt 0.18864727 0.76521397
vt 0.19825459 0.76038456
vt 0.19703293 0.7025194
vt 0.18729496 0.701169
vt 0.19825459 0.6592369
vt 0.19139767 0.65381145
vt 0.7596264 0.95036936
vt 0.7663231 0.9852495
vt 0.7686577 0.9852855
vt 0.7686577 0.9506364
vt 0.23165727 0.43715
vt 0.25676703 0.46250343
vt 0.25871158 0.46121407
vt 0.23867202 0.43198586
vt 0.22861958 0.39348412
vt 0.21676397 0.39478874
vt 0.23421073 0.3415289
vt 0.22302365 0.33662128
vt 0.25871158 0.31189632
vt 0.25045395 0.30344582
vt 0.3588543 0.9180889
vt 0.35390377 0.87516785
vt 0.35202312 0.87581825
vt 0.35174656 0.92113876
vt 0.3495369 0.96512794
vt 0.3588543 0.96840477
vt 0.97663975 0.5368874
vt 0.9818983 0.5795765
vt 0.98377514 0.57891417
vt 0.98377514 0.5346031
vt 0.1698227 0.44401455
vt 0.20816517 0.4696064
vt 0.2096796 0.46808434
vt 0.17539787 0.4378481
vt 0.15357304 0.39292526
vt 0.14244366 0.3950472
vt 0.16346836 0.33690548
vt 0.15339565 0.333045
vt 0.2096796 0.31016254
vt 0.20454216 0.30344582
vt 0.5855007 0.57677686
vt 0.59086037 0.62284976
vt 0.5927048 0.62245774
vt 0.5927048 0.5749371
vt 0.7115822 0.8729038
vt 0.72087765 0.8266802
vt 0.718894 0.8258581
vt 0.70436573 0.86914635
vt 0.71126175 0.91478825
vt 0.72087765 0.91274357
vt 0.41938782 0.37909222
vt 0.45494843 0.34768963
vt 0.45357418 0.3463993
vt 0.4148016 0.37388706
vt 0.39104939 0.417655
vt 0.40154934 0.41874313
vt 0.40215778 0.47531033
vt 0.41147137 0.47024155
vt 0.45083332 0.5056925
vt 0.45494843 0.4973793
vt 0.4516468 0.513813
vt 0.3977728 0.48018646
vt 0.18658543 0.89070034
vt 0.1806612 0.89349365
vt 0.17627048 0.94361305
vt 0.18383694 0.9470415
vt 0.19355583 0.8940697
vt 0.19355583 0.9443855
vt 0.43491304 0.7215853
vt 0.45437813 0.68058014
vt 0.44775414 0.67457104
vt 0.44546986 0.7237625
vt 0.43229365 0.78539944
vt 0.4431032 0.7814188
vt 0.44477272 0.8201752
vt 0.45437813 0.81283855
vt 0.61478615 0.9791746
vt 0.61478615 0.9391203
vt 0.6125488 0.9385891
vt 0.6061325 0.9769354
vt 0.3501172 0.61935616
vt 0.37958968 0.64665604
vt 0.38148773 0.64535713
vt 0.35687637 0.61412334
vt 0.34453046 0.57455635
vt 0.33245802 0.57570267
vt 0.35139728 0.5230093
vt 0.34014583 0.517992
vt 0.38148773 0.4956646
vt 0.373834 0.48737812
vt 0.5737215 0.8589363
vt 0.5683975 0.81656265
vt 0.5666492 0.81731796
vt 0.5671109 0.86237526
vt 0.56710935 0.90644073
vt 0.5760077 0.9091854
vt 0.55858123 0.9091854
vt 0.5607219 0.8589363
vt 0.7974458 0.8464174
vt 0.8023467 0.88863736
vt 0.8041024 0.88790053
vt 0.8041024 0.84384525
vt 0.09799385 0.43648243
vt 0.13369083 0.46128654
vt 0.1353569 0.4598608
vt 0.1041522 0.43068123
vt 0.08397198 0.3860464
vt 0.072286606 0.38771057
vt 0.09274101 0.3290739
vt 0.081992626 0.32465363
vt 0.1353569 0.3006916
vt 0.12915945 0.2932396
vt 0.8629856 0.9115989
vt 0.8684006 0.95509744
vt 0.87026405 0.95447206
vt 0.87026405 0.90890384
vt 0.59337425 0.6749487
vt 0.59337425 0.63048935
vt 0.5912533 0.6299343
vt 0.5855017 0.672184
vt 0.10040617 0.49930573
vt 0.13394451 0.469553
vt 0.13237381 0.46837044
vt 0.09504175 0.4945364
vt 0.072286606 0.53728867
vt 0.0835824 0.5380049
vt 0.082763195 0.59510803
vt 0.09293985 0.58965015
vt 0.12867069 0.6273651
vt 0.13394451 0.6184616
vt 0.37712288 0.88926315
vt 0.37076378 0.8921366
vt 0.36634493 0.94226265
vt 0.37452984 0.9455776
vt 0.38373852 0.8926964
vt 0.38373852 0.9430132
vt 0.023393631 0.11017847
vt 0.048812866 0.13735247
vt 0.08072281 0.11810684
vt 0.051345825 0.08670187
vt 0.0035419464 0.07976484
vt 0.028402328 0.051552773
vt 0.111185074 0.08663368
vt 0.13535881 0.10328627
vt 0.10866165 0.13735247
vt 0.085767746 0.059459686
vt 0.13198471 0.051433086
vt 0.11736679 0.03580427
vt 0.065914154 0.029046059
vt 0.018039703 0.02207756
vt 0.105947495 0.018311977
vt 0.056947708 0.0035419464
vt 0.100790024 0.0036435127
vt 0.14244366 0.23559499
vt 0.18117619 0.19292402
vt 0.14369106 0.19203019
vt 0.17487907 0.23636818
vt 0.15703583 0.27583647
vt 0.17569065 0.27628112
vt 0.21197319 0.24419308
vt 0.1970253 0.2807815
vt 0.22404575 0.201967
vt 0.24378681 0.25697255
vt 0.21532345 0.2881317
vt 0.261796 0.27128243
vt 0.2256813 0.29636216
vt 0.2608137 0.21673656
vt 0.261796 0.17827916
vt 0.22998238 0.16549969
vt 0.19288826 0.15767503
vt 0.26120853 0.07683945
vt 0.2216978 0.1176281
vt 0.25171757 0.11963844
vt 0.22651482 0.0745163
vt 0.25252438 0.03489685
vt 0.22250557 0.032886505
vt 0.18408394 0.11689186
vt 0.18304443 0.07366562
vt 0.18772793 0.15016747
vt 0.20936203 0.1505909
vt 0.16752243 0.1505909
vt 0.14895344 0.1176281
vt 0.14244366 0.0745163
vt 0.18489075 0.03215027
vt 0.21075821 0.003965378
vt 0.1497612 0.032886505
vt 0.1891241 0.0035419464
vt 0.16891861 0.003965378
vt 0.3839655 0.21667671
vt 0.3839655 0.18034554
vt 0.3444481 0.1829853
vt 0.3444481 0.20388126
vt 0.36636305 0.25019932
vt 0.30246115 0.1948309
vt 0.33432388 0.16607285
vt 0.31678867 0.15767479
vt 0.29654026 0.16004276
vt 0.27900457 0.17254162
vt 0.26888037 0.19182205
vt 0.26888037 0.21271801
vt 0.27900457 0.22963047
vt 0.29654026 0.23802757
vt 0.33432388 0.2231617
vt 0.33587456 0.27192974
vt 0.31678867 0.2356596
vt 0.3006692 0.27604675
vt 0.38015175 0.090177536
vt 0.33920574 0.12312698
vt 0.3579607 0.12656403
vt 0.34754276 0.084199905
vt 0.3881426 0.04730606
vt 0.31737423 0.12312698
vt 0.35045528 0.040397644
vt 0.3797617 0.009519577
vt 0.3471527 0.0035419464
vt 0.30958557 0.084199905
vt 0.29831696 0.12656403
vt 0.27645016 0.090177536
vt 0.30658722 0.040397644
vt 0.30919552 0.0035419464
vt 0.26829338 0.04730606
vt 0.2760601 0.009519577
vt 0.07441044 0.16015911
vt 0.12172413 0.17497349
vt 0.10278416 0.14443588
vt 0.08530331 0.17772388
vt 0.12229252 0.2117958
vt 0.043230057 0.18859959
vt 0.055870056 0.1509161
vt 0.034650803 0.15247059
vt 0.01643753 0.16440582
vt 0.006111145 0.18352318
vt 0.0064382553 0.20470142
vt 0.017331123 0.22226524
vt 0.08563042 0.19890213
vt 0.10433769 0.24503613
vt 0.035871506 0.23150826
vt 0.0035419464 0.25241756
vt 0.035777092 0.26848888
vt 0.05709076 0.22995472
vt 0.07267094 0.26578712
vt 0.07530403 0.21801949
vt 0.08569527 0.28615475
vt 0.12229252 0.2621727
vt 0.98350626 0.9345913
vt 0.994955 0.9201031
vt 0.98143965 0.9234657
vt 0.994955 0.9380169
vt 0.46326828 0.94789886
vt 0.4793167 0.9403591
vt 0.46203327 0.9308109
vt 0.47282696 0.9253235
vt 0.4625492 0.91381073
vt 0.47288704 0.9154606
vt 0.4793167 0.9101105
vt 0.37780952 0.6918907
vt 0.37442613 0.6919193
vt 0.37755442 0.69965744
vt 0.37059426 0.6870003
vt 0.38233972 0.6781559
vt 0.3709767 0.6783047
vt 0.3702085 0.692564
vt 0.37440348 0.7078705
vt 0.36584187 0.6924629
vt 0.36493778 0.7004547
vt 0.3544066 0.6799202
vt 0.36455727 0.69272804
vt 0.35430288 0.6699524
vt 0.35215926 0.6900692
vt 0.36895514 0.668417
vt 0.35629296 0.65673256
vt 0.36837125 0.6537399
vt 0.34341455 0.6977596
vt 0.35756493 0.706913
vt 0.3451619 0.7086258
vt 0.36440992 0.72026443
vt 0.3393371 0.7170048
vt 0.372509 0.71632195
vt 0.33245778 0.7151909
vt 0.37408066 0.7249603
vt 0.363683 0.73234177
vt 0.34254313 0.7272663
vt 0.35235 0.7156925
vt 0.33914614 0.730175
vt 0.3737917 0.7317047
vt 0.38233972 0.731163
vt 0.370893 0.75166893
vt 0.34492826 0.7515373
vt 0.34282136 0.7300987
vt 0.3642099 0.72358704
vt 0.34254313 0.7272663
vt 0.3484516 0.7286854
vt 0.99245834 0.9868556
vt 0.9925041 0.9740077
vt 0.9849601 0.97891176
vt 0.99536705 0.9899372
vt 0.99536705 0.9721465
vt 0.46309805 0.07267642
vt 0.4726858 0.07407594
vt 0.4731984 0.06695938
vt 0.463485 0.082950115
vt 0.4366486 0.0753324
vt 0.44082165 0.063289404
vt 0.46057868 0.062489986
vt 0.41929722 0.05705309
vt 0.45850945 0.0925324
vt 0.4731984 0.08984089
vt 0.46779346 0.09868336
vt 0.4580288 0.10563707
vt 0.46580195 0.112313986
vt 0.42280602 0.085289
vt 0.4210515 0.071171045
vt 0.40983582 0.07010698
vt 0.39995718 0.06564927
vt 0.42267585 0.044240236
vt 0.39522624 0.04764414
vt 0.39566493 0.031039
vt 0.4426334 0.058317184
vt 0.40386248 0.016355753
vt 0.44798112 0.043009758
vt 0.42865086 0.020423174
vt 0.41101646 0.0035421848
vt 0.4350059 0.0056655407
vt 0.46172 0.012690783
vt 0.4581225 0.030797482
vt 0.46379304 0.0318501
vt 0.46406674 0.034380436
vt 0.45408916 0.04342246
vt 0.4617529 0.052889347
vt 0.7676983 0.32511473
vt 0.76174164 0.32038116
vt 0.7601223 0.3290782
vt 0.7676983 0.33751202
vt 0.7676983 0.32852554
vt 0.2958089 0.14838123
vt 0.30613488 0.15000057
vt 0.30613488 0.13651943
vt 0.29970026 0.13364887
vt 0.29142815 0.1381197
vt 0.12937641 0.16117096
vt 0.13501501 0.16184998
vt 0.13501501 0.14443588
vt 0.13261843 0.183815
vt 0.6700907 0.7346878
vt 0.69386625 0.72942543
vt 0.6731167 0.72332764
vt 0.6957474 0.7436924
vt 0.66515875 0.7473631
vt 0.69360113 0.75964546
vt 0.6901612 0.7697363
vt 0.65986824 0.7640219
vt 0.68249226 0.7840948
vt 0.6552515 0.77855873
vt 0.6706805 0.7977295
vt 0.6547117 0.79480076
vt 0.6957474 0.79831123
vt 0.6774211 0.8058777
vt 0.6389103 0.7410221
vt 0.62476254 0.7582035
vt 0.6411333 0.7650318
vt 0.6211767 0.73448753
vt 0.6306267 0.7148571
vt 0.6075754 0.747015
vt 0.6128578 0.7650471
vt 0.59746647 0.75962067
vt 0.59219265 0.73599243
vt 0.6050663 0.72919273
vt 0.6057997 0.7086525
vt 0.5853691 0.71720886
vt 0.620018 0.6924877
vt 0.61025715 0.691103
vt 0.63990784 0.6995621
vt 0.635232 0.69613075
vt 0.6411333 0.6975422
vt 0.11875224 0.634449
vt 0.10645318 0.6364765
vt 0.078915834 0.6664467
vt 0.10233927 0.67362595
vt 0.12381506 0.68497086
vt 0.12597704 0.64453125
vt 0.09964371 0.6844063
vt 0.074391365 0.67398834
vt 0.092315674 0.7010193
vt 0.12489605 0.6948242
vt 0.07551575 0.6894703
vt 0.072286844 0.70141983
vt 0.112400055 0.7046871
vt 0.08471346 0.71824646
vt 0.106155634 0.71539116
vt 0.12597704 0.7046776
vt 0.10823178 0.7299404
vt 0.08113146 0.7322998
vt 0.84782696 0.9783802
vt 0.8453016 0.99020386
vt 0.86034775 0.99020386
vt 0.857728 0.9725132
vt 0.97088337 0.8483515
vt 0.9651346 0.8647442
vt 0.9735718 0.87166786
vt 0.9640379 0.84785366
vt 0.9735718 0.82672787
vt 0.87217426 0.3070326
vt 0.8609915 0.33647537
vt 0.87217426 0.33892822
vt 0.8584223 0.3170395
vt 0.85153294 0.3393154
vt 0.8432741 0.3369465
vt 0.8469019 0.3182993
vt 0.8611412 0.30252647
vt 0.85010815 0.29802132
vt 0.85945034 0.28684807
vt 0.6569452 0.08837843
vt 0.658612 0.07289839
vt 0.643167 0.07710099
vt 0.6487875 0.05343318
vt 0.65730953 0.048253536
vt 0.658612 0.024025679
vt 0.6449084 0.02024436
vt 0.6233902 0.05663562
vt 0.6278291 0.08469796
vt 0.63117075 0.021098137
vt 0.63341403 0.0035421848
vt 0.6164353 0.003778696
vt 0.6066017 0.007391453
vt 0.61518645 0.027605057
vt 0.5938175 0.017143726
vt 0.60123754 0.033283234
vt 0.6035087 0.058758497
vt 0.58791566 0.04410076
vt 0.589906 0.06882739
vt 0.6055181 0.08422208
vt 0.62729096 0.08972907
vt 0.63016653 0.09045625
vn 0.79410374 -0.39332423 0.46335238
vn -0.44395137 -0.8829064 -0.15291679
vn -0.5412459 0.19511059 0.81791484
vn 0.036972318 0.5999913 -0.7991517
vn -0.73996997 0.56855404 0.35943112
vn -0.50130635 -0.6762089 -0.5398457
vn 0.48836774 -0.6269218 -0.6070141
vn 0.6327406 0.76582706 -0.11466637
vn -0.68624705 0.10312757 -0.72002065
vn 0.607424 -0.6053901 0.5143334
vn 0.8145506 0.57999665 0.010551602
vn 0.0939943 -0.7812328 -0.61712277
vn -0.20578738 0.100631356 0.9734088
vn 0.50480765 -0.85750544 0.09926605
vn -0.8358751 -0.46339178 -0.29424667
vn -0.25797433 -0.19006188 0.9472728
vn -0.12069735 0.9507053 0.28564265
vn 0.86180645 -0.3467579 0.37020093
vn 0.49668342 -0.5350031 -0.68343055
vn -0.37100798 -0.8573365 0.3568293
vn 0.8450372 0.10027975 0.52522016
vn 0.48899955 -0.20660312 0.84746367
vn -0.06882478 -0.98360884 -0.16666383
vn -0.8277459 0.18149015 0.53094053
vn -0.1319935 0.88504875 0.44639271
vn 0.9951342 -0.028121874 0.09443036
vn -0.3627835 -0.4277135 0.8279185
vn 0.97825897 -0.15375237 -0.1391744
vn -0.085701756 -0.5605351 0.8236842
vn 0.016410962 0.8552127 0.5180174
vn -0.6861093 -0.33633637 -0.64508295
vn -0.6077967 0.75540334 0.24484527
vn -0.2891479 -0.70171434 0.6511455
vn 0.35104424 -0.93472856 -0.055230916
vn 0.045893315 0.08929181 -0.9949477
vn -0.90256774 -0.3819784 0.19865544
vn -0.80708915 -0.09943518 -0.58199644
vn 0.6311605 0.13942608 -0.7630182
vn -0.08524786 0.9796156 0.18189591
vn 0.3087326 -0.67608273 0.6690265
vn 0.26354426 0.7200251 0.6419566
vn 0.8461302 -0.13537437 -0.51549727
vn -0.65223634 0.07043752 -0.7547359
vn -0.7602083 -0.49476123 0.4210636
vn 0.4465259 -0.54229563 -0.7117094
vn -0.32743207 0.8823862 -0.33790937
vn 0.25531512 0.3621976 0.8964526
vn -0.9547027 -0.2866225 0.07993899
vn 0.7021575 0.47279343 -0.53239197
vn 0.40533674 0.52127814 0.75098026
vn -0.5559145 0.5977639 -0.57761353
vn -0.397008 -0.57529134 -0.7151395
vn -0.1384112 0.8712281 -0.47096062
vn -0.7948593 0.13198307 0.5922663
vn 0.9676649 -0.049410835 0.24735224
vn -0.21907565 0.2720381 0.9370172
vn 0.16884963 0.8884115 -0.42686632
vn 0.35531852 0.06703439 -0.9323385
vn 0.51690125 -0.84195364 0.15468392
vn 0.61227965 0.74812746 0.25577146
vn 0.56117225 -0.827014 -0.033664376
vn 0.51185125 -0.85903364 -0.008335918
vn 0.619487 -0.7325011 -0.28227234
vn 0.57817906 -0.78366935 -0.22709295
vn 0.039207824 -0.9867237 0.15760355
vn 0.08899712 -0.9168706 0.389137
vn -0.6126018 -0.78979045 0.03082101
vn -0.4641738 -0.68975085 0.55568516
vn -0.4609681 -0.86403424 0.20236856
vn -0.67353946 -0.7391478 -0.0022143722
vn -0.6126018 -0.78979045 0.03082101
vn -0.4609681 -0.86403424 0.20236856
vn 0.055595864 -0.9707308 0.2336462
vn 0.009842485 -0.9604548 0.27826154
vn 0.40265155 -0.8950626 0.19166218
vn 0.009842485 -0.9604548 0.27826154
vn -0.45900255 -0.8780341 0.13554582
vn 0.40265155 -0.8950626 0.19166218
vn -0.32097045 0.7042346 0.6332705
vn -0.5412459 0.19511059 0.81791484
vn -0.44395137 -0.8829064 -0.15291679
vn -0.47877482 -0.8033073 -0.35422066
vn 0.64256907 0.1253438 0.7559061
vn -0.47877482 -0.8033073 -0.35422066
vn -0.44395137 -0.8829064 -0.15291679
vn 0.79410374 -0.39332423 0.46335238
vn -0.32097045 0.7042346 0.6332705
vn 0.79410374 -0.39332423 0.46335238
vn -0.5412459 0.19511059 0.81791484
vn 0.64256907 0.1253438 0.7559061
vn 0.3196299 0.91600347 0.24243447
vn 0.4926973 -0.29726547 0.81785244
vn 0.5706207 0.81130564 0.12718213
vn 0.15584265 -0.3667092 0.9171899
vn 0.8145506 0.57999665 0.010551602
vn 0.607424 -0.6053901 0.5143334
vn -0.32097045 0.7042346 0.6332705
vn -0.47877482 -0.8033073 -0.35422066
vn -0.50130635 -0.6762089 -0.5398457
vn -0.73996997 0.56855404 0.35943112
vn 0.079355195 0.74147284 -0.66627383
vn 0.036972318 0.5999913 -0.7991517
vn -0.50130635 -0.6762089 -0.5398457
vn -0.47877482 -0.8033073 -0.35422066
vn -0.32097045 0.7042346 0.6332705
vn -0.73996997 0.56855404 0.35943112
vn 0.036972318 0.5999913 -0.7991517
vn 0.079355195 0.74147284 -0.66627383
vn -0.40790987 0.5084964 -0.7583145
vn -0.75911963 0.40702742 -0.50800216
vn 0.5706207 0.81130564 0.12718213
vn 0.3196299 0.91600347 0.24243447
vn 0.079355195 0.74147284 -0.66627383
vn -0.32097045 0.7042346 0.6332705
vn -0.40790987 0.5084964 -0.7583145
vn 0.079355195 0.74147284 -0.66627383
vn -0.47877482 -0.8033073 -0.35422066
vn -0.34987244 -0.8953837 -0.27545846
vn -0.75911963 0.40702742 -0.50800216
vn -0.005997263 -0.98330665 -0.18185711
vn -0.68624705 0.10312757 -0.72002065
vn 0.48836774 -0.6269218 -0.6070141
vn 0.5706207 0.81130564 0.12718213
vn -0.75911963 0.40702742 -0.50800216
vn -0.68624705 0.10312757 -0.72002065
vn 0.6327406 0.76582706 -0.11466637
vn 0.5706207 0.81130564 0.12718213
vn 0.6327406 0.76582706 -0.11466637
vn 0.48836774 -0.6269218 -0.6070141
vn -0.005997263 -0.98330665 -0.18185711
vn 0.5706207 0.81130564 0.12718213
vn -0.005997263 -0.98330665 -0.18185711
vn 0.0939943 -0.7812328 -0.61712277
vn 0.8145506 0.57999665 0.010551602
vn 0.15584265 -0.3667092 0.9171899
vn 0.607424 -0.6053901 0.5143334
vn 0.0939943 -0.7812328 -0.61712277
vn -0.005997263 -0.98330665 -0.18185711
vn -0.34987244 -0.8953837 -0.27545846
vn 0.4926973 -0.29726547 0.81785244
vn -0.47877482 -0.8033073 -0.35422066
vn 0.64256907 0.1253438 0.7559061
vn -0.8615199 0.1331622 -0.48995048
vn -0.8358751 -0.46339178 -0.29424667
vn 0.50480765 -0.85750544 0.09926605
vn 0.61733264 -0.7866906 0.0042862594
vn 0.7422061 -0.6624207 -0.101630986
vn -0.5430159 -0.18249011 -0.81965303
vn 0.5362403 0.6641233 -0.52094764
vn -0.7332095 0.2897026 0.61520433
vn 0.61733264 -0.7866906 0.0042862594
vn 0.50480765 -0.85750544 0.09926605
vn -0.20578738 0.100631356 0.9734088
vn -0.8615199 0.1331622 -0.48995048
vn -0.20578738 0.100631356 0.9734088
vn -0.8358751 -0.46339178 -0.29424667
vn -0.7332095 0.2897026 0.61520433
vn -0.54754215 0.80825824 -0.21660182
vn -0.6375311 -0.10575709 0.76313126
vn -0.38806668 0.9216278 0.0025224686
vn -0.7043465 -0.36259672 0.6102619
vn -0.12069735 0.9507053 0.28564265
vn -0.25797433 -0.19006188 0.9472728
vn 0.3307076 0.75982726 -0.5597277
vn 0.5362403 0.6641233 -0.52094764
vn 0.7422061 -0.6624207 -0.101630986
vn 0.61733264 -0.7866906 0.0042862594
vn -0.8615199 0.1331622 -0.48995048
vn -0.5430159 -0.18249011 -0.81965303
vn 0.5362403 0.6641233 -0.52094764
vn 0.3307076 0.75982726 -0.5597277
vn 0.50416535 0.3040313 -0.8083207
vn 0.3307076 0.75982726 -0.5597277
vn 0.61733264 -0.7866906 0.0042862594
vn 0.5569086 -0.8109795 0.17934626
vn 0.3285196 -0.02046305 -0.9442754
vn 0.5374112 -0.72412944 0.43223327
vn 0.5569086 -0.8109795 0.17934626
vn -0.7043465 -0.36259672 0.6102619
vn 0.5374112 -0.72412944 0.43223327
vn -0.6375311 -0.10575709 0.76313126
vn 0.61733264 -0.7866906 0.0042862594
vn -0.7332095 0.2897026 0.61520433
vn 0.7899964 0.017255872 0.6128686
vn -0.113173306 0.9927939 0.039396375
vn 0.62971836 -0.17634068 -0.75654393
vn -0.38806668 0.9216278 0.0025224686
vn 0.3285196 -0.02046305 -0.9442754
vn 0.50416535 0.3040313 -0.8083207
vn -0.54754215 0.80825824 -0.21660182
vn 0.3307076 0.75982726 -0.5597277
vn -0.8615199 0.1331622 -0.48995048
vn -0.38806668 0.9216278 0.0025224686
vn -0.113173306 0.9927939 0.039396375
vn 0.7899964 0.017255872 0.6128686
vn 0.5374112 -0.72412944 0.43223327
vn -0.38806668 0.9216278 0.0025224686
vn 0.5374112 -0.72412944 0.43223327
vn 0.86180645 -0.3467579 0.37020093
vn -0.12069735 0.9507053 0.28564265
vn -0.7043465 -0.36259672 0.6102619
vn -0.25797433 -0.19006188 0.9472728
vn 0.86180645 -0.3467579 0.37020093
vn 0.5374112 -0.72412944 0.43223327
vn 0.5374112 -0.72412944 0.43223327
vn 0.7899964 0.017255872 0.6128686
vn 0.62971836 -0.17634068 -0.75654393
vn 0.3285196 -0.02046305 -0.9442754
vn -0.7421045 -0.6586195 0.12450385
vn -0.69110656 -0.4030372 0.5999441
vn 0.53882253 0.3599133 0.7616645
vn 0.73368037 0.26610714 0.6252202
vn 0.8450372 0.10027975 0.52522016
vn -0.37100798 -0.8573365 0.3568293
vn -0.4782325 0.8629483 -0.163138
vn 0.53882253 0.3599133 0.7616645
vn -0.69110656 -0.4030372 0.5999441
vn -0.7421045 -0.6586195 0.12450385
vn -0.8698806 0.46636787 -0.16065136
vn -0.648406 -0.48770297 -0.58456445
vn -0.76032305 0.6344371 0.13927878
vn -0.53044724 -0.2086544 -0.821638
vn -0.7232851 0.4801976 0.49625498
vn -0.43960923 0.09308371 -0.8933528
vn -0.36992794 0.9236443 0.10017291
vn -0.8698806 0.46636787 -0.16065136
vn 0.73368037 0.26610714 0.6252202
vn 0.53882253 0.3599133 0.7616645
vn -0.4782325 0.8629483 -0.163138
vn 0.39185587 -0.6000682 -0.6974002
vn 0.49668342 -0.5350031 -0.68343055
vn 0.8450372 0.10027975 0.52522016
vn 0.73368037 0.26610714 0.6252202
vn -0.7421045 -0.6586195 0.12450385
vn -0.37100798 -0.8573365 0.3568293
vn 0.49668342 -0.5350031 -0.68343055
vn 0.39185587 -0.6000682 -0.6974002
vn -0.648406 -0.48770297 -0.58456445
vn 0.5795943 -0.75797915 -0.29922903
vn -0.53044724 -0.2086544 -0.821638
vn 0.48117352 -0.86474633 0.14382589
vn 0.76551163 -0.62569475 0.14999321
vn -0.32930762 -0.19470397 -0.92393017
vn 0.67163104 0.6969305 -0.25139526
vn 0.5795943 -0.75797915 -0.29922903
vn 0.39185587 -0.6000682 -0.6974002
vn 0.73368037 0.26610714 0.6252202
vn 0.6791723 0.45242187 0.57796156
vn 0.48117352 -0.86474633 0.14382589
vn 0.4912886 0.74233174 0.45560867
vn 0.6791723 0.45242187 0.57796156
vn -0.7232851 0.4801976 0.49625498
vn 0.4912886 0.74233174 0.45560867
vn -0.76032305 0.6344371 0.13927878
vn 0.73368037 0.26610714 0.6252202
vn -0.8698806 0.46636787 -0.16065136
vn -0.53044724 -0.2086544 -0.821638
vn -0.32930762 -0.19470397 -0.92393017
vn 0.67163104 0.6969305 -0.25139526
vn 0.4912886 0.74233174 0.45560867
vn 0.82103753 0.5599774 0.11100775
vn -0.43960923 0.09308371 -0.8933528
vn -0.36992794 0.9236443 0.10017291
vn -0.7232851 0.4801976 0.49625498
vn -0.36992794 0.9236443 0.10017291
vn 0.82103753 0.5599774 0.11100775
vn 0.4912886 0.74233174 0.45560867
vn 0.4912886 0.74233174 0.45560867
vn 0.67163104 0.6969305 -0.25139526
vn 0.76551163 -0.62569475 0.14999321
vn 0.48117352 -0.86474633 0.14382589
vn 0.22629106 0.73553395 -0.63857806
vn -0.95247525 0.28529093 0.10677055
vn -0.22188953 -0.6924565 -0.6864905
vn 0.25466788 -0.8372278 -0.4839357
vn -0.88527316 0.29828396 0.35681668
vn -0.8277459 0.18149015 0.53094053
vn -0.06882478 -0.98360884 -0.16666383
vn 0.40472826 0.2812965 -0.8700961
vn -0.88527316 0.29828396 0.35681668
vn -0.95247525 0.28529093 0.10677055
vn 0.22629106 0.73553395 -0.63857806
vn 0.25466788 -0.8372278 -0.4839357
vn 0.22629106 0.73553395 -0.63857806
vn -0.22188953 -0.6924565 -0.6864905
vn 0.40472826 0.2812965 -0.8700961
vn 0.8329205 -0.5055111 -0.22517097
vn 0.10212323 0.3632276 -0.92608666
vn 0.5162951 -0.29681364 0.80333126
vn 0.48899955 -0.20660312 0.84746367
vn -0.06882478 -0.98360884 -0.16666383
vn 0.13232037 -0.50241375 0.8544423
vn 0.9853844 -0.12483964 -0.115898535
vn -0.20446137 -0.7215072 0.66153073
vn -0.3627835 -0.4277135 0.8279185
vn 0.9951342 -0.028121874 0.09443036
vn 0.5162951 -0.29681364 0.80333126
vn 0.48899955 -0.20660312 0.84746367
vn -0.8277459 0.18149015 0.53094053
vn -0.88527316 0.29828396 0.35681668
vn 0.13232037 -0.50241375 0.8544423
vn 0.5162951 -0.29681364 0.80333126
vn -0.88527316 0.29828396 0.35681668
vn -0.82992154 0.48776695 0.27076507
vn -0.20446137 -0.7215072 0.66153073
vn -0.72302645 0.68938226 0.044552162
vn 0.9853844 -0.12483964 -0.115898535
vn 0.9951342 -0.028121874 0.09443036
vn -0.1319935 0.88504875 0.44639271
vn -0.72302645 0.68938226 0.044552162
vn 0.9853844 -0.12483964 -0.115898535
vn -0.72302645 0.68938226 0.044552162
vn -0.5057305 0.7032265 0.49970907
vn 0.97446716 0.2037901 -0.0942517
vn -0.060849667 0.7418486 -0.6678009
vn -0.21059501 0.15550366 -0.96512604
vn 0.97446716 0.2037901 -0.0942517
vn -0.060849667 0.7418486 -0.6678009
vn 0.9853844 -0.12483964 -0.115898535
vn 0.10212323 0.3632276 -0.92608666
vn 0.8329205 -0.5055111 -0.22517097
vn -0.21059501 0.15550366 -0.96512604
vn -0.060849667 0.7418486 -0.6678009
vn -0.5057305 0.7032265 0.49970907
vn -0.72302645 0.68938226 0.044552162
vn -0.82992154 0.48776695 0.27076507
vn 0.10212323 0.3632276 -0.92608666
vn -0.88527316 0.29828396 0.35681668
vn 0.40472826 0.2812965 -0.8700961
vn -0.72302645 0.68938226 0.044552162
vn -0.1319935 0.88504875 0.44639271
vn -0.3627835 -0.4277135 0.8279185
vn -0.20446137 -0.7215072 0.66153073
vn -0.18938753 0.9772042 -0.095939904
vn 0.016410962 0.8552127 0.5180174
vn -0.085701756 -0.5605351 0.8236842
vn -0.1747165 -0.6095414 0.7732614
vn 0.8064023 0.5136676 -0.29302037
vn -0.1747165 -0.6095414 0.7732614
vn -0.085701756 -0.5605351 0.8236842
vn 0.97825897 -0.15375237 -0.1391744
vn -0.18938753 0.9772042 -0.095939904
vn 0.97825897 -0.15375237 -0.1391744
vn 0.016410962 0.8552127 0.5180174
vn 0.8064023 0.5136676 -0.29302037
vn -0.054207534 0.6042242 -0.79496825
vn 0.92974275 0.3595204 0.07952024
vn 0.09475881 0.38467976 -0.9181733
vn 0.83525133 0.4460796 0.32150954
vn 0.2557102 0.009745181 -0.96670437
vn 0.98612815 -0.05875703 0.15523854
vn -0.18938753 0.9772042 -0.095939904
vn -0.1747165 -0.6095414 0.7732614
vn -0.2891479 -0.70171434 0.6511455
vn -0.6077967 0.75540334 0.24484527
vn -0.66911656 -0.095458716 -0.73700106
vn -0.6861093 -0.33633637 -0.64508295
vn -0.2891479 -0.70171434 0.6511455
vn -0.1747165 -0.6095414 0.7732614
vn -0.18938753 0.9772042 -0.095939904
vn -0.6077967 0.75540334 0.24484527
vn -0.6861093 -0.33633637 -0.64508295
vn -0.66911656 -0.095458716 -0.73700106
vn -0.9377283 -0.21209773 -0.27510083
vn -0.66911656 -0.095458716 -0.73700106
vn -0.1747165 -0.6095414 0.7732614
vn 0.019992981 -0.594765 0.8036509
vn -0.99879944 -0.03736309 0.03167831
vn 0.21407776 -0.6477843 0.7311267
vn -0.90256774 -0.3819784 0.19865544
vn 0.35104424 -0.93472856 -0.055230916
vn 0.019992981 -0.594765 0.8036509
vn 0.92974275 0.3595204 0.07952024
vn 0.83525133 0.4460796 0.32150954
vn 0.21407776 -0.6477843 0.7311267
vn 0.09475881 0.38467976 -0.9181733
vn -0.90256774 -0.3819784 0.19865544
vn 0.045893315 0.08929181 -0.9949477
vn -0.99879944 -0.03736309 0.03167831
vn -0.9377283 -0.21209773 -0.27510083
vn -0.054207534 0.6042242 -0.79496825
vn -0.66911656 -0.095458716 -0.73700106
vn -0.18938753 0.9772042 -0.095939904
vn 0.09475881 0.38467976 -0.9181733
vn 0.045893315 0.08929181 -0.9949477
vn 0.35104424 -0.93472856 -0.055230916
vn 0.21407776 -0.6477843 0.7311267
vn 0.09475881 0.38467976 -0.9181733
vn 0.21407776 -0.6477843 0.7311267
vn 0.08192538 -0.94685984 0.31103814
vn 0.2557102 0.009745181 -0.96670437
vn 0.98612815 -0.05875703 0.15523854
vn 0.83525133 0.4460796 0.32150954
vn 0.98612815 -0.05875703 0.15523854
vn 0.08192538 -0.94685984 0.31103814
vn 0.21407776 -0.6477843 0.7311267
vn -0.1747165 -0.6095414 0.7732614
vn 0.8064023 0.5136676 -0.29302037
vn 0.92974275 0.3595204 0.07952024
vn 0.019992981 -0.594765 0.8036509
vn -0.26175454 0.6931513 0.67158455
vn -0.08524786 0.9796156 0.18189591
vn 0.6311605 0.13942608 -0.7630182
vn 0.7512823 0.003733188 -0.6599704
vn -0.9697052 0.23153397 -0.077871084
vn 0.7512823 0.003733188 -0.6599704
vn 0.6311605 0.13942608 -0.7630182
vn -0.80708915 -0.09943518 -0.58199644
vn -0.26175454 0.6931513 0.67158455
vn -0.80708915 -0.09943518 -0.58199644
vn -0.08524786 0.9796156 0.18189591
vn -0.9697052 0.23153397 -0.077871084
vn -0.5856416 -0.0055188537 0.8105513
vn -0.80133086 0.37202618 -0.46847126
vn -0.6929658 -0.24601582 0.677698
vn -0.5877327 0.6433166 -0.49062622
vn -0.7602083 -0.49476123 0.4210636
vn -0.65223634 0.07043752 -0.7547359
vn -0.26175454 0.6931513 0.67158455
vn 0.7512823 0.003733188 -0.6599704
vn 0.8461302 -0.13537437 -0.51549727
vn 0.26354426 0.7200251 0.6419566
vn 0.16812164 -0.5895869 0.79001415
vn 0.3087326 -0.67608273 0.6690265
vn 0.8461302 -0.13537437 -0.51549727
vn 0.7512823 0.003733188 -0.6599704
vn -0.26175454 0.6931513 0.67158455
vn 0.26354426 0.7200251 0.6419566
vn 0.3087326 -0.67608273 0.6690265
vn 0.16812164 -0.5895869 0.79001415
vn -0.5856416 -0.0055188537 0.8105513
vn 0.6546683 -0.37689328 0.65525633
vn -0.6929658 -0.24601582 0.677698
vn 0.8057067 0.022945702 0.59187
vn 0.9366767 -0.1811998 0.2996722
vn -0.59237766 -0.4842962 0.64385235
vn 0.09179385 -0.7687187 -0.6329657
vn 0.6546683 -0.37689328 0.65525633
vn 0.16812164 -0.5895869 0.79001415
vn 0.7512823 0.003733188 -0.6599704
vn 0.6221162 -0.00068834424 -0.78292465
vn 0.8057067 0.022945702 0.59187
vn 0.33787453 -0.12049121 -0.93344665
vn -0.6929658 -0.24601582 0.677698
vn -0.59237766 -0.4842962 0.64385235
vn 0.09179385 -0.7687187 -0.6329657
vn 0.33787453 -0.12049121 -0.93344665
vn -0.6929658 -0.24601582 0.677698
vn 0.33787453 -0.12049121 -0.93344665
vn 0.4465259 -0.54229563 -0.7117094
vn -0.7602083 -0.49476123 0.4210636
vn -0.5877327 0.6433166 -0.49062622
vn -0.65223634 0.07043752 -0.7547359
vn 0.4465259 -0.54229563 -0.7117094
vn 0.33787453 -0.12049121 -0.93344665
vn 0.6221162 -0.00068834424 -0.78292465
vn -0.80133086 0.37202618 -0.46847126
vn 0.7512823 0.003733188 -0.6599704
vn -0.9697052 0.23153397 -0.077871084
vn 0.33787453 -0.12049121 -0.93344665
vn 0.09179385 -0.7687187 -0.6329657
vn 0.9366767 -0.1811998 0.2996722
vn 0.8057067 0.022945702 0.59187
vn 0.46030977 -0.77285933 0.4368105
vn 0.4695453 -0.8666673 -0.16856778
vn -0.45523292 -0.010581493 -0.8903094
vn -0.6102862 0.014968425 -0.79203963
vn -0.7618755 0.04835722 -0.64591587
vn -0.013170686 -0.9667763 0.25528422
vn -0.63563603 0.18673311 0.74906445
vn 0.7298538 0.6219514 -0.28370726
vn -0.45523292 -0.010581493 -0.8903094
vn 0.4695453 -0.8666673 -0.16856778
vn 0.46030977 -0.77285933 0.4368105
vn 0.98023623 0.16913901 0.1026101
vn 0.442221 -0.12681198 0.88789606
vn 0.92887414 0.16060674 -0.3337637
vn 0.44795352 0.1672774 0.87826866
vn 0.8607615 -0.11086824 -0.49678743
vn 0.40533674 0.52127814 0.75098026
vn 0.7021575 0.47279343 -0.53239197
vn 0.98023623 0.16913901 0.1026101
vn -0.6102862 0.014968425 -0.79203963
vn -0.45523292 -0.010581493 -0.8903094
vn 0.7298538 0.6219514 -0.28370726
vn -0.47950244 0.09804645 0.872046
vn -0.63563603 0.18673311 0.74906445
vn -0.7618755 0.04835722 -0.64591587
vn -0.6102862 0.014968425 -0.79203963
vn -0.81721973 -0.18413115 0.5461206
vn -0.47483864 0.105793715 -0.8736911
vn -0.7843421 -0.5286801 0.3245069
vn -0.28544027 0.33799458 -0.8968185
vn 0.46030977 -0.77285933 0.4368105
vn -0.013170686 -0.9667763 0.25528422
vn -0.63563603 0.18673311 0.74906445
vn -0.47950244 0.09804645 0.872046
vn 0.442221 -0.12681198 0.88789606
vn -0.81721973 -0.18413115 0.5461206
vn 0.44795352 0.1672774 0.87826866
vn -0.7843421 -0.5286801 0.3245069
vn -0.9547027 -0.2866225 0.07993899
vn 0.25531512 0.3621976 0.8964526
vn -0.47483864 0.105793715 -0.8736911
vn 0.8607615 -0.11086824 -0.49678743
vn -0.28544027 0.33799458 -0.8968185
vn 0.92887414 0.16060674 -0.3337637
vn -0.6102862 0.014968425 -0.79203963
vn 0.98023623 0.16913901 0.1026101
vn 0.44795352 0.1672774 0.87826866
vn 0.25531512 0.3621976 0.8964526
vn -0.32743207 0.8823862 -0.33790937
vn -0.28544027 0.33799458 -0.8968185
vn 0.44795352 0.1672774 0.87826866
vn -0.28544027 0.33799458 -0.8968185
vn -0.5559145 0.5977639 -0.57761353
vn 0.40533674 0.52127814 0.75098026
vn 0.8607615 -0.11086824 -0.49678743
vn 0.7021575 0.47279343 -0.53239197
vn -0.5559145 0.5977639 -0.57761353
vn -0.28544027 0.33799458 -0.8968185
vn -0.28544027 0.33799458 -0.8968185
vn -0.32743207 0.8823862 -0.33790937
vn -0.9547027 -0.2866225 0.07993899
vn -0.7843421 -0.5286801 0.3245069
vn -0.3784853 -0.2827684 0.8813575
vn -0.7948593 0.13198307 0.5922663
vn -0.1384112 0.8712281 -0.47096062
vn -0.022948358 0.8948693 -0.4457381
vn -0.5735336 -0.81516105 -0.08106631
vn -0.022948358 0.8948693 -0.4457381
vn -0.1384112 0.8712281 -0.47096062
vn -0.397008 -0.57529134 -0.7151395
vn -0.3784853 -0.2827684 0.8813575
vn -0.397008 -0.57529134 -0.7151395
vn -0.7948593 0.13198307 0.5922663
vn -0.5735336 -0.81516105 -0.08106631
vn 0.16893876 -0.790807 0.58828896
vn -0.7828874 -0.5345191 -0.31839737
vn 0.880099 -0.20561823 0.42795658
vn 0.8221725 0.33740807 0.45846283
vn 0.9676649 -0.049410835 0.24735224
vn -0.21907565 0.2720381 0.9370172
vn -0.3784853 -0.2827684 0.8813575
vn -0.022948358 0.8948693 -0.4457381
vn 0.16884963 0.8884115 -0.42686632
vn -0.21907565 0.2720381 0.9370172
vn 0.880099 -0.20561823 0.42795658
vn 0.9676649 -0.049410835 0.24735224
vn 0.16884963 0.8884115 -0.42686632
vn -0.022948358 0.8948693 -0.4457381
vn 0.8221725 0.33740807 0.45846283
vn 0.57230145 0.55966985 0.59936696
vn 0.27933508 -0.89821804 0.3393763
vn 0.16893876 -0.790807 0.58828896
vn 0.8221725 0.33740807 0.45846283
vn 0.880099 -0.20561823 0.42795658
vn -0.022948358 0.8948693 -0.4457381
vn -0.15870321 0.8125948 -0.5608056
vn 0.27933508 -0.89821804 0.3393763
vn 0.57230145 0.55966985 0.59936696
vn 0.61227965 0.74812746 0.25577146
vn 0.51690125 -0.84195364 0.15468392
vn 0.27933508 -0.89821804 0.3393763
vn 0.51690125 -0.84195364 0.15468392
vn 0.35531852 0.06703439 -0.9323385
vn -0.19833563 0.66532147 -0.71972936
vn 0.27933508 -0.89821804 0.3393763
vn -0.19833563 0.66532147 -0.71972936
vn 0.2935695 0.5003933 -0.8145082
vn 0.4212002 -0.90591896 -0.043605417
vn -0.6270001 -0.37342072 -0.683687
vn -0.92327976 -0.31751665 -0.21618931
vn 0.27933508 -0.89821804 0.3393763
vn 0.4212002 -0.90591896 -0.043605417
vn -0.6270001 -0.37342072 -0.683687
vn -0.92327976 -0.31751665 -0.21618931
vn -0.6270001 -0.37342072 -0.683687
vn 0.2935695 0.5003933 -0.8145082
vn -0.19833563 0.66532147 -0.71972936
vn -0.15870321 0.8125948 -0.5608056
vn -0.7828874 -0.5345191 -0.31839737
vn -0.022948358 0.8948693 -0.4457381
vn -0.5735336 -0.81516105 -0.08106631
vn -0.19833563 0.66532147 -0.71972936
vn 0.35531852 0.06703439 -0.9323385
vn 0.61227965 0.74812746 0.25577146
vn 0.57230145 0.55966985 0.59936696
vn 0.57230145 0.55966985 0.59936696
vn 0.8221725 0.33740807 0.45846283
vn -0.15870321 0.8125948 -0.5608056
vn -0.19833563 0.66532147 -0.71972936
vn 0.27933508 -0.89821804 0.3393763
vn -0.92327976 -0.31751665 -0.21618931
vn -0.7828874 -0.5345191 -0.31839737
vn 0.16893876 -0.790807 0.58828896
vn -0.07109129 -0.9872283 -0.1425702
vn 0.26264915 -0.25192985 0.9314219
vn 0.630153 -0.74378526 -0.22291455
vn 0.14995569 -0.3199677 0.9354859
vn -0.732705 -0.68032783 0.017252445
vn 0.049255837 -0.24199343 0.96902686
vn -0.983664 -0.09835029 0.15077303
vn 0.067569196 -0.13513902 0.98852
vn 0.18266672 -0.05373451 0.9817053
vn -0.97184855 0.14373598 0.1866826
vn 0.14995569 -0.3199677 0.9354859
vn -0.5843968 0.78079945 0.22098136
vn 0.26264915 -0.25192985 0.9314219
vn 0.0710914 0.98722845 0.14256978
vn 0.049255837 -0.24199343 0.96902686
vn 0.6925677 0.7213417 -0.0040498376
vn 0.067569196 -0.13513902 0.98852
vn 0.9454309 0.30604365 -0.11179295
vn 0.0710914 0.98722845 0.14256978
vn -0.06308177 0.049984217 -0.9967559
vn -0.5843968 0.78079945 0.22098136
vn -0.17438972 -0.019339323 -0.9844868
vn 0.6925677 0.7213417 -0.0040498376
vn -0.27647644 0.059919596 -0.9591509
vn 0.9454309 0.30604365 -0.11179295
vn -0.2600407 0.16851601 -0.9507792
vn -0.14490426 0.24988621 -0.9573712
vn 0.98592865 0.05456689 -0.15800978
vn -0.17438972 -0.019339323 -0.9844868
vn 0.630153 -0.74378526 -0.22291455
vn -0.06308177 0.049984217 -0.9967559
vn -0.07109129 -0.9872283 -0.1425702
vn -0.27647644 0.059919596 -0.9591509
vn -0.732705 -0.68032783 0.017252445
vn -0.2600407 0.16851601 -0.9507792
vn -0.983664 -0.09835029 0.15077303
vn 0.630153 -0.74378526 -0.22291455
vn 0.26264915 -0.25192985 0.9314219
vn 0.26179412 -0.14418235 0.95429313
vn 0.9629725 -0.18898904 -0.19226862
vn -0.06308177 0.049984217 -0.9967559
vn -0.065816864 0.15947288 -0.98500586
vn 0.9859853 0.05257537 -0.1583316
vn 0.15910909 -0.052636594 0.98585695
vn 0.26264915 -0.25192985 0.9314219
vn -0.5843968 0.78079945 0.22098136
vn -0.89518195 0.39174584 0.21256602
vn 0.26179412 -0.14418235 0.95429313
vn 0.15910909 -0.052636594 0.98585695
vn -0.971506 0.14570886 0.18693645
vn -0.5843968 0.78079945 0.22098136
vn -0.06308177 0.049984217 -0.9967559
vn -0.065816864 0.15947288 -0.98500586
vn -0.89518195 0.39174584 0.21256602
vn -0.971506 0.14570886 0.18693645
vn -0.16846538 0.25098318 -0.95321923
vn -0.2600407 0.16851601 -0.9507792
vn -0.14490426 0.24988621 -0.9573712
vn -0.97184855 0.14373598 0.1866826
vn -0.983664 -0.09835029 0.15077303
vn 0.067569196 -0.13513902 0.98852
vn 0.18266672 -0.05373451 0.9817053
vn 0.98592865 0.05456689 -0.15800978
vn 0.9454309 0.30604365 -0.11179295
vn 0.9629725 -0.18898904 -0.19226862
vn 0.9859853 0.05257537 -0.1583316
vn -0.16846538 0.25098318 -0.95321923
vn -0.065816864 0.15947288 -0.98500586
vn -0.0834291 -0.9700984 -0.22792237
vn 0.2309004 -0.3461779 0.9093107
vn 0.58939785 -0.75482523 -0.28783548
vn 0.15064155 -0.3828891 0.91142905
vn -0.71853304 -0.6935716 -0.051657915
vn 0.07062429 -0.3421377 0.93699205
vn -0.9844079 -0.10673165 0.13981992
vn 0.059921496 -0.22957866 0.9714438
vn 0.18607703 -0.14156386 0.97228336
vn -0.96517557 0.16406657 0.20376049
vn 0.15064155 -0.3828891 0.91142905
vn -0.50566477 0.81325775 0.28794956
vn 0.2309004 -0.3461779 0.9093107
vn 0.07975522 0.97024924 0.22859485
vn 0.07062429 -0.3421377 0.93699205
vn 0.64364743 0.76097065 0.081496626
vn 0.059921496 -0.22957866 0.9714438
vn 0.9360368 0.3445174 -0.0717141
vn 0.07975522 0.97024924 0.22859485
vn -0.091134235 0.12570685 -0.9878727
vn -0.50566477 0.81325775 0.28794956
vn -0.171673 0.08947125 -0.9810826
vn 0.64364743 0.76097065 0.081496626
vn -0.25093633 0.13238636 -0.9589082
vn 0.9360368 0.3445174 -0.0717141
vn -0.26173514 0.24626851 -0.93319154
vn -0.13580309 0.33358246 -0.9328882
vn 0.9865967 0.061365988 -0.1511991
vn -0.171673 0.08947125 -0.9810826
vn 0.58939785 -0.75482523 -0.28783548
vn -0.091134235 0.12570685 -0.9878727
vn -0.0834291 -0.9700984 -0.22792237
vn -0.25093633 0.13238636 -0.9589082
vn -0.71853304 -0.6935716 -0.051657915
vn -0.26173514 0.24626851 -0.93319154
vn -0.9844079 -0.10673165 0.13981992
vn 0.58939785 -0.75482523 -0.28783548
vn 0.2309004 -0.3461779 0.9093107
vn 0.26046708 -0.24158095 0.93477035
vn 0.95520586 -0.20565738 -0.21280673
vn 0.98662996 0.059124038 -0.15187363
vn 0.16321911 -0.14037812 0.9765519
vn 0.2309004 -0.3461779 0.9093107
vn -0.50566477 0.81325775 0.28794956
vn -0.8614841 0.43930325 0.25467184
vn 0.26046708 -0.24158095 0.93477035
vn 0.16321911 -0.14037812 0.9765519
vn -0.9647092 0.16631259 0.20414765
vn -0.50566477 0.81325775 0.28794956
vn -0.091134235 0.12570685 -0.9878727
vn -0.061464906 0.23277053 -0.9705873
vn -0.8614841 0.43930325 0.25467184
vn -0.9647092 0.16631259 0.20414765
vn -0.15870687 0.33478415 -0.92883354
vn -0.091134235 0.12570685 -0.9878727
vn 0.58939785 -0.75482523 -0.28783548
vn 0.95520586 -0.20565738 -0.21280673
vn -0.061464906 0.23277053 -0.9705873
vn -0.15870687 0.33478415 -0.92883354
vn 0.98662996 0.059124038 -0.15187363
vn -0.26173514 0.24626851 -0.93319154
vn -0.13580309 0.33358246 -0.9328882
vn -0.96517557 0.16406657 0.20376049
vn -0.9844079 -0.10673165 0.13981992
vn 0.059921496 -0.22957866 0.9714438
vn 0.18607703 -0.14156386 0.97228336
vn 0.9865967 0.061365988 -0.1511991
vn 0.9360368 0.3445174 -0.0717141
vn -0.119049124 -0.89808303 -0.42340803
vn 0.13248593 -0.5686116 0.8118672
vn 0.21407963 -0.53531027 0.81707567
vn 0.56164914 -0.7006019 -0.44012195
vn 0.24746849 -0.4394373 0.86351275
vn 0.9476063 -0.19304201 -0.25451317
vn 0.98875123 0.052021407 -0.14023075
vn 0.15394266 -0.3454772 0.9257143
vn 0.13248593 -0.5686116 0.8118672
vn -0.4757731 0.7545457 0.4519965
vn 0.21407963 -0.53531027 0.81707567
vn 0.115380764 0.89822966 0.42411184
vn 0.053961936 -0.53104454 0.8456239
vn 0.6715579 0.7028074 0.23467353
vn 0.04737655 -0.4277299 0.9026641
vn 0.94863933 0.31634954 -0.0025490075
vn 0.115380764 0.89822966 0.42411184
vn -0.08241702 0.33075848 -0.9401096
vn -0.4757731 0.7545457 0.4519965
vn -0.16429125 0.29696566 -0.9406486
vn 0.6715579 0.7028074 0.23467353
vn -0.24196723 0.33732086 -0.9097618
vn 0.94863933 0.31634954 -0.0025490075
vn -0.24856435 0.44374102 -0.8609934
vn -0.119430915 0.5242894 -0.84312326
vn 0.9888004 0.05407373 -0.13910389
vn -0.16429125 0.29696566 -0.9406486
vn 0.56164914 -0.7006019 -0.44012195
vn -0.08241702 0.33075848 -0.9401096
vn -0.119049124 -0.89808303 -0.42340803
vn -0.24196723 0.33732086 -0.9097618
vn -0.7439664 -0.6402669 -0.19123882
vn -0.24856435 0.44374102 -0.8609934
vn -0.98827827 -0.09615336 0.11857779
vn 0.21407963 -0.53531027 0.81707567
vn -0.4757731 0.7545457 0.4519965
vn -0.84530663 0.4092631 0.34345347
vn 0.24746849 -0.4394373 0.86351275
vn 0.15394266 -0.3454772 0.9257143
vn -0.95855236 0.15672864 0.237936
vn -0.4757731 0.7545457 0.4519965
vn -0.08241702 0.33075848 -0.9401096
vn -0.048799768 0.4307308 -0.9011601
vn -0.84530663 0.4092631 0.34345347
vn -0.95855236 0.15672864 0.237936
vn -0.14228812 0.52548873 -0.8388179
vn -0.08241702 0.33075848 -0.9401096
vn 0.56164914 -0.7006019 -0.44012195
vn 0.9476063 -0.19304201 -0.25451317
vn -0.048799768 0.4307308 -0.9011601
vn -0.14228812 0.52548873 -0.8388179
vn 0.98875123 0.052021407 -0.14023075
vn -0.24856435 0.44374102 -0.8609934
vn -0.119430915 0.5242894 -0.84312326
vn -0.9591009 0.15462841 0.237098
vn -0.98827827 -0.09615336 0.11857779
vn 0.04737655 -0.4277299 0.9026641
vn 0.17675659 -0.34661555 0.9212029
vn 0.9888004 0.05407373 -0.13910389
vn 0.94863933 0.31634954 -0.0025490075
vn -0.98827827 -0.09615336 0.11857779
vn -0.9591009 0.15462841 0.237098
vn 0.17675659 -0.34661555 0.9212029
vn 0.04737655 -0.4277299 0.9026641
vn 0.053961936 -0.53104454 0.8456239
vn -0.7439664 -0.6402669 -0.19123882
vn 0.13248593 -0.5686116 0.8118672
vn -0.119049124 -0.89808303 -0.42340803
vn -0.1466225 -0.8050887 -0.57474697
vn 0.111825205 -0.7067772 0.6985422
vn 0.19443159 -0.67755365 0.7093078
vn 0.54011333 -0.6297244 -0.5583234
vn 0.23074979 -0.5924905 0.77182233
vn 0.94164187 -0.17549488 -0.28724945
vn 0.9903097 0.044136442 -0.13167661
vn 0.14011183 -0.50801104 0.84987855
vn 0.111825205 -0.7067772 0.6985422
vn 0.14295867 0.80522674 0.57547617
vn -0.4525833 0.67794335 0.57927656
vn 0.19443159 -0.67755365 0.7093078
vn -0.83270466 0.36925274 0.41262013
vn 0.23074979 -0.5924905 0.77182233
vn 0.14011183 -0.50801104 0.84987855
vn -0.95370114 0.14304334 0.26456136
vn 0.14295867 0.80522674 0.57547617
vn -0.069055475 0.4937705 -0.86684597
vn -0.4525833 0.67794335 0.57927656
vn -0.15197104 0.4632495 -0.87310064
vn 0.6931121 0.62849313 0.35297596
vn -0.22839855 0.50000256 -0.83536303
vn 0.95831496 0.28120482 0.05055832
vn -0.23171492 0.5963156 -0.7685803
vn -0.10011226 0.6682623 -0.7371587
vn 0.9904217 0.04595462 -0.13020436
vn -0.15197104 0.4632495 -0.87310064
vn 0.54011333 -0.6297244 -0.5583234
vn -0.069055475 0.4937705 -0.86684597
vn -0.1466225 -0.8050887 -0.57474697
vn -0.22839855 0.50000256 -0.83536303
vn -0.7635986 -0.57229495 -0.2989911
vn -0.4525833 0.67794335 0.57927656
vn -0.069055475 0.4937705 -0.86684597
vn -0.03235641 0.5841791 -0.81097955
vn -0.83270466 0.36925274 0.41262013
vn -0.95370114 0.14304334 0.26456136
vn -0.12293194 0.6694176 -0.7326444
vn -0.069055475 0.4937705 -0.86684597
vn 0.54011333 -0.6297244 -0.5583234
vn 0.94164187 -0.17549488 -0.28724945
vn -0.03235641 0.5841791 -0.81097955
vn -0.12293194 0.6694176 -0.7326444
vn 0.9903097 0.044136442 -0.13167661
vn -0.23171492 0.5963156 -0.7685803
vn -0.10011226 0.6682623 -0.7371587
vn -0.95431435 0.141142 0.2633684
vn -0.99119264 -0.08375124 0.102580905
vn -0.7635986 -0.57229495 -0.2989911
vn -0.22839855 0.50000256 -0.83536303
vn 0.031024626 -0.58144605 0.81299317
vn 0.16289008 -0.50906825 0.8451724
vn 0.9904217 0.04595462 -0.13020436
vn 0.95831496 0.28120482 0.05055832
vn -0.99119264 -0.08375124 0.102580905
vn -0.95431435 0.141142 0.2633684
vn 0.16289008 -0.50906825 0.8451724
vn 0.031024626 -0.58144605 0.81299317
vn 0.034451794 -0.67324597 0.7386155
vn -0.7635986 -0.57229495 -0.2989911
vn 0.111825205 -0.7067772 0.6985422
vn -0.1466225 -0.8050887 -0.57474697
vn 0.031024626 -0.58144605 0.81299317
vn 0.95831496 0.28120482 0.05055832
vn 0.6931121 0.62849313 0.35297596
vn 0.034451794 -0.67324597 0.7386155
vn 0.14295867 0.80522674 0.57547617
vn 0.111825205 -0.7067772 0.6985422
vn -0.17545578 -0.6571884 -0.73302025
vn 0.1648719 -0.8206352 0.5471518
vn 0.5175172 -0.516299 -0.6823572
vn 0.08123549 -0.8436372 0.5307325
vn -0.7840514 -0.4648938 -0.41126287
vn 0.005058974 -0.8164633 0.5773752
vn -0.20519996 0.67561567 -0.7081218
vn -0.13010354 0.64483416 -0.753168
vn 0.17179736 0.65730953 0.7337779
vn -0.13010354 0.64483416 -0.753168
vn -0.046088293 0.6700555 -0.74087876
vn -0.42826387 0.555471 0.71277064
vn -0.13010354 0.64483416 -0.753168
vn -0.17545578 -0.6571884 -0.73302025
vn 0.5175172 -0.516299 -0.6823572
vn -0.046088293 0.6700555 -0.74087876
vn 0.9352937 -0.14656341 -0.32209444
vn -0.0061298646 0.7449224 -0.667123
vn -0.09364283 0.81489813 -0.5719896
vn 0.99182576 0.03264472 -0.1233526
vn 0.5175172 -0.516299 -0.6823572
vn 0.1648719 -0.8206352 0.5471518
vn 0.2042124 -0.75239307 0.6262603
vn 0.9352937 -0.14656341 -0.32209444
vn 0.99182576 0.03264472 -0.1233526
vn 0.11660796 -0.6830961 0.7209592
vn -0.42826387 0.555471 0.71277064
vn -0.046088293 0.6700555 -0.74087876
vn -0.0061298646 0.7449224 -0.667123
vn -0.8194192 0.30462608 0.48554617
vn -0.94851285 0.12021247 0.2930398
vn -0.09364283 0.81489813 -0.5719896
vn -0.20504232 0.7554709 -0.622271
vn -0.070870206 0.8138466 -0.5767419
vn -0.949194 0.11863109 0.29147455
vn -0.994129 -0.065053836 0.086461335
vn -0.7840514 -0.4648938 -0.41126287
vn -0.20519996 0.67561567 -0.7081218
vn 0.0048981514 -0.7426336 0.66968
vn 0.13934648 -0.68400955 0.71604013
vn 0.99200267 0.034097075 -0.121524215
vn 0.9683245 0.22631145 0.10550344
vn 0.7155811 0.5109485 0.47631422
vn 0.005058974 -0.8164633 0.5773752
vn -0.994129 -0.065053836 0.086461335
vn -0.949194 0.11863109 0.29147455
vn 0.13934648 -0.68400955 0.71604013
vn 0.0048981514 -0.7426336 0.66968
vn 0.005058974 -0.8164633 0.5773752
vn -0.7840514 -0.4648938 -0.41126287
vn 0.9683245 0.22631145 0.10550344
vn 0.99200267 0.034097075 -0.121524215
vn -0.070870206 0.8138466 -0.5767419
vn -0.20504232 0.7554709 -0.622271
vn -0.20519996 0.67561567 -0.7081218
vn 0.7155811 0.5109485 0.47631422
vn -0.13010354 0.64483416 -0.753168
vn 0.17179736 0.65730953 0.7337779
vn -0.8194192 0.30462608 0.48554617
vn -0.94851285 0.12021247 0.2930398
vn 0.11660796 -0.6830961 0.7209592
vn 0.2042124 -0.75239307 0.6262603
vn 0.1648719 -0.8206352 0.5471518
vn -0.42826387 0.555471 0.71277064
vn 0.08123549 -0.8436372 0.5307325
vn 0.17179736 0.65730953 0.7337779
vn 0.005058974 -0.8164633 0.5773752
vn 0.7155811 0.5109485 0.47631422
vn -0.037834022 -0.6458721 0.76250756
vn -0.9847622 -0.026704447 0.17184433
vn -0.98356575 0.05664292 0.17143509
vn -0.0016767848 -0.32590824 0.9453999
vn -0.98223567 0.14991924 0.11285973
vn 0.059753336 0.31886545 0.9459145
vn -0.9847622 -0.026704447 0.17184433
vn 0.037833996 0.64587206 -0.76250774
vn 0.007539722 0.38070822 -0.9246645
vn -0.98356575 0.05664292 0.17143509
vn 0.037833996 0.64587206 -0.76250774
vn 0.9707228 -0.21296325 0.11110383
vn 0.985245 -0.1308847 0.11027987
vn 0.007539722 0.38070822 -0.9246645
vn 0.997931 -0.03868994 0.05135149
vn -0.04134 -0.11016324 -0.9930533
vn 0.9707228 -0.21296325 0.11110383
vn -0.037834022 -0.6458721 0.76250756
vn -0.0016767848 -0.32590824 0.9453999
vn 0.985245 -0.1308847 0.11027987
vn -0.98356575 0.05664292 0.17143509
vn 0.007539722 0.38070822 -0.9246645
vn -0.04134 -0.11016324 -0.9930533
vn -0.98223567 0.14991924 0.11285973
vn -0.9837988 0.17744376 -0.025566498
vn -0.063240096 -0.36044416 -0.9306346
vn 0.985245 -0.1308847 0.11027987
vn -0.0016767848 -0.32590824 0.9453999
vn 0.059753336 0.31886545 0.9459145
vn 0.997931 -0.03868994 0.05135149
vn 0.9961402 -0.011143528 -0.08706711
vn 0.077363096 0.5386194 0.83898985
vn 0.997931 -0.03868994 0.05135149
vn 0.9961402 -0.011143528 -0.08706711
vn -0.063240096 -0.36044416 -0.9306346
vn -0.04134 -0.11016324 -0.9930533
vn -0.98223567 0.14991924 0.11285973
vn -0.9837988 0.17744376 -0.025566498
vn 0.077363096 0.5386194 0.83898985
vn 0.059753336 0.31886545 0.9459145
vn 0.37626338 -0.6368749 0.6729161
vn -0.8305842 -0.23012796 0.5071202
vn -0.8364898 -0.15684468 0.52505666
vn 0.412463 -0.317173 0.85397625
vn -0.87721837 -0.057832725 0.47659558
vn 0.34039664 0.3226379 0.8831959
vn 0.272193 0.5441545 0.79360384
vn -0.9361838 -0.03525893 0.34973797
vn -0.8305842 -0.23012796 0.5071202
vn -0.37612855 0.6374737 -0.67242444
vn -0.4105065 0.37058702 -0.8331564
vn -0.8364898 -0.15684468 0.52505666
vn -0.38089162 -0.1248436 -0.9161526
vn -0.87721837 -0.057832725 0.47659558
vn -0.37612855 0.6374737 -0.67242444
vn 0.9626165 0.0073779076 -0.2707675
vn 0.96331275 0.081535965 -0.25569618
vn -0.4105065 0.37058702 -0.8331564
vn 0.93351877 0.18199617 -0.3089012
vn -0.38089162 -0.1248436 -0.9161526
vn 0.9626165 0.0073779076 -0.2707675
vn 0.37626338 -0.6368749 0.6729161
vn 0.412463 -0.317173 0.85397625
vn 0.96331275 0.081535965 -0.25569618
vn 0.96331275 0.081535965 -0.25569618
vn 0.412463 -0.317173 0.85397625
vn 0.34039664 0.3226379 0.8831959
vn 0.93351877 0.18199617 -0.3089012
vn 0.87612104 0.2047779 -0.4364379
vn 0.272193 0.5441545 0.79360384
vn 0.93351877 0.18199617 -0.3089012
vn 0.87612104 0.2047779 -0.4364379
vn -0.32849902 -0.368335 -0.8697227
vn -0.38089162 -0.1248436 -0.9161526
vn -0.9361838 -0.03525893 0.34973797
vn -0.87721837 -0.057832725 0.47659558
vn 0.1368763 -0.5373925 0.83215034
vn -0.9460569 -0.08162859 0.3135493
vn -0.94794846 -0.0061281994 0.31836498
vn 0.1644874 -0.19480142 0.96695197
vn -0.965173 0.08575955 0.24715663
vn 0.1579023 0.44405776 0.8819748
vn -0.9460569 -0.08162859 0.3135493
vn -0.13679574 0.53805524 -0.83173513
vn -0.16162603 0.25071594 -0.9544729
vn -0.94794846 -0.0061281994 0.31836498
vn -0.13679574 0.53805524 -0.83173513
vn 0.994115 -0.10618746 -0.021438936
vn 0.9993667 -0.030777238 -0.017857805
vn -0.16162603 0.25071594 -0.9544729
vn 0.9939733 0.060960352 -0.091109455
vn -0.16773424 -0.25245196 -0.9529604
vn 0.994115 -0.10618746 -0.021438936
vn 0.1368763 -0.5373925 0.83215034
vn 0.1644874 -0.19480142 0.96695197
vn 0.9993667 -0.030777238 -0.017857805
vn -0.94794846 -0.0061281994 0.31836498
vn -0.16162603 0.25071594 -0.9544729
vn -0.16773424 -0.25245196 -0.9529604
vn -0.965173 0.08575955 0.24715663
vn -0.99006003 0.09041413 0.107733645
vn -0.15454265 -0.48750302 -0.8593354
vn 0.9993667 -0.030777238 -0.017857805
vn 0.1644874 -0.19480142 0.96695197
vn 0.1579023 0.44405776 0.8819748
vn 0.9939733 0.060960352 -0.091109455
vn 0.9707819 0.0655937 -0.23082411
vn 0.13711323 0.65124935 0.74637413
vn 0.9939733 0.060960352 -0.091109455
vn 0.9707819 0.0655937 -0.23082411
vn -0.15454265 -0.48750302 -0.8593354
vn -0.16773424 -0.25245196 -0.9529604
vn -0.965173 0.08575955 0.24715663
vn -0.99006003 0.09041413 0.107733645
vn 0.13711323 0.65124935 0.74637413
vn 0.1579023 0.44405776 0.8819748
vn -0.02642119 0.99911165 -0.03282845
vn -0.74267894 -0.17176184 -0.64724475
vn 0.070925705 0.9901059 -0.1210776
vn -0.13162029 -0.20733273 -0.96937567
vn -0.14382489 0.98541796 -0.09091684
vn 0.54240847 -0.14370936 -0.8277322
vn -0.14888594 0.9684917 -0.19964132
vn 0.8796447 -0.053055003 -0.47266313
vn 0.9715922 0.00047194958 -0.23666093
vn -0.05082452 0.9526149 -0.29990286
vn 0.07165867 -0.9278521 0.36599916
vn 0.7806973 0.1645132 0.60286593
vn 0.16942501 -0.94509315 0.27945316
vn 0.13162091 0.20733306 0.9693755
vn -0.045326445 -0.94978106 0.30961478
vn -0.5908298 0.13457277 0.7954938
vn -0.049819455 -0.97786915 0.20319924
vn -0.9603552 0.008790489 0.27864096
vn -0.99823034 -0.042118464 0.04197984
vn 0.04823129 -0.9935226 0.1028907
vn 0.7806973 0.1645132 0.60286593
vn 0.046574682 0.97275865 -0.22709343
vn 0.9986639 0.0515559 0.0035016611
vn 0.070925705 0.9901059 -0.1210776
vn 0.13162091 0.20733306 0.9693755
vn -0.02642119 0.99911165 -0.03282845
vn -0.5908298 0.13457277 0.7954938
vn -0.14382489 0.98541796 -0.09091684
vn 0.070925705 0.9901059 -0.1210776
vn -0.74267894 -0.17176184 -0.64724475
vn -0.9726765 -0.093490854 -0.21250872
vn 0.046574682 0.97275865 -0.22709343
vn -0.074527994 0.9520973 -0.29657403
vn -0.99829406 -0.04253003 0.040005066
vn -0.74267894 -0.17176184 -0.64724475
vn 0.14564255 -0.9736022 0.17574748
vn -0.9726765 -0.093490854 -0.21250872
vn 0.16942501 -0.94509315 0.27945316
vn -0.13162029 -0.20733273 -0.96937567
vn 0.07165867 -0.9278521 0.36599916
vn 0.54240847 -0.14370936 -0.8277322
vn -0.045326445 -0.94978106 0.30961478
vn 0.16942501 -0.94509315 0.27945316
vn 0.7806973 0.1645132 0.60286593
vn 0.9986639 0.0515559 0.0035016611
vn 0.14564255 -0.9736022 0.17574748
vn 0.024528518 -0.99403995 0.1062209
vn 0.9720573 0.0008939747 -0.23474222
vn 0.14564255 -0.9736022 0.17574748
vn 0.024528518 -0.99403995 0.1062209
vn -0.99829406 -0.04253003 0.040005066
vn -0.9726765 -0.093490854 -0.21250872
vn 0.046574682 0.97275865 -0.22709343
vn -0.074527994 0.9520973 -0.29657403
vn 0.9720573 0.0008939747 -0.23474222
vn 0.9986639 0.0515559 0.0035016611
vn -0.9603552 0.008790489 0.27864096
vn -0.99823034 -0.042118464 0.04197984
vn -0.05082452 0.9526149 -0.29990286
vn -0.14888594 0.9684917 -0.19964132
vn -0.14382489 0.98541796 -0.09091684
vn -0.5908298 0.13457277 0.7954938
vn 0.8796447 -0.053055003 -0.47266313
vn 0.9715922 0.00047194958 -0.23666093
vn 0.04823129 -0.9935226 0.1028907
vn -0.049819455 -0.97786915 0.20319924
vn -0.045326445 -0.94978106 0.30961478
vn 0.54240847 -0.14370936 -0.8277322
vn -0.009466395 0.99943113 0.032369137
vn -0.68881863 -0.108496815 -0.71676874
vn 0.06164678 0.9978992 -0.01992035
vn -0.14103936 -0.12073237 -0.98261476
vn -0.09893992 0.995075 0.006056249
vn 0.46853444 -0.08728713 -0.8791225
vn -0.13628194 0.9850218 -0.1056374
vn 0.854632 -0.031420708 -0.5182826
vn 0.96946365 0.004433781 -0.24519527
vn -0.030580796 0.97569144 -0.21700504
vn 0.055196755 -0.9628837 0.26421267
vn 0.75907904 0.101891816 0.6429753
vn 0.12777384 -0.96849656 0.21374801
vn 0.13733949 0.12068245 0.9831447
vn -0.03310916 -0.9709979 0.23678428
vn -0.55859023 0.07826564 0.82574296
vn -0.06868021 -0.9895712 0.12661707
vn -0.95704395 0.0015671849 0.2899389
vn 0.75907904 0.101891816 0.6429753
vn 0.066302985 0.9891473 -0.13111663
vn 0.99893785 0.03727913 0.027082823
vn 0.06164678 0.9978992 -0.01992035
vn 0.13733949 0.12068245 0.9831447
vn -0.009466395 0.99943113 0.032369137
vn -0.55859023 0.07826564 0.82574296
vn -0.09893992 0.995075 0.006056249
vn 0.06164678 0.9978992 -0.01992035
vn -0.68881863 -0.108496815 -0.71676874
vn -0.95848113 -0.06599593 -0.27741385
vn 0.066302985 0.9891473 -0.13111663
vn -0.05366169 0.9753674 -0.21396032
vn -0.99936044 -0.032872625 0.014071621
vn 0.12777384 -0.96849656 0.21374801
vn 0.75907904 0.101891816 0.6429753
vn 0.99893785 0.03727913 0.027082823
vn 0.13406709 -0.98562545 0.10280335
vn 0.013977848 -0.99971753 0.019221097
vn 0.9700327 0.004615126 -0.24293041
vn -0.06868021 -0.9895712 0.12661707
vn 0.037051074 -0.9991834 0.01611492
vn -0.9993375 -0.03250681 0.016369622
vn -0.95704395 0.0015671849 0.2899389
vn 0.13406709 -0.98562545 0.10280335
vn 0.013977848 -0.99971753 0.019221097
vn -0.99936044 -0.032872625 0.014071621
vn -0.95848113 -0.06599593 -0.27741385
vn -0.68881863 -0.108496815 -0.71676874
vn 0.12777384 -0.96849656 0.21374801
vn -0.14103936 -0.12073237 -0.98261476
vn 0.055196755 -0.9628837 0.26421267
vn 0.46853444 -0.08728713 -0.8791225
vn -0.03310916 -0.9709979 0.23678428
vn 0.066302985 0.9891473 -0.13111663
vn -0.05366169 0.9753674 -0.21396032
vn 0.9700327 0.004615126 -0.24293041
vn 0.99893785 0.03727913 0.027082823
vn -0.95704395 0.0015671849 0.2899389
vn -0.9993375 -0.03250681 0.016369622
vn -0.030580796 0.97569144 -0.21700504
vn -0.13628194 0.9850218 -0.1056374
vn -0.09893992 0.995075 0.006056249
vn -0.55859023 0.07826564 0.82574296
vn 0.854632 -0.031420708 -0.5182826
vn 0.96946365 0.004433781 -0.24519527
vn 0.037051074 -0.9991834 0.01611492
vn -0.06868021 -0.9895712 0.12661707
vn -0.03310916 -0.9709979 0.23678428
vn 0.46853444 -0.08728713 -0.8791225
vn 0.028100874 0.9707298 0.2385247
vn -0.68957675 0.06823343 -0.72099113
vn 0.09931183 0.977371 0.18677083
vn -0.14160061 0.090626776 -0.9857667
vn -0.06136799 0.9752905 0.21223214
vn 0.46838704 0.0789192 -0.87999165
vn -0.09862049 0.9899839 0.101024
vn 0.854885 0.044303827 -0.5169225
vn 0.9699047 0.018514235 -0.24277976
vn 0.00709302 0.99992204 -0.010278821
vn 0.017800972 -0.99809813 0.059018046
vn 0.75982964 -0.062069535 0.6471524
vn 0.0903139 -0.99587965 0.008199185
vn 0.13789925 -0.09064549 0.98628956
vn -0.07063898 -0.9970248 0.030851841
vn -0.55850685 -0.073295355 0.82625526
vn -0.10644825 -0.9910434 -0.08063343
vn -0.9574447 -0.022374727 0.28774783
vn 0.75982964 -0.062069535 0.6471524
vn 0.10407442 0.9916498 0.0761531
vn 0.99951804 -0.0068301335 0.030282408
vn 0.09931183 0.977371 0.18677083
vn 0.13789925 -0.09064549 0.98628956
vn 0.028100874 0.9707298 0.2385247
vn -0.55850685 -0.073295355 0.82625526
vn -0.06136799 0.9752905 0.21223214
vn 0.09931183 0.977371 0.18677083
vn -0.68957675 0.06823343 -0.72099113
vn -0.95918226 0.029034913 -0.28129444
vn 0.10407442 0.9916498 0.0761531
vn -0.015995778 0.9998456 -0.0072766244
vn -0.99993724 0.00263758 0.010894433
vn 0.0903139 -0.99587965 0.008199185
vn 0.75982964 -0.062069535 0.6471524
vn 0.99951804 -0.0068301335 0.030282408
vn 0.096396506 -0.98990405 -0.10391238
vn -0.023805529 -0.981856 -0.18812868
vn 0.9704711 0.018201148 -0.24052954
vn -0.10644825 -0.9910434 -0.08063343
vn -0.0007164255 -0.981561 -0.19114792
vn -0.9999094 0.0025192127 0.013218217
vn -0.9574447 -0.022374727 0.28774783
vn 0.096396506 -0.98990405 -0.10391238
vn -0.023805529 -0.981856 -0.18812868
vn -0.99993724 0.00263758 0.010894433
vn -0.95918226 0.029034913 -0.28129444
vn -0.68957675 0.06823343 -0.72099113
vn 0.0903139 -0.99587965 0.008199185
vn -0.14160061 0.090626776 -0.9857667
vn 0.017800972 -0.99809813 0.059018046
vn 0.46838704 0.0789192 -0.87999165
vn -0.07063898 -0.9970248 0.030851841
vn 0.10407442 0.9916498 0.0761531
vn -0.015995778 0.9998456 -0.0072766244
vn 0.9704711 0.018201148 -0.24052954
vn 0.99951804 -0.0068301335 0.030282408
vn -0.9574447 -0.022374727 0.28774783
vn -0.9999094 0.0025192127 0.013218217
vn 0.00709302 0.99992204 -0.010278821
vn -0.09862049 0.9899839 0.101024
vn -0.06136799 0.9752905 0.21223214
vn -0.55850685 -0.073295355 0.82625526
vn 0.854885 0.044303827 -0.5169225
vn 0.9699047 0.018514235 -0.24277976
vn -0.0007164255 -0.981561 -0.19114792
vn -0.10644825 -0.9910434 -0.08063343
vn -0.07063898 -0.9970248 0.030851841
vn 0.46838704 0.0789192 -0.87999165
vn 0.058584414 0.9120718 0.40582365
vn -0.68496025 0.21637318 -0.6957097
vn 0.13012001 0.92544085 0.3558483
vn -0.13579093 0.2674742 -0.9539488
vn -0.030616283 0.9240672 0.3810019
vn 0.4732 0.2177154 -0.8536285
vn -0.06705919 0.95932275 0.2742315
vn 0.8573445 0.10724561 -0.503447
vn -0.014438964 -0.9929209 -0.11789629
vn 0.755586 -0.19955046 0.6239145
vn 0.058253475 -0.9841095 -0.16773462
vn 0.13208923 -0.26746583 0.9544707
vn -0.102717236 -0.9840589 -0.1451802
vn -0.5629389 -0.19981539 0.8019809
vn -0.13799608 -0.95737207 -0.25376362
vn -0.95849 -0.041978322 0.28201908
vn 0.13012001 0.92544085 0.3558483
vn -0.68496025 0.21637318 -0.6957097
vn -0.9569445 0.10896296 -0.26904327
vn 0.13565591 0.95883465 0.24946694
vn 0.01615034 0.9854615 0.16912985
vn -0.99936354 0.0327969 0.014031587
vn 0.058253475 -0.9841095 -0.16773462
vn 0.755586 -0.19955046 0.6239145
vn 0.9986919 -0.044166345 0.025762308
vn 0.06484583 -0.9586639 -0.27705377
vn -0.054794047 -0.9320393 -0.35819054
vn 0.97124016 0.029129911 -0.23631287
vn -0.13799608 -0.95737207 -0.25376362
vn -0.031698465 -0.9319587 -0.36117628
vn -0.99934614 0.03227192 0.016299235
vn -0.95849 -0.041978322 0.28201908
vn 0.06484583 -0.9586639 -0.27705377
vn -0.054794047 -0.9320393 -0.35819054
vn -0.99936354 0.0327969 0.014031587
vn -0.9569445 0.10896296 -0.26904327
vn -0.68496025 0.21637318 -0.6957097
vn 0.058253475 -0.9841095 -0.16773462
vn -0.13579093 0.2674742 -0.9539488
vn -0.014438964 -0.9929209 -0.11789629
vn 0.4732 0.2177154 -0.8536285
vn -0.102717236 -0.9840589 -0.1451802
vn -0.06705919 0.95932275 0.2742315
vn 0.039236933 0.9853241 0.16612351
vn 0.9706905 0.029856669 -0.23847105
vn 0.8573445 0.10724561 -0.503447
vn 0.13565591 0.95883465 0.24946694
vn 0.01615034 0.9854615 0.16912985
vn 0.97124016 0.029129911 -0.23631287
vn 0.9986919 -0.044166345 0.025762308
vn 0.755586 -0.19955046 0.6239145
vn 0.13012001 0.92544085 0.3558483
vn 0.13208923 -0.26746583 0.9544707
vn 0.058584414 0.9120718 0.40582365
vn -0.5629389 -0.19981539 0.8019809
vn -0.030616283 0.9240672 0.3810019
vn -0.95849 -0.041978322 0.28201908
vn -0.99934614 0.03227192 0.016299235
vn 0.039236933 0.9853241 0.16612351
vn -0.06705919 0.95932275 0.2742315
vn -0.030616283 0.9240672 0.3810019
vn -0.5629389 -0.19981539 0.8019809
vn 0.8573445 0.10724561 -0.503447
vn 0.9706905 0.029856669 -0.23847105
vn -0.031698465 -0.9319587 -0.36117628
vn -0.13799608 -0.95737207 -0.25376362
vn -0.102717236 -0.9840589 -0.1451802
vn 0.4732 0.2177154 -0.8536285
vn -0.17574693 0.6985296 -0.6936637
vn -0.17740156 -0.5566301 -0.8115982
vn -0.0037011653 -0.6505243 -0.75947654
vn 0.597062 0.49171075 -0.6338276
vn 0.09712787 0.84333193 0.5285427
vn 0.2711115 0.75812 0.59308743
vn -0.17740156 -0.5566301 -0.8115982
vn 0.18258695 -0.6982757 0.69215107
vn -0.6002834 -0.49038088 0.63181204
vn -0.0037011653 -0.6505243 -0.75947654
vn -0.8882792 -0.21732622 0.4046348
vn -0.042415876 -0.7288706 -0.6833364
vn -0.14047499 -0.78152823 -0.6078491
vn -0.96036464 -0.07331131 0.26893327
vn 0.18258695 -0.6982757 0.69215107
vn 0.09712787 0.84333193 0.5285427
vn 0.2711115 0.75812 0.59308743
vn -0.6002834 -0.49038088 0.63181204
vn 0.23202944 0.6937896 0.68177605
vn -0.8882792 -0.21732622 0.4046348
vn 0.597062 0.49171075 -0.6338276
vn -0.0037011653 -0.6505243 -0.75947654
vn -0.042415876 -0.7288706 -0.6833364
vn 0.9484943 0.103851244 -0.29928827
vn 0.9868775 -0.040053003 -0.1564246
vn -0.14047499 -0.78152823 -0.6078491
vn 0.2711115 0.75812 0.59308743
vn 0.597062 0.49171075 -0.6338276
vn 0.9484943 0.103851244 -0.29928827
vn 0.23202944 0.6937896 0.68177605
vn 0.13354395 0.6411991 0.7556653
vn 0.9868775 -0.040053003 -0.1564246
vn 0.052834924 0.69416887 0.7178705
vn 0.15684912 0.64177346 0.7506831
vn -0.96074057 -0.07207384 0.26792333
vn -0.9894851 0.068987675 0.1271214
vn -0.83135813 0.4597733 -0.31217325
vn -0.017918445 0.75225604 0.65862715
vn -0.17574693 0.6985296 -0.6936637
vn 0.09712787 0.84333193 0.5285427
vn 0.23202944 0.6937896 0.68177605
vn 0.13354395 0.6411991 0.7556653
vn -0.96036464 -0.07331131 0.26893327
vn -0.8882792 -0.21732622 0.4046348
vn -0.22113219 -0.7307009 -0.64589214
vn -0.11722398 -0.78128195 -0.61307174
vn 0.9870341 -0.041078832 -0.1551649
vn 0.9826992 -0.18517622 -0.003472317
vn 0.8335716 -0.45707816 0.31022227
vn -0.29179814 -0.6608912 -0.69143105
vn 0.18258695 -0.6982757 0.69215107
vn -0.17740156 -0.5566301 -0.8115982
vn -0.9894851 0.068987675 0.1271214
vn -0.96074057 -0.07207384 0.26792333
vn -0.11722398 -0.78128195 -0.61307174
vn -0.22113219 -0.7307009 -0.64589214
vn -0.29179814 -0.6608912 -0.69143105
vn -0.83135813 0.4597733 -0.31217325
vn -0.17740156 -0.5566301 -0.8115982
vn -0.17574693 0.6985296 -0.6936637
vn 0.9826992 -0.18517622 -0.003472317
vn 0.9870341 -0.041078832 -0.1551649
vn 0.15684912 0.64177346 0.7506831
vn 0.052834924 0.69416887 0.7178705
vn -0.017918445 0.75225604 0.65862715
vn 0.8335716 -0.45707816 0.31022227
vn 0.09712787 0.84333193 0.5285427
vn 0.18258695 -0.6982757 0.69215107
vn -0.16147597 0.7586395 -0.63118273
vn -0.17746425 -0.5019371 -0.84650195
vn -0.04304728 -0.57171136 -0.81932473
vn 0.5747444 0.5556296 -0.60078657
vn 0.116317794 0.77827716 0.6170534
vn 0.2517754 0.71465355 0.6525945
vn -0.17746425 -0.5019371 -0.84650195
vn 0.16346365 -0.75857174 0.6307523
vn -0.54342616 -0.57523894 0.6113821
vn -0.04304728 -0.57171136 -0.81932473
vn -0.8689387 -0.2735024 0.4124826
vn -0.05051401 -0.6585429 -0.750846
vn -0.14630924 -0.72377133 -0.67435056
vn -0.95705175 -0.09490723 0.27394274
vn 0.16346365 -0.75857174 0.6307523
vn 0.116317794 0.77827716 0.6170534
vn 0.2517754 0.71465355 0.6525945
vn -0.54342616 -0.57523894 0.6113821
vn 0.2454507 0.6367256 0.7309818
vn -0.8689387 -0.2735024 0.4124826
vn 0.5747444 0.5556296 -0.60078657
vn -0.04304728 -0.57171136 -0.81932473
vn -0.05051401 -0.6585429 -0.750846
vn 0.94485945 0.12854177 -0.30119368
vn 0.98669124 -0.047451813 -0.15552695
vn -0.14630924 -0.72377133 -0.67435056
vn 0.2517754 0.71465355 0.6525945
vn 0.5747444 0.5556296 -0.60078657
vn 0.94485945 0.12854177 -0.30119368
vn 0.2454507 0.6367256 0.7309818
vn 0.14951186 0.5714785 0.80688214
vn 0.98669124 -0.047451813 -0.15552695
vn 0.056523826 0.63338715 0.771768
vn 0.17299776 0.57209015 0.8017385
vn -0.9575121 -0.093450405 0.27283236
vn -0.98864347 0.08147411 0.12627779
vn -0.8018241 0.51996106 -0.29448056
vn 0.015018292 0.70852876 0.70552206
vn -0.16147597 0.7586395 -0.63118273
vn 0.116317794 0.77827716 0.6170534
vn 0.2454507 0.6367256 0.7309818
vn 0.14951186 0.5714785 0.80688214
vn -0.95705175 -0.09490723 0.27394274
vn -0.8689387 -0.2735024 0.4124826
vn -0.23930365 -0.6626155 -0.70970035
vn -0.12284283 -0.7232506 -0.679572
vn 0.9868217 -0.04884382 -0.15426308
vn 0.9733339 -0.22930369 0.006391313
vn 0.77936256 -0.5403825 0.31714478
vn -0.2795479 -0.5792218 -0.76573837
vn 0.16346365 -0.75857174 0.6307523
vn -0.17746425 -0.5019371 -0.84650195
vn -0.98864347 0.08147411 0.12627779
vn -0.9575121 -0.093450405 0.27283236
vn -0.12284283 -0.7232506 -0.679572
vn -0.23930365 -0.6626155 -0.70970035
vn -0.2795479 -0.5792218 -0.76573837
vn -0.8018241 0.51996106 -0.29448056
vn -0.17746425 -0.5019371 -0.84650195
vn -0.16147597 0.7586395 -0.63118273
vn 0.9733339 -0.22930369 0.006391313
vn 0.9868217 -0.04884382 -0.15426308
vn 0.17299776 0.57209015 0.8017385
vn 0.056523826 0.63338715 0.771768
vn 0.015018292 0.70852876 0.70552206
vn 0.77936256 -0.5403825 0.31714478
vn 0.116317794 0.77827716 0.6170534
vn 0.16346365 -0.75857174 0.6307523
vn -0.13025315 0.87837106 -0.4598895
vn -0.19291328 -0.30884182 -0.9313437
vn -0.06133177 -0.3877485 -0.91972256
vn 0.597662 0.64584863 -0.4750575
vn -0.07233921 -0.48652655 -0.8706658
vn 0.9502198 0.15236008 -0.27178833
vn 0.07731411 0.45737776 0.8859053
vn 0.1912761 0.38685784 0.9020834
vn -0.9614275 -0.111707434 0.25135335
vn -0.9853598 0.09080461 0.14429337
vn 0.26639128 0.46195656 0.84595037
vn 0.1677618 0.3860809 0.90708184
vn -0.9610265 -0.11337775 0.2521382
vn -0.8802606 -0.31997126 0.35037068
vn -0.5671481 -0.6683929 0.48124224
vn 0.27596012 0.55412376 0.78536165
vn 0.13224284 -0.87829125 0.459474
vn 0.14313985 0.62878746 0.76428866
vn 0.7571691 -0.62331295 0.19538637
vn 0.03893271 0.54611254 0.8368067
vn -0.2613096 -0.4919027 -0.83051145
vn -0.14733781 -0.5618082 -0.81404126
vn 0.98488075 -0.05304504 -0.16491286
vn 0.9639617 -0.26220295 -0.04502721
vn 0.7571691 -0.62331295 0.19538637
vn -0.29815787 -0.39726034 -0.8679207
vn -0.07233921 -0.48652655 -0.8706658
vn -0.1708296 -0.5625131 -0.80894756
vn 0.9848082 -0.05141685 -0.16585872
vn 0.9502198 0.15236008 -0.27178833
vn 0.9502198 0.15236008 -0.27178833
vn 0.9848082 -0.05141685 -0.16585872
vn 0.1677618 0.3860809 0.90708184
vn 0.26639128 0.46195656 0.84595037
vn 0.27596012 0.55412376 0.78536165
vn 0.597662 0.64584863 -0.4750575
vn 0.14313985 0.62878746 0.76428866
vn -0.13025315 0.87837106 -0.4598895
vn 0.03893271 0.54611254 0.8368067
vn -0.7804743 0.59950536 -0.17735016
vn -0.9853598 0.09080461 0.14429337
vn -0.9614275 -0.111707434 0.25135335
vn -0.14733781 -0.5618082 -0.81404126
vn -0.2613096 -0.4919027 -0.83051145
vn 0.9639617 -0.26220295 -0.04502721
vn 0.98488075 -0.05304504 -0.16491286
vn 0.1912761 0.38685784 0.9020834
vn 0.07731411 0.45737776 0.8859053
vn 0.03893271 0.54611254 0.8368067
vn 0.7571691 -0.62331295 0.19538637
vn -0.8802606 -0.31997126 0.35037068
vn -0.9610265 -0.11337775 0.2521382
vn -0.1708296 -0.5625131 -0.80894756
vn -0.07233921 -0.48652655 -0.8706658
vn -0.06133177 -0.3877485 -0.91972256
vn -0.5671481 -0.6683929 0.48124224
vn -0.19291328 -0.30884182 -0.9313437
vn 0.13224284 -0.87829125 0.459474
vn -0.29815787 -0.39726034 -0.8679207
vn 0.7571691 -0.62331295 0.19538637
vn -0.7804743 0.59950536 -0.17735016
vn -0.13025315 0.87837106 -0.4598895
vn -0.9853598 0.09080461 0.14429337
vn -0.2613096 -0.4919027 -0.83051145
vn -0.29815787 -0.39726034 -0.8679207
vn -0.7804743 0.59950536 -0.17735016
vn 0.07731411 0.45737776 0.8859053
vn 0.03893271 0.54611254 0.8368067
vn 0.6194587 0.6999374 -0.35546923
vn -0.0854355 -0.32285342 -0.942585
vn 0.95539844 0.16727847 -0.24337593
vn -0.07112038 -0.21738052 -0.9734925
vn -0.100651845 0.9494072 -0.29748145
vn -0.20006488 -0.13347498 -0.9706484
vn -0.760303 0.6461374 -0.06667623
vn -0.30827683 -0.22826105 -0.9235055
vn 0.08942693 0.2913301 0.9524336
vn 0.20101942 0.21543828 0.95560324
vn -0.96523714 -0.12332387 0.23045288
vn -0.98234427 0.09555304 0.16083993
vn 0.27866736 0.29680392 0.9133738
vn 0.17747805 0.21454835 0.9604533
vn -0.9648912 -0.12511607 0.23093516
vn -0.89108515 -0.3482762 0.29098296
vn -0.5897025 -0.724187 0.3574971
vn 0.2913656 0.3978523 0.8699538
vn 0.1026447 -0.94931924 0.29708087
vn 0.16107348 0.4792891 0.8627499
vn 0.7361931 -0.671991 0.080297634
vn 0.05405709 0.38851666 0.9198547
vn -0.27459478 -0.3291497 -0.90347004
vn -0.1629729 -0.4044884 -0.8999051
vn 0.9831362 -0.054756444 -0.17448503
vn 0.95516646 -0.28098956 -0.09328424
vn 0.7361931 -0.671991 0.080297634
vn -0.30827683 -0.22826105 -0.9235055
vn 0.05405709 0.38851666 0.9198547
vn 0.08942693 0.2913301 0.9524336
vn -0.0854355 -0.32285342 -0.942585
vn -0.18649076 -0.40532523 -0.8949485
vn 0.98311955 -0.052984186 -0.17512456
vn 0.95539844 0.16727847 -0.24337593
vn 0.95539844 0.16727847 -0.24337593
vn 0.98311955 -0.052984186 -0.17512456
vn 0.17747805 0.21454835 0.9604533
vn 0.27866736 0.29680392 0.9133738
vn 0.2913656 0.3978523 0.8699538
vn 0.6194587 0.6999374 -0.35546923
vn 0.16107348 0.4792891 0.8627499
vn -0.100651845 0.9494072 -0.29748145
vn 0.05405709 0.38851666 0.9198547
vn -0.760303 0.6461374 -0.06667623
vn -0.98234427 0.09555304 0.16083993
vn -0.96523714 -0.12332387 0.23045288
vn -0.1629729 -0.4044884 -0.8999051
vn -0.27459478 -0.3291497 -0.90347004
vn 0.95516646 -0.28098956 -0.09328424
vn 0.9831362 -0.054756444 -0.17448503
vn 0.20101942 0.21543828 0.95560324
vn 0.08942693 0.2913301 0.9524336
vn -0.89108515 -0.3482762 0.29098296
vn -0.9648912 -0.12511607 0.23093516
vn -0.18649076 -0.40532523 -0.8949485
vn -0.0854355 -0.32285342 -0.942585
vn -0.07112038 -0.21738052 -0.9734925
vn -0.5897025 -0.724187 0.3574971
vn -0.20006488 -0.13347498 -0.9706484
vn 0.1026447 -0.94931924 0.29708087
vn -0.30827683 -0.22826105 -0.9235055
vn 0.7361931 -0.671991 0.080297634
vn -0.98234427 0.09555304 0.16083993
vn -0.27459478 -0.3291497 -0.90347004
vn -0.30827683 -0.22826105 -0.9235055
vn -0.760303 0.6461374 -0.06667623
vn 0.08942693 0.2913301 0.9524336
vn 0.05405709 0.38851666 0.9198547
vn 0.26954368 -0.040004432 -0.96215683
vn 0.6345011 -0.20013003 -0.74656296
vn 0.7743621 0.24979676 -0.58134747
vn 0.35743666 0.4327235 -0.82764083
vn -0.17925048 0.018625766 -0.9836272
vn -0.15526338 0.49970222 -0.8521684
vn 0.7211812 0.6374515 -0.2712071
vn 0.9045116 0.4187358 0.08074196
vn 0.9837976 -6.2704E-05 -0.17928268
vn 0.3562238 0.79757714 -0.4868011
vn 0.4860005 0.8670986 0.10928652
vn 0.265278 0.9639411 -0.021102637
vn -0.09257048 0.85620713 -0.5082715
vn -0.62636095 0.43278614 -0.648358
vn -0.006148286 0.9994 -0.034087688
vn -0.5049479 0.79763186 -0.32986516
vn -0.2555499 0.96397424 0.073810846
vn 0.6345011 -0.20013003 -0.74656296
vn 0.9837976 -6.2704E-05 -0.17928268
vn 0.7743621 0.24979676 -0.58134747
vn 0.8178315 -0.4188456 -0.39461368
vn 0.3339025 -0.6026112 -0.7248235
vn 0.44477865 -0.7348882 -0.51196814
vn 0.7704117 -0.6375465 -0.0006134659
vn 0.41609967 -0.86715627 -0.2736808
vn 0.92962533 -0.24990547 0.27082092
vn 0.5049477 -0.79763186 0.32986537
vn 0.2555498 -0.96397424 -0.07381067
vn 0.09257048 -0.8562072 0.5082715
vn 0.006148264 -0.99939996 0.03408757
vn 0.6263609 -0.4327862 0.64835817
vn 0.5916276 0.039949387 0.805221
vn 0.85709167 0.20003483 0.474742
vn 0.9045116 0.4187358 0.08074196
vn 0.6263609 -0.4327862 0.64835817
vn 0.17925048 -0.018625796 0.98362714
vn 0.5916276 0.039949387 0.805221
vn 0.15526338 -0.49970222 0.8521684
vn 0.5049477 -0.79763186 0.32986537
vn 0.09257048 -0.8562072 0.5082715
vn -0.26954395 0.040004313 0.9621568
vn -0.3574369 -0.43272343 0.8276408
vn -0.11318003 0.50576866 0.8552124
vn 0.15824628 0.47030988 0.86819744
vn -0.33390248 0.60261095 0.72482353
vn -0.6345012 0.20012988 0.74656296
vn -0.774362 -0.24979681 0.5813476
vn -0.35622394 -0.79757696 0.48680115
vn 0.006148264 -0.99939996 0.03408757
vn -0.7211813 -0.6374513 0.2712072
vn -0.26527792 -0.9639411 0.021102577
vn -0.4860005 -0.8670986 -0.10928652
vn 0.5916276 0.039949387 0.805221
vn 0.17925048 -0.018625796 0.98362714
vn 0.15824628 0.47030988 0.86819744
vn 0.40764767 0.5057357 0.7602992
vn 0.85709167 0.20003483 0.474742
vn 0.089641415 0.8661973 0.49159613
vn -0.11318003 0.50576866 0.8552124
vn -0.33390248 0.60261095 0.72482353
vn -0.44477883 0.73488814 0.51196814
vn -0.4160998 0.86715627 0.2736806
vn -0.2555499 0.96397424 0.073810846
vn -0.006148286 0.9994 -0.034087688
vn 0.265278 0.9639411 -0.021102637
vn 0.4860005 0.8670986 0.10928652
vn 0.5681977 0.60255384 0.56042874
vn 0.9045116 0.4187358 0.08074196
vn 0.59687674 0.73482174 0.3221417
vn 0.7211812 0.6374515 -0.2712071
vn -0.6345012 0.20012988 0.74656296
vn -0.44477883 0.73488814 0.51196814
vn -0.33390248 0.60261095 0.72482353
vn -0.8178315 0.41884562 0.3946137
vn -0.774362 -0.24979681 0.5813476
vn -0.4160998 0.86715627 0.2736806
vn -0.9837976 6.2704E-05 0.17928268
vn -0.7211813 -0.6374513 0.2712072
vn -0.9045116 -0.41873583 -0.08074197
vn -0.7704116 0.6375466 0.0006136298
vn -0.2555499 0.96397424 0.073810846
vn -0.5049479 0.79763186 -0.32986516
vn -0.92962533 0.24990547 -0.27082092
vn -0.85709155 -0.20003484 -0.4747423
vn -0.62636095 0.43278614 -0.648358
vn -0.5916277 -0.039949507 -0.80522084
vn -0.4860005 -0.8670986 -0.10928652
vn -0.9045116 -0.41873583 -0.08074197
vn -0.7211813 -0.6374513 0.2712072
vn -0.59687674 -0.73482174 -0.3221417
vn -0.85709155 -0.20003484 -0.4747423
vn -0.089641415 -0.8661973 -0.49159613
vn -0.26527792 -0.9639411 0.021102577
vn 0.006148264 -0.99939996 0.03408757
vn 0.2555498 -0.96397424 -0.07381067
vn 0.41609967 -0.86715627 -0.2736808
vn 0.44477865 -0.7348882 -0.51196814
vn 0.3339025 -0.6026112 -0.7248235
vn -0.5681977 -0.6025535 -0.56042904
vn -0.5916277 -0.039949507 -0.80522084
vn 0.11317983 -0.5057688 -0.85521245
vn 0.6345011 -0.20013003 -0.74656296
vn 0.26954368 -0.040004432 -0.96215683
vn -0.15824628 -0.47030973 -0.86819744
vn -0.17925048 0.018625766 -0.9836272
vn -0.4076479 -0.5057354 -0.7602992
vn -0.15526338 0.49970222 -0.8521684
vn -0.62636095 0.43278614 -0.648358
vn 0.5487889 -0.688529 0.47408676
vn 0.51185125 -0.85903364 -0.008335918
vn 0.56117225 -0.827014 -0.033664376
vn 0.65924704 -0.68397665 0.31236067
vn 0.619487 -0.7325011 -0.28227234
vn 0.51185125 -0.85903364 -0.008335918
vn 0.57817906 -0.78366935 -0.22709295
vn 0.65924704 -0.68397665 0.31236067
vn 0.039207824 -0.9867237 0.15760355
vn 0.4825515 -0.8731937 -0.06838719
vn -0.27845335 -0.8985642 0.3391838
vn 0.11560719 -0.959911 0.25535378
vn -0.27845335 -0.8985642 0.3391838
vn 0.4825515 -0.8731937 -0.06838719
vn 0.055595864 -0.9707308 0.2336462
vn 0.645981 -0.70304555 -0.29738098
vn -0.020565892 -0.9927395 -0.118512645
vn 0.0010957848 -0.99982494 -0.018669501
vn 0.039207824 -0.9867237 0.15760355
vn 0.40265155 -0.8950626 0.19166218
vn -0.45900255 -0.8780341 0.13554582
vn -0.7041985 -0.70998585 -0.0049428493
vn 0.009842485 -0.9604548 0.27826154
vn -0.7810552 -0.6244584 -0.002084881
vn -0.71597815 -0.6980423 -0.010595903
vn -0.01607446 -0.99507314 -0.09783123
vn -0.71075046 -0.43658942 -0.5515645
vn -0.1379291 -0.7434114 -0.6544576
vn -0.7424758 -0.66611093 -0.07089308
vn -0.4641738 -0.68975085 0.55568516
vn -0.29665825 -0.6928753 0.6572043
vn -0.6126018 -0.78979045 0.03082101
vn -0.51666003 -0.832555 0.19978568
vn 0.08899712 -0.9168706 0.389137
vn -0.92570883 -0.3049353 0.22378004
vn 0.0013222913 -0.9998437 -0.017624173
vn -0.3146756 -0.8861696 0.34012142
vn -0.67353946 -0.7391478 -0.0022143722
vn -0.4609681 -0.86403424 0.20236856
vn -0.89850944 -0.27655357 0.34087932
vn 0.10354043 -0.8833793 0.45707786
vn 0.43589056 -0.8823115 0.1775546
vn 0.15924123 -0.67635095 0.71916014
vn -0.5062071 -0.45964494 0.7297128
vn -0.66500455 -0.52223283 0.53389287
vn -0.4469832 -0.8911652 -0.07765631
vn -0.67353946 -0.7391478 -0.0022143722
vn -0.41190985 -0.88121474 0.23192835
vn 0.47959167 -0.8766318 0.038836725
vn 0.3835195 -0.88689786 -0.2575363
vn 0.43589056 -0.8823115 0.1775546
vn 0.619487 -0.7325011 -0.28227234
vn 0.57817906 -0.78366935 -0.22709295
vn 0.6542478 -0.6909989 -0.3073762
vn 0.11560719 -0.959911 0.25535378
vn 0.4825515 -0.8731937 -0.06838719
vn 0.645981 -0.70304555 -0.29738098
vn 0.8745756 -0.26893082 -0.40347677
vn 0.6319089 -0.20974414 -0.7461222
vn 0.65310675 -0.6589369 -0.37316704
vn 0.80832934 0.15872899 -0.5669291
vn 0.7162887 -0.6167615 -0.3263978
vn -0.020565892 -0.9927395 -0.118512645
vn -0.01607446 -0.99507314 -0.09783123
vn 0.42308915 -0.43076104 -0.797145
vn -0.1379291 -0.7434114 -0.6544576
vn 0.4371121 0.41253895 -0.7992148
vn 0.67040515 0.28857833 -0.6835783
vn 0.22239237 0.258873 -0.93996066
vn 0.3112064 0.43323547 -0.84584713
vn 0.930898 0.08292829 -0.35574108
vn 0.5735654 0.632235 -0.52086604
vn 0.7167551 0.66344 -0.21473089
vn 0.67256695 -0.19929099 -0.7126968
vn 0.78681856 0.6149155 0.052870452
vn 0.93828845 -0.29535347 -0.17994753
vn 0.99880874 0.034215674 -0.0347898
vn 0.7513381 0.52597016 0.3985552
vn 0.93937665 0.017599965 0.34243464
vn 0.7672579 -0.45309886 0.45389026
vn 0.9617005 -0.26699165 -0.062027678
vn 0.8314082 -0.51454014 0.20978238
vn 0.619487 -0.7325011 -0.28227234
vn 0.56117225 -0.827014 -0.033664376
vn 0.5487889 -0.688529 0.47408676
vn 0.57817906 -0.78366935 -0.22709295
vn 0.08899712 -0.9168706 0.389137
vn 0.0013222913 -0.9998437 -0.017624173
vn 0.43589056 -0.8823115 0.1775546
vn 0.3835195 -0.88689786 -0.2575363
vn 0.65310675 -0.6589369 -0.37316704
vn 0.6542478 -0.6909989 -0.3073762
vn 0.4825515 -0.8731937 -0.06838719
vn 0.65924704 -0.68397665 0.31236067
vn 0.5487889 -0.688529 0.47408676
vn 0.67256695 -0.19929099 -0.7126968
vn 0.6319089 -0.20974414 -0.7461222
vn 0.65310675 -0.6589369 -0.37316704
vn 0.80832934 0.15872899 -0.5669291
vn 0.5735654 0.632235 -0.52086604
vn -0.16520622 0.6434106 -0.74748206
vn 0.3112064 0.43323547 -0.84584713
vn -0.084274545 0.9263527 -0.36710802
vn 0.7167551 0.66344 -0.21473089
vn -0.006797717 0.9999475 -0.007653238
vn 0.04953532 0.9665517 0.2516421
vn 0.78681856 0.6149155 0.052870452
vn 0.10913055 0.84475917 0.5239009
vn 0.7513381 0.52597016 0.3985552
vn 0.18380031 0.47621945 0.85990244
vn 0.5198718 0.28807276 0.804206
vn -0.5242246 0.5194135 0.67483187
vn -0.14333354 0.2846638 0.9478511
vn 0.93937665 0.017599965 0.34243464
vn 0.5198718 0.28807276 0.804206
vn 0.7513381 0.52597016 0.3985552
vn 0.58812165 -0.1374759 0.7970027
vn 0.7672579 -0.45309886 0.45389026
vn 0.21037051 0.09051391 0.9734224
vn 0.18380031 0.47621945 0.85990244
vn -0.14333354 0.2846638 0.9478511
vn -0.20426507 -0.14154908 0.9686275
vn 0.20167878 -0.32660308 0.9233936
vn 0.15924123 -0.67635095 0.71916014
vn -0.5062071 -0.45964494 0.7297128
vn 0.43589056 -0.8823115 0.1775546
vn 0.10354043 -0.8833793 0.45707786
vn 0.8314082 -0.51454014 0.20978238
vn 0.47959167 -0.8766318 0.038836725
vn 0.619487 -0.7325011 -0.28227234
vn -0.1379291 -0.7434114 -0.6544576
vn 0.42308915 -0.43076104 -0.797145
vn 0.4371121 0.41253895 -0.7992148
vn -0.16827528 0.6252295 -0.7620834
vn -0.7326534 0.40652645 -0.5458525
vn -0.71075046 -0.43658942 -0.5515645
vn -0.17413229 0.587842 -0.79001224
vn 0.67040515 0.28857833 -0.6835783
vn -0.2097323 0.16033947 -0.9645223
vn -0.89596426 0.2805266 -0.34431487
vn 0.22239237 0.258873 -0.93996066
vn 0.3112064 0.43323547 -0.84584713
vn -0.59391403 0.25467718 -0.76315486
vn -0.16520622 0.6434106 -0.74748206
vn -0.6375357 0.42835888 -0.6403568
vn -0.9719807 0.14957768 -0.1813279
vn -0.74385816 0.62546307 -0.23552246
vn -0.084274545 0.9263527 -0.36710802
vn -0.29665825 -0.6928753 0.6572043
vn -0.51666003 -0.832555 0.19978568
vn -0.4609681 -0.86403424 0.20236856
vn -0.4641738 -0.68975085 0.55568516
vn -0.8819047 -0.21752596 -0.418242
vn -0.7424758 -0.66611093 -0.07089308
vn -0.71597815 -0.6980423 -0.010595903
vn -0.9051895 -0.20740141 -0.3709668
vn -0.9719807 0.14957768 -0.1813279
vn -0.7326534 0.40652645 -0.5458525
vn -0.7810552 -0.6244584 -0.002084881
vn -0.71075046 -0.43658942 -0.5515645
vn -0.96045685 -0.27836347 -0.0060231537
vn -0.7041985 -0.70998585 -0.0049428493
vn -0.71597815 -0.6980423 -0.010595903
vn -0.8819047 -0.21752596 -0.418242
vn -0.89596426 0.2805266 -0.34431487
vn -0.9719807 0.14957768 -0.1813279
vn -0.59391403 0.25467718 -0.76315486
vn -0.7424758 -0.66611093 -0.07089308
vn -0.9051895 -0.20740141 -0.3709668
vn -0.92570883 -0.3049353 0.22378004
vn -0.9954328 0.07302642 0.061487123
vn -0.9719807 0.14957768 -0.1813279
vn -0.6375357 0.42835888 -0.6403568
vn -0.74385816 0.62546307 -0.23552246
vn -0.923978 0.024331965 0.38167068
vn -0.89850944 -0.27655357 0.34087932
vn -0.7478472 0.6559115 0.10249066
vn -0.084274545 0.9263527 -0.36710802
vn -0.006797717 0.9999475 -0.007653238
vn 0.04953532 0.9665517 0.2516421
vn -0.7004284 0.6072705 0.3749964
vn 0.10913055 0.84475917 0.5239009
vn -0.5242246 0.5194135 0.67483187
vn -0.7136302 0.009102942 0.7004633
vn -0.14333354 0.2846638 0.9478511
vn -0.20426507 -0.14154908 0.9686275
vn -0.5062071 -0.45964494 0.7297128
vn -0.66500455 -0.52223283 0.53389287
vn -0.67353946 -0.7391478 -0.0022143722
g 0.9167_0
f 3/3/3 2/2/2 1/1/1
f 6/6/6 5/5/5 4/4/4
f 9/9/9 8/8/8 7/7/7
f 12/12/12 11/11/11 10/10/10
f 15/15/15 14/14/14 13/13/13
f 18/18/18 17/17/17 16/16/16
f 21/21/21 20/20/20 19/19/19
f 24/24/24 23/23/23 22/22/22
f 27/27/27 26/26/26 25/25/25
f 30/30/30 29/29/29 28/28/28
f 33/33/33 32/32/32 31/31/31
f 36/36/36 35/35/35 34/34/34
f 39/39/39 38/38/38 37/37/37
f 42/42/42 41/41/41 40/40/40
f 45/45/45 44/44/44 43/43/43
f 48/48/48 47/47/47 46/46/46
f 51/51/51 50/50/50 49/49/49
f 54/54/54 53/53/53 52/52/52
f 57/57/57 56/56/56 55/55/55
f 60/60/60 59/59/59 58/58/58
f 63/63/63 62/62/62 61/61/61
f 66/66/66 65/65/65 64/64/64
f 69/69/69 68/68/68 67/67/67
f 72/72/72 71/71/71 70/70/70
f 75/75/75 74/74/74 73/73/73
f 78/78/78 77/77/77 76/76/76
f 81/81/81 80/80/80 79/79/79
f 82/82/82 81/81/81 79/79/79
f 85/85/85 84/84/84 83/83/83
f 86/86/86 85/85/85 83/83/83
f 89/89/89 88/88/88 87/87/87
f 88/88/88 90/90/90 87/87/87
f 87/87/87 90/90/90 91/91/91
f 90/90/90 92/92/92 91/91/91
f 91/91/91 92/92/92 93/93/93
f 92/92/92 94/94/94 93/93/93
f 95/95/95 93/93/93 94/94/94
f 96/96/96 95/95/95 94/94/94
f 99/99/99 98/98/98 97/97/97
f 100/100/100 99/99/99 97/97/97
f 103/103/103 102/102/102 101/101/101
f 104/104/104 103/103/103 101/101/101
f 107/107/107 106/106/106 105/105/105
f 108/108/108 107/107/107 105/105/105
f 111/111/111 110/110/110 109/109/109
f 112/112/112 111/111/111 109/109/109
f 112/112/112 109/109/109 113/113/113
f 114/114/114 112/112/112 113/113/113
f 117/117/117 116/116/116 115/115/115
f 118/118/118 117/117/117 115/115/115
f 118/118/118 115/115/115 119/119/119
f 120/120/120 118/118/118 119/119/119
f 119/119/119 121/121/121 120/120/120
f 121/121/121 122/122/122 120/120/120
f 125/125/125 124/124/124 123/123/123
f 126/126/126 125/125/125 123/123/123
f 129/129/129 128/128/128 127/127/127
f 130/130/130 129/129/129 127/127/127
f 133/133/133 132/132/132 131/131/131
f 134/134/134 133/133/133 131/131/131
f 137/137/137 136/136/136 135/135/135
f 138/138/138 137/137/137 135/135/135
f 138/138/138 135/135/135 139/139/139
f 135/135/135 140/140/140 139/139/139
f 139/139/139 140/140/140 141/141/141
f 140/140/140 142/142/142 141/141/141
f 145/145/145 144/144/144 143/143/143
f 146/146/146 145/145/145 143/143/143
f 147/147/147 146/146/146 143/143/143
f 148/148/148 147/147/147 143/143/143
f 147/147/147 148/148/148 149/149/149
f 152/152/152 151/151/151 150/150/150
f 153/153/153 152/152/152 150/150/150
f 156/156/156 155/155/155 154/154/154
f 155/155/155 157/157/157 154/154/154
f 154/154/154 157/157/157 158/158/158
f 157/157/157 159/159/159 158/158/158
f 158/158/158 159/159/159 160/160/160
f 159/159/159 161/161/161 160/160/160
f 162/162/162 160/160/160 161/161/161
f 163/163/163 162/162/162 161/161/161
f 166/166/166 165/165/165 164/164/164
f 167/167/167 166/166/166 164/164/164
f 170/170/170 169/169/169 168/168/168
f 171/171/171 170/170/170 168/168/168
f 174/174/174 173/173/173 172/172/172
f 175/175/175 174/174/174 172/172/172
f 175/175/175 172/172/172 176/176/176
f 177/177/177 175/175/175 176/176/176
f 180/180/180 179/179/179 178/178/178
f 179/179/179 181/181/181 178/178/178
f 178/178/178 181/181/181 182/182/182
f 181/181/181 183/183/183 182/182/182
f 186/186/186 185/185/185 184/184/184
f 185/185/185 186/186/186 187/187/187
f 186/186/186 188/188/188 187/187/187
f 187/187/187 188/188/188 189/189/189
f 190/190/190 187/187/187 189/189/189
f 190/190/190 189/189/189 191/191/191
f 192/192/192 190/190/190 191/191/191
f 195/195/195 194/194/194 193/193/193
f 196/196/196 195/195/195 193/193/193
f 199/199/199 198/198/198 197/197/197
f 200/200/200 199/199/199 197/197/197
f 203/203/203 202/202/202 201/201/201
f 204/204/204 203/203/203 201/201/201
f 207/207/207 206/206/206 205/205/205
f 208/208/208 207/207/207 205/205/205
f 211/211/211 210/210/210 209/209/209
f 212/212/212 211/211/211 209/209/209
f 213/213/213 212/212/212 209/209/209
f 214/214/214 213/213/213 209/209/209
f 217/217/217 216/216/216 215/215/215
f 217/217/217 215/215/215 218/218/218
f 215/215/215 219/219/219 218/218/218
f 218/218/218 219/219/219 220/220/220
f 219/219/219 221/221/221 220/220/220
f 220/220/220 221/221/221 222/222/222
f 221/221/221 223/223/223 222/222/222
f 224/224/224 222/222/222 223/223/223
f 225/225/225 224/224/224 223/223/223
f 228/228/228 227/227/227 226/226/226
f 229/229/229 228/228/228 226/226/226
f 232/232/232 231/231/231 230/230/230
f 233/233/233 232/232/232 230/230/230
f 236/236/236 235/235/235 234/234/234
f 237/237/237 236/236/236 234/234/234
f 234/234/234 238/238/238 237/237/237
f 238/238/238 239/239/239 237/237/237
f 238/238/238 240/240/240 239/239/239
f 240/240/240 241/241/241 239/239/239
f 242/242/242 241/241/241 240/240/240
f 243/243/243 242/242/242 240/240/240
f 242/242/242 243/243/243 244/244/244
f 247/247/247 246/246/246 245/245/245
f 248/248/248 247/247/247 245/245/245
f 248/248/248 245/245/245 249/249/249
f 250/250/250 248/248/248 249/249/249
f 253/253/253 252/252/252 251/251/251
f 252/252/252 254/254/254 251/251/251
f 251/251/251 254/254/254 255/255/255
f 254/254/254 256/256/256 255/255/255
f 259/259/259 258/258/258 257/257/257
f 260/260/260 259/259/259 257/257/257
f 261/261/261 260/260/260 257/257/257
f 262/262/262 261/261/261 257/257/257
f 261/261/261 262/262/262 263/263/263
f 266/266/266 265/265/265 264/264/264
f 267/267/267 266/266/266 264/264/264
f 270/270/270 269/269/269 268/268/268
f 271/271/271 270/270/270 268/268/268
f 274/274/274 273/273/273 272/272/272
f 273/273/273 274/274/274 275/275/275
f 276/276/276 273/273/273 275/275/275
f 277/277/277 276/276/276 275/275/275
f 278/278/278 277/277/277 275/275/275
f 281/281/281 280/280/280 279/279/279
f 282/282/282 281/281/281 279/279/279
f 285/285/285 284/284/284 283/283/283
f 284/284/284 286/286/286 283/283/283
f 283/283/283 286/286/286 287/287/287
f 286/286/286 288/288/288 287/287/287
f 283/283/283 287/287/287 289/289/289
f 289/289/289 290/290/290 283/283/283
f 290/290/290 291/291/291 283/283/283
f 287/287/287 292/292/292 289/289/289
f 287/287/287 293/293/293 292/292/292
f 293/293/293 294/294/294 292/292/292
f 295/295/295 294/294/294 293/293/293
f 296/296/296 295/295/295 293/293/293
f 299/299/299 298/298/298 297/297/297
f 300/300/300 299/299/299 297/297/297
f 303/303/303 302/302/302 301/301/301
f 304/304/304 303/303/303 301/301/301
f 304/304/304 301/301/301 305/305/305
f 306/306/306 304/304/304 305/305/305
f 309/309/309 308/308/308 307/307/307
f 310/310/310 309/309/309 307/307/307
f 313/313/313 312/312/312 311/311/311
f 314/314/314 313/313/313 311/311/311
f 313/313/313 314/314/314 315/315/315
f 318/318/318 317/317/317 316/316/316
f 317/317/317 319/319/319 316/316/316
f 320/320/320 316/316/316 319/319/319
f 321/321/321 320/320/320 319/319/319
f 324/324/324 323/323/323 322/322/322
f 325/325/325 324/324/324 322/322/322
f 325/325/325 322/322/322 326/326/326
f 322/322/322 327/327/327 326/326/326
f 326/326/326 327/327/327 328/328/328
f 327/327/327 329/329/329 328/328/328
f 332/332/332 331/331/331 330/330/330
f 333/333/333 332/332/332 330/330/330
f 336/336/336 335/335/335 334/334/334
f 337/337/337 336/336/336 334/334/334
f 340/340/340 339/339/339 338/338/338
f 341/341/341 340/340/340 338/338/338
f 344/344/344 343/343/343 342/342/342
f 343/343/343 345/345/345 342/342/342
f 342/342/342 345/345/345 346/346/346
f 345/345/345 347/347/347 346/346/346
f 346/346/346 347/347/347 348/348/348
f 347/347/347 349/349/349 348/348/348
f 350/350/350 348/348/348 349/349/349
f 351/351/351 350/350/350 349/349/349
f 354/354/354 353/353/353 352/352/352
f 355/355/355 354/354/354 352/352/352
f 358/358/358 357/357/357 356/356/356
f 359/359/359 358/358/358 356/356/356
f 362/362/362 361/361/361 360/360/360
f 363/363/363 362/362/362 360/360/360
f 366/366/366 365/365/365 364/364/364
f 367/367/367 366/366/366 364/364/364
f 367/367/367 364/364/364 368/368/368
f 369/369/369 367/367/367 368/368/368
f 368/368/368 370/370/370 369/369/369
f 370/370/370 371/371/371 369/369/369
f 374/374/374 373/373/373 372/372/372
f 375/375/375 374/374/374 372/372/372
f 378/378/378 377/377/377 376/376/376
f 377/377/377 379/379/379 376/376/376
f 376/376/376 379/379/379 380/380/380
f 381/381/381 376/376/376 380/380/380
f 381/381/381 380/380/380 382/382/382
f 383/383/383 381/381/381 382/382/382
f 386/386/386 385/385/385 384/384/384
f 387/387/387 386/386/386 384/384/384
f 390/390/390 389/389/389 388/388/388
f 391/391/391 390/390/390 388/388/388
f 390/390/390 391/391/391 392/392/392
f 395/395/395 394/394/394 393/393/393
f 396/396/396 395/395/395 393/393/393
f 399/399/399 398/398/398 397/397/397
f 400/400/400 399/399/399 397/397/397
f 403/403/403 402/402/402 401/401/401
f 404/404/404 403/403/403 401/401/401
f 407/407/407 406/406/406 405/405/405
f 408/408/408 407/407/407 405/405/405
f 411/411/411 410/410/410 409/409/409
f 410/410/410 412/412/412 409/409/409
f 409/409/409 412/412/412 413/413/413
f 412/412/412 414/414/414 413/413/413
f 413/413/413 414/414/414 415/415/415
f 414/414/414 416/416/416 415/415/415
f 417/417/417 415/415/415 416/416/416
f 418/418/418 417/417/417 416/416/416
f 421/421/421 420/420/420 419/419/419
f 422/422/422 421/421/421 419/419/419
f 425/425/425 424/424/424 423/423/423
f 426/426/426 425/425/425 423/423/423
f 429/429/429 428/428/428 427/427/427
f 430/430/430 429/429/429 427/427/427
f 427/427/427 431/431/431 430/430/430
f 431/431/431 432/432/432 430/430/430
f 431/431/431 433/433/433 432/432/432
f 433/433/433 434/434/434 432/432/432
f 435/435/435 434/434/434 433/433/433
f 436/436/436 435/435/435 433/433/433
f 435/435/435 436/436/436 437/437/437
f 440/440/440 439/439/439 438/438/438
f 441/441/441 440/440/440 438/438/438
f 441/441/441 438/438/438 442/442/442
f 443/443/443 441/441/441 442/442/442
f 446/446/446 445/445/445 444/444/444
f 447/447/447 446/446/446 444/444/444
f 450/450/450 449/449/449 448/448/448
f 451/451/451 450/450/450 448/448/448
f 454/454/454 453/453/453 452/452/452
f 455/455/455 454/454/454 452/452/452
f 455/455/455 452/452/452 456/456/456
f 452/452/452 457/457/457 456/456/456
f 456/456/456 457/457/457 458/458/458
f 457/457/457 459/459/459 458/458/458
f 462/462/462 461/461/461 460/460/460
f 463/463/463 462/462/462 460/460/460
f 466/466/466 465/465/465 464/464/464
f 467/467/467 466/466/466 464/464/464
f 468/468/468 467/467/467 464/464/464
f 469/469/469 468/468/468 464/464/464
f 468/468/468 469/469/469 470/470/470
f 473/473/473 472/472/472 471/471/471
f 473/473/473 471/471/471 474/474/474
f 471/471/471 475/475/475 474/474/474
f 474/474/474 475/475/475 476/476/476
f 475/475/475 477/477/477 476/476/476
f 476/476/476 477/477/477 478/478/478
f 477/477/477 479/479/479 478/478/478
f 480/480/480 478/478/478 479/479/479
f 481/481/481 480/480/480 479/479/479
f 484/484/484 483/483/483 482/482/482
f 485/485/485 484/484/484 482/482/482
f 488/488/488 487/487/487 486/486/486
f 489/489/489 488/488/488 486/486/486
f 489/489/489 486/486/486 490/490/490
f 491/491/491 489/489/489 490/490/490
f 491/491/491 490/490/490 492/492/492
f 493/493/493 491/491/491 492/492/492
f 496/496/496 495/495/495 494/494/494
f 497/497/497 496/496/496 494/494/494
f 494/494/494 498/498/498 497/497/497
f 498/498/498 499/499/499 497/497/497
f 498/498/498 500/500/500 499/499/499
f 500/500/500 501/501/501 499/499/499
f 502/502/502 501/501/501 500/500/500
f 503/503/503 502/502/502 500/500/500
f 506/506/506 505/505/505 504/504/504
f 505/505/505 507/507/507 504/504/504
f 504/504/504 507/507/507 508/508/508
f 507/507/507 509/509/509 508/508/508
f 512/512/512 511/511/511 510/510/510
f 513/513/513 512/512/512 510/510/510
f 516/516/516 515/515/515 514/514/514
f 517/517/517 516/516/516 514/514/514
f 520/520/520 519/519/519 518/518/518
f 521/521/521 520/520/520 518/518/518
f 524/524/524 523/523/523 522/522/522
f 525/525/525 524/524/524 522/522/522
f 528/528/528 527/527/527 526/526/526
f 529/529/529 528/528/528 526/526/526
f 532/532/532 531/531/531 530/530/530
f 533/533/533 532/532/532 530/530/530
f 536/536/536 535/535/535 534/534/534
f 535/535/535 537/537/537 534/534/534
f 534/534/534 537/537/537 538/538/538
f 537/537/537 539/539/539 538/538/538
f 534/534/534 538/538/538 540/540/540
f 538/538/538 541/541/541 540/540/540
f 540/540/540 542/542/542 534/534/534
f 542/542/542 543/543/543 534/534/534
f 546/546/546 545/545/545 544/544/544
f 547/547/547 546/546/546 544/544/544
f 550/550/550 549/549/549 548/548/548
f 551/551/551 550/550/550 548/548/548
f 554/554/554 553/553/553 552/552/552
f 555/555/555 554/554/554 552/552/552
f 558/558/558 557/557/557 556/556/556
f 559/559/559 558/558/558 556/556/556
f 562/562/562 561/561/561 560/560/560
f 563/563/563 562/562/562 560/560/560
f 566/566/566 565/565/565 564/564/564
f 567/567/567 566/566/566 564/564/564
f 570/570/570 569/569/569 568/568/568
f 571/571/571 570/570/570 568/568/568
f 570/570/570 571/571/571 572/572/572
f 575/575/575 574/574/574 573/573/573
f 576/576/576 575/575/575 573/573/573
f 579/579/579 578/578/578 577/577/577
f 580/580/580 579/579/579 577/577/577
f 580/580/580 577/577/577 581/581/581
f 577/577/577 582/582/582 581/581/581
f 581/581/581 582/582/582 583/583/583
f 582/582/582 584/584/584 583/583/583
f 587/587/587 586/586/586 585/585/585
f 588/588/588 587/587/587 585/585/585
f 591/591/591 590/590/590 589/589/589
f 592/592/592 591/591/591 589/589/589
f 595/595/595 594/594/594 593/593/593
f 596/596/596 595/595/595 593/593/593
f 599/599/599 598/598/598 597/597/597
f 598/598/598 600/600/600 597/597/597
f 597/597/597 600/600/600 601/601/601
f 600/600/600 602/602/602 601/601/601
f 601/601/601 602/602/602 603/603/603
f 602/602/602 604/604/604 603/603/603
f 604/604/604 605/605/605 603/603/603
f 605/605/605 606/606/606 603/603/603
f 609/609/609 608/608/608 607/607/607
f 608/608/608 610/610/610 607/607/607
f 607/607/607 610/610/610 611/611/611
f 610/610/610 612/612/612 611/611/611
f 611/611/611 612/612/612 613/613/613
f 612/612/612 614/614/614 613/613/613
f 617/617/617 616/616/616 615/615/615
f 616/616/616 618/618/618 615/615/615
f 615/615/615 618/618/618 619/619/619
f 618/618/618 620/620/620 619/619/619
f 619/619/619 620/620/620 621/621/621
f 620/620/620 622/622/622 621/621/621
f 622/622/622 623/623/623 621/621/621
f 623/623/623 624/624/624 621/621/621
f 627/627/627 626/626/626 625/625/625
f 626/626/626 628/628/628 625/625/625
f 625/625/625 628/628/628 629/629/629
f 628/628/628 630/630/630 629/629/629
f 629/629/629 630/630/630 631/631/631
f 630/630/630 632/632/632 631/631/631
f 635/635/635 634/634/634 633/633/633
f 636/636/636 635/635/635 633/633/633
f 636/636/636 633/633/633 637/637/637
f 638/638/638 636/636/636 637/637/637
f 636/636/636 639/639/639 635/635/635
f 639/639/639 640/640/640 635/635/635
f 643/643/643 642/642/642 641/641/641
f 644/644/644 643/643/643 641/641/641
f 644/644/644 645/645/645 643/643/643
f 645/645/645 646/646/646 643/643/643
f 649/649/649 648/648/648 647/647/647
f 650/650/650 649/649/649 647/647/647
f 650/650/650 651/651/651 649/649/649
f 651/651/651 652/652/652 649/649/649
f 655/655/655 654/654/654 653/653/653
f 656/656/656 655/655/655 653/653/653
f 659/659/659 658/658/658 657/657/657
f 660/660/660 659/659/659 657/657/657
f 663/663/663 662/662/662 661/661/661
f 664/664/664 663/663/663 661/661/661
f 667/667/667 666/666/666 665/665/665
f 666/666/666 668/668/668 665/665/665
f 665/665/665 668/668/668 669/669/669
f 668/668/668 670/670/670 669/669/669
f 669/669/669 670/670/670 671/671/671
f 670/670/670 672/672/672 671/671/671
f 672/672/672 673/673/673 671/671/671
f 673/673/673 674/674/674 671/671/671
f 677/677/677 676/676/676 675/675/675
f 676/676/676 678/678/678 675/675/675
f 675/675/675 678/678/678 679/679/679
f 678/678/678 680/680/680 679/679/679
f 679/679/679 680/680/680 681/681/681
f 680/680/680 682/682/682 681/681/681
f 685/685/685 684/684/684 683/683/683
f 684/684/684 686/686/686 683/683/683
f 683/683/683 686/686/686 687/687/687
f 686/686/686 688/688/688 687/687/687
f 687/687/687 688/688/688 689/689/689
f 688/688/688 690/690/690 689/689/689
f 690/690/690 691/691/691 689/689/689
f 691/691/691 692/692/692 689/689/689
f 695/695/695 694/694/694 693/693/693
f 694/694/694 696/696/696 693/693/693
f 693/693/693 696/696/696 697/697/697
f 696/696/696 698/698/698 697/697/697
f 697/697/697 698/698/698 699/699/699
f 698/698/698 700/700/700 699/699/699
f 703/703/703 702/702/702 701/701/701
f 704/704/704 703/703/703 701/701/701
f 704/704/704 705/705/705 703/703/703
f 705/705/705 706/706/706 703/703/703
f 709/709/709 708/708/708 707/707/707
f 710/710/710 709/709/709 707/707/707
f 710/710/710 711/711/711 709/709/709
f 711/711/711 712/712/712 709/709/709
f 715/715/715 714/714/714 713/713/713
f 716/716/716 715/715/715 713/713/713
f 716/716/716 717/717/717 715/715/715
f 717/717/717 718/718/718 715/715/715
f 721/721/721 720/720/720 719/719/719
f 722/722/722 721/721/721 719/719/719
f 722/722/722 723/723/723 721/721/721
f 723/723/723 724/724/724 721/721/721
f 727/727/727 726/726/726 725/725/725
f 728/728/728 727/727/727 725/725/725
f 731/731/731 730/730/730 729/729/729
f 732/732/732 731/731/731 729/729/729
f 735/735/735 734/734/734 733/733/733
f 736/736/736 735/735/735 733/733/733
f 737/737/737 735/735/735 736/736/736
f 738/738/738 737/737/737 736/736/736
f 738/738/738 739/739/739 737/737/737
f 739/739/739 740/740/740 737/737/737
f 743/743/743 742/742/742 741/741/741
f 742/742/742 744/744/744 741/741/741
f 741/741/741 744/744/744 745/745/745
f 744/744/744 746/746/746 745/745/745
f 745/745/745 746/746/746 747/747/747
f 746/746/746 748/748/748 747/747/747
f 751/751/751 750/750/750 749/749/749
f 750/750/750 752/752/752 749/749/749
f 749/749/749 752/752/752 753/753/753
f 752/752/752 754/754/754 753/753/753
f 753/753/753 754/754/754 755/755/755
f 754/754/754 756/756/756 755/755/755
f 756/756/756 757/757/757 755/755/755
f 757/757/757 758/758/758 755/755/755
f 761/761/761 760/760/760 759/759/759
f 760/760/760 762/762/762 759/759/759
f 759/759/759 762/762/762 763/763/763
f 762/762/762 764/764/764 763/763/763
f 763/763/763 764/764/764 765/765/765
f 764/764/764 766/766/766 765/765/765
f 769/769/769 768/768/768 767/767/767
f 770/770/770 769/769/769 767/767/767
f 770/770/770 771/771/771 769/769/769
f 771/771/771 772/772/772 769/769/769
f 775/775/775 774/774/774 773/773/773
f 776/776/776 775/775/775 773/773/773
f 776/776/776 777/777/777 775/775/775
f 777/777/777 778/778/778 775/775/775
f 781/781/781 780/780/780 779/779/779
f 782/782/782 781/781/781 779/779/779
f 782/782/782 783/783/783 781/781/781
f 783/783/783 784/784/784 781/781/781
f 787/787/787 786/786/786 785/785/785
f 788/788/788 787/787/787 785/785/785
f 791/791/791 790/790/790 789/789/789
f 792/792/792 791/791/791 789/789/789
f 795/795/795 794/794/794 793/793/793
f 796/796/796 795/795/795 793/793/793
f 797/797/797 796/796/796 793/793/793
f 798/798/798 797/797/797 793/793/793
f 799/799/799 797/797/797 798/798/798
f 800/800/800 799/799/799 798/798/798
f 803/803/803 802/802/802 801/801/801
f 804/804/804 803/803/803 801/801/801
f 805/805/805 803/803/803 804/804/804
f 806/806/806 805/805/805 804/804/804
f 806/806/806 807/807/807 805/805/805
f 807/807/807 808/808/808 805/805/805
f 811/811/811 810/810/810 809/809/809
f 812/812/812 811/811/811 809/809/809
f 813/813/813 811/811/811 812/812/812
f 814/814/814 813/813/813 812/812/812
f 814/814/814 815/815/815 813/813/813
f 815/815/815 816/816/816 813/813/813
f 819/819/819 818/818/818 817/817/817
f 818/818/818 820/820/820 817/817/817
f 817/817/817 820/820/820 821/821/821
f 820/820/820 822/822/822 821/821/821
f 821/821/821 822/822/822 823/823/823
f 822/822/822 824/824/824 823/823/823
f 824/824/824 825/825/825 823/823/823
f 825/825/825 826/826/826 823/823/823
f 829/829/829 828/828/828 827/827/827
f 828/828/828 830/830/830 827/827/827
f 827/827/827 830/830/830 831/831/831
f 830/830/830 832/832/832 831/831/831
f 835/835/835 834/834/834 833/833/833
f 836/836/836 835/835/835 833/833/833
f 836/836/836 837/837/837 835/835/835
f 837/837/837 838/838/838 835/835/835
f 841/841/841 840/840/840 839/839/839
f 842/842/842 841/841/841 839/839/839
f 842/842/842 843/843/843 841/841/841
f 843/843/843 844/844/844 841/841/841
f 847/847/847 846/846/846 845/845/845
f 848/848/848 847/847/847 845/845/845
f 849/849/849 848/848/848 845/845/845
f 850/850/850 849/849/849 845/845/845
f 853/853/853 852/852/852 851/851/851
f 854/854/854 853/853/853 851/851/851
f 857/857/857 856/856/856 855/855/855
f 858/858/858 857/857/857 855/855/855
f 859/859/859 858/858/858 855/855/855
f 860/860/860 859/859/859 855/855/855
f 861/861/861 859/859/859 860/860/860
f 862/862/862 861/861/861 860/860/860
f 865/865/865 864/864/864 863/863/863
f 866/866/866 865/865/865 863/863/863
f 867/867/867 865/865/865 866/866/866
f 868/868/868 867/867/867 866/866/866
f 871/871/871 870/870/870 869/869/869
f 870/870/870 872/872/872 869/869/869
f 869/869/869 872/872/872 873/873/873
f 872/872/872 874/874/874 873/873/873
f 869/869/869 873/873/873 875/875/875
f 876/876/876 869/869/869 875/875/875
f 879/879/879 878/878/878 877/877/877
f 880/880/880 879/879/879 877/877/877
f 883/883/883 882/882/882 881/881/881
f 884/884/884 883/883/883 881/881/881
f 885/885/885 883/883/883 884/884/884
f 886/886/886 885/885/885 884/884/884
f 886/886/886 887/887/887 885/885/885
f 887/887/887 888/888/888 885/885/885
f 891/891/891 890/890/890 889/889/889
f 892/892/892 891/891/891 889/889/889
f 892/892/892 893/893/893 891/891/891
f 893/893/893 894/894/894 891/891/891
f 897/897/897 896/896/896 895/895/895
f 898/898/898 897/897/897 895/895/895
f 898/898/898 899/899/899 897/897/897
f 899/899/899 900/900/900 897/897/897
f 903/903/903 902/902/902 901/901/901
f 904/904/904 903/903/903 901/901/901
f 905/905/905 904/904/904 901/901/901
f 906/906/906 905/905/905 901/901/901
f 909/909/909 908/908/908 907/907/907
f 910/910/910 909/909/909 907/907/907
f 911/911/911 910/910/910 907/907/907
f 912/912/912 911/911/911 907/907/907
f 915/915/915 914/914/914 913/913/913
f 916/916/916 915/915/915 913/913/913
f 917/917/917 916/916/916 913/913/913
f 918/918/918 917/917/917 913/913/913
f 921/921/921 920/920/920 919/919/919
f 922/922/922 921/921/921 919/919/919
f 923/923/923 922/922/922 919/919/919
f 924/924/924 923/923/923 919/919/919
f 925/925/925 923/923/923 924/924/924
f 926/926/926 925/925/925 924/924/924
f 929/929/929 928/928/928 927/927/927
f 930/930/930 929/929/929 927/927/927
f 930/930/930 927/927/927 931/931/931
f 927/927/927 932/932/932 931/931/931
f 931/931/931 932/932/932 933/933/933
f 932/932/932 934/934/934 933/933/933
f 933/933/933 934/934/934 935/935/935
f 934/934/934 936/936/936 935/935/935
f 939/939/939 938/938/938 937/937/937
f 940/940/940 939/939/939 937/937/937
f 941/941/941 939/939/939 940/940/940
f 942/942/942 941/941/941 940/940/940
f 945/945/945 944/944/944 943/943/943
f 946/946/946 945/945/945 943/943/943
f 949/949/949 948/948/948 947/947/947
f 950/950/950 949/949/949 947/947/947
f 951/951/951 949/949/949 950/950/950
f 952/952/952 951/951/951 950/950/950
f 955/955/955 954/954/954 953/953/953
f 956/956/956 955/955/955 953/953/953
f 959/959/959 958/958/958 957/957/957
f 960/960/960 959/959/959 957/957/957
f 960/960/960 961/961/961 959/959/959
f 961/961/961 962/962/962 959/959/959
f 965/965/965 964/964/964 963/963/963
f 966/966/966 965/965/965 963/963/963
f 966/966/966 967/967/967 965/965/965
f 967/967/967 968/968/968 965/965/965
f 971/971/971 970/970/970 969/969/969
f 972/972/972 971/971/971 969/969/969
f 975/975/975 974/974/974 973/973/973
f 976/976/976 975/975/975 973/973/973
f 979/979/979 978/978/978 977/977/977
f 980/980/980 979/979/979 977/977/977
f 981/981/981 979/979/979 980/980/980
f 982/982/982 981/981/981 980/980/980
f 982/982/982 983/983/983 981/981/981
f 983/983/983 984/984/984 981/981/981
f 987/987/987 986/986/986 985/985/985
f 988/988/988 987/987/987 985/985/985
f 989/989/989 987/987/987 988/988/988
f 990/990/990 989/989/989 988/988/988
f 993/993/993 992/992/992 991/991/991
f 994/994/994 993/993/993 991/991/991
f 995/995/995 993/993/993 994/994/994
f 996/996/996 995/995/995 994/994/994
f 999/999/999 998/998/998 997/997/997
f 1000/1000/1000 999/999/999 997/997/997
f 1003/1003/1003 1002/1002/1002 1001/1001/1001
f 1004/1004/1004 1003/1003/1003 1001/1001/1001
f 1004/1004/1004 1005/1005/1005 1003/1003/1003
f 1005/1005/1005 1006/1006/1006 1003/1003/1003
f 1009/1009/1009 1008/1008/1008 1007/1007/1007
f 1010/1010/1010 1009/1009/1009 1007/1007/1007
f 1011/1011/1011 1009/1009/1009 1010/1010/1010
f 1012/1012/1012 1011/1011/1011 1010/1010/1010
f 1015/1015/1015 1014/1014/1014 1013/1013/1013
f 1016/1016/1016 1015/1015/1015 1013/1013/1013
f 1017/1017/1017 1015/1015/1015 1016/1016/1016
f 1018/1018/1018 1017/1017/1017 1016/1016/1016
f 1021/1021/1021 1020/1020/1020 1019/1019/1019
f 1022/1022/1022 1021/1021/1021 1019/1019/1019
f 1025/1025/1025 1024/1024/1024 1023/1023/1023
f 1026/1026/1026 1025/1025/1025 1023/1023/1023
f 1027/1027/1027 1025/1025/1025 1026/1026/1026
f 1028/1028/1028 1027/1027/1027 1026/1026/1026
f 1031/1031/1031 1030/1030/1030 1029/1029/1029
f 1032/1032/1032 1031/1031/1031 1029/1029/1029
f 1035/1035/1035 1034/1034/1034 1033/1033/1033
f 1036/1036/1036 1035/1035/1035 1033/1033/1033
f 1036/1036/1036 1037/1037/1037 1035/1035/1035
f 1037/1037/1037 1038/1038/1038 1035/1035/1035
f 1041/1041/1041 1040/1040/1040 1039/1039/1039
f 1042/1042/1042 1041/1041/1041 1039/1039/1039
f 1042/1042/1042 1043/1043/1043 1041/1041/1041
f 1043/1043/1043 1044/1044/1044 1041/1041/1041
f 1047/1047/1047 1046/1046/1046 1045/1045/1045
f 1048/1048/1048 1047/1047/1047 1045/1045/1045
f 1051/1051/1051 1050/1050/1050 1049/1049/1049
f 1052/1052/1052 1051/1051/1051 1049/1049/1049
f 1055/1055/1055 1054/1054/1054 1053/1053/1053
f 1054/1054/1054 1056/1056/1056 1053/1053/1053
f 1053/1053/1053 1056/1056/1056 1057/1057/1057
f 1056/1056/1056 1058/1058/1058 1057/1057/1057
f 1057/1057/1057 1058/1058/1058 1059/1059/1059
f 1058/1058/1058 1060/1060/1060 1059/1059/1059
f 1060/1060/1060 1061/1061/1061 1059/1059/1059
f 1061/1061/1061 1062/1062/1062 1059/1059/1059
f 1065/1065/1065 1064/1064/1064 1063/1063/1063
f 1064/1064/1064 1066/1066/1066 1063/1063/1063
f 1063/1063/1063 1066/1066/1066 1067/1067/1067
f 1066/1066/1066 1068/1068/1068 1067/1067/1067
f 1067/1067/1067 1068/1068/1068 1069/1069/1069
f 1068/1068/1068 1070/1070/1070 1069/1069/1069
f 1070/1070/1070 1071/1071/1071 1069/1069/1069
f 1071/1071/1071 1072/1072/1072 1069/1069/1069
f 1075/1075/1075 1074/1074/1074 1073/1073/1073
f 1074/1074/1074 1076/1076/1076 1073/1073/1073
f 1073/1073/1073 1076/1076/1076 1077/1077/1077
f 1076/1076/1076 1078/1078/1078 1077/1077/1077
f 1077/1077/1077 1078/1078/1078 1079/1079/1079
f 1078/1078/1078 1080/1080/1080 1079/1079/1079
f 1083/1083/1083 1082/1082/1082 1081/1081/1081
f 1084/1084/1084 1083/1083/1083 1081/1081/1081
f 1084/1084/1084 1085/1085/1085 1083/1083/1083
f 1085/1085/1085 1086/1086/1086 1083/1083/1083
f 1089/1089/1089 1088/1088/1088 1087/1087/1087
f 1088/1088/1088 1090/1090/1090 1087/1087/1087
f 1087/1087/1087 1090/1090/1090 1091/1091/1091
f 1090/1090/1090 1092/1092/1092 1091/1091/1091
f 1091/1091/1091 1092/1092/1092 1093/1093/1093
f 1092/1092/1092 1094/1094/1094 1093/1093/1093
f 1097/1097/1097 1096/1096/1096 1095/1095/1095
f 1098/1098/1098 1097/1097/1097 1095/1095/1095
f 1098/1098/1098 1099/1099/1099 1097/1097/1097
f 1099/1099/1099 1100/1100/1100 1097/1097/1097
f 1103/1103/1103 1102/1102/1102 1101/1101/1101
f 1104/1104/1104 1103/1103/1103 1101/1101/1101
f 1107/1107/1107 1106/1106/1106 1105/1105/1105
f 1108/1108/1108 1107/1107/1107 1105/1105/1105
f 1111/1111/1111 1110/1110/1110 1109/1109/1109
f 1112/1112/1112 1111/1111/1111 1109/1109/1109
f 1113/1113/1113 1112/1112/1112 1109/1109/1109
f 1114/1114/1114 1113/1113/1113 1109/1109/1109
f 1117/1117/1117 1116/1116/1116 1115/1115/1115
f 1118/1118/1118 1117/1117/1117 1115/1115/1115
f 1119/1119/1119 1118/1118/1118 1115/1115/1115
f 1120/1120/1120 1119/1119/1119 1115/1115/1115
f 1123/1123/1123 1122/1122/1122 1121/1121/1121
f 1122/1122/1122 1124/1124/1124 1121/1121/1121
f 1121/1121/1121 1124/1124/1124 1125/1125/1125
f 1124/1124/1124 1126/1126/1126 1125/1125/1125
f 1125/1125/1125 1126/1126/1126 1127/1127/1127
f 1126/1126/1126 1128/1128/1128 1127/1127/1127
f 1128/1128/1128 1129/1129/1129 1127/1127/1127
f 1129/1129/1129 1130/1130/1130 1127/1127/1127
f 1133/1133/1133 1132/1132/1132 1131/1131/1131
f 1132/1132/1132 1134/1134/1134 1131/1131/1131
f 1131/1131/1131 1134/1134/1134 1135/1135/1135
f 1134/1134/1134 1136/1136/1136 1135/1135/1135
f 1135/1135/1135 1136/1136/1136 1137/1137/1137
f 1136/1136/1136 1138/1138/1138 1137/1137/1137
f 1141/1141/1141 1140/1140/1140 1139/1139/1139
f 1140/1140/1140 1142/1142/1142 1139/1139/1139
f 1139/1139/1139 1142/1142/1142 1143/1143/1143
f 1142/1142/1142 1144/1144/1144 1143/1143/1143
f 1143/1143/1143 1144/1144/1144 1145/1145/1145
f 1144/1144/1144 1146/1146/1146 1145/1145/1145
f 1149/1149/1149 1148/1148/1148 1147/1147/1147
f 1150/1150/1150 1149/1149/1149 1147/1147/1147
f 1150/1150/1150 1151/1151/1151 1149/1149/1149
f 1151/1151/1151 1152/1152/1152 1149/1149/1149
f 1155/1155/1155 1154/1154/1154 1153/1153/1153
f 1156/1156/1156 1155/1155/1155 1153/1153/1153
f 1156/1156/1156 1157/1157/1157 1155/1155/1155
f 1157/1157/1157 1158/1158/1158 1155/1155/1155
f 1161/1161/1161 1160/1160/1160 1159/1159/1159
f 1162/1162/1162 1161/1161/1161 1159/1159/1159
f 1165/1165/1165 1164/1164/1164 1163/1163/1163
f 1166/1166/1166 1165/1165/1165 1163/1163/1163
f 1166/1166/1166 1163/1163/1163 1167/1167/1167
f 1163/1163/1163 1168/1168/1168 1167/1167/1167
f 1167/1167/1167 1168/1168/1168 1169/1169/1169
f 1168/1168/1168 1170/1170/1170 1169/1169/1169
f 1169/1169/1169 1170/1170/1170 1171/1171/1171
f 1170/1170/1170 1172/1172/1172 1171/1171/1171
f 1175/1175/1175 1174/1174/1174 1173/1173/1173
f 1176/1176/1176 1175/1175/1175 1173/1173/1173
f 1179/1179/1179 1178/1178/1178 1177/1177/1177
f 1180/1180/1180 1179/1179/1179 1177/1177/1177
f 1181/1181/1181 1180/1180/1180 1177/1177/1177
f 1182/1182/1182 1181/1181/1181 1177/1177/1177
f 1185/1185/1185 1184/1184/1184 1183/1183/1183
f 1186/1186/1186 1185/1185/1185 1183/1183/1183
f 1187/1187/1187 1186/1186/1186 1183/1183/1183
f 1188/1188/1188 1187/1187/1187 1183/1183/1183
f 1191/1191/1191 1190/1190/1190 1189/1189/1189
f 1190/1190/1190 1192/1192/1192 1189/1189/1189
f 1189/1189/1189 1192/1192/1192 1193/1193/1193
f 1192/1192/1192 1194/1194/1194 1193/1193/1193
f 1193/1193/1193 1194/1194/1194 1195/1195/1195
f 1194/1194/1194 1196/1196/1196 1195/1195/1195
f 1196/1196/1196 1197/1197/1197 1195/1195/1195
f 1197/1197/1197 1198/1198/1198 1195/1195/1195
f 1201/1201/1201 1200/1200/1200 1199/1199/1199
f 1200/1200/1200 1202/1202/1202 1199/1199/1199
f 1199/1199/1199 1202/1202/1202 1203/1203/1203
f 1202/1202/1202 1204/1204/1204 1203/1203/1203
f 1203/1203/1203 1204/1204/1204 1205/1205/1205
f 1204/1204/1204 1206/1206/1206 1205/1205/1205
f 1209/1209/1209 1208/1208/1208 1207/1207/1207
f 1208/1208/1208 1210/1210/1210 1207/1207/1207
f 1207/1207/1207 1210/1210/1210 1211/1211/1211
f 1210/1210/1210 1212/1212/1212 1211/1211/1211
f 1211/1211/1211 1212/1212/1212 1213/1213/1213
f 1212/1212/1212 1214/1214/1214 1213/1213/1213
f 1217/1217/1217 1216/1216/1216 1215/1215/1215
f 1218/1218/1218 1217/1217/1217 1215/1215/1215
f 1218/1218/1218 1219/1219/1219 1217/1217/1217
f 1219/1219/1219 1220/1220/1220 1217/1217/1217
f 1223/1223/1223 1222/1222/1222 1221/1221/1221
f 1224/1224/1224 1223/1223/1223 1221/1221/1221
f 1224/1224/1224 1225/1225/1225 1223/1223/1223
f 1225/1225/1225 1226/1226/1226 1223/1223/1223
f 1229/1229/1229 1228/1228/1228 1227/1227/1227
f 1230/1230/1230 1229/1229/1229 1227/1227/1227
f 1233/1233/1233 1232/1232/1232 1231/1231/1231
f 1234/1234/1234 1233/1233/1233 1231/1231/1231
f 1234/1234/1234 1231/1231/1231 1235/1235/1235
f 1231/1231/1231 1236/1236/1236 1235/1235/1235
f 1235/1235/1235 1236/1236/1236 1237/1237/1237
f 1236/1236/1236 1238/1238/1238 1237/1237/1237
f 1237/1237/1237 1238/1238/1238 1239/1239/1239
f 1238/1238/1238 1240/1240/1240 1239/1239/1239
f 1243/1243/1243 1242/1242/1242 1241/1241/1241
f 1244/1244/1244 1243/1243/1243 1241/1241/1241
f 1247/1247/1247 1246/1246/1246 1245/1245/1245
f 1248/1248/1248 1247/1247/1247 1245/1245/1245
f 1249/1249/1249 1248/1248/1248 1245/1245/1245
f 1250/1250/1250 1249/1249/1249 1245/1245/1245
f 1253/1253/1253 1252/1252/1252 1251/1251/1251
f 1254/1254/1254 1253/1253/1253 1251/1251/1251
f 1255/1255/1255 1254/1254/1254 1251/1251/1251
f 1256/1256/1256 1255/1255/1255 1251/1251/1251
f 1259/1259/1259 1258/1258/1258 1257/1257/1257
f 1258/1258/1258 1260/1260/1260 1257/1257/1257
f 1257/1257/1257 1260/1260/1260 1261/1261/1261
f 1260/1260/1260 1262/1262/1262 1261/1261/1261
f 1261/1261/1261 1262/1262/1262 1263/1263/1263
f 1262/1262/1262 1264/1264/1264 1263/1263/1263
f 1267/1267/1267 1266/1266/1266 1265/1265/1265
f 1266/1266/1266 1268/1268/1268 1265/1265/1265
f 1265/1265/1265 1268/1268/1268 1269/1269/1269
f 1268/1268/1268 1270/1270/1270 1269/1269/1269
f 1269/1269/1269 1270/1270/1270 1271/1271/1271
f 1270/1270/1270 1272/1272/1272 1271/1271/1271
f 1275/1275/1275 1274/1274/1274 1273/1273/1273
f 1276/1276/1276 1275/1275/1275 1273/1273/1273
f 1276/1276/1276 1277/1277/1277 1275/1275/1275
f 1277/1277/1277 1278/1278/1278 1275/1275/1275
f 1281/1281/1281 1280/1280/1280 1279/1279/1279
f 1282/1282/1282 1281/1281/1281 1279/1279/1279
f 1282/1282/1282 1283/1283/1283 1281/1281/1281
f 1283/1283/1283 1284/1284/1284 1281/1281/1281
f 1287/1287/1287 1286/1286/1286 1285/1285/1285
f 1288/1288/1288 1287/1287/1287 1285/1285/1285
f 1291/1291/1291 1290/1290/1290 1289/1289/1289
f 1292/1292/1292 1291/1291/1291 1289/1289/1289
f 1292/1292/1292 1289/1289/1289 1293/1293/1293
f 1289/1289/1289 1294/1294/1294 1293/1293/1293
f 1293/1293/1293 1294/1294/1294 1295/1295/1295
f 1294/1294/1294 1296/1296/1296 1295/1295/1295
f 1295/1295/1295 1296/1296/1296 1297/1297/1297
f 1296/1296/1296 1298/1298/1298 1297/1297/1297
f 1301/1301/1301 1300/1300/1300 1299/1299/1299
f 1302/1302/1302 1301/1301/1301 1299/1299/1299
f 1305/1305/1305 1304/1304/1304 1303/1303/1303
f 1306/1306/1306 1305/1305/1305 1303/1303/1303
f 1306/1306/1306 1303/1303/1303 1307/1307/1307
f 1303/1303/1303 1308/1308/1308 1307/1307/1307
f 1307/1307/1307 1308/1308/1308 1309/1309/1309
f 1308/1308/1308 1310/1310/1310 1309/1309/1309
f 1309/1309/1309 1310/1310/1310 1311/1311/1311
f 1310/1310/1310 1312/1312/1312 1311/1311/1311
f 1315/1315/1315 1314/1314/1314 1313/1313/1313
f 1316/1316/1316 1315/1315/1315 1313/1313/1313
f 1317/1317/1317 1316/1316/1316 1313/1313/1313
f 1318/1318/1318 1317/1317/1317 1313/1313/1313
f 1321/1321/1321 1320/1320/1320 1319/1319/1319
f 1322/1322/1322 1321/1321/1321 1319/1319/1319
f 1323/1323/1323 1322/1322/1322 1319/1319/1319
f 1324/1324/1324 1323/1323/1323 1319/1319/1319
f 1327/1327/1327 1326/1326/1326 1325/1325/1325
f 1328/1328/1328 1327/1327/1327 1325/1325/1325
f 1328/1328/1328 1325/1325/1325 1329/1329/1329
f 1330/1330/1330 1328/1328/1328 1329/1329/1329
f 1333/1333/1333 1332/1332/1332 1331/1331/1331
f 1334/1334/1334 1333/1333/1333 1331/1331/1331
f 1335/1335/1335 1333/1333/1333 1334/1334/1334
f 1336/1336/1336 1335/1335/1335 1334/1334/1334
f 1336/1336/1336 1337/1337/1337 1335/1335/1335
f 1337/1337/1337 1338/1338/1338 1335/1335/1335
f 1341/1341/1341 1340/1340/1340 1339/1339/1339
f 1342/1342/1342 1341/1341/1341 1339/1339/1339
f 1343/1343/1343 1341/1341/1341 1342/1342/1342
f 1344/1344/1344 1343/1343/1343 1342/1342/1342
f 1347/1347/1347 1346/1346/1346 1345/1345/1345
f 1348/1348/1348 1347/1347/1347 1345/1345/1345
f 1348/1348/1348 1349/1349/1349 1347/1347/1347
f 1349/1349/1349 1350/1350/1350 1347/1347/1347
f 1353/1353/1353 1352/1352/1352 1351/1351/1351
f 1354/1354/1354 1353/1353/1353 1351/1351/1351
f 1354/1354/1354 1355/1355/1355 1353/1353/1353
f 1355/1355/1355 1356/1356/1356 1353/1353/1353
f 1359/1359/1359 1358/1358/1358 1357/1357/1357
f 1360/1360/1360 1359/1359/1359 1357/1357/1357
f 1361/1361/1361 1360/1360/1360 1357/1357/1357
f 1362/1362/1362 1361/1361/1361 1357/1357/1357
f 1363/1363/1363 1361/1361/1361 1362/1362/1362
f 1364/1364/1364 1363/1363/1363 1362/1362/1362
f 1367/1367/1367 1366/1366/1366 1365/1365/1365
f 1368/1368/1368 1367/1367/1367 1365/1365/1365
f 1371/1371/1371 1370/1370/1370 1369/1369/1369
f 1372/1372/1372 1371/1371/1371 1369/1369/1369
f 1373/1373/1373 1372/1372/1372 1369/1369/1369
f 1374/1374/1374 1373/1373/1373 1369/1369/1369
f 1375/1375/1375 1373/1373/1373 1374/1374/1374
f 1376/1376/1376 1375/1375/1375 1374/1374/1374
f 1379/1379/1379 1378/1378/1378 1377/1377/1377
f 1380/1380/1380 1379/1379/1379 1377/1377/1377
f 1381/1381/1381 1380/1380/1380 1377/1377/1377
f 1382/1382/1382 1381/1381/1381 1377/1377/1377
f 1383/1383/1383 1381/1381/1381 1382/1382/1382
f 1384/1384/1384 1383/1383/1383 1382/1382/1382
f 1387/1387/1387 1386/1386/1386 1385/1385/1385
f 1388/1388/1388 1387/1387/1387 1385/1385/1385
f 1389/1389/1389 1388/1388/1388 1385/1385/1385
f 1390/1390/1390 1389/1389/1389 1385/1385/1385
f 1391/1391/1391 1389/1389/1389 1390/1390/1390
f 1392/1392/1392 1391/1391/1391 1390/1390/1390
f 1395/1395/1395 1394/1394/1394 1393/1393/1393
f 1396/1396/1396 1395/1395/1395 1393/1393/1393
f 1396/1396/1396 1393/1393/1393 1397/1397/1397
f 1398/1398/1398 1396/1396/1396 1397/1397/1397
f 1401/1401/1401 1400/1400/1400 1399/1399/1399
f 1402/1402/1402 1401/1401/1401 1399/1399/1399
f 1403/1403/1403 1401/1401/1401 1402/1402/1402
f 1404/1404/1404 1403/1403/1403 1402/1402/1402
f 1404/1404/1404 1405/1405/1405 1403/1403/1403
f 1405/1405/1405 1406/1406/1406 1403/1403/1403
f 1409/1409/1409 1408/1408/1408 1407/1407/1407
f 1410/1410/1410 1409/1409/1409 1407/1407/1407
f 1411/1411/1411 1409/1409/1409 1410/1410/1410
f 1412/1412/1412 1411/1411/1411 1410/1410/1410
f 1415/1415/1415 1414/1414/1414 1413/1413/1413
f 1416/1416/1416 1415/1415/1415 1413/1413/1413
f 1416/1416/1416 1417/1417/1417 1415/1415/1415
f 1417/1417/1417 1418/1418/1418 1415/1415/1415
f 1421/1421/1421 1420/1420/1420 1419/1419/1419
f 1422/1422/1422 1421/1421/1421 1419/1419/1419
f 1422/1422/1422 1423/1423/1423 1421/1421/1421
f 1423/1423/1423 1424/1424/1424 1421/1421/1421
f 1427/1427/1427 1426/1426/1426 1425/1425/1425
f 1428/1428/1428 1427/1427/1427 1425/1425/1425
f 1429/1429/1429 1428/1428/1428 1425/1425/1425
f 1430/1430/1430 1429/1429/1429 1425/1425/1425
f 1431/1431/1431 1429/1429/1429 1430/1430/1430
f 1432/1432/1432 1431/1431/1431 1430/1430/1430
f 1435/1435/1435 1434/1434/1434 1433/1433/1433
f 1436/1436/1436 1435/1435/1435 1433/1433/1433
f 1439/1439/1439 1438/1438/1438 1437/1437/1437
f 1440/1440/1440 1439/1439/1439 1437/1437/1437
f 1441/1441/1441 1440/1440/1440 1437/1437/1437
f 1442/1442/1442 1441/1441/1441 1437/1437/1437
f 1443/1443/1443 1441/1441/1441 1442/1442/1442
f 1444/1444/1444 1443/1443/1443 1442/1442/1442
f 1447/1447/1447 1446/1446/1446 1445/1445/1445
f 1448/1448/1448 1447/1447/1447 1445/1445/1445
f 1449/1449/1449 1448/1448/1448 1445/1445/1445
f 1450/1450/1450 1449/1449/1449 1445/1445/1445
f 1451/1451/1451 1449/1449/1449 1450/1450/1450
f 1452/1452/1452 1451/1451/1451 1450/1450/1450
f 1455/1455/1455 1454/1454/1454 1453/1453/1453
f 1456/1456/1456 1455/1455/1455 1453/1453/1453
f 1457/1457/1457 1456/1456/1456 1453/1453/1453
f 1458/1458/1458 1457/1457/1457 1453/1453/1453
f 1459/1459/1459 1457/1457/1457 1458/1458/1458
f 1460/1460/1460 1459/1459/1459 1458/1458/1458
f 1463/1463/1463 1462/1462/1462 1461/1461/1461
f 1464/1464/1464 1463/1463/1463 1461/1461/1461
f 1465/1465/1465 1463/1463/1463 1464/1464/1464
f 1466/1466/1466 1465/1465/1465 1464/1464/1464
f 1469/1469/1469 1468/1468/1468 1467/1467/1467
f 1470/1470/1470 1469/1469/1469 1467/1467/1467
f 1473/1473/1473 1472/1472/1472 1471/1471/1471
f 1474/1474/1474 1473/1473/1473 1471/1471/1471
f 1474/1474/1474 1471/1471/1471 1475/1475/1475
f 1471/1471/1471 1476/1476/1476 1475/1475/1475
f 1475/1475/1475 1476/1476/1476 1477/1477/1477
f 1476/1476/1476 1478/1478/1478 1477/1477/1477
f 1477/1477/1477 1478/1478/1478 1479/1479/1479
f 1478/1478/1478 1480/1480/1480 1479/1479/1479
f 1483/1483/1483 1482/1482/1482 1481/1481/1481
f 1484/1484/1484 1483/1483/1483 1481/1481/1481
f 1485/1485/1485 1484/1484/1484 1481/1481/1481
f 1486/1486/1486 1485/1485/1485 1481/1481/1481
f 1489/1489/1489 1488/1488/1488 1487/1487/1487
f 1490/1490/1490 1489/1489/1489 1487/1487/1487
f 1493/1493/1493 1492/1492/1492 1491/1491/1491
f 1494/1494/1494 1493/1493/1493 1491/1491/1491
f 1494/1494/1494 1491/1491/1491 1495/1495/1495
f 1491/1491/1491 1496/1496/1496 1495/1495/1495
f 1495/1495/1495 1496/1496/1496 1497/1497/1497
f 1496/1496/1496 1498/1498/1498 1497/1497/1497
f 1497/1497/1497 1498/1498/1498 1499/1499/1499
f 1498/1498/1498 1500/1500/1500 1499/1499/1499
f 1503/1503/1503 1502/1502/1502 1501/1501/1501
f 1504/1504/1504 1503/1503/1503 1501/1501/1501
f 1507/1507/1507 1506/1506/1506 1505/1505/1505
f 1508/1508/1508 1507/1507/1507 1505/1505/1505
f 1509/1509/1509 1508/1508/1508 1505/1505/1505
f 1510/1510/1510 1509/1509/1509 1505/1505/1505
f 1513/1513/1513 1512/1512/1512 1511/1511/1511
f 1514/1514/1514 1513/1513/1513 1511/1511/1511
f 1514/1514/1514 1511/1511/1511 1515/1515/1515
f 1511/1511/1511 1516/1516/1516 1515/1515/1515
f 1515/1515/1515 1516/1516/1516 1517/1517/1517
f 1516/1516/1516 1518/1518/1518 1517/1517/1517
f 1517/1517/1517 1518/1518/1518 1519/1519/1519
f 1518/1518/1518 1520/1520/1520 1519/1519/1519
f 1517/1517/1517 1519/1519/1519 1521/1521/1521
f 1522/1522/1522 1517/1517/1517 1521/1521/1521
f 1525/1525/1525 1524/1524/1524 1523/1523/1523
f 1526/1526/1526 1525/1525/1525 1523/1523/1523
f 1526/1526/1526 1523/1523/1523 1527/1527/1527
f 1528/1528/1528 1526/1526/1526 1527/1527/1527
f 1531/1531/1531 1530/1530/1530 1529/1529/1529
f 1530/1530/1530 1532/1532/1532 1529/1529/1529
f 1529/1529/1529 1532/1532/1532 1533/1533/1533
f 1532/1532/1532 1534/1534/1534 1533/1533/1533
f 1533/1533/1533 1534/1534/1534 1535/1535/1535
f 1534/1534/1534 1536/1536/1536 1535/1535/1535
f 1539/1539/1539 1538/1538/1538 1537/1537/1537
f 1540/1540/1540 1539/1539/1539 1537/1537/1537
f 1543/1543/1543 1542/1542/1542 1541/1541/1541
f 1544/1544/1544 1543/1543/1543 1541/1541/1541
f 1544/1544/1544 1541/1541/1541 1545/1545/1545
f 1541/1541/1541 1546/1546/1546 1545/1545/1545
f 1545/1545/1545 1546/1546/1546 1547/1547/1547
f 1546/1546/1546 1548/1548/1548 1547/1547/1547
f 1547/1547/1547 1548/1548/1548 1549/1549/1549
f 1548/1548/1548 1550/1550/1550 1549/1549/1549
f 1553/1553/1553 1552/1552/1552 1551/1551/1551
f 1554/1554/1554 1553/1553/1553 1551/1551/1551
f 1555/1555/1555 1554/1554/1554 1551/1551/1551
f 1556/1556/1556 1555/1555/1555 1551/1551/1551
f 1555/1555/1555 1557/1557/1557 1554/1554/1554
f 1557/1557/1557 1558/1558/1558 1554/1554/1554
f 1561/1561/1561 1560/1560/1560 1559/1559/1559
f 1562/1562/1562 1561/1561/1561 1559/1559/1559
f 1565/1565/1565 1564/1564/1564 1563/1563/1563
f 1566/1566/1566 1565/1565/1565 1563/1563/1563
f 1566/1566/1566 1563/1563/1563 1567/1567/1567
f 1563/1563/1563 1568/1568/1568 1567/1567/1567
f 1567/1567/1567 1568/1568/1568 1569/1569/1569
f 1568/1568/1568 1570/1570/1570 1569/1569/1569
f 1569/1569/1569 1570/1570/1570 1571/1571/1571
f 1570/1570/1570 1572/1572/1572 1571/1571/1571
f 1575/1575/1575 1574/1574/1574 1573/1573/1573
f 1576/1576/1576 1575/1575/1575 1573/1573/1573
f 1579/1579/1579 1578/1578/1578 1577/1577/1577
f 1580/1580/1580 1579/1579/1579 1577/1577/1577
f 1583/1583/1583 1582/1582/1582 1581/1581/1581
f 1584/1584/1584 1583/1583/1583 1581/1581/1581
f 1584/1584/1584 1581/1581/1581 1585/1585/1585
f 1581/1581/1581 1586/1586/1586 1585/1585/1585
f 1585/1585/1585 1586/1586/1586 1587/1587/1587
f 1586/1586/1586 1588/1588/1588 1587/1587/1587
f 1587/1587/1587 1588/1588/1588 1589/1589/1589
f 1588/1588/1588 1590/1590/1590 1589/1589/1589
f 1593/1593/1593 1592/1592/1592 1591/1591/1591
f 1594/1594/1594 1593/1593/1593 1591/1591/1591
f 1594/1594/1594 1591/1591/1591 1595/1595/1595
f 1596/1596/1596 1594/1594/1594 1595/1595/1595
f 1599/1599/1599 1598/1598/1598 1597/1597/1597
f 1600/1600/1600 1599/1599/1599 1597/1597/1597
f 1600/1600/1600 1597/1597/1597 1601/1601/1601
f 1602/1602/1602 1600/1600/1600 1601/1601/1601
f 1603/1603/1603 1599/1599/1599 1600/1600/1600
f 1603/1603/1603 1604/1604/1604 1599/1599/1599
f 1604/1604/1604 1605/1605/1605 1599/1599/1599
f 1606/1606/1606 1603/1603/1603 1600/1600/1600
f 1606/1606/1606 1600/1600/1600 1602/1602/1602
f 1607/1607/1607 1603/1603/1603 1606/1606/1606
f 1608/1608/1608 1607/1607/1607 1606/1606/1606
f 1609/1609/1609 1606/1606/1606 1602/1602/1602
f 1608/1608/1608 1606/1606/1606 1609/1609/1609
f 1609/1609/1609 1602/1602/1602 1610/1610/1610
f 1611/1611/1611 1608/1608/1608 1609/1609/1609
f 1612/1612/1612 1609/1609/1609 1610/1610/1610
f 1611/1611/1611 1609/1609/1609 1612/1612/1612
f 1613/1613/1613 1611/1611/1611 1612/1612/1612
f 1616/1616/1616 1615/1615/1615 1614/1614/1614
f 1615/1615/1615 1617/1617/1617 1614/1614/1614
f 1614/1614/1614 1617/1617/1617 1618/1618/1618
f 1617/1617/1617 1619/1619/1619 1618/1618/1618
f 1617/1617/1617 1620/1620/1620 1619/1619/1619
f 1620/1620/1620 1621/1621/1621 1619/1619/1619
f 1615/1615/1615 1622/1622/1622 1617/1617/1617
f 1622/1622/1622 1620/1620/1620 1617/1617/1617
f 1620/1620/1620 1623/1623/1623 1621/1621/1621
f 1623/1623/1623 1624/1624/1624 1621/1621/1621
f 1623/1623/1623 1625/1625/1625 1624/1624/1624
f 1625/1625/1625 1626/1626/1626 1624/1624/1624
f 1627/1627/1627 1623/1623/1623 1620/1620/1620
f 1622/1622/1622 1627/1627/1627 1620/1620/1620
f 1628/1628/1628 1627/1627/1627 1622/1622/1622
f 1629/1629/1629 1628/1628/1628 1622/1622/1622
f 1629/1629/1629 1622/1622/1622 1615/1615/1615
f 1630/1630/1630 1629/1629/1629 1615/1615/1615
f 1633/1633/1633 1632/1632/1632 1631/1631/1631
f 1632/1632/1632 1634/1634/1634 1631/1631/1631
f 1631/1631/1631 1634/1634/1634 1635/1635/1635
f 1634/1634/1634 1636/1636/1636 1635/1635/1635
f 1632/1632/1632 1637/1637/1637 1634/1634/1634
f 1634/1634/1634 1638/1638/1638 1636/1636/1636
f 1637/1637/1637 1638/1638/1638 1634/1634/1634
f 1639/1639/1639 1637/1637/1637 1632/1632/1632
f 1640/1640/1640 1639/1639/1639 1632/1632/1632
f 1639/1639/1639 1641/1641/1641 1637/1637/1637
f 1641/1641/1641 1642/1642/1642 1637/1637/1637
f 1637/1637/1637 1642/1642/1642 1638/1638/1638
f 1642/1642/1642 1643/1643/1643 1638/1638/1638
f 1638/1638/1638 1644/1644/1644 1636/1636/1636
f 1638/1638/1638 1643/1643/1643 1644/1644/1644
f 1636/1636/1636 1644/1644/1644 1645/1645/1645
f 1643/1643/1643 1646/1646/1646 1644/1644/1644
f 1644/1644/1644 1647/1647/1647 1645/1645/1645
f 1644/1644/1644 1646/1646/1646 1647/1647/1647
f 1646/1646/1646 1648/1648/1648 1647/1647/1647
f 1651/1651/1651 1650/1650/1650 1649/1649/1649
f 1652/1652/1652 1651/1651/1651 1649/1649/1649
f 1652/1652/1652 1649/1649/1649 1653/1653/1653
f 1654/1654/1654 1651/1651/1651 1652/1652/1652
f 1654/1654/1654 1655/1655/1655 1651/1651/1651
f 1654/1654/1654 1656/1656/1656 1655/1655/1655
f 1654/1654/1654 1657/1657/1657 1656/1656/1656
f 1654/1654/1654 1658/1658/1658 1657/1657/1657
f 1654/1654/1654 1659/1659/1659 1658/1658/1658
f 1654/1654/1654 1660/1660/1660 1659/1659/1659
f 1654/1654/1654 1661/1661/1661 1660/1660/1660
f 1654/1654/1654 1662/1662/1662 1661/1661/1661
f 1663/1663/1663 1652/1652/1652 1653/1653/1653
f 1654/1654/1654 1652/1652/1652 1663/1663/1663
f 1663/1663/1663 1653/1653/1653 1664/1664/1664
f 1654/1654/1654 1665/1665/1665 1662/1662/1662
f 1654/1654/1654 1663/1663/1663 1665/1665/1665
f 1665/1665/1665 1663/1663/1663 1664/1664/1664
f 1662/1662/1662 1665/1665/1665 1666/1666/1666
f 1665/1665/1665 1664/1664/1664 1666/1666/1666
f 1669/1669/1669 1668/1668/1668 1667/1667/1667
f 1668/1668/1668 1670/1670/1670 1667/1667/1667
f 1667/1667/1667 1670/1670/1670 1671/1671/1671
f 1668/1668/1668 1672/1672/1672 1670/1670/1670
f 1670/1670/1670 1673/1673/1673 1671/1671/1671
f 1671/1671/1671 1673/1673/1673 1674/1674/1674
f 1673/1673/1673 1675/1675/1675 1674/1674/1674
f 1672/1672/1672 1676/1676/1676 1670/1670/1670
f 1670/1670/1670 1676/1676/1676 1673/1673/1673
f 1672/1672/1672 1677/1677/1677 1676/1676/1676
f 1677/1677/1677 1678/1678/1678 1676/1676/1676
f 1673/1673/1673 1679/1679/1679 1675/1675/1675
f 1676/1676/1676 1679/1679/1679 1673/1673/1673
f 1676/1676/1676 1678/1678/1678 1679/1679/1679
f 1679/1679/1679 1680/1680/1680 1675/1675/1675
f 1678/1678/1678 1681/1681/1681 1679/1679/1679
f 1679/1679/1679 1681/1681/1681 1680/1680/1680
f 1681/1681/1681 1682/1682/1682 1680/1680/1680
f 1685/1685/1685 1684/1684/1684 1683/1683/1683
f 1684/1684/1684 1686/1686/1686 1683/1683/1683
f 1684/1684/1684 1687/1687/1687 1686/1686/1686
f 1683/1683/1683 1686/1686/1686 1688/1688/1688
f 1689/1689/1689 1683/1683/1683 1688/1688/1688
f 1690/1690/1690 1689/1689/1689 1688/1688/1688
f 1691/1691/1691 1690/1690/1690 1688/1688/1688
f 1692/1692/1692 1691/1691/1691 1688/1688/1688
f 1693/1693/1693 1692/1692/1692 1688/1688/1688
f 1694/1694/1694 1693/1693/1693 1688/1688/1688
f 1687/1687/1687 1695/1695/1695 1686/1686/1686
f 1686/1686/1686 1695/1695/1695 1688/1688/1688
f 1687/1687/1687 1696/1696/1696 1695/1695/1695
f 1697/1697/1697 1694/1694/1694 1688/1688/1688
f 1698/1698/1698 1694/1694/1694 1697/1697/1697
f 1699/1699/1699 1698/1698/1698 1697/1697/1697
f 1699/1699/1699 1697/1697/1697 1700/1700/1700
f 1700/1700/1700 1697/1697/1697 1688/1688/1688
f 1701/1701/1701 1699/1699/1699 1700/1700/1700
f 1695/1695/1695 1702/1702/1702 1688/1688/1688
f 1702/1702/1702 1700/1700/1700 1688/1688/1688
f 1701/1701/1701 1700/1700/1700 1702/1702/1702
f 1696/1696/1696 1702/1702/1702 1695/1695/1695
f 1696/1696/1696 1701/1701/1701 1702/1702/1702
f 1703/1703/1703 1701/1701/1701 1696/1696/1696
f 1704/1704/1704 1703/1703/1703 1696/1696/1696
f 1707/1707/1707 1706/1706/1706 1705/1705/1705
f 1705/1705/1705 1706/1706/1706 1708/1708/1708
f 1711/1711/1711 1710/1710/1710 1709/1709/1709
f 1712/1712/1712 1710/1710/1710 1711/1711/1711
f 1711/1711/1711 1713/1713/1713 1712/1712/1712
f 1713/1713/1713 1714/1714/1714 1712/1712/1712
f 1713/1713/1713 1715/1715/1715 1714/1714/1714
f 1718/1718/1718 1717/1717/1717 1716/1716/1716
f 1716/1716/1716 1717/1717/1717 1719/1719/1719
f 1720/1720/1720 1716/1716/1716 1719/1719/1719
f 1721/1721/1721 1720/1720/1720 1719/1719/1719
f 1717/1717/1717 1722/1722/1722 1719/1719/1719
f 1722/1722/1722 1717/1717/1717 1723/1723/1723
f 1722/1722/1722 1724/1724/1724 1719/1719/1719
f 1724/1724/1724 1722/1722/1722 1723/1723/1723
f 1724/1724/1724 1723/1723/1723 1725/1725/1725
f 1726/1726/1726 1721/1721/1721 1719/1719/1719
f 1727/1727/1727 1726/1726/1726 1719/1719/1719
f 1721/1721/1721 1726/1726/1726 1728/1728/1728
f 1726/1726/1726 1727/1727/1727 1729/1729/1729
f 1727/1727/1727 1725/1725/1725 1729/1729/1729
f 1730/1730/1730 1721/1721/1721 1728/1728/1728
f 1730/1730/1730 1728/1728/1728 1731/1731/1731
f 1732/1732/1732 1730/1730/1730 1731/1731/1731
f 1729/1729/1729 1725/1725/1725 1733/1733/1733
f 1725/1725/1725 1723/1723/1723 1734/1734/1734
f 1733/1733/1733 1725/1725/1725 1734/1734/1734
f 1735/1735/1735 1733/1733/1733 1734/1734/1734
f 1723/1723/1723 1736/1736/1736 1734/1734/1734
f 1735/1735/1735 1737/1737/1737 1733/1733/1733
f 1723/1723/1723 1738/1738/1738 1736/1736/1736
f 1737/1737/1737 1739/1739/1739 1733/1733/1733
f 1738/1738/1738 1740/1740/1740 1736/1736/1736
f 1740/1740/1740 1741/1741/1741 1736/1736/1736
f 1739/1739/1739 1737/1737/1737 1742/1742/1742
f 1743/1743/1743 1742/1742/1742 1737/1737/1737
f 1744/1744/1744 1739/1739/1739 1742/1742/1742
f 1745/1745/1745 1741/1741/1741 1740/1740/1740
f 1746/1746/1746 1745/1745/1745 1740/1740/1740
f 1741/1741/1741 1745/1745/1745 1747/1747/1747
f 1748/1748/1748 1741/1741/1741 1747/1747/1747
f 1741/1741/1741 1748/1748/1748 1749/1749/1749
f 1741/1741/1741 1750/1750/1750 1736/1736/1736
f 1736/1736/1736 1750/1750/1750 1751/1751/1751
f 1752/1752/1752 1741/1741/1741 1749/1749/1749
f 1752/1752/1752 1749/1749/1749 1751/1751/1751
f 1750/1750/1750 1741/1741/1741 1752/1752/1752
f 1750/1750/1750 1752/1752/1752 1751/1751/1751
f 1755/1755/1755 1754/1754/1754 1753/1753/1753
f 1753/1753/1753 1754/1754/1754 1756/1756/1756
f 1754/1754/1754 1757/1757/1757 1756/1756/1756
f 1760/1760/1760 1759/1759/1759 1758/1758/1758
f 1759/1759/1759 1761/1761/1761 1758/1758/1758
f 1758/1758/1758 1761/1761/1761 1762/1762/1762
f 1763/1763/1763 1758/1758/1758 1762/1762/1762
f 1764/1764/1764 1758/1758/1758 1763/1763/1763
f 1763/1763/1763 1762/1762/1762 1765/1765/1765
f 1762/1762/1762 1761/1761/1761 1766/1766/1766
f 1761/1761/1761 1767/1767/1767 1766/1766/1766
f 1767/1767/1767 1768/1768/1768 1766/1766/1766
f 1766/1766/1766 1768/1768/1768 1769/1769/1769
f 1768/1768/1768 1770/1770/1770 1769/1769/1769
f 1766/1766/1766 1769/1769/1769 1771/1771/1771
f 1762/1762/1762 1766/1766/1766 1771/1771/1771
f 1762/1762/1762 1771/1771/1771 1772/1772/1772
f 1762/1762/1762 1772/1772/1772 1765/1765/1765
f 1772/1772/1772 1773/1773/1773 1765/1765/1765
f 1765/1765/1765 1773/1773/1773 1774/1774/1774
f 1765/1765/1765 1774/1774/1774 1775/1775/1775
f 1774/1774/1774 1776/1776/1776 1775/1775/1775
f 1777/1777/1777 1775/1775/1775 1776/1776/1776
f 1765/1765/1765 1775/1775/1775 1778/1778/1778
f 1777/1777/1777 1779/1779/1779 1775/1775/1775
f 1775/1775/1775 1780/1780/1780 1778/1778/1778
f 1778/1778/1778 1780/1780/1780 1764/1764/1764
f 1779/1779/1779 1781/1781/1781 1775/1775/1775
f 1780/1780/1780 1775/1775/1775 1781/1781/1781
f 1779/1779/1779 1782/1782/1782 1781/1781/1781
f 1782/1782/1782 1783/1783/1783 1781/1781/1781
f 1781/1781/1781 1783/1783/1783 1784/1784/1784
f 1785/1785/1785 1781/1781/1781 1784/1784/1784
f 1785/1785/1785 1780/1780/1780 1781/1781/1781
f 1784/1784/1784 1786/1786/1786 1785/1785/1785
f 1787/1787/1787 1785/1785/1785 1786/1786/1786
f 1780/1780/1780 1785/1785/1785 1787/1787/1787
f 1788/1788/1788 1780/1780/1780 1787/1787/1787
f 1780/1780/1780 1788/1788/1788 1764/1764/1764
f 1788/1788/1788 1789/1789/1789 1764/1764/1764
f 1792/1792/1792 1791/1791/1791 1790/1790/1790
f 1793/1793/1793 1792/1792/1792 1790/1790/1790
f 1794/1794/1794 1793/1793/1793 1790/1790/1790
f 1797/1797/1797 1796/1796/1796 1795/1795/1795
f 1797/1797/1797 1795/1795/1795 1798/1798/1798
f 1795/1795/1795 1799/1799/1799 1798/1798/1798
f 1802/1802/1802 1801/1801/1801 1800/1800/1800
f 1803/1803/1803 1800/1800/1800 1801/1801/1801
f 1806/1806/1806 1805/1805/1805 1804/1804/1804
f 1805/1805/1805 1807/1807/1807 1804/1804/1804
f 1804/1804/1804 1807/1807/1807 1808/1808/1808
f 1807/1807/1807 1809/1809/1809 1808/1808/1808
f 1809/1809/1809 1810/1810/1810 1808/1808/1808
f 1810/1810/1810 1811/1811/1811 1808/1808/1808
f 1811/1811/1811 1810/1810/1810 1812/1812/1812
f 1813/1813/1813 1811/1811/1811 1812/1812/1812
f 1812/1812/1812 1814/1814/1814 1813/1813/1813
f 1814/1814/1814 1815/1815/1815 1813/1813/1813
f 1814/1814/1814 1812/1812/1812 1816/1816/1816
f 1817/1817/1817 1814/1814/1814 1816/1816/1816
f 1820/1820/1820 1819/1819/1819 1818/1818/1818
f 1819/1819/1819 1821/1821/1821 1818/1818/1818
f 1821/1821/1821 1822/1822/1822 1818/1818/1818
f 1823/1823/1823 1821/1821/1821 1819/1819/1819
f 1824/1824/1824 1823/1823/1823 1819/1819/1819
f 1823/1823/1823 1824/1824/1824 1825/1825/1825
f 1826/1826/1826 1823/1823/1823 1825/1825/1825
f 1827/1827/1827 1821/1821/1821 1823/1823/1823
f 1826/1826/1826 1827/1827/1827 1823/1823/1823
f 1821/1821/1821 1827/1827/1827 1828/1828/1828
f 1827/1827/1827 1826/1826/1826 1828/1828/1828
f 1822/1822/1822 1821/1821/1821 1828/1828/1828
f 1826/1826/1826 1829/1829/1829 1828/1828/1828
f 1830/1830/1830 1822/1822/1822 1828/1828/1828
f 1831/1831/1831 1830/1830/1830 1828/1828/1828
f 1822/1822/1822 1830/1830/1830 1832/1832/1832
f 1830/1830/1830 1833/1833/1833 1832/1832/1832
f 1832/1832/1832 1833/1833/1833 1834/1834/1834
f 1837/1837/1837 1836/1836/1836 1835/1835/1835
f 1838/1838/1838 1837/1837/1837 1835/1835/1835
f 1839/1839/1839 1838/1838/1838 1835/1835/1835
f 1840/1840/1840 1839/1839/1839 1835/1835/1835
f 1837/1837/1837 1838/1838/1838 1841/1841/1841
f 1838/1838/1838 1839/1839/1839 1841/1841/1841
f 1842/1842/1842 1837/1837/1837 1841/1841/1841
f 1841/1841/1841 1843/1843/1843 1842/1842/1842
f 1839/1839/1839 1844/1844/1844 1841/1841/1841
f 1843/1843/1843 1841/1841/1841 1844/1844/1844
f 1843/1843/1843 1845/1845/1845 1842/1842/1842
f 1846/1846/1846 1845/1845/1845 1843/1843/1843
f 1847/1847/1847 1843/1843/1843 1844/1844/1844
f 1848/1848/1848 1846/1846/1846 1843/1843/1843
f 1847/1847/1847 1849/1849/1849 1843/1843/1843
f 1849/1849/1849 1848/1848/1848 1843/1843/1843
f 1847/1847/1847 1850/1850/1850 1849/1849/1849
f 1848/1848/1848 1849/1849/1849 1851/1851/1851
f 1852/1852/1852 1848/1848/1848 1851/1851/1851
f 1855/1855/1855 1854/1854/1854 1853/1853/1853
f 1855/1855/1855 1853/1853/1853 1856/1856/1856
f 1859/1859/1859 1858/1858/1858 1857/1857/1857
f 1857/1857/1857 1858/1858/1858 1860/1860/1860
f 1860/1860/1860 1861/1861/1861 1857/1857/1857
f 1864/1864/1864 1863/1863/1863 1862/1862/1862
f 1863/1863/1863 1865/1865/1865 1862/1862/1862
f 1866/1866/1866 1865/1865/1865 1863/1863/1863
f 1866/1866/1866 1867/1867/1867 1865/1865/1865
f 1867/1867/1867 1868/1868/1868 1865/1865/1865
f 1862/1862/1862 1865/1865/1865 1869/1869/1869
f 1865/1865/1865 1868/1868/1868 1870/1870/1870
f 1869/1869/1869 1865/1865/1865 1870/1870/1870
f 1871/1871/1871 1869/1869/1869 1870/1870/1870
f 1874/1874/1874 1873/1873/1873 1872/1872/1872
f 1874/1874/1874 1875/1875/1875 1873/1873/1873
f 1875/1875/1875 1876/1876/1876 1873/1873/1873
f 1877/1877/1877 1876/1876/1876 1875/1875/1875
f 1878/1878/1878 1877/1877/1877 1875/1875/1875
f 1875/1875/1875 1874/1874/1874 1879/1879/1879
f 1874/1874/1874 1880/1880/1880 1879/1879/1879
f 1875/1875/1875 1881/1881/1881 1878/1878/1878
f 1882/1882/1882 1878/1878/1878 1881/1881/1881
f 1883/1883/1883 1882/1882/1882 1881/1881/1881
f 1884/1884/1884 1883/1883/1883 1881/1881/1881
f 1885/1885/1885 1881/1881/1881 1875/1875/1875
f 1885/1885/1885 1884/1884/1884 1881/1881/1881
f 1879/1879/1879 1885/1885/1885 1875/1875/1875
f 1884/1884/1884 1885/1885/1885 1886/1886/1886
f 1885/1885/1885 1887/1887/1887 1886/1886/1886
f 1887/1887/1887 1885/1885/1885 1879/1879/1879
f 1888/1888/1888 1887/1887/1887 1879/1879/1879
f 1889/1889/1889 1887/1887/1887 1888/1888/1888
f 1890/1890/1890 1889/1889/1889 1888/1888/1888
f 1891/1891/1891 1890/1890/1890 1888/1888/1888
f 1891/1891/1891 1888/1888/1888 1879/1879/1879
f 1891/1891/1891 1879/1879/1879 1880/1880/1880
f 1880/1880/1880 1892/1892/1892 1891/1891/1891
f 1880/1880/1880 1893/1893/1893 1892/1892/1892
