g FoxWizard
v 0.24065866 -0.0052598007 3.9963264
v 0.15161185 -0.06549217 3.7760293
v 0.09198815 0.07943998 3.8202264
v 0.13225788 0.024703303 3.7641428
v 0.15919515 -0.012882955 3.7359805
v 0.29986337 -0.022222722 3.880853
v 0.15919515 -0.012882955 3.7359805
v 0.11935277 -0.027599262 3.7695584
v 0.29986337 -0.022222722 3.880853
v 0.11935277 -0.027599262 3.7695584
v 0.13225788 0.024703303 3.7641428
v 0.29986337 -0.022222722 3.880853
v 0.13225788 0.024703303 3.7641428
v 0.11935277 -0.027599262 3.7695584
v 0.15919515 -0.012882955 3.7359805
v 0.16634063 0.059373707 3.7523634
v 0.20054568 -0.0067892885 3.691977
v 0.2953656 0.002341328 3.7987332
v 0.20054568 -0.0067892885 3.691977
v 0.15006255 -0.033653107 3.7689426
v 0.2953656 0.002341328 3.7987332
v 0.15006255 -0.033653107 3.7689426
v 0.16634063 0.059373707 3.7523634
v 0.2953656 0.002341328 3.7987332
v 0.16634063 0.059373707 3.7523634
v 0.15006255 -0.033653107 3.7689426
v 0.20054568 -0.0067892885 3.691977
v 0.19088526 0.0006825131 3.572001
v 0.15525867 0.12827305 3.5196142
v 0.31726223 0.14562343 3.475888
v 0.037082538 0.12399473 2.1170774
v -5.684342E-14 0.12285336 2.050928
v -5.684342E-14 0.14260471 2.1445413
v -5.684342E-14 0.14260471 2.1445413
v -5.684342E-14 0.26591125 2.1136389
v 0.03614233 0.26554173 2.1087933
v 0.19556083 -0.075523056 3.5083082
v 0.19088526 0.0006825131 3.572001
v 0.31726223 0.14562343 3.475888
v 0.15525867 0.12827305 3.5196142
v 0.15993425 0.0012596932 3.4559212
v 0.31726223 0.14562343 3.475888
v 0.15993425 0.0012596932 3.4559212
v 0.19556083 -0.075523056 3.5083082
v 0.31726223 0.14562343 3.475888
v 0.15922502 0.13772936 3.5610833
v 0.19109026 0.0012596998 3.5057368
v 0.32414752 0.14562348 3.59203
v 0.16857389 0.00068251684 3.623743
v 0.15922502 0.13772936 3.5610833
v 0.32414752 0.14562348 3.59203
v -5.820766E-11 -0.13769948 3.2092524
v 0.09709493 -0.18113896 3.3219018
v -5.8207657E-11 -0.19726484 3.1494696
v 0.27118492 -0.07567902 2.9481502
v 0.3713001 -0.042949334 2.9594069
v 0.355873 0.028977323 2.8005474
v 0.355873 0.028977323 2.8005474
v 0.3713001 -0.042949334 2.9594069
v 0.45553154 0.18848723 2.8835092
v -0.24065866 -0.0052598007 3.9963264
v -0.09198815 0.07943998 3.8202264
v -0.15161185 -0.06549217 3.7760293
v -0.13225788 0.024703303 3.7641428
v -0.29986337 -0.022222722 3.880853
v -0.15919515 -0.012882955 3.7359805
v -0.15919515 -0.012882955 3.7359805
v -0.29986337 -0.022222722 3.880853
v -0.11935277 -0.027599262 3.7695584
v -0.11935277 -0.027599262 3.7695584
v -0.29986337 -0.022222722 3.880853
v -0.13225788 0.024703303 3.7641428
v -0.13225788 0.024703303 3.7641428
v -0.15919515 -0.012882955 3.7359805
v -0.11935277 -0.027599262 3.7695584
v -0.16634063 0.059373707 3.7523634
v -0.2953656 0.002341328 3.7987332
v -0.20054568 -0.0067892885 3.691977
v -0.20054568 -0.0067892885 3.691977
v -0.2953656 0.002341328 3.7987332
v -0.15006255 -0.033653107 3.7689426
v -0.15006255 -0.033653107 3.7689426
v -0.2953656 0.002341328 3.7987332
v -0.16634063 0.059373707 3.7523634
v -0.16634063 0.059373707 3.7523634
v -0.20054568 -0.0067892885 3.691977
v -0.15006255 -0.033653107 3.7689426
v -0.19088526 0.0006825131 3.572001
v -0.31726223 0.14562343 3.475888
v -0.15525867 0.12827305 3.5196142
v -0.037082538 0.12399473 2.1170774
v -5.684342E-14 0.14260471 2.1445413
v -5.684342E-14 0.12285336 2.050928
v -5.684342E-14 0.14260471 2.1445413
v -0.03614233 0.26554173 2.1087933
v -5.684342E-14 0.26591125 2.1136389
v -0.19556083 -0.075523056 3.5083082
v -0.31726223 0.14562343 3.475888
v -0.19088526 0.0006825131 3.572001
v -0.15525867 0.12827305 3.5196142
v -0.31726223 0.14562343 3.475888
v -0.15993425 0.0012596932 3.4559212
v -0.15993425 0.0012596932 3.4559212
v -0.31726223 0.14562343 3.475888
v -0.19556083 -0.075523056 3.5083082
v -0.15922502 0.13772936 3.5610833
v -0.32414752 0.14562348 3.59203
v -0.19109026 0.0012596998 3.5057368
v -0.16857389 0.00068251684 3.623743
v -0.32414752 0.14562348 3.59203
v -0.15922502 0.13772936 3.5610833
v -5.820766E-11 -0.13769948 3.2092524
v -5.8207657E-11 -0.19726484 3.1494696
v -0.09709493 -0.18113896 3.3219018
v -0.27118492 -0.07567902 2.9481502
v -0.355873 0.028977323 2.8005474
v -0.3713001 -0.042949334 2.9594069
v -0.355873 0.028977323 2.8005474
v -0.45553154 0.18848723 2.8835092
v -0.3713001 -0.042949334 2.9594069
v 0.18937333 -0.14027411 2.294932
v -4.985291E-11 -0.21384071 2.624811
v 0.17666571 -0.12195514 2.6186829
v -4.4393044E-12 -0.17872313 2.2916675
v 0.19555691 -0.18199846 2.2510853
v -2.2575216E-12 -0.20306127 2.2551832
v 0.2704077 -0.1616581 2.0376182
v -0 -0.19313441 2.0232954
v -0 -0.18279257 1.7257018
v 0.027049698 -0.17544828 1.7040272
v 0.04652589 -0.15481788 1.6837786
v 0.30704036 -0.18431894 1.8394619
v 0.1334836 -0.076761484 1.6945643
v 0.2805088 -0.093410835 1.7824264
v 0.062123377 0.23850703 1.7399564
v -0 0.24697298 1.7813967
v -0 0.018812895 1.7146803
v 0.007510134 0.018812789 1.7072638
v 0.090122394 0.22729664 1.7025739
v -0 -0.18279257 1.7257018
v 0.025585648 0.045931745 1.6281679
v 0.027049698 -0.17544828 1.7040272
v 0.04652589 -0.15481788 1.6837786
v 0.062123377 0.23850703 1.7399564
v 0.090122394 0.22729664 1.7025739
v 0.27823424 0.17429678 1.9014623
v 0.29778066 0.1843828 2.0450377
v 0.12568687 0.2095089 2.0375462
v 0.22545137 0.12420087 2.2542968
v -0 0.21884437 2.0670998
v -0 0.24697298 1.7813967
v 0.11319197 0.19147578 2.2379308
v 0.20103271 0.104690045 2.2918787
v -6.8616987E-12 0.19605656 2.2333593
v 0.11390302 0.16281211 2.2763333
v 0.2096743 0.0767127 2.591822
v -7.379584E-12 0.1693311 2.2731175
v 0.11965717 0.1358944 2.53888
v -4.204016E-11 0.15915422 2.5285604
v 0.29778066 0.1843828 2.0450377
v 0.27823424 0.17429678 1.9014623
v 0.38732073 0.03777446 1.8377732
v 0.33044425 0.016449315 2.101797
v 0.30704036 -0.18431894 1.8394619
v 0.2704077 -0.1616581 2.0376182
v 0.19555691 -0.18199846 2.2510853
v 0.26100048 -0.0507135 2.267581
v 0.22545137 0.12420087 2.2542968
v 0.18937333 -0.14027411 2.294932
v 0.2432976 -0.04291386 2.2955203
v 0.17666571 -0.12195514 2.6186829
v 0.20103271 0.104690045 2.2918787
v 0.2605608 -0.019777654 2.6203027
v 0.2096743 0.0767127 2.591822
v 0.11965717 0.1358944 2.53888
v -4.212326E-11 0.22003768 2.5301545
v -4.204016E-11 0.15915422 2.5285604
v 0.12899533 0.21265386 2.5444272
v 0.2096743 0.0767127 2.591822
v 0.24888177 0.1407628 2.5787303
v 0.2605608 -0.019777654 2.6203027
v 0.32047054 0.028470054 2.6045103
v 0.2485467 0.17084755 2.5668716
v 0.31058863 0.18438277 2.5828516
v 0.17666571 -0.12195514 2.6186829
v 0.1951285 -0.14234188 2.6180143
v -4.985291E-11 -0.21384071 2.624811
v -5.1876316E-11 -0.2601424 2.6273112
v 0.028085863 -0.40839538 3.5366492
v 3.3805715E-25 -0.40868658 3.537407
v 0.02715988 -0.4084634 3.5375667
v 3.379322E-25 -0.40853554 3.5363114
v 0.025060946 -0.39358735 3.491042
v 3.214776E-25 -0.38864315 3.4753666
v 2.7991063E-25 -0.33839175 3.4217703
v 0.061947417 -0.3544618 3.4557674
v 0.06845088 -0.383935 3.5137634
v 0.15042488 -0.15301552 3.6453404
v 0.09225009 -0.17048213 3.707353
v 0.15161185 -0.06549217 3.7760293
v 0.20653677 0.018157687 3.6804793
v 0.17301114 -0.14096613 3.591717
v 0.20290062 0.015165964 3.8524976
v 0.26577064 0.014977471 3.9658694
v 0.2697516 0.06769639 3.953854
v 0.2880859 0.0698611 3.834198
v 0.22111511 0.042983085 3.601531
v 0.22218998 -0.08047263 3.49868
v 0.20761058 0.085389614 3.5008929
v 0.1759867 0.2045552 3.5083857
v 0.17450278 0.19657668 3.5917702
v 0.20335604 0.16815355 3.7217011
v 0.22218998 -0.08047263 3.49868
v 0.12838759 -0.15972495 3.569648
v 0.17301114 -0.14096613 3.591717
v 0.15042488 -0.15301552 3.6453404
v 0.056852665 -0.18753362 3.598003
v 0.09225009 -0.17048213 3.707353
v 1.4154148E-25 -0.17111377 3.7059505
v 1.8455954E-25 -0.2231194 3.606977
v 0.09225009 -0.17048213 3.707353
v 1.4154148E-25 -0.17111377 3.7059505
v 3.8239527E-26 -0.046229374 3.7774944
v 0.15161185 -0.06549217 3.7760293
v 0.09198815 0.07943998 3.8202264
v -6.417936E-26 0.07758746 3.7923193
v 0.1166291 0.17735526 3.7672555
v -1.3517533E-25 0.16341633 3.7526731
v 0.24065866 -0.0052598007 3.9963264
v 0.36045012 0.08627366 4.083516
v -5.541414E-13 0.226792 3.6955009
v 0.1166291 0.17735526 3.7672555
v -1.3517533E-25 0.16341633 3.7526731
v 0.09160966 0.21601662 3.6955009
v -3.19874E-12 0.25385335 3.5960195
v 0.20335604 0.16815355 3.7217011
v 0.36045012 0.08627366 4.083516
v 0.37543303 0.09607204 3.945274
v 0.17450278 0.19657668 3.5917702
v 0.088384986 0.24307796 3.5960195
v 0.08434013 0.2539836 3.5282073
v -4.8046706E-12 0.264759 3.5282073
v 0.1759867 0.2045552 3.5083857
v 0.08353016 0.24591494 3.4516382
v 0.13755499 0.21253371 3.4326773
v -7.441696E-12 0.26490012 3.4603946
v 0.06388805 0.19467598 3.2617486
v -5.8207612E-11 0.20881207 3.2587645
v 0.34411544 0.051549625 3.7680106
v 0.20335604 0.16815355 3.7217011
v 0.20653677 0.018157687 3.6804793
v 0.37543303 0.09607204 3.945274
v 0.07046687 -0.17218386 3.379654
v -2.3366743E-12 -0.17218386 3.3796554
v 2.7991063E-25 -0.33839175 3.4217703
v 0.061947417 -0.3544618 3.4557674
v 0.11283852 -0.16869202 3.4052083
v 0.09789602 -0.016436923 3.366836
v 0.07046686 -0.0976588 3.350382
v 0.22218998 -0.08047263 3.49868
v 0.20761058 0.085389614 3.5008929
v 0.07046686 -0.0976588 3.350382
v -2.3366743E-12 -0.17218386 3.3796554
v 0.07046687 -0.17218386 3.379654
v -4.9012274E-12 -0.0976588 3.350382
v -5.73074E-11 -0.0864363 3.2290444
v 0.07095866 -0.046764016 3.2348468
v 0.13755499 0.21253371 3.4326773
v 0.112682246 0.17396663 3.2701874
v 0.13262662 0.06606246 3.2679718
v 0.13887084 0.12779613 3.4048605
v 0.09789602 -0.016436923 3.366836
v 0.20761058 0.085389614 3.5008929
v 0.07095866 -0.046764016 3.2348468
v 0.07046686 -0.0976588 3.350382
v 0.08353016 0.24591494 3.4516382
v 0.06388805 0.19467598 3.2617486
v 0.112682246 0.17396663 3.2701874
v 0.13755499 0.21253371 3.4326773
v 0.037690703 -0.3940855 3.5452323
v 1.8455954E-25 -0.2231194 3.606977
v 0.056852665 -0.18753362 3.598003
v 3.2604287E-25 -0.3941622 3.5545511
v 3.3805715E-25 -0.40868658 3.537407
v 0.02715988 -0.4084634 3.5375667
v 0.24065866 -0.0052598007 3.9963264
v 0.26577064 0.014977471 3.9658694
v 0.15161185 -0.06549217 3.7760293
v 0.36045012 0.08627366 4.083516
v 0.34283048 0.07418624 4.029563
v 0.37543303 0.09607204 3.945274
v 0.34203148 0.078171864 3.9441023
v 0.34411544 0.051549625 3.7680106
v 0.3193571 0.08856699 3.9403627
v 0.32887837 0.08533044 4.0140104
v 0.2697516 0.06769639 3.953854
v 0.3162962 0.043415435 3.805352
v 0.20653677 0.018157687 3.6804793
v 0.2880859 0.0698611 3.834198
v 0.20290062 0.015165964 3.8524976
v 0.34283048 0.07418624 4.029563
v 0.32887837 0.08533044 4.0140104
v 0.2697516 0.06769639 3.953854
v 0.26577064 0.014977471 3.9658694
v 0.06845088 -0.383935 3.5137634
v 0.028085863 -0.40839538 3.5366492
v 0.02715988 -0.4084634 3.5375667
v 0.037690703 -0.3940855 3.5452323
v 0.056852665 -0.18753362 3.598003
v 0.1459403 -0.21413387 3.5201378
v 0.061947417 -0.3544618 3.4557674
v 0.12838759 -0.15972495 3.569648
v 0.11283852 -0.16869202 3.4052083
v 0.22218998 -0.08047263 3.49868
v 0.30365673 1.0446292 1.0425099
v 0.1942827 1.4440279 1.1130829
v 0.27565733 1.4221617 1.0125505
v 0.32839578 0.90847665 0.8885935
v 0.2882321 1.3709549 0.9092031
v 0.23616901 1.0873247 0.65331376
v 0.23371056 0.7603722 0.75559086
v 0.24819897 0.86124116 1.1481481
v 0.21004489 1.1532955 1.1031791
v 0.23632407 0.49024066 1.1122407
v 0.17167716 0.4104911 0.9875963
v 0.115254715 0.28459975 1.4981086
v 0.253854 0.6401018 1.2240481
v 0.18553331 0.76851934 1.3174177
v 0.108921416 0.5686163 1.4715712
v 0.1437257 0.44917172 1.4667125
v 0.14773236 0.432034 1.6253383
v 0.088324904 0.52736336 1.6464287
v 0.07703618 0.27844015 1.8857551
v 0.03614233 0.26554173 2.1087933
v 0.03850102 0.22369483 1.9906334
v 0.037082538 0.12399473 2.1170774
v -5.684342E-14 0.14260471 2.1445413
v -5.684342E-14 0.12285336 2.050928
v 0.13862815 1.5349687 0.86678755
v 0.2882321 1.3709549 0.9092031
v 0.27565733 1.4221617 1.0125505
v 0.19296442 1.414471 0.7670335
v 0.23616901 1.0873247 0.65331376
v -1.4210855E-14 1.4132367 0.65612453
v -1.4210855E-14 1.5647365 0.86881524
v -1.3943238E-14 1.1012932 0.5320275
v -1.31964896E-14 0.9006349 0.56750685
v 0.23371056 0.7603722 0.75559086
v -1.4210855E-14 1.5244963 1.1110207
v -1.4210855E-14 1.5647365 0.86881524
v 0.11496346 1.5390884 1.0769833
v 0.13862815 1.5349687 0.86678755
v 0.27565733 1.4221617 1.0125505
v 0.1942827 1.4440279 1.1130829
v 0.12216549 0.93037355 1.1936156
v 0.18553331 0.76851934 1.3174177
v -1.1270484E-14 0.9097464 1.2342101
v 0.24819897 0.86124116 1.1481481
v 0.24819897 0.86124116 1.1481481
v 0.12216549 0.93037355 1.1936156
v 0.21004489 1.1532955 1.1031791
v -1.1270484E-14 0.9097464 1.2342101
v -1.4210855E-14 1.1962528 1.1050355
v 0.1942827 1.4440279 1.1130829
v 0.30365673 1.0446292 1.0425099
v -1.4210855E-14 1.5244963 1.1110207
v 0.11496346 1.5390884 1.0769833
v -5.684342E-14 0.2520965 1.9792339
v -5.684342E-14 0.12285336 2.050928
v 0.03850102 0.22369483 1.9906334
v 0.07703618 0.27844015 1.8857551
v 0.115254715 0.28459975 1.4981086
v -2.153844E-15 0.24314754 1.4958427
v 0.17167716 0.4104911 0.9875963
v -1.1224646E-15 0.34828767 1.0196937
v -7.0868735E-15 0.45292392 0.7993035
v 0.23371056 0.7603722 0.75559086
v -1.0647979E-14 0.6220513 0.7230383
v -1.31964896E-14 0.9006349 0.56750685
v -1.1270484E-14 0.9097464 1.2342101
v 0.18553331 0.76851934 1.3174177
v 0.108921416 0.5686163 1.4715712
v -8.672732E-16 0.5842854 1.4605291
v 0.108921416 0.5686163 1.4715712
v -1.7604003E-15 0.5305384 1.6675855
v -8.672732E-16 0.5842854 1.4605291
v 0.088324904 0.52736336 1.6464287
v 0.03614233 0.26554173 2.1087933
v -5.684342E-14 0.26591125 2.1136389
v 0.13887084 0.12779613 3.4048605
v 0.20761058 0.085389614 3.5008929
v 0.1759867 0.2045552 3.5083857
v 0.13755499 0.21253371 3.4326773
v 0.15525867 0.12827305 3.5196142
v 0.19088526 0.0006825131 3.572001
v 0.19556083 -0.075523056 3.5083082
v 0.15993425 0.0012596932 3.4559212
v 0.19109026 0.0012596998 3.5057368
v 0.19130702 -0.07739977 3.5667758
v 0.32414752 0.14562348 3.59203
v 0.16857389 0.00068251684 3.623743
v 0.15922502 0.13772936 3.5610833
v 0.16857389 0.00068251684 3.623743
v 0.19130702 -0.07739977 3.5667758
v 0.19109026 0.0012596998 3.5057368
v 0.38930702 -0.18849072 1.7206678
v 0.38930702 0.18584509 1.7206677
v 0.30411184 0.18584509 2.1265106
v 0.30411184 -0.18849069 2.1265106
v 0.47139373 -0.18849069 1.7378997
v 0.38930702 -0.18849072 1.7206678
v 0.30411184 -0.18849069 2.1265106
v 0.3861986 -0.18849067 2.1437423
v 0.3861986 0.1858451 2.1437423
v 0.5487032 0.10685066 1.7541282
v 0.48239464 0.10685067 2.0700014
v 0.4713938 0.1858451 1.7378995
v 0.38930702 0.18584509 1.7206677
v 0.30411184 0.18584509 2.1265106
v 0.3861986 0.1858451 2.1437423
v 0.3861986 -0.18849067 2.1437423
v 0.30411184 -0.18849069 2.1265106
v 0.30411184 0.18584509 2.1265106
v 0.54870313 -0.10949623 1.7541283
v 0.5487032 0.10685066 1.7541282
v 0.4713938 0.1858451 1.7378995
v 0.47139373 -0.18849069 1.7378997
v 0.38930702 0.18584509 1.7206677
v 0.38930702 -0.18849072 1.7206678
v 0.3861986 -0.18849067 2.1437423
v 0.54870313 -0.10949623 1.7541283
v 0.47139373 -0.18849069 1.7378997
v 0.48239464 -0.10949622 2.0700014
v 0.3861986 0.1858451 2.1437423
v 0.5487032 0.10685066 1.7541282
v 0.48239464 0.10685067 2.0700014
v 0.1409178 -0.128576 2.3342721
v 0.24170916 0.02937901 2.3164806
v 0.26627833 0.036759846 2.5507543
v 0.16548681 -0.121195085 2.5685458
v 0.17625941 -0.15142977 2.3315892
v 0.1409178 -0.128576 2.3342721
v 0.16548681 -0.121195085 2.5685458
v 0.20082873 -0.14404908 2.5658636
v 0.23081404 -0.13962103 2.3253083
v 0.2505481 -0.13432723 2.5136604
v 0.30162024 0.013905912 2.5480723
v 0.27705094 0.006525085 2.313798
v 0.28906643 -0.048331223 2.3150258
v 0.3088005 -0.043037444 2.5033784
v 0.2505481 -0.13432723 2.5136604
v 0.20082873 -0.14404908 2.5658636
v 0.23081404 -0.13962103 2.3253083
v 0.30162024 0.013905912 2.5480723
v 0.20082873 -0.14404908 2.5658636
v 0.16548681 -0.121195085 2.5685458
v 0.26627833 0.036759846 2.5507543
v 0.24170916 0.02937901 2.3164806
v 0.27705094 0.006525085 2.313798
v 0.30162024 0.013905912 2.5480723
v 0.26627833 0.036759846 2.5507543
v 0.23081404 -0.13962103 2.3253083
v 0.28906643 -0.048331223 2.3150258
v 0.27705094 0.006525085 2.313798
v 0.24170916 0.02937901 2.3164806
v 0.1409178 -0.128576 2.3342721
v 0.17625941 -0.15142977 2.3315892
v 0.32047054 0.028470054 2.6045103
v 0.1951285 -0.14234188 2.6180143
v 0.27118492 -0.07567902 2.9481502
v 0.355873 0.028977323 2.8005474
v 0.31058863 0.18438277 2.5828516
v 0.37547955 0.18997653 2.5919526
v 0.1951285 -0.14234188 2.6180143
v -5.1876316E-11 -0.2601424 2.6273112
v -5.820766E-11 -0.24429625 2.955642
v 0.27118492 -0.07567902 2.9481502
v 0.06388805 0.19467598 3.2617486
v 0.16951013 0.22291285 3.383327
v 0.112682246 0.17396663 3.2701874
v 0.08425739 0.26587075 3.3736873
v -5.8207612E-11 0.20881207 3.2587645
v -5.820766E-11 0.28399032 3.3658133
v 0.13262662 0.06606246 3.2679718
v 0.2118072 0.04197379 3.360078
v 0.09709493 -0.18113896 3.3219018
v 0.07095866 -0.046764016 3.2348468
v -5.820766E-11 -0.13769948 3.2092524
v -5.73074E-11 -0.0864363 3.2290444
v 0.5091984 0.036362447 2.9282134
v 0.5227447 -0.045902222 2.9279504
v 0.7428419 0.15305449 2.8230681
v 0.6976732 0.14887379 2.7940807
v 0.45553154 0.18848723 2.8835092
v 0.701958 0.2628036 2.6630821
v 0.7247098 0.28424454 2.6788154
v 0.6502373 0.27311575 2.6528974
v 0.7249176 0.37637132 2.473475
v 0.59553826 0.20092523 2.7389228
v 0.50149155 0.2151642 2.6766195
v 0.355873 0.028977323 2.8005474
v 0.37547955 0.18997653 2.5919526
v 0.47873244 0.25658953 2.579047
v 0.44463184 0.31865838 2.4328513
v 0.3910924 0.41610926 2.2033176
v 0.6489243 0.4550225 2.2423759
v 0.5773343 0.52493286 1.9271059
v 0.37826335 0.2302963 2.5226583
v 0.38311058 0.3005026 2.402001
v 0.41228637 0.4938492 1.9005888
v 0.42494297 0.54027385 1.7198052
v 0.25966465 0.5806626 1.6975753
v 0.253692 0.5148801 1.901695
v 0.18209144 0.60311836 1.6898983
v 0.24654363 0.43614823 2.1459963
v 0.1758245 0.52835006 1.9038806
v -5.820766E-11 0.6205732 1.6762102
v -5.820766E-11 0.5423025 1.9002163
v 0.1689704 0.44657686 2.1379106
v -5.820766E-11 0.4640317 2.1242225
v 0.14777753 0.32256204 2.3534262
v -5.659355E-11 0.34203467 2.3271885
v 0.24757808 0.29913795 2.3633506
v 0.13718578 0.26058206 2.4611363
v -5.4174748E-11 0.28103614 2.4286714
v 0.24811044 0.22862892 2.4752069
v 0.12899533 0.21265386 2.5444272
v -4.212326E-11 0.22003768 2.5301545
v 0.2485467 0.17084755 2.5668716
v 0.24888177 0.1407628 2.5787303
v 0.31058863 0.18438277 2.5828516
v 0.7247098 0.28424454 2.6788154
v 0.7249176 0.37637132 2.473475
v 0.701958 0.2628036 2.6630821
v 0.7252525 0.41507244 2.4759543
v 0.6489243 0.4550225 2.2423759
v 0.6492593 0.49372366 2.244855
v 0.5773343 0.52493286 1.9271059
v 0.5776693 0.56363404 1.9295855
v 0.45231155 0.60549194 1.7487133
v 0.42494297 0.54027385 1.7198052
v 0.112682246 0.17396663 3.2701874
v 0.16951013 0.22291285 3.383327
v 0.2118072 0.04197379 3.360078
v 0.13262662 0.06606246 3.2679718
v -5.820766E-11 -0.24429625 2.955642
v -5.820766E-11 -0.27766448 2.970442
v 0.28441226 -0.11370747 2.9600406
v 0.27118492 -0.07567902 2.9481502
v 0.41790482 -0.07493001 2.9691875
v 0.3713001 -0.042949334 2.9594069
v 0.5227447 -0.045902222 2.9279504
v 0.5091984 0.036362447 2.9282134
v 0.45553154 0.18848723 2.8835092
v -5.8207657E-11 -0.19726484 3.1494696
v 0.09709493 -0.18113896 3.3219018
v 0.19440064 -0.03478392 3.2184377
v 0.28441226 -0.11370747 2.9600406
v -5.820766E-11 -0.27766448 2.970442
v 0.3547622 -0.06784527 3.1509573
v 0.41790482 -0.07493001 2.9691875
v 0.2162103 0.09336222 3.266429
v 0.16951013 0.22291285 3.383327
v 0.21028857 0.26778 3.2434204
v 0.2118072 0.04197379 3.360078
v 0.19440064 -0.03478392 3.2184377
v 0.09709493 -0.18113896 3.3219018
v 0.2162103 0.09336222 3.266429
v 0.3547622 -0.06784527 3.1509573
v 0.19440064 -0.03478392 3.2184377
v 0.39434072 0.09859913 3.2242112
v 0.21028857 0.26778 3.2434204
v 0.3335216 0.30453584 3.1658432
v 0.39552283 0.3083194 3.0436275
v 0.39434072 0.09859913 3.2242112
v 0.3335216 0.30453584 3.1658432
v 0.52938974 0.11651499 3.08559
v 0.3547622 -0.06784527 3.1509573
v 0.41790482 -0.07493001 2.9691875
v 0.5227447 -0.045902222 2.9279504
v 0.7428419 0.15305449 2.8230681
v 0.39552283 0.3083194 3.0436275
v 0.7428419 0.15305449 2.8230681
v 0.52938974 0.11651499 3.08559
v 0.59587324 0.33628598 2.7456167
v 0.21365663 0.35841465 2.965537
v 0.7247098 0.28424454 2.6788154
v 0.3335216 0.30453584 3.1658432
v 0.7252525 0.41507244 2.4759543
v 0.21028857 0.26778 3.2434204
v 0.48975635 0.4246313 2.4288855
v 0.41846097 0.48398668 2.2160876
v 0.6492593 0.49372366 2.244855
v 0.5776693 0.56363404 1.9295855
v 0.3807412 0.3957627 2.6496084
v 0.40138415 0.44404513 2.4123552
v 0.2726838 0.41519934 2.5857852
v 0.2716221 0.45262823 2.3866568
v 0.439703 0.560234 1.9227995
v 0.45231155 0.60549194 1.7487133
v 0.13933402 0.41869482 2.5533676
v 0.14155383 0.37705678 2.9489605
v 0.27034563 0.4976287 2.1472461
v 0.27738094 0.56039727 1.9150112
v 0.28346667 0.6146936 1.7141222
v 0.15767352 0.46246356 2.3642545
v 0.18626742 0.5825586 1.9116758
v 0.19243012 0.6431907 1.7084374
v 0.1793091 0.51409864 2.1411529
v -5.820766E-11 0.597468 1.9034297
v -5.820766E-11 0.6622892 1.678967
v -5.820766E-11 0.5326468 2.1278925
v -5.820766E-11 0.48419398 2.333837
v -5.820766E-11 0.43574116 2.5397816
v -5.816597E-11 0.39266217 2.933938
v 0.117764264 0.29053938 3.2257473
v -5.8192843E-11 0.3119806 3.2183223
v -5.820766E-11 0.28399032 3.3658133
v 0.16951013 0.22291285 3.383327
v 0.08425739 0.26587075 3.3736873
v 0.42494297 0.54027385 1.7198052
v 0.45231155 0.60549194 1.7487133
v 0.28346667 0.6146936 1.7141222
v 0.25966465 0.5806626 1.6975753
v 0.19243012 0.6431907 1.7084374
v 0.18209144 0.60311836 1.6898983
v -5.820766E-11 0.6622892 1.678967
v -5.820766E-11 0.6205732 1.6762102
v 0.15314041 0.22622952 3.691022
v 0.24567848 0.15798667 3.6945012
v 0.23948091 0.15674545 3.758534
v 0.14810331 0.22636354 3.754099
v -2.180223E-25 0.2635722 3.69009
v -2.1640695E-25 0.26161933 3.7524278
v -1.5495741E-25 0.18733136 3.939676
v 0.078830376 0.1666934 3.9403117
v -1.6517711E-25 0.1996862 4.0457726
v 0.15178645 0.10329756 3.9426885
v 0.06234884 0.18703151 4.0532722
v 0.11714197 0.14830343 4.0765753
v 0.25674775 0.0333148 3.6944542
v 0.20481928 -0.09766022 3.7005236
v 0.20216115 -0.09475326 3.7628834
v 0.2522658 0.031918943 3.757836
v 0.24567848 0.15798667 3.6945012
v 0.23948091 0.15674545 3.758534
v 0.15178645 0.10329756 3.9426885
v 0.1584387 0.0332876 3.9418764
v 0.11714197 0.14830343 4.0765753
v 0.13524114 -0.043734286 3.9468017
v 0.11311105 -0.16844057 3.764894
v 0.07883039 -0.10011822 3.948541
v 0.122138076 0.10435235 4.1001654
v 0.070158936 0.22108544 4.191413
v 0.10471574 0.058001887 4.1297503
v 0.062348846 0.023428796 4.15024
v 0.07311247 0.20433779 4.217601
v 0.0030787683 0.4766133 4.395668
v 0.06281294 0.1881055 4.247781
v 0.0030787683 0.4766133 4.395668
v 0.03776702 0.17551863 4.269435
v 0.0030787683 0.4766133 4.395668
v 0.0030787652 0.4766133 4.395668
v 0.20481928 -0.09766022 3.7005236
v 0.11311105 -0.16844057 3.764894
v 0.20216115 -0.09475326 3.7628834
v 0.11431686 -0.17227705 3.703069
v 1.5730315E-25 -0.19016847 3.7653103
v 1.6094038E-25 -0.19456561 3.7099035
v 0.07883039 -0.10011822 3.948541
v 9.988659E-26 -0.12075613 3.9491768
v 0.062348846 0.023428796 4.15024
v -8.912601E-27 0.0107739875 4.1577406
v 0.070158936 0.22108544 4.191413
v 0.0030787683 0.4766133 4.395668
v 0.0030787652 0.4766133 4.395668
v 0.037767015 0.23507853 4.1669664
v 0.11714197 0.14830343 4.0765753
v -3.9424588E-25 0.4766133 4.395668
v 0.06234884 0.18703151 4.0532722
v -1.9826414E-25 0.23968595 4.1590414
v -1.6517711E-25 0.1996862 4.0457726
v -1.413753E-25 0.17091154 4.277361
v -3.9424588E-25 0.4766133 4.395668
v 0.0030787652 0.4766133 4.395668
v 0.03776702 0.17551863 4.269435
v -8.912601E-27 0.0107739875 4.1577406
v 0.062348846 0.023428796 4.15024
v -2.180223E-25 0.2635722 3.69009
v -5.361507E-25 0.6481658 3.6735442
v 0.34287176 0.5596148 3.704272
v 0.15314041 0.22622952 3.691022
v 0.55685115 0.33115795 3.7305393
v 0.24567848 0.15798667 3.6945012
v 0.5824471 0.042874124 3.7737527
v 0.25674775 0.0333148 3.6944542
v 0.46237078 -0.2599847 3.7457685
v 0.20481928 -0.09766022 3.7005236
v 0.2530984 -0.43252423 3.7045922
v 0.11431686 -0.17227705 3.703069
v 4.00407E-25 -0.48406297 3.7032657
v 1.6094038E-25 -0.19456561 3.7099035
v -1.6090117E-25 0.19451697 3.66732
v 0.34506494 0.5550756 3.680498
v -5.323856E-25 0.6436141 3.6496706
v 0.11657117 0.16601163 3.6680036
v 0.5608717 0.3278156 3.7068055
v 0.18718043 0.117802285 3.668879
v 0.5869083 0.04143721 3.7499058
v 0.19319521 0.02731981 3.668565
v 0.4661436 -0.26006073 3.72176
v 0.15406442 -0.06980417 3.674838
v 0.2552891 -0.43182102 3.6803982
v 0.08638072 -0.124669 3.678048
v 3.9950993E-25 -0.48297846 3.6789868
v 1.1639033E-25 -0.14070788 3.685438
v -5.361507E-25 0.6481658 3.6735442
v -5.323856E-25 0.6436141 3.6496706
v 0.34506494 0.5550756 3.680498
v 0.34287176 0.5596148 3.704272
v 0.5608717 0.3278156 3.7068055
v 0.55685115 0.33115795 3.7305393
v 0.55685115 0.33115795 3.7305393
v 0.5608717 0.3278156 3.7068055
v 0.5869083 0.04143721 3.7499058
v 0.5824471 0.042874124 3.7737527
v 0.4661436 -0.26006073 3.72176
v 0.46237078 -0.2599847 3.7457685
v 0.46237078 -0.2599847 3.7457685
v 0.4661436 -0.26006073 3.72176
v 0.2552891 -0.43182102 3.6803982
v 0.2530984 -0.43252423 3.7045922
v 3.9950993E-25 -0.48297846 3.6789868
v 4.00407E-25 -0.48406297 3.7032657
v -0 -0.20376937 2.291748
v 0.07191596 -0.20259513 2.262186
v 0.07191596 -0.25375664 2.2580547
v -0 -0.25493082 2.2876172
v 0.07191596 -0.20259513 2.262186
v 0.10152512 -0.2509218 2.1866865
v 0.07191596 -0.25375664 2.2580547
v 0.10152512 -0.19976033 2.1908178
v 0.07191596 -0.24808697 2.1153183
v 0.07191596 -0.19692561 2.1194496
v 0.07191596 -0.19692561 2.1194496
v -0 -0.19575137 2.0898876
v -0 -0.24691287 2.0857563
v 0.07191596 -0.24808697 2.1153183
v -0 -0.23285405 1.3680754
v 0.047304895 -0.20529644 2.115757
v -0 -0.20529644 2.115757
v 0.12913251 -0.23285405 1.3680754
v -0 -0.23971914 1.2189304
v 0.026930073 -0.23971914 1.2189304
v -0 -0.25222602 1.3688782
v -0 -0.22466844 2.11656
v 0.047304895 -0.22466844 2.11656
v 0.12913251 -0.25222602 1.3688782
v -0 -0.2590911 1.2197331
v 0.026930073 -0.2590911 1.2197331
v 0.026930073 -0.23971914 1.2189304
v 0.026930073 -0.2590911 1.2197331
v 0.12913251 -0.25222602 1.3688782
v 0.12913251 -0.23285405 1.3680754
v 0.047304895 -0.22466844 2.11656
v 0.047304895 -0.20529644 2.115757
v -0 -0.23971914 1.2189304
v -0 -0.2590911 1.2197331
v 0.026930073 -0.2590911 1.2197331
v 0.026930073 -0.23971914 1.2189304
v 0.047304895 -0.20529644 2.115757
v 0.047304895 -0.22466844 2.11656
v -0 -0.22466844 2.11656
v -0 -0.20529644 2.115757
v 0.30704033 -0.18431897 1.839462
v 0.16082712 -0.13763162 1.5084258
v 0.046525884 -0.1548179 1.6837788
v 0.37029913 -0.183069 1.524093
v 0.16861822 -0.10008031 1.1791832
v 0.3538255 -0.14080428 1.1890326
v 0.20303287 -0.00855556 0.98268104
v 0.3502218 -0.029325083 0.98706824
v 0.22290432 0.07075848 0.89098924
v 0.3096106 0.058523547 0.89357364
v 0.3873207 0.03777443 1.8377733
v 0.37029913 -0.183069 1.524093
v 0.30704033 -0.18431897 1.839462
v 0.46785346 0.040303923 1.5209132
v 0.2782342 0.17429675 1.9014624
v 0.3538255 -0.14080428 1.1890326
v 0.305554 0.2960603 1.5629916
v 0.43892056 0.043550342 1.1827828
v 0.3502218 -0.029325083 0.98706824
v 0.2961925 0.27034923 1.2228416
v 0.4077418 0.11293141 0.98417634
v 0.28415653 0.27425605 1.0194683
v 0.3096106 0.058523547 0.89357364
v 0.34349453 0.14232416 0.89187014
v 0.09012239 0.22729662 1.702574
v 0.305554 0.2960603 1.5629916
v 0.2782342 0.17429675 1.9014624
v 0.11021305 0.25599223 1.5079982
v 0.2961925 0.27034923 1.2228416
v 0.12330673 0.23583987 1.1768628
v 0.28415653 0.27425605 1.0194683
v 0.1478724 0.23674655 0.9853157
v 0.27069277 0.23735753 0.91265994
v 0.19041032 0.21526137 0.8925412
v 0.09012239 0.22729662 1.702574
v 0.118136376 0.14042991 1.7969519
v 0.08122455 0.036698155 1.7543951
v 0.025585644 0.045931723 1.628168
v 0.09320134 -0.07812074 1.786202
v 0.11021305 0.25599223 1.5079982
v 0.046525884 -0.1548179 1.6837788
v 0.020935642 0.054505657 1.507504
v 0.12330673 0.23583987 1.1768628
v 0.16082712 -0.13763162 1.5084258
v 0.05791517 0.057256393 1.1760607
v 0.1478724 0.23674655 0.9853157
v 0.16861822 -0.10008031 1.1791832
v 0.11532346 0.09937773 0.98142266
v 0.19041032 0.21526137 0.8925412
v 0.20303287 -0.00855556 0.98268104
v 0.17123635 0.13433996 0.89024794
v 0.22290432 0.07075848 0.89098924
v 0.2782342 0.17429675 1.9014624
v 0.118136376 0.14042991 1.7969519
v 0.09012239 0.22729662 1.702574
v 0.2257271 0.110116616 1.9107062
v 0.3873207 0.03777443 1.8377733
v 0.09320134 -0.07812074 1.786202
v 0.08122455 0.036698155 1.7543951
v 0.28811914 0.032032587 1.8742789
v 0.30704033 -0.18431897 1.839462
v 0.24220274 -0.09499387 1.8752445
v 0.046525884 -0.1548179 1.6837788
v 0.38732073 0.03777446 1.8377732
v 0.2805088 -0.093410835 1.7824264
v 0.30704036 -0.18431894 1.8394619
v 0.32581615 0.03193085 1.7814736
v 0.27823424 0.17429678 1.9014623
v 0.26425162 0.10897924 1.8174175
v 0.090122394 0.22729664 1.7025739
v 0.1334836 -0.076761484 1.6945643
v 0.15808792 0.13889046 1.7051717
v 0.025585648 0.045931745 1.6281679
v 0.121665664 0.036534537 1.6631795
v 0.04652589 -0.15481788 1.6837786
v 0.07191596 -0.24808697 2.1153183
v -0 -0.24691287 2.0857563
v -0 -0.25493082 2.2876172
v 0.10152512 -0.2509218 2.1866865
v 0.07191596 -0.25375664 2.2580547
v 1.0663468 -0.07804824 2.108281
v 1.0796813 -0.12096873 2.0575955
v 1.056794 -0.106033966 2.0889313
v 1.1020968 -0.095358215 2.060265
v 1.1073229 -0.13914825 2.0284522
v 1.1036556 -0.037096832 2.0564106
v 1.071236 -0.026953742 2.1032195
v 1.0355471 -0.061962347 2.1599963
v 1.0360398 -0.009808704 2.1562078
v 1.1273596 -0.045407344 2.0099845
v 1.0697443 0.021136714 2.0282156
v 1.0959055 0.0128676705 1.986195
v 1.1270807 -0.10780432 2.0204313
v 1.156147 -0.11305649 1.9029621
v 1.1435668 -0.13991757 1.9077779
v 1.1463668 -0.056069512 1.8931425
v 1.1121036 0.006774767 1.9057381
v 1.1328117 -0.054294493 1.8708789
v 1.1482567 -0.10921517 1.8795891
v 1.1402807 -0.1306393 1.8835778
v 0.81468254 0.104460046 2.538529
v 0.81243086 0.046375982 2.5663567
v 0.78635913 0.16025434 2.506216
v 1.0096704 0.030867502 2.1284928
v 0.764412 0.10588407 2.597707
v 0.76177984 0.045671105 2.5970178
v 0.7141413 0.107308045 2.6568851
v 0.71112883 0.044966217 2.6276784
v 0.6495965 0.108390525 2.7290416
v 0.6384598 0.035901457 2.695729
v 0.6033018 0.16975075 2.7217221
v 0.6589848 0.17088985 2.6600718
v 0.6799245 0.18604536 2.6288836
v 0.7013841 0.16854717 2.6033473
v 1.0355471 -0.061962347 2.1599963
v 1.0663468 -0.07804824 2.108281
v 1.056794 -0.106033966 2.0889313
v 1.0095409 -0.07272733 2.1344845
v 0.81243086 0.046375982 2.5663567
v 0.69406754 -0.0069438377 2.5231586
v 0.76177984 0.045671105 2.5970178
v 0.97666633 -0.018711528 2.1117177
v 0.6450048 0.057543557 2.4831085
v 0.6692904 0.0096292235 2.5605493
v 0.71112883 0.044966217 2.6276784
v 0.64451325 0.026202263 2.5979404
v 0.6384598 0.035901457 2.695729
v 0.5701575 0.021810656 2.6703503
v 0.59680784 0.084556244 2.5852141
v 0.5206247 0.07207416 2.6610074
v 1.0142493 -0.106612414 2.0827217
v 1.0381266 -0.10131082 2.0489237
v 1.0796813 -0.12096873 2.0575955
v 1.0248435 -0.10122113 2.002595
v 1.0133002 -0.11822955 2.0091515
v 0.9776916 -0.07230426 2.0783951
v 0.98119223 -0.09352313 2.0039914
v 1.0057392 -0.11850196 1.970472
v 0.9827585 -0.103493795 1.9659343
v 0.99457794 -0.09156722 1.9610325
v 1.0144166 -0.107522964 1.9662524
v 1.0545166 -0.10622318 2.0314536
v 1.0037518 -0.05947228 2.0340908
v 1.0475024 -0.07593128 2.0212216
v 1.0827687 -0.12632228 2.0098944
v 1.1073229 -0.13914825 2.0284522
v 1.1435668 -0.13991757 1.9077779
v 1.1203974 -0.12532938 1.9143522
v 1.1402807 -0.1306393 1.8835778
v 1.1203427 -0.12350848 1.8879558
v 0.9776916 -0.07230426 2.0783951
v 1.0095409 -0.07272733 2.1344845
v 1.0142493 -0.106612414 2.0827217
v 0.97666633 -0.018711528 2.1117177
v 1.0037518 -0.05947228 2.0340908
v 0.98119223 -0.09352313 2.0039914
v 0.99409145 -0.07414068 1.9906758
v 0.9827585 -0.103493795 1.9659343
v 0.99457794 -0.09156722 1.9610325
v 0.99647266 -0.022041755 2.0440488
v 1.0163748 0.029367616 2.0671666
v 1.043669 0.026601832 2.0122702
v 0.9881934 0.03351162 2.1147795
v 1.0418755 -0.03906989 2.0236373
v 0.6450048 0.057543557 2.4831085
v 1.069203 0.016385762 1.9702005
v 0.66737795 0.15398858 2.4609725
v 1.0941665 -0.05151443 1.9875932
v 1.0886925 0.0053807017 1.911987
v 1.0475024 -0.07593128 2.0212216
v 0.6209064 0.07104991 2.5341609
v 0.6558755 0.1552838 2.517643
v 1.1214361 -0.060619533 1.9061402
v 1.0939385 -0.018801656 1.8818135
v 1.1106157 -0.06151146 1.873607
v 1.1200556 -0.09483844 1.8821405
v 1.1002262 -0.095640555 1.9905086
v 1.1324023 -0.10438225 1.9095546
v 1.1203427 -0.12350848 1.8879558
v 1.1203974 -0.12532938 1.9143522
v 1.0827687 -0.12632228 2.0098944
v 1.0545166 -0.10622318 2.0314536
v 0.59680784 0.084556244 2.5852141
v 0.644373 0.15657896 2.5743134
v 0.619273 0.16242528 2.5982244
v 0.5912375 0.15779723 2.6210337
v 0.5206247 0.07207416 2.6610074
v 0.54592884 0.15708289 2.6812854
v 0.64451325 0.026202263 2.5979404
v 0.6692904 0.0096292235 2.5605493
v 0.69406754 -0.0069438377 2.5231586
v 1.0418755 -0.03906989 2.0236373
v 0.99647266 -0.022041755 2.0440488
v 1.0037518 -0.05947228 2.0340908
v 1.0475024 -0.07593128 2.0212216
v 1.0381266 -0.10131082 2.0489237
v 1.0037518 -0.05947228 2.0340908
v 0.99409145 -0.07414068 1.9906758
v 1.0248435 -0.10122113 2.002595
v 0.99457794 -0.09156722 1.9610325
v 1.0144166 -0.107522964 1.9662524
v 1.0144166 -0.107522964 1.9662524
v 1.0057392 -0.11850196 1.970472
v 1.0133002 -0.11822955 2.0091515
v 1.0248435 -0.10122113 2.002595
v 1.1200556 -0.09483844 1.8821405
v 1.1203427 -0.12350848 1.8879558
v 1.1402807 -0.1306393 1.8835778
v 1.1482567 -0.10921517 1.8795891
v 1.1106157 -0.06151146 1.873607
v 1.1328117 -0.054294493 1.8708789
v 1.1114115 -0.021456677 1.8770016
v 1.0939385 -0.018801656 1.8818135
v 1.1121036 0.006774767 1.9057381
v 1.1463668 -0.056069512 1.8931425
v 1.0886925 0.0053807017 1.911987
v 1.0096704 0.030867502 2.1284928
v 1.071236 -0.026953742 2.1032195
v 1.0360398 -0.009808704 2.1562078
v 1.038094 0.020987712 2.0807185
v 1.1036556 -0.037096832 2.0564106
v 1.0697443 0.021136714 2.0282156
v 1.043669 0.026601832 2.0122702
v 1.0959055 0.0128676705 1.986195
v 1.0163748 0.029367616 2.0671666
v 1.069203 0.016385762 1.9702005
v 1.0886925 0.0053807017 1.911987
v 1.1121036 0.006774767 1.9057381
v 0.9881934 0.03351162 2.1147795
v 0.66737795 0.15398858 2.4609725
v 0.78635913 0.16025434 2.506216
v 0.6558755 0.1552838 2.517643
v 0.7438716 0.16440074 2.5547817
v 0.644373 0.15657896 2.5743134
v 0.81468254 0.104460046 2.538529
v 0.7013841 0.16854717 2.6033473
v 0.764412 0.10588407 2.597707
v 0.7141413 0.107308045 2.6568851
v 0.644373 0.15657896 2.5743134
v 0.7013841 0.16854717 2.6033473
v 0.6799245 0.18604536 2.6288836
v 0.619273 0.16242528 2.5982244
v 0.54592884 0.15708289 2.6812854
v 0.6589848 0.17088985 2.6600718
v 0.6033018 0.16975075 2.7217221
v 0.5912375 0.15779723 2.6210337
v 0.6799245 0.18604536 2.6288836
v 0.619273 0.16242528 2.5982244
v 0.50149137 0.21516417 2.6766198
v 0.52017456 0.21478403 2.6541965
v 0.6100734 0.20040962 2.7183254
v 0.59553814 0.20092528 2.738923
v 0.74362254 0.1081422 2.7290738
v 0.34151602 0.22587353 2.8568842
v 0.68672794 0.10943884 2.7884831
v 0.43556276 0.21163462 2.9191875
v 0.26145098 0.15919405 3.0226223
v 0.5267526 0.12014819 2.9687476
v 0.313079 0.15782046 3.1084766
v 0.34365758 0.09831931 3.1675081
v 0.35871804 0.074148536 2.7026749
v 0.4685392 0.06417207 2.5842073
v 0.52017456 0.21478403 2.6541965
v 0.50149137 0.21516417 2.6766198
v 0.34151602 0.22587353 2.8568842
v 0.26145098 0.15919405 3.0226223
v 0.26611003 0.05707592 3.022019
v 0.31278053 -0.042332187 3.0493603
v 0.40864018 -0.03672348 2.8589773
v 0.29440218 -0.0027270264 3.0848875
v 0.26501974 0.059857354 3.0676744
v 0.30435997 0.01862777 3.136514
v 0.3138414 0.08582296 3.1592698
v 0.2620866 0.12414789 3.068054
v 0.313079 0.15782046 3.1084766
v 0.29459003 0.12328312 3.1221054
v 0.40864018 -0.03672348 2.8589773
v 0.4685392 0.06417207 2.5842073
v 0.35871804 0.074148536 2.7026749
v 0.5877211 -0.032102425 2.644229
v 0.49620336 0.0011078317 2.8845634
v 0.6857812 0.005510966 2.6919074
v 0.32859743 -0.008412544 3.131363
v 0.31278053 -0.042332187 3.0493603
v 0.30435997 0.01862777 3.136514
v 0.29440218 -0.0027270264 3.0848875
v 0.68672794 0.10943884 2.7884831
v 0.74362254 0.1081422 2.7290738
v 0.6857812 0.005510966 2.6919074
v 0.49620336 0.0011078317 2.8845634
v 0.5267526 0.12014819 2.9687476
v 0.34365758 0.09831931 3.1675081
v 0.32859743 -0.008412544 3.131363
v 0.32859743 -0.008412544 3.131363
v 0.30435997 0.01862777 3.136514
v 0.3138414 0.08582296 3.1592698
v 0.34365758 0.09831931 3.1675081
v 0.29459003 0.12328312 3.1221054
v 0.313079 0.15782046 3.1084766
v 0.30081728 0.2766296 0.06708958
v 0.17409976 0.24878922 -0.003404151
v 0.31456253 0.2622156 -0.0055144937
v 0.18581794 0.2454913 0.07327139
v 0.21169445 0.22086468 0.18263073
v 0.27978554 0.23001112 0.18569617
v 0.21627916 0.21836448 0.19658503
v 0.2752847 0.22356339 0.20186293
v 0.17348695 0.24543977 0.7025871
v 0.2788004 0.28309458 0.7240141
v 0.23189089 0.0228689 0.14348193
v 0.31191176 0.031157197 0.13748926
v 0.32050073 -0.055394966 0.111538805
v 0.2402416 -0.0692906 0.10799321
v 0.18266387 0.07813585 0.08380742
v 0.19061148 -0.0759938 0.07112996
v 0.20197682 -0.14832361 0.052470632
v 0.23731929 -0.15978205 0.08729539
v 0.32741073 -0.1320011 0.08991787
v 0.24607123 -0.22548021 0.054542307
v 0.3194248 -0.21610652 0.060809962
v 0.20197682 -0.14832361 0.052470632
v 0.24607123 -0.22548021 0.054542307
v 0.2387763 -0.24010235 -0.005445142
v 0.18956085 -0.14088863 -0.007103377
v 0.17839314 -0.061570253 -0.008029144
v 0.19061148 -0.0759938 0.07112996
v 0.18266387 0.07813585 0.08380742
v 0.20505093 0.083248906 -0.009236579
v 0.17409976 0.24878922 -0.003404151
v 0.18581794 0.2454913 0.07327139
v 0.20754218 0.190204 0.180019
v 0.21169445 0.22086468 0.18263073
v 0.21627916 0.21836448 0.19658503
v 0.18458949 0.09427711 0.18855071
v 0.22491303 0.053656816 0.22245686
v 0.23189089 0.0228689 0.14348193
v 0.22350244 0.058863692 0.23372115
v 0.185039 0.09647444 0.20528299
v 0.15759936 0.13509652 0.700922
v 0.17348695 0.24543977 0.7025871
v 0.108168334 0.13323106 0.74827194
v 0.12659024 0.28489184 0.7571608
v 0.115323424 0.09937772 0.9814226
v 0.14787237 0.23674655 0.9853156
v 0.20303285 -0.008555568 0.982681
v 0.2194862 0.0254244 0.7464034
v 0.21517724 0.021715086 1.0710914
v 0.14949441 0.102542914 1.0701492
v 0.17386927 0.20541412 1.0730646
v 0.3194248 -0.21610652 0.060809962
v 0.3940742 -0.08628828 -0.005319927
v 0.33092824 -0.22905256 -0.0049554175
v 0.36997005 -0.08372957 0.0456325
v 0.32741073 -0.1320011 0.08991787
v 0.38201663 -0.015393001 -0.006497405
v 0.364317 -0.013427443 0.055517357
v 0.32050073 -0.055394966 0.111538805
v 0.3288022 0.10173268 -0.007560382
v 0.31191176 0.031157197 0.13748926
v 0.33522156 0.09243173 0.06748019
v 0.31456253 0.2622156 -0.0055144937
v 0.30081728 0.2766296 0.06708958
v 0.27978554 0.23001112 0.18569617
v 0.32269627 0.118423834 0.18249635
v 0.2752847 0.22356339 0.20186293
v 0.2999146 0.06052003 0.22194135
v 0.32061362 0.12440876 0.20052783
v 0.29793766 0.06516412 0.23362528
v 0.38333243 0.17513187 0.7003441
v 0.3472576 0.060726512 0.70370287
v 0.24607123 -0.22548021 0.054542307
v 0.3194248 -0.21610652 0.060809962
v 0.33092824 -0.22905256 -0.0049554175
v 0.2387763 -0.24010235 -0.005445142
v 0.2788004 0.28309458 0.7240141
v 0.2752847 0.22356339 0.20186293
v 0.32061362 0.12440876 0.20052783
v 0.38333243 0.17513187 0.7003441
v 0.28190306 0.3445101 0.7945817
v 0.12659024 0.28489184 0.7571608
v 0.17348695 0.24543977 0.7025871
v 0.44076288 0.18852554 0.751326
v 0.3472576 0.060726512 0.70370287
v 0.38925582 0.020316964 0.749055
v 0.20505093 0.083248906 -0.009236579
v 0.17839314 -0.061570253 -0.008029144
v 0.18956085 -0.14088863 -0.007103377
v 0.2387763 -0.24010235 -0.005445142
v 0.31456253 0.2622156 -0.0055144937
v 0.17409976 0.24878922 -0.003404151
v 0.3288022 0.10173268 -0.007560382
v 0.33092824 -0.22905256 -0.0049554175
v 0.38201663 -0.015393001 -0.006497405
v 0.3940742 -0.08628828 -0.005319927
v 0.2194862 0.0254244 0.7464034
v 0.15759936 0.13509652 0.700922
v 0.108168334 0.13323106 0.74827194
v 0.23228736 0.06261844 0.7047459
v 0.185039 0.09647444 0.20528299
v 0.22350244 0.058863692 0.23372115
v 0.38925582 0.020316964 0.749055
v 0.3472576 0.060726512 0.70370287
v 0.3502218 -0.029325088 0.9870682
v 0.29793766 0.06516412 0.23362528
v 0.20303285 -0.008555568 0.982681
v 0.32540238 0.0061614555 1.0743771
v 0.21517724 0.021715086 1.0710914
v 0.22491303 0.053656816 0.22245686
v 0.2999146 0.06052003 0.22194135
v 0.23189089 0.0228689 0.14348193
v 0.31191176 0.031157197 0.13748926
v 0.14787237 0.23674655 0.9853156
v 0.12659024 0.28489184 0.7571608
v 0.28190306 0.3445101 0.7945817
v 0.28415653 0.27425605 1.0194683
v 0.17386927 0.20541412 1.0730646
v 0.27592817 0.23350377 1.0986404
v 0.28415653 0.27425605 1.0194683
v 0.28190306 0.3445101 0.7945817
v 0.44076288 0.18852554 0.751326
v 0.40774184 0.1129314 0.9841763
v 0.27592817 0.23350377 1.0986404
v 0.38925582 0.020316964 0.749055
v 0.3684773 0.11269283 1.0722113
v 0.3502218 -0.029325088 0.9870682
v 0.32540238 0.0061614555 1.0743771
v 0.28415653 0.27425605 1.0194683
v 0.34349453 0.14232416 0.89187014
v 0.4077418 0.11293141 0.98417634
v 0.27069277 0.23735753 0.91265994
v 0.3096106 0.058523547 0.89357364
v 0.22290432 0.07075848 0.89098924
v 0.19041032 0.21526137 0.8925412
v 0.17123635 0.13433996 0.89024794
v 0.27592817 0.23350377 1.0986404
v 0.3684773 0.11269283 1.0722113
v 0.32540238 0.0061614555 1.0743771
v 0.21517724 0.021715086 1.0710914
v 0.17386927 0.20541412 1.0730646
v 0.14949441 0.102542914 1.0701492
v -0.18937333 -0.14027411 2.294932
v -0.17666571 -0.12195514 2.6186829
v -4.985291E-11 -0.21384071 2.624811
v -4.4393044E-12 -0.17872313 2.2916675
v -0.19555691 -0.18199846 2.2510853
v -2.2575216E-12 -0.20306127 2.2551832
v -0.2704077 -0.1616581 2.0376182
v -0 -0.19313441 2.0232954
v -0 -0.18279257 1.7257018
v -0.027049698 -0.17544828 1.7040272
v -0.04652589 -0.15481788 1.6837786
v -0.30704036 -0.18431894 1.8394619
v -0.1334836 -0.076761484 1.6945643
v -0.2805088 -0.093410835 1.7824264
v -0.062123377 0.23850703 1.7399564
v -0 0.018812895 1.7146803
v -0 0.24697298 1.7813967
v -0.007510134 0.018812789 1.7072638
v -0.090122394 0.22729664 1.7025739
v -0 -0.18279257 1.7257018
v -0.025585648 0.045931745 1.6281679
v -0.027049698 -0.17544828 1.7040272
v -0.04652589 -0.15481788 1.6837786
v -0.062123377 0.23850703 1.7399564
v -0.27823424 0.17429678 1.9014623
v -0.090122394 0.22729664 1.7025739
v -0.29778066 0.1843828 2.0450377
v -0.12568687 0.2095089 2.0375462
v -0.22545137 0.12420087 2.2542968
v -0 0.21884437 2.0670998
v -0 0.24697298 1.7813967
v -0.11319197 0.19147578 2.2379308
v -0.20103271 0.104690045 2.2918787
v -6.8616987E-12 0.19605656 2.2333593
v -0.11390302 0.16281211 2.2763333
v -0.2096743 0.0767127 2.591822
v -7.379584E-12 0.1693311 2.2731175
v -0.11965717 0.1358944 2.53888
v -4.204016E-11 0.15915422 2.5285604
v -0.29778066 0.1843828 2.0450377
v -0.38732073 0.03777446 1.8377732
v -0.27823424 0.17429678 1.9014623
v -0.33044425 0.016449315 2.101797
v -0.30704036 -0.18431894 1.8394619
v -0.2704077 -0.1616581 2.0376182
v -0.19555691 -0.18199846 2.2510853
v -0.26100048 -0.0507135 2.267581
v -0.22545137 0.12420087 2.2542968
v -0.18937333 -0.14027411 2.294932
v -0.2432976 -0.04291386 2.2955203
v -0.17666571 -0.12195514 2.6186829
v -0.20103271 0.104690045 2.2918787
v -0.2605608 -0.019777654 2.6203027
v -0.2096743 0.0767127 2.591822
v -0.11965717 0.1358944 2.53888
v -4.204016E-11 0.15915422 2.5285604
v -4.212326E-11 0.22003768 2.5301545
v -0.12899533 0.21265386 2.5444272
v -0.2096743 0.0767127 2.591822
v -0.24888177 0.1407628 2.5787303
v -0.2605608 -0.019777654 2.6203027
v -0.32047054 0.028470054 2.6045103
v -0.2485467 0.17084755 2.5668716
v -0.31058863 0.18438277 2.5828516
v -0.17666571 -0.12195514 2.6186829
v -0.1951285 -0.14234188 2.6180143
v -4.985291E-11 -0.21384071 2.624811
v -5.1876316E-11 -0.2601424 2.6273112
v -0.028085863 -0.40839538 3.5366492
v -0.02715988 -0.4084634 3.5375667
v 3.3805715E-25 -0.40868658 3.537407
v 3.379322E-25 -0.40853554 3.5363114
v -0.025060946 -0.39358735 3.491042
v 3.214776E-25 -0.38864315 3.4753666
v 2.7991063E-25 -0.33839175 3.4217703
v -0.061947417 -0.3544618 3.4557674
v -0.06845088 -0.383935 3.5137634
v -0.15042488 -0.15301552 3.6453404
v -0.15161185 -0.06549217 3.7760293
v -0.09225009 -0.17048213 3.707353
v -0.20653677 0.018157687 3.6804793
v -0.17301114 -0.14096613 3.591717
v -0.20290062 0.015165964 3.8524976
v -0.26577064 0.014977471 3.9658694
v -0.2697516 0.06769639 3.953854
v -0.2880859 0.0698611 3.834198
v -0.22111511 0.042983085 3.601531
v -0.22218998 -0.08047263 3.49868
v -0.20761058 0.085389614 3.5008929
v -0.1759867 0.2045552 3.5083857
v -0.17450278 0.19657668 3.5917702
v -0.20335604 0.16815355 3.7217011
v -0.22218998 -0.08047263 3.49868
v -0.17301114 -0.14096613 3.591717
v -0.12838759 -0.15972495 3.569648
v -0.15042488 -0.15301552 3.6453404
v -0.056852665 -0.18753362 3.598003
v -0.09225009 -0.17048213 3.707353
v 1.4154148E-25 -0.17111377 3.7059505
v 1.8455954E-25 -0.2231194 3.606977
v -0.09225009 -0.17048213 3.707353
v 3.8239527E-26 -0.046229374 3.7774944
v 1.4154148E-25 -0.17111377 3.7059505
v -0.15161185 -0.06549217 3.7760293
v -0.09198815 0.07943998 3.8202264
v -6.417936E-26 0.07758746 3.7923193
v -0.1166291 0.17735526 3.7672555
v -1.3517533E-25 0.16341633 3.7526731
v -0.24065866 -0.0052598007 3.9963264
v -0.36045012 0.08627366 4.083516
v -5.541414E-13 0.226792 3.6955009
v -1.3517533E-25 0.16341633 3.7526731
v -0.1166291 0.17735526 3.7672555
v -0.09160966 0.21601662 3.6955009
v -3.19874E-12 0.25385335 3.5960195
v -0.20335604 0.16815355 3.7217011
v -0.36045012 0.08627366 4.083516
v -0.37543303 0.09607204 3.945274
v -0.17450278 0.19657668 3.5917702
v -0.088384986 0.24307796 3.5960195
v -0.08434013 0.2539836 3.5282073
v -4.8046706E-12 0.264759 3.5282073
v -0.1759867 0.2045552 3.5083857
v -0.08353016 0.24591494 3.4516382
v -0.13755499 0.21253371 3.4326773
v -7.441696E-12 0.26490012 3.4603946
v -0.06388805 0.19467598 3.2617486
v -5.8207612E-11 0.20881207 3.2587645
v -0.34411544 0.051549625 3.7680106
v -0.20653677 0.018157687 3.6804793
v -0.20335604 0.16815355 3.7217011
v -0.37543303 0.09607204 3.945274
v -0.07046687 -0.17218386 3.379654
v 2.7991063E-25 -0.33839175 3.4217703
v -2.3366743E-12 -0.17218386 3.3796554
v -0.061947417 -0.3544618 3.4557674
v -0.11283852 -0.16869202 3.4052083
v -0.09789602 -0.016436923 3.366836
v -0.07046686 -0.0976588 3.350382
v -0.22218998 -0.08047263 3.49868
v -0.20761058 0.085389614 3.5008929
v -0.07046686 -0.0976588 3.350382
v -0.07046687 -0.17218386 3.379654
v -2.3366743E-12 -0.17218386 3.3796554
v -4.9012274E-12 -0.0976588 3.350382
v -5.73074E-11 -0.0864363 3.2290444
v -0.07095866 -0.046764016 3.2348468
v -0.13755499 0.21253371 3.4326773
v -0.13262662 0.06606246 3.2679718
v -0.112682246 0.17396663 3.2701874
v -0.13887084 0.12779613 3.4048605
v -0.09789602 -0.016436923 3.366836
v -0.20761058 0.085389614 3.5008929
v -0.07095866 -0.046764016 3.2348468
v -0.07046686 -0.0976588 3.350382
v -0.08353016 0.24591494 3.4516382
v -0.13755499 0.21253371 3.4326773
v -0.112682246 0.17396663 3.2701874
v -0.06388805 0.19467598 3.2617486
v -0.037690703 -0.3940855 3.5452323
v -0.056852665 -0.18753362 3.598003
v 1.8455954E-25 -0.2231194 3.606977
v 3.2604287E-25 -0.3941622 3.5545511
v 3.3805715E-25 -0.40868658 3.537407
v -0.02715988 -0.4084634 3.5375667
v -0.24065866 -0.0052598007 3.9963264
v -0.15161185 -0.06549217 3.7760293
v -0.26577064 0.014977471 3.9658694
v -0.36045012 0.08627366 4.083516
v -0.34283048 0.07418624 4.029563
v -0.37543303 0.09607204 3.945274
v -0.34203148 0.078171864 3.9441023
v -0.34411544 0.051549625 3.7680106
v -0.3193571 0.08856699 3.9403627
v -0.32887837 0.08533044 4.0140104
v -0.2697516 0.06769639 3.953854
v -0.3162962 0.043415435 3.805352
v -0.20653677 0.018157687 3.6804793
v -0.2880859 0.0698611 3.834198
v -0.20290062 0.015165964 3.8524976
v -0.34283048 0.07418624 4.029563
v -0.26577064 0.014977471 3.9658694
v -0.2697516 0.06769639 3.953854
v -0.32887837 0.08533044 4.0140104
v -0.06845088 -0.383935 3.5137634
v -0.02715988 -0.4084634 3.5375667
v -0.028085863 -0.40839538 3.5366492
v -0.037690703 -0.3940855 3.5452323
v -0.056852665 -0.18753362 3.598003
v -0.1459403 -0.21413387 3.5201378
v -0.061947417 -0.3544618 3.4557674
v -0.12838759 -0.15972495 3.569648
v -0.11283852 -0.16869202 3.4052083
v -0.22218998 -0.08047263 3.49868
v -0.30365673 1.0446292 1.0425099
v -0.27565733 1.4221617 1.0125505
v -0.1942827 1.4440279 1.1130829
v -0.32839578 0.90847665 0.8885935
v -0.2882321 1.3709549 0.9092031
v -0.23616901 1.0873247 0.65331376
v -0.23371056 0.7603722 0.75559086
v -0.24819897 0.86124116 1.1481481
v -0.21004489 1.1532955 1.1031791
v -0.23632407 0.49024066 1.1122407
v -0.17167716 0.4104911 0.9875963
v -0.115254715 0.28459975 1.4981086
v -0.253854 0.6401018 1.2240481
v -0.18553331 0.76851934 1.3174177
v -0.108921416 0.5686163 1.4715712
v -0.1437257 0.44917172 1.4667125
v -0.14773236 0.432034 1.6253383
v -0.088324904 0.52736336 1.6464287
v -0.07703618 0.27844015 1.8857551
v -0.03614233 0.26554173 2.1087933
v -0.03850102 0.22369483 1.9906334
v -0.037082538 0.12399473 2.1170774
v -5.684342E-14 0.14260471 2.1445413
v -5.684342E-14 0.12285336 2.050928
v -0.13862815 1.5349687 0.86678755
v -0.27565733 1.4221617 1.0125505
v -0.2882321 1.3709549 0.9092031
v -0.19296442 1.414471 0.7670335
v -0.23616901 1.0873247 0.65331376
v -1.4210855E-14 1.4132367 0.65612453
v -1.4210855E-14 1.5647365 0.86881524
v -1.3943238E-14 1.1012932 0.5320275
v -1.31964896E-14 0.9006349 0.56750685
v -0.23371056 0.7603722 0.75559086
v -1.4210855E-14 1.5244963 1.1110207
v -0.11496346 1.5390884 1.0769833
v -1.4210855E-14 1.5647365 0.86881524
v -0.13862815 1.5349687 0.86678755
v -0.27565733 1.4221617 1.0125505
v -0.1942827 1.4440279 1.1130829
v -0.12216549 0.93037355 1.1936156
v -1.1270484E-14 0.9097464 1.2342101
v -0.18553331 0.76851934 1.3174177
v -0.24819897 0.86124116 1.1481481
v -0.24819897 0.86124116 1.1481481
v -0.21004489 1.1532955 1.1031791
v -0.12216549 0.93037355 1.1936156
v -1.1270484E-14 0.9097464 1.2342101
v -1.4210855E-14 1.1962528 1.1050355
v -0.1942827 1.4440279 1.1130829
v -0.30365673 1.0446292 1.0425099
v -1.4210855E-14 1.5244963 1.1110207
v -0.11496346 1.5390884 1.0769833
v -5.684342E-14 0.2520965 1.9792339
v -0.03850102 0.22369483 1.9906334
v -5.684342E-14 0.12285336 2.050928
v -0.07703618 0.27844015 1.8857551
v -0.115254715 0.28459975 1.4981086
v -2.153844E-15 0.24314754 1.4958427
v -0.17167716 0.4104911 0.9875963
v -1.1224646E-15 0.34828767 1.0196937
v -7.0868735E-15 0.45292392 0.7993035
v -0.23371056 0.7603722 0.75559086
v -1.0647979E-14 0.6220513 0.7230383
v -1.31964896E-14 0.9006349 0.56750685
v -1.1270484E-14 0.9097464 1.2342101
v -8.672732E-16 0.5842854 1.4605291
v -0.108921416 0.5686163 1.4715712
v -0.18553331 0.76851934 1.3174177
v -0.108921416 0.5686163 1.4715712
v -8.672732E-16 0.5842854 1.4605291
v -1.7604003E-15 0.5305384 1.6675855
v -0.088324904 0.52736336 1.6464287
v -0.03614233 0.26554173 2.1087933
v -5.684342E-14 0.26591125 2.1136389
v -0.13887084 0.12779613 3.4048605
v -0.13755499 0.21253371 3.4326773
v -0.1759867 0.2045552 3.5083857
v -0.20761058 0.085389614 3.5008929
v -0.15525867 0.12827305 3.5196142
v -0.15993425 0.0012596932 3.4559212
v -0.19556083 -0.075523056 3.5083082
v -0.19088526 0.0006825131 3.572001
v -0.19109026 0.0012596998 3.5057368
v -0.32414752 0.14562348 3.59203
v -0.19130702 -0.07739977 3.5667758
v -0.16857389 0.00068251684 3.623743
v -0.15922502 0.13772936 3.5610833
v -0.19109026 0.0012596998 3.5057368
v -0.19130702 -0.07739977 3.5667758
v -0.16857389 0.00068251684 3.623743
v -0.38930702 -0.18849072 1.7206678
v -0.30411184 -0.18849069 2.1265106
v -0.30411184 0.18584509 2.1265106
v -0.38930702 0.18584509 1.7206677
v -0.47139373 -0.18849069 1.7378997
v -0.3861986 -0.18849067 2.1437423
v -0.30411184 -0.18849069 2.1265106
v -0.38930702 -0.18849072 1.7206678
v -0.3861986 0.1858451 2.1437423
v -0.48239464 0.10685067 2.0700014
v -0.5487032 0.10685066 1.7541282
v -0.4713938 0.1858451 1.7378995
v -0.38930702 0.18584509 1.7206677
v -0.30411184 0.18584509 2.1265106
v -0.3861986 0.1858451 2.1437423
v -0.30411184 0.18584509 2.1265106
v -0.30411184 -0.18849069 2.1265106
v -0.3861986 -0.18849067 2.1437423
v -0.47139373 -0.18849069 1.7378997
v -0.38930702 -0.18849072 1.7206678
v -0.38930702 0.18584509 1.7206677
v -0.4713938 0.1858451 1.7378995
v -0.54870313 -0.10949623 1.7541283
v -0.5487032 0.10685066 1.7541282
v -0.3861986 -0.18849067 2.1437423
v -0.47139373 -0.18849069 1.7378997
v -0.54870313 -0.10949623 1.7541283
v -0.48239464 -0.10949622 2.0700014
v -0.3861986 0.1858451 2.1437423
v -0.5487032 0.10685066 1.7541282
v -0.48239464 0.10685067 2.0700014
v -0.1409178 -0.128576 2.3342721
v -0.16548681 -0.121195085 2.5685458
v -0.26627833 0.036759846 2.5507543
v -0.24170916 0.02937901 2.3164806
v -0.17625941 -0.15142977 2.3315892
v -0.16548681 -0.121195085 2.5685458
v -0.1409178 -0.128576 2.3342721
v -0.20082873 -0.14404908 2.5658636
v -0.23081404 -0.13962103 2.3253083
v -0.2505481 -0.13432723 2.5136604
v -0.30162024 0.013905912 2.5480723
v -0.28906643 -0.048331223 2.3150258
v -0.27705094 0.006525085 2.313798
v -0.3088005 -0.043037444 2.5033784
v -0.2505481 -0.13432723 2.5136604
v -0.20082873 -0.14404908 2.5658636
v -0.23081404 -0.13962103 2.3253083
v -0.30162024 0.013905912 2.5480723
v -0.26627833 0.036759846 2.5507543
v -0.16548681 -0.121195085 2.5685458
v -0.20082873 -0.14404908 2.5658636
v -0.24170916 0.02937901 2.3164806
v -0.26627833 0.036759846 2.5507543
v -0.30162024 0.013905912 2.5480723
v -0.27705094 0.006525085 2.313798
v -0.17625941 -0.15142977 2.3315892
v -0.1409178 -0.128576 2.3342721
v -0.24170916 0.02937901 2.3164806
v -0.23081404 -0.13962103 2.3253083
v -0.28906643 -0.048331223 2.3150258
v -0.27705094 0.006525085 2.313798
v -0.32047054 0.028470054 2.6045103
v -0.27118492 -0.07567902 2.9481502
v -0.1951285 -0.14234188 2.6180143
v -0.355873 0.028977323 2.8005474
v -0.31058863 0.18438277 2.5828516
v -0.37547955 0.18997653 2.5919526
v -0.1951285 -0.14234188 2.6180143
v -0.27118492 -0.07567902 2.9481502
v -5.820766E-11 -0.24429625 2.955642
v -5.1876316E-11 -0.2601424 2.6273112
v -0.06388805 0.19467598 3.2617486
v -0.112682246 0.17396663 3.2701874
v -0.16951013 0.22291285 3.383327
v -0.08425739 0.26587075 3.3736873
v -5.8207612E-11 0.20881207 3.2587645
v -5.820766E-11 0.28399032 3.3658133
v -0.13262662 0.06606246 3.2679718
v -0.09709493 -0.18113896 3.3219018
v -0.2118072 0.04197379 3.360078
v -0.07095866 -0.046764016 3.2348468
v -5.820766E-11 -0.13769948 3.2092524
v -5.73074E-11 -0.0864363 3.2290444
v -0.5091984 0.036362447 2.9282134
v -0.7428419 0.15305449 2.8230681
v -0.5227447 -0.045902222 2.9279504
v -0.6976732 0.14887379 2.7940807
v -0.45553154 0.18848723 2.8835092
v -0.701958 0.2628036 2.6630821
v -0.7247098 0.28424454 2.6788154
v -0.6502373 0.27311575 2.6528974
v -0.7249176 0.37637132 2.473475
v -0.59553826 0.20092523 2.7389228
v -0.50149155 0.2151642 2.6766195
v -0.355873 0.028977323 2.8005474
v -0.37547955 0.18997653 2.5919526
v -0.47873244 0.25658953 2.579047
v -0.44463184 0.31865838 2.4328513
v -0.3910924 0.41610926 2.2033176
v -0.6489243 0.4550225 2.2423759
v -0.5773343 0.52493286 1.9271059
v -0.37826335 0.2302963 2.5226583
v -0.38311058 0.3005026 2.402001
v -0.41228637 0.4938492 1.9005888
v -0.42494297 0.54027385 1.7198052
v -0.25966465 0.5806626 1.6975753
v -0.253692 0.5148801 1.901695
v -0.18209144 0.60311836 1.6898983
v -0.24654363 0.43614823 2.1459963
v -0.1758245 0.52835006 1.9038806
v -5.820766E-11 0.6205732 1.6762102
v -5.820766E-11 0.5423025 1.9002163
v -0.1689704 0.44657686 2.1379106
v -5.820766E-11 0.4640317 2.1242225
v -0.14777753 0.32256204 2.3534262
v -5.659355E-11 0.34203467 2.3271885
v -0.24757808 0.29913795 2.3633506
v -0.13718578 0.26058206 2.4611363
v -5.4174748E-11 0.28103614 2.4286714
v -0.24811044 0.22862892 2.4752069
v -0.12899533 0.21265386 2.5444272
v -4.212326E-11 0.22003768 2.5301545
v -0.2485467 0.17084755 2.5668716
v -0.24888177 0.1407628 2.5787303
v -0.31058863 0.18438277 2.5828516
v -0.7247098 0.28424454 2.6788154
v -0.701958 0.2628036 2.6630821
v -0.7249176 0.37637132 2.473475
v -0.7252525 0.41507244 2.4759543
v -0.6489243 0.4550225 2.2423759
v -0.6492593 0.49372366 2.244855
v -0.5773343 0.52493286 1.9271059
v -0.5776693 0.56363404 1.9295855
v -0.45231155 0.60549194 1.7487133
v -0.42494297 0.54027385 1.7198052
v -0.112682246 0.17396663 3.2701874
v -0.13262662 0.06606246 3.2679718
v -0.2118072 0.04197379 3.360078
v -0.16951013 0.22291285 3.383327
v -5.820766E-11 -0.24429625 2.955642
v -0.28441226 -0.11370747 2.9600406
v -5.820766E-11 -0.27766448 2.970442
v -0.27118492 -0.07567902 2.9481502
v -0.41790482 -0.07493001 2.9691875
v -0.3713001 -0.042949334 2.9594069
v -0.5227447 -0.045902222 2.9279504
v -0.5091984 0.036362447 2.9282134
v -0.45553154 0.18848723 2.8835092
v -5.8207657E-11 -0.19726484 3.1494696
v -0.19440064 -0.03478392 3.2184377
v -0.09709493 -0.18113896 3.3219018
v -0.28441226 -0.11370747 2.9600406
v -5.820766E-11 -0.27766448 2.970442
v -0.3547622 -0.06784527 3.1509573
v -0.41790482 -0.07493001 2.9691875
v -0.2162103 0.09336222 3.266429
v -0.21028857 0.26778 3.2434204
v -0.16951013 0.22291285 3.383327
v -0.2118072 0.04197379 3.360078
v -0.19440064 -0.03478392 3.2184377
v -0.09709493 -0.18113896 3.3219018
v -0.2162103 0.09336222 3.266429
v -0.19440064 -0.03478392 3.2184377
v -0.3547622 -0.06784527 3.1509573
v -0.39434072 0.09859913 3.2242112
v -0.21028857 0.26778 3.2434204
v -0.3335216 0.30453584 3.1658432
v -0.39552283 0.3083194 3.0436275
v -0.3335216 0.30453584 3.1658432
v -0.39434072 0.09859913 3.2242112
v -0.52938974 0.11651499 3.08559
v -0.3547622 -0.06784527 3.1509573
v -0.41790482 -0.07493001 2.9691875
v -0.5227447 -0.045902222 2.9279504
v -0.7428419 0.15305449 2.8230681
v -0.39552283 0.3083194 3.0436275
v -0.52938974 0.11651499 3.08559
v -0.7428419 0.15305449 2.8230681
v -0.59587324 0.33628598 2.7456167
v -0.21365663 0.35841465 2.965537
v -0.7247098 0.28424454 2.6788154
v -0.3335216 0.30453584 3.1658432
v -0.7252525 0.41507244 2.4759543
v -0.21028857 0.26778 3.2434204
v -0.48975635 0.4246313 2.4288855
v -0.41846097 0.48398668 2.2160876
v -0.6492593 0.49372366 2.244855
v -0.5776693 0.56363404 1.9295855
v -0.3807412 0.3957627 2.6496084
v -0.40138415 0.44404513 2.4123552
v -0.2726838 0.41519934 2.5857852
v -0.2716221 0.45262823 2.3866568
v -0.439703 0.560234 1.9227995
v -0.45231155 0.60549194 1.7487133
v -0.13933402 0.41869482 2.5533676
v -0.14155383 0.37705678 2.9489605
v -0.27034563 0.4976287 2.1472461
v -0.27738094 0.56039727 1.9150112
v -0.28346667 0.6146936 1.7141222
v -0.15767352 0.46246356 2.3642545
v -0.18626742 0.5825586 1.9116758
v -0.19243012 0.6431907 1.7084374
v -0.1793091 0.51409864 2.1411529
v -5.820766E-11 0.597468 1.9034297
v -5.820766E-11 0.6622892 1.678967
v -5.820766E-11 0.5326468 2.1278925
v -5.820766E-11 0.48419398 2.333837
v -5.820766E-11 0.43574116 2.5397816
v -5.816597E-11 0.39266217 2.933938
v -0.117764264 0.29053938 3.2257473
v -5.8192843E-11 0.3119806 3.2183223
v -5.820766E-11 0.28399032 3.3658133
v -0.16951013 0.22291285 3.383327
v -0.08425739 0.26587075 3.3736873
v -0.42494297 0.54027385 1.7198052
v -0.28346667 0.6146936 1.7141222
v -0.45231155 0.60549194 1.7487133
v -0.25966465 0.5806626 1.6975753
v -0.19243012 0.6431907 1.7084374
v -0.18209144 0.60311836 1.6898983
v -5.820766E-11 0.6622892 1.678967
v -5.820766E-11 0.6205732 1.6762102
v -0.15314041 0.22622952 3.691022
v -0.23948091 0.15674545 3.758534
v -0.24567848 0.15798667 3.6945012
v -0.14810331 0.22636354 3.754099
v -2.180223E-25 0.2635722 3.69009
v -2.1640695E-25 0.26161933 3.7524278
v -1.5495741E-25 0.18733136 3.939676
v -0.078830376 0.1666934 3.9403117
v -1.6517711E-25 0.1996862 4.0457726
v -0.15178645 0.10329756 3.9426885
v -0.06234884 0.18703151 4.0532722
v -0.11714197 0.14830343 4.0765753
v -0.25674775 0.0333148 3.6944542
v -0.20216115 -0.09475326 3.7628834
v -0.20481928 -0.09766022 3.7005236
v -0.2522658 0.031918943 3.757836
v -0.24567848 0.15798667 3.6945012
v -0.23948091 0.15674545 3.758534
v -0.15178645 0.10329756 3.9426885
v -0.1584387 0.0332876 3.9418764
v -0.11714197 0.14830343 4.0765753
v -0.13524114 -0.043734286 3.9468017
v -0.11311105 -0.16844057 3.764894
v -0.07883039 -0.10011822 3.948541
v -0.122138076 0.10435235 4.1001654
v -0.070158936 0.22108544 4.191413
v -0.10471574 0.058001887 4.1297503
v -0.062348846 0.023428796 4.15024
v -0.07311247 0.20433779 4.217601
v -0.0030787683 0.4766133 4.395668
v -0.06281294 0.1881055 4.247781
v -0.03776702 0.17551863 4.269435
v -0.0030787683 0.4766133 4.395668
v -0.0030787652 0.4766133 4.395668
v -0.20481928 -0.09766022 3.7005236
v -0.20216115 -0.09475326 3.7628834
v -0.11311105 -0.16844057 3.764894
v -0.11431686 -0.17227705 3.703069
v 1.5730315E-25 -0.19016847 3.7653103
v 1.6094038E-25 -0.19456561 3.7099035
v -0.07883039 -0.10011822 3.948541
v 9.988659E-26 -0.12075613 3.9491768
v -0.062348846 0.023428796 4.15024
v -8.912601E-27 0.0107739875 4.1577406
v -0.070158936 0.22108544 4.191413
v -0.0030787652 0.4766133 4.395668
v -0.0030787683 0.4766133 4.395668
v -0.037767015 0.23507853 4.1669664
v -0.11714197 0.14830343 4.0765753
v -3.9424588E-25 0.4766133 4.395668
v -0.06234884 0.18703151 4.0532722
v -1.9826414E-25 0.23968595 4.1590414
v -1.6517711E-25 0.1996862 4.0457726
v -1.413753E-25 0.17091154 4.277361
v -0.0030787652 0.4766133 4.395668
v -3.9424588E-25 0.4766133 4.395668
v -0.03776702 0.17551863 4.269435
v -8.912601E-27 0.0107739875 4.1577406
v -0.062348846 0.023428796 4.15024
v -2.180223E-25 0.2635722 3.69009
v -0.34287176 0.5596148 3.704272
v -5.361507E-25 0.6481658 3.6735442
v -0.15314041 0.22622952 3.691022
v -0.55685115 0.33115795 3.7305393
v -0.24567848 0.15798667 3.6945012
v -0.5824471 0.042874124 3.7737527
v -0.25674775 0.0333148 3.6944542
v -0.46237078 -0.2599847 3.7457685
v -0.20481928 -0.09766022 3.7005236
v -0.2530984 -0.43252423 3.7045922
v -0.11431686 -0.17227705 3.703069
v 4.00407E-25 -0.48406297 3.7032657
v 1.6094038E-25 -0.19456561 3.7099035
v -1.6090117E-25 0.19451697 3.66732
v -5.323856E-25 0.6436141 3.6496706
v -0.34506494 0.5550756 3.680498
v -0.11657117 0.16601163 3.6680036
v -0.5608717 0.3278156 3.7068055
v -0.18718043 0.117802285 3.668879
v -0.5869083 0.04143721 3.7499058
v -0.19319521 0.02731981 3.668565
v -0.4661436 -0.26006073 3.72176
v -0.15406442 -0.06980417 3.674838
v -0.2552891 -0.43182102 3.6803982
v -0.08638072 -0.124669 3.678048
v 3.9950993E-25 -0.48297846 3.6789868
v 1.1639033E-25 -0.14070788 3.685438
v -5.361507E-25 0.6481658 3.6735442
v -0.34506494 0.5550756 3.680498
v -5.323856E-25 0.6436141 3.6496706
v -0.34287176 0.5596148 3.704272
v -0.5608717 0.3278156 3.7068055
v -0.55685115 0.33115795 3.7305393
v -0.55685115 0.33115795 3.7305393
v -0.5869083 0.04143721 3.7499058
v -0.5608717 0.3278156 3.7068055
v -0.5824471 0.042874124 3.7737527
v -0.4661436 -0.26006073 3.72176
v -0.46237078 -0.2599847 3.7457685
v -0.46237078 -0.2599847 3.7457685
v -0.2552891 -0.43182102 3.6803982
v -0.4661436 -0.26006073 3.72176
v -0.2530984 -0.43252423 3.7045922
v 3.9950993E-25 -0.48297846 3.6789868
v 4.00407E-25 -0.48406297 3.7032657
v -0 -0.20376937 2.291748
v -0 -0.25493082 2.2876172
v -0.07191596 -0.25375664 2.2580547
v -0.07191596 -0.20259513 2.262186
v -0.07191596 -0.20259513 2.262186
v -0.07191596 -0.25375664 2.2580547
v -0.10152512 -0.2509218 2.1866865
v -0.10152512 -0.19976033 2.1908178
v -0.07191596 -0.24808697 2.1153183
v -0.07191596 -0.19692561 2.1194496
v -0.07191596 -0.19692561 2.1194496
v -0.07191596 -0.24808697 2.1153183
v -0 -0.24691287 2.0857563
v -0 -0.19575137 2.0898876
v -0 -0.23285405 1.3680754
v -0 -0.20529644 2.115757
v -0.047304895 -0.20529644 2.115757
v -0.12913251 -0.23285405 1.3680754
v -0 -0.23971914 1.2189304
v -0.026930073 -0.23971914 1.2189304
v -0 -0.25222602 1.3688782
v -0.047304895 -0.22466844 2.11656
v -0 -0.22466844 2.11656
v -0.12913251 -0.25222602 1.3688782
v -0 -0.2590911 1.2197331
v -0.026930073 -0.2590911 1.2197331
v -0.026930073 -0.23971914 1.2189304
v -0.12913251 -0.25222602 1.3688782
v -0.026930073 -0.2590911 1.2197331
v -0.12913251 -0.23285405 1.3680754
v -0.047304895 -0.22466844 2.11656
v -0.047304895 -0.20529644 2.115757
v -0 -0.23971914 1.2189304
v -0.026930073 -0.23971914 1.2189304
v -0.026930073 -0.2590911 1.2197331
v -0 -0.2590911 1.2197331
v -0.047304895 -0.20529644 2.115757
v -0 -0.20529644 2.115757
v -0 -0.22466844 2.11656
v -0.047304895 -0.22466844 2.11656
v -0.30704036 -0.18431893 1.8394622
v -0.046525918 -0.15481786 1.6837789
v -0.16082714 -0.13763161 1.508426
v -0.37029916 -0.18306898 1.5240932
v -0.16861825 -0.10008031 1.1791834
v -0.35382554 -0.14080428 1.1890327
v -0.20303288 -0.008555575 0.98268116
v -0.35022184 -0.029325096 0.98706836
v -0.22290434 0.070758455 0.89098936
v -0.30961064 0.05852352 0.89357376
v -0.3873207 0.037774447 1.8377734
v -0.30704036 -0.18431893 1.8394622
v -0.37029916 -0.18306898 1.5240932
v -0.46785346 0.040303927 1.5209134
v -0.27823424 0.17429677 1.9014626
v -0.35382554 -0.14080428 1.1890327
v -0.30555403 0.2960603 1.5629917
v -0.43892056 0.04355033 1.1827829
v -0.35022184 -0.029325096 0.98706836
v -0.29619253 0.2703492 1.2228417
v -0.4077418 0.112931386 0.98417646
v -0.28415656 0.27425602 1.0194684
v -0.30961064 0.05852352 0.89357376
v -0.34349456 0.14232413 0.89187026
v -0.09012242 0.22729662 1.7025741
v -0.27823424 0.17429677 1.9014626
v -0.30555403 0.2960603 1.5629917
v -0.11021307 0.25599223 1.5079983
v -0.29619253 0.2703492 1.2228417
v -0.12330675 0.23583984 1.176863
v -0.28415656 0.27425602 1.0194684
v -0.14787243 0.23674652 0.9853158
v -0.2706928 0.2373575 0.91266006
v -0.19041033 0.21526134 0.89254135
v -0.09012242 0.22729662 1.7025741
v -0.08122458 0.03669817 1.7543952
v -0.1181364 0.14042993 1.796952
v -0.025585676 0.045931734 1.6281681
v -0.09320137 -0.07812071 1.7862021
v -0.11021307 0.25599223 1.5079983
v -0.046525918 -0.15481786 1.6837789
v -0.020935673 0.05450566 1.5075041
v -0.12330675 0.23583984 1.176863
v -0.16082714 -0.13763161 1.508426
v -0.0579152 0.057256382 1.1760608
v -0.14787243 0.23674652 0.9853158
v -0.16861825 -0.10008031 1.1791834
v -0.115323484 0.09937771 0.9814228
v -0.19041033 0.21526134 0.89254135
v -0.20303288 -0.008555575 0.98268116
v -0.17123638 0.13433993 0.89024806
v -0.22290434 0.070758455 0.89098936
v -0.27823424 0.17429677 1.9014626
v -0.09012242 0.22729662 1.7025741
v -0.1181364 0.14042993 1.796952
v -0.22572711 0.11011664 1.9107063
v -0.3873207 0.037774447 1.8377734
v -0.28811917 0.032032605 1.874279
v -0.30704036 -0.18431893 1.8394622
v -0.24220276 -0.09499384 1.8752446
v -0.046525918 -0.15481786 1.6837789
v -0.09320137 -0.07812071 1.7862021
v -0.08122458 0.03669817 1.7543952
v -0.38732073 0.03777446 1.8377732
v -0.30704036 -0.18431894 1.8394619
v -0.2805088 -0.093410835 1.7824264
v -0.32581615 0.03193085 1.7814736
v -0.27823424 0.17429678 1.9014623
v -0.26425162 0.10897924 1.8174175
v -0.090122394 0.22729664 1.7025739
v -0.15808792 0.13889046 1.7051717
v -0.1334836 -0.076761484 1.6945643
v -0.025585648 0.045931745 1.6281679
v -0.121665664 0.036534537 1.6631795
v -0.04652589 -0.15481788 1.6837786
v -0 -0.25493082 2.2876172
v -0 -0.24691287 2.0857563
v -0.07191596 -0.24808697 2.1153183
v -0.10152512 -0.2509218 2.1866865
v -0.07191596 -0.25375664 2.2580547
v -1.0663468 -0.07804823 2.1082814
v -1.056794 -0.10603396 2.0889318
v -1.0796813 -0.12096872 2.057596
v -1.1020968 -0.09535821 2.0602655
v -1.1073229 -0.13914824 2.0284526
v -1.1036556 -0.037096824 2.056411
v -1.071236 -0.026953736 2.10322
v -1.0355471 -0.061962344 2.1599963
v -1.0360398 -0.009808703 2.1562078
v -1.1273596 -0.045407336 2.009985
v -1.0697443 0.02113672 2.0282161
v -1.0959055 0.012867675 1.9861954
v -1.1270807 -0.10780433 2.0204315
v -1.1561469 -0.113056526 1.9029622
v -1.1435667 -0.13991761 1.907778
v -1.1463667 -0.056069545 1.8931426
v -1.1121035 0.0067747496 1.9057382
v -1.1328115 -0.054294523 1.870879
v -1.1482565 -0.10921521 1.8795892
v -1.1402806 -0.13063934 1.883578
v -0.81468254 0.104460046 2.538529
v -0.81243086 0.046375982 2.5663567
v -0.78635913 0.16025434 2.506216
v -1.0096704 0.030867502 2.1284928
v -0.764412 0.10588407 2.597707
v -0.76177984 0.045671105 2.5970178
v -0.7141413 0.107308045 2.6568851
v -0.71112883 0.044966217 2.6276784
v -0.6495965 0.108390525 2.7290416
v -0.6384598 0.035901457 2.695729
v -0.6033018 0.16975075 2.7217221
v -0.6589848 0.17088985 2.6600718
v -0.6799245 0.18604536 2.6288836
v -0.7013841 0.16854717 2.6033473
v -1.0355471 -0.061962344 2.1599963
v -1.056794 -0.10603396 2.0889318
v -1.0663468 -0.07804823 2.1082814
v -1.0095409 -0.07272733 2.134485
v -0.81243086 0.046375982 2.5663567
v -0.69406754 -0.0069438377 2.5231586
v -0.76177984 0.045671105 2.5970178
v -0.97666633 -0.018711528 2.1117177
v -0.6450048 0.057543557 2.4831085
v -0.6692904 0.0096292235 2.5605493
v -0.71112883 0.044966217 2.6276784
v -0.64451325 0.026202263 2.5979404
v -0.6384598 0.035901457 2.695729
v -0.5701575 0.021810656 2.6703503
v -0.59680784 0.084556244 2.5852141
v -0.5206247 0.07207416 2.6610074
v -1.0142493 -0.10661241 2.0827222
v -1.0381266 -0.10131081 2.0489242
v -1.0796813 -0.12096872 2.057596
v -1.0248435 -0.10122112 2.0025954
v -1.0133002 -0.118229546 2.009152
v -0.97769153 -0.072304256 2.0783956
v -0.9811922 -0.09352312 2.0039918
v -1.0057392 -0.118501954 1.9704725
v -0.98275846 -0.10349379 1.9659348
v -0.9945779 -0.09156721 1.961033
v -1.0144166 -0.10752296 1.9662529
v -1.0545166 -0.10622317 2.031454
v -1.0037518 -0.059472274 2.0340912
v -1.0475024 -0.07593127 2.021222
v -1.0827687 -0.12632227 2.0098948
v -1.1073229 -0.13914824 2.0284526
v -1.1435667 -0.13991761 1.907778
v -1.1203973 -0.12532942 1.9143524
v -1.1402806 -0.13063934 1.883578
v -1.1203426 -0.12350852 1.8879559
v -0.97769153 -0.072304256 2.0783956
v -1.0142493 -0.10661241 2.0827222
v -1.0095409 -0.07272733 2.134485
v -0.97666633 -0.018711528 2.1117177
v -1.0037518 -0.059472274 2.0340912
v -0.9811922 -0.09352312 2.0039918
v -0.9940914 -0.074140675 1.9906763
v -0.98275846 -0.10349379 1.9659348
v -0.9945779 -0.09156721 1.961033
v -0.9964726 -0.02204175 2.0440493
v -1.0163748 0.02936762 2.067167
v -1.043669 0.02660184 2.0122707
v -0.9881934 0.03351162 2.1147795
v -1.0418755 -0.039069884 2.0236378
v -0.6450048 0.057543557 2.4831085
v -1.069203 0.016385766 1.9702009
v -0.66737795 0.15398858 2.4609725
v -1.0941665 -0.051514424 1.9875937
v -1.0886924 0.005380689 1.9119873
v -1.0475024 -0.07593127 2.021222
v -0.6209064 0.07104991 2.5341609
v -0.6558755 0.1552838 2.517643
v -1.121436 -0.060619563 1.9061403
v -1.0939384 -0.018801678 1.8818138
v -1.1106156 -0.061511487 1.8736072
v -1.1200554 -0.09483848 1.8821406
v -1.1002262 -0.095640555 1.9905089
v -1.1324022 -0.10438228 1.9095548
v -1.1203426 -0.12350852 1.8879559
v -1.1203973 -0.12532942 1.9143524
v -1.0827687 -0.12632227 2.0098948
v -1.0545166 -0.10622317 2.031454
v -0.59680784 0.084556244 2.5852141
v -0.644373 0.15657896 2.5743134
v -0.619273 0.16242528 2.5982244
v -0.5912375 0.15779723 2.6210337
v -0.5206247 0.07207416 2.6610074
v -0.54592884 0.15708289 2.6812854
v -0.64451325 0.026202263 2.5979404
v -0.6692904 0.0096292235 2.5605493
v -0.69406754 -0.0069438377 2.5231586
v -1.0418755 -0.039069884 2.0236378
v -1.0475024 -0.07593127 2.021222
v -1.0037518 -0.059472274 2.0340912
v -0.9964726 -0.02204175 2.0440493
v -1.0381266 -0.10131081 2.0489242
v -0.9940914 -0.074140675 1.9906763
v -1.0037518 -0.059472274 2.0340912
v -1.0248435 -0.10122112 2.0025954
v -0.9945779 -0.09156721 1.961033
v -1.0144166 -0.10752296 1.9662529
v -1.0144166 -0.10752296 1.9662529
v -1.0248435 -0.10122112 2.0025954
v -1.0133002 -0.118229546 2.009152
v -1.0057392 -0.118501954 1.9704725
v -1.1200554 -0.09483848 1.8821406
v -1.1402806 -0.13063934 1.883578
v -1.1203426 -0.12350852 1.8879559
v -1.1482565 -0.10921521 1.8795892
v -1.1106156 -0.061511487 1.8736072
v -1.1328115 -0.054294523 1.870879
v -1.1114113 -0.0214567 1.8770019
v -1.0939384 -0.018801678 1.8818138
v -1.1121035 0.0067747496 1.9057382
v -1.1463667 -0.056069545 1.8931426
v -1.0886924 0.005380689 1.9119873
v -1.0096704 0.030867502 2.1284928
v -1.0360398 -0.009808703 2.1562078
v -1.071236 -0.026953736 2.10322
v -1.038094 0.020987716 2.080719
v -1.1036556 -0.037096824 2.056411
v -1.0697443 0.02113672 2.0282161
v -1.043669 0.02660184 2.0122707
v -1.0959055 0.012867675 1.9861954
v -1.0163748 0.02936762 2.067167
v -1.069203 0.016385766 1.9702009
v -1.0886924 0.005380689 1.9119873
v -1.1121035 0.0067747496 1.9057382
v -0.9881934 0.03351162 2.1147795
v -0.66737795 0.15398858 2.4609725
v -0.78635913 0.16025434 2.506216
v -0.6558755 0.1552838 2.517643
v -0.7438716 0.16440074 2.5547817
v -0.644373 0.15657896 2.5743134
v -0.81468254 0.104460046 2.538529
v -0.7013841 0.16854717 2.6033473
v -0.764412 0.10588407 2.597707
v -0.7141413 0.107308045 2.6568851
v -0.644373 0.15657896 2.5743134
v -0.619273 0.16242528 2.5982244
v -0.6799245 0.18604536 2.6288836
v -0.7013841 0.16854717 2.6033473
v -0.54592884 0.15708289 2.6812854
v -0.6033018 0.16975075 2.7217221
v -0.6589848 0.17088985 2.6600718
v -0.5912375 0.15779723 2.6210337
v -0.6799245 0.18604536 2.6288836
v -0.619273 0.16242528 2.5982244
v -0.50149137 0.21516417 2.6766198
v -0.6100734 0.20040962 2.7183254
v -0.52017456 0.21478403 2.6541965
v -0.59553814 0.20092528 2.738923
v -0.74362254 0.1081422 2.7290738
v -0.34151602 0.22587353 2.8568842
v -0.68672794 0.10943884 2.7884831
v -0.43556276 0.21163462 2.9191875
v -0.26145098 0.15919405 3.0226223
v -0.5267526 0.12014819 2.9687476
v -0.313079 0.15782046 3.1084766
v -0.34365758 0.09831931 3.1675081
v -0.35871804 0.074148536 2.7026749
v -0.52017456 0.21478403 2.6541965
v -0.4685392 0.06417207 2.5842073
v -0.50149137 0.21516417 2.6766198
v -0.34151602 0.22587353 2.8568842
v -0.26145098 0.15919405 3.0226223
v -0.26611003 0.05707592 3.022019
v -0.31278053 -0.042332187 3.0493603
v -0.40864018 -0.03672348 2.8589773
v -0.29440218 -0.0027270264 3.0848875
v -0.26501974 0.059857354 3.0676744
v -0.30435997 0.01862777 3.136514
v -0.3138414 0.08582296 3.1592698
v -0.2620866 0.12414789 3.068054
v -0.313079 0.15782046 3.1084766
v -0.29459003 0.12328312 3.1221054
v -0.40864018 -0.03672348 2.8589773
v -0.35871804 0.074148536 2.7026749
v -0.4685392 0.06417207 2.5842073
v -0.5877211 -0.032102425 2.644229
v -0.49620336 0.0011078317 2.8845634
v -0.6857812 0.005510966 2.6919074
v -0.32859743 -0.008412544 3.131363
v -0.31278053 -0.042332187 3.0493603
v -0.30435997 0.01862777 3.136514
v -0.29440218 -0.0027270264 3.0848875
v -0.68672794 0.10943884 2.7884831
v -0.6857812 0.005510966 2.6919074
v -0.74362254 0.1081422 2.7290738
v -0.49620336 0.0011078317 2.8845634
v -0.5267526 0.12014819 2.9687476
v -0.34365758 0.09831931 3.1675081
v -0.32859743 -0.008412544 3.131363
v -0.32859743 -0.008412544 3.131363
v -0.3138414 0.08582296 3.1592698
v -0.30435997 0.01862777 3.136514
v -0.34365758 0.09831931 3.1675081
v -0.29459003 0.12328312 3.1221054
v -0.313079 0.15782046 3.1084766
v -0.30081725 0.2766296 0.06708961
v -0.31456253 0.2622156 -0.0055144643
v -0.17409974 0.24878922 -0.0034041211
v -0.18581794 0.2454913 0.073271416
v -0.21169445 0.22086467 0.18263079
v -0.27978554 0.2300111 0.18569623
v -0.21627916 0.21836446 0.19658509
v -0.2752847 0.22356337 0.20186299
v -0.17348696 0.24543975 0.7025872
v -0.2788004 0.28309458 0.72401416
v -0.23189087 0.022868909 0.14348193
v -0.3205007 -0.05539495 0.11153879
v -0.31191173 0.031157207 0.13748926
v -0.24024157 -0.069290586 0.1079932
v -0.18266386 0.078135855 0.08380742
v -0.19061145 -0.075993784 0.07112996
v -0.20197679 -0.1483236 0.05247063
v -0.23731926 -0.15978204 0.08729539
v -0.3274107 -0.13200109 0.08991786
v -0.2460712 -0.2254802 0.054542303
v -0.31942478 -0.2161065 0.06080996
v -0.20197679 -0.1483236 0.05247063
v -0.23877627 -0.24010234 -0.0054451376
v -0.2460712 -0.2254802 0.054542303
v -0.18956082 -0.14088862 -0.0071033724
v -0.17839311 -0.06157024 -0.00802914
v -0.19061145 -0.075993784 0.07112996
v -0.18266386 0.078135855 0.08380742
v -0.2050509 0.08324892 -0.009236572
v -0.17409974 0.24878922 -0.0034041211
v -0.18581794 0.2454913 0.073271416
v -0.20754218 0.19020398 0.18001907
v -0.21169445 0.22086467 0.18263079
v -0.21627916 0.21836446 0.19658509
v -0.18458949 0.09427711 0.18855076
v -0.22491303 0.05365681 0.2224569
v -0.23189087 0.022868909 0.14348193
v -0.22350244 0.058863685 0.23372121
v -0.18503901 0.09647443 0.20528305
v -0.15759937 0.1350965 0.7009221
v -0.17348696 0.24543975 0.7025872
v -0.10816835 0.13323104 0.748272
v -0.12659025 0.28489184 0.75716084
v -0.11532344 0.099377714 0.98142266
v -0.14787239 0.23674653 0.9853157
v -0.20303285 -0.008555577 0.98268104
v -0.2194862 0.025424391 0.74640346
v -0.21517724 0.021715077 1.0710915
v -0.14949442 0.10254291 1.0701492
v -0.17386928 0.2054141 1.0730646
v -0.31942478 -0.2161065 0.06080996
v -0.3309282 -0.22905254 -0.0049554133
v -0.39407417 -0.086288266 -0.0053199227
v -0.36997002 -0.08372956 0.0456325
v -0.3274107 -0.13200109 0.08991786
v -0.3820166 -0.015392986 -0.0064974003
v -0.36431697 -0.013427429 0.055517353
v -0.3205007 -0.05539495 0.11153879
v -0.32880217 0.10173269 -0.007560376
v -0.31191173 0.031157207 0.13748926
v -0.33522153 0.09243175 0.06748019
v -0.31456253 0.2622156 -0.0055144643
v -0.30081725 0.2766296 0.06708961
v -0.27978554 0.2300111 0.18569623
v -0.32269627 0.11842383 0.18249641
v -0.2752847 0.22356337 0.20186299
v -0.2999146 0.060520023 0.2219414
v -0.32061362 0.12440875 0.20052789
v -0.29793766 0.06516411 0.23362534
v -0.3833324 0.17513186 0.70034415
v -0.3472576 0.0607265 0.7037029
v -0.2460712 -0.2254802 0.054542303
v -0.23877627 -0.24010234 -0.0054451376
v -0.3309282 -0.22905254 -0.0049554133
v -0.31942478 -0.2161065 0.06080996
v -0.2788004 0.28309458 0.72401416
v -0.32061362 0.12440875 0.20052789
v -0.2752847 0.22356337 0.20186299
v -0.3833324 0.17513186 0.70034415
v -0.28190306 0.34451008 0.7945818
v -0.12659025 0.28489184 0.75716084
v -0.17348696 0.24543975 0.7025872
v -0.44076285 0.18852553 0.7513261
v -0.3472576 0.0607265 0.7037029
v -0.3892558 0.020316955 0.7490551
v -0.18956082 -0.14088862 -0.0071033724
v -0.17839311 -0.06157024 -0.00802914
v -0.2050509 0.08324892 -0.009236572
v -0.23877627 -0.24010234 -0.0054451376
v -0.31456253 0.2622156 -0.0055144643
v -0.17409974 0.24878922 -0.0034041211
v -0.3309282 -0.22905254 -0.0049554133
v -0.32880217 0.10173269 -0.007560376
v -0.3820166 -0.015392986 -0.0064974003
v -0.39407417 -0.086288266 -0.0053199227
v -0.2194862 0.025424391 0.74640346
v -0.10816835 0.13323104 0.748272
v -0.15759937 0.1350965 0.7009221
v -0.23228736 0.062618434 0.70474595
v -0.18503901 0.09647443 0.20528305
v -0.22350244 0.058863685 0.23372121
v -0.3892558 0.020316955 0.7490551
v -0.3472576 0.0607265 0.7037029
v -0.3502218 -0.029325098 0.98706824
v -0.29793766 0.06516411 0.23362534
v -0.20303285 -0.008555577 0.98268104
v -0.32540238 0.006161446 1.0743771
v -0.21517724 0.021715077 1.0710915
v -0.22491303 0.05365681 0.2224569
v -0.2999146 0.060520023 0.2219414
v -0.23189087 0.022868909 0.14348193
v -0.31191173 0.031157207 0.13748926
v -0.14787239 0.23674653 0.9853157
v -0.28190306 0.34451008 0.7945818
v -0.12659025 0.28489184 0.75716084
v -0.28415653 0.27425605 1.0194683
v -0.17386928 0.2054141 1.0730646
v -0.27592817 0.23350376 1.0986404
v -0.28415653 0.27425605 1.0194683
v -0.44076285 0.18852553 0.7513261
v -0.28190306 0.34451008 0.7945818
v -0.4077418 0.11293139 0.98417634
v -0.27592817 0.23350376 1.0986404
v -0.3892558 0.020316955 0.7490551
v -0.3684773 0.112692825 1.0722114
v -0.3502218 -0.029325098 0.98706824
v -0.32540238 0.006161446 1.0743771
v -0.28415656 0.27425602 1.0194684
v -0.4077418 0.112931386 0.98417646
v -0.34349456 0.14232413 0.89187026
v -0.2706928 0.2373575 0.91266006
v -0.30961064 0.05852352 0.89357376
v -0.22290434 0.070758455 0.89098936
v -0.19041033 0.21526134 0.89254135
v -0.17123638 0.13433993 0.89024806
v -0.17386928 0.2054141 1.0730646
v -0.14949442 0.10254291 1.0701492
v -0.21517724 0.021715077 1.0710915
v -0.27592817 0.23350376 1.0986404
v -0.32540238 0.006161446 1.0743771
v -0.3684773 0.112692825 1.0722114
v -0.6033018 0.16975075 2.7217221
v -0.54592884 0.15708289 2.6812854
v -0.52017456 0.21478403 2.6541965
v -0.6100734 0.20040962 2.7183254
v -0.4685392 0.06417207 2.5842073
v -0.6495965 0.108390525 2.7290416
v -0.5206247 0.07207416 2.6610074
v -0.74362254 0.1081422 2.7290738
v -0.5877211 -0.032102425 2.644229
v -0.6384598 0.035901457 2.695729
v -0.5701575 0.021810656 2.6703503
v -0.6857812 0.005510966 2.6919074
v 0.6033018 0.16975075 2.7217221
v 0.52017456 0.21478403 2.6541965
v 0.54592884 0.15708289 2.6812854
v 0.6100734 0.20040962 2.7183254
v 0.4685392 0.06417207 2.5842073
v 0.6495965 0.108390525 2.7290416
v 0.5206247 0.07207416 2.6610074
v 0.74362254 0.1081422 2.7290738
v 0.5877211 -0.032102425 2.644229
v 0.6384598 0.035901457 2.695729
v 0.5701575 0.021810656 2.6703503
v 0.6857812 0.005510966 2.6919074
vt 0.24104595 0.930305
vt 0.21184361 0.95963645
vt 0.24104595 0.9620161
vt 0.9949496 0.86977285
vt 0.9849317 0.87290984
vt 0.9949496 0.9089505
vt 0.9803271 0.6415107
vt 0.99026394 0.6446309
vt 0.99026394 0.60351014
vt 0.18922463 0.99266064
vt 0.19967979 0.9929623
vt 0.19967979 0.9571648
vt 0.83642125 0.6328162
vt 0.83098364 0.6417128
vt 0.83947945 0.6417128
vt 0.16224015 0.979197
vt 0.18014252 0.98396754
vt 0.18014264 0.95716476
vt 0.6404011 0.9794352
vt 0.65888524 0.9794352
vt 0.6475332 0.95291376
vt 0.9077231 0.9527513
vt 0.8907998 0.9598074
vt 0.9077231 0.98227525
vt 0.59941053 0.6316726
vt 0.6153995 0.6412113
vt 0.6153995 0.6237571
vt 0.09098101 0.940851
vt 0.069286495 0.95531654
vt 0.09098101 0.97713685
vt 0.49709314 0.9370911
vt 0.50422907 0.94983983
vt 0.50422907 0.9324682
vt 0.49823585 0.8079664
vt 0.4974475 0.8319742
vt 0.5043593 0.8319742
vt 0.9805262 0.0045410395
vt 0.9649346 0.01598376
vt 0.9805262 0.051154435
vt 0.9212756 0.96326613
vt 0.9425566 0.979578
vt 0.9425566 0.94617414
vt 0.8697336 0.9602349
vt 0.8571749 0.9665417
vt 0.8697336 0.9916415
vt 0.03253746 0.93140495
vt 0.0045409203 0.9359609
vt 0.032537222 0.9633142
vt 0.3178844 0.96323884
vt 0.3447075 0.96493995
vt 0.3447075 0.9323983
vt 0.8360588 0.9776826
vt 0.84569377 0.99451804
vt 0.84569377 0.9644413
vt 0.5149856 0.980757
vt 0.5344773 0.98354816
vt 0.5344773 0.9507015
vt 0.5905473 0.9512613
vt 0.61323833 0.973914
vt 0.61323833 0.9243413
vt 0.24104595 0.930305
vt 0.24104595 0.9620161
vt 0.21184361 0.95963645
vt 0.9949496 0.86977285
vt 0.9949496 0.9089505
vt 0.9849317 0.87290984
vt 0.9803271 0.6415107
vt 0.99026394 0.60351014
vt 0.99026394 0.6446309
vt 0.18922463 0.99266064
vt 0.19967979 0.9571648
vt 0.19967979 0.9929623
vt 0.83642125 0.6328162
vt 0.83947945 0.6417128
vt 0.83098364 0.6417128
vt 0.16224015 0.979197
vt 0.18014264 0.95716476
vt 0.18014252 0.98396754
vt 0.6404011 0.9794352
vt 0.6475332 0.95291376
vt 0.65888524 0.9794352
vt 0.9077231 0.9527513
vt 0.9077231 0.98227525
vt 0.8907998 0.9598074
vt 0.59941053 0.6316726
vt 0.6153995 0.6237571
vt 0.6153995 0.6412113
vt 0.09098101 0.940851
vt 0.09098101 0.97713685
vt 0.069286495 0.95531654
vt 0.49709314 0.9370911
vt 0.50422907 0.9324682
vt 0.50422907 0.94983983
vt 0.49823585 0.8079664
vt 0.5043593 0.8319742
vt 0.4974475 0.8319742
vt 0.9805262 0.0045410395
vt 0.9805262 0.051154435
vt 0.9649346 0.01598376
vt 0.9212756 0.96326613
vt 0.9425566 0.94617414
vt 0.9425566 0.979578
vt 0.8697336 0.9602349
vt 0.8697336 0.9916415
vt 0.8571749 0.9665417
vt 0.03253746 0.93140495
vt 0.032537222 0.9633142
vt 0.0045409203 0.9359609
vt 0.3178844 0.96323884
vt 0.3447075 0.9323983
vt 0.3447075 0.96493995
vt 0.8360588 0.9776826
vt 0.84569377 0.9644413
vt 0.84569377 0.99451804
vt 0.5149856 0.980757
vt 0.5344773 0.9507015
vt 0.5344773 0.98354816
vt 0.5905473 0.9512613
vt 0.61323833 0.9243413
vt 0.61323833 0.973914
vt 0.6551803 0.07004261
vt 0.6923444 0.0045409203
vt 0.65748 0.008432865
vt 0.6922196 0.06961131
vt 0.65422 0.07717323
vt 0.6923632 0.07586813
vt 0.6395972 0.11875081
vt 0.69235736 0.120713234
vt 0.6923632 0.17819142
vt 0.687067 0.18256283
vt 0.683169 0.18707514
vt 0.6326426 0.1560874
vt 0.6658221 0.18735242
vt 0.6373068 0.16986394
vt 0.53012383 0.9395169
vt 0.54001784 0.9416196
vt 0.53297615 0.8959297
vt 0.53129876 0.8958077
vt 0.5223006 0.93664336
vt 0.54001784 0.8574398
vt 0.5149857 0.89908373
vt 0.5347506 0.8585487
vt 0.52970123 0.862174
vt 0.115290105 0.54208696
vt 0.10972208 0.53529525
vt 0.07287943 0.5750704
vt 0.069286495 0.60220194
vt 0.1029394 0.600021
vt 0.08300701 0.64438593
vt 0.1274701 0.6054443
vt 0.1274701 0.5497731
vt 0.105382115 0.6390176
vt 0.08761829 0.65226865
vt 0.12741555 0.63806164
vt 0.105032474 0.64735484
vt 0.08595204 0.71065545
vt 0.1272217 0.6465924
vt 0.10390508 0.69854665
vt 0.12734893 0.69585276
vt 0.59941053 0.5713978
vt 0.6024413 0.5977254
vt 0.6268198 0.61467505
vt 0.6309203 0.56215096
vt 0.6714473 0.61085963
vt 0.6669217 0.5716958
vt 0.6714473 0.5279484
vt 0.6446047 0.52768946
vt 0.6116046 0.52857184
vt 0.6633083 0.51935625
vt 0.64334196 0.5216093
vt 0.658532 0.45746922
vt 0.6157189 0.5203757
vt 0.63699496 0.4608562
vt 0.6195512 0.46396017
vt 0.67008436 0.23701072
vt 0.68897927 0.25794756
vt 0.69052863 0.24877012
vt 0.6662284 0.24820292
vt 0.65126586 0.22646356
vt 0.64452744 0.23159647
vt 0.64221203 0.21101964
vt 0.6326425 0.21192896
vt 0.6450474 0.234905
vt 0.6328274 0.23365235
vt 0.65871346 0.20226777
vt 0.6561636 0.19774091
vt 0.68971145 0.20304608
vt 0.69052863 0.19643438
vt 0.98826694 0.65389204
vt 0.9937285 0.653713
vt 0.98844576 0.65371275
vt 0.99372965 0.65392804
vt 0.9888556 0.6631062
vt 0.99372965 0.6662476
vt 0.99355495 0.6780937
vt 0.9815357 0.6711216
vt 0.98032725 0.6590781
vt 0.84765506 0.50169253
vt 0.8480928 0.48673868
vt 0.8242643 0.48239613
vt 0.8133037 0.5065994
vt 0.8480928 0.51312923
vt 0.8046309 0.47502875
vt 0.7980032 0.45746922
vt 0.7887713 0.46248507
vt 0.7946484 0.4852147
vt 0.81279075 0.5228884
vt 0.84137166 0.5354383
vt 0.81041205 0.54263854
vt 0.7880384 0.54571605
vt 0.78505075 0.5300989
vt 0.7831049 0.5064714
vt 0.96032 0.2751119
vt 0.95564604 0.25096643
vt 0.94809055 0.25677478
vt 0.94103265 0.24763584
vt 0.95716906 0.23565388
vt 0.9358897 0.23159075
vt 0.9450414 0.21615493
vt 0.96031976 0.22449958
vt 0.5543962 0.24399793
vt 0.55403244 0.2618869
vt 0.57827836 0.26089925
vt 0.57492983 0.23151606
vt 0.6029366 0.24262536
vt 0.602353 0.2609443
vt 0.62208104 0.23907012
vt 0.61907333 0.2618869
vt 0.5867382 0.21040344
vt 0.60480094 0.18584663
vt 0.6854743 0.55852056
vt 0.70015717 0.5350578
vt 0.6805295 0.5463538
vt 0.7016629 0.5508871
vt 0.6935487 0.5767944
vt 0.71910787 0.5358026
vt 0.7177247 0.457469
vt 0.73142695 0.48070788
vt 0.7244892 0.5617149
vt 0.7091651 0.5694163
vt 0.7139032 0.5819309
vt 0.69900465 0.58898854
vt 0.73142695 0.5764024
vt 0.71979034 0.5950544
vt 0.7306713 0.59291553
vt 0.7043922 0.6008079
vt 0.7310622 0.6279104
vt 0.7200514 0.6339843
vt 0.9332189 0.036640525
vt 0.9558529 0.010382175
vt 0.929045 0.0045410395
vt 0.9558529 0.05923438
vt 0.5609664 0.9139581
vt 0.5490998 0.9192276
vt 0.5647235 0.9324279
vt 0.5763384 0.92493105
vt 0.5674841 0.9068539
vt 0.55065346 0.8958504
vt 0.55407465 0.9094765
vt 0.5763384 0.87564373
vt 0.5578079 0.85743976
vt 0.9760328 0.563565
vt 0.9900321 0.55549264
vt 0.97633034 0.555639
vt 0.98973453 0.56341887
vt 0.9900321 0.58706856
vt 0.97601366 0.58732796
vt 0.60279727 0.91525924
vt 0.63131905 0.90326405
vt 0.630368 0.8827942
vt 0.6062777 0.8982819
vt 0.6084428 0.8689293
vt 0.5905473 0.8937124
vt 0.63131905 0.8592697
vt 0.6085286 0.85245764
vt 0.9908427 0.8587477
vt 0.9908427 0.8249326
vt 0.9805061 0.8262465
vt 0.9786488 0.854975
vt 0.3070965 0.94823956
vt 0.2971243 0.9805034
vt 0.3070965 0.98864675
vt 0.30001765 0.94738877
vt 0.30003205 0.9445611
vt 0.30525455 0.94521517
vt 0.84401095 0.84562945
vt 0.83685386 0.8495493
vt 0.84401095 0.8898413
vt 0.8277861 0.8232596
vt 0.8269942 0.83382845
vt 0.81434715 0.846683
vt 0.82051265 0.8490441
vt 0.80710185 0.8791964
vt 0.8240787 0.8517523
vt 0.82808924 0.8379519
vt 0.8343036 0.852725
vt 0.8150573 0.8745918
vt 0.8254503 0.90453553
vt 0.82182705 0.8724139
vt 0.8393419 0.87445116
vt 0.6670628 0.81729126
vt 0.66451114 0.8200817
vt 0.66158235 0.8364229
vt 0.6670628 0.839627
vt 0.87423384 0.01285243
vt 0.87549067 0.004736662
vt 0.87539744 0.0045409203
vt 0.87231135 0.0053679943
vt 0.8332683 0.019766092
vt 0.84650004 0.03348279
vt 0.8756224 0.024695396
vt 0.8322551 0.030608892
vt 0.8512249 0.05460334
vt 0.8276036 0.05460334
vt 0.09015125 0.06758106
vt 0.15315813 0.022575915
vt 0.13405234 0.010033071
vt 0.04989654 0.067889184
vt 0.1121878 0.0045410395
vt 0.039868772 0.01762563
vt 0.013561368 0.07783529
vt 0.08353883 0.10958636
vt 0.114634454 0.06319299
vt 0.03160423 0.16006279
vt 0.0045410395 0.15966403
vt 0.064532936 0.24193862
vt 0.06658548 0.15078825
vt 0.09785551 0.14630091
vt 0.09668177 0.19750175
vt 0.080177605 0.21281826
vt 0.10117048 0.23419839
vt 0.11749107 0.22546619
vt 0.12130278 0.29112512
vt 0.15315813 0.3216446
vt 0.13050944 0.31346452
vt 0.13645583 0.34329706
vt 0.14356738 0.34554452
vt 0.12735528 0.33718798
vt 0.19519643 0.5626459
vt 0.23038633 0.58297026
vt 0.232015 0.5621346
vt 0.20371276 0.59364665
vt 0.21619377 0.6565292
vt 0.1622401 0.6057346
vt 0.16883972 0.5564115
vt 0.16571411 0.6672132
vt 0.1742177 0.69203436
vt 0.232015 0.6912652
vt 0.77077526 0.058746666
vt 0.8185216 0.059834495
vt 0.77831215 0.03664492
vt 0.8185216 0.032632723
vt 0.7873816 0.0045410097
vt 0.76851225 0.020254076
vt 0.8209407 0.9334355
vt 0.84455955 0.95535934
vt 0.83635503 0.9136176
vt 0.80710185 0.95535934
vt 0.25665712 0.69015086
vt 0.27965122 0.67577064
vt 0.2624628 0.63300526
vt 0.30272174 0.6788591
vt 0.30272174 0.6229614
vt 0.2629481 0.5763881
vt 0.24634328 0.6547822
vt 0.29992056 0.55917466
vt 0.27817392 0.55721176
vt 0.5814327 0.29566503
vt 0.58139324 0.27789426
vt 0.5739789 0.29288363
vt 0.56712395 0.3149972
vt 0.56287634 0.38986087
vt 0.58546764 0.38814652
vt 0.5555948 0.4921558
vt 0.58895427 0.4827807
vt 0.5903285 0.528321
vt 0.5439616 0.5480037
vt 0.5902351 0.54820704
vt 0.5903285 0.58670235
vt 0.040127307 0.85425335
vt 0.0045410097 0.88415605
vt 0.019073129 0.92232287
vt 0.040127307 0.9178988
vt 0.89725983 0.07379544
vt 0.918534 0.112564564
vt 0.918534 0.07107139
vt 0.9012968 0.10868049
vt 0.91026646 0.20618117
vt 0.91730404 0.20707285
vt 0.9276161 0.20014513
vt 0.9471965 0.20399654
vt 0.9471965 0.18305421
vt 0.9333652 0.18517733
vt 0.41077375 0.94654953
vt 0.3921442 0.96415925
vt 0.39654756 0.98299277
vt 0.41077375 0.9741987
vt 0.7673614 0.95004267
vt 0.7723212 0.968231
vt 0.78892803 0.9252719
vt 0.78892803 0.9589917
vt 0.9328902 0.4470117
vt 0.9328902 0.41826165
vt 0.916132 0.40933692
vt 0.9115863 0.4278679
vt 0.3178844 0.8420112
vt 0.39048648 0.8421701
vt 0.39048648 0.7615316
vt 0.3178844 0.76137257
vt 0.9831796 0.29628456
vt 0.9668632 0.29629707
vt 0.9668632 0.37591445
vt 0.9831796 0.37590194
vt 0.4868173 0.8438052
vt 0.50336695 0.92107916
vt 0.50336695 0.85914016
vt 0.4868173 0.9233862
vt 0.47055322 0.923172
vt 0.47055322 0.84359086
vt 0.9712453 0.67633003
vt 0.9712453 0.60351014
vt 0.9550327 0.60351855
vt 0.9550327 0.6763384
vt 0.68052936 0.883333
vt 0.68052936 0.91576415
vt 0.695518 0.9297656
vt 0.695518 0.8736514
vt 0.71143293 0.93205893
vt 0.71143293 0.8759447
vt 0.14165336 0.71992755
vt 0.12466927 0.8008938
vt 0.14165336 0.800576
vt 0.12466927 0.738124
vt 0.069286495 0.7197373
vt 0.08284494 0.8007839
vt 0.08284494 0.7380142
vt 0.9456651 0.6293485
vt 0.91325426 0.6242323
vt 0.91325426 0.66829824
vt 0.9456651 0.6734147
vt 0.47723508 0.93340755
vt 0.4705532 0.9324682
vt 0.47056484 0.9775183
vt 0.47724676 0.9784577
vt 0.48801106 0.9330332
vt 0.48801106 0.9692714
vt 0.102339774 0.9262717
vt 0.102339774 0.88288355
vt 0.09204264 0.8818424
vt 0.09191872 0.91671777
vt 0.07281564 0.9198947
vt 0.069286495 0.9317689
vt 0.07293956 0.88501954
vt 0.50556386 0.7987163
vt 0.50556386 0.7624655
vt 0.49744752 0.76263356
vt 0.49744752 0.79888445
vt 0.6685864 0.7624353
vt 0.66158223 0.7633935
vt 0.66158223 0.8082093
vt 0.6685864 0.80725086
vt 0.13242728 0.97251546
vt 0.13242725 0.9859439
vt 0.14014393 0.99054563
vt 0.14833745 0.99022555
vt 0.14833745 0.9669908
vt 0.14014396 0.9673108
vt 0.7846286 0.58724976
vt 0.7831049 0.623734
vt 0.8444078 0.623734
vt 0.81940746 0.5948511
vt 0.7889414 0.5575113
vt 0.7884784 0.5547981
vt 0.11555666 0.80997586
vt 0.076602966 0.8106153
vt 0.069286495 0.8727603
vt 0.123345196 0.8727603
vt 0.36416936 0.97065455
vt 0.38306212 0.94654953
vt 0.36491132 0.96103245
vt 0.38252115 0.9631977
vt 0.3651333 0.9830068
vt 0.38306212 0.9796119
vt 0.26344484 0.965817
vt 0.2807141 0.96955526
vt 0.2807141 0.9204971
vt 0.26258978 0.9405704
vt 0.25827962 0.91830647
vt 0.2539493 0.9272774
vt 0.41333583 0.26624966
vt 0.41543192 0.2688123
vt 0.46011287 0.24406314
vt 0.45147532 0.23832142
vt 0.40415987 0.25264192
vt 0.4538111 0.20970833
vt 0.4582818 0.2122252
vt 0.44388625 0.20708787
vt 0.46011287 0.1699804
vt 0.43228632 0.22544718
vt 0.41446322 0.21241486
vt 0.38422948 0.24093163
vt 0.39029968 0.19608188
vt 0.4108758 0.19225907
vt 0.4055007 0.16205919
vt 0.39706153 0.11464381
vt 0.44719622 0.122689486
vt 0.43556517 0.059536576
vt 0.39150533 0.18156135
vt 0.39360464 0.15627778
vt 0.40344048 0.05428481
vt 0.4072498 0.018239617
vt 0.37552294 0.011618376
vt 0.37275088 0.052782297
vt 0.3606389 0.00893271
vt 0.36943313 0.10204935
vt 0.3576938 0.0522635
vt 0.32544518 0.0045410395
vt 0.32363707 0.04994595
vt 0.3544728 0.09965396
vt 0.321829 0.09535074
vt 0.34829614 0.14468789
vt 0.3198567 0.13805652
vt 0.36748043 0.14798474
vt 0.34520915 0.16719496
vt 0.31887054 0.1594094
vt 0.36647552 0.1716243
vt 0.34282205 0.1845994
vt 0.3178844 0.18076241
vt 0.36565202 0.19099653
vt 0.36545175 0.19419777
vt 0.37770507 0.1940682
vt 0.90714717 0.69125247
vt 0.9006492 0.7331214
vt 0.91219366 0.69197774
vt 0.89327407 0.7345638
vt 0.8987274 0.77534485
vt 0.8913523 0.7767873
vt 0.9028046 0.8326831
vt 0.8954294 0.8341255
vt 0.8982228 0.86303306
vt 0.91219366 0.8638103
vt 0.96686316 0.40621877
vt 0.9844799 0.42002785
vt 0.9844799 0.38499653
vt 0.969249 0.38568848
vt 0.2846706 0.9092245
vt 0.2880422 0.9081383
vt 0.2809714 0.8584089
vt 0.2758212 0.8615409
vt 0.2818297 0.8340709
vt 0.27543485 0.84289753
vt 0.2880422 0.8190646
vt 0.27490973 0.82100165
vt 0.25394928 0.8334205
vt 0.5497353 0.76243544
vt 0.51498556 0.7773415
vt 0.53673816 0.79985917
vt 0.5814655 0.82245326
vt 0.5814655 0.7658187
vt 0.5447295 0.83204865
vt 0.57764745 0.8483578
vt 0.37174582 0.8841193
vt 0.39324832 0.8570816
vt 0.36416936 0.8512521
vt 0.39058018 0.8917533
vt 0.3663373 0.9103006
vt 0.39324832 0.93746746
vt 0.3514887 0.89360774
vt 0.3249331 0.92331624
vt 0.35508746 0.9187566
vt 0.3178844 0.89051735
vt 0.35508746 0.8598133
vt 0.33310932 0.85125196
vt 0.2381916 0.7630688
vt 0.18840933 0.77947056
vt 0.22692525 0.7864362
vt 0.20598567 0.7518455
vt 0.16224015 0.755474
vt 0.17566478 0.7207345
vt 0.187487 0.712145
vt 0.2381916 0.7011162
vt 0.23142785 0.278118
vt 0.16224015 0.24132788
vt 0.20388913 0.2927873
vt 0.19219023 0.22015452
vt 0.26705033 0.26139092
vt 0.16659844 0.20919108
vt 0.24366468 0.30163085
vt 0.16721946 0.16585052
vt 0.2674473 0.3177129
vt 0.21298265 0.15644157
vt 0.2269522 0.11363554
vt 0.18222994 0.1188755
vt 0.19616133 0.0560863
vt 0.23432386 0.19966435
vt 0.23028958 0.15258336
vt 0.25537205 0.18674457
vt 0.2555338 0.14733016
vt 0.22293413 0.05486405
vt 0.2205491 0.019979239
vt 0.28125918 0.18037891
vt 0.28118885 0.25755513
vt 0.2557283 0.099942565
vt 0.2544682 0.05332029
vt 0.2533782 0.012990952
vt 0.2777211 0.14266968
vt 0.27235436 0.051893234
vt 0.271298 0.010896087
vt 0.27354717 0.098183274
vt 0.3086642 0.049747825
vt 0.30880237 0.0045410395
vt 0.30852598 0.09495461
vt 0.30849093 0.13605273
vt 0.30845588 0.17715108
vt 0.30880237 0.25410116
vt 0.28558695 0.3135196
vt 0.3086393 0.31132638
vt 0.30867004 0.34052896
vt 0.27524912 0.34603179
vt 0.29215813 0.34268415
vt 0.9760138 0.542811
vt 0.9891937 0.54641074
vt 0.98589134 0.51332694
vt 0.9788171 0.50962734
vt 0.9891938 0.49508423
vt 0.9809972 0.49403036
vt 0.9879724 0.45746928
vt 0.9816133 0.45911235
vt 0.7706181 0.8579049
vt 0.7892935 0.85579705
vt 0.78860205 0.8434458
vt 0.7701307 0.84579396
vt 0.7405088 0.8579049
vt 0.74101436 0.8459122
vt 0.7432198 0.8075676
vt 0.7587342 0.8074899
vt 0.7439228 0.78768873
vt 0.77355117 0.8055725
vt 0.7562113 0.7864127
vt 0.767418 0.7811575
vt 0.6017281 0.011517525
vt 0.5760473 0.0045409203
vt 0.5722029 0.015862226
vt 0.5969795 0.022758722
vt 0.62356055 0.021176338
vt 0.6187322 0.03260064
vt 0.59339106 0.0640378
vt 0.5812007 0.058460712
vt 0.59099364 0.09218359
vt 0.5662745 0.054356337
vt 0.55566084 0.013656616
vt 0.55403244 0.052318573
vt 0.58172226 0.09291315
vt 0.5944027 0.11943865
vt 0.5707922 0.09526014
vt 0.56167233 0.09769797
vt 0.5897317 0.12272072
vt 0.62356055 0.17676449
vt 0.5843946 0.12718225
vt 0.62356055 0.17676449
vt 0.57975125 0.13089395
vt 0.62356055 0.17676449
vt 0.62356055 0.17676449
vt 0.1622401 0.879344
vt 0.18063885 0.8650942
vt 0.16288023 0.867465
vt 0.18028788 0.8768463
vt 0.20276156 0.8647046
vt 0.20266286 0.87521076
vt 0.18731 0.8320346
vt 0.20276156 0.8315277
vt 0.19023123 0.79715014
vt 0.20244613 0.7955179
vt 0.6635636 0.9175401
vt 0.6642082 0.85258245
vt 0.6642082 0.85258245
vt 0.65580666 0.91700697
vt 0.6642082 0.9438317
vt 0.6636547 0.8524575
vt 0.65227914 0.9385555
vt 0.64839053 0.91571856
vt 0.6404011 0.93501663
vt 0.12253702 0.9412708
vt 0.12322804 0.88187134
vt 0.12263247 0.88184243
vt 0.11541879 0.9400217
vt 0.12322804 0.97238624
vt 0.11142182 0.969343
vt 0.43211043 0.3527246
vt 0.4322281 0.27789426
vt 0.3653043 0.29528356
vt 0.40245187 0.36005008
vt 0.323492 0.33983392
vt 0.38449878 0.37336504
vt 0.31788445 0.39596385
vt 0.38241547 0.3976218
vt 0.34179574 0.45480588
vt 0.3924247 0.42308557
vt 0.3831604 0.48824954
vt 0.40994203 0.43756753
vt 0.4322281 0.49817446
vt 0.43196833 0.4418646
vt 0.11430073 0.4678315
vt 0.051763296 0.49770188
vt 0.11489296 0.5262133
vt 0.088885546 0.45479715
vt 0.012070417 0.45489085
vt 0.073535204 0.44120765
vt 0.0045409203 0.4153651
vt 0.07248974 0.42396772
vt 0.028782606 0.37357152
vt 0.08076811 0.40925705
vt 0.06970382 0.35462666
vt 0.09541702 0.40396655
vt 0.11489296 0.36062098
vt 0.11369705 0.40760577
vt 0.057865143 0.85503346
vt 0.05351925 0.8542534
vt 0.049209356 0.922463
vt 0.053619146 0.9228215
vt 0.053355932 0.9679259
vt 0.057865143 0.96795225
vt 0.3008139 0.93547916
vt 0.30552006 0.93508583
vt 0.3018484 0.8801607
vt 0.29712415 0.8801751
vt 0.3055203 0.81929743
vt 0.30081105 0.8190645
vt 0.4132707 0.65062636
vt 0.40865254 0.64997745
vt 0.4065838 0.6919874
vt 0.41125774 0.692332
vt 0.40857482 0.7418879
vt 0.4132707 0.74180824
vt 0.78310496 0.63308495
vt 0.78310496 0.64647645
vt 0.79305047 0.64620763
vt 0.79305047 0.63281614
vt 0.98553765 0.95965147
vt 0.9948531 0.97513366
vt 0.99545896 0.96029115
vt 0.9849318 0.974494
vt 0.99545896 0.9873266
vt 0.98553765 0.98668694
vt 0.4970932 0.9589221
vt 0.4970932 0.97404647
vt 0.50523496 0.9740825
vt 0.50523496 0.9589581
vt 0.8822701 0.7196248
vt 0.87307703 0.8617559
vt 0.88227016 0.8618435
vt 0.8571748 0.7193857
vt 0.88225824 0.6913025
vt 0.8770247 0.69125265
vt 0.1490849 0.49743748
vt 0.14909133 0.3546791
vt 0.13989288 0.35462642
vt 0.123974994 0.4972942
vt 0.14909133 0.52587223
vt 0.14385477 0.5258424
vt 0.965824 0.86058784
vt 0.9695667 0.8606907
vt 0.9669673 0.8367543
vt 0.9632246 0.83665144
vt 0.9695667 0.69135547
vt 0.96582395 0.69125247
vt 0.54222816 0.19894198
vt 0.5449108 0.19809163
vt 0.5449108 0.1931296
vt 0.54222816 0.19397995
vt 0.19741589 0.89758784
vt 0.20118506 0.8976009
vt 0.20118506 0.88843906
vt 0.1974159 0.88842607
vt 0.060204446 0.7210401
vt 0.019622743 0.6628039
vt 0.0045410097 0.7006751
vt 0.060204446 0.6592465
vt 0.0084891915 0.59936124
vt 0.04421723 0.5954797
vt 0.0074771345 0.5582041
vt 0.03573209 0.55410844
vt 0.0077086687 0.5377079
vt 0.024353147 0.53529525
vt 0.20412746 0.3695562
vt 0.25425583 0.42356348
vt 0.24815458 0.36132336
vt 0.20972979 0.43290055
vt 0.17818475 0.35511386
vt 0.25425583 0.4865898
vt 0.16224015 0.42231166
vt 0.21751621 0.49518955
vt 0.2376039 0.5264989
vt 0.1753192 0.48533893
vt 0.20934427 0.532395
vt 0.17953712 0.5230888
vt 0.22357112 0.54385626
vt 0.20692393 0.54732955
vt 0.26333782 0.39237452
vt 0.3027217 0.42427385
vt 0.3027217 0.35511386
vt 0.2646318 0.430799
vt 0.29717463 0.48828828
vt 0.26348478 0.49358082
vt 0.29240257 0.52712524
vt 0.2659806 0.53055
vt 0.28893003 0.5461123
vt 0.27336532 0.5481298
vt 0.47036237 0.16180068
vt 0.48457882 0.18056434
vt 0.5059842 0.17600346
vt 0.50778747 0.15382648
vt 0.5272395 0.18404752
vt 0.4691949 0.123500705
vt 0.54495037 0.16789073
vt 0.5090287 0.13088602
vt 0.48073918 0.060540617
vt 0.5445173 0.13009733
vt 0.5159032 0.066522956
vt 0.4848088 0.023243606
vt 0.54495037 0.06646556
vt 0.5117402 0.026584208
vt 0.4906712 0.0045410395
vt 0.53155863 0.02595359
vt 0.506536 0.0065089464
vt 0.51821065 0.0061374307
vt 0.49213266 0.19882315
vt 0.52405465 0.20915192
vt 0.5331462 0.19312957
vt 0.5005969 0.21240838
vt 0.469195 0.22278859
vt 0.52405465 0.25195542
vt 0.52956 0.23008774
vt 0.48747766 0.2261154
vt 0.47953176 0.26752374
vt 0.4933898 0.2517017
vt 0.53314626 0.26796728
vt 0.61802065 0.8433756
vt 0.5999697 0.81814885
vt 0.5905475 0.826593
vt 0.6154746 0.8276204
vt 0.6525002 0.83250153
vt 0.6349337 0.82148343
vt 0.6525003 0.7828947
vt 0.60333097 0.7851993
vt 0.63493365 0.7934871
vt 0.62208134 0.76243544
vt 0.6177663 0.7819406
vt 0.59650326 0.7682095
vt 0.6862869 0.9743979
vt 0.7002712 0.98016
vt 0.7002712 0.9411409
vt 0.68052936 0.960583
vt 0.6862869 0.9468074
vt 0.76595324 0.5994365
vt 0.77222705 0.61096287
vt 0.77097577 0.6036613
vt 0.7667912 0.61045575
vt 0.77402294 0.61815786
vt 0.7555572 0.60918903
vt 0.75594974 0.59878063
vt 0.76531464 0.5879657
vt 0.7552743 0.586859
vt 0.755079 0.6191137
vt 0.7446308 0.61106396
vt 0.7442043 0.62026095
vt 0.7672574 0.6193435
vt 0.7639401 0.6426685
vt 0.7695516 0.64221096
vt 0.7530987 0.6421108
vt 0.7425136 0.6361766
vt 0.7524932 0.645674
vt 0.76274556 0.6465924
vt 0.7671662 0.64628196
vt 0.75125456 0.50247264
vt 0.7631846 0.49921942
vt 0.74050885 0.5054269
vt 0.7474822 0.58956265
vt 0.75418556 0.48934507
vt 0.76568705 0.49148798
vt 0.7571165 0.47621727
vt 0.7681895 0.4837563
vt 0.76090825 0.46010423
vt 0.77402294 0.4684446
vt 0.7503627 0.45746922
vt 0.7467152 0.4711852
vt 0.7423071 0.47732258
vt 0.7442585 0.48357224
vt 0.7450843 0.39521265
vt 0.7456188 0.4063053
vt 0.7489073 0.40750337
vt 0.7519071 0.39605713
vt 0.7376237 0.30962002
vt 0.76062036 0.3018465
vt 0.7423594 0.29917657
vt 0.76037145 0.3975582
vt 0.7737093 0.30458403
vt 0.7607 0.29369032
vt 0.74709487 0.28873324
vt 0.7607794 0.28553426
vt 0.7511442 0.26972747
vt 0.76468086 0.26578832
vt 0.77057266 0.28393948
vt 0.7742903 0.26322782
vt 0.7563925 0.40377033
vt 0.75634766 0.41188455
vt 0.74848723 0.41454315
vt 0.7635591 0.41772437
vt 0.7644665 0.4149319
vt 0.76316667 0.40139616
vt 0.7704947 0.4129063
vt 0.76991796 0.42018712
vt 0.7742903 0.41879416
vt 0.7730911 0.42121136
vt 0.7691345 0.42212296
vt 0.7555766 0.41630733
vt 0.76402307 0.41162217
vt 0.7582166 0.41801
vt 0.7531576 0.42225075
vt 0.74702334 0.42166948
vt 0.75445247 0.44467044
vt 0.75763035 0.44149303
vt 0.75775504 0.44838727
vt 0.7605593 0.44570005
vt 0.7971705 0.11368227
vt 0.7982351 0.12327516
vt 0.80311495 0.112241864
vt 0.78791 0.121742845
vt 0.7928976 0.10488653
vt 0.7989937 0.09880996
vt 0.79463685 0.096505046
vt 0.799762 0.09123826
vt 0.7970979 0.09032011
vt 0.78617597 0.10820413
vt 0.7766106 0.113601446
vt 0.77498794 0.10226095
vt 0.777776 0.12363601
vt 0.7879159 0.10235798
vt 0.7908716 0.20496523
vt 0.77519906 0.09316385
vt 0.77132595 0.20316827
vt 0.7881844 0.09348309
vt 0.77521443 0.08117759
vt 0.7947816 0.100538135
vt 0.7902633 0.21582234
vt 0.7729604 0.21429777
vt 0.7870022 0.07691407
vt 0.77885544 0.07452464
vt 0.7864466 0.07107139
vt 0.7928772 0.07131648
vt 0.79658586 0.09242487
vt 0.7952489 0.075806856
vt 0.7985242 0.071486354
vt 0.7996391 0.07642126
vt 0.8033732 0.095659494
vt 0.80073047 0.1012789
vt 0.7896549 0.22667992
vt 0.7745949 0.22542715
vt 0.77468264 0.23093379
vt 0.77680135 0.23598826
vt 0.7957961 0.24303126
vt 0.7796118 0.24880028
vt 0.8002162 0.22570348
vt 0.80179465 0.21731138
vt 0.8033732 0.2089194
vt 0.79574287 0.87660336
vt 0.79574287 0.866987
vt 0.7913877 0.8726266
vt 0.7923031 0.88169014
vt 0.6457654 0.63818336
vt 0.65544206 0.63818336
vt 0.65502936 0.6297804
vt 0.64737624 0.63076115
vt 0.65283245 0.62375724
vt 0.6480119 0.62421954
vt 0.14101464 0.702471
vt 0.13850963 0.70306134
vt 0.1371926 0.70993745
vt 0.14101464 0.7090912
vt 0.62944293 0.9314622
vt 0.63016653 0.9278398
vt 0.62803614 0.9243413
vt 0.6262289 0.92619634
vt 0.63016653 0.93651074
vt 0.6267954 0.93492913
vt 0.62766516 0.9423578
vt 0.6296003 0.94499296
vt 0.62288356 0.94855666
vt 0.62232065 0.9349894
vt 0.62574553 0.95137167
vt 0.8259847 0.7008516
vt 0.8182535 0.69063884
vt 0.8175194 0.7024996
vt 0.82729816 0.6904546
vt 0.8188472 0.6798905
vt 0.8289943 0.67874634
vt 0.8349762 0.67953634
vt 0.82998896 0.6694476
vt 0.832423 0.6909926
vt 0.8360145 0.67034954
vt 0.83989906 0.6595514
vt 0.83721614 0.65567446
vt 0.8309293 0.7014556
vt 0.83989906 0.7901238
vt 0.8168497 0.7818039
vt 0.83473706 0.7998995
vt 0.81736946 0.79419523
vt 0.8295748 0.8096751
vt 0.8071017 0.7842031
vt 0.8178892 0.80658644
vt 0.8074081 0.7991906
vt 0.80771446 0.81417793
vt 0.6659781 0.6247927
vt 0.66452414 0.637324
vt 0.6713527 0.6375222
vt 0.67135274 0.62375724
vt 0.99359274 0.2068075
vt 0.97900677 0.18986857
vt 0.9804318 0.20590472
vt 0.99359274 0.19222355
vt 0.97980213 0.18228984
vt 0.99203634 0.18531668
vt 0.004767418 0.8226379
vt 0.0045409203 0.8282703
vt 0.026052237 0.8308213
vt 0.02662921 0.82599807
vt 0.049180984 0.8451712
vt 0.004968405 0.7762139
vt 0.048719406 0.8292761
vt 0.026830435 0.7795739
vt 0.016955853 0.7409053
vt 0.048920393 0.78285193
vt 0.035441637 0.7355771
vt 0.049180984 0.7301221
vt 0.26644123 0.7845397
vt 0.25909227 0.8099823
vt 0.29121888 0.8064358
vt 0.2923386 0.8016238
vt 0.30272174 0.762954
vt 0.29828548 0.72611237
vt 0.27912784 0.7213514
vt 0.2621454 0.71313334
vt 0.25394934 0.75209045
vt 0.27129644 0.7078538
vt 0.28198808 0.7130277
vt 0.27800775 0.69975734
vt 0.2918312 0.6992328
vt 0.29404914 0.7160249
vt 0.30272174 0.71213007
vt 0.2968421 0.7072222
vt 0.7088188 0.7030513
vt 0.6827785 0.6521746
vt 0.68052936 0.68296516
vt 0.70953584 0.64907146
vt 0.7245623 0.6950532
vt 0.72956073 0.64306664
vt 0.72956073 0.7525115
vt 0.7176875 0.7432202
vt 0.72612345 0.75551283
vt 0.71864843 0.74966335
vt 0.91432846 0.38363433
vt 0.91472816 0.39742422
vt 0.9362531 0.40025496
vt 0.9367057 0.35517597
vt 0.9115864 0.34247375
vt 0.915165 0.29628444
vt 0.9367057 0.30082703
vt 0.9906694 0.9505693
vt 0.99469143 0.9448608
vt 0.9910792 0.9321179
vt 0.9849319 0.93032855
vt 0.99469143 0.9243766
vt 0.9906694 0.91803247
vt 0.9003998 0.42193955
vt 0.87541366 0.4330235
vt 0.9025042 0.4354936
vt 0.8784734 0.41838413
vt 0.8848222 0.39693594
vt 0.89796734 0.39744073
vt 0.8858745 0.39423555
vt 0.89731973 0.39407945
vt 0.8822539 0.29789943
vt 0.9025042 0.29628456
vt 0.17274968 0.9366326
vt 0.18821035 0.9372796
vt 0.18833385 0.92042446
vt 0.17258494 0.9187111
vt 0.16283163 0.9480828
vt 0.1622401 0.9180889
vt 0.16320771 0.9039463
vt 0.17053024 0.9012207
vt 0.18833385 0.9055119
vt 0.1708185 0.888426
vt 0.18522637 0.88934004
vt 0.45799425 0.4779387
vt 0.44377503 0.47987282
vt 0.4413101 0.49126196
vt 0.45971137 0.48883462
vt 0.47489116 0.48776644
vt 0.47165793 0.47319418
vt 0.5012672 0.46881258
vt 0.5033901 0.48730814
vt 0.53487957 0.4833362
vt 0.5338125 0.46910024
vt 0.5226009 0.4500187
vt 0.5285862 0.449323
vt 0.5280652 0.44683552
vt 0.5035718 0.44866502
vt 0.49610502 0.44398236
vt 0.49090338 0.45966125
vt 0.4969979 0.44172317
vt 0.5038686 0.4454555
vt 0.5068505 0.34930122
vt 0.52846974 0.34830856
vt 0.50527596 0.33859986
vt 0.53487957 0.335858
vt 0.49694118 0.2946142
vt 0.52405447 0.29346025
vt 0.4774992 0.29850984
vt 0.4862792 0.34388727
vt 0.4828439 0.2816757
vt 0.4974034 0.2787584
vt 0.5177077 0.27789426
vt 0.5211279 0.6240677
vt 0.49579582 0.64148283
vt 0.5244975 0.63685286
vt 0.4949058 0.6307961
vt 0.5042728 0.6199275
vt 0.4823564 0.64198834
vt 0.48128113 0.62949914
vt 0.48926154 0.6164323
vt 0.46074998 0.64113724
vt 0.4722906 0.6121603
vt 0.46119145 0.62715805
vt 0.43001044 0.64198834
vt 0.42628613 0.6278274
vt 0.43371528 0.60393393
vt 0.45451236 0.6051843
vt 0.43477595 0.6006014
vt 0.46545455 0.59601885
vt 0.45309886 0.60175645
vt 0.46440238 0.593778
vt 0.43393093 0.51088256
vt 0.45661402 0.5072566
vt 0.62559265 0.62515634
vt 0.62448156 0.6394631
vt 0.6366834 0.64173913
vt 0.6366834 0.62375724
vt 0.735935 0.23081714
vt 0.7622439 0.15519413
vt 0.75057685 0.14010839
vt 0.71425796 0.21100095
vt 0.7337247 0.24880019
vt 0.7622439 0.23682305
vt 0.75515866 0.22360638
vt 0.7014452 0.21893132
vt 0.7167971 0.19508971
vt 0.70527893 0.19459757
vt 0.4352017 0.8711159
vt 0.42670512 0.8900118
vt 0.42628613 0.9025357
vt 0.43156832 0.9211621
vt 0.45873415 0.85380673
vt 0.43561643 0.84359086
vt 0.45612407 0.8788036
vt 0.44699126 0.92735755
vt 0.46147114 0.9004605
vt 0.46147114 0.9117985
vt 0.69592464 0.38263
vt 0.6861319 0.36911494
vt 0.675438 0.37693727
vt 0.6997529 0.37390625
vt 0.7030582 0.27652752
vt 0.70942926 0.2840469
vt 0.7285417 0.38759953
vt 0.7219252 0.376684
vt 0.7147837 0.4334423
vt 0.72384137 0.28573078
vt 0.68671006 0.42824757
vt 0.7082203 0.44838727
vt 0.6871968 0.44449705
vt 0.7099247 0.282092
vt 0.7244615 0.28369352
vt 0.7128911 0.26814145
vt 0.7285417 0.26878425
vt 0.9007694 0.23833668
vt 0.89725983 0.28373516
vt 0.9268077 0.2781719
vt 0.9268077 0.23269224
vt 0.9056812 0.22038186
vt 0.92518044 0.21615481
vt 0.43024135 0.7806864
vt 0.42628616 0.824778
vt 0.45574564 0.83450884
vt 0.46080947 0.787063
vt 0.43478107 0.7641337
vt 0.48836547 0.82617384
vt 0.4576726 0.7689089
vt 0.48836547 0.77845865
vt 0.4783084 0.7624654
vt 0.5833831 0.6367745
vt 0.55069 0.61897546
vt 0.5439616 0.6367745
vt 0.57391244 0.61897546
vt 0.5442066 0.60872525
vt 0.55697227 0.59800494
vt 0.5802834 0.6044135
vt 0.57202005 0.59578437
vt 0.919963 0.04546827
vt 0.919963 0.016226202
vt 0.9009343 0.0045410097
vt 0.88555276 0.019733816
vt 0.9004725 0.05316226
vt 0.8847046 0.039948374
vt 0.6551803 0.07004261
vt 0.65748 0.008432865
vt 0.6923444 0.0045409203
vt 0.6922196 0.06961131
vt 0.65422 0.07717323
vt 0.6923632 0.07586813
vt 0.6395972 0.11875081
vt 0.69235736 0.120713234
vt 0.6923632 0.17819142
vt 0.687067 0.18256283
vt 0.683169 0.18707514
vt 0.6326426 0.1560874
vt 0.6658221 0.18735242
vt 0.6373068 0.16986394
vt 0.53012383 0.9395169
vt 0.53297615 0.8959297
vt 0.54001784 0.9416196
vt 0.53129876 0.8958077
vt 0.5223006 0.93664336
vt 0.54001784 0.8574398
vt 0.5149857 0.89908373
vt 0.5347506 0.8585487
vt 0.52970123 0.862174
vt 0.115290105 0.54208696
vt 0.07287943 0.5750704
vt 0.10972208 0.53529525
vt 0.069286495 0.60220194
vt 0.1029394 0.600021
vt 0.08300701 0.64438593
vt 0.1274701 0.6054443
vt 0.1274701 0.5497731
vt 0.105382115 0.6390176
vt 0.08761829 0.65226865
vt 0.12741555 0.63806164
vt 0.105032474 0.64735484
vt 0.08595204 0.71065545
vt 0.1272217 0.6465924
vt 0.10390508 0.69854665
vt 0.12734893 0.69585276
vt 0.59941053 0.5713978
vt 0.6268198 0.61467505
vt 0.6024413 0.5977254
vt 0.6309203 0.56215096
vt 0.6714473 0.61085963
vt 0.6669217 0.5716958
vt 0.6714473 0.5279484
vt 0.6446047 0.52768946
vt 0.6116046 0.52857184
vt 0.6633083 0.51935625
vt 0.64334196 0.5216093
vt 0.658532 0.45746922
vt 0.6157189 0.5203757
vt 0.63699496 0.4608562
vt 0.6195512 0.46396017
vt 0.67008436 0.23701072
vt 0.69052863 0.24877012
vt 0.68897927 0.25794756
vt 0.6662284 0.24820292
vt 0.65126586 0.22646356
vt 0.64452744 0.23159647
vt 0.64221203 0.21101964
vt 0.6326425 0.21192896
vt 0.6450474 0.234905
vt 0.6328274 0.23365235
vt 0.65871346 0.20226777
vt 0.6561636 0.19774091
vt 0.68971145 0.20304608
vt 0.69052863 0.19643438
vt 0.98826694 0.65389204
vt 0.98844576 0.65371275
vt 0.9937285 0.653713
vt 0.99372965 0.65392804
vt 0.9888556 0.6631062
vt 0.99372965 0.6662476
vt 0.99355495 0.6780937
vt 0.9815357 0.6711216
vt 0.98032725 0.6590781
vt 0.84765506 0.50169253
vt 0.8242643 0.48239613
vt 0.8480928 0.48673868
vt 0.8133037 0.5065994
vt 0.8480928 0.51312923
vt 0.8046309 0.47502875
vt 0.7980032 0.45746922
vt 0.7887713 0.46248507
vt 0.7946484 0.4852147
vt 0.81279075 0.5228884
vt 0.84137166 0.5354383
vt 0.81041205 0.54263854
vt 0.7880384 0.54571605
vt 0.78505075 0.5300989
vt 0.7831049 0.5064714
vt 0.96032 0.2751119
vt 0.94809055 0.25677478
vt 0.95564604 0.25096643
vt 0.94103265 0.24763584
vt 0.95716906 0.23565388
vt 0.9358897 0.23159075
vt 0.9450414 0.21615493
vt 0.96031976 0.22449958
vt 0.5543962 0.24399793
vt 0.57827836 0.26089925
vt 0.55403244 0.2618869
vt 0.57492983 0.23151606
vt 0.6029366 0.24262536
vt 0.602353 0.2609443
vt 0.62208104 0.23907012
vt 0.61907333 0.2618869
vt 0.5867382 0.21040344
vt 0.60480094 0.18584663
vt 0.6854743 0.55852056
vt 0.6805295 0.5463538
vt 0.70015717 0.5350578
vt 0.7016629 0.5508871
vt 0.6935487 0.5767944
vt 0.71910787 0.5358026
vt 0.7177247 0.457469
vt 0.73142695 0.48070788
vt 0.7244892 0.5617149
vt 0.7091651 0.5694163
vt 0.7139032 0.5819309
vt 0.69900465 0.58898854
vt 0.73142695 0.5764024
vt 0.71979034 0.5950544
vt 0.7306713 0.59291553
vt 0.7043922 0.6008079
vt 0.7310622 0.6279104
vt 0.7200514 0.6339843
vt 0.9332189 0.036640525
vt 0.929045 0.0045410395
vt 0.9558529 0.010382175
vt 0.9558529 0.05923438
vt 0.5609664 0.9139581
vt 0.5647235 0.9324279
vt 0.5490998 0.9192276
vt 0.5763384 0.92493105
vt 0.5674841 0.9068539
vt 0.55065346 0.8958504
vt 0.55407465 0.9094765
vt 0.5763384 0.87564373
vt 0.5578079 0.85743976
vt 0.9760328 0.563565
vt 0.97633034 0.555639
vt 0.9900321 0.55549264
vt 0.98973453 0.56341887
vt 0.9900321 0.58706856
vt 0.97601366 0.58732796
vt 0.60279727 0.91525924
vt 0.630368 0.8827942
vt 0.63131905 0.90326405
vt 0.6062777 0.8982819
vt 0.6084428 0.8689293
vt 0.5905473 0.8937124
vt 0.63131905 0.8592697
vt 0.6085286 0.85245764
vt 0.9908427 0.8587477
vt 0.9786488 0.854975
vt 0.9805061 0.8262465
vt 0.9908427 0.8249326
vt 0.3070965 0.94823956
vt 0.3070965 0.98864675
vt 0.2971243 0.9805034
vt 0.30001765 0.94738877
vt 0.30003205 0.9445611
vt 0.30525455 0.94521517
vt 0.84401095 0.84562945
vt 0.84401095 0.8898413
vt 0.83685386 0.8495493
vt 0.8277861 0.8232596
vt 0.8269942 0.83382845
vt 0.81434715 0.846683
vt 0.82051265 0.8490441
vt 0.80710185 0.8791964
vt 0.8240787 0.8517523
vt 0.82808924 0.8379519
vt 0.8343036 0.852725
vt 0.8150573 0.8745918
vt 0.8254503 0.90453553
vt 0.82182705 0.8724139
vt 0.8393419 0.87445116
vt 0.6670628 0.81729126
vt 0.6670628 0.839627
vt 0.66158235 0.8364229
vt 0.66451114 0.8200817
vt 0.87423384 0.01285243
vt 0.87539744 0.0045409203
vt 0.87549067 0.004736662
vt 0.87231135 0.0053679943
vt 0.8332683 0.019766092
vt 0.84650004 0.03348279
vt 0.8756224 0.024695396
vt 0.8322551 0.030608892
vt 0.8512249 0.05460334
vt 0.8276036 0.05460334
vt 0.09015125 0.06758106
vt 0.13405234 0.010033071
vt 0.15315813 0.022575915
vt 0.04989654 0.067889184
vt 0.1121878 0.0045410395
vt 0.039868772 0.01762563
vt 0.013561368 0.07783529
vt 0.08353883 0.10958636
vt 0.114634454 0.06319299
vt 0.03160423 0.16006279
vt 0.0045410395 0.15966403
vt 0.064532936 0.24193862
vt 0.06658548 0.15078825
vt 0.09785551 0.14630091
vt 0.09668177 0.19750175
vt 0.080177605 0.21281826
vt 0.10117048 0.23419839
vt 0.11749107 0.22546619
vt 0.12130278 0.29112512
vt 0.15315813 0.3216446
vt 0.13050944 0.31346452
vt 0.13645583 0.34329706
vt 0.14356738 0.34554452
vt 0.12735528 0.33718798
vt 0.19519643 0.5626459
vt 0.232015 0.5621346
vt 0.23038633 0.58297026
vt 0.20371276 0.59364665
vt 0.21619377 0.6565292
vt 0.1622401 0.6057346
vt 0.16883972 0.5564115
vt 0.16571411 0.6672132
vt 0.1742177 0.69203436
vt 0.232015 0.6912652
vt 0.77077526 0.058746666
vt 0.77831215 0.03664492
vt 0.8185216 0.059834495
vt 0.8185216 0.032632723
vt 0.7873816 0.0045410097
vt 0.76851225 0.020254076
vt 0.8209407 0.9334355
vt 0.83635503 0.9136176
vt 0.84455955 0.95535934
vt 0.80710185 0.95535934
vt 0.25665712 0.69015086
vt 0.2624628 0.63300526
vt 0.27965122 0.67577064
vt 0.30272174 0.6788591
vt 0.30272174 0.6229614
vt 0.2629481 0.5763881
vt 0.24634328 0.6547822
vt 0.29992056 0.55917466
vt 0.27817392 0.55721176
vt 0.5814327 0.29566503
vt 0.5739789 0.29288363
vt 0.58139324 0.27789426
vt 0.56712395 0.3149972
vt 0.56287634 0.38986087
vt 0.58546764 0.38814652
vt 0.5555948 0.4921558
vt 0.58895427 0.4827807
vt 0.5903285 0.528321
vt 0.5439616 0.5480037
vt 0.5902351 0.54820704
vt 0.5903285 0.58670235
vt 0.040127307 0.85425335
vt 0.040127307 0.9178988
vt 0.019073129 0.92232287
vt 0.0045410097 0.88415605
vt 0.89725983 0.07379544
vt 0.918534 0.07107139
vt 0.918534 0.112564564
vt 0.9012968 0.10868049
vt 0.91026646 0.20618117
vt 0.91730404 0.20707285
vt 0.9276161 0.20014513
vt 0.9333652 0.18517733
vt 0.9471965 0.18305421
vt 0.9471965 0.20399654
vt 0.41077375 0.94654953
vt 0.41077375 0.9741987
vt 0.39654756 0.98299277
vt 0.3921442 0.96415925
vt 0.7673614 0.95004267
vt 0.78892803 0.9252719
vt 0.7723212 0.968231
vt 0.78892803 0.9589917
vt 0.9328902 0.4470117
vt 0.9115863 0.4278679
vt 0.916132 0.40933692
vt 0.9328902 0.41826165
vt 0.3178844 0.8420112
vt 0.3178844 0.76137257
vt 0.39048648 0.7615316
vt 0.39048648 0.8421701
vt 0.9831796 0.29628456
vt 0.9831796 0.37590194
vt 0.9668632 0.37591445
vt 0.9668632 0.29629707
vt 0.4868173 0.8438052
vt 0.50336695 0.85914016
vt 0.50336695 0.92107916
vt 0.4868173 0.9233862
vt 0.47055322 0.923172
vt 0.47055322 0.84359086
vt 0.9712453 0.67633003
vt 0.9550327 0.6763384
vt 0.9550327 0.60351855
vt 0.9712453 0.60351014
vt 0.695518 0.8736514
vt 0.71143293 0.8759447
vt 0.71143293 0.93205893
vt 0.695518 0.9297656
vt 0.68052936 0.883333
vt 0.68052936 0.91576415
vt 0.14165336 0.71992755
vt 0.14165336 0.800576
vt 0.12466927 0.8008938
vt 0.12466927 0.738124
vt 0.069286495 0.7197373
vt 0.08284494 0.8007839
vt 0.08284494 0.7380142
vt 0.9456651 0.6293485
vt 0.9456651 0.6734147
vt 0.91325426 0.66829824
vt 0.91325426 0.6242323
vt 0.47723508 0.93340755
vt 0.47056484 0.9775183
vt 0.4705532 0.9324682
vt 0.47724676 0.9784577
vt 0.48801106 0.9330332
vt 0.48801106 0.9692714
vt 0.102339774 0.9262717
vt 0.09204264 0.8818424
vt 0.102339774 0.88288355
vt 0.09191872 0.91671777
vt 0.07281564 0.9198947
vt 0.069286495 0.9317689
vt 0.07293956 0.88501954
vt 0.50556386 0.7987163
vt 0.49744752 0.79888445
vt 0.49744752 0.76263356
vt 0.50556386 0.7624655
vt 0.6685864 0.7624353
vt 0.6685864 0.80725086
vt 0.66158223 0.8082093
vt 0.66158223 0.7633935
vt 0.14014396 0.9673108
vt 0.14833745 0.9669908
vt 0.14833745 0.99022555
vt 0.13242728 0.97251546
vt 0.13242725 0.9859439
vt 0.14014393 0.99054563
vt 0.7846286 0.58724976
vt 0.8444078 0.623734
vt 0.7831049 0.623734
vt 0.81940746 0.5948511
vt 0.7889414 0.5575113
vt 0.7884784 0.5547981
vt 0.11555666 0.80997586
vt 0.123345196 0.8727603
vt 0.069286495 0.8727603
vt 0.076602966 0.8106153
vt 0.36416936 0.97065455
vt 0.36491132 0.96103245
vt 0.38306212 0.94654953
vt 0.38252115 0.9631977
vt 0.3651333 0.9830068
vt 0.38306212 0.9796119
vt 0.26344484 0.965817
vt 0.2807141 0.9204971
vt 0.2807141 0.96955526
vt 0.26258978 0.9405704
vt 0.25827962 0.91830647
vt 0.2539493 0.9272774
vt 0.41333583 0.26624966
vt 0.46011287 0.24406314
vt 0.41543192 0.2688123
vt 0.45147532 0.23832142
vt 0.40415987 0.25264192
vt 0.4538111 0.20970833
vt 0.4582818 0.2122252
vt 0.44388625 0.20708787
vt 0.46011287 0.1699804
vt 0.43228632 0.22544718
vt 0.41446322 0.21241486
vt 0.38422948 0.24093163
vt 0.39029968 0.19608188
vt 0.4108758 0.19225907
vt 0.4055007 0.16205919
vt 0.39706153 0.11464381
vt 0.44719622 0.122689486
vt 0.43556517 0.059536576
vt 0.39150533 0.18156135
vt 0.39360464 0.15627778
vt 0.40344048 0.05428481
vt 0.4072498 0.018239617
vt 0.37552294 0.011618376
vt 0.37275088 0.052782297
vt 0.3606389 0.00893271
vt 0.36943313 0.10204935
vt 0.3576938 0.0522635
vt 0.32544518 0.0045410395
vt 0.32363707 0.04994595
vt 0.3544728 0.09965396
vt 0.321829 0.09535074
vt 0.34829614 0.14468789
vt 0.3198567 0.13805652
vt 0.36748043 0.14798474
vt 0.34520915 0.16719496
vt 0.31887054 0.1594094
vt 0.36647552 0.1716243
vt 0.34282205 0.1845994
vt 0.3178844 0.18076241
vt 0.36565202 0.19099653
vt 0.36545175 0.19419777
vt 0.37770507 0.1940682
vt 0.90714717 0.69125247
vt 0.91219366 0.69197774
vt 0.9006492 0.7331214
vt 0.89327407 0.7345638
vt 0.8987274 0.77534485
vt 0.8913523 0.7767873
vt 0.9028046 0.8326831
vt 0.8954294 0.8341255
vt 0.8982228 0.86303306
vt 0.91219366 0.8638103
vt 0.96686316 0.40621877
vt 0.969249 0.38568848
vt 0.9844799 0.38499653
vt 0.9844799 0.42002785
vt 0.2846706 0.9092245
vt 0.2809714 0.8584089
vt 0.2880422 0.9081383
vt 0.2758212 0.8615409
vt 0.2818297 0.8340709
vt 0.27543485 0.84289753
vt 0.2880422 0.8190646
vt 0.27490973 0.82100165
vt 0.25394928 0.8334205
vt 0.5497353 0.76243544
vt 0.53673816 0.79985917
vt 0.51498556 0.7773415
vt 0.5814655 0.82245326
vt 0.5814655 0.7658187
vt 0.5447295 0.83204865
vt 0.57764745 0.8483578
vt 0.37174582 0.8841193
vt 0.36416936 0.8512521
vt 0.39324832 0.8570816
vt 0.39058018 0.8917533
vt 0.3663373 0.9103006
vt 0.39324832 0.93746746
vt 0.3514887 0.89360774
vt 0.35508746 0.9187566
vt 0.3249331 0.92331624
vt 0.3178844 0.89051735
vt 0.35508746 0.8598133
vt 0.33310932 0.85125196
vt 0.2381916 0.7630688
vt 0.22692525 0.7864362
vt 0.18840933 0.77947056
vt 0.20598567 0.7518455
vt 0.16224015 0.755474
vt 0.17566478 0.7207345
vt 0.187487 0.712145
vt 0.2381916 0.7011162
vt 0.23142785 0.278118
vt 0.20388913 0.2927873
vt 0.16224015 0.24132788
vt 0.19219023 0.22015452
vt 0.26705033 0.26139092
vt 0.16659844 0.20919108
vt 0.24366468 0.30163085
vt 0.16721946 0.16585052
vt 0.2674473 0.3177129
vt 0.21298265 0.15644157
vt 0.2269522 0.11363554
vt 0.18222994 0.1188755
vt 0.19616133 0.0560863
vt 0.23432386 0.19966435
vt 0.23028958 0.15258336
vt 0.25537205 0.18674457
vt 0.2555338 0.14733016
vt 0.22293413 0.05486405
vt 0.2205491 0.019979239
vt 0.28125918 0.18037891
vt 0.28118885 0.25755513
vt 0.2557283 0.099942565
vt 0.2544682 0.05332029
vt 0.2533782 0.012990952
vt 0.2777211 0.14266968
vt 0.27235436 0.051893234
vt 0.271298 0.010896087
vt 0.27354717 0.098183274
vt 0.3086642 0.049747825
vt 0.30880237 0.0045410395
vt 0.30852598 0.09495461
vt 0.30849093 0.13605273
vt 0.30845588 0.17715108
vt 0.30880237 0.25410116
vt 0.28558695 0.3135196
vt 0.3086393 0.31132638
vt 0.30867004 0.34052896
vt 0.27524912 0.34603179
vt 0.29215813 0.34268415
vt 0.9760138 0.542811
vt 0.98589134 0.51332694
vt 0.9891937 0.54641074
vt 0.9788171 0.50962734
vt 0.9891938 0.49508423
vt 0.9809972 0.49403036
vt 0.9879724 0.45746928
vt 0.9816133 0.45911235
vt 0.7706181 0.8579049
vt 0.78860205 0.8434458
vt 0.7892935 0.85579705
vt 0.7701307 0.84579396
vt 0.7405088 0.8579049
vt 0.74101436 0.8459122
vt 0.7432198 0.8075676
vt 0.7587342 0.8074899
vt 0.7439228 0.78768873
vt 0.77355117 0.8055725
vt 0.7562113 0.7864127
vt 0.767418 0.7811575
vt 0.6017281 0.011517525
vt 0.5722029 0.015862226
vt 0.5760473 0.0045409203
vt 0.5969795 0.022758722
vt 0.62356055 0.021176338
vt 0.6187322 0.03260064
vt 0.59339106 0.0640378
vt 0.5812007 0.058460712
vt 0.59099364 0.09218359
vt 0.5662745 0.054356337
vt 0.55566084 0.013656616
vt 0.55403244 0.052318573
vt 0.58172226 0.09291315
vt 0.5944027 0.11943865
vt 0.5707922 0.09526014
vt 0.56167233 0.09769797
vt 0.5897317 0.12272072
vt 0.62356055 0.17676449
vt 0.5843946 0.12718225
vt 0.57975125 0.13089395
vt 0.62356055 0.17676449
vt 0.62356055 0.17676449
vt 0.1622401 0.879344
vt 0.16288023 0.867465
vt 0.18063885 0.8650942
vt 0.18028788 0.8768463
vt 0.20276156 0.8647046
vt 0.20266286 0.87521076
vt 0.18731 0.8320346
vt 0.20276156 0.8315277
vt 0.19023123 0.79715014
vt 0.20244613 0.7955179
vt 0.6635636 0.9175401
vt 0.6642082 0.85258245
vt 0.6642082 0.85258245
vt 0.65580666 0.91700697
vt 0.6642082 0.9438317
vt 0.6636547 0.8524575
vt 0.65227914 0.9385555
vt 0.64839053 0.91571856
vt 0.6404011 0.93501663
vt 0.12253702 0.9412708
vt 0.12263247 0.88184243
vt 0.12322804 0.88187134
vt 0.11541879 0.9400217
vt 0.12322804 0.97238624
vt 0.11142182 0.969343
vt 0.43211043 0.3527246
vt 0.3653043 0.29528356
vt 0.4322281 0.27789426
vt 0.40245187 0.36005008
vt 0.323492 0.33983392
vt 0.38449878 0.37336504
vt 0.31788445 0.39596385
vt 0.38241547 0.3976218
vt 0.34179574 0.45480588
vt 0.3924247 0.42308557
vt 0.3831604 0.48824954
vt 0.40994203 0.43756753
vt 0.4322281 0.49817446
vt 0.43196833 0.4418646
vt 0.11430073 0.4678315
vt 0.11489296 0.5262133
vt 0.051763296 0.49770188
vt 0.088885546 0.45479715
vt 0.012070417 0.45489085
vt 0.073535204 0.44120765
vt 0.0045409203 0.4153651
vt 0.07248974 0.42396772
vt 0.028782606 0.37357152
vt 0.08076811 0.40925705
vt 0.06970382 0.35462666
vt 0.09541702 0.40396655
vt 0.11489296 0.36062098
vt 0.11369705 0.40760577
vt 0.057865143 0.85503346
vt 0.049209356 0.922463
vt 0.05351925 0.8542534
vt 0.053619146 0.9228215
vt 0.053355932 0.9679259
vt 0.057865143 0.96795225
vt 0.3008139 0.93547916
vt 0.3018484 0.8801607
vt 0.30552006 0.93508583
vt 0.29712415 0.8801751
vt 0.3055203 0.81929743
vt 0.30081105 0.8190645
vt 0.4132707 0.65062636
vt 0.4065838 0.6919874
vt 0.40865254 0.64997745
vt 0.41125774 0.692332
vt 0.40857482 0.7418879
vt 0.4132707 0.74180824
vt 0.78310496 0.63308495
vt 0.79305047 0.63281614
vt 0.79305047 0.64620763
vt 0.78310496 0.64647645
vt 0.98553765 0.95965147
vt 0.99545896 0.96029115
vt 0.9948531 0.97513366
vt 0.9849318 0.974494
vt 0.99545896 0.9873266
vt 0.98553765 0.98668694
vt 0.4970932 0.9589221
vt 0.50523496 0.9589581
vt 0.50523496 0.9740825
vt 0.4970932 0.97404647
vt 0.8822701 0.7196248
vt 0.88227016 0.8618435
vt 0.87307703 0.8617559
vt 0.8571748 0.7193857
vt 0.88225824 0.6913025
vt 0.8770247 0.69125265
vt 0.1490849 0.49743748
vt 0.13989288 0.35462642
vt 0.14909133 0.3546791
vt 0.123974994 0.4972942
vt 0.14909133 0.52587223
vt 0.14385477 0.5258424
vt 0.965824 0.86058784
vt 0.9669673 0.8367543
vt 0.9695667 0.8606907
vt 0.9632246 0.83665144
vt 0.9695667 0.69135547
vt 0.96582395 0.69125247
vt 0.54222816 0.19894198
vt 0.54222816 0.19397995
vt 0.5449108 0.1931296
vt 0.5449108 0.19809163
vt 0.19741589 0.89758784
vt 0.1974159 0.88842607
vt 0.20118506 0.88843906
vt 0.20118506 0.8976009
vt 0.060204446 0.7210401
vt 0.0045410097 0.7006751
vt 0.019622743 0.6628039
vt 0.060204446 0.6592465
vt 0.0084891915 0.59936124
vt 0.04421723 0.5954797
vt 0.0074771345 0.5582041
vt 0.03573209 0.55410844
vt 0.0077086687 0.5377079
vt 0.024353147 0.53529525
vt 0.20412746 0.3695562
vt 0.24815458 0.36132336
vt 0.25425583 0.42356348
vt 0.20972979 0.43290055
vt 0.17818475 0.35511386
vt 0.25425583 0.4865898
vt 0.16224015 0.42231166
vt 0.21751621 0.49518955
vt 0.2376039 0.5264989
vt 0.1753192 0.48533893
vt 0.20934427 0.532395
vt 0.17953712 0.5230888
vt 0.22357112 0.54385626
vt 0.20692393 0.54732955
vt 0.26333782 0.39237452
vt 0.3027217 0.35511386
vt 0.3027217 0.42427385
vt 0.2646318 0.430799
vt 0.29717463 0.48828828
vt 0.26348478 0.49358082
vt 0.29240257 0.52712524
vt 0.2659806 0.53055
vt 0.28893003 0.5461123
vt 0.27336532 0.5481298
vt 0.47036237 0.16180068
vt 0.5059842 0.17600346
vt 0.48457882 0.18056434
vt 0.50778747 0.15382648
vt 0.5272395 0.18404752
vt 0.4691949 0.123500705
vt 0.54495037 0.16789073
vt 0.5090287 0.13088602
vt 0.48073918 0.060540617
vt 0.5445173 0.13009733
vt 0.5159032 0.066522956
vt 0.4848088 0.023243606
vt 0.54495037 0.06646556
vt 0.5117402 0.026584208
vt 0.4906712 0.0045410395
vt 0.53155863 0.02595359
vt 0.506536 0.0065089464
vt 0.51821065 0.0061374307
vt 0.49213266 0.19882315
vt 0.5331462 0.19312957
vt 0.52405465 0.20915192
vt 0.5005969 0.21240838
vt 0.469195 0.22278859
vt 0.48747766 0.2261154
vt 0.47953176 0.26752374
vt 0.4933898 0.2517017
vt 0.53314626 0.26796728
vt 0.52405465 0.25195542
vt 0.52956 0.23008774
vt 0.61802065 0.8433756
vt 0.5905475 0.826593
vt 0.5999697 0.81814885
vt 0.6154746 0.8276204
vt 0.6525002 0.83250153
vt 0.6349337 0.82148343
vt 0.6525003 0.7828947
vt 0.63493365 0.7934871
vt 0.60333097 0.7851993
vt 0.62208134 0.76243544
vt 0.6177663 0.7819406
vt 0.59650326 0.7682095
vt 0.7002712 0.9411409
vt 0.7002712 0.98016
vt 0.6862869 0.9743979
vt 0.68052936 0.960583
vt 0.6862869 0.9468074
vt 0.76595324 0.5994365
vt 0.77097577 0.6036613
vt 0.77222705 0.61096287
vt 0.7667912 0.61045575
vt 0.77402294 0.61815786
vt 0.7555572 0.60918903
vt 0.75594974 0.59878063
vt 0.76531464 0.5879657
vt 0.7552743 0.586859
vt 0.755079 0.6191137
vt 0.7446308 0.61106396
vt 0.7442043 0.62026095
vt 0.7672574 0.6193435
vt 0.7639401 0.6426685
vt 0.7695516 0.64221096
vt 0.7530987 0.6421108
vt 0.7425136 0.6361766
vt 0.7524932 0.645674
vt 0.76274556 0.6465924
vt 0.7671662 0.64628196
vt 0.75125456 0.50247264
vt 0.7631846 0.49921942
vt 0.74050885 0.5054269
vt 0.7474822 0.58956265
vt 0.75418556 0.48934507
vt 0.76568705 0.49148798
vt 0.7571165 0.47621727
vt 0.7681895 0.4837563
vt 0.76090825 0.46010423
vt 0.77402294 0.4684446
vt 0.7503627 0.45746922
vt 0.7467152 0.4711852
vt 0.7423071 0.47732258
vt 0.7442585 0.48357224
vt 0.7450843 0.39521265
vt 0.7489073 0.40750337
vt 0.7456188 0.4063053
vt 0.7519071 0.39605713
vt 0.7376237 0.30962002
vt 0.76062036 0.3018465
vt 0.7423594 0.29917657
vt 0.76037145 0.3975582
vt 0.7737093 0.30458403
vt 0.7607 0.29369032
vt 0.74709487 0.28873324
vt 0.7607794 0.28553426
vt 0.7511442 0.26972747
vt 0.76468086 0.26578832
vt 0.77057266 0.28393948
vt 0.7742903 0.26322782
vt 0.7563925 0.40377033
vt 0.75634766 0.41188455
vt 0.74848723 0.41454315
vt 0.7635591 0.41772437
vt 0.7644665 0.4149319
vt 0.76316667 0.40139616
vt 0.7704947 0.4129063
vt 0.76991796 0.42018712
vt 0.7742903 0.41879416
vt 0.7730911 0.42121136
vt 0.7691345 0.42212296
vt 0.7555766 0.41630733
vt 0.76402307 0.41162217
vt 0.7582166 0.41801
vt 0.7531576 0.42225075
vt 0.74702334 0.42166948
vt 0.75445247 0.44467044
vt 0.75763035 0.44149303
vt 0.75775504 0.44838727
vt 0.7605593 0.44570005
vt 0.7971705 0.11368227
vt 0.80311495 0.112241864
vt 0.7982351 0.12327516
vt 0.78791 0.121742845
vt 0.7928976 0.10488653
vt 0.7989937 0.09880996
vt 0.79463685 0.096505046
vt 0.799762 0.09123826
vt 0.7970979 0.09032011
vt 0.78617597 0.10820413
vt 0.7766106 0.113601446
vt 0.77498794 0.10226095
vt 0.777776 0.12363601
vt 0.7879159 0.10235798
vt 0.7908716 0.20496523
vt 0.77519906 0.09316385
vt 0.77132595 0.20316827
vt 0.7881844 0.09348309
vt 0.77521443 0.08117759
vt 0.7947816 0.100538135
vt 0.7902633 0.21582234
vt 0.7729604 0.21429777
vt 0.7870022 0.07691407
vt 0.77885544 0.07452464
vt 0.7864466 0.07107139
vt 0.7928772 0.07131648
vt 0.79658586 0.09242487
vt 0.7952489 0.075806856
vt 0.7985242 0.071486354
vt 0.7996391 0.07642126
vt 0.8033732 0.095659494
vt 0.80073047 0.1012789
vt 0.7896549 0.22667992
vt 0.7745949 0.22542715
vt 0.77468264 0.23093379
vt 0.77680135 0.23598826
vt 0.7957961 0.24303126
vt 0.7796118 0.24880028
vt 0.8002162 0.22570348
vt 0.80179465 0.21731138
vt 0.8033732 0.2089194
vt 0.79574287 0.87660336
vt 0.7923031 0.88169014
vt 0.7913877 0.8726266
vt 0.79574287 0.866987
vt 0.6457654 0.63818336
vt 0.65502936 0.6297804
vt 0.65544206 0.63818336
vt 0.64737624 0.63076115
vt 0.65283245 0.62375724
vt 0.6480119 0.62421954
vt 0.14101464 0.702471
vt 0.14101464 0.7090912
vt 0.1371926 0.70993745
vt 0.13850963 0.70306134
vt 0.62944293 0.9314622
vt 0.62803614 0.9243413
vt 0.63016653 0.9278398
vt 0.6262289 0.92619634
vt 0.63016653 0.93651074
vt 0.6267954 0.93492913
vt 0.62766516 0.9423578
vt 0.6296003 0.94499296
vt 0.62288356 0.94855666
vt 0.62232065 0.9349894
vt 0.62574553 0.95137167
vt 0.8259847 0.7008516
vt 0.8175194 0.7024996
vt 0.8182535 0.69063884
vt 0.82729816 0.6904546
vt 0.8188472 0.6798905
vt 0.8289943 0.67874634
vt 0.8349762 0.67953634
vt 0.82998896 0.6694476
vt 0.832423 0.6909926
vt 0.8360145 0.67034954
vt 0.83989906 0.6595514
vt 0.83721614 0.65567446
vt 0.8309293 0.7014556
vt 0.83989906 0.7901238
vt 0.8168497 0.7818039
vt 0.83473706 0.7998995
vt 0.81736946 0.79419523
vt 0.8295748 0.8096751
vt 0.8071017 0.7842031
vt 0.8178892 0.80658644
vt 0.8074081 0.7991906
vt 0.80771446 0.81417793
vt 0.6659781 0.6247927
vt 0.67135274 0.62375724
vt 0.6713527 0.6375222
vt 0.66452414 0.637324
vt 0.99359274 0.2068075
vt 0.9804318 0.20590472
vt 0.97900677 0.18986857
vt 0.99359274 0.19222355
vt 0.97980213 0.18228984
vt 0.99203634 0.18531668
vt 0.004767418 0.8226379
vt 0.026052237 0.8308213
vt 0.0045409203 0.8282703
vt 0.02662921 0.82599807
vt 0.049180984 0.8451712
vt 0.004968405 0.7762139
vt 0.048719406 0.8292761
vt 0.026830435 0.7795739
vt 0.016955853 0.7409053
vt 0.048920393 0.78285193
vt 0.035441637 0.7355771
vt 0.049180984 0.7301221
vt 0.26644123 0.7845397
vt 0.29121888 0.8064358
vt 0.25909227 0.8099823
vt 0.2923386 0.8016238
vt 0.30272174 0.762954
vt 0.29828548 0.72611237
vt 0.27912784 0.7213514
vt 0.2621454 0.71313334
vt 0.25394934 0.75209045
vt 0.27129644 0.7078538
vt 0.28198808 0.7130277
vt 0.27800775 0.69975734
vt 0.2918312 0.6992328
vt 0.29404914 0.7160249
vt 0.30272174 0.71213007
vt 0.2968421 0.7072222
vt 0.7088188 0.7030513
vt 0.68052936 0.68296516
vt 0.6827785 0.6521746
vt 0.70953584 0.64907146
vt 0.7245623 0.6950532
vt 0.72956073 0.64306664
vt 0.72956073 0.7525115
vt 0.7176875 0.7432202
vt 0.72612345 0.75551283
vt 0.71864843 0.74966335
vt 0.91432846 0.38363433
vt 0.9362531 0.40025496
vt 0.91472816 0.39742422
vt 0.9367057 0.35517597
vt 0.9115864 0.34247375
vt 0.915165 0.29628444
vt 0.9367057 0.30082703
vt 0.9906694 0.9505693
vt 0.9910792 0.9321179
vt 0.99469143 0.9448608
vt 0.9849319 0.93032855
vt 0.99469143 0.9243766
vt 0.9906694 0.91803247
vt 0.9003998 0.42193955
vt 0.9025042 0.4354936
vt 0.87541366 0.4330235
vt 0.8784734 0.41838413
vt 0.8848222 0.39693594
vt 0.89796734 0.39744073
vt 0.8858745 0.39423555
vt 0.89731973 0.39407945
vt 0.8822539 0.29789943
vt 0.9025042 0.29628456
vt 0.17274968 0.9366326
vt 0.18833385 0.92042446
vt 0.18821035 0.9372796
vt 0.17258494 0.9187111
vt 0.16283163 0.9480828
vt 0.1622401 0.9180889
vt 0.16320771 0.9039463
vt 0.17053024 0.9012207
vt 0.18833385 0.9055119
vt 0.1708185 0.888426
vt 0.18522637 0.88934004
vt 0.45799425 0.4779387
vt 0.4413101 0.49126196
vt 0.44377503 0.47987282
vt 0.45971137 0.48883462
vt 0.47489116 0.48776644
vt 0.47165793 0.47319418
vt 0.5012672 0.46881258
vt 0.5033901 0.48730814
vt 0.53487957 0.4833362
vt 0.5338125 0.46910024
vt 0.5226009 0.4500187
vt 0.5285862 0.449323
vt 0.5280652 0.44683552
vt 0.5035718 0.44866502
vt 0.49610502 0.44398236
vt 0.49090338 0.45966125
vt 0.4969979 0.44172317
vt 0.5038686 0.4454555
vt 0.5068505 0.34930122
vt 0.52846974 0.34830856
vt 0.50527596 0.33859986
vt 0.53487957 0.335858
vt 0.49694118 0.2946142
vt 0.52405447 0.29346025
vt 0.4774992 0.29850984
vt 0.4862792 0.34388727
vt 0.4828439 0.2816757
vt 0.4974034 0.2787584
vt 0.5177077 0.27789426
vt 0.5211279 0.6240677
vt 0.5244975 0.63685286
vt 0.49579582 0.64148283
vt 0.4949058 0.6307961
vt 0.5042728 0.6199275
vt 0.4823564 0.64198834
vt 0.48128113 0.62949914
vt 0.48926154 0.6164323
vt 0.46074998 0.64113724
vt 0.4722906 0.6121603
vt 0.46119145 0.62715805
vt 0.43001044 0.64198834
vt 0.42628613 0.6278274
vt 0.43371528 0.60393393
vt 0.45451236 0.6051843
vt 0.43477595 0.6006014
vt 0.46545455 0.59601885
vt 0.45309886 0.60175645
vt 0.46440238 0.593778
vt 0.43393093 0.51088256
vt 0.45661402 0.5072566
vt 0.62559265 0.62515634
vt 0.6366834 0.62375724
vt 0.6366834 0.64173913
vt 0.62448156 0.6394631
vt 0.735935 0.23081714
vt 0.75057685 0.14010839
vt 0.7622439 0.15519413
vt 0.71425796 0.21100095
vt 0.7337247 0.24880019
vt 0.7622439 0.23682305
vt 0.75515866 0.22360638
vt 0.7014452 0.21893132
vt 0.7167971 0.19508971
vt 0.70527893 0.19459757
vt 0.42628613 0.9025357
vt 0.42670512 0.8900118
vt 0.4352017 0.8711159
vt 0.43156832 0.9211621
vt 0.45873415 0.85380673
vt 0.43561643 0.84359086
vt 0.44699126 0.92735755
vt 0.45612407 0.8788036
vt 0.46147114 0.9004605
vt 0.46147114 0.9117985
vt 0.69592464 0.38263
vt 0.675438 0.37693727
vt 0.6861319 0.36911494
vt 0.6997529 0.37390625
vt 0.7030582 0.27652752
vt 0.70942926 0.2840469
vt 0.7285417 0.38759953
vt 0.7219252 0.376684
vt 0.7147837 0.4334423
vt 0.72384137 0.28573078
vt 0.68671006 0.42824757
vt 0.7082203 0.44838727
vt 0.6871968 0.44449705
vt 0.7099247 0.282092
vt 0.7244615 0.28369352
vt 0.7128911 0.26814145
vt 0.7285417 0.26878425
vt 0.9007694 0.23833668
vt 0.9268077 0.2781719
vt 0.89725983 0.28373516
vt 0.9268077 0.23269224
vt 0.9056812 0.22038186
vt 0.92518044 0.21615481
vt 0.43024135 0.7806864
vt 0.45574564 0.83450884
vt 0.42628616 0.824778
vt 0.46080947 0.787063
vt 0.43478107 0.7641337
vt 0.48836547 0.82617384
vt 0.4576726 0.7689089
vt 0.48836547 0.77845865
vt 0.4783084 0.7624654
vt 0.5833831 0.6367745
vt 0.5439616 0.6367745
vt 0.55069 0.61897546
vt 0.57391244 0.61897546
vt 0.5442066 0.60872525
vt 0.55697227 0.59800494
vt 0.5802834 0.6044135
vt 0.57202005 0.59578437
vt 0.9004725 0.05316226
vt 0.8847046 0.039948374
vt 0.88555276 0.019733816
vt 0.919963 0.04546827
vt 0.9009343 0.0045410097
vt 0.919963 0.016226202
vt 0.7443526 0.8967749
vt 0.75374866 0.906978
vt 0.75080895 0.9161898
vt 0.7405088 0.8977766
vt 0.7823057 0.91618365
vt 0.7497237 0.8839654
vt 0.76873684 0.90592676
vt 0.7462168 0.866987
vt 0.7823057 0.8867931
vt 0.76431584 0.8814816
vt 0.7722397 0.8932777
vt 0.7670834 0.8708749
vt 0.7443526 0.8967749
vt 0.75080895 0.9161898
vt 0.75374866 0.906978
vt 0.7405088 0.8977766
vt 0.7823057 0.91618365
vt 0.7497237 0.8839654
vt 0.76873684 0.90592676
vt 0.7462168 0.866987
vt 0.7823057 0.8867931
vt 0.76431584 0.8814816
vt 0.7722397 0.8932777
vt 0.7670834 0.8708749
vn -0.17821427 -0.6509493 0.7379056
vn 0.3725755 -0.7038398 0.6048116
vn -0.4910057 0.09631857 0.86581534
vn -0.50048524 0.86062205 -0.09404388
vn 0.20653152 -0.17461367 -0.962733
vn 0.7910303 -0.08252413 0.60618556
vn 0.20653152 -0.17461367 -0.962733
vn -0.8245783 -0.56209093 0.06422252
vn 0.7910303 -0.08252413 0.60618556
vn -0.8245783 -0.56209093 0.06422252
vn -0.50048524 0.86062205 -0.09404388
vn 0.7910303 -0.08252413 0.60618556
vn -0.50048524 0.86062205 -0.09404388
vn -0.8245783 -0.56209093 0.06422252
vn 0.20653152 -0.17461367 -0.962733
vn -0.4656116 0.88354206 0.050588682
vn 0.07707657 -0.20602657 -0.97550607
vn 0.89216757 -0.030442981 0.45067757
vn 0.07707657 -0.20602657 -0.97550607
vn -0.7050812 -0.6308205 0.3239227
vn 0.89216757 -0.030442981 0.45067757
vn -0.7050812 -0.6308205 0.3239227
vn -0.4656116 0.88354206 0.050588682
vn 0.89216757 -0.030442981 0.45067757
vn -0.4656116 0.88354206 0.050588682
vn -0.7050812 -0.6308205 0.3239227
vn 0.07707657 -0.20602657 -0.97550607
vn -0.15657958 -0.2931511 0.9431571
vn -0.6438868 0.7447817 0.17524302
vn 0.7751701 0.59649956 -0.20808521
vn 0.609073 -0.71004 0.3533743
vn -0 -0.8703278 -0.49247298
vn -0 -0.38135695 0.92442787
vn -0 -0.38135695 0.92442787
vn -0 0.5845307 0.8113715
vn 0.6576564 0.4201669 0.6252582
vn -0.036170844 -0.99932265 0.0067804498
vn -0.15657958 -0.2931511 0.9431571
vn 0.7751701 0.59649956 -0.20808521
vn -0.6438868 0.7447817 0.17524302
vn -0.60765064 -0.28807133 -0.7401186
vn 0.7751701 0.59649956 -0.20808521
vn -0.60765064 -0.28807133 -0.7401186
vn -0.036170844 -0.99932265 0.0067804498
vn 0.7751701 0.59649956 -0.20808521
vn -0.6232325 0.77345455 -0.11553936
vn -0.20527044 -0.2987562 -0.9319919
vn 0.8054404 0.57280004 0.15220311
vn -0.53205556 -0.3030763 0.7906083
vn -0.6232325 0.77345455 -0.11553936
vn 0.8054404 0.57280004 0.15220311
vn -0 -0.2506132 0.9680873
vn 0.10793873 -0.6953163 0.7105523
vn -0 -0.94356054 0.33120003
vn 0.4354399 -0.65198725 -0.6207292
vn 0.23895907 -0.44462213 -0.86325526
vn 0.77321726 -0.5941636 -0.22159584
vn 0.77321726 -0.5941636 -0.22159584
vn 0.23895907 -0.44462213 -0.86325526
vn 0.25008425 -0.74784344 -0.6149699
vn 0.17821434 -0.6509493 0.7379056
vn 0.4910062 0.09631856 0.865815
vn -0.37257513 -0.7038399 0.60481167
vn 0.50048536 0.860622 -0.09404392
vn -0.7910303 -0.08252412 0.60618544
vn -0.2065315 -0.17461364 -0.962733
vn -0.2065315 -0.17461364 -0.962733
vn -0.7910303 -0.08252412 0.60618544
vn 0.8245783 -0.56209093 0.064222485
vn 0.8245783 -0.56209093 0.064222485
vn -0.7910303 -0.08252412 0.60618544
vn 0.50048536 0.860622 -0.09404392
vn 0.50048536 0.860622 -0.09404392
vn -0.2065315 -0.17461364 -0.962733
vn 0.8245783 -0.56209093 0.064222485
vn 0.4656116 0.88354206 0.050588638
vn -0.89216757 -0.030442946 0.45067757
vn -0.07707657 -0.20602661 -0.97550607
vn -0.07707657 -0.20602661 -0.97550607
vn -0.89216757 -0.030442946 0.45067757
vn 0.7050813 -0.6308205 0.32392272
vn 0.7050813 -0.6308205 0.32392272
vn -0.89216757 -0.030442946 0.45067757
vn 0.4656116 0.88354206 0.050588638
vn 0.4656116 0.88354206 0.050588638
vn -0.07707657 -0.20602661 -0.97550607
vn 0.7050813 -0.6308205 0.32392272
vn 0.15657958 -0.2931511 0.9431571
vn -0.7751701 0.59649956 -0.20808524
vn 0.6438868 0.7447817 0.175243
vn -0.60907304 -0.71004 0.3533743
vn -0 -0.38135695 0.92442787
vn -0 -0.8703278 -0.49247298
vn -0 -0.38135695 0.92442787
vn -0.6576564 0.4201669 0.6252583
vn -0 0.5845307 0.8113715
vn 0.036170844 -0.99932265 0.006780419
vn -0.7751701 0.59649956 -0.20808524
vn 0.15657958 -0.2931511 0.9431571
vn 0.6438868 0.7447817 0.175243
vn -0.7751701 0.59649956 -0.20808524
vn 0.60765064 -0.28807136 -0.7401186
vn 0.60765064 -0.28807136 -0.7401186
vn -0.7751701 0.59649956 -0.20808524
vn 0.036170844 -0.99932265 0.006780419
vn 0.6232324 0.77345455 -0.11553936
vn -0.8054404 0.5728001 0.15220319
vn 0.20527044 -0.2987562 -0.9319919
vn 0.5320557 -0.3030763 0.7906083
vn -0.8054404 0.5728001 0.15220319
vn 0.6232324 0.77345455 -0.11553936
vn -0 -0.2506132 0.9680873
vn -0 -0.94356054 0.33120003
vn -0.10793832 -0.69531655 0.7105521
vn -0.43543977 -0.65198725 -0.62072927
vn -0.77321726 -0.59416354 -0.22159585
vn -0.23895907 -0.4446221 -0.86325526
vn -0.77321726 -0.59416354 -0.22159585
vn -0.25008425 -0.7478435 -0.61496985
vn -0.23895907 -0.4446221 -0.86325526
vn 0.58591557 -0.7290628 0.3537944
vn -0 -0.5790253 -0.8153095
vn 0.31834593 -0.5140142 -0.7965207
vn -0 -0.9352362 0.35402426
vn 0.46504685 -0.81745094 0.33986092
vn -0 -0.9489115 0.31554258
vn 0.60746264 -0.78640485 0.11205553
vn -0 -0.9989176 -0.046515718
vn -0 -0.8974908 -0.44103307
vn -0.43162334 -0.80058485 -0.41565037
vn -0.35735828 -0.65989065 -0.6609382
vn 0.58562666 -0.7633216 -0.27272972
vn 0.4418108 -0.19518818 -0.87561685
vn 0.57024884 -0.20787227 -0.7947361
vn -0.26097035 0.8926842 -0.3674363
vn -0 0.940935 -0.33858722
vn -0 0.13306461 -0.9911074
vn -0.78374636 0.084436804 -0.61531466
vn -0.039353624 0.78794247 -0.6144901
vn -0 -0.8974908 -0.44103307
vn -0.4157791 0.115321495 -0.9021245
vn -0.43162334 -0.80058485 -0.41565037
vn -0.35735828 -0.65989065 -0.6609382
vn -0.26097035 0.8926842 -0.3674363
vn -0.039353624 0.78794247 -0.6144901
vn 0.64731914 0.7376894 -0.19181319
vn 0.6570606 0.73009515 0.18770283
vn 0.15881948 0.9795829 0.12326352
vn 0.6443475 0.59486055 0.4805801
vn -0 0.99493533 0.10051683
vn -0 0.940935 -0.33858722
vn 0.17772347 0.91021866 0.37405387
vn 0.7247909 0.60065085 0.33748588
vn -0 0.93703413 0.3492377
vn 0.27593505 0.8886099 0.36637726
vn 0.6196515 0.17700055 -0.76465863
vn -0 0.93873626 0.34463638
vn 0.42767587 0.62721527 -0.65091807
vn -0 0.726149 -0.6875374
vn 0.6570606 0.73009515 0.18770283
vn 0.64731914 0.7376894 -0.19181319
vn 0.93423694 0.14719234 -0.3248627
vn 0.9598916 -0.0035674649 0.28034842
vn 0.58562666 -0.7633216 -0.27272972
vn 0.60746264 -0.78640485 0.11205553
vn 0.46504685 -0.81745094 0.33986092
vn 0.87900585 -0.15732087 0.45010963
vn 0.6443475 0.59486055 0.4805801
vn 0.58591557 -0.7290628 0.3537944
vn 0.9384593 -0.111608654 0.32686022
vn 0.31834593 -0.5140142 -0.7965207
vn 0.7247909 0.60065085 0.33748588
vn 0.39926556 -0.05808787 -0.91499335
vn 0.6196515 0.17700055 -0.76465863
vn 0.42767587 0.62721527 -0.65091807
vn -0 -0.50685275 -0.86203265
vn -0 0.726149 -0.6875374
vn 0.03281016 -0.5566291 -0.8301129
vn 0.6196515 0.17700055 -0.76465863
vn 0.159683 -0.20992963 -0.96458846
vn 0.39926556 -0.05808787 -0.91499335
vn 0.5782864 -0.43381462 -0.69093394
vn 0.08493128 -0.5754959 -0.81338257
vn 0.42165318 -0.620667 -0.66104543
vn 0.31834593 -0.5140142 -0.7965207
vn 0.4159375 -0.5788845 -0.7013479
vn -0 -0.5790253 -0.8153095
vn -0 -0.823723 -0.5669924
vn 0.3953767 -0.91825646 0.021963414
vn -0 -0.9360404 0.3518925
vn 0.218493 -0.9046425 0.36589995
vn -0 -0.977883 -0.20915267
vn 0.2068362 -0.871337 -0.4449613
vn -0 -0.8279703 -0.5607718
vn -0 -0.4896731 -0.87190604
vn 0.5398754 -0.5592067 -0.6291443
vn 0.7465367 -0.6600476 0.08378691
vn 0.6956784 -0.7029229 0.14809124
vn 0.36156976 -0.7813165 0.5087354
vn 0.3725755 -0.7038398 0.6048116
vn 0.94507235 -0.32052928 -0.06402584
vn 0.73794794 -0.67458326 0.019239647
vn 0.8285373 -0.5073774 -0.23684166
vn 0.77380985 -0.56153566 -0.29308036
vn 0.7127173 -0.61792046 -0.33197635
vn 0.061425876 -0.9694932 0.23729645
vn 0.9984421 0.027070565 0.048791457
vn 0.94037503 -0.2506936 -0.22988579
vn 0.9353761 0.15405764 -0.31833592
vn 0.7920262 0.5917801 -0.14996901
vn 0.7634715 0.64130294 0.07643158
vn 0.621691 0.7802488 -0.0686439
vn 0.94037503 -0.2506936 -0.22988579
vn 0.58714974 -0.7604224 0.27751213
vn 0.73794794 -0.67458326 0.019239647
vn 0.6956784 -0.7029229 0.14809124
vn 0.45323482 -0.7351305 0.5041441
vn 0.36156976 -0.7813165 0.5087354
vn -0 -0.7913107 0.6114143
vn -0 -0.64094186 0.76758945
vn 0.36156976 -0.7813165 0.5087354
vn -0 -0.7913107 0.6114143
vn -0 -0.37094522 0.92865473
vn 0.3725755 -0.7038398 0.6048116
vn -0.4910057 0.09631857 0.86581534
vn -0 0.12761155 0.9918243
vn -0.07112554 0.8052239 0.5886898
vn -0 0.63735104 0.77057356
vn -0.17821427 -0.6509493 0.7379056
vn 0.47375593 0.1400309 0.86945194
vn -0 0.89453083 0.44700614
vn -0.07112554 0.8052239 0.5886898
vn -0 0.63735104 0.77057356
vn 0.1854474 0.9090889 0.3730505
vn -0 0.97824883 0.20743471
vn 0.621691 0.7802488 -0.0686439
vn 0.47375593 0.1400309 0.86945194
vn 0.98686475 0.14449164 0.07224997
vn 0.7634715 0.64130294 0.07643158
vn 0.28826115 0.94206303 0.17153065
vn 0.31091943 0.950026 0.027921263
vn -0 0.99876535 0.049677934
vn 0.7920262 0.5917801 -0.14996901
vn 0.32459527 0.9291672 -0.17687902
vn 0.71583575 0.63320696 -0.2943265
vn -0 0.98770124 -0.1563529
vn -0.047402527 0.38577202 0.92137563
vn -0 0.3111533 0.95035976
vn 0.8611323 -0.2771408 -0.42619714
vn 0.621691 0.7802488 -0.0686439
vn 0.94507235 -0.32052928 -0.06402584
vn 0.98686475 0.14449164 0.07224997
vn 0.35914975 -0.312834 -0.8792874
vn -0 -0.3459423 -0.9382558
vn -0 -0.4896731 -0.87190604
vn 0.5398754 -0.5592067 -0.6291443
vn 0.7052354 -0.29870403 -0.6429767
vn 0.8948361 -0.23093267 -0.3820189
vn 0.5628804 -0.5134792 -0.6476919
vn 0.94037503 -0.2506936 -0.22988579
vn 0.9353761 0.15405764 -0.31833592
vn 0.5628804 -0.5134792 -0.6476919
vn -0 -0.3459423 -0.9382558
vn 0.35914975 -0.312834 -0.8792874
vn -0 -0.7412146 -0.67126805
vn -0 -0.6149746 0.7885469
vn -0.14786336 -0.52908534 0.8355867
vn 0.71583575 0.63320696 -0.2943265
vn 0.14047132 -0.062477164 0.9881116
vn 0.15573856 -0.2596746 0.95305544
vn 0.9450299 0.047639634 -0.3234948
vn 0.8948361 -0.23093267 -0.3820189
vn 0.9353761 0.15405764 -0.31833592
vn -0.14786336 -0.52908534 0.8355867
vn 0.5628804 -0.5134792 -0.6476919
vn 0.32459527 0.9291672 -0.17687902
vn -0.047402527 0.38577202 0.92137563
vn 0.14047132 -0.062477164 0.9881116
vn 0.71583575 0.63320696 -0.2943265
vn 0.46853694 -0.49844393 0.72940177
vn -0 -0.64094186 0.76758945
vn 0.45323482 -0.7351305 0.5041441
vn -0 -0.4771623 0.87881523
vn -0 -0.9360404 0.3518925
vn 0.218493 -0.9046425 0.36589995
vn -0.17821427 -0.6509493 0.7379056
vn 0.77380985 -0.56153566 -0.29308036
vn 0.3725755 -0.7038398 0.6048116
vn 0.47375593 0.1400309 0.86945194
vn 0.5324479 -0.8364399 -0.12987539
vn 0.98686475 0.14449164 0.07224997
vn 0.0325618 -0.99349606 0.109110855
vn 0.8611323 -0.2771408 -0.42619714
vn -0.042688083 -0.9944877 0.09577093
vn 0.2125164 -0.8577343 -0.4681117
vn 0.7127173 -0.61792046 -0.33197635
vn 0.06563942 -0.970555 0.23176374
vn 0.94507235 -0.32052928 -0.06402584
vn 0.061425876 -0.9694932 0.23729645
vn 0.8285373 -0.5073774 -0.23684166
vn 0.5324479 -0.8364399 -0.12987539
vn 0.2125164 -0.8577343 -0.4681117
vn 0.7127173 -0.61792046 -0.33197635
vn 0.77380985 -0.56153566 -0.29308036
vn 0.7465367 -0.6600476 0.08378691
vn 0.3953767 -0.91825646 0.021963414
vn 0.218493 -0.9046425 0.36589995
vn 0.46853694 -0.49844393 0.72940177
vn 0.45323482 -0.7351305 0.5041441
vn 0.8671255 -0.44904315 0.215531
vn 0.5398754 -0.5592067 -0.6291443
vn 0.58714974 -0.7604224 0.27751213
vn 0.7052354 -0.29870403 -0.6429767
vn 0.94037503 -0.2506936 -0.22988579
vn 0.9057049 0.06584369 0.41876402
vn 0.46373698 0.32263702 0.82513833
vn 0.8670136 0.44560838 0.22298142
vn 0.98756266 -0.10687828 -0.11531291
vn 0.9240234 0.32697222 -0.19816646
vn 0.7222002 0.056504548 -0.6893723
vn 0.7110884 -0.3579138 -0.60518664
vn 0.84801006 0.1730347 0.5009371
vn 0.36971065 0.12196726 0.9211069
vn 0.9381457 -0.34557426 -0.021473067
vn 0.63210917 -0.69352 -0.34564131
vn 0.7265984 -0.6869444 -0.012736807
vn 0.97694314 -0.020010011 0.21255994
vn 0.56187695 0.4334536 0.70456535
vn 0.5956929 0.5964814 0.5379219
vn 0.98326564 0.015524928 0.18151459
vn 0.980119 0.11826014 0.15931554
vn 0.5128106 0.78376055 0.35034943
vn 0.7742969 -0.6286278 0.072741464
vn 0.6576564 0.4201669 0.6252582
vn 0.58835286 -0.6497308 -0.4813428
vn 0.609073 -0.71004 0.3533743
vn -0 -0.38135695 0.92442787
vn -0 -0.8703278 -0.49247298
vn 0.44953892 0.84467494 -0.29058364
vn 0.9240234 0.32697222 -0.19816646
vn 0.8670136 0.44560838 0.22298142
vn 0.6292094 0.5017715 -0.59356624
vn 0.7222002 0.056504548 -0.6893723
vn -0 0.56039536 -0.8282253
vn -0 0.9647445 -0.26318794
vn -0 0.10254848 -0.994728
vn -0 -0.31785882 -0.94813806
vn 0.7110884 -0.3579138 -0.60518664
vn -0 0.6224696 0.782644
vn -0 0.9647445 -0.26318794
vn 0.29937726 0.8460656 0.441074
vn 0.44953892 0.84467494 -0.29058364
vn 0.8670136 0.44560838 0.22298142
vn 0.46373698 0.32263702 0.82513833
vn 0.29489216 0.4555602 0.83994246
vn 0.56187695 0.4334536 0.70456535
vn -0 0.52284443 0.85242814
vn 0.84801006 0.1730347 0.5009371
vn 0.84801006 0.1730347 0.5009371
vn 0.29489216 0.4555602 0.83994246
vn 0.36971065 0.12196726 0.9211069
vn -0 0.52284443 0.85242814
vn -0 0.15244648 0.9883117
vn 0.46373698 0.32263702 0.82513833
vn 0.9057049 0.06584369 0.41876402
vn -0 0.6224696 0.782644
vn 0.29937726 0.8460656 0.441074
vn -0 -0.81761605 -0.5757638
vn -0 -0.8703278 -0.49247298
vn 0.58835286 -0.6497308 -0.4813428
vn 0.7742969 -0.6286278 0.072741464
vn 0.7265984 -0.6869444 -0.012736807
vn -0 -0.9956898 -0.092746176
vn 0.63210917 -0.69352 -0.34564131
vn -0 -0.9520177 -0.3060428
vn -0 -0.6785689 -0.73453677
vn 0.7110884 -0.3579138 -0.60518664
vn -0 -0.4395515 -0.89821744
vn -0 -0.31785882 -0.94813806
vn -0 0.52284443 0.85242814
vn 0.56187695 0.4334536 0.70456535
vn 0.5956929 0.5964814 0.5379219
vn -0 0.8047369 0.5936316
vn 0.5956929 0.5964814 0.5379219
vn -0 0.9176455 0.39739975
vn -0 0.8047369 0.5936316
vn 0.5128106 0.78376055 0.35034943
vn 0.6576564 0.4201669 0.6252582
vn -0 0.5845307 0.8113715
vn 0.9450299 0.047639634 -0.3234948
vn 0.9353761 0.15405764 -0.31833592
vn 0.7920262 0.5917801 -0.14996901
vn 0.71583575 0.63320696 -0.2943265
vn -0.6438868 0.7447817 0.17524302
vn -0.15657958 -0.2931511 0.9431571
vn -0.036170844 -0.99932265 0.0067804498
vn -0.60765064 -0.28807133 -0.7401186
vn -0.20527044 -0.2987562 -0.9319919
vn -0.0973073 -0.9950395 -0.020679276
vn 0.8054404 0.57280004 0.15220311
vn -0.53205556 -0.3030763 0.7906083
vn -0.6232325 0.77345455 -0.11553936
vn -0.53205556 -0.3030763 0.7906083
vn -0.0973073 -0.9950395 -0.020679276
vn -0.20527044 -0.2987562 -0.9319919
vn -0.44642267 -0.5773499 -0.6836475
vn -0.44642273 0.57734954 -0.68364775
vn -0.68364763 0.5773502 0.44642195
vn -0.6836476 -0.5773503 0.44642207
vn 0.42025337 -0.7172842 -0.55577916
vn -0.44642267 -0.5773499 -0.6836475
vn -0.6836476 -0.5773503 0.44642207
vn 0.26155192 -0.64345545 0.7194134
vn 0.2615517 0.6434557 0.7194132
vn 0.8314659 0.29710835 -0.46945822
vn 0.84005404 0.30447274 0.4490052
vn 0.42025328 0.7172841 -0.55577934
vn -0.44642273 0.57734954 -0.68364775
vn -0.68364763 0.5773502 0.44642195
vn 0.2615517 0.6434557 0.7194132
vn 0.26155192 -0.64345545 0.7194134
vn -0.6836476 -0.5773503 0.44642207
vn -0.68364763 0.5773502 0.44642195
vn 0.83146584 -0.2971089 -0.46945795
vn 0.8314659 0.29710835 -0.46945822
vn 0.42025328 0.7172841 -0.55577934
vn 0.42025337 -0.7172842 -0.55577916
vn -0.44642273 0.57734954 -0.68364775
vn -0.44642267 -0.5773499 -0.6836475
vn 0.26155192 -0.64345545 0.7194134
vn 0.83146584 -0.2971089 -0.46945795
vn 0.42025337 -0.7172842 -0.55577916
vn 0.84005404 -0.30447277 0.44900513
vn 0.2615517 0.6434557 0.7194132
vn 0.8314659 0.29710835 -0.46945822
vn 0.84005404 0.30447274 0.4490052
vn -0.8537528 -0.19276161 -0.48368293
vn -0.2341022 0.775235 -0.5866913
vn -0.11417262 0.8199696 0.56090504
vn -0.7325481 -0.15064506 0.6638368
vn -0.20357807 -0.7871114 -0.5822471
vn -0.8537528 -0.19276161 -0.48368293
vn -0.7325481 -0.15064506 0.6638368
vn 0.06072028 -0.73320436 0.677292
vn 0.3727372 -0.66347027 -0.6487481
vn 0.62885976 -0.74320126 0.2284454
vn 0.7501774 0.34753746 0.5625404
vn 0.568634 0.41529897 -0.7100578
vn 0.6938781 -0.16513835 -0.70090115
vn 0.95670223 -0.23085986 0.17727
vn 0.62885976 -0.74320126 0.2284454
vn 0.06072028 -0.73320436 0.677292
vn 0.3727372 -0.66347027 -0.6487481
vn 0.7501774 0.34753746 0.5625404
vn 0.06072028 -0.73320436 0.677292
vn -0.7325481 -0.15064506 0.6638368
vn -0.11417262 0.8199696 0.56090504
vn -0.2341022 0.775235 -0.5866913
vn 0.568634 0.41529897 -0.7100578
vn 0.7501774 0.34753746 0.5625404
vn -0.11417262 0.8199696 0.56090504
vn 0.3727372 -0.66347027 -0.6487481
vn 0.6938781 -0.16513835 -0.70090115
vn 0.568634 0.41529897 -0.7100578
vn -0.2341022 0.775235 -0.5866913
vn -0.8537528 -0.19276161 -0.48368293
vn -0.20357807 -0.7871114 -0.5822471
vn 0.5782864 -0.43381462 -0.69093394
vn 0.4159375 -0.5788845 -0.7013479
vn 0.4354399 -0.65198725 -0.6207292
vn 0.77321726 -0.5941636 -0.22159584
vn 0.42165318 -0.620667 -0.66104543
vn 0.5754088 -0.7047111 -0.41507468
vn 0.4159375 -0.5788845 -0.7013479
vn -0 -0.823723 -0.5669924
vn -0 -0.73012316 -0.6833155
vn 0.4354399 -0.65198725 -0.6207292
vn -0.047402527 0.38577202 0.92137563
vn 0.27333057 0.19408262 0.9421371
vn 0.14047132 -0.062477164 0.9881116
vn -0.014349424 0.27005357 0.9627384
vn -0 0.3111533 0.95035976
vn -0 0.33501643 0.9422122
vn 0.15573856 -0.2596746 0.95305544
vn 0.37782377 -0.22798726 0.8973689
vn 0.10793873 -0.6953163 0.7105523
vn -0.14786336 -0.52908534 0.8355867
vn -0 -0.2506132 0.9680873
vn -0 -0.6149746 0.7885469
vn -0.18441087 -0.34332272 -0.9209355
vn 0.4306875 -0.82012826 -0.37669346
vn 0.9961856 -0.08064116 -0.033332907
vn 0.05059294 -0.6607795 -0.74887305
vn 0.25008425 -0.74784344 -0.6149699
vn 0.41280133 -0.72649 -0.54936993
vn 0.96969324 0.20609528 0.1312242
vn 0.097694196 -0.8426283 -0.52955955
vn 0.7268139 -0.5875747 -0.35566488
vn -0.039676264 -0.9011437 -0.4317012
vn 0.37876362 -0.8594982 -0.34322163
vn 0.77321726 -0.5941636 -0.22159584
vn 0.5754088 -0.7047111 -0.41507468
vn 0.35145003 -0.827479 -0.43790576
vn 0.34882885 -0.83208185 -0.43122876
vn 0.13671392 -0.9153774 -0.3786733
vn 0.73039615 -0.57249254 -0.3725233
vn 0.7304194 -0.54894686 -0.40638018
vn 0.32436243 -0.8215994 -0.46878934
vn 0.30336007 -0.8236519 -0.47913492
vn 0.043074682 -0.9641395 -0.26187682
vn 0.31376314 -0.49119642 -0.81257534
vn 0.002277749 -0.44237286 -0.8968283
vn -0.14379731 -0.94311905 -0.29974815
vn 0.025609156 -0.42069715 -0.90683967
vn -0.06306888 -0.91359496 -0.40170443
vn -0.117944635 -0.93848795 -0.32454497
vn -0 -0.43070906 -0.90249085
vn -0 -0.94372064 -0.3307439
vn -0.08784186 -0.9033979 -0.4197096
vn -0 -0.909842 -0.41495484
vn -0.0798921 -0.8548116 -0.51275176
vn -0 -0.8614594 -0.5078265
vn 0.0016158421 -0.8548015 -0.51895255
vn -0.09077305 -0.85357565 -0.5129999
vn -0 -0.86159796 -0.50759137
vn 0.005857534 -0.8573582 -0.51468694
vn 0.03281016 -0.5566291 -0.8301129
vn -0 -0.50685275 -0.86203265
vn 0.08493128 -0.5754959 -0.81338257
vn 0.159683 -0.20992963 -0.96458846
vn 0.42165318 -0.620667 -0.66104543
vn 0.96969324 0.20609528 0.1312242
vn 0.7268139 -0.5875747 -0.35566488
vn 0.41280133 -0.72649 -0.54936993
vn 0.77748007 0.6260978 0.059381835
vn 0.73039615 -0.57249254 -0.3725233
vn 0.65686893 0.7526886 0.04453335
vn 0.7304194 -0.54894686 -0.40638018
vn 0.69973487 0.6944593 -0.16762257
vn 0.50036085 0.735154 -0.45737034
vn 0.31376314 -0.49119642 -0.81257534
vn 0.14047132 -0.062477164 0.9881116
vn 0.27333057 0.19408262 0.9421371
vn 0.37782377 -0.22798726 0.8973689
vn 0.15573856 -0.2596746 0.95305544
vn -0 -0.73012316 -0.6833155
vn -0 -0.9499022 -0.3125474
vn 0.31283358 -0.7967581 -0.51702195
vn 0.4354399 -0.65198725 -0.6207292
vn 0.4297354 -0.8045666 -0.409878
vn 0.23895907 -0.44462213 -0.86325526
vn 0.4306875 -0.82012826 -0.37669346
vn -0.18441087 -0.34332272 -0.9209355
vn 0.25008425 -0.74784344 -0.6149699
vn -0 -0.94356054 0.33120003
vn 0.10793873 -0.6953163 0.7105523
vn 0.6204976 -0.68603915 0.3799119
vn 0.31283358 -0.7967581 -0.51702195
vn -0 -0.9499022 -0.3125474
vn 0.35784382 -0.7742051 0.5220673
vn 0.4297354 -0.8045666 -0.409878
vn 0.7725838 -0.09839524 0.6272421
vn 0.27333057 0.19408262 0.9421371
vn 0.3711165 0.73863155 0.56275755
vn 0.37782377 -0.22798726 0.8973689
vn 0.6204976 -0.68603915 0.3799119
vn 0.10793873 -0.6953163 0.7105523
vn 0.7725838 -0.09839524 0.6272421
vn 0.35784382 -0.7742051 0.5220673
vn 0.6204976 -0.68603915 0.3799119
vn 0.5897804 -0.06961966 0.80455714
vn 0.3711165 0.73863155 0.56275755
vn 0.33930436 0.7418449 0.5783931
vn 0.44312316 0.81333345 0.3770021
vn 0.5897804 -0.06961966 0.80455714
vn 0.33930436 0.7418449 0.5783931
vn 0.79026526 0.0024242916 0.6127601
vn 0.35784382 -0.7742051 0.5220673
vn 0.4297354 -0.8045666 -0.409878
vn 0.4306875 -0.82012826 -0.37669346
vn 0.9961856 -0.08064116 -0.033332907
vn 0.44312316 0.81333345 0.3770021
vn 0.9961856 -0.08064116 -0.033332907
vn 0.79026526 0.0024242916 0.6127601
vn 0.37836426 0.8381322 0.39290577
vn 0.12742668 0.9672917 0.21933833
vn 0.96969324 0.20609528 0.1312242
vn 0.33930436 0.7418449 0.5783931
vn 0.77748007 0.6260978 0.059381835
vn 0.3711165 0.73863155 0.56275755
vn 0.078556076 0.9667556 0.24333644
vn -0.013723909 0.9709489 0.23889302
vn 0.65686893 0.7526886 0.04453335
vn 0.69973487 0.6944593 -0.16762257
vn 0.12688713 0.9727456 0.19407651
vn 0.1006885 0.9740838 0.20253998
vn 0.051172912 0.98348504 0.1736047
vn 0.03579627 0.97921157 0.19965777
vn -0.024333898 0.96734715 0.25228417
vn 0.50036085 0.735154 -0.45737034
vn 0.06879993 0.9831593 0.1693056
vn 0.11276938 0.97216064 0.20539439
vn 0.0661684 0.9694204 0.2363174
vn 0.101577714 0.9585851 0.26607633
vn 0.22379045 0.8428168 -0.4894666
vn 0.07220289 0.97314376 0.21858187
vn 0.14126815 0.950052 0.27828854
vn 0.20918898 0.8808495 -0.42466944
vn 0.11141157 0.9620978 0.24890797
vn -0 0.95927715 0.28246674
vn -0 0.8523377 -0.5229919
vn -0 0.96595585 0.258707
vn -0 0.9728707 0.23134935
vn -0 0.98477244 0.17384817
vn -0 0.9814596 0.19166924
vn 0.17853627 0.9440184 0.2774057
vn -0 0.96927625 0.24597462
vn -0 0.33501643 0.9422122
vn 0.27333057 0.19408262 0.9421371
vn -0.014349424 0.27005357 0.9627384
vn 0.31376314 -0.49119642 -0.81257534
vn 0.50036085 0.735154 -0.45737034
vn 0.22379045 0.8428168 -0.4894666
vn 0.002277749 -0.44237286 -0.8968283
vn 0.20918898 0.8808495 -0.42466944
vn 0.025609156 -0.42069715 -0.90683967
vn -0 0.8523377 -0.5229919
vn -0 -0.43070906 -0.90249085
vn 0.22032753 0.59002656 0.7767396
vn 0.38889322 0.3204803 0.86374444
vn 0.8373188 0.47241345 0.27517754
vn 0.4229185 0.8770438 0.22789049
vn -0 0.64364904 0.76532084
vn -0 0.9805679 0.19618
vn -0 0.99109155 0.13318239
vn 0.436944 0.88334554 0.16964813
vn -0 0.9725469 -0.23270696
vn 0.8547781 0.4213987 0.30294788
vn 0.43817952 0.87885034 -0.18873508
vn 0.8620993 0.5054611 0.0359693
vn 0.5133288 -0.044931524 0.857015
vn 0.41092762 -0.3788222 0.829236
vn 0.79876304 -0.55290097 0.23722993
vn 0.95938116 -0.12407858 0.25336206
vn 0.38889322 0.3204803 0.86374444
vn 0.8373188 0.47241345 0.27517754
vn 0.8547781 0.4213987 0.30294788
vn 0.92879 -0.10085798 0.3566187
vn 0.8620993 0.5054611 0.0359693
vn 0.77566963 -0.48426053 0.40475708
vn 0.43234456 -0.8729682 0.22584227
vn 0.42671314 -0.78991216 0.44040284
vn 0.96145076 0.02027177 0.27422878
vn 0.8629662 0.49115768 -0.11854749
vn 0.8174029 -0.34158945 0.46386328
vn 0.45608577 -0.63636565 0.6221129
vn 0.96154016 0.10998158 0.2516834
vn 0.6896933 0.35812557 -0.62934047
vn 0.8244167 -0.17100877 0.5395304
vn 0.94263595 0.123446144 -0.31015876
vn 0.4596651 -0.40401086 0.790875
vn 0.9911486 -0.11961729 0.057586618
vn 0.78684753 -0.51012594 -0.34733617
vn 0.41092762 -0.3788222 0.829236
vn 0.43234456 -0.8729682 0.22584227
vn 0.79876304 -0.55290097 0.23722993
vn 0.22839531 -0.5610719 0.7956342
vn -0 -0.9757844 0.21873453
vn -0 -0.6464928 0.76292014
vn 0.42671314 -0.78991216 0.44040284
vn -0 -0.89437836 0.4473112
vn 0.45608577 -0.63636565 0.6221129
vn -0 -0.73686713 0.67603767
vn 0.8629662 0.49115768 -0.11854749
vn 0.6896933 0.35812557 -0.62934047
vn 0.23063564 0.35808498 -0.9047554
vn 0.43589512 0.77982813 -0.44929227
vn 0.8620993 0.5054611 0.0359693
vn -0 0.7052437 -0.7089649
vn 0.43817952 0.87885034 -0.18873508
vn -0 0.8507456 -0.5255777
vn -0 0.9725469 -0.23270696
vn -0 -0.48417932 0.8749688
vn -0 -0.36285862 0.93184423
vn 0.78684753 -0.51012594 -0.34733617
vn 0.4596651 -0.40401086 0.790875
vn -0 -0.73686713 0.67603767
vn 0.45608577 -0.63636565 0.6221129
vn -0 0.64364904 0.76532084
vn -0 0.831334 0.5557731
vn 0.3504525 0.70111686 0.62098163
vn 0.22032753 0.59002656 0.7767396
vn 0.6203929 0.37076965 0.69111687
vn 0.38889322 0.3204803 0.86374444
vn 0.59898996 -0.062072136 0.79834706
vn 0.5133288 -0.044931524 0.857015
vn 0.49773625 -0.44345373 0.7453907
vn 0.41092762 -0.3788222 0.829236
vn 0.28883177 -0.70083773 0.6522289
vn 0.22839531 -0.5610719 0.7956342
vn -0 -0.7580805 0.652161
vn -0 -0.6464928 0.76292014
vn -0 -0.023151914 -0.99973196
vn 0.42772108 0.6028994 -0.6734738
vn -0 0.6715147 -0.7409912
vn 0.07480586 -0.014956499 -0.997086
vn 0.76503944 0.27326524 -0.5831302
vn 0.13471127 -0.050700102 -0.98958695
vn 0.859436 -0.14377286 -0.490611
vn 0.1773762 -0.05192318 -0.9827724
vn 0.695536 -0.45494992 -0.5561027
vn 0.14673068 0.0019879893 -0.9891745
vn 0.35254684 -0.66304266 -0.6603675
vn 0.048985697 0.009814777 -0.9987513
vn -0 -0.73624635 -0.6767137
vn -0 0.0016776241 -0.99999857
vn -0 0.831334 0.5557731
vn -0 0.6715147 -0.7409912
vn 0.42772108 0.6028994 -0.6734738
vn 0.3504525 0.70111686 0.62098163
vn 0.76503944 0.27326524 -0.5831302
vn 0.6203929 0.37076965 0.69111687
vn 0.6203929 0.37076965 0.69111687
vn 0.76503944 0.27326524 -0.5831302
vn 0.859436 -0.14377286 -0.490611
vn 0.59898996 -0.062072136 0.79834706
vn 0.695536 -0.45494992 -0.5561027
vn 0.49773625 -0.44345373 0.7453907
vn 0.49773625 -0.44345373 0.7453907
vn 0.695536 -0.45494992 -0.5561027
vn 0.35254684 -0.66304266 -0.6603675
vn 0.28883177 -0.70083773 0.6522289
vn -0 -0.73624635 -0.6767137
vn -0 -0.7580805 0.652161
vn -0 -0.08048393 0.9967559
vn 0.70089614 -0.057407178 0.7109494
vn 0.54595023 -0.6617578 0.5138238
vn -0 -0.67573017 0.73714906
vn 0.70089614 -0.057407178 0.7109494
vn 0.7765148 -0.629248 -0.032737885
vn 0.54595023 -0.6617578 0.5138238
vn 0.9999503 -0.0008027076 0.009940765
vn 0.5506522 -0.59639686 -0.5840317
vn 0.7108823 0.056608517 -0.7010291
vn 0.7108823 0.056608517 -0.7010291
vn -0 0.08048861 -0.99675554
vn -0 -0.58348453 -0.8121243
vn 0.5506522 -0.59639686 -0.5840317
vn -0 0.9991424 -0.041407075
vn 0.54241216 0.6063931 0.5814434
vn -0 0.7342304 0.67890036
vn 0.7472474 0.62945545 -0.21308966
vn -0 0.6755364 -0.73732656
vn 0.36745143 0.58452994 -0.7233978
vn -0 -0.9991424 0.041407138
vn -0 -0.6789005 0.7342303
vn 0.5420572 -0.55930173 0.6271806
vn 0.7487244 -0.64284027 -0.16176572
vn -0 -0.7373267 -0.67553633
vn 0.36767644 -0.645589 -0.6693496
vn 0.36745143 0.58452994 -0.7233978
vn 0.36767644 -0.645589 -0.6693496
vn 0.7487244 -0.64284027 -0.16176572
vn 0.7472474 0.62945545 -0.21308966
vn 0.5420572 -0.55930173 0.6271806
vn 0.54241216 0.6063931 0.5814434
vn -0 0.6755364 -0.73732656
vn -0 -0.7373267 -0.67553633
vn 0.36767644 -0.645589 -0.6693496
vn 0.36745143 0.58452994 -0.7233978
vn 0.54241216 0.6063931 0.5814434
vn 0.5420572 -0.55930173 0.6271806
vn -0 -0.6789005 0.7342303
vn -0 0.7342304 0.67890036
vn 0.3029382 -0.7654594 0.5677149
vn -0.49718451 -0.8523754 -0.16206123
vn -0.7409196 -0.6586647 0.13114491
vn 0.5076197 -0.8614425 -0.015462492
vn -0.51147556 -0.8152373 -0.27162644
vn 0.42238155 -0.8642658 -0.27320033
vn -0.4228922 -0.7285812 -0.5388242
vn 0.45484748 -0.70332295 -0.5463063
vn -0.24562782 -0.39347512 -0.88591444
vn 0.28688452 -0.39501894 -0.8727299
vn 0.820024 0.03549193 0.5712275
vn 0.5076197 -0.8614425 -0.015462492
vn 0.3029382 -0.7654594 0.5677149
vn 0.99472517 0.076791294 0.0680066
vn 0.23953715 0.5789467 0.77938616
vn 0.42238155 -0.8642658 -0.27320033
vn 0.39928687 0.908262 0.12502076
vn 0.99142224 0.036872983 -0.12538876
vn 0.45484748 -0.70332295 -0.5463063
vn 0.39289692 0.9186709 -0.04093592
vn 0.9327385 0.14204891 -0.33139238
vn 0.33420077 0.93222356 -0.1388133
vn 0.28688452 -0.39501894 -0.8727299
vn 0.5776229 0.19989501 -0.79145044
vn -0.6547114 0.6818492 0.3262431
vn 0.39928687 0.908262 0.12502076
vn 0.23953715 0.5789467 0.77938616
vn -0.6057551 0.79532224 0.022874694
vn 0.39289692 0.9186709 -0.04093592
vn -0.665587 0.7411062 -0.08806523
vn 0.33420077 0.93222356 -0.1388133
vn -0.6581756 0.704715 -0.26491815
vn 0.24182777 0.7003252 -0.671613
vn -0.39471105 0.49245518 -0.7756874
vn -0.6547114 0.6818492 0.3262431
vn -0.69238585 0.2533541 0.67558384
vn -0.8062747 0.028099772 0.5908735
vn -0.998252 0.025309442 0.053407904
vn -0.68227345 -0.2588203 0.6837507
vn -0.6057551 0.79532224 0.022874694
vn -0.7409196 -0.6586647 0.13114491
vn -0.98826176 -0.054416988 -0.1427499
vn -0.665587 0.7411062 -0.08806523
vn -0.49718451 -0.8523754 -0.16206123
vn -0.9670187 -0.15787086 -0.19987872
vn -0.6581756 0.704715 -0.26491815
vn -0.51147556 -0.8152373 -0.27162644
vn -0.8923245 -0.16221955 -0.4212383
vn -0.39471105 0.49245518 -0.7756874
vn -0.4228922 -0.7285812 -0.5388242
vn -0.5449563 -0.0504059 -0.836948
vn -0.24562782 -0.39347512 -0.88591444
vn 0.23953715 0.5789467 0.77938616
vn -0.69238585 0.2533541 0.67558384
vn -0.6547114 0.6818492 0.3262431
vn -0.30315083 0.12136269 0.9451828
vn 0.820024 0.03549193 0.5712275
vn -0.68227345 -0.2588203 0.6837507
vn -0.8062747 0.028099772 0.5908735
vn 0.055934794 -0.12693031 0.99033326
vn 0.3029382 -0.7654594 0.5677149
vn -0.22269368 -0.30385447 0.9263261
vn -0.7409196 -0.6586647 0.13114491
vn 0.93423694 0.14719234 -0.3248627
vn 0.57024884 -0.20787227 -0.7947361
vn 0.58562666 -0.7633216 -0.27272972
vn 0.6140861 0.15350872 -0.7741662
vn 0.64731914 0.7376894 -0.19181319
vn 0.59633774 0.45168373 -0.66359866
vn -0.039353624 0.78794247 -0.6144901
vn 0.4418108 -0.19518818 -0.87561685
vn 0.55600876 0.29961503 -0.77529687
vn -0.4157791 0.115321495 -0.9021245
vn 0.4285939 0.037202798 -0.902731
vn -0.35735828 -0.65989065 -0.6609382
vn 0.5506522 -0.59639686 -0.5840317
vn -0 -0.58348453 -0.8121243
vn -0 -0.67573017 0.73714906
vn 0.7765148 -0.629248 -0.032737885
vn 0.54595023 -0.6617578 0.5138238
vn 0.63778484 -0.41691852 0.64761835
vn 0.04898056 -0.8978776 0.4375122
vn 0.1409391 -0.87947243 0.4546034
vn 0.75112915 -0.24094258 0.614615
vn 0.22927012 -0.9088551 0.3484503
vn 0.82472456 0.31677523 0.46849015
vn 0.8155128 0.32641345 0.4779051
vn 0.65319365 -0.49667504 0.5715347
vn 0.842816 0.36001435 0.4000636
vn 0.90665275 0.30339858 0.2931384
vn 0.4978552 0.84689564 0.18683667
vn 0.57471937 0.8138707 0.085510395
vn 0.89379495 -0.19377698 0.40445158
vn 0.98189217 -0.17601658 -0.070041634
vn 0.3591717 -0.9296076 -0.082615875
vn 0.93470705 0.30919918 -0.17526728
vn 0.45671883 0.8320542 -0.31479183
vn 0.4240521 0.1848555 -0.8865711
vn 0.5505088 -0.17091748 -0.8171459
vn 0.17403632 -0.7026946 -0.689878
vn 0.7738519 0.38856247 0.5001724
vn 0.64787513 -0.40561944 0.64477175
vn 0.42472914 0.8974703 0.11896338
vn 0.4999072 0.86257374 0.07784173
vn 0.6845678 0.29867867 0.6649498
vn 0.49623844 -0.5430341 0.6773931
vn 0.7311133 0.13194574 0.66937554
vn 0.46175334 -0.6977253 0.54768914
vn 0.73305035 0.29055214 -0.6149932
vn 0.6318603 -0.24231498 -0.73623085
vn 0.40093315 0.44123662 -0.8028468
vn 0.2715043 0.8814642 0.38640186
vn 0.2886464 0.9486577 0.12935124
vn 0.40828833 0.90431 0.12459593
vn 0.65319365 -0.49667504 0.5715347
vn 0.63778484 -0.41691852 0.64761835
vn 0.1409391 -0.87947243 0.4546034
vn -0.29260853 -0.899404 0.32473472
vn 0.64787513 -0.40561944 0.64477175
vn -0.29145688 -0.95526606 0.050195135
vn 0.49623844 -0.5430341 0.6773931
vn -0.9074061 -0.14776216 -0.39342165
vn -0.85135347 -0.28067052 -0.44319445
vn -0.33267212 -0.9331719 0.13608657
vn 0.46175334 -0.6977253 0.54768914
vn -0.28011933 -0.9578511 -0.06367362
vn 0.6318603 -0.24231498 -0.73623085
vn 0.29788145 -0.06277094 -0.9525368
vn -0.81190664 -0.12010029 -0.5712998
vn 0.299537 0.16448896 -0.93979836
vn -0.3326276 -0.89580965 0.2947607
vn 0.03683939 -0.970005 -0.24027735
vn 0.04898056 -0.8978776 0.4375122
vn 0.9643406 -0.03205919 -0.26271558
vn 0.043000422 -0.99706596 0.063327044
vn -0.95468247 -0.288653 0.07253124
vn -0.9915343 -0.12787604 -0.022525948
vn 0.04947067 -0.90475065 -0.42305908
vn -0.8107326 -0.29304036 -0.5067939
vn -0.09364454 0.4983575 -0.8618994
vn 0.71272415 -0.08818041 -0.6958797
vn -0.5980857 -0.6814117 -0.42186692
vn -0.52610654 0.44247785 -0.72624046
vn -0.535288 -0.23773 -0.81052524
vn -0.69503814 -0.63635695 -0.33462176
vn 0.22927012 -0.9088551 0.3484503
vn 0.3591717 -0.9296076 -0.082615875
vn -0.8988254 -0.40079919 -0.17740615
vn 0.17403632 -0.7026946 -0.689878
vn -0.81896 -0.36423597 -0.4434374
vn -0.95468247 -0.288653 0.07253124
vn -0.29260853 -0.899404 0.32473472
vn -0.3326276 -0.89580965 0.2947607
vn -0.9074061 -0.14776216 -0.39342165
vn -0.52610654 0.44247785 -0.72624046
vn -0.9915343 -0.12787604 -0.022525948
vn -0.108582824 0.91570044 -0.38691416
vn -0.8107326 -0.29304036 -0.5067939
vn -0.09364454 0.4983575 -0.8618994
vn -0.7781457 0.19082959 -0.59839237
vn -0.36779863 0.874292 -0.31676114
vn -0.38105914 0.7568017 -0.5310792
vn -0.40982884 0.79405177 -0.4489123
vn -0.56705 -0.009970955 -0.82362306
vn -0.85135347 -0.28067052 -0.44319445
vn -0.5982186 0.62554884 -0.50082254
vn -0.55086166 0.6948079 -0.4623781
vn -0.8028447 -0.2424344 -0.5446705
vn -0.7338549 0.55746466 -0.38818824
vn -0.535288 -0.23773 -0.81052524
vn -0.9335811 -0.19795169 -0.2987332
vn -0.5777437 0.7758011 -0.25366256
vn -0.9499551 -0.31186327 0.018073551
vn -0.8235798 0.16372222 -0.54305744
vn -0.7528363 -0.27725822 -0.5969635
vn -0.83090585 -0.19028577 -0.522864
vn -0.8333923 -0.008317223 -0.5526193
vn -0.9966433 0.08061528 -0.014258382
vn -0.81896 -0.36423597 -0.4434374
vn -0.8988254 -0.40079919 -0.17740615
vn -0.69503814 -0.63635695 -0.33462176
vn -0.5980857 -0.6814117 -0.42186692
vn -0.81190664 -0.12010029 -0.5712998
vn -0.43834007 0.78587234 -0.43619114
vn -0.4647976 0.7464985 -0.47613353
vn -0.5444935 0.7208551 -0.42882964
vn 0.299537 0.16448896 -0.93979836
vn 0.32865712 0.3549831 -0.87519795
vn -0.28011933 -0.9578511 -0.06367362
vn -0.33267212 -0.9331719 0.13608657
vn -0.29145688 -0.95526606 0.050195135
vn -0.56705 -0.009970955 -0.82362306
vn -0.7781457 0.19082959 -0.59839237
vn -0.52610654 0.44247785 -0.72624046
vn -0.535288 -0.23773 -0.81052524
vn 0.03683939 -0.970005 -0.24027735
vn -0.52610654 0.44247785 -0.72624046
vn -0.108582824 0.91570044 -0.38691416
vn 0.9643406 -0.03205919 -0.26271558
vn -0.09364454 0.4983575 -0.8618994
vn 0.71272415 -0.08818041 -0.6958797
vn 0.71272415 -0.08818041 -0.6958797
vn 0.04947067 -0.90475065 -0.42305908
vn 0.043000422 -0.99706596 0.063327044
vn 0.9643406 -0.03205919 -0.26271558
vn -0.83090585 -0.19028577 -0.522864
vn -0.81896 -0.36423597 -0.4434374
vn 0.17403632 -0.7026946 -0.689878
vn 0.5505088 -0.17091748 -0.8171459
vn -0.7528363 -0.27725822 -0.5969635
vn 0.4240521 0.1848555 -0.8865711
vn 0.20741233 0.47513765 -0.85511655
vn -0.8235798 0.16372222 -0.54305744
vn 0.45671883 0.8320542 -0.31479183
vn 0.93470705 0.30919918 -0.17526728
vn -0.7338549 0.55746466 -0.38818824
vn 0.4999072 0.86257374 0.07784173
vn 0.8155128 0.32641345 0.4779051
vn 0.842816 0.36001435 0.4000636
vn 0.50181055 0.8401674 0.20568117
vn 0.82472456 0.31677523 0.46849015
vn 0.4978552 0.84689564 0.18683667
vn -0.38105914 0.7568017 -0.5310792
vn 0.57471937 0.8138707 0.085510395
vn -0.36779863 0.874292 -0.31676114
vn -0.5982186 0.62554884 -0.50082254
vn -0.7338549 0.55746466 -0.38818824
vn 0.45671883 0.8320542 -0.31479183
vn -0.40982884 0.79405177 -0.4489123
vn -0.55086166 0.6948079 -0.4623781
vn 0.42472914 0.8974703 0.11896338
vn -0.5777437 0.7758011 -0.25366256
vn 0.32239294 0.9147637 0.24345487
vn -0.43834007 0.78587234 -0.43619114
vn 0.7738519 0.38856247 0.5001724
vn 0.40828833 0.90431 0.12459593
vn 0.6845678 0.29867867 0.6649498
vn 0.7311133 0.13194574 0.66937554
vn -0.43834007 0.78587234 -0.43619114
vn 0.40828833 0.90431 0.12459593
vn 0.2886464 0.9486577 0.12935124
vn -0.4647976 0.7464985 -0.47613353
vn 0.32865712 0.3549831 -0.87519795
vn 0.2715043 0.8814642 0.38640186
vn 0.40093315 0.44123662 -0.8028468
vn -0.5444935 0.7208551 -0.42882964
vn 0.2886464 0.9486577 0.12935124
vn -0.4647976 0.7464985 -0.47613353
vn -0.30016991 0.8979909 -0.3217302
vn 0.15109545 0.7036969 -0.69424844
vn 0.5615388 0.72497624 -0.398853
vn 0.3344567 0.906623 0.25724208
vn 0.96082264 0.17932384 -0.21133599
vn -0.57156074 0.80198014 -0.17362651
vn 0.7359182 0.12780958 0.6648979
vn 0.23463672 0.92197734 0.3080641
vn -0.80306 0.59329003 0.055692144
vn 0.74306625 0.1863333 0.6427538
vn -0.15078017 0.8172745 0.5561723
vn 0.26815292 0.18828787 0.9447972
vn -0.8051552 -0.16887672 -0.5685118
vn -0.15132944 -0.11954057 -0.98122853
vn 0.15109545 0.7036969 -0.69424844
vn -0.30016991 0.8979909 -0.3217302
vn -0.57156074 0.80198014 -0.17362651
vn -0.80306 0.59329003 0.055692144
vn -0.9478878 -0.2641228 -0.17817953
vn -0.348709 -0.934148 0.07595796
vn -0.22334783 -0.9705941 -0.08979257
vn -0.84252954 -0.456944 0.28521273
vn -0.9620545 -0.18126151 0.2039494
vn -0.61377275 -0.33377016 0.7154583
vn -0.5473595 0.021798871 0.8366136
vn -0.93593025 0.18786827 0.29789278
vn -0.15078017 0.8172745 0.5561723
vn -0.7341539 0.3136637 0.60219026
vn -0.22334783 -0.9705941 -0.08979257
vn -0.15132944 -0.11954057 -0.98122853
vn -0.8051552 -0.16887672 -0.5685118
vn 0.32060453 -0.6369524 -0.70107365
vn 0.5106523 -0.7570487 0.40756777
vn 0.7569933 -0.48046255 -0.44285086
vn 0.06962546 -0.74630415 0.66195345
vn -0.348709 -0.934148 0.07595796
vn -0.61377275 -0.33377016 0.7154583
vn -0.84252954 -0.456944 0.28521273
vn 0.7359182 0.12780958 0.6648979
vn 0.96082264 0.17932384 -0.21133599
vn 0.7569933 -0.48046255 -0.44285086
vn 0.5106523 -0.7570487 0.40756777
vn 0.74306625 0.1863333 0.6427538
vn 0.26815292 0.18828787 0.9447972
vn 0.06962546 -0.74630415 0.66195345
vn 0.06962546 -0.74630415 0.66195345
vn -0.61377275 -0.33377016 0.7154583
vn -0.5473595 0.021798871 0.8366136
vn 0.26815292 0.18828787 0.9447972
vn -0.7341539 0.3136637 0.60219026
vn -0.15078017 0.8172745 0.5561723
vn 0.49593407 0.85908836 0.12655635
vn -0.6541416 0.49678767 -0.5703515
vn 0.5620201 0.58967847 -0.5800109
vn -0.7370623 0.65168977 0.17899616
vn -0.7092865 0.613245 0.3476252
vn 0.5151191 0.80376846 0.29767215
vn -0.6871419 0.71550924 0.12602633
vn 0.42462844 0.9012474 0.08627824
vn -0.61138517 0.6155138 -0.497344
vn 0.25539494 0.8328751 -0.4910118
vn -0.46326074 -0.62303835 0.6302481
vn 0.7034872 -0.37841463 0.601588
vn 0.48416147 -0.16466998 0.8593436
vn -0.3461902 -0.25717613 0.9022265
vn -0.9878647 -0.108117096 0.11150801
vn -0.89830285 -0.13606203 0.41777882
vn -0.8543717 -0.31551012 0.41291913
vn -0.35473996 -0.33959758 0.87111014
vn 0.48506346 -0.26930383 0.8319789
vn -0.37005115 -0.7483699 0.55045867
vn 0.453803 -0.648284 0.61138415
vn -0.8543717 -0.31551012 0.41291913
vn -0.37005115 -0.7483699 0.55045867
vn -0.40235552 -0.7606688 -0.5094045
vn -0.7520179 -0.2376563 -0.6148078
vn -0.7455066 -0.027027903 -0.66594994
vn -0.89830285 -0.13606203 0.41777882
vn -0.9878647 -0.108117096 0.11150801
vn -0.671916 -0.038842645 -0.739608
vn -0.6541416 0.49678767 -0.5703515
vn -0.7370623 0.65168977 0.17899616
vn -0.97957146 0.15402794 0.12928721
vn -0.7092865 0.613245 0.3476252
vn -0.6871419 0.71550924 0.12602633
vn -0.97439235 -0.20909835 0.08268831
vn -0.37475073 -0.8785461 0.29617321
vn -0.46326074 -0.62303835 0.6302481
vn -0.40571314 -0.90266764 0.14348516
vn -0.96721566 -0.25001478 0.044570927
vn -0.8480463 -0.2929678 -0.4415736
vn -0.61138517 0.6155138 -0.497344
vn -0.90287054 -0.23340277 -0.3610372
vn -0.7052181 0.64415777 -0.29618934
vn -0.94925636 -0.26982403 0.1615781
vn -0.74344474 0.60192823 0.29150018
vn -0.459666 -0.8836165 0.089044996
vn -0.37725013 -0.8301035 -0.41062203
vn -0.34257042 -0.5863816 0.73403144
vn -0.65236324 -0.19245322 0.73306483
vn -0.5190963 0.40828338 0.7508952
vn 0.453803 -0.648284 0.61138415
vn 0.85109717 -0.11447228 -0.51237655
vn 0.53485644 -0.6910862 -0.48613638
vn 0.8824719 -0.121005595 0.4545338
vn 0.48506346 -0.26930383 0.8319789
vn 0.7845485 0.17559636 -0.5946843
vn 0.9126048 0.13067874 0.38739574
vn 0.48416147 -0.16466998 0.8593436
vn 0.7457299 0.17761378 -0.6421373
vn 0.7034872 -0.37841463 0.601588
vn 0.97063994 0.15378398 0.18495598
vn 0.5620201 0.58967847 -0.5800109
vn 0.49593407 0.85908836 0.12655635
vn 0.5151191 0.80376846 0.29767215
vn 0.9819405 0.03306566 0.18627763
vn 0.42462844 0.9012474 0.08627824
vn 0.6316231 -0.6929616 0.3476444
vn 0.98815024 0.13412875 0.07462377
vn 0.6198 -0.771303 0.14470565
vn 0.8380901 0.22057019 -0.49895272
vn 0.4778846 -0.7035572 -0.52595973
vn -0.37005115 -0.7483699 0.55045867
vn 0.453803 -0.648284 0.61138415
vn 0.53485644 -0.6910862 -0.48613638
vn -0.40235552 -0.7606688 -0.5094045
vn 0.25539494 0.8328751 -0.4910118
vn 0.42462844 0.9012474 0.08627824
vn 0.98815024 0.13412875 0.07462377
vn 0.8380901 0.22057019 -0.49895272
vn 0.2122892 0.96838945 -0.13097744
vn -0.7052181 0.64415777 -0.29618934
vn -0.61138517 0.6155138 -0.497344
vn 0.9145717 0.26810247 -0.30278665
vn 0.4778846 -0.7035572 -0.52595973
vn 0.5724775 -0.71389663 -0.40326312
vn -0.671916 -0.038842645 -0.739608
vn -0.7455066 -0.027027903 -0.66594994
vn -0.7520179 -0.2376563 -0.6148078
vn -0.40235552 -0.7606688 -0.5094045
vn 0.5620201 0.58967847 -0.5800109
vn -0.6541416 0.49678767 -0.5703515
vn 0.7457299 0.17761378 -0.6421373
vn 0.53485644 -0.6910862 -0.48613638
vn 0.7845485 0.17559636 -0.5946843
vn 0.85109717 -0.11447228 -0.51237655
vn -0.37725013 -0.8301035 -0.41062203
vn -0.8480463 -0.2929678 -0.4415736
vn -0.90287054 -0.23340277 -0.3610372
vn -0.34850258 -0.8508073 -0.3932847
vn -0.96721566 -0.25001478 0.044570927
vn -0.40571314 -0.90266764 0.14348516
vn 0.5724775 -0.71389663 -0.40326312
vn 0.4778846 -0.7035572 -0.52595973
vn 0.47929245 -0.8617424 0.1663693
vn 0.6198 -0.771303 0.14470565
vn -0.459666 -0.8836165 0.089044996
vn 0.2893172 -0.5943227 0.7503841
vn -0.34257042 -0.5863816 0.73403144
vn -0.37475073 -0.8785461 0.29617321
vn 0.6316231 -0.6929616 0.3476444
vn -0.46326074 -0.62303835 0.6302481
vn 0.7034872 -0.37841463 0.601588
vn -0.74344474 0.60192823 0.29150018
vn -0.7052181 0.64415777 -0.29618934
vn 0.2122892 0.96838945 -0.13097744
vn 0.2657536 0.8841223 0.38432133
vn -0.5190963 0.40828338 0.7508952
vn 0.19134136 0.54526377 0.8161348
vn 0.2657536 0.8841223 0.38432133
vn 0.2122892 0.96838945 -0.13097744
vn 0.9145717 0.26810247 -0.30278665
vn 0.95936567 0.08466727 0.26916325
vn 0.19134136 0.54526377 0.8161348
vn 0.5724775 -0.71389663 -0.40326312
vn 0.64954364 0.061530117 0.7578306
vn 0.47929245 -0.8617424 0.1663693
vn 0.2893172 -0.5943227 0.7503841
vn 0.33420077 0.93222356 -0.1388133
vn 0.5776229 0.19989501 -0.79145044
vn 0.9327385 0.14204891 -0.33139238
vn 0.24182777 0.7003252 -0.671613
vn 0.28688452 -0.39501894 -0.8727299
vn -0.24562782 -0.39347512 -0.88591444
vn -0.39471105 0.49245518 -0.7756874
vn -0.5449563 -0.0504059 -0.836948
vn 0.19134136 0.54526377 0.8161348
vn 0.64954364 0.061530117 0.7578306
vn 0.2893172 -0.5943227 0.7503841
vn -0.34257042 -0.5863816 0.73403144
vn -0.5190963 0.40828338 0.7508952
vn -0.65236324 -0.19245322 0.73306483
vn -0.5859156 -0.72906274 0.3537944
vn -0.31834602 -0.5140142 -0.7965207
vn -0 -0.5790253 -0.8153095
vn -0 -0.9352362 0.35402426
vn -0.4650469 -0.8174509 0.33986092
vn -0 -0.9489115 0.31554258
vn -0.6074627 -0.78640485 0.1120555
vn -0 -0.9989176 -0.046515718
vn -0 -0.8974908 -0.44103307
vn 0.4316232 -0.80058485 -0.41565052
vn 0.35735816 -0.65989065 -0.6609384
vn -0.5856267 -0.7633216 -0.27272975
vn -0.44181094 -0.19518821 -0.8756167
vn -0.57024896 -0.20787229 -0.794736
vn 0.2609705 0.8926842 -0.3674361
vn -0 0.13306461 -0.9911074
vn -0 0.940935 -0.33858722
vn 0.7837463 0.08443664 -0.6153147
vn 0.039353803 0.78794247 -0.6144901
vn -0 -0.8974908 -0.44103307
vn 0.41577914 0.11532129 -0.9021245
vn 0.4316232 -0.80058485 -0.41565052
vn 0.35735816 -0.65989065 -0.6609384
vn 0.2609705 0.8926842 -0.3674361
vn -0.6473192 0.73768944 -0.19181316
vn 0.039353803 0.78794247 -0.6144901
vn -0.6570605 0.7300952 0.1877028
vn -0.15881948 0.9795829 0.12326351
vn -0.6443472 0.59486073 0.48058033
vn -0 0.99493533 0.10051683
vn -0 0.940935 -0.33858722
vn -0.17772333 0.9102188 0.37405396
vn -0.72479063 0.6006511 0.33748606
vn -0 0.93703413 0.3492377
vn -0.2759348 0.88861 0.36637735
vn -0.61965156 0.17700058 -0.76465863
vn -0 0.93873626 0.34463638
vn -0.42767578 0.62721527 -0.6509181
vn -0 0.726149 -0.6875374
vn -0.6570605 0.7300952 0.1877028
vn -0.93423694 0.1471923 -0.32486257
vn -0.6473192 0.73768944 -0.19181316
vn -0.9598916 -0.0035674023 0.2803484
vn -0.5856267 -0.7633216 -0.27272975
vn -0.6074627 -0.78640485 0.1120555
vn -0.4650469 -0.8174509 0.33986092
vn -0.87900597 -0.15732081 0.45010966
vn -0.6443472 0.59486073 0.48058033
vn -0.5859156 -0.72906274 0.3537944
vn -0.9384593 -0.11160862 0.32686028
vn -0.31834602 -0.5140142 -0.7965207
vn -0.72479063 0.6006511 0.33748606
vn -0.39926556 -0.058087837 -0.91499335
vn -0.61965156 0.17700058 -0.76465863
vn -0.42767578 0.62721527 -0.6509181
vn -0 0.726149 -0.6875374
vn -0 -0.50685275 -0.86203265
vn -0.03281024 -0.5566291 -0.8301129
vn -0.61965156 0.17700058 -0.76465863
vn -0.15968274 -0.20992963 -0.96458846
vn -0.39926556 -0.058087837 -0.91499335
vn -0.5782864 -0.43381456 -0.690934
vn -0.08493121 -0.57549596 -0.81338257
vn -0.42165303 -0.62066704 -0.66104543
vn -0.31834602 -0.5140142 -0.7965207
vn -0.4159375 -0.57888436 -0.7013479
vn -0 -0.5790253 -0.8153095
vn -0 -0.823723 -0.5669924
vn -0.39537814 -0.91825575 0.021962963
vn -0.21849343 -0.9046424 0.36589986
vn -0 -0.9360404 0.3518925
vn -0 -0.977883 -0.20915267
vn -0.20683697 -0.87133694 -0.44496134
vn -0 -0.8279703 -0.5607718
vn -0 -0.4896731 -0.87190604
vn -0.53987557 -0.5592065 -0.62914413
vn -0.7465372 -0.660047 0.08378658
vn -0.6956783 -0.70292294 0.14809135
vn -0.37257513 -0.7038399 0.60481167
vn -0.36156976 -0.7813166 0.5087354
vn -0.9450723 -0.3205295 -0.06402572
vn -0.7379478 -0.6745835 0.0192398
vn -0.8285373 -0.50737756 -0.23684172
vn -0.77380973 -0.5615358 -0.2930806
vn -0.7127169 -0.61792076 -0.33197674
vn -0.061425686 -0.9694933 0.23729645
vn -0.9984421 0.027070314 0.04879153
vn -0.94037503 -0.2506936 -0.2298858
vn -0.9353761 0.15405743 -0.31833598
vn -0.7920263 0.59178007 -0.14996916
vn -0.76347154 0.6413029 0.07643159
vn -0.62169117 0.7802488 -0.0686439
vn -0.94037503 -0.2506936 -0.2298858
vn -0.7379478 -0.6745835 0.0192398
vn -0.58714974 -0.76042235 0.27751213
vn -0.6956783 -0.70292294 0.14809135
vn -0.4532357 -0.73513025 0.5041438
vn -0.36156976 -0.7813166 0.5087354
vn -0 -0.7913107 0.6114143
vn -0 -0.64094186 0.76758945
vn -0.36156976 -0.7813166 0.5087354
vn -0 -0.37094522 0.92865473
vn -0 -0.7913107 0.6114143
vn -0.37257513 -0.7038399 0.60481167
vn 0.4910062 0.09631856 0.865815
vn -0 0.12761155 0.9918243
vn 0.07112544 0.8052239 0.5886898
vn -0 0.63735104 0.77057356
vn 0.17821434 -0.6509493 0.7379056
vn -0.4737556 0.14003071 0.86945224
vn -0 0.89453083 0.44700614
vn -0 0.63735104 0.77057356
vn 0.07112544 0.8052239 0.5886898
vn -0.18544771 0.90908885 0.37305054
vn -0 0.97824883 0.20743471
vn -0.62169117 0.7802488 -0.0686439
vn -0.4737556 0.14003071 0.86945224
vn -0.98686486 0.1444914 0.07225006
vn -0.76347154 0.6413029 0.07643159
vn -0.288261 0.94206303 0.17153065
vn -0.3109194 0.950026 0.027921265
vn -0 0.99876535 0.049677934
vn -0.7920263 0.59178007 -0.14996916
vn -0.32459548 0.9291671 -0.17687902
vn -0.7158358 0.63320684 -0.2943266
vn -0 0.98770124 -0.1563529
vn 0.04740097 0.38577178 0.9213758
vn -0 0.3111533 0.95035976
vn -0.86113226 -0.277141 -0.42619723
vn -0.9450723 -0.3205295 -0.06402572
vn -0.62169117 0.7802488 -0.0686439
vn -0.98686486 0.1444914 0.07225006
vn -0.35914862 -0.3128341 -0.87928784
vn -0 -0.4896731 -0.87190604
vn -0 -0.3459423 -0.9382558
vn -0.53987557 -0.5592065 -0.62914413
vn -0.7052348 -0.29870412 -0.64297724
vn -0.894836 -0.23093261 -0.3820192
vn -0.5628793 -0.51347923 -0.64769286
vn -0.94037503 -0.2506936 -0.2298858
vn -0.9353761 0.15405743 -0.31833598
vn -0.5628793 -0.51347923 -0.64769286
vn -0.35914862 -0.3128341 -0.87928784
vn -0 -0.3459423 -0.9382558
vn -0 -0.7412146 -0.67126805
vn -0 -0.6149746 0.7885469
vn 0.1478634 -0.52908534 0.8355867
vn -0.7158358 0.63320684 -0.2943266
vn -0.15573797 -0.2596746 0.95305544
vn -0.14047116 -0.06247698 0.9881116
vn -0.9450299 0.047639698 -0.3234949
vn -0.894836 -0.23093261 -0.3820192
vn -0.9353761 0.15405743 -0.31833598
vn 0.1478634 -0.52908534 0.8355867
vn -0.5628793 -0.51347923 -0.64769286
vn -0.32459548 0.9291671 -0.17687902
vn -0.7158358 0.63320684 -0.2943266
vn -0.14047116 -0.06247698 0.9881116
vn 0.04740097 0.38577178 0.9213758
vn -0.4685386 -0.49844322 0.72940105
vn -0.4532357 -0.73513025 0.5041438
vn -0 -0.64094186 0.76758945
vn -0 -0.4771623 0.87881523
vn -0 -0.9360404 0.3518925
vn -0.21849343 -0.9046424 0.36589986
vn 0.17821434 -0.6509493 0.7379056
vn -0.37257513 -0.7038399 0.60481167
vn -0.77380973 -0.5615358 -0.2930806
vn -0.4737556 0.14003071 0.86945224
vn -0.53244746 -0.83644015 -0.12987562
vn -0.98686486 0.1444914 0.07225006
vn -0.0325611 -0.9934962 0.10911086
vn -0.86113226 -0.277141 -0.42619723
vn 0.042688385 -0.9944876 0.09577095
vn -0.21251531 -0.8577342 -0.4681124
vn -0.7127169 -0.61792076 -0.33197674
vn -0.06563903 -0.970555 0.23176374
vn -0.9450723 -0.3205295 -0.06402572
vn -0.061425686 -0.9694933 0.23729645
vn -0.8285373 -0.50737756 -0.23684172
vn -0.53244746 -0.83644015 -0.12987562
vn -0.77380973 -0.5615358 -0.2930806
vn -0.7127169 -0.61792076 -0.33197674
vn -0.21251531 -0.8577342 -0.4681124
vn -0.7465372 -0.660047 0.08378658
vn -0.21849343 -0.9046424 0.36589986
vn -0.39537814 -0.91825575 0.021962963
vn -0.4685386 -0.49844322 0.72940105
vn -0.4532357 -0.73513025 0.5041438
vn -0.86712563 -0.44904286 0.21553092
vn -0.53987557 -0.5592065 -0.62914413
vn -0.58714974 -0.76042235 0.27751213
vn -0.7052348 -0.29870412 -0.64297724
vn -0.94037503 -0.2506936 -0.2298858
vn -0.9057049 0.06584369 0.418764
vn -0.8670136 0.44560838 0.22298142
vn -0.46373698 0.32263702 0.82513833
vn -0.98756266 -0.10687829 -0.11531292
vn -0.9240234 0.3269722 -0.19816646
vn -0.7222002 0.05650455 -0.68937224
vn -0.7110884 -0.3579138 -0.60518664
vn -0.84801006 0.17303468 0.500937
vn -0.36971065 0.12196727 0.921107
vn -0.9381457 -0.34557423 -0.02147306
vn -0.6321091 -0.69352 -0.34564131
vn -0.7265984 -0.68694437 -0.012736804
vn -0.97694314 -0.020010006 0.21255991
vn -0.56187695 0.4334535 0.70456535
vn -0.595693 0.59648144 0.5379219
vn -0.98326564 0.015524925 0.1815146
vn -0.980119 0.11826014 0.15931554
vn -0.5128106 0.78376055 0.35034946
vn -0.7742969 -0.6286278 0.072741464
vn -0.6576564 0.4201669 0.6252583
vn -0.58835286 -0.6497308 -0.4813428
vn -0.60907304 -0.71004 0.3533743
vn -0 -0.38135695 0.92442787
vn -0 -0.8703278 -0.49247298
vn -0.44953892 0.84467494 -0.29058367
vn -0.8670136 0.44560838 0.22298142
vn -0.9240234 0.3269722 -0.19816646
vn -0.6292094 0.5017715 -0.59356624
vn -0.7222002 0.05650455 -0.68937224
vn -0 0.56039536 -0.8282253
vn -0 0.9647445 -0.26318794
vn -0 0.10254848 -0.994728
vn -0 -0.31785882 -0.94813806
vn -0.7110884 -0.3579138 -0.60518664
vn -0 0.6224696 0.782644
vn -0.29937726 0.8460656 0.441074
vn -0 0.9647445 -0.26318794
vn -0.44953892 0.84467494 -0.29058367
vn -0.8670136 0.44560838 0.22298142
vn -0.46373698 0.32263702 0.82513833
vn -0.29489216 0.45556024 0.8399426
vn -0 0.52284443 0.85242814
vn -0.56187695 0.4334535 0.70456535
vn -0.84801006 0.17303468 0.500937
vn -0.84801006 0.17303468 0.500937
vn -0.36971065 0.12196727 0.921107
vn -0.29489216 0.45556024 0.8399426
vn -0 0.52284443 0.85242814
vn -0 0.15244648 0.9883117
vn -0.46373698 0.32263702 0.82513833
vn -0.9057049 0.06584369 0.418764
vn -0 0.6224696 0.782644
vn -0.29937726 0.8460656 0.441074
vn -0 -0.81761605 -0.5757638
vn -0.58835286 -0.6497308 -0.4813428
vn -0 -0.8703278 -0.49247298
vn -0.7742969 -0.6286278 0.072741464
vn -0.7265984 -0.68694437 -0.012736804
vn -0 -0.9956898 -0.092746176
vn -0.6321091 -0.69352 -0.34564131
vn -0 -0.9520177 -0.3060428
vn -0 -0.6785689 -0.73453677
vn -0.7110884 -0.3579138 -0.60518664
vn -0 -0.4395515 -0.89821744
vn -0 -0.31785882 -0.94813806
vn -0 0.52284443 0.85242814
vn -0 0.8047369 0.5936316
vn -0.595693 0.59648144 0.5379219
vn -0.56187695 0.4334535 0.70456535
vn -0.595693 0.59648144 0.5379219
vn -0 0.8047369 0.5936316
vn -0 0.9176455 0.39739975
vn -0.5128106 0.78376055 0.35034946
vn -0.6576564 0.4201669 0.6252583
vn -0 0.5845307 0.8113715
vn -0.9450299 0.047639698 -0.3234949
vn -0.7158358 0.63320684 -0.2943266
vn -0.7920263 0.59178007 -0.14996916
vn -0.9353761 0.15405743 -0.31833598
vn 0.6438868 0.7447817 0.175243
vn 0.60765064 -0.28807136 -0.7401186
vn 0.036170844 -0.99932265 0.006780419
vn 0.15657958 -0.2931511 0.9431571
vn 0.20527044 -0.2987562 -0.9319919
vn -0.8054404 0.5728001 0.15220319
vn 0.09730736 -0.9950395 -0.02067931
vn 0.5320557 -0.3030763 0.7906083
vn 0.6232324 0.77345455 -0.11553936
vn 0.20527044 -0.2987562 -0.9319919
vn 0.09730736 -0.9950395 -0.02067931
vn 0.5320557 -0.3030763 0.7906083
vn 0.44642243 -0.57735 -0.6836476
vn 0.6836479 -0.57735014 0.44642186
vn 0.683648 0.5773501 0.44642186
vn 0.44642243 0.57734966 -0.6836479
vn -0.4202538 -0.7172841 -0.55577904
vn -0.26155156 -0.6434555 0.7194134
vn 0.6836479 -0.57735014 0.44642186
vn 0.44642243 -0.57735 -0.6836476
vn -0.2615513 0.64345574 0.71941334
vn -0.84005404 0.30447277 0.44900522
vn -0.8314661 0.2971083 -0.46945804
vn -0.4202536 0.717284 -0.5557793
vn 0.44642243 0.57734966 -0.6836479
vn 0.683648 0.5773501 0.44642186
vn -0.2615513 0.64345574 0.71941334
vn 0.683648 0.5773501 0.44642186
vn 0.6836479 -0.57735014 0.44642186
vn -0.26155156 -0.6434555 0.7194134
vn -0.4202538 -0.7172841 -0.55577904
vn 0.44642243 -0.57735 -0.6836476
vn 0.44642243 0.57734966 -0.6836479
vn -0.4202536 0.717284 -0.5557793
vn -0.8314661 -0.29710877 -0.46945778
vn -0.8314661 0.2971083 -0.46945804
vn -0.26155156 -0.6434555 0.7194134
vn -0.4202538 -0.7172841 -0.55577904
vn -0.8314661 -0.29710877 -0.46945778
vn -0.84005404 -0.30447274 0.44900513
vn -0.2615513 0.64345574 0.71941334
vn -0.8314661 0.2971083 -0.46945804
vn -0.84005404 0.30447277 0.44900522
vn 0.8537526 -0.19276175 -0.48368302
vn 0.7325482 -0.1506451 0.6638368
vn 0.11417268 0.8199696 0.56090504
vn 0.234102 0.7752352 -0.5866914
vn 0.20357776 -0.78711146 -0.5822471
vn 0.7325482 -0.1506451 0.6638368
vn 0.8537526 -0.19276175 -0.48368302
vn -0.06072039 -0.7332043 0.67729205
vn -0.3727374 -0.6634703 -0.64874804
vn -0.62885976 -0.74320126 0.2284453
vn -0.7501774 0.34753755 0.56254035
vn -0.69387823 -0.16513841 -0.7009011
vn -0.56863415 0.415299 -0.71005774
vn -0.95670223 -0.23085982 0.17726988
vn -0.62885976 -0.74320126 0.2284453
vn -0.06072039 -0.7332043 0.67729205
vn -0.3727374 -0.6634703 -0.64874804
vn -0.7501774 0.34753755 0.56254035
vn 0.11417268 0.8199696 0.56090504
vn 0.7325482 -0.1506451 0.6638368
vn -0.06072039 -0.7332043 0.67729205
vn 0.234102 0.7752352 -0.5866914
vn 0.11417268 0.8199696 0.56090504
vn -0.7501774 0.34753755 0.56254035
vn -0.56863415 0.415299 -0.71005774
vn 0.20357776 -0.78711146 -0.5822471
vn 0.8537526 -0.19276175 -0.48368302
vn 0.234102 0.7752352 -0.5866914
vn -0.3727374 -0.6634703 -0.64874804
vn -0.69387823 -0.16513841 -0.7009011
vn -0.56863415 0.415299 -0.71005774
vn -0.5782864 -0.43381456 -0.690934
vn -0.43543977 -0.65198725 -0.62072927
vn -0.4159375 -0.57888436 -0.7013479
vn -0.77321726 -0.59416354 -0.22159585
vn -0.42165303 -0.62066704 -0.66104543
vn -0.5754088 -0.7047111 -0.41507468
vn -0.4159375 -0.57888436 -0.7013479
vn -0.43543977 -0.65198725 -0.62072927
vn -0 -0.73012316 -0.6833155
vn -0 -0.823723 -0.5669924
vn 0.04740097 0.38577178 0.9213758
vn -0.14047116 -0.06247698 0.9881116
vn -0.27333036 0.19408277 0.9421371
vn 0.01434898 0.27005348 0.9627384
vn -0 0.3111533 0.95035976
vn -0 0.33501643 0.9422122
vn -0.15573797 -0.2596746 0.95305544
vn -0.10793832 -0.69531655 0.7105521
vn -0.37782356 -0.22798717 0.89736897
vn 0.1478634 -0.52908534 0.8355867
vn -0 -0.2506132 0.9680873
vn -0 -0.6149746 0.7885469
vn 0.18441062 -0.34332275 -0.9209355
vn -0.9961856 -0.08064128 -0.033333004
vn -0.4306874 -0.8201283 -0.37669322
vn -0.050593276 -0.6607795 -0.748873
vn -0.25008425 -0.7478435 -0.61496985
vn -0.41280127 -0.7264902 -0.54936975
vn -0.96969324 0.20609492 0.13122417
vn -0.097694315 -0.8426283 -0.5295596
vn -0.7268136 -0.587575 -0.35566485
vn 0.039676134 -0.9011437 -0.43170127
vn -0.37876356 -0.8594982 -0.34322163
vn -0.77321726 -0.59416354 -0.22159585
vn -0.5754088 -0.7047111 -0.41507468
vn -0.3514499 -0.827479 -0.43790576
vn -0.3488287 -0.8320819 -0.4312288
vn -0.13671398 -0.9153774 -0.37867332
vn -0.7303962 -0.5724925 -0.37252343
vn -0.73041946 -0.54894674 -0.40638027
vn -0.32436234 -0.8215994 -0.46878934
vn -0.3033601 -0.82365185 -0.4791349
vn -0.043074645 -0.9641395 -0.26187688
vn -0.313763 -0.49119642 -0.81257546
vn -0.0022775372 -0.44237286 -0.8968283
vn 0.1437974 -0.94311893 -0.2997481
vn -0.025609022 -0.42069715 -0.90683967
vn 0.06306873 -0.91359496 -0.40170452
vn 0.11794472 -0.93848795 -0.3245449
vn -0 -0.43070906 -0.90249085
vn -0 -0.94372064 -0.3307439
vn 0.0878418 -0.9033978 -0.41970956
vn -0 -0.909842 -0.41495484
vn 0.07989207 -0.8548116 -0.5127519
vn -0 -0.8614594 -0.5078265
vn -0.0016160338 -0.8548015 -0.5189526
vn 0.09077286 -0.8535756 -0.5129999
vn -0 -0.86159796 -0.50759137
vn -0.005857744 -0.8573582 -0.51468694
vn -0.03281024 -0.5566291 -0.8301129
vn -0 -0.50685275 -0.86203265
vn -0.08493121 -0.57549596 -0.81338257
vn -0.15968274 -0.20992963 -0.96458846
vn -0.42165303 -0.62066704 -0.66104543
vn -0.96969324 0.20609492 0.13122417
vn -0.41280127 -0.7264902 -0.54936975
vn -0.7268136 -0.587575 -0.35566485
vn -0.7774801 0.62609774 0.05938177
vn -0.7303962 -0.5724925 -0.37252343
vn -0.65686876 0.75268865 0.044533256
vn -0.73041946 -0.54894674 -0.40638027
vn -0.6997346 0.6944595 -0.16762266
vn -0.5003607 0.735154 -0.45737043
vn -0.313763 -0.49119642 -0.81257546
vn -0.14047116 -0.06247698 0.9881116
vn -0.15573797 -0.2596746 0.95305544
vn -0.37782356 -0.22798717 0.89736897
vn -0.27333036 0.19408277 0.9421371
vn -0 -0.73012316 -0.6833155
vn -0.31283325 -0.7967582 -0.51702195
vn -0 -0.9499022 -0.3125474
vn -0.43543977 -0.65198725 -0.62072927
vn -0.42973527 -0.8045667 -0.409878
vn -0.23895907 -0.4446221 -0.86325526
vn -0.4306874 -0.8201283 -0.37669322
vn 0.18441062 -0.34332275 -0.9209355
vn -0.25008425 -0.7478435 -0.61496985
vn -0 -0.94356054 0.33120003
vn -0.62049747 -0.6860392 0.3799119
vn -0.10793832 -0.69531655 0.7105521
vn -0.31283325 -0.7967582 -0.51702195
vn -0 -0.9499022 -0.3125474
vn -0.35784373 -0.7742051 0.52206737
vn -0.42973527 -0.8045667 -0.409878
vn -0.7725836 -0.09839517 0.62724227
vn -0.3711165 0.73863155 0.5627576
vn -0.27333036 0.19408277 0.9421371
vn -0.37782356 -0.22798717 0.89736897
vn -0.62049747 -0.6860392 0.3799119
vn -0.10793832 -0.69531655 0.7105521
vn -0.7725836 -0.09839517 0.62724227
vn -0.62049747 -0.6860392 0.3799119
vn -0.35784373 -0.7742051 0.52206737
vn -0.5897804 -0.06961976 0.80455714
vn -0.3711165 0.73863155 0.5627576
vn -0.33930445 0.7418449 0.57839316
vn -0.44312337 0.81333333 0.37700203
vn -0.33930445 0.7418449 0.57839316
vn -0.5897804 -0.06961976 0.80455714
vn -0.7902653 0.0024241754 0.61276
vn -0.35784373 -0.7742051 0.52206737
vn -0.42973527 -0.8045667 -0.409878
vn -0.4306874 -0.8201283 -0.37669322
vn -0.9961856 -0.08064128 -0.033333004
vn -0.44312337 0.81333333 0.37700203
vn -0.7902653 0.0024241754 0.61276
vn -0.9961856 -0.08064128 -0.033333004
vn -0.37836438 0.83813214 0.39290577
vn -0.12742683 0.9672916 0.2193383
vn -0.96969324 0.20609492 0.13122417
vn -0.33930445 0.7418449 0.57839316
vn -0.7774801 0.62609774 0.05938177
vn -0.3711165 0.73863155 0.5627576
vn -0.07855608 0.9667556 0.24333641
vn 0.013723939 0.9709489 0.23889308
vn -0.65686876 0.75268865 0.044533256
vn -0.6997346 0.6944595 -0.16762266
vn -0.12688717 0.9727456 0.19407652
vn -0.10068854 0.9740838 0.20254001
vn -0.05117295 0.98348504 0.17360468
vn -0.03579627 0.97921157 0.19965781
vn 0.02433392 0.96734715 0.25228414
vn -0.5003607 0.735154 -0.45737043
vn -0.0687999 0.9831593 0.1693056
vn -0.112769514 0.97216064 0.20539437
vn -0.06616839 0.9694204 0.23631744
vn -0.1015778 0.9585851 0.2660763
vn -0.22379042 0.8428167 -0.4894667
vn -0.07220284 0.97314376 0.21858187
vn -0.14126831 0.9500519 0.27828857
vn -0.20918912 0.8808495 -0.42466944
vn -0.11141168 0.9620978 0.248908
vn -0 0.95927715 0.28246674
vn -0 0.8523377 -0.5229919
vn -0 0.96595585 0.258707
vn -0 0.9728707 0.23134935
vn -0 0.98477244 0.17384817
vn -0 0.9814596 0.19166924
vn -0.17853643 0.9440184 0.2774057
vn -0 0.96927625 0.24597462
vn -0 0.33501643 0.9422122
vn -0.27333036 0.19408277 0.9421371
vn 0.01434898 0.27005348 0.9627384
vn -0.313763 -0.49119642 -0.81257546
vn -0.22379042 0.8428167 -0.4894667
vn -0.5003607 0.735154 -0.45737043
vn -0.0022775372 -0.44237286 -0.8968283
vn -0.20918912 0.8808495 -0.42466944
vn -0.025609022 -0.42069715 -0.90683967
vn -0 0.8523377 -0.5229919
vn -0 -0.43070906 -0.90249085
vn -0.22032745 0.59002674 0.7767396
vn -0.8373187 0.47241357 0.27517757
vn -0.38889337 0.32048032 0.8637443
vn -0.4229185 0.8770438 0.22789046
vn -0 0.64364904 0.76532084
vn -0 0.9805679 0.19618
vn -0 0.99109155 0.13318239
vn -0.4369439 0.88334566 0.16964813
vn -0 0.9725469 -0.23270696
vn -0.8547781 0.4213987 0.30294788
vn -0.43817958 0.8788502 -0.18873502
vn -0.86209935 0.505461 0.035969246
vn -0.5133289 -0.044931564 0.85701483
vn -0.79876304 -0.552901 0.23722993
vn -0.4109274 -0.37882233 0.829236
vn -0.95938116 -0.12407858 0.25336197
vn -0.38889337 0.32048032 0.8637443
vn -0.8373187 0.47241357 0.27517757
vn -0.8547781 0.4213987 0.30294788
vn -0.92879 -0.100857995 0.35661864
vn -0.86209935 0.505461 0.035969246
vn -0.77566975 -0.48426044 0.404757
vn -0.43234432 -0.87296826 0.22584225
vn -0.4267132 -0.78991216 0.44040284
vn -0.9614509 0.020271683 0.2742287
vn -0.8629662 0.49115753 -0.118547544
vn -0.81740326 -0.34158927 0.46386296
vn -0.4560861 -0.6363656 0.6221128
vn -0.9615403 0.10998154 0.25168324
vn -0.8088293 0.10592302 0.57842505
vn -0.8244169 -0.1710087 0.5395302
vn -0.4596651 -0.40401086 0.790875
vn -0.63189405 -0.07626047 0.7712938
vn -0.23438963 -0.15195858 0.9601927
vn -0.4109274 -0.37882233 0.829236
vn -0.79876304 -0.552901 0.23722993
vn -0.43234432 -0.87296826 0.22584225
vn -0.22839543 -0.5610719 0.7956342
vn -0 -0.9757844 0.21873453
vn -0 -0.6464928 0.76292014
vn -0.4267132 -0.78991216 0.44040284
vn -0 -0.89437836 0.4473112
vn -0.4560861 -0.6363656 0.6221128
vn -0 -0.73686713 0.67603767
vn -0.8629662 0.49115753 -0.118547544
vn -0.48106435 0.7469007 0.45903873
vn -0.86303335 0.448133 0.23313147
vn -0.43589538 0.77982795 -0.44929224
vn -0.86209935 0.505461 0.035969246
vn -0 0.7052437 -0.7089649
vn -0.43817958 0.8788502 -0.18873502
vn -0 0.8507456 -0.5255777
vn -0 0.9725469 -0.23270696
vn -0 -0.48417932 0.8749688
vn -0.23438963 -0.15195858 0.9601927
vn -0 -0.36285862 0.93184423
vn -0.4596651 -0.40401086 0.790875
vn -0 -0.73686713 0.67603767
vn -0.4560861 -0.6363656 0.6221128
vn -0 0.64364904 0.76532084
vn -0.35045323 0.7011162 0.6209819
vn -0 0.831334 0.5557731
vn -0.22032745 0.59002674 0.7767396
vn -0.6203935 0.3707688 0.69111675
vn -0.38889337 0.32048032 0.8637443
vn -0.5989904 -0.06207173 0.7983469
vn -0.5133289 -0.044931564 0.85701483
vn -0.4977365 -0.44345355 0.7453907
vn -0.4109274 -0.37882233 0.829236
vn -0.28883162 -0.700838 0.65222883
vn -0.22839543 -0.5610719 0.7956342
vn -0 -0.7580805 0.652161
vn -0 -0.6464928 0.76292014
vn -0 -0.023151914 -0.99973196
vn -0 0.6715147 -0.7409912
vn -0.427722 0.6028988 -0.67347383
vn -0.07480601 -0.0149565 -0.997086
vn -0.7650398 0.27326453 -0.58313
vn -0.13471092 -0.050700102 -0.98958695
vn -0.859436 -0.14377245 -0.49061108
vn -0.17737593 -0.051923204 -0.9827725
vn -0.6955362 -0.45494947 -0.55610293
vn -0.14673115 0.00198798 -0.98917437
vn -0.35254705 -0.6630426 -0.66036737
vn -0.04898655 0.009814776 -0.9987513
vn -0 -0.73624635 -0.6767137
vn -0 0.0016776241 -0.99999857
vn -0 0.831334 0.5557731
vn -0.427722 0.6028988 -0.67347383
vn -0 0.6715147 -0.7409912
vn -0.35045323 0.7011162 0.6209819
vn -0.7650398 0.27326453 -0.58313
vn -0.6203935 0.3707688 0.69111675
vn -0.6203935 0.3707688 0.69111675
vn -0.859436 -0.14377245 -0.49061108
vn -0.7650398 0.27326453 -0.58313
vn -0.5989904 -0.06207173 0.7983469
vn -0.6955362 -0.45494947 -0.55610293
vn -0.4977365 -0.44345355 0.7453907
vn -0.4977365 -0.44345355 0.7453907
vn -0.35254705 -0.6630426 -0.66036737
vn -0.6955362 -0.45494947 -0.55610293
vn -0.28883162 -0.700838 0.65222883
vn -0 -0.73624635 -0.6767137
vn -0 -0.7580805 0.652161
vn -0 -0.08048393 0.9967559
vn -0 -0.67573017 0.73714906
vn -0.5459503 -0.6617578 0.5138239
vn -0.7008961 -0.05740715 0.7109495
vn -0.7008961 -0.05740715 0.7109495
vn -0.5459503 -0.6617578 0.5138239
vn -0.7765148 -0.629248 -0.032737665
vn -0.9999503 -0.00080271525 0.00994099
vn -0.5506521 -0.5963969 -0.5840317
vn -0.7108823 0.05660851 -0.7010292
vn -0.7108823 0.05660851 -0.7010292
vn -0.5506521 -0.5963969 -0.5840317
vn -0 -0.58348453 -0.8121243
vn -0 0.08048861 -0.99675554
vn -0 0.9991424 -0.041407075
vn -0 0.7342304 0.67890036
vn -0.54241216 0.606393 0.5814434
vn -0.74724746 0.62945545 -0.21308967
vn -0 0.6755364 -0.73732656
vn -0.3674513 0.5845299 -0.7233977
vn -0 -0.9991424 0.041407138
vn -0.5420572 -0.55930185 0.6271806
vn -0 -0.6789005 0.7342303
vn -0.7487244 -0.64284027 -0.16176572
vn -0 -0.7373267 -0.67553633
vn -0.36767644 -0.645589 -0.6693496
vn -0.3674513 0.5845299 -0.7233977
vn -0.7487244 -0.64284027 -0.16176572
vn -0.36767644 -0.645589 -0.6693496
vn -0.74724746 0.62945545 -0.21308967
vn -0.5420572 -0.55930185 0.6271806
vn -0.54241216 0.606393 0.5814434
vn -0 0.6755364 -0.73732656
vn -0.3674513 0.5845299 -0.7233977
vn -0.36767644 -0.645589 -0.6693496
vn -0 -0.7373267 -0.67553633
vn -0.54241216 0.606393 0.5814434
vn -0 0.7342304 0.67890036
vn -0 -0.6789005 0.7342303
vn -0.5420572 -0.55930185 0.6271806
vn -0.3029383 -0.76545954 0.5677149
vn 0.74091965 -0.6586646 0.1311449
vn 0.49718454 -0.85237527 -0.16206114
vn -0.50761974 -0.8614425 -0.015462413
vn 0.5114757 -0.8152373 -0.2716264
vn -0.42238164 -0.8642658 -0.2732002
vn 0.42289227 -0.7285812 -0.5388242
vn -0.45484772 -0.7033229 -0.54630625
vn 0.24562797 -0.3934752 -0.8859144
vn -0.28688425 -0.39501897 -0.87272996
vn -0.8200242 0.035491988 0.5712274
vn -0.3029383 -0.76545954 0.5677149
vn -0.50761974 -0.8614425 -0.015462413
vn -0.99472517 0.076791205 0.06800662
vn -0.2395373 0.57894677 0.7793859
vn -0.42238164 -0.8642658 -0.2732002
vn -0.39928705 0.9082619 0.12502076
vn -0.99142224 0.03687302 -0.12538864
vn -0.45484772 -0.7033229 -0.54630625
vn -0.39289704 0.9186709 -0.04093594
vn -0.9327385 0.14204901 -0.33139235
vn -0.3342008 0.93222356 -0.13881332
vn -0.28688425 -0.39501897 -0.87272996
vn -0.5776227 0.199895 -0.7914506
vn 0.65471125 0.6818493 0.3262433
vn -0.2395373 0.57894677 0.7793859
vn -0.39928705 0.9082619 0.12502076
vn 0.60575503 0.79532236 0.022874681
vn -0.39289704 0.9186709 -0.04093594
vn 0.665587 0.7411062 -0.08806521
vn -0.3342008 0.93222356 -0.13881332
vn 0.6581755 0.70471513 -0.26491818
vn -0.24182773 0.7003252 -0.6716129
vn 0.3947109 0.49245527 -0.7756875
vn 0.65471125 0.6818493 0.3262433
vn 0.8062747 0.02809985 0.59087354
vn 0.692386 0.2533542 0.6755837
vn 0.998252 0.025309356 0.053408086
vn 0.68227375 -0.2588202 0.68375045
vn 0.60575503 0.79532236 0.022874681
vn 0.74091965 -0.6586646 0.1311449
vn 0.98826176 -0.054416995 -0.14274986
vn 0.665587 0.7411062 -0.08806521
vn 0.49718454 -0.85237527 -0.16206114
vn 0.9670187 -0.15787084 -0.1998787
vn 0.6581755 0.70471513 -0.26491818
vn 0.5114757 -0.8152373 -0.2716264
vn 0.8923245 -0.1622197 -0.4212384
vn 0.3947109 0.49245527 -0.7756875
vn 0.42289227 -0.7285812 -0.5388242
vn 0.54495615 -0.050405893 -0.8369481
vn 0.24562797 -0.3934752 -0.8859144
vn -0.2395373 0.57894677 0.7793859
vn 0.65471125 0.6818493 0.3262433
vn 0.692386 0.2533542 0.6755837
vn 0.30315107 0.12136278 0.9451828
vn -0.8200242 0.035491988 0.5712274
vn -0.055935152 -0.12693036 0.99033326
vn -0.3029383 -0.76545954 0.5677149
vn 0.22269386 -0.30385444 0.926326
vn 0.74091965 -0.6586646 0.1311449
vn 0.68227375 -0.2588202 0.68375045
vn 0.8062747 0.02809985 0.59087354
vn -0.93423694 0.1471923 -0.32486257
vn -0.5856267 -0.7633216 -0.27272975
vn -0.57024896 -0.20787229 -0.794736
vn -0.6140863 0.15350865 -0.774166
vn -0.6473192 0.73768944 -0.19181316
vn -0.5963379 0.45168367 -0.6635986
vn 0.039353803 0.78794247 -0.6144901
vn -0.55600876 0.29961503 -0.77529687
vn -0.44181094 -0.19518821 -0.8756167
vn 0.41577914 0.11532129 -0.9021245
vn -0.42859402 0.037202775 -0.9027309
vn 0.35735816 -0.65989065 -0.6609384
vn -0 -0.67573017 0.73714906
vn -0 -0.58348453 -0.8121243
vn -0.5506521 -0.5963969 -0.5840317
vn -0.7765148 -0.629248 -0.032737665
vn -0.5459503 -0.6617578 0.5138239
vn -0.63778377 -0.4169171 0.6476202
vn -0.14093901 -0.8794722 0.454604
vn -0.048979715 -0.89787775 0.43751168
vn -0.7511287 -0.24094334 0.61461544
vn -0.2292704 -0.9088547 0.34845123
vn -0.82472414 0.3167752 0.46849075
vn -0.81551147 0.3264131 0.47790742
vn -0.6531924 -0.4966736 0.5715374
vn -0.8428153 0.36001417 0.40006518
vn -0.90665287 0.30339837 0.29313815
vn -0.49785498 0.8468957 0.18683693
vn -0.57471967 0.81387055 0.085509844
vn -0.8937956 -0.19377573 0.40445057
vn -0.98189247 -0.17601454 -0.07004233
vn -0.3591748 -0.9296064 -0.08261615
vn -0.93470657 0.30919975 -0.17526875
vn -0.45671526 0.8320549 -0.3147948
vn -0.4240526 0.18485557 -0.88657093
vn -0.550509 -0.17091711 -0.8171457
vn -0.17403618 -0.70269465 -0.689878
vn -0.773852 0.38856256 0.5001723
vn -0.6478751 -0.40561938 0.64477193
vn -0.42472887 0.89747036 0.11896343
vn -0.49990726 0.86257374 0.07784211
vn -0.68456787 0.29867855 0.66494954
vn -0.49623793 -0.54303426 0.6773933
vn -0.7311133 0.1319458 0.66937554
vn -0.46175298 -0.6977254 0.54768926
vn -0.73305047 0.29055238 -0.6149929
vn -0.6318601 -0.24231496 -0.7362312
vn -0.40093437 0.44123664 -0.8028461
vn -0.271504 0.88146424 0.38640186
vn -0.28864628 0.9486577 0.12935133
vn -0.40828854 0.90430987 0.1245959
vn -0.6531924 -0.4966736 0.5715374
vn -0.14093901 -0.8794722 0.454604
vn -0.63778377 -0.4169171 0.6476202
vn 0.29260746 -0.8994041 0.3247356
vn -0.6478751 -0.40561938 0.64477193
vn 0.2914569 -0.95526606 0.050195597
vn -0.49623793 -0.54303426 0.6773933
vn 0.90740585 -0.14776164 -0.3934223
vn 0.8513534 -0.28067085 -0.44319424
vn 0.33267272 -0.93317163 0.13608663
vn -0.46175298 -0.6977254 0.54768926
vn 0.28011972 -0.9578511 -0.063673675
vn -0.6318601 -0.24231496 -0.7362312
vn -0.29788136 -0.0627708 -0.95253694
vn 0.81190664 -0.12010019 -0.57129985
vn -0.29953697 0.16448903 -0.93979836
vn 0.3326278 -0.8958095 0.2947612
vn -0.036838185 -0.970005 -0.24027738
vn -0.048979715 -0.89787775 0.43751168
vn -0.9643406 -0.03205868 -0.26271573
vn -0.0430001 -0.9970661 0.063327044
vn 0.9546824 -0.28865314 0.07253152
vn 0.9915342 -0.12787706 -0.022526044
vn -0.04946985 -0.9047504 -0.42305964
vn 0.8107327 -0.29304 -0.50679386
vn 0.09364651 0.49835837 -0.86189866
vn -0.7127235 -0.08817884 -0.69588053
vn 0.59808576 -0.68141174 -0.42186671
vn 0.5261082 0.4424764 -0.7262402
vn 0.5352894 -0.23772939 -0.8105245
vn 0.6950376 -0.6363581 -0.33462095
vn -0.2292704 -0.9088547 0.34845123
vn -0.3591748 -0.9296064 -0.08261615
vn 0.8988252 -0.40080017 -0.17740491
vn -0.17403618 -0.70269465 -0.689878
vn 0.81896013 -0.3642363 -0.4434367
vn 0.9546824 -0.28865314 0.07253152
vn 0.3326278 -0.8958095 0.2947612
vn 0.29260746 -0.8994041 0.3247356
vn 0.90740585 -0.14776164 -0.3934223
vn 0.5261082 0.4424764 -0.7262402
vn 0.9915342 -0.12787706 -0.022526044
vn 0.10858526 0.91570014 -0.38691396
vn 0.8107327 -0.29304 -0.50679386
vn 0.09364651 0.49835837 -0.86189866
vn 0.77814436 0.19082932 -0.5983941
vn 0.36779627 0.8742925 -0.31676263
vn 0.3810582 0.7568021 -0.53107923
vn 0.40982896 0.79405105 -0.44891325
vn 0.567051 -0.009970285 -0.8236223
vn 0.8513534 -0.28067085 -0.44319424
vn 0.5982199 0.6255493 -0.50082046
vn 0.55086166 0.69480795 -0.462378
vn 0.8028457 -0.24243358 -0.54466933
vn 0.7338567 0.55746406 -0.3881856
vn 0.5352894 -0.23772939 -0.8105245
vn 0.9335811 -0.19795161 -0.29873297
vn 0.5777438 0.7758012 -0.25366235
vn 0.9499552 -0.3118628 0.01807524
vn 0.8235818 0.16372013 -0.54305494
vn 0.75283426 -0.27725804 -0.596966
vn 0.8309047 -0.19028407 -0.52286637
vn 0.83339316 -0.008318272 -0.55261797
vn 0.9966433 0.080615886 -0.014258118
vn 0.81896013 -0.3642363 -0.4434367
vn 0.8988252 -0.40080017 -0.17740491
vn 0.6950376 -0.6363581 -0.33462095
vn 0.59808576 -0.68141174 -0.42186671
vn 0.81190664 -0.12010019 -0.57129985
vn 0.43834004 0.78587246 -0.43619087
vn 0.46479765 0.74649847 -0.47613347
vn 0.5444934 0.7208552 -0.4288296
vn -0.29953697 0.16448903 -0.93979836
vn -0.32865775 0.3549833 -0.8751977
vn 0.28011972 -0.9578511 -0.063673675
vn 0.33267272 -0.93317163 0.13608663
vn 0.2914569 -0.95526606 0.050195597
vn 0.567051 -0.009970285 -0.8236223
vn 0.5352894 -0.23772939 -0.8105245
vn 0.5261082 0.4424764 -0.7262402
vn 0.77814436 0.19082932 -0.5983941
vn -0.036838185 -0.970005 -0.24027738
vn 0.10858526 0.91570014 -0.38691396
vn 0.5261082 0.4424764 -0.7262402
vn -0.9643406 -0.03205868 -0.26271573
vn 0.09364651 0.49835837 -0.86189866
vn -0.7127235 -0.08817884 -0.69588053
vn -0.7127235 -0.08817884 -0.69588053
vn -0.9643406 -0.03205868 -0.26271573
vn -0.0430001 -0.9970661 0.063327044
vn -0.04946985 -0.9047504 -0.42305964
vn 0.8309047 -0.19028407 -0.52286637
vn -0.17403618 -0.70269465 -0.689878
vn 0.81896013 -0.3642363 -0.4434367
vn -0.550509 -0.17091711 -0.8171457
vn 0.75283426 -0.27725804 -0.596966
vn -0.4240526 0.18485557 -0.88657093
vn -0.2074085 0.47513795 -0.85511726
vn 0.8235818 0.16372013 -0.54305494
vn -0.45671526 0.8320549 -0.3147948
vn -0.93470657 0.30919975 -0.17526875
vn 0.7338567 0.55746406 -0.3881856
vn -0.49990726 0.86257374 0.07784211
vn -0.8428153 0.36001417 0.40006518
vn -0.81551147 0.3264131 0.47790742
vn -0.50181085 0.8401671 0.20568211
vn -0.82472414 0.3167752 0.46849075
vn -0.49785498 0.8468957 0.18683693
vn 0.3810582 0.7568021 -0.53107923
vn -0.57471967 0.81387055 0.085509844
vn 0.36779627 0.8742925 -0.31676263
vn 0.5982199 0.6255493 -0.50082046
vn 0.7338567 0.55746406 -0.3881856
vn -0.45671526 0.8320549 -0.3147948
vn 0.40982896 0.79405105 -0.44891325
vn 0.55086166 0.69480795 -0.462378
vn -0.42472887 0.89747036 0.11896343
vn 0.5777438 0.7758012 -0.25366235
vn -0.32239297 0.91476357 0.24345481
vn 0.43834004 0.78587246 -0.43619087
vn -0.773852 0.38856256 0.5001723
vn -0.40828854 0.90430987 0.1245959
vn -0.68456787 0.29867855 0.66494954
vn -0.7311133 0.1319458 0.66937554
vn 0.43834004 0.78587246 -0.43619087
vn 0.46479765 0.74649847 -0.47613347
vn -0.28864628 0.9486577 0.12935133
vn -0.40828854 0.90430987 0.1245959
vn -0.32865775 0.3549833 -0.8751977
vn -0.40093437 0.44123664 -0.8028461
vn -0.271504 0.88146424 0.38640186
vn 0.5444934 0.7208552 -0.4288296
vn -0.28864628 0.9486577 0.12935133
vn 0.46479765 0.74649847 -0.47613347
vn 0.30017003 0.8979909 -0.32173005
vn -0.56153953 0.724976 -0.39885235
vn -0.15109566 0.7036971 -0.69424826
vn -0.33445662 0.906623 0.2572422
vn -0.96082264 0.17932393 -0.21133585
vn 0.5715608 0.80198014 -0.17362657
vn -0.73591816 0.1278097 0.66489786
vn -0.23463663 0.9219772 0.30806416
vn 0.80306 0.59329003 0.0556921
vn -0.74306625 0.18633333 0.64275384
vn 0.15078002 0.81727463 0.5561724
vn -0.2681529 0.18828785 0.9447971
vn 0.8051552 -0.16887681 -0.5685117
vn -0.15109566 0.7036971 -0.69424826
vn 0.15132952 -0.11954082 -0.98122853
vn 0.30017003 0.8979909 -0.32173005
vn 0.5715608 0.80198014 -0.17362657
vn 0.80306 0.59329003 0.0556921
vn 0.9478877 -0.2641229 -0.17817958
vn 0.3487089 -0.934148 0.07595798
vn 0.2233478 -0.9705942 -0.089792565
vn 0.84252954 -0.45694414 0.28521258
vn 0.9620546 -0.18126161 0.20394914
vn 0.613773 -0.3337701 0.7154581
vn 0.5473597 0.021799004 0.8366135
vn 0.93593025 0.18786846 0.29789266
vn 0.15078002 0.81727463 0.5561724
vn 0.734154 0.31366396 0.60219
vn 0.2233478 -0.9705942 -0.089792565
vn 0.8051552 -0.16887681 -0.5685117
vn 0.15132952 -0.11954082 -0.98122853
vn -0.32060465 -0.63695234 -0.70107365
vn -0.5106523 -0.7570487 0.40756774
vn -0.7569933 -0.48046252 -0.44285104
vn -0.06962538 -0.74630415 0.66195345
vn 0.3487089 -0.934148 0.07595798
vn 0.613773 -0.3337701 0.7154581
vn 0.84252954 -0.45694414 0.28521258
vn -0.73591816 0.1278097 0.66489786
vn -0.7569933 -0.48046252 -0.44285104
vn -0.96082264 0.17932393 -0.21133585
vn -0.5106523 -0.7570487 0.40756774
vn -0.74306625 0.18633333 0.64275384
vn -0.2681529 0.18828785 0.9447971
vn -0.06962538 -0.74630415 0.66195345
vn -0.06962538 -0.74630415 0.66195345
vn 0.5473597 0.021799004 0.8366135
vn 0.613773 -0.3337701 0.7154581
vn -0.2681529 0.18828785 0.9447971
vn 0.734154 0.31366396 0.60219
vn 0.15078002 0.81727463 0.5561724
vn -0.495934 0.85908836 0.1265565
vn -0.5620204 0.58967835 -0.5800108
vn 0.6541417 0.49678776 -0.57035136
vn 0.7370623 0.6516898 0.17899634
vn 0.70928645 0.61324507 0.3476251
vn -0.51511914 0.8037685 0.29767174
vn 0.68714184 0.71550936 0.126026
vn -0.4246284 0.9012474 0.08627773
vn 0.6113848 0.61551404 -0.49734417
vn -0.25539514 0.832875 -0.4910117
vn 0.46326074 -0.62303853 0.630248
vn -0.48416156 -0.16466989 0.8593437
vn -0.7034872 -0.37841493 0.6015878
vn 0.34619027 -0.25717616 0.9022265
vn 0.9878647 -0.10811699 0.111508094
vn 0.89830285 -0.13606209 0.4177789
vn 0.8543717 -0.3155102 0.41291913
vn 0.35473996 -0.33959767 0.87111014
vn -0.48506346 -0.2693038 0.8319789
vn 0.3700511 -0.7483698 0.5504588
vn -0.45380294 -0.64828396 0.61138433
vn 0.8543717 -0.3155102 0.41291913
vn 0.40235558 -0.76066893 -0.5094043
vn 0.3700511 -0.7483698 0.5504588
vn 0.75201786 -0.23765633 -0.6148077
vn 0.74550664 -0.027027903 -0.66594994
vn 0.89830285 -0.13606209 0.4177789
vn 0.9878647 -0.10811699 0.111508094
vn 0.671916 -0.03884255 -0.7396081
vn 0.6541417 0.49678776 -0.57035136
vn 0.7370623 0.6516898 0.17899634
vn 0.97957146 0.15402794 0.1292875
vn 0.70928645 0.61324507 0.3476251
vn 0.68714184 0.71550936 0.126026
vn 0.9743925 -0.20909798 0.08268835
vn 0.37475106 -0.8785461 0.29617274
vn 0.46326074 -0.62303853 0.630248
vn 0.40571344 -0.9026676 0.14348477
vn 0.9672157 -0.25001436 0.044570807
vn 0.84804624 -0.29296774 -0.44157383
vn 0.6113848 0.61551404 -0.49734417
vn 0.90287054 -0.2334028 -0.36103737
vn 0.70521784 0.64415795 -0.29618952
vn 0.94925624 -0.26982418 0.16157837
vn 0.7434447 0.60192823 0.2915004
vn 0.45966592 -0.8836166 0.08904512
vn 0.37725005 -0.8301035 -0.41062203
vn 0.34257025 -0.5863815 0.73403156
vn 0.652363 -0.19245338 0.733065
vn 0.51909614 0.40828353 0.7508953
vn -0.45380294 -0.64828396 0.61138433
vn -0.5348565 -0.6910862 -0.48613614
vn -0.85109717 -0.11447254 -0.5123765
vn -0.8824719 -0.12100573 0.45453385
vn -0.48506346 -0.2693038 0.8319789
vn -0.7845485 0.17559624 -0.5946843
vn -0.9126048 0.13067885 0.38739574
vn -0.48416156 -0.16466989 0.8593437
vn -0.74572986 0.1776139 -0.6421372
vn -0.7034872 -0.37841493 0.6015878
vn -0.97063994 0.15378395 0.18495591
vn -0.5620204 0.58967835 -0.5800108
vn -0.495934 0.85908836 0.1265565
vn -0.51511914 0.8037685 0.29767174
vn -0.9819406 0.033065252 0.18627745
vn -0.4246284 0.9012474 0.08627773
vn -0.6316229 -0.6929619 0.347644
vn -0.98815024 0.13412865 0.07462376
vn -0.6197999 -0.77130306 0.14470541
vn -0.8380901 0.22057025 -0.49895257
vn -0.4778849 -0.703557 -0.5259597
vn 0.3700511 -0.7483698 0.5504588
vn 0.40235558 -0.76066893 -0.5094043
vn -0.5348565 -0.6910862 -0.48613614
vn -0.45380294 -0.64828396 0.61138433
vn -0.25539514 0.832875 -0.4910117
vn -0.98815024 0.13412865 0.07462376
vn -0.4246284 0.9012474 0.08627773
vn -0.8380901 0.22057025 -0.49895257
vn -0.21228927 0.96838945 -0.13097747
vn 0.70521784 0.64415795 -0.29618952
vn 0.6113848 0.61551404 -0.49734417
vn -0.9145717 0.26810262 -0.30278662
vn -0.4778849 -0.703557 -0.5259597
vn -0.57247764 -0.7138966 -0.4032631
vn 0.75201786 -0.23765633 -0.6148077
vn 0.74550664 -0.027027903 -0.66594994
vn 0.671916 -0.03884255 -0.7396081
vn 0.40235558 -0.76066893 -0.5094043
vn -0.5620204 0.58967835 -0.5800108
vn 0.6541417 0.49678776 -0.57035136
vn -0.5348565 -0.6910862 -0.48613614
vn -0.74572986 0.1776139 -0.6421372
vn -0.7845485 0.17559624 -0.5946843
vn -0.85109717 -0.11447254 -0.5123765
vn 0.37725005 -0.8301035 -0.41062203
vn 0.90287054 -0.2334028 -0.36103737
vn 0.84804624 -0.29296774 -0.44157383
vn 0.34850258 -0.8508073 -0.39328474
vn 0.9672157 -0.25001436 0.044570807
vn 0.40571344 -0.9026676 0.14348477
vn -0.57247764 -0.7138966 -0.4032631
vn -0.4778849 -0.703557 -0.5259597
vn -0.47929224 -0.86174256 0.16636941
vn -0.6197999 -0.77130306 0.14470541
vn 0.45966592 -0.8836166 0.08904512
vn -0.2893167 -0.5943229 0.7503841
vn 0.34257025 -0.5863815 0.73403156
vn 0.37475106 -0.8785461 0.29617274
vn -0.6316229 -0.6929619 0.347644
vn 0.46326074 -0.62303853 0.630248
vn -0.7034872 -0.37841493 0.6015878
vn 0.7434447 0.60192823 0.2915004
vn -0.21228927 0.96838945 -0.13097747
vn 0.70521784 0.64415795 -0.29618952
vn -0.26575336 0.8841223 0.38432133
vn 0.51909614 0.40828353 0.7508953
vn -0.19134124 0.545264 0.81613463
vn -0.26575336 0.8841223 0.38432133
vn -0.9145717 0.26810262 -0.30278662
vn -0.21228927 0.96838945 -0.13097747
vn -0.95936567 0.08466734 0.26916346
vn -0.19134124 0.545264 0.81613463
vn -0.57247764 -0.7138966 -0.4032631
vn -0.64954305 0.06153017 0.7578309
vn -0.47929224 -0.86174256 0.16636941
vn -0.2893167 -0.5943229 0.7503841
vn -0.3342008 0.93222356 -0.13881332
vn -0.9327385 0.14204901 -0.33139235
vn -0.5776227 0.199895 -0.7914506
vn -0.24182773 0.7003252 -0.6716129
vn -0.28688425 -0.39501897 -0.87272996
vn 0.24562797 -0.3934752 -0.8859144
vn 0.3947109 0.49245527 -0.7756875
vn 0.54495615 -0.050405893 -0.8369481
vn 0.51909614 0.40828353 0.7508953
vn 0.652363 -0.19245338 0.733065
vn 0.34257025 -0.5863815 0.73403156
vn -0.19134124 0.545264 0.81613463
vn -0.2893167 -0.5943229 0.7503841
vn -0.64954305 0.06153017 0.7578309
vn -0.40093437 0.44123664 -0.8028461
vn -0.32865775 0.3549833 -0.8751977
vn -0.15109566 0.7036971 -0.69424826
vn -0.56153953 0.724976 -0.39885235
vn 0.15132952 -0.11954082 -0.98122853
vn -0.73305047 0.29055238 -0.6149929
vn -0.29953697 0.16448903 -0.93979836
vn -0.96082264 0.17932393 -0.21133585
vn -0.32060465 -0.63695234 -0.70107365
vn -0.6318601 -0.24231496 -0.7362312
vn -0.29788136 -0.0627708 -0.95253694
vn -0.7569933 -0.48046252 -0.44285104
vn 0.40093315 0.44123662 -0.8028468
vn 0.15109545 0.7036969 -0.69424844
vn 0.32865712 0.3549831 -0.87519795
vn 0.5615388 0.72497624 -0.398853
vn -0.15132944 -0.11954057 -0.98122853
vn 0.73305035 0.29055214 -0.6149932
vn 0.299537 0.16448896 -0.93979836
vn 0.96082264 0.17932384 -0.21133599
vn 0.32060453 -0.6369524 -0.70107365
vn 0.6318603 -0.24231498 -0.73623085
vn 0.29788145 -0.06277094 -0.9525368
vn 0.7569933 -0.48046255 -0.44285086
g FoxWizard_0
f 3/3/3 2/2/2 1/1/1
f 6/6/6 5/5/5 4/4/4
f 9/9/9 8/8/8 7/7/7
f 12/12/12 11/11/11 10/10/10
f 15/15/15 14/14/14 13/13/13
f 18/18/18 17/17/17 16/16/16
f 21/21/21 20/20/20 19/19/19
f 24/24/24 23/23/23 22/22/22
f 27/27/27 26/26/26 25/25/25
f 30/30/30 29/29/29 28/28/28
f 33/33/33 32/32/32 31/31/31
f 36/36/36 35/35/35 34/34/34
f 39/39/39 38/38/38 37/37/37
f 42/42/42 41/41/41 40/40/40
f 45/45/45 44/44/44 43/43/43
f 48/48/48 47/47/47 46/46/46
f 51/51/51 50/50/50 49/49/49
f 54/54/54 53/53/53 52/52/52
f 57/57/57 56/56/56 55/55/55
f 60/60/60 59/59/59 58/58/58
f 63/63/63 62/62/62 61/61/61
f 66/66/66 65/65/65 64/64/64
f 69/69/69 68/68/68 67/67/67
f 72/72/72 71/71/71 70/70/70
f 75/75/75 74/74/74 73/73/73
f 78/78/78 77/77/77 76/76/76
f 81/81/81 80/80/80 79/79/79
f 84/84/84 83/83/83 82/82/82
f 87/87/87 86/86/86 85/85/85
f 90/90/90 89/89/89 88/88/88
f 93/93/93 92/92/92 91/91/91
f 96/96/96 95/95/95 94/94/94
f 99/99/99 98/98/98 97/97/97
f 102/102/102 101/101/101 100/100/100
f 105/105/105 104/104/104 103/103/103
f 108/108/108 107/107/107 106/106/106
f 111/111/111 110/110/110 109/109/109
f 114/114/114 113/113/113 112/112/112
f 117/117/117 116/116/116 115/115/115
f 120/120/120 119/119/119 118/118/118
f 123/123/123 122/122/122 121/121/121
f 122/122/122 124/124/124 121/121/121
f 121/121/121 124/124/124 125/125/125
f 124/124/124 126/126/126 125/125/125
f 125/125/125 126/126/126 127/127/127
f 126/126/126 128/128/128 127/127/127
f 128/128/128 129/129/129 127/127/127
f 129/129/129 130/130/130 127/127/127
f 130/130/130 131/131/131 127/127/127
f 131/131/131 132/132/132 127/127/127
f 131/131/131 133/133/133 132/132/132
f 133/133/133 134/134/134 132/132/132
f 137/137/137 136/136/136 135/135/135
f 138/138/138 137/137/137 135/135/135
f 135/135/135 139/139/139 138/138/138
f 140/140/140 137/137/137 138/138/138
f 139/139/139 141/141/141 138/138/138
f 142/142/142 140/140/140 138/138/138
f 138/138/138 141/141/141 142/142/142
f 141/141/141 143/143/143 142/142/142
f 146/146/146 145/145/145 144/144/144
f 147/147/147 146/146/146 144/144/144
f 147/147/147 144/144/144 148/148/148
f 147/147/147 148/148/148 149/149/149
f 148/148/148 144/144/144 150/150/150
f 144/144/144 151/151/151 150/150/150
f 148/148/148 152/152/152 149/149/149
f 148/148/148 150/150/150 152/152/152
f 149/149/149 152/152/152 153/153/153
f 150/150/150 154/154/154 152/152/152
f 152/152/152 155/155/155 153/153/153
f 152/152/152 154/154/154 155/155/155
f 153/153/153 155/155/155 156/156/156
f 154/154/154 157/157/157 155/155/155
f 155/155/155 158/158/158 156/156/156
f 155/155/155 157/157/157 158/158/158
f 157/157/157 159/159/159 158/158/158
f 162/162/162 161/161/161 160/160/160
f 163/163/163 162/162/162 160/160/160
f 164/164/164 162/162/162 163/163/163
f 165/165/165 164/164/164 163/163/163
f 166/166/166 165/165/165 163/163/163
f 167/167/167 163/163/163 160/160/160
f 167/167/167 166/166/166 163/163/163
f 168/168/168 167/167/167 160/160/160
f 169/169/169 166/166/166 167/167/167
f 170/170/170 167/167/167 168/168/168
f 170/170/170 169/169/169 167/167/167
f 171/171/171 169/169/169 170/170/170
f 172/172/172 170/170/170 168/168/168
f 173/173/173 171/171/171 170/170/170
f 173/173/173 170/170/170 172/172/172
f 174/174/174 173/173/173 172/172/172
f 177/177/177 176/176/176 175/175/175
f 176/176/176 178/178/178 175/175/175
f 175/175/175 178/178/178 179/179/179
f 178/178/178 180/180/180 179/179/179
f 179/179/179 180/180/180 181/181/181
f 180/180/180 182/182/182 181/181/181
f 180/180/180 183/183/183 182/182/182
f 183/183/183 184/184/184 182/182/182
f 181/181/181 182/182/182 185/185/185
f 182/182/182 186/186/186 185/185/185
f 185/185/185 186/186/186 187/187/187
f 186/186/186 188/188/188 187/187/187
f 191/191/191 190/190/190 189/189/189
f 190/190/190 192/192/192 189/189/189
f 189/189/189 192/192/192 193/193/193
f 192/192/192 194/194/194 193/193/193
f 194/194/194 195/195/195 193/193/193
f 195/195/195 196/196/196 193/193/193
f 193/193/193 196/196/196 189/189/189
f 196/196/196 197/197/197 189/189/189
f 200/200/200 199/199/199 198/198/198
f 201/201/201 200/200/200 198/198/198
f 201/201/201 198/198/198 202/202/202
f 203/203/203 200/200/200 201/201/201
f 200/200/200 203/203/203 204/204/204
f 205/205/205 204/204/204 203/203/203
f 206/206/206 203/203/203 201/201/201
f 207/207/207 201/201/201 202/202/202
f 207/207/207 202/202/202 208/208/208
f 208/208/208 209/209/209 207/207/207
f 207/207/207 209/209/209 210/210/210
f 211/211/211 207/207/207 210/210/210
f 201/201/201 207/207/207 211/211/211
f 212/212/212 201/201/201 211/211/211
f 215/215/215 214/214/214 213/213/213
f 215/215/215 216/216/216 214/214/214
f 216/216/216 217/217/217 214/214/214
f 218/218/218 217/217/217 216/216/216
f 218/218/218 219/219/219 217/217/217
f 219/219/219 220/220/220 217/217/217
f 223/223/223 222/222/222 221/221/221
f 224/224/224 223/223/223 221/221/221
f 224/224/224 225/225/225 223/223/223
f 225/225/225 226/226/226 223/223/223
f 226/226/226 225/225/225 227/227/227
f 228/228/228 226/226/226 227/227/227
f 227/227/227 225/225/225 229/229/229
f 230/230/230 227/227/227 229/229/229
f 233/233/233 232/232/232 231/231/231
f 232/232/232 234/234/234 231/231/231
f 231/231/231 234/234/234 235/235/235
f 234/234/234 232/232/232 236/236/236
f 236/236/236 232/232/232 237/237/237
f 238/238/238 236/236/236 237/237/237
f 234/234/234 236/236/236 239/239/239
f 234/234/234 240/240/240 235/235/235
f 240/240/240 234/234/234 239/239/239
f 235/235/235 240/240/240 241/241/241
f 240/240/240 239/239/239 241/241/241
f 242/242/242 235/235/235 241/241/241
f 239/239/239 243/243/243 241/241/241
f 242/242/242 241/241/241 244/244/244
f 241/241/241 243/243/243 244/244/244
f 243/243/243 245/245/245 244/244/244
f 246/246/246 242/242/242 244/244/244
f 244/244/244 247/247/247 246/246/246
f 247/247/247 248/248/248 246/246/246
f 251/251/251 250/250/250 249/249/249
f 249/249/249 250/250/250 252/252/252
f 255/255/255 254/254/254 253/253/253
f 256/256/256 255/255/255 253/253/253
f 256/256/256 253/253/253 257/257/257
f 258/258/258 257/257/257 253/253/253
f 259/259/259 258/258/258 253/253/253
f 257/257/257 258/258/258 260/260/260
f 258/258/258 261/261/261 260/260/260
f 264/264/264 263/263/263 262/262/262
f 263/263/263 265/265/265 262/262/262
f 265/265/265 266/266/266 262/262/262
f 266/266/266 267/267/267 262/262/262
f 270/270/270 269/269/269 268/268/268
f 271/271/271 270/270/270 268/268/268
f 272/272/272 270/270/270 271/271/271
f 271/271/271 273/273/273 272/272/272
f 274/274/274 270/270/270 272/272/272
f 275/275/275 274/274/274 272/272/272
f 278/278/278 277/277/277 276/276/276
f 279/279/279 278/278/278 276/276/276
f 282/282/282 281/281/281 280/280/280
f 281/281/281 283/283/283 280/280/280
f 283/283/283 284/284/284 280/280/280
f 284/284/284 285/285/285 280/280/280
f 288/288/288 287/287/287 286/286/286
f 286/286/286 287/287/287 289/289/289
f 287/287/287 290/290/290 289/289/289
f 289/289/289 290/290/290 291/291/291
f 290/290/290 292/292/292 291/291/291
f 291/291/291 292/292/292 293/293/293
f 294/294/294 292/292/292 290/290/290
f 295/295/295 294/294/294 290/290/290
f 295/295/295 296/296/296 294/294/294
f 292/292/292 297/297/297 293/293/293
f 294/294/294 297/297/297 292/292/292
f 297/297/297 298/298/298 293/293/293
f 297/297/297 299/299/299 298/298/298
f 297/297/297 294/294/294 299/299/299
f 294/294/294 296/296/296 299/299/299
f 296/296/296 300/300/300 299/299/299
f 303/303/303 302/302/302 301/301/301
f 304/304/304 303/303/303 301/301/301
f 307/307/307 306/306/306 305/305/305
f 308/308/308 307/307/307 305/305/305
f 309/309/309 308/308/308 305/305/305
f 310/310/310 309/309/309 305/305/305
f 305/305/305 311/311/311 310/310/310
f 312/312/312 309/309/309 310/310/310
f 311/311/311 313/313/313 310/310/310
f 314/314/314 312/312/312 310/310/310
f 313/313/313 314/314/314 310/310/310
f 317/317/317 316/316/316 315/315/315
f 318/318/318 317/317/317 315/315/315
f 318/318/318 319/319/319 317/317/317
f 320/320/320 319/319/319 318/318/318
f 320/320/320 318/318/318 321/321/321
f 315/315/315 322/322/322 318/318/318
f 323/323/323 322/322/322 315/315/315
f 318/318/318 324/324/324 321/321/321
f 318/318/318 322/322/322 324/324/324
f 324/324/324 325/325/325 321/321/321
f 325/325/325 324/324/324 326/326/326
f 324/324/324 322/322/322 327/327/327
f 322/322/322 328/328/328 327/327/327
f 327/327/327 328/328/328 329/329/329
f 324/324/324 327/327/327 330/330/330
f 326/326/326 324/324/324 330/330/330
f 330/330/330 327/327/327 329/329/329
f 326/326/326 330/330/330 331/331/331
f 329/329/329 331/331/331 330/330/330
f 329/329/329 332/332/332 331/331/331
f 326/326/326 331/331/331 333/333/333
f 331/331/331 332/332/332 334/334/334
f 331/331/331 334/334/334 333/333/333
f 334/334/334 335/335/335 333/333/333
f 335/335/335 334/334/334 336/336/336
f 336/336/336 334/334/334 337/337/337
f 338/338/338 335/335/335 336/336/336
f 341/341/341 340/340/340 339/339/339
f 339/339/339 340/340/340 342/342/342
f 343/343/343 342/342/342 340/340/340
f 344/344/344 339/339/339 342/342/342
f 344/344/344 342/342/342 343/343/343
f 344/344/344 345/345/345 339/339/339
f 346/346/346 344/344/344 343/343/343
f 346/346/346 343/343/343 347/347/347
f 343/343/343 348/348/348 347/347/347
f 351/351/351 350/350/350 349/349/349
f 351/351/351 352/352/352 350/350/350
f 351/351/351 353/353/353 352/352/352
f 353/353/353 351/351/351 354/354/354
f 357/357/357 356/356/356 355/355/355
f 358/358/358 355/355/355 356/356/356
f 361/361/361 360/360/360 359/359/359
f 362/362/362 360/360/360 361/361/361
f 363/363/363 362/362/362 361/361/361
f 363/363/363 361/361/361 364/364/364
f 365/365/365 364/364/364 361/361/361
f 366/366/366 363/363/363 364/364/364
f 364/364/364 367/367/367 366/366/366
f 370/370/370 369/369/369 368/368/368
f 368/368/368 371/371/371 370/370/370
f 371/371/371 368/368/368 372/372/372
f 368/368/368 373/373/373 372/372/372
f 374/374/374 372/372/372 373/373/373
f 374/374/374 373/373/373 375/375/375
f 376/376/376 374/374/374 375/375/375
f 377/377/377 374/374/374 376/376/376
f 377/377/377 376/376/376 378/378/378
f 379/379/379 377/377/377 378/378/378
f 382/382/382 381/381/381 380/380/380
f 383/383/383 382/382/382 380/380/380
f 386/386/386 385/385/385 384/384/384
f 385/385/385 387/387/387 384/384/384
f 388/388/388 387/387/387 385/385/385
f 389/389/389 388/388/388 385/385/385
f 392/392/392 391/391/391 390/390/390
f 393/393/393 392/392/392 390/390/390
f 396/396/396 395/395/395 394/394/394
f 397/397/397 396/396/396 394/394/394
f 400/400/400 399/399/399 398/398/398
f 400/400/400 401/401/401 399/399/399
f 404/404/404 403/403/403 402/402/402
f 405/405/405 404/404/404 402/402/402
f 408/408/408 407/407/407 406/406/406
f 409/409/409 408/408/408 406/406/406
f 412/412/412 411/411/411 410/410/410
f 413/413/413 412/412/412 410/410/410
f 416/416/416 415/415/415 414/414/414
f 415/415/415 417/417/417 414/414/414
f 414/414/414 417/417/417 418/418/418
f 419/419/419 414/414/414 418/418/418
f 422/422/422 421/421/421 420/420/420
f 423/423/423 422/422/422 420/420/420
f 426/426/426 425/425/425 424/424/424
f 424/424/424 427/427/427 426/426/426
f 427/427/427 428/428/428 426/426/426
f 427/427/427 429/429/429 428/428/428
f 432/432/432 431/431/431 430/430/430
f 431/431/431 433/433/433 430/430/430
f 430/430/430 433/433/433 434/434/434
f 433/433/433 431/431/431 435/435/435
f 433/433/433 436/436/436 434/434/434
f 436/436/436 433/433/433 435/435/435
f 439/439/439 438/438/438 437/437/437
f 440/440/440 439/439/439 437/437/437
f 443/443/443 442/442/442 441/441/441
f 444/444/444 443/443/443 441/441/441
f 441/441/441 445/445/445 444/444/444
f 445/445/445 446/446/446 444/444/444
f 449/449/449 448/448/448 447/447/447
f 450/450/450 449/449/449 447/447/447
f 451/451/451 450/450/450 447/447/447
f 450/450/450 451/451/451 449/449/449
f 452/452/452 451/451/451 447/447/447
f 451/451/451 453/453/453 449/449/449
f 456/456/456 455/455/455 454/454/454
f 457/457/457 456/456/456 454/454/454
f 460/460/460 459/459/459 458/458/458
f 461/461/461 460/460/460 458/458/458
f 464/464/464 463/463/463 462/462/462
f 462/462/462 465/465/465 464/464/464
f 462/462/462 466/466/466 465/465/465
f 462/462/462 467/467/467 466/466/466
f 470/470/470 469/469/469 468/468/468
f 471/471/471 470/470/470 468/468/468
f 468/468/468 472/472/472 471/471/471
f 472/472/472 473/473/473 471/471/471
f 476/476/476 475/475/475 474/474/474
f 477/477/477 476/476/476 474/474/474
f 480/480/480 479/479/479 478/478/478
f 479/479/479 481/481/481 478/478/478
f 478/478/478 481/481/481 482/482/482
f 481/481/481 483/483/483 482/482/482
f 486/486/486 485/485/485 484/484/484
f 487/487/487 486/486/486 484/484/484
f 488/488/488 486/486/486 487/487/487
f 489/489/489 488/488/488 487/487/487
f 492/492/492 491/491/491 490/490/490
f 493/493/493 492/492/492 490/490/490
f 494/494/494 493/493/493 490/490/490
f 493/493/493 495/495/495 492/492/492
f 495/495/495 496/496/496 492/492/492
f 497/497/497 495/495/495 493/493/493
f 497/497/497 498/498/498 495/495/495
f 494/494/494 499/499/499 493/493/493
f 499/499/499 497/497/497 493/493/493
f 500/500/500 499/499/499 494/494/494
f 494/494/494 501/501/501 500/500/500
f 501/501/501 502/502/502 500/500/500
f 500/500/500 503/503/503 499/499/499
f 503/503/503 497/497/497 499/499/499
f 500/500/500 502/502/502 503/503/503
f 504/504/504 498/498/498 497/497/497
f 503/503/503 504/504/504 497/497/497
f 504/504/504 505/505/505 498/498/498
f 505/505/505 506/506/506 498/498/498
f 507/507/507 506/506/506 505/505/505
f 502/502/502 508/508/508 503/503/503
f 503/503/503 508/508/508 504/504/504
f 504/504/504 509/509/509 505/505/505
f 508/508/508 509/509/509 504/504/504
f 510/510/510 507/507/507 505/505/505
f 511/511/511 507/507/507 510/510/510
f 512/512/512 511/511/511 510/510/510
f 513/513/513 512/512/512 510/510/510
f 513/513/513 510/510/510 505/505/505
f 514/514/514 512/512/512 513/513/513
f 515/515/515 505/505/505 509/509/509
f 515/515/515 513/513/513 505/505/505
f 516/516/516 514/514/514 513/513/513
f 516/516/516 513/513/513 515/515/515
f 517/517/517 514/514/514 516/516/516
f 518/518/518 517/517/517 516/516/516
f 518/518/518 516/516/516 519/519/519
f 519/519/519 516/516/516 515/515/515
f 520/520/520 518/518/518 519/519/519
f 520/520/520 519/519/519 521/521/521
f 519/519/519 515/515/515 521/521/521
f 522/522/522 520/520/520 521/521/521
f 523/523/523 515/515/515 509/509/509
f 515/515/515 523/523/523 521/521/521
f 523/523/523 509/509/509 508/508/508
f 522/522/522 521/521/521 524/524/524
f 521/521/521 523/523/523 524/524/524
f 525/525/525 522/522/522 524/524/524
f 526/526/526 523/523/523 508/508/508
f 523/523/523 526/526/526 524/524/524
f 525/525/525 524/524/524 527/527/527
f 524/524/524 526/526/526 527/527/527
f 528/528/528 525/525/525 527/527/527
f 529/529/529 526/526/526 508/508/508
f 526/526/526 529/529/529 527/527/527
f 527/527/527 529/529/529 530/530/530
f 508/508/508 502/502/502 529/529/529
f 502/502/502 531/531/531 529/529/529
f 534/534/534 533/533/533 532/532/532
f 533/533/533 535/535/535 532/532/532
f 533/533/533 536/536/536 535/535/535
f 536/536/536 537/537/537 535/535/535
f 536/536/536 538/538/538 537/537/537
f 538/538/538 539/539/539 537/537/537
f 540/540/540 539/539/539 538/538/538
f 541/541/541 540/540/540 538/538/538
f 544/544/544 543/543/543 542/542/542
f 545/545/545 544/544/544 542/542/542
f 548/548/548 547/547/547 546/546/546
f 549/549/549 548/548/548 546/546/546
f 550/550/550 548/548/548 549/549/549
f 551/551/551 550/550/550 549/549/549
f 552/552/552 550/550/550 551/551/551
f 553/553/553 552/552/552 551/551/551
f 553/553/553 551/551/551 554/554/554
f 557/557/557 556/556/556 555/555/555
f 558/558/558 557/557/557 555/555/555
f 559/559/559 558/558/558 555/555/555
f 558/558/558 560/560/560 557/557/557
f 561/561/561 560/560/560 558/558/558
f 564/564/564 563/563/563 562/562/562
f 563/563/563 565/565/565 562/562/562
f 562/562/562 565/565/565 566/566/566
f 565/565/565 567/567/567 566/566/566
f 570/570/570 569/569/569 568/568/568
f 569/569/569 571/571/571 568/568/568
f 568/568/568 571/571/571 572/572/572
f 571/571/571 573/573/573 572/572/572
f 576/576/576 575/575/575 574/574/574
f 575/575/575 577/577/577 574/574/574
f 575/575/575 578/578/578 577/577/577
f 578/578/578 579/579/579 577/577/577
f 579/579/579 580/580/580 577/577/577
f 580/580/580 581/581/581 577/577/577
f 584/584/584 583/583/583 582/582/582
f 583/583/583 585/585/585 582/582/582
f 582/582/582 585/585/585 586/586/586
f 583/583/583 587/587/587 585/585/585
f 588/588/588 582/582/582 586/586/586
f 585/585/585 587/587/587 589/589/589
f 590/590/590 588/588/588 586/586/586
f 589/589/589 591/591/591 585/585/585
f 592/592/592 591/591/591 589/589/589
f 589/589/589 593/593/593 592/592/592
f 592/592/592 593/593/593 594/594/594
f 585/585/585 591/591/591 595/595/595
f 585/585/585 595/595/595 586/586/586
f 591/591/591 596/596/596 595/595/595
f 591/591/591 592/592/592 596/596/596
f 595/595/595 596/596/596 597/597/597
f 595/595/595 597/597/597 586/586/586
f 596/596/596 598/598/598 597/597/597
f 596/596/596 592/592/592 598/598/598
f 592/592/592 594/594/594 599/599/599
f 599/599/599 594/594/594 600/600/600
f 597/597/597 601/601/601 586/586/586
f 597/597/597 598/598/598 601/601/601
f 586/586/586 602/602/602 590/590/590
f 601/601/601 602/602/602 586/586/586
f 592/592/592 603/603/603 598/598/598
f 592/592/592 599/599/599 603/603/603
f 599/599/599 600/600/600 604/604/604
f 599/599/599 604/604/604 603/603/603
f 600/600/600 605/605/605 604/604/604
f 598/598/598 606/606/606 601/601/601
f 598/598/598 603/603/603 606/606/606
f 604/604/604 605/605/605 607/607/607
f 605/605/605 608/608/608 607/607/607
f 603/603/603 604/604/604 609/609/609
f 603/603/603 609/609/609 606/606/606
f 604/604/604 607/607/607 609/609/609
f 607/607/607 608/608/608 610/610/610
f 608/608/608 611/611/611 610/610/610
f 607/607/607 610/610/610 612/612/612
f 609/609/609 607/607/607 612/612/612
f 609/609/609 612/612/612 613/613/613
f 606/606/606 609/609/609 613/613/613
f 606/606/606 613/613/613 614/614/614
f 601/601/601 606/606/606 614/614/614
f 601/601/601 614/614/614 602/602/602
f 614/614/614 615/615/615 602/602/602
f 602/602/602 615/615/615 616/616/616
f 615/615/615 617/617/617 616/616/616
f 602/602/602 616/616/616 590/590/590
f 617/617/617 618/618/618 616/616/616
f 616/616/616 619/619/619 590/590/590
f 618/618/618 620/620/620 616/616/616
f 616/616/616 620/620/620 619/619/619
f 623/623/623 622/622/622 621/621/621
f 624/624/624 623/623/623 621/621/621
f 625/625/625 623/623/623 624/624/624
f 626/626/626 625/625/625 624/624/624
f 627/627/627 625/625/625 626/626/626
f 628/628/628 627/627/627 626/626/626
f 631/631/631 630/630/630 629/629/629
f 632/632/632 631/631/631 629/629/629
f 632/632/632 629/629/629 633/633/633
f 634/634/634 632/632/632 633/633/633
f 634/634/634 635/635/635 632/632/632
f 632/632/632 636/636/636 631/631/631
f 635/635/635 636/636/636 632/632/632
f 635/635/635 637/637/637 636/636/636
f 636/636/636 638/638/638 631/631/631
f 637/637/637 639/639/639 636/636/636
f 636/636/636 639/639/639 638/638/638
f 639/639/639 640/640/640 638/638/638
f 643/643/643 642/642/642 641/641/641
f 644/644/644 643/643/643 641/641/641
f 644/644/644 641/641/641 645/645/645
f 646/646/646 644/644/644 645/645/645
f 646/646/646 647/647/647 644/644/644
f 647/647/647 648/648/648 644/644/644
f 644/644/644 648/648/648 643/643/643
f 647/647/647 649/649/649 648/648/648
f 648/648/648 650/650/650 643/643/643
f 643/643/643 650/650/650 651/651/651
f 650/650/650 652/652/652 651/651/651
f 649/649/649 653/653/653 648/648/648
f 648/648/648 653/653/653 650/650/650
f 649/649/649 654/654/654 653/653/653
f 650/650/650 655/655/655 652/652/652
f 653/653/653 655/655/655 650/650/650
f 655/655/655 656/656/656 652/652/652
f 654/654/654 657/657/657 653/653/653
f 653/653/653 657/657/657 655/655/655
f 654/654/654 658/658/658 657/657/657
f 655/655/655 659/659/659 656/656/656
f 657/657/657 659/659/659 655/655/655
f 657/657/657 660/660/660 659/659/659
f 659/659/659 661/661/661 656/656/656
f 659/659/659 662/662/662 661/661/661
f 662/662/662 663/663/663 661/661/661
f 666/666/666 665/665/665 664/664/664
f 665/665/665 667/667/667 664/664/664
f 665/665/665 668/668/668 667/667/667
f 668/668/668 669/669/669 667/667/667
f 665/665/665 670/670/670 668/668/668
f 670/670/670 671/671/671 668/668/668
f 670/670/670 672/672/672 671/671/671
f 672/672/672 673/673/673 671/671/671
f 676/676/676 675/675/675 674/674/674
f 677/677/677 676/676/676 674/674/674
f 677/677/677 674/674/674 678/678/678
f 679/679/679 676/676/676 677/677/677
f 680/680/680 677/677/677 678/678/678
f 681/681/681 679/679/679 677/677/677
f 681/681/681 677/677/677 680/680/680
f 682/682/682 681/681/681 680/680/680
f 685/685/685 684/684/684 683/683/683
f 686/686/686 685/685/685 683/683/683
f 686/686/686 683/683/683 687/687/687
f 688/688/688 686/686/686 687/687/687
f 691/691/691 690/690/690 689/689/689
f 692/692/692 691/691/691 689/689/689
f 693/693/693 691/691/691 692/692/692
f 694/694/694 693/693/693 692/692/692
f 695/695/695 693/693/693 694/694/694
f 696/696/696 695/695/695 694/694/694
f 697/697/697 695/695/695 696/696/696
f 698/698/698 697/697/697 696/696/696
f 699/699/699 697/697/697 698/698/698
f 700/700/700 699/699/699 698/698/698
f 701/701/701 699/699/699 700/700/700
f 702/702/702 701/701/701 700/700/700
f 705/705/705 704/704/704 703/703/703
f 704/704/704 706/706/706 703/703/703
f 704/704/704 707/707/707 706/706/706
f 707/707/707 708/708/708 706/706/706
f 707/707/707 709/709/709 708/708/708
f 709/709/709 710/710/710 708/708/708
f 709/709/709 711/711/711 710/710/710
f 711/711/711 712/712/712 710/710/710
f 711/711/711 713/713/713 712/712/712
f 713/713/713 714/714/714 712/712/712
f 713/713/713 715/715/715 714/714/714
f 715/715/715 716/716/716 714/714/714
f 719/719/719 718/718/718 717/717/717
f 720/720/720 719/719/719 717/717/717
f 721/721/721 719/719/719 720/720/720
f 722/722/722 721/721/721 720/720/720
f 725/725/725 724/724/724 723/723/723
f 726/726/726 725/725/725 723/723/723
f 727/727/727 725/725/725 726/726/726
f 728/728/728 727/727/727 726/726/726
f 731/731/731 730/730/730 729/729/729
f 732/732/732 731/731/731 729/729/729
f 733/733/733 731/731/731 732/732/732
f 734/734/734 733/733/733 732/732/732
f 737/737/737 736/736/736 735/735/735
f 738/738/738 737/737/737 735/735/735
f 741/741/741 740/740/740 739/739/739
f 740/740/740 742/742/742 739/739/739
f 740/740/740 743/743/743 742/742/742
f 743/743/743 744/744/744 742/742/742
f 747/747/747 746/746/746 745/745/745
f 748/748/748 747/747/747 745/745/745
f 751/751/751 750/750/750 749/749/749
f 750/750/750 752/752/752 749/749/749
f 753/753/753 749/749/749 752/752/752
f 754/754/754 753/753/753 752/752/752
f 757/757/757 756/756/756 755/755/755
f 758/758/758 757/757/757 755/755/755
f 755/755/755 759/759/759 758/758/758
f 759/759/759 760/760/760 758/758/758
f 763/763/763 762/762/762 761/761/761
f 764/764/764 763/763/763 761/761/761
f 765/765/765 763/763/763 764/764/764
f 766/766/766 765/765/765 764/764/764
f 769/769/769 768/768/768 767/767/767
f 770/770/770 769/769/769 767/767/767
f 773/773/773 772/772/772 771/771/771
f 774/774/774 773/773/773 771/771/771
f 777/777/777 776/776/776 775/775/775
f 776/776/776 778/778/778 775/775/775
f 776/776/776 779/779/779 778/778/778
f 779/779/779 780/780/780 778/778/778
f 779/779/779 781/781/781 780/780/780
f 781/781/781 782/782/782 780/780/780
f 781/781/781 783/783/783 782/782/782
f 783/783/783 784/784/784 782/782/782
f 787/787/787 786/786/786 785/785/785
f 786/786/786 788/788/788 785/785/785
f 785/785/785 788/788/788 789/789/789
f 786/786/786 790/790/790 788/788/788
f 788/788/788 791/791/791 789/789/789
f 790/790/790 792/792/792 788/788/788
f 788/788/788 792/792/792 791/791/791
f 790/790/790 793/793/793 792/792/792
f 792/792/792 794/794/794 791/791/791
f 793/793/793 795/795/795 792/792/792
f 792/792/792 795/795/795 794/794/794
f 795/795/795 796/796/796 794/794/794
f 793/793/793 797/797/797 795/795/795
f 797/797/797 798/798/798 795/795/795
f 801/801/801 800/800/800 799/799/799
f 800/800/800 802/802/802 799/799/799
f 800/800/800 803/803/803 802/802/802
f 803/803/803 804/804/804 802/802/802
f 803/803/803 805/805/805 804/804/804
f 805/805/805 806/806/806 804/804/804
f 805/805/805 807/807/807 806/806/806
f 807/807/807 808/808/808 806/806/806
f 811/811/811 810/810/810 809/809/809
f 812/812/812 811/811/811 809/809/809
f 813/813/813 811/811/811 812/812/812
f 809/809/809 814/814/814 812/812/812
f 815/815/815 813/813/813 812/812/812
f 814/814/814 816/816/816 812/812/812
f 812/812/812 816/816/816 815/815/815
f 814/814/814 817/817/817 816/816/816
f 816/816/816 818/818/818 815/815/815
f 817/817/817 819/819/819 816/816/816
f 816/816/816 819/819/819 818/818/818
f 817/817/817 820/820/820 819/819/819
f 819/819/819 821/821/821 818/818/818
f 820/820/820 822/822/822 819/819/819
f 819/819/819 822/822/822 821/821/821
f 820/820/820 823/823/823 822/822/822
f 822/822/822 824/824/824 821/821/821
f 823/823/823 825/825/825 822/822/822
f 822/822/822 825/825/825 824/824/824
f 825/825/825 826/826/826 824/824/824
f 829/829/829 828/828/828 827/827/827
f 828/828/828 830/830/830 827/827/827
f 827/827/827 830/830/830 831/831/831
f 830/830/830 828/828/828 832/832/832
f 828/828/828 833/833/833 832/832/832
f 830/830/830 834/834/834 831/831/831
f 831/831/831 834/834/834 835/835/835
f 830/830/830 832/832/832 836/836/836
f 836/836/836 834/834/834 830/830/830
f 834/834/834 836/836/836 835/835/835
f 836/836/836 832/832/832 837/837/837
f 835/835/835 836/836/836 837/837/837
f 840/840/840 839/839/839 838/838/838
f 839/839/839 841/841/841 838/838/838
f 838/838/838 841/841/841 842/842/842
f 843/843/843 841/841/841 839/839/839
f 841/841/841 843/843/843 842/842/842
f 842/842/842 843/843/843 844/844/844
f 839/839/839 845/845/845 843/843/843
f 843/843/843 846/846/846 844/844/844
f 845/845/845 846/846/846 843/843/843
f 844/844/844 846/846/846 847/847/847
f 845/845/845 848/848/848 846/846/846
f 846/846/846 848/848/848 847/847/847
f 848/848/848 845/845/845 849/849/849
f 847/847/847 848/848/848 849/849/849
f 852/852/852 851/851/851 850/850/850
f 850/850/850 853/853/853 852/852/852
f 853/853/853 854/854/854 852/852/852
f 857/857/857 856/856/856 855/855/855
f 856/856/856 858/858/858 855/855/855
f 856/856/856 859/859/859 858/858/858
f 858/858/858 860/860/860 855/855/855
f 860/860/860 861/861/861 855/855/855
f 862/862/862 855/855/855 861/861/861
f 863/863/863 862/862/862 861/861/861
f 864/864/864 860/860/860 858/858/858
f 860/860/860 864/864/864 865/865/865
f 864/864/864 866/866/866 865/865/865
f 859/859/859 867/867/867 858/858/858
f 867/867/867 864/864/864 858/858/858
f 868/868/868 867/867/867 859/859/859
f 867/867/867 868/868/868 864/864/864
f 869/869/869 868/868/868 859/859/859
f 864/864/864 870/870/870 866/866/866
f 868/868/868 870/870/870 864/864/864
f 870/870/870 871/871/871 866/866/866
f 870/870/870 868/868/868 872/872/872
f 868/868/868 873/873/873 872/872/872
f 868/868/868 869/869/869 873/873/873
f 869/869/869 874/874/874 873/873/873
f 862/862/862 863/863/863 875/875/875
f 876/876/876 862/862/862 875/875/875
f 875/875/875 863/863/863 877/877/877
f 863/863/863 878/878/878 877/877/877
f 876/876/876 875/875/875 879/879/879
f 880/880/880 876/876/876 879/879/879
f 880/880/880 879/879/879 881/881/881
f 882/882/882 880/880/880 881/881/881
f 882/882/882 881/881/881 883/883/883
f 884/884/884 882/882/882 883/883/883
f 883/883/883 881/881/881 885/885/885
f 881/881/881 886/886/886 885/885/885
f 881/881/881 887/887/887 886/886/886
f 881/881/881 888/888/888 887/887/887
f 891/891/891 890/890/890 889/889/889
f 892/892/892 891/891/891 889/889/889
f 892/892/892 889/889/889 893/893/893
f 894/894/894 892/892/892 893/893/893
f 894/894/894 893/893/893 895/895/895
f 896/896/896 892/892/892 894/894/894
f 897/897/897 896/896/896 894/894/894
f 898/898/898 894/894/894 895/895/895
f 898/898/898 895/895/895 899/899/899
f 900/900/900 898/898/898 899/899/899
f 900/900/900 899/899/899 901/901/901
f 902/902/902 900/900/900 901/901/901
f 903/903/903 900/900/900 902/902/902
f 904/904/904 903/903/903 902/902/902
f 891/891/891 892/892/892 905/905/905
f 906/906/906 891/891/891 905/905/905
f 907/907/907 891/891/891 906/906/906
f 908/908/908 906/906/906 905/905/905
f 909/909/909 908/908/908 905/905/905
f 909/909/909 905/905/905 910/910/910
f 911/911/911 909/909/909 910/910/910
f 909/909/909 911/911/911 912/912/912
f 911/911/911 913/913/913 912/912/912
f 912/912/912 913/913/913 914/914/914
f 915/915/915 912/912/912 914/914/914
f 916/916/916 907/907/907 906/906/906
f 916/916/916 906/906/906 917/917/917
f 918/918/918 916/916/916 917/917/917
f 916/916/916 919/919/919 907/907/907
f 919/919/919 920/920/920 907/907/907
f 921/921/921 920/920/920 919/919/919
f 922/922/922 921/921/921 919/919/919
f 921/921/921 922/922/922 923/923/923
f 922/922/922 924/924/924 923/923/923
f 927/927/927 926/926/926 925/925/925
f 926/926/926 928/928/928 925/925/925
f 929/929/929 925/925/925 928/928/928
f 930/930/930 925/925/925 929/929/929
f 931/931/931 930/930/930 929/929/929
f 930/930/930 931/931/931 932/932/932
f 931/931/931 933/933/933 932/932/932
f 934/934/934 929/929/929 928/928/928
f 934/934/934 928/928/928 935/935/935
f 934/934/934 935/935/935 936/936/936
f 928/928/928 937/937/937 935/935/935
f 938/938/938 934/934/934 936/936/936
f 937/937/937 928/928/928 939/939/939
f 938/938/938 936/936/936 940/940/940
f 941/941/941 937/937/937 939/939/939
f 942/942/942 938/938/938 940/940/940
f 942/942/942 940/940/940 943/943/943
f 944/944/944 938/938/938 942/942/942
f 941/941/941 939/939/939 945/945/945
f 946/946/946 941/941/941 945/945/945
f 947/947/947 942/942/942 943/943/943
f 947/947/947 943/943/943 948/948/948
f 949/949/949 947/947/947 948/948/948
f 947/947/947 949/949/949 950/950/950
f 951/951/951 944/944/944 942/942/942
f 942/942/942 947/947/947 951/951/951
f 952/952/952 947/947/947 950/950/950
f 947/947/947 952/952/952 951/951/951
f 952/952/952 950/950/950 953/953/953
f 954/954/954 952/952/952 953/953/953
f 954/954/954 955/955/955 952/952/952
f 955/955/955 951/951/951 952/952/952
f 944/944/944 951/951/951 955/955/955
f 956/956/956 944/944/944 955/955/955
f 946/946/946 945/945/945 957/957/957
f 958/958/958 946/946/946 957/957/957
f 958/958/958 957/957/957 959/959/959
f 959/959/959 957/957/957 960/960/960
f 960/960/960 957/957/957 961/961/961
f 962/962/962 960/960/960 961/961/961
f 957/957/957 945/945/945 963/963/963
f 945/945/945 964/964/964 963/963/963
f 945/945/945 939/939/939 964/964/964
f 939/939/939 965/965/965 964/964/964
f 968/968/968 967/967/967 966/966/966
f 969/969/969 968/968/968 966/966/966
f 972/972/972 971/971/971 970/970/970
f 973/973/973 972/972/972 970/970/970
f 972/972/972 973/973/973 974/974/974
f 973/973/973 975/975/975 974/974/974
f 978/978/978 977/977/977 976/976/976
f 979/979/979 978/978/978 976/976/976
f 982/982/982 981/981/981 980/980/980
f 983/983/983 982/982/982 980/980/980
f 983/983/983 980/980/980 984/984/984
f 985/985/985 983/983/983 984/984/984
f 985/985/985 984/984/984 986/986/986
f 984/984/984 987/987/987 986/986/986
f 985/985/985 986/986/986 988/988/988
f 988/988/988 986/986/986 987/987/987
f 989/989/989 985/985/985 988/988/988
f 990/990/990 988/988/988 987/987/987
f 993/993/993 992/992/992 991/991/991
f 992/992/992 994/994/994 991/991/991
f 992/992/992 995/995/995 994/994/994
f 995/995/995 996/996/996 994/994/994
f 996/996/996 997/997/997 994/994/994
f 997/997/997 996/996/996 998/998/998
f 997/997/997 999/999/999 994/994/994
f 1000/1000/1000 997/997/997 998/998/998
f 1001/1001/1001 1000/1000/1000 998/998/998
f 1002/1002/1002 1001/1001/1001 998/998/998
f 999/999/999 1003/1003/1003 994/994/994
f 1003/1003/1003 991/991/991 994/994/994
f 991/991/991 1003/1003/1003 1004/1004/1004
f 1005/1005/1005 991/991/991 1004/1004/1004
f 1005/1005/1005 1004/1004/1004 1006/1006/1006
f 1007/1007/1007 1005/1005/1005 1006/1006/1006
f 1007/1007/1007 1006/1006/1006 1008/1008/1008
f 1009/1009/1009 1005/1005/1005 1007/1007/1007
f 1010/1010/1010 1007/1007/1007 1008/1008/1008
f 1011/1011/1011 1009/1009/1009 1007/1007/1007
f 1011/1011/1011 1007/1007/1007 1010/1010/1010
f 1012/1012/1012 1011/1011/1011 1010/1010/1010
f 1015/1015/1015 1014/1014/1014 1013/1013/1013
f 1016/1016/1016 1015/1015/1015 1013/1013/1013
f 1019/1019/1019 1018/1018/1018 1017/1017/1017
f 1018/1018/1018 1020/1020/1020 1017/1017/1017
f 1020/1020/1020 1018/1018/1018 1021/1021/1021
f 1022/1022/1022 1020/1020/1020 1021/1021/1021
f 1025/1025/1025 1024/1024/1024 1023/1023/1023
f 1026/1026/1026 1025/1025/1025 1023/1023/1023
f 1027/1027/1027 1025/1025/1025 1026/1026/1026
f 1023/1023/1023 1028/1028/1028 1026/1026/1026
f 1029/1029/1029 1027/1027/1027 1026/1026/1026
f 1028/1028/1028 1030/1030/1030 1026/1026/1026
f 1026/1026/1026 1030/1030/1030 1029/1029/1029
f 1028/1028/1028 1031/1031/1031 1030/1030/1030
f 1030/1030/1030 1032/1032/1032 1029/1029/1029
f 1031/1031/1031 1033/1033/1033 1030/1030/1030
f 1030/1030/1030 1033/1033/1033 1032/1032/1032
f 1033/1033/1033 1034/1034/1034 1032/1032/1032
f 1037/1037/1037 1036/1036/1036 1035/1035/1035
f 1038/1038/1038 1037/1037/1037 1035/1035/1035
f 1035/1035/1035 1039/1039/1039 1038/1038/1038
f 1040/1040/1040 1039/1039/1039 1035/1035/1035
f 1041/1041/1041 1040/1040/1040 1035/1035/1035
f 1042/1042/1042 1041/1041/1041 1035/1035/1035
f 1043/1043/1043 1042/1042/1042 1035/1035/1035
f 1042/1042/1042 1044/1044/1044 1041/1041/1041
f 1044/1044/1044 1045/1045/1045 1041/1041/1041
f 1041/1041/1041 1045/1045/1045 1040/1040/1040
f 1045/1045/1045 1044/1044/1044 1046/1046/1046
f 1046/1046/1046 1047/1047/1047 1045/1045/1045
f 1045/1045/1045 1048/1048/1048 1040/1040/1040
f 1047/1047/1047 1048/1048/1048 1045/1045/1045
f 1040/1040/1040 1048/1048/1048 1049/1049/1049
f 1047/1047/1047 1050/1050/1050 1048/1048/1048
f 1048/1048/1048 1050/1050/1050 1049/1049/1049
f 1053/1053/1053 1052/1052/1052 1051/1051/1051
f 1052/1052/1052 1054/1054/1054 1051/1051/1051
f 1051/1051/1051 1054/1054/1054 1055/1055/1055
f 1054/1054/1054 1056/1056/1056 1055/1055/1055
f 1055/1055/1055 1057/1057/1057 1051/1051/1051
f 1057/1057/1057 1058/1058/1058 1051/1051/1051
f 1057/1057/1057 1059/1059/1059 1058/1058/1058
f 1059/1059/1059 1060/1060/1060 1058/1058/1058
f 1063/1063/1063 1062/1062/1062 1061/1061/1061
f 1064/1064/1064 1063/1063/1063 1061/1061/1061
f 1064/1064/1064 1061/1061/1061 1065/1065/1065
f 1065/1065/1065 1066/1066/1066 1064/1064/1064
f 1066/1066/1066 1067/1067/1067 1064/1064/1064
f 1070/1070/1070 1069/1069/1069 1068/1068/1068
f 1071/1071/1071 1070/1070/1070 1068/1068/1068
f 1072/1072/1072 1070/1070/1070 1071/1071/1071
f 1073/1073/1073 1072/1072/1072 1071/1071/1071
f 1076/1076/1076 1075/1075/1075 1074/1074/1074
f 1075/1075/1075 1077/1077/1077 1074/1074/1074
f 1077/1077/1077 1078/1078/1078 1074/1074/1074
f 1078/1078/1078 1079/1079/1079 1074/1074/1074
f 1078/1078/1078 1080/1080/1080 1079/1079/1079
f 1080/1080/1080 1081/1081/1081 1079/1079/1079
f 1081/1081/1081 1080/1080/1080 1082/1082/1082
f 1083/1083/1083 1081/1081/1081 1082/1082/1082
f 1086/1086/1086 1085/1085/1085 1084/1084/1084
f 1087/1087/1087 1086/1086/1086 1084/1084/1084
f 1087/1087/1087 1084/1084/1084 1088/1088/1088
f 1089/1089/1089 1087/1087/1087 1088/1088/1088
f 1087/1087/1087 1089/1089/1089 1090/1090/1090
f 1087/1087/1087 1091/1091/1091 1086/1086/1086
f 1091/1091/1091 1087/1087/1087 1090/1090/1090
f 1091/1091/1091 1092/1092/1092 1086/1086/1086
f 1093/1093/1093 1091/1091/1091 1090/1090/1090
f 1094/1094/1094 1092/1092/1092 1091/1091/1091
f 1093/1093/1093 1094/1094/1094 1091/1091/1091
f 1097/1097/1097 1096/1096/1096 1095/1095/1095
f 1098/1098/1098 1097/1097/1097 1095/1095/1095
f 1098/1098/1098 1095/1095/1095 1099/1099/1099
f 1095/1095/1095 1100/1100/1100 1099/1099/1099
f 1099/1099/1099 1100/1100/1100 1101/1101/1101
f 1102/1102/1102 1099/1099/1099 1101/1101/1101
f 1103/1103/1103 1102/1102/1102 1101/1101/1101
f 1104/1104/1104 1103/1103/1103 1101/1101/1101
f 1101/1101/1101 1105/1105/1105 1104/1104/1104
f 1105/1105/1105 1106/1106/1106 1104/1104/1104
f 1105/1105/1105 1107/1107/1107 1106/1106/1106
f 1108/1108/1108 1105/1105/1105 1101/1101/1101
f 1107/1107/1107 1105/1105/1105 1108/1108/1108
f 1109/1109/1109 1108/1108/1108 1101/1101/1101
f 1110/1110/1110 1109/1109/1109 1101/1101/1101
f 1109/1109/1109 1111/1111/1111 1108/1108/1108
f 1111/1111/1111 1112/1112/1112 1108/1108/1108
f 1112/1112/1112 1107/1107/1107 1108/1108/1108
f 1107/1107/1107 1112/1112/1112 1113/1113/1113
f 1114/1114/1114 1107/1107/1107 1113/1113/1113
f 1114/1114/1114 1113/1113/1113 1115/1115/1115
f 1116/1116/1116 1114/1114/1114 1115/1115/1115
f 1116/1116/1116 1115/1115/1115 1117/1117/1117
f 1118/1118/1118 1116/1116/1116 1117/1117/1117
f 1117/1117/1117 1115/1115/1115 1119/1119/1119
f 1115/1115/1115 1120/1120/1120 1119/1119/1119
f 1119/1119/1119 1121/1121/1121 1117/1117/1117
f 1121/1121/1121 1122/1122/1122 1117/1117/1117
f 1117/1117/1117 1122/1122/1122 1118/1118/1118
f 1122/1122/1122 1123/1123/1123 1118/1118/1118
f 1126/1126/1126 1125/1125/1125 1124/1124/1124
f 1125/1125/1125 1127/1127/1127 1124/1124/1124
f 1124/1124/1124 1127/1127/1127 1128/1128/1128
f 1125/1125/1125 1129/1129/1129 1127/1127/1127
f 1127/1127/1127 1130/1130/1130 1128/1128/1128
f 1129/1129/1129 1130/1130/1130 1127/1127/1127
f 1130/1130/1130 1131/1131/1131 1128/1128/1128
f 1129/1129/1129 1132/1132/1132 1130/1130/1130
f 1131/1131/1131 1130/1130/1130 1133/1133/1133
f 1132/1132/1132 1134/1134/1134 1130/1130/1130
f 1130/1130/1130 1134/1134/1134 1133/1133/1133
f 1132/1132/1132 1135/1135/1135 1134/1134/1134
f 1135/1135/1135 1136/1136/1136 1134/1134/1134
f 1136/1136/1136 1137/1137/1137 1134/1134/1134
f 1133/1133/1133 1134/1134/1134 1138/1138/1138
f 1137/1137/1137 1138/1138/1138 1134/1134/1134
f 1137/1137/1137 1139/1139/1139 1138/1138/1138
f 1140/1140/1140 1133/1133/1133 1138/1138/1138
f 1139/1139/1139 1141/1141/1141 1138/1138/1138
f 1140/1140/1140 1138/1138/1138 1141/1141/1141
f 1142/1142/1142 1140/1140/1140 1141/1141/1141
f 1142/1142/1142 1141/1141/1141 1143/1143/1143
f 1144/1144/1144 1142/1142/1142 1143/1143/1143
f 1147/1147/1147 1146/1146/1146 1145/1145/1145
f 1148/1148/1148 1147/1147/1147 1145/1145/1145
f 1151/1151/1151 1150/1150/1150 1149/1149/1149
f 1152/1152/1152 1151/1151/1151 1149/1149/1149
f 1152/1152/1152 1149/1149/1149 1153/1153/1153
f 1153/1153/1153 1149/1149/1149 1154/1154/1154
f 1149/1149/1149 1155/1155/1155 1154/1154/1154
f 1156/1156/1156 1152/1152/1152 1153/1153/1153
f 1157/1157/1157 1152/1152/1152 1156/1156/1156
f 1158/1158/1158 1157/1157/1157 1156/1156/1156
f 1161/1161/1161 1160/1160/1160 1159/1159/1159
f 1159/1159/1159 1162/1162/1162 1161/1161/1161
f 1162/1162/1162 1159/1159/1159 1163/1163/1163
f 1159/1159/1159 1164/1164/1164 1163/1163/1163
f 1162/1162/1162 1163/1163/1163 1165/1165/1165
f 1166/1166/1166 1162/1162/1162 1165/1165/1165
f 1166/1166/1166 1165/1165/1165 1167/1167/1167
f 1167/1167/1167 1168/1168/1168 1166/1166/1166
f 1171/1171/1171 1170/1170/1170 1169/1169/1169
f 1170/1170/1170 1172/1172/1172 1169/1169/1169
f 1170/1170/1170 1173/1173/1173 1172/1172/1172
f 1173/1173/1173 1174/1174/1174 1172/1172/1172
f 1169/1169/1169 1172/1172/1172 1175/1175/1175
f 1172/1172/1172 1176/1176/1176 1175/1175/1175
f 1172/1172/1172 1174/1174/1174 1176/1176/1176
f 1169/1169/1169 1175/1175/1175 1177/1177/1177
f 1174/1174/1174 1178/1178/1178 1176/1176/1176
f 1179/1179/1179 1169/1169/1169 1177/1177/1177
f 1177/1177/1177 1180/1180/1180 1179/1179/1179
f 1180/1180/1180 1181/1181/1181 1179/1179/1179
f 1178/1178/1178 1174/1174/1174 1182/1182/1182
f 1183/1183/1183 1178/1178/1178 1182/1182/1182
f 1183/1183/1183 1182/1182/1182 1184/1184/1184
f 1185/1185/1185 1183/1183/1183 1184/1184/1184
f 1188/1188/1188 1187/1187/1187 1186/1186/1186
f 1189/1189/1189 1188/1188/1188 1186/1186/1186
f 1186/1186/1186 1190/1190/1190 1189/1189/1189
f 1190/1190/1190 1191/1191/1191 1189/1189/1189
f 1194/1194/1194 1193/1193/1193 1192/1192/1192
f 1195/1195/1195 1194/1194/1194 1192/1192/1192
f 1192/1192/1192 1196/1196/1196 1195/1195/1195
f 1197/1197/1197 1194/1194/1194 1195/1195/1195
f 1196/1196/1196 1198/1198/1198 1195/1195/1195
f 1199/1199/1199 1197/1197/1197 1195/1195/1195
f 1195/1195/1195 1198/1198/1198 1199/1199/1199
f 1198/1198/1198 1200/1200/1200 1199/1199/1199
f 1203/1203/1203 1202/1202/1202 1201/1201/1201
f 1202/1202/1202 1204/1204/1204 1201/1201/1201
f 1204/1204/1204 1202/1202/1202 1205/1205/1205
f 1205/1205/1205 1206/1206/1206 1204/1204/1204
f 1206/1206/1206 1207/1207/1207 1204/1204/1204
f 1206/1206/1206 1208/1208/1208 1207/1207/1207
f 1211/1211/1211 1210/1210/1210 1209/1209/1209
f 1209/1209/1209 1212/1212/1212 1211/1211/1211
f 1209/1209/1209 1213/1213/1213 1212/1212/1212
f 1213/1213/1213 1214/1214/1214 1212/1212/1212
f 1217/1217/1217 1216/1216/1216 1215/1215/1215
f 1218/1218/1218 1217/1217/1217 1215/1215/1215
f 1218/1218/1218 1215/1215/1215 1219/1219/1219
f 1220/1220/1220 1218/1218/1218 1219/1219/1219
f 1220/1220/1220 1219/1219/1219 1221/1221/1221
f 1222/1222/1222 1220/1220/1220 1221/1221/1221
f 1223/1223/1223 1222/1222/1222 1221/1221/1221
f 1224/1224/1224 1223/1223/1223 1221/1221/1221
f 1225/1225/1225 1224/1224/1224 1221/1221/1221
f 1226/1226/1226 1225/1225/1225 1221/1221/1221
f 1227/1227/1227 1225/1225/1225 1226/1226/1226
f 1228/1228/1228 1227/1227/1227 1226/1226/1226
f 1231/1231/1231 1230/1230/1230 1229/1229/1229
f 1230/1230/1230 1232/1232/1232 1229/1229/1229
f 1233/1233/1233 1229/1229/1229 1232/1232/1232
f 1230/1230/1230 1234/1234/1234 1232/1232/1232
f 1235/1235/1235 1233/1233/1233 1232/1232/1232
f 1234/1234/1234 1236/1236/1236 1232/1232/1232
f 1235/1235/1235 1232/1232/1232 1236/1236/1236
f 1237/1237/1237 1235/1235/1235 1236/1236/1236
f 1240/1240/1240 1239/1239/1239 1238/1238/1238
f 1239/1239/1239 1241/1241/1241 1238/1238/1238
f 1238/1238/1238 1241/1241/1241 1242/1242/1242
f 1242/1242/1242 1241/1241/1241 1243/1243/1243
f 1238/1238/1238 1242/1242/1242 1244/1244/1244
f 1245/1245/1245 1238/1238/1238 1244/1244/1244
f 1246/1246/1246 1242/1242/1242 1243/1243/1243
f 1244/1244/1244 1242/1242/1242 1246/1246/1246
f 1246/1246/1246 1243/1243/1243 1247/1247/1247
f 1248/1248/1248 1244/1244/1244 1246/1246/1246
f 1249/1249/1249 1246/1246/1246 1247/1247/1247
f 1248/1248/1248 1246/1246/1246 1249/1249/1249
f 1249/1249/1249 1247/1247/1247 1250/1250/1250
f 1251/1251/1251 1248/1248/1248 1249/1249/1249
f 1252/1252/1252 1249/1249/1249 1250/1250/1250
f 1251/1251/1251 1249/1249/1249 1252/1252/1252
f 1253/1253/1253 1251/1251/1251 1252/1252/1252
f 1256/1256/1256 1255/1255/1255 1254/1254/1254
f 1255/1255/1255 1257/1257/1257 1254/1254/1254
f 1255/1255/1255 1258/1258/1258 1257/1257/1257
f 1258/1258/1258 1259/1259/1259 1257/1257/1257
f 1259/1259/1259 1260/1260/1260 1257/1257/1257
f 1257/1257/1257 1261/1261/1261 1254/1254/1254
f 1260/1260/1260 1261/1261/1261 1257/1257/1257
f 1261/1261/1261 1262/1262/1262 1254/1254/1254
f 1260/1260/1260 1263/1263/1263 1261/1261/1261
f 1261/1261/1261 1264/1264/1264 1262/1262/1262
f 1263/1263/1263 1264/1264/1264 1261/1261/1261
f 1263/1263/1263 1265/1265/1265 1264/1264/1264
f 1264/1264/1264 1266/1266/1266 1262/1262/1262
f 1265/1265/1265 1267/1267/1267 1264/1264/1264
f 1264/1264/1264 1267/1267/1267 1266/1266/1266
f 1267/1267/1267 1268/1268/1268 1266/1266/1266
f 1271/1271/1271 1270/1270/1270 1269/1269/1269
f 1272/1272/1272 1271/1271/1271 1269/1269/1269
f 1272/1272/1272 1269/1269/1269 1273/1273/1273
f 1274/1274/1274 1272/1272/1272 1273/1273/1273
f 1274/1274/1274 1273/1273/1273 1275/1275/1275
f 1276/1276/1276 1274/1274/1274 1275/1275/1275
f 1277/1277/1277 1274/1274/1274 1276/1276/1276
f 1278/1278/1278 1277/1277/1277 1276/1276/1276
f 1276/1276/1276 1275/1275/1275 1279/1279/1279
f 1280/1280/1280 1276/1276/1276 1279/1279/1279
f 1280/1280/1280 1279/1279/1279 1281/1281/1281
f 1282/1282/1282 1280/1280/1280 1281/1281/1281
f 1285/1285/1285 1284/1284/1284 1283/1283/1283
f 1286/1286/1286 1285/1285/1285 1283/1283/1283
f 1286/1286/1286 1283/1283/1283 1287/1287/1287
f 1288/1288/1288 1286/1286/1286 1287/1287/1287
f 1289/1289/1289 1288/1288/1288 1287/1287/1287
f 1290/1290/1290 1289/1289/1289 1287/1287/1287
f 1290/1290/1290 1287/1287/1287 1283/1283/1283
f 1291/1291/1291 1290/1290/1290 1283/1283/1283
f 1294/1294/1294 1293/1293/1293 1292/1292/1292
f 1293/1293/1293 1295/1295/1295 1292/1292/1292
f 1292/1292/1292 1295/1295/1295 1296/1296/1296
f 1293/1293/1293 1297/1297/1297 1295/1295/1295
f 1297/1297/1297 1293/1293/1293 1298/1298/1298
f 1298/1298/1298 1299/1299/1299 1297/1297/1297
f 1297/1297/1297 1300/1300/1300 1295/1295/1295
f 1295/1295/1295 1301/1301/1301 1296/1296/1296
f 1296/1296/1296 1301/1301/1301 1302/1302/1302
f 1303/1303/1303 1302/1302/1302 1301/1301/1301
f 1303/1303/1303 1301/1301/1301 1304/1304/1304
f 1301/1301/1301 1305/1305/1305 1304/1304/1304
f 1301/1301/1301 1295/1295/1295 1305/1305/1305
f 1295/1295/1295 1306/1306/1306 1305/1305/1305
f 1309/1309/1309 1308/1308/1308 1307/1307/1307
f 1310/1310/1310 1308/1308/1308 1309/1309/1309
f 1311/1311/1311 1310/1310/1310 1309/1309/1309
f 1311/1311/1311 1312/1312/1312 1310/1310/1310
f 1313/1313/1313 1312/1312/1312 1311/1311/1311
f 1314/1314/1314 1313/1313/1313 1311/1311/1311
f 1317/1317/1317 1316/1316/1316 1315/1315/1315
f 1316/1316/1316 1318/1318/1318 1315/1315/1315
f 1319/1319/1319 1318/1318/1318 1316/1316/1316
f 1320/1320/1320 1319/1319/1319 1316/1316/1316
f 1319/1319/1319 1320/1320/1320 1321/1321/1321
f 1320/1320/1320 1322/1322/1322 1321/1321/1321
f 1319/1319/1319 1321/1321/1321 1323/1323/1323
f 1321/1321/1321 1324/1324/1324 1323/1323/1323
f 1327/1327/1327 1326/1326/1326 1325/1325/1325
f 1328/1328/1328 1327/1327/1327 1325/1325/1325
f 1328/1328/1328 1325/1325/1325 1329/1329/1329
f 1327/1327/1327 1328/1328/1328 1330/1330/1330
f 1327/1327/1327 1330/1330/1330 1331/1331/1331
f 1330/1330/1330 1332/1332/1332 1331/1331/1331
f 1330/1330/1330 1328/1328/1328 1333/1333/1333
f 1334/1334/1334 1328/1328/1328 1329/1329/1329
f 1328/1328/1328 1334/1334/1334 1333/1333/1333
f 1334/1334/1334 1329/1329/1329 1335/1335/1335
f 1333/1333/1333 1334/1334/1334 1335/1335/1335
f 1329/1329/1329 1336/1336/1336 1335/1335/1335
f 1337/1337/1337 1333/1333/1333 1335/1335/1335
f 1335/1335/1335 1336/1336/1336 1338/1338/1338
f 1337/1337/1337 1335/1335/1335 1338/1338/1338
f 1339/1339/1339 1337/1337/1337 1338/1338/1338
f 1336/1336/1336 1340/1340/1340 1338/1338/1338
f 1341/1341/1341 1338/1338/1338 1340/1340/1340
f 1342/1342/1342 1341/1341/1341 1340/1340/1340
f 1345/1345/1345 1344/1344/1344 1343/1343/1343
f 1345/1345/1345 1343/1343/1343 1346/1346/1346
f 1349/1349/1349 1348/1348/1348 1347/1347/1347
f 1348/1348/1348 1350/1350/1350 1347/1347/1347
f 1347/1347/1347 1350/1350/1350 1351/1351/1351
f 1351/1351/1351 1352/1352/1352 1347/1347/1347
f 1352/1352/1352 1353/1353/1353 1347/1347/1347
f 1352/1352/1352 1351/1351/1351 1354/1354/1354
f 1355/1355/1355 1352/1352/1352 1354/1354/1354
f 1358/1358/1358 1357/1357/1357 1356/1356/1356
f 1359/1359/1359 1358/1358/1358 1356/1356/1356
f 1360/1360/1360 1359/1359/1359 1356/1356/1356
f 1361/1361/1361 1360/1360/1360 1356/1356/1356
f 1364/1364/1364 1363/1363/1363 1362/1362/1362
f 1363/1363/1363 1365/1365/1365 1362/1362/1362
f 1363/1363/1363 1366/1366/1366 1365/1365/1365
f 1367/1367/1367 1365/1365/1365 1366/1366/1366
f 1363/1363/1363 1368/1368/1368 1366/1366/1366
f 1368/1368/1368 1369/1369/1369 1366/1366/1366
f 1372/1372/1372 1371/1371/1371 1370/1370/1370
f 1373/1373/1373 1372/1372/1372 1370/1370/1370
f 1376/1376/1376 1375/1375/1375 1374/1374/1374
f 1377/1377/1377 1376/1376/1376 1374/1374/1374
f 1378/1378/1378 1377/1377/1377 1374/1374/1374
f 1379/1379/1379 1378/1378/1378 1374/1374/1374
f 1382/1382/1382 1381/1381/1381 1380/1380/1380
f 1382/1382/1382 1380/1380/1380 1383/1383/1383
f 1384/1384/1384 1382/1382/1382 1383/1383/1383
f 1384/1384/1384 1383/1383/1383 1385/1385/1385
f 1386/1386/1386 1384/1384/1384 1385/1385/1385
f 1386/1386/1386 1385/1385/1385 1387/1387/1387
f 1386/1386/1386 1388/1388/1388 1384/1384/1384
f 1388/1388/1388 1389/1389/1389 1384/1384/1384
f 1390/1390/1390 1389/1389/1389 1388/1388/1388
f 1391/1391/1391 1386/1386/1386 1387/1387/1387
f 1391/1391/1391 1388/1388/1388 1386/1386/1386
f 1392/1392/1392 1391/1391/1391 1387/1387/1387
f 1393/1393/1393 1391/1391/1391 1392/1392/1392
f 1388/1388/1388 1391/1391/1391 1393/1393/1393
f 1390/1390/1390 1388/1388/1388 1393/1393/1393
f 1394/1394/1394 1390/1390/1390 1393/1393/1393
f 1397/1397/1397 1396/1396/1396 1395/1395/1395
f 1398/1398/1398 1397/1397/1397 1395/1395/1395
f 1401/1401/1401 1400/1400/1400 1399/1399/1399
f 1400/1400/1400 1402/1402/1402 1399/1399/1399
f 1402/1402/1402 1403/1403/1403 1399/1399/1399
f 1403/1403/1403 1404/1404/1404 1399/1399/1399
f 1405/1405/1405 1399/1399/1399 1404/1404/1404
f 1403/1403/1403 1406/1406/1406 1404/1404/1404
f 1407/1407/1407 1405/1405/1405 1404/1404/1404
f 1406/1406/1406 1408/1408/1408 1404/1404/1404
f 1408/1408/1408 1407/1407/1407 1404/1404/1404
f 1411/1411/1411 1410/1410/1410 1409/1409/1409
f 1410/1410/1410 1412/1412/1412 1409/1409/1409
f 1413/1413/1413 1412/1412/1412 1410/1410/1410
f 1413/1413/1413 1414/1414/1414 1412/1412/1412
f 1412/1412/1412 1414/1414/1414 1415/1415/1415
f 1416/1416/1416 1409/1409/1409 1412/1412/1412
f 1416/1416/1416 1417/1417/1417 1409/1409/1409
f 1418/1418/1418 1412/1412/1412 1415/1415/1415
f 1416/1416/1416 1412/1412/1412 1418/1418/1418
f 1419/1419/1419 1418/1418/1418 1415/1415/1415
f 1418/1418/1418 1419/1419/1419 1420/1420/1420
f 1416/1416/1416 1418/1418/1418 1421/1421/1421
f 1422/1422/1422 1416/1416/1416 1421/1421/1421
f 1422/1422/1422 1421/1421/1421 1423/1423/1423
f 1421/1421/1421 1418/1418/1418 1424/1424/1424
f 1418/1418/1418 1420/1420/1420 1424/1424/1424
f 1421/1421/1421 1424/1424/1424 1423/1423/1423
f 1424/1424/1424 1420/1420/1420 1425/1425/1425
f 1425/1425/1425 1423/1423/1423 1424/1424/1424
f 1426/1426/1426 1423/1423/1423 1425/1425/1425
f 1425/1425/1425 1420/1420/1420 1427/1427/1427
f 1426/1426/1426 1425/1425/1425 1428/1428/1428
f 1428/1428/1428 1425/1425/1425 1427/1427/1427
f 1429/1429/1429 1428/1428/1428 1427/1427/1427
f 1428/1428/1428 1429/1429/1429 1430/1430/1430
f 1428/1428/1428 1430/1430/1430 1431/1431/1431
f 1429/1429/1429 1432/1432/1432 1430/1430/1430
f 1435/1435/1435 1434/1434/1434 1433/1433/1433
f 1435/1435/1435 1433/1433/1433 1436/1436/1436
f 1436/1436/1436 1437/1437/1437 1435/1435/1435
f 1433/1433/1433 1438/1438/1438 1436/1436/1436
f 1436/1436/1436 1438/1438/1438 1437/1437/1437
f 1439/1439/1439 1438/1438/1438 1433/1433/1433
f 1438/1438/1438 1440/1440/1440 1437/1437/1437
f 1437/1437/1437 1440/1440/1440 1441/1441/1441
f 1442/1442/1442 1437/1437/1437 1441/1441/1441
f 1445/1445/1445 1444/1444/1444 1443/1443/1443
f 1446/1446/1446 1444/1444/1444 1445/1445/1445
f 1447/1447/1447 1444/1444/1444 1446/1446/1446
f 1444/1444/1444 1447/1447/1447 1448/1448/1448
f 1451/1451/1451 1450/1450/1450 1449/1449/1449
f 1449/1449/1449 1452/1452/1452 1451/1451/1451
f 1455/1455/1455 1454/1454/1454 1453/1453/1453
f 1455/1455/1455 1456/1456/1456 1454/1454/1454
f 1456/1456/1456 1457/1457/1457 1454/1454/1454
f 1454/1454/1454 1457/1457/1457 1458/1458/1458
f 1458/1458/1458 1459/1459/1459 1454/1454/1454
f 1457/1457/1457 1460/1460/1460 1458/1458/1458
f 1461/1461/1461 1458/1458/1458 1460/1460/1460
f 1464/1464/1464 1463/1463/1463 1462/1462/1462
f 1465/1465/1465 1462/1462/1462 1463/1463/1463
f 1462/1462/1462 1465/1465/1465 1466/1466/1466
f 1467/1467/1467 1462/1462/1462 1466/1466/1466
f 1466/1466/1466 1468/1468/1468 1467/1467/1467
f 1467/1467/1467 1468/1468/1468 1469/1469/1469
f 1468/1468/1468 1470/1470/1470 1469/1469/1469
f 1468/1468/1468 1471/1471/1471 1470/1470/1470
f 1470/1470/1470 1471/1471/1471 1472/1472/1472
f 1471/1471/1471 1473/1473/1473 1472/1472/1472
f 1476/1476/1476 1475/1475/1475 1474/1474/1474
f 1477/1477/1477 1476/1476/1476 1474/1474/1474
f 1480/1480/1480 1479/1479/1479 1478/1478/1478
f 1481/1481/1481 1480/1480/1480 1478/1478/1478
f 1481/1481/1481 1482/1482/1482 1480/1480/1480
f 1482/1482/1482 1483/1483/1483 1480/1480/1480
f 1486/1486/1486 1485/1485/1485 1484/1484/1484
f 1487/1487/1487 1486/1486/1486 1484/1484/1484
f 1490/1490/1490 1489/1489/1489 1488/1488/1488
f 1491/1491/1491 1490/1490/1490 1488/1488/1488
f 1494/1494/1494 1493/1493/1493 1492/1492/1492
f 1495/1495/1495 1493/1493/1493 1494/1494/1494
f 1498/1498/1498 1497/1497/1497 1496/1496/1496
f 1499/1499/1499 1498/1498/1498 1496/1496/1496
f 1502/1502/1502 1501/1501/1501 1500/1500/1500
f 1503/1503/1503 1502/1502/1502 1500/1500/1500
f 1506/1506/1506 1505/1505/1505 1504/1504/1504
f 1507/1507/1507 1506/1506/1506 1504/1504/1504
f 1510/1510/1510 1509/1509/1509 1508/1508/1508
f 1511/1511/1511 1510/1510/1510 1508/1508/1508
f 1511/1511/1511 1508/1508/1508 1512/1512/1512
f 1508/1508/1508 1513/1513/1513 1512/1512/1512
f 1516/1516/1516 1515/1515/1515 1514/1514/1514
f 1517/1517/1517 1516/1516/1516 1514/1514/1514
f 1520/1520/1520 1519/1519/1519 1518/1518/1518
f 1518/1518/1518 1521/1521/1521 1520/1520/1520
f 1518/1518/1518 1522/1522/1522 1521/1521/1521
f 1522/1522/1522 1523/1523/1523 1521/1521/1521
f 1526/1526/1526 1525/1525/1525 1524/1524/1524
f 1527/1527/1527 1526/1526/1526 1524/1524/1524
f 1527/1527/1527 1524/1524/1524 1528/1528/1528
f 1526/1526/1526 1527/1527/1527 1529/1529/1529
f 1530/1530/1530 1527/1527/1527 1528/1528/1528
f 1527/1527/1527 1530/1530/1530 1529/1529/1529
f 1533/1533/1533 1532/1532/1532 1531/1531/1531
f 1534/1534/1534 1533/1533/1533 1531/1531/1531
f 1537/1537/1537 1536/1536/1536 1535/1535/1535
f 1536/1536/1536 1538/1538/1538 1535/1535/1535
f 1539/1539/1539 1535/1535/1535 1538/1538/1538
f 1540/1540/1540 1539/1539/1539 1538/1538/1538
f 1543/1543/1543 1542/1542/1542 1541/1541/1541
f 1542/1542/1542 1544/1544/1544 1541/1541/1541
f 1544/1544/1544 1545/1545/1545 1541/1541/1541
f 1545/1545/1545 1544/1544/1544 1542/1542/1542
f 1545/1545/1545 1546/1546/1546 1541/1541/1541
f 1547/1547/1547 1545/1545/1545 1542/1542/1542
f 1550/1550/1550 1549/1549/1549 1548/1548/1548
f 1551/1551/1551 1550/1550/1550 1548/1548/1548
f 1554/1554/1554 1553/1553/1553 1552/1552/1552
f 1555/1555/1555 1554/1554/1554 1552/1552/1552
f 1558/1558/1558 1557/1557/1557 1556/1556/1556
f 1556/1556/1556 1559/1559/1559 1558/1558/1558
f 1559/1559/1559 1560/1560/1560 1558/1558/1558
f 1560/1560/1560 1561/1561/1561 1558/1558/1558
f 1564/1564/1564 1563/1563/1563 1562/1562/1562
f 1563/1563/1563 1565/1565/1565 1562/1562/1562
f 1566/1566/1566 1562/1562/1562 1565/1565/1565
f 1567/1567/1567 1566/1566/1566 1565/1565/1565
f 1570/1570/1570 1569/1569/1569 1568/1568/1568
f 1571/1571/1571 1570/1570/1570 1568/1568/1568
f 1574/1574/1574 1573/1573/1573 1572/1572/1572
f 1575/1575/1575 1574/1574/1574 1572/1572/1572
f 1575/1575/1575 1572/1572/1572 1576/1576/1576
f 1577/1577/1577 1575/1575/1575 1576/1576/1576
f 1580/1580/1580 1579/1579/1579 1578/1578/1578
f 1579/1579/1579 1581/1581/1581 1578/1578/1578
f 1579/1579/1579 1582/1582/1582 1581/1581/1581
f 1582/1582/1582 1583/1583/1583 1581/1581/1581
f 1586/1586/1586 1585/1585/1585 1584/1584/1584
f 1585/1585/1585 1587/1587/1587 1584/1584/1584
f 1587/1587/1587 1588/1588/1588 1584/1584/1584
f 1589/1589/1589 1587/1587/1587 1585/1585/1585
f 1590/1590/1590 1589/1589/1589 1585/1585/1585
f 1589/1589/1589 1591/1591/1591 1587/1587/1587
f 1592/1592/1592 1591/1591/1591 1589/1589/1589
f 1593/1593/1593 1588/1588/1588 1587/1587/1587
f 1591/1591/1591 1593/1593/1593 1587/1587/1587
f 1593/1593/1593 1594/1594/1594 1588/1588/1588
f 1595/1595/1595 1588/1588/1588 1594/1594/1594
f 1596/1596/1596 1595/1595/1595 1594/1594/1594
f 1597/1597/1597 1594/1594/1594 1593/1593/1593
f 1591/1591/1591 1597/1597/1597 1593/1593/1593
f 1596/1596/1596 1594/1594/1594 1597/1597/1597
f 1592/1592/1592 1598/1598/1598 1591/1591/1591
f 1598/1598/1598 1597/1597/1597 1591/1591/1591
f 1599/1599/1599 1598/1598/1598 1592/1592/1592
f 1600/1600/1600 1599/1599/1599 1592/1592/1592
f 1600/1600/1600 1601/1601/1601 1599/1599/1599
f 1602/1602/1602 1596/1596/1596 1597/1597/1597
f 1602/1602/1602 1597/1597/1597 1598/1598/1598
f 1603/1603/1603 1598/1598/1598 1599/1599/1599
f 1603/1603/1603 1602/1602/1602 1598/1598/1598
f 1601/1601/1601 1604/1604/1604 1599/1599/1599
f 1601/1601/1601 1605/1605/1605 1604/1604/1604
f 1605/1605/1605 1606/1606/1606 1604/1604/1604
f 1606/1606/1606 1607/1607/1607 1604/1604/1604
f 1604/1604/1604 1607/1607/1607 1599/1599/1599
f 1606/1606/1606 1608/1608/1608 1607/1607/1607
f 1599/1599/1599 1609/1609/1609 1603/1603/1603
f 1607/1607/1607 1609/1609/1609 1599/1599/1599
f 1608/1608/1608 1610/1610/1610 1607/1607/1607
f 1607/1607/1607 1610/1610/1610 1609/1609/1609
f 1608/1608/1608 1611/1611/1611 1610/1610/1610
f 1611/1611/1611 1612/1612/1612 1610/1610/1610
f 1610/1610/1610 1612/1612/1612 1613/1613/1613
f 1610/1610/1610 1613/1613/1613 1609/1609/1609
f 1612/1612/1612 1614/1614/1614 1613/1613/1613
f 1613/1613/1613 1614/1614/1614 1615/1615/1615
f 1609/1609/1609 1613/1613/1613 1615/1615/1615
f 1614/1614/1614 1616/1616/1616 1615/1615/1615
f 1609/1609/1609 1617/1617/1617 1603/1603/1603
f 1617/1617/1617 1609/1609/1609 1615/1615/1615
f 1603/1603/1603 1617/1617/1617 1602/1602/1602
f 1615/1615/1615 1616/1616/1616 1618/1618/1618
f 1617/1617/1617 1615/1615/1615 1618/1618/1618
f 1616/1616/1616 1619/1619/1619 1618/1618/1618
f 1617/1617/1617 1620/1620/1620 1602/1602/1602
f 1620/1620/1620 1617/1617/1617 1618/1618/1618
f 1618/1618/1618 1619/1619/1619 1621/1621/1621
f 1620/1620/1620 1618/1618/1618 1621/1621/1621
f 1619/1619/1619 1622/1622/1622 1621/1621/1621
f 1602/1602/1602 1620/1620/1620 1623/1623/1623
f 1623/1623/1623 1620/1620/1620 1621/1621/1621
f 1623/1623/1623 1621/1621/1621 1624/1624/1624
f 1623/1623/1623 1596/1596/1596 1602/1602/1602
f 1623/1623/1623 1625/1625/1625 1596/1596/1596
f 1628/1628/1628 1627/1627/1627 1626/1626/1626
f 1629/1629/1629 1628/1628/1628 1626/1626/1626
f 1630/1630/1630 1628/1628/1628 1629/1629/1629
f 1631/1631/1631 1630/1630/1630 1629/1629/1629
f 1632/1632/1632 1630/1630/1630 1631/1631/1631
f 1633/1633/1633 1632/1632/1632 1631/1631/1631
f 1633/1633/1633 1634/1634/1634 1632/1632/1632
f 1634/1634/1634 1635/1635/1635 1632/1632/1632
f 1638/1638/1638 1637/1637/1637 1636/1636/1636
f 1639/1639/1639 1638/1638/1638 1636/1636/1636
f 1642/1642/1642 1641/1641/1641 1640/1640/1640
f 1641/1641/1641 1643/1643/1643 1640/1640/1640
f 1641/1641/1641 1644/1644/1644 1643/1643/1643
f 1644/1644/1644 1645/1645/1645 1643/1643/1643
f 1644/1644/1644 1646/1646/1646 1645/1645/1645
f 1646/1646/1646 1647/1647/1647 1645/1645/1645
f 1645/1645/1645 1647/1647/1647 1648/1648/1648
f 1651/1651/1651 1650/1650/1650 1649/1649/1649
f 1650/1650/1650 1652/1652/1652 1649/1649/1649
f 1652/1652/1652 1653/1653/1653 1649/1649/1649
f 1654/1654/1654 1652/1652/1652 1650/1650/1650
f 1654/1654/1654 1655/1655/1655 1652/1652/1652
f 1658/1658/1658 1657/1657/1657 1656/1656/1656
f 1659/1659/1659 1658/1658/1658 1656/1656/1656
f 1659/1659/1659 1656/1656/1656 1660/1660/1660
f 1661/1661/1661 1659/1659/1659 1660/1660/1660
f 1664/1664/1664 1663/1663/1663 1662/1662/1662
f 1665/1665/1665 1664/1664/1664 1662/1662/1662
f 1665/1665/1665 1662/1662/1662 1666/1666/1666
f 1667/1667/1667 1665/1665/1665 1666/1666/1666
f 1670/1670/1670 1669/1669/1669 1668/1668/1668
f 1671/1671/1671 1670/1670/1670 1668/1668/1668
f 1672/1672/1672 1670/1670/1670 1671/1671/1671
f 1673/1673/1673 1672/1672/1672 1671/1671/1671
f 1674/1674/1674 1673/1673/1673 1671/1671/1671
f 1675/1675/1675 1674/1674/1674 1671/1671/1671
f 1678/1678/1678 1677/1677/1677 1676/1676/1676
f 1679/1679/1679 1678/1678/1678 1676/1676/1676
f 1679/1679/1679 1676/1676/1676 1680/1680/1680
f 1681/1681/1681 1678/1678/1678 1679/1679/1679
f 1676/1676/1676 1682/1682/1682 1680/1680/1680
f 1681/1681/1681 1679/1679/1679 1683/1683/1683
f 1682/1682/1682 1684/1684/1684 1680/1680/1680
f 1685/1685/1685 1683/1683/1683 1679/1679/1679
f 1685/1685/1685 1686/1686/1686 1683/1683/1683
f 1687/1687/1687 1683/1683/1683 1686/1686/1686
f 1687/1687/1687 1686/1686/1686 1688/1688/1688
f 1685/1685/1685 1679/1679/1679 1689/1689/1689
f 1689/1689/1689 1679/1679/1679 1680/1680/1680
f 1690/1690/1690 1685/1685/1685 1689/1689/1689
f 1686/1686/1686 1685/1685/1685 1690/1690/1690
f 1690/1690/1690 1689/1689/1689 1691/1691/1691
f 1691/1691/1691 1689/1689/1689 1680/1680/1680
f 1692/1692/1692 1690/1690/1690 1691/1691/1691
f 1686/1686/1686 1690/1690/1690 1692/1692/1692
f 1688/1688/1688 1686/1686/1686 1693/1693/1693
f 1688/1688/1688 1693/1693/1693 1694/1694/1694
f 1695/1695/1695 1691/1691/1691 1680/1680/1680
f 1692/1692/1692 1691/1691/1691 1695/1695/1695
f 1696/1696/1696 1680/1680/1680 1684/1684/1684
f 1696/1696/1696 1695/1695/1695 1680/1680/1680
f 1697/1697/1697 1686/1686/1686 1692/1692/1692
f 1693/1693/1693 1686/1686/1686 1697/1697/1697
f 1694/1694/1694 1693/1693/1693 1698/1698/1698
f 1698/1698/1698 1693/1693/1693 1697/1697/1697
f 1699/1699/1699 1694/1694/1694 1698/1698/1698
f 1700/1700/1700 1692/1692/1692 1695/1695/1695
f 1697/1697/1697 1692/1692/1692 1700/1700/1700
f 1699/1699/1699 1698/1698/1698 1701/1701/1701
f 1702/1702/1702 1699/1699/1699 1701/1701/1701
f 1698/1698/1698 1697/1697/1697 1703/1703/1703
f 1703/1703/1703 1697/1697/1697 1700/1700/1700
f 1701/1701/1701 1698/1698/1698 1703/1703/1703
f 1702/1702/1702 1701/1701/1701 1704/1704/1704
f 1705/1705/1705 1702/1702/1702 1704/1704/1704
f 1704/1704/1704 1701/1701/1701 1706/1706/1706
f 1701/1701/1701 1703/1703/1703 1706/1706/1706
f 1706/1706/1706 1703/1703/1703 1707/1707/1707
f 1703/1703/1703 1700/1700/1700 1707/1707/1707
f 1707/1707/1707 1700/1700/1700 1708/1708/1708
f 1700/1700/1700 1695/1695/1695 1708/1708/1708
f 1708/1708/1708 1695/1695/1695 1696/1696/1696
f 1709/1709/1709 1708/1708/1708 1696/1696/1696
f 1709/1709/1709 1696/1696/1696 1710/1710/1710
f 1711/1711/1711 1709/1709/1709 1710/1710/1710
f 1710/1710/1710 1696/1696/1696 1684/1684/1684
f 1712/1712/1712 1711/1711/1711 1710/1710/1710
f 1713/1713/1713 1710/1710/1710 1684/1684/1684
f 1714/1714/1714 1712/1712/1712 1710/1710/1710
f 1714/1714/1714 1710/1710/1710 1713/1713/1713
f 1717/1717/1717 1716/1716/1716 1715/1715/1715
f 1716/1716/1716 1718/1718/1718 1715/1715/1715
f 1716/1716/1716 1719/1719/1719 1718/1718/1718
f 1719/1719/1719 1720/1720/1720 1718/1718/1718
f 1719/1719/1719 1721/1721/1721 1720/1720/1720
f 1721/1721/1721 1722/1722/1722 1720/1720/1720
f 1725/1725/1725 1724/1724/1724 1723/1723/1723
f 1724/1724/1724 1726/1726/1726 1723/1723/1723
f 1723/1723/1723 1726/1726/1726 1727/1727/1727
f 1726/1726/1726 1728/1728/1728 1727/1727/1727
f 1729/1729/1729 1728/1728/1728 1726/1726/1726
f 1730/1730/1730 1726/1726/1726 1724/1724/1724
f 1730/1730/1730 1729/1729/1729 1726/1726/1726
f 1731/1731/1731 1729/1729/1729 1730/1730/1730
f 1732/1732/1732 1730/1730/1730 1724/1724/1724
f 1733/1733/1733 1731/1731/1731 1730/1730/1730
f 1733/1733/1733 1730/1730/1730 1732/1732/1732
f 1734/1734/1734 1733/1733/1733 1732/1732/1732
f 1737/1737/1737 1736/1736/1736 1735/1735/1735
f 1736/1736/1736 1738/1738/1738 1735/1735/1735
f 1735/1735/1735 1738/1738/1738 1739/1739/1739
f 1738/1738/1738 1740/1740/1740 1739/1739/1739
f 1741/1741/1741 1740/1740/1740 1738/1738/1738
f 1742/1742/1742 1741/1741/1741 1738/1738/1738
f 1742/1742/1742 1738/1738/1738 1736/1736/1736
f 1743/1743/1743 1741/1741/1741 1742/1742/1742
f 1744/1744/1744 1742/1742/1742 1736/1736/1736
f 1744/1744/1744 1736/1736/1736 1745/1745/1745
f 1746/1746/1746 1744/1744/1744 1745/1745/1745
f 1747/1747/1747 1743/1743/1743 1742/1742/1742
f 1747/1747/1747 1742/1742/1742 1744/1744/1744
f 1748/1748/1748 1743/1743/1743 1747/1747/1747
f 1749/1749/1749 1744/1744/1744 1746/1746/1746
f 1749/1749/1749 1747/1747/1747 1744/1744/1744
f 1750/1750/1750 1749/1749/1749 1746/1746/1746
f 1751/1751/1751 1748/1748/1748 1747/1747/1747
f 1751/1751/1751 1747/1747/1747 1749/1749/1749
f 1752/1752/1752 1748/1748/1748 1751/1751/1751
f 1753/1753/1753 1749/1749/1749 1750/1750/1750
f 1753/1753/1753 1751/1751/1751 1749/1749/1749
f 1754/1754/1754 1753/1753/1753 1750/1750/1750
f 1755/1755/1755 1751/1751/1751 1753/1753/1753
f 1755/1755/1755 1753/1753/1753 1754/1754/1754
f 1756/1756/1756 1755/1755/1755 1754/1754/1754
f 1759/1759/1759 1758/1758/1758 1757/1757/1757
f 1760/1760/1760 1759/1759/1759 1757/1757/1757
f 1761/1761/1761 1759/1759/1759 1760/1760/1760
f 1762/1762/1762 1761/1761/1761 1760/1760/1760
f 1763/1763/1763 1759/1759/1759 1761/1761/1761
f 1764/1764/1764 1763/1763/1763 1761/1761/1761
f 1765/1765/1765 1763/1763/1763 1764/1764/1764
f 1766/1766/1766 1765/1765/1765 1764/1764/1764
f 1769/1769/1769 1768/1768/1768 1767/1767/1767
f 1768/1768/1768 1770/1770/1770 1767/1767/1767
f 1767/1767/1767 1770/1770/1770 1771/1771/1771
f 1768/1768/1768 1772/1772/1772 1770/1770/1770
f 1770/1770/1770 1773/1773/1773 1771/1771/1771
f 1772/1772/1772 1774/1774/1774 1770/1770/1770
f 1770/1770/1770 1774/1774/1774 1773/1773/1773
f 1774/1774/1774 1775/1775/1775 1773/1773/1773
f 1778/1778/1778 1777/1777/1777 1776/1776/1776
f 1777/1777/1777 1779/1779/1779 1776/1776/1776
f 1776/1776/1776 1779/1779/1779 1780/1780/1780
f 1779/1779/1779 1781/1781/1781 1780/1780/1780
f 1784/1784/1784 1783/1783/1783 1782/1782/1782
f 1783/1783/1783 1785/1785/1785 1782/1782/1782
f 1783/1783/1783 1786/1786/1786 1785/1785/1785
f 1786/1786/1786 1787/1787/1787 1785/1785/1785
f 1786/1786/1786 1788/1788/1788 1787/1787/1787
f 1788/1788/1788 1789/1789/1789 1787/1787/1787
f 1788/1788/1788 1790/1790/1790 1789/1789/1789
f 1790/1790/1790 1791/1791/1791 1789/1789/1789
f 1790/1790/1790 1792/1792/1792 1791/1791/1791
f 1792/1792/1792 1793/1793/1793 1791/1791/1791
f 1792/1792/1792 1794/1794/1794 1793/1793/1793
f 1794/1794/1794 1795/1795/1795 1793/1793/1793
f 1798/1798/1798 1797/1797/1797 1796/1796/1796
f 1799/1799/1799 1798/1798/1798 1796/1796/1796
f 1800/1800/1800 1798/1798/1798 1799/1799/1799
f 1801/1801/1801 1800/1800/1800 1799/1799/1799
f 1802/1802/1802 1800/1800/1800 1801/1801/1801
f 1803/1803/1803 1802/1802/1802 1801/1801/1801
f 1804/1804/1804 1802/1802/1802 1803/1803/1803
f 1805/1805/1805 1804/1804/1804 1803/1803/1803
f 1806/1806/1806 1804/1804/1804 1805/1805/1805
f 1807/1807/1807 1806/1806/1806 1805/1805/1805
f 1808/1808/1808 1806/1806/1806 1807/1807/1807
f 1809/1809/1809 1808/1808/1808 1807/1807/1807
f 1812/1812/1812 1811/1811/1811 1810/1810/1810
f 1811/1811/1811 1813/1813/1813 1810/1810/1810
f 1811/1811/1811 1814/1814/1814 1813/1813/1813
f 1814/1814/1814 1815/1815/1815 1813/1813/1813
f 1818/1818/1818 1817/1817/1817 1816/1816/1816
f 1817/1817/1817 1819/1819/1819 1816/1816/1816
f 1817/1817/1817 1820/1820/1820 1819/1819/1819
f 1820/1820/1820 1821/1821/1821 1819/1819/1819
f 1824/1824/1824 1823/1823/1823 1822/1822/1822
f 1823/1823/1823 1825/1825/1825 1822/1822/1822
f 1823/1823/1823 1826/1826/1826 1825/1825/1825
f 1826/1826/1826 1827/1827/1827 1825/1825/1825
f 1830/1830/1830 1829/1829/1829 1828/1828/1828
f 1831/1831/1831 1830/1830/1830 1828/1828/1828
f 1834/1834/1834 1833/1833/1833 1832/1832/1832
f 1835/1835/1835 1834/1834/1834 1832/1832/1832
f 1836/1836/1836 1834/1834/1834 1835/1835/1835
f 1837/1837/1837 1836/1836/1836 1835/1835/1835
f 1840/1840/1840 1839/1839/1839 1838/1838/1838
f 1841/1841/1841 1840/1840/1840 1838/1838/1838
f 1844/1844/1844 1843/1843/1843 1842/1842/1842
f 1845/1845/1845 1844/1844/1844 1842/1842/1842
f 1842/1842/1842 1846/1846/1846 1845/1845/1845
f 1846/1846/1846 1847/1847/1847 1845/1845/1845
f 1850/1850/1850 1849/1849/1849 1848/1848/1848
f 1849/1849/1849 1851/1851/1851 1848/1848/1848
f 1852/1852/1852 1848/1848/1848 1851/1851/1851
f 1853/1853/1853 1852/1852/1852 1851/1851/1851
f 1856/1856/1856 1855/1855/1855 1854/1854/1854
f 1855/1855/1855 1857/1857/1857 1854/1854/1854
f 1855/1855/1855 1858/1858/1858 1857/1857/1857
f 1858/1858/1858 1859/1859/1859 1857/1857/1857
f 1862/1862/1862 1861/1861/1861 1860/1860/1860
f 1863/1863/1863 1862/1862/1862 1860/1860/1860
f 1866/1866/1866 1865/1865/1865 1864/1864/1864
f 1867/1867/1867 1866/1866/1866 1864/1864/1864
f 1870/1870/1870 1869/1869/1869 1868/1868/1868
f 1871/1871/1871 1870/1870/1870 1868/1868/1868
f 1872/1872/1872 1870/1870/1870 1871/1871/1871
f 1873/1873/1873 1872/1872/1872 1871/1871/1871
f 1874/1874/1874 1872/1872/1872 1873/1873/1873
f 1875/1875/1875 1874/1874/1874 1873/1873/1873
f 1876/1876/1876 1874/1874/1874 1875/1875/1875
f 1877/1877/1877 1876/1876/1876 1875/1875/1875
f 1880/1880/1880 1879/1879/1879 1878/1878/1878
f 1881/1881/1881 1880/1880/1880 1878/1878/1878
f 1881/1881/1881 1878/1878/1878 1882/1882/1882
f 1883/1883/1883 1880/1880/1880 1881/1881/1881
f 1884/1884/1884 1881/1881/1881 1882/1882/1882
f 1885/1885/1885 1883/1883/1883 1881/1881/1881
f 1885/1885/1885 1881/1881/1881 1884/1884/1884
f 1886/1886/1886 1883/1883/1883 1885/1885/1885
f 1887/1887/1887 1885/1885/1885 1884/1884/1884
f 1888/1888/1888 1886/1886/1886 1885/1885/1885
f 1888/1888/1888 1885/1885/1885 1887/1887/1887
f 1889/1889/1889 1888/1888/1888 1887/1887/1887
f 1890/1890/1890 1886/1886/1886 1888/1888/1888
f 1891/1891/1891 1890/1890/1890 1888/1888/1888
f 1894/1894/1894 1893/1893/1893 1892/1892/1892
f 1895/1895/1895 1894/1894/1894 1892/1892/1892
f 1896/1896/1896 1894/1894/1894 1895/1895/1895
f 1897/1897/1897 1896/1896/1896 1895/1895/1895
f 1898/1898/1898 1896/1896/1896 1897/1897/1897
f 1899/1899/1899 1898/1898/1898 1897/1897/1897
f 1900/1900/1900 1898/1898/1898 1899/1899/1899
f 1901/1901/1901 1900/1900/1900 1899/1899/1899
f 1904/1904/1904 1903/1903/1903 1902/1902/1902
f 1903/1903/1903 1905/1905/1905 1902/1902/1902
f 1903/1903/1903 1906/1906/1906 1905/1905/1905
f 1907/1907/1907 1902/1902/1902 1905/1905/1905
f 1906/1906/1906 1908/1908/1908 1905/1905/1905
f 1909/1909/1909 1907/1907/1907 1905/1905/1905
f 1909/1909/1909 1905/1905/1905 1908/1908/1908
f 1910/1910/1910 1907/1907/1907 1909/1909/1909
f 1911/1911/1911 1909/1909/1909 1908/1908/1908
f 1912/1912/1912 1910/1910/1910 1909/1909/1909
f 1912/1912/1912 1909/1909/1909 1911/1911/1911
f 1913/1913/1913 1910/1910/1910 1912/1912/1912
f 1914/1914/1914 1912/1912/1912 1911/1911/1911
f 1915/1915/1915 1913/1913/1913 1912/1912/1912
f 1915/1915/1915 1912/1912/1912 1914/1914/1914
f 1916/1916/1916 1913/1913/1913 1915/1915/1915
f 1917/1917/1917 1915/1915/1915 1914/1914/1914
f 1918/1918/1918 1916/1916/1916 1915/1915/1915
f 1918/1918/1918 1915/1915/1915 1917/1917/1917
f 1919/1919/1919 1918/1918/1918 1917/1917/1917
f 1922/1922/1922 1921/1921/1921 1920/1920/1920
f 1923/1923/1923 1922/1922/1922 1920/1920/1920
f 1923/1923/1923 1920/1920/1920 1924/1924/1924
f 1925/1925/1925 1923/1923/1923 1924/1924/1924
f 1925/1925/1925 1924/1924/1924 1926/1926/1926
f 1923/1923/1923 1925/1925/1925 1927/1927/1927
f 1927/1927/1927 1925/1925/1925 1926/1926/1926
f 1922/1922/1922 1923/1923/1923 1927/1927/1927
f 1927/1927/1927 1926/1926/1926 1928/1928/1928
f 1929/1929/1929 1927/1927/1927 1928/1928/1928
f 1922/1922/1922 1927/1927/1927 1929/1929/1929
f 1929/1929/1929 1930/1930/1930 1922/1922/1922
f 1933/1933/1933 1932/1932/1932 1931/1931/1931
f 1934/1934/1934 1933/1933/1933 1931/1931/1931
f 1934/1934/1934 1931/1931/1931 1935/1935/1935
f 1936/1936/1936 1934/1934/1934 1935/1935/1935
f 1933/1933/1933 1934/1934/1934 1936/1936/1936
f 1936/1936/1936 1935/1935/1935 1937/1937/1937
f 1933/1933/1933 1936/1936/1936 1938/1938/1938
f 1938/1938/1938 1936/1936/1936 1937/1937/1937
f 1939/1939/1939 1933/1933/1933 1938/1938/1938
f 1938/1938/1938 1937/1937/1937 1940/1940/1940
f 1938/1938/1938 1941/1941/1941 1939/1939/1939
f 1941/1941/1941 1938/1938/1938 1940/1940/1940
f 1939/1939/1939 1941/1941/1941 1942/1942/1942
f 1941/1941/1941 1940/1940/1940 1942/1942/1942
f 1945/1945/1945 1944/1944/1944 1943/1943/1943
f 1943/1943/1943 1946/1946/1946 1945/1945/1945
f 1943/1943/1943 1947/1947/1947 1946/1946/1946
f 1950/1950/1950 1949/1949/1949 1948/1948/1948
f 1951/1951/1951 1950/1950/1950 1948/1948/1948
f 1952/1952/1952 1950/1950/1950 1951/1951/1951
f 1953/1953/1953 1951/1951/1951 1948/1948/1948
f 1954/1954/1954 1953/1953/1953 1948/1948/1948
f 1948/1948/1948 1955/1955/1955 1954/1954/1954
f 1955/1955/1955 1956/1956/1956 1954/1954/1954
f 1953/1953/1953 1957/1957/1957 1951/1951/1951
f 1957/1957/1957 1953/1953/1953 1958/1958/1958
f 1959/1959/1959 1957/1957/1957 1958/1958/1958
f 1960/1960/1960 1952/1952/1952 1951/1951/1951
f 1957/1957/1957 1960/1960/1960 1951/1951/1951
f 1960/1960/1960 1961/1961/1961 1952/1952/1952
f 1961/1961/1961 1960/1960/1960 1957/1957/1957
f 1961/1961/1961 1962/1962/1962 1952/1952/1952
f 1963/1963/1963 1957/1957/1957 1959/1959/1959
f 1963/1963/1963 1961/1961/1961 1957/1957/1957
f 1964/1964/1964 1963/1963/1963 1959/1959/1959
f 1961/1961/1961 1963/1963/1963 1965/1965/1965
f 1966/1966/1966 1961/1961/1961 1965/1965/1965
f 1962/1962/1962 1961/1961/1961 1966/1966/1966
f 1967/1967/1967 1962/1962/1962 1966/1966/1966
f 1956/1956/1956 1955/1955/1955 1968/1968/1968
f 1955/1955/1955 1969/1969/1969 1968/1968/1968
f 1956/1956/1956 1968/1968/1968 1970/1970/1970
f 1971/1971/1971 1956/1956/1956 1970/1970/1970
f 1968/1968/1968 1969/1969/1969 1972/1972/1972
f 1969/1969/1969 1973/1973/1973 1972/1972/1972
f 1972/1972/1972 1973/1973/1973 1974/1974/1974
f 1973/1973/1973 1975/1975/1975 1974/1974/1974
f 1974/1974/1974 1975/1975/1975 1976/1976/1976
f 1975/1975/1975 1977/1977/1977 1976/1976/1976
f 1974/1974/1974 1976/1976/1976 1978/1978/1978
f 1979/1979/1979 1974/1974/1974 1978/1978/1978
f 1980/1980/1980 1974/1974/1974 1979/1979/1979
f 1981/1981/1981 1974/1974/1974 1980/1980/1980
f 1984/1984/1984 1983/1983/1983 1982/1982/1982
f 1983/1983/1983 1985/1985/1985 1982/1982/1982
f 1982/1982/1982 1985/1985/1985 1986/1986/1986
f 1985/1985/1985 1987/1987/1987 1986/1986/1986
f 1986/1986/1986 1987/1987/1987 1988/1988/1988
f 1985/1985/1985 1989/1989/1989 1987/1987/1987
f 1989/1989/1989 1990/1990/1990 1987/1987/1987
f 1987/1987/1987 1991/1991/1991 1988/1988/1988
f 1988/1988/1988 1991/1991/1991 1992/1992/1992
f 1991/1991/1991 1993/1993/1993 1992/1992/1992
f 1992/1992/1992 1993/1993/1993 1994/1994/1994
f 1993/1993/1993 1995/1995/1995 1994/1994/1994
f 1993/1993/1993 1996/1996/1996 1995/1995/1995
f 1996/1996/1996 1997/1997/1997 1995/1995/1995
f 1985/1985/1985 1983/1983/1983 1998/1998/1998
f 1983/1983/1983 1999/1999/1999 1998/1998/1998
f 1983/1983/1983 2000/2000/2000 1999/1999/1999
f 1999/1999/1999 2001/2001/2001 1998/1998/1998
f 2001/2001/2001 2002/2002/2002 1998/1998/1998
f 1998/1998/1998 2002/2002/2002 2003/2003/2003
f 2002/2002/2002 2004/2004/2004 2003/2003/2003
f 2004/2004/2004 2002/2002/2002 2005/2005/2005
f 2006/2006/2006 2004/2004/2004 2005/2005/2005
f 2006/2006/2006 2005/2005/2005 2007/2007/2007
f 2005/2005/2005 2008/2008/2008 2007/2007/2007
f 2000/2000/2000 2009/2009/2009 1999/1999/1999
f 1999/1999/1999 2009/2009/2009 2010/2010/2010
f 2009/2009/2009 2011/2011/2011 2010/2010/2010
f 2012/2012/2012 2009/2009/2009 2000/2000/2000
f 2013/2013/2013 2012/2012/2012 2000/2000/2000
f 2013/2013/2013 2014/2014/2014 2012/2012/2012
f 2014/2014/2014 2015/2015/2015 2012/2012/2012
f 2015/2015/2015 2014/2014/2014 2016/2016/2016
f 2017/2017/2017 2015/2015/2015 2016/2016/2016
f 2020/2020/2020 2019/2019/2019 2018/2018/2018
f 2021/2021/2021 2020/2020/2020 2018/2018/2018
f 2018/2018/2018 2022/2022/2022 2021/2021/2021
f 2018/2018/2018 2023/2023/2023 2022/2022/2022
f 2023/2023/2023 2024/2024/2024 2022/2022/2022
f 2024/2024/2024 2023/2023/2023 2025/2025/2025
f 2026/2026/2026 2024/2024/2024 2025/2025/2025
f 2022/2022/2022 2027/2027/2027 2021/2021/2021
f 2021/2021/2021 2027/2027/2027 2028/2028/2028
f 2028/2028/2028 2027/2027/2027 2029/2029/2029
f 2030/2030/2030 2021/2021/2021 2028/2028/2028
f 2027/2027/2027 2031/2031/2031 2029/2029/2029
f 2021/2021/2021 2030/2030/2030 2032/2032/2032
f 2029/2029/2029 2031/2031/2031 2033/2033/2033
f 2030/2030/2030 2034/2034/2034 2032/2032/2032
f 2031/2031/2031 2035/2035/2035 2033/2033/2033
f 2033/2033/2033 2035/2035/2035 2036/2036/2036
f 2031/2031/2031 2037/2037/2037 2035/2035/2035
f 2032/2032/2032 2034/2034/2034 2038/2038/2038
f 2034/2034/2034 2039/2039/2039 2038/2038/2038
f 2035/2035/2035 2040/2040/2040 2036/2036/2036
f 2036/2036/2036 2040/2040/2040 2041/2041/2041
f 2040/2040/2040 2042/2042/2042 2041/2041/2041
f 2042/2042/2042 2040/2040/2040 2043/2043/2043
f 2037/2037/2037 2044/2044/2044 2035/2035/2035
f 2040/2040/2040 2035/2035/2035 2044/2044/2044
f 2040/2040/2040 2045/2045/2045 2043/2043/2043
f 2045/2045/2045 2040/2040/2040 2044/2044/2044
f 2043/2043/2043 2045/2045/2045 2046/2046/2046
f 2045/2045/2045 2047/2047/2047 2046/2046/2046
f 2048/2048/2048 2047/2047/2047 2045/2045/2045
f 2044/2044/2044 2048/2048/2048 2045/2045/2045
f 2044/2044/2044 2037/2037/2037 2048/2048/2048
f 2037/2037/2037 2049/2049/2049 2048/2048/2048
f 2038/2038/2038 2039/2039/2039 2050/2050/2050
f 2039/2039/2039 2051/2051/2051 2050/2050/2050
f 2050/2050/2050 2051/2051/2051 2052/2052/2052
f 2050/2050/2050 2052/2052/2052 2053/2053/2053
f 2050/2050/2050 2053/2053/2053 2054/2054/2054
f 2053/2053/2053 2055/2055/2055 2054/2054/2054
f 2038/2038/2038 2050/2050/2050 2056/2056/2056
f 2057/2057/2057 2038/2038/2038 2056/2056/2056
f 2032/2032/2032 2038/2038/2038 2057/2057/2057
f 2058/2058/2058 2032/2032/2032 2057/2057/2057
f 2061/2061/2061 2060/2060/2060 2059/2059/2059
f 2062/2062/2062 2061/2061/2061 2059/2059/2059
f 2065/2065/2065 2064/2064/2064 2063/2063/2063
f 2064/2064/2064 2066/2066/2066 2063/2063/2063
f 2066/2066/2066 2064/2064/2064 2067/2067/2067
f 2068/2068/2068 2066/2066/2066 2067/2067/2067
f 2071/2071/2071 2070/2070/2070 2069/2069/2069
f 2072/2072/2072 2071/2071/2071 2069/2069/2069
f 2075/2075/2075 2074/2074/2074 2073/2073/2073
f 2074/2074/2074 2076/2076/2076 2073/2073/2073
f 2073/2073/2073 2076/2076/2076 2077/2077/2077
f 2076/2076/2076 2078/2078/2078 2077/2077/2077
f 2077/2077/2077 2078/2078/2078 2079/2079/2079
f 2080/2080/2080 2077/2077/2077 2079/2079/2079
f 2079/2079/2079 2078/2078/2078 2081/2081/2081
f 2079/2079/2079 2081/2081/2081 2080/2080/2080
f 2078/2078/2078 2082/2082/2082 2081/2081/2081
f 2081/2081/2081 2083/2083/2083 2080/2080/2080
f 2086/2086/2086 2085/2085/2085 2084/2084/2084
f 2087/2087/2087 2086/2086/2086 2084/2084/2084
f 2088/2088/2088 2086/2086/2086 2087/2087/2087
f 2089/2089/2089 2088/2088/2088 2087/2087/2087
f 2090/2090/2090 2089/2089/2089 2087/2087/2087
f 2089/2089/2089 2090/2090/2090 2091/2091/2091
f 2092/2092/2092 2090/2090/2090 2087/2087/2087
f 2090/2090/2090 2093/2093/2093 2091/2091/2091
f 2093/2093/2093 2094/2094/2094 2091/2091/2091
f 2094/2094/2094 2095/2095/2095 2091/2091/2091
f 2096/2096/2096 2092/2092/2092 2087/2087/2087
f 2084/2084/2084 2096/2096/2096 2087/2087/2087
f 2096/2096/2096 2084/2084/2084 2097/2097/2097
f 2084/2084/2084 2098/2098/2098 2097/2097/2097
f 2097/2097/2097 2098/2098/2098 2099/2099/2099
f 2098/2098/2098 2100/2100/2100 2099/2099/2099
f 2099/2099/2099 2100/2100/2100 2101/2101/2101
f 2098/2098/2098 2102/2102/2102 2100/2100/2100
f 2100/2100/2100 2103/2103/2103 2101/2101/2101
f 2102/2102/2102 2104/2104/2104 2100/2100/2100
f 2100/2100/2100 2104/2104/2104 2103/2103/2103
f 2104/2104/2104 2105/2105/2105 2103/2103/2103
f 2108/2108/2108 2107/2107/2107 2106/2106/2106
f 2109/2109/2109 2108/2108/2108 2106/2106/2106
f 2112/2112/2112 2111/2111/2111 2110/2110/2110
f 2113/2113/2113 2112/2112/2112 2110/2110/2110
f 2112/2112/2112 2113/2113/2113 2114/2114/2114
f 2113/2113/2113 2115/2115/2115 2114/2114/2114
f 2118/2118/2118 2117/2117/2117 2116/2116/2116
f 2117/2117/2117 2119/2119/2119 2116/2116/2116
f 2117/2117/2117 2120/2120/2120 2119/2119/2119
f 2121/2121/2121 2116/2116/2116 2119/2119/2119
f 2120/2120/2120 2122/2122/2122 2119/2119/2119
f 2123/2123/2123 2121/2121/2121 2119/2119/2119
f 2123/2123/2123 2119/2119/2119 2122/2122/2122
f 2124/2124/2124 2121/2121/2121 2123/2123/2123
f 2125/2125/2125 2123/2123/2123 2122/2122/2122
f 2126/2126/2126 2124/2124/2124 2123/2123/2123
f 2126/2126/2126 2123/2123/2123 2125/2125/2125
f 2127/2127/2127 2126/2126/2126 2125/2125/2125
f 2130/2130/2130 2129/2129/2129 2128/2128/2128
f 2129/2129/2129 2131/2131/2131 2128/2128/2128
f 2132/2132/2132 2128/2128/2128 2131/2131/2131
f 2132/2132/2132 2133/2133/2133 2128/2128/2128
f 2133/2133/2133 2134/2134/2134 2128/2128/2128
f 2134/2134/2134 2135/2135/2135 2128/2128/2128
f 2135/2135/2135 2136/2136/2136 2128/2128/2128
f 2137/2137/2137 2135/2135/2135 2134/2134/2134
f 2138/2138/2138 2137/2137/2137 2134/2134/2134
f 2138/2138/2138 2134/2134/2134 2133/2133/2133
f 2139/2139/2139 2137/2137/2137 2138/2138/2138
f 2138/2138/2138 2140/2140/2140 2139/2139/2139
f 2141/2141/2141 2138/2138/2138 2133/2133/2133
f 2138/2138/2138 2141/2141/2141 2140/2140/2140
f 2141/2141/2141 2133/2133/2133 2142/2142/2142
f 2141/2141/2141 2143/2143/2143 2140/2140/2140
f 2143/2143/2143 2141/2141/2141 2142/2142/2142
f 2146/2146/2146 2145/2145/2145 2144/2144/2144
f 2147/2147/2147 2146/2146/2146 2144/2144/2144
f 2147/2147/2147 2144/2144/2144 2148/2148/2148
f 2149/2149/2149 2147/2147/2147 2148/2148/2148
f 2150/2150/2150 2148/2148/2148 2144/2144/2144
f 2151/2151/2151 2150/2150/2150 2144/2144/2144
f 2152/2152/2152 2150/2150/2150 2151/2151/2151
f 2153/2153/2153 2152/2152/2152 2151/2151/2151
f 2156/2156/2156 2155/2155/2155 2154/2154/2154
f 2155/2155/2155 2157/2157/2157 2154/2154/2154
f 2154/2154/2154 2157/2157/2157 2158/2158/2158
f 2159/2159/2159 2158/2158/2158 2157/2157/2157
f 2160/2160/2160 2159/2159/2159 2157/2157/2157
f 2163/2163/2163 2162/2162/2162 2161/2161/2161
f 2162/2162/2162 2164/2164/2164 2161/2161/2161
f 2162/2162/2162 2165/2165/2165 2164/2164/2164
f 2165/2165/2165 2166/2166/2166 2164/2164/2164
f 2169/2169/2169 2168/2168/2168 2167/2167/2167
f 2170/2170/2170 2169/2169/2169 2167/2167/2167
f 2171/2171/2171 2170/2170/2170 2167/2167/2167
f 2172/2172/2172 2171/2171/2171 2167/2167/2167
f 2173/2173/2173 2171/2171/2171 2172/2172/2172
f 2174/2174/2174 2173/2173/2173 2172/2172/2172
f 2173/2173/2173 2174/2174/2174 2175/2175/2175
f 2174/2174/2174 2176/2176/2176 2175/2175/2175
f 2179/2179/2179 2178/2178/2178 2177/2177/2177
f 2178/2178/2178 2180/2180/2180 2177/2177/2177
f 2177/2177/2177 2180/2180/2180 2181/2181/2181
f 2180/2180/2180 2182/2182/2182 2181/2181/2181
f 2182/2182/2182 2180/2180/2180 2183/2183/2183
f 2184/2184/2184 2180/2180/2180 2178/2178/2178
f 2180/2180/2180 2184/2184/2184 2183/2183/2183
f 2185/2185/2185 2184/2184/2184 2178/2178/2178
f 2184/2184/2184 2186/2186/2186 2183/2183/2183
f 2185/2185/2185 2187/2187/2187 2184/2184/2184
f 2187/2187/2187 2186/2186/2186 2184/2184/2184
f 2190/2190/2190 2189/2189/2189 2188/2188/2188
f 2189/2189/2189 2191/2191/2191 2188/2188/2188
f 2188/2188/2188 2191/2191/2191 2192/2192/2192
f 2193/2193/2193 2188/2188/2188 2192/2192/2192
f 2193/2193/2193 2192/2192/2192 2194/2194/2194
f 2192/2192/2192 2195/2195/2195 2194/2194/2194
f 2195/2195/2195 2196/2196/2196 2194/2194/2194
f 2196/2196/2196 2197/2197/2197 2194/2194/2194
f 2198/2198/2198 2194/2194/2194 2197/2197/2197
f 2199/2199/2199 2198/2198/2198 2197/2197/2197
f 2200/2200/2200 2198/2198/2198 2199/2199/2199
f 2198/2198/2198 2201/2201/2201 2194/2194/2194
f 2198/2198/2198 2200/2200/2200 2201/2201/2201
f 2201/2201/2201 2202/2202/2202 2194/2194/2194
f 2202/2202/2202 2203/2203/2203 2194/2194/2194
f 2204/2204/2204 2202/2202/2202 2201/2201/2201
f 2205/2205/2205 2204/2204/2204 2201/2201/2201
f 2200/2200/2200 2205/2205/2205 2201/2201/2201
f 2205/2205/2205 2200/2200/2200 2206/2206/2206
f 2200/2200/2200 2207/2207/2207 2206/2206/2206
f 2206/2206/2206 2207/2207/2207 2208/2208/2208
f 2207/2207/2207 2209/2209/2209 2208/2208/2208
f 2208/2208/2208 2209/2209/2209 2210/2210/2210
f 2209/2209/2209 2211/2211/2211 2210/2210/2210
f 2208/2208/2208 2210/2210/2210 2212/2212/2212
f 2213/2213/2213 2208/2208/2208 2212/2212/2212
f 2214/2214/2214 2212/2212/2212 2210/2210/2210
f 2215/2215/2215 2214/2214/2214 2210/2210/2210
f 2215/2215/2215 2210/2210/2210 2211/2211/2211
f 2216/2216/2216 2215/2215/2215 2211/2211/2211
f 2219/2219/2219 2218/2218/2218 2217/2217/2217
f 2220/2220/2220 2219/2219/2219 2217/2217/2217
f 2220/2220/2220 2217/2217/2217 2221/2221/2221
f 2222/2222/2222 2219/2219/2219 2220/2220/2220
f 2223/2223/2223 2220/2220/2220 2221/2221/2221
f 2223/2223/2223 2222/2222/2222 2220/2220/2220
f 2224/2224/2224 2223/2223/2223 2221/2221/2221
f 2225/2225/2225 2222/2222/2222 2223/2223/2223
f 2223/2223/2223 2224/2224/2224 2226/2226/2226
f 2227/2227/2227 2225/2225/2225 2223/2223/2223
f 2227/2227/2227 2223/2223/2223 2226/2226/2226
f 2228/2228/2228 2225/2225/2225 2227/2227/2227
f 2229/2229/2229 2228/2228/2228 2227/2227/2227
f 2230/2230/2230 2229/2229/2229 2227/2227/2227
f 2227/2227/2227 2226/2226/2226 2231/2231/2231
f 2231/2231/2231 2230/2230/2230 2227/2227/2227
f 2232/2232/2232 2230/2230/2230 2231/2231/2231
f 2226/2226/2226 2233/2233/2233 2231/2231/2231
f 2234/2234/2234 2232/2232/2232 2231/2231/2231
f 2231/2231/2231 2233/2233/2233 2234/2234/2234
f 2233/2233/2233 2235/2235/2235 2234/2234/2234
f 2234/2234/2234 2235/2235/2235 2236/2236/2236
f 2235/2235/2235 2237/2237/2237 2236/2236/2236
f 2240/2240/2240 2239/2239/2239 2238/2238/2238
f 2241/2241/2241 2240/2240/2240 2238/2238/2238
f 2244/2244/2244 2243/2243/2243 2242/2242/2242
f 2243/2243/2243 2245/2245/2245 2242/2242/2242
f 2242/2242/2242 2245/2245/2245 2246/2246/2246
f 2242/2242/2242 2246/2246/2246 2247/2247/2247
f 2248/2248/2248 2242/2242/2242 2247/2247/2247
f 2245/2245/2245 2249/2249/2249 2246/2246/2246
f 2245/2245/2245 2250/2250/2250 2249/2249/2249
f 2250/2250/2250 2251/2251/2251 2249/2249/2249
f 2254/2254/2254 2253/2253/2253 2252/2252/2252
f 2252/2252/2252 2255/2255/2255 2254/2254/2254
f 2254/2254/2254 2255/2255/2255 2256/2256/2256
f 2256/2256/2256 2257/2257/2257 2254/2254/2254
f 2255/2255/2255 2258/2258/2258 2256/2256/2256
f 2258/2258/2258 2259/2259/2259 2256/2256/2256
f 2258/2258/2258 2260/2260/2260 2259/2259/2259
f 2258/2258/2258 2261/2261/2261 2260/2260/2260
f 2264/2264/2264 2263/2263/2263 2262/2262/2262
f 2265/2265/2265 2264/2264/2264 2262/2262/2262
f 2266/2266/2266 2264/2264/2264 2265/2265/2265
f 2267/2267/2267 2266/2266/2266 2265/2265/2265
f 2265/2265/2265 2262/2262/2262 2268/2268/2268
f 2269/2269/2269 2265/2265/2265 2268/2268/2268
f 2267/2267/2267 2265/2265/2265 2269/2269/2269
f 2268/2268/2268 2262/2262/2262 2270/2270/2270
f 2271/2271/2271 2267/2267/2267 2269/2269/2269
f 2262/2262/2262 2272/2272/2272 2270/2270/2270
f 2273/2273/2273 2270/2270/2270 2272/2272/2272
f 2274/2274/2274 2273/2273/2273 2272/2272/2272
f 2267/2267/2267 2271/2271/2271 2275/2275/2275
f 2271/2271/2271 2276/2276/2276 2275/2275/2275
f 2275/2275/2275 2276/2276/2276 2277/2277/2277
f 2276/2276/2276 2278/2278/2278 2277/2277/2277
f 2281/2281/2281 2280/2280/2280 2279/2279/2279
f 2280/2280/2280 2282/2282/2282 2279/2279/2279
f 2283/2283/2283 2279/2279/2279 2282/2282/2282
f 2284/2284/2284 2283/2283/2283 2282/2282/2282
f 2287/2287/2287 2286/2286/2286 2285/2285/2285
f 2286/2286/2286 2288/2288/2288 2285/2285/2285
f 2289/2289/2289 2285/2285/2285 2288/2288/2288
f 2286/2286/2286 2290/2290/2290 2288/2288/2288
f 2291/2291/2291 2289/2289/2289 2288/2288/2288
f 2290/2290/2290 2292/2292/2292 2288/2288/2288
f 2291/2291/2291 2288/2288/2288 2292/2292/2292
f 2293/2293/2293 2291/2291/2291 2292/2292/2292
f 2296/2296/2296 2295/2295/2295 2294/2294/2294
f 2297/2297/2297 2296/2296/2296 2294/2294/2294
f 2298/2298/2298 2296/2296/2296 2297/2297/2297
f 2299/2299/2299 2298/2298/2298 2297/2297/2297
f 2299/2299/2299 2297/2297/2297 2300/2300/2300
f 2300/2300/2300 2301/2301/2301 2299/2299/2299
f 2304/2304/2304 2303/2303/2303 2302/2302/2302
f 2302/2302/2302 2305/2305/2305 2304/2304/2304
f 2305/2305/2305 2306/2306/2306 2304/2304/2304
f 2305/2305/2305 2307/2307/2307 2306/2306/2306
f 2310/2310/2310 2309/2309/2309 2308/2308/2308
f 2311/2311/2311 2310/2310/2310 2308/2308/2308
f 2310/2310/2310 2312/2312/2312 2309/2309/2309
f 2311/2311/2311 2308/2308/2308 2313/2313/2313
f 2312/2312/2312 2314/2314/2314 2309/2309/2309
f 2315/2315/2315 2311/2311/2311 2313/2313/2313
f 2312/2312/2312 2316/2316/2316 2314/2314/2314
f 2315/2315/2315 2313/2313/2313 2317/2317/2317
f 2316/2316/2316 2318/2318/2318 2314/2314/2314
f 2319/2319/2319 2315/2315/2315 2317/2317/2317
f 2319/2319/2319 2317/2317/2317 2318/2318/2318
f 2316/2316/2316 2319/2319/2319 2318/2318/2318
f 2322/2322/2322 2321/2321/2321 2320/2320/2320
f 2321/2321/2321 2323/2323/2323 2320/2320/2320
f 2324/2324/2324 2321/2321/2321 2322/2322/2322
f 2320/2320/2320 2323/2323/2323 2325/2325/2325
f 2326/2326/2326 2324/2324/2324 2322/2322/2322
f 2323/2323/2323 2327/2327/2327 2325/2325/2325
f 2328/2328/2328 2324/2324/2324 2326/2326/2326
f 2325/2325/2325 2327/2327/2327 2329/2329/2329
f 2330/2330/2330 2328/2328/2328 2326/2326/2326
f 2327/2327/2327 2331/2331/2331 2329/2329/2329
f 2331/2331/2331 2328/2328/2328 2330/2330/2330
f 2329/2329/2329 2331/2331/2331 2330/2330/2330
