g Sniperman
v 1.5369837 -0.09663072 2.3180273
v 1.5451378 -0.16544238 2.2431774
v 1.5146861 -0.14416674 2.2874324
v 1.5891534 -0.11775544 2.2500942
v 1.5871345 -0.1911357 2.2007082
v 1.5926582 -0.026053209 2.2420707
v 1.5470247 -0.011654949 2.3078883
v 1.4939713 -0.07549689 2.389301
v 1.6267488 -0.13436611 2.190462
v 1.6273708 -0.03794826 2.1738172
v 1.6690925 -0.14141405 2.017212
v 1.6402931 -0.19258645 2.023741
v 1.6502982 -0.13593525 1.9710479
v 1.6323676 -0.17550875 1.9789218
v 1.6263714 -0.05253598 1.9575881
v 1.6545305 -0.052797936 2.0015552
v 1.5979136 0.04470727 2.016721
v 1.5924772 -0.001280969 1.9667387
v 1.57731 0.05292676 2.1367326
v 1.5392421 0.06511563 2.1974816
v 1.494924 0.06478605 2.2714543
v 1.4548769 0.07910755 2.3363864
v 1.497974 0.012974713 2.3811872
v 1.4242203 0.09479936 2.383411
v 1.4677588 0.026544845 2.4290657
v 1.463152 -0.06315275 2.4402528
v 1.4939713 -0.07549689 2.389301
v 1.5369837 -0.09663072 2.3180273
v 1.5146861 -0.14416674 2.2874324
v 1.4409436 -0.09799649 2.3487318
v 1.463152 -0.06315275 2.4402528
v 1.3967093 -0.0921639 2.3959053
v 1.4465336 -0.1452707 2.2758594
v 1.48664 -0.13916437 2.2188733
v 1.5451378 -0.16544238 2.2431774
v 1.4846259 -0.12223617 2.1534956
v 1.4519315 -0.16337757 2.1685317
v 1.4982527 -0.14088407 2.1911187
v 1.5361392 -0.16826576 2.1624448
v 1.5871345 -0.1911357 2.2007082
v 1.6402931 -0.19258645 2.023741
v 1.5852625 -0.16265346 2.0312634
v 1.6323676 -0.17550875 1.9789218
v 1.5866164 -0.15944463 1.9894768
v 1.5501932 -0.05629147 2.1274047
v 1.4895401 -0.09045172 2.169806
v 1.5581448 -0.11398412 2.1313508
v 1.4810797 -0.034673743 2.172959
v 1.4283446 -0.055182822 2.1893647
v 1.4136206 -0.007194778 2.2056208
v 1.4869269 0.07116647 2.1622574
v 1.4488847 0.07715018 2.243089
v 1.48664 -0.13916437 2.2188733
v 1.4283446 -0.055182822 2.1893647
v 1.4222759 -0.06727776 2.1345541
v 1.4846259 -0.12223617 2.1534956
v 1.4232252 -0.09919461 2.084471
v 1.3938029 -0.13009872 2.097707
v 1.4414428 -0.16210583 2.1055708
v 1.4654943 -0.13207975 2.0947657
v 1.4232252 -0.09919461 2.084471
v 1.4654943 -0.13207975 2.0947657
v 1.4846259 -0.12223617 2.1534956
v 1.4222759 -0.06727776 2.1345541
v 1.3938029 -0.13009872 2.097707
v 1.4232252 -0.09919461 2.084471
v 1.4222759 -0.06727776 2.1345541
v 1.3883674 -0.1131562 2.1597567
v 1.4414428 -0.16210583 2.1055708
v 1.4519315 -0.16337757 2.1685317
v 1.3841181 -0.08627715 2.2658105
v 1.4465336 -0.1452707 2.2758594
v 1.4409436 -0.09799649 2.3487318
v 1.3838581 -0.008565736 2.3034701
v 1.4283446 -0.055182822 2.1893647
v 1.3967093 -0.0921639 2.3959053
v 1.3373352 -0.0014930815 2.3484116
v 1.4136206 -0.007194778 2.2056208
v 1.4488847 0.07715018 2.243089
v 1.4090481 0.0816814 2.3073866
v 1.4654943 -0.13207975 2.0947657
v 1.4414428 -0.16210583 2.1055708
v 1.4519315 -0.16337757 2.1685317
v 1.4846259 -0.12223617 2.1534956
v 1.4283446 -0.055182822 2.1893647
v 1.3841181 -0.08627715 2.2658105
v 1.3883674 -0.1131562 2.1597567
v 1.4222759 -0.06727776 2.1345541
v 1.4283446 -0.055182822 2.1893647
v 1.48664 -0.13916437 2.2188733
v 1.4982527 -0.14088407 2.1911187
v 1.4895401 -0.09045172 2.169806
v 1.5361392 -0.16826576 2.1624448
v 1.5581448 -0.11398412 2.1313508
v 1.6003468 -0.124651104 2.0274575
v 1.5852625 -0.16265346 2.0312634
v 1.5866164 -0.15944463 1.9894768
v 1.5859998 -0.1161189 1.9798979
v 1.5858035 -0.07030505 2.023248
v 1.5741589 -0.07093608 1.9666023
v 1.549502 -0.0031360406 1.9790779
v 1.5437517 0.03783306 2.0241704
v 1.5501932 -0.05629147 2.1274047
v 1.5188481 0.054487266 2.1037972
v 1.4810797 -0.034673743 2.172959
v 1.4869269 0.07116647 2.1622574
v 1.5859998 -0.1161189 1.9798979
v 1.5866164 -0.15944463 1.9894768
v 1.6323676 -0.17550875 1.9789218
v 1.6502982 -0.13593525 1.9710479
v 1.5741589 -0.07093608 1.9666023
v 1.6263714 -0.05253598 1.9575881
v 1.5924772 -0.001280969 1.9667387
v 1.549502 -0.0031360406 1.9790779
v 1.549502 -0.0031360406 1.9790779
v 1.5924772 -0.001280969 1.9667387
v 1.5979136 0.04470727 2.016721
v 1.5437517 0.03783306 2.0241704
v 1.57731 0.05292676 2.1367326
v 1.5188481 0.054487266 2.1037972
v 1.4869269 0.07116647 2.1622574
v 1.5392421 0.06511563 2.1974816
v 1.494924 0.06478605 2.2714543
v 1.4488847 0.07715018 2.243089
v 1.4090481 0.0816814 2.3073866
v 1.4548769 0.07910755 2.3363864
v 1.363952 0.095254935 2.3491125
v 1.4242203 0.09479936 2.383411
v 0.6819052 0.056803577 3.099701
v 0.73060215 0.21377355 3.123668
v 0.5559115 0.3115161 3.265011
v 0.53480524 0.05361403 3.211675
v 0.75687164 0.27519473 3.318651
v 0.75020176 0.106816694 3.514972
v 0.6842547 0.27630574 3.4524524
v 0.8961982 0.12482535 3.3669894
v 0.7104752 -0.061593745 3.4393523
v 0.8044797 -0.058901526 3.3153665
v 0.8924351 -0.017855383 3.174871
v 0.93169093 0.12736809 3.2293727
v 1.073335 0.021720983 2.9350774
v 0.8631634 0.23704022 3.188919
v 1.0885965 0.122971274 2.9721472
v 1.0154214 0.21637791 2.9613786
v 1.3373352 -0.0014930815 2.3484116
v 1.3838581 -0.008565736 2.3034701
v 1.4090481 0.0816814 2.3073866
v 1.363952 0.095254935 2.3491125
v 1.3266128 -0.0058918875 2.3379803
v 1.3936843 -0.10743337 2.395
v 1.3967093 -0.0921639 2.3959053
v 1.4730272 -0.07216102 2.4482825
v 1.463152 -0.06315275 2.4402528
v 1.4808407 0.03189346 2.4356525
v 1.4677588 0.026544845 2.4290657
v 1.4316403 0.10850407 2.383942
v 1.4242203 0.09479936 2.383411
v 1.3591301 0.1069875 2.340045
v 1.2440552 0.006969621 2.417606
v 1.2776145 0.12943044 2.413083
v 1.147805 0.028905781 2.8704484
v 1.0630906 -0.04817403 2.7516923
v 1.02681 -0.017089477 2.8126156
v 1.2307103 0.029947694 2.8245351
v 1.3182409 -0.081817314 2.4795878
v 1.4084809 -0.04125517 2.5306375
v 1.1258738 0.21145079 2.815524
v 1.2398729 0.1288919 2.7901704
v 1.1583244 0.12454856 2.8807845
v 1.1930062 0.21314824 2.7380736
v 1.0097827 0.19533715 2.7578857
v 1.0238343 0.19762763 2.663813
v 1.3698379 0.12263548 2.466829
v 1.2839551 0.11933339 2.4231315
v 0.95539683 0.074748665 2.7717652
v 1.0238343 0.19762763 2.663813
v 1.0097827 0.19533715 2.7578857
v 0.9864554 0.05184945 2.687364
v 1.02681 -0.017089477 2.8126156
v 1.0630906 -0.04817403 2.7516923
v 1.254807 0.011053288 2.4281347
v 1.3182409 -0.081817314 2.4795878
v 1.147805 0.028905781 2.8704484
v 1.1668441 0.1276693 2.8897195
v 1.1583244 0.12454856 2.8807845
v 1.1539556 0.02185555 2.8790867
v 1.02681 -0.017089477 2.8126156
v 1.0226504 -0.028878871 2.8150375
v 0.95539683 0.074748665 2.7717652
v 0.9431225 0.07293966 2.7688968
v 1.0097827 0.19533715 2.7578857
v 1.0022846 0.2053667 2.7555733
v 1.1258738 0.21145079 2.815524
v 1.1291256 0.22321838 2.8191445
v 1.1583244 0.12454856 2.8807845
v 1.2307103 0.029947694 2.8245351
v 1.147805 0.028905781 2.8704484
v 1.2398729 0.1288919 2.7901704
v 1.4084809 -0.04125517 2.5306375
v 1.4141592 0.050617266 2.513999
v 1.1930062 0.21314824 2.7380736
v 1.3698379 0.12263548 2.466829
v 0.45988995 0.41150162 0.15960203
v 0.43787158 0.33681723 0.2981911
v 0.32141498 0.321824 0.29103702
v 0.30683365 0.37362593 0.155072
v 0.33209893 0.37346253 -0.011210248
v 0.47808596 0.3829817 -0.015602499
v 0.3450158 0.018076118 0.29029256
v 0.47677684 0.07036129 0.34727862
v 0.5086541 0.02233706 0.28414986
v 0.3396589 0.05647312 0.3432227
v 0.5260327 0.0073919743 0.4216596
v 0.3137975 -0.00998795 0.41571096
v 0.5086877 0.03307241 0.54592216
v 0.32980424 0.022739166 0.54125345
v 0.5230546 0.025994256 0.8138381
v 0.34325805 0.031421065 0.8104102
v 0.46743032 -0.0057682395 1.0015814
v 0.3279634 0.025414608 0.99756247
v 0.3450158 0.018076118 0.29029256
v 0.5086541 0.02233706 0.28414986
v 0.47723123 -0.10420364 0.19799891
v 0.3435622 -0.111430615 0.19252713
v 0.3491252 -0.2314504 0.13122028
v 0.4855557 -0.20554705 0.1314055
v 0.25959837 -0.20780614 0.08662758
v 0.24846889 -0.09886807 0.11741075
v 0.33306968 -0.33153665 0.09285747
v 0.4856655 -0.3339629 0.1020463
v 0.60802037 -0.14865832 0.0762447
v 0.25959837 -0.20780614 0.08662758
v 0.33306968 -0.33153665 0.09285747
v 0.32740042 -0.3544774 -0.011390343
v 0.2685461 -0.19146982 -0.019116476
v 0.2668658 -0.07199548 -0.021150976
v 0.24846889 -0.09886807 0.11741075
v 0.26949966 0.121274054 0.19003247
v 0.29449397 0.13088606 -0.023147643
v 0.3435622 -0.111430615 0.19252713
v 0.33209893 0.37346253 -0.011210248
v 0.3450158 0.018076118 0.29029256
v 0.30683365 0.37362593 0.155072
v 0.3396589 0.05647312 0.3432227
v 0.32141498 0.321824 0.29103702
v 0.2720827 0.12768908 0.29724833
v 0.4856655 -0.3339629 0.1020463
v 0.600721 -0.14919838 -0.017009169
v 0.47810918 -0.3556421 -0.011686891
v 0.60802037 -0.14865832 0.0762447
v 0.5916722 -0.038471006 -0.019254163
v 0.59871304 -0.040798433 0.09747669
v 0.4855557 -0.20554705 0.1314055
v 0.47723123 -0.10420364 0.19799891
v 0.5396522 0.13668393 -0.019675523
v 0.5086541 0.02233706 0.28414986
v 0.5556408 0.12148552 0.12700337
v 0.47808596 0.3829817 -0.015602499
v 0.45988995 0.41150162 0.15960203
v 0.43787158 0.33681723 0.2981911
v 0.5158259 0.18163022 0.29613593
v 0.47677684 0.07036129 0.34727862
v 0.33306968 -0.33153665 0.09285747
v 0.4856655 -0.3339629 0.1020463
v 0.47810918 -0.3556421 -0.011686891
v 0.32740042 -0.3544774 -0.011390343
v 0.41839606 -0.12630247 2.1193378
v 0.21201783 -0.21597147 1.928131
v 0.24362639 -0.12940657 2.103428
v 0.4650941 -0.25319254 1.9470539
v 0.2645343 -0.12861703 1.4283189
v 0.47304165 -0.16924071 1.4421365
v 0.28038225 -0.050544064 1.2503575
v 0.44041276 -0.08260042 1.2531893
v 0.30868694 -0.007878356 1.1176165
v 0.45648476 -0.03941509 1.1211545
v 0.23307163 0.14412011 2.1132033
v 0.44409215 0.25071418 2.0062277
v 0.43933004 0.13886741 2.1069858
v 0.17761229 0.28918123 1.9348781
v 0.41591936 0.2922786 1.4803023
v 0.21901804 0.25479868 1.4309316
v 0.3971994 0.25304058 1.2845948
v 0.24269624 0.22389649 1.2522695
v 0.41537288 0.26999098 1.1510328
v 0.26838323 0.24226418 1.1202796
v 0.19332218 0.016086144 2.1080456
v 0.17761229 0.28918123 1.9348781
v 0.23307163 0.14412011 2.1132033
v 0.116762385 0.05360943 1.9261022
v 0.24362639 -0.12940657 2.103428
v 0.21901804 0.25479868 1.4309316
v 0.21201783 -0.21597147 1.928131
v 0.131515 0.056822263 1.4295325
v 0.24269624 0.22389649 1.2522695
v 0.2645343 -0.12861703 1.4283189
v 0.2001724 0.06922778 1.2479776
v 0.26838323 0.24226418 1.1202796
v 0.28038225 -0.050544064 1.2503575
v 0.22792731 0.10502961 1.1161963
v 0.30868694 -0.007878356 1.1176165
v 0.285877 0.25900936 1.0007368
v 0.4107463 0.36907434 0.8613842
v 0.42774963 0.28577095 1.0304196
v 0.24463543 0.3066005 0.82319134
v 0.43774474 0.37861088 0.5187416
v 0.28140044 0.34494978 0.4999191
v 0.45513955 0.4187211 0.3651703
v 0.27254978 0.38805795 0.34907934
v 0.587171 0.18509683 0.35462144
v 0.47677684 0.07036129 0.34727862
v 0.5260327 0.0073919743 0.4216596
v 0.5158259 0.18163022 0.29613593
v 0.45513955 0.4187211 0.3651703
v 0.43787158 0.33681723 0.2981911
v 0.27254978 0.38805795 0.34907934
v 0.32141498 0.321824 0.29103702
v 0.2040329 0.10399291 0.35549092
v 0.2720827 0.12768908 0.29724833
v 0.3137975 -0.00998795 0.41571096
v 0.3396589 0.05647312 0.3432227
v 0.24682938 0.13364805 0.9967956
v 0.24463543 0.3066005 0.82319134
v 0.285877 0.25900936 1.0007368
v 0.22497214 0.14634025 0.8129469
v 0.3279634 0.025414608 0.99756247
v 0.28140044 0.34494978 0.4999191
v 0.34325805 0.031421065 0.8104102
v 0.23187062 0.12274046 0.5019659
v 0.27254978 0.38805795 0.34907934
v 0.32980424 0.022739166 0.54125345
v 0.2040329 0.10399291 0.35549092
v 0.3137975 -0.00998795 0.41571096
v 0.53733814 0.12786579 0.9988911
v 0.5230546 0.025994256 0.8138381
v 0.46743032 -0.0057682395 1.0015814
v 0.57825994 0.20336017 0.81638277
v 0.42774963 0.28577095 1.0304196
v 0.5086877 0.03307241 0.54592216
v 0.4107463 0.36907434 0.8613842
v 0.5609491 0.18859616 0.5021266
v 0.5260327 0.0073919743 0.4216596
v 0.43774474 0.37861088 0.5187416
v 0.587171 0.18509683 0.35462144
v 0.45513955 0.4187211 0.3651703
v 0.47810918 -0.3556421 -0.011686891
v 0.600721 -0.14919838 -0.017009169
v 0.5916722 -0.038471006 -0.019254163
v 0.5396522 0.13668393 -0.019675523
v 0.47808596 0.3829817 -0.015602499
v 0.32740042 -0.3544774 -0.011390343
v 0.33209893 0.37346253 -0.011210248
v 0.29449397 0.13088606 -0.023147643
v 0.2685461 -0.19146982 -0.019116476
v 0.2668658 -0.07199548 -0.021150976
v 0.6842547 0.27630574 3.4524524
v 0.5994021 0.18710211 3.4620843
v 0.53565615 0.20446225 3.3691475
v 0.5559115 0.3115161 3.265011
v 0.75687164 0.27519473 3.318651
v 0.8631634 0.23704022 3.188919
v 0.73060215 0.21377355 3.123668
v 1.0154214 0.21637791 2.9613786
v 0.9118212 0.19629754 2.8960214
v 0.5559115 0.3115161 3.265011
v 0.53565615 0.20446225 3.3691475
v 0.5261468 0.07730948 3.3422017
v 0.53480524 0.05361403 3.211675
v 0.55933553 0.0110870665 3.3817687
v 0.6021548 -0.080209844 3.2914066
v 0.6819052 0.056803577 3.099701
v 0.7726582 -0.034834437 3.115695
v 0.90198404 0.082622595 2.8573298
v 0.9737893 -0.0054519223 2.8839011
v 0.9118212 0.19629754 2.8960214
v 0.73060215 0.21377355 3.123668
v 0.6021548 -0.080209844 3.2914066
v 0.55933553 0.0110870665 3.3817687
v 0.61270493 0.020043183 3.4552672
v 0.7104752 -0.061593745 3.4393523
v 0.8044797 -0.058901526 3.3153665
v 0.7726582 -0.034834437 3.115695
v 0.8924351 -0.017855383 3.174871
v 0.9737893 -0.0054519223 2.8839011
v 1.073335 0.021720983 2.9350774
v 0.75020176 0.106816694 3.514972
v 0.5994021 0.18710211 3.4620843
v 0.6842547 0.27630574 3.4524524
v 0.63203526 0.10326918 3.493118
v 0.7104752 -0.061593745 3.4393523
v 0.53565615 0.20446225 3.3691475
v 0.61270493 0.020043183 3.4552672
v 0.5261468 0.07730948 3.3422017
v 0.55933553 0.0110870665 3.3817687
v 0.41839606 -0.12630247 2.1193378
v 0.38059103 -0.051391117 2.176598
v 0.41245884 0.009484589 2.1762786
v 0.48984343 0.0101805935 2.1186216
v 0.4650941 -0.25319254 1.9470539
v 0.5758338 0.04446236 1.9475296
v 0.43933004 0.13886741 2.1069858
v 0.47304165 -0.16924071 1.4421365
v 0.44409215 0.25071418 2.0062277
v 0.5710207 0.04872411 1.4422313
v 0.44041276 -0.08260042 1.2531893
v 0.41591936 0.2922786 1.4803023
v 0.5165442 0.062930726 1.2502596
v 0.45648476 -0.03941509 1.1211545
v 0.3971994 0.25304058 1.2845948
v 0.5289139 0.0990388 1.1183673
v 0.41537288 0.26999098 1.1510328
v 0.24362639 -0.12940657 2.103428
v 0.38059103 -0.051391117 2.176598
v 0.41839606 -0.12630247 2.1193378
v 0.30263835 -0.052775644 2.1695018
v 0.19332218 0.016086144 2.1080456
v 0.28020108 0.01211865 2.1715612
v 0.23307163 0.14412011 2.1132033
v 0.2979306 0.06922581 2.1738617
v 0.43933004 0.13886741 2.1069858
v 0.38992828 0.06688294 2.1710887
v 0.41245884 0.009484589 2.1762786
v 0.48984343 0.0101805935 2.1186216
v -0 -0.052371226 3.7369487
v 0.3066197 -0.052371226 3.7792618
v 0.3066197 -0.052371226 3.937209
v -0 -0.052371226 3.979522
v 0.3066197 -0.052371226 3.7792618
v 0.3066197 -0.55687875 3.7792618
v 0.3066197 -0.55687875 3.937209
v 0.3066197 -0.052371226 3.937209
v -0 -0.052371226 3.7369487
v -0 -0.55687875 3.7369487
v 0.3066197 -0.55687875 3.7792618
v 0.3066197 -0.052371226 3.7792618
v 0.3066197 -0.052371226 3.937209
v 0.3066197 -0.55687875 3.937209
v -0 -0.55687875 3.9795215
v -0 -0.052371226 3.979522
v 0.3066197 -0.55687875 3.7792618
v -0 -0.55687875 3.7369487
v -0 -0.55687875 3.9795215
v 0.3066197 -0.55687875 3.937209
v 0.19218193 -0.4920368 3.9483674
v 0.25387487 -0.4920368 3.9228137
v 0.25387487 -0.62866545 3.9228137
v 0.19218193 -0.62866545 3.9483674
v 0.13048899 -0.4920368 3.9228137
v 0.13048899 -0.62866545 3.9228137
v 0.25387487 -0.4920368 3.9228137
v 0.27942893 -0.62866545 3.8611205
v 0.25387487 -0.62866545 3.9228137
v 0.27942893 -0.4920368 3.8611205
v 0.25387487 -0.62866515 3.7994273
v 0.25387487 -0.4920368 3.7994273
v 0.25387487 -0.4920368 3.7994273
v 0.19218193 -0.62866515 3.773873
v 0.25387487 -0.62866515 3.7994273
v 0.19218193 -0.4920368 3.773873
v 0.13048905 -0.62866515 3.7994273
v 0.13048905 -0.4920368 3.7994273
v 0.13048905 -0.4920368 3.7994273
v 0.10493499 -0.62866545 3.8611205
v 0.13048905 -0.62866515 3.7994273
v 0.10493499 -0.4920368 3.8611205
v 0.13048899 -0.62866545 3.9228137
v 0.13048899 -0.4920368 3.9228137
v 0.19218193 -0.62866515 3.7890427
v 0.24314834 -0.70293975 3.8101542
v 0.24314834 -0.62866515 3.8101542
v 0.19218193 -0.70293975 3.7890427
v 0.14121558 -0.62866515 3.8101542
v 0.14121558 -0.70293975 3.8101542
v 0.2642593 -0.62866545 3.8611205
v 0.24314834 -0.70294005 3.9120867
v 0.24314834 -0.62866545 3.9120867
v 0.2642593 -0.70294005 3.8611205
v 0.24314834 -0.62866515 3.8101542
v 0.24314834 -0.70293975 3.8101542
v 0.14121553 -0.62866545 3.9120867
v 0.14121553 -0.70294005 3.9120867
v 0.120104596 -0.70294005 3.8611205
v 0.120104596 -0.62866545 3.8611205
v 0.14121558 -0.70293975 3.8101542
v 0.14121558 -0.62866515 3.8101542
v 0.24314834 -0.62866545 3.9120867
v 0.24314834 -0.70294005 3.9120867
v 0.19218193 -0.70294005 3.9331977
v 0.19218193 -0.62866545 3.9331977
v 0.14121553 -0.70294005 3.9120867
v 0.14121553 -0.62866545 3.9120867
v 0.15403616 -0.70294005 3.899266
v 0.15403616 -0.6880577 3.899266
v 0.13823569 -0.6880577 3.8611205
v 0.13823569 -0.70294005 3.8611205
v 0.1540362 -0.6880577 3.8229744
v 0.1540362 -0.70293975 3.8229744
v 0.23032771 -0.6880577 3.8229744
v 0.19218193 -0.6880577 3.807174
v 0.1540362 -0.6880577 3.8229744
v 0.24612822 -0.6880577 3.8611205
v 0.13823569 -0.6880577 3.8611205
v 0.23032771 -0.6880577 3.899266
v 0.15403616 -0.6880577 3.899266
v 0.19218193 -0.6880577 3.9150665
v 0.1540362 -0.70293975 3.8229744
v 0.1540362 -0.6880577 3.8229744
v 0.19218193 -0.6880577 3.807174
v 0.19218193 -0.70293975 3.807174
v 0.23032771 -0.6880577 3.8229744
v 0.23032771 -0.70293975 3.8229744
v 0.23032771 -0.70293975 3.8229744
v 0.23032771 -0.6880577 3.8229744
v 0.24612822 -0.6880577 3.8611205
v 0.24612822 -0.70294005 3.8611205
v 0.23032771 -0.6880577 3.899266
v 0.23032771 -0.70294005 3.899266
v 0.23032771 -0.70294005 3.899266
v 0.23032771 -0.6880577 3.899266
v 0.19218193 -0.6880577 3.9150665
v 0.19218193 -0.70294005 3.9150665
v 0.15403616 -0.6880577 3.899266
v 0.15403616 -0.70294005 3.899266
v -0 -0.49575678 3.952603
v 0.051956236 -0.49575678 3.930742
v 0.051956236 -0.6147462 3.930742
v -0 -0.6147462 3.952603
v 0.051956236 -0.49575678 3.930742
v 0.0738176 -0.6147462 3.8779638
v 0.051956236 -0.6147462 3.930742
v 0.0738176 -0.49575678 3.8779638
v 0.051956236 -0.6147462 3.8251855
v 0.051956236 -0.49575678 3.8251855
v 0.051956236 -0.49575678 3.8251855
v -0 -0.49575678 3.803324
v -0 -0.6147462 3.803324
v 0.051956236 -0.6147462 3.8251855
v -0 -0.6147462 3.8163016
v -0 -0.67828757 3.8163016
v 0.042779744 -0.67828757 3.8343623
v 0.042779744 -0.6147462 3.8343623
v 0.051956236 -0.6147462 3.930742
v -0 -0.6147462 3.9396255
v -0 -0.6147462 3.952603
v 0.042779744 -0.6147462 3.9215648
v 0.0738176 -0.6147462 3.8779638
v 0.060840074 -0.6147462 3.8779638
v 0.051956236 -0.6147462 3.8251855
v 0.042779744 -0.6147462 3.8343623
v -0 -0.6147462 3.803324
v -0 -0.6147462 3.8163016
v 0.060840074 -0.6147462 3.8779638
v 0.042779744 -0.6782877 3.9215648
v 0.042779744 -0.6147462 3.9215648
v 0.060840074 -0.6782877 3.8779638
v 0.042779744 -0.6147462 3.8343623
v 0.042779744 -0.67828757 3.8343623
v 0.042779744 -0.6147462 3.9215648
v 0.042779744 -0.6782877 3.9215648
v -0 -0.6782877 3.9396255
v -0 -0.6147462 3.9396255
v 0.042779744 -0.6782877 3.9215648
v -0 -0.6782877 3.924114
v -0 -0.6782877 3.9396255
v 0.03181176 -0.6782877 3.910597
v 0.060840074 -0.6782877 3.8779638
v 0.04532901 -0.6782877 3.8779638
v 0.042779744 -0.67828757 3.8343623
v 0.03181176 -0.67828757 3.84533
v -0 -0.67828757 3.8163016
v -0 -0.67828757 3.831813
v 0.03181176 -0.66555595 3.84533
v -0 -0.66555595 3.831813
v -0 -0.6655561 3.924114
v 0.04532901 -0.6655561 3.8779638
v 0.03181176 -0.6655561 3.910597
v 0.03181176 -0.67828757 3.84533
v 0.03181176 -0.66555595 3.84533
v 0.04532901 -0.6655561 3.8779638
v 0.04532901 -0.6782877 3.8779638
v 0.03181176 -0.6655561 3.910597
v 0.03181176 -0.6782877 3.910597
v 0.03181176 -0.6782877 3.910597
v 0.03181176 -0.6655561 3.910597
v -0 -0.6655561 3.924114
v -0 -0.6782877 3.924114
v -0 -0.67828757 3.831813
v -0 -0.66555595 3.831813
v 0.03181176 -0.66555595 3.84533
v 0.03181176 -0.67828757 3.84533
v -0 -0.24908482 4.015516
v 0.2432685 -0.24908482 3.9874623
v 0.2432685 -0.24908482 4.0329266
v -0 -0.24908482 4.060981
v 0.2432685 -0.24908482 3.9874623
v 0.2432685 -0.60236067 3.9874623
v 0.2432685 -0.60236067 4.0329266
v 0.2432685 -0.24908482 4.0329266
v -0 -0.24908482 4.015516
v -0 -0.4966658 4.0155163
v 0.023848644 -0.4966658 4.0155163
v 0.2432685 -0.24908482 3.9874623
v 0.023848644 -0.5468488 4.0155163
v 0.2432685 -0.60236067 3.9874623
v -0 -0.5468488 4.0155163
v -0 -0.60236067 4.015516
v -0 -0.4966658 3.9683201
v -0 -0.5468488 3.9683201
v 0.023848644 -0.5468488 3.9683201
v 0.023848644 -0.4966658 3.9683201
v -0 -0.4966658 4.0155163
v -0 -0.4966658 3.9683201
v 0.023848644 -0.4966658 3.9683201
v 0.023848644 -0.4966658 4.0155163
v 0.023848644 -0.4966658 4.0155163
v 0.023848644 -0.4966658 3.9683201
v 0.023848644 -0.5468488 3.9683201
v 0.023848644 -0.5468488 4.0155163
v 0.023848644 -0.5468488 4.0155163
v 0.023848644 -0.5468488 3.9683201
v -0 -0.5468488 3.9683201
v -0 -0.5468488 4.0155163
v 0.2432685 -0.24908482 4.0329266
v 0.2432685 -0.60236067 4.0329266
v -0 -0.60236067 4.060981
v -0 -0.24908482 4.060981
v 0.2432685 -0.60236067 3.9874623
v -0 -0.60236067 4.015516
v -0 -0.60236067 4.060981
v 0.2432685 -0.60236067 4.0329266
v 0.25600109 0.2737916 1.0608375
v 0.2652251 0.2825979 1.0011909
v 0.4398229 0.31421947 1.0357151
v 0.433439 0.30641317 1.0960095
v 0.24677704 0.26498535 1.1204841
v 0.42705506 0.29860687 1.1563038
v 0.2770102 0.010744454 0.93329537
v 0.3336377 0.017765433 0.8961894
v 0.4673925 -0.0149836615 0.9033705
v 0.5257327 -0.02200464 0.9404765
v 0.276682 0.00035340711 0.98821217
v 0.52540445 -0.032395687 0.9953933
v 0.433439 0.30641317 1.0960095
v 0.4398229 0.31421947 1.0357151
v 0.5684623 0.13064581 1.0014756
v 0.5643357 0.11473579 1.0608821
v 0.42705506 0.29860687 1.1563038
v 0.56020904 0.09882577 1.1202885
v 0.52540445 -0.032395687 0.9953933
v 0.51444656 -0.05010847 1.0547258
v 0.50348866 -0.06782126 1.1140583
v 0.49882412 -0.10488503 1.1023864
v 0.49404073 -0.09779813 1.1825839
v 0.509782 -0.08717224 1.0430539
v 0.4893762 -0.13486192 1.1709121
v 0.43088633 -0.11772652 1.2281393
v 0.42827094 -0.1547903 1.2164674
v 0.5207399 -0.06945946 0.9837214
v 0.52106816 -0.059068415 0.9288046
v 0.5257327 -0.02200464 0.9404765
v 0.23511481 -0.10022086 1.1651095
v 0.28570735 -0.12014924 1.2106647
v 0.42827094 -0.1547903 1.2164674
v 0.4893762 -0.13486192 1.1709121
v 0.24456277 -0.070243984 1.0965837
v 0.49882412 -0.10488503 1.1023864
v 0.2582901 -0.053477176 1.036562
v 0.509782 -0.08717224 1.0430539
v 0.27201745 -0.036710367 0.97654027
v 0.5207399 -0.06945946 0.9837214
v 0.27234566 -0.02631932 0.92162347
v 0.52106816 -0.059068415 0.9288046
v 0.33112928 -0.019298341 0.8845175
v 0.46488407 -0.05204744 0.8916986
v 0.43088633 -0.11772652 1.2281393
v 0.42827094 -0.1547903 1.2164674
v 0.28570735 -0.12014924 1.2106647
v 0.28832275 -0.08308548 1.2223366
v 0.23977935 -0.06315709 1.1767813
v 0.23511481 -0.10022086 1.1651095
v 0.49404073 -0.09779813 1.1825839
v 0.43088633 -0.11772652 1.2281393
v 0.28832275 -0.08308548 1.2223366
v 0.23977935 -0.06315709 1.1767813
v 0.50348866 -0.06782126 1.1140583
v 0.24922732 -0.033180214 1.1082556
v 0.5257327 -0.02200464 0.9404765
v 0.46488407 -0.05204744 0.8916986
v 0.52106816 -0.059068415 0.9288046
v 0.4673925 -0.0149836615 0.9033705
v 0.3336377 0.017765433 0.8961894
v 0.33112928 -0.019298341 0.8845175
v 0.27234566 -0.02631932 0.92162347
v 0.2770102 0.010744454 0.93329537
v 0.24922732 -0.033180214 1.1082556
v 0.23977935 -0.06315709 1.1767813
v 0.23511481 -0.10022086 1.1651095
v 0.24456277 -0.070243984 1.0965837
v 0.2582901 -0.053477176 1.036562
v 0.26295465 -0.016413404 1.0482339
v 0.27201745 -0.036710367 0.97654027
v 0.20712014 0.114394985 1.0501564
v 0.19801003 0.09844482 1.1095092
v 0.25600109 0.2737916 1.0608375
v 0.24677704 0.26498535 1.1204841
v 0.2652251 0.2825979 1.0011909
v 0.21623024 0.13034515 0.99080336
v 0.276682 0.00035340711 0.98821217
v 0.2770102 0.010744454 0.93329537
v 0.27234566 -0.02631932 0.92162347
v 0.9864554 0.05184945 2.687364
v 1.254807 0.011053288 2.4281347
v 1.2839551 0.11933339 2.4231315
v 1.0238343 0.19762763 2.663813
v 1.4271833 0.056237638 2.520473
v 1.4730272 -0.07216102 2.4482825
v 1.4188312 -0.049572878 2.5388114
v 1.4808407 0.03189346 2.4356525
v 1.3768092 0.136582 2.4669983
v 1.4316403 0.10850407 2.383942
v 1.2776145 0.12943044 2.413083
v 1.3591301 0.1069875 2.340045
v 1.4316403 0.10850407 2.383942
v 1.3768092 0.136582 2.4669983
v 1.3138801 -0.09661445 2.477317
v 1.3936843 -0.10743337 2.395
v 1.3266128 -0.0058918875 2.3379803
v 1.2440552 0.006969621 2.417606
v 1.4188312 -0.049572878 2.5388114
v 1.4730272 -0.07216102 2.4482825
v 1.3936843 -0.10743337 2.395
v 1.3138801 -0.09661445 2.477317
v 1.1583244 0.12454856 2.8807845
v 1.1668441 0.1276693 2.8897195
v 1.1291256 0.22321838 2.8191445
v 1.1258738 0.21145079 2.815524
v 0.96927696 0.20856959 2.825312
v 0.9280492 0.085279346 2.8101943
v 0.9968172 0.20441121 2.8028862
v 0.9352797 0.20238404 2.852115
v 1.0990978 0.12603174 2.9786675
v 1.1098244 0.019245233 2.90131
v 1.0808221 0.012276057 2.939188
v 1.1246833 0.124417804 2.9368873
v 1.0191646 0.22846597 2.962802
v 1.1539556 0.02185555 2.8790867
v 1.1668441 0.1276693 2.8897195
v 1.0448115 0.22445953 2.9269807
v 1.0667086 0.24321513 2.8845463
v 1.0950665 0.2220718 2.8589664
v 1.0808221 0.012276057 2.939188
v 1.003763 -0.012690619 2.8444078
v 0.97068757 -0.016988155 2.8794906
v 1.1098244 0.019245233 2.90131
v 1.0226504 -0.028878871 2.8150375
v 1.1539556 0.02185555 2.8790867
v 0.8926805 0.08075387 2.848838
v 0.9352797 0.20238404 2.852115
v 0.90585876 0.20604451 2.8903995
v 0.9280492 0.085279346 2.8101943
v 0.97068757 -0.016988155 2.8794906
v 1.003763 -0.012690619 2.8444078
v 0.9431225 0.07293966 2.7688968
v 1.0226504 -0.028878871 2.8150375
v 1.0022846 0.2053667 2.7555733
v 0.9968172 0.20441121 2.8028862
v 1.0950665 0.2220718 2.8589664
v 1.1291256 0.22321838 2.8191445
v 1.1668441 0.1276693 2.8897195
v 1.1246833 0.124417804 2.9368873
v 1.1605691 0.24064568 2.7976382
v 1.1571105 0.26627472 2.7938566
v 1.012352 0.24575408 2.7158918
v 1.0158106 0.220125 2.7196734
v 0.95573646 0.24056235 2.7579834
v 0.9591951 0.21493328 2.761765
v 1.1453719 0.24083033 2.8682842
v 1.1571105 0.26627472 2.7938566
v 1.1605691 0.24064568 2.7976382
v 1.1419133 0.26645938 2.8645027
v 1.1084307 0.24990371 2.9078052
v 1.1052377 0.27200788 2.905441
v 1.0757325 0.24413908 2.962533
v 1.0722739 0.26976815 2.9587514
v 0.86423737 0.24553859 2.8993437
v 1.0722739 0.26976815 2.9587514
v 1.0202866 0.27301714 2.9940348
v 0.88731307 0.23810619 2.8329372
v 1.1052377 0.27200788 2.905441
v 0.9234514 0.23519096 2.7932353
v 0.95573646 0.24056235 2.7579834
v 1.1419133 0.26645938 2.8645027
v 1.1571105 0.26627472 2.7938566
v 1.012352 0.24575408 2.7158918
v 0.8907717 0.21247712 2.8367188
v 0.86423737 0.24553859 2.8993437
v 0.867696 0.21990952 2.9031253
v 0.88731307 0.23810619 2.8329372
v 0.92691004 0.20956188 2.7970169
v 0.9234514 0.23519096 2.7932353
v 0.9591951 0.21493328 2.761765
v 0.95573646 0.24056235 2.7579834
v 0.867696 0.21990952 2.9031253
v 0.86423737 0.24553859 2.8993437
v 1.0202866 0.27301714 2.9940348
v 1.0237452 0.2473881 2.9978163
v 1.0722739 0.26976815 2.9587514
v 1.0757325 0.24413908 2.962533
v -1.5369837 -0.09663072 2.3180273
v -1.5146861 -0.14416674 2.2874324
v -1.5451378 -0.16544238 2.2431774
v -1.5891534 -0.11775544 2.2500942
v -1.5871345 -0.1911357 2.2007082
v -1.5926582 -0.026053209 2.2420707
v -1.5470247 -0.011654949 2.3078883
v -1.4939713 -0.07549689 2.389301
v -1.6267488 -0.13436611 2.190462
v -1.6273708 -0.03794826 2.1738172
v -1.6690925 -0.14141405 2.017212
v -1.6402931 -0.19258645 2.023741
v -1.6502982 -0.13593525 1.9710479
v -1.6323676 -0.17550875 1.9789218
v -1.6263714 -0.05253598 1.9575881
v -1.6545305 -0.052797936 2.0015552
v -1.5979136 0.04470727 2.016721
v -1.5924772 -0.001280969 1.9667387
v -1.57731 0.05292676 2.1367326
v -1.5392421 0.06511563 2.1974816
v -1.494924 0.06478605 2.2714543
v -1.4548769 0.07910755 2.3363864
v -1.497974 0.012974713 2.3811872
v -1.4242203 0.09479936 2.383411
v -1.4677588 0.026544845 2.4290657
v -1.463152 -0.06315275 2.4402528
v -1.4939713 -0.07549689 2.389301
v -1.5146861 -0.14416674 2.2874324
v -1.5369837 -0.09663072 2.3180273
v -1.4409436 -0.09799649 2.3487318
v -1.463152 -0.06315275 2.4402528
v -1.3967093 -0.0921639 2.3959053
v -1.4465336 -0.1452707 2.2758594
v -1.48664 -0.13916437 2.2188733
v -1.5451378 -0.16544238 2.2431774
v -1.4846259 -0.12223617 2.1534956
v -1.4519315 -0.16337757 2.1685317
v -1.4982527 -0.14088407 2.1911187
v -1.5361392 -0.16826576 2.1624448
v -1.5871345 -0.1911357 2.2007082
v -1.6402931 -0.19258645 2.023741
v -1.5852625 -0.16265346 2.0312634
v -1.6323676 -0.17550875 1.9789218
v -1.5866164 -0.15944463 1.9894768
v -1.5501932 -0.05629147 2.1274047
v -1.5581448 -0.11398412 2.1313508
v -1.4895401 -0.09045172 2.169806
v -1.4810797 -0.034673743 2.172959
v -1.4283446 -0.055182822 2.1893647
v -1.4136206 -0.007194778 2.2056208
v -1.4869269 0.07116647 2.1622574
v -1.4488847 0.07715018 2.243089
v -1.48664 -0.13916437 2.2188733
v -1.4846259 -0.12223617 2.1534956
v -1.4222759 -0.06727776 2.1345541
v -1.4283446 -0.055182822 2.1893647
v -1.4232252 -0.09919461 2.084471
v -1.4654943 -0.13207975 2.0947657
v -1.4414428 -0.16210583 2.1055708
v -1.3938029 -0.13009872 2.097707
v -1.4232252 -0.09919461 2.084471
v -1.4222759 -0.06727776 2.1345541
v -1.4846259 -0.12223617 2.1534956
v -1.4654943 -0.13207975 2.0947657
v -1.3938029 -0.13009872 2.097707
v -1.4222759 -0.06727776 2.1345541
v -1.4232252 -0.09919461 2.084471
v -1.3883674 -0.1131562 2.1597567
v -1.4414428 -0.16210583 2.1055708
v -1.4519315 -0.16337757 2.1685317
v -1.3841181 -0.08627715 2.2658105
v -1.4465336 -0.1452707 2.2758594
v -1.4409436 -0.09799649 2.3487318
v -1.3838581 -0.008565736 2.3034701
v -1.4283446 -0.055182822 2.1893647
v -1.3967093 -0.0921639 2.3959053
v -1.3373352 -0.0014930815 2.3484116
v -1.4136206 -0.007194778 2.2056208
v -1.4488847 0.07715018 2.243089
v -1.4090481 0.0816814 2.3073866
v -1.4654943 -0.13207975 2.0947657
v -1.4846259 -0.12223617 2.1534956
v -1.4519315 -0.16337757 2.1685317
v -1.4414428 -0.16210583 2.1055708
v -1.4283446 -0.055182822 2.1893647
v -1.4222759 -0.06727776 2.1345541
v -1.3883674 -0.1131562 2.1597567
v -1.3841181 -0.08627715 2.2658105
v -1.4283446 -0.055182822 2.1893647
v -1.4982527 -0.14088407 2.1911187
v -1.48664 -0.13916437 2.2188733
v -1.4895401 -0.09045172 2.169806
v -1.5361392 -0.16826576 2.1624448
v -1.5581448 -0.11398412 2.1313508
v -1.6003468 -0.124651104 2.0274575
v -1.5852625 -0.16265346 2.0312634
v -1.5866164 -0.15944463 1.9894768
v -1.5859998 -0.1161189 1.9798979
v -1.5858035 -0.07030505 2.023248
v -1.5741589 -0.07093608 1.9666023
v -1.549502 -0.0031360406 1.9790779
v -1.5437517 0.03783306 2.0241704
v -1.5501932 -0.05629147 2.1274047
v -1.5188481 0.054487266 2.1037972
v -1.4810797 -0.034673743 2.172959
v -1.4869269 0.07116647 2.1622574
v -1.5859998 -0.1161189 1.9798979
v -1.6323676 -0.17550875 1.9789218
v -1.5866164 -0.15944463 1.9894768
v -1.6502982 -0.13593525 1.9710479
v -1.5741589 -0.07093608 1.9666023
v -1.6263714 -0.05253598 1.9575881
v -1.5924772 -0.001280969 1.9667387
v -1.549502 -0.0031360406 1.9790779
v -1.549502 -0.0031360406 1.9790779
v -1.5979136 0.04470727 2.016721
v -1.5924772 -0.001280969 1.9667387
v -1.5437517 0.03783306 2.0241704
v -1.57731 0.05292676 2.1367326
v -1.5188481 0.054487266 2.1037972
v -1.4869269 0.07116647 2.1622574
v -1.5392421 0.06511563 2.1974816
v -1.494924 0.06478605 2.2714543
v -1.4488847 0.07715018 2.243089
v -1.4090481 0.0816814 2.3073866
v -1.4548769 0.07910755 2.3363864
v -1.363952 0.095254935 2.3491125
v -1.4242203 0.09479936 2.383411
v -0.6819052 0.056803577 3.099701
v -0.5559115 0.3115161 3.265011
v -0.73060215 0.21377355 3.123668
v -0.53480524 0.05361403 3.211675
v -0.75687164 0.27519473 3.318651
v -0.6842547 0.27630574 3.4524524
v -0.75020176 0.106816694 3.514972
v -0.8961982 0.12482535 3.3669894
v -0.7104752 -0.061593745 3.4393523
v -0.8044797 -0.058901526 3.3153665
v -0.8924351 -0.017855383 3.174871
v -0.93169093 0.12736809 3.2293727
v -1.073335 0.021720983 2.9350774
v -0.8631634 0.23704022 3.188919
v -1.0885965 0.122971274 2.9721472
v -1.0154214 0.21637791 2.9613786
v -1.3373352 -0.0014930815 2.3484116
v -1.4090481 0.0816814 2.3073866
v -1.3838581 -0.008565736 2.3034701
v -1.363952 0.095254935 2.3491125
v -1.3266128 -0.0058918875 2.3379803
v -1.3936843 -0.10743337 2.395
v -1.3967093 -0.0921639 2.3959053
v -1.4730272 -0.07216102 2.4482825
v -1.463152 -0.06315275 2.4402528
v -1.4808407 0.03189346 2.4356525
v -1.4677588 0.026544845 2.4290657
v -1.4316403 0.10850407 2.383942
v -1.4242203 0.09479936 2.383411
v -1.3591301 0.1069875 2.340045
v -1.2440552 0.006969621 2.417606
v -1.2776145 0.12943044 2.413083
v -1.147805 0.028905781 2.8704484
v -1.02681 -0.017089477 2.8126156
v -1.0630906 -0.04817403 2.7516923
v -1.2307103 0.029947694 2.8245351
v -1.3182409 -0.081817314 2.4795878
v -1.4084809 -0.04125517 2.5306375
v -1.1258738 0.21145079 2.815524
v -1.1583244 0.12454856 2.8807845
v -1.2398729 0.1288919 2.7901704
v -1.1930062 0.21314824 2.7380736
v -1.0097827 0.19533715 2.7578857
v -1.0238343 0.19762763 2.663813
v -1.3698379 0.12263548 2.466829
v -1.2839551 0.11933339 2.4231315
v -0.95539683 0.074748665 2.7717652
v -1.0097827 0.19533715 2.7578857
v -1.0238343 0.19762763 2.663813
v -0.9864554 0.05184945 2.687364
v -1.02681 -0.017089477 2.8126156
v -1.0630906 -0.04817403 2.7516923
v -1.254807 0.011053288 2.4281347
v -1.3182409 -0.081817314 2.4795878
v -1.147805 0.028905781 2.8704484
v -1.1583244 0.12454856 2.8807845
v -1.1668441 0.1276693 2.8897195
v -1.1539556 0.02185555 2.8790867
v -1.02681 -0.017089477 2.8126156
v -1.0226504 -0.028878871 2.8150375
v -0.95539683 0.074748665 2.7717652
v -0.9431225 0.07293966 2.7688968
v -1.0097827 0.19533715 2.7578857
v -1.0022846 0.2053667 2.7555733
v -1.1258738 0.21145079 2.815524
v -1.1291256 0.22321838 2.8191445
v -1.1583244 0.12454856 2.8807845
v -1.147805 0.028905781 2.8704484
v -1.2307103 0.029947694 2.8245351
v -1.2398729 0.1288919 2.7901704
v -1.4084809 -0.04125517 2.5306375
v -1.4141592 0.050617266 2.513999
v -1.1930062 0.21314824 2.7380736
v -1.3698379 0.12263548 2.466829
v -0.46725985 0.41093725 0.15960203
v -0.32141498 0.321824 0.29103702
v -0.43787158 0.33681723 0.2981911
v -0.31375727 0.37491286 0.155072
v -0.33901873 0.3744443 -0.011210248
v -0.48511007 0.3821997 -0.015602499
v -0.34764266 0.018927839 0.29029256
v -0.5113205 0.021212183 0.28414986
v -0.47677684 0.07036129 0.34727862
v -0.3396589 0.05647312 0.3432227
v -0.5260327 0.0073919743 0.4216596
v -0.3137975 -0.00998795 0.41571096
v -0.5086877 0.03307241 0.54592216
v -0.32980424 0.022739166 0.54125345
v -0.5230546 0.025994256 0.8138381
v -0.34325805 0.031421065 0.8104102
v -0.46743032 -0.0057682395 1.0015814
v -0.3279634 0.025414608 0.99756247
v -0.34764266 0.018927839 0.29029256
v -0.47837162 -0.10493979 0.19799891
v -0.5113205 0.021212183 0.28414986
v -0.34462503 -0.11055189 0.19252713
v -0.34873816 -0.23063011 0.13122028
v -0.4854715 -0.20637636 0.1314055
v -0.25950336 -0.20590633 0.08662759
v -0.24969044 -0.0968418 0.11741075
v -0.33147505 -0.3305152 0.09285747
v -0.48403046 -0.3347841 0.1020463
v -0.6086143 -0.15097079 0.07624469
v -0.25950336 -0.20590633 0.08662759
v -0.32552913 -0.35338575 -0.011390343
v -0.33147505 -0.3305152 0.09285747
v -0.26864776 -0.18967927 -0.019116469
v -0.2684105 -0.070193365 -0.021150969
v -0.24969044 -0.0968418 0.11741075
v -0.27337834 0.123030245 0.19003248
v -0.29848686 0.13233975 -0.023147635
v -0.34462503 -0.11055189 0.19252713
v -0.33901873 0.3744443 -0.011210248
v -0.34764266 0.018927839 0.29029256
v -0.31375727 0.37491286 0.155072
v -0.3396589 0.05647312 0.3432227
v -0.32141498 0.321824 0.29103702
v -0.2720827 0.12768908 0.29724833
v -0.48403046 -0.3347841 0.1020463
v -0.47621286 -0.35637045 -0.011686891
v -0.60130894 -0.15142265 -0.017009176
v -0.6086143 -0.15097079 0.07624469
v -0.5935981 -0.04059407 -0.01925417
v -0.60061026 -0.043006357 0.09747668
v -0.4854715 -0.20637636 0.1314055
v -0.47837162 -0.10493979 0.19799891
v -0.54369736 0.13517633 -0.01967553
v -0.5113205 0.021212183 0.28414986
v -0.5595012 0.11978595 0.12700337
v -0.48511007 0.3821997 -0.015602499
v -0.46725985 0.41093725 0.15960203
v -0.43787158 0.33681723 0.2981911
v -0.5158259 0.18163022 0.29613593
v -0.47677684 0.07036129 0.34727862
v -0.33147505 -0.3305152 0.09285747
v -0.32552913 -0.35338575 -0.011390343
v -0.47621286 -0.35637045 -0.011686891
v -0.48403046 -0.3347841 0.1020463
v -0.41839606 -0.12630247 2.1193378
v -0.24362639 -0.12940657 2.103428
v -0.21201783 -0.21597147 1.928131
v -0.4650941 -0.25319254 1.9470539
v -0.2645343 -0.12861703 1.4283189
v -0.47304165 -0.16924071 1.4421365
v -0.28038225 -0.050544064 1.2503575
v -0.44041276 -0.08260042 1.2531893
v -0.30868694 -0.007878356 1.1176165
v -0.45648476 -0.03941509 1.1211545
v -0.23307163 0.14412011 2.1132033
v -0.43933004 0.13886741 2.1069858
v -0.44409215 0.25071418 2.0062277
v -0.17761229 0.28918123 1.9348781
v -0.41591936 0.2922786 1.4803023
v -0.21901804 0.25479868 1.4309316
v -0.3971994 0.25304058 1.2845948
v -0.24269624 0.22389649 1.2522695
v -0.41537288 0.26999098 1.1510328
v -0.26838323 0.24226418 1.1202796
v -0.19332218 0.016086144 2.1080456
v -0.23307163 0.14412011 2.1132033
v -0.17761229 0.28918123 1.9348781
v -0.116762385 0.05360943 1.9261022
v -0.24362639 -0.12940657 2.103428
v -0.21901804 0.25479868 1.4309316
v -0.21201783 -0.21597147 1.928131
v -0.131515 0.056822263 1.4295325
v -0.24269624 0.22389649 1.2522695
v -0.2645343 -0.12861703 1.4283189
v -0.2001724 0.06922778 1.2479776
v -0.26838323 0.24226418 1.1202796
v -0.28038225 -0.050544064 1.2503575
v -0.22792731 0.10502961 1.1161963
v -0.30868694 -0.007878356 1.1176165
v -0.285877 0.25900936 1.0007368
v -0.42774963 0.28577095 1.0304196
v -0.4107463 0.36907434 0.8613842
v -0.24463543 0.3066005 0.82319134
v -0.43774474 0.37861088 0.5187416
v -0.28140044 0.34494978 0.4999191
v -0.45513955 0.4187211 0.3651703
v -0.27254978 0.38805795 0.34907934
v -0.587171 0.18509683 0.35462144
v -0.5260327 0.0073919743 0.4216596
v -0.47677684 0.07036129 0.34727862
v -0.5158259 0.18163022 0.29613593
v -0.45513955 0.4187211 0.3651703
v -0.43787158 0.33681723 0.2981911
v -0.27254978 0.38805795 0.34907934
v -0.32141498 0.321824 0.29103702
v -0.2040329 0.10399291 0.35549092
v -0.2720827 0.12768908 0.29724833
v -0.3137975 -0.00998795 0.41571096
v -0.3396589 0.05647312 0.3432227
v -0.24682938 0.13364805 0.9967956
v -0.285877 0.25900936 1.0007368
v -0.24463543 0.3066005 0.82319134
v -0.22497214 0.14634025 0.8129469
v -0.3279634 0.025414608 0.99756247
v -0.28140044 0.34494978 0.4999191
v -0.34325805 0.031421065 0.8104102
v -0.23187062 0.12274046 0.5019659
v -0.27254978 0.38805795 0.34907934
v -0.32980424 0.022739166 0.54125345
v -0.2040329 0.10399291 0.35549092
v -0.3137975 -0.00998795 0.41571096
v -0.53733814 0.12786579 0.9988911
v -0.46743032 -0.0057682395 1.0015814
v -0.5230546 0.025994256 0.8138381
v -0.57825994 0.20336017 0.81638277
v -0.42774963 0.28577095 1.0304196
v -0.5086877 0.03307241 0.54592216
v -0.4107463 0.36907434 0.8613842
v -0.5609491 0.18859616 0.5021266
v -0.5260327 0.0073919743 0.4216596
v -0.43774474 0.37861088 0.5187416
v -0.587171 0.18509683 0.35462144
v -0.45513955 0.4187211 0.3651703
v -0.26864776 -0.18967927 -0.019116469
v -0.2684105 -0.070193365 -0.021150969
v -0.29848686 0.13233975 -0.023147635
v -0.32552913 -0.35338575 -0.011390343
v -0.33901873 0.3744443 -0.011210248
v -0.47621286 -0.35637045 -0.011686891
v -0.48511007 0.3821997 -0.015602499
v -0.60130894 -0.15142265 -0.017009176
v -0.54369736 0.13517633 -0.01967553
v -0.5935981 -0.04059407 -0.01925417
v -0.6842547 0.27630574 3.4524524
v -0.53565615 0.20446225 3.3691475
v -0.5994021 0.18710211 3.4620843
v -0.5559115 0.3115161 3.265011
v -0.75687164 0.27519473 3.318651
v -0.8631634 0.23704022 3.188919
v -0.73060215 0.21377355 3.123668
v -1.0154214 0.21637791 2.9613786
v -0.9118212 0.19629754 2.8960214
v -0.5559115 0.3115161 3.265011
v -0.5261468 0.07730948 3.3422017
v -0.53565615 0.20446225 3.3691475
v -0.53480524 0.05361403 3.211675
v -0.55933553 0.0110870665 3.3817687
v -0.6021548 -0.080209844 3.2914066
v -0.6819052 0.056803577 3.099701
v -0.7726582 -0.034834437 3.115695
v -0.90198404 0.082622595 2.8573298
v -0.9737893 -0.0054519223 2.8839011
v -0.9118212 0.19629754 2.8960214
v -0.73060215 0.21377355 3.123668
v -0.6021548 -0.080209844 3.2914066
v -0.61270493 0.020043183 3.4552672
v -0.55933553 0.0110870665 3.3817687
v -0.7104752 -0.061593745 3.4393523
v -0.8044797 -0.058901526 3.3153665
v -0.7726582 -0.034834437 3.115695
v -0.8924351 -0.017855383 3.174871
v -0.9737893 -0.0054519223 2.8839011
v -1.073335 0.021720983 2.9350774
v -0.75020176 0.106816694 3.514972
v -0.6842547 0.27630574 3.4524524
v -0.5994021 0.18710211 3.4620843
v -0.63203526 0.10326918 3.493118
v -0.7104752 -0.061593745 3.4393523
v -0.53565615 0.20446225 3.3691475
v -0.61270493 0.020043183 3.4552672
v -0.5261468 0.07730948 3.3422017
v -0.55933553 0.0110870665 3.3817687
v -0.41839606 -0.12630247 2.1193378
v -0.41245884 0.009484589 2.1762786
v -0.38059103 -0.051391117 2.176598
v -0.48984343 0.0101805935 2.1186216
v -0.4650941 -0.25319254 1.9470539
v -0.5758338 0.04446236 1.9475296
v -0.43933004 0.13886741 2.1069858
v -0.47304165 -0.16924071 1.4421365
v -0.44409215 0.25071418 2.0062277
v -0.5710207 0.04872411 1.4422313
v -0.44041276 -0.08260042 1.2531893
v -0.41591936 0.2922786 1.4803023
v -0.5165442 0.062930726 1.2502596
v -0.45648476 -0.03941509 1.1211545
v -0.3971994 0.25304058 1.2845948
v -0.5289139 0.0990388 1.1183673
v -0.41537288 0.26999098 1.1510328
v -0.24362639 -0.12940657 2.103428
v -0.41839606 -0.12630247 2.1193378
v -0.38059103 -0.051391117 2.176598
v -0.30263835 -0.052775644 2.1695018
v -0.19332218 0.016086144 2.1080456
v -0.38992828 0.06688294 2.1710887
v -0.41245884 0.009484589 2.1762786
v -0.48984343 0.0101805935 2.1186216
v -0.43933004 0.13886741 2.1069858
v -0.2979306 0.06922581 2.1738617
v -0.23307163 0.14412011 2.1132033
v -0.28020108 0.01211865 2.1715612
v -0 -0.052371226 3.7369487
v -0 -0.052371226 3.979522
v -0.3066197 -0.052371226 3.937209
v -0.3066197 -0.052371226 3.7792618
v -0.3066197 -0.052371226 3.7792618
v -0.3066197 -0.052371226 3.937209
v -0.3066197 -0.55687875 3.937209
v -0.3066197 -0.55687875 3.7792618
v -0 -0.052371226 3.7369487
v -0.3066197 -0.052371226 3.7792618
v -0.3066197 -0.55687875 3.7792618
v -0 -0.55687875 3.7369487
v -0.3066197 -0.052371226 3.937209
v -0 -0.052371226 3.979522
v -0 -0.55687875 3.9795215
v -0.3066197 -0.55687875 3.937209
v -0.3066197 -0.55687875 3.7792618
v -0.3066197 -0.55687875 3.937209
v -0 -0.55687875 3.9795215
v -0 -0.55687875 3.7369487
v -0.19218193 -0.4920368 3.9483674
v -0.25387487 -0.62866545 3.9228137
v -0.25387487 -0.4920368 3.9228137
v -0.19218193 -0.62866545 3.9483674
v -0.13048899 -0.4920368 3.9228137
v -0.13048899 -0.62866545 3.9228137
v -0.25387487 -0.4920368 3.9228137
v -0.25387487 -0.62866545 3.9228137
v -0.27942893 -0.62866545 3.8611205
v -0.27942893 -0.4920368 3.8611205
v -0.25387487 -0.62866515 3.7994273
v -0.25387487 -0.4920368 3.7994273
v -0.25387487 -0.4920368 3.7994273
v -0.25387487 -0.62866515 3.7994273
v -0.19218193 -0.62866515 3.773873
v -0.19218193 -0.4920368 3.773873
v -0.13048905 -0.62866515 3.7994273
v -0.13048905 -0.4920368 3.7994273
v -0.13048905 -0.4920368 3.7994273
v -0.13048905 -0.62866515 3.7994273
v -0.10493499 -0.62866545 3.8611205
v -0.10493499 -0.4920368 3.8611205
v -0.13048899 -0.62866545 3.9228137
v -0.13048899 -0.4920368 3.9228137
v -0.19218193 -0.62866515 3.7890427
v -0.24314834 -0.62866515 3.8101542
v -0.24314834 -0.70293975 3.8101542
v -0.19218193 -0.70293975 3.7890427
v -0.14121558 -0.62866515 3.8101542
v -0.14121558 -0.70293975 3.8101542
v -0.2642593 -0.62866545 3.8611205
v -0.24314834 -0.62866545 3.9120867
v -0.24314834 -0.70294005 3.9120867
v -0.2642593 -0.70294005 3.8611205
v -0.24314834 -0.62866515 3.8101542
v -0.24314834 -0.70293975 3.8101542
v -0.14121553 -0.62866545 3.9120867
v -0.120104596 -0.70294005 3.8611205
v -0.14121553 -0.70294005 3.9120867
v -0.120104596 -0.62866545 3.8611205
v -0.14121558 -0.70293975 3.8101542
v -0.14121558 -0.62866515 3.8101542
v -0.24314834 -0.62866545 3.9120867
v -0.19218193 -0.70294005 3.9331977
v -0.24314834 -0.70294005 3.9120867
v -0.19218193 -0.62866545 3.9331977
v -0.14121553 -0.70294005 3.9120867
v -0.14121553 -0.62866545 3.9120867
v -0.15403616 -0.70294005 3.899266
v -0.13823569 -0.6880577 3.8611205
v -0.15403616 -0.6880577 3.899266
v -0.13823569 -0.70294005 3.8611205
v -0.1540362 -0.6880577 3.8229744
v -0.1540362 -0.70293975 3.8229744
v -0.1540362 -0.6880577 3.8229744
v -0.19218193 -0.6880577 3.807174
v -0.23032771 -0.6880577 3.8229744
v -0.13823569 -0.6880577 3.8611205
v -0.24612822 -0.6880577 3.8611205
v -0.15403616 -0.6880577 3.899266
v -0.23032771 -0.6880577 3.899266
v -0.19218193 -0.6880577 3.9150665
v -0.1540362 -0.70293975 3.8229744
v -0.19218193 -0.6880577 3.807174
v -0.1540362 -0.6880577 3.8229744
v -0.19218193 -0.70293975 3.807174
v -0.23032771 -0.6880577 3.8229744
v -0.23032771 -0.70293975 3.8229744
v -0.23032771 -0.70293975 3.8229744
v -0.24612822 -0.6880577 3.8611205
v -0.23032771 -0.6880577 3.8229744
v -0.24612822 -0.70294005 3.8611205
v -0.23032771 -0.6880577 3.899266
v -0.23032771 -0.70294005 3.899266
v -0.23032771 -0.70294005 3.899266
v -0.19218193 -0.6880577 3.9150665
v -0.23032771 -0.6880577 3.899266
v -0.19218193 -0.70294005 3.9150665
v -0.15403616 -0.6880577 3.899266
v -0.15403616 -0.70294005 3.899266
v -0 -0.49575678 3.952603
v -0 -0.6147462 3.952603
v -0.051956236 -0.6147462 3.930742
v -0.051956236 -0.49575678 3.930742
v -0.051956236 -0.49575678 3.930742
v -0.051956236 -0.6147462 3.930742
v -0.0738176 -0.6147462 3.8779638
v -0.0738176 -0.49575678 3.8779638
v -0.051956236 -0.6147462 3.8251855
v -0.051956236 -0.49575678 3.8251855
v -0.051956236 -0.49575678 3.8251855
v -0.051956236 -0.6147462 3.8251855
v -0 -0.6147462 3.803324
v -0 -0.49575678 3.803324
v -0 -0.6147462 3.8163016
v -0.042779744 -0.6147462 3.8343623
v -0.042779744 -0.67828757 3.8343623
v -0 -0.67828757 3.8163016
v -0.051956236 -0.6147462 3.930742
v -0 -0.6147462 3.952603
v -0 -0.6147462 3.9396255
v -0.042779744 -0.6147462 3.9215648
v -0.0738176 -0.6147462 3.8779638
v -0.060840074 -0.6147462 3.8779638
v -0.051956236 -0.6147462 3.8251855
v -0.042779744 -0.6147462 3.8343623
v -0 -0.6147462 3.803324
v -0 -0.6147462 3.8163016
v -0.060840074 -0.6147462 3.8779638
v -0.042779744 -0.6147462 3.9215648
v -0.042779744 -0.6782877 3.9215648
v -0.060840074 -0.6782877 3.8779638
v -0.042779744 -0.6147462 3.8343623
v -0.042779744 -0.67828757 3.8343623
v -0.042779744 -0.6147462 3.9215648
v -0 -0.6147462 3.9396255
v -0 -0.6782877 3.9396255
v -0.042779744 -0.6782877 3.9215648
v -0.042779744 -0.6782877 3.9215648
v -0 -0.6782877 3.9396255
v -0 -0.6782877 3.924114
v -0.03181176 -0.6782877 3.910597
v -0.060840074 -0.6782877 3.8779638
v -0.04532901 -0.6782877 3.8779638
v -0.042779744 -0.67828757 3.8343623
v -0.03181176 -0.67828757 3.84533
v -0 -0.67828757 3.8163016
v -0 -0.67828757 3.831813
v -0 -0.6655561 3.924114
v -0 -0.66555595 3.831813
v -0.03181176 -0.66555595 3.84533
v -0.04532901 -0.6655561 3.8779638
v -0.03181176 -0.6655561 3.910597
v -0.03181176 -0.67828757 3.84533
v -0.04532901 -0.6655561 3.8779638
v -0.03181176 -0.66555595 3.84533
v -0.04532901 -0.6782877 3.8779638
v -0.03181176 -0.6655561 3.910597
v -0.03181176 -0.6782877 3.910597
v -0.03181176 -0.6782877 3.910597
v -0 -0.6782877 3.924114
v -0 -0.6655561 3.924114
v -0.03181176 -0.6655561 3.910597
v -0 -0.67828757 3.831813
v -0.03181176 -0.67828757 3.84533
v -0.03181176 -0.66555595 3.84533
v -0 -0.66555595 3.831813
v -0 -0.24908482 4.015516
v -0 -0.24908482 4.060981
v -0.2432685 -0.24908482 4.0329266
v -0.2432685 -0.24908482 3.9874623
v -0.2432685 -0.24908482 3.9874623
v -0.2432685 -0.24908482 4.0329266
v -0.2432685 -0.60236067 4.0329266
v -0.2432685 -0.60236067 3.9874623
v -0 -0.24908482 4.015516
v -0.023848644 -0.4966658 4.0155163
v -0 -0.4966658 4.0155163
v -0.2432685 -0.24908482 3.9874623
v -0.023848644 -0.5468488 4.0155163
v -0.2432685 -0.60236067 3.9874623
v -0 -0.5468488 4.0155163
v -0 -0.60236067 4.015516
v -0 -0.4966658 3.9683201
v -0.023848644 -0.4966658 3.9683201
v -0.023848644 -0.5468488 3.9683201
v -0 -0.5468488 3.9683201
v -0 -0.4966658 4.0155163
v -0.023848644 -0.4966658 4.0155163
v -0.023848644 -0.4966658 3.9683201
v -0 -0.4966658 3.9683201
v -0.023848644 -0.4966658 4.0155163
v -0.023848644 -0.5468488 4.0155163
v -0.023848644 -0.5468488 3.9683201
v -0.023848644 -0.4966658 3.9683201
v -0.023848644 -0.5468488 4.0155163
v -0 -0.5468488 4.0155163
v -0 -0.5468488 3.9683201
v -0.023848644 -0.5468488 3.9683201
v -0.2432685 -0.24908482 4.0329266
v -0 -0.24908482 4.060981
v -0 -0.60236067 4.060981
v -0.2432685 -0.60236067 4.0329266
v -0.2432685 -0.60236067 3.9874623
v -0.2432685 -0.60236067 4.0329266
v -0 -0.60236067 4.060981
v -0 -0.60236067 4.015516
v -0.25600109 0.2737916 1.0608375
v -0.4398229 0.31421947 1.0357151
v -0.2652251 0.2825979 1.0011909
v -0.433439 0.30641317 1.0960095
v -0.24677704 0.26498535 1.1204841
v -0.42705506 0.29860687 1.1563038
v -0.2770102 0.010744454 0.93329537
v -0.4673925 -0.0149836615 0.9033705
v -0.3336377 0.017765433 0.8961894
v -0.5257327 -0.02200464 0.9404765
v -0.276682 0.00035340711 0.98821217
v -0.52540445 -0.032395687 0.9953933
v -0.433439 0.30641317 1.0960095
v -0.5684623 0.13064581 1.0014756
v -0.4398229 0.31421947 1.0357151
v -0.5643357 0.11473579 1.0608821
v -0.42705506 0.29860687 1.1563038
v -0.56020904 0.09882577 1.1202885
v -0.52540445 -0.032395687 0.9953933
v -0.51444656 -0.05010847 1.0547258
v -0.50348866 -0.06782126 1.1140583
v -0.49882412 -0.10488503 1.1023864
v -0.49404073 -0.09779813 1.1825839
v -0.509782 -0.08717224 1.0430539
v -0.4893762 -0.13486192 1.1709121
v -0.43088633 -0.11772652 1.2281393
v -0.42827094 -0.1547903 1.2164674
v -0.5207399 -0.06945946 0.9837214
v -0.52106816 -0.059068415 0.9288046
v -0.5257327 -0.02200464 0.9404765
v -0.23511481 -0.10022086 1.1651095
v -0.42827094 -0.1547903 1.2164674
v -0.28570735 -0.12014924 1.2106647
v -0.4893762 -0.13486192 1.1709121
v -0.24456277 -0.070243984 1.0965837
v -0.49882412 -0.10488503 1.1023864
v -0.2582901 -0.053477176 1.036562
v -0.509782 -0.08717224 1.0430539
v -0.27201745 -0.036710367 0.97654027
v -0.5207399 -0.06945946 0.9837214
v -0.27234566 -0.02631932 0.92162347
v -0.52106816 -0.059068415 0.9288046
v -0.33112928 -0.019298341 0.8845175
v -0.46488407 -0.05204744 0.8916986
v -0.43088633 -0.11772652 1.2281393
v -0.28570735 -0.12014924 1.2106647
v -0.42827094 -0.1547903 1.2164674
v -0.28832275 -0.08308548 1.2223366
v -0.23977935 -0.06315709 1.1767813
v -0.23511481 -0.10022086 1.1651095
v -0.49404073 -0.09779813 1.1825839
v -0.28832275 -0.08308548 1.2223366
v -0.43088633 -0.11772652 1.2281393
v -0.23977935 -0.06315709 1.1767813
v -0.50348866 -0.06782126 1.1140583
v -0.24922732 -0.033180214 1.1082556
v -0.5257327 -0.02200464 0.9404765
v -0.52106816 -0.059068415 0.9288046
v -0.46488407 -0.05204744 0.8916986
v -0.4673925 -0.0149836615 0.9033705
v -0.3336377 0.017765433 0.8961894
v -0.33112928 -0.019298341 0.8845175
v -0.27234566 -0.02631932 0.92162347
v -0.2770102 0.010744454 0.93329537
v -0.24922732 -0.033180214 1.1082556
v -0.23511481 -0.10022086 1.1651095
v -0.23977935 -0.06315709 1.1767813
v -0.24456277 -0.070243984 1.0965837
v -0.2582901 -0.053477176 1.036562
v -0.26295465 -0.016413404 1.0482339
v -0.27201745 -0.036710367 0.97654027
v -0.20712014 0.114394985 1.0501564
v -0.19801003 0.09844482 1.1095092
v -0.25600109 0.2737916 1.0608375
v -0.24677704 0.26498535 1.1204841
v -0.2652251 0.2825979 1.0011909
v -0.21623024 0.13034515 0.99080336
v -0.276682 0.00035340711 0.98821217
v -0.2770102 0.010744454 0.93329537
v -0.27234566 -0.02631932 0.92162347
v -0.9864554 0.05184945 2.687364
v -1.0238343 0.19762763 2.663813
v -1.2839551 0.11933339 2.4231315
v -1.254807 0.011053288 2.4281347
v -1.4271833 0.056237638 2.520473
v -1.4188312 -0.049572878 2.5388114
v -1.4730272 -0.07216102 2.4482825
v -1.4808407 0.03189346 2.4356525
v -1.3768092 0.136582 2.4669983
v -1.4316403 0.10850407 2.383942
v -1.2776145 0.12943044 2.413083
v -1.3768092 0.136582 2.4669983
v -1.4316403 0.10850407 2.383942
v -1.3591301 0.1069875 2.340045
v -1.3138801 -0.09661445 2.477317
v -1.2440552 0.006969621 2.417606
v -1.3266128 -0.0058918875 2.3379803
v -1.3936843 -0.10743337 2.395
v -1.4188312 -0.049572878 2.5388114
v -1.3138801 -0.09661445 2.477317
v -1.3936843 -0.10743337 2.395
v -1.4730272 -0.07216102 2.4482825
v -1.1583244 0.12454856 2.8807845
v -1.1258738 0.21145079 2.815524
v -1.1291256 0.22321838 2.8191445
v -1.1668441 0.1276693 2.8897195
v -0.96927696 0.20856959 2.825312
v -0.9968172 0.20441121 2.8028862
v -0.9280492 0.085279346 2.8101943
v -0.9352797 0.20238404 2.852115
v -1.0990978 0.12603174 2.9786675
v -1.0808221 0.012276057 2.939188
v -1.1098244 0.019245233 2.90131
v -1.1246833 0.124417804 2.9368873
v -1.0191646 0.22846597 2.962802
v -1.1539556 0.02185555 2.8790867
v -1.1668441 0.1276693 2.8897195
v -1.0448115 0.22445953 2.9269807
v -1.0667086 0.24321513 2.8845463
v -1.0950665 0.2220718 2.8589664
v -1.0808221 0.012276057 2.939188
v -0.97068757 -0.016988155 2.8794906
v -1.003763 -0.012690619 2.8444078
v -1.1098244 0.019245233 2.90131
v -1.0226504 -0.028878871 2.8150375
v -1.1539556 0.02185555 2.8790867
v -0.8926805 0.08075387 2.848838
v -0.90585876 0.20604451 2.8903995
v -0.9352797 0.20238404 2.852115
v -0.9280492 0.085279346 2.8101943
v -0.97068757 -0.016988155 2.8794906
v -1.003763 -0.012690619 2.8444078
v -0.9431225 0.07293966 2.7688968
v -1.0226504 -0.028878871 2.8150375
v -1.0022846 0.2053667 2.7555733
v -0.9968172 0.20441121 2.8028862
v -1.0950665 0.2220718 2.8589664
v -1.1246833 0.124417804 2.9368873
v -1.1668441 0.1276693 2.8897195
v -1.1291256 0.22321838 2.8191445
v -1.1605691 0.24064568 2.7976382
v -1.012352 0.24575408 2.7158918
v -1.1571105 0.26627472 2.7938566
v -1.0158106 0.220125 2.7196734
v -0.95573646 0.24056235 2.7579834
v -0.9591951 0.21493328 2.761765
v -1.1453719 0.24083033 2.8682842
v -1.1605691 0.24064568 2.7976382
v -1.1571105 0.26627472 2.7938566
v -1.1419133 0.26645938 2.8645027
v -1.1084307 0.24990371 2.9078052
v -1.1052377 0.27200788 2.905441
v -1.0757325 0.24413908 2.962533
v -1.0722739 0.26976815 2.9587514
v -0.86423737 0.24553859 2.8993437
v -1.0202866 0.27301714 2.9940348
v -1.0722739 0.26976815 2.9587514
v -0.88731307 0.23810619 2.8329372
v -1.1052377 0.27200788 2.905441
v -0.9234514 0.23519096 2.7932353
v -0.95573646 0.24056235 2.7579834
v -1.1419133 0.26645938 2.8645027
v -1.1571105 0.26627472 2.7938566
v -1.012352 0.24575408 2.7158918
v -0.8907717 0.21247712 2.8367188
v -0.867696 0.21990952 2.9031253
v -0.86423737 0.24553859 2.8993437
v -0.88731307 0.23810619 2.8329372
v -0.92691004 0.20956188 2.7970169
v -0.9234514 0.23519096 2.7932353
v -0.9591951 0.21493328 2.761765
v -0.95573646 0.24056235 2.7579834
v -0.867696 0.21990952 2.9031253
v -1.0202866 0.27301714 2.9940348
v -0.86423737 0.24553859 2.8993437
v -1.0237452 0.2473881 2.9978163
v -1.0722739 0.26976815 2.9587514
v -1.0757325 0.24413908 2.962533
v -0.90585876 0.20604451 2.8903995
v -1.0191646 0.22846597 2.962802
v -1.0237452 0.2473881 2.9978163
v -0.867696 0.21990952 2.9031253
v -1.0757325 0.24413908 2.962533
v -0.9352797 0.20238404 2.852115
v -1.0448115 0.22445953 2.9269807
v -0.8907717 0.21247712 2.8367188
v -1.1084307 0.24990371 2.9078052
v -0.96927696 0.20856959 2.825312
v -1.0667086 0.24321513 2.8845463
v -0.92691004 0.20956188 2.7970169
v -1.1453719 0.24083033 2.8682842
v -0.9968172 0.20441121 2.8028862
v -1.0950665 0.2220718 2.8589664
v -0.9591951 0.21493328 2.761765
v -1.1605691 0.24064568 2.7976382
v -1.0022846 0.2053667 2.7555733
v -1.1291256 0.22321838 2.8191445
v -1.0158106 0.220125 2.7196734
v -0.90198404 0.082622595 2.8573298
v -0.9118212 0.19629754 2.8960214
v -0.90585876 0.20604451 2.8903995
v -0.8926805 0.08075387 2.848838
v -1.0191646 0.22846597 2.962802
v -0.9737893 -0.0054519223 2.8839011
v -1.0154214 0.21637791 2.9613786
v -0.97068757 -0.016988155 2.8794906
v -1.0990978 0.12603174 2.9786675
v -1.073335 0.021720983 2.9350774
v -1.0885965 0.122971274 2.9721472
v -1.0808221 0.012276057 2.939188
v -1.254807 0.011053288 2.4281347
v -1.2839551 0.11933339 2.4231315
v -1.2776145 0.12943044 2.413083
v -1.2440552 0.006969621 2.417606
v -1.3768092 0.136582 2.4669983
v -1.3182409 -0.081817314 2.4795878
v -1.3698379 0.12263548 2.466829
v -1.3138801 -0.09661445 2.477317
v -1.4271833 0.056237638 2.520473
v -1.4084809 -0.04125517 2.5306375
v -1.4141592 0.050617266 2.513999
v -1.4188312 -0.049572878 2.5388114
v -0.42774963 0.28577095 1.0304196
v -0.285877 0.25900936 1.0007368
v -0.2652251 0.2825979 1.0011909
v -0.4398229 0.31421947 1.0357151
v -0.21623024 0.13034515 0.99080336
v -0.53733814 0.12786579 0.9988911
v -0.24682938 0.13364805 0.9967956
v -0.5684623 0.13064581 1.0014756
v -0.276682 0.00035340711 0.98821217
v -0.46743032 -0.0057682395 1.0015814
v -0.3279634 0.025414608 0.99756247
v -0.52540445 -0.032395687 0.9953933
v -0.45648476 -0.03941509 1.1211545
v -0.30868694 -0.007878356 1.1176165
v -0.24922732 -0.033180214 1.1082556
v -0.50348866 -0.06782126 1.1140583
v -0.19801003 0.09844482 1.1095092
v -0.5289139 0.0990388 1.1183673
v -0.22792731 0.10502961 1.1161963
v -0.56020904 0.09882577 1.1202885
v -0.24677704 0.26498535 1.1204841
v -0.41537288 0.26999098 1.1510328
v -0.26838323 0.24226418 1.1202796
v -0.42705506 0.29860687 1.1563038
v -0.24314834 -0.70294005 3.9120867
v -0.19218193 -0.70294005 3.9331977
v -0.19218193 -0.70294005 3.9150665
v -0.23032771 -0.70294005 3.899266
v -0.15403616 -0.70294005 3.899266
v -0.2642593 -0.70294005 3.8611205
v -0.14121553 -0.70294005 3.9120867
v -0.24612822 -0.70294005 3.8611205
v -0.13823569 -0.70294005 3.8611205
v -0.24314834 -0.70293975 3.8101542
v -0.120104596 -0.70294005 3.8611205
v -0.23032771 -0.70293975 3.8229744
v -0.1540362 -0.70293975 3.8229744
v -0.19218193 -0.70293975 3.7890427
v -0.14121558 -0.70293975 3.8101542
v -0.19218193 -0.70293975 3.807174
v -0.10493499 -0.62866545 3.8611205
v -0.13048905 -0.62866515 3.7994273
v -0.14121558 -0.62866515 3.8101542
v -0.120104596 -0.62866545 3.8611205
v -0.19218193 -0.62866515 3.7890427
v -0.13048899 -0.62866545 3.9228137
v -0.19218193 -0.62866515 3.773873
v -0.14121553 -0.62866545 3.9120867
v -0.24314834 -0.62866515 3.8101542
v -0.19218193 -0.62866545 3.9483674
v -0.25387487 -0.62866515 3.7994273
v -0.19218193 -0.62866545 3.9331977
v -0.2642593 -0.62866545 3.8611205
v -0.25387487 -0.62866545 3.9228137
v -0.27942893 -0.62866545 3.8611205
v -0.24314834 -0.62866545 3.9120867
v 0.90585876 0.20604451 2.8903995
v 1.0237452 0.2473881 2.9978163
v 1.0191646 0.22846597 2.962802
v 0.867696 0.21990952 2.9031253
v 1.0757325 0.24413908 2.962533
v 0.9352797 0.20238404 2.852115
v 1.0448115 0.22445953 2.9269807
v 0.8907717 0.21247712 2.8367188
v 1.1084307 0.24990371 2.9078052
v 0.96927696 0.20856959 2.825312
v 1.0667086 0.24321513 2.8845463
v 0.92691004 0.20956188 2.7970169
v 1.1453719 0.24083033 2.8682842
v 0.9968172 0.20441121 2.8028862
v 1.0950665 0.2220718 2.8589664
v 0.9591951 0.21493328 2.761765
v 1.1605691 0.24064568 2.7976382
v 1.0022846 0.2053667 2.7555733
v 1.1291256 0.22321838 2.8191445
v 1.0158106 0.220125 2.7196734
v 0.90198404 0.082622595 2.8573298
v 0.8926805 0.08075387 2.848838
v 0.90585876 0.20604451 2.8903995
v 0.9118212 0.19629754 2.8960214
v 0.9737893 -0.0054519223 2.8839011
v 1.0191646 0.22846597 2.962802
v 0.97068757 -0.016988155 2.8794906
v 1.0154214 0.21637791 2.9613786
v 1.073335 0.021720983 2.9350774
v 1.0990978 0.12603174 2.9786675
v 1.0808221 0.012276057 2.939188
v 1.0885965 0.122971274 2.9721472
v 1.254807 0.011053288 2.4281347
v 1.2776145 0.12943044 2.413083
v 1.2839551 0.11933339 2.4231315
v 1.2440552 0.006969621 2.417606
v 1.3768092 0.136582 2.4669983
v 1.3182409 -0.081817314 2.4795878
v 1.3698379 0.12263548 2.466829
v 1.3138801 -0.09661445 2.477317
v 1.4271833 0.056237638 2.520473
v 1.4084809 -0.04125517 2.5306375
v 1.4141592 0.050617266 2.513999
v 1.4188312 -0.049572878 2.5388114
v 0.42774963 0.28577095 1.0304196
v 0.2652251 0.2825979 1.0011909
v 0.285877 0.25900936 1.0007368
v 0.4398229 0.31421947 1.0357151
v 0.21623024 0.13034515 0.99080336
v 0.53733814 0.12786579 0.9988911
v 0.24682938 0.13364805 0.9967956
v 0.5684623 0.13064581 1.0014756
v 0.276682 0.00035340711 0.98821217
v 0.46743032 -0.0057682395 1.0015814
v 0.3279634 0.025414608 0.99756247
v 0.52540445 -0.032395687 0.9953933
v 0.45648476 -0.03941509 1.1211545
v 0.50348866 -0.06782126 1.1140583
v 0.24922732 -0.033180214 1.1082556
v 0.30868694 -0.007878356 1.1176165
v 0.5289139 0.0990388 1.1183673
v 0.19801003 0.09844482 1.1095092
v 0.56020904 0.09882577 1.1202885
v 0.22792731 0.10502961 1.1161963
v 0.41537288 0.26999098 1.1510328
v 0.24677704 0.26498535 1.1204841
v 0.42705506 0.29860687 1.1563038
v 0.26838323 0.24226418 1.1202796
v 0.24314834 -0.70294005 3.9120867
v 0.19218193 -0.70294005 3.9150665
v 0.19218193 -0.70294005 3.9331977
v 0.23032771 -0.70294005 3.899266
v 0.15403616 -0.70294005 3.899266
v 0.2642593 -0.70294005 3.8611205
v 0.14121553 -0.70294005 3.9120867
v 0.24612822 -0.70294005 3.8611205
v 0.13823569 -0.70294005 3.8611205
v 0.24314834 -0.70293975 3.8101542
v 0.120104596 -0.70294005 3.8611205
v 0.23032771 -0.70293975 3.8229744
v 0.1540362 -0.70293975 3.8229744
v 0.19218193 -0.70293975 3.7890427
v 0.14121558 -0.70293975 3.8101542
v 0.19218193 -0.70293975 3.807174
v 0.10493499 -0.62866545 3.8611205
v 0.120104596 -0.62866545 3.8611205
v 0.14121558 -0.62866515 3.8101542
v 0.13048905 -0.62866515 3.7994273
v 0.13048899 -0.62866545 3.9228137
v 0.19218193 -0.62866515 3.7890427
v 0.14121553 -0.62866545 3.9120867
v 0.19218193 -0.62866515 3.773873
v 0.19218193 -0.62866545 3.9483674
v 0.24314834 -0.62866515 3.8101542
v 0.19218193 -0.62866545 3.9331977
v 0.25387487 -0.62866515 3.7994273
v 0.25387487 -0.62866545 3.9228137
v 0.2642593 -0.62866545 3.8611205
v 0.24314834 -0.62866545 3.9120867
v 0.27942893 -0.62866545 3.8611205
v 0.32894173 0.5993327 3.3293977
v -0.39165652 1.0272126 3.255765
v -0.41342738 0.84422976 2.4349074
v 0.29878077 0.4007327 2.5112271
v 1.0930821 0.2525012 3.389083
v -0.39165628 0.7422952 1.6001021
v 1.0713111 0.06951833 2.568225
v 0.32894197 0.31441537 1.6737345
v 1.0930823 -0.032416165 1.7334197
v -0.41999182 0.6730228 3.1069179
v -1.118151 0.23072368 3.2641125
v -1.0900949 -0.08555138 2.485044
v -0.3811235 0.34326953 2.3326397
v 0.22205502 1.1852697 2.9248633
v -1.1181511 -0.3318789 1.6811163
v 0.25011107 0.8689946 2.1457949
v -0.41999203 0.110420346 1.5239215
v 0.22205484 0.6226672 1.3418671
v 0.42499483 0.42533162 3.6120796
v -0.21670932 0.96936303 3.6088347
v -0.24478877 0.9272541 2.7690701
v 0.38609406 0.36892554 2.7724009
v 1.1228579 -0.044502556 3.6148815
v -0.21670929 0.9593424 1.9288642
v 1.0947784 -0.08661142 2.7751179
v 0.42499486 0.41531095 1.9321092
v 1.122858 -0.05452317 1.9349116
v -0.44155392 0.38631836 3.6718311
v -1.1277626 -0.10011959 3.6556902
v -1.0987875 -0.10864663 2.8149457
v -0.40141252 0.36376962 2.8306208
v 0.18670474 0.9455247 3.6903868
v -1.1277627 -0.04440561 1.9766151
v 0.21567976 0.93699765 2.8496413
v -0.44155398 0.44203246 1.9927554
v 0.18670468 1.001239 2.0113106
v -0.3581456 0.58470464 3.332324
v -1.1029487 0.1992332 3.398995
v -1.0790687 0.016725242 2.5780892
v -0.32506266 0.38703287 2.5140414
v 0.33889732 1.0488715 3.2520418
v -1.1029489 -0.087087244 1.7435732
v 0.36277735 0.8663635 2.4311366
v -0.3581458 0.29838413 1.6769024
v 0.3388971 0.7625509 1.5966203
v -0.04131732 0.3995876 3.9209266
v -0.8826046 0.40013045 3.9210095
v -0.88006186 0.48102412 3.083624
v -0.037794538 0.4627824 3.0808377
v 0.7948842 0.49089578 3.9348712
v -0.88260496 0.6537687 2.2602668
v 0.79742706 0.57178944 3.097486
v -0.041317515 0.65322584 2.2601833
v 0.79488397 0.7445341 2.2741284
v -0.3579311 -0.13585708 4.3513136
v -1.0818604 -0.49294016 4.1128993
v -1.0559791 -0.057488948 3.3935409
v -0.3220756 0.28618833 3.6238155
v 0.3142356 0.28341445 4.6330814
v -1.0818604 0.44220442 2.7172265
v 0.34011695 0.7188657 3.913723
v -0.3579311 0.7982606 2.9557953
v 0.31423563 1.2185591 3.2374086
v -0.5246978 0.90090984 2.3451834
v -1.1441205 0.7867287 2.9028955
v -1.1107899 -0.042712897 2.76622
v -0.47852224 0.06895897 2.2207642
v 0.028063744 1.0281136 1.7238635
v -1.1441205 -0.85913205 2.5659366
v 0.06139432 0.19867192 1.5871879
v -0.5246978 -0.74495083 2.0082245
v 0.028063655 -0.61774725 1.3869042
v -0.4936351 0.36820275 3.6120744
v -1.11433 -0.19967303 3.6165352
v -1.0810721 -0.23880845 2.7768168
v -0.4475604 0.31652796 2.7724543
v 0.06054408 1.0011528 3.6071024
v -1.1143303 -0.2128698 1.9365871
v 0.09380183 0.96201706 2.7673836
v -0.49363533 0.35500586 1.9321264
v 0.06054385 0.98795587 1.9271541
v -0.6237905 -0.2367099 1.9922224
v -0.96897995 0.5284237 1.9358366
v -0.92555845 0.6068288 2.7723365
v -0.56363523 -0.15188056 2.828249
v -0.36544424 -1.035183 2.051065
v -0.96897995 0.6518945 3.6112933
v -0.32202277 -0.9567778 2.8875647
v -0.6237906 -0.11323902 3.6676788
v -0.36544424 -0.7014319 3.6948357
v -0.5180019 -0.09567705 1.6910933
v -1.0793657 0.51122206 1.8470069
v -1.0430472 0.33037925 2.6678243
v -0.46768716 -0.26566458 2.5147
v -0.029275477 -0.75891143 1.5207075
v -1.0793661 0.09320134 3.4741693
v 0.0070429146 -0.9397542 2.341525
v -0.5180024 -0.50269234 3.3165975
v -0.029275864 -1.12855 3.1405797
v -0.58852684 -0.21773207 1.9289714
v -1.0257697 0.5008746 1.9426718
v -0.9847435 0.50680524 2.7829375
v -0.53168964 -0.20334524 2.7693982
v -0.23333678 -0.98022366 1.9144346
v -1.02577 0.46885103 3.6223664
v -0.19231036 -0.97429293 2.7547002
v -0.5885271 -0.24776533 3.6083665
v -0.23333704 -0.79975754 3.56211
v -0.46901748 -0.650075 3.7452898
v -1.0459913 -0.85748786 3.1596737
v -1.010417 -0.021062791 3.0766516
v -0.41973352 0.016906321 3.6761565
v 0.036807686 -0.6301603 4.4195867
v -1.0459912 0.819153 3.0534854
v 0.07238206 0.060127288 4.3585854
v -0.46901745 0.85785264 3.664524
v 0.03680774 0.9003431 4.335419
v -0.5503516 -0.58578485 3.6776705
v -0.93035054 -0.9955393 3.0090551
v -0.88774097 -0.2381116 2.6453896
v -0.49132124 0.06865731 3.3225155
v -0.2555718 -0.32510978 4.4051194
v -0.93035066 0.53474003 2.3157692
v -0.21296231 0.39679432 4.046807
v -0.55035186 0.84448105 2.999455
v -0.255572 1.169646 3.717186
v -0.47046143 -0.48794347 3.9968295
v -1.0419745 -0.8917474 3.4645576
v -1.0061353 -0.15509316 3.0598097
v -0.42081058 0.117759325 3.6008286
v 0.029373258 -0.30403525 4.619249
v -1.0419748 0.6082829 2.7080464
v 0.065212406 0.4276319 4.2152514
v -0.47046158 0.8862844 3.2592745
v 0.02937302 1.191008 3.8634882
v -0.45319656 -0.8284734 3.3215132
v -1.0579998 -0.63773775 2.8074713
v -1.0238574 0.12940598 3.151112
v -0.40589646 -0.1231461 3.66436
v -0.06675556 -0.772021 3.9213748
v -1.0579996 0.8685547 3.5514345
v 0.1174646 -0.34192252 4.2451987
v -0.45319632 0.6095895 4.075757
v 0.08332248 0.3226292 4.656762
v -0.5461067 -0.8253918 2.9159818
v -0.94199884 -0.4467047 2.2775226
v -0.89979696 0.2857647 2.6891918
v -0.48764095 -0.08907084 3.3211575
v -0.2346187 -1.0205832 3.557479
v -0.9419991 0.99824595 3.1345615
v -0.19241661 -0.35950273 3.9799056
v -0.5461068 0.6195588 3.7730203
v -0.23461881 0.22088341 4.4451795
v -0.45134547 -0.84931844 3.1109982
v -1.0566225 -0.50610095 2.6499467
v -1.0225059 0.1788629 3.1372094
v -0.40408096 -0.1678759 3.5902505
v 0.08569822 -1.0434842 3.5939164
v -1.0566225 0.825235 3.674614
v 0.11981487 -0.4221045 4.0907598
v -0.45134547 0.46885896 4.1376486
v 0.08569822 0.07389124 4.6508245
v -0.38935295 -0.7977836 2.9742622
v -1.082025 -0.411863 2.69343
v -1.0535407 0.11200839 3.3510866
v -0.34989133 -0.243774 3.6207652
v 0.24635014 -1.1710751 3.287507
v -1.0820252 0.5763776 4.052025
v 0.27483457 -0.5420596 3.9293203
v -0.38935313 0.19025975 4.3328876
v 0.24635011 -0.25536048 4.65703
v -0.4710301 -0.67206854 2.569241
v -1.0617031 -0.1410903 2.291875
v -1.0268161 0.27511954 3.02216
v -0.42269835 -0.24534294 3.2940335
v 0.04986903 -1.2576197 2.8751144
v -1.0617032 0.6367567 3.780953
v 0.08475593 -0.6479911 3.5762548
v -0.4710301 0.10577845 4.0583186
v 0.04986906 -0.39828584 4.3519135
v -0.4249966 -0.41531017 1.9321091
v -1.122844 0.05454737 1.9349117
v -1.0947632 0.0866344 2.7751184
v -0.3860941 -0.36892635 2.7724009
v 0.21668923 -0.95936316 1.9288635
v -1.122844 0.04452619 3.614882
v 0.2447699 -0.92727596 2.7690701
v -0.4249966 -0.37833986 3.604998
v 0.21668926 -0.7799471 3.5802884
v 0.20660985 -0.55342156 1.9902656
v -0.58665764 -0.8335007 1.9971386
v -0.5997021 -0.7682449 2.8357902
v 0.1885384 -0.4709592 2.8284945
v 1.0259664 -0.36263865 1.9855838
v -0.58665764 -0.68383706 3.6602917
v 1.012922 -0.29738286 2.824235
v 0.20660993 -0.41873813 3.655676
v 1.0259664 -0.32142353 3.6650777
v 0.35814568 -0.29838446 1.6769023
v -0.3388969 -0.76255184 1.59662
v -0.36277705 -0.86636484 2.4311361
v 0.32506263 -0.38703364 2.5140414
v 1.1029484 0.08708748 1.7435735
v -0.338897 -0.980289 3.2417068
v 1.0790684 -0.01672554 2.5780897
v 0.35814565 -0.5609165 3.3287387
v 1.1029485 -0.19923395 3.398995
v -0.41118133 -0.5531985 2.2304773
v -1.1135339 -0.097335905 2.148899
v -1.0858128 0.08741766 2.9691806
v -0.37277716 -0.35426942 3.048222
v 0.23572889 -1.0826283 2.3252206
v -1.1135342 0.19860432 3.802628
v 0.26344982 -0.87218577 3.1416311
v -0.41118166 -0.23011398 3.880116
v 0.23572862 -0.5777386 3.9474635
v -0.026831955 -0.66201615 2.2917004
v -0.86795056 -0.678647 2.2944775
v -0.86630905 -0.4944319 3.1153464
v -0.02455765 -0.45908958 3.1094618
v 0.81100345 -0.73711264 2.3042402
v -0.8679507 -0.40027884 3.9512825
v 0.8126451 -0.5528975 3.1251097
v -0.026832014 -0.29169464 3.9346495
v 0.8110033 -0.46001685 3.961237
v 0.12130174 -0.7523946 2.5552654
v -0.6989583 -0.9281342 2.6189399
v -0.70677114 -0.5898672 3.3917193
v 0.110477954 -0.3912118 3.321074
v 0.95718753 -0.66290224 2.52284
v -0.69895816 -0.34739375 4.1971855
v 0.9493747 -0.3336301 3.2969742
v 0.1213018 -0.16196665 4.1320515
v 0.95718765 -0.09060511 4.102358
v 0.036053628 -0.8893674 2.9588408
v -0.80047584 -0.96616083 3.0103016
v -0.8028511 -0.44386297 3.6730833
v 0.032762915 -0.30807686 3.6047392
v 0.87733364 -0.8957059 2.9613967
v -0.8004761 -0.008190393 4.3904066
v 0.8749583 -0.3785484 3.6249533
v 0.03605336 0.0652093 4.339458
v 0.8773333 0.06226456 4.341502
v 0.16956982 -0.8866561 3.0361729
v -0.6343818 -1.0809299 3.1865926
v -0.64560866 -0.49084646 3.819271
v 0.15401599 -0.29139557 3.659565
v 0.9959754 -0.7722412 2.941927
v -0.63438153 -0.07188274 4.521876
v 0.9847485 -0.22536191 3.5811157
v 0.16956998 0.12481731 4.3710895
v 0.99597573 0.24984723 4.2752447
v 0.3330221 -0.6883549 2.5245423
v -0.37270224 -1.1187279 2.681058
v -0.3958318 -0.6894906 3.4409747
v 0.30097875 -0.34769878 3.2946925
v 1.0850058 -0.33386207 2.3956223
v -0.37270215 -0.44491273 4.2448783
v 1.0618762 -0.00883168 3.1712418
v 0.33302218 -0.112876326 4.10318
v 1.085006 0.24031824 3.9744563
v 0.23208353 -0.85273916 2.928338
v -0.541716 -1.1165053 3.1107726
v -0.55758023 -0.52790785 3.7711744
v 0.21010533 -0.3029093 3.5872965
v 1.0376116 -0.6512472 2.793095
v -0.541716 -0.19058952 4.507248
v 1.0217472 -0.14679205 3.4661765
v 0.23208342 0.08353686 4.3232527
v 1.0376115 0.28502882 4.18801
v 0.655818 -0.44851986 2.1050186
v 0.6559566 -1.1740438 2.5309062
v 0.60950005 -0.7439373 3.2536201
v 0.5914577 -0.020218968 2.827633
v 0.74859285 0.27257898 1.6817285
v 0.65595686 -0.32168293 3.9794478
v 0.70213616 0.70002735 2.4048433
v 0.6558181 0.40195164 3.5538454
v 0.7485931 1.1230506 3.1305552
v 0.51800215 0.5136966 3.318256
v 0.029275581 1.176931 3.1478705
v -0.007043004 0.93975335 2.3415256
v 0.4676871 0.2656638 2.5147
v 1.079366 -0.0932025 3.4741693
v 0.029275522 0.75891083 1.520708
v 1.0430473 -0.33038014 2.6678243
v 0.51800203 0.0956766 1.6910936
v 1.079366 -0.51122254 1.8470066
v 0.58852684 0.24975455 3.6086664
v 0.23333575 1.0122455 3.5941296
v 0.19230923 0.9742917 2.7547007
v 0.53168964 0.2033444 2.7693982
v 1.025771 -0.4688515 3.622366
v 0.23333554 0.98022276 1.9144349
v 0.9847444 -0.5068055 2.782937
v 0.5885267 0.21773168 1.9289714
v 1.0257708 -0.50087434 1.9426714
v 0.48661116 0.34533432 3.6717486
v -0.08503619 0.96217185 3.6940122
v -0.11737202 0.95903784 2.853352
v 0.44181374 0.3293159 2.8306231
v 1.1229302 -0.20463765 3.651898
v -0.08503625 1.0227696 2.0151052
v 1.0905943 -0.20777172 2.8112378
v 0.48661107 0.4059319 1.9928417
v 1.12293 -0.14404005 1.9729912
v 0.5446936 -0.42099866 2.1260304
v 0.10323402 -1.1274102 2.2437625
v 0.06503782 -0.94031125 3.0645308
v 0.49177733 -0.24660116 2.9485512
v 1.0625458 0.23299953 2.0170336
v 0.10323396 -0.59430385 3.8621912
v 1.0243496 0.39729762 2.8412375
v 0.5446936 -0.14481598 3.7831736
v 1.0625459 0.50918216 3.6741767
v 0.61602294 -0.72859377 3.4005537
v 0.5031806 -0.40401864 4.1721053
v 0.4574893 0.34235585 3.8554711
v 0.55272305 0.030462086 3.0786781
v 0.82024837 -1.0486066 2.645598
v 0.50318074 1.1251403 3.5506344
v 0.7745569 -0.27236617 2.3244634
v 0.61602306 0.8145073 2.7769818
v 0.82024825 0.5104181 2.0196266
v 0.46466964 0.17906317 3.9001827
v -0.1124605 0.7768962 4.031641
v -0.14449668 0.92434025 3.2039948
v 0.42028743 0.3138072 3.0697436
v 1.1058722 -0.3528609 3.783218
v -0.11246055 1.137693 2.390841
v 1.073836 -0.20541704 2.9555712
v 0.46466956 0.53986 2.2593832
v 1.105872 0.007935882 2.1424174
v 0.48524588 -0.6841071 2.5943418
v -0.0038159192 -1.2729743 2.939598
v -0.040120274 -0.611381 3.6180086
v 0.43495062 -0.22526008 3.2991004
v 1.0469166 -0.14344138 2.2781591
v -0.0038159788 -0.36430115 4.3806896
v 1.0106122 0.305725 2.9885788
v 0.4852459 0.16398591 4.044562
v 1.0469166 0.7046516 3.7283792
v 0.4034741 -0.7817382 2.9027534
v -0.21446833 -1.1822902 3.2198176
v -0.24410301 -0.51798934 3.8644767
v 0.3624187 -0.25426632 3.5618143
v 1.0806859 -0.37270844 2.6166692
v -0.21446845 -0.28329673 4.606129
v 1.0510511 0.1381256 3.284453
v 0.40347394 0.1811434 4.279437
v 1.0806856 0.5901732 3.9933534
v 0.45319644 -0.520491 4.062331
v -0.08332232 -0.31870162 4.6561704
v -0.11746456 0.41651815 4.25644
v 0.4058965 0.12416372 3.6645136
v 1.0579998 -0.86855584 3.551434
v -0.08332233 1.1836622 3.9127994
v 1.0238575 -0.12940684 3.151112
v 0.45319644 0.8967022 3.3317947
v 1.0579998 0.6377372 2.8074708
v -0.12320416 0.3973618 1.7158208
v -0.96325016 0.4185566 1.7562983
v -0.95815754 -0.30414557 2.186926
v -0.11614905 -0.31707266 2.1622381
v 0.70665693 0.33326012 1.5934013
v -0.96325004 -1.0697545 2.5356116
v 0.71174943 -0.38944197 2.0240293
v -0.12320402 -1.0909492 2.4951344
v 0.70665693 -1.155051 2.3727145
v 0.20889418 1.010223 2.1908593
v -0.62033296 1.0286515 2.050119
v -0.6256349 0.18975958 1.9868956
v 0.20154902 0.16901842 2.145299
v 1.048725 1.0037975 2.2399325
v -0.6203333 -0.6371297 1.8320054
v 1.0434229 0.16490546 2.1767092
v 0.20889384 -0.65555805 1.9727454
v 1.0487247 -0.66198385 2.021819
v -0.2237023 1.0313847 2.2098966
v -1.0630547 1.0229757 2.2662988
v -1.0573386 0.18535012 2.1881018
v -0.21578322 0.19113503 2.1492996
v 0.6042174 1.0534118 2.0621533
v -1.0630549 -0.63865733 2.0185633
v 0.6099336 0.21578619 1.983956
v -0.22370262 -0.6302484 1.9621611
v 0.6042172 -0.6082213 1.8144181
v 0.10254526 1.0841241 2.3525724
v -0.73174655 1.1179994 2.2497396
v -0.73517346 0.3056562 2.0309906
v 0.097797565 0.26618588 2.1508079
v 0.94369066 1.0792848 2.3672614
v -0.7317469 -0.47765076 1.7240987
v 0.9402636 0.26694164 2.1485128
v 0.10254493 -0.5115261 1.8269312
v 0.9436903 -0.51636535 1.8416208
v -0.2814368 -0.5705166 3.847952
v -1.085454 -0.81848556 3.6358562
v -1.0693204 0.01722762 3.5405245
v -0.2590858 0.03145403 3.7708988
v 0.49031323 -0.6809071 4.201973
v -1.0854542 0.85832065 3.5323086
v 0.5064466 0.05313334 4.121962
v -0.28143704 0.87358373 3.7794695
v 0.49031293 0.8942264 4.113746
v -0.20607173 -0.7789661 3.5549107
v -1.0353112 -0.95187986 3.4505525
v -1.0249407 -0.13213152 3.6394176
v -0.19170465 -0.15074894 3.756568
v 0.602427 -0.95676094 3.7955036
v -1.0353112 0.6625134 3.9154549
v 0.6127974 -0.23564443 3.9992313
v -0.2060717 0.6232542 4.051784
v 0.6024269 0.5588919 4.2752843
v -0.13592407 -0.63946164 3.7347255
v -0.9739249 -0.8833205 3.698657
v -0.96725917 -0.05597587 3.7382932
v -0.12668943 -0.058891013 3.7941537
v 0.6887454 -0.8540504 3.9301348
v -0.9739249 0.77528864 3.8675976
v 0.6954111 -0.07989675 3.977785
v -0.13592403 0.76790476 3.9415245
v 0.68874526 0.75136775 4.107089
v 0.35306305 -0.84295124 3.0786138
v -0.31913513 -1.1083869 3.3921251
v -0.34501418 -0.48162735 3.9946604
v 0.31721076 -0.24374774 3.6772447
v 1.0770191 -0.5247666 2.7989655
v -0.3191354 -0.13147786 4.6806874
v 1.0511401 0.054316938 3.4086847
v 0.35306284 0.25096136 4.349546
v 1.077019 0.5749377 4.069025
v 0.023194581 -0.89862365 3.1475048
v -0.8149041 -0.99898624 3.2041168
v -0.8163816 -0.39276916 3.789844
v 0.021147609 -0.27123564 3.719881
v 0.8642484 -0.96031344 3.1680412
v -0.81490386 0.13905543 4.4395103
v 0.8627709 -0.35681906 3.754179
v 0.023194656 0.19286525 4.3899136
v 0.8642484 0.1782858 4.403351
v -0.3326303 -0.856959 3.2878642
v -1.0774733 -0.72422343 2.9723258
v -1.0535973 0.0013896823 3.39739
v -0.299553 -0.18720683 3.7097168
v 0.36446074 -1.0265768 3.669311
v -1.0774734 0.68340576 3.8893743
v 0.3883368 -0.40532866 4.110101
v -0.3326303 0.46990895 4.217082
v 0.36446077 0.21281493 4.61171
v 0.20717782 -0.42936775 3.1210957
v 0.17212516 -0.28087604 3.7022424
v 0.33650032 -0.25965214 3.660246
v 0.40452695 -0.33149892 3.0821033
v 0.39373836 -0.13849512 3.7072768
v 0.21395335 -0.46895447 2.870946
v -5.9604645E-08 -0.45782027 3.1299143
v -0 -0.5023301 2.870543
v 0.51574206 -0.16693416 3.1191492
v 0.42742872 -0.35093623 2.8711848
v 0.21635598 -0.16759557 3.749155
v 2.9802322E-08 -0.27952862 3.7162604
v 0.41101572 -6.258487E-07 3.7228584
v -2.9802322E-08 -0.46704143 2.3106952
v 0.2068688 -0.43567562 2.316701
v -0.2139534 -0.4689545 2.870946
v -0.20717783 -0.4290804 3.1210518
v -0.2068688 -0.4356756 2.316701
v 0.56169784 -0.17221424 2.870469
v 0.5491159 -5.066394E-07 3.1275702
v 0.40713555 -0.33415273 2.3477378
v 0.22829057 -5.513429E-07 3.7879133
v -0 -0.16613635 3.7854943
v 0.39373842 0.13868135 3.707305
v -0.1721252 -0.27189696 3.7008896
v -0.4274287 -0.3509362 2.8711848
v -0.40452695 -0.33149898 3.0821028
v -0.40713558 -0.33415273 2.3477378
v 0.59812963 -4.1723246E-07 2.869894
v 0.51574206 0.16693321 3.1191492
v 0.5230243 -0.16709106 2.319261
v -0.21635596 -0.16184436 3.7482882
v -0.33650038 -0.24899209 3.658639
v -0 1.4305115E-05 3.8322015
v 0.21635595 0.17899473 3.750873
v 0.33650032 0.27438852 3.6624665
v 0.56169784 0.17221329 2.870469
v 0.40452695 0.3314979 3.0821033
v 0.1721252 0.32600528 3.7090435
v -0 0.18953858 3.789021
v -0.22829062 -5.885958E-07 3.7879133
v -0.3937384 -0.13551119 3.7068272
v 0.55757296 -3.576278E-07 2.3139915
v -0.51574206 -0.16693416 3.1191492
v -0.56169784 -0.1722141 2.870469
v -0.5230243 -0.16709095 2.319261
v -0.21635601 0.17899476 3.750873
v -0.41101575 -5.550682E-07 3.722859
v -0.5491159 -4.2468304E-07 3.1275702
v -0.59812963 -4.1723246E-07 2.869894
v -0.55757296 -3.4272665E-07 2.3139915
v -0 0.34197438 3.7256708
v 0.20717782 0.42936674 3.1210952
v 0.4274287 0.35093528 2.8711853
v 0.5230243 0.16709024 2.319261
v -0.56169784 0.17221333 2.870469
v -0.5230243 0.16709027 2.319261
v -0.51574206 0.1669332 3.1191492
v -0.39373842 0.13868147 3.707305
v -0.17212524 0.3260053 3.7090435
v 7.450581E-09 0.4598597 3.1302218
v 0.21395335 0.46895352 2.870946
v 0.40713555 0.3341519 2.3477383
v -0.42742875 0.35093528 2.8711848
v -0.404527 0.3314979 3.0821033
v -0.33650035 0.27438855 3.6624665
v -0.20717783 0.42936674 3.1210957
v -1.44355E-08 0.50232923 2.8705435
v -0.21395338 0.46895355 2.870946
v -0.40713558 0.33415192 2.3477383
v 0.20686878 0.43567482 2.316701
v -9.313226E-09 0.46704075 2.3106952
v -0.20686878 0.43567485 2.316701
v -0.3642239 0.30048186 2.1981874
v -0.18696034 0.36141467 2.175251
v -1.7695129E-08 0.38165423 2.1681056
v 0.18696031 0.3614147 2.175251
v 0.36422387 0.30048183 2.1981874
v 0.43280342 0.15337577 2.17692
v -0.43280345 0.15337573 2.17692
v -0.2436314 0.20557845 2.1544442
v 0.24363138 0.20557846 2.1544442
v 0.45546803 -4.1723246E-07 2.1705856
v -1.1175871E-08 0.21726125 2.1315937
v -0.4554681 -3.8743013E-07 2.170586
v 0.43280345 -0.15337647 2.17692
v 0.25703636 -3.4272665E-07 2.1319733
v -2.9802322E-08 -3.576278E-07 2.1054912
v -0.2570364 -3.855675E-07 2.1319728
v -0.43280345 -0.15337649 2.17692
v 0.36422387 -0.30048263 2.1981874
v 0.24363135 -0.20557916 2.1544437
v 0.18696031 -0.3614154 2.175251
v -2.9802322E-08 -0.21726193 2.1315937
v -0.24363142 -0.20557913 2.1544442
v -0 -0.38165492 2.1681056
v -0.18696037 -0.36141545 2.175251
v -0.3642239 -0.30048254 2.1981874
v 0.49927965 0.6443287 3.9997075
v 0.44801447 0.62298536 4.0155916
v 0.44547513 0.6219282 4.016378
v 0.44547513 0.5193992 3.985247
v 0.44801447 0.518958 3.9840055
v 0.49927965 0.51004946 3.958936
v -0.06767687 0.6802595 3.4762568
v 0.0051747113 0.7143408 3.4134102
v 0.021861821 0.72214735 3.3990147
v -0.06767687 0.6802595 3.4762568
v -0.025151744 0.7001536 3.4395719
v 0.0051747113 0.7143408 3.4134102
v 0.9390267 0.4434689 4.419724
v 0.871806 0.42469332 4.4815607
v 0.8743645 0.44248027 4.4843907
v 0.8816503 0.45898852 4.4820833
v 0.93646836 0.45982665 4.4272614
v 0.8925543 0.4717048 4.474989
v 0.9291825 0.47226483 4.438358
v 0.90541637 0.47869325 4.4641876
v 0.9182786 0.4788899 4.451325
v -0.35000554 0.80312884 3.249047
v -0.3500055 0.79927856 3.247878
v -0.35314494 0.80338234 3.2343624
v -0.35077685 0.8131514 3.2484636
v -0.34914836 0.80932254 3.2500665
v -0.35394216 0.8136183 3.2337217
v -0.32790497 0.8060584 3.2718244
v -0.32836354 0.80287015 3.271317
v -0.2849093 0.7895638 3.3151412
v -0.35391152 0.828155 3.2382803
v -0.35621256 0.8243802 3.226314
v -0.35860273 0.84157443 3.2202969
v -0.35961032 0.8340297 3.2132673
v -0.36413625 0.851367 3.1972504
v -0.3636183 0.8410976 3.1965675
v -0.36785677 0.85451007 3.1807096
v -0.36762634 0.844508 3.1787572
v -0.36966968 0.8560416 3.1726499
v -0.36900938 0.8441961 3.1721594
v -0.373753 0.85446 3.1504116
v -0.32241485 0.81849796 3.2700853
v -0.36900938 0.8364864 3.1698184
v -0.13810487 0.7486615 3.463214
v -0.2863786 0.7793488 3.313516
v -0.13867685 0.74478495 3.4626186
v -0.14014615 0.73456997 3.4609933
v -0.0746759 0.72518677 3.5271645
v -0.07406472 0.7292953 3.5277905
v -0.013051212 0.7108444 3.589315
v -0.0071174502 0.72435945 3.587469
v -0.0761452 0.71497184 3.5255392
v -0.014980078 0.6962413 3.5872273
v -0.37632477 0.8506209 3.1397119
v -0.3763256 0.8336836 3.1345663
v -0.3695142 0.8303819 3.1655912
v -0.36999997 0.8254149 3.161799
v -0.37991405 0.8370432 3.1235015
v -0.37991408 0.8597846 3.1304066
v -0.36578214 0.8548707 3.1765063
v -0.39747745 0.86807144 3.1031141
v -0.39747745 0.84533006 3.096209
v -0.41539985 0.8797971 3.064496
v -0.41539982 0.8570557 3.057591
v -0.43058774 0.8887036 3.0351632
v -0.4305877 0.86596215 3.028258
v -0.45247877 0.90947956 3.0074675
v -0.4438872 0.8728189 3.0056758
v -0.46388113 0.90120405 2.9939933
v -0.46388113 0.8784627 2.9870882
v -0.44687545 0.9119207 3.0142999
v -0.4305877 0.903602 3.0396867
v -0.41539985 0.89469576 3.0690198
v -0.39747745 0.8829702 3.107638
v -0.37991408 0.8746834 3.1349304
v -0.35705778 0.8532849 3.2054057
v -0.35705778 0.8492461 3.2041793
v -0.35178125 0.8593055 3.2137873
v -0.35078633 0.8618518 3.2010748
v -0.30020034 0.8414955 3.272444
v -0.30807617 0.83140653 3.2595987
v -0.30020034 0.82861 3.2685316
v -0.0676769 0.7604526 3.500606
v -0.06767693 0.7712251 3.503877
v 0.8932047 0.4828124 4.4028063
v 0.93646836 0.45982665 4.4272614
v 0.9291825 0.47226483 4.438358
v 0.9004395 0.4704644 4.3917885
v 0.9390267 0.4434689 4.419724
v 0.84885573 0.4958141 4.358983
v 0.9029801 0.45422342 4.3843045
v 0.8560277 0.48357728 4.348062
v 0.78573644 0.51431865 4.296612
v 0.8585464 0.4674802 4.340644
v 0.792819 0.50224006 4.2858286
v 0.48084745 0.6036321 3.9953918
v 0.79530656 0.48634782 4.278504
v 0.48996434 0.5915886 3.9877577
v 0.49316815 0.57644784 3.981763
v -0.373753 0.85446 3.1504116
v -0.36578214 0.8548707 3.1765063
v -0.36966968 0.8560416 3.1726499
v -0.36785677 0.85451007 3.1807096
v -0.35705778 0.8492461 3.2041793
v -0.36413625 0.851367 3.1972504
v -0.35860273 0.84157443 3.2202969
v -0.30807617 0.83140653 3.2595987
v -0.31419826 0.8280802 3.2647395
v -0.30020034 0.82861 3.2685316
v -0.32241485 0.81849796 3.2700853
v -0.35391152 0.828155 3.2382803
v 0.0018084496 0.7347633 3.581668
v -0.0071174502 0.72435945 3.587469
v -0.0676769 0.7604526 3.500606
v -0.056237757 0.75709957 3.5120232
v 0.008187413 0.73821527 3.576324
v 0.48996434 0.5915886 3.9877577
v 0.49927965 0.577189 3.9793217
v 0.49316815 0.57644784 3.981763
v 0.49927965 0.6107589 3.9895146
v 0.48084745 0.6036321 3.9953918
v 0.5221132 0.5860194 3.9502392
v 0.46722183 0.6107403 4.0034943
v 0.5221132 0.64082706 3.9668806
v 0.52883565 0.59394735 3.924129
v 0.52883565 0.61866456 3.931634
v 0.49927965 0.6443287 3.9997075
v 0.44801447 0.62298536 4.0155916
v 0.45117852 0.61183965 4.010827
v 0.44547513 0.6219282 4.016378
v 0.44547513 0.61003727 4.012768
v 0.10032225 0.72854996 3.4808204
v 0.52883565 0.59394735 3.924129
v 0.52883565 0.61866456 3.931634
v 0.10032225 0.75326717 3.4883254
v 0.5221132 0.64082706 3.9668806
v 0.08170265 0.77815694 3.51459
v 0.03339976 0.7734916 3.4217167
v 0.028739274 0.79416287 3.461875
v 0.03339976 0.7487744 3.4142118
v 0.024457932 0.7514767 3.4053118
v 0.021861821 0.7793558 3.4163852
v 0.08170265 0.77815694 3.51459
v 0.5221132 0.64082706 3.9668806
v 0.49927965 0.6443287 3.9997075
v 0.14704305 0.7534071 3.6404617
v 0.44547513 0.6219282 4.016378
v 0.008187383 0.75408 3.581141
v 0.028739274 0.79416287 3.461875
v -0.0010712147 0.78885126 3.490213
v -0.056237787 0.7735498 3.5170178
v -0.025151744 0.77508664 3.462324
v -0.06767693 0.7712251 3.503877
v 0.0051747113 0.77784055 3.4326906
v 0.021861821 0.7793558 3.4163852
v 0.03339976 0.7734916 3.4217167
v 0.44547513 0.61003727 4.012768
v 0.008187383 0.75408 3.581141
v 0.44547513 0.6219282 4.016378
v 0.008187413 0.73821527 3.576324
v -0.056237787 0.7735498 3.5170178
v -0.056237757 0.75709957 3.5120232
v -0.06767693 0.7712251 3.503877
v -0.0676769 0.7604526 3.500606
v -0.3348422 0.93623954 2.9293463
v -0.31930614 0.9520755 2.8648298
v -0.2910981 0.94488704 2.8885047
v -0.3567131 0.94521475 2.9001296
v -0.33709347 0.9463675 2.8534594
v -0.3539986 0.93245256 2.9472315
v -0.36878785 0.9405658 2.8871899
v -0.36264893 0.94429624 2.83754
v -0.43999907 0.92993927 2.9787235
v -0.3884315 0.94150996 2.863313
v -0.39599377 0.9356395 2.856192
v -0.44167107 0.9272246 2.9647555
v -0.47293186 0.9323781 2.9477825
v -0.4784833 0.934157 2.9419236
v -0.41995972 0.9433845 2.8306842
v -0.5025663 0.941695 2.9170978
v -0.60496855 1.0518486 2.513577
v -0.7720803 1.031726 2.653644
v -0.48545668 0.88994986 2.9974296
v -0.51671743 0.8951034 2.9804568
v -0.5222689 0.89688236 2.9745977
v -0.5463519 0.90442026 2.9497721
v -0.8158635 0.9944505 2.6863203
v -0.78030705 1.0261928 2.6512868
v -0.8143811 0.9973581 2.6766806
v -0.46388113 0.90120405 2.9939933
v -0.43151188 0.9171294 3.0196016
v -0.45247877 0.90947956 3.0074675
v -0.44687545 0.9119207 3.0142999
v -0.42462215 0.9122912 3.0355828
v -0.4305877 0.903602 3.0396867
v -0.39837724 0.9160144 3.0070508
v -0.40959948 0.9031729 3.064623
v -0.3402885 0.9107536 2.9836314
v -0.41539985 0.89469576 3.0690198
v -0.35146207 0.9226699 2.9560473
v -0.33265072 0.9253385 2.9355967
v -0.3162846 0.9148254 2.9318419
v -0.32550776 0.9022503 2.9732573
v -0.39149842 0.891177 3.1036637
v -0.39747745 0.8829702 3.107638
v -0.32707354 0.8951008 3.0351834
v -0.31772906 0.8868777 3.0238864
v -0.37317067 0.8825091 3.1321447
v -0.37991408 0.8746834 3.1349304
v -0.30151913 0.8823299 3.0772438
v -0.29245582 0.87419176 3.065667
v -0.2599844 0.8631544 3.102018
v -0.35078633 0.8618518 3.2010748
v -0.35705778 0.8532849 3.2054057
v -0.2690477 0.87129253 3.113595
v -0.20257999 0.85120547 3.1797512
v -0.19351669 0.84306735 3.168174
v -0.184016 0.8400259 3.178191
v -0.010548726 0.7844946 3.3610814
v -0.30020034 0.8414955 3.272444
v -0.35178125 0.8593055 3.2137873
v 0.021861821 0.7793558 3.4163852
v 0.030925125 0.77121776 3.404808
v 0.0051747113 0.77784055 3.4326906
v -0.06767693 0.7712251 3.503877
v -0.025151744 0.77508664 3.462324
v -0.29109812 0.93421745 2.885265
v -0.3193061 0.9186645 2.854685
v -0.2910981 0.9114761 2.87836
v -0.31930614 0.9414059 2.8615901
v -0.2910981 0.94488704 2.8885047
v -0.33709347 0.92134374 2.8458612
v -0.31930614 0.9520755 2.8648298
v -0.33709347 0.93618506 2.8503675
v -0.36264896 0.9255945 2.8318615
v -0.33709347 0.9463675 2.8534594
v -0.36264896 0.9350919 2.8347452
v -0.36264893 0.94429624 2.83754
v -0.39599377 0.9249699 2.8529525
v -0.41995972 0.9274234 2.825838
v -0.39599377 0.91967845 2.8513458
v -0.41995972 0.93271494 2.8274446
v -0.39599377 0.9356395 2.856192
v -0.6049727 1.0247376 2.5053372
v -0.41995972 0.9433845 2.8306842
v -0.60497165 1.0411808 2.510332
v -0.6133065 1.0251831 2.5038705
v -0.60496855 1.0518486 2.513577
v -0.6133064 1.0419693 2.5089674
v -0.6133712 1.0467012 2.5103245
v -0.5463519 0.8910277 2.9457057
v -0.81586266 0.9718671 2.6794643
v -0.8158635 0.9944505 2.6863203
v -0.5463519 0.90442026 2.9497721
v -0.5222689 0.88348985 2.9705315
v -0.5222689 0.89688236 2.9745977
v -0.51671743 0.8817109 2.9763904
v -0.51671743 0.8951034 2.9804568
v -0.48545668 0.87655735 2.9933634
v -0.48545668 0.88994986 2.9974296
v 0.030925125 0.7532831 3.3993626
v 0.024457932 0.7514767 3.4053118
v 0.021861821 0.7793558 3.4163852
v 0.030925125 0.77121776 3.404808
v -0.46388113 0.8784627 2.9870882
v -0.48545668 0.87655735 2.9933634
v -0.48545668 0.88994986 2.9974296
v -0.46388113 0.90120405 2.9939933
v -0.36264893 0.94429624 2.83754
v -0.39599377 0.9356395 2.856192
v -0.39599377 0.9249699 2.8529525
v -0.36264896 0.9350919 2.8347452
v -0.39599377 0.91967845 2.8513458
v -0.36264896 0.9255945 2.8318615
v -0.29638836 0.8727412 3.058126
v -0.31772906 0.86894304 3.0184407
v -0.29638836 0.85823107 3.0537202
v -0.31772906 0.8834532 3.0228465
v -0.32550776 0.88431567 2.9678116
v -0.32550776 0.9022503 2.9732573
v -0.31772906 0.8868777 3.0238864
v -0.29245582 0.87419176 3.065667
v -0.2829197 0.8675258 3.0753026
v -0.2599844 0.8631544 3.102018
v -0.2697435 0.8561814 3.0879686
v -0.2829197 0.8530157 3.0708969
v -0.2697435 0.84853697 3.0856473
v -0.2624143 0.85369015 3.0961735
v -0.26241428 0.84604573 3.0938523
v -0.21740153 0.846861 3.1433616
v -0.21740153 0.8323509 3.1389558
v -0.19351669 0.84306735 3.168174
v -0.19299509 0.8394758 3.1676843
v -0.184016 0.8400259 3.178191
v -0.19299509 0.8249657 3.1632786
v -0.18401599 0.8220913 3.1727455
v -0.3162846 0.9148254 2.9318419
v -0.32550776 0.88431567 2.9678116
v -0.32550776 0.9022503 2.9732573
v -0.31628463 0.89689076 2.9263964
v -0.29109812 0.93421745 2.885265
v -0.2910981 0.9114761 2.87836
v -0.33265072 0.9253385 2.9355967
v -0.2910981 0.94488704 2.8885047
v -0.3348422 0.93623954 2.9293463
v -0.3539986 0.93245256 2.9472315
v -0.010548726 0.7844946 3.3610814
v -0.010548741 0.76655996 3.355636
v 0.030925125 0.7532831 3.3993626
v 0.030925125 0.77121776 3.404808
v -0.7720803 1.031726 2.653644
v -0.6133712 1.0467012 2.5103245
v -0.60496855 1.0518486 2.513577
v -0.78030705 1.0261928 2.6512868
v -0.6133064 1.0419693 2.5089674
v -0.8143811 0.9973581 2.6766806
v -0.6133065 1.0251831 2.5038705
v -0.81442153 0.9747825 2.6698623
v -0.81586266 0.9718671 2.6794643
v -0.8158635 0.9944505 2.6863203
v -0.1129428 0.7246909 3.5388625
v -0.11105418 0.7126158 3.5332985
v -0.09746945 0.7085104 3.5468194
v -0.09935807 0.72058547 3.5523834
v -0.10473636 0.7297672 3.560575
v -0.11832109 0.7338726 3.5470538
v 0.030208528 0.71202576 3.6766348
v 0.03928709 0.69652706 3.6628075
v 0.058888644 0.7033584 3.7051804
v 0.042475045 0.67614436 3.6534157
v 0.067967206 0.6878597 3.6913533
v 0.07115516 0.667477 3.6819615
v -0.13795061 0.7322484 3.5139718
v -0.19894785 0.73917794 3.445817
v -0.136062 0.72017336 3.508408
v -0.20083646 0.75125307 3.451381
v -0.14332892 0.74143016 3.5221634
v -0.20621477 0.76043475 3.4595723
v -0.313268 0.7737264 3.332033
v -0.26330337 0.7586267 3.3817632
v -0.26519197 0.77070177 3.3873272
v -0.31515664 0.7858015 3.337597
v -0.27057028 0.7798835 3.3955188
v -0.3205349 0.7949832 3.3457882
v -0.3382758 0.781284 3.3071425
v -0.37623397 0.80425954 3.2768059
v -0.37434536 0.7921845 3.2712421
v -0.34016436 0.79335904 3.3127065
v -0.38161227 0.8134413 3.2849975
v -0.34554267 0.8025408 3.3208978
v -0.029019266 0.6954827 3.7311187
v -0.00033915043 0.6868153 3.7596643
v -0.009417668 0.6662451 3.7625399
v -0.038097784 0.6749125 3.7339942
v -0.012605593 0.6440816 3.7590132
v -0.13982403 0.71996677 3.592852
v -0.04128571 0.65274894 3.7304676
v -0.14520232 0.7077806 3.5945556
v -0.15340877 0.7240722 3.5793312
v -0.14709088 0.6946505 3.5924666
v -0.15878706 0.71188605 3.5810347
v -0.16067564 0.69875586 3.5789454
v -0.18379487 0.71944356 3.5561442
v -0.24130245 0.7506343 3.4918497
v -0.1784166 0.7316297 3.5544405
v -0.24668072 0.7384482 3.4935532
v -0.24856931 0.7253181 3.491464
v -0.18568346 0.70631343 3.554055
v -0.30565792 0.77008307 3.427796
v -0.3610009 0.7729966 3.379769
v -0.3556226 0.7851828 3.3780656
v -0.31103623 0.7578969 3.4294994
v -0.31292483 0.7447668 3.4274101
v -0.36288947 0.7598665 3.3776798
v -0.38063034 0.79274035 3.3531752
v -0.42207822 0.7914547 3.318978
v -0.41669995 0.80364084 3.3172746
v -0.38600862 0.7805542 3.3548787
v -0.42396683 0.77832454 3.316889
v -0.38789725 0.76742405 3.3527894
v -0.42396683 0.77832454 3.316889
v -0.42658395 0.77759355 3.3192964
v -0.42449617 0.7921087 3.3216062
v -0.42207822 0.7914547 3.318978
v -0.41855055 0.8055803 3.319723
v -0.41669995 0.80364084 3.3172746
v -0.4096523 0.8159575 3.3139336
v -0.40865076 0.81302786 3.3120377
v -0.3991561 0.82166046 3.3051195
v -0.3991561 0.81818664 3.3040648
v -0.38865992 0.8218209 3.2946227
v -0.38966146 0.81833184 3.2945695
v -0.3797617 0.81641454 3.284041
v -0.38161227 0.8134413 3.2849975
v -0.37381607 0.8062643 3.2749853
v -0.37623397 0.80425954 3.2768059
v -0.37172824 0.79291546 3.2688346
v -0.37434536 0.7921845 3.2712421
v -0.42449617 0.7921087 3.3216062
v -0.42624357 0.8079052 3.3120658
v -0.41855055 0.8055803 3.319723
v -0.43218917 0.7944336 3.313949
v -0.42658395 0.77759355 3.3192964
v -0.43427703 0.77991843 3.3116395
v -0.42977127 0.79377955 3.3113213
v -0.43427703 0.77991843 3.3116395
v -0.43165988 0.7806495 3.309232
v -0.43218917 0.7944336 3.313949
v -0.42439297 0.8059657 3.3096178
v -0.42624357 0.8079052 3.3120658
v -0.4163438 0.81535274 3.304381
v -0.41734535 0.81828237 3.3062766
v -0.40684915 0.8205115 3.2964077
v -0.40684915 0.82398534 3.2974625
v -0.39735448 0.8206567 3.2869124
v -0.39635295 0.82414585 3.2869656
v -0.3893053 0.81576616 3.2773404
v -0.38745472 0.8187394 3.2763839
v -0.38392702 0.8065844 3.269149
v -0.3815091 0.80858916 3.2673283
v -0.3820384 0.79450935 3.263585
v -0.3794213 0.79524034 3.2611775
v -0.42977127 0.79377955 3.3113213
v -0.5131104 0.83884996 3.2401938
v -0.42439297 0.8059657 3.3096178
v -0.5209851 0.82100755 3.2426882
v -0.43165988 0.7806495 3.309232
v -0.5237503 0.8017831 3.239629
v -0.5237503 0.8017831 3.239629
v -0.5256313 0.80125767 3.2413595
v -0.52272296 0.82147765 3.244577
v -0.5209851 0.82100755 3.2426882
v -0.51444054 0.84024394 3.2419534
v -0.5131104 0.83884996 3.2401938
v -0.50204504 0.8546997 3.2338889
v -0.50132525 0.85259396 3.2325263
v -0.4874236 0.862644 3.2216105
v -0.4874236 0.86014724 3.2208526
v -0.4728021 0.8628676 3.206988
v -0.47352195 0.8603598 3.20695
v -0.46040663 0.8553363 3.1922474
v -0.46173674 0.85319924 3.192935
v -0.4521242 0.8411967 3.179633
v -0.4538621 0.83975583 3.1809413
v -0.4492158 0.8226015 3.1710646
v -0.45109686 0.8220761 3.172795
v -0.52272296 0.82147765 3.244577
v -0.5484518 0.8505224 3.2081017
v -0.51444054 0.84024394 3.2419534
v -0.5567342 0.83175606 3.210725
v -0.5256313 0.80125767 3.2413595
v -0.55964255 0.81153613 3.2075078
v -0.37381607 0.8062643 3.2749853
v -0.3794213 0.79524034 3.2611775
v -0.37172824 0.79291546 3.2688346
v -0.3815091 0.80858916 3.2673283
v -0.3797617 0.81641454 3.284041
v -0.38745472 0.8187394 3.2763839
v -0.38392702 0.8065844 3.269149
v -0.45109686 0.8220761 3.172795
v -0.3820384 0.79450935 3.263585
v -0.4538621 0.83975583 3.1809413
v -0.3893053 0.81576616 3.2773404
v -0.46173674 0.85319924 3.192935
v -0.4521242 0.8411967 3.179633
v -0.48322704 0.83287996 3.137213
v -0.4492158 0.8226015 3.1710646
v -0.48613545 0.8514752 3.145781
v -0.46040663 0.8553363 3.1922474
v -0.49441788 0.8656148 3.1583958
v -0.4728021 0.8628676 3.206988
v -0.49441788 0.8656148 3.1583958
v -0.46040663 0.8553363 3.1922474
v -0.50681335 0.873146 3.1731365
v -0.4874236 0.862644 3.2216105
v -0.52143484 0.8729225 3.187759
v -0.50204504 0.8546997 3.2338889
v -0.5360563 0.8649781 3.200037
v -0.51444054 0.84024394 3.2419534
v -0.5484518 0.8505224 3.2081017
v -0.39735448 0.8206567 3.2869124
v -0.46173674 0.85319924 3.192935
v -0.3893053 0.81576616 3.2773404
v -0.47352195 0.8603598 3.20695
v -0.40684915 0.8205115 3.2964077
v -0.4874236 0.86014724 3.2208526
v -0.4163438 0.81535274 3.304381
v -0.50132525 0.85259396 3.2325263
v -0.42439297 0.8059657 3.3096178
v -0.5131104 0.83884996 3.2401938
v -0.38865992 0.8218209 3.2946227
v -0.38745472 0.8187394 3.2763839
v -0.3797617 0.81641454 3.284041
v -0.39635295 0.82414585 3.2869656
v -0.3991561 0.82166046 3.3051195
v -0.40684915 0.82398534 3.2974625
v -0.4096523 0.8159575 3.3139336
v -0.41734535 0.81828237 3.3062766
v -0.41855055 0.8055803 3.319723
v -0.42624357 0.8079052 3.3120658
v -0.5567342 0.83175606 3.210725
v -0.55964255 0.81153613 3.2075078
v -0.48322704 0.83287996 3.137213
v -0.5484518 0.8505224 3.2081017
v -0.48613545 0.8514752 3.145781
v -0.5360563 0.8649781 3.200037
v -0.49441788 0.8656148 3.1583958
v -0.52143484 0.8729225 3.187759
v -0.50681335 0.873146 3.1731365
v -0.13982403 0.71996677 3.592852
v -0.15340877 0.7240722 3.5793312
v -0.14535959 0.7334592 3.5740943
v -0.13177486 0.7293538 3.5876153
v -0.029019266 0.6954827 3.7311187
v -0.12228018 0.73451257 3.5796423
v -0.13586491 0.738618 3.566121
v -0.12637028 0.73876315 3.5566258
v -0.015432283 0.7113279 3.7222788
v -0.00033915043 0.6868153 3.7596643
v 0.013247833 0.70266056 3.7508245
v 0.00059463084 0.7200359 3.7088203
v 0.029274732 0.71136856 3.737366
v -0.11278555 0.73465776 3.570147
v -0.11832109 0.7338726 3.5470538
v -0.10473636 0.7297672 3.560575
v 0.01662156 0.72028095 3.6927924
v 0.045301706 0.7116136 3.7213378
v 0.030208528 0.71202576 3.6766348
v 0.058888644 0.7033584 3.7051804
v -0.1784166 0.7316297 3.5544405
v -0.24130245 0.7506343 3.4918497
v -0.23325327 0.7600213 3.4866128
v -0.17036742 0.74101675 3.5492036
v -0.16087274 0.7461755 3.5412307
v -0.22394572 0.7650785 3.478797
v -0.2237586 0.7651802 3.4786396
v -0.15137811 0.7463207 3.5317354
v -0.21426396 0.7653253 3.4691443
v -0.20621477 0.76043475 3.4595723
v -0.14332892 0.74143016 3.5221634
v -0.3475734 0.7945698 3.3728287
v -0.30565792 0.77008307 3.427796
v -0.3556226 0.7851828 3.3780656
v -0.29760876 0.7794701 3.422559
v -0.28830123 0.7845272 3.4147432
v -0.2881141 0.78462887 3.414586
v -0.33807874 0.7997286 3.3648558
v -0.27861947 0.78477407 3.4050908
v -0.3285841 0.79987377 3.3553605
v -0.3205349 0.7949832 3.3457882
v -0.27057028 0.7798835 3.3955188
v -0.37258118 0.80212736 3.3479383
v -0.38063034 0.79274035 3.3531752
v -0.41669995 0.80364084 3.3172746
v -0.40865076 0.81302786 3.3120377
v -0.3991561 0.81818664 3.3040648
v -0.36308652 0.80728614 3.339965
v -0.35359186 0.8074313 3.3304698
v -0.38966146 0.81833184 3.2945695
v -0.34554267 0.8025408 3.3208978
v -0.38161227 0.8134413 3.2849975
v 0.07115516 0.667477 3.6819615
v 0.07447186 0.6684034 3.6789105
v 0.07103139 0.69040024 3.689046
v 0.067967206 0.6878597 3.6913533
v 0.061233878 0.7071263 3.7039683
v 0.058888644 0.7033584 3.7051804
v 0.046570957 0.7160353 3.7214055
v 0.045301706 0.7116136 3.7213378
v 0.029274791 0.71577084 3.7387028
v 0.029274732 0.71136856 3.737366
v 0.011978641 0.7063732 3.753227
v 0.013247833 0.70266056 3.7508245
v -0.0026842952 0.6892732 3.7627668
v -0.00033915043 0.6868153 3.7596643
v -0.012481764 0.66707397 3.76587
v -0.009417668 0.6662451 3.7625399
v -0.015922189 0.6431552 3.7620642
v -0.012605593 0.6440816 3.7590132
v 0.07447186 0.6684034 3.6789105
v 0.123959124 0.653448 3.7281656
v 0.120518714 0.6754448 3.7383013
v 0.07103139 0.69040024 3.689046
v 0.1107212 0.69217086 3.7532234
v 0.061233878 0.7071263 3.7039683
v 0.033565074 0.62819976 3.8113194
v 0.028078794 0.6298578 3.8058589
v 0.024930328 0.6410815 3.8028822
v 0.037005514 0.6521185 3.8151255
v -0.012481764 0.66707397 3.76587
v 0.022623122 0.6315065 3.8004289
v -0.015922189 0.6431552 3.7620642
v -0.0026842952 0.6892732 3.7627668
v 0.046802968 0.6743177 3.812022
v 0.011978641 0.7063732 3.753227
v 0.046802968 0.6743177 3.812022
v -0.0026842952 0.6892732 3.7627668
v 0.06146589 0.69141775 3.8024821
v 0.029274791 0.71577084 3.7387028
v 0.078762084 0.7008154 3.787958
v 0.046570957 0.7160353 3.7214055
v 0.09605822 0.70107985 3.7706606
v 0.061233878 0.7071263 3.7039683
v 0.1107212 0.69217086 3.7532234
v 0.123959124 0.653448 3.7281656
v 0.033565074 0.62819976 3.8113194
v 0.037005514 0.6521185 3.8151255
v 0.046802968 0.6743177 3.812022
v 0.120518714 0.6754448 3.7383013
v 0.06146589 0.69141775 3.8024821
v 0.1107212 0.69217086 3.7532234
v 0.078762084 0.7008154 3.787958
v 0.09605822 0.70107985 3.7706606
v 0.028078794 0.6298578 3.8058589
v 0.028859168 0.62865305 3.8098266
v 0.02511701 0.64676607 3.8160625
v 0.024930328 0.6410815 3.8028822
v 0.023118526 0.6498512 3.8059015
v 0.012461767 0.6647974 3.8125355
v 0.014460266 0.6617122 3.8226964
v 0.022623122 0.6315065 3.8004289
v 0.024930328 0.6410815 3.8028822
v 0.023118526 0.6498512 3.8059015
v 0.012461767 0.6647974 3.8125355
v -0.07146123 0.62636214 3.8173714
v -0.0034871846 0.67430145 3.8185582
v -0.022300288 0.67691636 3.8230524
v -0.041113347 0.6722441 3.8253338
v -0.05706227 0.66099596 3.8250554
v -0.06771901 0.64488435 3.8222594
v -0.06572056 0.6417992 3.8324203
v -0.06946266 0.62327695 3.8275323
v -0.07146123 0.62636214 3.8173714
v -0.06771901 0.64488435 3.8222594
v -0.055063814 0.65791076 3.8352165
v -0.05706227 0.66099596 3.8250554
v -0.039114863 0.66915894 3.8354948
v -0.055063814 0.65791076 3.8352165
v -0.05706227 0.66099596 3.8250554
v -0.041113347 0.6722441 3.8253338
v -0.020301819 0.67383116 3.8332133
v -0.022300288 0.67691636 3.8230524
v -0.0014887154 0.67121625 3.8287191
v -0.0034871846 0.67430145 3.8185582
v 0.014460266 0.6617122 3.8226964
v 0.012461767 0.6647974 3.8125355
v -0.1916406 0.8258316 3.1604269
v -0.19299509 0.8249657 3.1632786
v -0.19299509 0.8394758 3.1676843
v -0.1916406 0.8403417 3.1648326
v -0.1837944 0.8296845 3.1477375
v -0.1837944 0.8441946 3.1521432
v -0.17613158 0.83320284 3.13615
v -0.17613156 0.847713 3.1405556
v -0.16748896 0.83821905 3.1196294
v -0.16748896 0.85272914 3.1240351
v -0.16546735 0.84367156 3.1016715
v -0.16546737 0.8581817 3.1060772
v -0.19299509 0.8394758 3.1676843
v -0.21740153 0.846861 3.1433616
v -0.21229723 0.84666634 3.1440027
v -0.1916406 0.8403417 3.1648326
v -0.1837944 0.8441946 3.1521432
v -0.19497 0.84748995 3.1412902
v -0.17613156 0.847713 3.1405556
v -0.18255576 0.84965444 3.1341615
v -0.16748896 0.85272914 3.1240351
v -0.17180896 0.8530504 3.122977
v -0.16546737 0.8581817 3.1060772
v -0.16871092 0.85770494 3.1076474
v -0.17790428 0.86785257 3.0742269
v -0.18098612 0.86729246 3.0760713
v -0.20737529 0.87685525 3.0445766
v -0.20981163 0.87607145 3.047158
v -0.22492652 0.8807866 3.0316288
v -0.22633453 0.8798129 3.0348356
v -0.2519427 0.8818498 3.0281272
v -0.25120792 0.8808155 3.0315337
v -0.26752144 0.8793506 3.036358
v -0.26474357 0.87841564 3.0394375
v -0.2846288 0.8740525 3.0538073
v -0.28086945 0.87316966 3.0567148
v -0.29638836 0.8727412 3.058126
v -0.28300986 0.8689066 3.0707552
v -0.2829197 0.8675258 3.0753026
v -0.16546737 0.8581817 3.1060772
v -0.17790431 0.8533424 3.0698211
v -0.16546735 0.84367156 3.1016715
v -0.17790428 0.86785257 3.0742269
v -0.20737532 0.86234516 3.040171
v -0.20737529 0.87685525 3.0445766
v -0.22492652 0.8662765 3.027223
v -0.22492652 0.8807866 3.0316288
v -0.25194272 0.86733973 3.0237215
v -0.2519427 0.8818498 3.0281272
v -0.2519427 0.8818498 3.0281272
v -0.26752144 0.8648405 3.0319524
v -0.25194272 0.86733973 3.0237215
v -0.26752144 0.8793506 3.036358
v -0.28462878 0.85954237 3.0494015
v -0.2846288 0.8740525 3.0538073
v -0.29638836 0.8727412 3.058126
v -0.29638836 0.85823107 3.0537202
v -0.2829197 0.8530157 3.0708969
v -0.2829197 0.8675258 3.0753026
v -0.28300986 0.8689066 3.0707552
v -0.28300986 0.85439646 3.0663495
v -0.28086945 0.85865957 3.052309
v -0.28300986 0.85439646 3.0663495
v -0.28300986 0.8689066 3.0707552
v -0.28086945 0.87316966 3.0567148
v -0.26474357 0.86390555 3.0350318
v -0.26474357 0.87841564 3.0394375
v -0.25120792 0.8663054 3.027128
v -0.25120792 0.8808155 3.0315337
v -0.22633454 0.8653028 3.0304298
v -0.25120792 0.8663054 3.027128
v -0.25120792 0.8808155 3.0315337
v -0.22633453 0.8798129 3.0348356
v -0.20981163 0.86156136 3.0427523
v -0.20981163 0.87607145 3.047158
v -0.18098612 0.85278237 3.0716655
v -0.18098612 0.86729246 3.0760713
v -0.16871092 0.84319484 3.1032417
v -0.16871092 0.85770494 3.1076474
v -0.17180896 0.8385403 3.1185713
v -0.16871092 0.84319484 3.1032417
v -0.16871092 0.85770494 3.1076474
v -0.17180896 0.8530504 3.122977
v -0.18255578 0.8351443 3.1297557
v -0.18255576 0.84965444 3.1341615
v -0.19497 0.8329798 3.1368845
v -0.19497 0.84748995 3.1412902
v -0.21229723 0.83215624 3.139597
v -0.21229723 0.84666634 3.1440027
v -0.21229723 0.84666634 3.1440027
v -0.21740153 0.846861 3.1433616
v -0.21740153 0.8323509 3.1389558
v -0.21229723 0.83215624 3.139597
v -0.2624143 0.85369015 3.0961735
v -0.2594848 0.8499225 3.0810845
v -0.26241428 0.84604573 3.0938523
v -0.2594848 0.8575669 3.0834055
v -0.24824408 0.85352856 3.069208
v -0.24824408 0.85995114 3.0711582
v -0.23868318 0.8552645 3.0634906
v -0.23868318 0.86032784 3.065028
v -0.22841054 0.8556766 3.0621333
v -0.22841053 0.8594907 3.0632915
v -0.21707295 0.8553312 3.063271
v -0.21707298 0.85727996 3.0638626
v -0.21695238 0.85775214 3.0623076
v -0.21695237 0.85580343 3.0617158
v -0.2624143 0.85369015 3.0961735
v -0.2697435 0.8561814 3.0879686
v -0.26357773 0.85848373 3.080386
v -0.2594848 0.8575669 3.0834055
v -0.24824408 0.85995114 3.0711582
v -0.25143215 0.8611297 3.0672765
v -0.23868318 0.86032784 3.065028
v -0.23994423 0.86159134 3.0608668
v -0.22841053 0.8594907 3.0632915
v -0.22812836 0.86064744 3.0594816
v -0.21707298 0.85727996 3.0638626
v -0.21695238 0.85775214 3.0623076
v -0.22812834 0.8568334 3.0583236
v -0.21695237 0.85580343 3.0617158
v -0.21695238 0.85775214 3.0623076
v -0.22812836 0.86064744 3.0594816
v -0.21707295 0.8553312 3.063271
v -0.21695237 0.85580343 3.0617158
v -0.2169524 0.8538547 3.061124
v -0.217073 0.8533825 3.0626793
v -0.23994422 0.856528 3.0593295
v -0.22812834 0.8568334 3.0583236
v -0.22812836 0.86064744 3.0594816
v -0.23994423 0.86159134 3.0608668
v -0.25143215 0.8547071 3.0653265
v -0.25143215 0.8611297 3.0672765
v -0.2635777 0.8508393 3.078065
v -0.26357773 0.85848373 3.080386
v -0.2697435 0.8561814 3.0879686
v -0.2697435 0.84853697 3.0856473
v -0.010548741 0.76655996 3.355636
v -0.010548726 0.7844946 3.3610814
v 0.052713037 0.8010801 3.3025575
v 0.052713037 0.78422976 3.297441
v 0.052713037 0.78422976 3.297441
v 0.052713037 0.8010801 3.3025575
v -0.12609911 0.8551186 3.1245837
v -0.1260991 0.8382682 3.1194675
v -0.010548726 0.7844946 3.3610814
v -0.184016 0.8400259 3.178191
v -0.12609911 0.8551186 3.1245837
v 0.052713037 0.8010801 3.3025575
v -0.184016 0.8400259 3.178191
v -0.18401599 0.8220913 3.1727455
v -0.1260991 0.8382682 3.1194675
v -0.12609911 0.8551186 3.1245837
v 0.83875144 0.45325005 4.448473
v 0.8361975 0.43559727 4.445649
v 0.82582474 0.43274286 4.4550495
v 0.82582474 0.4477416 4.459604
v 0.794796 0.46654257 4.404141
v 0.83875144 0.45325005 4.448473
v 0.82582474 0.4477416 4.459604
v 0.7819321 0.46120542 4.4152613
v 0.79226506 0.4490501 4.4013424
v 0.794796 0.46654257 4.404141
v 0.7819321 0.46120542 4.4152613
v 0.7819321 0.4462067 4.410707
v 0.7819321 0.4462067 4.410707
v 0.7819321 0.46120542 4.4152613
v 0.82582474 0.4477416 4.459604
v 0.82582474 0.43274286 4.4550495
v -0.118144855 0.74244153 3.4971678
v -0.118144855 0.7349824 3.4949028
v -0.09313704 0.72742486 3.5197935
v -0.09313704 0.73488396 3.5220582
v -0.10910775 0.71315944 3.531508
v -0.11105418 0.7126158 3.5332985
v -0.1129428 0.7246909 3.5388625
v -0.10910775 0.72296405 3.5344849
v -0.09441808 0.71726245 3.5179949
v -0.09441808 0.72706705 3.5209718
v -0.10910775 0.73042315 3.5367498
v -0.11832109 0.7338726 3.5470538
v -0.09441808 0.73452616 3.5232368
v -0.09313704 0.73488396 3.5220582
v -0.09313704 0.72742486 3.5197935
v -0.12935501 0.75459135 3.5644307
v -0.12637028 0.73876315 3.5566258
v -0.14365564 0.750597 3.577586
v -0.13586491 0.738618 3.566121
v -0.14535959 0.7334592 3.5740943
v -0.15340877 0.7240722 3.5793312
v -0.16456477 0.7149333 3.5877647
v -0.15878706 0.71188605 3.5810347
v -0.16067564 0.69875586 3.5789454
v -0.16456476 0.6976696 3.582523
v -0.18957259 0.72249085 3.5628743
v -0.18957257 0.7052272 3.5576324
v -0.18568346 0.70631343 3.554055
v -0.18379487 0.71944356 3.5561442
v -0.1784166 0.7316297 3.5544405
v -0.16866344 0.7581545 3.5526953
v -0.17036742 0.74101675 3.5492036
v -0.16087274 0.7461755 3.5412307
v -0.15137811 0.7463207 3.5317354
v -0.15436281 0.76214886 3.53954
v -0.14332892 0.74143016 3.5221634
v -0.13411556 0.7379807 3.5118592
v -0.13795061 0.7322484 3.5139718
v -0.13411556 0.73052156 3.5095944
v -0.1194259 0.73462456 3.4960814
v -0.1194259 0.7420837 3.498346
v -0.118144855 0.7349824 3.4949028
v -0.118144855 0.74244153 3.4971678
v -0.13411556 0.720717 3.5066175
v -0.136062 0.72017336 3.508408
v -0.1194259 0.72482 3.4931045
v -0.18957257 0.7052272 3.5576324
v -0.16456477 0.7149333 3.5877647
v -0.16456476 0.6976696 3.582523
v -0.18957259 0.72249085 3.5628743
v -0.14365564 0.750597 3.577586
v -0.16866344 0.7581545 3.5526953
v -0.10910775 0.73042315 3.5367498
v -0.12935501 0.75459135 3.5644307
v -0.15436281 0.76214886 3.53954
v -0.13411556 0.7379807 3.5118592
v -0.12935501 0.75459135 3.5644307
v -0.14365564 0.750597 3.577586
v -0.16866344 0.7581545 3.5526953
v -0.15436281 0.76214886 3.53954
v -0.31132156 0.79153377 3.3354843
v -0.29514775 0.7960513 3.320606
v -0.29514775 0.7885922 3.318341
v -0.2966319 0.78817767 3.3197064
v -0.31132156 0.78407466 3.3332195
v -0.2966319 0.77837306 3.3167293
v -0.31132156 0.77427006 3.3302424
v -0.31515664 0.7858015 3.337597
v -0.313268 0.7737264 3.332033
v -0.3205349 0.7949832 3.3457882
v -0.33156884 0.81570196 3.3631651
v -0.3285841 0.79987377 3.3553605
v -0.34586945 0.8117076 3.3763204
v -0.33807874 0.7997286 3.3648558
v -0.3475734 0.7945698 3.3728287
v -0.3556226 0.7851828 3.3780656
v -0.3667786 0.7760439 3.3864994
v -0.3610009 0.7729966 3.379769
v -0.36677858 0.75878024 3.3812575
v -0.36288947 0.7598665 3.3776798
v -0.3201555 0.80360883 3.2957153
v -0.3201555 0.79614973 3.2934506
v -0.29514775 0.7885922 3.318341
v -0.29514775 0.7960513 3.320606
v -0.38600862 0.7805542 3.3548787
v -0.39178634 0.76633775 3.356367
v -0.38789725 0.76742405 3.3527894
v -0.39178634 0.78360146 3.3616087
v -0.38063034 0.79274035 3.3531752
v -0.3708772 0.8192651 3.3514297
v -0.37258118 0.80212736 3.3479383
v -0.36308652 0.80728614 3.339965
v -0.35359186 0.8074313 3.3304698
v -0.35657656 0.8232595 3.3382745
v -0.34554267 0.8025408 3.3208978
v -0.33632934 0.7990913 3.3105938
v -0.34016436 0.79335904 3.3127065
v -0.33632934 0.7916322 3.3083289
v -0.32163966 0.8031943 3.2970808
v -0.33632934 0.7818276 3.305352
v -0.3382758 0.781284 3.3071425
v -0.32163966 0.78593063 3.291839
v -0.32163966 0.7957352 3.2948158
v -0.3201555 0.80360883 3.2957153
v -0.3201555 0.79614973 3.2934506
v -0.39178634 0.76633775 3.356367
v -0.3667786 0.7760439 3.3864994
v -0.36677858 0.75878024 3.3812575
v -0.39178634 0.78360146 3.3616087
v -0.34586945 0.8117076 3.3763204
v -0.3708772 0.8192651 3.3514297
v -0.31132156 0.79153377 3.3354843
v -0.33156884 0.81570196 3.3631651
v -0.35657656 0.8232595 3.3382745
v -0.33632934 0.7990913 3.3105938
v -0.33156884 0.81570196 3.3631651
v -0.34586945 0.8117076 3.3763204
v -0.3708772 0.8192651 3.3514297
v -0.35657656 0.8232595 3.3382745
v -0.30872023 0.75432485 3.4533892
v -0.30872023 0.7383514 3.448539
v -0.31560472 0.74043196 3.4416869
v -0.31560475 0.77634394 3.452591
v -0.2895941 0.7637907 3.4770546
v -0.31535694 0.77999943 3.4405515
v -0.3153569 0.74408746 3.4296474
v -0.30918983 0.7866504 3.449275
v -0.28317916 0.77878976 3.4751637
v -0.2895941 0.7684833 3.4784796
v -0.25716853 0.77092916 3.5010524
v -0.2886815 0.76424235 3.478184
v -0.26358348 0.7606227 3.5043683
v -0.26864272 0.74221313 3.4932787
v -0.26864272 0.7262397 3.4884286
v -0.26358345 0.7247107 3.4934642
v -0.1966422 0.74340826 3.4318848
v -0.19664222 0.77932024 3.4427886
v -0.22265285 0.78718084 3.4169002
v -0.22265284 0.75126886 3.405996
v -0.24866349 0.79504144 3.3910115
v -0.24866349 0.7591295 3.3801074
v -0.24866349 0.79504144 3.3910115
v -0.26124552 0.75920147 3.3798704
v -0.24866349 0.7591295 3.3801074
v -0.26124552 0.79511344 3.3907743
v -0.26519197 0.77070177 3.3873272
v -0.26330337 0.7586267 3.3817632
v -0.27057028 0.7798835 3.3955188
v -0.27861947 0.78477407 3.4050908
v -0.28830123 0.7875564 3.415663
v -0.2881141 0.78462887 3.414586
v -0.28830123 0.7845272 3.4147432
v -0.28213412 0.7942074 3.4243865
v -0.2550784 0.8017644 3.3994977
v -0.30918983 0.7866504 3.449275
v -0.31535694 0.77999943 3.4405515
v -0.29760876 0.7794701 3.422559
v -0.30565792 0.77008307 3.427796
v -0.31103623 0.7578969 3.4294994
v -0.31292483 0.7447668 3.4274101
v -0.3153569 0.74408746 3.4296474
v -0.26124552 0.79511344 3.3907743
v -0.24866349 0.79504144 3.3910115
v -0.2550784 0.8017644 3.3994977
v -0.22265285 0.78718084 3.4169002
v -0.22906776 0.79390377 3.4253864
v -0.19664222 0.77932024 3.4427886
v -0.26368207 0.7953613 3.4205863
v -0.28213412 0.7942074 3.4243865
v -0.27525553 0.7921287 3.431233
v -0.23306032 0.7927886 3.4290593
v -0.30918983 0.7866504 3.449275
v -0.28784847 0.7886113 3.4428172
v -0.28020614 0.7796202 3.4724288
v -0.28317916 0.77878976 3.4751637
v -0.27981138 0.7791558 3.4739585
v -0.24760784 0.7764502 3.4828691
v -0.25716853 0.77092916 3.5010524
v -0.23011284 0.7784862 3.4761639
v -0.2350149 0.7799676 3.4712846
v -0.22344145 0.7832002 3.4606383
v -0.20305713 0.78604317 3.451275
v -0.23147853 0.7926557 3.429497
v -0.19689001 0.7756647 3.454828
v -0.26358348 0.7606227 3.5043683
v -0.25100142 0.72463876 3.4937012
v -0.26358345 0.7247107 3.4934642
v -0.25100142 0.76055074 3.5046053
v -0.25716853 0.77092916 3.5010524
v -0.24856931 0.7253181 3.491464
v -0.24668072 0.7384482 3.4935532
v -0.24130245 0.7506343 3.4918497
v -0.23325327 0.7600213 3.4866128
v -0.23011284 0.7784862 3.4761639
v -0.22394572 0.7650785 3.478797
v -0.22394572 0.7681077 3.4797168
v -0.20305713 0.78604317 3.451275
v -0.2237586 0.7651802 3.4786396
v -0.21426396 0.7653253 3.4691443
v -0.19689001 0.7756647 3.454828
v -0.20621477 0.76043475 3.4595723
v -0.20083646 0.75125307 3.451381
v -0.19689001 0.7397527 3.443924
v -0.19894785 0.73917794 3.445817
v -0.1966422 0.74340826 3.4318848
v -0.19664222 0.77932024 3.4427886
v -0.28784847 0.7886113 3.4428172
v -0.28784847 0.80993927 3.449293
v -0.27981138 0.80048376 3.4804344
v -0.28020614 0.7796202 3.4724288
v -0.27981138 0.7791558 3.4739585
v -0.24760784 0.7764502 3.4828691
v -0.24760786 0.7977782 3.4893448
v -0.2350149 0.7799676 3.4712846
v -0.24760784 0.7764502 3.4828691
v -0.24760786 0.7977782 3.4893448
v -0.22344145 0.7832002 3.4606383
v -0.22344147 0.8045282 3.4671142
v -0.28784847 0.80993927 3.449293
v -0.2636821 0.8166892 3.4270623
v -0.23147854 0.8139837 3.4359727
v -0.22344147 0.8045282 3.4671142
v -0.27981138 0.80048376 3.4804344
v -0.24760786 0.7977782 3.4893448
v -0.23147854 0.8139837 3.4359727
v -0.22344145 0.7832002 3.4606383
v -0.22344147 0.8045282 3.4671142
v -0.23147853 0.7926557 3.429497
v -0.23306032 0.7927886 3.4290593
v -0.2636821 0.8166892 3.4270623
v -0.26368207 0.7953613 3.4205863
v -0.28784847 0.80993927 3.449293
v -0.28784847 0.7886113 3.4428172
v -0.27525553 0.7921287 3.431233
v -0.26368207 0.7953613 3.4205863
v -0.2636821 0.8166892 3.4270623
v -0.29472348 0.7349284 3.5172703
v -0.26864272 0.74221313 3.4932787
v -0.26864272 0.7262397 3.4884286
v -0.29472348 0.718955 3.5124204
v -0.2886815 0.76424235 3.478184
v -0.26864272 0.74221313 3.4932787
v -0.29472348 0.7349284 3.5172703
v -0.3147623 0.7569577 3.5021756
v -0.334801 0.74704015 3.4773808
v -0.2895941 0.7637907 3.4770546
v -0.30872023 0.75432485 3.4533892
v -0.29472348 0.7349284 3.5172703
v -0.29472348 0.718955 3.5124204
v -0.334801 0.7310667 3.4725308
v -0.334801 0.74704015 3.4773808
v -0.3147623 0.7569577 3.5021756
v -0.30872023 0.7383514 3.448539
v -0.30872023 0.75432485 3.4533892
v -0.334801 0.74704015 3.4773808
v -0.334801 0.7310667 3.4725308
v -0.078636765 0.72408044 3.530808
v -0.08170229 0.7134197 3.530651
v -0.08170229 0.7232242 3.533628
v -0.078636765 0.7142759 3.527831
v -0.0761452 0.71497184 3.5255392
v -0.0746759 0.72518677 3.5271645
v -0.1194259 0.73462456 3.4960814
v -0.14614445 0.74269915 3.4694881
v -0.118144855 0.7349824 3.4949028
v -0.14307892 0.74355537 3.4666681
v -0.078636765 0.72408044 3.530808
v -0.09313704 0.72742486 3.5197935
v -0.09441808 0.72706705 3.5209718
v -0.08170229 0.7232242 3.533628
v -0.13867685 0.74478495 3.4626186
v -0.0746759 0.72518677 3.5271645
v -0.29031944 0.7880526 3.320118
v -0.29338497 0.7871964 3.322938
v -0.2966319 0.78817767 3.3197064
v -0.29514775 0.7885922 3.318341
v -0.3201555 0.79614973 3.2934506
v -0.3219358 0.79760736 3.28865
v -0.32163966 0.7957352 3.2948158
v -0.2849093 0.7895638 3.3151412
v -0.3582177 0.80678934 3.2584093
v -0.32836354 0.80287015 3.271317
v -0.35515216 0.8076456 3.2555892
v -0.34914836 0.80932254 3.2500665
v -0.14307892 0.7337508 3.4636912
v -0.14014615 0.73456997 3.4609933
v -0.13867685 0.74478495 3.4626186
v -0.14307892 0.74355537 3.4666681
v -0.29031944 0.7782481 3.317141
v -0.14307892 0.7337508 3.4636912
v -0.14307892 0.74355537 3.4666681
v -0.29031944 0.7880526 3.320118
v -0.2863786 0.7793488 3.313516
v -0.29031944 0.7782481 3.317141
v -0.29031944 0.7880526 3.320118
v -0.2849093 0.7895638 3.3151412
v -0.35000554 0.80312884 3.249047
v -0.34914836 0.80932254 3.2500665
v -0.35515216 0.8076456 3.2555892
v -0.3500055 0.79927856 3.247878
v -0.35515216 0.797841 3.2526124
v -0.3582177 0.80678934 3.2584093
v -0.3582177 0.7969848 3.2554324
v -0.32163966 0.7957352 3.2948158
v -0.32163966 0.78593063 3.291839
v -0.3582177 0.7969848 3.2554324
v -0.3582177 0.80678934 3.2584093
v -0.2966319 0.77837306 3.3167293
v -0.2966319 0.78817767 3.3197064
v -0.29338497 0.7871964 3.322938
v -0.29338497 0.77739185 3.319961
v -0.14614445 0.74269915 3.4694881
v -0.14614445 0.73289454 3.4665112
v -0.1194259 0.73462456 3.4960814
v -0.1194259 0.72482 3.4931045
v -0.09441808 0.71726245 3.5179949
v -0.09441808 0.72706705 3.5209718
v -0.08170229 0.7232242 3.533628
v -0.08170229 0.7134197 3.530651
v -0.11895953 0.73474926 3.522502
v -0.12071371 0.736813 3.515705
v -0.120713726 0.74789214 3.519069
v -0.118959546 0.7458284 3.5258658
v -0.11193097 0.73415875 3.5244467
v -0.11193098 0.7452379 3.5278106
v -0.10665652 0.735632 3.5195947
v -0.11193097 0.73415875 3.5244467
v -0.11193098 0.7452379 3.5278106
v -0.10665655 0.74671113 3.5229588
v -0.120713726 0.74789214 3.519069
v -0.11543929 0.7493653 3.5142171
v -0.10841066 0.7487748 3.516162
v -0.10665655 0.74671113 3.5229588
v -0.118959546 0.7458284 3.5258658
v -0.11193098 0.7452379 3.5278106
v -0.10841066 0.7487748 3.516162
v -0.10665652 0.735632 3.5195947
v -0.10665655 0.74671113 3.5229588
v -0.10841063 0.7376957 3.5127978
v -0.11543929 0.7493653 3.5142171
v -0.11543927 0.7382862 3.510853
v -0.12071371 0.736813 3.515705
v -0.11543927 0.7382862 3.510853
v -0.11543929 0.7493653 3.5142171
v -0.120713726 0.74789214 3.519069
v -0.32125145 0.7958835 3.3211586
v -0.3230056 0.79794717 3.3143618
v -0.3230056 0.8090263 3.317726
v -0.32125145 0.8069626 3.3245225
v -0.31422287 0.795293 3.3231034
v -0.31422287 0.8063721 3.3264673
v -0.30894846 0.7967662 3.3182514
v -0.31422287 0.795293 3.3231034
v -0.31422287 0.8063721 3.3264673
v -0.30894846 0.80784535 3.3216152
v -0.3230056 0.8090263 3.317726
v -0.31773114 0.81049955 3.3128738
v -0.31070256 0.80990905 3.3148186
v -0.30894846 0.80784535 3.3216152
v -0.32125145 0.8069626 3.3245225
v -0.31422287 0.8063721 3.3264673
v -0.31070256 0.80990905 3.3148186
v -0.30894846 0.7967662 3.3182514
v -0.30894846 0.80784535 3.3216152
v -0.31070256 0.7988299 3.3114545
v -0.31773114 0.81049955 3.3128738
v -0.31773114 0.7994204 3.3095098
v -0.3230056 0.79794717 3.3143618
v -0.31773114 0.7994204 3.3095098
v -0.31773114 0.81049955 3.3128738
v -0.3230056 0.8090263 3.317726
v -0.35394216 0.8136183 3.2337217
v -0.35314494 0.80338234 3.2343624
v -0.39642602 0.8164622 3.1912842
v -0.39504826 0.82604086 3.1928084
v -0.35621256 0.8243802 3.226314
v -0.39112467 0.83493096 3.1915655
v -0.39642602 0.8164622 3.1912842
v -0.38935468 0.81843734 3.1847794
v -0.38851517 0.82427377 3.185708
v -0.39504826 0.82604086 3.1928084
v -0.3861245 0.82969064 3.1849508
v -0.39112467 0.83493096 3.1915655
v -0.38254654 0.83386326 3.182623
v -0.38525262 0.841779 3.187745
v -0.37832612 0.83615637 3.1790788
v -0.37832612 0.84554243 3.1819286
v -0.37410563 0.8362209 3.174858
v -0.37139955 0.8456483 3.1750016
v -0.36900938 0.8364864 3.1698184
v -0.36900938 0.8441961 3.1721594
v -0.37052768 0.834047 3.1706033
v -0.3695142 0.8303819 3.1655912
v -0.38935468 0.81843734 3.1847794
v -0.41047835 0.82482105 3.1637547
v -0.40963885 0.83065754 3.1646833
v -0.38851517 0.82427377 3.185708
v -0.40724814 0.8360744 3.1639261
v -0.3861245 0.82969064 3.1849508
v -0.36999997 0.8254149 3.161799
v -0.38926065 0.8363494 3.1459374
v -0.38842115 0.8309819 3.143464
v -0.3695142 0.8303819 3.1655912
v -0.39165136 0.84043074 3.1495786
v -0.37052768 0.834047 3.1706033
v -0.40963885 0.83065754 3.1646833
v -0.41047835 0.82482105 3.1637547
v -0.38842115 0.8309819 3.143464
v -0.40724814 0.8360744 3.1639261
v -0.38926065 0.8363494 3.1459374
v -0.40367022 0.840247 3.1615982
v -0.39165136 0.84043074 3.1495786
v -0.39944977 0.84254014 3.158054
v -0.39522928 0.84260464 3.1538334
v -0.37410563 0.8362209 3.174858
v -0.39165136 0.84043074 3.1495786
v -0.37052768 0.834047 3.1706033
v -0.39522928 0.84260464 3.1538334
v -0.37832612 0.83615637 3.1790788
v -0.39944977 0.84254014 3.158054
v -0.38254654 0.83386326 3.182623
v -0.40367022 0.840247 3.1615982
v -0.3861245 0.82969064 3.1849508
v -0.40724814 0.8360744 3.1639261
v -0.36900938 0.8441961 3.1721594
v -0.36762634 0.844508 3.1787572
v -0.37139955 0.8456483 3.1750016
v -0.37832612 0.84554243 3.1819286
v -0.3636183 0.8410976 3.1965675
v -0.38525262 0.841779 3.187745
v -0.35961032 0.8340297 3.2132673
v -0.39112467 0.83493096 3.1915655
v -0.35621256 0.8243802 3.226314
v 0.83875144 0.45325005 4.448473
v 0.871806 0.42469332 4.4815607
v 0.8361975 0.43559727 4.445649
v 0.8743645 0.44248027 4.4843907
v 0.8816503 0.45898852 4.4820833
v 0.84601295 0.46963158 4.4462185
v 0.794796 0.46654257 4.404141
v 0.8020836 0.48275098 4.402009
v 0.7395617 0.50142306 4.339089
v 0.7325969 0.48535526 4.3412075
v 0.79226506 0.4490501 4.4013424
v 0.73000026 0.46810699 4.338579
v 0.4214895 0.5794363 4.027495
v 0.4280356 0.5944356 4.0255013
v 0.41907552 0.56332105 4.0249953
v 0.9182786 0.4788899 4.451325
v 0.8932047 0.4828124 4.4028063
v 0.9291825 0.47226483 4.438358
v 0.8823781 0.4893873 4.4156804
v 0.90541637 0.47869325 4.4641876
v 0.84885573 0.4958141 4.358983
v 0.8696089 0.48918897 4.4284496
v 0.8925543 0.4717048 4.474989
v 0.8381245 0.5023272 4.3717422
v 0.78573644 0.51431865 4.296612
v 0.7751411 0.5207437 4.309208
v 0.48084745 0.6036321 3.9953918
v 0.46722183 0.6107403 4.0034943
v 0.76264966 0.52054024 4.3216963
v 0.45117852 0.61183965 4.010827
v 0.44547513 0.61003727 4.012768
v 0.43794605 0.60597175 4.019078
v 0.82547 0.5021267 4.3843956
v 0.8568388 0.4822569 4.439175
v 0.7501545 0.51377654 4.3321967
v 0.4280356 0.5944356 4.0255013
v 0.7395617 0.50142306 4.339089
v 0.8128134 0.49526408 4.395028
v 0.8020836 0.48275098 4.402009
v 0.84601295 0.46963158 4.4462185
v 0.8816503 0.45898852 4.4820833
v 0.008187413 0.73821527 3.576324
v 0.44547513 0.61003727 4.012768
v 0.43794605 0.60597175 4.019078
v 0.0018084496 0.7347633 3.581668
v -0.0071174502 0.72435945 3.587469
v 0.4280356 0.5944356 4.0255013
v 0.02511701 0.64676607 3.8160625
v 0.028859168 0.62865305 3.8098266
v -0.06946266 0.62327695 3.8275323
v 0.014460266 0.6617122 3.8226964
v -0.0014887154 0.67121625 3.8287191
v -0.020301819 0.67383116 3.8332133
v -0.039114863 0.66915894 3.8354948
v -0.055063814 0.65791076 3.8352165
v -0.06572056 0.6417992 3.8324203
v 0.4280356 0.5944356 4.0255013
v -0.013051212 0.7108444 3.589315
v -0.0071174502 0.72435945 3.587469
v 0.4214895 0.5794363 4.027495
v 0.41907552 0.56332105 4.0249953
v -0.014980078 0.6962413 3.5872273
v 0.90541637 0.38946897 4.4370966
v 0.8925543 0.3892723 4.4499598
v 0.8816503 0.39589736 4.462927
v 0.9182786 0.3964574 4.4262958
v 0.8743645 0.40833557 4.4740233
v 0.9291825 0.40917373 4.4192014
v 0.871806 0.42469332 4.4815607
v 0.93646836 0.42568195 4.416894
v 0.9390267 0.4434689 4.419724
v -0.35000554 0.7954283 3.2467089
v -0.35314494 0.80338234 3.2343624
v -0.3500055 0.79927856 3.247878
v -0.35077685 0.78742206 3.2406514
v -0.34914833 0.7897134 3.2441125
v -0.35394216 0.79523057 3.2281387
v -0.32836354 0.78326106 3.265363
v -0.32790497 0.780329 3.264012
v -0.2849093 0.7699546 3.3091874
v -0.3539115 0.78061336 3.2238452
v -0.35621256 0.7904042 3.2159977
v -0.3586027 0.7794583 3.2014365
v -0.35961032 0.78963786 3.1997886
v -0.36413622 0.78413296 3.176836
v -0.3636183 0.79304826 3.1819782
v -0.36785674 0.7907171 3.16134
v -0.3676263 0.80011624 3.1652784
v -0.36966968 0.79392546 3.1537893
v -0.36900938 0.80404395 3.159968
v -0.32241482 0.77095634 3.2556503
v -0.373753 0.8076046 3.136185
v -0.36900938 0.81175363 3.1623087
v -0.0071174502 0.6727357 3.5717945
v -0.37632474 0.8167447 3.129426
v -0.3695142 0.8191779 3.1621895
v -0.3763256 0.8336836 3.1345663
v -0.36999997 0.8254149 3.161799
v -0.37991405 0.8370432 3.1235015
v -0.37991405 0.81430185 3.1165965
v -0.37991405 0.799403 3.1120727
v -0.3657821 0.79275453 3.157646
v -0.35705775 0.7820432 3.1837745
v -0.39747742 0.80768996 3.0847805
v -0.35705775 0.77800447 3.182548
v -0.39747742 0.8225887 3.0893042
v -0.39747745 0.84533006 3.096209
v -0.4153998 0.81941575 3.0461624
v -0.3517812 0.76834 3.1861672
v -0.3507863 0.7732917 3.1741853
v -0.30807614 0.7660577 3.2397566
v -0.3002003 0.76341546 3.2487364
v -0.30020028 0.75052994 3.244824
v -0.0676769 0.691032 3.4795277
v -0.06767687 0.6802595 3.4762568
v -0.4153998 0.83431435 3.0506861
v -0.41539982 0.8570557 3.057591
v -0.4305877 0.82832235 3.0168295
v -0.4305877 0.8432208 3.021353
v -0.44687542 0.8355231 2.9911032
v -0.4305877 0.86596215 3.028258
v -0.45247874 0.8413511 2.9867816
v -0.4438872 0.8728189 3.0056758
v -0.4638811 0.85572124 2.9801831
v -0.46388113 0.8784627 2.9870882
v 0.8932047 0.4201736 4.383787
v 0.9291825 0.40917373 4.4192014
v 0.93646836 0.42568195 4.416894
v 0.9004395 0.43656313 4.381495
v 0.9390267 0.4434689 4.419724
v 0.84885573 0.43373284 4.340133
v 0.9029801 0.45422342 4.3843045
v 0.8560277 0.44997612 4.3378596
v 0.78573644 0.45303088 4.2780027
v 0.8585464 0.4674802 4.340644
v 0.792819 0.46906596 4.275756
v 0.48084745 0.5462751 3.9779763
v 0.79530656 0.48634782 4.278504
v 0.48996434 0.56052995 3.9783273
v 0.49316815 0.57644784 3.981763
v -0.373753 0.8076046 3.136185
v -0.36966968 0.79392546 3.1537893
v -0.3657821 0.79275453 3.157646
v -0.36785674 0.7907171 3.16134
v -0.35705775 0.7820432 3.1837745
v -0.36413622 0.78413296 3.176836
v -0.3586027 0.7794583 3.2014365
v -0.30807614 0.7660577 3.2397566
v -0.31419826 0.7659641 3.2458792
v -0.3002003 0.76341546 3.2487364
v -0.32241482 0.77095634 3.2556503
v -0.3539115 0.78061336 3.2238452
v 0.0018084496 0.6673136 3.5611882
v -0.0071174502 0.6727357 3.5717945
v -0.0676769 0.691032 3.4795277
v -0.056237757 0.68747103 3.4908817
v 0.008187413 0.6674158 3.554827
v -0.2863786 0.7793488 3.313516
v -0.14014615 0.73456997 3.4609933
v -0.13867685 0.7251758 3.4566646
v -0.13810487 0.72162265 3.4550042
v -0.0746759 0.7055776 3.5212104
v -0.07406472 0.70181465 3.5194464
v -0.013051212 0.6829428 3.580843
v -0.014980078 0.6962413 3.5872273
v -0.0761452 0.71497184 3.5255392
v 0.48996434 0.56052995 3.9783273
v 0.49316815 0.57644784 3.981763
v 0.49927965 0.577189 3.9793217
v 0.49927965 0.5436193 3.9691288
v 0.5221132 0.5860194 3.9502392
v 0.49927965 0.51004946 3.958936
v 0.48084745 0.5462751 3.9779763
v 0.46722183 0.53586197 3.9807587
v 0.44801447 0.518958 3.9840055
v 0.45117852 0.53087115 3.9862423
v 0.44547513 0.5193992 3.985247
v 0.44547513 0.5312901 3.9888575
v 0.5221132 0.53121173 3.9335978
v 0.52883565 0.59394735 3.924129
v 0.52883565 0.56923014 3.916624
v 0.10032225 0.72854996 3.4808204
v 0.52883565 0.56923014 3.916624
v 0.52883565 0.59394735 3.924129
v 0.10032225 0.70383275 3.4733155
v 0.5221132 0.53121173 3.9335978
v 0.08170271 0.6685416 3.4813073
v 0.03339976 0.7240572 3.4067068
v 0.028739333 0.68454754 3.4285922
v 0.03339976 0.7487744 3.4142118
v 0.024457932 0.7514767 3.4053118
v 0.021861821 0.72214735 3.3990147
v 0.08170271 0.6685416 3.4813073
v 0.49927965 0.51004946 3.958936
v 0.5221132 0.53121173 3.9335978
v 0.14704311 0.6191278 3.5996902
v 0.44547513 0.5193992 3.985247
v 0.008187443 0.651551 3.55001
v 0.028739333 0.68454754 3.4285922
v -0.0010711551 0.6732062 3.4550996
v -0.056237727 0.6710208 3.4858868
v -0.025151744 0.7001536 3.4395719
v -0.06767687 0.6802595 3.4762568
v 0.0051747113 0.7143408 3.4134102
v 0.021861821 0.72214735 3.3990147
v 0.03339976 0.7240572 3.4067068
v 0.44547513 0.5312901 3.9888575
v 0.44547513 0.5193992 3.985247
v 0.008187443 0.651551 3.55001
v 0.008187413 0.6674158 3.554827
v -0.056237727 0.6710208 3.4858868
v -0.056237757 0.68747103 3.4908817
v -0.06767687 0.6802595 3.4762568
v -0.0676769 0.691032 3.4795277
v -0.33484218 0.86254466 2.90697
v -0.29109806 0.8780651 2.8682153
v -0.31930608 0.88525355 2.8445406
v -0.35671306 0.8713293 2.8776956
v -0.33709347 0.89632004 2.8382633
v -0.3539986 0.85574794 2.9239416
v -0.36878783 0.8823878 2.8695252
v -0.36264893 0.90689284 2.826183
v -0.43999904 0.84032714 2.9515145
v -0.38843146 0.89487875 2.8491542
v -0.39599377 0.90371734 2.8464994
v -0.44167104 0.85034984 2.9414139
v -0.4729318 0.8555034 2.924441
v -0.47848326 0.85728234 2.918582
v -0.41995972 0.91146237 2.8209918
v -0.5025662 0.86482024 2.8937562
v -0.60496855 0.99762225 2.497112
v -0.7720803 0.93646973 2.624721
v -0.48545668 0.86316484 2.989297
v -0.51671743 0.8683183 2.972324
v -0.5222689 0.8700973 2.966465
v -0.5463519 0.8776352 2.9416392
v -0.8158635 0.9492841 2.6726065
v -0.78030705 0.9423795 2.6258383
v -0.8143811 0.9522271 2.6629772
v -0.4638811 0.85572124 2.9801831
v -0.43151182 0.8282461 2.9926138
v -0.45247874 0.8413511 2.9867816
v -0.44687542 0.8355231 2.9911032
v -0.42462212 0.8233819 3.0085871
v -0.4305877 0.82832235 3.0168295
v -0.3983772 0.8361512 2.9828017
v -0.40959948 0.8148142 3.0377946
v -0.34028846 0.8535451 2.9662611
v -0.4153998 0.81941575 3.0461624
v -0.35146204 0.8589775 2.9367082
v -0.3326507 0.86813 2.9182262
v -0.3162846 0.8789561 2.9209507
v -0.32550776 0.86638105 2.962366
v -0.3914984 0.8030783 3.076914
v -0.39747742 0.80768996 3.0847805
v -0.3270735 0.8378923 3.0178132
v -0.31772906 0.8510084 3.0129952
v -0.37317064 0.7944473 3.1054063
v -0.37991405 0.799403 3.1120727
v -0.30151913 0.8251214 3.0598736
v -0.29245582 0.8383225 3.0547757
v -0.2599844 0.8272851 3.091127
v -0.3507863 0.7732917 3.1741853
v -0.35705775 0.77800447 3.182548
v -0.26904768 0.81408405 3.0962248
v -0.20257996 0.79399693 3.1623807
v -0.19351667 0.80719805 3.157283
v -0.18401599 0.80415666 3.1672997
v -0.010548726 0.7486253 3.3501902
v -0.30020028 0.75052994 3.244824
v -0.3517812 0.76834 3.1861672
v 0.021861821 0.72214735 3.3990147
v 0.030925125 0.73534846 3.393917
v -0.06767687 0.6802595 3.4762568
v -0.2910981 0.8887347 2.8714552
v -0.2910981 0.9114761 2.87836
v -0.3193061 0.9186645 2.854685
v -0.3193061 0.89592314 2.8477802
v -0.29109806 0.8780651 2.8682153
v -0.33709347 0.92134374 2.8458612
v -0.31930608 0.88525355 2.8445406
v -0.33709347 0.9065024 2.8413548
v -0.36264896 0.9255945 2.8318615
v -0.33709347 0.89632004 2.8382633
v -0.36264896 0.9160971 2.8289778
v -0.36264893 0.90689284 2.826183
v -0.39599377 0.914387 2.849739
v -0.39599377 0.91967845 2.8513458
v -0.41995972 0.9274234 2.825838
v -0.41995972 0.92213196 2.8242314
v -0.39599377 0.90371734 2.8464994
v -0.6049727 1.0247376 2.5053372
v -0.41995972 0.91146237 2.8209918
v -0.60497165 1.0082933 2.5003462
v -0.6133065 1.0251831 2.5038705
v -0.60496855 0.99762225 2.497112
v -0.6133064 1.0083967 2.4987736
v -0.6133712 1.0037091 2.4972706
v -0.5463519 0.8910277 2.9457057
v -0.8158635 0.9492841 2.6726065
v -0.81586266 0.9718671 2.6794643
v -0.5463519 0.8776352 2.9416392
v -0.5222689 0.88348985 2.9705315
v -0.5222689 0.8700973 2.966465
v -0.51671743 0.8817109 2.9763904
v -0.51671743 0.8683183 2.972324
v -0.48545668 0.87655735 2.9933634
v -0.48545668 0.86316484 2.989297
v 0.030925125 0.7532831 3.3993626
v 0.030925125 0.73534846 3.393917
v 0.021861821 0.72214735 3.3990147
v 0.024457932 0.7514767 3.4053118
v -0.46388113 0.8784627 2.9870882
v -0.4638811 0.85572124 2.9801831
v -0.48545668 0.86316484 2.989297
v -0.48545668 0.87655735 2.9933634
v -0.36264893 0.90689284 2.826183
v -0.39599377 0.914387 2.849739
v -0.39599377 0.90371734 2.8464994
v -0.36264896 0.9160971 2.8289778
v -0.39599377 0.91967845 2.8513458
v -0.36264896 0.9255945 2.8318615
v -0.29638833 0.843721 3.0493145
v -0.29638836 0.85823107 3.0537202
v -0.31772906 0.86894304 3.0184407
v -0.31772906 0.85443294 3.014035
v -0.32550776 0.88431567 2.9678116
v -0.32550776 0.86638105 2.962366
v -0.31772906 0.8510084 3.0129952
v -0.29245582 0.8383225 3.0547757
v -0.28291968 0.8385056 3.0664911
v -0.2599844 0.8272851 3.091127
v -0.2697435 0.84089255 3.0833263
v -0.2829197 0.8530157 3.0708969
v -0.2697435 0.84853697 3.0856473
v -0.2624143 0.8384013 3.0915313
v -0.26241428 0.84604573 3.0938523
v -0.21740153 0.8323509 3.1389558
v -0.21740152 0.81784075 3.13455
v -0.19299507 0.8104556 3.1588728
v -0.19351667 0.80719805 3.157283
v -0.18401599 0.8220913 3.1727455
v -0.18401599 0.80415666 3.1672997
v -0.19299509 0.8249657 3.1632786
v -0.3162846 0.8789561 2.9209507
v -0.32550776 0.86638105 2.962366
v -0.32550776 0.88431567 2.9678116
v -0.31628463 0.89689076 2.9263964
v -0.2910981 0.8887347 2.8714552
v -0.2910981 0.9114761 2.87836
v -0.3326507 0.86813 2.9182262
v -0.29109806 0.8780651 2.8682153
v -0.33484218 0.86254466 2.90697
v -0.3539986 0.85574794 2.9239416
v -0.010548726 0.7486253 3.3501902
v 0.030925125 0.73534846 3.393917
v 0.030925125 0.7532831 3.3993626
v -0.010548741 0.76655996 3.355636
v -0.7720803 0.93646973 2.624721
v -0.60496855 0.99762225 2.497112
v -0.6133712 1.0037091 2.4972706
v -0.78030705 0.9423795 2.6258383
v -0.6133064 1.0083967 2.4987736
v -0.8143811 0.9522271 2.6629772
v -0.6133065 1.0251831 2.5038705
v -0.81442153 0.9747825 2.6698623
v -0.81586266 0.9718671 2.6794643
v -0.8158635 0.9492841 2.6726065
v -0.1129428 0.69948566 3.5312092
v -0.09746945 0.7085104 3.5468194
v -0.11105418 0.7126158 3.5332985
v -0.09935807 0.6953803 3.5447302
v -0.10473636 0.6831941 3.546434
v -0.11832109 0.6872995 3.5329127
v 0.030208588 0.6334107 3.6527648
v 0.03928709 0.65398085 3.6498892
v 0.058888704 0.62474334 3.6813104
v 0.042475045 0.67614436 3.6534157
v 0.067967206 0.6453135 3.6784348
v 0.07115516 0.667477 3.6819615
v -0.13795061 0.70704323 3.5063188
v -0.136062 0.72017336 3.508408
v -0.19894785 0.73917794 3.445817
v -0.20083646 0.7260478 3.4437277
v -0.14332889 0.69485706 3.5080223
v -0.20621474 0.71386164 3.4454312
v -0.313268 0.7737264 3.332033
v -0.26519197 0.7454966 3.379674
v -0.26330337 0.7586267 3.3817632
v -0.3151566 0.7605963 3.3299437
v -0.27057025 0.7333104 3.3813777
v -0.32053488 0.7484101 3.3316472
v -0.3382758 0.781284 3.3071425
v -0.37434536 0.7921845 3.2712421
v -0.37623397 0.77905434 3.2691529
v -0.34016436 0.76815385 3.3050532
v -0.38161224 0.7668682 3.2708564
v -0.34554267 0.7559677 3.3067567
v -0.029019207 0.6168676 3.7072487
v -0.009417668 0.62369895 3.7496214
v -0.00033909082 0.6082002 3.735794
v -0.038097784 0.6323663 3.7210758
v -0.012605593 0.6440816 3.7590132
v -0.13982403 0.67339367 3.578711
v -0.04128571 0.65274894 3.7304676
v -0.14520232 0.68257535 3.5869026
v -0.15340877 0.67749906 3.56519
v -0.14709088 0.6946505 3.5924666
v -0.15878706 0.6866808 3.5733814
v -0.16067564 0.69875586 3.5789454
v -0.18379487 0.6942383 3.548491
v -0.17841657 0.6850566 3.5402994
v -0.24130242 0.70406127 3.4777086
v -0.24668072 0.71324295 3.4859
v -0.24856931 0.7253181 3.491464
v -0.18568346 0.70631343 3.554055
v -0.30565792 0.72350997 3.4136548
v -0.3556226 0.7386097 3.3639245
v -0.36100087 0.7477914 3.372116
v -0.31103623 0.7326917 3.4218464
v -0.31292483 0.7447668 3.4274101
v -0.36288947 0.7598665 3.3776798
v -0.3806303 0.74616724 3.339034
v -0.41669995 0.75706774 3.3031335
v -0.42207822 0.7662495 3.311325
v -0.38600862 0.7553489 3.3472254
v -0.42396683 0.77832454 3.316889
v -0.38789725 0.76742405 3.3527894
v -0.42396683 0.77832454 3.316889
v -0.42449614 0.76424474 3.3131456
v -0.42658395 0.77759355 3.3192964
v -0.42207822 0.7662495 3.311325
v -0.41855052 0.7540945 3.30409
v -0.41669995 0.75706774 3.3031335
v -0.4096523 0.7486881 3.2935083
v -0.40865076 0.75217724 3.2935615
v -0.3991561 0.74884856 3.2830114
v -0.3991561 0.7523224 3.2840662
v -0.3886599 0.75455153 3.2741973
v -0.38966143 0.75748116 3.2760932
v -0.37976167 0.7649287 3.268408
v -0.38161224 0.7668682 3.2708564
v -0.37381607 0.7784003 3.266525
v -0.37623397 0.77905434 3.2691529
v -0.37172824 0.79291546 3.2688346
v -0.37434536 0.7921845 3.2712421
v -0.42449614 0.76424474 3.3131456
v -0.41855052 0.7540945 3.30409
v -0.42624354 0.7564194 3.2964332
v -0.43218917 0.7665696 3.3054888
v -0.42658395 0.77759355 3.3192964
v -0.43427703 0.77991843 3.3116395
v -0.42977124 0.76857436 3.303668
v -0.43165988 0.7806495 3.309232
v -0.43427703 0.77991843 3.3116395
v -0.43218917 0.7665696 3.3054888
v -0.42439294 0.7593926 3.2954767
v -0.42624354 0.7564194 3.2964332
v -0.41634378 0.7545021 3.2859046
v -0.41734532 0.751013 3.2858515
v -0.40684912 0.75464725 3.2764094
v -0.40684912 0.7511735 3.2753546
v -0.39735448 0.75980604 3.2684362
v -0.39635295 0.7568764 3.2665405
v -0.3893053 0.76919305 3.2631993
v -0.3874547 0.76725364 3.2607512
v -0.383927 0.7813792 3.2614958
v -0.38150907 0.78072524 3.258868
v -0.3820384 0.79450935 3.263585
v -0.3794213 0.79524034 3.2611775
v -0.42977124 0.76857436 3.303668
v -0.42439294 0.7593926 3.2954767
v -0.5131104 0.7706599 3.219489
v -0.52098507 0.78410333 3.2314827
v -0.43165988 0.7806495 3.309232
v -0.5237503 0.8017831 3.239629
v -0.5237503 0.8017831 3.239629
v -0.52272296 0.78266245 3.2327914
v -0.5256313 0.80125767 3.2413595
v -0.52098507 0.78410333 3.2314827
v -0.51444054 0.7685229 3.2201767
v -0.5131104 0.7706599 3.219489
v -0.50204504 0.7609916 3.205436
v -0.5013252 0.76349944 3.2054744
v -0.48742357 0.76121515 3.1908135
v -0.48742357 0.763712 3.1915717
v -0.47280207 0.76915956 3.1785355
v -0.47352192 0.7712652 3.179898
v -0.4604066 0.78361523 3.1704707
v -0.4617367 0.78500926 3.1722302
v -0.45212418 0.8023816 3.1678474
v -0.45386207 0.8028516 3.1697361
v -0.4492158 0.8226015 3.1710646
v -0.45109686 0.8220761 3.172795
v -0.52272296 0.78266245 3.2327914
v -0.51444054 0.7685229 3.2201767
v -0.5484518 0.7788013 3.186325
v -0.5567342 0.7929409 3.1989396
v -0.5256313 0.80125767 3.2413595
v -0.55964255 0.81153613 3.2075078
v -0.37381607 0.7784003 3.266525
v -0.37172824 0.79291546 3.2688346
v -0.3794213 0.79524034 3.2611775
v -0.38150907 0.78072524 3.258868
v -0.37976167 0.7649287 3.268408
v -0.3874547 0.76725364 3.2607512
v -0.383927 0.7813792 3.2614958
v -0.3820384 0.79450935 3.263585
v -0.45109686 0.8220761 3.172795
v -0.45386207 0.8028516 3.1697361
v -0.3893053 0.76919305 3.2631993
v -0.4617367 0.78500926 3.1722302
v -0.45212418 0.8023816 3.1678474
v -0.4492158 0.8226015 3.1710646
v -0.48322704 0.83287996 3.137213
v -0.48613542 0.81266004 3.1339955
v -0.4604066 0.78361523 3.1704707
v -0.49441782 0.7938937 3.136619
v -0.47280207 0.76915956 3.1785355
v -0.4604066 0.78361523 3.1704707
v -0.49441782 0.7938937 3.136619
v -0.5068133 0.779438 3.1446836
v -0.48742357 0.76121515 3.1908135
v -0.5214348 0.7714936 3.156962
v -0.50204504 0.7609916 3.205436
v -0.5360563 0.77127004 3.1715844
v -0.51444054 0.7685229 3.2201767
v -0.5484518 0.7788013 3.186325
v -0.39735448 0.75980604 3.2684362
v -0.3893053 0.76919305 3.2631993
v -0.4617367 0.78500926 3.1722302
v -0.47352192 0.7712652 3.179898
v -0.40684912 0.75464725 3.2764094
v -0.48742357 0.763712 3.1915717
v -0.41634378 0.7545021 3.2859046
v -0.5013252 0.76349944 3.2054744
v -0.42439294 0.7593926 3.2954767
v -0.5131104 0.7706599 3.219489
v -0.3886599 0.75455153 3.2741973
v -0.37976167 0.7649287 3.268408
v -0.3874547 0.76725364 3.2607512
v -0.39635295 0.7568764 3.2665405
v -0.3991561 0.74884856 3.2830114
v -0.40684912 0.7511735 3.2753546
v -0.4096523 0.7486881 3.2935083
v -0.41734532 0.751013 3.2858515
v -0.41855052 0.7540945 3.30409
v -0.42624354 0.7564194 3.2964332
v -0.5484518 0.7788013 3.186325
v -0.5360563 0.77127004 3.1715844
v -0.5214348 0.7714936 3.156962
v -0.5068133 0.779438 3.1446836
v -0.5567342 0.7929409 3.1989396
v -0.49441782 0.7938937 3.136619
v -0.55964255 0.81153613 3.2075078
v -0.48613542 0.81266004 3.1339955
v -0.48322704 0.83287996 3.137213
v -0.29760873 0.71861947 3.4040828
v -0.2883012 0.71876174 3.3947747
v -0.28811407 0.7187646 3.3945875
v -0.3475734 0.73371917 3.3543525
v -0.30565792 0.72350997 3.4136548
v -0.3556226 0.7386097 3.3639245
v -0.33807874 0.7338643 3.3448572
v -0.27861944 0.7239234 3.3866146
v -0.32858407 0.7390231 3.3368843
v -0.32053488 0.7484101 3.3316472
v -0.27057025 0.7333104 3.3813777
v -0.13982403 0.67339367 3.578711
v -0.14535959 0.6726085 3.555618
v -0.15340877 0.67749906 3.56519
v -0.13177486 0.66850317 3.569139
v -0.029019207 0.6168676 3.7072487
v -0.12228018 0.6686483 3.5596437
v -0.13586491 0.6727537 3.5461228
v -0.12637028 0.6779125 3.5381498
v -0.015432224 0.6086124 3.691091
v -0.00033909082 0.6082002 3.735794
v 0.013247892 0.59994507 3.7196367
v 0.00059469044 0.6088574 3.6750631
v 0.029274791 0.60019004 3.7036085
v -0.11278555 0.6738071 3.5516708
v -0.11832109 0.6872995 3.5329127
v -0.10473636 0.6831941 3.546434
v 0.01662162 0.61756545 3.6616046
v 0.045301765 0.6088981 3.6901503
v 0.030208588 0.6334107 3.6527648
v 0.058888704 0.62474334 3.6813104
v -0.17841657 0.6850566 3.5402994
v -0.23325324 0.6991707 3.4681365
v -0.24130242 0.70406127 3.4777086
v -0.17036739 0.6801661 3.5307274
v -0.16087271 0.68031126 3.5212321
v -0.22394569 0.699313 3.4588284
v -0.22375856 0.69931585 3.4586413
v -0.15137808 0.68547004 3.5132592
v -0.21426393 0.7044746 3.4506683
v -0.20621474 0.71386164 3.4454312
v -0.14332889 0.69485706 3.5080223
v -0.37258115 0.7412767 3.329462
v -0.41669995 0.75706774 3.3031335
v -0.3806303 0.74616724 3.339034
v -0.40865076 0.75217724 3.2935615
v -0.3991561 0.7523224 3.2840662
v -0.3630865 0.7414219 3.3199668
v -0.35359186 0.74658066 3.3119936
v -0.38966143 0.75748116 3.2760932
v -0.34554267 0.7559677 3.3067567
v -0.38161224 0.7668682 3.2708564
v 0.07115516 0.667477 3.6819615
v 0.07103139 0.64448464 3.6751046
v 0.07447186 0.6684034 3.6789105
v 0.067967206 0.6453135 3.6784348
v 0.061233938 0.6222855 3.6782079
v 0.058888704 0.62474334 3.6813104
v 0.046571016 0.6051854 3.6877477
v 0.045301765 0.6088981 3.6901503
v 0.029274851 0.59578776 3.702272
v 0.029274791 0.60019004 3.7036085
v 0.011978701 0.5955233 3.7195692
v 0.013247892 0.59994507 3.7196367
v -0.0026842356 0.6044323 3.7370064
v -0.00033909082 0.6082002 3.735794
v -0.012481764 0.62115836 3.7519288
v -0.009417668 0.62369895 3.7496214
v -0.015922189 0.6431552 3.7620642
v -0.012605593 0.6440816 3.7590132
v 0.07447186 0.6684034 3.6789105
v 0.120518714 0.62952924 3.7243598
v 0.123959124 0.653448 3.7281656
v 0.07103139 0.64448464 3.6751046
v 0.11072126 0.60733 3.727463
v 0.061233938 0.6222855 3.6782079
v -0.015922189 0.6431552 3.7620642
v 0.022623122 0.6315065 3.8004289
v 0.024930328 0.62218386 3.7971444
v -0.012481764 0.62115836 3.7519288
v 0.037005514 0.6062029 3.8011837
v -0.0026842356 0.6044323 3.7370064
v 0.046803027 0.5894768 3.7862616
v 0.033565074 0.62819976 3.8113194
v 0.028078794 0.6298578 3.8058589
v 0.011978701 0.5955233 3.7195692
v -0.0026842356 0.6044323 3.7370064
v 0.046803027 0.5894768 3.7862616
v 0.06146595 0.58056784 3.7688246
v 0.029274851 0.59578776 3.702272
v 0.078762144 0.5808323 3.7515273
v 0.046571016 0.6051854 3.6877477
v 0.09605828 0.5902299 3.7370028
v 0.061233938 0.6222855 3.6782079
v 0.11072126 0.60733 3.727463
v 0.078762144 0.5808323 3.7515273
v 0.06146595 0.58056784 3.7688246
v 0.046803027 0.5894768 3.7862616
v 0.09605828 0.5902299 3.7370028
v 0.037005514 0.6062029 3.8011837
v 0.11072126 0.60733 3.727463
v 0.033565074 0.62819976 3.8113194
v 0.120518714 0.62952924 3.7243598
v 0.123959124 0.653448 3.7281656
v 0.028859168 0.62865305 3.8098266
v 0.028078794 0.6298578 3.8058589
v 0.024930328 0.62218386 3.7971444
v 0.023118526 0.6132159 3.7947779
v 0.02511701 0.6101308 3.8049388
v 0.012461767 0.5971044 3.7919817
v 0.014460266 0.5940192 3.8021426
v 0.023118526 0.6132159 3.7947779
v 0.024930328 0.62218386 3.7971444
v 0.022623122 0.6315065 3.8004289
v 0.012461767 0.5971044 3.7919817
v -0.07146123 0.62636214 3.8173714
v -0.003487125 0.5858562 3.7917032
v -0.022300228 0.58118397 3.793985
v -0.041113287 0.5837989 3.798479
v -0.05706227 0.5933029 3.8045015
v -0.06771901 0.60824907 3.8111358
v -0.06572056 0.60516393 3.8212967
v -0.07146123 0.62636214 3.8173714
v -0.06946266 0.62327695 3.8275323
v -0.06771901 0.60824907 3.8111358
v -0.055063814 0.5902177 3.8146627
v -0.05706227 0.5933029 3.8045015
v -0.039114803 0.5807137 3.80864
v -0.05706227 0.5933029 3.8045015
v -0.055063814 0.5902177 3.8146627
v -0.041113287 0.5837989 3.798479
v -0.02030176 0.5780988 3.8041458
v -0.022300228 0.58118397 3.793985
v -0.0014886558 0.58277106 3.8018641
v -0.003487125 0.5858562 3.7917032
v 0.014460266 0.5940192 3.8021426
v 0.012461767 0.5971044 3.7919817
v -0.1916406 0.8258316 3.1604269
v -0.19299507 0.8104556 3.1588728
v -0.19299509 0.8249657 3.1632786
v -0.19164059 0.8113215 3.156021
v -0.1837944 0.8296845 3.1477375
v -0.18379438 0.81517434 3.1433318
v -0.17613158 0.83320284 3.13615
v -0.17613155 0.81869274 3.1317441
v -0.16748896 0.83821905 3.1196294
v -0.16748896 0.8237089 3.1152236
v -0.16546735 0.84367156 3.1016715
v -0.16546735 0.82916147 3.0972657
v -0.19299507 0.8104556 3.1588728
v -0.21229723 0.8176461 3.1351912
v -0.21740152 0.81784075 3.13455
v -0.19164059 0.8113215 3.156021
v -0.18379438 0.81517434 3.1433318
v -0.19496998 0.8184697 3.1324787
v -0.17613155 0.81869274 3.1317441
v -0.18255576 0.8206342 3.12535
v -0.16748896 0.8237089 3.1152236
v -0.17180893 0.8240302 3.1141655
v -0.16546735 0.82916147 3.0972657
v -0.16871092 0.8286847 3.098836
v -0.17790428 0.8388323 3.0654154
v -0.1809861 0.8382723 3.0672598
v -0.20737529 0.84783506 3.0357652
v -0.20981161 0.84705126 3.0383465
v -0.2249265 0.85176635 3.0228174
v -0.22633451 0.8507927 3.026024
v -0.2519427 0.8528296 3.0193157
v -0.2512079 0.8517953 3.0227222
v -0.2675214 0.8503304 3.0275466
v -0.26474357 0.84939545 3.0306258
v -0.2846288 0.8450323 3.0449958
v -0.28086942 0.8441495 3.0479033
v -0.29638833 0.843721 3.0493145
v -0.28300983 0.83988637 3.0619438
v -0.28291968 0.8385056 3.0664911
v -0.16546735 0.82916147 3.0972657
v -0.16546735 0.84367156 3.1016715
v -0.17790431 0.8533424 3.0698211
v -0.17790428 0.8388323 3.0654154
v -0.20737532 0.86234516 3.040171
v -0.20737529 0.84783506 3.0357652
v -0.22492652 0.8662765 3.027223
v -0.2249265 0.85176635 3.0228174
v -0.25194272 0.86733973 3.0237215
v -0.2519427 0.8528296 3.0193157
v -0.2519427 0.8528296 3.0193157
v -0.25194272 0.86733973 3.0237215
v -0.26752144 0.8648405 3.0319524
v -0.2675214 0.8503304 3.0275466
v -0.28462878 0.85954237 3.0494015
v -0.2846288 0.8450323 3.0449958
v -0.29638833 0.843721 3.0493145
v -0.29638836 0.85823107 3.0537202
v -0.2829197 0.8530157 3.0708969
v -0.28300986 0.85439646 3.0663495
v -0.28300983 0.83988637 3.0619438
v -0.28291968 0.8385056 3.0664911
v -0.28086945 0.85865957 3.052309
v -0.28300983 0.83988637 3.0619438
v -0.28300986 0.85439646 3.0663495
v -0.28086942 0.8441495 3.0479033
v -0.26474357 0.86390555 3.0350318
v -0.26474357 0.84939545 3.0306258
v -0.25120792 0.8663054 3.027128
v -0.2512079 0.8517953 3.0227222
v -0.22633454 0.8653028 3.0304298
v -0.2512079 0.8517953 3.0227222
v -0.25120792 0.8663054 3.027128
v -0.22633451 0.8507927 3.026024
v -0.20981163 0.86156136 3.0427523
v -0.20981161 0.84705126 3.0383465
v -0.18098612 0.85278237 3.0716655
v -0.1809861 0.8382723 3.0672598
v -0.16871092 0.84319484 3.1032417
v -0.16871092 0.8286847 3.098836
v -0.17180896 0.8385403 3.1185713
v -0.16871092 0.8286847 3.098836
v -0.16871092 0.84319484 3.1032417
v -0.17180893 0.8240302 3.1141655
v -0.18255578 0.8351443 3.1297557
v -0.18255576 0.8206342 3.12535
v -0.19497 0.8329798 3.1368845
v -0.19496998 0.8184697 3.1324787
v -0.21229723 0.83215624 3.139597
v -0.21229723 0.8176461 3.1351912
v -0.21229723 0.8176461 3.1351912
v -0.21229723 0.83215624 3.139597
v -0.21740153 0.8323509 3.1389558
v -0.21740152 0.81784075 3.13455
v -0.2624143 0.8384013 3.0915313
v -0.26241428 0.84604573 3.0938523
v -0.2594848 0.8499225 3.0810845
v -0.2594848 0.84227806 3.0787632
v -0.24824408 0.85352856 3.069208
v -0.24824406 0.8471059 3.067258
v -0.23868318 0.8552645 3.0634906
v -0.23868318 0.85020113 3.0619533
v -0.22841054 0.8556766 3.0621333
v -0.22841053 0.85186255 3.0609753
v -0.21707295 0.8553312 3.063271
v -0.21707298 0.85338247 3.0626793
v -0.21695238 0.85385466 3.061124
v -0.21695237 0.85580343 3.0617158
v -0.2624143 0.8384013 3.0915313
v -0.2635777 0.8431949 3.0757437
v -0.2697435 0.84089255 3.0833263
v -0.2594848 0.84227806 3.0787632
v -0.24824406 0.8471059 3.067258
v -0.25143215 0.8482845 3.0633764
v -0.23868318 0.85020113 3.0619533
v -0.23994422 0.8514646 3.0577922
v -0.22841053 0.85186255 3.0609753
v -0.22812836 0.85301936 3.0571656
v -0.21707298 0.85338247 3.0626793
v -0.21695238 0.85385466 3.061124
v -0.22812834 0.8568334 3.0583236
v -0.22812836 0.85301936 3.0571656
v -0.21695238 0.85385466 3.061124
v -0.21695237 0.85580343 3.0617158
v -0.21707295 0.8553312 3.063271
v -0.217073 0.8572799 3.0638626
v -0.2169524 0.8577521 3.0623076
v -0.21695237 0.85580343 3.0617158
v -0.23994422 0.856528 3.0593295
v -0.22812836 0.85301936 3.0571656
v -0.22812834 0.8568334 3.0583236
v -0.23994422 0.8514646 3.0577922
v -0.25143215 0.8547071 3.0653265
v -0.25143215 0.8482845 3.0633764
v -0.2635777 0.8508393 3.078065
v -0.2635777 0.8431949 3.0757437
v -0.2697435 0.84089255 3.0833263
v -0.2697435 0.84853697 3.0856473
v -0.010548741 0.76655996 3.355636
v 0.052713037 0.78422976 3.297441
v 0.052713037 0.76737934 3.2923248
v -0.010548726 0.7486253 3.3501902
v 0.052713037 0.78422976 3.297441
v -0.1260991 0.8382682 3.1194675
v -0.1260991 0.8214178 3.114351
v 0.052713037 0.76737934 3.2923248
v -0.010548726 0.7486253 3.3501902
v 0.052713037 0.76737934 3.2923248
v -0.1260991 0.8214178 3.114351
v -0.18401599 0.80415666 3.1672997
v -0.18401599 0.80415666 3.1672997
v -0.1260991 0.8214178 3.114351
v -0.1260991 0.8382682 3.1194675
v -0.18401599 0.8220913 3.1727455
v 0.83875144 0.41935462 4.438181
v 0.82582474 0.41774413 4.4504957
v 0.82582474 0.43274286 4.4550495
v 0.8361975 0.43559727 4.445649
v 0.794796 0.43295482 4.393943
v 0.7819321 0.43120795 4.4061527
v 0.82582474 0.41774413 4.4504957
v 0.83875144 0.41935462 4.438181
v 0.79226506 0.4490501 4.4013424
v 0.7819321 0.4462067 4.410707
v 0.7819321 0.43120795 4.4061527
v 0.794796 0.43295482 4.393943
v 0.7819321 0.4462067 4.410707
v 0.82582474 0.43274286 4.4550495
v 0.82582474 0.41774413 4.4504957
v 0.7819321 0.43120795 4.4061527
v -0.118144855 0.7079141 3.486684
v -0.09313704 0.7003566 3.5115747
v -0.09313704 0.7078157 3.5138395
v -0.118144855 0.7153733 3.4889488
v -0.16456476 0.6976696 3.582523
v -0.16067564 0.69875586 3.5789454
v -0.15878706 0.6866808 3.5733814
v -0.16456477 0.6804059 3.5772812
v -0.15340877 0.67749906 3.56519
v -0.14535959 0.6726085 3.555618
v -0.14365558 0.6564226 3.5489914
v -0.12935495 0.66041696 3.5358362
v -0.13586491 0.6727537 3.5461228
v -0.12637028 0.6779125 3.5381498
v -0.10910775 0.6958958 3.526266
v -0.11832109 0.6872995 3.5329127
v -0.1129428 0.69948566 3.5312092
v -0.10910775 0.7033549 3.528531
v -0.11105418 0.7126158 3.5332985
v -0.10910775 0.71315944 3.531508
v -0.09441808 0.71726245 3.5179949
v -0.09441808 0.7074579 3.515018
v -0.09441808 0.6999988 3.512753
v -0.09313704 0.7003566 3.5115747
v -0.09313704 0.7078157 3.5138395
v -0.18379487 0.6942383 3.548491
v -0.18568346 0.70631343 3.554055
v -0.18957257 0.7052272 3.5576324
v -0.18957259 0.6879635 3.5523906
v -0.17841657 0.6850566 3.5402994
v -0.17036739 0.6801661 3.5307274
v -0.16866341 0.6639802 3.524101
v -0.15436278 0.66797453 3.5109458
v -0.16087271 0.68031126 3.5212321
v -0.15137808 0.68547004 3.5132592
v -0.13411556 0.7034533 3.5013757
v -0.14332889 0.69485706 3.5080223
v -0.13795061 0.70704323 3.5063188
v -0.13411556 0.71091247 3.5036404
v -0.136062 0.72017336 3.508408
v -0.13411556 0.720717 3.5066175
v -0.1194259 0.7150155 3.4901273
v -0.1194259 0.72482 3.4931045
v -0.1194259 0.70755637 3.4878626
v -0.118144855 0.7153733 3.4889488
v -0.118144855 0.7079141 3.486684
v -0.18957257 0.7052272 3.5576324
v -0.16456476 0.6976696 3.582523
v -0.16456477 0.6804059 3.5772812
v -0.18957259 0.6879635 3.5523906
v -0.14365558 0.6564226 3.5489914
v -0.16866341 0.6639802 3.524101
v -0.10910775 0.6958958 3.526266
v -0.13411556 0.7034533 3.5013757
v -0.15436278 0.66797453 3.5109458
v -0.12935495 0.66041696 3.5358362
v -0.12935495 0.66041696 3.5358362
v -0.15436278 0.66797453 3.5109458
v -0.16866341 0.6639802 3.524101
v -0.14365558 0.6564226 3.5489914
v -0.31132156 0.77427006 3.3302424
v -0.2966319 0.77837306 3.3167293
v -0.2966319 0.7685685 3.3137524
v -0.31132156 0.7644655 3.3272655
v -0.29514775 0.76898307 3.312387
v -0.313268 0.7737264 3.332033
v -0.29514775 0.76152396 3.3101223
v -0.3151566 0.7605963 3.3299437
v -0.31132156 0.7570064 3.3250005
v -0.32053488 0.7484101 3.3316472
v -0.32858407 0.7390231 3.3368843
v -0.33156878 0.7215276 3.3345706
v -0.33807874 0.7338643 3.3448572
v -0.3475734 0.73371917 3.3543525
v -0.34586942 0.71753323 3.3477259
v -0.36677858 0.74151653 3.3760157
v -0.3556226 0.7386097 3.3639245
v -0.36100087 0.7477914 3.372116
v -0.36677858 0.75878024 3.3812575
v -0.36288947 0.7598665 3.3776798
v -0.3201555 0.7690815 3.2852318
v -0.29514775 0.76152396 3.3101223
v -0.29514775 0.76898307 3.312387
v -0.3201555 0.7765406 3.2874966
v -0.38600862 0.7553489 3.3472254
v -0.38789725 0.76742405 3.3527894
v -0.39178634 0.76633775 3.356367
v -0.39178634 0.7490741 3.3511252
v -0.3806303 0.74616724 3.339034
v -0.37258115 0.7412767 3.329462
v -0.37087718 0.7250908 3.3228354
v -0.35657653 0.72908515 3.3096802
v -0.3630865 0.7414219 3.3199668
v -0.35359186 0.74658066 3.3119936
v -0.3363293 0.7645639 3.30011
v -0.34554267 0.7559677 3.3067567
v -0.34016436 0.76815385 3.3050532
v -0.3363293 0.772023 3.3023748
v -0.3382758 0.781284 3.3071425
v -0.33632934 0.7818276 3.305352
v -0.32163966 0.78593063 3.291839
v -0.32163966 0.7686669 3.286597
v -0.32163966 0.776126 3.288862
v -0.3201555 0.7690815 3.2852318
v -0.3201555 0.7765406 3.2874966
v -0.39178634 0.76633775 3.356367
v -0.36677858 0.75878024 3.3812575
v -0.36677858 0.74151653 3.3760157
v -0.39178634 0.7490741 3.3511252
v -0.34586942 0.71753323 3.3477259
v -0.37087718 0.7250908 3.3228354
v -0.31132156 0.7570064 3.3250005
v -0.3363293 0.7645639 3.30011
v -0.35657653 0.72908515 3.3096802
v -0.33156878 0.7215276 3.3345706
v -0.33156878 0.7215276 3.3345706
v -0.35657653 0.72908515 3.3096802
v -0.37087718 0.7250908 3.3228354
v -0.34586942 0.71753323 3.3477259
v -0.31560472 0.74043196 3.4416869
v -0.30872023 0.7383514 3.448539
v -0.30872023 0.722378 3.4436889
v -0.31560472 0.70452 3.4307828
v -0.28959405 0.70135194 3.4580963
v -0.3153569 0.70817554 3.4187436
v -0.3153569 0.74408746 3.4296474
v -0.3091898 0.69779706 3.4222963
v -0.28317916 0.6899364 3.448185
v -0.28959405 0.6966594 3.4566715
v -0.2886815 0.70034873 3.4587836
v -0.25716853 0.6820758 3.4740736
v -0.26358342 0.6887988 3.4825602
v -0.26864272 0.71026623 3.4835787
v -0.26358345 0.7247107 3.4934642
v -0.26864272 0.7262397 3.4884286
v -0.1966422 0.74340826 3.4318848
v -0.22265282 0.7153569 3.395092
v -0.19664219 0.7074963 3.4209807
v -0.22265284 0.75126886 3.405996
v -0.24866346 0.7232175 3.3692033
v -0.24866349 0.7591295 3.3801074
v -0.24866346 0.7232175 3.3692033
v -0.24866349 0.7591295 3.3801074
v -0.26124552 0.75920147 3.3798704
v -0.2612455 0.7232895 3.3689663
v -0.26519197 0.7454966 3.379674
v -0.26330337 0.7586267 3.3817632
v -0.27057025 0.7333104 3.3813777
v -0.27861944 0.7239234 3.3866146
v -0.28811407 0.7187646 3.3945875
v -0.2883012 0.7157325 3.3938549
v -0.2883012 0.71876174 3.3947747
v -0.29760873 0.71861947 3.4040828
v -0.2821341 0.70535403 3.3974078
v -0.25507838 0.71291107 3.372519
v -0.3091898 0.69779706 3.4222963
v -0.3153569 0.70817554 3.4187436
v -0.30565792 0.72350997 3.4136548
v -0.31103623 0.7326917 3.4218464
v -0.3153569 0.74408746 3.4296474
v -0.31292483 0.7447668 3.4274101
v -0.2612455 0.7232895 3.3689663
v -0.25507838 0.71291107 3.372519
v -0.24866346 0.7232175 3.3692033
v -0.22265282 0.7153569 3.395092
v -0.22906773 0.7050504 3.3984077
v -0.19664219 0.7074963 3.4209807
v -0.26368207 0.7065079 3.3936076
v -0.2821341 0.70535403 3.3974078
v -0.2752555 0.70327526 3.404254
v -0.23306029 0.70393527 3.4020805
v -0.3091898 0.69779706 3.4222963
v -0.28784847 0.69975793 3.4158382
v -0.28020608 0.6907668 3.44545
v -0.28317916 0.6899364 3.448185
v -0.27981132 0.6903024 3.4469798
v -0.24760781 0.68759686 3.4558902
v -0.25716853 0.6820758 3.4740736
v -0.2301128 0.6896328 3.4491851
v -0.23501487 0.69111425 3.444306
v -0.22344142 0.69434685 3.4336596
v -0.2030571 0.6971898 3.4242964
v -0.2314785 0.70380235 3.4025183
v -0.19688998 0.7038408 3.4330199
v -0.26358342 0.6887988 3.4825602
v -0.26358345 0.7247107 3.4934642
v -0.25100142 0.72463876 3.4937012
v -0.25100142 0.6887268 3.4827971
v -0.25716853 0.6820758 3.4740736
v -0.2301128 0.6896328 3.4491851
v -0.24668072 0.71324295 3.4859
v -0.24856931 0.7253181 3.491464
v -0.24130242 0.70406127 3.4777086
v -0.23325324 0.6991707 3.4681365
v -0.22394569 0.69628376 3.4579086
v -0.2030571 0.6971898 3.4242964
v -0.19688998 0.7038408 3.4330199
v -0.22394569 0.699313 3.4588284
v -0.22375856 0.69931585 3.4586413
v -0.21426393 0.7044746 3.4506683
v -0.20621474 0.71386164 3.4454312
v -0.20083646 0.7260478 3.4437277
v -0.19689001 0.7397527 3.443924
v -0.19894785 0.73917794 3.445817
v -0.1966422 0.74340826 3.4318848
v -0.19664219 0.7074963 3.4209807
v -0.28784844 0.67842996 3.4093626
v -0.28784847 0.69975793 3.4158382
v -0.28020608 0.6907668 3.44545
v -0.27981132 0.6903024 3.4469798
v -0.27981132 0.6689744 3.4405038
v -0.24760781 0.68759686 3.4558902
v -0.2476078 0.66626894 3.4494145
v -0.2234414 0.6730189 3.4271836
v -0.2476078 0.66626894 3.4494145
v -0.24760781 0.68759686 3.4558902
v -0.22344142 0.69434685 3.4336596
v -0.23501487 0.69111425 3.444306
v -0.23147848 0.6824744 3.3960423
v -0.26368204 0.68517995 3.3871317
v -0.28784844 0.67842996 3.4093626
v -0.2234414 0.6730189 3.4271836
v -0.27981132 0.6689744 3.4405038
v -0.2476078 0.66626894 3.4494145
v -0.23147848 0.6824744 3.3960423
v -0.2234414 0.6730189 3.4271836
v -0.22344142 0.69434685 3.4336596
v -0.2314785 0.70380235 3.4025183
v -0.26368204 0.68517995 3.3871317
v -0.23306029 0.70393527 3.4020805
v -0.26368207 0.7065079 3.3936076
v -0.28784847 0.69975793 3.4158382
v -0.28784844 0.67842996 3.4093626
v -0.26368204 0.68517995 3.3871317
v -0.2752555 0.70327526 3.404254
v -0.26368207 0.7065079 3.3936076
v -0.29472348 0.7029816 3.5075703
v -0.29472348 0.718955 3.5124204
v -0.26864272 0.7262397 3.4884286
v -0.26864272 0.71026623 3.4835787
v -0.2886815 0.70034873 3.4587836
v -0.29472348 0.7029816 3.5075703
v -0.26864272 0.71026623 3.4835787
v -0.31476223 0.69306403 3.4827754
v -0.33480096 0.7150933 3.4676807
v -0.28959405 0.70135194 3.4580963
v -0.30872023 0.722378 3.4436889
v -0.29472348 0.7029816 3.5075703
v -0.31476223 0.69306403 3.4827754
v -0.33480096 0.7150933 3.4676807
v -0.29472348 0.718955 3.5124204
v -0.334801 0.7310667 3.4725308
v -0.30872023 0.7383514 3.448539
v -0.334801 0.7310667 3.4725308
v -0.33480096 0.7150933 3.4676807
v -0.30872023 0.722378 3.4436889
v -0.078636765 0.70447135 3.5248542
v -0.08170229 0.70361507 3.5276742
v -0.08170229 0.7134197 3.530651
v -0.078636765 0.7142759 3.527831
v -0.0761452 0.71497184 3.5255392
v -0.0746759 0.7055776 3.5212104
v -0.09441808 0.7074579 3.515018
v -0.08170229 0.70361507 3.5276742
v -0.078636765 0.70447135 3.5248542
v -0.09313704 0.7078157 3.5138395
v -0.118144855 0.7153733 3.4889488
v -0.14307892 0.7239462 3.460714
v -0.13867685 0.7251758 3.4566646
v -0.0746759 0.7055776 3.5212104
v -0.14614445 0.72309 3.463534
v -0.1194259 0.7150155 3.4901273
v -0.29031944 0.7684435 3.3141642
v -0.29338497 0.76758724 3.3169842
v -0.2966319 0.7685685 3.3137524
v -0.29514775 0.76898307 3.312387
v -0.3201555 0.7765406 3.2874966
v -0.32193577 0.7779982 3.282696
v -0.2849093 0.7699546 3.3091874
v -0.32163966 0.776126 3.288862
v -0.3582177 0.78718024 3.2524555
v -0.32836354 0.78326106 3.265363
v -0.35515216 0.78803647 3.2496355
v -0.34914833 0.7897134 3.2441125
v -0.14307892 0.7337508 3.4636912
v -0.14307892 0.7239462 3.460714
v -0.13867685 0.7251758 3.4566646
v -0.14014615 0.73456997 3.4609933
v -0.29031944 0.7782481 3.317141
v -0.29031944 0.7684435 3.3141642
v -0.14307892 0.7239462 3.460714
v -0.14307892 0.7337508 3.4636912
v -0.2863786 0.7793488 3.313516
v -0.2849093 0.7699546 3.3091874
v -0.29031944 0.7684435 3.3141642
v -0.29031944 0.7782481 3.317141
v -0.35000554 0.7954283 3.2467089
v -0.3500055 0.79927856 3.247878
v -0.35515216 0.797841 3.2526124
v -0.34914833 0.7897134 3.2441125
v -0.35515216 0.78803647 3.2496355
v -0.3582177 0.78718024 3.2524555
v -0.3582177 0.7969848 3.2554324
v -0.32163966 0.776126 3.288862
v -0.3582177 0.78718024 3.2524555
v -0.3582177 0.7969848 3.2554324
v -0.32163966 0.78593063 3.291839
v -0.2966319 0.77837306 3.3167293
v -0.29338497 0.76758724 3.3169842
v -0.2966319 0.7685685 3.3137524
v -0.29338497 0.77739185 3.319961
v -0.14614445 0.72309 3.463534
v -0.14614445 0.73289454 3.4665112
v -0.1194259 0.7150155 3.4901273
v -0.1194259 0.72482 3.4931045
v -0.09441808 0.71726245 3.5179949
v -0.08170229 0.7134197 3.530651
v -0.08170229 0.70361507 3.5276742
v -0.09441808 0.7074579 3.515018
v -0.11895953 0.7002219 3.5120182
v -0.120713696 0.6912065 3.5018575
v -0.12071371 0.70228565 3.5052214
v -0.11895952 0.68914276 3.5086544
v -0.11193097 0.6996314 3.513963
v -0.11193095 0.68855226 3.5105991
v -0.10665652 0.70110464 3.509111
v -0.10665652 0.6900255 3.505747
v -0.11193095 0.68855226 3.5105991
v -0.11193097 0.6996314 3.513963
v -0.10841063 0.6920892 3.4989502
v -0.11543926 0.69267976 3.4970055
v -0.120713696 0.6912065 3.5018575
v -0.10665652 0.6900255 3.505747
v -0.11895952 0.68914276 3.5086544
v -0.11193095 0.68855226 3.5105991
v -0.10841063 0.6920892 3.4989502
v -0.10665652 0.6900255 3.505747
v -0.10665652 0.70110464 3.509111
v -0.10841063 0.70316833 3.5023143
v -0.11543926 0.69267976 3.4970055
v -0.11543927 0.70375884 3.5003695
v -0.12071371 0.70228565 3.5052214
v -0.120713696 0.6912065 3.5018575
v -0.11543926 0.69267976 3.4970055
v -0.11543927 0.70375884 3.5003695
v -0.32125145 0.7613561 3.310675
v -0.32300556 0.7523407 3.3005142
v -0.32300556 0.7634198 3.3038783
v -0.32125145 0.750277 3.307311
v -0.31422287 0.7607656 3.3126197
v -0.31422287 0.7496865 3.3092558
v -0.30894843 0.76223886 3.3077679
v -0.30894843 0.7511597 3.3044038
v -0.31422287 0.7496865 3.3092558
v -0.31422287 0.7607656 3.3126197
v -0.31070253 0.7532234 3.297607
v -0.31773114 0.7538139 3.2956622
v -0.32300556 0.7523407 3.3005142
v -0.30894843 0.7511597 3.3044038
v -0.32125145 0.750277 3.307311
v -0.31422287 0.7496865 3.3092558
v -0.31070253 0.7532234 3.297607
v -0.30894843 0.7511597 3.3044038
v -0.30894843 0.76223886 3.3077679
v -0.31070253 0.76430255 3.300971
v -0.31773114 0.7538139 3.2956622
v -0.31773114 0.76489305 3.2990263
v -0.32300556 0.7634198 3.3038783
v -0.32300556 0.7523407 3.3005142
v -0.31773114 0.7538139 3.2956622
v -0.31773114 0.76489305 3.2990263
v -0.35394216 0.79523057 3.2281387
v -0.39642602 0.8164622 3.1912842
v -0.35314494 0.80338234 3.2343624
v -0.39504826 0.8076532 3.1872253
v -0.35621256 0.7904042 3.2159977
v -0.39112467 0.80095494 3.1812494
v -0.39642602 0.8164622 3.1912842
v -0.38851517 0.8130698 3.182306
v -0.38935468 0.81843734 3.1847794
v -0.39504826 0.8076532 3.1872253
v -0.3861245 0.80898845 3.178665
v -0.39112467 0.80095494 3.1812494
v -0.38254654 0.80681455 3.17441
v -0.3852526 0.7973872 3.1742663
v -0.3783261 0.8068791 3.1701894
v -0.3783261 0.7974931 3.1673393
v -0.3741056 0.8091722 3.1666453
v -0.37139952 0.80125654 3.1615229
v -0.36900938 0.80404395 3.159968
v -0.36900938 0.81175363 3.1623087
v -0.37052768 0.81334484 3.1643174
v -0.3695142 0.8191779 3.1621895
v -0.38935468 0.81843734 3.1847794
v -0.40963885 0.81945354 3.1612816
v -0.41047835 0.82482105 3.1637547
v -0.38851517 0.8130698 3.182306
v -0.40724814 0.81537217 3.1576402
v -0.3861245 0.80898845 3.178665
v -0.36999997 0.8254149 3.161799
v -0.38842115 0.8309819 3.143464
v -0.38926065 0.8251454 3.1425354
v -0.3695142 0.8191779 3.1621895
v -0.39165133 0.81972855 3.1432927
v -0.37052768 0.81334484 3.1643174
v -0.40724814 0.81537217 3.1576402
v -0.4036702 0.8131983 3.1533854
v -0.39944977 0.8132628 3.1491647
v -0.39522928 0.815556 3.1456206
v -0.40963885 0.81945354 3.1612816
v -0.39165133 0.81972855 3.1432927
v -0.41047835 0.82482105 3.1637547
v -0.38926065 0.8251454 3.1425354
v -0.38842115 0.8309819 3.143464
v -0.3741056 0.8091722 3.1666453
v -0.37052768 0.81334484 3.1643174
v -0.39165133 0.81972855 3.1432927
v -0.39522928 0.815556 3.1456206
v -0.3783261 0.8068791 3.1701894
v -0.39944977 0.8132628 3.1491647
v -0.38254654 0.80681455 3.17441
v -0.4036702 0.8131983 3.1533854
v -0.3861245 0.80898845 3.178665
v -0.40724814 0.81537217 3.1576402
v -0.36900938 0.80404395 3.159968
v -0.37139952 0.80125654 3.1615229
v -0.3676263 0.80011624 3.1652784
v -0.3783261 0.7974931 3.1673393
v -0.3636183 0.79304826 3.1819782
v -0.3852526 0.7973872 3.1742663
v -0.35961032 0.78963786 3.1997886
v -0.39112467 0.80095494 3.1812494
v -0.35621256 0.7904042 3.2159977
v 0.83875144 0.41935462 4.438181
v 0.8361975 0.43559727 4.445649
v 0.871806 0.42469332 4.4815607
v 0.8743645 0.40833557 4.4740233
v 0.8816503 0.39589736 4.462927
v 0.84601295 0.40699193 4.4271994
v 0.794796 0.43295482 4.393943
v 0.8020836 0.42066792 4.3831587
v 0.7395617 0.44013208 4.320479
v 0.7325969 0.4523092 4.331174
v 0.79226506 0.4490501 4.4013424
v 0.73000026 0.46810699 4.338579
v 0.4214895 0.54853666 4.0181127
v 0.4280356 0.5371779 4.0081162
v 0.41907552 0.56332105 4.0249953
v 0.9182786 0.3964574 4.4262958
v 0.9291825 0.40917373 4.4192014
v 0.8932047 0.4201736 4.383787
v 0.8823781 0.40755072 4.3908324
v 0.90541637 0.38946897 4.4370966
v 0.84885573 0.43373284 4.340133
v 0.8696089 0.40061587 4.401556
v 0.8925543 0.3892723 4.4499598
v 0.8381245 0.4212251 4.3471174
v 0.78573644 0.45303088 4.2780027
v 0.7751411 0.440687 4.2849
v 0.48084745 0.5462751 3.9779763
v 0.46722183 0.53586197 3.9807587
v 0.76264966 0.43391243 4.2953935
v 0.45117852 0.53087115 3.9862423
v 0.44547513 0.5312901 3.9888575
v 0.43794605 0.53116083 3.9963627
v 0.82547 0.41435638 4.3577456
v 0.8568388 0.4004143 4.4143248
v 0.7501545 0.4336961 4.307882
v 0.4280356 0.5371779 4.0081162
v 0.7395617 0.44013208 4.320479
v 0.8128134 0.41414872 4.370399
v 0.8020836 0.42066792 4.3831587
v 0.84601295 0.40699193 4.4271994
v 0.8816503 0.39589736 4.462927
v 0.008187413 0.6674158 3.554827
v 0.43794605 0.53116083 3.9963627
v 0.44547513 0.5312901 3.9888575
v 0.0018084496 0.6673136 3.5611882
v -0.0071174502 0.6727357 3.5717945
v 0.4280356 0.5371779 4.0081162
v -0.06946266 0.62327695 3.8275323
v 0.028859168 0.62865305 3.8098266
v 0.02511701 0.6101308 3.8049388
v 0.014460266 0.5940192 3.8021426
v -0.0014886558 0.58277106 3.8018641
v -0.02030176 0.5780988 3.8041458
v -0.039114803 0.5807137 3.80864
v -0.055063814 0.5902177 3.8146627
v -0.06572056 0.60516393 3.8212967
v 0.4280356 0.5371779 4.0081162
v -0.0071174502 0.6727357 3.5717945
v -0.013051212 0.6829428 3.580843
v 0.4214895 0.54853666 4.0181127
v 0.41907552 0.56332105 4.0249953
v -0.014980078 0.6962413 3.5872273
v -0.3772214 0.77949363 3.170006
v -0.37719437 0.79756975 3.1754673
v -0.38931063 0.80606985 3.1902215
v -0.38853216 0.7660734 3.1772952
v -0.3382734 0.7476033 3.128192
v -0.34287167 0.7382049 3.1299584
v -0.36136982 0.7927875 3.1912177
v -0.3727076 0.7612911 3.1930456
v -0.37348607 0.80128753 3.205972
v -0.36139685 0.7747114 3.1857564
v -0.33374035 0.7354454 3.139047
v -0.3291421 0.7448438 3.1372805
v -0.37719437 0.79756975 3.1754673
v -0.3772214 0.77949363 3.170006
v -0.36139685 0.7747114 3.1857564
v -0.36136982 0.7927875 3.1912177
v -0.37348607 0.80128753 3.205972
v -0.3727076 0.7612911 3.1930456
v -0.38853216 0.7660734 3.1772952
v -0.38931063 0.80606985 3.1902215
v -0.3291421 0.7448438 3.1372805
v -0.3382734 0.7476033 3.128192
v -0.34287167 0.7382049 3.1299584
v -0.33374035 0.7354454 3.139047
v -0.3772214 0.77949363 3.170006
v -0.3382734 0.7476033 3.128192
v -0.3291421 0.7448438 3.1372805
v -0.36139685 0.7747114 3.1857564
v -0.3727076 0.7612911 3.1930456
v -0.33374035 0.7354454 3.139047
v -0.34287167 0.7382049 3.1299584
v -0.38853216 0.7660734 3.1772952
v -0.32878995 0.72878474 3.1165056
v -0.33877698 0.7290632 3.1182475
v -0.33121794 0.7233878 3.1247416
v -0.34163123 0.72583616 3.128876
v -0.34650606 0.7329501 3.1235394
v -0.33364594 0.7232945 3.1345875
v -0.32365894 0.7244944 3.1332946
v -0.32940042 0.7276267 3.1427152
v -0.34050784 0.72845596 3.1399841
v -0.33583605 0.73592186 3.1473296
v -0.34459484 0.737407 3.1424382
v -0.34806675 0.73413134 3.1334903
v -0.34919012 0.74248505 3.1257138
v -0.32365894 0.75322354 3.1420178
v -0.32940042 0.7453822 3.1481063
v -0.33364597 0.75350195 3.1437595
v -0.3189872 0.7429338 3.143972
v -0.31592983 0.7493366 3.1367257
v -0.3256978 0.7359963 3.1470845
v -0.33583605 0.73592186 3.1473296
v -0.32940042 0.7276267 3.1427152
v -0.3189872 0.7319604 3.14064
v -0.32365894 0.7244944 3.1332946
v -0.31592983 0.73066753 3.1310573
v -0.31324577 0.7398017 3.1345515
v -0.31436914 0.74815536 3.126775
v -0.32365894 0.75322354 3.1420178
v -0.33364597 0.75350195 3.1437595
v -0.33121794 0.7588989 3.1355238
v -0.3208047 0.75645053 3.1313894
v -0.31592983 0.7493366 3.1367257
v -0.31436914 0.74815536 3.126775
v -0.32878995 0.75899225 3.1256776
v -0.33877698 0.7577923 3.1269705
v -0.33303547 0.75466 3.1175501
v -0.32192805 0.75383073 3.1202812
v -0.31784105 0.7448797 3.1178272
v -0.32659987 0.7463649 3.1129358
v -0.33877698 0.7577923 3.1269705
v -0.34344873 0.7503263 3.119625
v -0.33303547 0.75466 3.1175501
v -0.33673808 0.74629045 3.1131809
v -0.32659987 0.7463649 3.1129358
v -0.33303547 0.73690456 3.112159
v -0.3434487 0.73935294 3.1162932
v -0.34919012 0.74248505 3.1257138
v -0.34650606 0.7329501 3.1235394
v -0.33877698 0.7290632 3.1182475
v -0.32878995 0.72878474 3.1165056
v -0.31324577 0.7398017 3.1345515
v -0.31436914 0.74815536 3.126775
v -0.31436914 0.737182 3.1234431
v -0.31592983 0.73066753 3.1310573
v -0.31784105 0.7448797 3.1178272
v -0.3208047 0.7277216 3.1226664
v -0.32365894 0.7244944 3.1332946
v -0.33121794 0.7233878 3.1247416
v -0.32878995 0.72878474 3.1165056
v -0.32192805 0.73607534 3.11489
v -0.32659987 0.7463649 3.1129358
v -0.33303547 0.73690456 3.112159
v -0.34344873 0.7503263 3.119625
v -0.34650606 0.7516192 3.129208
v -0.34919012 0.74248505 3.1257138
v -0.33877698 0.7577923 3.1269705
v -0.34806678 0.7451047 3.1368222
v -0.34806675 0.73413134 3.1334903
v -0.34459484 0.737407 3.1424382
v -0.34163123 0.7545651 3.137599
v -0.33121794 0.7588989 3.1355238
v -0.33364597 0.75350195 3.1437595
v -0.34050784 0.74621135 3.1453753
v -0.33583605 0.73592186 3.1473296
v -0.32940042 0.7453822 3.1481063
v -0.11543927 0.70375884 3.5003695
v -0.118144855 0.7079141 3.486684
v -0.1194259 0.70755637 3.4878626
v -0.13411556 0.7034533 3.5013757
v -0.10841063 0.70316833 3.5023143
v -0.12071371 0.70228565 3.5052214
v -0.11895953 0.7002219 3.5120182
v -0.10910775 0.6958958 3.526266
v -0.09313704 0.7003566 3.5115747
v -0.10665652 0.70110464 3.509111
v -0.11193097 0.6996314 3.513963
v -0.09441808 0.6999988 3.512753
v -0.31773114 0.76489305 3.2990263
v -0.3201555 0.7690815 3.2852318
v -0.32163966 0.7686669 3.286597
v -0.3363293 0.7645639 3.30011
v -0.31070253 0.76430255 3.300971
v -0.32300556 0.7634198 3.3038783
v -0.29514775 0.76152396 3.3101223
v -0.32125145 0.7613561 3.310675
v -0.30894843 0.76223886 3.3077679
v -0.31132156 0.7570064 3.3250005
v -0.31422287 0.7607656 3.3126197
v -0.1194259 0.7420837 3.498346
v -0.118144855 0.74244153 3.4971678
v -0.11543927 0.7382862 3.510853
v -0.13411556 0.7379807 3.5118592
v -0.10841063 0.7376957 3.5127978
v -0.12071371 0.736813 3.515705
v -0.11895953 0.73474926 3.522502
v -0.10910775 0.73042315 3.5367498
v -0.09313704 0.73488396 3.5220582
v -0.10665652 0.735632 3.5195947
v -0.11193097 0.73415875 3.5244467
v -0.09441808 0.73452616 3.5232368
v -0.32163966 0.8031943 3.2970808
v -0.3201555 0.80360883 3.2957153
v -0.31773114 0.7994204 3.3095098
v -0.33632934 0.7990913 3.3105938
v -0.31070256 0.7988299 3.3114545
v -0.3230056 0.79794717 3.3143618
v -0.29514775 0.7960513 3.320606
v -0.32125145 0.7958835 3.3211586
v -0.30894846 0.7967662 3.3182514
v -0.31132156 0.79153377 3.3354843
v -0.31422287 0.795293 3.3231034
vt 0.79887027 0.60623085
vt 0.7794636 0.5804697
vt 0.783864 0.5962682
vt 0.7959381 0.5820813
vt 0.7740849 0.56458056
vt 0.8249854 0.5821568
vt 0.8261168 0.6051538
vt 0.80207974 0.6310134
vt 0.7936508 0.5613067
vt 0.8242729 0.55896294
vt 0.7973113 0.5051694
vt 0.780009 0.5069673
vt 0.79942167 0.49177516
vt 0.786141 0.4938525
vt 0.8249355 0.49113393
vt 0.82487625 0.50358
vt 0.85283935 0.51374865
vt 0.8394454 0.4970317
vt 0.85168785 0.5523448
vt 0.8525449 0.57335687
vt 0.8489168 0.5983994
vt 0.8502629 0.6208681
vt 0.830137 0.6309421
vt 0.85283935 0.637373
vt 0.8320454 0.6476301
vt 0.8035059 0.6486504
vt 0.15566349 0.71623623
vt 0.16000581 0.68999314
vt 0.14915323 0.6827084
vt 0.13505316 0.7098886
vt 0.15248966 0.7349596
vt 0.12737846 0.72890687
vt 0.12770224 0.6869775
vt 0.13326645 0.6657238
vt 0.15281272 0.66585755
vt 0.12563586 0.6469302
vt 0.11694193 0.6543933
vt 0.13355398 0.65619123
vt 0.14105034 0.64299953
vt 0.16000581 0.648157
vt 0.15583658 0.58989143
vt 0.14094806 0.59881914
vt 0.14876795 0.5778364
vt 0.13671756 0.58638453
vt 0.3268212 0.7718003
vt 0.30553496 0.77354634
vt 0.32124162 0.78937453
vt 0.31081963 0.75649935
vt 0.29324806 0.7552493
vt 0.29588842 0.7396608
vt 0.3268212 0.7270305
vt 0.3180853 0.7206939
vt 0.88471055 0.11608142
vt 0.88492966 0.14116836
vt 0.9023224 0.14116836
vt 0.90321517 0.12587422
vt 0.73243684 0.9670213
vt 0.7191613 0.9657884
vt 0.7203892 0.98400444
vt 0.73243684 0.9840937
vt 0.916871 0.116081476
vt 0.91609126 0.12962818
vt 0.93202156 0.14098239
vt 0.93202156 0.1206851
vt 0.9115165 0.01320219
vt 0.904097 0.010362744
vt 0.90335816 0.028038979
vt 0.916117 0.032750845
vt 0.9254362 0.006438017
vt 0.9363896 0.02232933
vt 0.9249837 0.06538248
vt 0.9476389 0.054342866
vt 0.94596165 0.08060253
vt 0.910436 0.0852654
vt 0.9091647 0.043822885
vt 0.9476389 0.098758936
vt 0.91123766 0.10320544
vt 0.89777714 0.055708528
vt 0.8847106 0.07266927
vt 0.8897578 0.094869256
vt 0.048699528 0.9603387
vt 0.037719876 0.9624399
vt 0.03365171 0.98119414
vt 0.048699528 0.9782547
vt 0.83784366 0.6787863
vt 0.851177 0.7034774
vt 0.851177 0.6699064
vt 0.840446 0.66152644
vt 0.63303936 0.16143668
vt 0.60018694 0.16292858
vt 0.600978 0.17228079
vt 0.6181145 0.17461932
vt 0.5917083 0.1857506
vt 0.60741675 0.19328213
vt 0.60932803 0.22846341
vt 0.5999559 0.22857893
vt 0.60457265 0.24095285
vt 0.6177232 0.24092054
vt 0.6266329 0.22496057
vt 0.63298845 0.24095285
vt 0.65366244 0.2307558
vt 0.66166496 0.21413672
vt 0.6249063 0.1900233
vt 0.6617594 0.18722868
vt 0.6344652 0.169325
vt 0.6645986 0.16606009
vt 0.84919477 0.4377312
vt 0.8520521 0.42431974
vt 0.8393655 0.41603053
vt 0.8310591 0.42690897
vt 0.8497113 0.45255816
vt 0.8324605 0.4543895
vt 0.8389213 0.4726345
vt 0.8520522 0.47519827
vt 0.3268211 0.57589096
vt 0.3163662 0.5663423
vt 0.3075447 0.5795974
vt 0.32188535 0.5893497
vt 0.29645586 0.6164909
vt 0.31765127 0.61537176
vt 0.31838417 0.63638026
vt 0.2986331 0.6390273
vt 0.30078912 0.6662323
vt 0.31776237 0.6646263
vt 0.319983 0.6884425
vt 0.30292726 0.69022614
vt 0.3268211 0.7065702
vt 0.3049159 0.707818
vt 0.9066174 0.7349955
vt 0.89548355 0.78593284
vt 0.95087755 0.8119104
vt 0.95087755 0.7299148
vt 0.5772467 0.5567839
vt 0.62436754 0.49113393
vt 0.5751069 0.5114603
vt 0.618696 0.5450723
vt 0.68065596 0.508487
vt 0.68065596 0.55193377
vt 0.6693085 0.6011665
vt 0.62093806 0.58979034
vt 0.6585588 0.68600154
vt 0.5898522 0.60163045
vt 0.62523234 0.6777446
vt 0.5984995 0.67970157
vt 0.49816066 0.91250706
vt 0.4978242 0.9266064
vt 0.52721536 0.93065953
vt 0.5296426 0.9166709
vt 0.4962901 0.9091618
vt 0.46750632 0.9355234
vt 0.47242653 0.93582594
vt 0.4821348 0.95975053
vt 0.4845108 0.9561323
vt 0.5150594 0.9574839
vt 0.51280004 0.9535068
vt 0.53681237 0.93788505
vt 0.53219426 0.9361454
vt 0.53308773 0.91449904
vt 0.49698424 0.8841262
vt 0.53681237 0.8892628
vt 0.14302897 0.8857489
vt 0.09942222 0.86602587
vt 0.0999043 0.88885564
vt 0.15828967 0.85993046
vt 0.124735355 0.7504694
vt 0.15828967 0.7503901
vt 0.8361149 0.26990306
vt 0.8571904 0.29962623
vt 0.8571904 0.26102936
vt 0.8355019 0.30233943
vt 0.7965419 0.25880027
vt 0.7799306 0.28390825
vt 0.81923556 0.4031545
vt 0.7897732 0.3952291
vt 0.83020043 0.13974667
vt 0.7899152 0.114628196
vt 0.8011471 0.1425631
vt 0.82875335 0.11045873
vt 0.86753404 0.13551342
vt 0.87183464 0.11161363
vt 0.8336674 0.006991744
vt 0.87183464 0.006438017
vt 0.94631445 0.17242086
vt 0.91930676 0.15543902
vt 0.9192287 0.15845287
vt 0.94913805 0.1712488
vt 0.9460976 0.21427977
vt 0.94913805 0.21678734
vt 0.9107004 0.22579849
vt 0.90984964 0.22967637
vt 0.88098526 0.1964711
vt 0.87716544 0.19760478
vt 0.88950145 0.15940452
vt 0.8864008 0.15706873
vt 0.8526809 0.7299149
vt 0.877408 0.7542608
vt 0.88260746 0.7364125
vt 0.84500235 0.76147795
vt 0.88260746 0.85619354
vt 0.85314506 0.85802245
vt 0.81883544 0.7723458
vt 0.83086133 0.8679471
vt 0.3135327 0.84636045
vt 0.31704977 0.8025886
vt 0.280038 0.80278116
vt 0.26650646 0.8451411
vt 0.27151945 0.89812976
vt 0.31704977 0.90207887
vt 0.7097383 0.49313548
vt 0.7457577 0.5120431
vt 0.76120895 0.49113387
vt 0.7022282 0.51094526
vt 0.7608629 0.53401065
vt 0.693532 0.5325031
vt 0.7559986 0.57385457
vt 0.699296 0.57278514
vt 0.761209 0.65824485
vt 0.7043911 0.6579071
vt 0.74379337 0.71703875
vt 0.7000076 0.7169237
vt 0.37923324 0.8193041
vt 0.43036377 0.8193041
vt 0.41629574 0.7782607
vt 0.3740836 0.77691925
vt 0.3726655 0.73802614
vt 0.41563654 0.7451694
vt 0.342899 0.74551535
vt 0.34127185 0.7804907
vt 0.36550474 0.70594287
vt 0.41375217 0.7041443
vt 0.4521611 0.7613812
vt 0.65270233 0.42962182
vt 0.65518785 0.47390312
vt 0.6874852 0.4782579
vt 0.68609715 0.42343175
vt 0.68617374 0.38714597
vt 0.64207804 0.39629248
vt 0.6196965 0.33316305
vt 0.6874852 0.328371
vt 0.62380534 0.41034412
vt 0.68483126 0.25880027
vt 0.5928861 0.37328136
vt 0.63161576 0.25969136
vt 0.5751069 0.35740587
vt 0.5910559 0.27736086
vt 0.5859873 0.32730684
vt 0.41299447 0.016600996
vt 0.45889246 0.078225076
vt 0.44773144 0.006437987
vt 0.43021253 0.08132535
vt 0.4607608 0.11164999
vt 0.42470595 0.114463106
vt 0.40574232 0.056907862
vt 0.3860495 0.089291096
vt 0.46076077 0.16203761
vt 0.3627207 0.13265187
vt 0.41564858 0.16227886
vt 0.45991448 0.23380186
vt 0.40476373 0.24592428
vt 0.3601981 0.22560541
vt 0.36151403 0.17927408
vt 0.34127188 0.14447121
vt 0.86868477 0.6648245
vt 0.8657153 0.7130186
vt 0.9020983 0.71109945
vt 0.9020983 0.66354406
vt 0.24978718 0.6475356
vt 0.17826718 0.5915552
vt 0.19425169 0.6475356
vt 0.25804874 0.5894087
vt 0.1817913 0.434632
vt 0.24734828 0.43210262
vt 0.18273455 0.3798005
vt 0.2328195 0.37539655
vt 0.18843567 0.33810586
vt 0.2346941 0.33428937
vt 0.49370393 0.25899816
vt 0.5622308 0.29065442
vt 0.55896413 0.25880027
vt 0.47894803 0.31602883
vt 0.5590941 0.4573164
vt 0.49710608 0.4749862
vt 0.5549773 0.51940465
vt 0.5062715 0.5312408
vt 0.5622309 0.56146586
vt 0.5158936 0.57272625
vt 0.26400673 0.32141328
vt 0.17826718 0.26983392
vt 0.23215708 0.3214134
vt 0.23843528 0.2693541
vt 0.31225958 0.31634605
vt 0.17933547 0.11044192
vt 0.32839584 0.26314247
vt 0.22548798 0.11397624
vt 0.18625543 0.053321958
vt 0.29579845 0.105035424
vt 0.22547698 0.053611517
vt 0.1804942 0.010869622
vt 0.27025908 0.049147367
vt 0.21494378 0.011196494
vt 0.25778472 0.006438017
vt 0.73160255 0.013779283
vt 0.76977456 0.059703767
vt 0.7770392 0.006438017
vt 0.71633136 0.06936175
vt 0.7734804 0.16842574
vt 0.7235811 0.17212164
vt 0.7770392 0.2172584
vt 0.71890146 0.21971905
vt 0.59170824 0.086330436
vt 0.6172957 0.042859368
vt 0.59626675 0.027436487
vt 0.6143593 0.079751186
vt 0.6493346 0.14856073
vt 0.6497254 0.121783756
vt 0.7034553 0.12561113
vt 0.68452823 0.10856486
vt 0.7034553 0.033169582
vt 0.68526787 0.04521236
vt 0.6603072 0.0064379983
vt 0.6584775 0.028473467
vt 0.08601192 0.5649604
vt 0.033247143 0.5096183
vt 0.054856673 0.5632589
vt 0.07688224 0.50860655
vt 0.12770653 0.561802
vt 0.022210121 0.40652847
vt 0.1252278 0.50254774
vt 0.08009058 0.41134804
vt 0.006438002 0.35958478
vt 0.122118965 0.41928667
vt 0.07981819 0.36719906
vt 0.1277065 0.38116327
vt 0.3989777 0.46335855
vt 0.36034817 0.40948406
vt 0.35512298 0.47163153
vt 0.41763973 0.40232772
vt 0.44623628 0.47420692
vt 0.35302383 0.32669753
vt 0.46607205 0.4201032
vt 0.40180978 0.3059118
vt 0.34127185 0.28790882
vt 0.45821196 0.31189123
vt 0.3964802 0.25880027
vt 0.46607202 0.2620849
vt 0.51326525 0.006437987
vt 0.4736368 0.07120633
vt 0.47601014 0.106291324
vt 0.49162453 0.16195986
vt 0.5098407 0.24017675
vt 0.56087476 0.0075054765
vt 0.5559382 0.23783377
vt 0.5691757 0.16126963
vt 0.57883227 0.059375644
vt 0.57883227 0.09719393
vt 0.76705456 0.2767129
vt 0.746078 0.25880027
vt 0.71298075 0.27194118
vt 0.70036125 0.30325675
vt 0.7623713 0.32465792
vt 0.76705456 0.377357
vt 0.72062397 0.3708849
vt 0.76653886 0.46391535
vt 0.7276974 0.462615
vt 0.44999826 0.50263214
vt 0.40724945 0.48708296
vt 0.37992096 0.5102384
vt 0.39451075 0.54905224
vt 0.3535695 0.5121386
vt 0.34127188 0.55298257
vt 0.4008789 0.5942023
vt 0.36686623 0.6119535
vt 0.42807877 0.6788416
vt 0.3948952 0.6912682
vt 0.44999826 0.6544006
vt 0.43292022 0.57205844
vt 0.2709248 0.51323056
vt 0.27938223 0.5451398
vt 0.3070333 0.5534662
vt 0.32682133 0.5298258
vt 0.32682133 0.4806404
vt 0.2811873 0.4368117
vt 0.322968 0.42887497
vt 0.28809142 0.34024453
vt 0.3234763 0.3342893
vt 0.9454545 0.3025959
vt 0.91019726 0.34507108
vt 0.9454545 0.3598771
vt 0.9102061 0.31673712
vt 0.9093697 0.2588003
vt 0.8901442 0.35800356
vt 0.89243925 0.29505342
vt 0.87006634 0.32239443
vt 0.8728444 0.29910618
vt 0.048793443 0.32829458
vt 0.0724468 0.34670883
vt 0.09256553 0.34392196
vt 0.09389957 0.32204682
vt 0.0064379945 0.27448183
vt 0.10343025 0.26374894
vt 0.13244554 0.3186391
vt 0.02137833 0.11505467
vt 0.1653912 0.28496116
vt 0.09293172 0.10627061
vt 0.04318554 0.05618757
vt 0.1653912 0.121548474
vt 0.091230206 0.048852503
vt 0.054203056 0.01341635
vt 0.14795075 0.06213242
vt 0.09991129 0.006438017
vt 0.1507605 0.019249856
vt 0.5751069 0.89861107
vt 0.60250795 0.8537386
vt 0.57795084 0.84316164
vt 0.60123944 0.8784708
vt 0.6206898 0.9158696
vt 0.6215709 0.88616866
vt 0.6615569 0.9046287
vt 0.6397989 0.8811549
vt 0.6615569 0.8400215
vt 0.6397989 0.852338
vt 0.62199146 0.84442437
vt 0.6216327 0.8222793
vt 0.94683623 0.46977323
vt 0.9334419 0.372753
vt 0.88345456 0.372753
vt 0.8700664 0.46977323
vt 0.8657155 0.4919721
vt 0.8657155 0.6506681
vt 0.9151199 0.6498299
vt 0.9151199 0.49113387
vt 0.006438017 0.5778471
vt 0.006438002 0.73751414
vt 0.10406582 0.73750347
vt 0.10406585 0.5778364
vt 0.46750635 0.58721995
vt 0.46750635 0.7465516
vt 0.5622308 0.7449339
vt 0.5622308 0.5856023
vt 0.7066717 0.8559276
vt 0.693532 0.95291245
vt 0.7701249 0.95291245
vt 0.7565439 0.8559276
vt 0.6469325 0.97256756
vt 0.6653428 0.9718951
vt 0.6653428 0.92874557
vt 0.6469325 0.92941797
vt 0.62657696 0.97219944
vt 0.62657696 0.9290499
vt 0.5751071 0.97237766
vt 0.59563565 0.92995304
vt 0.5751071 0.9294002
vt 0.59563565 0.9729305
vt 0.6137011 0.92874557
vt 0.6137011 0.97172284
vt 0.4315969 0.94219136
vt 0.41165802 0.98544097
vt 0.4315969 0.9854316
vt 0.41165802 0.94220066
vt 0.39260638 0.98542875
vt 0.3926064 0.9421885
vt 0.34127188 0.984436
vt 0.3619027 0.9468114
vt 0.34127188 0.94494545
vt 0.36190295 0.98630196
vt 0.37973046 0.94218856
vt 0.37973046 0.98167914
vt 0.98726 0.7905555
vt 0.9637612 0.80702764
vt 0.98726773 0.80702764
vt 0.9637535 0.7905555
vt 0.98727006 0.7748164
vt 0.96376354 0.7748164
vt 0.98637503 0.21501088
vt 0.96255475 0.23197007
vt 0.98591834 0.23197007
vt 0.9630115 0.21501112
vt 0.98537755 0.2000866
vt 0.962014 0.2000866
vt 0.965833 0.18721056
vt 0.98730105 0.18721056
vt 0.98348206 0.17248297
vt 0.962014 0.17248297
vt 0.9850235 0.15543914
vt 0.96355546 0.15543914
vt 0.98721075 0.7299147
vt 0.9637536 0.7299147
vt 0.9643091 0.745124
vt 0.98776615 0.74512404
vt 0.964005 0.76194036
vt 0.9874621 0.76194036
vt 0.5573265 0.7832942
vt 0.5620072 0.78337383
vt 0.56145006 0.7721925
vt 0.55676943 0.7721131
vt 0.5620072 0.75950694
vt 0.5573266 0.75942755
vt 0.9372091 0.68153137
vt 0.9279957 0.6907676
vt 0.9279957 0.7038346
vt 0.9502392 0.68153626
vt 0.9372091 0.7130777
vt 0.9594524 0.6907795
vt 0.95023894 0.7130826
vt 0.9594524 0.7038464
vt 0.55709577 0.8202202
vt 0.5617956 0.82025707
vt 0.5614692 0.8088708
vt 0.5567694 0.80883384
vt 0.5617956 0.79628676
vt 0.55709577 0.79624987
vt 0.9795928 0.6605921
vt 0.9838832 0.66089964
vt 0.98182034 0.6497004
vt 0.9775298 0.64939284
vt 0.9838832 0.6370592
vt 0.9795927 0.63675165
vt 0.680444 0.8222792
vt 0.675734 0.8222796
vt 0.67572737 0.8340596
vt 0.6804373 0.83405924
vt 0.67573404 0.8463881
vt 0.680444 0.84638774
vt 0.9775298 0.62387556
vt 0.9930216 0.62330234
vt 0.9930216 0.5857236
vt 0.9775299 0.5862968
vt 0.9927292 0.43749157
vt 0.97516704 0.4744475
vt 0.9927292 0.47492045
vt 0.97516704 0.43701857
vt 0.959712 0.47548056
vt 0.959712 0.4380517
vt 0.9928264 0.93714905
vt 0.9760285 0.9371571
vt 0.9760285 0.974815
vt 0.9928264 0.974807
vt 0.061575532 0.9603453
vt 0.061575532 0.980455
vt 0.07540767 0.9804483
vt 0.075407654 0.9603387
vt 0.24338093 0.96840096
vt 0.22694701 0.9712434
vt 0.22694701 0.9753411
vt 0.24047838 0.9655099
vt 0.25029576 0.9517205
vt 0.24619092 0.9517298
vt 0.24338093 0.93507123
vt 0.24047838 0.93797565
vt 0.22694701 0.92820597
vt 0.22694701 0.93230367
vt 0.96051496 0.1266222
vt 0.980893 0.11211395
vt 0.9609057 0.11211395
vt 0.9805023 0.1266222
vt 0.9613684 0.13938999
vt 0.9813557 0.13938999
vt 0.70628524 0.9858559
vt 0.70628524 0.9657884
vt 0.693532 0.9662616
vt 0.693532 0.9863291
vt 0.7887133 0.940609
vt 0.80224466 0.9397733
vt 0.80224466 0.9348755
vt 0.7921825 0.94406414
vt 0.78300077 0.9543891
vt 0.78790694 0.9543779
vt 0.7887133 0.9681432
vt 0.7921825 0.9646723
vt 0.80224466 0.9738152
vt 0.80224466 0.96891737
vt 0.0107135475 0.9852376
vt 0.020775715 0.98948264
vt 0.020775715 0.9603386
vt 0.0064379983 0.97494316
vt 0.0107135475 0.9646294
vt 0.55853426 0.8535285
vt 0.5622048 0.8537917
vt 0.56043994 0.84421086
vt 0.5567695 0.84394765
vt 0.5622048 0.8333962
vt 0.55853426 0.8331332
vt 0.73322755 0.2424157
vt 0.7372568 0.24241306
vt 0.7372568 0.23259503
vt 0.73322755 0.23259765
vt 0.71633136 0.24318132
vt 0.7203516 0.24310607
vt 0.7203516 0.23259503
vt 0.71633136 0.23267025
vt 0.6774745 0.16308498
vt 0.67747474 0.24056977
vt 0.6917684 0.2389215
vt 0.6917684 0.16143668
vt 0.14058256 0.35982606
vt 0.14058256 0.4709512
vt 0.15480328 0.47070992
vt 0.15480328 0.3595848
vt 0.54389334 0.87125015
vt 0.54389334 0.7928955
vt 0.53635705 0.79289496
vt 0.4675063 0.87123275
vt 0.53635705 0.777013
vt 0.46750632 0.75942767
vt 0.54389334 0.77701354
vt 0.54389334 0.7594451
vt 0.5496884 0.9619037
vt 0.5496884 0.9777857
vt 0.5572247 0.9777862
vt 0.5572247 0.9619043
vt 0.9034021 0.9665637
vt 0.9034021 0.98150015
vt 0.9109483 0.98150015
vt 0.9109483 0.9665632
vt 0.76007533 0.96578836
vt 0.7453127 0.9660389
vt 0.7453127 0.9818243
vt 0.7600751 0.98157376
vt 0.92382425 0.9665806
vt 0.92382425 0.981483
vt 0.93136764 0.9814658
vt 0.93136764 0.96656346
vt 0.25363046 0.91415876
vt 0.25363046 0.8025885
vt 0.17826718 0.8037597
vt 0.17826718 0.91532993
vt 0.4499731 0.91132885
vt 0.4499731 0.83385384
vt 0.43571544 0.8321801
vt 0.43571568 0.9096551
vt 0.7990825 0.47512168
vt 0.81818295 0.4758497
vt 0.81818295 0.4193412
vt 0.7990567 0.4176858
vt 0.7799822 0.47439373
vt 0.7799305 0.41603047
vt 0.9705961 0.25880027
vt 0.9583305 0.27641195
vt 0.959391 0.31857744
vt 0.970596 0.33732817
vt 0.987979 0.25913855
vt 0.987979 0.33766648
vt 0.25942522 0.7859696
vt 0.27837038 0.7822267
vt 0.27774262 0.72612655
vt 0.2583921 0.7273965
vt 0.24048007 0.7897126
vt 0.23904157 0.72866654
vt 0.26110303 0.67601556
vt 0.24121124 0.67661834
vt 0.22131944 0.6772212
vt 0.22086704 0.66486406
vt 0.19759238 0.6751292
vt 0.24075884 0.6642613
vt 0.1971401 0.66277206
vt 0.17860377 0.67273235
vt 0.17826724 0.6604115
vt 0.26065063 0.6636585
vt 0.27791798 0.6611328
vt 0.27837038 0.67348987
vt 0.086279035 0.76146066
vt 0.068374455 0.7503902
vt 0.024118185 0.7569289
vt 0.0072075725 0.77401185
vt 0.08654624 0.7827184
vt 0.0074748397 0.7952695
vt 0.085214466 0.8018153
vt 0.0069564283 0.8139845
vt 0.08388269 0.82091224
vt 0.006438017 0.83269954
vt 0.08654624 0.83782244
vt 0.00910151 0.84960973
vt 0.0700928 0.8524004
vt 0.028482437 0.8579993
vt 0.795747 0.8578025
vt 0.7838909 0.8559275
vt 0.78300077 0.90229714
vt 0.79485685 0.9041722
vt 0.795747 0.92199945
vt 0.7837287 0.92074746
vt 0.94288385 0.5883987
vt 0.9279957 0.6081681
vt 0.92881215 0.65309095
vt 0.94288385 0.66865534
vt 0.96465385 0.5857236
vt 0.96465385 0.6659802
vt 0.14480156 0.48382723
vt 0.1569336 0.5024442
vt 0.15665519 0.48391575
vt 0.14517125 0.50303084
vt 0.14058253 0.5464294
vt 0.15234487 0.54584277
vt 0.1569336 0.5633171
vt 0.14507997 0.5632286
vt 0.36477256 0.91621065
vt 0.34127188 0.9189043
vt 0.34183908 0.9293126
vt 0.36533976 0.9266189
vt 0.3852756 0.92764604
vt 0.3847084 0.9172378
vt 0.40521145 0.92867327
vt 0.39340842 0.87308323
vt 0.37382543 0.8725045
vt 0.4035837 0.83477986
vt 0.38447154 0.83218
vt 0.42269588 0.8373796
vt 0.4129914 0.8736621
vt 0.40464425 0.918265
vt 0.42227232 0.9189043
vt 0.42283952 0.9293126
vt 0.9755095 0.5728476
vt 0.9688837 0.49176776
vt 0.9334296 0.49113393
vt 0.9279957 0.5728476
vt 0.17826724 0.9619203
vt 0.21407104 0.9324471
vt 0.18290567 0.92820597
vt 0.20788097 0.96508133
vt 0.1845758 0.9884797
vt 0.21407104 0.9904176
vt 0.9605149 0.09923792
vt 0.993562 0.089255095
vt 0.99356186 0.062425137
vt 0.9621949 0.063513756
vt 0.99264604 0.00677526
vt 0.96051496 0.006438017
vt 0.9608149 0.04803574
vt 0.9926459 0.049549222
vt 0.9858828 0.8247864
vt 0.95222765 0.8253665
vt 0.9503954 0.8562288
vt 0.9858827 0.8641505
vt 0.46318614 0.521644
vt 0.46589506 0.5219526
vt 0.46589506 0.48708296
vt 0.4628743 0.48963583
vt 0.98397857 0.8838061
vt 0.99185103 0.924273
vt 0.991851 0.880823
vt 0.9760285 0.8906045
vt 0.30261517 0.9512284
vt 0.276649 0.98390234
vt 0.28977203 0.9873907
vt 0.2883296 0.9505364
vt 0.30261517 0.9218236
vt 0.26766157 0.9813378
vt 0.2716403 0.9476793
vt 0.29016232 0.9219203
vt 0.2760868 0.9149549
vt 0.26650643 0.9204066
vt 0.98741966 0.3839984
vt 0.97270375 0.4202633
vt 0.98741966 0.4241426
vt 0.9725928 0.38161945
vt 0.9614647 0.4198389
vt 0.9597121 0.37275314
vt 0.12910247 0.9448
vt 0.13361025 0.9741589
vt 0.1476655 0.9753741
vt 0.11493397 0.94525814
vt 0.12668753 0.90567815
vt 0.11375928 0.9060377
vt 0.10060859 0.9434649
vt 0.10251069 0.9017317
vt 0.09942222 0.9753741
vt 0.1140542 0.9718075
vt 0.97567797 0.7075329
vt 0.99099225 0.71390533
vt 0.99099225 0.6888149
vt 0.9723284 0.6815314
vt 0.55023587 0.9490278
vt 0.5584268 0.94889855
vt 0.5578793 0.9013543
vt 0.5496884 0.90148354
vt 0.5584268 0.8841262
vt 0.55023587 0.8842554
vt 0.32434273 0.9478009
vt 0.316737 0.9717798
vt 0.32464114 0.97062874
vt 0.31643862 0.9489517
vt 0.32231075 0.93369126
vt 0.31549126 0.93439317
vt 0.3246411 0.9149549
vt 0.316737 0.916106
vt 0.07603121 0.94746274
vt 0.009846687 0.9294087
vt 0.018130302 0.94746274
vt 0.08069372 0.92572755
vt 0.009637833 0.90956634
vt 0.077423334 0.9090701
vt 0.07442546 0.894218
vt 0.006438017 0.8924956
vt 0.013890743 0.8708753
vt 0.06595993 0.8735314
vt 0.45242855 0.970026
vt 0.44576767 0.9930136
vt 0.4537234 0.9922447
vt 0.44447288 0.97079515
vt 0.4537234 0.95502305
vt 0.44576773 0.95579195
vt 0.45265016 0.9421885
vt 0.4446945 0.9429574
vt 0.28273588 0.56658024
vt 0.27461994 0.5663423
vt 0.2709247 0.6198303
vt 0.2790406 0.6200684
vt 0.27461994 0.6344786
vt 0.28273588 0.6347166
vt 0.79887027 0.60623085
vt 0.783864 0.5962682
vt 0.7794636 0.5804697
vt 0.7959381 0.5820813
vt 0.7740849 0.56458056
vt 0.8249854 0.5821568
vt 0.8261168 0.6051538
vt 0.80207974 0.6310134
vt 0.7936508 0.5613067
vt 0.8242729 0.55896294
vt 0.7973113 0.5051694
vt 0.780009 0.5069673
vt 0.79942167 0.49177516
vt 0.786141 0.4938525
vt 0.8249355 0.49113393
vt 0.82487625 0.50358
vt 0.85283935 0.51374865
vt 0.8394454 0.4970317
vt 0.85168785 0.5523448
vt 0.8525449 0.57335687
vt 0.8489168 0.5983994
vt 0.8502629 0.6208681
vt 0.830137 0.6309421
vt 0.85283935 0.637373
vt 0.8320454 0.6476301
vt 0.8035059 0.6486504
vt 0.15566349 0.71623623
vt 0.14915323 0.6827084
vt 0.16000581 0.68999314
vt 0.13505316 0.7098886
vt 0.15248966 0.7349596
vt 0.12737846 0.72890687
vt 0.12770224 0.6869775
vt 0.13326645 0.6657238
vt 0.15281272 0.66585755
vt 0.12563586 0.6469302
vt 0.11694193 0.6543933
vt 0.13355398 0.65619123
vt 0.14105034 0.64299953
vt 0.16000581 0.648157
vt 0.15583658 0.58989143
vt 0.14094806 0.59881914
vt 0.14876795 0.5778364
vt 0.13671756 0.58638453
vt 0.3268212 0.7718003
vt 0.32124162 0.78937453
vt 0.30553496 0.77354634
vt 0.31081963 0.75649935
vt 0.29324806 0.7552493
vt 0.29588842 0.7396608
vt 0.3268212 0.7270305
vt 0.3180853 0.7206939
vt 0.88471055 0.11608142
vt 0.90321517 0.12587422
vt 0.9023224 0.14116836
vt 0.88492966 0.14116836
vt 0.73243684 0.9670213
vt 0.73243684 0.9840937
vt 0.7203892 0.98400444
vt 0.7191613 0.9657884
vt 0.916871 0.116081476
vt 0.93202156 0.1206851
vt 0.93202156 0.14098239
vt 0.91609126 0.12962818
vt 0.9115165 0.01320219
vt 0.90335816 0.028038979
vt 0.904097 0.010362744
vt 0.916117 0.032750845
vt 0.9254362 0.006438017
vt 0.9363896 0.02232933
vt 0.9249837 0.06538248
vt 0.9476389 0.054342866
vt 0.94596165 0.08060253
vt 0.910436 0.0852654
vt 0.9091647 0.043822885
vt 0.9476389 0.098758936
vt 0.91123766 0.10320544
vt 0.89777714 0.055708528
vt 0.8847106 0.07266927
vt 0.8897578 0.094869256
vt 0.048699528 0.9603387
vt 0.048699528 0.9782547
vt 0.03365171 0.98119414
vt 0.037719876 0.9624399
vt 0.83784366 0.6787863
vt 0.840446 0.66152644
vt 0.851177 0.6699064
vt 0.851177 0.7034774
vt 0.63303936 0.16143668
vt 0.600978 0.17228079
vt 0.60018694 0.16292858
vt 0.6181145 0.17461932
vt 0.5917083 0.1857506
vt 0.60741675 0.19328213
vt 0.60932803 0.22846341
vt 0.5999559 0.22857893
vt 0.60457265 0.24095285
vt 0.6177232 0.24092054
vt 0.6266329 0.22496057
vt 0.63298845 0.24095285
vt 0.65366244 0.2307558
vt 0.66166496 0.21413672
vt 0.6249063 0.1900233
vt 0.6617594 0.18722868
vt 0.6344652 0.169325
vt 0.6645986 0.16606009
vt 0.84919477 0.4377312
vt 0.8393655 0.41603053
vt 0.8520521 0.42431974
vt 0.8310591 0.42690897
vt 0.8497113 0.45255816
vt 0.8324605 0.4543895
vt 0.8389213 0.4726345
vt 0.8520522 0.47519827
vt 0.3268211 0.57589096
vt 0.3075447 0.5795974
vt 0.3163662 0.5663423
vt 0.32188535 0.5893497
vt 0.29645586 0.6164909
vt 0.31765127 0.61537176
vt 0.31838417 0.63638026
vt 0.2986331 0.6390273
vt 0.30078912 0.6662323
vt 0.31776237 0.6646263
vt 0.319983 0.6884425
vt 0.30292726 0.69022614
vt 0.3268211 0.7065702
vt 0.3049159 0.707818
vt 0.9066174 0.7349955
vt 0.95087755 0.8119104
vt 0.89548355 0.78593284
vt 0.95087755 0.7299148
vt 0.5772467 0.5567839
vt 0.5751069 0.5114603
vt 0.62436754 0.49113393
vt 0.618696 0.5450723
vt 0.68065596 0.508487
vt 0.68065596 0.55193377
vt 0.6693085 0.6011665
vt 0.62093806 0.58979034
vt 0.6585588 0.68600154
vt 0.5898522 0.60163045
vt 0.62523234 0.6777446
vt 0.5984995 0.67970157
vt 0.49816066 0.91250706
vt 0.52721536 0.93065953
vt 0.4978242 0.9266064
vt 0.5296426 0.9166709
vt 0.4962901 0.9091618
vt 0.46750632 0.9355234
vt 0.47242653 0.93582594
vt 0.4821348 0.95975053
vt 0.4845108 0.9561323
vt 0.5150594 0.9574839
vt 0.51280004 0.9535068
vt 0.53681237 0.93788505
vt 0.53219426 0.9361454
vt 0.53308773 0.91449904
vt 0.49698424 0.8841262
vt 0.53681237 0.8892628
vt 0.14302897 0.8857489
vt 0.0999043 0.88885564
vt 0.09942222 0.86602587
vt 0.15828967 0.85993046
vt 0.124735355 0.7504694
vt 0.15828967 0.7503901
vt 0.8361149 0.26990306
vt 0.8571904 0.26102936
vt 0.8571904 0.29962623
vt 0.8355019 0.30233943
vt 0.7965419 0.25880027
vt 0.7799306 0.28390825
vt 0.81923556 0.4031545
vt 0.7897732 0.3952291
vt 0.83020043 0.13974667
vt 0.8011471 0.1425631
vt 0.7899152 0.114628196
vt 0.82875335 0.11045873
vt 0.86753404 0.13551342
vt 0.87183464 0.11161363
vt 0.8336674 0.006991744
vt 0.87183464 0.006438017
vt 0.94631445 0.17242086
vt 0.9192287 0.15845287
vt 0.91930676 0.15543902
vt 0.94913805 0.1712488
vt 0.9460976 0.21427977
vt 0.94913805 0.21678734
vt 0.9107004 0.22579849
vt 0.90984964 0.22967637
vt 0.88098526 0.1964711
vt 0.87716544 0.19760478
vt 0.88950145 0.15940452
vt 0.8864008 0.15706873
vt 0.8526809 0.7299149
vt 0.88260746 0.7364125
vt 0.877408 0.7542608
vt 0.84500235 0.76147795
vt 0.88260746 0.85619354
vt 0.85314506 0.85802245
vt 0.81883544 0.7723458
vt 0.83086133 0.8679471
vt 0.3135327 0.84636045
vt 0.280038 0.80278116
vt 0.31704977 0.8025886
vt 0.26650646 0.8451411
vt 0.27151945 0.89812976
vt 0.31704977 0.90207887
vt 0.7097383 0.49313548
vt 0.76120895 0.49113387
vt 0.7457577 0.5120431
vt 0.7022282 0.51094526
vt 0.7608629 0.53401065
vt 0.693532 0.5325031
vt 0.7559986 0.57385457
vt 0.699296 0.57278514
vt 0.761209 0.65824485
vt 0.7043911 0.6579071
vt 0.74379337 0.71703875
vt 0.7000076 0.7169237
vt 0.37923324 0.8193041
vt 0.41629574 0.7782607
vt 0.43036377 0.8193041
vt 0.3740836 0.77691925
vt 0.3726655 0.73802614
vt 0.41563654 0.7451694
vt 0.342899 0.74551535
vt 0.34127185 0.7804907
vt 0.36550474 0.70594287
vt 0.41375217 0.7041443
vt 0.4521611 0.7613812
vt 0.65270233 0.42962182
vt 0.6874852 0.4782579
vt 0.65518785 0.47390312
vt 0.68609715 0.42343175
vt 0.68617374 0.38714597
vt 0.64207804 0.39629248
vt 0.6196965 0.33316305
vt 0.6874852 0.328371
vt 0.62380534 0.41034412
vt 0.68483126 0.25880027
vt 0.5928861 0.37328136
vt 0.63161576 0.25969136
vt 0.5751069 0.35740587
vt 0.5910559 0.27736086
vt 0.5859873 0.32730684
vt 0.41299447 0.016600996
vt 0.44773144 0.006437987
vt 0.45889246 0.078225076
vt 0.43021253 0.08132535
vt 0.4607608 0.11164999
vt 0.42470595 0.114463106
vt 0.40574232 0.056907862
vt 0.3860495 0.089291096
vt 0.46076077 0.16203761
vt 0.3627207 0.13265187
vt 0.41564858 0.16227886
vt 0.45991448 0.23380186
vt 0.40476373 0.24592428
vt 0.3601981 0.22560541
vt 0.36151403 0.17927408
vt 0.34127188 0.14447121
vt 0.86868477 0.6648245
vt 0.9020983 0.66354406
vt 0.9020983 0.71109945
vt 0.8657153 0.7130186
vt 0.24978718 0.6475356
vt 0.19425169 0.6475356
vt 0.17826718 0.5915552
vt 0.25804874 0.5894087
vt 0.1817913 0.434632
vt 0.24734828 0.43210262
vt 0.18273455 0.3798005
vt 0.2328195 0.37539655
vt 0.18843567 0.33810586
vt 0.2346941 0.33428937
vt 0.49370393 0.25899816
vt 0.55896413 0.25880027
vt 0.5622308 0.29065442
vt 0.47894803 0.31602883
vt 0.5590941 0.4573164
vt 0.49710608 0.4749862
vt 0.5549773 0.51940465
vt 0.5062715 0.5312408
vt 0.5622309 0.56146586
vt 0.5158936 0.57272625
vt 0.26400673 0.32141328
vt 0.23215708 0.3214134
vt 0.17826718 0.26983392
vt 0.23843528 0.2693541
vt 0.31225958 0.31634605
vt 0.17933547 0.11044192
vt 0.32839584 0.26314247
vt 0.22548798 0.11397624
vt 0.18625543 0.053321958
vt 0.29579845 0.105035424
vt 0.22547698 0.053611517
vt 0.1804942 0.010869622
vt 0.27025908 0.049147367
vt 0.21494378 0.011196494
vt 0.25778472 0.006438017
vt 0.73160255 0.013779283
vt 0.7770392 0.006438017
vt 0.76977456 0.059703767
vt 0.71633136 0.06936175
vt 0.7734804 0.16842574
vt 0.7235811 0.17212164
vt 0.7770392 0.2172584
vt 0.71890146 0.21971905
vt 0.59170824 0.086330436
vt 0.59626675 0.027436487
vt 0.6172957 0.042859368
vt 0.6143593 0.079751186
vt 0.6493346 0.14856073
vt 0.6497254 0.121783756
vt 0.7034553 0.12561113
vt 0.68452823 0.10856486
vt 0.7034553 0.033169582
vt 0.68526787 0.04521236
vt 0.6603072 0.0064379983
vt 0.6584775 0.028473467
vt 0.08601192 0.5649604
vt 0.054856673 0.5632589
vt 0.033247143 0.5096183
vt 0.07688224 0.50860655
vt 0.12770653 0.561802
vt 0.022210121 0.40652847
vt 0.1252278 0.50254774
vt 0.08009058 0.41134804
vt 0.006438002 0.35958478
vt 0.122118965 0.41928667
vt 0.07981819 0.36719906
vt 0.1277065 0.38116327
vt 0.3989777 0.46335855
vt 0.35512298 0.47163153
vt 0.36034817 0.40948406
vt 0.41763973 0.40232772
vt 0.44623628 0.47420692
vt 0.35302383 0.32669753
vt 0.46607205 0.4201032
vt 0.40180978 0.3059118
vt 0.34127185 0.28790882
vt 0.45821196 0.31189123
vt 0.3964802 0.25880027
vt 0.46607202 0.2620849
vt 0.57883227 0.059375644
vt 0.57883227 0.09719393
vt 0.5691757 0.16126963
vt 0.56087476 0.0075054765
vt 0.5559382 0.23783377
vt 0.51326525 0.006437987
vt 0.5098407 0.24017675
vt 0.4736368 0.07120633
vt 0.49162453 0.16195986
vt 0.47601014 0.106291324
vt 0.76705456 0.2767129
vt 0.71298075 0.27194118
vt 0.746078 0.25880027
vt 0.70036125 0.30325675
vt 0.7623713 0.32465792
vt 0.76705456 0.377357
vt 0.72062397 0.3708849
vt 0.76653886 0.46391535
vt 0.7276974 0.462615
vt 0.44999826 0.50263214
vt 0.37992096 0.5102384
vt 0.40724945 0.48708296
vt 0.39451075 0.54905224
vt 0.3535695 0.5121386
vt 0.34127188 0.55298257
vt 0.4008789 0.5942023
vt 0.36686623 0.6119535
vt 0.42807877 0.6788416
vt 0.3948952 0.6912682
vt 0.44999826 0.6544006
vt 0.43292022 0.57205844
vt 0.2709248 0.51323056
vt 0.3070333 0.5534662
vt 0.27938223 0.5451398
vt 0.32682133 0.5298258
vt 0.32682133 0.4806404
vt 0.2811873 0.4368117
vt 0.322968 0.42887497
vt 0.28809142 0.34024453
vt 0.3234763 0.3342893
vt 0.9454545 0.3025959
vt 0.9454545 0.3598771
vt 0.91019726 0.34507108
vt 0.9102061 0.31673712
vt 0.9093697 0.2588003
vt 0.8901442 0.35800356
vt 0.89243925 0.29505342
vt 0.87006634 0.32239443
vt 0.8728444 0.29910618
vt 0.048793443 0.32829458
vt 0.09256553 0.34392196
vt 0.0724468 0.34670883
vt 0.09389957 0.32204682
vt 0.0064379945 0.27448183
vt 0.10343025 0.26374894
vt 0.13244554 0.3186391
vt 0.02137833 0.11505467
vt 0.1653912 0.28496116
vt 0.09293172 0.10627061
vt 0.04318554 0.05618757
vt 0.1653912 0.121548474
vt 0.091230206 0.048852503
vt 0.054203056 0.01341635
vt 0.14795075 0.06213242
vt 0.09991129 0.006438017
vt 0.1507605 0.019249856
vt 0.5751069 0.89861107
vt 0.57795084 0.84316164
vt 0.60250795 0.8537386
vt 0.60123944 0.8784708
vt 0.6206898 0.9158696
vt 0.6397989 0.852338
vt 0.62199146 0.84442437
vt 0.6216327 0.8222793
vt 0.6615569 0.8400215
vt 0.6397989 0.8811549
vt 0.6615569 0.9046287
vt 0.6215709 0.88616866
vt 0.94683623 0.46977323
vt 0.8700664 0.46977323
vt 0.88345456 0.372753
vt 0.9334419 0.372753
vt 0.8657155 0.4919721
vt 0.9151199 0.49113387
vt 0.9151199 0.6498299
vt 0.8657155 0.6506681
vt 0.006438017 0.5778471
vt 0.10406585 0.5778364
vt 0.10406582 0.73750347
vt 0.006438002 0.73751414
vt 0.46750635 0.58721995
vt 0.5622308 0.5856023
vt 0.5622308 0.7449339
vt 0.46750635 0.7465516
vt 0.7066717 0.8559276
vt 0.7565439 0.8559276
vt 0.7701249 0.95291245
vt 0.693532 0.95291245
vt 0.6469325 0.97256756
vt 0.6653428 0.92874557
vt 0.6653428 0.9718951
vt 0.6469325 0.92941797
vt 0.62657696 0.97219944
vt 0.62657696 0.9290499
vt 0.5751071 0.97237766
vt 0.5751071 0.9294002
vt 0.59563565 0.92995304
vt 0.59563565 0.9729305
vt 0.6137011 0.92874557
vt 0.6137011 0.97172284
vt 0.4315969 0.94219136
vt 0.4315969 0.9854316
vt 0.41165802 0.98544097
vt 0.41165802 0.94220066
vt 0.39260638 0.98542875
vt 0.3926064 0.9421885
vt 0.34127188 0.984436
vt 0.34127188 0.94494545
vt 0.3619027 0.9468114
vt 0.36190295 0.98630196
vt 0.37973046 0.94218856
vt 0.37973046 0.98167914
vt 0.98726 0.7905555
vt 0.98726773 0.80702764
vt 0.9637612 0.80702764
vt 0.9637535 0.7905555
vt 0.98727006 0.7748164
vt 0.96376354 0.7748164
vt 0.98637503 0.21501088
vt 0.98591834 0.23197007
vt 0.96255475 0.23197007
vt 0.9630115 0.21501112
vt 0.98537755 0.2000866
vt 0.962014 0.2000866
vt 0.965833 0.18721056
vt 0.98348206 0.17248297
vt 0.98730105 0.18721056
vt 0.962014 0.17248297
vt 0.9850235 0.15543914
vt 0.96355546 0.15543914
vt 0.98721075 0.7299147
vt 0.9643091 0.745124
vt 0.9637536 0.7299147
vt 0.98776615 0.74512404
vt 0.964005 0.76194036
vt 0.9874621 0.76194036
vt 0.5573265 0.7832942
vt 0.56145006 0.7721925
vt 0.5620072 0.78337383
vt 0.55676943 0.7721131
vt 0.5620072 0.75950694
vt 0.5573266 0.75942755
vt 0.9279957 0.7038346
vt 0.9279957 0.6907676
vt 0.9372091 0.68153137
vt 0.9372091 0.7130777
vt 0.9502392 0.68153626
vt 0.95023894 0.7130826
vt 0.9594524 0.6907795
vt 0.9594524 0.7038464
vt 0.55709577 0.8202202
vt 0.5614692 0.8088708
vt 0.5617956 0.82025707
vt 0.5567694 0.80883384
vt 0.5617956 0.79628676
vt 0.55709577 0.79624987
vt 0.9795928 0.6605921
vt 0.98182034 0.6497004
vt 0.9838832 0.66089964
vt 0.9775298 0.64939284
vt 0.9838832 0.6370592
vt 0.9795927 0.63675165
vt 0.680444 0.8222792
vt 0.67572737 0.8340596
vt 0.675734 0.8222796
vt 0.6804373 0.83405924
vt 0.67573404 0.8463881
vt 0.680444 0.84638774
vt 0.9775298 0.62387556
vt 0.9775299 0.5862968
vt 0.9930216 0.5857236
vt 0.9930216 0.62330234
vt 0.9927292 0.43749157
vt 0.9927292 0.47492045
vt 0.97516704 0.4744475
vt 0.97516704 0.43701857
vt 0.959712 0.47548056
vt 0.959712 0.4380517
vt 0.9928264 0.93714905
vt 0.9928264 0.974807
vt 0.9760285 0.974815
vt 0.9760285 0.9371571
vt 0.061575532 0.9603453
vt 0.075407654 0.9603387
vt 0.07540767 0.9804483
vt 0.061575532 0.980455
vt 0.24338093 0.96840096
vt 0.22694701 0.9753411
vt 0.22694701 0.9712434
vt 0.24047838 0.9655099
vt 0.25029576 0.9517205
vt 0.24619092 0.9517298
vt 0.24338093 0.93507123
vt 0.24047838 0.93797565
vt 0.22694701 0.92820597
vt 0.22694701 0.93230367
vt 0.96051496 0.1266222
vt 0.9609057 0.11211395
vt 0.980893 0.11211395
vt 0.9805023 0.1266222
vt 0.9613684 0.13938999
vt 0.9813557 0.13938999
vt 0.70628524 0.9858559
vt 0.693532 0.9863291
vt 0.693532 0.9662616
vt 0.70628524 0.9657884
vt 0.7887133 0.940609
vt 0.80224466 0.9348755
vt 0.80224466 0.9397733
vt 0.7921825 0.94406414
vt 0.78300077 0.9543891
vt 0.78790694 0.9543779
vt 0.7887133 0.9681432
vt 0.7921825 0.9646723
vt 0.80224466 0.9738152
vt 0.80224466 0.96891737
vt 0.020775715 0.9603386
vt 0.020775715 0.98948264
vt 0.0107135475 0.9852376
vt 0.0064379983 0.97494316
vt 0.0107135475 0.9646294
vt 0.55853426 0.8535285
vt 0.56043994 0.84421086
vt 0.5622048 0.8537917
vt 0.5567695 0.84394765
vt 0.5622048 0.8333962
vt 0.55853426 0.8331332
vt 0.73322755 0.2424157
vt 0.73322755 0.23259765
vt 0.7372568 0.23259503
vt 0.7372568 0.24241306
vt 0.71633136 0.24318132
vt 0.71633136 0.23267025
vt 0.7203516 0.23259503
vt 0.7203516 0.24310607
vt 0.6774745 0.16308498
vt 0.6917684 0.16143668
vt 0.6917684 0.2389215
vt 0.67747474 0.24056977
vt 0.14058256 0.35982606
vt 0.15480328 0.3595848
vt 0.15480328 0.47070992
vt 0.14058256 0.4709512
vt 0.54389334 0.87125015
vt 0.53635705 0.79289496
vt 0.54389334 0.7928955
vt 0.4675063 0.87123275
vt 0.53635705 0.777013
vt 0.46750632 0.75942767
vt 0.54389334 0.77701354
vt 0.54389334 0.7594451
vt 0.5496884 0.9619037
vt 0.5572247 0.9619043
vt 0.5572247 0.9777862
vt 0.5496884 0.9777857
vt 0.9034021 0.9665637
vt 0.9109483 0.9665632
vt 0.9109483 0.98150015
vt 0.9034021 0.98150015
vt 0.76007533 0.96578836
vt 0.7600751 0.98157376
vt 0.7453127 0.9818243
vt 0.7453127 0.9660389
vt 0.92382425 0.9665806
vt 0.93136764 0.96656346
vt 0.93136764 0.9814658
vt 0.92382425 0.981483
vt 0.25363046 0.91415876
vt 0.17826718 0.91532993
vt 0.17826718 0.8037597
vt 0.25363046 0.8025885
vt 0.4499731 0.91132885
vt 0.43571568 0.9096551
vt 0.43571544 0.8321801
vt 0.4499731 0.83385384
vt 0.7990825 0.47512168
vt 0.81818295 0.4193412
vt 0.81818295 0.4758497
vt 0.7990567 0.4176858
vt 0.7799822 0.47439373
vt 0.7799305 0.41603047
vt 0.9705961 0.25880027
vt 0.959391 0.31857744
vt 0.9583305 0.27641195
vt 0.970596 0.33732817
vt 0.987979 0.25913855
vt 0.987979 0.33766648
vt 0.25942522 0.7859696
vt 0.27774262 0.72612655
vt 0.27837038 0.7822267
vt 0.2583921 0.7273965
vt 0.24048007 0.7897126
vt 0.23904157 0.72866654
vt 0.26110303 0.67601556
vt 0.24121124 0.6766184
vt 0.22131944 0.6772212
vt 0.22086704 0.66486406
vt 0.19759238 0.6751292
vt 0.24075884 0.6642613
vt 0.1971401 0.66277206
vt 0.17860377 0.67273235
vt 0.17826724 0.6604115
vt 0.26065063 0.6636585
vt 0.27791798 0.6611328
vt 0.27837038 0.67348987
vt 0.086279035 0.76146066
vt 0.024118185 0.7569289
vt 0.068374455 0.7503902
vt 0.0072075725 0.77401185
vt 0.08654624 0.7827184
vt 0.0074748397 0.7952695
vt 0.085214466 0.8018153
vt 0.0069564283 0.8139845
vt 0.08388269 0.82091224
vt 0.006438017 0.83269954
vt 0.08654624 0.83782244
vt 0.00910151 0.84960973
vt 0.0700928 0.8524004
vt 0.028482437 0.8579993
vt 0.795747 0.8578025
vt 0.78300077 0.90229714
vt 0.7838909 0.8559275
vt 0.79485685 0.9041722
vt 0.795747 0.92199945
vt 0.7837287 0.92074746
vt 0.94288385 0.5883987
vt 0.92881215 0.65309095
vt 0.9279957 0.6081681
vt 0.94288385 0.66865534
vt 0.96465385 0.5857236
vt 0.96465385 0.6659802
vt 0.14480156 0.48382723
vt 0.15665519 0.48391575
vt 0.1569336 0.5024442
vt 0.14517125 0.50303084
vt 0.14058253 0.5464294
vt 0.15234487 0.54584277
vt 0.1569336 0.5633171
vt 0.14507997 0.5632286
vt 0.36477256 0.91621065
vt 0.34183908 0.9293126
vt 0.34127188 0.9189043
vt 0.36533976 0.9266189
vt 0.3852756 0.92764604
vt 0.38470843 0.9172379
vt 0.40521145 0.92867327
vt 0.39340842 0.8730833
vt 0.37382543 0.8725045
vt 0.4035837 0.83477986
vt 0.38447154 0.83218
vt 0.42269588 0.8373796
vt 0.4129914 0.8736621
vt 0.40464425 0.918265
vt 0.42227232 0.9189043
vt 0.42283952 0.9293126
vt 0.9755095 0.5728476
vt 0.9279957 0.5728476
vt 0.9334296 0.49113393
vt 0.9688837 0.49176776
vt 0.17826724 0.9619203
vt 0.18290567 0.92820597
vt 0.21407104 0.9324471
vt 0.20788097 0.96508133
vt 0.1845758 0.9884797
vt 0.21407104 0.9904176
vt 0.9605149 0.09923792
vt 0.9621949 0.063513756
vt 0.99356186 0.062425137
vt 0.993562 0.089255095
vt 0.99264604 0.00677526
vt 0.9926459 0.049549222
vt 0.9608149 0.04803574
vt 0.96051496 0.006438017
vt 0.9858828 0.8247864
vt 0.9858827 0.8641505
vt 0.9503954 0.8562288
vt 0.95222765 0.8253665
vt 0.46318614 0.521644
vt 0.4628743 0.48963583
vt 0.46589506 0.48708296
vt 0.46589506 0.5219526
vt 0.98397857 0.8838061
vt 0.991851 0.880823
vt 0.99185103 0.924273
vt 0.9760285 0.8906045
vt 0.30261517 0.9512284
vt 0.28977203 0.9873907
vt 0.276649 0.98390234
vt 0.2883296 0.9505364
vt 0.30261517 0.9218236
vt 0.26766157 0.9813378
vt 0.2716403 0.9476793
vt 0.29016232 0.9219203
vt 0.2760868 0.9149549
vt 0.26650643 0.9204066
vt 0.98741966 0.3839984
vt 0.98741966 0.4241426
vt 0.97270375 0.4202633
vt 0.9725928 0.38161945
vt 0.9614647 0.4198389
vt 0.9597121 0.37275314
vt 0.12910247 0.9448
vt 0.1476655 0.9753741
vt 0.13361025 0.9741589
vt 0.11493397 0.94525814
vt 0.12668753 0.90567815
vt 0.11375928 0.9060377
vt 0.10060859 0.9434649
vt 0.10251069 0.9017317
vt 0.09942222 0.9753741
vt 0.1140542 0.9718075
vt 0.97567797 0.7075329
vt 0.9723284 0.6815314
vt 0.99099225 0.6888149
vt 0.99099225 0.71390533
vt 0.55023587 0.9490278
vt 0.5578793 0.9013543
vt 0.5584268 0.94889855
vt 0.5496884 0.90148354
vt 0.5584268 0.8841262
vt 0.55023587 0.8842554
vt 0.32434273 0.9478009
vt 0.32464114 0.97062874
vt 0.316737 0.9717798
vt 0.31643862 0.9489517
vt 0.32231075 0.93369126
vt 0.31549126 0.93439317
vt 0.3246411 0.9149549
vt 0.316737 0.916106
vt 0.07603121 0.94746274
vt 0.018130302 0.94746274
vt 0.009846687 0.9294087
vt 0.08069372 0.92572755
vt 0.009637833 0.90956634
vt 0.077423334 0.9090701
vt 0.07442546 0.894218
vt 0.006438017 0.8924956
vt 0.013890743 0.8708753
vt 0.06595993 0.8735314
vt 0.45242855 0.970026
vt 0.4537234 0.9922447
vt 0.44576767 0.9930136
vt 0.44447288 0.97079515
vt 0.4537234 0.95502305
vt 0.44576773 0.95579195
vt 0.45265016 0.9421885
vt 0.4446945 0.9429574
vt 0.28273588 0.56658024
vt 0.2709247 0.6198303
vt 0.27461994 0.5663423
vt 0.2790406 0.6200684
vt 0.27461994 0.6344786
vt 0.28273588 0.6347166
vt 0.80269563 0.22218382
vt 0.8456093 0.22319794
vt 0.85299647 0.23211145
vt 0.7947911 0.23211145
vt 0.8611239 0.21395314
vt 0.80423987 0.20695066
vt 0.84653556 0.20924926
vt 0.7899152 0.21030712
vt 0.86103237 0.19386852
vt 0.8091086 0.19417763
vt 0.8458227 0.1944313
vt 0.7930509 0.19358897
vt 0.8642894 0.17698741
vt 0.81274927 0.18352127
vt 0.8488201 0.18257296
vt 0.7960495 0.17881346
vt 0.85673916 0.15543902
vt 0.80644524 0.16988432
vt 0.8514582 0.16621888
vt 0.8044728 0.15816224
vt 0.8221648 0.9160293
vt 0.83435833 0.9509059
vt 0.8329463 0.9542576
vt 0.8188355 0.91599053
vt 0.87218356 0.9542576
vt 0.83941615 0.8842238
vt 0.87017167 0.9507661
vt 0.8375137 0.8808231
vt 0.89052606 0.91733384
vt 0.87387025 0.8863836
vt 0.886832 0.91703284
vt 0.87570715 0.88300246
vt 0.90732425 0.9277032
vt 0.93465286 0.94986427
vt 0.93450814 0.9536875
vt 0.90340215 0.92874235
vt 0.96315247 0.93658227
vt 0.908194 0.89182675
vt 0.9587868 0.9343361
vt 0.9042379 0.888887
vt 0.96315247 0.90633523
vt 0.9406896 0.8849334
vt 0.9585443 0.90738434
vt 0.9420969 0.8808231
vt 0.5845454 0.74887645
vt 0.5988724 0.7927289
vt 0.5923214 0.80016613
vt 0.5751069 0.74617857
vt 0.64214224 0.80940324
vt 0.6296571 0.7085581
vt 0.63982797 0.7998501
vt 0.6274944 0.69887733
vt 0.6804441 0.7851365
vt 0.6744632 0.7248922
vt 0.6704408 0.769945
vt 0.6804441 0.70573467
vt 0.7988721 0.81696206
vt 0.7953121 0.7694096
vt 0.8059595 0.75170034
vt 0.8059595 0.83262014
vt 0.7669281 0.7299148
vt 0.7526143 0.8332308
vt 0.7634418 0.73916864
vt 0.75131714 0.8430516
vt 0.7125319 0.7380396
vt 0.7031038 0.79137516
vt 0.71873295 0.74577534
vt 0.693532 0.79391736
vt 0.9375129 0.8371315
vt 0.9375193 0.8545903
vt 0.93223214 0.85239434
vt 0.9322274 0.83932734
vt 0.92302203 0.861634
vt 0.9251981 0.8247864
vt 0.9252138 0.8669354
vt 0.92301035 0.83008766
vt 0.90999246 0.86163414
vt 0.907789 0.8247864
vt 0.9078047 0.8669354
vt 0.90998054 0.8300878
vt 0.90077543 0.85239434
vt 0.8954835 0.8371316
vt 0.89549017 0.8545903
vt 0.9007704 0.83932734
vt 0.8100531 0.66152644
vt 0.82495975 0.6764699
vt 0.8205373 0.67830694
vt 0.8082228 0.66596186
vt 0.820544 0.69576573
vt 0.78898 0.66152644
vt 0.8249676 0.69760287
vt 0.7908137 0.66596186
vt 0.8082385 0.7081108
vt 0.7740848 0.6764698
vt 0.8100722 0.7125462
vt 0.7785082 0.67830706
vt 0.7908294 0.7081108
vt 0.77409244 0.69760287
vt 0.7889991 0.7125462
vt 0.7785146 0.69576573
vt 0.80269563 0.22218382
vt 0.85299647 0.23211145
vt 0.8456093 0.22319794
vt 0.7947911 0.23211145
vt 0.8611239 0.21395314
vt 0.80423987 0.20695066
vt 0.84653556 0.20924926
vt 0.7899152 0.21030712
vt 0.86103237 0.19386852
vt 0.8091086 0.19417763
vt 0.8458227 0.1944313
vt 0.7930509 0.19358897
vt 0.8642894 0.17698741
vt 0.81274927 0.18352127
vt 0.8488201 0.18257296
vt 0.7960495 0.17881346
vt 0.85673916 0.15543902
vt 0.80644524 0.16988432
vt 0.8514582 0.16621888
vt 0.8044728 0.15816224
vt 0.8221648 0.9160293
vt 0.8188355 0.91599053
vt 0.8329463 0.9542576
vt 0.83435833 0.9509059
vt 0.83941615 0.8842238
vt 0.87218356 0.9542576
vt 0.8375137 0.8808231
vt 0.87017167 0.9507661
vt 0.87387025 0.8863836
vt 0.89052606 0.91733384
vt 0.87570715 0.88300246
vt 0.886832 0.91703284
vt 0.90732425 0.9277032
vt 0.93450814 0.9536875
vt 0.93465286 0.94986427
vt 0.90340215 0.92874235
vt 0.96315247 0.93658227
vt 0.908194 0.89182675
vt 0.9587868 0.9343361
vt 0.9042379 0.888887
vt 0.96315247 0.90633523
vt 0.9406896 0.8849334
vt 0.9585443 0.90738434
vt 0.9420969 0.8808231
vt 0.5845454 0.74887645
vt 0.5923214 0.80016613
vt 0.5988724 0.7927289
vt 0.5751069 0.74617857
vt 0.64214224 0.80940324
vt 0.6296571 0.7085581
vt 0.63982797 0.7998501
vt 0.6274944 0.69887733
vt 0.6804441 0.7851365
vt 0.6744632 0.7248922
vt 0.6704408 0.769945
vt 0.6804441 0.70573467
vt 0.7988721 0.81696206
vt 0.8059595 0.83262014
vt 0.8059595 0.75170034
vt 0.7953121 0.7694096
vt 0.7526143 0.8332308
vt 0.7669281 0.7299148
vt 0.75131714 0.8430516
vt 0.7634418 0.73916864
vt 0.7031038 0.79137516
vt 0.7125319 0.7380396
vt 0.693532 0.79391736
vt 0.71873295 0.74577534
vt 0.9375129 0.8371315
vt 0.93223214 0.85239434
vt 0.9375193 0.8545903
vt 0.9322274 0.83932734
vt 0.92302203 0.861634
vt 0.9251981 0.8247864
vt 0.9252138 0.8669354
vt 0.92301035 0.83008766
vt 0.90999246 0.86163414
vt 0.907789 0.8247864
vt 0.9078047 0.8669354
vt 0.90998054 0.8300878
vt 0.90077543 0.85239434
vt 0.8954835 0.8371316
vt 0.89549017 0.8545903
vt 0.9007704 0.83932734
vt 0.8100531 0.66152644
vt 0.8082228 0.66596186
vt 0.8205373 0.67830694
vt 0.82495975 0.6764699
vt 0.78898 0.66152644
vt 0.820544 0.69576573
vt 0.7908137 0.66596186
vt 0.8249676 0.69760287
vt 0.7740848 0.6764698
vt 0.8082385 0.7081108
vt 0.7785082 0.67830706
vt 0.8100722 0.7125462
vt 0.77409244 0.69760287
vt 0.7908294 0.7081108
vt 0.7785146 0.69576573
vt 0.7889991 0.7125462
vt 0 0.5
vt 0 1
vt 0.5 1
vt 0.5 0.5
vt 0 0
vt 1 1
vt 0.5 0
vt 1 0.5
vt 1 0
vt 0 0.5
vt 0 1
vt 0.5 1
vt 0.5 0.5
vt 0 0
vt 1 1
vt 0.5 0
vt 1 0.5
vt 1 0
vt 0 0.5
vt 0 1
vt 0.5 1
vt 0.5 0.5
vt 0 0
vt 1 1
vt 0.5 0
vt 1 0.5
vt 1 0
vt 0 0.5
vt 0 1
vt 0.5 1
vt 0.5 0.5
vt 0 0
vt 1 1
vt 0.5 0
vt 1 0.5
vt 1 0
vt 0 0.5
vt 0 1
vt 0.5 1
vt 0.5 0.5
vt 0 0
vt 1 1
vt 0.5 0
vt 1 0.5
vt 1 0
vt 0 0.5
vt 0 1
vt 0.5 1
vt 0.5 0.5
vt 0 0
vt 1 1
vt 0.5 0
vt 1 0.5
vt 1 0
vt 0 0.5
vt 0 1
vt 0.5 1
vt 0.5 0.5
vt 0 0
vt 1 1
vt 0.5 0
vt 1 0.5
vt 1 0
vt 0 0.5
vt 0 1
vt 0.5 1
vt 0.5 0.5
vt 0 0
vt 1 1
vt 0.5 0
vt 1 0.5
vt 1 0
vt 0 0.5
vt 0 1
vt 0.5 1
vt 0.5 0.5
vt 0 0
vt 1 1
vt 0.5 0
vt 1 0.5
vt 1 0
vt 0 0.5
vt 0 1
vt 0.5 1
vt 0.5 0.5
vt 0 0
vt 1 1
vt 0.5 0
vt 1 0.5
vt 1 0
vt 0 0.5
vt 0 1
vt 0.5 1
vt 0.5 0.5
vt 0 0
vt 1 1
vt 0.5 0
vt 1 0.5
vt 1 0
vt 0 0.5
vt 0 1
vt 0.5 1
vt 0.5 0.5
vt 0 0
vt 1 1
vt 0.5 0
vt 1 0.5
vt 1 0
vt 0 0.5
vt 0 1
vt 0.5 1
vt 0.5 0.5
vt 0 0
vt 1 1
vt 0.5 0
vt 1 0.5
vt 1 0
vt 0 0.5
vt 0 1
vt 0.5 1
vt 0.5 0.5
vt 0 0
vt 1 1
vt 0.5 0
vt 1 0.5
vt 1 0
vt 0 0.5
vt 0 1
vt 0.5 1
vt 0.5 0.5
vt 0 0
vt 1 1
vt 0.5 0
vt 1 0.5
vt 1 0
vt 0 0.5
vt 0 1
vt 0.5 1
vt 0.5 0.5
vt 0 0
vt 1 1
vt 0.5 0
vt 1 0.5
vt 1 0
vt 0 0.5
vt 0 1
vt 0.5 1
vt 0.5 0.5
vt 0 0
vt 1 1
vt 0.5 0
vt 1 0.5
vt 1 0
vt 0 0.5
vt 0 1
vt 0.5 1
vt 0.5 0.5
vt 0 0
vt 1 1
vt 0.5 0
vt 1 0.5
vt 1 0
vt 0 0.5
vt 0 1
vt 0.5 1
vt 0.5 0.5
vt 0 0
vt 1 1
vt 0.5 0
vt 1 0.5
vt 1 0
vt 0 0.5
vt 0 1
vt 0.5 1
vt 0.5 0.5
vt 0 0
vt 1 1
vt 0.5 0
vt 1 0.5
vt 1 0
vt 0 0.5
vt 0 1
vt 0.5 1
vt 0.5 0.5
vt 0 0
vt 1 1
vt 0.5 0
vt 1 0.5
vt 1 0
vt 0 0.5
vt 0 1
vt 0.5 1
vt 0.5 0.5
vt 0 0
vt 1 1
vt 0.5 0
vt 1 0.5
vt 1 0
vt 0 0.5
vt 0 1
vt 0.5 1
vt 0.5 0.5
vt 0 0
vt 1 1
vt 0.5 0
vt 1 0.5
vt 1 0
vt 0 0.5
vt 0 1
vt 0.5 1
vt 0.5 0.5
vt 0 0
vt 1 1
vt 0.5 0
vt 1 0.5
vt 1 0
vt 0 0.5
vt 0 1
vt 0.5 1
vt 0.5 0.5
vt 0 0
vt 1 1
vt 0.5 0
vt 1 0.5
vt 1 0
vt 0 0.5
vt 0 1
vt 0.5 1
vt 0.5 0.5
vt 0 0
vt 1 1
vt 0.5 0
vt 1 0.5
vt 1 0
vt 0 0.5
vt 0 1
vt 0.5 1
vt 0.5 0.5
vt 0 0
vt 1 1
vt 0.5 0
vt 1 0.5
vt 1 0
vt 0 0.5
vt 0 1
vt 0.5 1
vt 0.5 0.5
vt 0 0
vt 1 1
vt 0.5 0
vt 1 0.5
vt 1 0
vt 0 0.5
vt 0 1
vt 0.5 1
vt 0.5 0.5
vt 0 0
vt 1 1
vt 0.5 0
vt 1 0.5
vt 1 0
vt 0 0.5
vt 0 1
vt 0.5 1
vt 0.5 0.5
vt 0 0
vt 1 1
vt 0.5 0
vt 1 0.5
vt 1 0
vt 0 0.5
vt 0 1
vt 0.5 1
vt 0.5 0.5
vt 0 0
vt 1 1
vt 0.5 0
vt 1 0.5
vt 1 0
vt 0 0.5
vt 0 1
vt 0.5 1
vt 0.5 0.5
vt 0 0
vt 1 1
vt 0.5 0
vt 1 0.5
vt 1 0
vt 0 0.5
vt 0 1
vt 0.5 1
vt 0.5 0.5
vt 0 0
vt 1 1
vt 0.5 0
vt 1 0.5
vt 1 0
vt 0 0.5
vt 0 1
vt 0.5 1
vt 0.5 0.5
vt 0 0
vt 1 1
vt 0.5 0
vt 1 0.5
vt 1 0
vt 0 0.5
vt 0 1
vt 0.5 1
vt 0.5 0.5
vt 0 0
vt 1 1
vt 0.5 0
vt 1 0.5
vt 1 0
vt 0 0.5
vt 0 1
vt 0.5 1
vt 0.5 0.5
vt 0 0
vt 1 1
vt 0.5 0
vt 1 0.5
vt 1 0
vt 0 0.5
vt 0 1
vt 0.5 1
vt 0.5 0.5
vt 0 0
vt 1 1
vt 0.5 0
vt 1 0.5
vt 1 0
vt 0 0.5
vt 0 1
vt 0.5 1
vt 0.5 0.5
vt 0 0
vt 1 1
vt 0.5 0
vt 1 0.5
vt 1 0
vt 0 0.5
vt 0 1
vt 0.5 1
vt 0.5 0.5
vt 0 0
vt 1 1
vt 0.5 0
vt 1 0.5
vt 1 0
vt 0 0.5
vt 0 1
vt 0.5 1
vt 0.5 0.5
vt 0 0
vt 1 1
vt 0.5 0
vt 1 0.5
vt 1 0
vt 0 0.5
vt 0 1
vt 0.5 1
vt 0.5 0.5
vt 0 0
vt 1 1
vt 0.5 0
vt 1 0.5
vt 1 0
vt 0 0.5
vt 0 1
vt 0.5 1
vt 0.5 0.5
vt 0 0
vt 1 1
vt 0.5 0
vt 1 0.5
vt 1 0
vt 0 0.5
vt 0 1
vt 0.5 1
vt 0.5 0.5
vt 0 0
vt 1 1
vt 0.5 0
vt 1 0.5
vt 1 0
vt 0 0.5
vt 0 1
vt 0.5 1
vt 0.5 0.5
vt 0 0
vt 1 1
vt 0.5 0
vt 1 0.5
vt 1 0
vt 0 0.5
vt 0 1
vt 0.5 1
vt 0.5 0.5
vt 0 0
vt 1 1
vt 0.5 0
vt 1 0.5
vt 1 0
vt 0 0.5
vt 0 1
vt 0.5 1
vt 0.5 0.5
vt 0 0
vt 1 1
vt 0.5 0
vt 1 0.5
vt 1 0
vt 0 0.5
vt 0 1
vt 0.5 1
vt 0.5 0.5
vt 0 0
vt 1 1
vt 0.5 0
vt 1 0.5
vt 1 0
vt 0 0.5
vt 0 1
vt 0.5 1
vt 0.5 0.5
vt 0 0
vt 1 1
vt 0.5 0
vt 1 0.5
vt 1 0
vt 0 0.5
vt 0 1
vt 0.5 1
vt 0.5 0.5
vt 0 0
vt 1 1
vt 0.5 0
vt 1 0.5
vt 1 0
vt 0 0.5
vt 0 1
vt 0.5 1
vt 0.5 0.5
vt 0 0
vt 1 1
vt 0.5 0
vt 1 0.5
vt 1 0
vt 0 0
vt 0 0
vt 0 0
vt 0 0
vt 0 0
vt 0 0
vt 0 0
vt 0 0
vt 0 0
vt 0 0
vt 0 0
vt 0 0
vt 0 0
vt 0 0
vt 0 0
vt 0 0
vt 0 0
vt 0 0
vt 0 0
vt 0 0
vt 0 0
vt 0 0
vt 0 0
vt 0 0
vt 0 0
vt 0 0
vt 0 0
vt 0 0
vt 0 0
vt 0 0
vt 0 0
vt 0 0
vt 0 0
vt 0 0
vt 0 0
vt 0 0
vt 0 0
vt 0 0
vt 0 0
vt 0 0
vt 0 0
vt 0 0
vt 0 0
vt 0 0
vt 0 0
vt 0 0
vt 0 0
vt 0 0
vt 0 0
vt 0 0
vt 0 0
vt 0 0
vt 0 0
vt 0 0
vt 0 0
vt 0 0
vt 0 0
vt 0 0
vt 0 0
vt 0 0
vt 0 0
vt 0 0
vt 0 0
vt 0 0
vt 0 0
vt 0 0
vt 0 0
vt 0 0
vt 0 0
vt 0 0
vt 0 0
vt 0 0
vt 0 0
vt 0 0
vt 0 0
vt 0 0
vt 0 0
vt 0 0
vt 0 0
vt 0 0
vt 0 0
vt 0 0
vt 0 0
vt 0 0
vt 0 0
vt 0 0
vt 0 0
vt 0 0
vt 0 0
vt 0 0
vt 0 0
vt 0 0
vt 0 0
vt 0 0
vt 0 0
vt 0 0
vt 0 0
vt 0 0
vt 0.30365252 0.002002575
vt 0.25616622 0.020997442
vt 0.2538141 0.021938212
vt 0.2538141 0.021938212
vt 0.25616622 0.020997442
vt 0.30365252 0.002002575
vt 0.046106428 0.0020754933
vt 0.13482107 0.009950191
vt 0.1551417 0.011753917
vt 0.046106428 0.0020754933
vt 0.09789121 0.006672114
vt 0.13482107 0.009950191
vt 0.90386105 0.7810712
vt 0.90386105 0.6926296
vt 0.8869388 0.6959965
vt 0.8725928 0.70558304
vt 0.8869388 0.7777059
vt 0.86300707 0.7199298
vt 0.8725928 0.7681208
vt 0.8596411 0.7368525
vt 0.8630071 0.753775
vt 0.51232415 0.4589299
vt 0.50851536 0.45896718
vt 0.50896007 0.4717097
vt 0.5213508 0.4619731
vt 0.51828617 0.45905924
vt 0.51816785 0.4748565
vt 0.52135056 0.4306181
vt 0.5182849 0.43054768
vt 0.5183085 0.37143365
vt 0.5325836 0.4745904
vt 0.52619976 0.48399624
vt 0.54045695 0.49356076
vt 0.5318328 0.49773708
vt 0.54377216 0.5159967
vt 0.53420967 0.5139874
vt 0.5425971 0.5311152
vt 0.53296834 0.53027314
vt 0.5420246 0.5384821
vt 0.5310672 0.5359073
vt 0.5351557 0.55704683
vt 0.5325989 0.4317102
vt 0.5234405 0.535982
vt 0.5221107 0.17259683
vt 0.50848645 0.37120804
vt 0.5183877 0.1725028
vt 0.50856566 0.17227717
vt 0.51842237 0.08543754
vt 0.5223672 0.085538365
vt 0.5226115 0.0025943299
vt 0.5348413 0.003764846
vt 0.5086003 0.08521194
vt 0.5086333 0.0020025154
vt 0.52899927 0.56563073
vt 0.5122435 0.56579745
vt 0.5168204 0.5380964
vt 0.51134753 0.54012245
vt 0.51256275 0.5767738
vt 0.53505933 0.5765536
vt 0.54202944 0.5332461
vt 0.53546304 0.6082879
vt 0.5129664 0.6085081
vt 0.53633934 0.6494849
vt 0.5138427 0.6497052
vt 0.5369356 0.681619
vt 0.514439 0.68183917
vt 0.5485154 0.7187025
vt 0.51482725 0.70743746
vt 0.5372451 0.73312587
vt 0.5147485 0.7333461
vt 0.5526117 0.71110034
vt 0.55167377 0.6814747
vt 0.5510776 0.6493406
vt 0.5502014 0.60814357
vt 0.5497978 0.57640934
vt 0.5477647 0.50649613
vt 0.5437694 0.5065353
vt 0.55549645 0.49868637
vt 0.554883 0.50827295
vt 0.5552381 0.42308456
vt 0.5426071 0.4347522
vt 0.5424913 0.42320934
vt 0.5448399 0.109382994
vt 0.55549645 0.10927866
vt 0.6754577 0.5636342
vt 0.66053474 0.61262983
vt 0.6754577 0.61264056
vt 0.6606423 0.5636237
vt 0.6434332 0.6125708
vt 0.6754577 0.50322545
vt 0.6436627 0.5635651
vt 0.6607748 0.50321513
vt 0.6754577 0.41724923
vt 0.6439455 0.503157
vt 0.66096354 0.417239
vt 0.67541224 0.002002575
vt 0.644348 0.4171818
vt 0.66183823 0.005383738
vt 0.6462768 0.0065214415
vt 0.6023875 0.55665433
vt 0.5920545 0.53385293
vt 0.5917586 0.53915596
vt 0.587948 0.5321719
vt 0.58072513 0.50824964
vt 0.580128 0.51783913
vt 0.56897706 0.49653155
vt 0.5799597 0.43609792
vt 0.5721042 0.43566477
vt 0.5798299 0.42449635
vt 0.5620406 0.43509278
vt 0.56000376 0.47847745
vt 0.5942114 0.00261844
vt 0.58328354 0.0020025154
vt 0.59683824 0.10673324
vt 0.59767497 0.09110073
vt 0.6023875 0.003058203
vt 0.30482382 0.77140176
vt 0.3202584 0.7803254
vt 0.320231 0.7744565
vt 0.28698373 0.780373
vt 0.2917493 0.7626653
vt 0.3202584 0.8158827
vt 0.28300446 0.74959284
vt 0.26593256 0.8159603
vt 0.32016832 0.83833265
vt 0.29566842 0.83836764
vt 0.253709 0.78042054
vt 0.26847184 0.73116827
vt 0.27991414 0.7341904
vt 0.26920307 0.72872865
vt 0.28098944 0.7287118
vt 0.3813831 0.10582671
vt 0.38158357 0.7042076
vt 0.40603557 0.70423865
vt 0.40583506 0.10585783
vt 0.4372128 0.71837837
vt 0.43714884 0.10574693
vt 0.4059159 0.014270939
vt 0.4372128 0.03326378
vt 0.38146392 0.014239855
vt 0.3814747 0.0020025154
vt 0.4099876 0.0020177444
vt 0.3496828 0.6204538
vt 0.34023923 0.007751264
vt 0.30365252 0.002002575
vt 0.30950108 0.49025473
vt 0.2538141 0.021938212
vt 0.2537225 0.62039745
vt 0.3496717 0.69293797
vt 0.3103428 0.69292945
vt 0.253709 0.7085679
vt 0.3106996 0.7242044
vt 0.25424817 0.7242044
vt 0.35095745 0.7242044
vt 0.3731093 0.7242044
vt 0.37687576 0.7119559
vt 0.8118985 0.6946
vt 0.7962062 0.104667075
vt 0.8001368 0.6948031
vt 0.8118986 0.10439602
vt 0.795627 0.017722912
vt 0.8118985 0.017441846
vt 0.8012431 0.0021866043
vt 0.8118985 0.0020025154
vt 0.1911566 0.5552295
vt 0.23810634 0.5919026
vt 0.24375953 0.5596208
vt 0.19296199 0.58800614
vt 0.2317904 0.60795426
vt 0.16812073 0.5533064
vt 0.19145834 0.6021606
vt 0.22297488 0.6319302
vt 0.092448816 0.5793307
vt 0.19122696 0.62867856
vt 0.18951492 0.6363291
vt 0.098712295 0.5888375
vt 0.08717549 0.61802167
vt 0.08674558 0.62522835
vt 0.18778099 0.6675934
vt 0.08454417 0.6560715
vt 0.24375957 0.99681646
vt 0.052524894 0.99295443
vt 0.04826261 0.58425975
vt 0.036725804 0.6134439
vt 0.036295906 0.6206506
vt 0.034094483 0.6514936
vt 0.0020754933 0.98837364
vt 0.047792897 0.9979245
vt 0.008564651 0.9944172
vt 0.06565635 0.57687294
vt 0.07490989 0.5455251
vt 0.06670024 0.56343937
vt 0.066969395 0.5563856
vt 0.070488095 0.5303869
vt 0.06351778 0.5292914
vt 0.10412731 0.53536755
vt 0.06412421 0.50144553
vt 0.15585867 0.517845
vt 0.05712329 0.5001097
vt 0.16426049 0.5442708
vt 0.18837179 0.5478407
vt 0.20068114 0.5393002
vt 0.17085987 0.5148817
vt 0.05416953 0.4637353
vt 0.047299124 0.46282527
vt 0.13548256 0.47393465
vt 0.14732312 0.47460306
vt 0.05038719 0.43343747
vt 0.043676436 0.43379524
vt 0.12887415 0.43002427
vt 0.1406833 0.43104565
vt 0.14201361 0.38741174
vt 0.026360512 0.37219742
vt 0.019068941 0.37114495
vt 0.13020448 0.38639033
vt 0.13762428 0.30294555
vt 0.1494334 0.30396694
vt 0.15017493 0.29164073
vt 0.16371386 0.06658366
vt 0.02014985 0.2939896
vt 0.018556029 0.36395153
vt 0.1551417 0.011753917
vt 0.16695085 0.012775302
vt 0.13482107 0.009950191
vt 0.046106428 0.0020754933
vt 0.09789121 0.006672114
vt 0.67697346 0.9477525
vt 0.6544764 0.91238624
vt 0.6544764 0.9478647
vt 0.67697346 0.912274
vt 0.6875285 0.9476998
vt 0.6547644 0.89434946
vt 0.6875285 0.9122213
vt 0.6694463 0.89427626
vt 0.6551158 0.8674968
vt 0.6795193 0.894226
vt 0.66451114 0.86744994
vt 0.6736166 0.86740446
vt 0.833568 0.0020494242
vt 0.83873653 0.036046512
vt 0.8388026 0.0020726998
vt 0.8335019 0.036023267
vt 0.82301295 0.0020025154
vt 0.84322804 0.38612893
vt 0.82294685 0.035976328
vt 0.8269608 0.38605466
vt 0.8429054 0.39268267
vt 0.8164059 0.38600186
vt 0.8262994 0.3926089
vt 0.8216402 0.39268267
vt 0.82031894 0.46876135
vt 0.8164059 0.8308215
vt 0.83874714 0.8308215
vt 0.833568 0.46876073
vt 0.8206323 0.43556073
vt 0.8338812 0.43556008
vt 0.82069963 0.42779598
vt 0.8339487 0.42779538
vt 0.8216425 0.39719078
vt 0.83489156 0.3971901
vt 0.96706045 0.7788387
vt 0.9755083 0.7778214
vt 0.9755083 0.7492638
vt 0.9649342 0.76118934
vt 0.98347855 0.57687217
vt 0.96435857 0.57695365
vt 0.96435857 0.5902285
vt 0.98347855 0.59941363
vt 0.7162945 0.93722403
vt 0.7190112 0.9737957
vt 0.7295874 0.9737991
vt 0.7254182 0.93722695
vt 0.73483247 0.9738008
vt 0.73483247 0.93723
vt 0.85115117 0.1609237
vt 0.8656579 0.20027898
vt 0.8655046 0.16109605
vt 0.8513046 0.20010664
vt 0.8670395 0.24140854
vt 0.8492986 0.24119548
vt 0.8479171 0.20006593
vt 0.8477354 0.1536626
vt 0.85123307 0.13981183
vt 0.84811026 0.10636074
vt 0.85817665 0.120699294
vt 0.8655864 0.13998418
vt 0.8657385 0.1207901
vt 0.8582613 0.1100227
vt 0.8658231 0.11011342
vt 0.85217494 0.048128434
vt 0.86652833 0.04830084
vt 0.8491672 0.0154023245
vt 0.852562 0.014707334
vt 0.8492986 0.0020025154
vt 0.86691535 0.014879681
vt 0.86703956 0.0022155424
vt 0.7127563 0.88260055
vt 0.7307351 0.84798133
vt 0.71295816 0.84798133
vt 0.7305333 0.88260055
vt 0.7078382 0.9327166
vt 0.73037964 0.9327167
vt 0.7020927 0.8709953
vt 0.69726235 0.9327167
vt 0.69385624 0.87546486
vt 0.69236463 0.8503932
vt 0.901196 0.92359704
vt 0.88345385 0.923558
vt 0.88345385 0.9820558
vt 0.901196 0.9820949
vt 0.7398534 0.43918464
vt 0.7657631 0.23754747
vt 0.76018274 0.23250665
vt 0.7455356 0.44469836
vt 0.77043146 0.23754801
vt 0.7647029 0.48941123
vt 0.78707075 0.23754801
vt 0.78707075 0.48946178
vt 0.7870585 0.4967061
vt 0.764673 0.4967062
vt 0.7538949 0.50125283
vt 0.7412707 0.5012632
vt 0.7412707 0.5198546
vt 0.7538949 0.51984423
vt 0.76491076 0.519805
vt 0.76491076 0.50121355
vt 0.7797576 0.6880691
vt 0.7611629 0.6881354
vt 0.7797576 0.72731936
vt 0.7398534 0.688153
vt 0.7611629 0.72738564
vt 0.7398534 0.72740316
vt 0.9477973 0.7833564
vt 0.96042156 0.8694086
vt 0.96042156 0.78334594
vt 0.9477973 0.869419
vt 0.93678147 0.78339565
vt 0.93678147 0.8694582
vt 0.9681798 0.49367243
vt 0.9681798 0.42529318
vt 0.9555557 0.42530358
vt 0.9555557 0.4936828
vt 0.9445398 0.42534283
vt 0.9445398 0.49372208
vt 0.4331759 0.9303296
vt 0.42055175 0.9797032
vt 0.4331759 0.97969276
vt 0.42055175 0.93034005
vt 0.40953583 0.9797424
vt 0.40953583 0.9303793
vt 0.59991705 0.60212994
vt 0.5999171 0.5634241
vt 0.5813152 0.5616334
vt 0.5813152 0.6003393
vt 0.5600038 0.5611615
vt 0.5850813 0.7707584
vt 0.5600038 0.59986734
vt 0.5740612 0.76969767
vt 0.5850813 0.7890919
vt 0.5614358 0.7694179
vt 0.5740612 0.7880311
vt 0.5614359 0.7877515
vt 0.9478016 0.778559
vt 0.93678147 0.6926296
vt 0.93678147 0.77749825
vt 0.9478016 0.6936904
vt 0.9604268 0.6939699
vt 0.9604269 0.77883863
vt 0.96315473 0.32298216
vt 0.95213467 0.38935205
vt 0.96315473 0.39041284
vt 0.95213467 0.32192138
vt 0.9395094 0.3216418
vt 0.9395094 0.38907245
vt 0.3813831 0.97900796
vt 0.39240316 0.9313904
vt 0.3813831 0.9303296
vt 0.39240316 0.9800688
vt 0.40502846 0.93167
vt 0.4050285 0.98034835
vt 0.93500197 0.32168302
vt 0.93500197 0.31823966
vt 0.92119247 0.3209873
vt 0.92251015 0.32416847
vt 0.90948534 0.32881048
vt 0.91192013 0.33124518
vt 0.9016628 0.3405182
vt 0.90484405 0.34183577
vt 0.898916 0.35432813
vt 0.90235925 0.35432792
vt 0.9016628 0.3681377
vt 0.90484405 0.36681983
vt 0.90948534 0.3798446
vt 0.91192013 0.37740973
vt 0.92119247 0.38766664
vt 0.92251015 0.3844854
vt 0.93500197 0.39041287
vt 0.93500197 0.38696954
vt 0.9687722 0.24331631
vt 0.97961915 0.23049937
vt 0.96925354 0.23108698
vt 0.9791378 0.24272873
vt 0.96925354 0.2572685
vt 0.97961915 0.25668088
vt 0.9344182 0.68220425
vt 0.9469105 0.68812215
vt 0.9469105 0.6846839
vt 0.93310046 0.6853808
vt 0.9238279 0.67513984
vt 0.9213929 0.67757124
vt 0.9167516 0.6645663
vt 0.9135703 0.66588235
vt 0.9142667 0.6520933
vt 0.9108233 0.65209365
vt 0.9167516 0.6396197
vt 0.9135703 0.63830435
vt 0.9238279 0.62904465
vt 0.92139304 0.62661374
vt 0.9344182 0.6219779
vt 0.93310046 0.6188016
vt 0.9469105 0.6194955
vt 0.9469105 0.61605734
vt 0.5820133 0.90131557
vt 0.5600038 0.79359937
vt 0.57098407 0.900355
vt 0.5761523 0.79500574
vt 0.5946406 0.9014803
vt 0.5946406 0.7952471
vt 0.50397915 0.6327951
vt 0.50397915 0.6303202
vt 0.48474213 0.63414764
vt 0.48568925 0.6364342
vt 0.46843383 0.64504564
vt 0.4701838 0.6467956
vt 0.45753697 0.6613548
vt 0.4598234 0.6623018
vt 0.45371047 0.6805923
vt 0.45618534 0.6805922
vt 0.45753697 0.69982946
vt 0.4598234 0.6988823
vt 0.46843383 0.7161376
vt 0.4701838 0.7143874
vt 0.48474216 0.72703385
vt 0.48568925 0.72474724
vt 0.50397915 0.7308594
vt 0.50397915 0.7283845
vt 0.86470604 0.39220217
vt 0.8477354 0.34466812
vt 0.8477354 0.39056855
vt 0.86470604 0.34630173
vt 0.8841486 0.39263272
vt 0.8841486 0.3467323
vt 0.9687722 0.27573165
vt 0.97931826 0.26179796
vt 0.96879005 0.26177588
vt 0.9793005 0.27575377
vt 0.96879005 0.28790966
vt 0.97931826 0.28793174
vt 0.47497413 0.7353667
vt 0.48832318 0.845562
vt 0.48759833 0.7353828
vt 0.46983948 0.8455383
vt 0.4639582 0.7353828
vt 0.45371047 0.845562
vt 0.8358468 0.97016454
vt 0.8164059 0.9236344
vt 0.8164059 0.9701805
vt 0.8358468 0.9236184
vt 0.85281086 0.9701041
vt 0.85281086 0.92355794
vt 0.5425896 0.9146223
vt 0.4960789 0.9319025
vt 0.5426257 0.931888
vt 0.49604288 0.91463685
vt 0.54257697 0.89510906
vt 0.49603018 0.8951236
vt 0.5425896 0.8763191
vt 0.49604288 0.8763336
vt 0.5426257 0.86111295
vt 0.4960789 0.8611274
vt 0.4022827 0.8332157
vt 0.3813831 0.722932
vt 0.391071 0.8332391
vt 0.39779875 0.72289765
vt 0.41495386 0.8332075
vt 0.41635123 0.7228856
vt 0.4271554 0.8332157
vt 0.43421617 0.72289765
vt 0.43702975 0.8332392
vt 0.4486737 0.722932
vt 0.8097929 0.8937608
vt 0.79929036 0.9061584
vt 0.8098188 0.9061551
vt 0.79926443 0.8937641
vt 0.8097838 0.87975305
vt 0.7992554 0.87975633
vt 0.8097929 0.86626446
vt 0.79926443 0.86626774
vt 0.8098188 0.85534847
vt 0.79929036 0.8553518
vt 0.3576381 0.8252812
vt 0.37687573 0.82909995
vt 0.37687573 0.7287117
vt 0.3413292 0.8144022
vt 0.3576381 0.7325346
vt 0.33043194 0.7981193
vt 0.3413292 0.743417
vt 0.32660535 0.77891123
vt 0.33043197 0.7597023
vt 0.77380925 0.020632721
vt 0.77380925 0.0020410498
vt 0.76393497 0.0020145853
vt 0.76393497 0.020606257
vt 0.7911197 0.18874855
vt 0.7517334 0.020594187
vt 0.7517334 0.0020025154
vt 0.7390622 0.002006777
vt 0.77445185 0.18870382
vt 0.7911197 0.22799931
vt 0.77445185 0.22795461
vt 0.75385576 0.1886835
vt 0.75385576 0.22793429
vt 0.7390623 0.020598449
vt 0.7278505 0.002026685
vt 0.7278505 0.020618357
vt 0.7324668 0.1886907
vt 0.7324668 0.22794147
vt 0.71354157 0.18872435
vt 0.71354157 0.22797512
vt 0.37256408 0.91970956
vt 0.37256408 0.8336459
vt 0.36268973 0.83361936
vt 0.36268973 0.9196831
vt 0.3504882 0.91967106
vt 0.35072866 0.83360755
vt 0.3504882 0.8336074
vt 0.33781704 0.91967535
vt 0.33781704 0.8336116
vt 0.32660535 0.8336315
vt 0.32660535 0.91969526
vt 0.9076313 0.17131765
vt 0.9175056 0.23972435
vt 0.9175056 0.17134415
vt 0.9076313 0.23969783
vt 0.89567024 0.23968603
vt 0.89542973 0.23968579
vt 0.89542973 0.17130561
vt 0.8827586 0.23969005
vt 0.8827585 0.17130987
vt 0.87154686 0.17132978
vt 0.87154686 0.23970993
vt 0.5847663 0.95536345
vt 0.5946407 0.95539
vt 0.5946407 0.9060262
vt 0.5847663 0.90599966
vt 0.57256484 0.9059876
vt 0.57256484 0.9553514
vt 0.55989367 0.9553557
vt 0.55989367 0.9059919
vt 0.5486819 0.9553757
vt 0.5486819 0.9060118
vt 0.55549645 0.7422106
vt 0.55549645 0.73785347
vt 0.5327397 0.7423756
vt 0.53440964 0.74640095
vt 0.51344746 0.7552488
vt 0.51653314 0.7583295
vt 0.5005568 0.7745131
vt 0.50458837 0.77618015
vt 0.4960302 0.79723585
vt 0.5003939 0.7972355
vt 0.5005568 0.8199576
vt 0.50458837 0.81828976
vt 0.51344746 0.8392192
vt 0.51653314 0.8361379
vt 0.5327397 0.8520882
vt 0.53440964 0.84806263
vt 0.55549645 0.8566055
vt 0.55549645 0.85224843
vt 0.898916 0.24600635
vt 0.89891607 0.3137323
vt 0.9219132 0.3137134
vt 0.92191315 0.24598731
vt 0.9419805 0.31364188
vt 0.9419805 0.24591587
vt 0.60689497 0.86740446
vt 0.60689497 0.87480867
vt 0.6163608 0.88117826
vt 0.6298941 0.8679138
vt 0.6298941 0.93470025
vt 0.60689497 0.8821714
vt 0.60689497 0.93419087
vt 0.6499691 0.93663275
vt 0.6499691 0.86984634
vt 0.8164278 0.85331666
vt 0.88420296 0.8353289
vt 0.81647605 0.8353289
vt 0.8841547 0.85331666
vt 0.8164059 0.8755439
vt 0.88413274 0.8755439
vt 0.81641364 0.89862657
vt 0.8841405 0.89862657
vt 0.8164498 0.9190507
vt 0.8841768 0.9190506
vt 0.7993176 0.8508412
vt 0.7993176 0.73191047
vt 0.7765616 0.7364382
vt 0.7572701 0.7493296
vt 0.7765616 0.84631586
vt 0.7443798 0.7686222
vt 0.7572701 0.83342624
vt 0.7398534 0.79137886
vt 0.7443798 0.81413496
vt 0.5399557 0.9371401
vt 0.5366989 0.93640983
vt 0.533877 0.954612
vt 0.5435835 0.94766915
vt 0.54221725 0.95648205
vt 0.5435835 0.97331595
vt 0.5352433 0.97144586
vt 0.30115604 0.8448129
vt 0.29178998 0.842875
vt 0.28299883 0.8443786
vt 0.26760593 0.8532637
vt 0.30115604 0.9234084
vt 0.25732067 0.8665754
vt 0.25370902 0.8822872
vt 0.25732067 0.8980073
vt 0.2676059 0.91134214
vt 0.28299883 0.9202618
vt 0.97423804 0.81956434
vt 0.97574884 0.80123997
vt 0.9664396 0.79998904
vt 0.96492887 0.81831336
vt 0.9757488 0.8359741
vt 0.96643966 0.8347232
vt 0.9625025 0.95101583
vt 0.96300817 0.9655278
vt 0.97324467 0.96556854
vt 0.972739 0.9510567
vt 0.962325 0.9332099
vt 0.9725615 0.93325067
vt 0.9625026 0.9148203
vt 0.972739 0.9148611
vt 0.9630083 0.89864707
vt 0.97324467 0.89868784
vt 0.9607532 0.06016887
vt 0.9607539 0.06304736
vt 0.9751364 0.06299464
vt 0.9751357 0.06011618
vt 0.9607356 0.046109833
vt 0.97511816 0.046057172
vt 0.96071553 0.0329291
vt 0.975098 0.03287638
vt 0.9607054 0.015706576
vt 0.9750879 0.015653886
vt 0.9607539 0.0020552059
vt 0.9751364 0.0020025154
vt 0.6798587 0.7703147
vt 0.6805474 0.7368978
vt 0.6774311 0.74064493
vt 0.67701143 0.7691057
vt 0.66307855 0.7648946
vt 0.6635839 0.74980044
vt 0.6500095 0.761369
vt 0.6501962 0.75257903
vt 0.63296205 0.75487614
vt 0.6352548 0.7513289
vt 0.61955196 0.7430811
vt 0.6228544 0.7421419
vt 0.606895 0.7118661
vt 0.6102685 0.7112309
vt 0.60753924 0.6713106
vt 0.61095715 0.6716274
vt 0.6110721 0.6505926
vt 0.6141939 0.6520262
vt 0.6274937 0.6306807
vt 0.62926084 0.63363665
vt 0.6438161 0.6266726
vt 0.6439456 0.6307027
vt 0.66736317 0.62840366
vt 0.66669625 0.6329393
vt 0.67841756 0.62399685
vt 0.6775697 0.64180154
vt 0.6805474 0.6451753
vt 0.32109898 0.95545363
vt 0.30580395 0.92464304
vt 0.30674464 0.955493
vt 0.3201583 0.9246038
vt 0.30566335 0.88408524
vt 0.32001773 0.88404596
vt 0.30579433 0.8632767
vt 0.32014868 0.8632374
vt 0.30674464 0.84291434
vt 0.32109898 0.842875
vt 0.49603176 0.93640983
vt 0.5104201 0.9529331
vt 0.5104148 0.936411
vt 0.4960371 0.9529319
vt 0.5104132 0.9765142
vt 0.4960302 0.97651297
vt 0.4960371 0.9877597
vt 0.5104202 0.9877609
vt 0.8655864 0.13998418
vt 0.85123307 0.13981183
vt 0.8513881 0.14310382
vt 0.86574143 0.14327617
vt 0.52931 0.9474679
vt 0.5293696 0.93640983
vt 0.51498705 0.9364284
vt 0.51492745 0.94748664
vt 0.52932364 0.97035277
vt 0.5149411 0.9703714
vt 0.5293696 0.9850564
vt 0.51498705 0.98507506
vt 0.9589509 0.5153716
vt 0.95985115 0.49936235
vt 0.94549775 0.4995501
vt 0.9445975 0.5155594
vt 0.958817 0.5342958
vt 0.9444635 0.53448355
vt 0.95892316 0.5733802
vt 0.9445698 0.5735679
vt 0.95985115 0.6057898
vt 0.94549775 0.60597754
vt 0.4526126 0.94641256
vt 0.45263112 0.93427384
vt 0.43824807 0.934274
vt 0.4382296 0.94641274
vt 0.4526094 0.9613704
vt 0.43822634 0.9613706
vt 0.45261407 0.97490466
vt 0.43823102 0.9749048
vt 0.45263112 0.9891156
vt 0.43824807 0.98911583
vt 0.85241187 0.044298925
vt 0.85217494 0.048128434
vt 0.86652833 0.04830084
vt 0.86676526 0.0444713
vt 0.804298 0.7319105
vt 0.8113966 0.7429226
vt 0.8118696 0.7322009
vt 0.8038249 0.74263215
vt 0.81077945 0.75874865
vt 0.804418 0.7585047
vt 0.810396 0.76921946
vt 0.8053809 0.7690271
vt 0.8101386 0.77720565
vt 0.80636084 0.7770608
vt 0.80993944 0.7842223
vt 0.80800927 0.7841483
vt 0.8079566 0.7852918
vt 0.80988675 0.7853658
vt 0.301156 0.9289061
vt 0.2905028 0.9279158
vt 0.2877396 0.9369862
vt 0.29242405 0.9384278
vt 0.28894946 0.95397043
vt 0.2840625 0.9537174
vt 0.28953966 0.9647269
vt 0.28548107 0.96612006
vt 0.29404998 0.9735429
vt 0.2911205 0.97592723
vt 0.301156 0.9818194
vt 0.29996315 0.9827969
vt 0.788036 0.5252482
vt 0.788036 0.5154397
vt 0.78610927 0.51550484
vt 0.78426504 0.5253757
vt 0.80993944 0.7842223
vt 0.80988675 0.7853658
vt 0.81181693 0.78543985
vt 0.8118696 0.7842963
vt 0.80383736 0.82839036
vt 0.80385375 0.83753556
vt 0.80763435 0.83753407
vt 0.80885637 0.82838833
vt 0.8038276 0.81625384
vt 0.8101939 0.8162513
vt 0.8038249 0.79928565
vt 0.8114024 0.79928267
vt 0.8114024 0.7899473
vt 0.8038249 0.78995025
vt 0.96426487 0.23049934
vt 0.94648784 0.23049937
vt 0.94755846 0.3137323
vt 0.96426076 0.3137323
vt 0.69236463 0.8434675
vt 0.7090342 0.843474
vt 0.7090342 0.5987602
vt 0.69236463 0.59875375
vt 0.16371386 0.06658366
vt 0.15017493 0.29164073
vt 0.21985534 0.2978553
vt 0.23981611 0.07337129
vt 0.9601423 0.16290326
vt 0.97791994 0.16290136
vt 0.97791994 0.08681507
vt 0.9612171 0.086816885
vt 0.927622 0.59465754
vt 0.9108233 0.59799904
vt 0.91082346 0.6115501
vt 0.92569035 0.6115501
vt 0.32933447 0.92421794
vt 0.32931992 0.98475766
vt 0.34595427 0.98475766
vt 0.34590113 0.924217
vt 0.9371871 0.06467665
vt 0.9205406 0.061369427
vt 0.92231846 0.078160204
vt 0.9371859 0.078160204
vt 0.90354764 0.83532894
vt 0.8887103 0.83547914
vt 0.8887103 0.89525217
vt 0.90354764 0.8951018
vt 0.44909927 0.63032305
vt 0.44172016 0.63032013
vt 0.44172016 0.6645446
vt 0.44909927 0.6645475
vt 0.9063144 0.568765
vt 0.9063144 0.56620413
vt 0.89382255 0.56371987
vt 0.896596 0.56876546
vt 0.9063144 0.5880921
vt 0.896596 0.58809257
vt 0.8892024 0.5687659
vt 0.8832325 0.55664426
vt 0.8892024 0.58809286
vt 0.8892024 0.58977836
vt 0.896596 0.58977795
vt 0.8596411 0.5421282
vt 0.87615645 0.54605436
vt 0.8596411 0.523313
vt 0.8736717 0.5335624
vt 0.87615645 0.5210703
vt 0.8832325 0.5104797
vt 0.8892024 0.49580154
vt 0.8938225 0.503403
vt 0.9063144 0.5009176
vt 0.9063144 0.4958007
vt 0.8892034 0.6881222
vt 0.9063159 0.68812037
vt 0.9063159 0.6830112
vt 0.89382374 0.6805314
vt 0.8832333 0.67346704
vt 0.8596411 0.6606567
vt 0.87615705 0.6628935
vt 0.8736721 0.6504205
vt 0.87615705 0.63794696
vt 0.8596411 0.6418697
vt 0.8832333 0.62737185
vt 0.8892034 0.6152675
vt 0.89382374 0.6203052
vt 0.89659727 0.61526674
vt 0.89659727 0.5959687
vt 0.8892034 0.5959695
vt 0.89659727 0.5942857
vt 0.8892034 0.5942865
vt 0.9063159 0.61526567
vt 0.9063159 0.6178227
vt 0.9063159 0.59596765
vt 0.957256 0.2198105
vt 0.9220129 0.20563705
vt 0.9236251 0.22263952
vt 0.9556439 0.20280807
vt 0.9236251 0.17413463
vt 0.957256 0.17130561
vt 0.84325445 0.8308215
vt 0.8744392 0.83066976
vt 0.8744392 0.79644525
vt 0.84325445 0.79659706
vt 0.30566335 0.9942253
vt 0.32439467 0.9942311
vt 0.32439467 0.96000624
vt 0.30566335 0.9600003
vt 0.87729675 0.318881
vt 0.87729675 0.34016076
vt 0.8846903 0.34016037
vt 0.8846903 0.3382077
vt 0.8846903 0.31888065
vt 0.8944087 0.33820722
vt 0.8944087 0.31888017
vt 0.8819168 0.31383502
vt 0.8944087 0.31631923
vt 0.8713268 0.3067594
vt 0.8477354 0.2922434
vt 0.8642508 0.2961695
vt 0.8477354 0.2734282
vt 0.861766 0.2836776
vt 0.8642508 0.27118543
vt 0.8713268 0.26059487
vt 0.87729675 0.24591671
vt 0.8819168 0.25351816
vt 0.8944087 0.24591587
vt 0.8944087 0.2510327
vt 0.44909927 0.6690577
vt 0.44172016 0.66905487
vt 0.44172016 0.7032792
vt 0.44909927 0.7032821
vt 0.8938236 0.4837026
vt 0.9063159 0.49129155
vt 0.9063159 0.4861824
vt 0.88920337 0.4912934
vt 0.8832333 0.47663823
vt 0.8596411 0.4638279
vt 0.87615705 0.46606466
vt 0.8736721 0.45359167
vt 0.87615705 0.44111812
vt 0.8596411 0.4450409
vt 0.8832333 0.43054304
vt 0.88920337 0.41843867
vt 0.8938236 0.42347637
vt 0.89659727 0.41843787
vt 0.88920337 0.39914066
vt 0.9063159 0.41843686
vt 0.9063159 0.42099392
vt 0.9063159 0.3991388
vt 0.89659727 0.39913982
vt 0.88920337 0.3971909
vt 0.89659727 0.3971901
vt 0.95781773 0.947152
vt 0.9225747 0.9329785
vt 0.9241868 0.949981
vt 0.9562056 0.9301495
vt 0.9241868 0.90147614
vt 0.95781773 0.89864707
vt 0.4883232 0.93427384
vt 0.4571385 0.9344256
vt 0.4571385 0.96865
vt 0.4883232 0.96849823
vt 0.96435857 0.5335872
vt 0.98308986 0.5335931
vt 0.98308986 0.49936822
vt 0.96435857 0.49936235
vt 0.8873482 0.06312696
vt 0.87154686 0.06329466
vt 0.87154686 0.07258571
vt 0.90707195 0.07220871
vt 0.90242994 0.03715483
vt 0.9076102 0.081930734
vt 0.87208503 0.08230773
vt 0.91603315 0.07351837
vt 0.91603315 0.03841529
vt 0.90707195 0.037105598
vt 0.91603315 0.0033122082
vt 0.9031496 0.03591565
vt 0.90707195 0.0020025154
vt 0.8873482 0.009039678
vt 0.87154686 0.009207346
vt 0.87154686 0.0023795147
vt 0.95563495 0.086828895
vt 0.9201083 0.08681507
vt 0.9201083 0.122411944
vt 0.95563495 0.12242577
vt 0.9201083 0.15800889
vt 0.95563495 0.15802272
vt 0.879987 0.08681888
vt 0.91560096 0.09570748
vt 0.91558456 0.08681507
vt 0.88000345 0.09571127
vt 0.9031087 0.100893326
vt 0.91560096 0.09841091
vt 0.89251834 0.10796002
vt 0.885442 0.11853514
vt 0.8800034 0.1312548
vt 0.88295716 0.13100867
vt 0.88300616 0.13125448
vt 0.87154686 0.13079064
vt 0.87154686 0.09524716
vt 0.87154686 0.16633414
vt 0.8800034 0.16679828
vt 0.885442 0.14348166
vt 0.8925183 0.15405522
vt 0.9031087 0.1611196
vt 0.91560096 0.16359939
vt 0.91560096 0.16679446
vt 0.67856914 0.86289704
vt 0.68697155 0.8544595
vt 0.67777157 0.85448456
vt 0.68697155 0.8188622
vt 0.67777157 0.8188872
vt 0.68697155 0.78326476
vt 0.6574925 0.8450644
vt 0.64233327 0.85447353
vt 0.64233327 0.84505975
vt 0.672542 0.81888556
vt 0.606895 0.8544624
vt 0.62583876 0.8450545
vt 0.6107892 0.81886625
vt 0.606895 0.81886506
vt 0.6100119 0.81751347
vt 0.62583876 0.7899824
vt 0.606895 0.7832676
vt 0.64233327 0.7832787
vt 0.64233327 0.78998756
vt 0.6574925 0.78999233
vt 0.67777157 0.7832898
vt 0.6733194 0.8175333
vt 0.67856914 0.774822
vt 0.389823 0.8377483
vt 0.42549106 0.8462361
vt 0.4254193 0.8377465
vt 0.38989475 0.84623796
vt 0.38138312 0.8461888
vt 0.42549106 0.8494361
vt 0.41299924 0.8519215
vt 0.40240923 0.8589982
vt 0.39533317 0.8695888
vt 0.3813831 0.88178575
vt 0.3928974 0.88183475
vt 0.38989475 0.881835
vt 0.38138312 0.9173827
vt 0.3928484 0.8820809
vt 0.39533317 0.89457285
vt 0.38989475 0.91743183
vt 0.40240923 0.9051627
vt 0.41299924 0.91223836
vt 0.42549106 0.9174301
vt 0.42549106 0.9147226
vt 0.4254193 0.9258205
vt 0.389823 0.92582226
vt 0.2547227 0.98244715
vt 0.27582097 0.9822233
vt 0.27480724 0.95243424
vt 0.2537588 0.95412135
vt 0.253709 0.9526582
vt 0.25472274 0.9281397
vt 0.27582097 0.9279158
vt 0.5989917 0.9764658
vt 0.5989917 0.95989734
vt 0.57785124 0.9598985
vt 0.5989917 0.9916929
vt 0.57785124 0.991694
vt 0.7673007 0.91886085
vt 0.794748 0.9030936
vt 0.794748 0.87133735
vt 0.76730067 0.85534847
vt 0.7398534 0.90287197
vt 0.7398534 0.8711158
vt 0.37156075 0.9518582
vt 0.35146496 0.97928834
vt 0.37256408 0.9792965
vt 0.35046163 0.95185006
vt 0.35051093 0.95049274
vt 0.37256408 0.9242251
vt 0.35146496 0.9242169
vt 0.9829047 0.17130561
vt 0.9617634 0.17130785
vt 0.9617634 0.18785141
vt 0.9617634 0.20305564
vt 0.9829047 0.20305337
vt 0.6325872 0.94114083
vt 0.6325872 0.97545505
vt 0.6484202 0.9754542
vt 0.6484202 0.94114
vt 0.95470184 0.029489614
vt 0.9561981 0.0020131846
vt 0.9220369 0.0020025154
vt 0.9205406 0.029478945
vt 0.9220369 0.056851424
vt 0.95476997 0.030736156
vt 0.9561981 0.056862094
vt 0.75565475 0.9776232
vt 0.77145606 0.97745544
vt 0.77145606 0.9233682
vt 0.75565475 0.9235359
vt 0.7398534 0.9507472
vt 0.96435857 0.5723648
vt 0.98019207 0.57236314
vt 0.98019207 0.5381005
vt 0.96435857 0.5381022
vt 0.8484658 0.7801323
vt 0.852499 0.7898509
vt 0.852499 0.7801325
vt 0.8484658 0.7898506
vt 0.8451876 0.7898505
vt 0.84325445 0.78013206
vt 0.8551337 0.72399724
vt 0.8551337 0.6874311
vt 0.8534557 0.7239967
vt 0.8511184 0.6874298
vt 0.8511184 0.77562344
vt 0.8534557 0.75822175
vt 0.85513365 0.7582222
vt 0.85513365 0.7756247
vt 0.8453524 0.687428
vt 0.8459303 0.77562183
vt 0.8511184 0.48592073
vt 0.8551337 0.48592198
vt 0.8551337 0.48147833
vt 0.8531897 0.4814777
vt 0.8531897 0.44725284
vt 0.8511184 0.44265154
vt 0.8551337 0.44725347
vt 0.84403205 0.48591852
vt 0.8551337 0.39719382
vt 0.8436397 0.42603818
vt 0.8511184 0.39719257
vt 0.84325445 0.39719012
vt 0.790047 0.5012136
vt 0.7861942 0.50121355
vt 0.78426504 0.5109323
vt 0.7900481 0.5109323
vt 0.9225747 0.6926296
vt 0.9225747 0.89413595
vt 0.9322741 0.89413965
vt 0.9322741 0.6926333
vt 0.44391435 0.71750796
vt 0.4490993 0.7175082
vt 0.4490993 0.7077898
vt 0.44198123 0.7077895
vt 0.9681751 0.61471003
vt 0.9740772 0.6158355
vt 0.9740772 0.6079482
vt 0.96435857 0.6147105
vt 0.96435857 0.6079493
vt 0.9740772 0.60392106
vt 0.96435857 0.60392207
vt 0.90836847 0.9858587
vt 0.91806734 0.9857558
vt 0.91806734 0.93639123
vt 0.90836847 0.9364942
vt 0.91806734 0.6926296
vt 0.90836847 0.6927325
vt 0.90836847 0.6971144
vt 0.91806734 0.69701153
vt 0.90836847 0.8958254
vt 0.91806746 0.8957225
vt 0.90836847 0.93188393
vt 0.91806746 0.93178093
vt 0.8984093 0.89975953
vt 0.8887103 0.89986247
vt 0.8887103 0.9170233
vt 0.8984093 0.91692036
vt 0.9601423 0.07580409
vt 0.96029454 0.08230773
vt 0.97125494 0.08230773
vt 0.9711027 0.07580406
vt 0.96042037 0.07045547
vt 0.9713808 0.0704555
vt 0.5471331 0.87209463
vt 0.5540726 0.8720949
vt 0.5540726 0.8611132
vt 0.5471331 0.86111283
vt 0.942772 0.89413977
vt 0.9487625 0.8906985
vt 0.9487625 0.8837675
vt 0.942772 0.8802778
vt 0.9367814 0.89065003
vt 0.9367814 0.8837191
vt 0.94191575 0.067357905
vt 0.9526547 0.061369427
vt 0.94169444 0.061369456
vt 0.952876 0.067357905
vt 0.9416991 0.07338912
vt 0.95265937 0.07338912
vt 0.5540725 0.876603
vt 0.54714346 0.8766023
vt 0.54714346 0.88758445
vt 0.5540725 0.88758516
vt 0.9617635 0.21613593
vt 0.96191573 0.22263952
vt 0.9728761 0.22263955
vt 0.97272384 0.21613593
vt 0.9620415 0.21078734
vt 0.97300184 0.21078734
vt 0.679965 0.6097355
vt 0.68690455 0.60973585
vt 0.68690455 0.59875405
vt 0.679965 0.59875375
vt 0.9339907 0.23059095
vt 0.9280019 0.22714688
vt 0.9220129 0.23063557
vt 0.922013 0.23756836
vt 0.9339907 0.23752378
vt 0.9280019 0.24101247
vt 0.96423006 0.8863089
vt 0.95349115 0.8922974
vt 0.9644514 0.8922974
vt 0.95326984 0.8863089
vt 0.96444666 0.8802778
vt 0.9534865 0.8802778
vt 0.9390584 0.600568
vt 0.9321294 0.6005672
vt 0.9321294 0.6115494
vt 0.9390584 0.6115501
vt 0.51816785 0.4748565
vt 0.50896007 0.4717097
vt 0.50891197 0.5301204
vt 0.51812226 0.5303319
vt 0.52619976 0.48399624
vt 0.52616096 0.5311125
vt 0.89764553 0.8308215
vt 0.8994659 0.8217119
vt 0.8942367 0.8195429
vt 0.88906336 0.8272618
vt 0.8902358 0.81554115
vt 0.88249713 0.8206941
vt 0.8880723 0.81031585
vt 0.87894654 0.8121184
vt 0.8880756 0.8046625
vt 0.8789519 0.80284035
vt 0.89024526 0.7994418
vt 0.8825127 0.7942723
vt 0.8926828 0.79310143
vt 0.8851886 0.7916047
vt 0.89425087 0.79544866
vt 0.8994659 0.7933934
vt 0.97817266 0.3507454
vt 0.97817266 0.32223758
vt 0.9725606 0.3221133
vt 0.9725606 0.35062107
vt 0.9676621 0.32164177
vt 0.9676621 0.35014954
vt 0.9676621 0.38048515
vt 0.97327363 0.3552702
vt 0.9676621 0.35527483
vt 0.97327363 0.38229424
vt 0.9781703 0.35525277
vt 0.9781703 0.38416162
vt 0.9738864 0.868356
vt 0.9794393 0.8694582
vt 0.9794394 0.8404814
vt 0.9691789 0.8652158
vt 0.9738864 0.8415848
vt 0.9660334 0.8605157
vt 0.9691789 0.84472597
vt 0.96492887 0.85497135
vt 0.9660334 0.84942675
vt 0.96730876 0.9989871
vt 0.9623251 0.9700867
vt 0.9623251 0.9989959
vt 0.96730876 0.9700779
vt 0.9729412 0.9989852
vt 0.9729412 0.97007596
vt 0.97836494 0.99899054
vt 0.97836494 0.9700813
vt 0.9827542 0.9990023
vt 0.9827541 0.97009313
vt 0.80054504 0.97911
vt 0.8003438 0.9729741
vt 0.7976871 0.9774022
vt 0.78975886 0.9726491
vt 0.80011463 0.9553888
vt 0.78213054 0.9680621
vt 0.80018526 0.93796945
vt 0.7759635 0.96433944
vt 0.80054504 0.9233682
vt 0.6219474 0.57068455
vt 0.6389259 0.61948955
vt 0.63892555 0.57104874
vt 0.6218229 0.61910355
vt 0.60689497 0.6176605
vt 0.6071242 0.5692963
vt 0.6221011 0.5109237
vt 0.60740674 0.5096794
vt 0.60780907 0.42483005
vt 0.62236315 0.42620695
vt 0.63892514 0.5112842
vt 0.6389259 0.42660668
vt 0.6234377 0.0032756408
vt 0.60985315 0.002002575
vt 0.6389223 0.0036224206
vt 0.45690832 0.625781
vt 0.44190684 0.5768083
vt 0.44172016 0.6258127
vt 0.45698684 0.576777
vt 0.47407356 0.62576985
vt 0.44213694 0.516402
vt 0.47402772 0.57676584
vt 0.49060264 0.625781
vt 0.45708367 0.5163708
vt 0.44246438 0.43042937
vt 0.45722148 0.43039858
vt 0.4440899 0.015200056
vt 0.45790586 0.010103621
vt 0.47389087 0.4303877
vt 0.47349253 0.0041267355
vt 0.4788281 0.0020091613
vt 0.48849297 0.002002575
vt 0.47397128 0.5163599
vt 0.49043912 0.576777
vt 0.4899507 0.43039843
vt 0.5006326 0.0020110984
vt 0.5029455 0.43042937
vt 0.49023753 0.5163708
vt 0.50340027 0.516402
vt 0.50371987 0.5768083
vt 0.5039791 0.6258127
vt 0.73534596 0.8309755
vt 0.735346 0.23252918
vt 0.7256812 0.23252673
vt 0.7271581 0.83097327
vt 0.7162129 0.8309424
vt 0.71354157 0.2325068
vt 0.47016683 0.9266335
vt 0.4883232 0.92976654
vt 0.4883232 0.85006934
vt 0.45477465 0.9179107
vt 0.44448996 0.9049264
vt 0.44087842 0.88965714
vt 0.44448996 0.87442756
vt 0.45477465 0.8615563
vt 0.47016683 0.85300285
vt 0.679965 0.59262615
vt 0.6950557 0.0031682034
vt 0.68282557 0.0020025154
vt 0.6935496 0.5938995
vt 0.7090341 0.5942464
vt 0.70903414 0.003754445
vt 0.8596411 0.7368525
vt 0.86300707 0.7199298
vt 0.8725928 0.70558304
vt 0.8630071 0.753775
vt 0.8869388 0.6959965
vt 0.8725928 0.7681208
vt 0.90386105 0.6926296
vt 0.8869388 0.7777059
vt 0.90386105 0.7810712
vt 0.51232415 0.4589299
vt 0.50896007 0.4717097
vt 0.50851536 0.45896718
vt 0.5213508 0.4619731
vt 0.51828617 0.45905924
vt 0.51816785 0.4748565
vt 0.5182849 0.43054768
vt 0.52135056 0.4306181
vt 0.5183085 0.37143365
vt 0.5325836 0.4745904
vt 0.52619976 0.48399624
vt 0.54045695 0.49356076
vt 0.5318328 0.49773708
vt 0.54377216 0.5159967
vt 0.53420967 0.5139874
vt 0.5425971 0.5311152
vt 0.53296834 0.53027314
vt 0.5420246 0.5384821
vt 0.5310672 0.5359073
vt 0.5325989 0.4317102
vt 0.5351557 0.55704683
vt 0.5234405 0.535982
vt 0.5348413 0.003764846
vt 0.52899927 0.56563073
vt 0.5168204 0.5380964
vt 0.5122435 0.56579745
vt 0.51134753 0.54012245
vt 0.51256275 0.5767738
vt 0.53505933 0.5765536
vt 0.5497978 0.57640934
vt 0.54202944 0.5332461
vt 0.5437694 0.5065353
vt 0.5502014 0.60814357
vt 0.5477647 0.50649613
vt 0.53546304 0.6082879
vt 0.5129664 0.6085081
vt 0.5510776 0.6493406
vt 0.55549645 0.49868637
vt 0.554883 0.50827295
vt 0.5426071 0.4347522
vt 0.5424913 0.42320934
vt 0.5552381 0.42308456
vt 0.5448399 0.109382994
vt 0.55549645 0.10927866
vt 0.53633934 0.6494849
vt 0.5138427 0.6497052
vt 0.55167377 0.6814747
vt 0.5369356 0.681619
vt 0.5526117 0.71110034
vt 0.514439 0.68183917
vt 0.5485154 0.7187025
vt 0.51482725 0.70743746
vt 0.5372451 0.73312587
vt 0.5147485 0.7333461
vt 0.6754577 0.5636342
vt 0.6754577 0.61264056
vt 0.66053474 0.61262983
vt 0.6606423 0.5636237
vt 0.6434332 0.6125708
vt 0.6754577 0.50322545
vt 0.6436627 0.5635651
vt 0.6607748 0.50321513
vt 0.6754577 0.41724923
vt 0.6439455 0.503157
vt 0.66096354 0.417239
vt 0.67541224 0.002002575
vt 0.644348 0.4171818
vt 0.66183823 0.005383738
vt 0.6462768 0.0065214415
vt 0.6023875 0.55665433
vt 0.5917586 0.53915596
vt 0.5920545 0.53385293
vt 0.587948 0.5321719
vt 0.58072513 0.50824964
vt 0.580128 0.51783913
vt 0.56897706 0.49653155
vt 0.5799597 0.43609792
vt 0.5721042 0.43566477
vt 0.5798299 0.42449635
vt 0.5620406 0.43509278
vt 0.56000376 0.47847745
vt 0.5942114 0.00261844
vt 0.58328354 0.0020025154
vt 0.59683824 0.10673324
vt 0.59767497 0.09110073
vt 0.6023875 0.003058203
vt 0.50848645 0.37120804
vt 0.50856566 0.17227717
vt 0.5183877 0.1725028
vt 0.5221107 0.17259683
vt 0.51842237 0.08543754
vt 0.5223672 0.085538365
vt 0.5226115 0.0025943299
vt 0.5086333 0.0020025154
vt 0.5086003 0.08521194
vt 0.30482382 0.77140176
vt 0.320231 0.7744565
vt 0.3202584 0.7803254
vt 0.28698373 0.780373
vt 0.3202584 0.8158827
vt 0.253709 0.78042054
vt 0.2917493 0.7626653
vt 0.28300446 0.74959284
vt 0.26847184 0.73116827
vt 0.27991414 0.7341904
vt 0.26920307 0.72872865
vt 0.28098944 0.7287118
vt 0.26593256 0.8159603
vt 0.32016832 0.83833265
vt 0.29566842 0.83836764
vt 0.3813831 0.10582671
vt 0.40603557 0.70423865
vt 0.38158357 0.7042076
vt 0.40583506 0.10585783
vt 0.4372128 0.71837837
vt 0.43714884 0.10574693
vt 0.4059159 0.014270939
vt 0.4372128 0.03326378
vt 0.38146392 0.014239855
vt 0.3814747 0.0020025154
vt 0.4099876 0.0020177444
vt 0.3496828 0.6204538
vt 0.30365252 0.002002575
vt 0.34023923 0.007751264
vt 0.30950108 0.49025473
vt 0.2538141 0.021938212
vt 0.2537225 0.62039745
vt 0.3496717 0.69293797
vt 0.3103428 0.69292945
vt 0.253709 0.7085679
vt 0.3106996 0.7242044
vt 0.25424817 0.7242044
vt 0.35095745 0.7242044
vt 0.3731093 0.7242044
vt 0.37687576 0.7119559
vt 0.8118985 0.6946
vt 0.8001368 0.6948031
vt 0.7962062 0.104667075
vt 0.8118986 0.10439602
vt 0.795627 0.017722912
vt 0.8118985 0.017441846
vt 0.8012431 0.0021866043
vt 0.8118985 0.0020025154
vt 0.1911566 0.5552295
vt 0.24375953 0.5596208
vt 0.23810634 0.5919026
vt 0.19296199 0.58800614
vt 0.2317904 0.60795426
vt 0.16812073 0.5533064
vt 0.19145834 0.6021606
vt 0.22297488 0.6319302
vt 0.092448816 0.5793307
vt 0.19122696 0.62867856
vt 0.18951492 0.6363291
vt 0.098712295 0.5888375
vt 0.08717549 0.61802167
vt 0.08674558 0.62522835
vt 0.18778099 0.6675934
vt 0.08454417 0.6560715
vt 0.24375957 0.99681646
vt 0.052524894 0.99295443
vt 0.04826261 0.58425975
vt 0.036725804 0.6134439
vt 0.036295906 0.6206506
vt 0.034094483 0.6514936
vt 0.0020754933 0.98837364
vt 0.047792897 0.9979245
vt 0.008564651 0.9944172
vt 0.06565635 0.57687294
vt 0.07490989 0.5455251
vt 0.06670024 0.56343937
vt 0.066969395 0.5563856
vt 0.070488095 0.5303869
vt 0.06351778 0.5292914
vt 0.10412731 0.53536755
vt 0.06412421 0.50144553
vt 0.15585867 0.517845
vt 0.05712329 0.5001097
vt 0.16426049 0.5442708
vt 0.18837179 0.5478407
vt 0.20068114 0.5393002
vt 0.17085987 0.5148817
vt 0.05416953 0.4637353
vt 0.047299124 0.46282527
vt 0.13548256 0.47393465
vt 0.14732312 0.47460306
vt 0.05038719 0.43343747
vt 0.043676436 0.43379524
vt 0.12887415 0.43002427
vt 0.1406833 0.43104565
vt 0.14201361 0.38741174
vt 0.026360512 0.37219742
vt 0.019068941 0.37114495
vt 0.13020448 0.38639033
vt 0.13762428 0.30294555
vt 0.1494334 0.30396694
vt 0.15017493 0.29164073
vt 0.16371386 0.06658366
vt 0.02014985 0.2939896
vt 0.018556029 0.36395153
vt 0.1551417 0.011753917
vt 0.16695085 0.012775302
vt 0.046106428 0.0020754933
vt 0.67697346 0.9477525
vt 0.6544764 0.9478647
vt 0.6544764 0.91238624
vt 0.67697346 0.912274
vt 0.6875285 0.9476998
vt 0.6547644 0.89434946
vt 0.6875285 0.9122213
vt 0.6694463 0.89427626
vt 0.6551158 0.8674968
vt 0.6795193 0.894226
vt 0.66451114 0.86744994
vt 0.6736166 0.86740446
vt 0.833568 0.0020494242
vt 0.8388026 0.0020726998
vt 0.83873653 0.036046512
vt 0.8335019 0.036023267
vt 0.82301295 0.0020025154
vt 0.84322804 0.38612893
vt 0.82294685 0.035976328
vt 0.8269608 0.38605466
vt 0.8429054 0.39268267
vt 0.8164059 0.38600186
vt 0.8262994 0.3926089
vt 0.8216402 0.39268267
vt 0.82031894 0.46876135
vt 0.83874714 0.8308215
vt 0.8164059 0.8308215
vt 0.833568 0.46876073
vt 0.8206323 0.43556073
vt 0.8338812 0.43556008
vt 0.82069963 0.42779598
vt 0.8339487 0.42779538
vt 0.8216425 0.39719078
vt 0.83489156 0.3971901
vt 0.96706045 0.7788387
vt 0.9649342 0.76118934
vt 0.9755083 0.7492638
vt 0.9755083 0.7778214
vt 0.98347855 0.57687217
vt 0.98347855 0.59941363
vt 0.96435857 0.5902285
vt 0.96435857 0.57695365
vt 0.7162945 0.93722403
vt 0.7295874 0.9737991
vt 0.7190112 0.9737957
vt 0.7254182 0.93722695
vt 0.73483247 0.9738008
vt 0.73483247 0.93723
vt 0.85115117 0.1609237
vt 0.8655046 0.16109605
vt 0.8656579 0.20027898
vt 0.8513046 0.20010664
vt 0.8670395 0.24140854
vt 0.8492986 0.24119548
vt 0.8479171 0.20006593
vt 0.8477354 0.1536626
vt 0.85123307 0.13981183
vt 0.84811026 0.10636074
vt 0.85817665 0.120699294
vt 0.8655864 0.13998418
vt 0.8657385 0.1207901
vt 0.8582613 0.1100227
vt 0.8658231 0.11011342
vt 0.86652833 0.04830084
vt 0.85217494 0.048128434
vt 0.852562 0.014707334
vt 0.8491672 0.0154023245
vt 0.86703956 0.0022155424
vt 0.8492986 0.0020025154
vt 0.86691535 0.014879681
vt 0.7127563 0.88260055
vt 0.71295816 0.84798133
vt 0.7307351 0.84798133
vt 0.7305333 0.88260055
vt 0.7078382 0.9327166
vt 0.73037964 0.9327167
vt 0.7020927 0.8709953
vt 0.69726235 0.9327167
vt 0.69385624 0.87546486
vt 0.69236463 0.8503932
vt 0.901196 0.92359704
vt 0.901196 0.9820949
vt 0.88345385 0.9820558
vt 0.88345385 0.923558
vt 0.7398534 0.43918464
vt 0.76018274 0.23250665
vt 0.7657631 0.23754747
vt 0.7455356 0.44469836
vt 0.77043146 0.23754801
vt 0.7647029 0.48941123
vt 0.78707075 0.23754801
vt 0.78707075 0.48946178
vt 0.7870585 0.4967061
vt 0.764673 0.4967062
vt 0.7538949 0.50125283
vt 0.7412707 0.5198546
vt 0.7412707 0.5012632
vt 0.7538949 0.51984423
vt 0.76491076 0.519805
vt 0.76491076 0.50121355
vt 0.7797576 0.6880691
vt 0.7611629 0.6881354
vt 0.7797576 0.72731936
vt 0.7398534 0.688153
vt 0.7611629 0.72738564
vt 0.7398534 0.72740316
vt 0.9477973 0.7833564
vt 0.96042156 0.78334594
vt 0.96042156 0.8694086
vt 0.9477973 0.869419
vt 0.93678147 0.78339565
vt 0.93678147 0.8694582
vt 0.9681798 0.49367243
vt 0.9555557 0.42530358
vt 0.9681798 0.42529318
vt 0.9555557 0.4936828
vt 0.9445398 0.42534283
vt 0.9445398 0.49372208
vt 0.4331759 0.9303296
vt 0.4331759 0.97969276
vt 0.42055175 0.9797032
vt 0.42055175 0.93034005
vt 0.40953583 0.9797424
vt 0.40953583 0.9303793
vt 0.59991705 0.60212994
vt 0.5813152 0.5616334
vt 0.5999171 0.5634241
vt 0.5813152 0.6003393
vt 0.5600038 0.5611615
vt 0.5850813 0.7707584
vt 0.5600038 0.59986734
vt 0.5740612 0.76969767
vt 0.5850813 0.7890919
vt 0.5614358 0.7694179
vt 0.5740612 0.7880311
vt 0.5614359 0.7877515
vt 0.9478016 0.778559
vt 0.93678147 0.77749825
vt 0.93678147 0.6926296
vt 0.9478016 0.6936904
vt 0.9604268 0.6939699
vt 0.9604269 0.77883863
vt 0.96315473 0.32298216
vt 0.96315473 0.39041284
vt 0.95213467 0.38935205
vt 0.95213467 0.32192138
vt 0.9395094 0.3216418
vt 0.9395094 0.38907245
vt 0.3813831 0.97900796
vt 0.3813831 0.9303296
vt 0.39240316 0.9313904
vt 0.39240316 0.9800688
vt 0.40502846 0.93167
vt 0.4050285 0.98034835
vt 0.93500197 0.32168302
vt 0.92119247 0.3209873
vt 0.93500197 0.31823966
vt 0.92251015 0.32416847
vt 0.90948534 0.32881048
vt 0.91192013 0.33124518
vt 0.9016628 0.3405182
vt 0.90484405 0.34183577
vt 0.898916 0.35432813
vt 0.90235925 0.35432792
vt 0.9016628 0.3681377
vt 0.90484405 0.36681983
vt 0.90948534 0.3798446
vt 0.91192013 0.37740973
vt 0.92119247 0.38766664
vt 0.92251015 0.3844854
vt 0.93500197 0.39041287
vt 0.93500197 0.38696954
vt 0.9687722 0.24331631
vt 0.96925354 0.23108698
vt 0.97961915 0.23049937
vt 0.9791378 0.24272873
vt 0.96925354 0.2572685
vt 0.97961915 0.25668088
vt 0.9344182 0.68220425
vt 0.9469105 0.6846839
vt 0.9469105 0.68812215
vt 0.93310046 0.6853808
vt 0.9238279 0.67513984
vt 0.9213929 0.67757124
vt 0.9167516 0.6645663
vt 0.9135703 0.66588235
vt 0.9142667 0.6520933
vt 0.9108233 0.65209365
vt 0.9167516 0.6396197
vt 0.9135703 0.63830435
vt 0.9238279 0.62904465
vt 0.92139304 0.62661374
vt 0.9344182 0.6219779
vt 0.93310046 0.6188016
vt 0.9469105 0.6194955
vt 0.9469105 0.61605734
vt 0.5820133 0.90131557
vt 0.57098407 0.900355
vt 0.5600038 0.79359937
vt 0.5761523 0.79500574
vt 0.5946406 0.9014803
vt 0.5946406 0.7952471
vt 0.50397915 0.6327951
vt 0.48474213 0.63414764
vt 0.50397915 0.6303202
vt 0.48568925 0.6364342
vt 0.46843383 0.64504564
vt 0.4701838 0.6467956
vt 0.45753697 0.6613548
vt 0.4598234 0.6623018
vt 0.45371047 0.6805923
vt 0.45618534 0.6805922
vt 0.45753697 0.69982946
vt 0.4598234 0.6988823
vt 0.46843383 0.7161376
vt 0.4701838 0.7143874
vt 0.48474216 0.72703385
vt 0.48568925 0.72474724
vt 0.50397915 0.7308594
vt 0.50397915 0.7283845
vt 0.86470604 0.39220217
vt 0.8477354 0.39056855
vt 0.8477354 0.34466812
vt 0.86470604 0.34630173
vt 0.8841486 0.39263272
vt 0.8841486 0.3467323
vt 0.9687722 0.27573165
vt 0.96879005 0.26177588
vt 0.97931826 0.26179796
vt 0.9793005 0.27575377
vt 0.96879005 0.28790966
vt 0.97931826 0.28793174
vt 0.47497413 0.7353667
vt 0.48759833 0.7353828
vt 0.48832318 0.845562
vt 0.46983948 0.8455383
vt 0.4639582 0.7353828
vt 0.45371047 0.845562
vt 0.8358468 0.97016454
vt 0.8164059 0.9701805
vt 0.8164059 0.9236344
vt 0.8358468 0.9236184
vt 0.85281086 0.9701041
vt 0.85281086 0.92355794
vt 0.5425896 0.9146223
vt 0.5426257 0.931888
vt 0.4960789 0.9319025
vt 0.49604288 0.91463685
vt 0.54257697 0.89510906
vt 0.49603018 0.8951236
vt 0.5425896 0.8763191
vt 0.49604288 0.8763336
vt 0.5426257 0.86111295
vt 0.4960789 0.8611274
vt 0.4022827 0.8332157
vt 0.391071 0.8332391
vt 0.3813831 0.722932
vt 0.39779875 0.72289765
vt 0.41495386 0.8332075
vt 0.41635123 0.7228856
vt 0.4271554 0.8332157
vt 0.43421617 0.72289765
vt 0.43702975 0.8332392
vt 0.4486737 0.722932
vt 0.8097929 0.8937608
vt 0.8098188 0.9061551
vt 0.79929036 0.9061584
vt 0.79926443 0.8937641
vt 0.8097838 0.87975305
vt 0.7992554 0.87975633
vt 0.8097929 0.86626446
vt 0.79926443 0.86626774
vt 0.8098188 0.85534847
vt 0.79929036 0.8553518
vt 0.3413292 0.8144022
vt 0.33043194 0.7981193
vt 0.32660535 0.77891123
vt 0.33043197 0.7597023
vt 0.3576381 0.8252812
vt 0.3413292 0.743417
vt 0.37687573 0.82909995
vt 0.3576381 0.7325346
vt 0.37687573 0.7287117
vt 0.9076313 0.23969783
vt 0.89567024 0.23968603
vt 0.89542973 0.23968579
vt 0.9076313 0.17131765
vt 0.9175056 0.23972435
vt 0.9175056 0.17134415
vt 0.89542973 0.17130561
vt 0.8827586 0.23969005
vt 0.8827585 0.17130987
vt 0.87154686 0.17132978
vt 0.87154686 0.23970993
vt 0.77380925 0.020632721
vt 0.76393497 0.0020145853
vt 0.77380925 0.0020410498
vt 0.76393497 0.020606257
vt 0.7911197 0.18874855
vt 0.7517334 0.020594187
vt 0.7517334 0.0020025154
vt 0.7390622 0.002006777
vt 0.77445185 0.18870382
vt 0.7911197 0.22799931
vt 0.77445185 0.22795461
vt 0.75385576 0.1886835
vt 0.75385576 0.22793429
vt 0.7390623 0.020598449
vt 0.7278505 0.002026685
vt 0.7278505 0.020618357
vt 0.7324668 0.1886907
vt 0.7324668 0.22794147
vt 0.71354157 0.18872435
vt 0.71354157 0.22797512
vt 0.37256408 0.91970956
vt 0.36268973 0.83361936
vt 0.37256408 0.8336459
vt 0.36268973 0.9196831
vt 0.3504882 0.91967106
vt 0.35072866 0.83360755
vt 0.3504882 0.8336074
vt 0.33781704 0.91967535
vt 0.33781704 0.8336116
vt 0.32660535 0.8336315
vt 0.32660535 0.91969526
vt 0.5847663 0.95536345
vt 0.5946407 0.9060262
vt 0.5946407 0.95539
vt 0.5847663 0.90599966
vt 0.57256484 0.9059876
vt 0.57256484 0.9553514
vt 0.55989367 0.9553557
vt 0.55989367 0.9059919
vt 0.5486819 0.9553757
vt 0.5486819 0.9060118
vt 0.55549645 0.7422106
vt 0.5327397 0.7423756
vt 0.55549645 0.73785347
vt 0.53440964 0.74640095
vt 0.51344746 0.7552488
vt 0.51653314 0.7583295
vt 0.5005568 0.7745131
vt 0.50458837 0.77618015
vt 0.4960302 0.79723585
vt 0.5003939 0.7972355
vt 0.5005568 0.8199576
vt 0.50458837 0.81828976
vt 0.51344746 0.8392192
vt 0.51653314 0.8361379
vt 0.5327397 0.8520882
vt 0.53440964 0.84806263
vt 0.55549645 0.8566055
vt 0.55549645 0.85224843
vt 0.898916 0.24600635
vt 0.9219132 0.3137134
vt 0.89891607 0.3137323
vt 0.92191315 0.24598731
vt 0.9419805 0.31364188
vt 0.9419805 0.24591587
vt 0.60689497 0.93419087
vt 0.60689497 0.8821714
vt 0.6163608 0.88117826
vt 0.6298941 0.93470025
vt 0.6298941 0.8679138
vt 0.6499691 0.93663275
vt 0.6499691 0.86984634
vt 0.60689497 0.86740446
vt 0.60689497 0.87480867
vt 0.8164278 0.85331666
vt 0.81647605 0.8353289
vt 0.88420296 0.8353289
vt 0.8841547 0.85331666
vt 0.8164059 0.8755439
vt 0.88413274 0.8755439
vt 0.81641364 0.89862657
vt 0.8841405 0.89862657
vt 0.8164498 0.9190507
vt 0.8841768 0.9190506
vt 0.7398534 0.79137886
vt 0.7443798 0.7686222
vt 0.7572701 0.7493296
vt 0.7443798 0.81413496
vt 0.7765616 0.7364382
vt 0.7572701 0.83342624
vt 0.7993176 0.73191047
vt 0.7765616 0.84631586
vt 0.7993176 0.8508412
vt 0.5366989 0.93640983
vt 0.5399557 0.9371401
vt 0.5435835 0.94766915
vt 0.54221725 0.95648205
vt 0.533877 0.954612
vt 0.5435835 0.97331595
vt 0.5352433 0.97144586
vt 0.28299883 0.8443786
vt 0.29178998 0.842875
vt 0.30115604 0.8448129
vt 0.26760593 0.8532637
vt 0.30115604 0.9234084
vt 0.25732067 0.8665754
vt 0.25370902 0.8822872
vt 0.25732067 0.8980073
vt 0.2676059 0.91134214
vt 0.28299883 0.9202618
vt 0.97423804 0.81956434
vt 0.9664396 0.79998904
vt 0.97574884 0.80123997
vt 0.96492887 0.81831336
vt 0.9757488 0.8359741
vt 0.96643966 0.8347232
vt 0.9625025 0.95101583
vt 0.97324467 0.96556854
vt 0.96300817 0.9655278
vt 0.972739 0.9510567
vt 0.962325 0.9332099
vt 0.9725615 0.93325067
vt 0.9625026 0.9148203
vt 0.972739 0.9148611
vt 0.9630083 0.89864707
vt 0.97324467 0.89868784
vt 0.9607532 0.06016887
vt 0.9751364 0.06299464
vt 0.9607539 0.06304736
vt 0.9751357 0.06011618
vt 0.9607356 0.046109833
vt 0.97511816 0.046057172
vt 0.96071553 0.0329291
vt 0.975098 0.03287638
vt 0.9607054 0.015706576
vt 0.9750879 0.015653886
vt 0.9607539 0.0020552059
vt 0.9751364 0.0020025154
vt 0.6798587 0.7703147
vt 0.6774311 0.74064493
vt 0.6805474 0.7368978
vt 0.67701143 0.7691057
vt 0.66307855 0.7648946
vt 0.6635839 0.74980044
vt 0.6500095 0.761369
vt 0.6501962 0.75257903
vt 0.63296205 0.75487614
vt 0.6352548 0.7513289
vt 0.61955196 0.7430811
vt 0.6228544 0.7421419
vt 0.606895 0.7118661
vt 0.6102685 0.7112309
vt 0.60753924 0.6713106
vt 0.61095715 0.6716274
vt 0.6110721 0.6505926
vt 0.6141939 0.6520262
vt 0.6274937 0.6306807
vt 0.62926084 0.63363665
vt 0.6438161 0.6266726
vt 0.6439456 0.6307027
vt 0.66736317 0.62840366
vt 0.66669625 0.6329393
vt 0.67841756 0.62399685
vt 0.6775697 0.64180154
vt 0.6805474 0.6451753
vt 0.32109898 0.95545363
vt 0.30674464 0.955493
vt 0.30580395 0.92464304
vt 0.3201583 0.9246038
vt 0.30566335 0.88408524
vt 0.32001773 0.88404596
vt 0.30579433 0.8632767
vt 0.32014868 0.8632374
vt 0.30674464 0.84291434
vt 0.32109898 0.842875
vt 0.49603176 0.93640983
vt 0.5104148 0.936411
vt 0.5104201 0.9529331
vt 0.4960371 0.9529319
vt 0.5104132 0.9765142
vt 0.4960302 0.97651297
vt 0.4960371 0.9877597
vt 0.5104202 0.9877609
vt 0.8655864 0.13998418
vt 0.86574143 0.14327617
vt 0.8513881 0.14310382
vt 0.85123307 0.13981183
vt 0.52931 0.9474679
vt 0.51498705 0.9364284
vt 0.5293696 0.93640983
vt 0.51492745 0.94748664
vt 0.52932364 0.97035277
vt 0.5149411 0.9703714
vt 0.5293696 0.9850564
vt 0.51498705 0.98507506
vt 0.9589509 0.5153716
vt 0.94549775 0.4995501
vt 0.95985115 0.49936235
vt 0.9445975 0.5155594
vt 0.958817 0.5342958
vt 0.9444635 0.53448355
vt 0.95892316 0.5733802
vt 0.9445698 0.5735679
vt 0.95985115 0.6057898
vt 0.94549775 0.60597754
vt 0.4526126 0.94641256
vt 0.43824807 0.934274
vt 0.45263112 0.93427384
vt 0.4382296 0.94641274
vt 0.4526094 0.9613704
vt 0.43822634 0.9613706
vt 0.45261407 0.97490466
vt 0.43823102 0.9749048
vt 0.45263112 0.9891156
vt 0.43824807 0.98911583
vt 0.85241187 0.044298925
vt 0.86676526 0.0444713
vt 0.86652833 0.04830084
vt 0.85217494 0.048128434
vt 0.804298 0.7319105
vt 0.8118696 0.7322009
vt 0.8113966 0.7429226
vt 0.8038249 0.74263215
vt 0.81077945 0.75874865
vt 0.804418 0.7585047
vt 0.810396 0.76921946
vt 0.8053809 0.7690271
vt 0.8101386 0.77720565
vt 0.80636084 0.7770608
vt 0.80993944 0.7842223
vt 0.80800927 0.7841483
vt 0.8079566 0.7852918
vt 0.80988675 0.7853658
vt 0.301156 0.9289061
vt 0.2877396 0.9369862
vt 0.2905028 0.9279158
vt 0.29242405 0.9384278
vt 0.28894946 0.95397043
vt 0.2840625 0.9537174
vt 0.28953966 0.9647269
vt 0.28548107 0.96612006
vt 0.29404998 0.9735429
vt 0.2911205 0.97592723
vt 0.301156 0.9818194
vt 0.29996315 0.9827969
vt 0.788036 0.5252482
vt 0.78426504 0.5253757
vt 0.78610927 0.51550484
vt 0.788036 0.5154397
vt 0.80993944 0.7842223
vt 0.8118696 0.7842963
vt 0.81181693 0.78543985
vt 0.80988675 0.7853658
vt 0.80383736 0.82839036
vt 0.80763435 0.83753407
vt 0.80385375 0.83753556
vt 0.80885637 0.82838833
vt 0.8038276 0.81625384
vt 0.8101939 0.8162513
vt 0.8038249 0.79928565
vt 0.8114024 0.79928267
vt 0.8114024 0.7899473
vt 0.8038249 0.78995025
vt 0.96426487 0.23049934
vt 0.96426076 0.3137323
vt 0.94755846 0.3137323
vt 0.94648784 0.23049937
vt 0.69236463 0.8434675
vt 0.69236463 0.59875375
vt 0.7090342 0.5987602
vt 0.7090342 0.843474
vt 0.16371386 0.06658366
vt 0.23981611 0.07337129
vt 0.21985534 0.2978553
vt 0.15017493 0.29164073
vt 0.9601423 0.16290326
vt 0.9612171 0.086816885
vt 0.97791994 0.08681507
vt 0.97791994 0.16290136
vt 0.927622 0.59465754
vt 0.92569035 0.6115501
vt 0.91082346 0.6115501
vt 0.9108233 0.59799904
vt 0.32933447 0.92421794
vt 0.34590113 0.924217
vt 0.34595427 0.98475766
vt 0.32931992 0.98475766
vt 0.9371871 0.06467665
vt 0.9371859 0.078160204
vt 0.92231846 0.078160204
vt 0.9205406 0.061369427
vt 0.90354764 0.83532894
vt 0.90354764 0.8951018
vt 0.8887103 0.89525217
vt 0.8887103 0.83547914
vt 0.44909927 0.63032305
vt 0.44909927 0.6645475
vt 0.44172016 0.6645446
vt 0.44172016 0.63032013
vt 0.9063144 0.4958007
vt 0.9063144 0.5009176
vt 0.8938225 0.503403
vt 0.8892024 0.49580154
vt 0.8832325 0.5104797
vt 0.87615645 0.5210703
vt 0.8596411 0.523313
vt 0.8596411 0.5421282
vt 0.8736717 0.5335624
vt 0.87615645 0.54605436
vt 0.8892024 0.5687659
vt 0.8832325 0.55664426
vt 0.89382255 0.56371987
vt 0.896596 0.56876546
vt 0.9063144 0.56620413
vt 0.9063144 0.568765
vt 0.9063144 0.5880921
vt 0.896596 0.58809257
vt 0.8892024 0.58809286
vt 0.8892024 0.58977836
vt 0.896596 0.58977795
vt 0.89382374 0.6805314
vt 0.9063159 0.6830112
vt 0.9063159 0.68812037
vt 0.8892034 0.6881222
vt 0.8832333 0.67346704
vt 0.87615705 0.6628935
vt 0.8596411 0.6606567
vt 0.8596411 0.6418697
vt 0.8736721 0.6504205
vt 0.87615705 0.63794696
vt 0.8892034 0.6152675
vt 0.8832333 0.62737185
vt 0.89382374 0.6203052
vt 0.89659727 0.61526674
vt 0.9063159 0.6178227
vt 0.9063159 0.61526567
vt 0.89659727 0.5959687
vt 0.9063159 0.59596765
vt 0.8892034 0.5959695
vt 0.89659727 0.5942857
vt 0.8892034 0.5942865
vt 0.957256 0.2198105
vt 0.9236251 0.22263952
vt 0.9220129 0.20563705
vt 0.9556439 0.20280807
vt 0.9236251 0.17413463
vt 0.957256 0.17130561
vt 0.84325445 0.8308215
vt 0.84325445 0.79659706
vt 0.8744392 0.79644525
vt 0.8744392 0.83066976
vt 0.30566335 0.9942253
vt 0.30566335 0.9600003
vt 0.32439467 0.96000624
vt 0.32439467 0.9942311
vt 0.8944087 0.31888017
vt 0.8944087 0.33820722
vt 0.8846903 0.3382077
vt 0.8846903 0.31888065
vt 0.8846903 0.34016037
vt 0.8944087 0.31631923
vt 0.87729675 0.34016076
vt 0.8819168 0.31383502
vt 0.87729675 0.318881
vt 0.8713268 0.3067594
vt 0.8642508 0.2961695
vt 0.8477354 0.2922434
vt 0.861766 0.2836776
vt 0.8642508 0.27118543
vt 0.8477354 0.2734282
vt 0.87729675 0.24591671
vt 0.8713268 0.26059487
vt 0.8819168 0.25351816
vt 0.8944087 0.24591587
vt 0.8944087 0.2510327
vt 0.44909927 0.6690577
vt 0.44909927 0.7032821
vt 0.44172016 0.7032792
vt 0.44172016 0.66905487
vt 0.8938236 0.4837026
vt 0.9063159 0.4861824
vt 0.9063159 0.49129155
vt 0.88920337 0.4912934
vt 0.8832333 0.47663823
vt 0.87615705 0.46606466
vt 0.8596411 0.4638279
vt 0.8596411 0.4450409
vt 0.8736721 0.45359167
vt 0.87615705 0.44111812
vt 0.88920337 0.41843867
vt 0.8832333 0.43054304
vt 0.8938236 0.42347637
vt 0.89659727 0.41843787
vt 0.9063159 0.42099392
vt 0.9063159 0.41843686
vt 0.9063159 0.3991388
vt 0.88920337 0.39914066
vt 0.89659727 0.39913982
vt 0.88920337 0.3971909
vt 0.89659727 0.3971901
vt 0.95781773 0.947152
vt 0.9241868 0.949981
vt 0.9225747 0.9329785
vt 0.9562056 0.9301495
vt 0.9241868 0.90147614
vt 0.95781773 0.89864707
vt 0.4883232 0.93427384
vt 0.4883232 0.96849823
vt 0.4571385 0.96865
vt 0.4571385 0.9344256
vt 0.96435857 0.5335872
vt 0.96435857 0.49936235
vt 0.98308986 0.49936822
vt 0.98308986 0.5335931
vt 0.87154686 0.07258571
vt 0.87154686 0.06329466
vt 0.8873482 0.06312696
vt 0.90707195 0.07220871
vt 0.90242994 0.03715483
vt 0.9076102 0.081930734
vt 0.87208503 0.08230773
vt 0.91603315 0.07351837
vt 0.91603315 0.03841529
vt 0.90707195 0.037105598
vt 0.9031496 0.03591565
vt 0.91603315 0.0033122082
vt 0.90707195 0.0020025154
vt 0.8873482 0.009039678
vt 0.87154686 0.0023795147
vt 0.87154686 0.009207346
vt 0.95563495 0.086828895
vt 0.9201083 0.122411944
vt 0.9201083 0.08681507
vt 0.95563495 0.12242577
vt 0.9201083 0.15800889
vt 0.95563495 0.15802272
vt 0.879987 0.08681888
vt 0.91558456 0.08681507
vt 0.91560096 0.09570748
vt 0.88000345 0.09571127
vt 0.9031087 0.100893326
vt 0.91560096 0.09841091
vt 0.89251834 0.10796002
vt 0.885442 0.11853514
vt 0.88295716 0.13100867
vt 0.8800034 0.1312548
vt 0.88300616 0.13125448
vt 0.885442 0.14348166
vt 0.87154686 0.13079064
vt 0.87154686 0.09524716
vt 0.87154686 0.16633414
vt 0.8800034 0.16679828
vt 0.8925183 0.15405522
vt 0.9031087 0.1611196
vt 0.91560096 0.16679446
vt 0.91560096 0.16359939
vt 0.67856914 0.86289704
vt 0.67777157 0.85448456
vt 0.68697155 0.8544595
vt 0.68697155 0.8188622
vt 0.67777157 0.8188872
vt 0.68697155 0.78326476
vt 0.6574925 0.8450644
vt 0.64233327 0.85447353
vt 0.64233327 0.84505975
vt 0.672542 0.81888556
vt 0.606895 0.8544624
vt 0.62583876 0.8450545
vt 0.6107892 0.81886625
vt 0.606895 0.81886506
vt 0.6100119 0.81751347
vt 0.62583876 0.7899824
vt 0.606895 0.7832676
vt 0.64233327 0.7832787
vt 0.64233327 0.78998756
vt 0.6574925 0.78999233
vt 0.67777157 0.7832898
vt 0.6733194 0.8175333
vt 0.67856914 0.774822
vt 0.389823 0.8377483
vt 0.4254193 0.8377465
vt 0.42549106 0.8462361
vt 0.38989475 0.84623796
vt 0.38138312 0.8461888
vt 0.3813831 0.88178575
vt 0.41299924 0.8519215
vt 0.42549106 0.8494361
vt 0.40240923 0.8589982
vt 0.39533317 0.8695888
vt 0.38989475 0.881835
vt 0.38138312 0.9173827
vt 0.38989475 0.91743183
vt 0.3928974 0.88183475
vt 0.3928484 0.8820809
vt 0.39533317 0.89457285
vt 0.40240923 0.9051627
vt 0.41299924 0.91223836
vt 0.42549106 0.9174301
vt 0.42549106 0.9147226
vt 0.4254193 0.9258205
vt 0.389823 0.92582226
vt 0.27582097 0.9822233
vt 0.2547227 0.98244715
vt 0.2537588 0.95412135
vt 0.253709 0.9526582
vt 0.27480724 0.95243424
vt 0.25472274 0.9281397
vt 0.27582097 0.9279158
vt 0.57785124 0.991694
vt 0.57785124 0.9598985
vt 0.5989917 0.95989734
vt 0.5989917 0.9916929
vt 0.5989917 0.9764658
vt 0.794748 0.87133735
vt 0.794748 0.9030936
vt 0.7673007 0.91886085
vt 0.76730067 0.85534847
vt 0.7398534 0.90287197
vt 0.7398534 0.8711158
vt 0.37156075 0.9518582
vt 0.37256408 0.9792965
vt 0.35146496 0.97928834
vt 0.35046163 0.95185006
vt 0.37256408 0.9242251
vt 0.35051093 0.95049274
vt 0.35146496 0.9242169
vt 0.9617634 0.17130785
vt 0.9829047 0.17130561
vt 0.9829047 0.20305337
vt 0.9617634 0.18785141
vt 0.9617634 0.20305564
vt 0.6325872 0.94114083
vt 0.6484202 0.94114
vt 0.6484202 0.9754542
vt 0.6325872 0.97545505
vt 0.95470184 0.029489614
vt 0.9220369 0.0020025154
vt 0.9561981 0.0020131846
vt 0.9205406 0.029478945
vt 0.9220369 0.056851424
vt 0.95476997 0.030736156
vt 0.9561981 0.056862094
vt 0.75565475 0.9776232
vt 0.7398534 0.9507472
vt 0.75565475 0.9235359
vt 0.77145606 0.97745544
vt 0.77145606 0.9233682
vt 0.96435857 0.5723648
vt 0.96435857 0.5381022
vt 0.98019207 0.5381005
vt 0.98019207 0.57236314
vt 0.8484658 0.7801323
vt 0.852499 0.7801325
vt 0.852499 0.7898509
vt 0.8484658 0.7898506
vt 0.8451876 0.7898505
vt 0.84325445 0.78013206
vt 0.85513365 0.7582222
vt 0.85513365 0.7756247
vt 0.8511184 0.77562344
vt 0.8534557 0.75822175
vt 0.8534557 0.7239967
vt 0.8511184 0.6874298
vt 0.8453524 0.687428
vt 0.8459303 0.77562183
vt 0.8551337 0.6874311
vt 0.8551337 0.72399724
vt 0.8511184 0.48592073
vt 0.8551337 0.48592198
vt 0.8551337 0.48147833
vt 0.8531897 0.4814777
vt 0.8531897 0.44725284
vt 0.8511184 0.44265154
vt 0.84403205 0.48591852
vt 0.8551337 0.44725347
vt 0.8551337 0.39719382
vt 0.8436397 0.42603818
vt 0.8511184 0.39719257
vt 0.84325445 0.39719012
vt 0.790047 0.5012136
vt 0.7900481 0.5109323
vt 0.78426504 0.5109323
vt 0.7861942 0.50121355
vt 0.9225747 0.6926296
vt 0.9322741 0.6926333
vt 0.9322741 0.89413965
vt 0.9225747 0.89413595
vt 0.44391435 0.71750796
vt 0.44198123 0.7077895
vt 0.4490993 0.7077898
vt 0.4490993 0.7175082
vt 0.9681751 0.61471003
vt 0.96435857 0.6147105
vt 0.96435857 0.6079493
vt 0.9740772 0.6158355
vt 0.9740772 0.6079482
vt 0.9740772 0.60392106
vt 0.96435857 0.60392207
vt 0.90836847 0.9858587
vt 0.90836847 0.9364942
vt 0.91806734 0.93639123
vt 0.91806734 0.9857558
vt 0.91806734 0.6926296
vt 0.90836847 0.6971144
vt 0.90836847 0.6927325
vt 0.91806734 0.69701153
vt 0.90836847 0.8958254
vt 0.91806746 0.8957225
vt 0.90836847 0.93188393
vt 0.91806746 0.93178093
vt 0.8984093 0.89975953
vt 0.8984093 0.91692036
vt 0.8887103 0.9170233
vt 0.8887103 0.89986247
vt 0.9601423 0.07580409
vt 0.97125494 0.08230773
vt 0.96029454 0.08230773
vt 0.9711027 0.07580406
vt 0.96042037 0.07045547
vt 0.9713808 0.0704555
vt 0.5471331 0.87209463
vt 0.5471331 0.86111283
vt 0.5540726 0.8611132
vt 0.5540726 0.8720949
vt 0.9487625 0.8837675
vt 0.9487625 0.8906985
vt 0.942772 0.89413977
vt 0.942772 0.8802778
vt 0.9367814 0.89065003
vt 0.9367814 0.8837191
vt 0.94191575 0.067357905
vt 0.94169444 0.061369456
vt 0.9526547 0.061369427
vt 0.952876 0.067357905
vt 0.9416991 0.07338912
vt 0.95265937 0.07338912
vt 0.5540725 0.876603
vt 0.5540725 0.88758516
vt 0.54714346 0.88758445
vt 0.54714346 0.8766023
vt 0.9617635 0.21613593
vt 0.9728761 0.22263955
vt 0.96191573 0.22263952
vt 0.97272384 0.21613593
vt 0.9620415 0.21078734
vt 0.97300184 0.21078734
vt 0.679965 0.6097355
vt 0.679965 0.59875375
vt 0.68690455 0.59875405
vt 0.68690455 0.60973585
vt 0.9220129 0.23063557
vt 0.9280019 0.22714688
vt 0.9339907 0.23059095
vt 0.922013 0.23756836
vt 0.9339907 0.23752378
vt 0.9280019 0.24101247
vt 0.96423006 0.8863089
vt 0.9644514 0.8922974
vt 0.95349115 0.8922974
vt 0.95326984 0.8863089
vt 0.96444666 0.8802778
vt 0.9534865 0.8802778
vt 0.9390584 0.600568
vt 0.9390584 0.6115501
vt 0.9321294 0.6115494
vt 0.9321294 0.6005672
vt 0.51816785 0.4748565
vt 0.50891197 0.5301204
vt 0.50896007 0.4717097
vt 0.51812226 0.5303319
vt 0.52619976 0.48399624
vt 0.52616096 0.5311125
vt 0.89764553 0.8308215
vt 0.8942367 0.8195429
vt 0.8994659 0.8217119
vt 0.88906336 0.8272618
vt 0.8902358 0.81554115
vt 0.88249713 0.8206941
vt 0.8880723 0.81031585
vt 0.87894654 0.8121184
vt 0.8880756 0.8046625
vt 0.8789519 0.80284035
vt 0.89024526 0.7994418
vt 0.8825127 0.7942723
vt 0.8851886 0.7916047
vt 0.8926828 0.79310143
vt 0.89425087 0.79544866
vt 0.8994659 0.7933934
vt 0.97817266 0.3507454
vt 0.9725606 0.3221133
vt 0.97817266 0.32223758
vt 0.9725606 0.35062107
vt 0.9676621 0.32164177
vt 0.9676621 0.35014954
vt 0.9676621 0.38048515
vt 0.9676621 0.35527483
vt 0.97327363 0.3552702
vt 0.97327363 0.38229424
vt 0.9781703 0.35525277
vt 0.9781703 0.38416162
vt 0.9691789 0.8652158
vt 0.9660334 0.8605157
vt 0.96492887 0.85497135
vt 0.9660334 0.84942675
vt 0.9738864 0.868356
vt 0.9691789 0.84472597
vt 0.9794393 0.8694582
vt 0.9738864 0.8415848
vt 0.9794394 0.8404814
vt 0.96730876 0.9989871
vt 0.9623251 0.9989959
vt 0.9623251 0.9700867
vt 0.96730876 0.9700779
vt 0.9729412 0.9989852
vt 0.9729412 0.97007596
vt 0.97836494 0.99899054
vt 0.97836494 0.9700813
vt 0.9827542 0.9990023
vt 0.9827541 0.97009313
vt 0.80054504 0.97911
vt 0.7976871 0.9774022
vt 0.8003438 0.9729741
vt 0.78975886 0.9726491
vt 0.80011463 0.9553888
vt 0.78213054 0.9680621
vt 0.80018526 0.93796945
vt 0.7759635 0.96433944
vt 0.80054504 0.9233682
vt 0.6219474 0.57068455
vt 0.63892555 0.57104874
vt 0.6389259 0.61948955
vt 0.6218229 0.61910355
vt 0.60689497 0.6176605
vt 0.6071242 0.5692963
vt 0.6221011 0.5109237
vt 0.60740674 0.5096794
vt 0.60780907 0.42483005
vt 0.62236315 0.42620695
vt 0.63892514 0.5112842
vt 0.6389259 0.42660668
vt 0.6234377 0.0032756408
vt 0.60985315 0.002002575
vt 0.6389223 0.0036224206
vt 0.45690832 0.625781
vt 0.44172016 0.6258127
vt 0.44190684 0.5768083
vt 0.45698684 0.576777
vt 0.47407356 0.62576985
vt 0.44213694 0.516402
vt 0.47402772 0.57676584
vt 0.49060264 0.625781
vt 0.45708367 0.5163708
vt 0.44246438 0.43042937
vt 0.45722148 0.43039858
vt 0.4440899 0.015200056
vt 0.45790586 0.010103621
vt 0.47389087 0.4303877
vt 0.47349253 0.0041267355
vt 0.4788281 0.0020091613
vt 0.48849297 0.002002575
vt 0.47397128 0.5163599
vt 0.49043912 0.576777
vt 0.4899507 0.43039843
vt 0.5006326 0.0020110984
vt 0.5029455 0.43042937
vt 0.49023753 0.5163708
vt 0.50340027 0.516402
vt 0.50371987 0.5768083
vt 0.5039791 0.6258127
vt 0.73534596 0.8309755
vt 0.7256812 0.23252673
vt 0.735346 0.23252918
vt 0.7271581 0.83097327
vt 0.7162129 0.8309424
vt 0.71354157 0.2325068
vt 0.4883232 0.85006934
vt 0.4883232 0.92976654
vt 0.47016683 0.9266335
vt 0.45477465 0.9179107
vt 0.44448996 0.9049264
vt 0.44087842 0.88965714
vt 0.44448996 0.87442756
vt 0.45477465 0.8615563
vt 0.47016683 0.85300285
vt 0.679965 0.59262615
vt 0.68282557 0.0020025154
vt 0.6950557 0.0031682034
vt 0.6935496 0.5938995
vt 0.7090341 0.5942464
vt 0.70903414 0.003754445
vt 0.9287782 0.5297047
vt 0.9399562 0.5170604
vt 0.9348378 0.49936238
vt 0.9108217 0.52815247
vt 0.9399562 0.58764595
vt 0.93022317 0.5897784
vt 0.9400325 0.47455955
vt 0.9108233 0.46199274
vt 0.9349724 0.49372208
vt 0.92879534 0.46061343
vt 0.93028027 0.3971901
vt 0.9400325 0.39967725
vt 0.9794085 0.6942053
vt 0.96493423 0.6926296
vt 0.96493423 0.71404374
vt 0.9794085 0.71561944
vt 0.69236463 0.93722403
vt 0.69236463 0.9689352
vt 0.7117872 0.97474384
vt 0.7117872 0.9430326
vt 0.533877 0.97784305
vt 0.533877 0.9901998
vt 0.5439406 0.99018
vt 0.5439406 0.9778233
vt 0.87894654 0.98520947
vt 0.87465835 0.923558
vt 0.8621781 0.923558
vt 0.8573183 0.98520947
vt 0.97306395 0.6881223
vt 0.9685501 0.62055635
vt 0.95605946 0.62055635
vt 0.95141774 0.6881223
vt 0.80906737 0.7032124
vt 0.80046105 0.70125407
vt 0.80645895 0.7099788
vt 0.7958368 0.70983124
vt 0.7909959 0.7029613
vt 0.80120003 0.71780455
vt 0.80906737 0.7200581
vt 0.80005735 0.72613984
vt 0.7918805 0.7198192
vt 0.79010326 0.72740316
vt 0.78426504 0.71995395
vt 0.7858828 0.7110947
vt 0.78435487 0.7032984
vt 0.46444026 0.9987327
vt 0.4584946 0.9897787
vt 0.4571385 0.9959283
vt 0.46820703 0.99083006
vt 0.47366235 0.997717
vt 0.4635469 0.98248374
vt 0.45727557 0.9793601
vt 0.46623448 0.97397244
vt 0.47299048 0.9810613
vt 0.47696367 0.97315735
vt 0.48180047 0.98109734
vt 0.47893623 0.99001515
vt 0.48180047 0.997414
vt 0.9616981 0.42078584
vt 0.96917486 0.41810185
vt 0.9677325 0.4119164
vt 0.95789176 0.41281402
vt 0.9524329 0.41962898
vt 0.94721794 0.41184512
vt 0.9626992 0.40453947
vt 0.96917486 0.40152335
vt 0.9602256 0.39599773
vt 0.9532523 0.4029758
vt 0.9445398 0.4028912
vt 0.94955176 0.39502898
vt 0.83624554 0.99918437
vt 0.8350234 0.9929373
vt 0.82680225 0.99918437
vt 0.8258339 0.9917215
vt 0.81754124 0.9936884
vt 0.82003856 0.9840448
vt 0.8308433 0.9835807
vt 0.8402865 0.9835806
vt 0.834788 0.9758027
vt 0.82530165 0.97468793
vt 0.8164059 0.9765924
vt 0.5581019 0.9598974
vt 0.548682 0.96532977
vt 0.5569425 0.9684496
vt 0.5654089 0.96473444
vt 0.5493828 0.9739767
vt 0.5663625 0.9738865
vt 0.5733438 0.9686947
vt 0.5733438 0.97956413
vt 0.56540895 0.98322666
vt 0.5569425 0.9793189
vt 0.5486819 0.98291695
vt 0.55810183 0.9883539
vt 0.927288 0.98308325
vt 0.93084383 0.9770212
vt 0.92257464 0.9737258
vt 0.9377558 0.98263085
vt 0.9301292 0.9674903
vt 0.92257476 0.9629764
vt 0.93084395 0.95873326
vt 0.93951154 0.97299385
vt 0.9471383 0.9773849
vt 0.94680625 0.9680965
vt 0.93951166 0.9622444
vt 0.9377558 0.9544884
vt 0.9471383 0.95999193
vt 0.6619942 0.96393216
vt 0.6544764 0.9523721
vt 0.65615433 0.95237255
vt 0.67539525 0.9523786
vt 0.6585399 0.969941
vt 0.66890275 0.9639343
vt 0.6723571 0.96994543
vt 0.67539525 0.9866036
vt 0.6544764 0.98659694
vt 0.6619942 0.97595197
vt 0.66890275 0.9759542
vt 0.65615433 0.98659754
vt 0.6146788 0.9525933
vt 0.60689497 0.94114
vt 0.6088389 0.9411406
vt 0.62807983 0.9411466
vt 0.6112245 0.9586021
vt 0.6215874 0.9525955
vt 0.60689497 0.9753649
vt 0.6250417 0.95860636
vt 0.6146788 0.964613
vt 0.62807983 0.97537154
vt 0.6215874 0.9646152
vt 0.65615433 0.95237255
vt 0.6544764 0.9523721
vt 0.6619942 0.96393216
vt 0.67539525 0.9523786
vt 0.6585399 0.969941
vt 0.66890275 0.9639343
vt 0.6723571 0.96994543
vt 0.67539525 0.9866036
vt 0.6544764 0.98659694
vt 0.6619942 0.97595197
vt 0.66890275 0.9759542
vt 0.65615433 0.98659754
vt 0.6088389 0.9411406
vt 0.60689497 0.94114
vt 0.6146788 0.9525933
vt 0.62807983 0.9411466
vt 0.6112245 0.9586021
vt 0.6215874 0.9525955
vt 0.60689497 0.9753649
vt 0.6250417 0.95860636
vt 0.6146788 0.964613
vt 0.62807983 0.97537154
vt 0.6215874 0.9646152
vn 0.6373421 -0.4148099 0.64940584
vn 0.037498336 -0.9036303 0.42666855
vn 0.14262067 -0.8799803 0.4530937
vn 0.7427673 -0.26260784 0.61590093
vn 0.23042369 -0.91250336 0.33799782
vn 0.823448 0.31772238 0.47009125
vn 0.8143876 0.32211745 0.48271438
vn 0.6272702 -0.52006334 0.57971203
vn 0.88502926 -0.22699648 0.4064429
vn 0.90622 0.30818853 0.28945643
vn 0.9739503 -0.20813662 -0.089998975
vn 0.35428947 -0.9294413 -0.10304298
vn 0.52992815 -0.20380864 -0.82318777
vn 0.13956983 -0.70458823 -0.6957553
vn 0.39920756 0.16664225 -0.9015895
vn 0.9288897 0.31256664 -0.19866034
vn 0.427549 0.8452678 -0.32050633
vn 0.16268818 0.48342156 -0.8601372
vn 0.5496762 0.833134 0.061186682
vn 0.47038436 0.8680765 0.1586877
vn 0.4760445 0.8593332 0.18689078
vn 0.4817006 0.8717296 0.08973266
vn 0.8347224 0.347895 0.42685783
vn 0.6851603 0.29934576 -0.6640388
vn 0.9042395 0.0675332 -0.4216517
vn 0.8096739 -0.35948622 -0.4638942
vn 0.6272702 -0.52006334 0.57971203
vn 0.6373421 -0.4148099 0.64940584
vn 0.14262067 -0.8799803 0.4530937
vn -0.2847775 -0.9114035 0.2970613
vn 0.8096739 -0.35948622 -0.4638942
vn 0.38244396 -0.5165432 -0.76610684
vn -0.34963354 -0.89035916 0.29157642
vn 0.031311408 -0.9953739 -0.09083239
vn 0.037498336 -0.9036303 0.42666855
vn 0.9850944 0.044612788 -0.16612834
vn 0.043461625 -0.9981152 0.043327134
vn -0.62214935 -0.6676718 -0.40883315
vn -0.6673685 -0.6783085 -0.30743596
vn 0.23042369 -0.91250336 0.33799782
vn 0.35428947 -0.9294413 -0.10304298
vn -0.86566687 -0.4639665 -0.18803169
vn 0.13956983 -0.70458823 -0.6957553
vn -0.78793186 -0.39573386 -0.47176054
vn -0.80650556 -0.20851232 -0.55323714
vn -0.5784919 -0.25709805 -0.7741109
vn -0.8296117 -0.060653858 -0.5550365
vn -0.5735473 0.017773328 -0.8189797
vn -0.5793968 0.46294624 -0.6708057
vn -0.7877759 0.2014857 -0.5820762
vn -0.3918366 0.7545217 -0.5264609
vn -0.3795027 0.86802495 -0.32017225
vn 0.031311408 -0.9953739 -0.09083239
vn -0.5793968 0.46294624 -0.6708057
vn -0.0874456 0.94576293 -0.3128669
vn 0.9850944 0.044612788 -0.16612834
vn -0.09314951 0.4980494 -0.862131
vn -0.7975763 -0.2837707 -0.5323026
vn 0.034974348 -0.89761597 -0.43938878
vn 0.6972454 -0.095460795 -0.7104478
vn -0.09314951 0.4980494 -0.862131
vn 0.6972454 -0.095460795 -0.7104478
vn 0.9850944 0.044612788 -0.16612834
vn -0.0874456 0.94576293 -0.3128669
vn -0.7975763 -0.2837707 -0.5323026
vn -0.09314951 0.4980494 -0.862131
vn -0.0874456 0.94576293 -0.3128669
vn -0.99073166 -0.1258126 -0.051206633
vn 0.034974348 -0.89761597 -0.43938878
vn 0.043461625 -0.9981152 0.043327134
vn -0.948164 -0.30384192 0.09308643
vn -0.34963354 -0.89035916 0.29157642
vn -0.2847775 -0.9114035 0.2970613
vn -0.89109 -0.10166437 -0.4422929
vn -0.5793968 0.46294624 -0.6708057
vn 0.38244396 -0.5165432 -0.76610684
vn 0.19621114 -0.20673606 -0.9585205
vn -0.7877759 0.2014857 -0.5820762
vn -0.3795027 0.86802495 -0.32017225
vn -0.36306083 0.82851356 -0.42632407
vn 0.6972454 -0.095460795 -0.7104478
vn 0.034974348 -0.89761597 -0.43938878
vn 0.043461625 -0.9981152 0.043327134
vn 0.9850944 0.044612788 -0.16612834
vn -0.5793968 0.46294624 -0.6708057
vn -0.948164 -0.30384192 0.09308643
vn -0.99073166 -0.1258126 -0.051206633
vn -0.0874456 0.94576293 -0.3128669
vn -0.5793968 0.46294624 -0.6708057
vn 0.031311408 -0.9953739 -0.09083239
vn -0.62214935 -0.6676718 -0.40883315
vn -0.5784919 -0.25709805 -0.7741109
vn -0.6673685 -0.6783085 -0.30743596
vn -0.8296117 -0.060653858 -0.5550365
vn -0.9970118 0.017754145 -0.07518153
vn -0.86566687 -0.4639665 -0.18803169
vn -0.78793186 -0.39573386 -0.47176054
vn -0.807344 -0.19657536 -0.55637556
vn -0.9586517 -0.28271917 -0.03250649
vn -0.74354154 -0.260043 -0.61605495
vn -0.824015 0.14784999 -0.54693675
vn -0.7362993 0.5485061 -0.39623785
vn -0.80650556 -0.20851232 -0.55323714
vn -0.61449254 0.6174731 -0.49104583
vn -0.5735473 0.017773328 -0.8189797
vn -0.3918366 0.7545217 -0.5264609
vn -0.807344 -0.19657536 -0.55637556
vn -0.78793186 -0.39573386 -0.47176054
vn 0.13956983 -0.70458823 -0.6957553
vn 0.52992815 -0.20380864 -0.82318777
vn -0.74354154 -0.260043 -0.61605495
vn 0.39920756 0.16664225 -0.9015895
vn 0.16268818 0.48342156 -0.8601372
vn -0.824015 0.14784999 -0.54693675
vn -0.824015 0.14784999 -0.54693675
vn 0.16268818 0.48342156 -0.8601372
vn 0.427549 0.8452678 -0.32050633
vn -0.7362993 0.5485061 -0.39623785
vn 0.5496762 0.833134 0.061186682
vn -0.61449254 0.6174731 -0.49104583
vn -0.3918366 0.7545217 -0.5264609
vn 0.47038436 0.8680765 0.1586877
vn 0.4760445 0.8593332 0.18689078
vn -0.3795027 0.86802495 -0.32017225
vn -0.36306083 0.82851356 -0.42632407
vn 0.4817006 0.8717296 0.08973266
vn 0.37372655 0.07840361 -0.92421937
vn 0.6851603 0.29934576 -0.6640388
vn -0.07027248 -0.7047906 -0.7059264
vn -0.34343606 0.7346509 -0.5850981
vn -0.7288492 0.5027595 -0.46477053
vn -0.8444419 -0.22281891 -0.4871034
vn 0.43016192 0.89447975 0.12192942
vn 0.3392088 -0.2800639 0.89805436
vn 0.13121757 0.6266014 0.768214
vn 0.86091864 0.10529437 0.4977271
vn 0.33405685 -0.85658115 0.39328703
vn 0.51079196 -0.8327937 0.21341552
vn 0.57071817 -0.79631066 0.2004248
vn 0.8899944 0.14069626 0.43372184
vn -0.12367062 -0.5025968 0.8556296
vn 0.42267194 0.9028986 0.07824687
vn 0.09485267 -0.11941131 0.98830354
vn -0.14278041 0.5085124 0.8491342
vn 0.19621114 -0.20673606 -0.9585205
vn -0.89109 -0.10166437 -0.4422929
vn -0.36306083 0.82851356 -0.42632407
vn 0.37372655 0.07840361 -0.92421937
vn -0.14384273 -0.27651396 -0.95018387
vn 0.21219422 -0.824243 -0.52497333
vn 0.38244396 -0.5165432 -0.76610684
vn 0.83541495 -0.5445089 -0.074778825
vn 0.8096739 -0.35948622 -0.4638942
vn 0.9709953 0.14452592 -0.1904737
vn 0.9042395 0.0675332 -0.4216517
vn 0.68087727 0.5307022 -0.5047389
vn 0.6851603 0.29934576 -0.6640388
vn 0.077800915 0.46490002 -0.88193816
vn -0.99048305 -0.12906659 -0.04780355
vn -0.71176296 0.7019205 -0.0264772
vn 0.8151942 -0.5573383 -0.15758368
vn -0.2959072 -0.9541985 0.04409198
vn 0.08659318 -0.7843668 -0.61422354
vn 0.6143786 -0.44593775 0.650906
vn -0.56932884 -0.46780372 0.6760358
vn -0.10341606 -0.14962056 0.9833203
vn 0.6796847 0.59646654 -0.42691505
vn 0.7513049 0.37571776 0.5425653
vn 0.98781407 0.11380518 -0.10616817
vn 0.37295195 0.91732645 0.13935195
vn -0.10850171 0.45455083 -0.8840876
vn -0.56411296 0.69427145 -0.44694936
vn -0.13424127 0.7182889 0.6826715
vn -0.69608283 0.6433125 0.3187753
vn -0.334967 -0.27928025 -0.89988875
vn -0.56411296 0.69427145 -0.44694936
vn -0.10850171 0.45455083 -0.8840876
vn -0.8527529 -0.2728373 -0.44539008
vn 0.08659318 -0.7843668 -0.61422354
vn -0.2959072 -0.9541985 0.04409198
vn -0.9784274 -0.120738976 0.16763581
vn -0.56932884 -0.46780372 0.6760358
vn 0.8151942 -0.5573383 -0.15758368
vn 0.97312737 0.14797647 0.17642553
vn 0.98781407 0.11380518 -0.10616817
vn 0.8319486 -0.55378336 0.034431923
vn 0.08659318 -0.7843668 -0.61422354
vn 0.0046541677 -0.91445804 -0.4046541
vn -0.334967 -0.27928025 -0.89988875
vn -0.6326938 -0.24472745 -0.7347156
vn -0.10850171 0.45455083 -0.8840876
vn -0.16181634 -0.7056146 -0.689872
vn 0.6796847 0.59646654 -0.42691505
vn 0.724546 -0.66062146 -0.19650067
vn 0.98781407 0.11380518 -0.10616817
vn 0.6143786 -0.44593775 0.650906
vn 0.8151942 -0.5573383 -0.15758368
vn 0.7513049 0.37571776 0.5425653
vn -0.10341606 -0.14962056 0.9833203
vn 0.12715138 0.38317093 0.9148839
vn 0.37295195 0.91732645 0.13935195
vn -0.13424127 0.7182889 0.6826715
vn 0.45912388 0.8748963 0.15414874
vn 0.5154994 0.78100294 -0.3525546
vn -0.67733926 0.6278337 -0.38345325
vn -0.7135018 0.6952272 0.08703008
vn -0.53244805 0.5621198 -0.6328668
vn 0.48031354 0.62087345 -0.6195281
vn -0.4520643 -0.63428545 0.6271521
vn 0.5756142 -0.7832461 -0.23493376
vn 0.657353 -0.41367716 0.6298874
vn -0.31936893 -0.90620273 -0.27712837
vn 0.58504385 -0.78943664 -0.18577848
vn -0.33150893 -0.9266894 -0.17705563
vn 0.6069937 -0.78783745 0.10426389
vn -0.3818152 -0.913612 0.13975053
vn 0.60797834 -0.7939514 0.0018469115
vn -0.40858954 -0.91236556 -0.025371261
vn 0.24596973 -0.2868599 -0.9258565
vn -0.2186132 -0.38887104 -0.894979
vn -0.4520643 -0.63428545 0.6271521
vn 0.657353 -0.41367716 0.6298874
vn 0.39755508 -0.43055886 0.81028944
vn -0.36414823 -0.44621244 0.8174904
vn -0.2514122 -0.35328054 0.901102
vn 0.30447984 -0.32294187 0.8961031
vn -0.8846753 -0.305491 0.3521715
vn -0.94239545 -0.13226205 0.3072416
vn -0.45979124 -0.693099 0.55516285
vn 0.41166803 -0.7032074 0.5796799
vn 0.90107596 -0.2598214 0.34721035
vn -0.8846753 -0.305491 0.3521715
vn -0.45979124 -0.693099 0.55516285
vn -0.44423306 -0.709492 -0.5470632
vn -0.6956119 -0.15770054 -0.70089567
vn -0.6791439 0.03548836 -0.73314667
vn -0.94239545 -0.13226205 0.3072416
vn -0.99419445 -0.012814647 0.10683275
vn -0.6595021 0.093777716 -0.7458302
vn -0.36414823 -0.44621244 0.8174904
vn -0.53244805 0.5621198 -0.6328668
vn -0.4520643 -0.63428545 0.6271521
vn -0.7135018 0.6952272 0.08703008
vn -0.31936893 -0.90620273 -0.27712837
vn -0.67733926 0.6278337 -0.38345325
vn -0.8800533 -0.25942117 -0.39775223
vn 0.41166803 -0.7032074 0.5796799
vn 0.73307765 -0.17855565 -0.65628886
vn 0.3683082 -0.7420712 -0.56007093
vn 0.90107596 -0.2598214 0.34721035
vn 0.6938494 0.12714857 -0.7088062
vn 0.9572645 -0.003332036 0.28919497
vn 0.30447984 -0.32294187 0.8961031
vn 0.39755508 -0.43055886 0.81028944
vn 0.6728097 0.19073595 -0.71480554
vn 0.657353 -0.41367716 0.6298874
vn 0.97316587 0.16070537 0.16468745
vn 0.48031354 0.62087345 -0.6195281
vn 0.45912388 0.8748963 0.15414874
vn 0.5154994 0.78100294 -0.3525546
vn 0.9628845 0.08711299 -0.25546986
vn 0.5756142 -0.7832461 -0.23493376
vn -0.45979124 -0.693099 0.55516285
vn 0.41166803 -0.7032074 0.5796799
vn 0.3683082 -0.7420712 -0.56007093
vn -0.44423306 -0.709492 -0.5470632
vn 0.3891552 -0.62545586 0.6762863
vn -0.5858701 -0.7969563 0.14702685
vn -0.5183332 -0.5907076 0.6183811
vn 0.45673218 -0.86501324 0.20772053
vn -0.53484726 -0.8003778 -0.27080232
vn 0.47491056 -0.8396388 -0.26356518
vn -0.5217612 -0.7702515 -0.36671233
vn 0.398113 -0.84534 -0.3562392
vn -0.42990518 -0.7044917 0.5646884
vn 0.2614999 -0.62634933 0.7343735
vn -0.47589943 0.49772194 0.72511554
vn 0.44356695 0.81174076 0.37990165
vn 0.45515892 0.556919 0.6947458
vn -0.5670074 0.78111106 0.26147267
vn 0.4391746 0.89387184 -0.09010516
vn -0.59636664 0.78870463 -0.14930478
vn 0.38832837 0.92028373 -0.047737043
vn -0.6749915 0.72396415 -0.14234613
vn 0.12914185 0.33422518 0.93360376
vn -0.46264088 0.3236147 0.82537085
vn -0.80394906 -0.05864984 0.591799
vn -0.5670074 0.78111106 0.26147267
vn -0.47589943 0.49772194 0.72511554
vn -0.987531 -0.03943984 0.15240398
vn -0.5183332 -0.5907076 0.6183811
vn -0.59636664 0.78870463 -0.14930478
vn -0.5858701 -0.7969563 0.14702685
vn -0.97623205 -0.09249054 -0.1960009
vn -0.6749915 0.72396415 -0.14234613
vn -0.53484726 -0.8003778 -0.27080232
vn -0.94219077 -0.15837365 -0.29528695
vn -0.46264088 0.3236147 0.82537085
vn -0.5217612 -0.7702515 -0.36671233
vn -0.72393066 -0.09787982 0.6828939
vn -0.42990518 -0.7044917 0.5646884
vn -0.4048235 0.54997677 -0.730509
vn 0.23084751 0.9429264 0.23999818
vn 0.3009439 0.6594134 -0.6889171
vn -0.761675 0.63210183 0.14247222
vn 0.35309467 0.9239114 0.14734979
vn -0.7199535 0.6839169 0.11800236
vn 0.3915224 0.885087 -0.2516567
vn -0.62209004 0.7170565 -0.3143789
vn 0.938917 0.031121092 -0.34273386
vn 0.5756142 -0.7832461 -0.23493376
vn 0.58504385 -0.78943664 -0.18577848
vn 0.9628845 0.08711299 -0.25546986
vn 0.3915224 0.885087 -0.2516567
vn 0.5154994 0.78100294 -0.3525546
vn -0.62209004 0.7170565 -0.3143789
vn -0.67733926 0.6278337 -0.38345325
vn -0.8832063 -0.3176956 -0.34498703
vn -0.8800533 -0.25942117 -0.39775223
vn -0.33150893 -0.9266894 -0.17705563
vn -0.31936893 -0.90620273 -0.27712837
vn -0.50778216 -0.1372182 -0.85048723
vn -0.761675 0.63210183 0.14247222
vn -0.4048235 0.54997677 -0.730509
vn -0.9652976 -0.25738162 0.04421903
vn -0.2186132 -0.38887104 -0.894979
vn -0.7199535 0.6839169 0.11800236
vn -0.40858954 -0.91236556 -0.025371261
vn -0.9605303 -0.25398085 0.113469295
vn -0.62209004 0.7170565 -0.3143789
vn -0.3818152 -0.913612 0.13975053
vn -0.8832063 -0.3176956 -0.34498703
vn -0.33150893 -0.9266894 -0.17705563
vn 0.65563804 0.13273393 -0.7433172
vn 0.60797834 -0.7939514 0.0018469115
vn 0.24596973 -0.2868599 -0.9258565
vn 0.97114366 0.21157217 0.11007763
vn 0.3009439 0.6594134 -0.6889171
vn 0.6069937 -0.78783745 0.10426389
vn 0.23084751 0.9429264 0.23999818
vn 0.9824729 0.15495563 0.1036134
vn 0.58504385 -0.78943664 -0.18577848
vn 0.35309467 0.9239114 0.14734979
vn 0.938917 0.031121092 -0.34273386
vn 0.3915224 0.885087 -0.2516567
vn 0.3683082 -0.7420712 -0.56007093
vn 0.73307765 -0.17855565 -0.65628886
vn 0.6938494 0.12714857 -0.7088062
vn 0.6728097 0.19073595 -0.71480554
vn 0.48031354 0.62087345 -0.6195281
vn -0.44423306 -0.709492 -0.5470632
vn -0.53244805 0.5621198 -0.6328668
vn -0.6595021 0.093777716 -0.7458302
vn -0.6956119 -0.15770054 -0.70089567
vn -0.6791439 0.03548836 -0.73314667
vn 0.13121757 0.6266014 0.768214
vn -0.49076203 0.4133852 0.7669845
vn -0.7348344 0.52726555 0.42662585
vn -0.7288492 0.5027595 -0.46477053
vn 0.43016192 0.89447975 0.12192942
vn 0.42267194 0.9028986 0.07824687
vn -0.34343606 0.7346509 -0.5850981
vn -0.14278041 0.5085124 0.8491342
vn -0.834671 0.41339156 0.3639118
vn -0.7288492 0.5027595 -0.46477053
vn -0.7348344 0.52726555 0.42662585
vn -0.9677641 -0.14210656 0.2079385
vn -0.8444419 -0.22281891 -0.4871034
vn -0.6862087 -0.1955297 0.70063233
vn -0.7584654 -0.5679998 -0.31954104
vn -0.07027248 -0.7047906 -0.7059264
vn -0.19954173 -0.90435296 -0.3772649
vn -0.9892896 -0.018700927 0.14476329
vn -0.50674653 -0.66349685 0.5504361
vn -0.834671 0.41339156 0.3639118
vn -0.34343606 0.7346509 -0.5850981
vn -0.7584654 -0.5679998 -0.31954104
vn -0.6862087 -0.1955297 0.70063233
vn -0.35184237 -0.60700446 0.7125676
vn 0.33405685 -0.85658115 0.39328703
vn 0.51079196 -0.8327937 0.21341552
vn -0.19954173 -0.90435296 -0.3772649
vn 0.57071817 -0.79631066 0.2004248
vn -0.50674653 -0.66349685 0.5504361
vn -0.12367062 -0.5025968 0.8556296
vn 0.3392088 -0.2800639 0.89805436
vn -0.49076203 0.4133852 0.7669845
vn 0.13121757 0.6266014 0.768214
vn -0.5156941 -0.295059 0.80436295
vn 0.33405685 -0.85658115 0.39328703
vn -0.7348344 0.52726555 0.42662585
vn -0.35184237 -0.60700446 0.7125676
vn -0.9677641 -0.14210656 0.2079385
vn -0.6862087 -0.1955297 0.70063233
vn 0.3891552 -0.62545586 0.6762863
vn 0.18251637 -0.32205617 0.9289605
vn 0.37300146 -0.005991534 0.9278114
vn 0.77827203 -0.015847405 0.6277273
vn 0.45673218 -0.86501324 0.20772053
vn 0.97529435 0.07935194 0.20616572
vn 0.45515892 0.556919 0.6947458
vn 0.47491056 -0.8396388 -0.26356518
vn 0.44356695 0.81174076 0.37990165
vn 0.98581505 0.07216959 -0.15152574
vn 0.398113 -0.84534 -0.3562392
vn 0.4391746 0.89387184 -0.09010516
vn 0.99451905 0.024048937 -0.10175237
vn 0.2614999 -0.62634933 0.7343735
vn 0.38832837 0.92028373 -0.047737043
vn 0.49437568 -0.05742511 0.8673495
vn 0.12914185 0.33422518 0.93360376
vn -0.5183332 -0.5907076 0.6183811
vn 0.18251637 -0.32205617 0.9289605
vn 0.3891552 -0.62545586 0.6762863
vn -0.24548213 -0.31949574 0.91523826
vn -0.80394906 -0.05864984 0.591799
vn -0.37771425 -0.023162954 0.9256325
vn -0.47589943 0.49772194 0.72511554
vn -0.20754156 0.31177753 0.9272115
vn 0.45515892 0.556919 0.6947458
vn 0.21527398 0.34812337 0.9123964
vn 0.37300146 -0.005991534 0.9278114
vn 0.77827203 -0.015847405 0.6277273
vn -0 0.67759335 -0.7354368
vn 0.6114814 0.58490634 -0.5328931
vn 0.6114815 0.58490616 0.5328932
vn -0 0.67759323 0.7354369
vn 0.6114814 0.58490634 -0.5328931
vn 0.6114814 -0.58490634 -0.5328931
vn 0.61148155 -0.58490616 0.53289324
vn 0.6114815 0.58490616 0.5328932
vn -0 0.67759335 -0.7354368
vn -0 -0.67759335 -0.7354368
vn 0.6114814 -0.58490634 -0.5328931
vn 0.6114814 0.58490634 -0.5328931
vn 0.6114815 0.58490616 0.5328932
vn 0.61148155 -0.58490616 0.53289324
vn -0 -0.6775939 0.7354363
vn -0 0.67759323 0.7354369
vn 0.6114814 -0.58490634 -0.5328931
vn -0 -0.67759335 -0.7354368
vn -0 -0.6775939 0.7354363
vn 0.61148155 -0.58490616 0.53289324
vn -0 0 1
vn 0.7071045 0 0.707109
vn 0.5489831 -0.63026166 0.548988
vn -0 -0.63026214 0.7763824
vn -0.7071048 0 0.70710874
vn -0.54898393 -0.6302622 0.5489866
vn 0.7071045 0 0.707109
vn 0.77638143 -0.6302633 0
vn 0.5489831 -0.63026166 0.548988
vn 1 0 0
vn 0.548985 -0.6302615 -0.54898626
vn 0.7071079 0 -0.70710564
vn 0.7071079 0 -0.70710564
vn -0 -0.63026035 -0.7763837
vn 0.548985 -0.6302615 -0.54898626
vn -0 0 -1
vn -0.54898506 -0.63026154 -0.5489861
vn -0.7071081 0 -0.7071054
vn -0.7071081 0 -0.7071054
vn -0.77638143 -0.6302634 0
vn -0.54898506 -0.63026154 -0.5489861
vn -1 0 0
vn -0.54898393 -0.6302622 0.5489866
vn -0.7071048 0 0.70710874
vn -0 -0.80418706 -0.5943762
vn 0.88330555 0 0.4687977
vn 0.4202891 -0.8041847 -0.42029038
vn -0 0 1
vn -0.4202893 -0.8041845 -0.42029044
vn -0.88330567 0 0.46879745
vn 0.59437704 -0.8041865 0
vn 0.36749303 0 0.93002623
vn 0.4202882 -0.8041855 0.42028967
vn 0.6785969 0 0.73451084
vn 0.4202891 -0.8041847 -0.42029038
vn 0.88330555 0 0.4687977
vn -0.42028865 -0.8041863 0.42028773
vn -0.36749318 0 0.93002623
vn -0.6785972 0 0.73451066
vn -0.5943771 -0.80418646 0
vn -0.88330567 0 0.46879745
vn -0.4202893 -0.8041845 -0.42029044
vn 0.4202882 -0.8041855 0.42028967
vn 0.36749303 0 0.93002623
vn -0 0 1
vn -0 -0.8041859 0.59437776
vn -0.36749318 0 0.93002623
vn -0.42028865 -0.8041863 0.42028773
vn 0.42028773 -0.8041865 -0.4202882
vn 0.5489841 -0.63026255 -0.54898596
vn 0.77638215 -0.63026243 0
vn 0.59437686 -0.8041865 0
vn 0.5489863 -0.6302622 0.5489841
vn 0.42029113 -0.804187 0.42028397
vn -0.5489864 -0.63026214 0.54898417
vn -0 -0.63026273 0.7763819
vn 0.5489863 -0.6302622 0.5489841
vn -0.7763821 -0.6302625 0
vn 0.77638215 -0.63026243 0
vn -0.54898405 -0.6302625 -0.5489861
vn 0.5489841 -0.63026255 -0.54898596
vn -0 -0.6302625 -0.77638215
vn 0.42029113 -0.804187 0.42028397
vn 0.5489863 -0.6302622 0.5489841
vn -0 -0.63026273 0.7763819
vn -0 -0.8041865 0.594377
vn -0.5489864 -0.63026214 0.54898417
vn -0.42029083 -0.8041864 0.42028555
vn -0.42029083 -0.8041864 0.42028555
vn -0.5489864 -0.63026214 0.54898417
vn -0.7763821 -0.6302625 0
vn -0.59437674 -0.80418676 0
vn -0.54898405 -0.6302625 -0.5489861
vn -0.42028755 -0.8041859 -0.42028958
vn -0.42028755 -0.8041859 -0.42028958
vn -0.54898405 -0.6302625 -0.5489861
vn -0 -0.6302625 -0.77638215
vn -0 -0.8041859 -0.59437793
vn 0.5489841 -0.63026255 -0.54898596
vn 0.42028773 -0.8041865 -0.4202882
vn -0 0 1
vn 0.70907557 0 0.70513254
vn 0.5502479 -0.6307228 0.54718906
vn -0 -0.62934357 0.7771272
vn 0.70907557 0 0.70513254
vn 0.77638185 -0.6302628 0
vn 0.5502479 -0.6307228 0.54718906
vn 1 0 0
vn 0.55024934 -0.6307232 -0.54718727
vn 0.70907784 0 -0.70513016
vn 0.70907784 0 -0.70513016
vn -0 0 -1
vn -0 -0.62934244 -0.777128
vn 0.55024934 -0.6307232 -0.54718727
vn -0 -0.80596524 -0.5919629
vn -0 0 1
vn 0.8835012 0 0.4684289
vn 0.42256325 -0.80329645 -0.41970834
vn 0.5502479 -0.6307228 0.54718906
vn -0 -0.805965 0.5919631
vn -0 -0.62934357 0.7771272
vn 0.42256275 -0.80329615 0.41970944
vn 0.77638185 -0.6302628 0
vn 0.59437644 -0.80418694 0
vn 0.55024934 -0.6307232 -0.54718727
vn 0.42256325 -0.80329645 -0.41970834
vn -0 -0.62934244 -0.777128
vn -0 -0.80596524 -0.5919629
vn 0.59437644 -0.80418694 0
vn 0.36926523 0 0.9293241
vn 0.42256275 -0.80329615 0.41970944
vn 0.67859685 0 0.7345109
vn 0.42256325 -0.80329645 -0.41970834
vn 0.8835012 0 0.4684289
vn 0.42256275 -0.80329615 0.41970944
vn 0.36926523 0 0.9293241
vn -0 0 1
vn -0 -0.805965 0.5919631
vn -0 -0.6011038 0.79917103
vn -0 -0.8065728 -0.5911348
vn -0 -0.5977834 0.8016576
vn -0.42333752 -0.8029939 -0.41950706
vn -0 -0.6000001 0.79999995
vn -0.59437704 -0.8041865 0
vn -0 -0.6011038 0.79917103
vn -0.42333704 -0.8029952 0.41950506
vn -0 -0.5977834 0.8016576
vn -0 -0.8065719 0.5911361
vn -0.5510396 -0.6310151 0.54605436
vn -0 -0.6287678 0.7775931
vn -0 -0.62876827 -0.7775927
vn -0.77638257 -0.6302619 0
vn -0.55104035 -0.631014 -0.5460548
vn -0.42333704 -0.8029952 0.41950506
vn -0.5510396 -0.6310151 0.54605436
vn -0.77638257 -0.6302619 0
vn -0.59437704 -0.8041865 0
vn -0.55104035 -0.631014 -0.5460548
vn -0.42333752 -0.8029939 -0.41950706
vn -0.42333752 -0.8029939 -0.41950706
vn -0.55104035 -0.631014 -0.5460548
vn -0 -0.62876827 -0.7775927
vn -0 -0.8065728 -0.5911348
vn -0 -0.8065719 0.5911361
vn -0 -0.6287678 0.7775931
vn -0.5510396 -0.6310151 0.54605436
vn -0.42333704 -0.8029952 0.41950506
vn -0 0.7302599 -0.68316936
vn 0.5469151 0.5693774 -0.6137533
vn 0.6061833 0.58362937 0.5402949
vn -0 0.68220735 0.7311588
vn 0.5469151 0.5693774 -0.6137533
vn 0.5437392 -0.5705371 -0.6154958
vn 0.6061833 -0.58362937 0.5402949
vn 0.6061833 0.58362937 0.5402949
vn -0 0.7302599 -0.68316936
vn -0 0.70548636 -0.7087235
vn 0.20391904 0.30779943 -0.92934203
vn 0.5469151 0.5693774 -0.6137533
vn 0.20921995 -0.289763 -0.933951
vn 0.5437392 -0.5705371 -0.6154958
vn -0 -0.6930509 -0.7208886
vn -0 -0.7191456 -0.6948595
vn -0 0.70710677 -0.7071067
vn -0 -0.70710677 -0.7071067
vn 0.57735026 -0.57735026 -0.5773502
vn 0.57735026 0.57735026 -0.5773502
vn -0 0.70548636 -0.7087235
vn -0 0.70710677 -0.7071067
vn 0.57735026 0.57735026 -0.5773502
vn 0.20391904 0.30779943 -0.92934203
vn 0.20391904 0.30779943 -0.92934203
vn 0.57735026 0.57735026 -0.5773502
vn 0.57735026 -0.57735026 -0.5773502
vn 0.20921995 -0.289763 -0.933951
vn 0.20921995 -0.289763 -0.933951
vn 0.57735026 -0.57735026 -0.5773502
vn -0 -0.70710677 -0.7071067
vn -0 -0.6930509 -0.7208886
vn 0.6061833 0.58362937 0.5402949
vn 0.6061833 -0.58362937 0.5402949
vn -0 -0.68220735 0.7311588
vn -0 0.68220735 0.7311588
vn 0.5437392 -0.5705371 -0.6154958
vn -0 -0.7191456 -0.6948595
vn -0 -0.68220735 0.7311588
vn 0.6061833 -0.58362937 0.5402949
vn -0.671138 0.7411977 0.014132131
vn -0.43132392 0.65615535 -0.6192091
vn 0.36604008 0.8287265 -0.42335212
vn 0.37859672 0.9092102 0.17320892
vn -0.6267538 0.5279295 0.5731232
vn 0.23260963 0.61822045 0.7507971
vn -0.6105435 0.75912565 -0.22575405
vn -0.0759482 0.83021945 -0.55223864
vn 0.34577 0.7514327 -0.5619537
vn 0.7635657 0.6086124 -0.21577372
vn -0.7966967 0.3386466 -0.5005924
vn 0.96487945 0.13248543 -0.22683717
vn 0.37859672 0.9092102 0.17320892
vn 0.36604008 0.8287265 -0.42335212
vn 0.7821899 0.22463298 -0.5811359
vn 0.9835638 0.13470452 0.12023698
vn 0.23260963 0.61822045 0.7507971
vn 0.7645585 0.003685876 0.6445439
vn 0.96487945 0.13248543 -0.22683717
vn 0.9695123 -0.2297909 0.08510119
vn 0.8466257 0.0662136 0.5280536
vn 0.6204825 -0.7641845 -0.17613499
vn 0.73936707 0.3853596 0.5521181
vn 0.6070292 -0.7858842 -0.117905274
vn 0.60801965 -0.78709865 0.103864476
vn 0.28949347 0.26312393 0.92030394
vn 0.12670411 -0.8869532 0.44413975
vn 0.6460907 -0.7534738 -0.12183597
vn 0.62082183 -0.5688515 -0.53943324
vn 0.7635657 0.6086124 -0.21577372
vn -0.8087019 -0.58790344 0.019255789
vn -0.43116903 -0.78299254 0.448348
vn 0.12670411 -0.8869532 0.44413975
vn 0.60801965 -0.78709865 0.103864476
vn -0.7942063 -0.50935704 -0.33134833
vn 0.6204825 -0.7641845 -0.17613499
vn -0.7695966 -0.5449554 -0.33278346
vn 0.6070292 -0.7858842 -0.117905274
vn -0.7751889 -0.58932877 -0.22753826
vn 0.6460907 -0.7534738 -0.12183597
vn -0.76491195 -0.4379057 -0.47238564
vn 0.62082183 -0.5688515 -0.53943324
vn -0.27333236 -0.3733673 -0.8865022
vn 0.15660657 -0.5091519 -0.8463089
vn 0.28949347 0.26312393 0.92030394
vn 0.12670411 -0.8869532 0.44413975
vn -0.43116903 -0.78299254 0.448348
vn -0.23521377 0.3939142 0.8885416
vn -0.66637313 0.5447656 0.5090947
vn -0.8087019 -0.58790344 0.019255789
vn 0.73936707 0.3853596 0.5521181
vn 0.28949347 0.26312393 0.92030394
vn -0.23521377 0.3939142 0.8885416
vn -0.66637313 0.5447656 0.5090947
vn 0.8466257 0.0662136 0.5280536
vn -0.8831427 0.24092443 0.40251008
vn 0.7635657 0.6086124 -0.21577372
vn 0.15660657 -0.5091519 -0.8463089
vn 0.62082183 -0.5688515 -0.53943324
vn 0.34577 0.7514327 -0.5619537
vn -0.0759482 0.83021945 -0.55223864
vn -0.27333236 -0.3733673 -0.8865022
vn -0.76491195 -0.4379057 -0.47238564
vn -0.6105435 0.75912565 -0.22575405
vn -0.8831427 0.24092443 0.40251008
vn -0.66637313 0.5447656 0.5090947
vn -0.8087019 -0.58790344 0.019255789
vn -0.7942063 -0.50935704 -0.33134833
vn -0.7695966 -0.5449554 -0.33278346
vn -0.967394 -0.10255594 -0.23158392
vn -0.7751889 -0.58932877 -0.22753826
vn -0.9807295 -0.042259272 -0.19074537
vn -0.858103 -0.09845996 0.50394934
vn -0.671138 0.7411977 0.014132131
vn -0.6267538 0.5279295 0.5731232
vn -0.43132392 0.65615535 -0.6192091
vn -0.67075574 0.034788653 -0.74086195
vn -0.7966967 0.3386466 -0.5005924
vn -0.6105435 0.75912565 -0.22575405
vn -0.76491195 -0.4379057 -0.47238564
vn -0.8527529 -0.2728373 -0.44539008
vn -0.9784274 -0.120738976 0.16763581
vn -0.69608283 0.6433125 0.3187753
vn -0.56411296 0.69427145 -0.44694936
vn 0.31421903 0.40481398 0.85871536
vn 0.83541495 -0.5445089 -0.074778825
vn 0.20999278 -0.34396937 0.9151984
vn 0.9709953 0.14452592 -0.1904737
vn 0.049386468 0.8655715 0.4983442
vn 0.68087727 0.5307022 -0.5047389
vn -0.71176296 0.7019205 -0.0264772
vn 0.077800915 0.46490002 -0.88193816
vn 0.68087727 0.5307022 -0.5047389
vn 0.049386468 0.8655715 0.4983442
vn -0.5732824 -0.728064 0.37585902
vn 0.21219422 -0.824243 -0.52497333
vn -0.14384273 -0.27651396 -0.95018387
vn -0.99048305 -0.12906659 -0.04780355
vn 0.20999278 -0.34396937 0.9151984
vn 0.83541495 -0.5445089 -0.074778825
vn 0.21219422 -0.824243 -0.52497333
vn -0.5732824 -0.728064 0.37585902
vn 0.98781407 0.11380518 -0.10616817
vn 0.97312737 0.14797647 0.17642553
vn 0.724546 -0.66062146 -0.19650067
vn 0.6796847 0.59646654 -0.42691505
vn -0.49988857 -0.5853215 -0.63836515
vn -0.85127795 -0.124488324 -0.5097336
vn -0.7646034 -0.37362257 -0.52515507
vn -0.63548684 -0.51294273 -0.57710165
vn 0.36532885 0.08002098 0.9274328
vn 0.4805678 -0.72080517 0.49949417
vn 0.17323127 -0.6647524 0.72670156
vn 0.7656199 0.17113355 0.6201126
vn 0.02950844 -0.61313826 0.78942436
vn 0.8319486 -0.55378336 0.034431923
vn 0.97312737 0.14797647 0.17642553
vn 0.82482713 -0.18371437 0.5347049
vn 0.70431304 -0.47031397 0.5317404
vn 0.7236682 -0.12699078 0.678364
vn 0.17323127 -0.6647524 0.72670156
vn -0.29088774 -0.95519835 -0.054593872
vn -0.51667005 -0.82156795 0.24099419
vn 0.4805678 -0.72080517 0.49949417
vn 0.0046541677 -0.91445804 -0.4046541
vn 0.8319486 -0.55378336 0.034431923
vn -0.97188175 0.22959217 -0.052280065
vn -0.63548684 -0.51294273 -0.57710165
vn -0.60515004 -0.7309967 0.3153366
vn -0.85127795 -0.124488324 -0.5097336
vn -0.51667005 -0.82156795 0.24099419
vn -0.29088774 -0.95519835 -0.054593872
vn -0.6326938 -0.24472745 -0.7347156
vn 0.0046541677 -0.91445804 -0.4046541
vn -0.16181634 -0.7056146 -0.689872
vn -0.7646034 -0.37362257 -0.52515507
vn 0.7236682 -0.12699078 0.678364
vn 0.724546 -0.66062146 -0.19650067
vn 0.97312737 0.14797647 0.17642553
vn 0.7656199 0.17113355 0.6201126
vn 0.84026706 -0.43999842 -0.31678486
vn 0.6508582 0.6499262 -0.39240226
vn -0.12680589 0.5218636 -0.8435512
vn 0.029664986 -0.58377695 -0.811372
vn -0.55732834 0.5672018 -0.60635567
vn -0.49085703 -0.6753884 -0.5503726
vn 0.7560486 -0.44541925 0.479575
vn 0.6508582 0.6499262 -0.39240226
vn 0.84026706 -0.43999842 -0.31678486
vn 0.59667754 0.7486725 0.28890386
vn 0.67844933 -0.47131532 0.5635321
vn 0.43707836 0.84380126 0.31138712
vn 0.67261314 -0.4690958 0.5723117
vn 0.47123733 0.77018625 0.42982394
vn -0.81914127 0.5425385 0.18617043
vn 0.47123733 0.77018625 0.42982394
vn -0.046492625 0.7173858 0.6951229
vn -0.7152499 0.53024715 -0.45525318
vn 0.43707836 0.84380126 0.31138712
vn -0.6172919 0.5474642 -0.5650077
vn -0.55732834 0.5672018 -0.60635567
vn 0.59667754 0.7486725 0.28890386
vn 0.6508582 0.6499262 -0.39240226
vn -0.12680589 0.5218636 -0.8435512
vn -0.6499555 -0.67206794 -0.35479918
vn -0.81914127 0.5425385 0.18617043
vn -0.7602676 -0.5329135 0.37147856
vn -0.7152499 0.53024715 -0.45525318
vn -0.47500145 -0.7462188 -0.46640235
vn -0.6172919 0.5474642 -0.5650077
vn -0.49085703 -0.6753884 -0.5503726
vn -0.55732834 0.5672018 -0.60635567
vn -0.7602676 -0.5329135 0.37147856
vn -0.81914127 0.5425385 0.18617043
vn -0.046492625 0.7173858 0.6951229
vn 0.07232095 -0.37074375 0.92591506
vn 0.47123733 0.77018625 0.42982394
vn 0.67261314 -0.4690958 0.5723117
vn -0.6373421 -0.4148099 0.64940584
vn -0.14262068 -0.87998027 0.45309383
vn -0.03749814 -0.9036303 0.42666855
vn -0.7427672 -0.262608 0.6159009
vn -0.23042355 -0.91250336 0.33799776
vn -0.8234482 0.31772226 0.47009113
vn -0.81438774 0.32211742 0.48271427
vn -0.6272701 -0.5200635 0.57971203
vn -0.88502926 -0.22699662 0.4064428
vn -0.90622026 0.3081883 0.28945628
vn -0.9739503 -0.20813647 -0.08999927
vn -0.3542897 -0.92944115 -0.10304323
vn -0.5299277 -0.20380847 -0.8231882
vn -0.1395701 -0.7045878 -0.6957557
vn -0.3992068 0.16664235 -0.9015898
vn -0.9288897 0.31256655 -0.19866043
vn -0.4275489 0.84526783 -0.32050604
vn -0.16268773 0.48342198 -0.86013716
vn -0.54967624 0.83313394 0.06118663
vn -0.47038436 0.8680765 0.15868764
vn -0.4760445 0.8593332 0.18689084
vn -0.48170072 0.87172955 0.08973265
vn -0.8347224 0.34789476 0.42685798
vn -0.6851598 0.2993458 -0.6640392
vn -0.9042386 0.067532785 -0.42165363
vn -0.80967283 -0.35948735 -0.4638951
vn -0.6272701 -0.5200635 0.57971203
vn -0.14262068 -0.87998027 0.45309383
vn -0.6373421 -0.4148099 0.64940584
vn 0.28477785 -0.9114033 0.29706138
vn -0.80967283 -0.35948735 -0.4638951
vn -0.38244402 -0.5165438 -0.7661064
vn 0.3496338 -0.89035916 0.2915765
vn -0.031311113 -0.9953739 -0.09083244
vn -0.03749814 -0.9036303 0.42666855
vn -0.9850944 0.044612806 -0.16612822
vn -0.043461245 -0.9981152 0.04332715
vn 0.62214917 -0.66767186 -0.40883332
vn 0.6673684 -0.6783084 -0.3074361
vn -0.23042355 -0.91250336 0.33799776
vn -0.3542897 -0.92944115 -0.10304323
vn 0.865667 -0.4639664 -0.1880319
vn -0.1395701 -0.7045878 -0.6957557
vn 0.78793174 -0.39573383 -0.47176093
vn 0.80650556 -0.20851213 -0.5532373
vn 0.8296116 -0.06065342 -0.55503666
vn 0.57849175 -0.257098 -0.774111
vn 0.5735472 0.017773375 -0.81897974
vn 0.5793969 0.46294585 -0.6708057
vn 0.7877759 0.20148532 -0.58207625
vn 0.39183658 0.75452167 -0.52646095
vn 0.3795029 0.8680249 -0.32017237
vn -0.031311113 -0.9953739 -0.09083244
vn -0.9850944 0.044612806 -0.16612822
vn 0.08744523 0.94576305 -0.31286675
vn 0.5793969 0.46294585 -0.6708057
vn 0.09314882 0.4980497 -0.86213094
vn -0.69724584 -0.095460586 -0.7104474
vn -0.03497449 -0.89761585 -0.43938884
vn 0.7975764 -0.28377032 -0.5323028
vn 0.09314882 0.4980497 -0.86213094
vn 0.08744523 0.94576305 -0.31286675
vn -0.9850944 0.044612806 -0.16612822
vn -0.69724584 -0.095460586 -0.7104474
vn 0.7975764 -0.28377032 -0.5323028
vn 0.08744523 0.94576305 -0.31286675
vn 0.09314882 0.4980497 -0.86213094
vn 0.99073166 -0.12581229 -0.051206578
vn -0.03497449 -0.89761585 -0.43938884
vn -0.043461245 -0.9981152 0.04332715
vn 0.9481641 -0.3038416 0.09308645
vn 0.3496338 -0.89035916 0.2915765
vn 0.28477785 -0.9114033 0.29706138
vn 0.8910901 -0.10166444 -0.44229266
vn 0.5793969 0.46294585 -0.6708057
vn -0.38244402 -0.5165438 -0.7661064
vn -0.19621299 -0.20673576 -0.9585202
vn 0.7877759 0.20148532 -0.58207625
vn 0.3795029 0.8680249 -0.32017237
vn 0.36306092 0.8285133 -0.4263242
vn -0.69724584 -0.095460586 -0.7104474
vn -0.9850944 0.044612806 -0.16612822
vn -0.043461245 -0.9981152 0.04332715
vn -0.03497449 -0.89761585 -0.43938884
vn 0.5793969 0.46294585 -0.6708057
vn 0.08744523 0.94576305 -0.31286675
vn 0.99073166 -0.12581229 -0.051206578
vn 0.9481641 -0.3038416 0.09308645
vn 0.5793969 0.46294585 -0.6708057
vn 0.62214917 -0.66767186 -0.40883332
vn -0.031311113 -0.9953739 -0.09083244
vn 0.57849175 -0.257098 -0.774111
vn 0.6673684 -0.6783084 -0.3074361
vn 0.8296116 -0.06065342 -0.55503666
vn 0.9970118 0.017754374 -0.075181715
vn 0.865667 -0.4639664 -0.1880319
vn 0.78793174 -0.39573383 -0.47176093
vn 0.80734426 -0.19657537 -0.55637527
vn 0.9586517 -0.28271922 -0.032506604
vn 0.7435421 -0.26004294 -0.6160543
vn 0.82401526 0.14785013 -0.54693615
vn 0.7362993 0.5485063 -0.39623776
vn 0.80650556 -0.20851213 -0.5532373
vn 0.61449236 0.6174731 -0.4910459
vn 0.5735472 0.017773375 -0.81897974
vn 0.39183658 0.75452167 -0.52646095
vn 0.80734426 -0.19657537 -0.55637527
vn -0.1395701 -0.7045878 -0.6957557
vn 0.78793174 -0.39573383 -0.47176093
vn -0.5299277 -0.20380847 -0.8231882
vn 0.7435421 -0.26004294 -0.6160543
vn -0.3992068 0.16664235 -0.9015898
vn -0.16268773 0.48342198 -0.86013716
vn 0.82401526 0.14785013 -0.54693615
vn 0.82401526 0.14785013 -0.54693615
vn -0.4275489 0.84526783 -0.32050604
vn -0.16268773 0.48342198 -0.86013716
vn 0.7362993 0.5485063 -0.39623776
vn -0.54967624 0.83313394 0.06118663
vn 0.61449236 0.6174731 -0.4910459
vn 0.39183658 0.75452167 -0.52646095
vn -0.47038436 0.8680765 0.15868764
vn -0.4760445 0.8593332 0.18689084
vn 0.3795029 0.8680249 -0.32017237
vn 0.36306092 0.8285133 -0.4263242
vn -0.48170072 0.87172955 0.08973265
vn -0.37372893 0.07840466 -0.9242183
vn -0.6851598 0.2993458 -0.6640392
vn 0.070290506 -0.70480967 -0.70590556
vn 0.7288302 0.50276774 -0.46479133
vn 0.34343612 0.73465085 -0.5850981
vn 0.8444419 -0.22281884 -0.48710346
vn -0.43016198 0.89447975 0.12192935
vn -0.13123381 0.62660545 0.76820785
vn -0.3392267 -0.28006482 0.8980472
vn -0.86091876 0.10529431 0.49772683
vn -0.33406043 -0.8565785 0.39328972
vn -0.51079214 -0.83279365 0.21341547
vn -0.57071817 -0.79631066 0.2004248
vn -0.8899944 0.14069608 0.43372184
vn 0.123673774 -0.50259733 0.8556289
vn -0.42267197 0.9028985 0.07824683
vn -0.09484789 -0.11941184 0.9883039
vn 0.14278279 0.50851303 0.84913343
vn -0.19621299 -0.20673576 -0.9585202
vn 0.36306092 0.8285133 -0.4263242
vn 0.8910901 -0.10166444 -0.44229266
vn -0.37372893 0.07840466 -0.9242183
vn 0.14384192 -0.27651384 -0.950184
vn -0.21219462 -0.8242432 -0.52497303
vn -0.38244402 -0.5165438 -0.7661064
vn -0.8354145 -0.5445095 -0.07477915
vn -0.80967283 -0.35948735 -0.4638951
vn -0.9709952 0.14452606 -0.19047493
vn -0.9042386 0.067532785 -0.42165363
vn -0.6808769 0.5307022 -0.50473934
vn -0.6851598 0.2993458 -0.6640392
vn -0.077802084 0.464901 -0.8819376
vn 0.99048305 -0.12906644 -0.047803618
vn 0.7117632 0.7019202 -0.026477763
vn -0.815194 -0.5573379 -0.15758574
vn -0.086591 -0.7843668 -0.61422384
vn 0.29590717 -0.9541986 0.04409195
vn -0.61437875 -0.44593775 0.65090585
vn 0.5693276 -0.46780336 0.6760371
vn 0.10341576 -0.14962037 0.9833204
vn -0.6796847 0.59646654 -0.42691502
vn -0.9878137 0.11380606 -0.10617064
vn -0.751305 0.3757178 0.5425652
vn -0.37295184 0.9173265 0.1393519
vn 0.108503394 0.45455012 -0.8840878
vn 0.5641129 0.6942715 -0.44694936
vn 0.13424096 0.718289 0.68267137
vn 0.69608337 0.6433124 0.31877425
vn 0.33497107 -0.27927998 -0.89988726
vn 0.108503394 0.45455012 -0.8840878
vn 0.5641129 0.6942715 -0.44694936
vn 0.8527529 -0.27283728 -0.4453901
vn -0.086591 -0.7843668 -0.61422384
vn 0.29590717 -0.9541986 0.04409195
vn 0.9784275 -0.12073913 0.16763556
vn 0.5693276 -0.46780336 0.6760371
vn -0.815194 -0.5573379 -0.15758574
vn -0.9878137 0.11380606 -0.10617064
vn -0.9731276 0.147977 0.17642404
vn -0.8319487 -0.55378336 0.034430023
vn -0.086591 -0.7843668 -0.61422384
vn -0.004652285 -0.91445786 -0.40465432
vn 0.33497107 -0.27927998 -0.89988726
vn 0.6326956 -0.2447269 -0.7347142
vn 0.108503394 0.45455012 -0.8840878
vn 0.16181712 -0.7056146 -0.6898719
vn -0.6796847 0.59646654 -0.42691502
vn -0.72454613 -0.6606213 -0.19650063
vn -0.9878137 0.11380606 -0.10617064
vn -0.815194 -0.5573379 -0.15758574
vn -0.61437875 -0.44593775 0.65090585
vn -0.751305 0.3757178 0.5425652
vn 0.10341576 -0.14962037 0.9833204
vn -0.12715127 0.38317087 0.9148839
vn -0.37295184 0.9173265 0.1393519
vn 0.13424096 0.718289 0.68267137
vn -0.47348619 0.86626565 0.15935719
vn 0.6748777 0.61967343 -0.40068063
vn -0.512388 0.7873168 -0.34291512
vn 0.7028869 0.70707375 0.07743819
vn 0.5256204 0.5685092 -0.63286686
vn -0.48777682 0.61502737 -0.6195281
vn 0.4517052 -0.6409091 0.62064326
vn -0.6541868 -0.40809417 0.63678783
vn -0.5752058 -0.7859142 -0.22688623
vn 0.3199434 -0.90182 -0.29044268
vn -0.5850437 -0.7894365 -0.18577847
vn 0.33150893 -0.9266894 -0.17705563
vn -0.6069937 -0.78783745 0.104263894
vn 0.38181525 -0.913612 0.13975053
vn -0.60797834 -0.7939514 0.0018469243
vn 0.40858966 -0.91236556 -0.025371257
vn -0.24596961 -0.2868599 -0.9258565
vn 0.218613 -0.38887113 -0.8949791
vn 0.4517052 -0.6409091 0.62064326
vn -0.3923263 -0.43532884 0.8102893
vn -0.6541868 -0.40809417 0.63678783
vn 0.3695108 -0.4417819 0.8174904
vn 0.25566038 -0.35021836 0.90110207
vn -0.30055717 -0.32659546 0.89610314
vn 0.8883004 -0.29478404 0.3521715
vn 0.9439242 -0.12087075 0.30724177
vn 0.46812806 -0.6874958 0.5551628
vn -0.40314552 -0.7081278 0.5796798
vn -0.89787227 -0.27068496 0.34721035
vn 0.8883004 -0.29478404 0.3521715
vn 0.4527691 -0.70407516 -0.5470632
vn 0.46812806 -0.6874958 0.5551628
vn 0.69746584 -0.14928773 -0.70089567
vn 0.6786657 0.043687996 -0.7331467
vn 0.9439242 -0.12087075 0.30724177
vn 0.9958346 -0.007701137 0.09085188
vn 0.65832144 0.10173564 -0.74583024
vn 0.3695108 -0.4417819 0.8174904
vn 0.5256204 0.5685092 -0.63286686
vn 0.4517052 -0.6409091 0.62064326
vn 0.7028869 0.70707375 0.07743819
vn 0.3199434 -0.90182 -0.29044268
vn 0.6748777 0.61967343 -0.40068063
vn 0.86895347 -0.2646568 -0.41818258
vn -0.40314552 -0.7081278 0.5796798
vn -0.35931945 -0.746465 -0.5600711
vn -0.73086756 -0.18739629 -0.65628886
vn -0.89787227 -0.27068496 0.34721035
vn -0.6953346 0.11875935 -0.70880604
vn -0.9571543 -0.014893127 0.28919506
vn -0.30055717 -0.32659546 0.89610314
vn -0.3923263 -0.43532884 0.8102893
vn -0.6750644 0.18259639 -0.71480525
vn -0.6541868 -0.40809417 0.63678783
vn -0.97314465 0.15226792 0.17263833
vn -0.48777682 0.61502737 -0.6195281
vn -0.47348619 0.86626565 0.15935719
vn -0.512388 0.7873168 -0.34291512
vn -0.96665657 0.08897777 -0.24012096
vn -0.5752058 -0.7859142 -0.22688623
vn 0.46812806 -0.6874958 0.5551628
vn 0.4527691 -0.70407516 -0.5470632
vn -0.35931945 -0.746465 -0.5600711
vn -0.40314552 -0.7081278 0.5796798
vn -0.38915527 -0.62545574 0.6762863
vn 0.5183332 -0.59070754 0.6183811
vn 0.58587 -0.79695636 0.14702682
vn -0.45673218 -0.86501324 0.20772053
vn 0.53484726 -0.8003778 -0.27080235
vn -0.47491056 -0.8396389 -0.26356518
vn 0.5217612 -0.7702516 -0.3667123
vn -0.3981131 -0.84534 -0.35623917
vn 0.42990494 -0.7044918 0.56468844
vn -0.26150015 -0.6263493 0.7343735
vn 0.47589946 0.49772194 0.72511554
vn -0.4551589 0.5569189 0.69474584
vn -0.443567 0.8117407 0.37990165
vn 0.5670074 0.7811111 0.2614727
vn -0.4391746 0.89387184 -0.090105176
vn 0.59636664 0.7887046 -0.14930479
vn -0.38832843 0.92028373 -0.047737062
vn 0.6749915 0.72396415 -0.14234613
vn -0.12914236 0.33422515 0.93360364
vn 0.46264127 0.3236146 0.8253706
vn 0.80394906 -0.05864981 0.591799
vn 0.47589946 0.49772194 0.72511554
vn 0.5670074 0.7811111 0.2614727
vn 0.987531 -0.03943983 0.15240397
vn 0.5183332 -0.59070754 0.6183811
vn 0.59636664 0.7887046 -0.14930479
vn 0.58587 -0.79695636 0.14702682
vn 0.97623205 -0.09249056 -0.19600092
vn 0.6749915 0.72396415 -0.14234613
vn 0.53484726 -0.8003778 -0.27080235
vn 0.94219077 -0.15837367 -0.29528698
vn 0.46264127 0.3236146 0.8253706
vn 0.5217612 -0.7702516 -0.3667123
vn 0.72393066 -0.09787986 0.68289375
vn 0.42990494 -0.7044918 0.56468844
vn 0.40482393 0.54997665 -0.73050886
vn -0.30094352 0.65941346 -0.68891716
vn -0.23084751 0.9429264 0.23999818
vn 0.761675 0.6321019 0.14247224
vn -0.35309464 0.9239114 0.14734979
vn 0.7199535 0.683917 0.118002385
vn -0.3915225 0.885087 -0.25165674
vn 0.62209 0.7170566 -0.31437883
vn -0.938917 0.031121077 -0.34273395
vn -0.5850437 -0.7894365 -0.18577847
vn -0.5752058 -0.7859142 -0.22688623
vn -0.96665657 0.08897777 -0.24012096
vn -0.3915225 0.885087 -0.25165674
vn -0.512388 0.7873168 -0.34291512
vn 0.62209 0.7170566 -0.31437883
vn 0.6748777 0.61967343 -0.40068063
vn 0.8832063 -0.3176956 -0.34498703
vn 0.86895347 -0.2646568 -0.41818258
vn 0.33150893 -0.9266894 -0.17705563
vn 0.3199434 -0.90182 -0.29044268
vn 0.5077823 -0.13721818 -0.8504871
vn 0.40482393 0.54997665 -0.73050886
vn 0.761675 0.6321019 0.14247224
vn 0.9652976 -0.2573816 0.044219036
vn 0.218613 -0.38887113 -0.8949791
vn 0.7199535 0.683917 0.118002385
vn 0.40858966 -0.91236556 -0.025371257
vn 0.9605303 -0.2539808 0.11346929
vn 0.62209 0.7170566 -0.31437883
vn 0.38181525 -0.913612 0.13975053
vn 0.8832063 -0.3176956 -0.34498703
vn 0.33150893 -0.9266894 -0.17705563
vn -0.65563756 0.13273408 -0.7433176
vn -0.24596961 -0.2868599 -0.9258565
vn -0.60797834 -0.7939514 0.0018469243
vn -0.97114366 0.21157219 0.11007761
vn -0.30094352 0.65941346 -0.68891716
vn -0.6069937 -0.78783745 0.104263894
vn -0.23084751 0.9429264 0.23999818
vn -0.9824729 0.15495564 0.103613384
vn -0.5850437 -0.7894365 -0.18577847
vn -0.35309464 0.9239114 0.14734979
vn -0.938917 0.031121077 -0.34273395
vn -0.3915225 0.885087 -0.25165674
vn 0.69746584 -0.14928773 -0.70089567
vn 0.6786657 0.043687996 -0.7331467
vn 0.65832144 0.10173564 -0.74583024
vn 0.4527691 -0.70407516 -0.5470632
vn 0.5256204 0.5685092 -0.63286686
vn -0.35931945 -0.746465 -0.5600711
vn -0.48777682 0.61502737 -0.6195281
vn -0.73086756 -0.18739629 -0.65628886
vn -0.6750644 0.18259639 -0.71480525
vn -0.6953346 0.11875935 -0.70880604
vn -0.13123381 0.62660545 0.76820785
vn 0.734835 0.52726686 0.42662287
vn 0.49077088 0.41339272 0.76697487
vn 0.7288302 0.50276774 -0.46479133
vn -0.43016198 0.89447975 0.12192935
vn -0.42267197 0.9028985 0.07824683
vn 0.34343612 0.73465085 -0.5850981
vn 0.14278279 0.50851303 0.84913343
vn 0.8346708 0.41339248 0.36391133
vn 0.7288302 0.50276774 -0.46479133
vn 0.9677642 -0.14210634 0.20793813
vn 0.734835 0.52726686 0.42662287
vn 0.8444419 -0.22281884 -0.48710346
vn 0.68620515 -0.19553466 0.70063454
vn 0.7584554 -0.56800324 -0.31955862
vn 0.070290506 -0.70480967 -0.70590556
vn 0.19954164 -0.90435296 -0.3772649
vn 0.9892888 -0.018697228 0.144769
vn 0.5067479 -0.6634963 0.55043536
vn 0.8346708 0.41339248 0.36391133
vn 0.34343612 0.73465085 -0.5850981
vn 0.7584554 -0.56800324 -0.31955862
vn 0.3518286 -0.606991 0.71258575
vn 0.68620515 -0.19553466 0.70063454
vn -0.33406043 -0.8565785 0.39328972
vn -0.51079214 -0.83279365 0.21341547
vn 0.19954164 -0.90435296 -0.3772649
vn -0.57071817 -0.79631066 0.2004248
vn 0.5067479 -0.6634963 0.55043536
vn 0.123673774 -0.50259733 0.8556289
vn -0.3392267 -0.28006482 0.8980472
vn -0.13123381 0.62660545 0.76820785
vn 0.49077088 0.41339272 0.76697487
vn 0.51567566 -0.29506722 0.8043718
vn -0.33406043 -0.8565785 0.39328972
vn 0.734835 0.52726686 0.42662287
vn 0.3518286 -0.606991 0.71258575
vn 0.9677642 -0.14210634 0.20793813
vn 0.68620515 -0.19553466 0.70063454
vn -0.38915527 -0.62545574 0.6762863
vn -0.37300077 -0.0059914575 0.9278117
vn -0.1825159 -0.32205623 0.9289606
vn -0.77827185 -0.01584737 0.6277273
vn -0.45673218 -0.86501324 0.20772053
vn -0.97529435 0.07935184 0.20616563
vn -0.4551589 0.5569189 0.69474584
vn -0.47491056 -0.8396389 -0.26356518
vn -0.443567 0.8117407 0.37990165
vn -0.98581505 0.07216956 -0.15152575
vn -0.3981131 -0.84534 -0.35623917
vn -0.4391746 0.89387184 -0.090105176
vn -0.99451905 0.024048904 -0.10175238
vn -0.26150015 -0.6263493 0.7343735
vn -0.38832843 0.92028373 -0.047737062
vn -0.4943762 -0.05742508 0.867349
vn -0.12914236 0.33422515 0.93360364
vn 0.5183332 -0.59070754 0.6183811
vn -0.38915527 -0.62545574 0.6762863
vn -0.1825159 -0.32205623 0.9289606
vn 0.24548253 -0.31949568 0.91523814
vn 0.80394906 -0.05864981 0.591799
vn -0.21527326 0.34812355 0.9123966
vn -0.37300077 -0.0059914575 0.9278117
vn -0.77827185 -0.01584737 0.6277273
vn -0.4551589 0.5569189 0.69474584
vn 0.20754217 0.31177753 0.92721146
vn 0.47589946 0.49772194 0.72511554
vn 0.37771493 -0.023162957 0.9256322
vn -0 0.67759335 -0.7354368
vn -0 0.67759323 0.7354369
vn -0.6114815 0.58490616 0.5328932
vn -0.6114814 0.58490634 -0.5328931
vn -0.6114814 0.58490634 -0.5328931
vn -0.6114815 0.58490616 0.5328932
vn -0.61148155 -0.58490616 0.53289324
vn -0.6114814 -0.58490634 -0.5328931
vn -0 0.67759335 -0.7354368
vn -0.6114814 0.58490634 -0.5328931
vn -0.6114814 -0.58490634 -0.5328931
vn -0 -0.67759335 -0.7354368
vn -0.6114815 0.58490616 0.5328932
vn -0 0.67759323 0.7354369
vn -0 -0.6775939 0.7354363
vn -0.61148155 -0.58490616 0.53289324
vn -0.6114814 -0.58490634 -0.5328931
vn -0.61148155 -0.58490616 0.53289324
vn -0 -0.6775939 0.7354363
vn -0 -0.67759335 -0.7354368
vn -0 0 1
vn -0.54898304 -0.6302616 0.548988
vn -0.7071045 0 0.707109
vn -0 -0.63026196 0.7763825
vn 0.7071048 0 0.70710874
vn 0.5489838 -0.630262 0.54898685
vn -0.7071045 0 0.707109
vn -0.54898304 -0.6302616 0.548988
vn -0.77638143 -0.6302633 0
vn -1 0 0
vn -0.54898494 -0.6302615 -0.54898626
vn -0.7071078 0 -0.70710576
vn -0.7071078 0 -0.70710576
vn -0.54898494 -0.6302615 -0.54898626
vn -0 -0.6302604 -0.7763837
vn -0 0 -1
vn 0.548985 -0.6302615 -0.5489864
vn 0.70710796 0 -0.7071056
vn 0.70710796 0 -0.7071056
vn 0.548985 -0.6302615 -0.5489864
vn 0.7763814 -0.6302634 0
vn 1 0 0
vn 0.5489838 -0.630262 0.54898685
vn 0.7071048 0 0.70710874
vn -0 -0.80418724 -0.5943761
vn -0.42028934 -0.80418485 -0.42029002
vn -0.8833054 0 0.46879804
vn -0 0 1
vn 0.42028943 -0.8041845 -0.42029035
vn 0.8833055 0 0.4687979
vn -0.59437716 -0.80418646 0
vn -0.4202882 -0.8041855 0.42028967
vn -0.36749303 0 0.93002623
vn -0.6785969 0 0.7345109
vn -0.42028934 -0.80418485 -0.42029002
vn -0.8833054 0 0.46879804
vn 0.4202886 -0.80418617 0.42028812
vn 0.6785971 0 0.7345108
vn 0.36749318 0 0.93002623
vn 0.5943772 -0.8041864 0
vn 0.8833055 0 0.4687979
vn 0.42028943 -0.8041845 -0.42029035
vn -0.4202882 -0.8041855 0.42028967
vn -0 0 1
vn -0.36749303 0 0.93002623
vn -0 -0.80418575 0.59437805
vn 0.36749318 0 0.93002623
vn 0.4202886 -0.80418617 0.42028812
vn -0.42028773 -0.8041865 -0.4202882
vn -0.77638215 -0.63026243 0
vn -0.54898417 -0.6302627 -0.5489859
vn -0.59437686 -0.8041865 0
vn -0.5489863 -0.6302622 0.5489842
vn -0.4202912 -0.804187 0.42028397
vn -0.5489863 -0.6302622 0.5489842
vn -0 -0.63026273 0.776382
vn 0.5489863 -0.6302621 0.5489842
vn -0.77638215 -0.63026243 0
vn 0.7763821 -0.6302625 0
vn -0.54898417 -0.6302627 -0.5489859
vn 0.54898405 -0.6302625 -0.54898596
vn -0 -0.63026255 -0.7763821
vn -0.4202912 -0.804187 0.42028397
vn -0 -0.63026273 0.776382
vn -0.5489863 -0.6302622 0.5489842
vn -0 -0.8041865 0.594377
vn 0.5489863 -0.6302621 0.5489842
vn 0.42029083 -0.8041864 0.42028555
vn 0.42029083 -0.8041864 0.42028555
vn 0.7763821 -0.6302625 0
vn 0.5489863 -0.6302621 0.5489842
vn 0.59437674 -0.8041867 0
vn 0.54898405 -0.6302625 -0.54898596
vn 0.4202876 -0.8041859 -0.4202896
vn 0.4202876 -0.8041859 -0.4202896
vn -0 -0.63026255 -0.7763821
vn 0.54898405 -0.6302625 -0.54898596
vn -0 -0.8041859 -0.59437793
vn -0.54898417 -0.6302627 -0.5489859
vn -0.42028773 -0.8041865 -0.4202882
vn -0 0 1
vn -0 -0.62934357 0.7771272
vn -0.55024785 -0.63072276 0.54718924
vn -0.70907557 0 0.70513254
vn -0.70907557 0 0.70513254
vn -0.55024785 -0.63072276 0.54718924
vn -0.77638185 -0.6302628 0
vn -1 0 0
vn -0.5502494 -0.63072324 -0.5471871
vn -0.70907784 0 -0.70513016
vn -0.70907784 0 -0.70513016
vn -0.5502494 -0.63072324 -0.5471871
vn -0 -0.62934244 -0.777128
vn -0 0 -1
vn -0 -0.80596524 -0.5919629
vn -0.42256323 -0.8032965 -0.41970813
vn -0.8835012 0 0.46842897
vn -0 0 1
vn -0.55024785 -0.63072276 0.54718924
vn -0 -0.62934357 0.7771272
vn -0 -0.805965 0.5919631
vn -0.42256272 -0.8032961 0.41970968
vn -0.77638185 -0.6302628 0
vn -0.59437644 -0.80418694 0
vn -0.5502494 -0.63072324 -0.5471871
vn -0.42256323 -0.8032965 -0.41970813
vn -0 -0.62934244 -0.777128
vn -0 -0.80596524 -0.5919629
vn -0.59437644 -0.80418694 0
vn -0.42256272 -0.8032961 0.41970968
vn -0.36926523 0 0.9293241
vn -0.6785969 0 0.7345109
vn -0.42256323 -0.8032965 -0.41970813
vn -0.8835012 0 0.46842897
vn -0.42256272 -0.8032961 0.41970968
vn -0 -0.805965 0.5919631
vn -0 0 1
vn -0.36926523 0 0.9293241
vn -0 -0.6011036 0.7991711
vn -0 -0.5977834 0.8016576
vn -0 -0.8065728 -0.5911348
vn 0.42333758 -0.802994 -0.4195068
vn -0 -0.59999996 0.8
vn 0.59437716 -0.80418646 0
vn -0 -0.6011038 0.79917103
vn 0.42333728 -0.80299526 0.41950464
vn -0 -0.5977834 0.8016576
vn -0 -0.8065719 0.5911361
vn -0 -0.62876827 -0.7775927
vn -0 -0.6287678 0.7775931
vn 0.5510398 -0.63101524 0.54605395
vn 0.77638274 -0.63026184 0
vn 0.55104035 -0.631014 -0.5460548
vn 0.42333728 -0.80299526 0.41950464
vn 0.77638274 -0.63026184 0
vn 0.5510398 -0.63101524 0.54605395
vn 0.59437716 -0.80418646 0
vn 0.55104035 -0.631014 -0.5460548
vn 0.42333758 -0.802994 -0.4195068
vn 0.42333758 -0.802994 -0.4195068
vn -0 -0.8065728 -0.5911348
vn -0 -0.62876827 -0.7775927
vn 0.55104035 -0.631014 -0.5460548
vn -0 -0.8065719 0.5911361
vn 0.42333728 -0.80299526 0.41950464
vn 0.5510398 -0.63101524 0.54605395
vn -0 -0.6287678 0.7775931
vn -0 0.7302599 -0.68316936
vn -0 0.68220735 0.7311588
vn -0.6061833 0.58362937 0.5402949
vn -0.5469151 0.5693774 -0.6137533
vn -0.5469151 0.5693774 -0.6137533
vn -0.6061833 0.58362937 0.5402949
vn -0.6061833 -0.58362937 0.5402949
vn -0.5437392 -0.5705371 -0.6154958
vn -0 0.7302599 -0.68316936
vn -0.20391904 0.30779943 -0.92934203
vn -0 0.70548636 -0.7087235
vn -0.5469151 0.5693774 -0.6137533
vn -0.20921998 -0.289763 -0.933951
vn -0.5437392 -0.5705371 -0.6154958
vn -0 -0.6930509 -0.7208886
vn -0 -0.7191456 -0.6948595
vn -0 0.70710677 -0.7071067
vn -0.57735026 0.57735026 -0.5773502
vn -0.57735026 -0.57735026 -0.5773502
vn -0 -0.70710677 -0.7071067
vn -0 0.70548636 -0.7087235
vn -0.20391904 0.30779943 -0.92934203
vn -0.57735026 0.57735026 -0.5773502
vn -0 0.70710677 -0.7071067
vn -0.20391904 0.30779943 -0.92934203
vn -0.20921998 -0.289763 -0.933951
vn -0.57735026 -0.57735026 -0.5773502
vn -0.57735026 0.57735026 -0.5773502
vn -0.20921998 -0.289763 -0.933951
vn -0 -0.6930509 -0.7208886
vn -0 -0.70710677 -0.7071067
vn -0.57735026 -0.57735026 -0.5773502
vn -0.6061833 0.58362937 0.5402949
vn -0 0.68220735 0.7311588
vn -0 -0.68220735 0.7311588
vn -0.6061833 -0.58362937 0.5402949
vn -0.5437392 -0.5705371 -0.6154958
vn -0.6061833 -0.58362937 0.5402949
vn -0 -0.68220735 0.7311588
vn -0 -0.7191456 -0.6948595
vn 0.6711379 0.7411978 0.01413206
vn -0.36603978 0.82872665 -0.4233522
vn 0.43132412 0.65615517 -0.6192091
vn -0.3785968 0.9092102 0.17320889
vn 0.62675387 0.5279294 0.57312304
vn -0.23261008 0.61822027 0.75079703
vn 0.6105434 0.7591257 -0.22575426
vn -0.34576994 0.7514328 -0.56195366
vn 0.075948 0.8302194 -0.5522387
vn -0.76356566 0.60861254 -0.2157737
vn 0.7966966 0.33864665 -0.5005926
vn -0.96487945 0.1324854 -0.22683717
vn -0.3785968 0.9092102 0.17320889
vn -0.78218967 0.22463313 -0.58113617
vn -0.36603978 0.82872665 -0.4233522
vn -0.9835638 0.13470453 0.120237
vn -0.23261008 0.61822027 0.75079703
vn -0.76455873 0.003685961 0.64454347
vn -0.96487945 0.1324854 -0.22683717
vn -0.9695123 -0.22979085 0.08510119
vn -0.8466258 0.06621382 0.5280535
vn -0.6204826 -0.7641844 -0.17613499
vn -0.73936695 0.38535973 0.55211806
vn -0.6070292 -0.78588414 -0.11790525
vn -0.60801965 -0.7870986 0.103864476
vn -0.28949344 0.2631239 0.920304
vn -0.12670405 -0.8869532 0.4441397
vn -0.6460907 -0.7534738 -0.12183597
vn -0.62082183 -0.5688515 -0.53943336
vn -0.76356566 0.60861254 -0.2157737
vn 0.8087019 -0.58790344 0.019255929
vn -0.12670405 -0.8869532 0.4441397
vn 0.43116888 -0.78299254 0.4483481
vn -0.60801965 -0.7870986 0.103864476
vn 0.79420644 -0.50935686 -0.33134842
vn -0.6204826 -0.7641844 -0.17613499
vn 0.7695965 -0.5449554 -0.33278352
vn -0.6070292 -0.78588414 -0.11790525
vn 0.7751889 -0.5893288 -0.2275383
vn -0.6460907 -0.7534738 -0.12183597
vn 0.7649119 -0.4379057 -0.4723858
vn -0.62082183 -0.5688515 -0.53943336
vn 0.27333215 -0.37336737 -0.8865023
vn -0.15660655 -0.5091519 -0.8463089
vn -0.28949344 0.2631239 0.920304
vn 0.43116888 -0.78299254 0.4483481
vn -0.12670405 -0.8869532 0.4441397
vn 0.2352136 0.3939141 0.88854164
vn 0.6663729 0.5447656 0.50909483
vn 0.8087019 -0.58790344 0.019255929
vn -0.73936695 0.38535973 0.55211806
vn 0.2352136 0.3939141 0.88854164
vn -0.28949344 0.2631239 0.920304
vn 0.6663729 0.5447656 0.50909483
vn -0.8466258 0.06621382 0.5280535
vn 0.88314253 0.24092463 0.4025102
vn -0.76356566 0.60861254 -0.2157737
vn -0.62082183 -0.5688515 -0.53943336
vn -0.15660655 -0.5091519 -0.8463089
vn -0.34576994 0.7514328 -0.56195366
vn 0.075948 0.8302194 -0.5522387
vn 0.27333215 -0.37336737 -0.8865023
vn 0.7649119 -0.4379057 -0.4723858
vn 0.6105434 0.7591257 -0.22575426
vn 0.88314253 0.24092463 0.4025102
vn 0.8087019 -0.58790344 0.019255929
vn 0.6663729 0.5447656 0.50909483
vn 0.79420644 -0.50935686 -0.33134842
vn 0.7695965 -0.5449554 -0.33278352
vn 0.967394 -0.10255583 -0.23158392
vn 0.7751889 -0.5893288 -0.2275383
vn 0.9807295 -0.042259146 -0.19074537
vn 0.8581029 -0.09845981 0.50394946
vn 0.6711379 0.7411978 0.01413206
vn 0.62675387 0.5279294 0.57312304
vn 0.43132412 0.65615517 -0.6192091
vn 0.6707558 0.034788724 -0.7408619
vn 0.7966966 0.33864665 -0.5005926
vn 0.6105434 0.7591257 -0.22575426
vn 0.7649119 -0.4379057 -0.4723858
vn 0.8527529 -0.27283728 -0.4453901
vn 0.5641129 0.6942715 -0.44694936
vn 0.69608337 0.6433124 0.31877425
vn 0.9784275 -0.12073913 0.16763556
vn -0.31421894 0.40481403 0.8587154
vn -0.20999296 -0.34396884 0.9151985
vn -0.8354145 -0.5445095 -0.07477915
vn -0.9709952 0.14452606 -0.19047493
vn -0.04938679 0.8655715 0.49834433
vn -0.6808769 0.5307022 -0.50473934
vn 0.7117632 0.7019202 -0.026477763
vn -0.04938679 0.8655715 0.49834433
vn -0.6808769 0.5307022 -0.50473934
vn -0.077802084 0.464901 -0.8819376
vn 0.5732817 -0.7280641 0.37585995
vn 0.99048305 -0.12906644 -0.047803618
vn 0.14384192 -0.27651384 -0.950184
vn -0.21219462 -0.8242432 -0.52497303
vn -0.20999296 -0.34396884 0.9151985
vn 0.5732817 -0.7280641 0.37585995
vn -0.21219462 -0.8242432 -0.52497303
vn -0.8354145 -0.5445095 -0.07477915
vn -0.9878137 0.11380606 -0.10617064
vn -0.6796847 0.59646654 -0.42691502
vn -0.72454613 -0.6606213 -0.19650063
vn -0.9731276 0.147977 0.17642404
vn 0.49988857 -0.5853214 -0.6383652
vn 0.7646034 -0.3736224 -0.5251551
vn 0.8512781 -0.124487944 -0.5097335
vn 0.6354866 -0.5129427 -0.5771019
vn -0.36532608 0.08002175 0.9274338
vn -0.17322977 -0.6647532 0.72670114
vn -0.480568 -0.7208053 0.499494
vn -0.76562 0.17113374 0.62011236
vn -0.02950748 -0.6131382 0.7894244
vn -0.8319487 -0.55378336 0.034430023
vn -0.9731276 0.147977 0.17642404
vn -0.824827 -0.18371396 0.5347051
vn -0.70431304 -0.47031394 0.5317404
vn -0.7236682 -0.12699084 0.6783639
vn -0.17322977 -0.6647532 0.72670114
vn 0.51667154 -0.82156706 0.24099372
vn 0.29088834 -0.9551982 -0.05459374
vn -0.480568 -0.7208053 0.499494
vn -0.004652285 -0.91445786 -0.40465432
vn -0.8319487 -0.55378336 0.034430023
vn 0.9718831 0.22959289 -0.052251264
vn 0.6051504 -0.7309965 0.31533659
vn 0.6354866 -0.5129427 -0.5771019
vn 0.8512781 -0.124487944 -0.5097335
vn 0.51667154 -0.82156706 0.24099372
vn 0.29088834 -0.9551982 -0.05459374
vn 0.6326956 -0.2447269 -0.7347142
vn -0.004652285 -0.91445786 -0.40465432
vn 0.16181712 -0.7056146 -0.6898719
vn 0.7646034 -0.3736224 -0.5251551
vn -0.7236682 -0.12699084 0.6783639
vn -0.76562 0.17113374 0.62011236
vn -0.9731276 0.147977 0.17642404
vn -0.72454613 -0.6606213 -0.19650063
vn -0.8402674 -0.4399977 -0.31678492
vn 0.12680528 0.52186376 -0.8435512
vn -0.6508581 0.6499265 -0.392402
vn -0.029665485 -0.5837768 -0.81137216
vn 0.5573282 0.56720185 -0.6063557
vn 0.49085703 -0.6753884 -0.5503725
vn -0.7560486 -0.44541863 0.47957554
vn -0.8402674 -0.4399977 -0.31678492
vn -0.6508581 0.6499265 -0.392402
vn -0.59667677 0.748673 0.288904
vn -0.6784491 -0.47131535 0.5635323
vn -0.43707824 0.84380126 0.3113874
vn -0.67261314 -0.46909606 0.5723115
vn -0.4712373 0.770186 0.42982417
vn 0.81914127 0.54253864 0.1861701
vn 0.046492998 0.7173857 0.695123
vn -0.4712373 0.770186 0.42982417
vn 0.71525013 0.5302469 -0.4552533
vn -0.43707824 0.84380126 0.3113874
vn 0.6172924 0.54746383 -0.56500745
vn 0.5573282 0.56720185 -0.6063557
vn -0.59667677 0.748673 0.288904
vn -0.6508581 0.6499265 -0.392402
vn 0.12680528 0.52186376 -0.8435512
vn 0.64995533 -0.6720681 -0.35479918
vn 0.76026773 -0.53291357 0.3714784
vn 0.81914127 0.54253864 0.1861701
vn 0.71525013 0.5302469 -0.4552533
vn 0.4750015 -0.7462191 -0.4664018
vn 0.6172924 0.54746383 -0.56500745
vn 0.49085703 -0.6753884 -0.5503725
vn 0.5573282 0.56720185 -0.6063557
vn 0.76026773 -0.53291357 0.3714784
vn 0.046492998 0.7173857 0.695123
vn 0.81914127 0.54253864 0.1861701
vn -0.07232081 -0.3707436 0.9259152
vn -0.4712373 0.770186 0.42982417
vn -0.67261314 -0.46909606 0.5723115
vn 0.6051504 -0.7309965 0.31533659
vn -0.02950748 -0.6131382 0.7894244
vn -0.07232081 -0.3707436 0.9259152
vn 0.76026773 -0.53291357 0.3714784
vn -0.67261314 -0.46909606 0.5723115
vn 0.6354866 -0.5129427 -0.5771019
vn -0.824827 -0.18371396 0.5347051
vn 0.64995533 -0.6720681 -0.35479918
vn -0.6784491 -0.47131535 0.5635323
vn 0.49988857 -0.5853214 -0.6383652
vn -0.70431304 -0.47031394 0.5317404
vn 0.4750015 -0.7462191 -0.4664018
vn -0.7560486 -0.44541863 0.47957554
vn 0.7646034 -0.3736224 -0.5251551
vn -0.7236682 -0.12699084 0.6783639
vn 0.49085703 -0.6753884 -0.5503725
vn -0.8402674 -0.4399977 -0.31678492
vn 0.16181712 -0.7056146 -0.6898719
vn -0.72454613 -0.6606213 -0.19650063
vn -0.029665485 -0.5837768 -0.81137216
vn 0.9892888 -0.018697228 0.144769
vn 0.8346708 0.41339248 0.36391133
vn 0.6051504 -0.7309965 0.31533659
vn 0.9718831 0.22959289 -0.052251264
vn -0.02950748 -0.6131382 0.7894244
vn 0.5067479 -0.6634963 0.55043536
vn 0.14278279 0.50851303 0.84913343
vn 0.51667154 -0.82156706 0.24099372
vn -0.36532608 0.08002175 0.9274338
vn 0.123673774 -0.50259733 0.8556289
vn -0.09484789 -0.11941184 0.9883039
vn -0.17322977 -0.6647532 0.72670114
vn 0.9784275 -0.12073913 0.16763556
vn 0.69608337 0.6433124 0.31877425
vn 0.7117632 0.7019202 -0.026477763
vn 0.99048305 -0.12906644 -0.047803618
vn -0.04938679 0.8655715 0.49834433
vn 0.5693276 -0.46780336 0.6760371
vn 0.13424096 0.718289 0.68267137
vn 0.5732817 -0.7280641 0.37585995
vn -0.31421894 0.40481403 0.8587154
vn 0.10341576 -0.14962037 0.9833204
vn -0.12715127 0.38317087 0.9148839
vn -0.20999296 -0.34396884 0.9151985
vn -0.30094352 0.65941346 -0.68891716
vn 0.40482393 0.54997665 -0.73050886
vn 0.43132412 0.65615517 -0.6192091
vn -0.36603978 0.82872665 -0.4233522
vn 0.6707558 0.034788724 -0.7408619
vn -0.65563756 0.13273408 -0.7433176
vn 0.5077823 -0.13721818 -0.8504871
vn -0.78218967 0.22463313 -0.58113617
vn 0.7966966 0.33864665 -0.5005926
vn -0.24596961 -0.2868599 -0.9258565
vn 0.218613 -0.38887113 -0.8949791
vn -0.96487945 0.1324854 -0.22683717
vn -0.26150015 -0.6263493 0.7343735
vn 0.42990494 -0.7044918 0.56468844
vn 0.88314253 0.24092463 0.4025102
vn -0.8466258 0.06621382 0.5280535
vn 0.8581029 -0.09845981 0.50394946
vn -0.4943762 -0.05742508 0.867349
vn 0.72393066 -0.09787986 0.68289375
vn -0.76455873 0.003685961 0.64454347
vn 0.62675387 0.5279294 0.57312304
vn -0.12914236 0.33422515 0.93360364
vn 0.46264127 0.3236146 0.8253706
vn -0.23261008 0.61822027 0.75079703
vn -0 -0.6000004 0.7999997
vn -0 -0.60000014 0.79999983
vn -0 -0.8041859 -0.59437793
vn 0.4202876 -0.8041859 -0.4202896
vn -0.42028773 -0.8041865 -0.4202882
vn -0 -0.6000005 0.7999996
vn -0 -0.59999985 0.80000013
vn 0.59437674 -0.8041867 0
vn -0.59437686 -0.8041865 0
vn -0 -0.6000022 0.79999834
vn -0 -0.6000004 0.7999996
vn 0.42029083 -0.8041864 0.42028555
vn -0.4202912 -0.804187 0.42028397
vn -0 -0.59999716 0.80000216
vn -0 -0.60000294 0.7999978
vn -0 -0.8041865 0.594377
vn 0.7763814 -0.6302634 0
vn 0.548985 -0.6302615 -0.5489864
vn 0.42028943 -0.8041845 -0.42029035
vn 0.5943772 -0.8041864 0
vn -0 -0.80418724 -0.5943761
vn 0.5489838 -0.630262 0.54898685
vn -0 -0.6302604 -0.7763837
vn 0.4202886 -0.80418617 0.42028812
vn -0.42028934 -0.80418485 -0.42029002
vn -0 -0.63026196 0.7763825
vn -0.54898494 -0.6302615 -0.54898626
vn -0 -0.80418575 0.59437805
vn -0.59437716 -0.80418646 0
vn -0.54898304 -0.6302616 0.548988
vn -0.77638143 -0.6302633 0
vn -0.4202882 -0.8041855 0.42028967
vn -0.60515004 -0.7309967 0.3153366
vn 0.07232095 -0.37074375 0.92591506
vn 0.02950844 -0.61313826 0.78942436
vn -0.7602676 -0.5329135 0.37147856
vn 0.67261314 -0.4690958 0.5723117
vn -0.63548684 -0.51294273 -0.57710165
vn 0.82482713 -0.18371437 0.5347049
vn -0.6499555 -0.67206794 -0.35479918
vn 0.67844933 -0.47131532 0.5635321
vn -0.49988857 -0.5853215 -0.63836515
vn 0.70431304 -0.47031397 0.5317404
vn -0.47500145 -0.7462188 -0.46640235
vn 0.7560486 -0.44541925 0.479575
vn -0.7646034 -0.37362257 -0.52515507
vn 0.7236682 -0.12699078 0.678364
vn -0.49085703 -0.6753884 -0.5503726
vn 0.84026706 -0.43999842 -0.31678486
vn -0.16181634 -0.7056146 -0.689872
vn 0.724546 -0.66062146 -0.19650067
vn 0.029664986 -0.58377695 -0.811372
vn -0.9892896 -0.018700927 0.14476329
vn -0.97188175 0.22959217 -0.052280065
vn -0.60515004 -0.7309967 0.3153366
vn -0.834671 0.41339156 0.3639118
vn -0.50674653 -0.66349685 0.5504361
vn 0.02950844 -0.61313826 0.78942436
vn -0.51667005 -0.82156795 0.24099419
vn -0.14278041 0.5085124 0.8491342
vn -0.12367062 -0.5025968 0.8556296
vn 0.36532885 0.08002098 0.9274328
vn 0.17323127 -0.6647524 0.72670156
vn 0.09485267 -0.11941131 0.98830354
vn -0.9784274 -0.120738976 0.16763581
vn -0.71176296 0.7019205 -0.0264772
vn -0.69608283 0.6433125 0.3187753
vn -0.99048305 -0.12906659 -0.04780355
vn 0.049386468 0.8655715 0.4983442
vn -0.56932884 -0.46780372 0.6760358
vn -0.13424127 0.7182889 0.6826715
vn -0.5732824 -0.728064 0.37585902
vn 0.31421903 0.40481398 0.85871536
vn -0.10341606 -0.14962056 0.9833203
vn 0.12715138 0.38317093 0.9148839
vn 0.20999278 -0.34396937 0.9151984
vn 0.3009439 0.6594134 -0.6889171
vn -0.43132392 0.65615535 -0.6192091
vn -0.4048235 0.54997677 -0.730509
vn 0.36604008 0.8287265 -0.42335212
vn -0.67075574 0.034788653 -0.74086195
vn 0.65563804 0.13273393 -0.7433172
vn -0.50778216 -0.1372182 -0.85048723
vn 0.7821899 0.22463298 -0.5811359
vn -0.7966967 0.3386466 -0.5005924
vn 0.24596973 -0.2868599 -0.9258565
vn -0.2186132 -0.38887104 -0.894979
vn 0.96487945 0.13248543 -0.22683717
vn 0.2614999 -0.62634933 0.7343735
vn 0.8466257 0.0662136 0.5280536
vn -0.8831427 0.24092443 0.40251008
vn -0.42990518 -0.7044917 0.5646884
vn 0.49437568 -0.05742511 0.8673495
vn -0.858103 -0.09845996 0.50394934
vn 0.7645585 0.003685876 0.6445439
vn -0.72393066 -0.09787982 0.6828939
vn 0.12914185 0.33422518 0.93360376
vn -0.6267538 0.5279295 0.5731232
vn 0.23260963 0.61822045 0.7507971
vn -0.46264088 0.3236147 0.82537085
vn -0 -0.6000004 0.7999997
vn -0 -0.8041859 -0.59437793
vn -0 -0.60000014 0.79999983
vn -0.42028755 -0.8041859 -0.42028958
vn 0.42028773 -0.8041865 -0.4202882
vn -0 -0.6000005 0.79999954
vn -0 -0.59999985 0.80000013
vn -0.59437674 -0.80418676 0
vn 0.59437686 -0.8041865 0
vn -0 -0.60000217 0.79999834
vn -0 -0.6000004 0.7999996
vn -0.42029083 -0.8041864 0.42028555
vn 0.42029113 -0.804187 0.42028397
vn -0 -0.5999971 0.80000216
vn -0 -0.60000294 0.7999978
vn -0 -0.8041865 0.594377
vn -0.77638143 -0.6302634 0
vn -0.5943771 -0.80418646 0
vn -0.4202893 -0.8041845 -0.42029044
vn -0.54898506 -0.63026154 -0.5489861
vn -0.54898393 -0.6302622 0.5489866
vn -0 -0.80418706 -0.5943762
vn -0.42028865 -0.8041863 0.42028773
vn -0 -0.63026035 -0.7763837
vn -0 -0.63026214 0.7763824
vn 0.4202891 -0.8041847 -0.42029038
vn -0 -0.8041859 0.59437776
vn 0.548985 -0.6302615 -0.54898626
vn 0.5489831 -0.63026166 0.548988
vn 0.59437704 -0.8041865 0
vn 0.4202882 -0.8041855 0.42028967
vn 0.77638143 -0.6302633 0
vn 0.46689823 0.85789675 -0.21452072
vn 0.52401876 0.8257068 -0.20883638
vn 0.52515596 0.83867836 -0.14432521
vn 0.467916 0.8709706 -0.14988226
vn 0.40775552 0.886371 -0.21927592
vn 0.5240187 0.84801745 -0.07918891
vn 0.40864053 0.8994742 -0.15478733
vn 0.4668982 0.8802558 -0.084591806
vn 0.40775552 0.9086815 -0.08962831
vn -0.6016879 0.72796977 -0.32868177
vn -0.5479121 0.76376647 -0.34125254
vn -0.54910123 0.78749925 -0.27988
vn -0.60299945 0.75167996 -0.26714966
vn -0.65285766 0.6890201 -0.31468743
vn -0.54791206 0.8078212 -0.21729523
vn -0.6542745 0.71259075 -0.2532572
vn -0.6016879 0.7721203 -0.20445544
vn -0.6528576 0.733075 -0.19073007
vn 0.6021894 0.79521984 -0.07066385
vn 0.653333 0.753802 -0.07027401
vn 0.654751 0.7558312 -0.004508342
vn 0.603502 0.7973473 -0.0047560013
vn 0.54843754 0.83319336 -0.07074761
vn 0.65333307 0.75458676 0.061276827
vn 0.54962784 0.83539486 -0.004982914
vn 0.60218936 0.7960062 0.061172564
vn 0.5484375 0.833978 0.060803343
vn -0.6213954 0.78247577 -0.03999192
vn -0.5685846 0.8217212 -0.038546897
vn -0.56981856 0.8213185 0.027252484
vn -0.6227498 0.7819906 0.025947608
vn -0.6715148 0.73984134 -0.041263726
vn -0.56858456 0.8173585 0.09293386
vn -0.6729721 0.73926103 0.024529817
vn -0.6213953 0.7781037 0.091774225
vn -0.6715146 0.73547876 0.090217106
vn -0.51212955 0.83261156 -0.21090592
vn -0.4545681 0.8640741 -0.21620272
vn -0.45555475 0.87718403 -0.15171699
vn -0.5132459 0.84568554 -0.14626908
vn -0.5674729 0.7975427 -0.20469566
vn -0.45456818 0.88649464 -0.08657415
vn -0.5687043 0.81050825 -0.14018485
vn -0.5121295 0.8550807 -0.080995925
vn -0.56747264 0.81996334 -0.07506689
vn -0.05453453 0.99486536 0.08525788
vn 0.011261898 0.9962645 0.08561601
vn 0.011286408 0.98847467 0.1509656
vn -0.054653395 0.98706007 0.15074952
vn -0.12009477 0.9891571 0.08453047
vn 0.01126203 0.9764033 0.21566132
vn -0.12035545 0.9813518 0.14987771
vn -0.054534506 0.974961 0.21558544
vn -0.12009483 0.96929586 0.2145758
vn -0.5550649 0.72574824 0.40643886
vn -0.49953574 0.754424 0.42580324
vn -0.5004514 0.7193585 0.4817382
vn -0.5562563 0.6904813 0.46240062
vn -0.60818434 0.6939872 0.3853488
vn -0.49918553 0.68115723 0.5355732
vn -0.60967386 0.65861064 0.4410553
vn -0.55504835 0.6521733 0.51632494
vn -0.6085071 0.62036455 0.49484023
vn -0.7148038 0.075059906 -0.69528514
vn -0.66736174 0.08434818 -0.7399417
vn -0.66881007 0.14911102 -0.72832614
vn -0.71636206 0.13994408 -0.68355036
vn -0.75915 0.06544654 -0.64761716
vn -0.66736174 0.213228 -0.71355593
vn -0.7607977 0.13016835 -0.63580114
vn -0.7148039 0.20421946 -0.6688421
vn -0.7591501 0.19432639 -0.6212313
vn -0.7132445 0.6972694 -0.07139881
vn -0.66570014 0.74277496 -0.07161351
vn -0.667145 0.7449049 -0.005851515
vn -0.7147991 0.6993082 -0.0054933047
vn -0.75769943 0.6487436 -0.07087485
vn -0.6657003 0.7438083 0.05993585
vn -0.7593438 0.6506695 -0.0051112063
vn -0.71324444 0.6983051 0.060436096
vn -0.7576993 0.6497772 0.06067458
vn -0.9312125 -0.35265207 0.09208641
vn -0.9055657 -0.413108 0.09639848
vn -0.907531 -0.4188492 0.030866584
vn -0.92935 -0.36727607 0.037640125
vn -0.9528259 -0.29066864 0.08737547
vn -0.9055658 -0.4227763 -0.03479903
vn -0.9486699 -0.31262264 0.04787967
vn -0.92434865 -0.38116738 -0.017063482
vn -0.94124246 -0.33772987 0.0010915006
vn -0.778884 -0.6204807 -0.091342755
vn -0.73608315 -0.6688663 -0.103920445
vn -0.7363386 -0.6558252 -0.16642968
vn -0.7782549 -0.6095711 -0.15080559
vn -0.8183112 -0.56940764 -0.078369446
vn -0.7335915 -0.64010996 -0.22826028
vn -0.81675816 -0.5612411 -0.13384482
vn -0.7739805 -0.59734887 -0.2100681
vn -0.81247425 -0.55098826 -0.19051896
vn -0.87984854 -0.47183147 0.056935765
vn -0.8469171 -0.52879876 0.055706825
vn -0.84859365 -0.5289548 -0.009778631
vn -0.87470365 -0.4846254 0.005647831
vn -0.90896904 -0.41282052 0.057918094
vn -0.8466287 -0.5268409 -0.0752221
vn -0.8991896 -0.43690035 0.0240054
vn -0.866639 -0.49678263 -0.04630221
vn -0.88558036 -0.464212 -0.015953502
vn -0.7603461 0.10855602 0.64038223
vn -0.7193057 0.11002115 0.6859261
vn -0.72066694 0.044155072 0.6918739
vn -0.76487607 0.041730136 0.6428243
vn -0.8033359 0.106405765 0.585943
vn -0.71887475 -0.021904238 0.69479436
vn -0.8053357 0.038859826 0.5915441
vn -0.76292163 -0.025137499 0.64600205
vn -0.8036641 -0.028261881 0.59441173
vn -0.9142078 0.23580594 0.32957485
vn -0.8900413 0.25609174 0.37715176
vn -0.8900279 0.19353513 0.4127887
vn -0.9160516 0.17132393 0.36262608
vn -0.9350153 0.215164 0.28187022
vn -0.8854012 0.12997535 0.44628596
vn -0.9391136 0.14835306 0.30993056
vn -0.9137996 0.10534529 0.39226606
vn -0.9382401 0.08025895 0.33654717
vn -0.7688669 0.36334336 0.5261418
vn -0.73874503 0.37936133 0.5570823
vn -0.7340834 0.31563398 0.60124606
vn -0.7702484 0.2967699 0.5644867
vn -0.79595435 0.34742337 0.49573544
vn -0.7249927 0.2500022 0.6417822
vn -0.8048064 0.27675468 0.52506524
vn -0.7686037 0.22767998 0.597838
vn -0.8088855 0.20437154 0.55130434
vn -0.72321993 -0.24296765 0.64646703
vn -0.6750102 -0.28076336 0.6822999
vn -0.6815378 -0.33103478 0.65262717
vn -0.73362243 -0.2999682 0.6097682
vn -0.79083526 -0.18186747 0.5843833
vn -0.68571776 -0.38022587 0.62066054
vn -0.7768424 -0.28993595 0.5589749
vn -0.7249669 -0.37128267 0.58014834
vn -0.76182824 -0.3611355 0.5377722
vn -0.89477915 -0.17245348 0.41186175
vn -0.8754041 -0.1877311 0.44544873
vn -0.877304 -0.24483521 0.41278726
vn -0.8997097 -0.22716787 0.3727159
vn -0.91537136 -0.15429555 0.37187096
vn -0.8754041 -0.30087885 0.37833783
vn -0.9203718 -0.22197248 0.3219378
vn -0.89894694 -0.2871907 0.33078083
vn -0.9197899 -0.27264 0.28223035
vn -0.69468504 -0.3944693 0.6015037
vn -0.68225366 -0.39468467 0.61542994
vn -0.68494064 -0.44588867 0.5762288
vn -0.7054216 -0.44467336 0.5519475
vn -0.708839 -0.39404583 0.5850429
vn -0.6847705 -0.49534777 0.53452766
vn -0.72833383 -0.4541404 0.5131144
vn -0.71263343 -0.49701908 0.49510148
vn -0.73878837 -0.49753076 0.454593
vn -0.56913465 -0.60527116 0.5565362
vn -0.5505305 -0.6291713 0.54868907
vn -0.55173993 -0.67441857 0.4906554
vn -0.574937 -0.6655713 0.4758806
vn -0.587454 -0.58039844 0.5639463
vn -0.5499163 -0.716548 0.42912817
vn -0.59868133 -0.6656331 0.44554827
vn -0.57499063 -0.7231235 0.38272455
vn -0.5980869 -0.727601 0.33598927
vn -0.7232805 -0.5596888 0.404492
vn -0.70304054 -0.597175 0.38615537
vn -0.70456624 -0.62899214 0.3285655
vn -0.71920246 -0.61175424 0.3294001
vn -0.7419646 -0.52099866 0.42195842
vn -0.70304024 -0.65808505 0.26955256
vn -0.7319944 -0.6012723 0.32039976
vn -0.7076645 -0.6625537 0.24542546
vn -0.7117745 -0.66653836 0.22159323
vn -0.60221624 -0.7959859 0.061172437
vn -0.5484656 -0.8339595 0.06080316
vn -0.5397733 -0.8417833 0.006761616
vn -0.58508897 -0.81041974 0.029845556
vn -0.65335846 -0.7545647 0.061276775
vn -0.52943075 -0.8470335 -0.047300596
vn -0.62894154 -0.77568597 0.05238117
vn -0.5650687 -0.82503396 -0.00404202
vn -0.601084 -0.79805684 0.042463332
vn 0.27974948 -0.9559018 0.08939738
vn 0.34228238 -0.9353962 0.08875129
vn 0.33854836 -0.9375233 0.08021963
vn 0.26567873 -0.9617764 0.06633977
vn 0.21600498 -0.97226727 0.08965626
vn 0.3346689 -0.93962526 0.071421966
vn 0.18948779 -0.98052084 0.05170325
vn 0.24763343 -0.9679422 0.042019907
vn 0.16255152 -0.9866058 0.01363588
vn 0.5121301 -0.8550803 -0.08099642
vn 0.56747323 -0.8199628 -0.075067334
vn 0.55997074 -0.8199091 -0.11908783
vn 0.50633943 -0.8519807 -0.13322677
vn 0.45456877 -0.8864943 -0.086574696
vn 0.5510731 -0.8181436 -0.16419338
vn 0.45024022 -0.880842 -0.1462915
vn 0.49768332 -0.8472705 -0.18559124
vn 0.4442832 -0.87200385 -0.20547919
vn -0.5894889 -0.7793452 0.21242388
vn -0.5403897 -0.8141356 0.21251373
vn -0.53571445 -0.82994306 0.15557821
vn -0.569484 -0.8027308 0.17695001
vn -0.6364534 -0.7417326 0.21156475
vn -0.529157 -0.84283453 0.09809606
vn -0.6035079 -0.7723463 0.1981397
vn -0.54773575 -0.8248493 0.14003222
vn -0.5654326 -0.80429435 0.1827474
vn -0.035205077 -0.97258526 0.22986643
vn 0.031224605 -0.9727495 0.2297465
vn 0.05879645 -0.979502 0.19266245
vn -0.035487697 -0.9806442 0.19255553
vn -0.10147571 -0.9681294 0.22897205
vn 0.08624221 -0.98411846 0.15515518
vn -0.1291585 -0.97306406 0.19095646
vn -0.03511483 -0.98729265 0.15498444
vn -0.1565541 -0.9758232 0.15251164
vn 0.16494288 -0.89819264 0.40748474
vn 0.2352393 -0.8837227 0.4045943
vn 0.23874782 -0.9103791 0.33794877
vn 0.16395095 -0.92532206 0.34190524
vn 0.09352222 -0.9080571 0.40827182
vn 0.24102901 -0.93240136 0.269319
vn 0.08829567 -0.9346521 0.344426
vn 0.16235085 -0.9476795 0.2748556
vn 0.0826174 -0.95684177 0.27861848
vn 0.049519423 -0.76426 0.64300436
vn 0.14191143 -0.75642747 0.6384973
vn 0.14287086 -0.81351936 0.5637147
vn 0.049387045 -0.8226578 0.5663877
vn -0.04360938 -0.76549935 0.6419572
vn 0.14253455 -0.8648942 0.48129195
vn -0.04421758 -0.82098156 0.56924
vn 0.049431268 -0.8718777 0.48722252
vn -0.04445748 -0.8712135 0.4888872
vn 0.22390538 -0.71356505 0.66384584
vn 0.29711512 -0.691273 0.6586837
vn 0.29887122 -0.7630546 0.5730826
vn 0.22518373 -0.77732265 0.5874196
vn 0.14899215 -0.73174113 0.66509867
vn 0.29693973 -0.82466066 0.48141637
vn 0.15096097 -0.78594583 0.59958315
vn 0.22558905 -0.83272165 0.50565225
vn 0.15184821 -0.83601284 0.5272805
vn 0.4725981 -0.7923107 0.3858689
vn 0.5066778 -0.7626626 0.4020242
vn 0.4855841 -0.8127899 0.32183954
vn 0.46224162 -0.82872623 0.31550846
vn 0.43740413 -0.82015544 0.36881253
vn 0.45991042 -0.85531735 0.23856792
vn 0.4380478 -0.8446986 0.30756864
vn 0.44844636 -0.8604898 0.2417709
vn 0.43678367 -0.86556995 0.24496655
vn 0.3156366 -0.7271246 0.609642
vn 0.367424 -0.6989168 0.61360824
vn 0.37045383 -0.77640605 0.5098602
vn 0.31660244 -0.7890533 0.52645767
vn 0.26218876 -0.7530468 0.6034712
vn 0.3675424 -0.8382895 0.40271974
vn 0.26242548 -0.8011019 0.53793
vn 0.31522328 -0.8431151 0.4356505
vn 0.26087928 -0.8446978 0.46736243
vn 0.9963102 -0.01406935 0.0846641
vn 0.9977792 0.042610165 0.051195174
vn 0.9999416 0.0093005225 -0.005502441
vn 0.99847883 -0.04754499 0.027920082
vn 0.9905223 -0.07068788 0.117766015
vn 0.9977761 -0.024043461 -0.06216619
vn 0.9926721 -0.10421187 0.061172962
vn 0.99630654 -0.08082375 -0.028997272
vn 0.9905222 -0.13728447 0.0043149674
vn 0.77888393 0.58767647 -0.2190348
vn 0.81831104 0.5366746 -0.20578495
vn 0.820087 0.55424154 -0.14238538
vn 0.78058165 0.60539544 -0.15552688
vn 0.73608327 0.63613296 -0.23133597
vn 0.81831104 0.5694078 -0.07836912
vn 0.73768073 0.65391576 -0.16799182
vn 0.7788839 0.62048084 -0.0913424
vn 0.7360831 0.6688664 -0.10392005
vn 0.8798478 0.4693198 -0.07487887
vn 0.9089683 0.41031444 -0.07361115
vn 0.9109412 0.41246134 -0.007863552
vn 0.88176566 0.47160202 -0.008991024
vn 0.84691644 0.5262924 -0.07582227
vn 0.90896845 0.41282177 0.057918124
vn 0.84875447 0.5286911 -0.010079422
vn 0.8798478 0.47183266 0.056935914
vn 0.84691644 0.5288 0.0557071
vn 0.69346994 0.7193745 -0.039997652
vn 0.7392635 0.6721328 -0.041559927
vn 0.74086785 0.6712137 0.0242264
vn 0.69498163 0.71855956 0.02593528
vn 0.64467293 0.7635004 -0.03826213
vn 0.73926353 0.66738755 0.089907795
vn 0.6460722 0.76277965 0.027531333
vn 0.6934701 0.71461886 0.091755375
vn 0.6446731 0.7587551 0.09320555
vn 0.8169087 -0.55335665 0.16265449
vn 0.85082483 -0.50130403 0.15745269
vn 0.8290361 -0.54163635 0.13902955
vn 0.8050127 -0.58098626 0.12003987
vn 0.77981746 -0.60325843 0.16722408
vn 0.80042034 -0.5879843 0.11662613
vn 0.78151 -0.6154044 0.10256446
vn 0.79088223 -0.6071057 0.07699304
vn 0.7798175 -0.62488496 0.037460573
vn 0.9798527 0.13291876 0.14906819
vn 0.99010944 0.10909639 0.08821139
vn 0.992382 0.047279045 0.11376554
vn 0.98210377 0.071050465 0.17442477
vn 0.96557796 0.15578724 0.20830162
vn 0.9901849 -0.015091673 0.13894634
vn 0.96760076 0.094624445 0.23408325
vn 0.97989297 0.008995846 0.19932117
vn 0.9653568 0.033044405 0.2588327
vn 0.6870428 0.7208932 0.09102349
vn 0.7332561 0.6750988 0.08109996
vn 0.7348475 0.66240716 0.14565723
vn 0.68854046 0.70827687 0.15574358
vn 0.6378536 0.76356524 0.100552775
vn 0.73325604 0.6468465 0.20958365
vn 0.63923806 0.75106543 0.16515236
vn 0.6870428 0.6925794 0.21978611
vn 0.6378538 0.73531276 0.22903666
vn 0.7542495 -0.50998527 0.41354877
vn 0.7711654 -0.4702182 0.42918387
vn 0.76443845 -0.5584472 0.32213452
vn 0.75194097 -0.56560373 0.33864033
vn 0.7357531 -0.54865086 0.39705122
vn 0.74613994 -0.62768906 0.2219945
vn 0.73734987 -0.58311886 0.3410096
vn 0.74136454 -0.6217419 0.25261736
vn 0.73575306 -0.6150613 0.28349102
vn 0.58889276 -0.60147154 0.5398494
vn 0.59577316 -0.5764468 0.5592527
vn 0.6039753 -0.6725283 0.42769083
vn 0.59332246 -0.6620263 0.45791882
vn 0.5815671 -0.6253303 0.5203285
vn 0.59861606 -0.738557 0.31014898
vn 0.58283705 -0.6658646 0.46575236
vn 0.5908659 -0.72207034 0.3598498
vn 0.58140236 -0.70345014 0.4088141
vn 0.7325689 0.37221846 0.569909
vn 0.76563156 0.355182 0.53633386
vn 0.77257013 0.28799358 0.56585795
vn 0.73381335 0.30774036 0.6056515
vn 0.69650316 0.38882735 0.60307264
vn 0.7753108 0.21918932 0.59232527
vn 0.69312626 0.32627967 0.6427422
vn 0.73221064 0.2410859 0.6369813
vn 0.685939 0.26193833 0.6788784
vn -0.10921249 -0.5184853 -0.84808356
vn -0.04359457 -0.52070194 -0.8526247
vn -0.043689184 -0.4634342 -0.8850537
vn -0.10945069 -0.46109018 -0.88057727
vn -0.1743574 -0.51402295 -0.83986896
vn -0.04359457 -0.40415922 -0.9136492
vn -0.17473608 -0.4567405 -0.87227035
vn -0.109212756 -0.4016894 -0.9092405
vn -0.1743579 -0.39747974 -0.9008935
vn 0.1137009 0.06334183 -0.9914938
vn 0.17880309 0.062231544 -0.98191476
vn 0.17919107 0.12772815 -0.9754876
vn 0.11394875 0.12898393 -0.9850781
vn 0.04810623 0.06417776 -0.9967783
vn 0.17880291 0.19267154 -0.9648353
vn 0.048210725 0.12967856 -0.9903833
vn 0.11370089 0.1940649 -0.97437716
vn 0.04810641 0.19461772 -0.9796988
vn -0.12259127 0.08082727 -0.9891605
vn -0.05704726 0.0818438 -0.9950112
vn -0.057170987 0.14722049 -0.9874501
vn -0.122858405 0.14634453 -0.98157483
vn -0.18760428 0.07946068 -0.9790253
vn -0.05704708 0.21195953 -0.9756119
vn -0.18801138 0.14483196 -0.9714296
vn -0.12259109 0.21122517 -0.9697192
vn -0.18760413 0.2095759 -0.9596263
vn 0.07349127 0.24874328 -0.9657774
vn 0.13893053 0.2466889 -0.95908445
vn 0.13923198 0.30983412 -0.94054097
vn 0.07365151 0.31203187 -0.9472125
vn 0.0077336826 0.24972025 -0.96828717
vn 0.1389304 0.37163743 -0.91792375
vn 0.0077506364 0.31287226 -0.94976366
vn 0.07349135 0.37396306 -0.9245272
vn 0.0077340174 0.3746691 -0.9271264
vn -0.34277385 0.120268986 0.9316874
vn -0.28072068 0.1216691 0.95204645
vn -0.28272194 0.057611093 0.9574703
vn -0.3466193 0.056153715 0.9363236
vn -0.40833357 0.11817352 0.9051512
vn -0.28355366 -0.0066852504 0.9589331
vn -0.4084752 0.05435809 0.9111494
vn -0.34599885 -0.008108603 0.93819994
vn -0.40694544 -0.009496836 0.9134031
vn -0.20645449 -0.26381305 0.9422204
vn -0.10412149 -0.25732574 0.96069884
vn -0.1286092 -0.29873416 0.94563085
vn -0.21798292 -0.30102438 0.92836845
vn -0.3162644 -0.26763713 0.9101358
vn -0.1533009 -0.34027407 0.92774594
vn -0.30345547 -0.29958704 0.9045233
vn -0.22233856 -0.33672816 0.9149753
vn -0.2901245 -0.33153182 0.8977273
vn -0.13735536 -0.0720268 0.9878996
vn -0.044585746 -0.069618054 0.99657685
vn -0.06085757 -0.11727041 0.99123365
vn -0.14200407 -0.11835571 0.9827649
vn -0.23372039 -0.073886305 0.96949244
vn -0.077040814 -0.16482063 0.98331016
vn -0.22121535 -0.11850557 0.967998
vn -0.14294857 -0.16423416 0.97600865
vn -0.2082182 -0.16292569 0.9644171
vn 0.50369245 -0.5987958 0.62268585
vn 0.5163101 -0.585944 0.6245748
vn 0.5349197 -0.6658594 0.52008873
vn 0.5132778 -0.65706015 0.5521031
vn 0.49158618 -0.6107903 0.62070787
vn 0.54324675 -0.7237713 0.42548576
vn 0.49353847 -0.6582324 0.5684627
vn 0.5189467 -0.7143382 0.4694842
vn 0.4930097 -0.7029068 0.51270217
vn 0.03057504 -0.6845452 0.72832894
vn 0.14417486 -0.6770739 0.721654
vn 0.13554916 -0.73591644 0.6633651
vn 0.030682905 -0.74488586 0.666486
vn -0.083431765 -0.68311334 0.72553104
vn 0.12550987 -0.7920597 0.59740156
vn -0.07443171 -0.74048626 0.6679372
vn 0.030785946 -0.7973401 0.60274464
vn -0.06444336 -0.79540795 0.60263854
vn -0.4753864 -0.45663634 0.75199145
vn -0.4252267 -0.45686448 0.78131753
vn -0.43756148 -0.50225234 0.7458435
vn -0.4910483 -0.49903932 0.7140248
vn -0.530974 -0.45447442 0.715206
vn -0.44856894 -0.54671127 0.70703095
vn -0.5425077 -0.496385 0.6777074
vn -0.50112003 -0.54066384 0.6756932
vn -0.55134714 -0.5326513 0.6421052
vn 0.2641832 -0.9439189 0.19805174
vn 0.20415866 -0.7657019 0.60993433
vn 0.5368299 -0.7062694 0.46151623
vn 0.6338886 -0.75402725 0.17212841
vn 0.68726325 -0.3605152 0.63063294
vn 0.31497532 -0.94788194 0.048066113
vn -0.006369034 -0.97519946 0.22123651
vn -0.00016825959 -0.9987004 0.050966635
vn 0.90439194 -0.38387626 0.18631716
vn 0.6572899 -0.7521828 0.046806835
vn 0.22109486 -0.3522677 0.9094089
vn -0.011920159 -0.7715432 0.6360653
vn 0.7377531 -0.0033957993 0.67506224
vn -0 -0.9584985 -0.28509757
vn 0.29887944 -0.91844153 -0.25910643
vn -0.31500018 -0.94785994 0.04833608
vn -0.27129748 -0.9406292 0.20399633
vn -0.29887936 -0.91844165 -0.2591065
vn 0.91394246 -0.40243298 0.052506626
vn 0.9792333 -3.202313E-05 0.20273657
vn 0.6438531 -0.73262113 -0.22072464
vn 0.24412003 -0.011880352 0.9696722
vn -0.0063467855 -0.36646226 0.9304112
vn 0.7021991 0.33304298 0.6292844
vn -0.21775638 -0.7635149 0.60796976
vn -0.65719527 -0.75225693 0.046947062
vn -0.6311548 -0.7552226 0.17686847
vn -0.64385307 -0.73262125 -0.22072461
vn 0.9984143 0 0.05629313
vn 0.9073906 0.37769246 0.18436591
vn 0.87973356 -0.37648734 -0.2903895
vn -0.22625893 -0.36368093 0.9036277
vn -0.5320324 -0.71019995 0.4610396
vn -0.0012216471 -0.019432813 0.9998104
vn 0.2511961 0.29072592 0.9232437
vn 0.5828502 0.66549796 0.46625966
vn 0.91394246 0.4024329 0.05250667
vn 0.6502997 0.7425871 0.16023359
vn 0.26836792 0.7424753 0.6137664
vn -0 0.28570005 0.9583191
vn -0.24489306 -0.015882509 0.9694201
vn -0.6833598 -0.37104648 0.6287638
vn 0.94604033 0 -0.324049
vn -0.90217584 -0.38812992 0.18823898
vn -0.91394264 -0.40243262 0.05250651
vn -0.8797335 -0.37648723 -0.2903898
vn -0.25119504 0.29072624 0.9232439
vn -0.7372098 -0.006556491 0.6756321
vn -0.97920406 -0.000548277 0.20287727
vn -0.9984143 0 0.056293055
vn -0.9460403 0 -0.3240493
vn -0 0.76208425 0.6474778
vn 0.29442748 0.941561 0.16363174
vn 0.6572899 0.7521828 0.046807203
vn 0.8797335 0.3764876 -0.2903897
vn -0.91394246 0.40243286 0.052506678
vn -0.8797334 0.3764876 -0.29038984
vn -0.9073906 0.37769237 0.18436582
vn -0.70219845 0.3330436 0.62928474
vn -0.2683678 0.7424753 0.6137664
vn -0 0.9846726 0.17441286
vn 0.31610122 0.947559 0.047031123
vn 0.6438531 0.7326214 -0.2207239
vn -0.6572901 0.7521827 0.046806954
vn -0.6502998 0.74258685 0.16023344
vn -0.5828501 0.6654981 0.46625975
vn -0.29442737 0.941561 0.16363165
vn -0 0.9988047 0.048879668
vn -0.3161012 0.9475591 0.04703107
vn -0.643853 0.73262143 -0.220724
vn 0.29887968 0.91844165 -0.25910616
vn -0 0.9584986 -0.28509727
vn -0.2988796 0.91844165 -0.25910622
vn -0.47134474 0.54665655 -0.69209874
vn -0.21216013 0.5914216 -0.7779515
vn -0 0.59546745 -0.8033795
vn 0.21216 0.5914218 -0.7779515
vn 0.47134468 0.54665655 -0.6920988
vn 0.54656637 0.26494026 -0.79440033
vn -0.5465665 0.2649402 -0.7944002
vn -0.13922648 0.1585534 -0.977485
vn 0.13922608 0.1585531 -0.9774851
vn 0.5600486 0 -0.82845974
vn -0 0.15466128 -0.98796755
vn -0.5600497 0 -0.828459
vn 0.54656684 -0.26493984 -0.7944002
vn 0.13568301 0 -0.9907522
vn -0 0 -1
vn -0.13568401 0 -0.9907521
vn -0.5465669 -0.26493987 -0.79440016
vn 0.47134578 -0.5466566 -0.6920981
vn 0.1392269 -0.15855347 -0.9774849
vn 0.21215986 -0.5914221 -0.7779512
vn -0 -0.15466131 -0.98796755
vn -0.13922642 -0.15855336 -0.977485
vn -0 -0.5954675 -0.8033793
vn -0.21215972 -0.59142166 -0.77795154
vn -0.47134453 -0.5466562 -0.6920992
vn 0.4492701 0.5312723 0.718266
vn 0.1252773 0.4025787 0.9067723
vn -0.2146498 0.22777307 0.94976044
vn -0.21467948 -0.7173806 0.6627804
vn 0.12526555 -0.838777 0.52986944
vn 0.44927216 -0.84094 0.30161953
vn -0.6394044 -0.7526513 0.15709254
vn -0.023900295 -0.81159383 -0.58373296
vn 0.41322064 -0.6396836 -0.64811534
vn -0.6394044 -0.7526513 0.15709254
vn -0.106553696 -0.8340937 -0.54123384
vn -0.023900295 -0.81159383 -0.58373296
vn 0.99918264 0.011743633 -0.038678393
vn -0.07980141 -0.2896091 0.9538126
vn -0.038749397 -0.004166709 0.9992403
vn 0.07821789 0.26079592 0.96222
vn 0.95811266 0.2743082 0.08231073
vn 0.25331375 0.46499023 0.84830195
vn 0.8411518 0.47396895 0.2604173
vn 0.45971653 0.57716566 0.67493737
vn 0.66611177 0.5803073 0.4685493
vn -0.96386373 -0.058687445 0.25985113
vn -0.97617835 -0.06303962 0.20761006
vn -0.97617936 -0.0630362 0.20760626
vn -0.8403248 0.11346401 0.5300757
vn -0.71649164 -0.010851028 0.6975114
vn -0.97617984 -0.06304317 0.20760192
vn -0.67278874 0.17921981 0.7177991
vn -0.7139162 -0.009623149 0.700165
vn -0.7113364 -0.008398162 0.7028015
vn -0.7939878 0.34096122 0.50331783
vn -0.97617996 -0.063048325 0.20759965
vn -0.7237375 0.5386599 0.43133464
vn -0.97618026 -0.063046716 0.20759849
vn -0.63902354 0.70511115 0.3073551
vn -0.9761806 -0.06303557 0.20760031
vn -0.6467169 0.7093551 0.28030786
vn -0.9761795 -0.06301875 0.20761076
vn -0.55213356 0.8280166 0.09765738
vn -0.9776987 -0.04812995 0.20442311
vn -0.9673721 -0.040752064 0.25006065
vn -0.51574415 0.532494 0.6711617
vn -0.97640365 -0.04400201 0.2114233
vn -0.6702045 0.18267652 0.71934366
vn -0.725429 -0.19997056 0.6586081
vn -0.71103555 -0.0063879085 0.703127
vn -0.72542894 -0.19997099 0.6586079
vn -0.71081614 -0.005409233 0.703357
vn -0.6700668 0.18304838 0.71937746
vn -0.6704733 0.1816426 0.71935487
vn -0.5151918 0.53414565 0.670273
vn -0.72531885 -0.20001134 0.6587169
vn -0.72536963 -0.19999559 0.65866584
vn -0.96690005 -0.069996126 0.24536665
vn -0.9667399 -0.07430772 0.24472901
vn -0.97617924 -0.063027516 0.20760944
vn -0.97617936 -0.06303612 0.20760615
vn -0.91093683 -0.11985949 0.3947502
vn -0.9108401 -0.11927631 0.39514992
vn -0.9554517 -0.078439355 0.2845336
vn -0.88471067 -0.13543174 0.44603297
vn -0.8847102 -0.1354307 0.4460341
vn -0.9051969 -0.123475775 0.40666005
vn -0.9051968 -0.123475224 0.4066603
vn -0.87141234 -0.140919 0.46987477
vn -0.8746953 -0.14081517 0.4637663
vn -0.7944192 0.34636593 0.4989276
vn -0.794458 -0.17644796 0.58112186
vn -0.6321153 0.407068 0.65933746
vn -0.23210602 -0.28260037 0.93073297
vn -0.7610661 0.44429147 0.47263458
vn -0.77677244 0.31384122 0.54601127
vn -0.82072556 0.29246688 0.49078786
vn -0.8006838 0.2792148 0.53004205
vn -0.81944543 0.3160209 0.47816324
vn -0.8848723 0.16876033 0.43419012
vn -0.8801143 -0.13412705 0.45542163
vn -0.5937349 0.62301534 0.5092453
vn -0.2764615 0.9212058 0.27376786
vn -0.49566323 0.58313257 0.64364153
vn -0.7651624 -0.18705921 0.61606437
vn -0.7434361 -0.19431306 0.63995713
vn -0.72089785 -0.20135188 0.6631469
vn -0.6394108 0.5382436 0.54904246
vn 0.5051832 0.8203933 -0.26785198
vn 0.95811266 0.2743082 0.08231073
vn 0.8411518 0.47396895 0.2604173
vn 0.6615236 0.553595 -0.5058844
vn 0.99918264 0.011743633 -0.038678393
vn 0.5050986 0.82048225 -0.2677391
vn 0.71642524 0.20269544 -0.6675698
vn 0.66149694 0.55366844 -0.50583905
vn 0.5050298 0.82051325 -0.26777413
vn 0.7164248 0.20269658 -0.66757
vn 0.66141886 0.5537031 -0.5059031
vn 0.4883254 0.83726734 -0.24601164
vn 0.7163436 0.2027205 -0.6676499
vn 0.656427 0.5677288 -0.49677718
vn 0.71626323 0.2027441 -0.6677288
vn -0.9673721 -0.040752064 0.25006065
vn 0.18933426 0.97619677 0.105794765
vn -0.55213356 0.8280166 0.09765738
vn -0.6467169 0.7093551 0.28030786
vn -0.10345462 0.9181641 0.382455
vn -0.63902354 0.70511115 0.3073551
vn -0.7237375 0.5386599 0.43133464
vn -0.14276911 0.89990765 0.4120475
vn -0.27951807 0.80708545 0.5200795
vn -0.14481093 0.90069824 0.40960047
vn -0.51574415 0.532494 0.6711617
vn -0.7939878 0.34096122 0.50331783
vn -0.2801535 0.8085729 0.51742053
vn -0.5151918 0.53414565 0.670273
vn -0.14481093 0.90069824 0.40960047
vn -0.14481093 0.90069824 0.40960047
vn -0.14451067 0.90085995 0.40935072
vn 0.38521975 -0.26811174 0.8830186
vn 0.6138877 -0.22934629 0.75534236
vn 0.3852331 -0.2681115 0.88301283
vn 0.61386037 -0.22935192 0.7553629
vn 0.3852013 -0.2681141 0.8830259
vn 0.9035013 -0.12451879 0.4100983
vn 0.38521412 -0.26811397 0.8830203
vn 0.8098477 0.53610635 0.23819464
vn 0.9683071 0.07256482 -0.23898877
vn 0.9214963 0.31811228 -0.22282109
vn 0.4492701 0.5312723 0.718266
vn 0.1252773 0.4025787 0.9067723
vn 0.38521934 -0.26811242 0.88301855
vn -0.2146498 0.22777307 0.94976044
vn -0.24664132 -0.2815524 0.92730594
vn 0.72754294 0.19932498 -0.65646845
vn 0.9683071 0.07256482 -0.23898877
vn 0.9214963 0.31811228 -0.22282109
vn 0.6862533 0.50499254 -0.52348715
vn 0.8098477 0.53610635 0.23819464
vn 0.3537472 0.93096197 -0.09040295
vn 0.53981555 0.5932878 -0.5971673
vn 0.13864091 0.9743007 -0.17752971
vn 0.6748943 0.21439037 -0.7060839
vn 0.99999857 0.000493743 -0.0016230033
vn 0.41321993 0.89204687 -0.18303445
vn 0.3537472 0.93096197 -0.09040295
vn 0.8098477 0.53610635 0.23819464
vn 0.4492701 0.5312723 0.718266
vn 0.015020631 0.9617591 0.27348453
vn -0.2146498 0.22777307 0.94976044
vn -0.5635655 0.46626657 0.6819013
vn 0.13864091 0.9743007 -0.17752971
vn -0.16474515 0.98345655 0.07531389
vn -0.64670527 0.57687527 0.4989862
vn -0.10655418 0.99420977 0.013897199
vn -0.6394108 0.5382436 0.54904246
vn -0.023898568 0.99913824 -0.033936527
vn 0.41321993 0.89204687 -0.18303445
vn 0.53981555 0.5932878 -0.5971673
vn -0.24664132 -0.2815524 0.92730594
vn -0.5635655 0.46626657 0.6819013
vn -0.2146498 0.22777307 0.94976044
vn -0.72089237 -0.20134854 0.6631538
vn -0.64670527 0.57687527 0.4989862
vn -0.72089565 -0.20135048 0.6631496
vn -0.6394108 0.5382436 0.54904246
vn -0.72089785 -0.20135188 0.6631469
vn 0.32350305 0.7975682 0.509147
vn 0.3153514 0.84235215 -0.43703118
vn 0.6870617 0.7202865 0.095569395
vn -0.11310489 0.9904394 0.07897477
vn 0.2022033 0.7902503 -0.578462
vn 0.26715982 0.8666859 0.42128503
vn -0.15704548 0.9875854 0.00340475
vn -0.04033946 0.7312528 -0.68091273
vn -0.3168722 0.92357546 0.21587123
vn -0.17196615 0.98339534 -0.05797542
vn -0.039007887 0.8790237 -0.47517982
vn -0.2624264 0.94810766 0.17951152
vn -0.18892969 0.9251762 0.32917258
vn -0.1671776 0.9439683 0.28456214
vn 0.6086864 0.76298803 -0.21760061
vn -0.07355148 0.922386 0.3792022
vn 0.36304846 0.79029226 -0.49359286
vn -0.2892729 0.95199233 0.100158505
vn -0.18286653 0.17802937 0.96688443
vn -0.5340383 0.30931845 0.7868451
vn -0.6151611 0.3628602 0.69993514
vn -0.60214394 0.35607362 0.7145868
vn -0.82539606 0.3790021 0.4184243
vn -0.68874735 0.6086849 -0.39386514
vn -0.8405413 0.47435203 -0.2616878
vn -0.6321153 0.407068 0.65933746
vn -0.23146468 0.8946298 0.38218012
vn -0.7944192 0.34636593 0.4989276
vn -0.7610661 0.44429147 0.47263458
vn -0.21047299 0.8891119 0.4064249
vn -0.77677244 0.31384122 0.54601127
vn 0.22754246 0.9116425 0.34224603
vn -0.22233011 0.8892435 0.39976907
vn 0.39500004 0.88417524 0.24941759
vn -0.82072556 0.29246688 0.49078786
vn 0.30118406 0.8604299 0.4110337
vn 0.568217 0.60769624 0.5548286
vn 0.86468333 0.22076505 0.45120433
vn 0.8871997 0.43240485 0.16094333
vn -0.23781282 0.88524365 0.3997357
vn -0.8006838 0.2792148 0.53004205
vn 0.3820326 0.9172551 0.11266803
vn 0.8485734 0.5057112 -0.1554971
vn -0.20676509 0.9063533 0.36847252
vn -0.81944543 0.3160209 0.47816324
vn 0.3485527 0.9365755 0.036569107
vn 0.7010834 0.6295705 -0.3348478
vn 0.67339766 0.57423 -0.46561322
vn -0.2764615 0.9212058 0.27376786
vn -0.8848723 0.16876033 0.43419012
vn 0.31677982 0.94849604 0.0024260574
vn 0.30680248 0.9517208 -0.0099844495
vn 0.66611147 0.5733312 -0.47706065
vn 0.622913 0.68164206 -0.38385352
vn 0.6229136 0.6816425 -0.38385168
vn -0.49566323 0.58313257 0.64364153
vn -0.5937349 0.62301534 0.5092453
vn 0.41321993 0.89204687 -0.18303445
vn 0.94730204 0.31381148 0.064351514
vn -0.023898568 0.99913824 -0.033936527
vn -0.6394108 0.5382436 0.54904246
vn -0.10655418 0.99420977 0.013897199
vn 0.9676898 0.22114384 -0.12112721
vn 0.56395245 0.23992525 -0.79018575
vn 0.981457 0.05568977 -0.18341461
vn 0.5639496 0.23992874 -0.7901867
vn 0.6870617 0.7202865 0.095569395
vn 0.47865906 0.25509006 -0.8401277
vn 0.3153514 0.84235215 -0.43703118
vn 0.47865877 0.25509283 -0.84012693
vn -0.014129028 0.29050577 -0.9567689
vn 0.2022033 0.7902503 -0.578462
vn -0.014131995 0.2905079 -0.9567682
vn -0.04033946 0.7312528 -0.68091273
vn 0.14463374 0.28747934 -0.9468034
vn 0.81476897 0.16844921 -0.55477583
vn 0.14464226 0.28748044 -0.9468018
vn 0.81476796 0.16844769 -0.55477786
vn -0.039007887 0.8790237 -0.47517982
vn 0.58431697 0.23577967 -0.7765189
vn 0.6086864 0.76298803 -0.21760061
vn 0.58533996 0.23464839 -0.776091
vn -0.2617875 0.28040585 -0.9234933
vn 0.36304846 0.79029226 -0.49359286
vn -0.25882503 0.25317693 -0.93215394
vn -0.30553427 0.50453615 -0.8075222
vn -0.7256436 -0.19990854 0.65839046
vn -0.9515566 -0.08933154 0.29421076
vn -0.82539606 0.3790021 0.4184243
vn -0.60214394 0.35607362 0.7145868
vn -0.73688835 -0.19640511 0.64685434
vn -0.6151611 0.3628602 0.69993514
vn -0.6250692 -0.22678289 0.7468989
vn -0.5340383 0.30931845 0.7868451
vn -0.11029595 -0.2887627 0.95102626
vn -0.18286653 0.17802937 0.96688443
vn 0.9994205 -0.009888807 0.03256953
vn 0.99999857 0.000493743 -0.0016230033
vn 0.41321993 0.89204687 -0.18303445
vn 0.94730204 0.31381148 0.064351514
vn -0.23210602 -0.28260037 0.93073297
vn -0.11029595 -0.2887627 0.95102626
vn -0.18286653 0.17802937 0.96688443
vn -0.6321153 0.407068 0.65933746
vn -0.04033946 0.7312528 -0.68091273
vn -0.039007887 0.8790237 -0.47517982
vn 0.14463374 0.28747934 -0.9468034
vn -0.014131995 0.2905079 -0.9567682
vn 0.14464226 0.28748044 -0.9468018
vn -0.014129028 0.29050577 -0.9567689
vn 0.8597699 0.17089596 -0.48123837
vn 0.9443016 0.09560911 -0.31488633
vn 0.86547834 0.14554226 -0.47933784
vn 0.944302 0.095614724 -0.31488332
vn 0.99948823 -0.009293522 0.030607594
vn 0.8871997 0.43240485 0.16094333
vn 0.8485734 0.5057112 -0.1554971
vn 0.7010834 0.6295705 -0.3348478
vn 0.76460254 0.21613783 -0.6071798
vn 0.67339766 0.57423 -0.46561322
vn 0.7601563 0.18877177 -0.62171346
vn 0.760162 0.1887727 -0.6217062
vn 0.76016206 0.18877272 -0.6217062
vn 0.8716196 0.2854029 -0.39852786
vn 0.96365523 0.07761583 -0.25562552
vn 0.7219859 0.20563418 -0.6606445
vn 0.7219951 0.20102057 -0.66205263
vn 0.66611147 0.5733312 -0.47706065
vn 0.7346924 0.19855835 -0.64869237
vn 0.622913 0.68164206 -0.38385352
vn 0.74049664 0.1952575 -0.6430702
vn 0.74049664 0.1952575 -0.64307016
vn 0.86468333 0.22076505 0.45120433
vn 0.99948823 -0.009293522 0.030607594
vn 0.8871997 0.43240485 0.16094333
vn 0.9435918 -0.09619924 0.3168285
vn 0.9676898 0.22114384 -0.12112721
vn 0.981457 0.05568977 -0.18341461
vn 0.568217 0.60769624 0.5548286
vn 0.6870617 0.7202865 0.095569395
vn 0.32350305 0.7975682 0.509147
vn 0.26715982 0.8666859 0.42128503
vn 0.6229136 0.6816425 -0.38385168
vn 0.74050283 0.19525513 -0.64306366
vn 0.9994205 -0.009888807 0.03256953
vn 0.94730204 0.31381148 0.064351514
vn -0.2892729 0.95199233 0.100158505
vn -0.30553427 0.50453615 -0.8075222
vn 0.36304846 0.79029226 -0.49359286
vn -0.68874735 0.6086849 -0.39386514
vn -0.25882503 0.25317693 -0.93215394
vn -0.8405413 0.47435203 -0.2616878
vn -0.2617875 0.28040585 -0.9234933
vn -0.87697804 0.13961224 -0.45980203
vn -0.9515566 -0.08933154 0.29421076
vn -0.82539606 0.3790021 0.4184243
vn 0.95835954 0.2726221 0.08499546
vn 0.99612457 -0.02555359 0.084158994
vn 0.6729252 0.21491401 -0.70780206
vn 0.61816937 0.5649772 -0.54650456
vn 0.4622512 0.8311593 -0.3090276
vn 0.8417537 0.47169095 0.2625991
vn 0.4630434 0.8309908 -0.308294
vn 0.6189734 0.5647886 -0.5457892
vn 0.5097494 0.81898344 -0.2634799
vn 0.67373025 0.2146977 -0.70710146
vn 0.6660168 0.552204 -0.5014902
vn 0.7208911 0.20135395 -0.6631534
vn 0.03560791 0.5514853 -0.83342427
vn 0.99612373 -0.025559513 0.084167585
vn -0.04866399 0.29018766 -0.9557317
vn 0.9583592 0.27262035 0.08500467
vn -0.08100601 0.7505586 -0.65581995
vn 0.84174865 0.47169358 0.2626105
vn 0.9961242 -0.025555572 0.08416331
vn -0.04866566 0.29019406 -0.9557296
vn 0.035612203 0.5514869 -0.833423
vn 0.96006495 0.20500402 0.19039045
vn -0.08099877 0.75055736 -0.6558224
vn 0.84175473 0.47169343 0.26259157
vn -0.048671987 0.29019183 -0.95572996
vn 0.96006066 0.20500109 0.19041531
vn 0.99612445 -0.025551513 0.084162116
vn -0.084729575 0.52074814 -0.8494953
vn 0.85736495 0.38031706 0.34682027
vn -0.080980666 0.750556 -0.65582603
vn -0.5542439 0.5468492 0.6275106
vn -0.5097492 0.5342263 0.6743575
vn -0.66601986 0.18014741 0.7238539
vn -0.7101754 0.1935389 0.67689997
vn -0.7208941 -0.20135494 0.6631499
vn -0.5549617 0.547038 0.62671125
vn -0.7649307 -0.18713772 0.6163283
vn -0.71088004 0.19375609 0.67609775
vn 0.08100053 0.2592099 0.9624184
vn -0.76563656 -0.18689258 0.61552566
vn -0.035605237 -0.005000058 0.99935347
vn 0.048660763 -0.29018977 0.95573115
vn -0.9583579 0.2738652 0.080920495
vn 0.0809989 0.2592089 0.96241874
vn -0.8417444 0.5380813 0.04398721
vn -0.035612978 -0.005004522 0.9993531
vn 0.04867125 -0.29019254 0.9557297
vn -0.996123 0.025558 -0.08417748
vn -0.8417514 0.5380693 0.04400014
vn 0.08472087 -0.03949504 0.99562174
vn 0.08099956 0.25920632 0.9624194
vn -0.9583592 0.2738561 0.080936246
vn -0.9961248 0.025552481 -0.08415726
vn 0.048659623 -0.29018867 0.9557316
vn -0.8417515 0.5380702 0.043986753
vn 0.084748976 -0.039485432 0.9956196
vn 0.18744254 0.19318858 0.96309054
vn -0.9600627 0.27625823 -0.044284627
vn 0.04865316 -0.290191 0.95573115
vn -0.99612314 0.025559986 -0.08417545
vn 0.04865316 -0.290191 0.95573115
vn -0.07656673 -0.289686 0.95405424
vn -0.035597183 -0.0049998383 0.9993537
vn 0.084748976 -0.039485432 0.9956196
vn 0.081016466 0.25921425 0.9624158
vn 0.18744254 0.19318858 0.96309054
vn 0.25552955 0.46273363 0.8488712
vn 0.34112433 0.3724176 0.8630987
vn 0.46138185 0.57458466 0.6760025
vn 0.5224035 0.47092074 0.7108644
vn 0.6672265 0.5777301 0.47014552
vn 0.70367587 0.47369418 0.5295791
vn 0.84174556 0.47169456 0.26261884
vn 0.85736495 0.38031706 0.34682027
vn 0.9583584 0.2726196 0.085015796
vn 0.96006066 0.20500109 0.19041531
vn 0.9993067 0.010816984 -0.03562737
vn 0.99612445 -0.025551513 0.084162116
vn -0.035597183 -0.0049998383 0.9993537
vn -0.84175444 0.53806543 0.04398884
vn 0.081016466 0.25921425 0.9624158
vn -0.9583588 0.2738638 0.08091355
vn -0.07656673 -0.289686 0.95405424
vn -0.99930596 -0.0108279595 0.0356411
vn -0.96100986 0.27549767 0.023684952
vn -0.99930596 -0.0108279595 0.0356411
vn -0.99979883 0.0058220527 -0.019197134
vn -0.9583588 0.2738638 0.08091355
vn -0.8505581 0.52575994 -0.011288448
vn -0.84175444 0.53806543 0.04398884
vn -0.6852554 0.7185416 -0.11883994
vn -0.66724175 0.7415869 -0.06955081
vn -0.49024156 0.82450503 -0.28258556
vn -0.461372 0.85344523 -0.24241953
vn -0.29524213 0.8274847 -0.47759926
vn -0.2555115 0.8565937 -0.44828674
vn -0.12994024 0.72704047 -0.67418665
vn -0.080997385 0.7505566 -0.65582323
vn -0.019491905 0.53847235 -0.8424177
vn 0.035609007 0.551484 -0.8334251
vn 0.019290473 0.29048195 -0.9566861
vn 0.076548494 0.28967968 -0.95405775
vn -0.96100986 0.27549767 0.023684952
vn -0.41066223 0.50074434 0.76197875
vn -0.8505581 0.52575994 -0.011288448
vn -0.56547844 0.14995962 0.81101555
vn -0.99979883 0.0058220527 -0.019197134
vn -0.6198414 -0.22799458 0.75087625
vn 0.69305176 -0.20944265 0.6897919
vn -0.07655024 -0.28968164 0.95405686
vn -0.035606347 -0.004999287 0.99935335
vn 0.6930505 -0.20944053 0.68979394
vn 0.08100075 0.25921962 0.96241575
vn 0.69304776 -0.20942844 0.6898003
vn 0.25551784 0.4627444 0.8488689
vn 0.6930532 -0.20942238 0.6897968
vn 0.46136522 0.57459307 0.6760066
vn 0.6930445 -0.20942073 0.6898061
vn 0.6672354 0.57774043 0.47012016
vn 0.69306755 -0.20941678 0.68978405
vn 0.84175426 0.471701 0.26257953
vn 0.6930728 -0.20942645 0.6897758
vn 0.9583593 0.27262086 0.08500223
vn 0.693043 -0.20944509 0.68980014
vn 0.9993068 0.010816229 -0.035623103
vn 0.6930243 -0.20945008 0.68981725
vn -0.035606347 -0.004999287 0.99935335
vn -0.50974643 0.53422713 0.6743589
vn 0.08100075 0.25921962 0.96241575
vn -0.6660151 0.18015076 0.7238575
vn -0.07655024 -0.28968164 0.95405686
vn -0.72088873 -0.20135465 0.6631559
vn 0.9583584 0.2726196 0.085015796
vn 0.076548494 0.28967968 -0.95405775
vn 0.9993067 0.010816984 -0.03562737
vn 0.035609007 0.551484 -0.8334251
vn 0.84174556 0.47169456 0.26261884
vn -0.080997385 0.7505566 -0.65582323
vn -0.019491905 0.53847235 -0.8424177
vn 0.8085222 0.17097159 -0.5630813
vn 0.019290473 0.29048195 -0.9566861
vn 0.7541583 0.5185537 -0.4029235
vn -0.12994024 0.72704047 -0.67418665
vn 0.59934235 0.78285116 -0.16713105
vn 0.9583593 0.27262086 0.08500223
vn 0.72089344 0.20135367 -0.6631511
vn 0.9993068 0.010816229 -0.035623103
vn 0.6660204 0.5522004 -0.5014894
vn 0.84175426 0.471701 0.26257953
vn 0.50975 0.81898224 -0.26348254
vn 0.6672354 0.57774043 0.47012016
vn 0.50975 0.81898224 -0.26348254
vn 0.84175426 0.471701 0.26257953
vn 0.27587262 0.96108264 0.014640286
vn 0.46136522 0.57459307 0.6760066
vn -0 0.95686436 0.29053488
vn 0.25551784 0.4627444 0.8488689
vn -0.27587557 0.80697185 0.5221964
vn 0.08100075 0.25921962 0.96241575
vn -0.50974643 0.53422713 0.6743589
vn -0.29524213 0.8274847 -0.47759926
vn 0.59934235 0.78285116 -0.16713105
vn -0.12994024 0.72704047 -0.67418665
vn 0.3676479 0.9236256 0.10840141
vn -0.49024156 0.82450503 -0.28258556
vn 0.09434082 0.91944695 0.38172933
vn -0.6852554 0.7185416 -0.11883994
vn -0.17896886 0.77094924 0.61123425
vn -0.8505581 0.52575994 -0.011288448
vn -0.41066223 0.50074434 0.76197875
vn 0.6672265 0.5777301 0.47014552
vn -0.080997385 0.7505566 -0.65582323
vn 0.84174556 0.47169456 0.26261884
vn -0.2555115 0.8565937 -0.44828674
vn 0.46138185 0.57458466 0.6760025
vn -0.461372 0.85344523 -0.24241953
vn 0.25552955 0.46273363 0.8488712
vn -0.66724175 0.7415869 -0.06955081
vn 0.081016466 0.25921425 0.9624158
vn -0.84175444 0.53806543 0.04398884
vn -0.6930479 0.20944236 -0.689796
vn -0.6930459 0.20944378 -0.6897975
vn -0.6930459 0.2094438 -0.6897975
vn -0.6930479 0.20944236 -0.689796
vn -0.6930479 0.20944236 -0.689796
vn -0.6930479 0.20944236 -0.689796
vn -0.6930479 0.20944236 -0.689796
vn -0.6930479 0.20944236 -0.689796
vn -0.6930479 0.20944236 -0.689796
vn -0.5549617 0.547038 0.62671125
vn 0.08100053 0.2592099 0.9624184
vn 0.34110615 0.37242374 0.8631032
vn -0.32161468 0.81917334 0.4748883
vn -0.5542439 0.5468492 0.6275106
vn -0.046356257 0.96873057 0.24374633
vn 0.4613783 0.57458115 0.67600787
vn 0.70368755 0.47369137 0.52956605
vn -0.32087678 0.8190039 0.4756791
vn -0.5097492 0.5342263 0.6743575
vn -0.27587536 0.80697215 0.522196
vn -0.04560061 0.9685716 0.24451916
vn -0 0.95686436 0.29053488
vn 0.22889951 0.9729393 -0.031529523
vn 0.8417537 0.47169095 0.2625991
vn 0.4622512 0.8311593 -0.3090276
vn 0.22967601 0.97278035 -0.030776039
vn 0.2758748 0.9610821 0.014640706
vn 0.4630434 0.8309908 -0.308294
vn 0.5097494 0.81898344 -0.2634799
vn -0.8417444 0.5380813 0.04398721
vn 0.0809989 0.2592089 0.96241874
vn 0.2555166 0.46273112 0.8488764
vn -0.70367765 0.6881721 -0.17679626
vn -0.46137756 0.8534443 -0.24241185
vn 0.39070064 0.48760107 0.7807678
vn 0.46146104 0.5744707 0.6760452
vn -0.3411154 0.78943735 -0.51032233
vn 0.6672279 0.57772845 0.4701456
vn 0.84174865 0.47169358 0.2626105
vn -0.08100601 0.7505586 -0.65581995
vn 0.34110874 0.37242076 0.86310345
vn -0.8417514 0.5380693 0.04400014
vn 0.08099956 0.25920632 0.9624194
vn -0.667234 0.74159473 -0.06954188
vn -0.5895009 0.783933 -0.19477645
vn -0.46136832 0.85344976 -0.24241033
vn 0.46137017 0.5745837 0.67601126
vn -0.25551704 0.8565933 -0.44828442
vn 0.7036864 0.47369716 0.5295625
vn 0.84175473 0.47169343 0.26259157
vn -0.08099877 0.75055736 -0.6558224
vn -0.70368403 0.688165 -0.17679876
vn -0.8417515 0.5380702 0.043986753
vn 0.18744254 0.19318858 0.96309054
vn 0.34112433 0.3724176 0.8630987
vn 0.5224035 0.47092074 0.7108644
vn -0.46137404 0.8534458 -0.24241306
vn -0.341095 0.78943914 -0.5103332
vn 0.70367587 0.47369418 0.5295791
vn -0.080980666 0.750556 -0.65582603
vn 0.85736495 0.38031706 0.34682027
vn -0.69304436 0.20944324 -0.6897993
vn 0.07655949 0.28968054 -0.95405656
vn 0.035602283 0.5514854 -0.83342445
vn -0.693059 0.2094364 -0.68978673
vn -0.081007525 0.7505656 -0.6558117
vn -0.69306016 0.20945397 -0.6897802
vn -0.2555027 0.8566032 -0.44827363
vn -0.69303596 0.209484 -0.6897953
vn -0.46136108 0.85345453 -0.24240743
vn -0.6930368 0.2094789 -0.6897961
vn -0.66723436 0.74159515 -0.06953281
vn -0.6930621 0.20945506 -0.68977773
vn -0.84174776 0.53807515 0.04399743
vn -0.6930475 0.20945072 -0.6897937
vn -0.9583584 0.2738595 0.08093325
vn -0.6930498 0.20944703 -0.6897927
vn -0.99930537 -0.0108296415 0.035659377
vn -0.6930911 0.20942952 -0.6897564
vn 0.07655949 0.28968054 -0.95405656
vn 0.9993063 0.010820072 -0.035636105
vn 0.95835906 0.27262262 0.08499874
vn 0.035602283 0.5514854 -0.83342445
vn 0.8417506 0.4716965 0.26259935
vn -0.081007525 0.7505656 -0.6558117
vn -0.07655762 -0.28968266 0.954056
vn -0.7208922 -0.20135453 0.6631522
vn -0.7070426 -0.010811801 0.7070884
vn -0.03561106 -0.0050039673 0.99935323
vn -0.9583584 0.2738595 0.08093325
vn -0.72089213 -0.20135574 0.6631518
vn -0.99930537 -0.0108296415 0.035659377
vn -0.84174776 0.53807515 0.04399743
vn 0.0809985 0.2592104 0.9624184
vn -0.66723436 0.74159515 -0.06953281
vn 0.0809985 0.2592104 0.9624184
vn -0.84174776 0.53807515 0.04399743
vn 0.2555168 0.4627342 0.84887475
vn -0.46136108 0.85345453 -0.24240743
vn 0.4613739 0.5745829 0.6760095
vn -0.2555027 0.8566032 -0.44827363
vn 0.6672328 0.57772934 0.47013757
vn -0.081007525 0.7505656 -0.6558117
vn 0.8417506 0.4716965 0.26259935
vn 0.9993063 0.010820072 -0.035636105
vn -0.07655762 -0.28968266 0.954056
vn -0.03561106 -0.0050039673 0.99935323
vn 0.0809985 0.2592104 0.9624184
vn 0.95835906 0.27262262 0.08499874
vn 0.2555168 0.4627342 0.84887475
vn 0.8417506 0.4716965 0.26259935
vn 0.4613739 0.5745829 0.6760095
vn 0.6672328 0.57772934 0.47013757
vn 0.982746 0.053740583 -0.17698067
vn 0.982746 0.053740714 -0.17698063
vn 0.90793556 0.4158306 -0.05232458
vn 0.9638603 0.23939057 -0.11689987
vn 0.9079362 0.41582912 -0.052325174
vn 0.69490045 0.71460825 0.08030217
vn 0.6949011 0.71460754 0.08030186
vn -0.18495142 0.28552395 -0.9403557
vn -0.18495142 0.28552395 -0.9403557
vn -0.18495142 0.28552395 -0.9403557
vn -0.18495142 0.28552395 -0.9403557
vn -0.18495142 0.28552395 -0.9403557
vn -0.18495142 0.28552395 -0.9403557
vn -0.18495142 0.28552395 -0.9403557
vn -0.18495142 0.28552395 -0.9403557
vn -0.18495142 0.28552395 -0.9403557
vn -0.18495142 0.28552395 -0.9403557
vn -0.9079395 0.3165334 0.27468622
vn -0.9827459 -0.053739823 0.17698152
vn -0.9827459 -0.053739592 0.17698161
vn -0.90794027 0.31653166 0.27468586
vn -0.6949127 0.63860726 0.33057088
vn -0.69491243 0.63860744 0.33057094
vn -0.3760883 0.86346287 0.3361389
vn -0.6949127 0.63860726 0.33057088
vn -0.69491243 0.63860744 0.33057094
vn -0.3760892 0.8634625 0.336139
vn -0 0.95686525 0.29053184
vn -0 0.95686525 0.290532
vn 0.37607485 0.90459317 0.200696
vn 0.3760754 0.90459305 0.20069586
vn 0.6949011 0.71460754 0.08030186
vn 0.69490045 0.71460825 0.08030217
vn 0.88680154 -0.13427024 0.44221547
vn 0.91038936 -0.12020923 0.3959053
vn 0.72530794 0.48256034 0.4909826
vn 0.61594963 0.59513366 0.51616085
vn 0.8529352 -0.15166321 0.49949965
vn 0.60021555 0.5731114 0.5579288
vn 0.870718 -0.14287952 0.47056946
vn 0.62518716 0.5634114 0.5401005
vn 0.95946276 -0.08188307 0.26967838
vn 0.7129034 0.57955396 0.394824
vn 0.9921807 0.03626141 -0.119426005
vn 0.74647975 0.6576155 0.10153789
vn 0.72530794 0.48256034 0.4909826
vn 0.11959332 0.6425252 -0.7568744
vn -0.010614918 0.90439373 -0.4265668
vn 0.61594963 0.59513366 0.51616085
vn 0.60021555 0.5731114 0.5579288
vn -0.22686331 0.89936215 -0.37373883
vn 0.62518716 0.5634114 0.5401005
vn -0.42447564 0.8600655 -0.2830328
vn 0.7129034 0.57955396 0.394824
vn -0.5653872 0.8234239 -0.04806691
vn 0.74647975 0.6576155 0.10153789
vn -0.63192356 0.72471905 0.27469042
vn 0.6333792 0.75116694 -0.18595444
vn -0.55554295 0.6218376 0.5519874
vn 0.4844843 0.8166067 -0.31373313
vn -0.4628279 0.54417074 0.6997632
vn 0.29181027 0.82812905 -0.47859067
vn -0.24828023 0.5664743 0.78578866
vn -0.1408723 0.8338101 -0.5337749
vn 0.124521166 0.58306426 0.80282664
vn -0.45364866 0.81411237 -0.36252448
vn 0.42953184 0.5598904 0.70853734
vn -0.36191988 0.8846288 -0.29401708
vn 0.56923467 0.66721296 0.48041514
vn -0.27658895 0.8176617 -0.5049038
vn 0.6863297 0.6821218 0.252312
vn 0.9290403 0.35873926 0.09049989
vn 0.74647975 0.6576155 0.10153789
vn 0.84781045 0.15407029 -0.5074246
vn 0.9921807 0.03626141 -0.119426005
vn 0.6333792 0.75116694 -0.18595444
vn 0.6695683 0.2157953 -0.71071136
vn 0.4844843 0.8166067 -0.31373313
vn 0.3854638 0.2680833 -0.8829207
vn 0.29181027 0.82812905 -0.47859067
vn -0.18388668 0.28558052 -0.9405474
vn -0.1408723 0.8338101 -0.5337749
vn -0.1408723 0.8338101 -0.5337749
vn -0.613836 0.22935832 -0.7553808
vn -0.18388668 0.28558052 -0.9405474
vn -0.45364866 0.81411237 -0.36252448
vn -0.5579268 0.24111155 -0.7940925
vn -0.36191988 0.8846288 -0.29401708
vn -0.27658895 0.8176617 -0.5049038
vn -0.35831192 0.27124286 -0.8933309
vn 0.9998202 0.005509207 -0.018148309
vn 0.9290403 0.35873926 0.09049989
vn 0.6863297 0.6821218 0.252312
vn 0.99801993 -0.01827442 0.060185555
vn 0.9060599 -0.1229402 0.40489656
vn 0.99801993 -0.01827442 0.060185555
vn 0.6863297 0.6821218 0.252312
vn 0.56923467 0.66721296 0.48041514
vn 0.64028126 -0.2231742 0.73500556
vn 0.42953184 0.5598904 0.70853734
vn 0.20360063 -0.28445154 0.9368213
vn 0.124521166 0.58306426 0.80282664
vn -0.3893722 -0.26760623 0.88134915
vn 0.20360063 -0.28445154 0.9368213
vn 0.124521166 0.58306426 0.80282664
vn -0.24828023 0.5664743 0.78578866
vn -0.6709603 -0.21542963 0.70950854
vn -0.4628279 0.54417074 0.6997632
vn -0.84779716 -0.15407689 0.5074449
vn -0.55554295 0.6218376 0.5519874
vn -0.9965946 -0.023956893 0.07889932
vn -0.63192356 0.72471905 0.27469042
vn -0.8928195 0.13086039 -0.43098596
vn -0.9965946 -0.023956893 0.07889932
vn -0.63192356 0.72471905 0.27469042
vn -0.5653872 0.8234239 -0.04806691
vn -0.6318435 0.22519208 -0.74166185
vn -0.42447564 0.8600655 -0.2830328
vn -0.34415075 0.27278733 -0.8984138
vn -0.22686331 0.89936215 -0.37373883
vn -0.015832052 0.29049835 -0.95674455
vn -0.010614918 0.90439373 -0.4265668
vn -0.010614918 0.90439373 -0.4265668
vn 0.11959332 0.6425252 -0.7568744
vn 0.13013124 0.2880642 -0.9487281
vn -0.015832052 0.29049835 -0.95674455
vn 0.8716196 0.2854029 -0.39852786
vn 0.8888246 -0.13313766 0.43848065
vn 0.96365523 0.07761583 -0.25562552
vn 0.5764612 0.66255736 0.4782364
vn 0.6417009 -0.22282723 0.7338718
vn 0.48786423 0.5705022 0.66069335
vn 0.34090793 -0.2731277 0.8995461
vn 0.3147135 0.54801136 0.77500904
vn 0.016367726 -0.29048973 0.9567381
vn 0.1227393 0.50493866 0.85438395
vn 0.6412463 -0.22293024 0.7342379
vn 0.5642919 0.31274948 0.76404345
vn 0.7159607 0.63966143 -0.27970245
vn 0.82827395 0.1627975 -0.5361521
vn 0.8716196 0.2854029 -0.39852786
vn -0.5233365 0.8345517 -0.17216986
vn -0.52471656 0.8141868 -0.24854061
vn 0.5764612 0.66255736 0.4782364
vn 0.48786423 0.5705022 0.66069335
vn -0.40958336 0.82448035 -0.39047852
vn 0.3147135 0.54801136 0.77500904
vn -0.15442264 0.84535706 -0.5113953
vn 0.1227393 0.50493866 0.85438395
vn 0.16148625 0.84535074 -0.50921947
vn 0.5642919 0.31274948 0.76404345
vn 0.7159607 0.63966143 -0.27970245
vn 0.10900143 0.28879872 -0.9511646
vn 0.82827395 0.1627975 -0.5361521
vn 0.7159607 0.63966143 -0.27970245
vn 0.16148625 0.84535074 -0.50921947
vn 0.9972588 -0.021514267 0.070796326
vn 0.9972588 -0.021514267 0.070796326
vn 0.9972588 -0.021514267 0.070796326
vn 0.9972588 -0.021514267 0.070796326
vn -0.2898556 0.27805015 -0.9157903
vn 0.10900143 0.28879872 -0.9511646
vn 0.16148625 0.84535074 -0.50921947
vn -0.15442264 0.84535706 -0.5113953
vn -0.6173031 0.22856392 -0.7527917
vn -0.40958336 0.82448035 -0.39047852
vn -0.76458097 0.18725668 -0.61672586
vn -0.52471656 0.8141868 -0.24854061
vn -0.5233365 0.8345517 -0.17216986
vn -0.78924024 0.17841427 -0.58759516
vn 0.69304687 -0.20944601 0.6897959
vn 0.4994362 0.52605927 0.68834955
vn 0.81934834 0.54430896 0.17998888
vn 0.9998062 -0.005720121 0.018836625
vn 0.9998062 -0.005720121 0.018836625
vn 0.81934834 0.54430896 0.17998888
vn 0.018040027 0.7863747 -0.61748636
vn 0.019690251 0.29048035 -0.95667833
vn 0.4994362 0.52605927 0.68834955
vn -0.47634813 0.8337343 -0.27924842
vn 0.018040027 0.7863747 -0.61748636
vn 0.81934834 0.54430896 0.17998888
vn -0.47634813 0.8337343 -0.27924842
vn -0.69304574 0.20944667 -0.6897969
vn 0.019690251 0.29048035 -0.95667833
vn 0.018040027 0.7863747 -0.61748636
vn 0.3682872 0.5930048 0.7160375
vn 0.68777883 -0.21090591 0.694607
vn -0.027051052 -0.2904294 0.95651406
vn -0.03742278 0.27441847 0.9608818
vn -0.49420592 0.85521483 -0.15610291
vn 0.3682872 0.5930048 0.7160375
vn -0.03742278 0.27441847 0.9608818
vn -0.84020454 0.5208279 0.150979
vn -0.6877787 0.21090746 -0.6946066
vn -0.49420592 0.85521483 -0.15610291
vn -0.84020454 0.5208279 0.150979
vn -0.999634 0.007860569 -0.025883747
vn -0.999634 0.007860569 -0.025883747
vn -0.84020454 0.5208279 0.150979
vn -0.03742278 0.27441847 0.9608818
vn -0.027051052 -0.2904294 0.95651406
vn 0.0160485 0.78964734 -0.61335105
vn 0.019654501 0.290481 -0.95667887
vn 0.99980515 -0.005734262 0.018889256
vn 0.8163247 0.54778516 0.18315421
vn 0.6930516 -0.20944276 0.68979216
vn 0.99612457 -0.02555359 0.084158994
vn 0.95835954 0.2726221 0.08499546
vn 0.6930463 -0.20944907 0.68979555
vn 0.6930495 -0.20943856 0.68979555
vn 0.6930282 -0.20945132 0.689813
vn 0.7335325 0.38946632 0.5569973
vn 0.8417537 0.47169095 0.2625991
vn 0.49003497 0.5285036 0.69321704
vn 0.8163247 0.54778516 0.18315421
vn 0.99980515 -0.005734262 0.018889256
vn 0.6624143 0.61443216 0.42857954
vn 0.70368755 0.47369137 0.52956605
vn 0.21064043 0.4892211 0.8463412
vn 0.4613783 0.57458115 0.67600787
vn 0.34110615 0.37242374 0.8631032
vn 0.08100053 0.2592099 0.9624184
vn -0.08033656 -0.0065936917 0.99674594
vn -0.035605237 -0.005000058 0.99935347
vn 0.048660763 -0.29018977 0.95573115
vn -0.019689476 -0.29047692 0.9566794
vn -0.9580879 0.25867483 0.12310538
vn -0.999806 0.005724475 -0.018851325
vn -0.996123 0.025558 -0.08417748
vn -0.9583579 0.2738652 0.080920495
vn -0.8417444 0.5380813 0.04398721
vn -0.6588864 0.75199974 -0.019108912
vn -0.70367765 0.6881721 -0.17679626
vn -0.46137756 0.8534443 -0.24241185
vn -0.3411154 0.78943735 -0.51032233
vn -0.20532115 0.87666947 -0.4350792
vn -0.08100601 0.7505586 -0.65581995
vn -0.39061487 0.72919273 -0.56187004
vn 0.03560791 0.5514853 -0.83342427
vn -0.69305223 0.20943706 -0.68979317
vn -0.6930678 0.20943457 -0.6897783
vn -0.490087 0.82469314 -0.28230482
vn 0.019654501 0.290481 -0.95667887
vn 0.0160485 0.78964734 -0.61335105
vn -0.6930459 0.20944425 -0.6897974
vn -0.04866399 0.29018766 -0.9557317
vn -0.6930494 0.20944649 -0.6897932
vn -0.999806 0.005724475 -0.018851325
vn -0.08033656 -0.0065936917 0.99674594
vn -0.019689476 -0.29047692 0.9566794
vn -0.9580879 0.25867483 0.12310538
vn 0.21064043 0.4892211 0.8463412
vn -0.6588864 0.75199974 -0.019108912
vn 0.7335325 0.38946632 0.5569973
vn 0.6624143 0.61443216 0.42857954
vn -0.20532115 0.87666947 -0.4350792
vn -0.39061487 0.72919273 -0.56187004
vn 0.6624143 0.61443216 0.42857954
vn 0.21064043 0.4892211 0.8463412
vn -0.6588864 0.75199974 -0.019108912
vn -0.20532115 0.87666947 -0.4350792
vn 0.7335314 0.38947126 0.55699533
vn 0.816335 0.5477752 0.1831376
vn 0.9998062 -0.005719487 0.01883662
vn 0.69303995 -0.20944951 0.68980193
vn 0.6930426 -0.20944871 0.6897995
vn 0.69304484 -0.20944674 0.68979776
vn 0.69304484 -0.20944792 0.68979734
vn 0.96006495 0.20500402 0.19039045
vn 0.9961242 -0.025555572 0.08416331
vn 0.84175473 0.47169343 0.26259157
vn 0.6624079 0.61443686 0.42858285
vn 0.7036864 0.47369716 0.5295625
vn 0.21063279 0.48922116 0.84634304
vn 0.46137017 0.5745837 0.67601126
vn 0.34110874 0.37242076 0.86310345
vn 0.08099956 0.25920632 0.9624194
vn -0.080346614 -0.0065964223 0.9967451
vn 0.08472087 -0.03949504 0.99562174
vn -0.01969805 -0.29047784 0.956679
vn 0.048659623 -0.29018867 0.9557316
vn 0.016056053 0.78961945 -0.6133868
vn 0.019666359 0.29048127 -0.9566785
vn 0.9998062 -0.005719487 0.01883662
vn 0.816335 0.5477752 0.1831376
vn -0.9600627 0.27625823 -0.044284627
vn -0.999806 0.0057242457 -0.018850556
vn -0.99612314 0.025559986 -0.08417545
vn -0.9580895 0.25867203 0.12309893
vn -0.8417515 0.5380702 0.043986753
vn -0.65888906 0.75199735 -0.01911029
vn -0.70368403 0.688165 -0.17679876
vn -0.46137404 0.8534458 -0.24241306
vn -0.341095 0.78943914 -0.5103332
vn -0.20531853 0.8766681 -0.4350831
vn -0.080980666 0.750556 -0.65582603
vn -0.39060056 0.72919893 -0.5618721
vn -0.084729575 0.52074814 -0.8494953
vn -0.69305444 0.20944642 -0.68978834
vn -0.49006495 0.8247058 -0.28230593
vn -0.6930504 0.20944308 -0.68979317
vn -0.048671987 0.29019183 -0.95572996
vn -0.69304526 0.20944338 -0.68979836
vn -0.6930576 0.2094446 -0.68978554
vn 0.016056053 0.78961945 -0.6133868
vn 0.019666359 0.29048127 -0.9566785
vn -0.999806 0.0057242457 -0.018850556
vn -0.080346614 -0.0065964223 0.9967451
vn -0.01969805 -0.29047784 0.956679
vn -0.9580895 0.25867203 0.12309893
vn 0.21063279 0.48922116 0.84634304
vn -0.65888906 0.75199735 -0.01911029
vn 0.7335314 0.38947126 0.55699533
vn 0.6624079 0.61443686 0.42858285
vn -0.20531853 0.8766681 -0.4350831
vn -0.39060056 0.72919893 -0.5618721
vn 0.6624079 0.61443686 0.42858285
vn 0.21063279 0.48922116 0.84634304
vn -0.65888906 0.75199735 -0.01911029
vn -0.20531853 0.8766681 -0.4350831
vn -0.9153394 0.40001646 0.046265285
vn -0.9998062 0.00572057 -0.01883626
vn -0.9312341 -0.10587739 0.34870183
vn -0.8679308 0.2220973 0.44426215
vn -0.7547768 0.51762253 0.40296268
vn -0.8530641 0.4414575 -0.27820268
vn -0.91616505 0.11644576 -0.3835126
vn -0.48298004 0.84057534 0.2452822
vn -0.27587152 0.8069748 0.5221939
vn -0.66601527 0.18015225 0.72385687
vn -0.009512345 0.6974911 0.7165304
vn -0.4397447 0.6354035 0.63473374
vn -0.39446136 0.07901085 0.91550946
vn 0.035858523 0.11255533 0.99299824
vn -0.019692805 -0.29047954 0.9566785
vn -0.400801 -0.26617938 0.8766453
vn 0.93123525 0.10587648 -0.348699
vn 0.86793274 0.4316099 -0.24577571
vn 0.66601586 0.55220383 -0.5014915
vn 0.7208924 0.20135465 -0.66315186
vn 0.39447108 0.57469386 -0.7170212
vn 0.40080065 0.26617813 -0.8766459
vn 0.39447108 0.57469386 -0.7170212
vn -0.36441702 0.27055654 -0.89106643
vn 0.40080065 0.26617813 -0.8766459
vn -0.36055937 0.579017 -0.7312566
vn 0.035612203 0.5514869 -0.833423
vn -0.04866566 0.29019406 -0.9557296
vn -0.08099877 0.75055736 -0.6558224
vn -0.25551704 0.8565933 -0.44828442
vn -0.6402916 0.5596772 -0.52610654
vn -0.46136832 0.85344976 -0.24241033
vn -0.5895009 0.783933 -0.19477645
vn -0.26521853 0.9641781 0.004444406
vn 0.009516375 0.9781321 -0.20776628
vn -0.48298004 0.84057534 0.2452822
vn -0.8530641 0.4414575 -0.27820268
vn -0.667234 0.74159473 -0.06954188
vn -0.8417514 0.5380693 0.04400014
vn -0.9583592 0.2738561 0.080936246
vn -0.9961248 0.025552481 -0.08415726
vn -0.91616505 0.11644576 -0.3835126
vn -0.36055937 0.579017 -0.7312566
vn 0.39447108 0.57469386 -0.7170212
vn 0.009516375 0.9781321 -0.20776628
vn 0.66601586 0.55220383 -0.5014915
vn 0.2758721 0.9610829 0.014639982
vn 0.86793274 0.4316099 -0.24577571
vn -0.18997632 0.8071875 -0.55888945
vn -0.26521853 0.9641781 0.004444406
vn -0.4900562 0.82470423 -0.28232563
vn 0.19642386 0.8739616 -0.44453195
vn -0.48298004 0.84057534 0.2452822
vn -0.7612193 0.64763373 -0.033403043
vn -0.6864865 0.6273494 0.36765343
vn -0.27587152 0.8069748 0.5221939
vn -0.57124895 0.42412084 0.7027063
vn 0.18998185 0.36017317 0.91333574
vn -0.009512345 0.6974911 0.7165304
vn 0.2652171 0.80387735 0.5323918
vn 0.4900634 0.5285037 0.69319665
vn 0.7612216 0.5197282 0.3878457
vn 0.4829821 0.83504695 0.26348603
vn 0.57123715 0.7432406 -0.3482549
vn 0.85306215 0.21224417 0.47669426
vn -0.39446136 0.07901085 0.91550946
vn 0.36442426 -0.2705566 0.8910635
vn -0.400801 -0.26617938 0.8766453
vn 0.36056843 0.07468991 0.9297375
vn -0.009512345 0.6974911 0.7165304
vn 0.04867125 -0.29019254 0.9557297
vn -0.035612978 -0.005004522 0.9993531
vn 0.0809989 0.2592089 0.96241874
vn 0.2555166 0.46273112 0.8488764
vn 0.2652171 0.80387735 0.5323918
vn 0.39070064 0.48760107 0.7807678
vn 0.64028794 0.17267361 0.7484753
vn 0.4829821 0.83504695 0.26348603
vn 0.46146104 0.5744707 0.6760452
vn 0.6672279 0.57772845 0.4701456
vn 0.85306215 0.21224417 0.47669426
vn 0.84174865 0.47169358 0.2626105
vn 0.9583592 0.27262035 0.08500467
vn 0.91616285 -0.11644979 0.3835166
vn 0.99612373 -0.025559513 0.084167585
vn 0.93123525 0.10587648 -0.348699
vn 0.86793274 0.4316099 -0.24577571
vn -0.7612193 0.64763373 -0.033403043
vn -0.76121646 0.6476367 -0.03340807
vn -0.57124025 0.42412916 0.70270824
vn -0.6864865 0.6273494 0.36765343
vn -0.57124895 0.42412084 0.7027063
vn 0.18998185 0.36017317 0.91333574
vn 0.18998107 0.36017612 0.9133347
vn 0.4900634 0.5285037 0.69319665
vn 0.18998185 0.36017317 0.91333574
vn 0.18998107 0.36017612 0.9133347
vn 0.7612216 0.5197282 0.3878457
vn 0.76121974 0.519729 0.3878481
vn -0.76121646 0.6476367 -0.03340807
vn -0.1899757 0.8071882 -0.55888855
vn 0.5712391 0.74323523 -0.34826303
vn 0.76121974 0.519729 0.3878481
vn -0.57124025 0.42412916 0.70270824
vn 0.18998107 0.36017612 0.9133347
vn 0.5712391 0.74323523 -0.34826303
vn 0.7612216 0.5197282 0.3878457
vn 0.76121974 0.519729 0.3878481
vn 0.57123715 0.7432406 -0.3482549
vn 0.19642386 0.8739616 -0.44453195
vn -0.1899757 0.8071882 -0.55888855
vn -0.18997632 0.8071875 -0.55888945
vn -0.76121646 0.6476367 -0.03340807
vn -0.7612193 0.64763373 -0.033403043
vn -0.4900562 0.82470423 -0.28232563
vn -0.18997632 0.8071875 -0.55888945
vn -0.1899757 0.8071882 -0.55888855
vn 0.035854075 0.11255923 0.9929979
vn 0.035858523 0.11255533 0.99299824
vn -0.019692805 -0.29047954 0.9566785
vn -0.019692698 -0.29047808 0.956679
vn -0.4397447 0.6354035 0.63473374
vn 0.035858523 0.11255533 0.99299824
vn 0.035854075 0.11255923 0.9929979
vn -0.43974325 0.63540065 0.6347376
vn -0.91533923 0.4000179 0.046258636
vn -0.7547768 0.51762253 0.40296268
vn -0.9153394 0.40001646 0.046265285
vn 0.035854075 0.11255923 0.9929979
vn -0.019692698 -0.29047808 0.956679
vn -0.9998062 0.005721684 -0.018838538
vn -0.91533923 0.4000179 0.046258636
vn -0.43974325 0.63540065 0.6347376
vn -0.9998062 0.00572057 -0.01883626
vn -0.9153394 0.40001646 0.046265285
vn -0.91533923 0.4000179 0.046258636
vn -0.9998062 0.005721684 -0.018838538
vn 0.4900559 0.52850837 0.6931984
vn -0.019695256 -0.29047057 0.95668125
vn -0.016074965 0.31527463 0.94886434
vn 0.6930495 -0.20943943 0.68979526
vn 0.69305336 -0.20943995 0.6897912
vn 0.45528367 0.58383155 0.6722035
vn -0.5097434 0.5342188 0.67436785
vn -0.50974077 0.53422815 0.67436236
vn 1.1244963E-05 0.95686144 0.29054472
vn 0.008382541 0.98937875 -0.14511839
vn 0.4900559 0.52850837 0.6931984
vn 1.1244963E-05 0.95686144 0.29054472
vn -0.5097542 0.53421366 0.6743637
vn -0.016074965 0.31527463 0.94886434
vn -0.45749992 0.8570338 -0.23703805
vn 0.45528367 0.58383155 0.6722035
vn 0.42632085 0.8630744 0.27083746
vn -0.5097311 0.5342269 0.6743707
vn -0.5097157 0.5342296 0.6743802
vn -0 0.956865 0.29053265
vn -0 0.95686394 0.29053637
vn -0 0.95686364 0.2905375
vn -0.50973785 0.5342315 0.674362
vn 0.45528385 0.5838263 0.6722079
vn -0.81634 0.55711186 0.15236634
vn -0 0.9568662 0.29052904
vn -0.49006262 0.8247012 -0.28232357
vn -0.4599897 0.8547225 -0.24053903
vn 0.019681787 0.29047766 -0.9566793
vn -0.69305944 0.20944174 -0.6897845
vn -0.45749992 0.8570338 -0.23703805
vn 0.008382541 0.98937875 -0.14511839
vn 0.99980587 -0.005722253 0.018855698
vn 0.019681787 0.29047766 -0.9566793
vn 0.008382541 0.98937875 -0.14511839
vn 0.42632085 0.8630744 0.27083746
vn 0.6930264 -0.20944418 0.689817
vn 0.99980587 -0.005722253 0.018855698
vn 0.42632085 0.8630744 0.27083746
vn 0.45528385 0.5838263 0.6722079
vn -0.69303703 0.20944077 -0.6898074
vn -0.4599897 0.8547225 -0.24053903
vn -0.49006262 0.8247012 -0.28232357
vn -0.6930429 0.20944177 -0.6898013
vn -0.69304764 0.20944017 -0.689797
vn -0.81634 0.55711186 0.15236634
vn -0.9998062 0.0057192 -0.018835256
vn -0.50973785 0.5342315 0.674362
vn -0.7208902 -0.20135038 0.66315556
vn -0.9998062 0.0057192 -0.018835256
vn -0.81634 0.55711186 0.15236634
vn -0.72086376 -0.20135961 0.6631816
vn -0.5097157 0.5342296 0.6743802
vn -0.5097311 0.5342269 0.6743707
vn -0.72087747 -0.20135586 0.6631678
vn -0.50974077 0.53422815 0.67436236
vn -0.7208927 -0.2013541 0.6631517
vn -0.5097434 0.5342188 0.67436785
vn -0.72089416 -0.20135607 0.6631495
vn -0.72089875 -0.20134702 0.6631474
vn -0.5097542 0.53421366 0.6743637
vn -0.016074965 0.31527463 0.94886434
vn -0.019695256 -0.29047057 0.95668125
vn -0.7209054 -0.20134382 0.6631411
vn -0.96064174 0.080707885 -0.26580772
vn -0.7612178 0.647635 -0.033411145
vn -0.5712547 0.42413163 0.7026951
vn 0.23972344 -0.28205582 0.9289656
vn 0.18995954 0.36018258 0.91333663
vn 0.96064085 -0.080704466 0.26581177
vn 0.23972344 -0.28205582 0.9289656
vn 0.18995954 0.36018258 0.91333663
vn 0.76121396 0.5197312 0.38785687
vn -0.7612178 0.647635 -0.033411145
vn -0.18996833 0.8071932 -0.55888385
vn 0.5712469 0.7432332 -0.34825468
vn 0.76121396 0.5197312 0.38785687
vn -0.5712547 0.42413163 0.7026951
vn 0.18995954 0.36018258 0.91333663
vn 0.5712469 0.7432332 -0.34825468
vn 0.96064085 -0.080704466 0.26581177
vn 0.76121396 0.5197312 0.38785687
vn 0.7208996 0.20136034 -0.66314244
vn -0.18996833 0.8071932 -0.55888385
vn -0.23973498 0.28206724 -0.92895913
vn -0.96064174 0.080707885 -0.26580772
vn -0.23973498 0.28206724 -0.92895913
vn -0.18996833 0.8071932 -0.55888385
vn -0.7612178 0.647635 -0.033411145
vn -0.72087574 -0.2013536 0.66317034
vn -0.96064425 0.08070934 -0.26579797
vn -0.7612203 0.6476334 -0.0333886
vn -0.57122236 0.4241308 0.7027218
vn 0.23976594 -0.2820507 0.9289563
vn 0.18999562 0.36016876 0.91333467
vn 0.96063995 -0.08070447 0.26581508
vn 0.23976594 -0.2820507 0.9289563
vn 0.18999562 0.36016876 0.91333467
vn 0.76121545 0.5197305 0.38785464
vn -0.7612203 0.6476334 -0.0333886
vn -0.18998699 0.8071919 -0.55887944
vn 0.5712398 0.74323887 -0.3482541
vn 0.76121545 0.5197305 0.38785464
vn -0.57122236 0.4241308 0.7027218
vn 0.18999562 0.36016876 0.91333467
vn 0.5712398 0.74323887 -0.3482541
vn 0.96063995 -0.08070447 0.26581508
vn 0.76121545 0.5197305 0.38785464
vn 0.72089005 0.2013608 -0.66315264
vn -0.18998699 0.8071919 -0.55887944
vn -0.23976116 0.28206903 -0.928952
vn -0.96064425 0.08070934 -0.26579797
vn -0.23976116 0.28206903 -0.928952
vn -0.18998699 0.8071919 -0.55887944
vn -0.7612203 0.6476334 -0.0333886
vn -0.6852313 0.105848536 0.72059286
vn -0.7208933 -0.20135394 0.6631512
vn -0.9993067 -0.010814811 0.03562614
vn -0.95835865 0.27386177 0.08092228
vn -0.5639634 0.43850395 0.69975686
vn -0.84174985 0.5380731 0.04398365
vn -0.9993067 -0.010814811 0.03562614
vn -0.69303876 0.20944944 -0.68980294
vn -0.6930271 0.2094462 -0.68981564
vn -0.95835865 0.27386177 0.08092228
vn -0.69303256 0.2094409 -0.68981194
vn -0.84174985 0.5380731 0.04398365
vn -0.69303846 0.20943703 -0.6898071
vn -0.6672303 0.7415969 -0.06955416
vn -0.6930439 0.20943543 -0.68980217
vn -0.46137157 0.8534448 -0.2424215
vn -0.6930566 0.2094367 -0.689789
vn -0.25553185 0.8565892 -0.44828397
vn -0.7385744 0.25949618 -0.6222295
vn -0.4759847 0.5537916 -0.6831935
vn -0.766654 0.29341042 -0.57109714
vn -0.82014805 0.3700066 -0.43640846
vn -0.7208938 -0.20135228 0.663151
vn -0.99930644 -0.010818894 0.035632566
vn -0.95835876 0.27386 0.0809271
vn -0.66602015 0.18014835 0.72385347
vn -0.84174776 0.53807557 0.043993518
vn -0.50975204 0.5342289 0.6743532
vn 0.7208885 0.2013531 -0.6631566
vn 0.035613928 0.5514881 -0.83342224
vn 0.076551735 0.28967956 -0.9540574
vn 0.6545087 0.5838865 -0.48030695
vn -0.08099714 0.75055873 -0.6558208
vn 0.49806687 0.8308801 -0.24812825
vn -0.95835876 0.27386 0.0809271
vn -0.99930644 -0.010818894 0.035632566
vn 0.076551735 0.28967956 -0.9540574
vn -0.84174776 0.53807557 0.043993518
vn 0.035613928 0.5514881 -0.83342224
vn -0.6672275 0.7415993 -0.069555014
vn -0.08099714 0.75055873 -0.6558208
vn -0.46137083 0.85344744 -0.24241367
vn -0.25551322 0.8565947 -0.44828403
vn 0.27587456 0.9610821 0.014645793
vn -0.08099714 0.75055873 -0.6558208
vn 0.49806687 0.8308801 -0.24812825
vn -0.25551322 0.8565947 -0.44828403
vn -0 0.95686364 0.2905376
vn -0.46137083 0.85344744 -0.24241367
vn -0.27587086 0.80697596 0.5221924
vn -0.6672275 0.7415993 -0.069555014
vn -0.50975204 0.5342289 0.6743532
vn -0.84174776 0.53807557 0.043993518
vn -0.4759847 0.5537916 -0.6831935
vn 0.1940309 0.9757494 0.101317614
vn -0.25553185 0.8565892 -0.44828397
vn -0.46137157 0.8534448 -0.2424215
vn -0.09190968 0.92338496 0.37271
vn -0.6672303 0.7415969 -0.06955416
vn -0.3574588 0.7311017 0.58113134
vn -0.84174985 0.5380731 0.04398365
vn -0.5639634 0.43850395 0.69975686
vn -0.6509382 0.24434184 0.71873254
vn -0.07980141 -0.2896091 0.9538126
vn -0.72543406 -0.19997495 0.6586012
vn -0.038749397 -0.004166709 0.9992403
vn 0.07821789 0.26079592 0.96222
vn -0.5143302 0.53542435 0.6699143
vn -0.6512307 0.24456461 0.7183918
vn -0.5150867 0.5344688 0.6700961
vn -0.5161099 0.5328775 0.6705759
vn -0.6708342 0.18143094 0.71907187
vn -0.7259059 -0.1998248 0.65812665
vn -0.72566223 -0.19990022 0.65837246
vn -0.6706002 0.1812718 0.7193302
vn -0.5164979 0.5320407 0.67094153
vn -0.7254179 -0.19997652 0.6586185
vn 0.66611177 0.5803073 0.4685493
vn 0.5051832 0.8203933 -0.26785198
vn 0.8411518 0.47396895 0.2604173
vn 0.27122867 0.9624601 0.01026639
vn 0.45971653 0.57716566 0.67493737
vn 0.5050986 0.82048225 -0.2677391
vn -0.0044598943 0.9582333 0.28595307
vn 0.25331375 0.46499023 0.84830195
vn 0.27108324 0.96249944 0.010424225
vn 0.5050298 0.82051325 -0.26777413
vn 0.27103 0.96251446 0.010423243
vn 0.4883254 0.83726734 -0.24601164
vn 0.24279094 0.96922094 0.040784024
vn -0.0042843013 0.9582934 0.2857542
vn -0.037245236 0.9481117 0.3157482
vn -0.14421499 0.9010229 0.40909615
vn -0.28012413 0.8085993 0.5173951
vn -0.004372851 0.9582574 0.2858735
vn -0.28023958 0.80842036 0.5176121
vn -0.2800007 0.8086601 0.5173669
vn -0.5164979 0.5320407 0.67094153
vn -0.5161099 0.5328775 0.6705759
vn -0.2800796 0.80855334 0.51749104
vn -0.5150867 0.5344688 0.6700961
vn -0.5143302 0.53542435 0.6699143
vn 0.07821789 0.26079592 0.96222
vn -0.14451067 0.90085995 0.40935072
vn -0.14421138 0.90102106 0.40910175
vn -0.27990323 0.8087796 0.5172327
vn -0.2801535 0.8085729 0.51742053
vn -0.5151918 0.53414565 0.670273
vn -0.51556575 0.5335432 0.6704651
vn 0.18495582 -0.28552487 0.9403547
vn 0.18495397 -0.28552273 0.94035566
vn 0.18495399 -0.28552276 0.94035566
vn 0.18495582 -0.28552487 0.9403547
vn 0.18495582 -0.28552487 0.9403547
vn 0.18495582 -0.28552487 0.9403547
vn 0.18495582 -0.28552487 0.9403547
vn 0.18495582 -0.28552487 0.9403547
vn 0.18495582 -0.28552487 0.9403547
vn -0.51556575 0.5335432 0.6704651
vn -0.6704733 0.1816426 0.71935487
vn -0.5151918 0.53414565 0.670273
vn -0.67053413 0.18151796 0.7193298
vn -0.72541904 -0.19998005 0.6586162
vn -0.72536963 -0.19999559 0.65866584
vn 0.45971847 -0.85499525 0.2400877
vn 0.25331676 -0.8581503 0.4465521
vn 0.078222156 -0.7517656 0.6547746
vn 0.66610837 -0.74285823 0.0667919
vn -0.03874725 -0.552118 0.8328652
vn 0.8411536 -0.53874344 -0.047075197
vn -0.07980141 -0.2896091 0.9538126
vn 0.95811445 -0.27375883 -0.08409994
vn 0.99918264 0.011743633 -0.038678393
vn -0.96386635 -0.09569588 0.24860412
vn -0.97617936 -0.0630362 0.20760626
vn -0.97617835 -0.06303962 0.20761006
vn -0.8403269 -0.3890299 0.37750024
vn -0.71650666 -0.37878025 0.5857846
vn -0.9761795 -0.063029855 0.20760736
vn -0.7139243 -0.38128364 0.5873117
vn -0.6727922 -0.5480582 0.4969737
vn -0.71133727 -0.38377512 0.588826
vn -0.7939878 -0.56324726 0.22877061
vn -0.9761797 -0.06302459 0.20760813
vn -0.723735 -0.6875498 0.0590166
vn -0.9761806 -0.06302386 0.20760415
vn -0.6390172 -0.75696903 -0.13658284
vn -0.9761812 -0.06303217 0.20759888
vn -0.6467551 -0.74542415 -0.16140218
vn -0.976181 -0.06305081 0.20759398
vn -0.5521257 -0.74252415 -0.37922955
vn -0.9776994 -0.07365584 0.19666891
vn -0.5157444 -0.81576675 0.2617868
vn -0.9673721 -0.10516655 0.23050183
vn -0.9764038 -0.08097877 0.20019558
vn -0.5151916 -0.81664497 0.2601319
vn -0.96690035 -0.07824559 0.2428609
vn -0.9761795 -0.06304471 0.20760281
vn -0.9667399 -0.07430772 0.24472901
vn -0.97617936 -0.06303612 0.20760615
vn -0.91093683 -0.11985949 0.3947502
vn -0.91083956 -0.12056847 0.3947589
vn -0.81944525 -0.52853155 0.22172931
vn -0.9554517 -0.09301321 0.28010812
vn -0.88011235 -0.14173856 0.45311415
vn -0.8006847 -0.5267816 0.28531596
vn -0.88487333 -0.38168406 0.26705146
vn -0.88470984 -0.13543046 0.44603497
vn -0.8847102 -0.1354307 0.4460341
vn -0.8207267 -0.515971 0.24531937
vn -0.5937336 -0.8009816 0.076868996
vn -0.27646184 -0.9179023 -0.28464773
vn -0.76516473 -0.18705475 0.61606294
vn -0.7434351 -0.19431272 0.63995844
vn -0.49566174 -0.84255636 0.2107564
vn -0.72089046 -0.20135726 0.6631533
vn -0.6394044 -0.7526513 0.15709254
vn -0.90519696 -0.123474434 0.40666017
vn -0.9051968 -0.123475224 0.4066603
vn -0.77677125 -0.56444424 0.27933687
vn -0.8714113 -0.14412308 0.46890384
vn -0.7610624 -0.6320769 0.14581758
vn -0.8746953 -0.14081517 0.4637663
vn -0.7944194 -0.5652993 0.22211422
vn -0.794458 -0.17644796 0.58112186
vn -0.6321217 -0.70494014 0.32168534
vn -0.23210602 -0.28260037 0.93073297
vn 0.5051836 -0.53296745 -0.67877483
vn 0.8411536 -0.53874344 -0.047075197
vn 0.95811445 -0.27375883 -0.08409994
vn 0.6615239 -0.17886008 -0.7282824
vn 0.99918264 0.011743633 -0.038678393
vn 0.505097 -0.533106 -0.6787305
vn 0.71642524 0.20269544 -0.6675698
vn 0.66149855 -0.17894784 -0.7282839
vn 0.5050279 -0.53311205 -0.67877704
vn 0.7164248 0.20269658 -0.66757
vn 0.6614219 -0.17894031 -0.7283553
vn 0.488323 -0.5591378 -0.67000407
vn 0.7163436 0.2027205 -0.6676499
vn 0.656427 -0.19567196 -0.7285713
vn 0.71626323 0.2027441 -0.6677288
vn -0.9673721 -0.10516655 0.23050183
vn -0.5521257 -0.74252415 -0.37922955
vn 0.18935508 -0.8702108 -0.45483816
vn -0.6467551 -0.74542415 -0.16140218
vn -0.103444405 -0.97580636 -0.19261688
vn -0.6390172 -0.75696903 -0.13658284
vn -0.723735 -0.6875498 0.0590166
vn -0.14276244 -0.97708535 -0.15787078
vn -0.27951688 -0.9599996 -0.016466497
vn -0.14480658 -0.97638124 -0.16034544
vn -0.5157444 -0.81576675 0.2617868
vn -0.7939878 -0.56324726 0.22877061
vn -0.28015137 -0.9597576 -0.019502662
vn -0.5151916 -0.81664497 0.2601319
vn -0.14480658 -0.97638124 -0.16034544
vn -0.14480658 -0.97638124 -0.16034544
vn -0.14450783 -0.9763767 -0.16064204
vn -0.725429 -0.19997056 0.6586081
vn -0.72542894 -0.19997099 0.6586079
vn -0.711038 -0.38562608 0.5879775
vn -0.67020184 -0.55180156 0.49633116
vn -0.71081716 -0.38657516 0.5876211
vn -0.6700661 -0.55212337 0.49615654
vn -0.67047185 -0.5509435 0.49691918
vn -0.72536963 -0.19999559 0.65866584
vn -0.72531885 -0.20001134 0.6587169
vn 0.38522887 -0.2681133 0.88301414
vn 0.3852331 -0.2681115 0.88301283
vn 0.6138877 -0.22934629 0.75534236
vn 0.6138783 -0.22934891 0.7553492
vn 0.9035013 -0.12451879 0.4100983
vn 0.44927216 -0.84094 0.30161953
vn 0.3852089 -0.26811546 0.88302225
vn 0.38521728 -0.2681096 0.8830203
vn 0.12526555 -0.838777 0.52986944
vn 0.3851976 -0.26811025 0.8830287
vn -0.21467948 -0.7173806 0.6627804
vn -0.24666117 -0.28155798 0.92729896
vn 0.8098468 -0.57803905 -0.100094765
vn 0.9683071 0.07256482 -0.23898877
vn 0.92149585 -0.14051747 -0.36207756
vn 0.72754294 0.19932498 -0.65646845
vn 0.92149585 -0.14051747 -0.36207756
vn 0.9683071 0.07256482 -0.23898877
vn 0.6862521 -0.12867719 -0.7158912
vn 0.8098468 -0.57803905 -0.100094765
vn 0.3537489 -0.7235302 -0.5927612
vn 0.5398178 -0.1611016 -0.8262222
vn 0.13864087 -0.7111106 -0.68927526
vn 0.6748943 0.21439037 -0.7060839
vn 0.99999857 0.000493743 -0.0016230033
vn 0.41322064 -0.6396836 -0.64811534
vn 0.3537489 -0.7235302 -0.5927612
vn 0.44927216 -0.84094 0.30161953
vn 0.8098468 -0.57803905 -0.100094765
vn 0.01502211 -0.951453 -0.30742738
vn -0.21467948 -0.7173806 0.6627804
vn -0.5635665 -0.76668996 0.30753738
vn 0.13864087 -0.7111106 -0.68927526
vn -0.16474393 -0.859304 -0.48420668
vn -0.6467033 -0.7569266 0.09400495
vn -0.106553696 -0.8340937 -0.54123384
vn -0.6394044 -0.7526513 0.15709254
vn -0.023900295 -0.81159383 -0.58373296
vn 0.41322064 -0.6396836 -0.64811534
vn 0.5398178 -0.1611016 -0.8262222
vn -0.24666117 -0.28155798 0.92729896
vn -0.21467948 -0.7173806 0.6627804
vn -0.5635665 -0.76668996 0.30753738
vn -0.7208915 -0.20135687 0.6631522
vn -0.6467033 -0.7569266 0.09400495
vn -0.7208913 -0.20135607 0.6631528
vn -0.6394044 -0.7526513 0.15709254
vn -0.72089046 -0.20135726 0.6631533
vn 0.3234996 -0.94601136 -0.02026364
vn 0.6870669 -0.65181583 -0.32105342
vn 0.31535184 -0.45715386 -0.831603
vn -0.11310148 -0.86714286 -0.48504794
vn 0.20220083 -0.33520976 -0.92018974
vn 0.2671605 -0.9546072 -0.13172056
vn -0.1570416 -0.8227536 -0.5462733
vn -0.040336974 -0.22920933 -0.97254103
vn -0.3168699 -0.88768244 -0.3340858
vn -0.17196555 -0.785148 -0.59495413
vn -0.039002642 -0.4664287 -0.8836985
vn -0.26242355 -0.8878564 -0.3779481
vn -0.18892474 -0.95201135 -0.24079394
vn -0.16717234 -0.94282603 -0.28832698
vn 0.6086849 -0.5131934 -0.6050911
vn -0.07355243 -0.9775058 -0.19766775
vn 0.3630546 -0.38243502 -0.8496675
vn -0.2892726 -0.8469633 -0.44606563
vn -0.18286628 -0.68556607 0.70466954
vn -0.5340408 -0.6945902 0.48202163
vn -0.61516577 -0.6907675 0.3800149
vn -0.6021449 -0.6932745 0.39596963
vn -0.82539475 -0.54766595 0.13706027
vn -0.6887434 -0.2869332 -0.6658093
vn -0.8405382 -0.24877068 -0.4812575
vn -0.6321217 -0.70494014 0.32168534
vn -0.23145525 -0.95609385 -0.17975801
vn -0.7944194 -0.5652993 0.22211422
vn -0.7610624 -0.6320769 0.14581758
vn -0.21046567 -0.9649869 -0.15653883
vn -0.77677125 -0.56444424 0.27933687
vn 0.2275428 -0.94802856 -0.22240998
vn -0.2223297 -0.96139425 -0.16214347
vn 0.39500117 -0.8735843 -0.28429648
vn -0.8207267 -0.515971 0.24531937
vn 0.30118433 -0.94370776 -0.136761
vn 0.56821615 -0.813593 0.12327545
vn 0.86468434 -0.43436694 0.25228232
vn 0.8871994 -0.44889167 -0.10664622
vn -0.23781604 -0.95805055 -0.15994602
vn -0.8006847 -0.5267816 0.28531596
vn 0.38203397 -0.8250474 -0.41634962
vn 0.8485786 -0.3338765 -0.41041556
vn -0.2067669 -0.9582141 -0.19766937
vn -0.81944525 -0.52853155 0.22172931
vn 0.34855378 -0.79879606 -0.4903419
vn 0.7010946 -0.33709824 -0.6283558
vn 0.67340577 -0.21840726 -0.70627403
vn -0.27646184 -0.9179023 -0.28464773
vn -0.88487333 -0.38168406 0.26705146
vn 0.31678104 -0.7897196 -0.52535015
vn 0.3068047 -0.7854971 -0.5374619
vn 0.6661154 -0.21128808 -0.7152955
vn 0.6229183 -0.35313612 -0.6980456
vn 0.62291485 -0.35314274 -0.69804543
vn -0.49566174 -0.84255636 0.2107564
vn -0.5937336 -0.8009816 0.076868996
vn 0.41322064 -0.6396836 -0.64811534
vn 0.94730306 -0.29661348 -0.12098496
vn -0.6394044 -0.7526513 0.15709254
vn 0.9676907 -0.1164633 -0.22363123
vn 0.981457 0.05568977 -0.18341461
vn 0.56395245 0.23992525 -0.79018575
vn 0.56394994 0.23992491 -0.7901876
vn 0.6870669 -0.65181583 -0.32105342
vn 0.47865906 0.25509006 -0.8401277
vn 0.31535184 -0.45715386 -0.831603
vn 0.47865862 0.25508732 -0.8401288
vn -0.014129028 0.29050577 -0.9567689
vn 0.20220083 -0.33520976 -0.92018974
vn -0.014130057 0.29050457 -0.95676935
vn -0.040336974 -0.22920933 -0.97254103
vn 0.14464185 0.28748173 -0.9468015
vn 0.14464226 0.28748044 -0.9468018
vn 0.81476897 0.16844921 -0.55477583
vn 0.8147702 0.16844773 -0.5547745
vn -0.039002642 -0.4664287 -0.8836985
vn 0.58431697 0.23577967 -0.7765189
vn 0.6086849 -0.5131934 -0.6050911
vn 0.5853472 0.23647398 -0.77553123
vn -0.2617875 0.28040585 -0.9234933
vn 0.3630546 -0.38243502 -0.8496675
vn -0.25881445 0.3078492 -0.9155567
vn -0.3055261 0.029624093 -0.95172274
vn -0.7256436 -0.19990854 0.65839046
vn -0.82539475 -0.54766595 0.13706027
vn -0.9515566 -0.08933154 0.29421076
vn -0.6021449 -0.6932745 0.39596963
vn -0.73688835 -0.19640511 0.64685434
vn -0.61516577 -0.6907675 0.3800149
vn -0.6250692 -0.22678289 0.7468989
vn -0.5340408 -0.6945902 0.48202163
vn -0.11029595 -0.2887627 0.95102626
vn -0.18286628 -0.68556607 0.70466954
vn 0.9994205 -0.009888807 0.03256953
vn 0.94730306 -0.29661348 -0.12098496
vn 0.41322064 -0.6396836 -0.64811534
vn 0.99999857 0.000493743 -0.0016230033
vn -0.23210602 -0.28260037 0.93073297
vn -0.6321217 -0.70494014 0.32168534
vn -0.18286628 -0.68556607 0.70466954
vn -0.11029595 -0.2887627 0.95102626
vn -0.040336974 -0.22920933 -0.97254103
vn 0.14464185 0.28748173 -0.9468015
vn -0.039002642 -0.4664287 -0.8836985
vn -0.014130057 0.29050457 -0.95676935
vn 0.14464226 0.28748044 -0.9468018
vn -0.014129028 0.29050577 -0.9567689
vn 0.8597761 0.12553397 -0.49500138
vn 0.86547834 0.14554226 -0.47933784
vn 0.9443016 0.09560911 -0.31488633
vn 0.9443027 0.09560688 -0.31488362
vn 0.99948823 -0.009293522 0.030607594
vn 0.8871994 -0.44889167 -0.10664622
vn 0.8485786 -0.3338765 -0.41041556
vn 0.7010946 -0.33709824 -0.6283558
vn 0.7646089 0.15795183 -0.6248395
vn 0.67340577 -0.21840726 -0.70627403
vn 0.7601695 0.18877201 -0.6216973
vn 0.760162 0.1887727 -0.6217062
vn 0.76016206 0.18877272 -0.6217062
vn 0.87164867 -0.015653206 -0.48988128
vn 0.96365523 0.07761583 -0.25562552
vn 0.7219951 0.20102057 -0.66205263
vn 0.72198766 0.19640225 -0.6634455
vn 0.73469615 0.19563825 -0.64957464
vn 0.6661154 -0.21128808 -0.7152955
vn 0.74049664 0.1952575 -0.64307016
vn 0.6229183 -0.35313612 -0.6980456
vn 0.74049664 0.1952575 -0.6430702
vn 0.86468434 -0.43436694 0.25228232
vn 0.8871994 -0.44889167 -0.10664622
vn 0.99948823 -0.009293522 0.030607594
vn 0.9435918 -0.09619924 0.3168285
vn 0.9676907 -0.1164633 -0.22363123
vn 0.981457 0.05568977 -0.18341461
vn 0.56821615 -0.813593 0.12327545
vn 0.6870669 -0.65181583 -0.32105342
vn 0.3234996 -0.94601136 -0.02026364
vn 0.2671605 -0.9546072 -0.13172056
vn 0.62291485 -0.35314274 -0.69804543
vn 0.94730306 -0.29661348 -0.12098496
vn 0.9994205 -0.009888807 0.03256953
vn 0.74050283 0.19525513 -0.64306366
vn -0.2892726 -0.8469633 -0.44606563
vn 0.3630546 -0.38243502 -0.8496675
vn -0.3055261 0.029624093 -0.95172274
vn -0.6887434 -0.2869332 -0.6658093
vn -0.25881445 0.3078492 -0.9155567
vn -0.8405382 -0.24877068 -0.4812575
vn -0.2617875 0.28040585 -0.9234933
vn -0.87697804 0.13961224 -0.45980203
vn -0.9515566 -0.08933154 0.29421076
vn -0.82539475 -0.54766595 0.13706027
vn 0.95835954 -0.27385557 -0.08093357
vn 0.6729252 0.21491401 -0.70780206
vn 0.99612457 -0.02555359 0.084158994
vn 0.6181754 -0.16573928 -0.76836824
vn 0.4622472 -0.5190248 -0.7189859
vn 0.84174925 -0.5380722 -0.044004805
vn 0.46304244 -0.51928896 -0.7182831
vn 0.6189751 -0.16598047 -0.76767194
vn 0.509746 -0.53422654 -0.6743597
vn 0.67373025 0.2146977 -0.70710146
vn 0.666017 -0.18015002 -0.723856
vn 0.7208911 0.20135395 -0.6631534
vn 0.03562335 0.005006708 -0.99935275
vn -0.04866399 0.29018766 -0.9557317
vn 0.99612373 -0.025559513 0.084167585
vn 0.95835865 -0.27386 -0.08092879
vn -0.08098689 -0.25920594 -0.9624206
vn 0.84174794 -0.53807527 -0.043994904
vn 0.9961242 -0.025555572 0.08416331
vn 0.03561644 0.0050025117 -0.999353
vn -0.04866566 0.29019406 -0.9557296
vn 0.9600631 -0.2762592 0.044268556
vn -0.08100016 -0.25920808 -0.9624189
vn 0.8417506 -0.5380703 -0.04400239
vn -0.048671987 0.29019183 -0.95572996
vn 0.99612445 -0.025551513 0.084162116
vn 0.9600688 -0.27624333 0.044244274
vn -0.0847301 0.03948749 -0.99562114
vn 0.8573739 -0.50893486 0.076780796
vn -0.0810015 -0.25921288 -0.9624175
vn -0.55424327 -0.8034293 0.2175219
vn -0.66602004 -0.5522011 0.50148904
vn -0.5097475 -0.8189854 0.2634775
vn -0.71017534 -0.5372246 0.45501727
vn -0.7208941 -0.20135494 0.6631499
vn -0.5549601 -0.8031427 0.21675117
vn -0.7649307 -0.18713772 0.6163283
vn -0.7108832 -0.5369569 0.4542272
vn 0.08099498 -0.75055856 0.65582144
vn -0.76563656 -0.18689258 0.61552566
vn -0.03561329 -0.55148536 0.83342403
vn 0.048660763 -0.29018977 0.95573115
vn -0.95835686 -0.272626 -0.085012205
vn -0.8417434 -0.4716992 -0.26261723
vn 0.081009895 -0.7505639 0.65581334
vn -0.035595987 -0.5514906 0.8334213
vn 0.04867125 -0.29019254 0.9557297
vn -0.996123 0.025558 -0.08417748
vn -0.84174603 -0.47170117 -0.2626055
vn 0.08099205 -0.75055957 0.65582067
vn 0.084723055 -0.5207457 0.84949744
vn -0.9583581 -0.27262598 -0.084999554
vn -0.9961248 0.025552481 -0.08415726
vn 0.048659623 -0.29018867 0.9557316
vn -0.84175 -0.471696 -0.26260176
vn 0.1874165 -0.6960605 0.69309074
vn 0.08470558 -0.52074707 0.8494984
vn -0.96006286 -0.20500296 -0.19040248
vn 0.04865316 -0.290191 0.95573115
vn -0.99612314 0.025559986 -0.08417545
vn 0.04865316 -0.290191 0.95573115
vn -0.03562049 -0.55148095 0.8334266
vn -0.07656673 -0.289686 0.95405424
vn 0.08470558 -0.52074707 0.8494984
vn 0.08099678 -0.75055814 0.6558217
vn 0.1874165 -0.6960605 0.69309074
vn 0.25551283 -0.85659444 0.44828478
vn 0.34110355 -0.7894409 0.5103251
vn 0.46137002 -0.85344744 0.24241553
vn 0.5223883 -0.7866706 0.32902858
vn 0.66721964 -0.74160665 0.069552034
vn 0.7036681 -0.688181 0.17679921
vn 0.84174895 -0.5380719 -0.04401576
vn 0.8573739 -0.50893486 0.076780796
vn 0.9583601 -0.27384838 -0.080950946
vn 0.9600688 -0.27624333 0.044244274
vn 0.9993067 0.010816984 -0.03562737
vn 0.99612445 -0.025551513 0.084162116
vn -0.03562049 -0.55148095 0.8334266
vn 0.08099678 -0.75055814 0.6558217
vn -0.841744 -0.47170085 -0.26261258
vn -0.95835686 -0.27263552 -0.08498186
vn -0.07656673 -0.289686 0.95405424
vn -0.99930596 -0.0108279595 0.0356411
vn -0.96100944 -0.24217495 -0.13346256
vn -0.99979883 0.0058220527 -0.019197134
vn -0.99930596 -0.0108279595 0.0356411
vn -0.95835686 -0.27263552 -0.08498186
vn -0.8505463 -0.4307361 -0.30172405
vn -0.841744 -0.47170085 -0.26261258
vn -0.6852427 -0.53117436 -0.49829337
vn -0.6672321 -0.5777303 -0.47013733
vn -0.49025407 -0.52819586 -0.6932966
vn -0.46137935 -0.5745871 -0.6760021
vn -0.29524705 -0.42225286 -0.8570482
vn -0.25551498 -0.4627396 -0.8488723
vn -0.12994653 -0.22946662 -0.96460307
vn -0.081008896 -0.25921714 -0.96241575
vn -0.0195069 0.020811385 -0.9995931
vn 0.03558949 0.0049954136 -0.99935406
vn 0.019290473 0.29048195 -0.9566861
vn 0.076548494 0.28967968 -0.95405775
vn -0.96100944 -0.24217495 -0.13346256
vn -0.8505463 -0.4307361 -0.30172405
vn -0.41066322 -0.83987075 0.35492647
vn -0.5654769 -0.57557464 0.5907198
vn -0.99979883 0.0058220527 -0.019197134
vn -0.6198414 -0.22799458 0.75087625
vn 0.69305176 -0.20944265 0.6897919
vn -0.03560593 -0.5514778 0.83342934
vn -0.07655024 -0.28968164 0.95405686
vn 0.69305176 -0.20942836 0.68979645
vn 0.08100671 -0.7505591 0.6558193
vn 0.6930571 -0.20943904 0.68978775
vn 0.25551388 -0.85659873 0.44827592
vn 0.6930463 -0.20946603 0.6897904
vn 0.46137118 -0.8534492 0.24240668
vn 0.6930459 -0.2094629 0.6897917
vn 0.6672242 -0.7416015 0.06956297
vn 0.6930235 -0.20944797 0.68981874
vn 0.84175247 -0.53806776 -0.043998174
vn 0.69304687 -0.20943454 0.6897994
vn 0.95835984 -0.27385372 -0.08093528
vn 0.69305533 -0.2094377 0.6897899
vn 0.9993068 0.010816229 -0.035623103
vn 0.6930243 -0.20945008 0.68981725
vn -0.03560593 -0.5514778 0.83342934
vn 0.08100671 -0.7505591 0.6558193
vn -0.50974864 -0.8189833 0.26348168
vn -0.6660157 -0.5522025 0.5014932
vn -0.07655024 -0.28968164 0.95405686
vn -0.72088873 -0.20135465 0.6631559
vn 0.9583601 -0.27384838 -0.080950946
vn 0.9993067 0.010816984 -0.03562737
vn 0.076548494 0.28967968 -0.95405775
vn 0.03558949 0.0049954136 -0.99935406
vn 0.84174895 -0.5380719 -0.04401576
vn -0.081008896 -0.25921714 -0.96241575
vn -0.0195069 0.020811385 -0.9995931
vn 0.019290473 0.29048195 -0.9566861
vn 0.8085222 0.17097159 -0.5630813
vn 0.7541582 -0.20698088 -0.623221
vn -0.12994653 -0.22946662 -0.96460307
vn 0.59934294 -0.5577632 -0.57418495
vn 0.95835984 -0.27385372 -0.08093528
vn 0.9993068 0.010816229 -0.035623103
vn 0.72089344 0.20135367 -0.6631511
vn 0.6660167 -0.18014938 -0.72385633
vn 0.84175247 -0.53806776 -0.043998174
vn 0.50974727 -0.53422564 -0.6743595
vn 0.6672242 -0.7416015 0.06956297
vn 0.84175247 -0.53806776 -0.043998174
vn 0.50974727 -0.53422564 -0.6743595
vn 0.27587703 -0.8069709 -0.5221971
vn 0.46137118 -0.8534492 0.24240668
vn -0 -0.9568647 -0.29053393
vn 0.25551388 -0.85659873 0.44827592
vn -0.27587253 -0.96108276 -0.01464046
vn 0.08100671 -0.7505591 0.6558193
vn -0.50974864 -0.8189833 0.26348168
vn -0.29524705 -0.42225286 -0.8570482
vn -0.12994653 -0.22946662 -0.96460307
vn 0.59934294 -0.5577632 -0.57418495
vn 0.36764556 -0.82797176 -0.42343783
vn -0.49025407 -0.52819586 -0.6932966
vn 0.09433999 -0.97646856 -0.19393075
vn -0.6852427 -0.53117436 -0.49829337
vn -0.17896616 -0.9806465 0.079395734
vn -0.8505463 -0.4307361 -0.30172405
vn -0.41066322 -0.83987075 0.35492647
vn 0.66721964 -0.74160665 0.069552034
vn 0.84174895 -0.5380719 -0.04401576
vn -0.081008896 -0.25921714 -0.96241575
vn -0.25551498 -0.4627396 -0.8488723
vn 0.46137002 -0.85344744 0.24241553
vn -0.46137935 -0.5745871 -0.6760021
vn 0.25551283 -0.85659444 0.44828478
vn -0.6672321 -0.5777303 -0.47013733
vn 0.08099678 -0.75055814 0.6558217
vn -0.841744 -0.47170085 -0.26261258
vn -0.69304395 0.20944521 -0.68979913
vn -0.69304395 0.20944521 -0.68979913
vn -0.69304395 0.20944521 -0.68979913
vn -0.69304395 0.20944521 -0.68979913
vn -0.69304395 0.20944521 -0.68979913
vn -0.69304395 0.20944521 -0.68979913
vn -0.6930459 0.20944378 -0.6897975
vn -0.69304395 0.20944521 -0.68979913
vn -0.6930459 0.2094438 -0.6897975
vn -0.6672279 -0.5777324 -0.47014046
vn -0.58950293 -0.5432831 -0.59777063
vn -0.461369 -0.5745901 -0.67600656
vn 0.34109893 -0.78944176 0.51032656
vn -0.84174603 -0.47170117 -0.2626055
vn 0.08099205 -0.75055957 0.65582067
vn 0.4613703 -0.85344756 0.24241416
vn -0.25551265 -0.46273232 -0.84887695
vn 0.70368576 -0.6881675 0.17678167
vn 0.8417506 -0.5380703 -0.04400239
vn -0.08100016 -0.25920808 -0.9624189
vn -0.5549601 -0.8031427 0.21675117
vn 0.34110597 -0.789438 0.51032764
vn 0.08099498 -0.75055856 0.65582144
vn -0.32160786 -0.94492227 -0.060747296
vn -0.55424327 -0.8034293 0.2175219
vn -0.046351347 -0.9407127 -0.33602262
vn 0.46137607 -0.8534447 0.24241318
vn 0.7036863 -0.68816763 0.17677914
vn -0.32087392 -0.94521964 -0.059996773
vn -0.5097475 -0.8189854 0.2634775
vn -0.27587247 -0.96108264 -0.014642546
vn -0.045598846 -0.9410107 -0.3352903
vn -0 -0.9568645 -0.29053453
vn 0.22889984 -0.79115623 -0.56716555
vn 0.84174925 -0.5380722 -0.044004805
vn 0.4622472 -0.5190248 -0.7189859
vn 0.22967641 -0.79144245 -0.5664517
vn 0.27587587 -0.80697083 -0.52219784
vn 0.46304244 -0.51928896 -0.7182831
vn 0.509746 -0.53422654 -0.6743597
vn -0.8417434 -0.4716992 -0.26261723
vn 0.25552776 -0.85659367 0.44827768
vn 0.081009895 -0.7505639 0.65581334
vn -0.7036764 -0.473695 -0.52957773
vn -0.4613721 -0.5745854 -0.67600846
vn 0.3906146 -0.83948123 0.3777451
vn 0.46137533 -0.8534441 0.24241695
vn -0.3410971 -0.37242058 -0.8631081
vn 0.66722906 -0.74159867 0.06954777
vn 0.84174794 -0.53807527 -0.043994904
vn -0.08098689 -0.25920594 -0.9624206
vn -0.70368487 -0.47369403 -0.52956736
vn 0.1874165 -0.6960605 0.69309074
vn -0.84175 -0.471696 -0.26260176
vn 0.34110355 -0.7894409 0.5103251
vn 0.5223883 -0.7866706 0.32902858
vn -0.46137726 -0.5745814 -0.6760083
vn -0.34110966 -0.37242663 -0.8631005
vn 0.7036681 -0.688181 0.17679921
vn -0.0810015 -0.25921288 -0.9624175
vn 0.8573739 -0.50893486 0.076780796
vn -0.69304436 0.20944324 -0.6897993
vn 0.03561434 0.0050052833 -0.9993531
vn 0.07655949 0.28968054 -0.95405656
vn -0.6930356 0.20944709 -0.68980694
vn -0.08099107 -0.25920457 -0.9624206
vn -0.6930351 0.20944723 -0.6898073
vn -0.25551996 -0.46273732 -0.84887195
vn -0.6930534 0.2094381 -0.6897917
vn -0.46137866 -0.57458884 -0.67600113
vn -0.6930559 0.2094336 -0.68979067
vn -0.6672294 -0.5777334 -0.47013718
vn -0.6930455 0.20943706 -0.68979996
vn -0.8417468 -0.4717022 -0.26260117
vn -0.6930499 0.20943011 -0.68979776
vn -0.958358 -0.2726336 -0.08497622
vn -0.69307935 0.20942253 -0.6897704
vn -0.99930537 -0.0108296415 0.035659377
vn -0.6930911 0.20942952 -0.6897564
vn 0.07655949 0.28968054 -0.95405656
vn 0.9583585 -0.27385852 -0.08093427
vn 0.9993063 0.010820072 -0.035636105
vn 0.03561434 0.0050052833 -0.9993531
vn 0.84175086 -0.5380704 -0.043998275
vn -0.08099107 -0.25920457 -0.9624206
vn -0.99930537 -0.0108296415 0.035659377
vn -0.72089213 -0.20135574 0.6631518
vn -0.70703864 -0.3841607 0.5937314
vn -0.958358 -0.2726336 -0.08497622
vn -0.03561049 -0.55148625 0.83342344
vn -0.8417468 -0.4717022 -0.26260117
vn 0.08099823 -0.7505591 0.6558204
vn -0.07655762 -0.28968266 0.954056
vn -0.7208922 -0.20135453 0.6631522
vn -0.6672294 -0.5777334 -0.47013718
vn -0.8417468 -0.4717022 -0.26260117
vn 0.08099823 -0.7505591 0.6558204
vn 0.25551602 -0.85659313 0.4482853
vn -0.46137866 -0.57458884 -0.67600113
vn 0.46137533 -0.85344446 0.24241555
vn -0.25551996 -0.46273732 -0.84887195
vn 0.6672325 -0.7415959 0.06954395
vn -0.08099107 -0.25920457 -0.9624206
vn 0.84175086 -0.5380704 -0.043998275
vn 0.46137533 -0.85344446 0.24241555
vn 0.25551602 -0.85659313 0.4482853
vn 0.08099823 -0.7505591 0.6558204
vn 0.6672325 -0.7415959 0.06954395
vn -0.03561049 -0.55148625 0.83342344
vn 0.84175086 -0.5380704 -0.043998275
vn -0.07655762 -0.28968266 0.954056
vn 0.9583585 -0.27385852 -0.08093427
vn 0.9993063 0.010820072 -0.035636105
vn 0.982746 0.053740714 -0.17698063
vn 0.982746 0.053740583 -0.17698067
vn 0.9638626 -0.13397515 -0.23025982
vn 0.9079377 -0.31653583 -0.27468932
vn 0.9079382 -0.31653458 -0.27468902
vn 0.69490904 -0.63860923 -0.33057478
vn 0.6949101 -0.6386081 -0.3305747
vn -0.18495111 0.2855222 -0.9403564
vn -0.18495111 0.2855222 -0.9403564
vn -0.18495111 0.2855222 -0.9403564
vn -0.18495111 0.2855222 -0.9403564
vn -0.18495111 0.2855222 -0.9403564
vn -0.18495111 0.2855222 -0.9403564
vn -0.18495111 0.2855222 -0.9403564
vn -0.18495111 0.2855222 -0.9403564
vn -0.18495111 0.2855222 -0.9403564
vn -0.18495111 0.2855222 -0.9403564
vn -0.90794194 -0.41581684 0.052323893
vn -0.9827459 -0.053739592 0.17698161
vn -0.9827459 -0.053739823 0.17698152
vn -0.9079418 -0.41581702 0.0523238
vn -0.69491553 -0.71459365 -0.08030066
vn -0.6949145 -0.7145947 -0.08030118
vn -0.3760818 -0.90459013 -0.20069689
vn -0.6949145 -0.7145947 -0.08030118
vn -0.69491553 -0.71459365 -0.08030066
vn -0.37608218 -0.90458995 -0.20069678
vn -0 -0.9568655 -0.29053143
vn -0 -0.9568654 -0.2905316
vn 0.37608793 -0.8634642 -0.3361362
vn 0.376088 -0.8634642 -0.33613613
vn 0.6949101 -0.6386081 -0.3305747
vn 0.69490904 -0.63860923 -0.33057478
vn 0.88680154 -0.13427024 0.44221547
vn 0.7252825 -0.67409754 0.13984902
vn 0.91038936 -0.12020923 0.3959053
vn 0.61594373 -0.78165275 0.09814427
vn 0.8529352 -0.15166321 0.49949965
vn 0.6002222 -0.78656584 0.14507791
vn 0.870718 -0.14287952 0.47056946
vn 0.625194 -0.76858866 0.13566121
vn 0.95946276 -0.08188307 0.26967838
vn 0.71290654 -0.70123386 0.0059375134
vn 0.9921807 0.03626141 -0.119426005
vn 0.74648106 -0.6030509 -0.28123954
vn 0.7252825 -0.67409754 0.13984902
vn -0.010636278 -0.51453906 -0.85740095
vn 0.11951164 -0.113224246 -0.9863556
vn 0.61594373 -0.78165275 0.09814427
vn 0.6002222 -0.78656584 0.14507791
vn -0.22685336 -0.53972894 -0.8106973
vn 0.625194 -0.76858866 0.13566121
vn -0.4244694 -0.5575055 -0.7134517
vn 0.71290654 -0.70123386 0.0059375134
vn -0.56538576 -0.65769035 -0.49777746
vn 0.74648106 -0.6030509 -0.28123954
vn -0.63191974 -0.7551033 -0.17463231
vn 0.6333863 -0.5209539 -0.5722138
vn -0.5555361 -0.8237721 0.113044456
vn 0.484501 -0.5043113 -0.71479285
vn -0.46282414 -0.84137607 0.27906987
vn 0.2918141 -0.4222389 -0.8582301
vn -0.2482802 -0.9077392 0.33818108
vn -0.14086859 -0.3962592 -0.9072677
vn 0.12452135 -0.9310055 0.34310812
vn -0.45363757 -0.47510412 -0.7539822
vn 0.4295312 -0.85932326 0.27760878
vn -0.36192706 -0.5718101 -0.736235
vn 0.5692319 -0.8216885 0.028337104
vn -0.27659872 -0.39889762 -0.8742848
vn 0.6863471 -0.70724046 -0.16952454
vn 0.9290414 -0.34849763 -0.12422432
vn 0.74648106 -0.6030509 -0.28123954
vn 0.9921807 0.03626141 -0.119426005
vn 0.84781045 0.15407029 -0.5074246
vn 0.6333863 -0.5209539 -0.5722138
vn 0.6695683 0.2157953 -0.71071136
vn 0.484501 -0.5043113 -0.71479285
vn 0.3854638 0.2680833 -0.8829207
vn 0.2918141 -0.4222389 -0.8582301
vn -0.18388668 0.28558052 -0.9405474
vn -0.14086859 -0.3962592 -0.9072677
vn -0.14086859 -0.3962592 -0.9072677
vn -0.18388668 0.28558052 -0.9405474
vn -0.613836 0.22935832 -0.7553808
vn -0.45363757 -0.47510412 -0.7539822
vn -0.5579268 0.24111155 -0.7940925
vn -0.36192706 -0.5718101 -0.736235
vn -0.27659872 -0.39889762 -0.8742848
vn -0.35831192 0.27124286 -0.8933309
vn 0.9998202 0.005509207 -0.018148309
vn 0.99801993 -0.01827442 0.060185555
vn 0.6863471 -0.70724046 -0.16952454
vn 0.9290414 -0.34849763 -0.12422432
vn 0.9060599 -0.1229402 0.40489656
vn 0.6863471 -0.70724046 -0.16952454
vn 0.99801993 -0.01827442 0.060185555
vn 0.5692319 -0.8216885 0.028337104
vn 0.64028126 -0.2231742 0.73500556
vn 0.4295312 -0.85932326 0.27760878
vn 0.20360063 -0.28445154 0.9368213
vn 0.12452135 -0.9310055 0.34310812
vn -0.3893722 -0.26760623 0.88134915
vn 0.12452135 -0.9310055 0.34310812
vn 0.20360063 -0.28445154 0.9368213
vn -0.2482802 -0.9077392 0.33818108
vn -0.6709603 -0.21542963 0.70950854
vn -0.46282414 -0.84137607 0.27906987
vn -0.84779716 -0.15407689 0.5074449
vn -0.5555361 -0.8237721 0.113044456
vn -0.9965946 -0.023956893 0.07889932
vn -0.63191974 -0.7551033 -0.17463231
vn -0.8928195 0.13086039 -0.43098596
vn -0.63191974 -0.7551033 -0.17463231
vn -0.9965946 -0.023956893 0.07889932
vn -0.56538576 -0.65769035 -0.49777746
vn -0.6318435 0.22519208 -0.74166185
vn -0.4244694 -0.5575055 -0.7134517
vn -0.34415075 0.27278733 -0.8984138
vn -0.22685336 -0.53972894 -0.8106973
vn -0.015832052 0.29049835 -0.95674455
vn -0.010636278 -0.51453906 -0.85740095
vn -0.010636278 -0.51453906 -0.85740095
vn -0.015832052 0.29049835 -0.95674455
vn 0.13013124 0.2880642 -0.9487281
vn 0.11951164 -0.113224246 -0.9863556
vn 0.87164867 -0.015653206 -0.48988128
vn 0.96365523 0.07761583 -0.25562552
vn 0.8888246 -0.13313766 0.43848065
vn 0.57646286 -0.81660455 0.029111903
vn 0.6417009 -0.22282723 0.7338718
vn 0.48786744 -0.8415381 0.2319461
vn 0.34090793 -0.2731277 0.8995461
vn 0.31471103 -0.8864042 0.3394768
vn 0.016367726 -0.29048973 0.9567381
vn 0.12272959 -0.89473534 0.42940208
vn 0.6412463 -0.22293024 0.7342379
vn 0.5642811 -0.6847618 0.46118122
vn 0.71595174 -0.37615663 -0.58814913
vn 0.82827395 0.1627975 -0.5361521
vn 0.87164867 -0.015653206 -0.48988128
vn -0.52472013 -0.5385483 -0.6592682
vn -0.5233504 -0.59793574 -0.6071056
vn 0.57646286 -0.81660455 0.029111903
vn 0.48786744 -0.8415381 0.2319461
vn -0.40958473 -0.4681886 -0.7829686
vn 0.31471103 -0.8864042 0.3394768
vn -0.15444091 -0.41831562 -0.8950755
vn 0.12272959 -0.89473534 0.42940208
vn 0.16146892 -0.41952136 -0.8932691
vn 0.5642811 -0.6847618 0.46118122
vn 0.71595174 -0.37615663 -0.58814913
vn 0.10900143 0.28879872 -0.9511646
vn 0.16146892 -0.41952136 -0.8932691
vn 0.71595174 -0.37615663 -0.58814913
vn 0.82827395 0.1627975 -0.5361521
vn 0.9972584 -0.021477066 0.07081117
vn 0.9972584 -0.021477066 0.07081117
vn 0.9972584 -0.021477066 0.07081117
vn 0.9972584 -0.021477066 0.07081117
vn -0.2898556 0.27805015 -0.9157903
vn 0.16146892 -0.41952136 -0.8932691
vn 0.10900143 0.28879872 -0.9511646
vn -0.15444091 -0.41831562 -0.8950755
vn -0.6173031 0.22856392 -0.7527917
vn -0.40958473 -0.4681886 -0.7829686
vn -0.76458097 0.18725668 -0.61672586
vn -0.52472013 -0.5385483 -0.6592682
vn -0.5233504 -0.59793574 -0.6071056
vn -0.78924024 0.17841427 -0.58759516
vn 0.69304687 -0.20944601 0.6897959
vn 0.9998062 -0.005720121 0.018836625
vn 0.81934756 -0.55249393 -0.1530363
vn 0.499435 -0.8199754 0.27965164
vn 0.9998062 -0.005720121 0.018836625
vn 0.019690251 0.29048035 -0.95667833
vn 0.018038133 -0.31029156 -0.95047027
vn 0.81934756 -0.55249393 -0.1530363
vn 0.499435 -0.8199754 0.27965164
vn 0.81934756 -0.55249393 -0.1530363
vn 0.018038133 -0.31029156 -0.95047027
vn -0.4763514 -0.53771704 -0.69566506
vn -0.4763514 -0.53771704 -0.69566506
vn 0.018038133 -0.31029156 -0.95047027
vn 0.019690251 0.29048035 -0.95667833
vn -0.69304574 0.20944667 -0.6897969
vn 0.36829287 -0.89101475 0.26542994
vn -0.037418626 -0.76234716 0.64608574
vn -0.027051052 -0.2904294 0.95651406
vn 0.68777883 -0.21090591 0.694607
vn -0.49420494 -0.6240437 -0.60525274
vn -0.8402072 -0.51684046 -0.16409644
vn -0.037418626 -0.76234716 0.64608574
vn 0.36829287 -0.89101475 0.26542994
vn -0.6877787 0.21090746 -0.6946066
vn -0.999634 0.007860569 -0.025883747
vn -0.8402072 -0.51684046 -0.16409644
vn -0.49420494 -0.6240437 -0.60525274
vn -0.999634 0.007860569 -0.025883747
vn -0.027051052 -0.2904294 0.95651406
vn -0.037418626 -0.76234716 0.64608574
vn -0.8402072 -0.51684046 -0.16409644
vn 0.016058706 -0.31529665 -0.94885725
vn 0.8163485 -0.5571094 -0.15232877
vn 0.99980575 -0.005730791 0.018858032
vn 0.019654993 0.29047033 -0.95668215
vn -0.019689476 -0.29047692 0.9566794
vn 0.048660763 -0.29018977 0.95573115
vn -0.03561329 -0.55148536 0.83342403
vn -0.080343686 -0.54871285 0.83214134
vn 0.08099498 -0.75055856 0.65582144
vn 0.34110597 -0.789438 0.51032764
vn 0.21063465 -0.8772015 0.43145156
vn 0.66241145 -0.7489978 0.014598973
vn 0.46137607 -0.8534447 0.24241318
vn 0.7036863 -0.68816763 0.17677914
vn 0.73353285 -0.6334133 0.24640854
vn 0.84174925 -0.5380722 -0.044004805
vn 0.95835954 -0.27385557 -0.08093357
vn 0.69305265 -0.20944564 0.68979025
vn 0.99612457 -0.02555359 0.084158994
vn 0.6930516 -0.20944276 0.68979216
vn 0.6930495 -0.20943856 0.68979555
vn 0.69304055 -0.20944864 0.6898015
vn 0.4900502 -0.82470953 0.2823208
vn 0.8163485 -0.5571094 -0.15232877
vn 0.99980575 -0.005730791 0.018858032
vn -0.95835686 -0.272626 -0.085012205
vn -0.996123 0.025558 -0.08417748
vn -0.999806 0.005724475 -0.018851325
vn -0.95808804 -0.2834509 -0.04150753
vn -0.8417434 -0.4716992 -0.26261723
vn -0.7036764 -0.473695 -0.52957773
vn -0.658884 -0.6144232 -0.43399996
vn -0.2053148 -0.4867633 -0.8490626
vn -0.4613721 -0.5745854 -0.67600846
vn -0.3410971 -0.37242058 -0.8631081
vn -0.3905984 -0.29368824 -0.8724564
vn -0.08098689 -0.25920594 -0.9624206
vn 0.03562335 0.005006708 -0.99935275
vn -0.69303757 0.2094465 -0.68980503
vn -0.04866399 0.29018766 -0.9557317
vn -0.6930459 0.20944425 -0.6897974
vn -0.69306535 0.20943795 -0.68977976
vn -0.6930494 0.20944649 -0.6897932
vn -0.49008366 -0.52850676 -0.69318014
vn 0.019654993 0.29047033 -0.95668215
vn 0.016058706 -0.31529665 -0.94885725
vn -0.999806 0.005724475 -0.018851325
vn -0.019689476 -0.29047692 0.9566794
vn -0.080343686 -0.54871285 0.83214134
vn -0.95808804 -0.2834509 -0.04150753
vn 0.21063465 -0.8772015 0.43145156
vn -0.658884 -0.6144232 -0.43399996
vn 0.73353285 -0.6334133 0.24640854
vn -0.3905984 -0.29368824 -0.8724564
vn -0.2053148 -0.4867633 -0.8490626
vn 0.66241145 -0.7489978 0.014598973
vn 0.66241145 -0.7489978 0.014598973
vn -0.2053148 -0.4867633 -0.8490626
vn -0.658884 -0.6144232 -0.43399996
vn 0.21063465 -0.8772015 0.43145156
vn 0.69304484 -0.20944792 0.68979734
vn 0.69304484 -0.20944674 0.68979776
vn 0.6930498 -0.20944397 0.6897936
vn 0.6930473 -0.20944713 0.6897952
vn 0.9998062 -0.00572574 0.018834515
vn 0.9961242 -0.025555572 0.08416331
vn 0.81633574 -0.5571201 -0.15235859
vn 0.9600631 -0.2762592 0.044268556
vn 0.733534 -0.6334113 0.24641018
vn 0.8417506 -0.5380703 -0.04400239
vn 0.70368576 -0.6881675 0.17678167
vn 0.6624113 -0.74899805 0.01459939
vn 0.4613703 -0.85344756 0.24241416
vn 0.34109893 -0.78944176 0.51032656
vn 0.2106348 -0.87720126 0.43145213
vn -0.0803422 -0.5487155 0.8321397
vn 0.08099205 -0.75055957 0.65582067
vn 0.084723055 -0.5207457 0.84949744
vn -0.01969805 -0.29047784 0.956679
vn 0.048659623 -0.29018867 0.9557316
vn 0.016055044 -0.31528738 -0.9488604
vn 0.81633574 -0.5571201 -0.15235859
vn 0.9998062 -0.00572574 0.018834515
vn 0.019663757 0.290473 -0.95668113
vn -0.96006286 -0.20500296 -0.19040248
vn -0.99612314 0.025559986 -0.08417545
vn -0.999806 0.0057242457 -0.018850556
vn -0.9580883 -0.28345156 -0.04149817
vn -0.84175 -0.471696 -0.26260176
vn -0.70368487 -0.47369403 -0.52956736
vn -0.658888 -0.6144223 -0.43399525
vn -0.20531964 -0.48676375 -0.8490612
vn -0.46137726 -0.5745814 -0.6760083
vn -0.34110966 -0.37242663 -0.8631005
vn -0.39060545 -0.29369006 -0.87245256
vn -0.0810015 -0.25921288 -0.9624175
vn -0.0847301 0.03948749 -0.99562114
vn -0.69304526 0.20944527 -0.68979776
vn -0.048671987 0.29019183 -0.95572996
vn -0.6930504 0.20944308 -0.68979317
vn -0.69304526 0.20944338 -0.68979836
vn -0.49006242 -0.5285106 -0.6931921
vn -0.69305205 0.20944498 -0.68979096
vn 0.016055044 -0.31528738 -0.9488604
vn 0.019663757 0.290473 -0.95668113
vn -0.999806 0.0057242457 -0.018850556
vn -0.01969805 -0.29047784 0.956679
vn -0.0803422 -0.5487155 0.8321397
vn -0.9580883 -0.28345156 -0.04149817
vn 0.2106348 -0.87720126 0.43145213
vn -0.658888 -0.6144223 -0.43399525
vn 0.733534 -0.6334113 0.24641018
vn -0.39060545 -0.29369006 -0.87245256
vn -0.20531964 -0.48676375 -0.8490612
vn 0.6624113 -0.74899805 0.01459939
vn 0.6624113 -0.74899805 0.01459939
vn -0.20531964 -0.48676375 -0.8490612
vn -0.658888 -0.6144223 -0.43399525
vn 0.2106348 -0.87720126 0.43145213
vn -0.9312341 -0.10587739 0.34870183
vn -0.9998062 0.00572057 -0.01883626
vn -0.9153398 -0.35820776 -0.18395692
vn -0.8679337 -0.43160713 0.24577709
vn -0.7547897 -0.6542686 0.04717109
vn -0.85306406 -0.21224242 -0.47669157
vn -0.91616505 0.11644576 -0.3835126
vn -0.48298335 -0.8350446 -0.26349095
vn -0.27587178 -0.961083 -0.014641435
vn -0.6660176 -0.5522035 0.50148964
vn -0.43974352 -0.8810496 0.17429048
vn -0.009512253 -0.97813326 0.20776168
vn -0.394466 -0.57469666 0.7170219
vn 0.035856325 -0.6456704 0.7627739
vn -0.400801 -0.26617938 0.8766453
vn -0.019692805 -0.29047954 0.9566785
vn 0.93123525 0.10587648 -0.348699
vn 0.6660181 -0.18014762 -0.7238554
vn 0.8679311 -0.22209424 -0.44426316
vn 0.7208924 0.20135465 -0.66315186
vn 0.39445484 -0.07900547 -0.9155126
vn 0.40080065 0.26617813 -0.8766459
vn 0.39445484 -0.07900547 -0.9155126
vn 0.40080065 0.26617813 -0.8766459
vn -0.36441702 0.27055654 -0.89106643
vn -0.36058164 -0.0746837 -0.9297329
vn 0.03561644 0.0050025117 -0.999353
vn -0.04866566 0.29019406 -0.9557296
vn -0.08100016 -0.25920808 -0.9624189
vn -0.25551265 -0.46273232 -0.84887695
vn -0.461369 -0.5745901 -0.67600656
vn -0.6402867 -0.17267364 -0.7484763
vn -0.58950293 -0.5432831 -0.59777063
vn -0.6672279 -0.5777324 -0.47014046
vn -0.26521522 -0.8038764 -0.5323941
vn 0.009505019 -0.69748527 -0.71653605
vn -0.48298335 -0.8350446 -0.26349095
vn -0.85306406 -0.21224242 -0.47669157
vn -0.84174603 -0.47170117 -0.2626055
vn -0.9583581 -0.27262598 -0.084999554
vn -0.91616505 0.11644576 -0.3835126
vn -0.9961248 0.025552481 -0.08415726
vn -0.36058164 -0.0746837 -0.9297329
vn 0.009505019 -0.69748527 -0.71653605
vn 0.39445484 -0.07900547 -0.9155126
vn 0.6660181 -0.18014762 -0.7238554
vn 0.2758733 -0.80697256 -0.5221966
vn 0.8679311 -0.22209424 -0.44426316
vn -0.18997638 -0.36017942 -0.9133344
vn -0.26521522 -0.8038764 -0.5323941
vn -0.49006036 -0.5285085 -0.6931951
vn 0.1964312 -0.4792584 -0.8554099
vn -0.48298335 -0.8350446 -0.26349095
vn -0.76121897 -0.51972926 -0.38784924
vn -0.6864854 -0.7258578 -0.04322231
vn -0.27587178 -0.961083 -0.014641435
vn -0.5712382 -0.74323606 0.34826297
vn 0.18998288 -0.8071881 0.5588862
vn -0.009512253 -0.97813326 0.20776168
vn 0.26521876 -0.964178 -0.0044445703
vn 0.49006262 -0.8247023 0.28232032
vn 0.7612203 -0.64763254 0.033401012
vn 0.48297736 -0.8405752 -0.24528778
vn 0.5712384 -0.42413336 -0.7027074
vn 0.85306275 -0.44145864 0.2782054
vn -0.394466 -0.57469666 0.7170219
vn -0.400801 -0.26617938 0.8766453
vn 0.36442426 -0.2705566 0.8910635
vn 0.36057526 -0.57901853 0.7312475
vn -0.009512253 -0.97813326 0.20776168
vn 0.26521876 -0.964178 -0.0044445703
vn -0.035595987 -0.5514906 0.8334213
vn 0.04867125 -0.29019254 0.9557297
vn 0.081009895 -0.7505639 0.65581334
vn 0.25552776 -0.85659367 0.44827768
vn 0.6402948 -0.55967677 0.52610326
vn 0.48297736 -0.8405752 -0.24528778
vn 0.85306275 -0.44145864 0.2782054
vn 0.3906146 -0.83948123 0.3777451
vn 0.46137533 -0.8534441 0.24241695
vn 0.66722906 -0.74159867 0.06954777
vn 0.84174794 -0.53807527 -0.043994904
vn 0.95835865 -0.27386 -0.08092879
vn 0.91616285 -0.11644979 0.3835166
vn 0.99612373 -0.025559513 0.084167585
vn 0.93123525 0.10587648 -0.348699
vn 0.8679311 -0.22209424 -0.44426316
vn -0.7612197 -0.51973015 -0.38784677
vn -0.76121897 -0.51972926 -0.38784924
vn -0.6864854 -0.7258578 -0.04322231
vn -0.5712382 -0.74323606 0.34826297
vn -0.5712415 -0.74323547 0.34825885
vn 0.18998288 -0.8071881 0.5588862
vn 0.18997824 -0.8071882 0.5588877
vn 0.7612202 -0.64763284 0.03339847
vn 0.18997824 -0.8071882 0.5588877
vn 0.18998288 -0.8071881 0.5588862
vn 0.7612203 -0.64763254 0.033401012
vn 0.49006262 -0.8247023 0.28232032
vn 0.57124186 -0.42412657 -0.70270866
vn -0.1899765 -0.3601766 -0.91333556
vn -0.7612197 -0.51973015 -0.38784677
vn 0.7612202 -0.64763284 0.03339847
vn -0.5712415 -0.74323547 0.34825885
vn 0.18997824 -0.8071882 0.5588877
vn 0.57124186 -0.42412657 -0.70270866
vn 0.7612202 -0.64763284 0.03339847
vn 0.7612203 -0.64763254 0.033401012
vn 0.5712384 -0.42413336 -0.7027074
vn -0.1899765 -0.3601766 -0.91333556
vn 0.1964312 -0.4792584 -0.8554099
vn -0.18997638 -0.36017942 -0.9133344
vn -0.76121897 -0.51972926 -0.38784924
vn -0.7612197 -0.51973015 -0.38784677
vn -0.1899765 -0.3601766 -0.91333556
vn -0.49006036 -0.5285085 -0.6931951
vn -0.18997638 -0.36017942 -0.9133344
vn 0.035857353 -0.64566904 0.762775
vn -0.019692698 -0.29047808 0.956679
vn -0.019692805 -0.29047954 0.9566785
vn 0.035856325 -0.6456704 0.7627739
vn -0.43974352 -0.8810496 0.17429048
vn 0.035857353 -0.64566904 0.762775
vn 0.035856325 -0.6456704 0.7627739
vn -0.4397406 -0.8810502 0.17429502
vn -0.91533923 -0.35820583 -0.18396392
vn -0.7547897 -0.6542686 0.04717109
vn -0.9153398 -0.35820776 -0.18395692
vn 0.035857353 -0.64566904 0.762775
vn -0.4397406 -0.8810502 0.17429502
vn -0.91533923 -0.35820583 -0.18396392
vn -0.019692698 -0.29047808 0.956679
vn -0.9998062 0.005721684 -0.018838538
vn -0.9998062 0.00572057 -0.01883626
vn -0.9998062 0.005721684 -0.018838538
vn -0.91533923 -0.35820583 -0.18396392
vn -0.9153398 -0.35820776 -0.18395692
vn 0.49006367 -0.8247014 0.28232107
vn -0.016093876 -0.78961813 0.61338735
vn -0.019695256 -0.29047057 0.95668125
vn 0.6930495 -0.20943943 0.68979526
vn 0.69305336 -0.20943995 0.6897912
vn 0.45530283 -0.8590108 0.23409338
vn -0.5097581 -0.81898135 0.2634694
vn -0.016093876 -0.78961813 0.61338735
vn 0.49006367 -0.8247014 0.28232107
vn -1.686768E-05 -0.95686275 -0.29054016
vn -1.686768E-05 -0.95686275 -0.29054016
vn 0.008401263 -0.7416503 -0.67073417
vn -0.45743886 -0.580548 -0.6735828
vn 0.45530283 -0.8590108 0.23409338
vn -0.5097519 -0.818983 0.2634763
vn -0.5097636 -0.8189758 0.26347625
vn 0.42631343 -0.8679577 -0.25476715
vn -0.5097415 -0.818987 0.26348412
vn -0.5097271 -0.81899995 0.26347148
vn -0 -0.95685554 -0.29056388
vn -0 -0.95686054 -0.2905476
vn -0 -0.95686436 -0.29053488
vn 0.45527914 -0.85901296 0.23413171
vn -0.50975436 -0.8189751 0.26349613
vn -0.8163382 -0.54777694 -0.18311879
vn -0 -0.95686406 -0.29053587
vn -0.4900572 -0.5285086 -0.69319737
vn -0.4599969 -0.57669204 -0.6751512
vn 0.019681787 0.29047766 -0.9566793
vn 0.008401263 -0.7416503 -0.67073417
vn -0.45743886 -0.580548 -0.6735828
vn -0.69305944 0.20944174 -0.6897845
vn 0.99980587 -0.005722253 0.018855698
vn 0.42631343 -0.8679577 -0.25476715
vn 0.008401263 -0.7416503 -0.67073417
vn 0.019681787 0.29047766 -0.9566793
vn 0.6930264 -0.20944418 0.689817
vn 0.45527914 -0.85901296 0.23413171
vn 0.42631343 -0.8679577 -0.25476715
vn 0.99980587 -0.005722253 0.018855698
vn -0.6930488 0.20944276 -0.689795
vn -0.6930429 0.20944177 -0.6898013
vn -0.69304764 0.20944017 -0.689797
vn -0.4599969 -0.57669204 -0.6751512
vn -0.4900572 -0.5285086 -0.69319737
vn -0.8163382 -0.54777694 -0.18311879
vn -0.9998062 0.0057192 -0.018835256
vn -0.50975436 -0.8189751 0.26349613
vn -0.8163382 -0.54777694 -0.18311879
vn -0.9998062 0.0057192 -0.018835256
vn -0.7208902 -0.20135038 0.66315556
vn -0.72086376 -0.20135961 0.6631816
vn -0.5097415 -0.818987 0.26348412
vn -0.5097271 -0.81899995 0.26347148
vn -0.72087747 -0.20135586 0.6631678
vn -0.5097519 -0.818983 0.2634763
vn -0.7208927 -0.2013541 0.6631517
vn -0.5097636 -0.8189758 0.26347625
vn -0.72089416 -0.20135607 0.6631495
vn -0.72089875 -0.20134702 0.6631474
vn -0.019695256 -0.29047057 0.95668125
vn -0.016093876 -0.78961813 0.61338735
vn -0.5097581 -0.81898135 0.2634694
vn -0.72087795 -0.20135254 0.6631682
vn -0.761217 -0.5197297 -0.38785264
vn -0.9606401 0.080709964 -0.26581296
vn -0.5712252 -0.743242 0.34827146
vn 0.23977797 -0.2820485 0.9289538
vn 0.19000082 -0.8071817 0.5588894
vn 0.96064407 -0.08070005 0.26580146
vn 0.76122046 -0.6476325 0.033400692
vn 0.19000082 -0.8071817 0.5588894
vn 0.23977797 -0.2820485 0.9289538
vn 0.57123846 -0.4241273 -0.702711
vn -0.18997553 -0.360165 -0.91334033
vn -0.761217 -0.5197297 -0.38785264
vn 0.76122046 -0.6476325 0.033400692
vn -0.5712252 -0.743242 0.34827146
vn 0.19000082 -0.8071817 0.5588894
vn 0.57123846 -0.4241273 -0.702711
vn 0.76122046 -0.6476325 0.033400692
vn 0.96064407 -0.08070005 0.26580146
vn 0.7208961 0.20135865 -0.6631466
vn -0.18997553 -0.360165 -0.91334033
vn -0.23974495 0.282067 -0.9289567
vn -0.9606401 0.080709964 -0.26581296
vn -0.761217 -0.5197297 -0.38785264
vn -0.18997553 -0.360165 -0.91334033
vn -0.23974495 0.282067 -0.9289567
vn -0.7209012 -0.2013451 0.6631453
vn -0.7612172 -0.5197308 -0.38785082
vn -0.9606434 0.08070972 -0.26580104
vn -0.5712465 -0.74323 0.34826228
vn 0.23974425 -0.28205574 0.92896026
vn 0.18997207 -0.8071878 0.55889034
vn 0.96064055 -0.08070764 0.26581222
vn 0.76121813 -0.64763504 0.033403363
vn 0.18997207 -0.8071878 0.55889034
vn 0.23974425 -0.28205574 0.92896026
vn 0.57124144 -0.42412588 -0.7027094
vn -0.18998274 -0.36016956 -0.91333693
vn -0.7612172 -0.5197308 -0.38785082
vn 0.76121813 -0.64763504 0.033403363
vn -0.5712465 -0.74323 0.34826228
vn 0.18997207 -0.8071878 0.55889034
vn 0.57124144 -0.42412588 -0.7027094
vn 0.76121813 -0.64763504 0.033403363
vn 0.96064055 -0.08070764 0.26581222
vn 0.72089714 0.20135987 -0.6631452
vn -0.18998274 -0.36016956 -0.91333693
vn -0.23975407 0.28206968 -0.92895347
vn -0.9606434 0.08070972 -0.26580104
vn -0.7612172 -0.5197308 -0.38785082
vn -0.18998274 -0.36016956 -0.91333693
vn -0.23975407 0.28206968 -0.92895347
vn -0.6852282 -0.48863423 0.5400915
vn -0.9993067 -0.010814811 0.03562614
vn -0.7208933 -0.20135394 0.6631512
vn -0.9583585 -0.2726251 -0.08499732
vn -0.5639586 -0.7535479 0.33781117
vn -0.8417482 -0.47169673 -0.26260656
vn -0.9993067 -0.010814811 0.03562614
vn -0.69304216 0.2094477 -0.68980014
vn -0.69303876 0.20944944 -0.68980294
vn -0.9583585 -0.2726251 -0.08499732
vn -0.693043 0.20944682 -0.6897994
vn -0.8417482 -0.47169673 -0.26260656
vn -0.69303906 0.2094532 -0.6898016
vn -0.6672293 -0.5777282 -0.47014374
vn -0.6930516 0.20945144 -0.68978965
vn -0.46137503 -0.57458276 -0.6760087
vn -0.69305325 0.20944586 -0.6897895
vn -0.25550026 -0.4627276 -0.84888333
vn -0.47596574 -0.08042186 -0.875779
vn -0.7385512 0.13027507 -0.66149104
vn -0.7666212 0.07365381 -0.6378614
vn -0.82009244 -0.06489553 -0.5685393
vn -0.7208938 -0.20135228 0.663151
vn -0.9583575 -0.27263093 -0.08498904
vn -0.99930644 -0.010818894 0.035632566
vn -0.66602004 -0.5522043 0.5014856
vn -0.84175086 -0.47169593 -0.26259953
vn -0.5097471 -0.81898504 0.2634796
vn 0.7208885 0.2013531 -0.6631566
vn 0.076551735 0.28967956 -0.9540574
vn 0.03560343 0.0050008586 -0.99935347
vn 0.6545084 -0.21825713 -0.72386646
vn -0.08100481 -0.259216 -0.9624164
vn 0.4980629 -0.5526521 -0.66821325
vn -0.84175086 -0.47169593 -0.26259953
vn -0.6672372 -0.57773006 -0.4701302
vn -0.461379 -0.57458836 -0.6760012
vn -0.25552553 -0.46274063 -0.84886855
vn -0.9583575 -0.27263093 -0.08498904
vn -0.08100481 -0.259216 -0.9624164
vn -0.99930644 -0.010818894 0.035632566
vn 0.03560343 0.0050008586 -0.99935347
vn 0.076551735 0.28967956 -0.9540574
vn 0.2758701 -0.80697846 -0.5221891
vn 0.4980629 -0.5526521 -0.66821325
vn -0.08100481 -0.259216 -0.9624164
vn -0.25552553 -0.46274063 -0.84886855
vn -0 -0.9568655 -0.29053128
vn -0.461379 -0.57458836 -0.6760012
vn -0.27587655 -0.96108156 -0.014640483
vn -0.6672372 -0.57773006 -0.4701302
vn -0.5097471 -0.81898504 0.2634796
vn -0.84175086 -0.47169593 -0.26259953
vn -0.47596574 -0.08042186 -0.875779
vn -0.25550026 -0.4627276 -0.84888333
vn 0.19405536 -0.86735356 -0.4583016
vn -0.46137503 -0.57458276 -0.6760087
vn -0.091909595 -0.9747277 -0.20361395
vn -0.6672293 -0.5777282 -0.47014374
vn -0.357458 -0.9307889 0.076524846
vn -0.8417482 -0.47169673 -0.26260656
vn -0.5639586 -0.7535479 0.33781117
vn -0.65093744 -0.6027083 0.4615443
vn -0.72543406 -0.19997495 0.6586012
vn -0.07980141 -0.2896091 0.9538126
vn -0.03874725 -0.552118 0.8328652
vn 0.078222156 -0.7517656 0.6547746
vn -0.5143306 -0.8175082 0.25912213
vn -0.65123063 -0.6027045 0.46113542
vn -0.5150851 -0.8168164 0.2598045
vn -0.5161063 -0.815762 0.2610875
vn -0.67083323 -0.550609 0.49680212
vn -0.7259059 -0.1998248 0.65812665
vn -0.72566223 -0.19990022 0.65837246
vn -0.6706004 -0.5506182 0.49710628
vn -0.5164965 -0.81526846 0.26185617
vn -0.7254179 -0.19997652 0.6586185
vn 0.66610837 -0.74285823 0.0667919
vn 0.8411536 -0.53874344 -0.047075197
vn 0.5051836 -0.53296745 -0.67877483
vn 0.2712272 -0.8056867 -0.5265973
vn 0.45971847 -0.85499525 0.2400877
vn 0.505097 -0.533106 -0.6787305
vn -0.0044596363 -0.9554549 -0.29510376
vn 0.25331676 -0.8581503 0.4465521
vn 0.27108544 -0.8058067 -0.5264867
vn 0.5050279 -0.53311205 -0.67877704
vn 0.271031 -0.805818 -0.52649754
vn 0.488323 -0.5591378 -0.67000407
vn 0.24279402 -0.82827216 -0.50499135
vn -0.004281719 -0.9553936 -0.2953044
vn -0.03724465 -0.96360797 -0.26471207
vn -0.14421901 -0.97637033 -0.16094054
vn -0.2801233 -0.9597652 -0.019537676
vn -0.004370704 -0.95543027 -0.29518437
vn -0.2802373 -0.95973754 -0.019258404
vn -0.28000167 -0.9597996 -0.019593284
vn -0.5164965 -0.81526846 0.26185617
vn -0.5161063 -0.815762 0.2610875
vn -0.2800804 -0.9597799 -0.019430954
vn -0.5150851 -0.8168164 0.2598045
vn -0.5143306 -0.8175082 0.25912213
vn 0.078222156 -0.7517656 0.6547746
vn -0.14450783 -0.9763767 -0.16064204
vn -0.27990097 -0.9598253 -0.019771973
vn -0.14421004 -0.97637206 -0.16093773
vn -0.28015137 -0.9597576 -0.019502662
vn -0.5151916 -0.81664497 0.2601319
vn -0.51556647 -0.81625026 0.2606275
vn 0.18495399 -0.28552276 0.94035566
vn 0.18495397 -0.28552273 0.94035566
vn 0.18495214 -0.28552064 0.9403567
vn 0.18495214 -0.28552064 0.9403567
vn 0.18495214 -0.28552064 0.9403567
vn 0.18495214 -0.28552064 0.9403567
vn 0.18495214 -0.28552064 0.9403567
vn 0.18495214 -0.28552064 0.9403567
vn 0.18495214 -0.28552064 0.9403567
vn -0.51556647 -0.81625026 0.2606275
vn -0.5151916 -0.81664497 0.2601319
vn -0.67047185 -0.5509435 0.49691918
vn -0.670534 -0.55082405 0.49696764
vn -0.72541904 -0.19998005 0.6586162
vn -0.72536963 -0.19999559 0.65866584
vn -0.17754628 0.48060632 -0.8587752
vn -0.14622675 0.2863049 -0.9469147
vn -0.97083586 -0.090629354 0.22195487
vn -0.923095 -0.37229022 -0.09641398
vn 0.20683685 0.3527382 -0.91257566
vn -0.28419295 -0.6412814 -0.71273595
vn 0.9827221 -0.05487823 0.17676471
vn -0.05223903 -0.6354657 0.77035993
vn -0.27675566 -0.30038565 0.9127841
vn 0.95362544 0.13875493 0.2671058
vn 0.484106 -0.87346566 0.051953636
vn 0.98307884 0.118154384 -0.13998418
vn -0.14622675 0.2863049 -0.9469147
vn -0.17754628 0.48060632 -0.8587752
vn 0.95362544 0.13875493 0.2671058
vn 0.9827221 -0.05487823 0.17676471
vn -0.27675566 -0.30038565 0.9127841
vn -0.05223903 -0.6354657 0.77035993
vn -0.923095 -0.37229022 -0.09641398
vn -0.97083586 -0.090629354 0.22195487
vn 0.98307884 0.118154384 -0.13998418
vn 0.20683685 0.3527382 -0.91257566
vn -0.28419295 -0.6412814 -0.71273595
vn 0.484106 -0.87346566 0.051953636
vn -0.17754628 0.48060632 -0.8587752
vn 0.20683685 0.3527382 -0.91257566
vn 0.98307884 0.118154384 -0.13998418
vn 0.95362544 0.13875493 0.2671058
vn -0.05223903 -0.6354657 0.77035993
vn 0.484106 -0.87346566 0.051953636
vn -0.28419295 -0.6412814 -0.71273595
vn -0.923095 -0.37229022 -0.09641398
vn 0.1308397 -0.6660168 -0.73437226
vn -0.40737146 -0.65100795 -0.64049757
vn -0 -0.95686567 -0.29053074
vn -0.5611794 -0.82491887 -0.06772416
vn -0.82388526 -0.44154784 -0.35531464
vn -0.13085087 -0.96189386 0.2400796
vn 0.4073638 -0.8972278 0.17040238
vn 0.09793976 -0.7284331 0.6780805
vn -0.50064236 -0.6837387 0.5309036
vn -0.24888605 -0.28139195 0.92675465
vn -0.7208837 -0.20135549 0.66316104
vn -0.90799695 -0.37788978 0.18094414
vn -0.968538 0.072302304 -0.23813148
vn 0.40736124 0.65100986 0.6405023
vn 0.09793394 0.22844182 0.9686193
vn -0.130842 0.66602117 0.7343679
vn 0.6591266 0.09649623 0.74581546
vn 0.8238888 0.4415449 0.35531032
vn 0.29749295 -0.27737674 0.9135426
vn -0.24888605 -0.28139195 0.92675465
vn 0.09793976 -0.7284331 0.6780805
vn 0.659133 -0.4948804 0.5662483
vn 0.4073638 -0.8972278 0.17040238
vn 0.82388955 -0.56455535 0.049830973
vn 0.9685353 -0.0723056 0.23814127
vn 0.9079994 0.37788418 -0.18094371
vn 0.40736124 0.65100986 0.6405023
vn -0.130842 0.66602117 0.7343679
vn -0 0.95686364 0.29053754
vn 0.5611824 0.8249166 0.067728296
vn 0.8238888 0.4415449 0.35531032
vn 0.9079994 0.37788418 -0.18094371
vn 0.13084954 0.96189296 -0.24008392
vn -0.40736333 0.8972271 -0.1704074
vn -0.09793861 0.728429 -0.67808497
vn 0.50063825 0.6837386 -0.53090763
vn 0.7208823 0.20135888 -0.6631617
vn 0.2488698 0.28139374 -0.92675847
vn -0.40736333 0.8972271 -0.1704074
vn -0.65912527 0.49487954 -0.56625813
vn -0.09793861 0.728429 -0.67808497
vn -0.297469 0.27738145 -0.9135489
vn 0.2488698 0.28139374 -0.92675847
vn -0.09794851 -0.22843455 -0.96861947
vn -0.65911895 -0.09649386 -0.7458225
vn -0.968538 0.072302304 -0.23813148
vn -0.82388526 -0.44154784 -0.35531464
vn -0.40737146 -0.65100795 -0.64049757
vn 0.1308397 -0.6660168 -0.73437226
vn 0.9685353 -0.0723056 0.23814127
vn 0.9079994 0.37788418 -0.18094371
vn 0.9079995 -0.21348357 -0.36050215
vn 0.82388955 -0.56455535 0.049830973
vn 0.7208823 0.20135888 -0.6631617
vn 0.56118727 -0.7233083 -0.4023604
vn 0.4073638 -0.8972278 0.17040238
vn -0 -0.95686567 -0.29053074
vn 0.1308397 -0.6660168 -0.73437226
vn 0.5006326 -0.27311864 -0.8214458
vn 0.2488698 0.28139374 -0.92675847
vn -0.09794851 -0.22843455 -0.96861947
vn -0.65912527 0.49487954 -0.56625813
vn -0.8238881 0.56455815 -0.049824715
vn -0.968538 0.072302304 -0.23813148
vn -0.40736333 0.8972271 -0.1704074
vn -0.90799695 0.21348448 0.36050788
vn -0.90799695 -0.37788978 0.18094414
vn -0.7208837 -0.20135549 0.66316104
vn -0.5611741 0.72331446 0.40236774
vn -0 0.95686364 0.29053754
vn -0.130842 0.66602117 0.7343679
vn -0.50063354 0.27312434 0.8214433
vn -0.24888605 -0.28139195 0.92675465
vn 0.09793394 0.22844182 0.9686193
vn -0 -0.9568643 -0.2905354
vn 0.016058706 -0.31529665 -0.94885725
vn -0.49008366 -0.52850676 -0.69318014
vn -0.3905984 -0.29368824 -0.8724564
vn -0 -0.95686406 -0.290536
vn -0 -0.95686406 -0.29053593
vn -1.28955635E-05 -0.9568637 -0.29053706
vn 0.73353285 -0.6334133 0.24640854
vn 0.8163485 -0.5571094 -0.15232877
vn -0 -0.9568638 -0.29053682
vn -0 -0.9568637 -0.29053733
vn 0.4900502 -0.82470953 0.2823208
vn -0 -0.9568654 -0.29053167
vn 0.016055044 -0.31528738 -0.9488604
vn -0.49006242 -0.5285106 -0.6931921
vn -0.39060545 -0.29369006 -0.87245256
vn -0 -0.95686525 -0.29053214
vn -0 -0.95686555 -0.29053086
vn 0.81633574 -0.5571201 -0.15235859
vn 1.2895842E-05 -0.9568658 -0.29053044
vn -0 -0.95686436 -0.2905351
vn 0.733534 -0.6334113 0.24641018
vn -0 -0.9568646 -0.29053414
vn -0.490087 0.82469314 -0.28230482
vn 0.0160485 0.78964734 -0.61335105
vn -0 0.9568654 0.2905317
vn -0.39061487 0.72919273 -0.56187004
vn -0 0.9568667 0.29052752
vn -0 0.95686305 0.29053915
vn -0 0.9568621 0.29054263
vn 0.7335325 0.38946632 0.5569973
vn 0.8163247 0.54778516 0.18315421
vn -0 0.95686644 0.29052794
vn -0 0.9568643 0.29053542
vn 0.49003497 0.5285036 0.69321704
vn -0.49006495 0.8247058 -0.28230593
vn 0.016056053 0.78961945 -0.6133868
vn -0 0.95686555 0.29053095
vn -0.39060056 0.72919893 -0.5618721
vn -1.5715927E-05 0.95686686 0.29052657
vn -0 0.9568638 0.2905365
vn 0.816335 0.5477752 0.1831376
vn -0 0.9568634 0.29053807
vn -1.3262267E-05 0.95686555 0.29053092
vn 0.7335314 0.38947126 0.55699533
vn -0 0.95686394 0.29053643
g Sniperman_0
f 3/3/3 2/2/2 1/1/1
f 2/2/2 4/4/4 1/1/1
f 2/2/2 5/5/5 4/4/4
f 4/4/4 6/6/6 1/1/1
f 6/6/6 7/7/7 1/1/1
f 8/8/8 1/1/1 7/7/7
f 5/5/5 9/9/9 4/4/4
f 9/9/9 10/10/10 4/4/4
f 10/10/10 6/6/6 4/4/4
f 11/11/11 9/9/9 5/5/5
f 9/9/9 11/11/11 10/10/10
f 12/12/12 11/11/11 5/5/5
f 11/11/11 12/12/12 13/13/13
f 12/12/12 14/14/14 13/13/13
f 11/11/11 13/13/13 15/15/15
f 16/16/16 11/11/11 15/15/15
f 11/11/11 16/16/16 10/10/10
f 16/16/16 15/15/15 17/17/17
f 15/15/15 18/18/18 17/17/17
f 16/16/16 17/17/17 19/19/19
f 10/10/10 16/16/16 19/19/19
f 10/10/10 19/19/19 20/20/20
f 6/6/6 10/10/10 20/20/20
f 6/6/6 20/20/20 21/21/21
f 7/7/7 6/6/6 21/21/21
f 7/7/7 21/21/21 22/22/22
f 23/23/23 7/7/7 22/22/22
f 23/23/23 22/22/22 24/24/24
f 23/23/23 8/8/8 7/7/7
f 25/25/25 23/23/23 24/24/24
f 8/8/8 23/23/23 25/25/25
f 26/26/26 8/8/8 25/25/25
f 29/29/29 28/28/28 27/27/27
f 30/30/30 29/29/29 27/27/27
f 30/30/30 27/27/27 31/31/31
f 32/32/32 30/30/30 31/31/31
f 29/29/29 30/30/30 33/33/33
f 34/34/34 29/29/29 33/33/33
f 35/35/35 29/29/29 34/34/34
f 36/36/36 34/34/34 33/33/33
f 37/37/37 36/36/36 33/33/33
f 38/38/38 35/35/35 34/34/34
f 38/38/38 39/39/39 35/35/35
f 39/39/39 40/40/40 35/35/35
f 41/41/41 40/40/40 39/39/39
f 42/42/42 41/41/41 39/39/39
f 41/41/41 42/42/42 43/43/43
f 42/42/42 44/44/44 43/43/43
f 47/47/47 46/46/46 45/45/45
f 46/46/46 48/48/48 45/45/45
f 46/46/46 49/49/49 48/48/48
f 49/49/49 50/50/50 48/48/48
f 48/48/48 50/50/50 51/51/51
f 50/50/50 52/52/52 51/51/51
f 55/55/55 54/54/54 53/53/53
f 56/56/56 55/55/55 53/53/53
f 59/59/59 58/58/58 57/57/57
f 60/60/60 59/59/59 57/57/57
f 63/63/63 62/62/62 61/61/61
f 64/64/64 63/63/63 61/61/61
f 67/67/67 66/66/66 65/65/65
f 68/68/68 67/67/67 65/65/65
f 68/68/68 65/65/65 69/69/69
f 70/70/70 68/68/68 69/69/69
f 68/68/68 70/70/70 71/71/71
f 70/70/70 72/72/72 71/71/71
f 72/72/72 73/73/73 71/71/71
f 73/73/73 74/74/74 71/71/71
f 75/75/75 71/71/71 74/74/74
f 74/74/74 73/73/73 76/76/76
f 77/77/77 74/74/74 76/76/76
f 78/78/78 75/75/75 74/74/74
f 78/78/78 74/74/74 79/79/79
f 74/74/74 80/80/80 79/79/79
f 83/83/83 82/82/82 81/81/81
f 84/84/84 83/83/83 81/81/81
f 87/87/87 86/86/86 85/85/85
f 88/88/88 87/87/87 85/85/85
f 91/91/91 90/90/90 89/89/89
f 92/92/92 91/91/91 89/89/89
f 91/91/91 92/92/92 93/93/93
f 92/92/92 94/94/94 93/93/93
f 93/93/93 94/94/94 95/95/95
f 96/96/96 93/93/93 95/95/95
f 96/96/96 95/95/95 97/97/97
f 95/95/95 98/98/98 97/97/97
f 99/99/99 95/95/95 94/94/94
f 95/95/95 99/99/99 98/98/98
f 99/99/99 100/100/100 98/98/98
f 100/100/100 99/99/99 101/101/101
f 99/99/99 102/102/102 101/101/101
f 103/103/103 99/99/99 94/94/94
f 99/99/99 103/103/103 102/102/102
f 103/103/103 104/104/104 102/102/102
f 103/103/103 105/105/105 104/104/104
f 105/105/105 106/106/106 104/104/104
f 109/109/109 108/108/108 107/107/107
f 110/110/110 109/109/109 107/107/107
f 110/110/110 107/107/107 111/111/111
f 112/112/112 110/110/110 111/111/111
f 112/112/112 111/111/111 113/113/113
f 111/111/111 114/114/114 113/113/113
f 117/117/117 116/116/116 115/115/115
f 118/118/118 117/117/117 115/115/115
f 117/117/117 118/118/118 119/119/119
f 118/118/118 120/120/120 119/119/119
f 120/120/120 121/121/121 119/119/119
f 121/121/121 122/122/122 119/119/119
f 122/122/122 121/121/121 123/123/123
f 121/121/121 124/124/124 123/123/123
f 124/124/124 125/125/125 123/123/123
f 125/125/125 126/126/126 123/123/123
f 126/126/126 125/125/125 127/127/127
f 128/128/128 126/126/126 127/127/127
f 131/131/131 130/130/130 129/129/129
f 129/129/129 132/132/132 131/131/131
f 135/135/135 134/134/134 133/133/133
f 134/134/134 136/136/136 133/133/133
f 134/134/134 137/137/137 136/136/136
f 137/137/137 138/138/138 136/136/136
f 138/138/138 139/139/139 136/136/136
f 136/136/136 140/140/140 133/133/133
f 139/139/139 140/140/140 136/136/136
f 139/139/139 141/141/141 140/140/140
f 140/140/140 142/142/142 133/133/133
f 141/141/141 143/143/143 140/140/140
f 140/140/140 143/143/143 142/142/142
f 143/143/143 144/144/144 142/142/142
f 147/147/147 146/146/146 145/145/145
f 148/148/148 147/147/147 145/145/145
f 145/145/145 149/149/149 148/148/148
f 150/150/150 149/149/149 145/145/145
f 151/151/151 150/150/150 145/145/145
f 152/152/152 150/150/150 151/151/151
f 153/153/153 152/152/152 151/151/151
f 154/154/154 152/152/152 153/153/153
f 155/155/155 154/154/154 153/153/153
f 156/156/156 154/154/154 155/155/155
f 157/157/157 156/156/156 155/155/155
f 158/158/158 156/156/156 157/157/157
f 148/148/148 158/158/158 157/157/157
f 149/149/149 158/158/158 148/148/148
f 158/158/158 149/149/149 159/159/159
f 160/160/160 158/158/158 159/159/159
f 163/163/163 162/162/162 161/161/161
f 162/162/162 164/164/164 161/161/161
f 162/162/162 165/165/165 164/164/164
f 165/165/165 166/166/166 164/164/164
f 169/169/169 168/168/168 167/167/167
f 168/168/168 170/170/170 167/167/167
f 167/167/167 170/170/170 171/171/171
f 170/170/170 172/172/172 171/171/171
f 170/170/170 173/173/173 172/172/172
f 173/173/173 174/174/174 172/172/172
f 177/177/177 176/176/176 175/175/175
f 176/176/176 178/178/178 175/175/175
f 175/175/175 178/178/178 179/179/179
f 178/178/178 180/180/180 179/179/179
f 178/178/178 181/181/181 180/180/180
f 181/181/181 182/182/182 180/180/180
f 185/185/185 184/184/184 183/183/183
f 184/184/184 186/186/186 183/183/183
f 183/183/183 186/186/186 187/187/187
f 186/186/186 188/188/188 187/187/187
f 187/187/187 188/188/188 189/189/189
f 188/188/188 190/190/190 189/189/189
f 189/189/189 190/190/190 191/191/191
f 190/190/190 192/192/192 191/191/191
f 191/191/191 192/192/192 193/193/193
f 192/192/192 194/194/194 193/193/193
f 197/197/197 196/196/196 195/195/195
f 196/196/196 198/198/198 195/195/195
f 196/196/196 199/199/199 198/198/198
f 199/199/199 200/200/200 198/198/198
f 198/198/198 200/200/200 201/201/201
f 200/200/200 202/202/202 201/201/201
f 205/205/205 204/204/204 203/203/203
f 206/206/206 205/205/205 203/203/203
f 207/207/207 206/206/206 203/203/203
f 208/208/208 207/207/207 203/203/203
f 211/211/211 210/210/210 209/209/209
f 210/210/210 212/212/212 209/209/209
f 212/212/212 210/210/210 213/213/213
f 214/214/214 212/212/212 213/213/213
f 214/214/214 213/213/213 215/215/215
f 216/216/216 214/214/214 215/215/215
f 216/216/216 215/215/215 217/217/217
f 218/218/218 216/216/216 217/217/217
f 218/218/218 217/217/217 219/219/219
f 220/220/220 218/218/218 219/219/219
f 223/223/223 222/222/222 221/221/221
f 224/224/224 223/223/223 221/221/221
f 224/224/224 225/225/225 223/223/223
f 225/225/225 226/226/226 223/223/223
f 225/225/225 224/224/224 227/227/227
f 224/224/224 228/228/228 227/227/227
f 229/229/229 225/225/225 227/227/227
f 229/229/229 230/230/230 225/225/225
f 230/230/230 226/226/226 225/225/225
f 230/230/230 231/231/231 226/226/226
f 234/234/234 233/233/233 232/232/232
f 235/235/235 234/234/234 232/232/232
f 235/235/235 232/232/232 236/236/236
f 232/232/232 237/237/237 236/236/236
f 236/236/236 237/237/237 238/238/238
f 239/239/239 236/236/236 238/238/238
f 237/237/237 240/240/240 238/238/238
f 241/241/241 239/239/239 238/238/238
f 240/240/240 242/242/242 238/238/238
f 243/243/243 241/241/241 238/238/238
f 242/242/242 244/244/244 238/238/238
f 238/238/238 245/245/245 243/243/243
f 244/244/244 246/246/246 238/238/238
f 246/246/246 245/245/245 238/238/238
f 249/249/249 248/248/248 247/247/247
f 248/248/248 250/250/250 247/247/247
f 248/248/248 251/251/251 250/250/250
f 251/251/251 252/252/252 250/250/250
f 250/250/250 252/252/252 253/253/253
f 252/252/252 254/254/254 253/253/253
f 251/251/251 255/255/255 252/252/252
f 254/254/254 252/252/252 256/256/256
f 255/255/255 257/257/257 252/252/252
f 252/252/252 257/257/257 256/256/256
f 255/255/255 258/258/258 257/257/257
f 258/258/258 259/259/259 257/257/257
f 259/259/259 260/260/260 257/257/257
f 260/260/260 261/261/261 257/257/257
f 256/256/256 257/257/257 261/261/261
f 262/262/262 256/256/256 261/261/261
f 265/265/265 264/264/264 263/263/263
f 266/266/266 265/265/265 263/263/263
f 269/269/269 268/268/268 267/267/267
f 268/268/268 270/270/270 267/267/267
f 268/268/268 271/271/271 270/270/270
f 271/271/271 272/272/272 270/270/270
f 271/271/271 273/273/273 272/272/272
f 273/273/273 274/274/274 272/272/272
f 273/273/273 275/275/275 274/274/274
f 275/275/275 276/276/276 274/274/274
f 279/279/279 278/278/278 277/277/277
f 278/278/278 280/280/280 277/277/277
f 278/278/278 281/281/281 280/280/280
f 281/281/281 282/282/282 280/280/280
f 281/281/281 283/283/283 282/282/282
f 283/283/283 284/284/284 282/282/282
f 283/283/283 285/285/285 284/284/284
f 285/285/285 286/286/286 284/284/284
f 289/289/289 288/288/288 287/287/287
f 288/288/288 290/290/290 287/287/287
f 287/287/287 290/290/290 291/291/291
f 288/288/288 292/292/292 290/290/290
f 290/290/290 293/293/293 291/291/291
f 292/292/292 294/294/294 290/290/290
f 290/290/290 294/294/294 293/293/293
f 292/292/292 295/295/295 294/294/294
f 294/294/294 296/296/296 293/293/293
f 295/295/295 297/297/297 294/294/294
f 294/294/294 297/297/297 296/296/296
f 295/295/295 298/298/298 297/297/297
f 297/297/297 299/299/299 296/296/296
f 298/298/298 300/300/300 297/297/297
f 297/297/297 300/300/300 299/299/299
f 300/300/300 301/301/301 299/299/299
f 304/304/304 303/303/303 302/302/302
f 303/303/303 305/305/305 302/302/302
f 303/303/303 306/306/306 305/305/305
f 306/306/306 307/307/307 305/305/305
f 306/306/306 308/308/308 307/307/307
f 308/308/308 309/309/309 307/307/307
f 312/312/312 311/311/311 310/310/310
f 311/311/311 313/313/313 310/310/310
f 310/310/310 313/313/313 314/314/314
f 313/313/313 315/315/315 314/314/314
f 314/314/314 315/315/315 316/316/316
f 315/315/315 317/317/317 316/316/316
f 316/316/316 317/317/317 318/318/318
f 317/317/317 319/319/319 318/318/318
f 318/318/318 319/319/319 320/320/320
f 319/319/319 321/321/321 320/320/320
f 324/324/324 323/323/323 322/322/322
f 323/323/323 325/325/325 322/322/322
f 322/322/322 325/325/325 326/326/326
f 323/323/323 327/327/327 325/325/325
f 325/325/325 328/328/328 326/326/326
f 327/327/327 329/329/329 325/325/325
f 325/325/325 329/329/329 328/328/328
f 327/327/327 330/330/330 329/329/329
f 329/329/329 331/331/331 328/328/328
f 330/330/330 332/332/332 329/329/329
f 329/329/329 332/332/332 331/331/331
f 332/332/332 333/333/333 331/331/331
f 336/336/336 335/335/335 334/334/334
f 335/335/335 337/337/337 334/334/334
f 334/334/334 337/337/337 338/338/338
f 335/335/335 339/339/339 337/337/337
f 337/337/337 340/340/340 338/338/338
f 339/339/339 341/341/341 337/337/337
f 337/337/337 341/341/341 340/340/340
f 339/339/339 342/342/342 341/341/341
f 341/341/341 343/343/343 340/340/340
f 342/342/342 344/344/344 341/341/341
f 341/341/341 344/344/344 343/343/343
f 344/344/344 345/345/345 343/343/343
f 348/348/348 347/347/347 346/346/346
f 346/346/346 349/349/349 348/348/348
f 346/346/346 350/350/350 349/349/349
f 346/346/346 351/351/351 350/350/350
f 351/351/351 352/352/352 350/350/350
f 351/351/351 353/353/353 352/352/352
f 351/351/351 354/354/354 353/353/353
f 354/354/354 355/355/355 353/353/353
f 358/358/358 357/357/357 356/356/356
f 359/359/359 358/358/358 356/356/356
f 356/356/356 360/360/360 359/359/359
f 360/360/360 361/361/361 359/359/359
f 361/361/361 362/362/362 359/359/359
f 361/361/361 363/363/363 362/362/362
f 363/363/363 364/364/364 362/362/362
f 367/367/367 366/366/366 365/365/365
f 368/368/368 367/367/367 365/365/365
f 369/369/369 367/367/367 368/368/368
f 370/370/370 369/369/369 368/368/368
f 368/368/368 371/371/371 370/370/370
f 371/371/371 372/372/372 370/370/370
f 371/371/371 373/373/373 372/372/372
f 373/373/373 374/374/374 372/372/372
f 375/375/375 373/373/373 371/371/371
f 376/376/376 375/375/375 371/371/371
f 379/379/379 378/378/378 377/377/377
f 380/380/380 379/379/379 377/377/377
f 381/381/381 380/380/380 377/377/377
f 377/377/377 382/382/382 381/381/381
f 382/382/382 383/383/383 381/381/381
f 382/382/382 384/384/384 383/383/383
f 384/384/384 385/385/385 383/383/383
f 388/388/388 387/387/387 386/386/386
f 387/387/387 389/389/389 386/386/386
f 386/386/386 389/389/389 390/390/390
f 389/389/389 387/387/387 391/391/391
f 389/389/389 392/392/392 390/390/390
f 389/389/389 391/391/391 393/393/393
f 392/392/392 389/389/389 393/393/393
f 393/393/393 394/394/394 392/392/392
f 397/397/397 396/396/396 395/395/395
f 398/398/398 397/397/397 395/395/395
f 395/395/395 399/399/399 398/398/398
f 399/399/399 400/400/400 398/398/398
f 398/398/398 400/400/400 401/401/401
f 399/399/399 402/402/402 400/400/400
f 400/400/400 403/403/403 401/401/401
f 402/402/402 404/404/404 400/400/400
f 400/400/400 404/404/404 403/403/403
f 402/402/402 405/405/405 404/404/404
f 404/404/404 406/406/406 403/403/403
f 405/405/405 407/407/407 404/404/404
f 404/404/404 407/407/407 406/406/406
f 405/405/405 408/408/408 407/407/407
f 407/407/407 409/409/409 406/406/406
f 408/408/408 410/410/410 407/407/407
f 407/407/407 410/410/410 409/409/409
f 410/410/410 411/411/411 409/409/409
f 414/414/414 413/413/413 412/412/412
f 413/413/413 415/415/415 412/412/412
f 412/412/412 415/415/415 416/416/416
f 415/415/415 417/417/417 416/416/416
f 416/416/416 417/417/417 418/418/418
f 419/419/419 417/417/417 415/415/415
f 417/417/417 419/419/419 418/418/418
f 419/419/419 415/415/415 413/413/413
f 418/418/418 419/419/419 420/420/420
f 421/421/421 419/419/419 413/413/413
f 419/419/419 421/421/421 420/420/420
f 413/413/413 422/422/422 421/421/421
f 420/420/420 421/421/421 423/423/423
f 421/421/421 422/422/422 423/423/423
f 426/426/426 425/425/425 424/424/424
f 427/427/427 426/426/426 424/424/424
f 430/430/430 429/429/429 428/428/428
f 431/431/431 430/430/430 428/428/428
f 434/434/434 433/433/433 432/432/432
f 435/435/435 434/434/434 432/432/432
f 438/438/438 437/437/437 436/436/436
f 439/439/439 438/438/438 436/436/436
f 442/442/442 441/441/441 440/440/440
f 443/443/443 442/442/442 440/440/440
f 446/446/446 445/445/445 444/444/444
f 447/447/447 446/446/446 444/444/444
f 447/447/447 444/444/444 448/448/448
f 449/449/449 447/447/447 448/448/448
f 452/452/452 451/451/451 450/450/450
f 451/451/451 453/453/453 450/450/450
f 451/451/451 454/454/454 453/453/453
f 454/454/454 455/455/455 453/453/453
f 458/458/458 457/457/457 456/456/456
f 457/457/457 459/459/459 456/456/456
f 457/457/457 460/460/460 459/459/459
f 460/460/460 461/461/461 459/459/459
f 464/464/464 463/463/463 462/462/462
f 463/463/463 465/465/465 462/462/462
f 463/463/463 466/466/466 465/465/465
f 466/466/466 467/467/467 465/465/465
f 470/470/470 469/469/469 468/468/468
f 469/469/469 471/471/471 468/468/468
f 468/468/468 471/471/471 472/472/472
f 471/471/471 473/473/473 472/472/472
f 476/476/476 475/475/475 474/474/474
f 475/475/475 477/477/477 474/474/474
f 474/474/474 477/477/477 478/478/478
f 477/477/477 479/479/479 478/478/478
f 482/482/482 481/481/481 480/480/480
f 483/483/483 482/482/482 480/480/480
f 484/484/484 482/482/482 483/483/483
f 485/485/485 484/484/484 483/483/483
f 488/488/488 487/487/487 486/486/486
f 489/489/489 488/488/488 486/486/486
f 490/490/490 488/488/488 489/489/489
f 491/491/491 490/490/490 489/489/489
f 494/494/494 493/493/493 492/492/492
f 495/495/495 494/494/494 492/492/492
f 496/496/496 494/494/494 495/495/495
f 497/497/497 496/496/496 495/495/495
f 500/500/500 499/499/499 498/498/498
f 498/498/498 501/501/501 500/500/500
f 501/501/501 502/502/502 500/500/500
f 501/501/501 503/503/503 502/502/502
f 503/503/503 504/504/504 502/502/502
f 503/503/503 505/505/505 504/504/504
f 508/508/508 507/507/507 506/506/506
f 509/509/509 508/508/508 506/506/506
f 510/510/510 508/508/508 509/509/509
f 511/511/511 510/510/510 509/509/509
f 514/514/514 513/513/513 512/512/512
f 515/515/515 514/514/514 512/512/512
f 516/516/516 514/514/514 515/515/515
f 517/517/517 516/516/516 515/515/515
f 520/520/520 519/519/519 518/518/518
f 521/521/521 520/520/520 518/518/518
f 522/522/522 520/520/520 521/521/521
f 523/523/523 522/522/522 521/521/521
f 526/526/526 525/525/525 524/524/524
f 527/527/527 526/526/526 524/524/524
f 530/530/530 529/529/529 528/528/528
f 529/529/529 531/531/531 528/528/528
f 529/529/529 532/532/532 531/531/531
f 532/532/532 533/533/533 531/531/531
f 536/536/536 535/535/535 534/534/534
f 537/537/537 536/536/536 534/534/534
f 540/540/540 539/539/539 538/538/538
f 541/541/541 540/540/540 538/538/538
f 544/544/544 543/543/543 542/542/542
f 543/543/543 545/545/545 542/542/542
f 542/542/542 545/545/545 546/546/546
f 545/545/545 547/547/547 546/546/546
f 546/546/546 547/547/547 548/548/548
f 547/547/547 549/549/549 548/548/548
f 548/548/548 549/549/549 550/550/550
f 549/549/549 551/551/551 550/550/550
f 554/554/554 553/553/553 552/552/552
f 553/553/553 555/555/555 552/552/552
f 552/552/552 555/555/555 556/556/556
f 555/555/555 557/557/557 556/556/556
f 560/560/560 559/559/559 558/558/558
f 561/561/561 560/560/560 558/558/558
f 564/564/564 563/563/563 562/562/562
f 563/563/563 565/565/565 562/562/562
f 562/562/562 565/565/565 566/566/566
f 565/565/565 567/567/567 566/566/566
f 566/566/566 567/567/567 568/568/568
f 567/567/567 569/569/569 568/568/568
f 568/568/568 569/569/569 570/570/570
f 569/569/569 571/571/571 570/570/570
f 574/574/574 573/573/573 572/572/572
f 572/572/572 575/575/575 574/574/574
f 575/575/575 576/576/576 574/574/574
f 579/579/579 578/578/578 577/577/577
f 580/580/580 579/579/579 577/577/577
f 581/581/581 579/579/579 580/580/580
f 582/582/582 581/581/581 580/580/580
f 585/585/585 584/584/584 583/583/583
f 586/586/586 585/585/585 583/583/583
f 589/589/589 588/588/588 587/587/587
f 590/590/590 589/589/589 587/587/587
f 593/593/593 592/592/592 591/591/591
f 594/594/594 593/593/593 591/591/591
f 597/597/597 596/596/596 595/595/595
f 598/598/598 597/597/597 595/595/595
f 601/601/601 600/600/600 599/599/599
f 602/602/602 601/601/601 599/599/599
f 603/603/603 601/601/601 602/602/602
f 604/604/604 603/603/603 602/602/602
f 605/605/605 603/603/603 604/604/604
f 606/606/606 605/605/605 604/604/604
f 609/609/609 608/608/608 607/607/607
f 610/610/610 609/609/609 607/607/607
f 613/613/613 612/612/612 611/611/611
f 614/614/614 613/613/613 611/611/611
f 617/617/617 616/616/616 615/615/615
f 618/618/618 617/617/617 615/615/615
f 621/621/621 620/620/620 619/619/619
f 622/622/622 621/621/621 619/619/619
f 625/625/625 624/624/624 623/623/623
f 626/626/626 625/625/625 623/623/623
f 629/629/629 628/628/628 627/627/627
f 630/630/630 629/629/629 627/627/627
f 633/633/633 632/632/632 631/631/631
f 634/634/634 633/633/633 631/631/631
f 634/634/634 631/631/631 635/635/635
f 636/636/636 634/634/634 635/635/635
f 639/639/639 638/638/638 637/637/637
f 640/640/640 639/639/639 637/637/637
f 640/640/640 637/637/637 641/641/641
f 642/642/642 640/640/640 641/641/641
f 645/645/645 644/644/644 643/643/643
f 646/646/646 645/645/645 643/643/643
f 646/646/646 643/643/643 647/647/647
f 648/648/648 646/646/646 647/647/647
f 649/649/649 645/645/645 646/646/646
f 650/650/650 646/646/646 648/648/648
f 650/650/650 649/649/649 646/646/646
f 651/651/651 650/650/650 648/648/648
f 651/651/651 652/652/652 650/650/650
f 651/651/651 653/653/653 652/652/652
f 652/652/652 654/654/654 650/650/650
f 650/650/650 654/654/654 649/649/649
f 653/653/653 655/655/655 652/652/652
f 653/653/653 656/656/656 655/655/655
f 656/656/656 657/657/657 655/655/655
f 654/654/654 658/658/658 649/649/649
f 658/658/658 659/659/659 649/649/649
f 659/659/659 660/660/660 649/649/649
f 663/663/663 662/662/662 661/661/661
f 664/664/664 663/663/663 661/661/661
f 664/664/664 661/661/661 665/665/665
f 666/666/666 664/664/664 665/665/665
f 665/665/665 667/667/667 666/666/666
f 667/667/667 668/668/668 666/666/666
f 667/667/667 669/669/669 668/668/668
f 669/669/669 670/670/670 668/668/668
f 669/669/669 671/671/671 670/670/670
f 671/671/671 672/672/672 670/670/670
f 671/671/671 673/673/673 672/672/672
f 673/673/673 674/674/674 672/672/672
f 677/677/677 676/676/676 675/675/675
f 678/678/678 677/677/677 675/675/675
f 677/677/677 678/678/678 679/679/679
f 680/680/680 677/677/677 679/679/679
f 683/683/683 682/682/682 681/681/681
f 684/684/684 683/683/683 681/681/681
f 684/684/684 681/681/681 685/685/685
f 686/686/686 684/684/684 685/685/685
f 689/689/689 688/688/688 687/687/687
f 688/688/688 690/690/690 687/687/687
f 690/690/690 688/688/688 691/691/691
f 688/688/688 692/692/692 691/691/691
f 691/691/691 692/692/692 693/693/693
f 694/694/694 691/691/691 693/693/693
f 697/697/697 696/696/696 695/695/695
f 698/698/698 697/697/697 695/695/695
f 699/699/699 698/698/698 695/695/695
f 700/700/700 699/699/699 695/695/695
f 701/701/701 699/699/699 700/700/700
f 702/702/702 700/700/700 695/695/695
f 703/703/703 702/702/702 695/695/695
f 704/704/704 702/702/702 703/703/703
f 705/705/705 704/704/704 703/703/703
f 704/704/704 706/706/706 702/702/702
f 706/706/706 707/707/707 702/702/702
f 702/702/702 707/707/707 700/700/700
f 707/707/707 708/708/708 700/700/700
f 708/708/708 701/701/701 700/700/700
f 708/708/708 709/709/709 701/701/701
f 709/709/709 710/710/710 701/701/701
f 713/713/713 712/712/712 711/711/711
f 714/714/714 713/713/713 711/711/711
f 717/717/717 716/716/716 715/715/715
f 716/716/716 718/718/718 715/715/715
f 715/715/715 718/718/718 719/719/719
f 718/718/718 720/720/720 719/719/719
f 723/723/723 722/722/722 721/721/721
f 724/724/724 723/723/723 721/721/721
f 727/727/727 726/726/726 725/725/725
f 728/728/728 727/727/727 725/725/725
f 731/731/731 730/730/730 729/729/729
f 732/732/732 731/731/731 729/729/729
f 735/735/735 734/734/734 733/733/733
f 736/736/736 735/735/735 733/733/733
f 739/739/739 738/738/738 737/737/737
f 737/737/737 738/738/738 740/740/740
f 743/743/743 742/742/742 741/741/741
f 742/742/742 744/744/744 741/741/741
f 741/741/741 744/744/744 745/745/745
f 742/742/742 746/746/746 744/744/744
f 746/746/746 747/747/747 744/744/744
f 744/744/744 748/748/748 745/745/745
f 744/744/744 749/749/749 748/748/748
f 744/744/744 750/750/750 749/749/749
f 753/753/753 752/752/752 751/751/751
f 752/752/752 754/754/754 751/751/751
f 752/752/752 755/755/755 754/754/754
f 755/755/755 756/756/756 754/754/754
f 759/759/759 758/758/758 757/757/757
f 758/758/758 760/760/760 757/757/757
f 757/757/757 760/760/760 761/761/761
f 760/760/760 762/762/762 761/761/761
f 760/760/760 763/763/763 762/762/762
f 763/763/763 764/764/764 762/762/762
f 765/765/765 763/763/763 760/760/760
f 766/766/766 765/765/765 760/760/760
f 769/769/769 768/768/768 767/767/767
f 770/770/770 769/769/769 767/767/767
f 773/773/773 772/772/772 771/771/771
f 774/774/774 773/773/773 771/771/771
f 775/775/775 773/773/773 774/774/774
f 776/776/776 775/775/775 774/774/774
f 779/779/779 778/778/778 777/777/777
f 778/778/778 780/780/780 777/777/777
f 777/777/777 780/780/780 781/781/781
f 780/780/780 782/782/782 781/781/781
f 781/781/781 782/782/782 783/783/783
f 782/782/782 784/784/784 783/783/783
f 787/787/787 786/786/786 785/785/785
f 786/786/786 788/788/788 785/785/785
f 788/788/788 786/786/786 789/789/789
f 790/790/790 788/788/788 789/789/789
f 790/790/790 789/789/789 791/791/791
f 789/789/789 792/792/792 791/791/791
f 792/792/792 793/793/793 791/791/791
f 793/793/793 794/794/794 791/791/791
f 797/797/797 796/796/796 795/795/795
f 796/796/796 798/798/798 795/795/795
f 795/795/795 798/798/798 799/799/799
f 798/798/798 800/800/800 799/799/799
f 799/799/799 800/800/800 801/801/801
f 800/800/800 802/802/802 801/801/801
f 805/805/805 804/804/804 803/803/803
f 806/806/806 805/805/805 803/803/803
f 807/807/807 805/805/805 806/806/806
f 808/808/808 807/807/807 806/806/806
f 811/811/811 810/810/810 809/809/809
f 812/812/812 811/811/811 809/809/809
f 813/813/813 811/811/811 812/812/812
f 814/814/814 812/812/812 809/809/809
f 815/815/815 814/814/814 809/809/809
f 809/809/809 816/816/816 815/815/815
f 817/817/817 813/813/813 812/812/812
f 818/818/818 817/817/817 812/812/812
f 814/814/814 818/818/818 812/812/812
f 817/817/817 819/819/819 813/813/813
f 819/819/819 817/817/817 818/818/818
f 819/819/819 820/820/820 813/813/813
f 820/820/820 819/819/819 821/821/821
f 822/822/822 820/820/820 821/821/821
f 821/821/821 819/819/819 823/823/823
f 819/819/819 824/824/824 823/823/823
f 824/824/824 819/819/819 818/818/818
f 823/823/823 824/824/824 825/825/825
f 826/826/826 823/823/823 825/825/825
f 825/825/825 824/824/824 827/827/827
f 824/824/824 818/818/818 827/827/827
f 827/827/827 818/818/818 828/828/828
f 818/818/818 814/814/814 828/828/828
f 828/828/828 814/814/814 829/829/829
f 814/814/814 815/815/815 829/829/829
f 829/829/829 815/815/815 830/830/830
f 815/815/815 831/831/831 830/830/830
f 830/830/830 831/831/831 832/832/832
f 816/816/816 831/831/831 815/815/815
f 831/831/831 833/833/833 832/832/832
f 831/831/831 816/816/816 833/833/833
f 816/816/816 834/834/834 833/833/833
f 837/837/837 836/836/836 835/835/835
f 836/836/836 838/838/838 835/835/835
f 835/835/835 838/838/838 839/839/839
f 838/838/838 840/840/840 839/839/839
f 838/838/838 836/836/836 841/841/841
f 836/836/836 842/842/842 841/841/841
f 836/836/836 843/843/843 842/842/842
f 842/842/842 844/844/844 841/841/841
f 844/844/844 845/845/845 841/841/841
f 843/843/843 846/846/846 842/842/842
f 847/847/847 846/846/846 843/843/843
f 848/848/848 847/847/847 843/843/843
f 848/848/848 849/849/849 847/847/847
f 849/849/849 850/850/850 847/847/847
f 850/850/850 849/849/849 851/851/851
f 852/852/852 850/850/850 851/851/851
f 855/855/855 854/854/854 853/853/853
f 856/856/856 855/855/855 853/853/853
f 857/857/857 855/855/855 856/856/856
f 858/858/858 857/857/857 856/856/856
f 858/858/858 856/856/856 859/859/859
f 860/860/860 858/858/858 859/859/859
f 863/863/863 862/862/862 861/861/861
f 864/864/864 863/863/863 861/861/861
f 867/867/867 866/866/866 865/865/865
f 868/868/868 867/867/867 865/865/865
f 871/871/871 870/870/870 869/869/869
f 872/872/872 871/871/871 869/869/869
f 875/875/875 874/874/874 873/873/873
f 874/874/874 876/876/876 873/873/873
f 873/873/873 876/876/876 877/877/877
f 876/876/876 878/878/878 877/877/877
f 878/878/878 876/876/876 879/879/879
f 880/880/880 878/878/878 879/879/879
f 881/881/881 880/880/880 879/879/879
f 882/882/882 881/881/881 879/879/879
f 879/879/879 883/883/883 882/882/882
f 881/881/881 882/882/882 884/884/884
f 882/882/882 885/885/885 884/884/884
f 883/883/883 886/886/886 882/882/882
f 882/882/882 886/886/886 887/887/887
f 888/888/888 882/882/882 887/887/887
f 891/891/891 890/890/890 889/889/889
f 892/892/892 891/891/891 889/889/889
f 895/895/895 894/894/894 893/893/893
f 896/896/896 895/895/895 893/893/893
f 899/899/899 898/898/898 897/897/897
f 898/898/898 900/900/900 897/897/897
f 900/900/900 898/898/898 901/901/901
f 902/902/902 900/900/900 901/901/901
f 902/902/902 901/901/901 903/903/903
f 901/901/901 904/904/904 903/903/903
f 903/903/903 904/904/904 905/905/905
f 906/906/906 903/903/903 905/905/905
f 903/903/903 907/907/907 902/902/902
f 907/907/907 903/903/903 906/906/906
f 908/908/908 907/907/907 906/906/906
f 907/907/907 908/908/908 909/909/909
f 910/910/910 907/907/907 909/909/909
f 907/907/907 911/911/911 902/902/902
f 911/911/911 907/907/907 910/910/910
f 912/912/912 911/911/911 910/910/910
f 913/913/913 911/911/911 912/912/912
f 914/914/914 913/913/913 912/912/912
f 917/917/917 916/916/916 915/915/915
f 916/916/916 918/918/918 915/915/915
f 915/915/915 918/918/918 919/919/919
f 918/918/918 920/920/920 919/919/919
f 919/919/919 920/920/920 921/921/921
f 922/922/922 919/919/919 921/921/921
f 925/925/925 924/924/924 923/923/923
f 924/924/924 926/926/926 923/923/923
f 926/926/926 924/924/924 927/927/927
f 928/928/928 926/926/926 927/927/927
f 929/929/929 928/928/928 927/927/927
f 930/930/930 929/929/929 927/927/927
f 929/929/929 930/930/930 931/931/931
f 932/932/932 929/929/929 931/931/931
f 933/933/933 932/932/932 931/931/931
f 934/934/934 933/933/933 931/931/931
f 933/933/933 934/934/934 935/935/935
f 934/934/934 936/936/936 935/935/935
f 939/939/939 938/938/938 937/937/937
f 940/940/940 937/937/937 938/938/938
f 943/943/943 942/942/942 941/941/941
f 944/944/944 943/943/943 941/941/941
f 945/945/945 943/943/943 944/944/944
f 946/946/946 945/945/945 944/944/944
f 947/947/947 946/946/946 944/944/944
f 948/948/948 944/944/944 941/941/941
f 948/948/948 947/947/947 944/944/944
f 949/949/949 947/947/947 948/948/948
f 950/950/950 948/948/948 941/941/941
f 951/951/951 949/949/949 948/948/948
f 951/951/951 948/948/948 950/950/950
f 952/952/952 951/951/951 950/950/950
f 955/955/955 954/954/954 953/953/953
f 954/954/954 956/956/956 953/953/953
f 957/957/957 953/953/953 956/956/956
f 957/957/957 958/958/958 953/953/953
f 958/958/958 959/959/959 953/953/953
f 958/958/958 960/960/960 959/959/959
f 960/960/960 961/961/961 959/959/959
f 960/960/960 962/962/962 961/961/961
f 962/962/962 963/963/963 961/961/961
f 962/962/962 964/964/964 963/963/963
f 964/964/964 965/965/965 963/963/963
f 964/964/964 966/966/966 965/965/965
f 966/966/966 956/956/956 965/965/965
f 966/966/966 957/957/957 956/956/956
f 957/957/957 966/966/966 967/967/967
f 966/966/966 968/968/968 967/967/967
f 971/971/971 970/970/970 969/969/969
f 972/972/972 971/971/971 969/969/969
f 973/973/973 971/971/971 972/972/972
f 974/974/974 973/973/973 972/972/972
f 977/977/977 976/976/976 975/975/975
f 978/978/978 977/977/977 975/975/975
f 978/978/978 975/975/975 979/979/979
f 980/980/980 978/978/978 979/979/979
f 981/981/981 978/978/978 980/980/980
f 982/982/982 981/981/981 980/980/980
f 985/985/985 984/984/984 983/983/983
f 986/986/986 985/985/985 983/983/983
f 986/986/986 983/983/983 987/987/987
f 988/988/988 986/986/986 987/987/987
f 989/989/989 986/986/986 988/988/988
f 990/990/990 989/989/989 988/988/988
f 993/993/993 992/992/992 991/991/991
f 994/994/994 993/993/993 991/991/991
f 994/994/994 991/991/991 995/995/995
f 996/996/996 994/994/994 995/995/995
f 996/996/996 995/995/995 997/997/997
f 998/998/998 996/996/996 997/997/997
f 998/998/998 997/997/997 999/999/999
f 1000/1000/1000 998/998/998 999/999/999
f 1000/1000/1000 999/999/999 1001/1001/1001
f 1002/1002/1002 1000/1000/1000 1001/1001/1001
f 1005/1005/1005 1004/1004/1004 1003/1003/1003
f 1006/1006/1006 1005/1005/1005 1003/1003/1003
f 1007/1007/1007 1005/1005/1005 1006/1006/1006
f 1008/1008/1008 1007/1007/1007 1006/1006/1006
f 1008/1008/1008 1006/1006/1006 1009/1009/1009
f 1010/1010/1010 1008/1008/1008 1009/1009/1009
f 1013/1013/1013 1012/1012/1012 1011/1011/1011
f 1012/1012/1012 1014/1014/1014 1011/1011/1011
f 1014/1014/1014 1015/1015/1015 1011/1011/1011
f 1015/1015/1015 1016/1016/1016 1011/1011/1011
f 1019/1019/1019 1018/1018/1018 1017/1017/1017
f 1020/1020/1020 1019/1019/1019 1017/1017/1017
f 1019/1019/1019 1020/1020/1020 1021/1021/1021
f 1020/1020/1020 1022/1022/1022 1021/1021/1021
f 1021/1021/1021 1022/1022/1022 1023/1023/1023
f 1022/1022/1022 1024/1024/1024 1023/1023/1023
f 1023/1023/1023 1024/1024/1024 1025/1025/1025
f 1024/1024/1024 1026/1026/1026 1025/1025/1025
f 1025/1025/1025 1026/1026/1026 1027/1027/1027
f 1026/1026/1026 1028/1028/1028 1027/1027/1027
f 1031/1031/1031 1030/1030/1030 1029/1029/1029
f 1030/1030/1030 1032/1032/1032 1029/1029/1029
f 1033/1033/1033 1032/1032/1032 1030/1030/1030
f 1034/1034/1034 1033/1033/1033 1030/1030/1030
f 1032/1032/1032 1033/1033/1033 1035/1035/1035
f 1036/1036/1036 1032/1032/1032 1035/1035/1035
f 1033/1033/1033 1037/1037/1037 1035/1035/1035
f 1038/1038/1038 1037/1037/1037 1033/1033/1033
f 1034/1034/1034 1038/1038/1038 1033/1033/1033
f 1039/1039/1039 1038/1038/1038 1034/1034/1034
f 1042/1042/1042 1041/1041/1041 1040/1040/1040
f 1041/1041/1041 1043/1043/1043 1040/1040/1040
f 1040/1040/1040 1043/1043/1043 1044/1044/1044
f 1045/1045/1045 1040/1040/1040 1044/1044/1044
f 1045/1045/1045 1044/1044/1044 1046/1046/1046
f 1044/1044/1044 1047/1047/1047 1046/1046/1046
f 1048/1048/1048 1045/1045/1045 1046/1046/1046
f 1047/1047/1047 1049/1049/1049 1046/1046/1046
f 1050/1050/1050 1048/1048/1048 1046/1046/1046
f 1049/1049/1049 1051/1051/1051 1046/1046/1046
f 1052/1052/1052 1050/1050/1050 1046/1046/1046
f 1053/1053/1053 1046/1046/1046 1051/1051/1051
f 1054/1054/1054 1052/1052/1052 1046/1046/1046
f 1053/1053/1053 1054/1054/1054 1046/1046/1046
f 1057/1057/1057 1056/1056/1056 1055/1055/1055
f 1058/1058/1058 1057/1057/1057 1055/1055/1055
f 1059/1059/1059 1057/1057/1057 1058/1058/1058
f 1060/1060/1060 1059/1059/1059 1058/1058/1058
f 1060/1060/1060 1058/1058/1058 1061/1061/1061
f 1062/1062/1062 1060/1060/1060 1061/1061/1061
f 1063/1063/1063 1059/1059/1059 1060/1060/1060
f 1060/1060/1060 1062/1062/1062 1064/1064/1064
f 1065/1065/1065 1063/1063/1063 1060/1060/1060
f 1065/1065/1065 1060/1060/1060 1064/1064/1064
f 1066/1066/1066 1063/1063/1063 1065/1065/1065
f 1067/1067/1067 1066/1066/1066 1065/1065/1065
f 1068/1068/1068 1067/1067/1067 1065/1065/1065
f 1069/1069/1069 1068/1068/1068 1065/1065/1065
f 1065/1065/1065 1064/1064/1064 1069/1069/1069
f 1064/1064/1064 1070/1070/1070 1069/1069/1069
f 1073/1073/1073 1072/1072/1072 1071/1071/1071
f 1074/1074/1074 1073/1073/1073 1071/1071/1071
f 1077/1077/1077 1076/1076/1076 1075/1075/1075
f 1078/1078/1078 1077/1077/1077 1075/1075/1075
f 1079/1079/1079 1077/1077/1077 1078/1078/1078
f 1080/1080/1080 1079/1079/1079 1078/1078/1078
f 1081/1081/1081 1079/1079/1079 1080/1080/1080
f 1082/1082/1082 1081/1081/1081 1080/1080/1080
f 1083/1083/1083 1081/1081/1081 1082/1082/1082
f 1084/1084/1084 1083/1083/1083 1082/1082/1082
f 1087/1087/1087 1086/1086/1086 1085/1085/1085
f 1088/1088/1088 1087/1087/1087 1085/1085/1085
f 1089/1089/1089 1087/1087/1087 1088/1088/1088
f 1090/1090/1090 1089/1089/1089 1088/1088/1088
f 1091/1091/1091 1089/1089/1089 1090/1090/1090
f 1092/1092/1092 1091/1091/1091 1090/1090/1090
f 1093/1093/1093 1091/1091/1091 1092/1092/1092
f 1094/1094/1094 1093/1093/1093 1092/1092/1092
f 1097/1097/1097 1096/1096/1096 1095/1095/1095
f 1098/1098/1098 1097/1097/1097 1095/1095/1095
f 1098/1098/1098 1095/1095/1095 1099/1099/1099
f 1100/1100/1100 1097/1097/1097 1098/1098/1098
f 1101/1101/1101 1098/1098/1098 1099/1099/1099
f 1102/1102/1102 1100/1100/1100 1098/1098/1098
f 1102/1102/1102 1098/1098/1098 1101/1101/1101
f 1103/1103/1103 1100/1100/1100 1102/1102/1102
f 1104/1104/1104 1102/1102/1102 1101/1101/1101
f 1105/1105/1105 1103/1103/1103 1102/1102/1102
f 1105/1105/1105 1102/1102/1102 1104/1104/1104
f 1106/1106/1106 1103/1103/1103 1105/1105/1105
f 1107/1107/1107 1105/1105/1105 1104/1104/1104
f 1108/1108/1108 1106/1106/1106 1105/1105/1105
f 1108/1108/1108 1105/1105/1105 1107/1107/1107
f 1109/1109/1109 1108/1108/1108 1107/1107/1107
f 1112/1112/1112 1111/1111/1111 1110/1110/1110
f 1113/1113/1113 1112/1112/1112 1110/1110/1110
f 1114/1114/1114 1112/1112/1112 1113/1113/1113
f 1115/1115/1115 1114/1114/1114 1113/1113/1113
f 1116/1116/1116 1114/1114/1114 1115/1115/1115
f 1117/1117/1117 1116/1116/1116 1115/1115/1115
f 1120/1120/1120 1119/1119/1119 1118/1118/1118
f 1121/1121/1121 1120/1120/1120 1118/1118/1118
f 1121/1121/1121 1118/1118/1118 1122/1122/1122
f 1123/1123/1123 1121/1121/1121 1122/1122/1122
f 1123/1123/1123 1122/1122/1122 1124/1124/1124
f 1125/1125/1125 1123/1123/1123 1124/1124/1124
f 1125/1125/1125 1124/1124/1124 1126/1126/1126
f 1127/1127/1127 1125/1125/1125 1126/1126/1126
f 1127/1127/1127 1126/1126/1126 1128/1128/1128
f 1129/1129/1129 1127/1127/1127 1128/1128/1128
f 1132/1132/1132 1131/1131/1131 1130/1130/1130
f 1133/1133/1133 1132/1132/1132 1130/1130/1130
f 1133/1133/1133 1130/1130/1130 1134/1134/1134
f 1135/1135/1135 1132/1132/1132 1133/1133/1133
f 1136/1136/1136 1133/1133/1133 1134/1134/1134
f 1137/1137/1137 1135/1135/1135 1133/1133/1133
f 1137/1137/1137 1133/1133/1133 1136/1136/1136
f 1138/1138/1138 1135/1135/1135 1137/1137/1137
f 1139/1139/1139 1137/1137/1137 1136/1136/1136
f 1140/1140/1140 1138/1138/1138 1137/1137/1137
f 1140/1140/1140 1137/1137/1137 1139/1139/1139
f 1141/1141/1141 1140/1140/1140 1139/1139/1139
f 1144/1144/1144 1143/1143/1143 1142/1142/1142
f 1145/1145/1145 1144/1144/1144 1142/1142/1142
f 1145/1145/1145 1142/1142/1142 1146/1146/1146
f 1147/1147/1147 1144/1144/1144 1145/1145/1145
f 1148/1148/1148 1145/1145/1145 1146/1146/1146
f 1149/1149/1149 1147/1147/1147 1145/1145/1145
f 1149/1149/1149 1145/1145/1145 1148/1148/1148
f 1150/1150/1150 1147/1147/1147 1149/1149/1149
f 1151/1151/1151 1149/1149/1149 1148/1148/1148
f 1152/1152/1152 1150/1150/1150 1149/1149/1149
f 1152/1152/1152 1149/1149/1149 1151/1151/1151
f 1153/1153/1153 1152/1152/1152 1151/1151/1151
f 1156/1156/1156 1155/1155/1155 1154/1154/1154
f 1154/1154/1154 1157/1157/1157 1156/1156/1156
f 1157/1157/1157 1158/1158/1158 1156/1156/1156
f 1157/1157/1157 1159/1159/1159 1158/1158/1158
f 1159/1159/1159 1160/1160/1160 1158/1158/1158
f 1159/1159/1159 1161/1161/1161 1160/1160/1160
f 1161/1161/1161 1162/1162/1162 1160/1160/1160
f 1161/1161/1161 1163/1163/1163 1162/1162/1162
f 1166/1166/1166 1165/1165/1165 1164/1164/1164
f 1165/1165/1165 1167/1167/1167 1164/1164/1164
f 1168/1168/1168 1164/1164/1164 1167/1167/1167
f 1169/1169/1169 1168/1168/1168 1167/1167/1167
f 1170/1170/1170 1169/1169/1169 1167/1167/1167
f 1171/1171/1171 1169/1169/1169 1170/1170/1170
f 1172/1172/1172 1171/1171/1171 1170/1170/1170
f 1175/1175/1175 1174/1174/1174 1173/1173/1173
f 1174/1174/1174 1176/1176/1176 1173/1173/1173
f 1174/1174/1174 1177/1177/1177 1176/1176/1176
f 1177/1177/1177 1178/1178/1178 1176/1176/1176
f 1179/1179/1179 1176/1176/1176 1178/1178/1178
f 1180/1180/1180 1179/1179/1179 1178/1178/1178
f 1181/1181/1181 1179/1179/1179 1180/1180/1180
f 1182/1182/1182 1181/1181/1181 1180/1180/1180
f 1181/1181/1181 1183/1183/1183 1179/1179/1179
f 1183/1183/1183 1184/1184/1184 1179/1179/1179
f 1187/1187/1187 1186/1186/1186 1185/1185/1185
f 1186/1186/1186 1188/1188/1188 1185/1185/1185
f 1188/1188/1188 1189/1189/1189 1185/1185/1185
f 1190/1190/1190 1185/1185/1185 1189/1189/1189
f 1191/1191/1191 1190/1190/1190 1189/1189/1189
f 1192/1192/1192 1190/1190/1190 1191/1191/1191
f 1193/1193/1193 1192/1192/1192 1191/1191/1191
f 1196/1196/1196 1195/1195/1195 1194/1194/1194
f 1197/1197/1197 1196/1196/1196 1194/1194/1194
f 1197/1197/1197 1194/1194/1194 1198/1198/1198
f 1199/1199/1199 1196/1196/1196 1197/1197/1197
f 1200/1200/1200 1197/1197/1197 1198/1198/1198
f 1201/1201/1201 1199/1199/1199 1197/1197/1197
f 1201/1201/1201 1197/1197/1197 1200/1200/1200
f 1200/1200/1200 1202/1202/1202 1201/1201/1201
f 1205/1205/1205 1204/1204/1204 1203/1203/1203
f 1204/1204/1204 1206/1206/1206 1203/1203/1203
f 1207/1207/1207 1203/1203/1203 1206/1206/1206
f 1208/1208/1208 1207/1207/1207 1206/1206/1206
f 1208/1208/1208 1206/1206/1206 1209/1209/1209
f 1210/1210/1210 1207/1207/1207 1208/1208/1208
f 1211/1211/1211 1208/1208/1208 1209/1209/1209
f 1212/1212/1212 1210/1210/1210 1208/1208/1208
f 1212/1212/1212 1208/1208/1208 1211/1211/1211
f 1213/1213/1213 1210/1210/1210 1212/1212/1212
f 1214/1214/1214 1212/1212/1212 1211/1211/1211
f 1215/1215/1215 1213/1213/1213 1212/1212/1212
f 1215/1215/1215 1212/1212/1212 1214/1214/1214
f 1216/1216/1216 1213/1213/1213 1215/1215/1215
f 1217/1217/1217 1215/1215/1215 1214/1214/1214
f 1218/1218/1218 1216/1216/1216 1215/1215/1215
f 1218/1218/1218 1215/1215/1215 1217/1217/1217
f 1219/1219/1219 1218/1218/1218 1217/1217/1217
f 1222/1222/1222 1221/1221/1221 1220/1220/1220
f 1223/1223/1223 1222/1222/1222 1220/1220/1220
f 1223/1223/1223 1220/1220/1220 1224/1224/1224
f 1225/1225/1225 1222/1222/1222 1223/1223/1223
f 1225/1225/1225 1226/1226/1226 1222/1222/1222
f 1226/1226/1226 1225/1225/1225 1227/1227/1227
f 1225/1225/1225 1228/1228/1228 1227/1227/1227
f 1225/1225/1225 1229/1229/1229 1228/1228/1228
f 1229/1229/1229 1225/1225/1225 1223/1223/1223
f 1229/1229/1229 1230/1230/1230 1228/1228/1228
f 1231/1231/1231 1224/1224/1224 1230/1230/1230
f 1231/1231/1231 1223/1223/1223 1224/1224/1224
f 1229/1229/1229 1231/1231/1231 1230/1230/1230
f 1223/1223/1223 1231/1231/1231 1229/1229/1229
f 1234/1234/1234 1233/1233/1233 1232/1232/1232
f 1235/1235/1235 1234/1234/1234 1232/1232/1232
f 1238/1238/1238 1237/1237/1237 1236/1236/1236
f 1239/1239/1239 1238/1238/1238 1236/1236/1236
f 1242/1242/1242 1241/1241/1241 1240/1240/1240
f 1243/1243/1243 1242/1242/1242 1240/1240/1240
f 1246/1246/1246 1245/1245/1245 1244/1244/1244
f 1247/1247/1247 1246/1246/1246 1244/1244/1244
f 1250/1250/1250 1249/1249/1249 1248/1248/1248
f 1251/1251/1251 1250/1250/1250 1248/1248/1248
f 1254/1254/1254 1253/1253/1253 1252/1252/1252
f 1253/1253/1253 1255/1255/1255 1252/1252/1252
f 1252/1252/1252 1255/1255/1255 1256/1256/1256
f 1255/1255/1255 1257/1257/1257 1256/1256/1256
f 1260/1260/1260 1259/1259/1259 1258/1258/1258
f 1261/1261/1261 1260/1260/1260 1258/1258/1258
f 1262/1262/1262 1260/1260/1260 1261/1261/1261
f 1263/1263/1263 1262/1262/1262 1261/1261/1261
f 1266/1266/1266 1265/1265/1265 1264/1264/1264
f 1267/1267/1267 1266/1266/1266 1264/1264/1264
f 1268/1268/1268 1266/1266/1266 1267/1267/1267
f 1269/1269/1269 1268/1268/1268 1267/1267/1267
f 1272/1272/1272 1271/1271/1271 1270/1270/1270
f 1273/1273/1273 1272/1272/1272 1270/1270/1270
f 1274/1274/1274 1272/1272/1272 1273/1273/1273
f 1275/1275/1275 1274/1274/1274 1273/1273/1273
f 1278/1278/1278 1277/1277/1277 1276/1276/1276
f 1279/1279/1279 1278/1278/1278 1276/1276/1276
f 1279/1279/1279 1276/1276/1276 1280/1280/1280
f 1281/1281/1281 1279/1279/1279 1280/1280/1280
f 1284/1284/1284 1283/1283/1283 1282/1282/1282
f 1285/1285/1285 1284/1284/1284 1282/1282/1282
f 1285/1285/1285 1282/1282/1282 1286/1286/1286
f 1287/1287/1287 1285/1285/1285 1286/1286/1286
f 1290/1290/1290 1289/1289/1289 1288/1288/1288
f 1289/1289/1289 1291/1291/1291 1288/1288/1288
f 1289/1289/1289 1292/1292/1292 1291/1291/1291
f 1292/1292/1292 1293/1293/1293 1291/1291/1291
f 1296/1296/1296 1295/1295/1295 1294/1294/1294
f 1295/1295/1295 1297/1297/1297 1294/1294/1294
f 1295/1295/1295 1298/1298/1298 1297/1297/1297
f 1298/1298/1298 1299/1299/1299 1297/1297/1297
f 1302/1302/1302 1301/1301/1301 1300/1300/1300
f 1301/1301/1301 1303/1303/1303 1300/1300/1300
f 1301/1301/1301 1304/1304/1304 1303/1303/1303
f 1304/1304/1304 1305/1305/1305 1303/1303/1303
f 1308/1308/1308 1307/1307/1307 1306/1306/1306
f 1306/1306/1306 1309/1309/1309 1308/1308/1308
f 1309/1309/1309 1310/1310/1310 1308/1308/1308
f 1309/1309/1309 1311/1311/1311 1310/1310/1310
f 1311/1311/1311 1312/1312/1312 1310/1310/1310
f 1311/1311/1311 1313/1313/1313 1312/1312/1312
f 1316/1316/1316 1315/1315/1315 1314/1314/1314
f 1315/1315/1315 1317/1317/1317 1314/1314/1314
f 1315/1315/1315 1318/1318/1318 1317/1317/1317
f 1318/1318/1318 1319/1319/1319 1317/1317/1317
f 1322/1322/1322 1321/1321/1321 1320/1320/1320
f 1321/1321/1321 1323/1323/1323 1320/1320/1320
f 1321/1321/1321 1324/1324/1324 1323/1323/1323
f 1324/1324/1324 1325/1325/1325 1323/1323/1323
f 1328/1328/1328 1327/1327/1327 1326/1326/1326
f 1327/1327/1327 1329/1329/1329 1326/1326/1326
f 1327/1327/1327 1330/1330/1330 1329/1329/1329
f 1330/1330/1330 1331/1331/1331 1329/1329/1329
f 1334/1334/1334 1333/1333/1333 1332/1332/1332
f 1335/1335/1335 1334/1334/1334 1332/1332/1332
f 1338/1338/1338 1337/1337/1337 1336/1336/1336
f 1339/1339/1339 1338/1338/1338 1336/1336/1336
f 1340/1340/1340 1338/1338/1338 1339/1339/1339
f 1341/1341/1341 1340/1340/1340 1339/1339/1339
f 1344/1344/1344 1343/1343/1343 1342/1342/1342
f 1345/1345/1345 1344/1344/1344 1342/1342/1342
f 1348/1348/1348 1347/1347/1347 1346/1346/1346
f 1349/1349/1349 1348/1348/1348 1346/1346/1346
f 1352/1352/1352 1351/1351/1351 1350/1350/1350
f 1353/1353/1353 1352/1352/1352 1350/1350/1350
f 1353/1353/1353 1350/1350/1350 1354/1354/1354
f 1355/1355/1355 1353/1353/1353 1354/1354/1354
f 1355/1355/1355 1354/1354/1354 1356/1356/1356
f 1357/1357/1357 1355/1355/1355 1356/1356/1356
f 1357/1357/1357 1356/1356/1356 1358/1358/1358
f 1359/1359/1359 1357/1357/1357 1358/1358/1358
f 1362/1362/1362 1361/1361/1361 1360/1360/1360
f 1363/1363/1363 1362/1362/1362 1360/1360/1360
f 1363/1363/1363 1360/1360/1360 1364/1364/1364
f 1365/1365/1365 1363/1363/1363 1364/1364/1364
f 1368/1368/1368 1367/1367/1367 1366/1366/1366
f 1369/1369/1369 1368/1368/1368 1366/1366/1366
f 1372/1372/1372 1371/1371/1371 1370/1370/1370
f 1373/1373/1373 1372/1372/1372 1370/1370/1370
f 1373/1373/1373 1370/1370/1370 1374/1374/1374
f 1375/1375/1375 1373/1373/1373 1374/1374/1374
f 1375/1375/1375 1374/1374/1374 1376/1376/1376
f 1377/1377/1377 1375/1375/1375 1376/1376/1376
f 1377/1377/1377 1376/1376/1376 1378/1378/1378
f 1379/1379/1379 1377/1377/1377 1378/1378/1378
f 1382/1382/1382 1381/1381/1381 1380/1380/1380
f 1380/1380/1380 1383/1383/1383 1382/1382/1382
f 1380/1380/1380 1384/1384/1384 1383/1383/1383
f 1387/1387/1387 1386/1386/1386 1385/1385/1385
f 1386/1386/1386 1388/1388/1388 1385/1385/1385
f 1386/1386/1386 1389/1389/1389 1388/1388/1388
f 1389/1389/1389 1390/1390/1390 1388/1388/1388
f 1393/1393/1393 1392/1392/1392 1391/1391/1391
f 1394/1394/1394 1393/1393/1393 1391/1391/1391
f 1397/1397/1397 1396/1396/1396 1395/1395/1395
f 1398/1398/1398 1397/1397/1397 1395/1395/1395
f 1401/1401/1401 1400/1400/1400 1399/1399/1399
f 1402/1402/1402 1401/1401/1401 1399/1399/1399
f 1405/1405/1405 1404/1404/1404 1403/1403/1403
f 1406/1406/1406 1405/1405/1405 1403/1403/1403
f 1409/1409/1409 1408/1408/1408 1407/1407/1407
f 1408/1408/1408 1410/1410/1410 1407/1407/1407
f 1408/1408/1408 1411/1411/1411 1410/1410/1410
f 1411/1411/1411 1412/1412/1412 1410/1410/1410
f 1411/1411/1411 1413/1413/1413 1412/1412/1412
f 1413/1413/1413 1414/1414/1414 1412/1412/1412
f 1417/1417/1417 1416/1416/1416 1415/1415/1415
f 1418/1418/1418 1417/1417/1417 1415/1415/1415
f 1421/1421/1421 1420/1420/1420 1419/1419/1419
f 1422/1422/1422 1421/1421/1421 1419/1419/1419
f 1425/1425/1425 1424/1424/1424 1423/1423/1423
f 1426/1426/1426 1425/1425/1425 1423/1423/1423
f 1429/1429/1429 1428/1428/1428 1427/1427/1427
f 1430/1430/1430 1429/1429/1429 1427/1427/1427
f 1433/1433/1433 1432/1432/1432 1431/1431/1431
f 1434/1434/1434 1433/1433/1433 1431/1431/1431
f 1437/1437/1437 1436/1436/1436 1435/1435/1435
f 1438/1438/1438 1437/1437/1437 1435/1435/1435
f 1441/1441/1441 1440/1440/1440 1439/1439/1439
f 1440/1440/1440 1442/1442/1442 1439/1439/1439
f 1439/1439/1439 1442/1442/1442 1443/1443/1443
f 1442/1442/1442 1444/1444/1444 1443/1443/1443
f 1447/1447/1447 1446/1446/1446 1445/1445/1445
f 1446/1446/1446 1448/1448/1448 1445/1445/1445
f 1445/1445/1445 1448/1448/1448 1449/1449/1449
f 1448/1448/1448 1450/1450/1450 1449/1449/1449
f 1453/1453/1453 1452/1452/1452 1451/1451/1451
f 1452/1452/1452 1454/1454/1454 1451/1451/1451
f 1451/1451/1451 1454/1454/1454 1455/1455/1455
f 1454/1454/1454 1456/1456/1456 1455/1455/1455
f 1452/1452/1452 1457/1457/1457 1454/1454/1454
f 1454/1454/1454 1458/1458/1458 1456/1456/1456
f 1457/1457/1457 1458/1458/1458 1454/1454/1454
f 1458/1458/1458 1459/1459/1459 1456/1456/1456
f 1460/1460/1460 1459/1459/1459 1458/1458/1458
f 1461/1461/1461 1459/1459/1459 1460/1460/1460
f 1462/1462/1462 1460/1460/1460 1458/1458/1458
f 1462/1462/1462 1458/1458/1458 1457/1457/1457
f 1463/1463/1463 1461/1461/1461 1460/1460/1460
f 1464/1464/1464 1461/1461/1461 1463/1463/1463
f 1465/1465/1465 1464/1464/1464 1463/1463/1463
f 1466/1466/1466 1462/1462/1462 1457/1457/1457
f 1467/1467/1467 1466/1466/1466 1457/1457/1457
f 1468/1468/1468 1467/1467/1467 1457/1457/1457
f 1471/1471/1471 1470/1470/1470 1469/1469/1469
f 1470/1470/1470 1472/1472/1472 1469/1469/1469
f 1469/1469/1469 1472/1472/1472 1473/1473/1473
f 1472/1472/1472 1474/1474/1474 1473/1473/1473
f 1475/1475/1475 1473/1473/1473 1474/1474/1474
f 1476/1476/1476 1475/1475/1475 1474/1474/1474
f 1477/1477/1477 1475/1475/1475 1476/1476/1476
f 1478/1478/1478 1477/1477/1477 1476/1476/1476
f 1479/1479/1479 1477/1477/1477 1478/1478/1478
f 1480/1480/1480 1479/1479/1479 1478/1478/1478
f 1481/1481/1481 1479/1479/1479 1480/1480/1480
f 1482/1482/1482 1481/1481/1481 1480/1480/1480
f 1485/1485/1485 1484/1484/1484 1483/1483/1483
f 1484/1484/1484 1486/1486/1486 1483/1483/1483
f 1486/1486/1486 1484/1484/1484 1487/1487/1487
f 1484/1484/1484 1488/1488/1488 1487/1487/1487
f 1491/1491/1491 1490/1490/1490 1489/1489/1489
f 1490/1490/1490 1492/1492/1492 1489/1489/1489
f 1489/1489/1489 1492/1492/1492 1493/1493/1493
f 1492/1492/1492 1494/1494/1494 1493/1493/1493
f 1497/1497/1497 1496/1496/1496 1495/1495/1495
f 1498/1498/1498 1497/1497/1497 1495/1495/1495
f 1497/1497/1497 1498/1498/1498 1499/1499/1499
f 1500/1500/1500 1497/1497/1497 1499/1499/1499
f 1500/1500/1500 1499/1499/1499 1501/1501/1501
f 1499/1499/1499 1502/1502/1502 1501/1501/1501
f 1505/1505/1505 1504/1504/1504 1503/1503/1503
f 1504/1504/1504 1506/1506/1506 1503/1503/1503
f 1506/1506/1506 1507/1507/1507 1503/1503/1503
f 1507/1507/1507 1508/1508/1508 1503/1503/1503
f 1507/1507/1507 1509/1509/1509 1508/1508/1508
f 1508/1508/1508 1510/1510/1510 1503/1503/1503
f 1510/1510/1510 1511/1511/1511 1503/1503/1503
f 1510/1510/1510 1512/1512/1512 1511/1511/1511
f 1512/1512/1512 1513/1513/1513 1511/1511/1511
f 1514/1514/1514 1512/1512/1512 1510/1510/1510
f 1515/1515/1515 1514/1514/1514 1510/1510/1510
f 1515/1515/1515 1510/1510/1510 1508/1508/1508
f 1516/1516/1516 1515/1515/1515 1508/1508/1508
f 1509/1509/1509 1516/1516/1516 1508/1508/1508
f 1517/1517/1517 1516/1516/1516 1509/1509/1509
f 1518/1518/1518 1517/1517/1517 1509/1509/1509
f 1521/1521/1521 1520/1520/1520 1519/1519/1519
f 1522/1522/1522 1521/1521/1521 1519/1519/1519
f 1525/1525/1525 1524/1524/1524 1523/1523/1523
f 1526/1526/1526 1525/1525/1525 1523/1523/1523
f 1526/1526/1526 1523/1523/1523 1527/1527/1527
f 1528/1528/1528 1526/1526/1526 1527/1527/1527
f 1531/1531/1531 1530/1530/1530 1529/1529/1529
f 1532/1532/1532 1531/1531/1531 1529/1529/1529
f 1535/1535/1535 1534/1534/1534 1533/1533/1533
f 1536/1536/1536 1535/1535/1535 1533/1533/1533
f 1539/1539/1539 1538/1538/1538 1537/1537/1537
f 1540/1540/1540 1539/1539/1539 1537/1537/1537
f 1543/1543/1543 1542/1542/1542 1541/1541/1541
f 1544/1544/1544 1543/1543/1543 1541/1541/1541
f 1547/1547/1547 1546/1546/1546 1545/1545/1545
f 1547/1547/1547 1545/1545/1545 1548/1548/1548
f 1551/1551/1551 1550/1550/1550 1549/1549/1549
f 1552/1552/1552 1551/1551/1551 1549/1549/1549
f 1552/1552/1552 1549/1549/1549 1553/1553/1553
f 1554/1554/1554 1551/1551/1551 1552/1552/1552
f 1555/1555/1555 1554/1554/1554 1552/1552/1552
f 1556/1556/1556 1552/1552/1552 1553/1553/1553
f 1557/1557/1557 1552/1552/1552 1556/1556/1556
f 1558/1558/1558 1552/1552/1552 1557/1557/1557
f 1561/1561/1561 1560/1560/1560 1559/1559/1559
f 1562/1562/1562 1561/1561/1561 1559/1559/1559
f 1563/1563/1563 1561/1561/1561 1562/1562/1562
f 1564/1564/1564 1563/1563/1563 1562/1562/1562
f 1567/1567/1567 1566/1566/1566 1565/1565/1565
f 1568/1568/1568 1567/1567/1567 1565/1565/1565
f 1568/1568/1568 1565/1565/1565 1569/1569/1569
f 1570/1570/1570 1568/1568/1568 1569/1569/1569
f 1571/1571/1571 1568/1568/1568 1570/1570/1570
f 1572/1572/1572 1571/1571/1571 1570/1570/1570
f 1571/1571/1571 1573/1573/1573 1568/1568/1568
f 1573/1573/1573 1574/1574/1574 1568/1568/1568
f 1577/1577/1577 1576/1576/1576 1575/1575/1575
f 1578/1578/1578 1577/1577/1577 1575/1575/1575
f 1581/1581/1581 1580/1580/1580 1579/1579/1579
f 1580/1580/1580 1582/1582/1582 1579/1579/1579
f 1580/1580/1580 1583/1583/1583 1582/1582/1582
f 1583/1583/1583 1584/1584/1584 1582/1582/1582
f 1587/1587/1587 1586/1586/1586 1585/1585/1585
f 1588/1588/1588 1587/1587/1587 1585/1585/1585
f 1588/1588/1588 1585/1585/1585 1589/1589/1589
f 1590/1590/1590 1588/1588/1588 1589/1589/1589
f 1590/1590/1590 1589/1589/1589 1591/1591/1591
f 1592/1592/1592 1590/1590/1590 1591/1591/1591
f 1595/1595/1595 1594/1594/1594 1593/1593/1593
f 1596/1596/1596 1595/1595/1595 1593/1593/1593
f 1595/1595/1595 1596/1596/1596 1597/1597/1597
f 1596/1596/1596 1598/1598/1598 1597/1597/1597
f 1597/1597/1597 1598/1598/1598 1599/1599/1599
f 1600/1600/1600 1597/1597/1597 1599/1599/1599
f 1601/1601/1601 1600/1600/1600 1599/1599/1599
f 1602/1602/1602 1601/1601/1601 1599/1599/1599
f 1605/1605/1605 1604/1604/1604 1603/1603/1603
f 1606/1606/1606 1605/1605/1605 1603/1603/1603
f 1606/1606/1606 1603/1603/1603 1607/1607/1607
f 1608/1608/1608 1606/1606/1606 1607/1607/1607
f 1608/1608/1608 1607/1607/1607 1609/1609/1609
f 1610/1610/1610 1608/1608/1608 1609/1609/1609
f 1613/1613/1613 1612/1612/1612 1611/1611/1611
f 1612/1612/1612 1614/1614/1614 1611/1611/1611
f 1612/1612/1612 1615/1615/1615 1614/1614/1614
f 1615/1615/1615 1616/1616/1616 1614/1614/1614
f 1619/1619/1619 1618/1618/1618 1617/1617/1617
f 1620/1620/1620 1619/1619/1619 1617/1617/1617
f 1619/1619/1619 1621/1621/1621 1618/1618/1618
f 1620/1620/1620 1617/1617/1617 1622/1622/1622
f 1621/1621/1621 1623/1623/1623 1618/1618/1618
f 1624/1624/1624 1620/1620/1620 1622/1622/1622
f 1621/1621/1621 1625/1625/1625 1623/1623/1623
f 1624/1624/1624 1622/1622/1622 1626/1626/1626
f 1625/1625/1625 1627/1627/1627 1623/1623/1623
f 1628/1628/1628 1624/1624/1624 1626/1626/1626
f 1625/1625/1625 1629/1629/1629 1627/1627/1627
f 1628/1628/1628 1626/1626/1626 1630/1630/1630
f 1629/1629/1629 1631/1631/1631 1627/1627/1627
f 1632/1632/1632 1628/1628/1628 1630/1630/1630
f 1629/1629/1629 1633/1633/1633 1631/1631/1631
f 1632/1632/1632 1630/1630/1630 1634/1634/1634
f 1633/1633/1633 1635/1635/1635 1631/1631/1631
f 1636/1636/1636 1632/1632/1632 1634/1634/1634
f 1636/1636/1636 1634/1634/1634 1635/1635/1635
f 1633/1633/1633 1636/1636/1636 1635/1635/1635
f 1639/1639/1639 1638/1638/1638 1637/1637/1637
f 1640/1640/1640 1639/1639/1639 1637/1637/1637
f 1639/1639/1639 1641/1641/1641 1638/1638/1638
f 1640/1640/1640 1637/1637/1637 1642/1642/1642
f 1641/1641/1641 1643/1643/1643 1638/1638/1638
f 1644/1644/1644 1640/1640/1640 1642/1642/1642
f 1641/1641/1641 1645/1645/1645 1643/1643/1643
f 1644/1644/1644 1642/1642/1642 1646/1646/1646
f 1645/1645/1645 1647/1647/1647 1643/1643/1643
f 1648/1648/1648 1644/1644/1644 1646/1646/1646
f 1648/1648/1648 1646/1646/1646 1647/1647/1647
f 1645/1645/1645 1648/1648/1648 1647/1647/1647
f 1651/1651/1651 1650/1650/1650 1649/1649/1649
f 1652/1652/1652 1651/1651/1651 1649/1649/1649
f 1651/1651/1651 1653/1653/1653 1650/1650/1650
f 1652/1652/1652 1649/1649/1649 1654/1654/1654
f 1653/1653/1653 1655/1655/1655 1650/1650/1650
f 1656/1656/1656 1652/1652/1652 1654/1654/1654
f 1653/1653/1653 1657/1657/1657 1655/1655/1655
f 1656/1656/1656 1654/1654/1654 1658/1658/1658
f 1657/1657/1657 1659/1659/1659 1655/1655/1655
f 1660/1660/1660 1656/1656/1656 1658/1658/1658
f 1660/1660/1660 1658/1658/1658 1659/1659/1659
f 1657/1657/1657 1660/1660/1660 1659/1659/1659
f 1663/1663/1663 1662/1662/1662 1661/1661/1661
f 1664/1664/1664 1663/1663/1663 1661/1661/1661
f 1663/1663/1663 1665/1665/1665 1662/1662/1662
f 1664/1664/1664 1661/1661/1661 1666/1666/1666
f 1665/1665/1665 1667/1667/1667 1662/1662/1662
f 1668/1668/1668 1664/1664/1664 1666/1666/1666
f 1665/1665/1665 1669/1669/1669 1667/1667/1667
f 1668/1668/1668 1666/1666/1666 1670/1670/1670
f 1669/1669/1669 1671/1671/1671 1667/1667/1667
f 1672/1672/1672 1668/1668/1668 1670/1670/1670
f 1672/1672/1672 1670/1670/1670 1671/1671/1671
f 1669/1669/1669 1672/1672/1672 1671/1671/1671
f 1675/1675/1675 1674/1674/1674 1673/1673/1673
f 1676/1676/1676 1675/1675/1675 1673/1673/1673
f 1675/1675/1675 1677/1677/1677 1674/1674/1674
f 1676/1676/1676 1673/1673/1673 1678/1678/1678
f 1677/1677/1677 1679/1679/1679 1674/1674/1674
f 1680/1680/1680 1676/1676/1676 1678/1678/1678
f 1677/1677/1677 1681/1681/1681 1679/1679/1679
f 1680/1680/1680 1678/1678/1678 1682/1682/1682
f 1681/1681/1681 1683/1683/1683 1679/1679/1679
f 1684/1684/1684 1680/1680/1680 1682/1682/1682
f 1684/1684/1684 1682/1682/1682 1683/1683/1683
f 1681/1681/1681 1684/1684/1684 1683/1683/1683
f 1687/1687/1687 1686/1686/1686 1685/1685/1685
f 1688/1688/1688 1687/1687/1687 1685/1685/1685
f 1687/1687/1687 1689/1689/1689 1686/1686/1686
f 1688/1688/1688 1685/1685/1685 1690/1690/1690
f 1689/1689/1689 1691/1691/1691 1686/1686/1686
f 1692/1692/1692 1688/1688/1688 1690/1690/1690
f 1689/1689/1689 1693/1693/1693 1691/1691/1691
f 1692/1692/1692 1690/1690/1690 1694/1694/1694
f 1693/1693/1693 1695/1695/1695 1691/1691/1691
f 1696/1696/1696 1692/1692/1692 1694/1694/1694
f 1693/1693/1693 1697/1697/1697 1695/1695/1695
f 1696/1696/1696 1694/1694/1694 1698/1698/1698
f 1697/1697/1697 1699/1699/1699 1695/1695/1695
f 1700/1700/1700 1696/1696/1696 1698/1698/1698
f 1700/1700/1700 1698/1698/1698 1699/1699/1699
f 1697/1697/1697 1700/1700/1700 1699/1699/1699
f 1703/1703/1703 1702/1702/1702 1701/1701/1701
f 1704/1704/1704 1703/1703/1703 1701/1701/1701
f 1703/1703/1703 1705/1705/1705 1702/1702/1702
f 1704/1704/1704 1701/1701/1701 1706/1706/1706
f 1705/1705/1705 1707/1707/1707 1702/1702/1702
f 1708/1708/1708 1704/1704/1704 1706/1706/1706
f 1705/1705/1705 1709/1709/1709 1707/1707/1707
f 1708/1708/1708 1706/1706/1706 1710/1710/1710
f 1709/1709/1709 1711/1711/1711 1707/1707/1707
f 1712/1712/1712 1708/1708/1708 1710/1710/1710
f 1709/1709/1709 1713/1713/1713 1711/1711/1711
f 1712/1712/1712 1710/1710/1710 1714/1714/1714
f 1713/1713/1713 1715/1715/1715 1711/1711/1711
f 1716/1716/1716 1712/1712/1712 1714/1714/1714
f 1716/1716/1716 1714/1714/1714 1715/1715/1715
f 1713/1713/1713 1716/1716/1716 1715/1715/1715
f 1719/1719/1719 1718/1718/1718 1717/1717/1717
f 1718/1718/1718 1720/1720/1720 1717/1717/1717
f 1721/1721/1721 1718/1718/1718 1719/1719/1719
f 1717/1717/1717 1720/1720/1720 1722/1722/1722
f 1723/1723/1723 1721/1721/1721 1719/1719/1719
f 1720/1720/1720 1724/1724/1724 1722/1722/1722
f 1725/1725/1725 1721/1721/1721 1723/1723/1723
f 1722/1722/1722 1724/1724/1724 1726/1726/1726
f 1727/1727/1727 1725/1725/1725 1723/1723/1723
f 1724/1724/1724 1728/1728/1728 1726/1726/1726
f 1729/1729/1729 1725/1725/1725 1727/1727/1727
f 1726/1726/1726 1728/1728/1728 1730/1730/1730
f 1731/1731/1731 1729/1729/1729 1727/1727/1727
f 1728/1728/1728 1732/1732/1732 1730/1730/1730
f 1733/1733/1733 1729/1729/1729 1731/1731/1731
f 1730/1730/1730 1732/1732/1732 1734/1734/1734
f 1735/1735/1735 1733/1733/1733 1731/1731/1731
f 1732/1732/1732 1736/1736/1736 1734/1734/1734
f 1736/1736/1736 1733/1733/1733 1735/1735/1735
f 1734/1734/1734 1736/1736/1736 1735/1735/1735
f 1739/1739/1739 1738/1738/1738 1737/1737/1737
f 1740/1740/1740 1739/1739/1739 1737/1737/1737
f 1737/1737/1737 1738/1738/1738 1741/1741/1741
f 1742/1742/1742 1739/1739/1739 1740/1740/1740
f 1738/1738/1738 1743/1743/1743 1741/1741/1741
f 1744/1744/1744 1742/1742/1742 1740/1740/1740
f 1741/1741/1741 1743/1743/1743 1745/1745/1745
f 1746/1746/1746 1742/1742/1742 1744/1744/1744
f 1743/1743/1743 1747/1747/1747 1745/1745/1745
f 1748/1748/1748 1746/1746/1746 1744/1744/1744
f 1745/1745/1745 1747/1747/1747 1748/1748/1748
f 1747/1747/1747 1746/1746/1746 1748/1748/1748
f 1751/1751/1751 1750/1750/1750 1749/1749/1749
f 1750/1750/1750 1752/1752/1752 1749/1749/1749
f 1753/1753/1753 1750/1750/1750 1751/1751/1751
f 1749/1749/1749 1752/1752/1752 1754/1754/1754
f 1755/1755/1755 1753/1753/1753 1751/1751/1751
f 1752/1752/1752 1756/1756/1756 1754/1754/1754
f 1757/1757/1757 1753/1753/1753 1755/1755/1755
f 1754/1754/1754 1756/1756/1756 1758/1758/1758
f 1759/1759/1759 1757/1757/1757 1755/1755/1755
f 1756/1756/1756 1760/1760/1760 1758/1758/1758
f 1760/1760/1760 1757/1757/1757 1759/1759/1759
f 1758/1758/1758 1760/1760/1760 1759/1759/1759
f 1763/1763/1763 1762/1762/1762 1761/1761/1761
f 1762/1762/1762 1764/1764/1764 1761/1761/1761
f 1765/1765/1765 1762/1762/1762 1763/1763/1763
f 1761/1761/1761 1764/1764/1764 1766/1766/1766
f 1767/1767/1767 1765/1765/1765 1763/1763/1763
f 1764/1764/1764 1768/1768/1768 1766/1766/1766
f 1769/1769/1769 1765/1765/1765 1767/1767/1767
f 1766/1766/1766 1768/1768/1768 1770/1770/1770
f 1771/1771/1771 1769/1769/1769 1767/1767/1767
f 1768/1768/1768 1772/1772/1772 1770/1770/1770
f 1772/1772/1772 1769/1769/1769 1771/1771/1771
f 1770/1770/1770 1772/1772/1772 1771/1771/1771
f 1775/1775/1775 1774/1774/1774 1773/1773/1773
f 1776/1776/1776 1775/1775/1775 1773/1773/1773
f 1773/1773/1773 1774/1774/1774 1777/1777/1777
f 1778/1778/1778 1775/1775/1775 1776/1776/1776
f 1774/1774/1774 1779/1779/1779 1777/1777/1777
f 1780/1780/1780 1778/1778/1778 1776/1776/1776
f 1777/1777/1777 1779/1779/1779 1781/1781/1781
f 1782/1782/1782 1778/1778/1778 1780/1780/1780
f 1779/1779/1779 1783/1783/1783 1781/1781/1781
f 1784/1784/1784 1782/1782/1782 1780/1780/1780
f 1781/1781/1781 1783/1783/1783 1784/1784/1784
f 1783/1783/1783 1782/1782/1782 1784/1784/1784
f 1787/1787/1787 1786/1786/1786 1785/1785/1785
f 1786/1786/1786 1788/1788/1788 1785/1785/1785
f 1789/1789/1789 1786/1786/1786 1787/1787/1787
f 1785/1785/1785 1788/1788/1788 1790/1790/1790
f 1791/1791/1791 1789/1789/1789 1787/1787/1787
f 1788/1788/1788 1792/1792/1792 1790/1790/1790
f 1793/1793/1793 1789/1789/1789 1791/1791/1791
f 1790/1790/1790 1792/1792/1792 1794/1794/1794
f 1795/1795/1795 1793/1793/1793 1791/1791/1791
f 1792/1792/1792 1796/1796/1796 1794/1794/1794
f 1797/1797/1797 1793/1793/1793 1795/1795/1795
f 1794/1794/1794 1796/1796/1796 1798/1798/1798
f 1799/1799/1799 1797/1797/1797 1795/1795/1795
f 1796/1796/1796 1800/1800/1800 1798/1798/1798
f 1800/1800/1800 1797/1797/1797 1799/1799/1799
f 1798/1798/1798 1800/1800/1800 1799/1799/1799
f 1803/1803/1803 1802/1802/1802 1801/1801/1801
f 1804/1804/1804 1803/1803/1803 1801/1801/1801
f 1801/1801/1801 1802/1802/1802 1805/1805/1805
f 1806/1806/1806 1803/1803/1803 1804/1804/1804
f 1802/1802/1802 1807/1807/1807 1805/1805/1805
f 1808/1808/1808 1806/1806/1806 1804/1804/1804
f 1805/1805/1805 1807/1807/1807 1809/1809/1809
f 1810/1810/1810 1806/1806/1806 1808/1808/1808
f 1807/1807/1807 1811/1811/1811 1809/1809/1809
f 1812/1812/1812 1810/1810/1810 1808/1808/1808
f 1809/1809/1809 1811/1811/1811 1813/1813/1813
f 1814/1814/1814 1810/1810/1810 1812/1812/1812
f 1811/1811/1811 1815/1815/1815 1813/1813/1813
f 1816/1816/1816 1814/1814/1814 1812/1812/1812
f 1813/1813/1813 1815/1815/1815 1816/1816/1816
f 1815/1815/1815 1814/1814/1814 1816/1816/1816
g Sniperman_1
f 1819/1819/1819 1818/1818/1818 1817/1817/1817
f 1820/1820/1820 1819/1819/1819 1817/1817/1817
f 1820/1820/1820 1817/1817/1817 1821/1821/1821
f 1822/1822/1822 1819/1819/1819 1820/1820/1820
f 1823/1823/1823 1820/1820/1820 1821/1821/1821
f 1824/1824/1824 1822/1822/1822 1820/1820/1820
f 1824/1824/1824 1820/1820/1820 1823/1823/1823
f 1825/1825/1825 1824/1824/1824 1823/1823/1823
f 1828/1828/1828 1827/1827/1827 1826/1826/1826
f 1829/1829/1829 1828/1828/1828 1826/1826/1826
f 1829/1829/1829 1826/1826/1826 1830/1830/1830
f 1831/1831/1831 1828/1828/1828 1829/1829/1829
f 1832/1832/1832 1829/1829/1829 1830/1830/1830
f 1833/1833/1833 1831/1831/1831 1829/1829/1829
f 1833/1833/1833 1829/1829/1829 1832/1832/1832
f 1834/1834/1834 1833/1833/1833 1832/1832/1832
f 1837/1837/1837 1836/1836/1836 1835/1835/1835
f 1838/1838/1838 1837/1837/1837 1835/1835/1835
f 1838/1838/1838 1835/1835/1835 1839/1839/1839
f 1840/1840/1840 1837/1837/1837 1838/1838/1838
f 1841/1841/1841 1838/1838/1838 1839/1839/1839
f 1842/1842/1842 1840/1840/1840 1838/1838/1838
f 1842/1842/1842 1838/1838/1838 1841/1841/1841
f 1843/1843/1843 1842/1842/1842 1841/1841/1841
f 1846/1846/1846 1845/1845/1845 1844/1844/1844
f 1847/1847/1847 1846/1846/1846 1844/1844/1844
f 1847/1847/1847 1844/1844/1844 1848/1848/1848
f 1849/1849/1849 1846/1846/1846 1847/1847/1847
f 1850/1850/1850 1847/1847/1847 1848/1848/1848
f 1851/1851/1851 1849/1849/1849 1847/1847/1847
f 1851/1851/1851 1847/1847/1847 1850/1850/1850
f 1852/1852/1852 1851/1851/1851 1850/1850/1850
f 1855/1855/1855 1854/1854/1854 1853/1853/1853
f 1856/1856/1856 1855/1855/1855 1853/1853/1853
f 1856/1856/1856 1853/1853/1853 1857/1857/1857
f 1858/1858/1858 1855/1855/1855 1856/1856/1856
f 1859/1859/1859 1856/1856/1856 1857/1857/1857
f 1860/1860/1860 1858/1858/1858 1856/1856/1856
f 1860/1860/1860 1856/1856/1856 1859/1859/1859
f 1861/1861/1861 1860/1860/1860 1859/1859/1859
f 1864/1864/1864 1863/1863/1863 1862/1862/1862
f 1865/1865/1865 1864/1864/1864 1862/1862/1862
f 1865/1865/1865 1862/1862/1862 1866/1866/1866
f 1867/1867/1867 1864/1864/1864 1865/1865/1865
f 1868/1868/1868 1865/1865/1865 1866/1866/1866
f 1869/1869/1869 1867/1867/1867 1865/1865/1865
f 1869/1869/1869 1865/1865/1865 1868/1868/1868
f 1870/1870/1870 1869/1869/1869 1868/1868/1868
f 1873/1873/1873 1872/1872/1872 1871/1871/1871
f 1874/1874/1874 1873/1873/1873 1871/1871/1871
f 1874/1874/1874 1871/1871/1871 1875/1875/1875
f 1876/1876/1876 1873/1873/1873 1874/1874/1874
f 1877/1877/1877 1874/1874/1874 1875/1875/1875
f 1878/1878/1878 1876/1876/1876 1874/1874/1874
f 1878/1878/1878 1874/1874/1874 1877/1877/1877
f 1879/1879/1879 1878/1878/1878 1877/1877/1877
f 1882/1882/1882 1881/1881/1881 1880/1880/1880
f 1883/1883/1883 1882/1882/1882 1880/1880/1880
f 1883/1883/1883 1880/1880/1880 1884/1884/1884
f 1885/1885/1885 1882/1882/1882 1883/1883/1883
f 1886/1886/1886 1883/1883/1883 1884/1884/1884
f 1887/1887/1887 1885/1885/1885 1883/1883/1883
f 1887/1887/1887 1883/1883/1883 1886/1886/1886
f 1888/1888/1888 1887/1887/1887 1886/1886/1886
f 1891/1891/1891 1890/1890/1890 1889/1889/1889
f 1892/1892/1892 1891/1891/1891 1889/1889/1889
f 1892/1892/1892 1889/1889/1889 1893/1893/1893
f 1894/1894/1894 1891/1891/1891 1892/1892/1892
f 1895/1895/1895 1892/1892/1892 1893/1893/1893
f 1896/1896/1896 1894/1894/1894 1892/1892/1892
f 1896/1896/1896 1892/1892/1892 1895/1895/1895
f 1897/1897/1897 1896/1896/1896 1895/1895/1895
f 1900/1900/1900 1899/1899/1899 1898/1898/1898
f 1901/1901/1901 1900/1900/1900 1898/1898/1898
f 1901/1901/1901 1898/1898/1898 1902/1902/1902
f 1903/1903/1903 1900/1900/1900 1901/1901/1901
f 1904/1904/1904 1901/1901/1901 1902/1902/1902
f 1905/1905/1905 1903/1903/1903 1901/1901/1901
f 1905/1905/1905 1901/1901/1901 1904/1904/1904
f 1906/1906/1906 1905/1905/1905 1904/1904/1904
f 1909/1909/1909 1908/1908/1908 1907/1907/1907
f 1910/1910/1910 1909/1909/1909 1907/1907/1907
f 1910/1910/1910 1907/1907/1907 1911/1911/1911
f 1912/1912/1912 1909/1909/1909 1910/1910/1910
f 1913/1913/1913 1910/1910/1910 1911/1911/1911
f 1914/1914/1914 1912/1912/1912 1910/1910/1910
f 1914/1914/1914 1910/1910/1910 1913/1913/1913
f 1915/1915/1915 1914/1914/1914 1913/1913/1913
f 1918/1918/1918 1917/1917/1917 1916/1916/1916
f 1919/1919/1919 1918/1918/1918 1916/1916/1916
f 1919/1919/1919 1916/1916/1916 1920/1920/1920
f 1921/1921/1921 1918/1918/1918 1919/1919/1919
f 1922/1922/1922 1919/1919/1919 1920/1920/1920
f 1923/1923/1923 1921/1921/1921 1919/1919/1919
f 1923/1923/1923 1919/1919/1919 1922/1922/1922
f 1924/1924/1924 1923/1923/1923 1922/1922/1922
f 1927/1927/1927 1926/1926/1926 1925/1925/1925
f 1928/1928/1928 1927/1927/1927 1925/1925/1925
f 1928/1928/1928 1925/1925/1925 1929/1929/1929
f 1930/1930/1930 1927/1927/1927 1928/1928/1928
f 1931/1931/1931 1928/1928/1928 1929/1929/1929
f 1932/1932/1932 1930/1930/1930 1928/1928/1928
f 1932/1932/1932 1928/1928/1928 1931/1931/1931
f 1933/1933/1933 1932/1932/1932 1931/1931/1931
f 1936/1936/1936 1935/1935/1935 1934/1934/1934
f 1937/1937/1937 1936/1936/1936 1934/1934/1934
f 1937/1937/1937 1934/1934/1934 1938/1938/1938
f 1939/1939/1939 1936/1936/1936 1937/1937/1937
f 1940/1940/1940 1937/1937/1937 1938/1938/1938
f 1941/1941/1941 1939/1939/1939 1937/1937/1937
f 1941/1941/1941 1937/1937/1937 1940/1940/1940
f 1942/1942/1942 1941/1941/1941 1940/1940/1940
f 1945/1945/1945 1944/1944/1944 1943/1943/1943
f 1946/1946/1946 1945/1945/1945 1943/1943/1943
f 1946/1946/1946 1943/1943/1943 1947/1947/1947
f 1948/1948/1948 1945/1945/1945 1946/1946/1946
f 1949/1949/1949 1946/1946/1946 1947/1947/1947
f 1950/1950/1950 1948/1948/1948 1946/1946/1946
f 1950/1950/1950 1946/1946/1946 1949/1949/1949
f 1951/1951/1951 1950/1950/1950 1949/1949/1949
f 1954/1954/1954 1953/1953/1953 1952/1952/1952
f 1955/1955/1955 1954/1954/1954 1952/1952/1952
f 1955/1955/1955 1952/1952/1952 1956/1956/1956
f 1957/1957/1957 1954/1954/1954 1955/1955/1955
f 1958/1958/1958 1955/1955/1955 1956/1956/1956
f 1959/1959/1959 1957/1957/1957 1955/1955/1955
f 1959/1959/1959 1955/1955/1955 1958/1958/1958
f 1960/1960/1960 1959/1959/1959 1958/1958/1958
f 1963/1963/1963 1962/1962/1962 1961/1961/1961
f 1964/1964/1964 1963/1963/1963 1961/1961/1961
f 1964/1964/1964 1961/1961/1961 1965/1965/1965
f 1966/1966/1966 1963/1963/1963 1964/1964/1964
f 1967/1967/1967 1964/1964/1964 1965/1965/1965
f 1968/1968/1968 1966/1966/1966 1964/1964/1964
f 1968/1968/1968 1964/1964/1964 1967/1967/1967
f 1969/1969/1969 1968/1968/1968 1967/1967/1967
f 1972/1972/1972 1971/1971/1971 1970/1970/1970
f 1973/1973/1973 1972/1972/1972 1970/1970/1970
f 1973/1973/1973 1970/1970/1970 1974/1974/1974
f 1975/1975/1975 1972/1972/1972 1973/1973/1973
f 1976/1976/1976 1973/1973/1973 1974/1974/1974
f 1977/1977/1977 1975/1975/1975 1973/1973/1973
f 1977/1977/1977 1973/1973/1973 1976/1976/1976
f 1978/1978/1978 1977/1977/1977 1976/1976/1976
f 1981/1981/1981 1980/1980/1980 1979/1979/1979
f 1982/1982/1982 1981/1981/1981 1979/1979/1979
f 1982/1982/1982 1979/1979/1979 1983/1983/1983
f 1984/1984/1984 1981/1981/1981 1982/1982/1982
f 1985/1985/1985 1982/1982/1982 1983/1983/1983
f 1986/1986/1986 1984/1984/1984 1982/1982/1982
f 1986/1986/1986 1982/1982/1982 1985/1985/1985
f 1987/1987/1987 1986/1986/1986 1985/1985/1985
f 1990/1990/1990 1989/1989/1989 1988/1988/1988
f 1991/1991/1991 1990/1990/1990 1988/1988/1988
f 1991/1991/1991 1988/1988/1988 1992/1992/1992
f 1993/1993/1993 1990/1990/1990 1991/1991/1991
f 1994/1994/1994 1991/1991/1991 1992/1992/1992
f 1995/1995/1995 1993/1993/1993 1991/1991/1991
f 1995/1995/1995 1991/1991/1991 1994/1994/1994
f 1996/1996/1996 1995/1995/1995 1994/1994/1994
f 1999/1999/1999 1998/1998/1998 1997/1997/1997
f 2000/2000/2000 1999/1999/1999 1997/1997/1997
f 2000/2000/2000 1997/1997/1997 2001/2001/2001
f 2002/2002/2002 1999/1999/1999 2000/2000/2000
f 2003/2003/2003 2000/2000/2000 2001/2001/2001
f 2004/2004/2004 2002/2002/2002 2000/2000/2000
f 2004/2004/2004 2000/2000/2000 2003/2003/2003
f 2005/2005/2005 2004/2004/2004 2003/2003/2003
f 2008/2008/2008 2007/2007/2007 2006/2006/2006
f 2009/2009/2009 2008/2008/2008 2006/2006/2006
f 2009/2009/2009 2006/2006/2006 2010/2010/2010
f 2011/2011/2011 2008/2008/2008 2009/2009/2009
f 2012/2012/2012 2009/2009/2009 2010/2010/2010
f 2013/2013/2013 2011/2011/2011 2009/2009/2009
f 2013/2013/2013 2009/2009/2009 2012/2012/2012
f 2014/2014/2014 2013/2013/2013 2012/2012/2012
f 2017/2017/2017 2016/2016/2016 2015/2015/2015
f 2018/2018/2018 2017/2017/2017 2015/2015/2015
f 2018/2018/2018 2015/2015/2015 2019/2019/2019
f 2020/2020/2020 2017/2017/2017 2018/2018/2018
f 2021/2021/2021 2018/2018/2018 2019/2019/2019
f 2022/2022/2022 2020/2020/2020 2018/2018/2018
f 2022/2022/2022 2018/2018/2018 2021/2021/2021
f 2023/2023/2023 2022/2022/2022 2021/2021/2021
f 2026/2026/2026 2025/2025/2025 2024/2024/2024
f 2027/2027/2027 2026/2026/2026 2024/2024/2024
f 2027/2027/2027 2024/2024/2024 2028/2028/2028
f 2029/2029/2029 2026/2026/2026 2027/2027/2027
f 2030/2030/2030 2027/2027/2027 2028/2028/2028
f 2031/2031/2031 2029/2029/2029 2027/2027/2027
f 2031/2031/2031 2027/2027/2027 2030/2030/2030
f 2032/2032/2032 2031/2031/2031 2030/2030/2030
f 2035/2035/2035 2034/2034/2034 2033/2033/2033
f 2036/2036/2036 2035/2035/2035 2033/2033/2033
f 2036/2036/2036 2033/2033/2033 2037/2037/2037
f 2038/2038/2038 2035/2035/2035 2036/2036/2036
f 2039/2039/2039 2036/2036/2036 2037/2037/2037
f 2040/2040/2040 2038/2038/2038 2036/2036/2036
f 2040/2040/2040 2036/2036/2036 2039/2039/2039
f 2041/2041/2041 2040/2040/2040 2039/2039/2039
f 2044/2044/2044 2043/2043/2043 2042/2042/2042
f 2045/2045/2045 2044/2044/2044 2042/2042/2042
f 2045/2045/2045 2042/2042/2042 2046/2046/2046
f 2047/2047/2047 2044/2044/2044 2045/2045/2045
f 2048/2048/2048 2045/2045/2045 2046/2046/2046
f 2049/2049/2049 2047/2047/2047 2045/2045/2045
f 2049/2049/2049 2045/2045/2045 2048/2048/2048
f 2050/2050/2050 2049/2049/2049 2048/2048/2048
f 2053/2053/2053 2052/2052/2052 2051/2051/2051
f 2054/2054/2054 2053/2053/2053 2051/2051/2051
f 2054/2054/2054 2051/2051/2051 2055/2055/2055
f 2056/2056/2056 2053/2053/2053 2054/2054/2054
f 2057/2057/2057 2054/2054/2054 2055/2055/2055
f 2058/2058/2058 2056/2056/2056 2054/2054/2054
f 2058/2058/2058 2054/2054/2054 2057/2057/2057
f 2059/2059/2059 2058/2058/2058 2057/2057/2057
f 2062/2062/2062 2061/2061/2061 2060/2060/2060
f 2063/2063/2063 2062/2062/2062 2060/2060/2060
f 2063/2063/2063 2060/2060/2060 2064/2064/2064
f 2065/2065/2065 2062/2062/2062 2063/2063/2063
f 2066/2066/2066 2063/2063/2063 2064/2064/2064
f 2067/2067/2067 2065/2065/2065 2063/2063/2063
f 2067/2067/2067 2063/2063/2063 2066/2066/2066
f 2068/2068/2068 2067/2067/2067 2066/2066/2066
f 2071/2071/2071 2070/2070/2070 2069/2069/2069
f 2072/2072/2072 2071/2071/2071 2069/2069/2069
f 2072/2072/2072 2069/2069/2069 2073/2073/2073
f 2074/2074/2074 2071/2071/2071 2072/2072/2072
f 2075/2075/2075 2072/2072/2072 2073/2073/2073
f 2076/2076/2076 2074/2074/2074 2072/2072/2072
f 2076/2076/2076 2072/2072/2072 2075/2075/2075
f 2077/2077/2077 2076/2076/2076 2075/2075/2075
f 2080/2080/2080 2079/2079/2079 2078/2078/2078
f 2081/2081/2081 2080/2080/2080 2078/2078/2078
f 2081/2081/2081 2078/2078/2078 2082/2082/2082
f 2083/2083/2083 2080/2080/2080 2081/2081/2081
f 2084/2084/2084 2081/2081/2081 2082/2082/2082
f 2085/2085/2085 2083/2083/2083 2081/2081/2081
f 2085/2085/2085 2081/2081/2081 2084/2084/2084
f 2086/2086/2086 2085/2085/2085 2084/2084/2084
f 2089/2089/2089 2088/2088/2088 2087/2087/2087
f 2090/2090/2090 2089/2089/2089 2087/2087/2087
f 2090/2090/2090 2087/2087/2087 2091/2091/2091
f 2092/2092/2092 2089/2089/2089 2090/2090/2090
f 2093/2093/2093 2090/2090/2090 2091/2091/2091
f 2094/2094/2094 2092/2092/2092 2090/2090/2090
f 2094/2094/2094 2090/2090/2090 2093/2093/2093
f 2095/2095/2095 2094/2094/2094 2093/2093/2093
f 2098/2098/2098 2097/2097/2097 2096/2096/2096
f 2099/2099/2099 2098/2098/2098 2096/2096/2096
f 2099/2099/2099 2096/2096/2096 2100/2100/2100
f 2101/2101/2101 2098/2098/2098 2099/2099/2099
f 2102/2102/2102 2099/2099/2099 2100/2100/2100
f 2103/2103/2103 2101/2101/2101 2099/2099/2099
f 2103/2103/2103 2099/2099/2099 2102/2102/2102
f 2104/2104/2104 2103/2103/2103 2102/2102/2102
f 2107/2107/2107 2106/2106/2106 2105/2105/2105
f 2108/2108/2108 2107/2107/2107 2105/2105/2105
f 2108/2108/2108 2105/2105/2105 2109/2109/2109
f 2110/2110/2110 2107/2107/2107 2108/2108/2108
f 2111/2111/2111 2108/2108/2108 2109/2109/2109
f 2112/2112/2112 2110/2110/2110 2108/2108/2108
f 2112/2112/2112 2108/2108/2108 2111/2111/2111
f 2113/2113/2113 2112/2112/2112 2111/2111/2111
f 2116/2116/2116 2115/2115/2115 2114/2114/2114
f 2117/2117/2117 2116/2116/2116 2114/2114/2114
f 2117/2117/2117 2114/2114/2114 2118/2118/2118
f 2119/2119/2119 2116/2116/2116 2117/2117/2117
f 2120/2120/2120 2117/2117/2117 2118/2118/2118
f 2121/2121/2121 2119/2119/2119 2117/2117/2117
f 2121/2121/2121 2117/2117/2117 2120/2120/2120
f 2122/2122/2122 2121/2121/2121 2120/2120/2120
f 2125/2125/2125 2124/2124/2124 2123/2123/2123
f 2126/2126/2126 2125/2125/2125 2123/2123/2123
f 2126/2126/2126 2123/2123/2123 2127/2127/2127
f 2128/2128/2128 2125/2125/2125 2126/2126/2126
f 2129/2129/2129 2126/2126/2126 2127/2127/2127
f 2130/2130/2130 2128/2128/2128 2126/2126/2126
f 2130/2130/2130 2126/2126/2126 2129/2129/2129
f 2131/2131/2131 2130/2130/2130 2129/2129/2129
f 2134/2134/2134 2133/2133/2133 2132/2132/2132
f 2135/2135/2135 2134/2134/2134 2132/2132/2132
f 2135/2135/2135 2132/2132/2132 2136/2136/2136
f 2137/2137/2137 2134/2134/2134 2135/2135/2135
f 2138/2138/2138 2135/2135/2135 2136/2136/2136
f 2139/2139/2139 2137/2137/2137 2135/2135/2135
f 2139/2139/2139 2135/2135/2135 2138/2138/2138
f 2140/2140/2140 2139/2139/2139 2138/2138/2138
f 2143/2143/2143 2142/2142/2142 2141/2141/2141
f 2144/2144/2144 2143/2143/2143 2141/2141/2141
f 2144/2144/2144 2141/2141/2141 2145/2145/2145
f 2146/2146/2146 2143/2143/2143 2144/2144/2144
f 2147/2147/2147 2144/2144/2144 2145/2145/2145
f 2148/2148/2148 2146/2146/2146 2144/2144/2144
f 2148/2148/2148 2144/2144/2144 2147/2147/2147
f 2149/2149/2149 2148/2148/2148 2147/2147/2147
f 2152/2152/2152 2151/2151/2151 2150/2150/2150
f 2153/2153/2153 2152/2152/2152 2150/2150/2150
f 2153/2153/2153 2150/2150/2150 2154/2154/2154
f 2155/2155/2155 2152/2152/2152 2153/2153/2153
f 2156/2156/2156 2153/2153/2153 2154/2154/2154
f 2157/2157/2157 2155/2155/2155 2153/2153/2153
f 2157/2157/2157 2153/2153/2153 2156/2156/2156
f 2158/2158/2158 2157/2157/2157 2156/2156/2156
f 2161/2161/2161 2160/2160/2160 2159/2159/2159
f 2162/2162/2162 2161/2161/2161 2159/2159/2159
f 2162/2162/2162 2159/2159/2159 2163/2163/2163
f 2164/2164/2164 2161/2161/2161 2162/2162/2162
f 2165/2165/2165 2162/2162/2162 2163/2163/2163
f 2166/2166/2166 2164/2164/2164 2162/2162/2162
f 2166/2166/2166 2162/2162/2162 2165/2165/2165
f 2167/2167/2167 2166/2166/2166 2165/2165/2165
f 2170/2170/2170 2169/2169/2169 2168/2168/2168
f 2171/2171/2171 2170/2170/2170 2168/2168/2168
f 2171/2171/2171 2168/2168/2168 2172/2172/2172
f 2173/2173/2173 2170/2170/2170 2171/2171/2171
f 2174/2174/2174 2171/2171/2171 2172/2172/2172
f 2175/2175/2175 2173/2173/2173 2171/2171/2171
f 2175/2175/2175 2171/2171/2171 2174/2174/2174
f 2176/2176/2176 2175/2175/2175 2174/2174/2174
f 2179/2179/2179 2178/2178/2178 2177/2177/2177
f 2180/2180/2180 2179/2179/2179 2177/2177/2177
f 2180/2180/2180 2177/2177/2177 2181/2181/2181
f 2182/2182/2182 2179/2179/2179 2180/2180/2180
f 2183/2183/2183 2180/2180/2180 2181/2181/2181
f 2184/2184/2184 2182/2182/2182 2180/2180/2180
f 2184/2184/2184 2180/2180/2180 2183/2183/2183
f 2185/2185/2185 2184/2184/2184 2183/2183/2183
f 2188/2188/2188 2187/2187/2187 2186/2186/2186
f 2189/2189/2189 2188/2188/2188 2186/2186/2186
f 2189/2189/2189 2186/2186/2186 2190/2190/2190
f 2191/2191/2191 2188/2188/2188 2189/2189/2189
f 2192/2192/2192 2189/2189/2189 2190/2190/2190
f 2193/2193/2193 2191/2191/2191 2189/2189/2189
f 2193/2193/2193 2189/2189/2189 2192/2192/2192
f 2194/2194/2194 2193/2193/2193 2192/2192/2192
f 2197/2197/2197 2196/2196/2196 2195/2195/2195
f 2198/2198/2198 2197/2197/2197 2195/2195/2195
f 2198/2198/2198 2195/2195/2195 2199/2199/2199
f 2200/2200/2200 2197/2197/2197 2198/2198/2198
f 2201/2201/2201 2198/2198/2198 2199/2199/2199
f 2202/2202/2202 2200/2200/2200 2198/2198/2198
f 2202/2202/2202 2198/2198/2198 2201/2201/2201
f 2203/2203/2203 2202/2202/2202 2201/2201/2201
f 2206/2206/2206 2205/2205/2205 2204/2204/2204
f 2207/2207/2207 2206/2206/2206 2204/2204/2204
f 2207/2207/2207 2204/2204/2204 2208/2208/2208
f 2209/2209/2209 2206/2206/2206 2207/2207/2207
f 2210/2210/2210 2207/2207/2207 2208/2208/2208
f 2211/2211/2211 2209/2209/2209 2207/2207/2207
f 2211/2211/2211 2207/2207/2207 2210/2210/2210
f 2212/2212/2212 2211/2211/2211 2210/2210/2210
f 2215/2215/2215 2214/2214/2214 2213/2213/2213
f 2216/2216/2216 2215/2215/2215 2213/2213/2213
f 2216/2216/2216 2213/2213/2213 2217/2217/2217
f 2218/2218/2218 2215/2215/2215 2216/2216/2216
f 2219/2219/2219 2216/2216/2216 2217/2217/2217
f 2220/2220/2220 2218/2218/2218 2216/2216/2216
f 2220/2220/2220 2216/2216/2216 2219/2219/2219
f 2221/2221/2221 2220/2220/2220 2219/2219/2219
f 2224/2224/2224 2223/2223/2223 2222/2222/2222
f 2225/2225/2225 2224/2224/2224 2222/2222/2222
f 2225/2225/2225 2222/2222/2222 2226/2226/2226
f 2227/2227/2227 2224/2224/2224 2225/2225/2225
f 2228/2228/2228 2225/2225/2225 2226/2226/2226
f 2229/2229/2229 2227/2227/2227 2225/2225/2225
f 2229/2229/2229 2225/2225/2225 2228/2228/2228
f 2230/2230/2230 2229/2229/2229 2228/2228/2228
f 2233/2233/2233 2232/2232/2232 2231/2231/2231
f 2234/2234/2234 2233/2233/2233 2231/2231/2231
f 2234/2234/2234 2231/2231/2231 2235/2235/2235
f 2236/2236/2236 2233/2233/2233 2234/2234/2234
f 2237/2237/2237 2234/2234/2234 2235/2235/2235
f 2238/2238/2238 2236/2236/2236 2234/2234/2234
f 2238/2238/2238 2234/2234/2234 2237/2237/2237
f 2239/2239/2239 2238/2238/2238 2237/2237/2237
f 2242/2242/2242 2241/2241/2241 2240/2240/2240
f 2243/2243/2243 2242/2242/2242 2240/2240/2240
f 2243/2243/2243 2240/2240/2240 2244/2244/2244
f 2245/2245/2245 2242/2242/2242 2243/2243/2243
f 2246/2246/2246 2243/2243/2243 2244/2244/2244
f 2247/2247/2247 2245/2245/2245 2243/2243/2243
f 2247/2247/2247 2243/2243/2243 2246/2246/2246
f 2248/2248/2248 2247/2247/2247 2246/2246/2246
f 2251/2251/2251 2250/2250/2250 2249/2249/2249
f 2252/2252/2252 2251/2251/2251 2249/2249/2249
f 2252/2252/2252 2249/2249/2249 2253/2253/2253
f 2254/2254/2254 2251/2251/2251 2252/2252/2252
f 2255/2255/2255 2252/2252/2252 2253/2253/2253
f 2256/2256/2256 2254/2254/2254 2252/2252/2252
f 2256/2256/2256 2252/2252/2252 2255/2255/2255
f 2257/2257/2257 2256/2256/2256 2255/2255/2255
f 2260/2260/2260 2259/2259/2259 2258/2258/2258
f 2261/2261/2261 2260/2260/2260 2258/2258/2258
f 2261/2261/2261 2258/2258/2258 2262/2262/2262
f 2263/2263/2263 2260/2260/2260 2261/2261/2261
f 2264/2264/2264 2261/2261/2261 2262/2262/2262
f 2265/2265/2265 2263/2263/2263 2261/2261/2261
f 2265/2265/2265 2261/2261/2261 2264/2264/2264
f 2266/2266/2266 2265/2265/2265 2264/2264/2264
f 2269/2269/2269 2268/2268/2268 2267/2267/2267
f 2270/2270/2270 2269/2269/2269 2267/2267/2267
f 2268/2268/2268 2269/2269/2269 2271/2271/2271
f 2271/2271/2271 2269/2269/2269 2270/2270/2270
f 2270/2270/2270 2267/2267/2267 2272/2272/2272
f 2267/2267/2267 2268/2268/2268 2273/2273/2273
f 2272/2272/2272 2267/2267/2267 2274/2274/2274
f 2267/2267/2267 2273/2273/2273 2274/2274/2274
f 2275/2275/2275 2271/2271/2271 2270/2270/2270
f 2276/2276/2276 2270/2270/2270 2272/2272/2272
f 2275/2275/2275 2270/2270/2270 2276/2276/2276
f 2277/2277/2277 2268/2268/2268 2271/2271/2271
f 2268/2268/2268 2278/2278/2278 2273/2273/2273
f 2278/2278/2278 2268/2268/2268 2277/2277/2277
f 2279/2279/2279 2271/2271/2271 2275/2275/2275
f 2277/2277/2277 2271/2271/2271 2279/2279/2279
f 2272/2272/2272 2274/2274/2274 2280/2280/2280
f 2276/2276/2276 2272/2272/2272 2281/2281/2281
f 2281/2281/2281 2272/2272/2272 2280/2280/2280
f 2274/2274/2274 2273/2273/2273 2282/2282/2282
f 2273/2273/2273 2278/2278/2278 2283/2283/2283
f 2273/2273/2273 2283/2283/2283 2282/2282/2282
f 2280/2280/2280 2274/2274/2274 2284/2284/2284
f 2274/2274/2274 2282/2282/2282 2284/2284/2284
f 2285/2285/2285 2275/2275/2275 2276/2276/2276
f 2286/2286/2286 2279/2279/2279 2275/2275/2275
f 2286/2286/2286 2275/2275/2275 2285/2285/2285
f 2287/2287/2287 2276/2276/2276 2281/2281/2281
f 2285/2285/2285 2276/2276/2276 2287/2287/2287
f 2288/2288/2288 2277/2277/2277 2279/2279/2279
f 2289/2289/2289 2278/2278/2278 2277/2277/2277
f 2289/2289/2289 2277/2277/2277 2288/2288/2288
f 2290/2290/2290 2279/2279/2279 2286/2286/2286
f 2288/2288/2288 2279/2279/2279 2290/2290/2290
f 2291/2291/2291 2278/2278/2278 2289/2289/2289
f 2278/2278/2278 2291/2291/2291 2283/2283/2283
f 2282/2282/2282 2283/2283/2283 2292/2292/2292
f 2283/2283/2283 2291/2291/2291 2293/2293/2293
f 2283/2283/2283 2293/2293/2293 2292/2292/2292
f 2282/2282/2282 2292/2292/2292 2294/2294/2294
f 2284/2284/2284 2282/2282/2282 2294/2294/2294
f 2295/2295/2295 2286/2286/2286 2285/2285/2285
f 2296/2296/2296 2290/2290/2290 2286/2286/2286
f 2296/2296/2296 2286/2286/2286 2295/2295/2295
f 2295/2295/2295 2285/2285/2285 2297/2297/2297
f 2297/2297/2297 2285/2285/2285 2287/2287/2287
f 2298/2298/2298 2291/2291/2291 2289/2289/2289
f 2291/2291/2291 2299/2299/2299 2293/2293/2293
f 2299/2299/2299 2291/2291/2291 2298/2298/2298
f 2298/2298/2298 2289/2289/2289 2300/2300/2300
f 2300/2300/2300 2289/2289/2289 2288/2288/2288
f 2301/2301/2301 2288/2288/2288 2290/2290/2290
f 2300/2300/2300 2288/2288/2288 2301/2301/2301
f 2302/2302/2302 2290/2290/2290 2296/2296/2296
f 2301/2301/2301 2290/2290/2290 2302/2302/2302
f 2303/2303/2303 2296/2296/2296 2295/2295/2295
f 2304/2304/2304 2302/2302/2302 2296/2296/2296
f 2304/2304/2304 2296/2296/2296 2303/2303/2303
f 2305/2305/2305 2301/2301/2301 2302/2302/2302
f 2305/2305/2305 2302/2302/2302 2304/2304/2304
f 2306/2306/2306 2300/2300/2300 2301/2301/2301
f 2306/2306/2306 2301/2301/2301 2305/2305/2305
f 2307/2307/2307 2298/2298/2298 2300/2300/2300
f 2307/2307/2307 2300/2300/2300 2306/2306/2306
f 2308/2308/2308 2299/2299/2299 2298/2298/2298
f 2308/2308/2308 2298/2298/2298 2307/2307/2307
f 2303/2303/2303 2295/2295/2295 2309/2309/2309
f 2309/2309/2309 2295/2295/2295 2297/2297/2297
f 2299/2299/2299 2308/2308/2308 2310/2310/2310
f 2293/2293/2293 2299/2299/2299 2310/2310/2310
f 2293/2293/2293 2310/2310/2310 2311/2311/2311
f 2292/2292/2292 2293/2293/2293 2311/2311/2311
f 2292/2292/2292 2311/2311/2311 2312/2312/2312
f 2294/2294/2294 2292/2292/2292 2312/2312/2312
f 2313/2313/2313 2307/2307/2307 2306/2306/2306
f 2314/2314/2314 2308/2308/2308 2307/2307/2307
f 2314/2314/2314 2307/2307/2307 2313/2313/2313
f 2310/2310/2310 2308/2308/2308 2315/2315/2315
f 2308/2308/2308 2314/2314/2314 2315/2315/2315
f 2311/2311/2311 2310/2310/2310 2316/2316/2316
f 2310/2310/2310 2315/2315/2315 2316/2316/2316
f 2312/2312/2312 2311/2311/2311 2317/2317/2317
f 2311/2311/2311 2316/2316/2316 2317/2317/2317
f 2313/2313/2313 2306/2306/2306 2318/2318/2318
f 2318/2318/2318 2306/2306/2306 2305/2305/2305
f 2318/2318/2318 2305/2305/2305 2319/2319/2319
f 2319/2319/2319 2305/2305/2305 2304/2304/2304
f 2319/2319/2319 2304/2304/2304 2320/2320/2320
f 2320/2320/2320 2304/2304/2304 2303/2303/2303
f 2320/2320/2320 2303/2303/2303 2321/2321/2321
f 2321/2321/2321 2303/2303/2303 2309/2309/2309
f 2316/2316/2316 2315/2315/2315 2322/2322/2322
f 2317/2317/2317 2316/2316/2316 2323/2323/2323
f 2316/2316/2316 2322/2322/2322 2323/2323/2323
f 2315/2315/2315 2324/2324/2324 2322/2322/2322
f 2315/2315/2315 2314/2314/2314 2324/2324/2324
f 2314/2314/2314 2325/2325/2325 2324/2324/2324
f 2325/2325/2325 2314/2314/2314 2313/2313/2313
f 2325/2325/2325 2313/2313/2313 2326/2326/2326
f 2326/2326/2326 2313/2313/2313 2318/2318/2318
f 2326/2326/2326 2318/2318/2318 2327/2327/2327
f 2327/2327/2327 2318/2318/2318 2319/2319/2319
f 2327/2327/2327 2319/2319/2319 2328/2328/2328
f 2328/2328/2328 2319/2319/2319 2320/2320/2320
f 2329/2329/2329 2320/2320/2320 2321/2321/2321
f 2328/2328/2328 2320/2320/2320 2329/2329/2329
f 2322/2322/2322 2324/2324/2324 2330/2330/2330
f 2324/2324/2324 2325/2325/2325 2331/2331/2331
f 2324/2324/2324 2331/2331/2331 2330/2330/2330
f 2332/2332/2332 2325/2325/2325 2326/2326/2326
f 2325/2325/2325 2332/2332/2332 2331/2331/2331
f 2332/2332/2332 2326/2326/2326 2333/2333/2333
f 2333/2333/2333 2326/2326/2326 2327/2327/2327
f 2331/2331/2331 2332/2332/2332 2333/2333/2333
f 2334/2334/2334 2327/2327/2327 2328/2328/2328
f 2333/2333/2333 2327/2327/2327 2334/2334/2334
f 2331/2331/2331 2333/2333/2333 2335/2335/2335
f 2330/2330/2330 2331/2331/2331 2335/2335/2335
f 2335/2335/2335 2333/2333/2333 2334/2334/2334
f 2322/2322/2322 2330/2330/2330 2336/2336/2336
f 2323/2323/2323 2322/2322/2322 2336/2336/2336
f 2334/2334/2334 2328/2328/2328 2337/2337/2337
f 2337/2337/2337 2328/2328/2328 2329/2329/2329
f 2335/2335/2335 2334/2334/2334 2338/2338/2338
f 2338/2338/2338 2334/2334/2334 2337/2337/2337
f 2330/2330/2330 2335/2335/2335 2339/2339/2339
f 2336/2336/2336 2330/2330/2330 2339/2339/2339
f 2339/2339/2339 2335/2335/2335 2338/2338/2338
f 2323/2323/2323 2336/2336/2336 2340/2340/2340
f 2336/2336/2336 2339/2339/2339 2341/2341/2341
f 2340/2340/2340 2336/2336/2336 2341/2341/2341
f 2339/2339/2339 2338/2338/2338 2342/2342/2342
f 2341/2341/2341 2339/2339/2339 2342/2342/2342
f 2338/2338/2338 2337/2337/2337 2343/2343/2343
f 2342/2342/2342 2338/2338/2338 2343/2343/2343
f 2337/2337/2337 2329/2329/2329 2344/2344/2344
f 2343/2343/2343 2337/2337/2337 2344/2344/2344
f 2344/2344/2344 2329/2329/2329 2345/2345/2345
f 2343/2343/2343 2344/2344/2344 2345/2345/2345
f 2329/2329/2329 2321/2321/2321 2345/2345/2345
f 2346/2346/2346 2323/2323/2323 2340/2340/2340
f 2317/2317/2317 2323/2323/2323 2346/2346/2346
f 2340/2340/2340 2341/2341/2341 2347/2347/2347
f 2346/2346/2346 2340/2340/2340 2347/2347/2347
f 2342/2342/2342 2343/2343/2343 2348/2348/2348
f 2348/2348/2348 2343/2343/2343 2345/2345/2345
f 2345/2345/2345 2321/2321/2321 2349/2349/2349
f 2348/2348/2348 2345/2345/2345 2349/2349/2349
f 2321/2321/2321 2309/2309/2309 2349/2349/2349
f 2341/2341/2341 2342/2342/2342 2350/2350/2350
f 2350/2350/2350 2342/2342/2342 2348/2348/2348
f 2347/2347/2347 2341/2341/2341 2350/2350/2350
f 2351/2351/2351 2317/2317/2317 2346/2346/2346
f 2312/2312/2312 2317/2317/2317 2351/2351/2351
f 2349/2349/2349 2309/2309/2309 2352/2352/2352
f 2309/2309/2309 2297/2297/2297 2352/2352/2352
f 2353/2353/2353 2348/2348/2348 2349/2349/2349
f 2350/2350/2350 2348/2348/2348 2353/2353/2353
f 2353/2353/2353 2349/2349/2349 2352/2352/2352
f 2347/2347/2347 2350/2350/2350 2354/2354/2354
f 2354/2354/2354 2350/2350/2350 2353/2353/2353
f 2346/2346/2346 2347/2347/2347 2355/2355/2355
f 2351/2351/2351 2346/2346/2346 2355/2355/2355
f 2355/2355/2355 2347/2347/2347 2354/2354/2354
f 2356/2356/2356 2312/2312/2312 2351/2351/2351
f 2294/2294/2294 2312/2312/2312 2356/2356/2356
f 2352/2352/2352 2297/2297/2297 2357/2357/2357
f 2297/2297/2297 2287/2287/2287 2357/2357/2357
f 2358/2358/2358 2353/2353/2353 2352/2352/2352
f 2354/2354/2354 2353/2353/2353 2358/2358/2358
f 2358/2358/2358 2352/2352/2352 2357/2357/2357
f 2357/2357/2357 2287/2287/2287 2359/2359/2359
f 2359/2359/2359 2358/2358/2358 2357/2357/2357
f 2287/2287/2287 2281/2281/2281 2359/2359/2359
f 2360/2360/2360 2354/2354/2354 2358/2358/2358
f 2355/2355/2355 2354/2354/2354 2360/2360/2360
f 2360/2360/2360 2358/2358/2358 2359/2359/2359
f 2351/2351/2351 2355/2355/2355 2361/2361/2361
f 2361/2361/2361 2355/2355/2355 2360/2360/2360
f 2356/2356/2356 2351/2351/2351 2361/2361/2361
f 2359/2359/2359 2281/2281/2281 2362/2362/2362
f 2362/2362/2362 2360/2360/2360 2359/2359/2359
f 2361/2361/2361 2360/2360/2360 2362/2362/2362
f 2281/2281/2281 2280/2280/2280 2362/2362/2362
f 2363/2363/2363 2361/2361/2361 2362/2362/2362
f 2362/2362/2362 2280/2280/2280 2363/2363/2363
f 2356/2356/2356 2361/2361/2361 2363/2363/2363
f 2280/2280/2280 2284/2284/2284 2363/2363/2363
f 2364/2364/2364 2356/2356/2356 2363/2363/2363
f 2363/2363/2363 2284/2284/2284 2364/2364/2364
f 2364/2364/2364 2294/2294/2294 2356/2356/2356
f 2284/2284/2284 2294/2294/2294 2364/2364/2364
g Sniperman_2
f 2367/2367/2367 2366/2366/2366 2365/2365/2365
f 2370/2370/2370 2369/2369/2369 2368/2368/2368
f 2373/2373/2373 2372/2372/2372 2371/2371/2371
f 2376/2376/2376 2375/2375/2375 2374/2374/2374
f 2379/2379/2379 2378/2378/2378 2377/2377/2377
f 2377/2377/2377 2380/2380/2380 2379/2379/2379
f 2377/2377/2377 2381/2381/2381 2380/2380/2380
f 2381/2381/2381 2382/2382/2382 2380/2380/2380
f 2381/2381/2381 2383/2383/2383 2382/2382/2382
f 2383/2383/2383 2384/2384/2384 2382/2382/2382
f 2383/2383/2383 2385/2385/2385 2384/2384/2384
f 2388/2388/2388 2387/2387/2387 2386/2386/2386
f 2388/2388/2388 2386/2386/2386 2389/2389/2389
f 2386/2386/2386 2390/2390/2390 2389/2389/2389
f 2391/2391/2391 2388/2388/2388 2389/2389/2389
f 2392/2392/2392 2389/2389/2389 2390/2390/2390
f 2390/2390/2390 2393/2393/2393 2392/2392/2392
f 2392/2392/2392 2393/2393/2393 2394/2394/2394
f 2391/2391/2391 2389/2389/2389 2395/2395/2395
f 2395/2395/2395 2389/2389/2389 2392/2392/2392
f 2396/2396/2396 2391/2391/2391 2395/2395/2395
f 2396/2396/2396 2395/2395/2395 2397/2397/2397
f 2398/2398/2398 2396/2396/2396 2397/2397/2397
f 2398/2398/2398 2397/2397/2397 2399/2399/2399
f 2400/2400/2400 2398/2398/2398 2399/2399/2399
f 2400/2400/2400 2399/2399/2399 2401/2401/2401
f 2402/2402/2402 2400/2400/2400 2401/2401/2401
f 2402/2402/2402 2401/2401/2401 2403/2403/2403
f 2404/2404/2404 2402/2402/2402 2403/2403/2403
f 2404/2404/2404 2403/2403/2403 2405/2405/2405
f 2406/2406/2406 2395/2395/2395 2392/2392/2392
f 2404/2404/2404 2405/2405/2405 2407/2407/2407
f 2406/2406/2406 2392/2392/2392 2408/2408/2408
f 2408/2408/2408 2392/2392/2392 2394/2394/2394
f 2408/2408/2408 2394/2394/2394 2409/2409/2409
f 2410/2410/2410 2408/2408/2408 2409/2409/2409
f 2409/2409/2409 2411/2411/2411 2410/2410/2410
f 2408/2408/2408 2410/2410/2410 2412/2412/2412
f 2406/2406/2406 2408/2408/2408 2413/2413/2413
f 2413/2413/2413 2408/2408/2408 2412/2412/2412
f 2406/2406/2406 2413/2413/2413 2414/2414/2414
f 2414/2414/2414 2413/2413/2413 2412/2412/2412
f 2414/2414/2414 2415/2415/2415 2406/2406/2406
f 2414/2414/2414 2412/2412/2412 2416/2416/2416
f 2416/2416/2416 2417/2417/2417 2414/2414/2414
f 2405/2405/2405 2418/2418/2418 2407/2407/2407
f 2407/2407/2407 2418/2418/2418 2419/2419/2419
f 2420/2420/2420 2407/2407/2407 2419/2419/2419
f 2419/2419/2419 2421/2421/2421 2420/2420/2420
f 2422/2422/2422 2419/2419/2419 2418/2418/2418
f 2418/2418/2418 2405/2405/2405 2423/2423/2423
f 2418/2418/2418 2423/2423/2423 2422/2422/2422
f 2405/2405/2405 2424/2424/2424 2423/2423/2423
f 2423/2423/2423 2425/2425/2425 2422/2422/2422
f 2425/2425/2425 2426/2426/2426 2422/2422/2422
f 2425/2425/2425 2427/2427/2427 2426/2426/2426
f 2427/2427/2427 2428/2428/2428 2426/2426/2426
f 2427/2427/2427 2429/2429/2429 2428/2428/2428
f 2429/2429/2429 2430/2430/2430 2428/2428/2428
f 2429/2429/2429 2431/2431/2431 2430/2430/2430
f 2431/2431/2431 2432/2432/2432 2430/2430/2430
f 2431/2431/2431 2433/2433/2433 2432/2432/2432
f 2433/2433/2433 2434/2434/2434 2432/2432/2432
f 2435/2435/2435 2431/2431/2431 2429/2429/2429
f 2436/2436/2436 2435/2435/2435 2429/2429/2429
f 2436/2436/2436 2429/2429/2429 2427/2427/2427
f 2437/2437/2437 2436/2436/2436 2427/2427/2427
f 2437/2437/2437 2427/2427/2427 2425/2425/2425
f 2438/2438/2438 2437/2437/2437 2425/2425/2425
f 2438/2438/2438 2425/2425/2425 2423/2423/2423
f 2439/2439/2439 2438/2438/2438 2423/2423/2423
f 2439/2439/2439 2423/2423/2423 2424/2424/2424
f 2440/2440/2440 2439/2439/2439 2424/2424/2424
f 2424/2424/2424 2441/2441/2441 2440/2440/2440
f 2442/2442/2442 2440/2440/2440 2441/2441/2441
f 2440/2440/2440 2442/2442/2442 2443/2443/2443
f 2444/2444/2444 2442/2442/2442 2441/2441/2441
f 2444/2444/2444 2441/2441/2441 2445/2445/2445
f 2445/2445/2445 2446/2446/2446 2444/2444/2444
f 2444/2444/2444 2446/2446/2446 2447/2447/2447
f 2448/2448/2448 2444/2444/2444 2447/2447/2447
f 2451/2451/2451 2450/2450/2450 2449/2449/2449
f 2450/2450/2450 2452/2452/2452 2449/2449/2449
f 2450/2450/2450 2453/2453/2453 2452/2452/2452
f 2449/2449/2449 2452/2452/2452 2454/2454/2454
f 2453/2453/2453 2455/2455/2455 2452/2452/2452
f 2452/2452/2452 2456/2456/2456 2454/2454/2454
f 2452/2452/2452 2455/2455/2455 2456/2456/2456
f 2454/2454/2454 2456/2456/2456 2457/2457/2457
f 2455/2455/2455 2458/2458/2458 2456/2456/2456
f 2456/2456/2456 2459/2459/2459 2457/2457/2457
f 2456/2456/2456 2458/2458/2458 2459/2459/2459
f 2457/2457/2457 2459/2459/2459 2460/2460/2460
f 2458/2458/2458 2461/2461/2461 2459/2459/2459
f 2459/2459/2459 2462/2462/2462 2460/2460/2460
f 2459/2459/2459 2461/2461/2461 2462/2462/2462
f 2461/2461/2461 2463/2463/2463 2462/2462/2462
f 2466/2466/2466 2465/2465/2465 2464/2464/2464
f 2465/2465/2465 2466/2466/2466 2467/2467/2467
f 2467/2467/2467 2468/2468/2468 2465/2465/2465
f 2467/2467/2467 2469/2469/2469 2468/2468/2468
f 2468/2468/2468 2469/2469/2469 2470/2470/2470
f 2470/2470/2470 2471/2471/2471 2468/2468/2468
f 2470/2470/2470 2472/2472/2472 2471/2471/2471
f 2473/2473/2473 2471/2471/2471 2472/2472/2472
f 2472/2472/2472 2470/2470/2470 2474/2474/2474
f 2470/2470/2470 2475/2475/2475 2474/2474/2474
f 2472/2472/2472 2476/2476/2476 2473/2473/2473
f 2472/2472/2472 2474/2474/2474 2476/2476/2476
f 2474/2474/2474 2477/2477/2477 2476/2476/2476
f 2476/2476/2476 2478/2478/2478 2473/2473/2473
f 2476/2476/2476 2479/2479/2479 2478/2478/2478
f 2476/2476/2476 2480/2480/2480 2479/2479/2479
f 2483/2483/2483 2482/2482/2482 2481/2481/2481
f 2482/2482/2482 2484/2484/2484 2481/2481/2481
f 2485/2485/2485 2481/2481/2481 2484/2484/2484
f 2484/2484/2484 2482/2482/2482 2486/2486/2486
f 2487/2487/2487 2485/2485/2485 2484/2484/2484
f 2486/2486/2486 2488/2488/2488 2484/2484/2484
f 2488/2488/2488 2486/2486/2486 2489/2489/2489
f 2490/2490/2490 2488/2488/2488 2489/2489/2489
f 2488/2488/2488 2491/2491/2491 2484/2484/2484
f 2484/2484/2484 2491/2491/2491 2487/2487/2487
f 2491/2491/2491 2492/2492/2492 2487/2487/2487
f 2492/2492/2492 2493/2493/2493 2487/2487/2487
f 2492/2492/2492 2494/2494/2494 2493/2493/2493
f 2494/2494/2494 2495/2495/2495 2493/2493/2493
f 2498/2498/2498 2497/2497/2497 2496/2496/2496
f 2499/2499/2499 2498/2498/2498 2496/2496/2496
f 2500/2500/2500 2498/2498/2498 2499/2499/2499
f 2501/2501/2501 2500/2500/2500 2499/2499/2499
f 2502/2502/2502 2499/2499/2499 2496/2496/2496
f 2501/2501/2501 2499/2499/2499 2502/2502/2502
f 2503/2503/2503 2501/2501/2501 2502/2502/2502
f 2504/2504/2504 2502/2502/2502 2496/2496/2496
f 2504/2504/2504 2505/2505/2505 2502/2502/2502
f 2505/2505/2505 2506/2506/2506 2502/2502/2502
f 2509/2509/2509 2508/2508/2508 2507/2507/2507
f 2510/2510/2510 2509/2509/2509 2507/2507/2507
f 2511/2511/2511 2509/2509/2509 2510/2510/2510
f 2510/2510/2510 2512/2512/2512 2511/2511/2511
f 2510/2510/2510 2507/2507/2507 2513/2513/2513
f 2512/2512/2512 2510/2510/2510 2514/2514/2514
f 2514/2514/2514 2510/2510/2510 2513/2513/2513
f 2515/2515/2515 2512/2512/2512 2514/2514/2514
f 2514/2514/2514 2516/2516/2516 2515/2515/2515
f 2516/2516/2516 2517/2517/2517 2515/2515/2515
f 2518/2518/2518 2516/2516/2516 2514/2514/2514
f 2513/2513/2513 2518/2518/2518 2514/2514/2514
f 2519/2519/2519 2518/2518/2518 2513/2513/2513
f 2520/2520/2520 2519/2519/2519 2513/2513/2513
f 2523/2523/2523 2522/2522/2522 2521/2521/2521
f 2522/2522/2522 2524/2524/2524 2521/2521/2521
f 2522/2522/2522 2525/2525/2525 2524/2524/2524
f 2525/2525/2525 2526/2526/2526 2524/2524/2524
f 2525/2525/2525 2527/2527/2527 2526/2526/2526
f 2527/2527/2527 2528/2528/2528 2526/2526/2526
f 2531/2531/2531 2530/2530/2530 2529/2529/2529
f 2530/2530/2530 2532/2532/2532 2529/2529/2529
f 2530/2530/2530 2533/2533/2533 2532/2532/2532
f 2529/2529/2529 2532/2532/2532 2534/2534/2534
f 2533/2533/2533 2535/2535/2535 2532/2532/2532
f 2533/2533/2533 2536/2536/2536 2535/2535/2535
f 2532/2532/2532 2537/2537/2537 2534/2534/2534
f 2532/2532/2532 2535/2535/2535 2537/2537/2537
f 2536/2536/2536 2538/2538/2538 2535/2535/2535
f 2536/2536/2536 2539/2539/2539 2538/2538/2538
f 2535/2535/2535 2538/2538/2538 2540/2540/2540
f 2535/2535/2535 2540/2540/2540 2537/2537/2537
f 2538/2538/2538 2539/2539/2539 2541/2541/2541
f 2538/2538/2538 2541/2541/2541 2540/2540/2540
f 2539/2539/2539 2542/2542/2542 2541/2541/2541
f 2539/2539/2539 2543/2543/2543 2542/2542/2542
f 2543/2543/2543 2544/2544/2544 2542/2542/2542
f 2543/2543/2543 2545/2545/2545 2544/2544/2544
f 2545/2545/2545 2546/2546/2546 2544/2544/2544
f 2540/2540/2540 2541/2541/2541 2547/2547/2547
f 2541/2541/2541 2548/2548/2548 2547/2547/2547
f 2541/2541/2541 2542/2542/2542 2548/2548/2548
f 2542/2542/2542 2549/2549/2549 2548/2548/2548
f 2542/2542/2542 2544/2544/2544 2549/2549/2549
f 2544/2544/2544 2550/2550/2550 2549/2549/2549
f 2544/2544/2544 2546/2546/2546 2550/2550/2550
f 2546/2546/2546 2551/2551/2551 2550/2550/2550
f 2546/2546/2546 2552/2552/2552 2551/2551/2551
f 2552/2552/2552 2553/2553/2553 2551/2551/2551
f 2540/2540/2540 2547/2547/2547 2554/2554/2554
f 2537/2537/2537 2540/2540/2540 2554/2554/2554
f 2555/2555/2555 2537/2537/2537 2554/2554/2554
f 2554/2554/2554 2556/2556/2556 2555/2555/2555
f 2556/2556/2556 2557/2557/2557 2555/2555/2555
f 2534/2534/2534 2537/2537/2537 2555/2555/2555
f 2555/2555/2555 2557/2557/2557 2558/2558/2558
f 2557/2557/2557 2559/2559/2559 2558/2558/2558
f 2534/2534/2534 2555/2555/2555 2560/2560/2560
f 2560/2560/2560 2555/2555/2555 2558/2558/2558
f 2558/2558/2558 2559/2559/2559 2561/2561/2561
f 2560/2560/2560 2558/2558/2558 2561/2561/2561
f 2562/2562/2562 2560/2560/2560 2561/2561/2561
f 2559/2559/2559 2563/2563/2563 2561/2561/2561
f 2564/2564/2564 2534/2534/2534 2560/2560/2560
f 2562/2562/2562 2564/2564/2564 2560/2560/2560
f 2565/2565/2565 2534/2534/2534 2564/2564/2564
f 2565/2565/2565 2564/2564/2564 2562/2562/2562
f 2566/2566/2566 2565/2565/2565 2562/2562/2562
f 2567/2567/2567 2566/2566/2566 2562/2562/2562
f 2561/2561/2561 2563/2563/2563 2568/2568/2568
f 2562/2562/2562 2561/2561/2561 2568/2568/2568
f 2563/2563/2563 2569/2569/2569 2568/2568/2568
f 2567/2567/2567 2562/2562/2562 2570/2570/2570
f 2570/2570/2570 2562/2562/2562 2568/2568/2568
f 2571/2571/2571 2567/2567/2567 2570/2570/2570
f 2568/2568/2568 2569/2569/2569 2572/2572/2572
f 2570/2570/2570 2568/2568/2568 2572/2572/2572
f 2569/2569/2569 2573/2573/2573 2572/2572/2572
f 2570/2570/2570 2574/2574/2574 2571/2571/2571
f 2574/2574/2574 2570/2570/2570 2572/2572/2572
f 2574/2574/2574 2575/2575/2575 2571/2571/2571
f 2575/2575/2575 2574/2574/2574 2576/2576/2576
f 2572/2572/2572 2573/2573/2573 2577/2577/2577
f 2574/2574/2574 2572/2572/2572 2577/2577/2577
f 2573/2573/2573 2578/2578/2578 2577/2577/2577
f 2574/2574/2574 2579/2579/2579 2576/2576/2576
f 2579/2579/2579 2574/2574/2574 2577/2577/2577
f 2576/2576/2576 2579/2579/2579 2580/2580/2580
f 2577/2577/2577 2580/2580/2580 2579/2579/2579
f 2581/2581/2581 2576/2576/2576 2580/2580/2580
f 2581/2581/2581 2580/2580/2580 2582/2582/2582
f 2582/2582/2582 2580/2580/2580 2583/2583/2583
f 2584/2584/2584 2580/2580/2580 2577/2577/2577
f 2585/2585/2585 2584/2584/2584 2577/2577/2577
f 2580/2580/2580 2586/2586/2586 2583/2583/2583
f 2586/2586/2586 2580/2580/2580 2584/2584/2584
f 2583/2583/2583 2586/2586/2586 2587/2587/2587
f 2584/2584/2584 2588/2588/2588 2586/2586/2586
f 2584/2584/2584 2589/2589/2589 2588/2588/2588
f 2589/2589/2589 2590/2590/2590 2588/2588/2588
f 2593/2593/2593 2592/2592/2592 2591/2591/2591
f 2592/2592/2592 2594/2594/2594 2591/2591/2591
f 2591/2591/2591 2594/2594/2594 2595/2595/2595
f 2592/2592/2592 2596/2596/2596 2594/2594/2594
f 2594/2594/2594 2597/2597/2597 2595/2595/2595
f 2596/2596/2596 2598/2598/2598 2594/2594/2594
f 2594/2594/2594 2598/2598/2598 2597/2597/2597
f 2596/2596/2596 2599/2599/2599 2598/2598/2598
f 2598/2598/2598 2600/2600/2600 2597/2597/2597
f 2599/2599/2599 2601/2601/2601 2598/2598/2598
f 2598/2598/2598 2601/2601/2601 2600/2600/2600
f 2601/2601/2601 2602/2602/2602 2600/2600/2600
f 2605/2605/2605 2604/2604/2604 2603/2603/2603
f 2604/2604/2604 2606/2606/2606 2603/2603/2603
f 2603/2603/2603 2606/2606/2606 2607/2607/2607
f 2604/2604/2604 2608/2608/2608 2606/2606/2606
f 2606/2606/2606 2609/2609/2609 2607/2607/2607
f 2608/2608/2608 2610/2610/2610 2606/2606/2606
f 2606/2606/2606 2610/2610/2610 2609/2609/2609
f 2608/2608/2608 2611/2611/2611 2610/2610/2610
f 2610/2610/2610 2612/2612/2612 2609/2609/2609
f 2611/2611/2611 2613/2613/2613 2610/2610/2610
f 2610/2610/2610 2613/2613/2613 2612/2612/2612
f 2613/2613/2613 2614/2614/2614 2612/2612/2612
f 2617/2617/2617 2616/2616/2616 2615/2615/2615
f 2618/2618/2618 2617/2617/2617 2615/2615/2615
f 2618/2618/2618 2615/2615/2615 2619/2619/2619
f 2620/2620/2620 2618/2618/2618 2619/2619/2619
f 2620/2620/2620 2619/2619/2619 2621/2621/2621
f 2622/2622/2622 2620/2620/2620 2621/2621/2621
f 2622/2622/2622 2621/2621/2621 2623/2623/2623
f 2624/2624/2624 2622/2622/2622 2623/2623/2623
f 2627/2627/2627 2626/2626/2626 2625/2625/2625
f 2628/2628/2628 2627/2627/2627 2625/2625/2625
f 2631/2631/2631 2630/2630/2630 2629/2629/2629
f 2632/2632/2632 2631/2631/2631 2629/2629/2629
f 2635/2635/2635 2634/2634/2634 2633/2633/2633
f 2636/2636/2636 2635/2635/2635 2633/2633/2633
f 2637/2637/2637 2635/2635/2635 2636/2636/2636
f 2638/2638/2638 2637/2637/2637 2636/2636/2636
f 2641/2641/2641 2640/2640/2640 2639/2639/2639
f 2640/2640/2640 2642/2642/2642 2639/2639/2639
f 2642/2642/2642 2640/2640/2640 2643/2643/2643
f 2642/2642/2642 2643/2643/2643 2644/2644/2644
f 2645/2645/2645 2642/2642/2642 2644/2644/2644
f 2642/2642/2642 2645/2645/2645 2646/2646/2646
f 2639/2639/2639 2642/2642/2642 2646/2646/2646
f 2646/2646/2646 2647/2647/2647 2639/2639/2639
f 2647/2647/2647 2646/2646/2646 2648/2648/2648
f 2647/2647/2647 2648/2648/2648 2649/2649/2649
f 2650/2650/2650 2647/2647/2647 2649/2649/2649
f 2649/2649/2649 2651/2651/2651 2650/2650/2650
f 2649/2649/2649 2648/2648/2648 2652/2652/2652
f 2653/2653/2653 2652/2652/2652 2648/2648/2648
f 2653/2653/2653 2648/2648/2648 2654/2654/2654
f 2654/2654/2654 2655/2655/2655 2653/2653/2653
f 2654/2654/2654 2648/2648/2648 2656/2656/2656
f 2656/2656/2656 2657/2657/2657 2654/2654/2654
f 2657/2657/2657 2656/2656/2656 2658/2658/2658
f 2659/2659/2659 2657/2657/2657 2658/2658/2658
f 2658/2658/2658 2660/2660/2660 2659/2659/2659
f 2663/2663/2663 2662/2662/2662 2661/2661/2661
f 2662/2662/2662 2664/2664/2664 2661/2661/2661
f 2661/2661/2661 2664/2664/2664 2665/2665/2665
f 2664/2664/2664 2666/2666/2666 2665/2665/2665
f 2661/2661/2661 2665/2665/2665 2667/2667/2667
f 2665/2665/2665 2668/2668/2668 2667/2667/2667
f 2668/2668/2668 2669/2669/2669 2667/2667/2667
f 2669/2669/2669 2670/2670/2670 2667/2667/2667
f 2673/2673/2673 2672/2672/2672 2671/2671/2671
f 2674/2674/2674 2673/2673/2673 2671/2671/2671
f 2677/2677/2677 2676/2676/2676 2675/2675/2675
f 2676/2676/2676 2678/2678/2678 2675/2675/2675
f 2678/2678/2678 2676/2676/2676 2679/2679/2679
f 2680/2680/2680 2678/2678/2678 2679/2679/2679
f 2680/2680/2680 2679/2679/2679 2681/2681/2681
f 2682/2682/2682 2680/2680/2680 2681/2681/2681
f 2680/2680/2680 2682/2682/2682 2683/2683/2683
f 2684/2684/2684 2680/2680/2680 2683/2683/2683
f 2687/2687/2687 2686/2686/2686 2685/2685/2685
f 2688/2688/2688 2687/2687/2687 2685/2685/2685
f 2688/2688/2688 2685/2685/2685 2689/2689/2689
f 2685/2685/2685 2690/2690/2690 2689/2689/2689
f 2689/2689/2689 2691/2691/2691 2688/2688/2688
f 2688/2688/2688 2692/2692/2692 2687/2687/2687
f 2691/2691/2691 2692/2692/2692 2688/2688/2688
f 2691/2691/2691 2693/2693/2693 2692/2692/2692
f 2692/2692/2692 2694/2694/2694 2687/2687/2687
f 2693/2693/2693 2695/2695/2695 2692/2692/2692
f 2692/2692/2692 2695/2695/2695 2694/2694/2694
f 2695/2695/2695 2696/2696/2696 2694/2694/2694
f 2699/2699/2699 2698/2698/2698 2697/2697/2697
f 2698/2698/2698 2700/2700/2700 2697/2697/2697
f 2697/2697/2697 2700/2700/2700 2701/2701/2701
f 2700/2700/2700 2702/2702/2702 2701/2701/2701
f 2705/2705/2705 2704/2704/2704 2703/2703/2703
f 2706/2706/2706 2705/2705/2705 2703/2703/2703
f 2707/2707/2707 2705/2705/2705 2706/2706/2706
f 2708/2708/2708 2707/2707/2707 2706/2706/2706
f 2711/2711/2711 2710/2710/2710 2709/2709/2709
f 2710/2710/2710 2712/2712/2712 2709/2709/2709
f 2710/2710/2710 2713/2713/2713 2712/2712/2712
f 2713/2713/2713 2714/2714/2714 2712/2712/2712
f 2717/2717/2717 2716/2716/2716 2715/2715/2715
f 2718/2718/2718 2717/2717/2717 2715/2715/2715
f 2719/2719/2719 2717/2717/2717 2718/2718/2718
f 2718/2718/2718 2715/2715/2715 2720/2720/2720
f 2721/2721/2721 2719/2719/2719 2718/2718/2718
f 2722/2722/2722 2718/2718/2718 2720/2720/2720
f 2721/2721/2721 2718/2718/2718 2722/2722/2722
f 2720/2720/2720 2723/2723/2723 2722/2722/2722
f 2724/2724/2724 2721/2721/2721 2722/2722/2722
f 2723/2723/2723 2725/2725/2725 2722/2722/2722
f 2722/2722/2722 2725/2725/2725 2724/2724/2724
f 2725/2725/2725 2726/2726/2726 2724/2724/2724
f 2729/2729/2729 2728/2728/2728 2727/2727/2727
f 2728/2728/2728 2730/2730/2730 2727/2727/2727
f 2727/2727/2727 2730/2730/2730 2731/2731/2731
f 2732/2732/2732 2727/2727/2727 2731/2731/2731
f 2735/2735/2735 2734/2734/2734 2733/2733/2733
f 2734/2734/2734 2736/2736/2736 2733/2733/2733
f 2737/2737/2737 2736/2736/2736 2734/2734/2734
f 2738/2738/2738 2737/2737/2737 2734/2734/2734
f 2741/2741/2741 2740/2740/2740 2739/2739/2739
f 2740/2740/2740 2742/2742/2742 2739/2739/2739
f 2740/2740/2740 2743/2743/2743 2742/2742/2742
f 2743/2743/2743 2744/2744/2744 2742/2742/2742
f 2747/2747/2747 2746/2746/2746 2745/2745/2745
f 2748/2748/2748 2747/2747/2747 2745/2745/2745
f 2749/2749/2749 2747/2747/2747 2748/2748/2748
f 2750/2750/2750 2749/2749/2749 2748/2748/2748
f 2751/2751/2751 2749/2749/2749 2750/2750/2750
f 2752/2752/2752 2751/2751/2751 2750/2750/2750
f 2753/2753/2753 2751/2751/2751 2752/2752/2752
f 2754/2754/2754 2753/2753/2753 2752/2752/2752
f 2755/2755/2755 2753/2753/2753 2754/2754/2754
f 2756/2756/2756 2755/2755/2755 2754/2754/2754
f 2757/2757/2757 2755/2755/2755 2756/2756/2756
f 2758/2758/2758 2757/2757/2757 2756/2756/2756
f 2759/2759/2759 2757/2757/2757 2758/2758/2758
f 2760/2760/2760 2759/2759/2759 2758/2758/2758
f 2761/2761/2761 2759/2759/2759 2760/2760/2760
f 2762/2762/2762 2761/2761/2761 2760/2760/2760
f 2765/2765/2765 2764/2764/2764 2763/2763/2763
f 2764/2764/2764 2766/2766/2766 2763/2763/2763
f 2763/2763/2763 2766/2766/2766 2767/2767/2767
f 2766/2766/2766 2768/2768/2768 2767/2767/2767
f 2771/2771/2771 2770/2770/2770 2769/2769/2769
f 2770/2770/2770 2772/2772/2772 2769/2769/2769
f 2769/2769/2769 2772/2772/2772 2773/2773/2773
f 2772/2772/2772 2774/2774/2774 2773/2773/2773
f 2773/2773/2773 2774/2774/2774 2775/2775/2775
f 2774/2774/2774 2776/2776/2776 2775/2775/2775
f 2775/2775/2775 2776/2776/2776 2777/2777/2777
f 2776/2776/2776 2778/2778/2778 2777/2777/2777
f 2777/2777/2777 2778/2778/2778 2779/2779/2779
f 2778/2778/2778 2780/2780/2780 2779/2779/2779
f 2779/2779/2779 2780/2780/2780 2781/2781/2781
f 2780/2780/2780 2782/2782/2782 2781/2781/2781
f 2781/2781/2781 2782/2782/2782 2783/2783/2783
f 2782/2782/2782 2784/2784/2784 2783/2783/2783
f 2783/2783/2783 2784/2784/2784 2785/2785/2785
f 2784/2784/2784 2786/2786/2786 2785/2785/2785
f 2789/2789/2789 2788/2788/2788 2787/2787/2787
f 2788/2788/2788 2790/2790/2790 2787/2787/2787
f 2787/2787/2787 2790/2790/2790 2791/2791/2791
f 2790/2790/2790 2792/2792/2792 2791/2791/2791
f 2795/2795/2795 2794/2794/2794 2793/2793/2793
f 2796/2796/2796 2795/2795/2795 2793/2793/2793
f 2797/2797/2797 2795/2795/2795 2796/2796/2796
f 2798/2798/2798 2797/2797/2797 2796/2796/2796
f 2799/2799/2799 2797/2797/2797 2798/2798/2798
f 2800/2800/2800 2799/2799/2799 2798/2798/2798
f 2801/2801/2801 2799/2799/2799 2800/2800/2800
f 2802/2802/2802 2801/2801/2801 2800/2800/2800
f 2803/2803/2803 2801/2801/2801 2802/2802/2802
f 2804/2804/2804 2803/2803/2803 2802/2802/2802
f 2805/2805/2805 2803/2803/2803 2804/2804/2804
f 2806/2806/2806 2805/2805/2805 2804/2804/2804
f 2807/2807/2807 2805/2805/2805 2806/2806/2806
f 2808/2808/2808 2807/2807/2807 2806/2806/2806
f 2809/2809/2809 2807/2807/2807 2808/2808/2808
f 2810/2810/2810 2809/2809/2809 2808/2808/2808
f 2813/2813/2813 2812/2812/2812 2811/2811/2811
f 2812/2812/2812 2814/2814/2814 2811/2811/2811
f 2811/2811/2811 2814/2814/2814 2815/2815/2815
f 2814/2814/2814 2816/2816/2816 2815/2815/2815
f 2819/2819/2819 2818/2818/2818 2817/2817/2817
f 2818/2818/2818 2820/2820/2820 2817/2817/2817
f 2817/2817/2817 2820/2820/2820 2821/2821/2821
f 2820/2820/2820 2822/2822/2822 2821/2821/2821
f 2825/2825/2825 2824/2824/2824 2823/2823/2823
f 2824/2824/2824 2826/2826/2826 2823/2823/2823
f 2823/2823/2823 2826/2826/2826 2827/2827/2827
f 2826/2826/2826 2828/2828/2828 2827/2827/2827
f 2831/2831/2831 2830/2830/2830 2829/2829/2829
f 2830/2830/2830 2832/2832/2832 2829/2829/2829
f 2829/2829/2829 2832/2832/2832 2833/2833/2833
f 2832/2832/2832 2834/2834/2834 2833/2833/2833
f 2837/2837/2837 2836/2836/2836 2835/2835/2835
f 2836/2836/2836 2838/2838/2838 2835/2835/2835
f 2835/2835/2835 2838/2838/2838 2839/2839/2839
f 2838/2838/2838 2840/2840/2840 2839/2839/2839
f 2839/2839/2839 2840/2840/2840 2841/2841/2841
f 2840/2840/2840 2842/2842/2842 2841/2841/2841
f 2841/2841/2841 2842/2842/2842 2843/2843/2843
f 2842/2842/2842 2844/2844/2844 2843/2843/2843
f 2847/2847/2847 2846/2846/2846 2845/2845/2845
f 2846/2846/2846 2848/2848/2848 2845/2845/2845
f 2845/2845/2845 2848/2848/2848 2849/2849/2849
f 2848/2848/2848 2850/2850/2850 2849/2849/2849
f 2849/2849/2849 2850/2850/2850 2851/2851/2851
f 2850/2850/2850 2852/2852/2852 2851/2851/2851
f 2851/2851/2851 2852/2852/2852 2853/2853/2853
f 2852/2852/2852 2854/2854/2854 2853/2853/2853
f 2857/2857/2857 2856/2856/2856 2855/2855/2855
f 2856/2856/2856 2858/2858/2858 2855/2855/2855
f 2855/2855/2855 2858/2858/2858 2859/2859/2859
f 2858/2858/2858 2860/2860/2860 2859/2859/2859
f 2859/2859/2859 2860/2860/2860 2861/2861/2861
f 2860/2860/2860 2862/2862/2862 2861/2861/2861
f 2861/2861/2861 2862/2862/2862 2863/2863/2863
f 2862/2862/2862 2864/2864/2864 2863/2863/2863
f 2867/2867/2867 2866/2866/2866 2865/2865/2865
f 2865/2865/2865 2868/2868/2868 2867/2867/2867
f 2868/2868/2868 2869/2869/2869 2867/2867/2867
f 2868/2868/2868 2870/2870/2870 2869/2869/2869
f 2870/2870/2870 2871/2871/2871 2869/2869/2869
f 2870/2870/2870 2872/2872/2872 2871/2871/2871
f 2872/2872/2872 2873/2873/2873 2871/2871/2871
f 2876/2876/2876 2875/2875/2875 2874/2874/2874
f 2877/2877/2877 2876/2876/2876 2874/2874/2874
f 2874/2874/2874 2878/2878/2878 2877/2877/2877
f 2877/2877/2877 2879/2879/2879 2876/2876/2876
f 2879/2879/2879 2880/2880/2880 2876/2876/2876
f 2880/2880/2880 2879/2879/2879 2881/2881/2881
f 2878/2878/2878 2882/2882/2882 2877/2877/2877
f 2877/2877/2877 2882/2882/2882 2879/2879/2879
f 2878/2878/2878 2883/2883/2883 2882/2882/2882
f 2883/2883/2883 2884/2884/2884 2882/2882/2882
f 2882/2882/2882 2884/2884/2884 2885/2885/2885
f 2882/2882/2882 2885/2885/2885 2879/2879/2879
f 2884/2884/2884 2886/2886/2886 2885/2885/2885
f 2879/2879/2879 2887/2887/2887 2881/2881/2881
f 2879/2879/2879 2885/2885/2885 2887/2887/2887
f 2888/2888/2888 2881/2881/2881 2887/2887/2887
f 2889/2889/2889 2888/2888/2888 2887/2887/2887
f 2885/2885/2885 2886/2886/2886 2890/2890/2890
f 2885/2885/2885 2890/2890/2890 2887/2887/2887
f 2887/2887/2887 2890/2890/2890 2889/2889/2889
f 2886/2886/2886 2891/2891/2891 2890/2890/2890
f 2890/2890/2890 2892/2892/2892 2889/2889/2889
f 2890/2890/2890 2891/2891/2891 2892/2892/2892
f 2891/2891/2891 2893/2893/2893 2892/2892/2892
f 2896/2896/2896 2895/2895/2895 2894/2894/2894
f 2897/2897/2897 2896/2896/2896 2894/2894/2894
f 2896/2896/2896 2897/2897/2897 2898/2898/2898
f 2899/2899/2899 2896/2896/2896 2898/2898/2898
f 2898/2898/2898 2900/2900/2900 2899/2899/2899
f 2898/2898/2898 2901/2901/2901 2900/2900/2900
f 2901/2901/2901 2902/2902/2902 2900/2900/2900
f 2903/2903/2903 2902/2902/2902 2901/2901/2901
f 2904/2904/2904 2903/2903/2903 2901/2901/2901
f 2907/2907/2907 2906/2906/2906 2905/2905/2905
f 2906/2906/2906 2908/2908/2908 2905/2905/2905
f 2905/2905/2905 2908/2908/2908 2909/2909/2909
f 2905/2905/2905 2909/2909/2909 2910/2910/2910
f 2910/2910/2910 2911/2911/2911 2905/2905/2905
f 2911/2911/2911 2910/2910/2910 2912/2912/2912
f 2913/2913/2913 2911/2911/2911 2912/2912/2912
f 2913/2913/2913 2912/2912/2912 2914/2914/2914
f 2912/2912/2912 2915/2915/2915 2914/2914/2914
f 2918/2918/2918 2917/2917/2917 2916/2916/2916
f 2919/2919/2919 2918/2918/2918 2916/2916/2916
f 2920/2920/2920 2919/2919/2919 2916/2916/2916
f 2921/2921/2921 2920/2920/2920 2916/2916/2916
f 2920/2920/2920 2921/2921/2921 2922/2922/2922
f 2923/2923/2923 2920/2920/2920 2922/2922/2922
f 2923/2923/2923 2922/2922/2922 2924/2924/2924
f 2925/2925/2925 2923/2923/2923 2924/2924/2924
f 2928/2928/2928 2927/2927/2927 2926/2926/2926
f 2929/2929/2929 2928/2928/2928 2926/2926/2926
f 2930/2930/2930 2928/2928/2928 2929/2929/2929
f 2931/2931/2931 2930/2930/2930 2929/2929/2929
f 2932/2932/2932 2930/2930/2930 2931/2931/2931
f 2933/2933/2933 2932/2932/2932 2931/2931/2931
f 2934/2934/2934 2932/2932/2932 2933/2933/2933
f 2935/2935/2935 2934/2934/2934 2933/2933/2933
f 2936/2936/2936 2934/2934/2934 2935/2935/2935
f 2937/2937/2937 2936/2936/2936 2935/2935/2935
f 2938/2938/2938 2936/2936/2936 2937/2937/2937
f 2939/2939/2939 2938/2938/2938 2937/2937/2937
f 2940/2940/2940 2938/2938/2938 2939/2939/2939
f 2941/2941/2941 2940/2940/2940 2939/2939/2939
f 2942/2942/2942 2940/2940/2940 2941/2941/2941
f 2943/2943/2943 2942/2942/2942 2941/2941/2941
f 2946/2946/2946 2945/2945/2945 2944/2944/2944
f 2947/2947/2947 2946/2946/2946 2944/2944/2944
f 2948/2948/2948 2946/2946/2946 2947/2947/2947
f 2949/2949/2949 2948/2948/2948 2947/2947/2947
f 2952/2952/2952 2951/2951/2951 2950/2950/2950
f 2952/2952/2952 2950/2950/2950 2953/2953/2953
f 2953/2953/2953 2954/2954/2954 2952/2952/2952
f 2954/2954/2954 2955/2955/2955 2952/2952/2952
f 2954/2954/2954 2956/2956/2956 2955/2955/2955
f 2954/2954/2954 2953/2953/2953 2957/2957/2957
f 2953/2953/2953 2958/2958/2958 2957/2957/2957
f 2961/2961/2961 2960/2960/2960 2959/2959/2959
f 2960/2960/2960 2962/2962/2962 2959/2959/2959
f 2959/2959/2959 2962/2962/2962 2963/2963/2963
f 2962/2962/2962 2964/2964/2964 2963/2963/2963
f 2963/2963/2963 2964/2964/2964 2965/2965/2965
f 2964/2964/2964 2966/2966/2966 2965/2965/2965
f 2965/2965/2965 2966/2966/2966 2967/2967/2967
f 2966/2966/2966 2968/2968/2968 2967/2967/2967
f 2971/2971/2971 2970/2970/2970 2969/2969/2969
f 2969/2969/2969 2972/2972/2972 2971/2971/2971
f 2969/2969/2969 2973/2973/2973 2972/2972/2972
f 2973/2973/2973 2974/2974/2974 2972/2972/2972
f 2973/2973/2973 2975/2975/2975 2974/2974/2974
f 2975/2975/2975 2976/2976/2976 2974/2974/2974
f 2975/2975/2975 2977/2977/2977 2976/2976/2976
f 2980/2980/2980 2979/2979/2979 2978/2978/2978
f 2978/2978/2978 2981/2981/2981 2980/2980/2980
f 2981/2981/2981 2982/2982/2982 2980/2980/2980
f 2982/2982/2982 2983/2983/2983 2980/2980/2980
f 2983/2983/2983 2984/2984/2984 2980/2980/2980
f 2987/2987/2987 2986/2986/2986 2985/2985/2985
f 2985/2985/2985 2988/2988/2988 2987/2987/2987
f 2985/2985/2985 2989/2989/2989 2988/2988/2988
f 2989/2989/2989 2990/2990/2990 2988/2988/2988
f 2989/2989/2989 2991/2991/2991 2990/2990/2990
f 2989/2989/2989 2992/2992/2992 2991/2991/2991
f 2989/2989/2989 2993/2993/2993 2992/2992/2992
f 2989/2989/2989 2994/2994/2994 2993/2993/2993
f 2997/2997/2997 2996/2996/2996 2995/2995/2995
f 2998/2998/2998 2997/2997/2997 2995/2995/2995
f 2998/2998/2998 2995/2995/2995 2999/2999/2999
f 3000/3000/3000 2998/2998/2998 2999/2999/2999
f 3003/3003/3003 3002/3002/3002 3001/3001/3001
f 3004/3004/3004 3003/3003/3003 3001/3001/3001
f 3004/3004/3004 3001/3001/3001 3005/3005/3005
f 3006/3006/3006 3004/3004/3004 3005/3005/3005
f 3006/3006/3006 3005/3005/3005 3007/3007/3007
f 3008/3008/3008 3006/3006/3006 3007/3007/3007
f 3008/3008/3008 3007/3007/3007 3009/3009/3009
f 3010/3010/3010 3008/3008/3008 3009/3009/3009
f 3013/3013/3013 3012/3012/3012 3011/3011/3011
f 3014/3014/3014 3013/3013/3013 3011/3011/3011
f 3011/3011/3011 3015/3015/3015 3014/3014/3014
f 3015/3015/3015 3016/3016/3016 3014/3014/3014
f 3015/3015/3015 3017/3017/3017 3016/3016/3016
f 3017/3017/3017 3018/3018/3018 3016/3016/3016
f 3017/3017/3017 3019/3019/3019 3018/3018/3018
f 3019/3019/3019 3020/3020/3020 3018/3018/3018
f 3019/3019/3019 3021/3021/3021 3020/3020/3020
f 3021/3021/3021 3022/3022/3022 3020/3020/3020
f 3025/3025/3025 3024/3024/3024 3023/3023/3023
f 3026/3026/3026 3025/3025/3025 3023/3023/3023
f 3026/3026/3026 3027/3027/3027 3025/3025/3025
f 3027/3027/3027 3028/3028/3028 3025/3025/3025
f 3027/3027/3027 3029/3029/3029 3028/3028/3028
f 3029/3029/3029 3030/3030/3030 3028/3028/3028
f 3029/3029/3029 3031/3031/3031 3030/3030/3030
f 3031/3031/3031 3032/3032/3032 3030/3030/3030
f 3031/3031/3031 3033/3033/3033 3032/3032/3032
f 3033/3033/3033 3034/3034/3034 3032/3032/3032
f 3033/3033/3033 3035/3035/3035 3034/3034/3034
f 3035/3035/3035 3036/3036/3036 3034/3034/3034
f 3035/3035/3035 3037/3037/3037 3036/3036/3036
f 3037/3037/3037 3038/3038/3038 3036/3036/3036
f 3037/3037/3037 3039/3039/3039 3038/3038/3038
f 3039/3039/3039 3040/3040/3040 3038/3038/3038
f 3039/3039/3039 3041/3041/3041 3040/3040/3040
f 3041/3041/3041 3042/3042/3042 3040/3040/3040
f 3041/3041/3041 3043/3043/3043 3042/3042/3042
f 3043/3043/3043 3044/3044/3044 3042/3042/3042
f 3043/3043/3043 3045/3045/3045 3044/3044/3044
f 3045/3045/3045 3046/3046/3046 3044/3044/3044
f 3046/3046/3046 3045/3045/3045 3047/3047/3047
f 3048/3048/3048 3046/3046/3046 3047/3047/3047
f 3048/3048/3048 3047/3047/3047 3049/3049/3049
f 3052/3052/3052 3051/3051/3051 3050/3050/3050
f 3051/3051/3051 3053/3053/3053 3050/3050/3050
f 3051/3051/3051 3054/3054/3054 3053/3053/3053
f 3054/3054/3054 3055/3055/3055 3053/3053/3053
f 3054/3054/3054 3056/3056/3056 3055/3055/3055
f 3056/3056/3056 3057/3057/3057 3055/3055/3055
f 3056/3056/3056 3058/3058/3058 3057/3057/3057
f 3058/3058/3058 3059/3059/3059 3057/3057/3057
f 3062/3062/3062 3061/3061/3061 3060/3060/3060
f 3061/3061/3061 3063/3063/3063 3060/3060/3060
f 3061/3061/3061 3064/3064/3064 3063/3063/3063
f 3064/3064/3064 3065/3065/3065 3063/3063/3063
f 3065/3065/3065 3064/3064/3064 3066/3066/3066
f 3064/3064/3064 3067/3067/3067 3066/3066/3066
f 3070/3070/3070 3069/3069/3069 3068/3068/3068
f 3071/3071/3071 3070/3070/3070 3068/3068/3068
f 3074/3074/3074 3073/3073/3073 3072/3072/3072
f 3075/3075/3075 3074/3074/3074 3072/3072/3072
f 3075/3075/3075 3072/3072/3072 3076/3076/3076
f 3077/3077/3077 3075/3075/3075 3076/3076/3076
f 3077/3077/3077 3076/3076/3076 3078/3078/3078
f 3079/3079/3079 3077/3077/3077 3078/3078/3078
f 3082/3082/3082 3081/3081/3081 3080/3080/3080
f 3083/3083/3083 3082/3082/3082 3080/3080/3080
f 3083/3083/3083 3080/3080/3080 3084/3084/3084
f 3085/3085/3085 3083/3083/3083 3084/3084/3084
f 3085/3085/3085 3084/3084/3084 3086/3086/3086
f 3087/3087/3087 3085/3085/3085 3086/3086/3086
f 3087/3087/3087 3086/3086/3086 3088/3088/3088
f 3089/3089/3089 3087/3087/3087 3088/3088/3088
f 3092/3092/3092 3091/3091/3091 3090/3090/3090
f 3093/3093/3093 3092/3092/3092 3090/3090/3090
f 3093/3093/3093 3090/3090/3090 3094/3094/3094
f 3095/3095/3095 3093/3093/3093 3094/3094/3094
f 3095/3095/3095 3094/3094/3094 3096/3096/3096
f 3097/3097/3097 3095/3095/3095 3096/3096/3096
f 3097/3097/3097 3096/3096/3096 3098/3098/3098
f 3099/3099/3099 3097/3097/3097 3098/3098/3098
f 3102/3102/3102 3101/3101/3101 3100/3100/3100
f 3103/3103/3103 3102/3102/3102 3100/3100/3100
f 3106/3106/3106 3105/3105/3105 3104/3104/3104
f 3105/3105/3105 3107/3107/3107 3104/3104/3104
f 3105/3105/3105 3108/3108/3108 3107/3107/3107
f 3108/3108/3108 3109/3109/3109 3107/3107/3107
f 3108/3108/3108 3110/3110/3110 3109/3109/3109
f 3110/3110/3110 3111/3111/3111 3109/3109/3109
f 3110/3110/3110 3112/3112/3112 3111/3111/3111
f 3112/3112/3112 3113/3113/3113 3111/3111/3111
f 3112/3112/3112 3114/3114/3114 3113/3113/3113
f 3114/3114/3114 3115/3115/3115 3113/3113/3113
f 3116/3116/3116 3115/3115/3115 3114/3114/3114
f 3117/3117/3117 3116/3116/3116 3114/3114/3114
f 3120/3120/3120 3119/3119/3119 3118/3118/3118
f 3121/3121/3121 3120/3120/3120 3118/3118/3118
f 3121/3121/3121 3122/3122/3122 3120/3120/3120
f 3122/3122/3122 3123/3123/3123 3120/3120/3120
f 3122/3122/3122 3124/3124/3124 3123/3123/3123
f 3124/3124/3124 3125/3125/3125 3123/3123/3123
f 3124/3124/3124 3126/3126/3126 3125/3125/3125
f 3126/3126/3126 3127/3127/3127 3125/3125/3125
f 3126/3126/3126 3128/3128/3128 3127/3127/3127
f 3128/3128/3128 3129/3129/3129 3127/3127/3127
f 3132/3132/3132 3131/3131/3131 3130/3130/3130
f 3133/3133/3133 3132/3132/3132 3130/3130/3130
f 3136/3136/3136 3135/3135/3135 3134/3134/3134
f 3137/3137/3137 3136/3136/3136 3134/3134/3134
f 3140/3140/3140 3139/3139/3139 3138/3138/3138
f 3141/3141/3141 3140/3140/3140 3138/3138/3138
f 3141/3141/3141 3138/3138/3138 3142/3142/3142
f 3143/3143/3143 3141/3141/3141 3142/3142/3142
f 3143/3143/3143 3142/3142/3142 3144/3144/3144
f 3145/3145/3145 3143/3143/3143 3144/3144/3144
f 3145/3145/3145 3144/3144/3144 3146/3146/3146
f 3144/3144/3144 3147/3147/3147 3146/3146/3146
f 3150/3150/3150 3149/3149/3149 3148/3148/3148
f 3151/3151/3151 3150/3150/3150 3148/3148/3148
f 3154/3154/3154 3153/3153/3153 3152/3152/3152
f 3155/3155/3155 3154/3154/3154 3152/3152/3152
f 3158/3158/3158 3157/3157/3157 3156/3156/3156
f 3159/3159/3159 3158/3158/3158 3156/3156/3156
f 3162/3162/3162 3161/3161/3161 3160/3160/3160
f 3163/3163/3163 3162/3162/3162 3160/3160/3160
f 3166/3166/3166 3165/3165/3165 3164/3164/3164
f 3167/3167/3167 3166/3166/3166 3164/3164/3164
f 3170/3170/3170 3169/3169/3169 3168/3168/3168
f 3171/3171/3171 3170/3170/3170 3168/3168/3168
f 3174/3174/3174 3173/3173/3173 3172/3172/3172
f 3175/3175/3175 3174/3174/3174 3172/3172/3172
f 3178/3178/3178 3177/3177/3177 3176/3176/3176
f 3179/3179/3179 3178/3178/3178 3176/3176/3176
f 3182/3182/3182 3181/3181/3181 3180/3180/3180
f 3183/3183/3183 3182/3182/3182 3180/3180/3180
f 3186/3186/3186 3185/3185/3185 3184/3184/3184
f 3184/3184/3184 3187/3187/3187 3186/3186/3186
f 3187/3187/3187 3184/3184/3184 3188/3188/3188
f 3189/3189/3189 3187/3187/3187 3188/3188/3188
f 3187/3187/3187 3190/3190/3190 3186/3186/3186
f 3190/3190/3190 3187/3187/3187 3189/3189/3189
f 3190/3190/3190 3191/3191/3191 3186/3186/3186
f 3192/3192/3192 3190/3190/3190 3189/3189/3189
f 3193/3193/3193 3192/3192/3192 3189/3189/3189
f 3194/3194/3194 3193/3193/3193 3189/3189/3189
f 3190/3190/3190 3195/3195/3195 3191/3191/3191
f 3195/3195/3195 3196/3196/3196 3191/3191/3191
f 3196/3196/3196 3195/3195/3195 3197/3197/3197
f 3198/3198/3198 3196/3196/3196 3197/3197/3197
f 3197/3197/3197 3199/3199/3199 3198/3198/3198
f 3200/3200/3200 3199/3199/3199 3197/3197/3197
f 3200/3200/3200 3197/3197/3197 3201/3201/3201
f 3202/3202/3202 3200/3200/3200 3201/3201/3201
f 3203/3203/3203 3202/3202/3202 3201/3201/3201
f 3201/3201/3201 3204/3204/3204 3203/3203/3203
f 3207/3207/3207 3206/3206/3206 3205/3205/3205
f 3205/3205/3205 3208/3208/3208 3207/3207/3207
f 3205/3205/3205 3209/3209/3209 3208/3208/3208
f 3205/3205/3205 3210/3210/3210 3209/3209/3209
f 3210/3210/3210 3211/3211/3211 3209/3209/3209
f 3212/3212/3212 3211/3211/3211 3210/3210/3210
f 3210/3210/3210 3213/3213/3213 3212/3212/3212
f 3210/3210/3210 3214/3214/3214 3213/3213/3213
f 3215/3215/3215 3213/3213/3213 3214/3214/3214
f 3215/3215/3215 3214/3214/3214 3216/3216/3216
f 3217/3217/3217 3215/3215/3215 3216/3216/3216
f 3217/3217/3217 3216/3216/3216 3218/3218/3218
f 3218/3218/3218 3216/3216/3216 3219/3219/3219
f 3216/3216/3216 3220/3220/3220 3219/3219/3219
f 3219/3219/3219 3220/3220/3220 3221/3221/3221
f 3220/3220/3220 3222/3222/3222 3221/3221/3221
f 3217/3217/3217 3218/3218/3218 3223/3223/3223
f 3223/3223/3223 3218/3218/3218 3219/3219/3219
f 3223/3223/3223 3224/3224/3224 3217/3217/3217
f 3225/3225/3225 3223/3223/3223 3219/3219/3219
f 3228/3228/3228 3227/3227/3227 3226/3226/3226
f 3227/3227/3227 3229/3229/3229 3226/3226/3226
f 3229/3229/3229 3227/3227/3227 3230/3230/3230
f 3231/3231/3231 3229/3229/3229 3230/3230/3230
f 3234/3234/3234 3233/3233/3233 3232/3232/3232
f 3235/3235/3235 3234/3234/3234 3232/3232/3232
f 3238/3238/3238 3237/3237/3237 3236/3236/3236
f 3239/3239/3239 3238/3238/3238 3236/3236/3236
f 3242/3242/3242 3241/3241/3241 3240/3240/3240
f 3243/3243/3243 3242/3242/3242 3240/3240/3240
f 3243/3243/3243 3240/3240/3240 3244/3244/3244
f 3245/3245/3245 3243/3243/3243 3244/3244/3244
f 3244/3244/3244 3246/3246/3246 3245/3245/3245
f 3246/3246/3246 3244/3244/3244 3247/3247/3247
f 3244/3244/3244 3240/3240/3240 3247/3247/3247
f 3247/3247/3247 3248/3248/3248 3246/3246/3246
f 3249/3249/3249 3247/3247/3247 3240/3240/3240
f 3240/3240/3240 3250/3250/3250 3249/3249/3249
f 3250/3250/3250 3251/3251/3251 3249/3249/3249
f 3251/3251/3251 3250/3250/3250 3252/3252/3252
f 3253/3253/3253 3251/3251/3251 3252/3252/3252
f 3252/3252/3252 3254/3254/3254 3253/3253/3253
f 3255/3255/3255 3254/3254/3254 3252/3252/3252
f 3255/3255/3255 3252/3252/3252 3256/3256/3256
f 3256/3256/3256 3257/3257/3257 3255/3255/3255
f 3256/3256/3256 3258/3258/3258 3257/3257/3257
f 3258/3258/3258 3259/3259/3259 3257/3257/3257
f 3262/3262/3262 3261/3261/3261 3260/3260/3260
f 3263/3263/3263 3262/3262/3262 3260/3260/3260
f 3266/3266/3266 3265/3265/3265 3264/3264/3264
f 3265/3265/3265 3267/3267/3267 3264/3264/3264
f 3268/3268/3268 3264/3264/3264 3267/3267/3267
f 3267/3267/3267 3269/3269/3269 3268/3268/3268
f 3269/3269/3269 3270/3270/3270 3268/3268/3268
f 3271/3271/3271 3270/3270/3270 3269/3269/3269
f 3269/3269/3269 3272/3272/3272 3271/3271/3271
f 3269/3269/3269 3273/3273/3273 3272/3272/3272
f 3274/3274/3274 3272/3272/3272 3273/3273/3273
f 3274/3274/3274 3273/3273/3273 3275/3275/3275
f 3275/3275/3275 3276/3276/3276 3274/3274/3274
f 3276/3276/3276 3275/3275/3275 3277/3277/3277
f 3277/3277/3277 3275/3275/3275 3278/3278/3278
f 3276/3276/3276 3277/3277/3277 3279/3279/3279
f 3279/3279/3279 3280/3280/3280 3276/3276/3276
f 3279/3279/3279 3277/3277/3277 3281/3281/3281
f 3277/3277/3277 3282/3282/3282 3281/3281/3281
f 3282/3282/3282 3277/3277/3277 3278/3278/3278
f 3278/3278/3278 3283/3283/3283 3282/3282/3282
f 3283/3283/3283 3284/3284/3284 3282/3282/3282
f 3287/3287/3287 3286/3286/3286 3285/3285/3285
f 3286/3286/3286 3288/3288/3288 3285/3285/3285
f 3288/3288/3288 3286/3286/3286 3289/3289/3289
f 3290/3290/3290 3288/3288/3288 3289/3289/3289
f 3293/3293/3293 3292/3292/3292 3291/3291/3291
f 3294/3294/3294 3293/3293/3293 3291/3291/3291
f 3297/3297/3297 3296/3296/3296 3295/3295/3295
f 3298/3298/3298 3297/3297/3297 3295/3295/3295
f 3301/3301/3301 3300/3300/3300 3299/3299/3299
f 3299/3299/3299 3302/3302/3302 3301/3301/3301
f 3299/3299/3299 3303/3303/3303 3302/3302/3302
f 3302/3302/3302 3304/3304/3304 3301/3301/3301
f 3304/3304/3304 3305/3305/3305 3301/3301/3301
f 3302/3302/3302 3306/3306/3306 3304/3304/3304
f 3307/3307/3307 3306/3306/3306 3302/3302/3302
f 3303/3303/3303 3308/3308/3308 3302/3302/3302
f 3308/3308/3308 3307/3307/3307 3302/3302/3302
f 3309/3309/3309 3307/3307/3307 3308/3308/3308
f 3303/3303/3303 3310/3310/3310 3308/3308/3308
f 3311/3311/3311 3309/3309/3309 3308/3308/3308
f 3311/3311/3311 3308/3308/3308 3310/3310/3310
f 3311/3311/3311 3310/3310/3310 3312/3312/3312
f 3311/3311/3311 3312/3312/3312 3313/3313/3313
f 3313/3313/3313 3314/3314/3314 3311/3311/3311
f 3317/3317/3317 3316/3316/3316 3315/3315/3315
f 3318/3318/3318 3317/3317/3317 3315/3315/3315
f 3319/3319/3319 3317/3317/3317 3318/3318/3318
f 3320/3320/3320 3319/3319/3319 3318/3318/3318
f 3323/3323/3323 3322/3322/3322 3321/3321/3321
f 3322/3322/3322 3324/3324/3324 3321/3321/3321
f 3325/3325/3325 3324/3324/3324 3322/3322/3322
f 3322/3322/3322 3326/3326/3326 3325/3325/3325
f 3325/3325/3325 3327/3327/3327 3324/3324/3324
f 3327/3327/3327 3328/3328/3328 3324/3324/3324
f 3328/3328/3328 3329/3329/3329 3324/3324/3324
f 3329/3329/3329 3328/3328/3328 3330/3330/3330
f 3330/3330/3330 3331/3331/3331 3329/3329/3329
f 3324/3324/3324 3329/3329/3329 3332/3332/3332
f 3333/3333/3333 3324/3324/3324 3332/3332/3332
f 3332/3332/3332 3329/3329/3329 3334/3334/3334
f 3329/3329/3329 3335/3335/3335 3334/3334/3334
f 3335/3335/3335 3329/3329/3329 3331/3331/3331
f 3335/3335/3335 3331/3331/3331 3336/3336/3336
f 3335/3335/3335 3336/3336/3336 3337/3337/3337
f 3335/3335/3335 3337/3337/3337 3338/3338/3338
f 3335/3335/3335 3338/3338/3338 3339/3339/3339
f 3339/3339/3339 3340/3340/3340 3335/3335/3335
f 3343/3343/3343 3342/3342/3342 3341/3341/3341
f 3342/3342/3342 3343/3343/3343 3344/3344/3344
f 3343/3343/3343 3345/3345/3345 3344/3344/3344
f 3344/3344/3344 3345/3345/3345 3346/3346/3346
f 3345/3345/3345 3343/3343/3343 3347/3347/3347
f 3347/3347/3347 3343/3343/3343 3348/3348/3348
f 3348/3348/3348 3349/3349/3349 3347/3347/3347
f 3347/3347/3347 3350/3350/3350 3345/3345/3345
f 3349/3349/3349 3348/3348/3348 3351/3351/3351
f 3351/3351/3351 3352/3352/3352 3349/3349/3349
f 3351/3351/3351 3353/3353/3353 3352/3352/3352
f 3351/3351/3351 3354/3354/3354 3353/3353/3353
f 3355/3355/3355 3353/3353/3353 3354/3354/3354
f 3354/3354/3354 3356/3356/3356 3355/3355/3355
f 3354/3354/3354 3357/3357/3357 3356/3356/3356
f 3356/3356/3356 3357/3357/3357 3358/3358/3358
f 3358/3358/3358 3359/3359/3359 3356/3356/3356
f 3360/3360/3360 3359/3359/3359 3358/3358/3358
f 3360/3360/3360 3358/3358/3358 3361/3361/3361
f 3345/3345/3345 3350/3350/3350 3362/3362/3362
f 3362/3362/3362 3360/3360/3360 3361/3361/3361
f 3362/3362/3362 3361/3361/3361 3345/3345/3345
f 3345/3345/3345 3361/3361/3361 3346/3346/3346
f 3346/3346/3346 3361/3361/3361 3363/3363/3363
f 3366/3366/3366 3365/3365/3365 3364/3364/3364
f 3365/3365/3365 3367/3367/3367 3364/3364/3364
f 3368/3368/3368 3364/3364/3364 3367/3367/3367
f 3367/3367/3367 3365/3365/3365 3369/3369/3369
f 3369/3369/3369 3370/3370/3370 3367/3367/3367
f 3370/3370/3370 3371/3371/3371 3367/3367/3367
f 3371/3371/3371 3372/3372/3372 3367/3367/3367
f 3368/3368/3368 3367/3367/3367 3373/3373/3373
f 3372/3372/3372 3374/3374/3374 3367/3367/3367
f 3367/3367/3367 3375/3375/3375 3373/3373/3373
f 3374/3374/3374 3375/3375/3375 3367/3367/3367
f 3373/3373/3373 3375/3375/3375 3376/3376/3376
f 3375/3375/3375 3374/3374/3374 3377/3377/3377
f 3377/3377/3377 3378/3378/3378 3375/3375/3375
f 3375/3375/3375 3379/3379/3379 3376/3376/3376
f 3379/3379/3379 3375/3375/3375 3378/3378/3378
f 3379/3379/3379 3378/3378/3378 3380/3380/3380
f 3379/3379/3379 3380/3380/3380 3381/3381/3381
f 3382/3382/3382 3379/3379/3379 3381/3381/3381
f 3381/3381/3381 3383/3383/3383 3382/3382/3382
f 3379/3379/3379 3382/3382/3382 3384/3384/3384
f 3385/3385/3385 3379/3379/3379 3384/3384/3384
f 3388/3388/3388 3387/3387/3387 3386/3386/3386
f 3388/3388/3388 3386/3386/3386 3389/3389/3389
f 3389/3389/3389 3390/3390/3390 3388/3388/3388
f 3388/3388/3388 3390/3390/3390 3391/3391/3391
f 3392/3392/3392 3388/3388/3388 3391/3391/3391
f 3395/3395/3395 3394/3394/3394 3393/3393/3393
f 3393/3393/3393 3396/3396/3396 3395/3395/3395
f 3396/3396/3396 3397/3397/3397 3395/3395/3395
f 3400/3400/3400 3399/3399/3399 3398/3398/3398
f 3398/3398/3398 3401/3401/3401 3400/3400/3400
f 3398/3398/3398 3402/3402/3402 3401/3401/3401
f 3402/3402/3402 3403/3403/3403 3401/3401/3401
f 3406/3406/3406 3405/3405/3405 3404/3404/3404
f 3405/3405/3405 3407/3407/3407 3404/3404/3404
f 3404/3404/3404 3407/3407/3407 3408/3408/3408
f 3408/3408/3408 3409/3409/3409 3404/3404/3404
f 3408/3408/3408 3410/3410/3410 3409/3409/3409
f 3413/3413/3413 3412/3412/3412 3411/3411/3411
f 3411/3411/3411 3414/3414/3414 3413/3413/3413
f 3411/3411/3411 3415/3415/3415 3414/3414/3414
f 3418/3418/3418 3417/3417/3417 3416/3416/3416
f 3419/3419/3419 3418/3418/3418 3416/3416/3416
f 3422/3422/3422 3421/3421/3421 3420/3420/3420
f 3423/3423/3423 3422/3422/3422 3420/3420/3420
f 3424/3424/3424 3423/3423/3423 3420/3420/3420
f 3424/3424/3424 3420/3420/3420 3425/3425/3425
f 3425/3425/3425 3426/3426/3426 3424/3424/3424
f 3429/3429/3429 3428/3428/3428 3427/3427/3427
f 3427/3427/3427 3430/3430/3430 3429/3429/3429
f 3427/3427/3427 3431/3431/3431 3430/3430/3430
f 3434/3434/3434 3433/3433/3433 3432/3432/3432
f 3435/3435/3435 3434/3434/3434 3432/3432/3432
f 3438/3438/3438 3437/3437/3437 3436/3436/3436
f 3437/3437/3437 3439/3439/3439 3436/3436/3436
f 3436/3436/3436 3439/3439/3439 3440/3440/3440
f 3441/3441/3441 3436/3436/3436 3440/3440/3440
f 3444/3444/3444 3443/3443/3443 3442/3442/3442
f 3445/3445/3445 3443/3443/3443 3444/3444/3444
f 3444/3444/3444 3446/3446/3446 3445/3445/3445
f 3444/3444/3444 3447/3447/3447 3446/3446/3446
f 3447/3447/3447 3448/3448/3448 3446/3446/3446
f 3448/3448/3448 3449/3449/3449 3446/3446/3446
f 3445/3445/3445 3446/3446/3446 3450/3450/3450
f 3446/3446/3446 3451/3451/3451 3450/3450/3450
f 3443/3443/3443 3445/3445/3445 3452/3452/3452
f 3453/3453/3453 3443/3443/3443 3452/3452/3452
f 3454/3454/3454 3453/3453/3453 3452/3452/3452
f 3455/3455/3455 3454/3454/3454 3452/3452/3452
f 3456/3456/3456 3455/3455/3455 3452/3452/3452
f 3452/3452/3452 3457/3457/3457 3456/3456/3456
f 3458/3458/3458 3456/3456/3456 3457/3457/3457
f 3457/3457/3457 3452/3452/3452 3459/3459/3459
f 3460/3460/3460 3458/3458/3458 3457/3457/3457
f 3461/3461/3461 3457/3457/3457 3459/3459/3459
f 3457/3457/3457 3462/3462/3462 3460/3460/3460
f 3462/3462/3462 3457/3457/3457 3461/3461/3461
f 3463/3463/3463 3462/3462/3462 3461/3461/3461
f 3466/3466/3466 3465/3465/3465 3464/3464/3464
f 3467/3467/3467 3466/3466/3466 3464/3464/3464
f 3470/3470/3470 3469/3469/3469 3468/3468/3468
f 3471/3471/3471 3470/3470/3470 3468/3468/3468
f 3474/3474/3474 3473/3473/3473 3472/3472/3472
f 3475/3475/3475 3474/3474/3474 3472/3472/3472
f 3478/3478/3478 3477/3477/3477 3476/3476/3476
f 3478/3478/3478 3476/3476/3476 3479/3479/3479
f 3479/3479/3479 3480/3480/3480 3478/3478/3478
f 3478/3478/3478 3480/3480/3480 3481/3481/3481
f 3480/3480/3480 3482/3482/3482 3481/3481/3481
f 3485/3485/3485 3484/3484/3484 3483/3483/3483
f 3486/3486/3486 3485/3485/3485 3483/3483/3483
f 3489/3489/3489 3488/3488/3488 3487/3487/3487
f 3490/3490/3490 3489/3489/3489 3487/3487/3487
f 3489/3489/3489 3490/3490/3490 3491/3491/3491
f 3490/3490/3490 3492/3492/3492 3491/3491/3491
f 3491/3491/3491 3492/3492/3492 3493/3493/3493
f 3492/3492/3492 3494/3494/3494 3493/3493/3493
f 3497/3497/3497 3496/3496/3496 3495/3495/3495
f 3498/3498/3498 3497/3497/3497 3495/3495/3495
f 3501/3501/3501 3500/3500/3500 3499/3499/3499
f 3502/3502/3502 3501/3501/3501 3499/3499/3499
f 3502/3502/3502 3499/3499/3499 3503/3503/3503
f 3504/3504/3504 3502/3502/3502 3503/3503/3503
f 3507/3507/3507 3506/3506/3506 3505/3505/3505
f 3508/3508/3508 3507/3507/3507 3505/3505/3505
f 3511/3511/3511 3510/3510/3510 3509/3509/3509
f 3509/3509/3509 3512/3512/3512 3511/3511/3511
f 3509/3509/3509 3513/3513/3513 3512/3512/3512
f 3513/3513/3513 3514/3514/3514 3512/3512/3512
f 3517/3517/3517 3516/3516/3516 3515/3515/3515
f 3516/3516/3516 3518/3518/3518 3515/3515/3515
f 3515/3515/3515 3518/3518/3518 3519/3519/3519
f 3518/3518/3518 3520/3520/3520 3519/3519/3519
f 3523/3523/3523 3522/3522/3522 3521/3521/3521
f 3524/3524/3524 3523/3523/3523 3521/3521/3521
f 3527/3527/3527 3526/3526/3526 3525/3525/3525
f 3528/3528/3528 3527/3527/3527 3525/3525/3525
f 3528/3528/3528 3525/3525/3525 3529/3529/3529
f 3530/3530/3530 3528/3528/3528 3529/3529/3529
f 3533/3533/3533 3532/3532/3532 3531/3531/3531
f 3534/3534/3534 3533/3533/3533 3531/3531/3531
f 3537/3537/3537 3536/3536/3536 3535/3535/3535
f 3535/3535/3535 3538/3538/3538 3537/3537/3537
f 3535/3535/3535 3539/3539/3539 3538/3538/3538
f 3539/3539/3539 3540/3540/3540 3538/3538/3538
f 3543/3543/3543 3542/3542/3542 3541/3541/3541
f 3542/3542/3542 3544/3544/3544 3541/3541/3541
f 3541/3541/3541 3544/3544/3544 3545/3545/3545
f 3544/3544/3544 3546/3546/3546 3545/3545/3545
f 3549/3549/3549 3548/3548/3548 3547/3547/3547
f 3550/3550/3550 3549/3549/3549 3547/3547/3547
f 3553/3553/3553 3552/3552/3552 3551/3551/3551
f 3554/3554/3554 3553/3553/3553 3551/3551/3551
f 3554/3554/3554 3551/3551/3551 3555/3555/3555
f 3556/3556/3556 3554/3554/3554 3555/3555/3555
f 3559/3559/3559 3558/3558/3558 3557/3557/3557
f 3560/3560/3560 3559/3559/3559 3557/3557/3557
f 3561/3561/3561 3559/3559/3559 3560/3560/3560
f 3562/3562/3562 3561/3561/3561 3560/3560/3560
f 3563/3563/3563 3561/3561/3561 3562/3562/3562
f 3564/3564/3564 3563/3563/3563 3562/3562/3562
f 3565/3565/3565 3563/3563/3563 3564/3564/3564
f 3566/3566/3566 3565/3565/3565 3564/3564/3564
f 3567/3567/3567 3565/3565/3565 3566/3566/3566
f 3568/3568/3568 3567/3567/3567 3566/3566/3566
f 3567/3567/3567 3568/3568/3568 3569/3569/3569
f 3568/3568/3568 3570/3570/3570 3569/3569/3569
f 3569/3569/3569 3571/3571/3571 3567/3567/3567
f 3571/3571/3571 3569/3569/3569 3572/3572/3572
f 3575/3575/3575 3574/3574/3574 3573/3573/3573
f 3576/3576/3576 3575/3575/3575 3573/3573/3573
f 3577/3577/3577 3575/3575/3575 3576/3576/3576
f 3578/3578/3578 3577/3577/3577 3576/3576/3576
f 3581/3581/3581 3580/3580/3580 3579/3579/3579
f 3580/3580/3580 3582/3582/3582 3579/3579/3579
f 3580/3580/3580 3583/3583/3583 3582/3582/3582
f 3583/3583/3583 3584/3584/3584 3582/3582/3582
f 3587/3587/3587 3586/3586/3586 3585/3585/3585
f 3585/3585/3585 3588/3588/3588 3587/3587/3587
f 3588/3588/3588 3589/3589/3589 3587/3587/3587
f 3588/3588/3588 3590/3590/3590 3589/3589/3589
f 3590/3590/3590 3591/3591/3591 3589/3589/3589
f 3590/3590/3590 3592/3592/3592 3591/3591/3591
f 3592/3592/3592 3593/3593/3593 3591/3591/3591
f 3596/3596/3596 3595/3595/3595 3594/3594/3594
f 3595/3595/3595 3597/3597/3597 3594/3594/3594
f 3594/3594/3594 3597/3597/3597 3598/3598/3598
f 3597/3597/3597 3599/3599/3599 3598/3598/3598
f 3598/3598/3598 3599/3599/3599 3600/3600/3600
f 3599/3599/3599 3601/3601/3601 3600/3600/3600
f 3600/3600/3600 3601/3601/3601 3602/3602/3602
f 3601/3601/3601 3603/3603/3603 3602/3602/3602
f 3606/3606/3606 3605/3605/3605 3604/3604/3604
f 3606/3606/3606 3607/3607/3607 3605/3605/3605
f 3607/3607/3607 3608/3608/3608 3605/3605/3605
f 3607/3607/3607 3609/3609/3609 3608/3608/3608
f 3609/3609/3609 3610/3610/3610 3608/3608/3608
f 3609/3609/3609 3611/3611/3611 3610/3610/3610
f 3611/3611/3611 3612/3612/3612 3610/3610/3610
f 3615/3615/3615 3614/3614/3614 3613/3613/3613
f 3614/3614/3614 3616/3616/3616 3613/3613/3613
f 3613/3613/3613 3616/3616/3616 3617/3617/3617
f 3618/3618/3618 3613/3613/3613 3617/3617/3617
f 3619/3619/3619 3613/3613/3613 3618/3618/3618
f 3620/3620/3620 3619/3619/3619 3618/3618/3618
f 3620/3620/3620 3621/3621/3621 3619/3619/3619
f 3621/3621/3621 3622/3622/3622 3619/3619/3619
f 3619/3619/3619 3622/3622/3622 3623/3623/3623
f 3622/3622/3622 3624/3624/3624 3623/3623/3623
f 3625/3625/3625 3622/3622/3622 3621/3621/3621
f 3622/3622/3622 3625/3625/3625 3624/3624/3624
f 3626/3626/3626 3625/3625/3625 3621/3621/3621
f 3625/3625/3625 3627/3627/3627 3624/3624/3624
f 3630/3630/3630 3629/3629/3629 3628/3628/3628
f 3629/3629/3629 3631/3631/3631 3628/3628/3628
f 3628/3628/3628 3631/3631/3631 3632/3632/3632
f 3629/3629/3629 3633/3633/3633 3631/3631/3631
f 3631/3631/3631 3634/3634/3634 3632/3632/3632
f 3635/3635/3635 3632/3632/3632 3634/3634/3634
f 3633/3633/3633 3636/3636/3636 3631/3631/3631
f 3631/3631/3631 3636/3636/3636 3634/3634/3634
f 3633/3633/3633 3637/3637/3637 3636/3636/3636
f 3637/3637/3637 3638/3638/3638 3636/3636/3636
f 3637/3637/3637 3639/3639/3639 3638/3638/3638
f 3639/3639/3639 3640/3640/3640 3638/3638/3638
f 3638/3638/3638 3640/3640/3640 3641/3641/3641
f 3640/3640/3640 3642/3642/3642 3641/3641/3641
f 3641/3641/3641 3642/3642/3642 3643/3643/3643
f 3643/3643/3643 3644/3644/3644 3641/3641/3641
f 3636/3636/3636 3638/3638/3638 3645/3645/3645
f 3636/3636/3636 3645/3645/3645 3634/3634/3634
f 3638/3638/3638 3641/3641/3641 3645/3645/3645
f 3646/3646/3646 3635/3635/3635 3634/3634/3634
f 3646/3646/3646 3634/3634/3634 3645/3645/3645
f 3644/3644/3644 3647/3647/3647 3641/3641/3641
f 3644/3644/3644 3648/3648/3648 3647/3647/3647
f 3648/3648/3648 3649/3649/3649 3647/3647/3647
f 3650/3650/3650 3645/3645/3645 3641/3641/3641
f 3647/3647/3647 3650/3650/3650 3641/3641/3641
f 3647/3647/3647 3649/3649/3649 3650/3650/3650
f 3650/3650/3650 3646/3646/3646 3645/3645/3645
f 3649/3649/3649 3651/3651/3651 3650/3650/3650
f 3650/3650/3650 3651/3651/3651 3646/3646/3646
f 3651/3651/3651 3652/3652/3652 3646/3646/3646
f 3646/3646/3646 3652/3652/3652 3635/3635/3635
f 3652/3652/3652 3653/3653/3653 3635/3635/3635
f 3656/3656/3656 3655/3655/3655 3654/3654/3654
f 3657/3657/3657 3656/3656/3656 3654/3654/3654
f 3657/3657/3657 3658/3658/3658 3656/3656/3656
f 3658/3658/3658 3659/3659/3659 3656/3656/3656
f 3662/3662/3662 3661/3661/3661 3660/3660/3660
f 3660/3660/3660 3663/3663/3663 3662/3662/3662
f 3663/3663/3663 3664/3664/3664 3662/3662/3662
f 3664/3664/3664 3665/3665/3665 3662/3662/3662
f 3665/3665/3665 3666/3666/3666 3662/3662/3662
f 3666/3666/3666 3667/3667/3667 3662/3662/3662
f 3667/3667/3667 3668/3668/3668 3662/3662/3662
f 3671/3671/3671 3670/3670/3670 3669/3669/3669
f 3670/3670/3670 3672/3672/3672 3669/3669/3669
f 3672/3672/3672 3670/3670/3670 3673/3673/3673
f 3670/3670/3670 3674/3674/3674 3673/3673/3673
f 3677/3677/3677 3676/3676/3676 3675/3675/3675
f 3675/3675/3675 3678/3678/3678 3677/3677/3677
f 3678/3678/3678 3679/3679/3679 3677/3677/3677
f 3678/3678/3678 3680/3680/3680 3679/3679/3679
f 3680/3680/3680 3681/3681/3681 3679/3679/3679
f 3680/3680/3680 3682/3682/3682 3681/3681/3681
f 3682/3682/3682 3683/3683/3683 3681/3681/3681
f 3686/3686/3686 3685/3685/3685 3684/3684/3684
f 3684/3684/3684 3685/3685/3685 3687/3687/3687
f 3688/3688/3688 3684/3684/3684 3687/3687/3687
f 3685/3685/3685 3689/3689/3689 3687/3687/3687
f 3690/3690/3690 3688/3688/3688 3687/3687/3687
f 3687/3687/3687 3691/3691/3691 3690/3690/3690
f 3692/3692/3692 3690/3690/3690 3691/3691/3691
f 3687/3687/3687 3689/3689/3689 3693/3693/3693
f 3687/3687/3687 3693/3693/3693 3691/3691/3691
f 3689/3689/3689 3694/3694/3694 3693/3693/3693
f 3693/3693/3693 3694/3694/3694 3695/3695/3695
f 3694/3694/3694 3696/3696/3696 3695/3695/3695
f 3695/3695/3695 3696/3696/3696 3697/3697/3697
f 3696/3696/3696 3698/3698/3698 3697/3697/3697
f 3697/3697/3697 3698/3698/3698 3699/3699/3699
f 3698/3698/3698 3700/3700/3700 3699/3699/3699
f 3699/3699/3699 3700/3700/3700 3701/3701/3701
f 3700/3700/3700 3702/3702/3702 3701/3701/3701
f 3693/3693/3693 3703/3703/3703 3691/3691/3691
f 3701/3701/3701 3702/3702/3702 3704/3704/3704
f 3704/3704/3704 3702/3702/3702 3705/3705/3705
f 3691/3691/3691 3703/3703/3703 3706/3706/3706
f 3707/3707/3707 3704/3704/3704 3705/3705/3705
f 3707/3707/3707 3705/3705/3705 3708/3708/3708
f 3708/3708/3708 3709/3709/3709 3707/3707/3707
f 3708/3708/3708 3710/3710/3710 3709/3709/3709
f 3707/3707/3707 3709/3709/3709 3711/3711/3711
f 3712/3712/3712 3704/3704/3704 3707/3707/3707
f 3707/3707/3707 3711/3711/3711 3712/3712/3712
f 3704/3704/3704 3712/3712/3712 3713/3713/3713
f 3714/3714/3714 3704/3704/3704 3713/3713/3713
f 3715/3715/3715 3714/3714/3714 3713/3713/3713
f 3716/3716/3716 3713/3713/3713 3712/3712/3712
f 3713/3713/3713 3717/3717/3717 3715/3715/3715
f 3718/3718/3718 3712/3712/3712 3711/3711/3711
f 3718/3718/3718 3716/3716/3716 3712/3712/3712
f 3719/3719/3719 3718/3718/3718 3711/3711/3711
f 3720/3720/3720 3716/3716/3716 3718/3718/3718
f 3715/3715/3715 3717/3717/3717 3721/3721/3721
f 3721/3721/3721 3717/3717/3717 3722/3722/3722
f 3723/3723/3723 3715/3715/3715 3721/3721/3721
f 3724/3724/3724 3723/3723/3723 3721/3721/3721
f 3721/3721/3721 3725/3725/3725 3724/3724/3724
f 3724/3724/3724 3725/3725/3725 3726/3726/3726
f 3725/3725/3725 3727/3727/3727 3726/3726/3726
f 3728/3728/3728 3718/3718/3718 3719/3719/3719
f 3728/3728/3728 3720/3720/3720 3718/3718/3718
f 3729/3729/3729 3728/3728/3728 3719/3719/3719
f 3730/3730/3730 3720/3720/3720 3728/3728/3728
f 3731/3731/3731 3728/3728/3728 3729/3729/3729
f 3731/3731/3731 3730/3730/3730 3728/3728/3728
f 3732/3732/3732 3730/3730/3730 3731/3731/3731
f 3733/3733/3733 3731/3731/3731 3729/3729/3729
f 3734/3734/3734 3732/3732/3732 3731/3731/3731
f 3734/3734/3734 3731/3731/3731 3733/3733/3733
f 3735/3735/3735 3734/3734/3734 3733/3733/3733
f 3736/3736/3736 3734/3734/3734 3735/3735/3735
f 3737/3737/3737 3736/3736/3736 3735/3735/3735
f 3740/3740/3740 3739/3739/3739 3738/3738/3738
f 3741/3741/3741 3740/3740/3740 3738/3738/3738
f 3742/3742/3742 3740/3740/3740 3741/3741/3741
f 3741/3741/3741 3738/3738/3738 3743/3743/3743
f 3744/3744/3744 3742/3742/3742 3741/3741/3741
f 3745/3745/3745 3741/3741/3741 3743/3743/3743
f 3744/3744/3744 3741/3741/3741 3745/3745/3745
f 3745/3745/3745 3743/3743/3743 3746/3746/3746
f 3747/3747/3747 3744/3744/3744 3745/3745/3745
f 3748/3748/3748 3745/3745/3745 3746/3746/3746
f 3747/3747/3747 3745/3745/3745 3748/3748/3748
f 3748/3748/3748 3746/3746/3746 3749/3749/3749
f 3750/3750/3750 3747/3747/3747 3748/3748/3748
f 3751/3751/3751 3748/3748/3748 3749/3749/3749
f 3750/3750/3750 3748/3748/3748 3751/3751/3751
f 3752/3752/3752 3750/3750/3750 3751/3751/3751
f 3755/3755/3755 3754/3754/3754 3753/3753/3753
f 3756/3756/3756 3754/3754/3754 3755/3755/3755
f 3755/3755/3755 3757/3757/3757 3756/3756/3756
f 3757/3757/3757 3758/3758/3758 3756/3756/3756
f 3759/3759/3759 3758/3758/3758 3757/3757/3757
f 3757/3757/3757 3760/3760/3760 3759/3759/3759
f 3760/3760/3760 3761/3761/3761 3759/3759/3759
f 3761/3761/3761 3760/3760/3760 3762/3762/3762
f 3759/3759/3759 3761/3761/3761 3763/3763/3763
f 3764/3764/3764 3759/3759/3759 3763/3763/3763
f 3762/3762/3762 3765/3765/3765 3761/3761/3761
f 3763/3763/3763 3761/3761/3761 3765/3765/3765
f 3766/3766/3766 3763/3763/3763 3765/3765/3765
f 3762/3762/3762 3767/3767/3767 3765/3765/3765
f 3767/3767/3767 3768/3768/3768 3765/3765/3765
f 3768/3768/3768 3769/3769/3769 3765/3765/3765
f 3692/3692/3692 3771/3771/3771 3770/3770/3770
f 3771/3771/3771 3692/3692/3692 3691/3691/3691
f 3772/3772/3772 3771/3771/3771 3691/3691/3691
f 3691/3691/3691 3773/3773/3773 3772/3772/3772
f 3706/3706/3706 3773/3773/3773 3691/3691/3691
f 3772/3772/3772 3773/3773/3773 3774/3774/3774
f 3706/3706/3706 3775/3775/3775 3773/3773/3773
f 3773/3773/3773 3775/3775/3775 3774/3774/3774
f 3706/3706/3706 3776/3776/3776 3775/3775/3775
f 3775/3775/3775 3776/3776/3776 3777/3777/3777
f 3777/3777/3777 3774/3774/3774 3775/3775/3775
f 3777/3777/3777 3778/3778/3778 3774/3774/3774
f 3781/3781/3781 3780/3780/3780 3779/3779/3779
f 3782/3782/3782 3781/3781/3781 3779/3779/3779
f 3783/3783/3783 3781/3781/3781 3782/3782/3782
f 3784/3784/3784 3782/3782/3782 3779/3779/3779
f 3779/3779/3779 3785/3785/3785 3784/3784/3784
f 3785/3785/3785 3786/3786/3786 3784/3784/3784
f 3787/3787/3787 3784/3784/3784 3786/3786/3786
f 3788/3788/3788 3787/3787/3787 3786/3786/3786
f 3789/3789/3789 3787/3787/3787 3788/3788/3788
f 3790/3790/3790 3789/3789/3789 3788/3788/3788
f 3782/3782/3782 3784/3784/3784 3791/3791/3791
f 3791/3791/3791 3783/3783/3783 3782/3782/3782
f 3783/3783/3783 3791/3791/3791 3792/3792/3792
f 3791/3791/3791 3793/3793/3793 3792/3792/3792
f 3796/3796/3796 3795/3795/3795 3794/3794/3794
f 3795/3795/3795 3797/3797/3797 3794/3794/3794
f 3795/3795/3795 3798/3798/3798 3797/3797/3797
f 3798/3798/3798 3799/3799/3799 3797/3797/3797
f 3797/3797/3797 3800/3800/3800 3794/3794/3794
f 3797/3797/3797 3799/3799/3799 3800/3800/3800
f 3799/3799/3799 3801/3801/3801 3800/3800/3800
f 3800/3800/3800 3802/3802/3802 3794/3794/3794
f 3803/3803/3803 3802/3802/3802 3800/3800/3800
f 3804/3804/3804 3803/3803/3803 3800/3800/3800
f 3807/3807/3807 3806/3806/3806 3805/3805/3805
f 3806/3806/3806 3808/3808/3808 3805/3805/3805
f 3808/3808/3808 3806/3806/3806 3809/3809/3809
f 3809/3809/3809 3810/3810/3810 3808/3808/3808
f 3805/3805/3805 3808/3808/3808 3811/3811/3811
f 3808/3808/3808 3810/3810/3810 3812/3812/3812
f 3808/3808/3808 3812/3812/3812 3811/3811/3811
f 3810/3810/3810 3813/3813/3813 3812/3812/3812
f 3814/3814/3814 3812/3812/3812 3813/3813/3813
f 3815/3815/3815 3814/3814/3814 3813/3813/3813
f 3814/3814/3814 3816/3816/3816 3812/3812/3812
f 3816/3816/3816 3811/3811/3811 3812/3812/3812
f 3816/3816/3816 3817/3817/3817 3811/3811/3811
f 3817/3817/3817 3818/3818/3818 3811/3811/3811
f 3821/3821/3821 3820/3820/3820 3819/3819/3819
f 3822/3822/3822 3821/3821/3821 3819/3819/3819
f 3823/3823/3823 3821/3821/3821 3822/3822/3822
f 3824/3824/3824 3823/3823/3823 3822/3822/3822
f 3825/3825/3825 3823/3823/3823 3824/3824/3824
f 3826/3826/3826 3825/3825/3825 3824/3824/3824
f 3829/3829/3829 3828/3828/3828 3827/3827/3827
f 3830/3830/3830 3829/3829/3829 3827/3827/3827
f 3831/3831/3831 3829/3829/3829 3830/3830/3830
f 3830/3830/3830 3827/3827/3827 3832/3832/3832
f 3833/3833/3833 3831/3831/3831 3830/3830/3830
f 3834/3834/3834 3831/3831/3831 3833/3833/3833
f 3835/3835/3835 3830/3830/3830 3832/3832/3832
f 3833/3833/3833 3830/3830/3830 3835/3835/3835
f 3836/3836/3836 3834/3834/3834 3833/3833/3833
f 3837/3837/3837 3834/3834/3834 3836/3836/3836
f 3836/3836/3836 3833/3833/3833 3838/3838/3838
f 3838/3838/3838 3833/3833/3833 3835/3835/3835
f 3837/3837/3837 3836/3836/3836 3839/3839/3839
f 3839/3839/3839 3836/3836/3836 3838/3838/3838
f 3840/3840/3840 3837/3837/3837 3839/3839/3839
f 3841/3841/3841 3837/3837/3837 3840/3840/3840
f 3842/3842/3842 3841/3841/3841 3840/3840/3840
f 3843/3843/3843 3841/3841/3841 3842/3842/3842
f 3844/3844/3844 3843/3843/3843 3842/3842/3842
f 3839/3839/3839 3838/3838/3838 3845/3845/3845
f 3846/3846/3846 3839/3839/3839 3845/3845/3845
f 3840/3840/3840 3839/3839/3839 3846/3846/3846
f 3847/3847/3847 3840/3840/3840 3846/3846/3846
f 3842/3842/3842 3840/3840/3840 3847/3847/3847
f 3848/3848/3848 3842/3842/3842 3847/3847/3847
f 3844/3844/3844 3842/3842/3842 3848/3848/3848
f 3849/3849/3849 3844/3844/3844 3848/3848/3848
f 3850/3850/3850 3844/3844/3844 3849/3849/3849
f 3851/3851/3851 3850/3850/3850 3849/3849/3849
f 3845/3845/3845 3838/3838/3838 3852/3852/3852
f 3838/3838/3838 3835/3835/3835 3852/3852/3852
f 3852/3852/3852 3835/3835/3835 3853/3853/3853
f 3853/3853/3853 3854/3854/3854 3852/3852/3852
f 3853/3853/3853 3855/3855/3855 3854/3854/3854
f 3835/3835/3835 3832/3832/3832 3853/3853/3853
f 3855/3855/3855 3853/3853/3853 3856/3856/3856
f 3857/3857/3857 3855/3855/3855 3856/3856/3856
f 3853/3853/3853 3832/3832/3832 3858/3858/3858
f 3853/3853/3853 3858/3858/3858 3856/3856/3856
f 3857/3857/3857 3856/3856/3856 3859/3859/3859
f 3856/3856/3856 3858/3858/3858 3859/3859/3859
f 3858/3858/3858 3860/3860/3860 3859/3859/3859
f 3861/3861/3861 3857/3857/3857 3859/3859/3859
f 3832/3832/3832 3862/3862/3862 3858/3858/3858
f 3862/3862/3862 3860/3860/3860 3858/3858/3858
f 3832/3832/3832 3863/3863/3863 3862/3862/3862
f 3862/3862/3862 3863/3863/3863 3860/3860/3860
f 3863/3863/3863 3864/3864/3864 3860/3860/3860
f 3864/3864/3864 3865/3865/3865 3860/3860/3860
f 3861/3861/3861 3859/3859/3859 3866/3866/3866
f 3859/3859/3859 3860/3860/3860 3866/3866/3866
f 3867/3867/3867 3861/3861/3861 3866/3866/3866
f 3860/3860/3860 3865/3865/3865 3868/3868/3868
f 3860/3860/3860 3868/3868/3868 3866/3866/3866
f 3865/3865/3865 3869/3869/3869 3868/3868/3868
f 3867/3867/3867 3866/3866/3866 3870/3870/3870
f 3866/3866/3866 3868/3868/3868 3870/3870/3870
f 3871/3871/3871 3867/3867/3867 3870/3870/3870
f 3872/3872/3872 3868/3868/3868 3869/3869/3869
f 3868/3868/3868 3872/3872/3872 3870/3870/3870
f 3873/3873/3873 3872/3872/3872 3869/3869/3869
f 3872/3872/3872 3873/3873/3873 3874/3874/3874
f 3871/3871/3871 3870/3870/3870 3875/3875/3875
f 3870/3870/3870 3872/3872/3872 3875/3875/3875
f 3876/3876/3876 3871/3871/3871 3875/3875/3875
f 3877/3877/3877 3872/3872/3872 3874/3874/3874
f 3872/3872/3872 3877/3877/3877 3875/3875/3875
f 3877/3877/3877 3874/3874/3874 3878/3878/3878
f 3878/3878/3878 3875/3875/3875 3877/3877/3877
f 3874/3874/3874 3879/3879/3879 3878/3878/3878
f 3878/3878/3878 3879/3879/3879 3880/3880/3880
f 3878/3878/3878 3880/3880/3880 3881/3881/3881
f 3878/3878/3878 3882/3882/3882 3875/3875/3875
f 3882/3882/3882 3883/3883/3883 3875/3875/3875
f 3884/3884/3884 3878/3878/3878 3881/3881/3881
f 3882/3882/3882 3878/3878/3878 3884/3884/3884
f 3884/3884/3884 3881/3881/3881 3885/3885/3885
f 3884/3884/3884 3886/3886/3886 3882/3882/3882
f 3889/3889/3889 3888/3888/3888 3887/3887/3887
f 3890/3890/3890 3889/3889/3889 3887/3887/3887
f 3890/3890/3890 3887/3887/3887 3891/3891/3891
f 3892/3892/3892 3889/3889/3889 3890/3890/3890
f 3893/3893/3893 3890/3890/3890 3891/3891/3891
f 3894/3894/3894 3892/3892/3892 3890/3890/3890
f 3894/3894/3894 3890/3890/3890 3893/3893/3893
f 3895/3895/3895 3892/3892/3892 3894/3894/3894
f 3896/3896/3896 3894/3894/3894 3893/3893/3893
f 3897/3897/3897 3895/3895/3895 3894/3894/3894
f 3897/3897/3897 3894/3894/3894 3896/3896/3896
f 3898/3898/3898 3897/3897/3897 3896/3896/3896
f 3901/3901/3901 3900/3900/3900 3899/3899/3899
f 3902/3902/3902 3901/3901/3901 3899/3899/3899
f 3902/3902/3902 3899/3899/3899 3903/3903/3903
f 3904/3904/3904 3901/3901/3901 3902/3902/3902
f 3905/3905/3905 3902/3902/3902 3903/3903/3903
f 3906/3906/3906 3904/3904/3904 3902/3902/3902
f 3906/3906/3906 3902/3902/3902 3905/3905/3905
f 3907/3907/3907 3904/3904/3904 3906/3906/3906
f 3908/3908/3908 3906/3906/3906 3905/3905/3905
f 3909/3909/3909 3907/3907/3907 3906/3906/3906
f 3909/3909/3909 3906/3906/3906 3908/3908/3908
f 3910/3910/3910 3909/3909/3909 3908/3908/3908
f 3913/3913/3913 3912/3912/3912 3911/3911/3911
f 3912/3912/3912 3914/3914/3914 3911/3911/3911
f 3911/3911/3911 3914/3914/3914 3915/3915/3915
f 3914/3914/3914 3916/3916/3916 3915/3915/3915
f 3915/3915/3915 3916/3916/3916 3917/3917/3917
f 3916/3916/3916 3918/3918/3918 3917/3917/3917
f 3917/3917/3917 3918/3918/3918 3919/3919/3919
f 3918/3918/3918 3920/3920/3920 3919/3919/3919
f 3923/3923/3923 3922/3922/3922 3921/3921/3921
f 3924/3924/3924 3923/3923/3923 3921/3921/3921
f 3927/3927/3927 3926/3926/3926 3925/3925/3925
f 3928/3928/3928 3927/3927/3927 3925/3925/3925
f 3931/3931/3931 3930/3930/3930 3929/3929/3929
f 3930/3930/3930 3932/3932/3932 3929/3929/3929
f 3930/3930/3930 3933/3933/3933 3932/3932/3932
f 3933/3933/3933 3934/3934/3934 3932/3932/3932
f 3937/3937/3937 3936/3936/3936 3935/3935/3935
f 3938/3938/3938 3937/3937/3937 3935/3935/3935
f 3937/3937/3937 3938/3938/3938 3939/3939/3939
f 3939/3939/3939 3938/3938/3938 3940/3940/3940
f 3938/3938/3938 3941/3941/3941 3940/3940/3940
f 3941/3941/3941 3938/3938/3938 3942/3942/3942
f 3938/3938/3938 3935/3935/3935 3942/3942/3942
f 3943/3943/3943 3942/3942/3942 3935/3935/3935
f 3944/3944/3944 3942/3942/3942 3943/3943/3943
f 3943/3943/3943 3945/3945/3945 3944/3944/3944
f 3943/3943/3943 3946/3946/3946 3945/3945/3945
f 3946/3946/3946 3947/3947/3947 3945/3945/3945
f 3944/3944/3944 3945/3945/3945 3948/3948/3948
f 3948/3948/3948 3949/3949/3949 3944/3944/3944
f 3944/3944/3944 3949/3949/3949 3950/3950/3950
f 3944/3944/3944 3950/3950/3950 3951/3951/3951
f 3944/3944/3944 3951/3951/3951 3952/3952/3952
f 3952/3952/3952 3953/3953/3953 3944/3944/3944
f 3953/3953/3953 3952/3952/3952 3954/3954/3954
f 3954/3954/3954 3955/3955/3955 3953/3953/3953
f 3952/3952/3952 3956/3956/3956 3954/3954/3954
f 3959/3959/3959 3958/3958/3958 3957/3957/3957
f 3960/3960/3960 3959/3959/3959 3957/3957/3957
f 3960/3960/3960 3957/3957/3957 3961/3961/3961
f 3962/3962/3962 3960/3960/3960 3961/3961/3961
f 3961/3961/3961 3957/3957/3957 3963/3963/3963
f 3964/3964/3964 3961/3961/3961 3963/3963/3963
f 3965/3965/3965 3964/3964/3964 3963/3963/3963
f 3966/3966/3966 3965/3965/3965 3963/3963/3963
f 3969/3969/3969 3968/3968/3968 3967/3967/3967
f 3970/3970/3970 3969/3969/3969 3967/3967/3967
f 3973/3973/3973 3972/3972/3972 3971/3971/3971
f 3974/3974/3974 3973/3973/3973 3971/3971/3971
f 3973/3973/3973 3974/3974/3974 3975/3975/3975
f 3974/3974/3974 3976/3976/3976 3975/3975/3975
f 3975/3975/3975 3976/3976/3976 3977/3977/3977
f 3976/3976/3976 3978/3978/3978 3977/3977/3977
f 3978/3978/3978 3976/3976/3976 3979/3979/3979
f 3976/3976/3976 3980/3980/3980 3979/3979/3979
f 3983/3983/3983 3982/3982/3982 3981/3981/3981
f 3982/3982/3982 3984/3984/3984 3981/3981/3981
f 3981/3981/3981 3984/3984/3984 3985/3985/3985
f 3986/3986/3986 3981/3981/3981 3985/3985/3985
f 3987/3987/3987 3985/3985/3985 3984/3984/3984
f 3988/3988/3988 3984/3984/3984 3982/3982/3982
f 3988/3988/3988 3987/3987/3987 3984/3984/3984
f 3989/3989/3989 3987/3987/3987 3988/3988/3988
f 3990/3990/3990 3988/3988/3988 3982/3982/3982
f 3991/3991/3991 3989/3989/3989 3988/3988/3988
f 3991/3991/3991 3988/3988/3988 3990/3990/3990
f 3992/3992/3992 3991/3991/3991 3990/3990/3990
f 3995/3995/3995 3994/3994/3994 3993/3993/3993
f 3996/3996/3996 3995/3995/3995 3993/3993/3993
f 3996/3996/3996 3993/3993/3993 3997/3997/3997
f 3998/3998/3998 3996/3996/3996 3997/3997/3997
f 4001/4001/4001 4000/4000/4000 3999/3999/3999
f 4000/4000/4000 4002/4002/4002 3999/3999/3999
f 4000/4000/4000 4003/4003/4003 4002/4002/4002
f 4003/4003/4003 4004/4004/4004 4002/4002/4002
f 4007/4007/4007 4006/4006/4006 4005/4005/4005
f 4008/4008/4008 4007/4007/4007 4005/4005/4005
f 4009/4009/4009 4007/4007/4007 4008/4008/4008
f 4010/4010/4010 4009/4009/4009 4008/4008/4008
f 4013/4013/4013 4012/4012/4012 4011/4011/4011
f 4012/4012/4012 4014/4014/4014 4011/4011/4011
f 4012/4012/4012 4015/4015/4015 4014/4014/4014
f 4011/4011/4011 4014/4014/4014 4016/4016/4016
f 4015/4015/4015 4017/4017/4017 4014/4014/4014
f 4014/4014/4014 4018/4018/4018 4016/4016/4016
f 4014/4014/4014 4017/4017/4017 4018/4018/4018
f 4019/4019/4019 4016/4016/4016 4018/4018/4018
f 4017/4017/4017 4020/4020/4020 4018/4018/4018
f 4021/4021/4021 4019/4019/4019 4018/4018/4018
f 4021/4021/4021 4018/4018/4018 4020/4020/4020
f 4022/4022/4022 4021/4021/4021 4020/4020/4020
f 4025/4025/4025 4024/4024/4024 4023/4023/4023
f 4026/4026/4026 4025/4025/4025 4023/4023/4023
f 4026/4026/4026 4023/4023/4023 4027/4027/4027
f 4023/4023/4023 4028/4028/4028 4027/4027/4027
f 4031/4031/4031 4030/4030/4030 4029/4029/4029
f 4032/4032/4032 4031/4031/4031 4029/4029/4029
f 4032/4032/4032 4033/4033/4033 4031/4031/4031
f 4033/4033/4033 4034/4034/4034 4031/4031/4031
f 4037/4037/4037 4036/4036/4036 4035/4035/4035
f 4038/4038/4038 4037/4037/4037 4035/4035/4035
f 4039/4039/4039 4037/4037/4037 4038/4038/4038
f 4040/4040/4040 4039/4039/4039 4038/4038/4038
f 4043/4043/4043 4042/4042/4042 4041/4041/4041
f 4042/4042/4042 4044/4044/4044 4041/4041/4041
f 4042/4042/4042 4045/4045/4045 4044/4044/4044
f 4045/4045/4045 4046/4046/4046 4044/4044/4044
f 4045/4045/4045 4047/4047/4047 4046/4046/4046
f 4047/4047/4047 4048/4048/4048 4046/4046/4046
f 4047/4047/4047 4049/4049/4049 4048/4048/4048
f 4049/4049/4049 4050/4050/4050 4048/4048/4048
f 4049/4049/4049 4051/4051/4051 4050/4050/4050
f 4051/4051/4051 4052/4052/4052 4050/4050/4050
f 4051/4051/4051 4053/4053/4053 4052/4052/4052
f 4053/4053/4053 4054/4054/4054 4052/4052/4052
f 4053/4053/4053 4055/4055/4055 4054/4054/4054
f 4055/4055/4055 4056/4056/4056 4054/4054/4054
f 4055/4055/4055 4057/4057/4057 4056/4056/4056
f 4057/4057/4057 4058/4058/4058 4056/4056/4056
f 4061/4061/4061 4060/4060/4060 4059/4059/4059
f 4062/4062/4062 4061/4061/4061 4059/4059/4059
f 4062/4062/4062 4059/4059/4059 4063/4063/4063
f 4064/4064/4064 4062/4062/4062 4063/4063/4063
f 4067/4067/4067 4066/4066/4066 4065/4065/4065
f 4068/4068/4068 4067/4067/4067 4065/4065/4065
f 4068/4068/4068 4065/4065/4065 4069/4069/4069
f 4070/4070/4070 4068/4068/4068 4069/4069/4069
f 4070/4070/4070 4069/4069/4069 4071/4071/4071
f 4072/4072/4072 4070/4070/4070 4071/4071/4071
f 4072/4072/4072 4071/4071/4071 4073/4073/4073
f 4074/4074/4074 4072/4072/4072 4073/4073/4073
f 4074/4074/4074 4073/4073/4073 4075/4075/4075
f 4076/4076/4076 4074/4074/4074 4075/4075/4075
f 4076/4076/4076 4075/4075/4075 4077/4077/4077
f 4078/4078/4078 4076/4076/4076 4077/4077/4077
f 4078/4078/4078 4077/4077/4077 4079/4079/4079
f 4080/4080/4080 4078/4078/4078 4079/4079/4079
f 4080/4080/4080 4079/4079/4079 4081/4081/4081
f 4082/4082/4082 4080/4080/4080 4081/4081/4081
f 4085/4085/4085 4084/4084/4084 4083/4083/4083
f 4086/4086/4086 4085/4085/4085 4083/4083/4083
f 4086/4086/4086 4083/4083/4083 4087/4087/4087
f 4088/4088/4088 4086/4086/4086 4087/4087/4087
f 4091/4091/4091 4090/4090/4090 4089/4089/4089
f 4090/4090/4090 4092/4092/4092 4089/4089/4089
f 4090/4090/4090 4093/4093/4093 4092/4092/4092
f 4093/4093/4093 4094/4094/4094 4092/4092/4092
f 4093/4093/4093 4095/4095/4095 4094/4094/4094
f 4095/4095/4095 4096/4096/4096 4094/4094/4094
f 4095/4095/4095 4097/4097/4097 4096/4096/4096
f 4097/4097/4097 4098/4098/4098 4096/4096/4096
f 4097/4097/4097 4099/4099/4099 4098/4098/4098
f 4099/4099/4099 4100/4100/4100 4098/4098/4098
f 4099/4099/4099 4101/4101/4101 4100/4100/4100
f 4101/4101/4101 4102/4102/4102 4100/4100/4100
f 4101/4101/4101 4103/4103/4103 4102/4102/4102
f 4103/4103/4103 4104/4104/4104 4102/4102/4102
f 4103/4103/4103 4105/4105/4105 4104/4104/4104
f 4105/4105/4105 4106/4106/4106 4104/4104/4104
f 4109/4109/4109 4108/4108/4108 4107/4107/4107
f 4110/4110/4110 4109/4109/4109 4107/4107/4107
f 4110/4110/4110 4107/4107/4107 4111/4111/4111
f 4112/4112/4112 4110/4110/4110 4111/4111/4111
f 4115/4115/4115 4114/4114/4114 4113/4113/4113
f 4116/4116/4116 4115/4115/4115 4113/4113/4113
f 4116/4116/4116 4113/4113/4113 4117/4117/4117
f 4118/4118/4118 4116/4116/4116 4117/4117/4117
f 4121/4121/4121 4120/4120/4120 4119/4119/4119
f 4122/4122/4122 4121/4121/4121 4119/4119/4119
f 4122/4122/4122 4119/4119/4119 4123/4123/4123
f 4124/4124/4124 4122/4122/4122 4123/4123/4123
f 4127/4127/4127 4126/4126/4126 4125/4125/4125
f 4128/4128/4128 4127/4127/4127 4125/4125/4125
f 4128/4128/4128 4125/4125/4125 4129/4129/4129
f 4130/4130/4130 4128/4128/4128 4129/4129/4129
f 4133/4133/4133 4132/4132/4132 4131/4131/4131
f 4134/4134/4134 4133/4133/4133 4131/4131/4131
f 4134/4134/4134 4131/4131/4131 4135/4135/4135
f 4136/4136/4136 4134/4134/4134 4135/4135/4135
f 4136/4136/4136 4135/4135/4135 4137/4137/4137
f 4138/4138/4138 4136/4136/4136 4137/4137/4137
f 4138/4138/4138 4137/4137/4137 4139/4139/4139
f 4140/4140/4140 4138/4138/4138 4139/4139/4139
f 4143/4143/4143 4142/4142/4142 4141/4141/4141
f 4144/4144/4144 4143/4143/4143 4141/4141/4141
f 4144/4144/4144 4141/4141/4141 4145/4145/4145
f 4146/4146/4146 4144/4144/4144 4145/4145/4145
f 4146/4146/4146 4145/4145/4145 4147/4147/4147
f 4148/4148/4148 4146/4146/4146 4147/4147/4147
f 4148/4148/4148 4147/4147/4147 4149/4149/4149
f 4150/4150/4150 4148/4148/4148 4149/4149/4149
f 4153/4153/4153 4152/4152/4152 4151/4151/4151
f 4154/4154/4154 4153/4153/4153 4151/4151/4151
f 4154/4154/4154 4151/4151/4151 4155/4155/4155
f 4156/4156/4156 4154/4154/4154 4155/4155/4155
f 4156/4156/4156 4155/4155/4155 4157/4157/4157
f 4158/4158/4158 4156/4156/4156 4157/4157/4157
f 4158/4158/4158 4157/4157/4157 4159/4159/4159
f 4160/4160/4160 4158/4158/4158 4159/4159/4159
f 4163/4163/4163 4162/4162/4162 4161/4161/4161
f 4161/4161/4161 4164/4164/4164 4163/4163/4163
f 4161/4161/4161 4165/4165/4165 4164/4164/4164
f 4165/4165/4165 4166/4166/4166 4164/4164/4164
f 4165/4165/4165 4167/4167/4167 4166/4166/4166
f 4167/4167/4167 4168/4168/4168 4166/4166/4166
f 4167/4167/4167 4169/4169/4169 4168/4168/4168
f 4172/4172/4172 4171/4171/4171 4170/4170/4170
f 4172/4172/4172 4170/4170/4170 4173/4173/4173
f 4170/4170/4170 4174/4174/4174 4173/4173/4173
f 4174/4174/4174 4175/4175/4175 4173/4173/4173
f 4173/4173/4173 4176/4176/4176 4172/4172/4172
f 4172/4172/4172 4176/4176/4176 4177/4177/4177
f 4176/4176/4176 4178/4178/4178 4177/4177/4177
f 4177/4177/4177 4178/4178/4178 4179/4179/4179
f 4180/4180/4180 4177/4177/4177 4179/4179/4179
f 4183/4183/4183 4182/4182/4182 4181/4181/4181
f 4182/4182/4182 4184/4184/4184 4181/4181/4181
f 4185/4185/4185 4181/4181/4181 4184/4184/4184
f 4186/4186/4186 4184/4184/4184 4182/4182/4182
f 4187/4187/4187 4186/4186/4186 4182/4182/4182
f 4186/4186/4186 4187/4187/4187 4188/4188/4188
f 4189/4189/4189 4185/4185/4185 4184/4184/4184
f 4189/4189/4189 4184/4184/4184 4186/4186/4186
f 4190/4190/4190 4185/4185/4185 4189/4189/4189
f 4191/4191/4191 4190/4190/4190 4189/4189/4189
f 4191/4191/4191 4189/4189/4189 4192/4192/4192
f 4192/4192/4192 4189/4189/4189 4186/4186/4186
f 4193/4193/4193 4191/4191/4191 4192/4192/4192
f 4194/4194/4194 4186/4186/4186 4188/4188/4188
f 4192/4192/4192 4186/4186/4186 4194/4194/4194
f 4188/4188/4188 4195/4195/4195 4194/4194/4194
f 4195/4195/4195 4196/4196/4196 4194/4194/4194
f 4193/4193/4193 4192/4192/4192 4197/4197/4197
f 4197/4197/4197 4192/4192/4192 4194/4194/4194
f 4197/4197/4197 4194/4194/4194 4196/4196/4196
f 4198/4198/4198 4193/4193/4193 4197/4197/4197
f 4199/4199/4199 4197/4197/4197 4196/4196/4196
f 4198/4198/4198 4197/4197/4197 4199/4199/4199
f 4200/4200/4200 4198/4198/4198 4199/4199/4199
f 4203/4203/4203 4202/4202/4202 4201/4201/4201
f 4202/4202/4202 4204/4204/4204 4201/4201/4201
f 4205/4205/4205 4204/4204/4204 4202/4202/4202
f 4205/4205/4205 4202/4202/4202 4206/4206/4206
f 4206/4206/4206 4207/4207/4207 4205/4205/4205
f 4208/4208/4208 4205/4205/4205 4207/4207/4207
f 4209/4209/4209 4208/4208/4208 4207/4207/4207
f 4209/4209/4209 4210/4210/4210 4208/4208/4208
f 4210/4210/4210 4211/4211/4211 4208/4208/4208
f 4214/4214/4214 4213/4213/4213 4212/4212/4212
f 4213/4213/4213 4215/4215/4215 4212/4212/4212
f 4215/4215/4215 4216/4216/4216 4212/4212/4212
f 4216/4216/4216 4217/4217/4217 4212/4212/4212
f 4217/4217/4217 4216/4216/4216 4218/4218/4218
f 4216/4216/4216 4219/4219/4219 4218/4218/4218
f 4218/4218/4218 4219/4219/4219 4220/4220/4220
f 4219/4219/4219 4221/4221/4221 4220/4220/4220
f 4224/4224/4224 4223/4223/4223 4222/4222/4222
f 4223/4223/4223 4225/4225/4225 4222/4222/4222
f 4223/4223/4223 4226/4226/4226 4225/4225/4225
f 4226/4226/4226 4227/4227/4227 4225/4225/4225
f 4226/4226/4226 4228/4228/4228 4227/4227/4227
f 4228/4228/4228 4229/4229/4229 4227/4227/4227
f 4228/4228/4228 4230/4230/4230 4229/4229/4229
f 4230/4230/4230 4231/4231/4231 4229/4229/4229
f 4230/4230/4230 4232/4232/4232 4231/4231/4231
f 4232/4232/4232 4233/4233/4233 4231/4231/4231
f 4232/4232/4232 4234/4234/4234 4233/4233/4233
f 4234/4234/4234 4235/4235/4235 4233/4233/4233
f 4234/4234/4234 4236/4236/4236 4235/4235/4235
f 4236/4236/4236 4237/4237/4237 4235/4235/4235
f 4236/4236/4236 4238/4238/4238 4237/4237/4237
f 4238/4238/4238 4239/4239/4239 4237/4237/4237
f 4242/4242/4242 4241/4241/4241 4240/4240/4240
f 4241/4241/4241 4243/4243/4243 4240/4240/4240
f 4241/4241/4241 4244/4244/4244 4243/4243/4243
f 4244/4244/4244 4245/4245/4245 4243/4243/4243
f 4248/4248/4248 4247/4247/4247 4246/4246/4246
f 4246/4246/4246 4249/4249/4249 4248/4248/4248
f 4248/4248/4248 4249/4249/4249 4250/4250/4250
f 4250/4250/4250 4249/4249/4249 4251/4251/4251
f 4252/4252/4252 4250/4250/4250 4251/4251/4251
f 4250/4250/4250 4253/4253/4253 4248/4248/4248
f 4253/4253/4253 4254/4254/4254 4248/4248/4248
f 4257/4257/4257 4256/4256/4256 4255/4255/4255
f 4258/4258/4258 4257/4257/4257 4255/4255/4255
f 4258/4258/4258 4255/4255/4255 4259/4259/4259
f 4260/4260/4260 4258/4258/4258 4259/4259/4259
f 4260/4260/4260 4259/4259/4259 4261/4261/4261
f 4262/4262/4262 4260/4260/4260 4261/4261/4261
f 4262/4262/4262 4261/4261/4261 4263/4263/4263
f 4264/4264/4264 4262/4262/4262 4263/4263/4263
f 4267/4267/4267 4266/4266/4266 4265/4265/4265
f 4265/4265/4265 4268/4268/4268 4267/4267/4267
f 4268/4268/4268 4269/4269/4269 4267/4267/4267
f 4268/4268/4268 4270/4270/4270 4269/4269/4269
f 4270/4270/4270 4271/4271/4271 4269/4269/4269
f 4270/4270/4270 4272/4272/4272 4271/4271/4271
f 4272/4272/4272 4273/4273/4273 4271/4271/4271
f 4276/4276/4276 4275/4275/4275 4274/4274/4274
f 4277/4277/4277 4276/4276/4276 4274/4274/4274
f 4274/4274/4274 4278/4278/4278 4277/4277/4277
f 4279/4279/4279 4277/4277/4277 4278/4278/4278
f 4280/4280/4280 4279/4279/4279 4278/4278/4278
f 4283/4283/4283 4282/4282/4282 4281/4281/4281
f 4281/4281/4281 4284/4284/4284 4283/4283/4283
f 4284/4284/4284 4285/4285/4285 4283/4283/4283
f 4284/4284/4284 4286/4286/4286 4285/4285/4285
f 4286/4286/4286 4287/4287/4287 4285/4285/4285
f 4287/4287/4287 4288/4288/4288 4285/4285/4285
f 4288/4288/4288 4289/4289/4289 4285/4285/4285
f 4289/4289/4289 4290/4290/4290 4285/4285/4285
f 4293/4293/4293 4292/4292/4292 4291/4291/4291
f 4292/4292/4292 4294/4294/4294 4291/4291/4291
f 4291/4291/4291 4294/4294/4294 4295/4295/4295
f 4294/4294/4294 4296/4296/4296 4295/4295/4295
f 4299/4299/4299 4298/4298/4298 4297/4297/4297
f 4298/4298/4298 4300/4300/4300 4297/4297/4297
f 4297/4297/4297 4300/4300/4300 4301/4301/4301
f 4300/4300/4300 4302/4302/4302 4301/4301/4301
f 4301/4301/4301 4302/4302/4302 4303/4303/4303
f 4302/4302/4302 4304/4304/4304 4303/4303/4303
f 4303/4303/4303 4304/4304/4304 4305/4305/4305
f 4304/4304/4304 4306/4306/4306 4305/4305/4305
f 4309/4309/4309 4308/4308/4308 4307/4307/4307
f 4308/4308/4308 4310/4310/4310 4307/4307/4307
f 4311/4311/4311 4307/4307/4307 4310/4310/4310
f 4312/4312/4312 4311/4311/4311 4310/4310/4310
f 4313/4313/4313 4311/4311/4311 4312/4312/4312
f 4314/4314/4314 4313/4313/4313 4312/4312/4312
f 4315/4315/4315 4313/4313/4313 4314/4314/4314
f 4316/4316/4316 4315/4315/4315 4314/4314/4314
f 4317/4317/4317 4315/4315/4315 4316/4316/4316
f 4318/4318/4318 4317/4317/4317 4316/4316/4316
f 4321/4321/4321 4320/4320/4320 4319/4319/4319
f 4320/4320/4320 4322/4322/4322 4319/4319/4319
f 4323/4323/4323 4322/4322/4322 4320/4320/4320
f 4324/4324/4324 4323/4323/4323 4320/4320/4320
f 4325/4325/4325 4323/4323/4323 4324/4324/4324
f 4326/4326/4326 4325/4325/4325 4324/4324/4324
f 4327/4327/4327 4325/4325/4325 4326/4326/4326
f 4328/4328/4328 4327/4327/4327 4326/4326/4326
f 4329/4329/4329 4327/4327/4327 4328/4328/4328
f 4330/4330/4330 4329/4329/4329 4328/4328/4328
f 4331/4331/4331 4329/4329/4329 4330/4330/4330
f 4332/4332/4332 4331/4331/4331 4330/4330/4330
f 4333/4333/4333 4331/4331/4331 4332/4332/4332
f 4334/4334/4334 4333/4333/4333 4332/4332/4332
f 4335/4335/4335 4333/4333/4333 4334/4334/4334
f 4336/4336/4336 4335/4335/4335 4334/4334/4334
f 4337/4337/4337 4335/4335/4335 4336/4336/4336
f 4338/4338/4338 4337/4337/4337 4336/4336/4336
f 4339/4339/4339 4337/4337/4337 4338/4338/4338
f 4340/4340/4340 4339/4339/4339 4338/4338/4338
f 4341/4341/4341 4339/4339/4339 4340/4340/4340
f 4342/4342/4342 4341/4341/4341 4340/4340/4340
f 4341/4341/4341 4342/4342/4342 4343/4343/4343
f 4342/4342/4342 4344/4344/4344 4343/4343/4343
f 4343/4343/4343 4344/4344/4344 4345/4345/4345
f 4348/4348/4348 4347/4347/4347 4346/4346/4346
f 4349/4349/4349 4348/4348/4348 4346/4346/4346
f 4350/4350/4350 4348/4348/4348 4349/4349/4349
f 4351/4351/4351 4350/4350/4350 4349/4349/4349
f 4352/4352/4352 4350/4350/4350 4351/4351/4351
f 4353/4353/4353 4352/4352/4352 4351/4351/4351
f 4354/4354/4354 4352/4352/4352 4353/4353/4353
f 4355/4355/4355 4354/4354/4354 4353/4353/4353
f 4358/4358/4358 4357/4357/4357 4356/4356/4356
f 4359/4359/4359 4358/4358/4358 4356/4356/4356
f 4360/4360/4360 4358/4358/4358 4359/4359/4359
f 4361/4361/4361 4360/4360/4360 4359/4359/4359
f 4360/4360/4360 4361/4361/4361 4362/4362/4362
f 4363/4363/4363 4360/4360/4360 4362/4362/4362
f 4366/4366/4366 4365/4365/4365 4364/4364/4364
f 4367/4367/4367 4366/4366/4366 4364/4364/4364
f 4370/4370/4370 4369/4369/4369 4368/4368/4368
f 4369/4369/4369 4371/4371/4371 4368/4368/4368
f 4368/4368/4368 4371/4371/4371 4372/4372/4372
f 4371/4371/4371 4373/4373/4373 4372/4372/4372
f 4372/4372/4372 4373/4373/4373 4374/4374/4374
f 4373/4373/4373 4375/4375/4375 4374/4374/4374
f 4378/4378/4378 4377/4377/4377 4376/4376/4376
f 4377/4377/4377 4379/4379/4379 4376/4376/4376
f 4376/4376/4376 4379/4379/4379 4380/4380/4380
f 4379/4379/4379 4381/4381/4381 4380/4380/4380
f 4380/4380/4380 4381/4381/4381 4382/4382/4382
f 4381/4381/4381 4383/4383/4383 4382/4382/4382
f 4382/4382/4382 4383/4383/4383 4384/4384/4384
f 4383/4383/4383 4385/4385/4385 4384/4384/4384
f 4388/4388/4388 4387/4387/4387 4386/4386/4386
f 4387/4387/4387 4389/4389/4389 4386/4386/4386
f 4386/4386/4386 4389/4389/4389 4390/4390/4390
f 4389/4389/4389 4391/4391/4391 4390/4390/4390
f 4390/4390/4390 4391/4391/4391 4392/4392/4392
f 4391/4391/4391 4393/4393/4393 4392/4392/4392
f 4392/4392/4392 4393/4393/4393 4394/4394/4394
f 4393/4393/4393 4395/4395/4395 4394/4394/4394
f 4398/4398/4398 4397/4397/4397 4396/4396/4396
f 4399/4399/4399 4398/4398/4398 4396/4396/4396
f 4402/4402/4402 4401/4401/4401 4400/4400/4400
f 4403/4403/4403 4402/4402/4402 4400/4400/4400
f 4404/4404/4404 4402/4402/4402 4403/4403/4403
f 4405/4405/4405 4404/4404/4404 4403/4403/4403
f 4406/4406/4406 4404/4404/4404 4405/4405/4405
f 4407/4407/4407 4406/4406/4406 4405/4405/4405
f 4408/4408/4408 4406/4406/4406 4407/4407/4407
f 4409/4409/4409 4408/4408/4408 4407/4407/4407
f 4410/4410/4410 4408/4408/4408 4409/4409/4409
f 4411/4411/4411 4410/4410/4410 4409/4409/4409
f 4411/4411/4411 4412/4412/4412 4410/4410/4410
f 4412/4412/4412 4413/4413/4413 4410/4410/4410
f 4416/4416/4416 4415/4415/4415 4414/4414/4414
f 4415/4415/4415 4417/4417/4417 4414/4414/4414
f 4418/4418/4418 4417/4417/4417 4415/4415/4415
f 4419/4419/4419 4418/4418/4418 4415/4415/4415
f 4420/4420/4420 4418/4418/4418 4419/4419/4419
f 4421/4421/4421 4420/4420/4420 4419/4419/4419
f 4422/4422/4422 4420/4420/4420 4421/4421/4421
f 4423/4423/4423 4422/4422/4422 4421/4421/4421
f 4424/4424/4424 4422/4422/4422 4423/4423/4423
f 4425/4425/4425 4424/4424/4424 4423/4423/4423
f 4428/4428/4428 4427/4427/4427 4426/4426/4426
f 4429/4429/4429 4428/4428/4428 4426/4426/4426
f 4432/4432/4432 4431/4431/4431 4430/4430/4430
f 4433/4433/4433 4432/4432/4432 4430/4430/4430
f 4436/4436/4436 4435/4435/4435 4434/4434/4434
f 4435/4435/4435 4437/4437/4437 4434/4434/4434
f 4434/4434/4434 4437/4437/4437 4438/4438/4438
f 4437/4437/4437 4439/4439/4439 4438/4438/4438
f 4438/4438/4438 4439/4439/4439 4440/4440/4440
f 4439/4439/4439 4441/4441/4441 4440/4440/4440
f 4440/4440/4440 4441/4441/4441 4442/4442/4442
f 4443/4443/4443 4440/4440/4440 4442/4442/4442
f 4446/4446/4446 4445/4445/4445 4444/4444/4444
f 4447/4447/4447 4446/4446/4446 4444/4444/4444
f 4450/4450/4450 4449/4449/4449 4448/4448/4448
f 4451/4451/4451 4450/4450/4450 4448/4448/4448
f 4454/4454/4454 4453/4453/4453 4452/4452/4452
f 4455/4455/4455 4454/4454/4454 4452/4452/4452
f 4458/4458/4458 4457/4457/4457 4456/4456/4456
f 4459/4459/4459 4458/4458/4458 4456/4456/4456
f 4462/4462/4462 4461/4461/4461 4460/4460/4460
f 4463/4463/4463 4462/4462/4462 4460/4460/4460
f 4466/4466/4466 4465/4465/4465 4464/4464/4464
f 4467/4467/4467 4466/4466/4466 4464/4464/4464
f 4470/4470/4470 4469/4469/4469 4468/4468/4468
f 4471/4471/4471 4470/4470/4470 4468/4468/4468
f 4474/4474/4474 4473/4473/4473 4472/4472/4472
f 4475/4475/4475 4474/4474/4474 4472/4472/4472
f 4478/4478/4478 4477/4477/4477 4476/4476/4476
f 4479/4479/4479 4478/4478/4478 4476/4476/4476
f 4482/4482/4482 4481/4481/4481 4480/4480/4480
f 4482/4482/4482 4480/4480/4480 4483/4483/4483
f 4484/4484/4484 4482/4482/4482 4483/4483/4483
f 4485/4485/4485 4484/4484/4484 4483/4483/4483
f 4483/4483/4483 4486/4486/4486 4485/4485/4485
f 4485/4485/4485 4486/4486/4486 4487/4487/4487
f 4487/4487/4487 4488/4488/4488 4485/4485/4485
f 4487/4487/4487 4489/4489/4489 4488/4488/4488
f 4489/4489/4489 4487/4487/4487 4490/4490/4490
f 4490/4490/4490 4491/4491/4491 4489/4489/4489
f 4490/4490/4490 4492/4492/4492 4491/4491/4491
f 4490/4490/4490 4493/4493/4493 4492/4492/4492
f 4493/4493/4493 4494/4494/4494 4492/4492/4492
f 4493/4493/4493 4495/4495/4495 4494/4494/4494
f 4495/4495/4495 4493/4493/4493 4496/4496/4496
f 4493/4493/4493 4497/4497/4497 4496/4496/4496
f 4493/4493/4493 4490/4490/4490 4497/4497/4497
f 4490/4490/4490 4498/4498/4498 4497/4497/4497
f 4498/4498/4498 4499/4499/4499 4497/4497/4497
f 4499/4499/4499 4500/4500/4500 4497/4497/4497
f 4503/4503/4503 4502/4502/4502 4501/4501/4501
f 4504/4504/4504 4503/4503/4503 4501/4501/4501
f 4504/4504/4504 4501/4501/4501 4505/4505/4505
f 4504/4504/4504 4505/4505/4505 4506/4506/4506
f 4506/4506/4506 4507/4507/4507 4504/4504/4504
f 4508/4508/4508 4507/4507/4507 4506/4506/4506
f 4506/4506/4506 4509/4509/4509 4508/4508/4508
f 4509/4509/4509 4510/4510/4510 4508/4508/4508
f 4511/4511/4511 4508/4508/4508 4510/4510/4510
f 4510/4510/4510 4512/4512/4512 4511/4511/4511
f 4512/4512/4512 4513/4513/4513 4511/4511/4511
f 4513/4513/4513 4514/4514/4514 4511/4511/4511
f 4513/4513/4513 4515/4515/4515 4514/4514/4514
f 4515/4515/4515 4516/4516/4516 4514/4514/4514
f 4511/4511/4511 4514/4514/4514 4517/4517/4517
f 4514/4514/4514 4516/4516/4516 4517/4517/4517
f 4516/4516/4516 4518/4518/4518 4517/4517/4517
f 4519/4519/4519 4511/4511/4511 4517/4517/4517
f 4519/4519/4519 4517/4517/4517 4520/4520/4520
f 4521/4521/4521 4519/4519/4519 4520/4520/4520
f 4524/4524/4524 4523/4523/4523 4522/4522/4522
f 4525/4525/4525 4524/4524/4524 4522/4522/4522
f 4524/4524/4524 4525/4525/4525 4526/4526/4526
f 4525/4525/4525 4527/4527/4527 4526/4526/4526
f 4530/4530/4530 4529/4529/4529 4528/4528/4528
f 4531/4531/4531 4530/4530/4530 4528/4528/4528
f 4534/4534/4534 4533/4533/4533 4532/4532/4532
f 4535/4535/4535 4534/4534/4534 4532/4532/4532
f 4538/4538/4538 4537/4537/4537 4536/4536/4536
f 4536/4536/4536 4539/4539/4539 4538/4538/4538
f 4540/4540/4540 4538/4538/4538 4539/4539/4539
f 4539/4539/4539 4536/4536/4536 4541/4541/4541
f 4542/4542/4542 4540/4540/4540 4539/4539/4539
f 4539/4539/4539 4541/4541/4541 4543/4543/4543
f 4539/4539/4539 4544/4544/4544 4542/4542/4542
f 4543/4543/4543 4544/4544/4544 4539/4539/4539
f 4544/4544/4544 4543/4543/4543 4545/4545/4545
f 4544/4544/4544 4545/4545/4545 4546/4546/4546
f 4546/4546/4546 4547/4547/4547 4544/4544/4544
f 4547/4547/4547 4546/4546/4546 4548/4548/4548
f 4547/4547/4547 4548/4548/4548 4549/4549/4549
f 4549/4549/4549 4550/4550/4550 4547/4547/4547
f 4551/4551/4551 4550/4550/4550 4549/4549/4549
f 4549/4549/4549 4552/4552/4552 4551/4551/4551
f 4552/4552/4552 4553/4553/4553 4551/4551/4551
f 4554/4554/4554 4551/4551/4551 4553/4553/4553
f 4555/4555/4555 4554/4554/4554 4553/4553/4553
f 4558/4558/4558 4557/4557/4557 4556/4556/4556
f 4559/4559/4559 4558/4558/4558 4556/4556/4556
f 4562/4562/4562 4561/4561/4561 4560/4560/4560
f 4563/4563/4563 4562/4562/4562 4560/4560/4560
f 4563/4563/4563 4560/4560/4560 4564/4564/4564
f 4563/4563/4563 4564/4564/4564 4565/4565/4565
f 4565/4565/4565 4566/4566/4566 4563/4563/4563
f 4567/4567/4567 4566/4566/4566 4565/4565/4565
f 4565/4565/4565 4568/4568/4568 4567/4567/4567
f 4568/4568/4568 4569/4569/4569 4567/4567/4567
f 4570/4570/4570 4567/4567/4567 4569/4569/4569
f 4569/4569/4569 4571/4571/4571 4570/4570/4570
f 4571/4571/4571 4572/4572/4572 4570/4570/4570
f 4573/4573/4573 4570/4570/4570 4572/4572/4572
f 4572/4572/4572 4574/4574/4574 4573/4573/4573
f 4574/4574/4574 4575/4575/4575 4573/4573/4573
f 4573/4573/4573 4575/4575/4575 4576/4576/4576
f 4570/4570/4570 4573/4573/4573 4577/4577/4577
f 4578/4578/4578 4573/4573/4573 4576/4576/4576
f 4573/4573/4573 4578/4578/4578 4577/4577/4577
f 4579/4579/4579 4577/4577/4577 4578/4578/4578
f 4580/4580/4580 4579/4579/4579 4578/4578/4578
f 4583/4583/4583 4582/4582/4582 4581/4581/4581
f 4584/4584/4584 4583/4583/4583 4581/4581/4581
f 4583/4583/4583 4584/4584/4584 4585/4585/4585
f 4584/4584/4584 4586/4586/4586 4585/4585/4585
f 4589/4589/4589 4588/4588/4588 4587/4587/4587
f 4590/4590/4590 4589/4589/4589 4587/4587/4587
f 4593/4593/4593 4592/4592/4592 4591/4591/4591
f 4594/4594/4594 4593/4593/4593 4591/4591/4591
f 4597/4597/4597 4596/4596/4596 4595/4595/4595
f 4597/4597/4597 4595/4595/4595 4598/4598/4598
f 4599/4599/4599 4597/4597/4597 4598/4598/4598
f 4600/4600/4600 4598/4598/4598 4595/4595/4595
f 4601/4601/4601 4600/4600/4600 4595/4595/4595
f 4602/4602/4602 4598/4598/4598 4600/4600/4600
f 4602/4602/4602 4603/4603/4603 4598/4598/4598
f 4598/4598/4598 4604/4604/4604 4599/4599/4599
f 4603/4603/4603 4604/4604/4604 4598/4598/4598
f 4604/4604/4604 4605/4605/4605 4599/4599/4599
f 4603/4603/4603 4606/4606/4606 4604/4604/4604
f 4606/4606/4606 4607/4607/4607 4604/4604/4604
f 4608/4608/4608 4605/4605/4605 4604/4604/4604
f 4608/4608/4608 4604/4604/4604 4607/4607/4607
f 4607/4607/4607 4609/4609/4609 4608/4608/4608
f 4609/4609/4609 4610/4610/4610 4608/4608/4608
f 4613/4613/4613 4612/4612/4612 4611/4611/4611
f 4612/4612/4612 4614/4614/4614 4611/4611/4611
f 4612/4612/4612 4615/4615/4615 4614/4614/4614
f 4615/4615/4615 4616/4616/4616 4614/4614/4614
f 4619/4619/4619 4618/4618/4618 4617/4617/4617
f 4620/4620/4620 4619/4619/4619 4617/4617/4617
f 4621/4621/4621 4619/4619/4619 4620/4620/4620
f 4621/4621/4621 4622/4622/4622 4619/4619/4619
f 4623/4623/4623 4621/4621/4621 4620/4620/4620
f 4624/4624/4624 4623/4623/4623 4620/4620/4620
f 4625/4625/4625 4624/4624/4624 4620/4620/4620
f 4625/4625/4625 4620/4620/4620 4626/4626/4626
f 4626/4626/4626 4627/4627/4627 4625/4625/4625
f 4626/4626/4626 4628/4628/4628 4627/4627/4627
f 4626/4626/4626 4620/4620/4620 4629/4629/4629
f 4620/4620/4620 4630/4630/4630 4629/4629/4629
f 4626/4626/4626 4629/4629/4629 4631/4631/4631
f 4632/4632/4632 4626/4626/4626 4631/4631/4631
f 4628/4628/4628 4626/4626/4626 4632/4632/4632
f 4632/4632/4632 4633/4633/4633 4628/4628/4628
f 4632/4632/4632 4634/4634/4634 4633/4633/4633
f 4632/4632/4632 4635/4635/4635 4634/4634/4634
f 4635/4635/4635 4636/4636/4636 4634/4634/4634
f 4639/4639/4639 4638/4638/4638 4637/4637/4637
f 4638/4638/4638 4639/4639/4639 4640/4640/4640
f 4641/4641/4641 4638/4638/4638 4640/4640/4640
f 4641/4641/4641 4640/4640/4640 4642/4642/4642
f 4643/4643/4643 4638/4638/4638 4641/4641/4641
f 4644/4644/4644 4638/4638/4638 4643/4643/4643
f 4643/4643/4643 4645/4645/4645 4644/4644/4644
f 4641/4641/4641 4646/4646/4646 4643/4643/4643
f 4647/4647/4647 4644/4644/4644 4645/4645/4645
f 4645/4645/4645 4648/4648/4648 4647/4647/4647
f 4648/4648/4648 4649/4649/4649 4647/4647/4647
f 4649/4649/4649 4650/4650/4650 4647/4647/4647
f 4650/4650/4650 4649/4649/4649 4651/4651/4651
f 4651/4651/4651 4652/4652/4652 4650/4650/4650
f 4652/4652/4652 4653/4653/4653 4650/4650/4650
f 4654/4654/4654 4653/4653/4653 4652/4652/4652
f 4652/4652/4652 4655/4655/4655 4654/4654/4654
f 4654/4654/4654 4655/4655/4655 4656/4656/4656
f 4657/4657/4657 4654/4654/4654 4656/4656/4656
f 4658/4658/4658 4646/4646/4646 4641/4641/4641
f 4657/4657/4657 4656/4656/4656 4658/4658/4658
f 4641/4641/4641 4657/4657/4657 4658/4658/4658
f 4657/4657/4657 4641/4641/4641 4642/4642/4642
f 4657/4657/4657 4642/4642/4642 4659/4659/4659
f 4662/4662/4662 4661/4661/4661 4660/4660/4660
f 4663/4663/4663 4662/4662/4662 4660/4660/4660
f 4660/4660/4660 4664/4664/4664 4663/4663/4663
f 4663/4663/4663 4664/4664/4664 4665/4665/4665
f 4666/4666/4666 4662/4662/4662 4663/4663/4663
f 4666/4666/4666 4667/4667/4667 4662/4662/4662
f 4663/4663/4663 4668/4668/4668 4666/4666/4666
f 4663/4663/4663 4669/4669/4669 4668/4668/4668
f 4670/4670/4670 4663/4663/4663 4665/4665/4665
f 4663/4663/4663 4670/4670/4670 4669/4669/4669
f 4670/4670/4670 4665/4665/4665 4671/4671/4671
f 4672/4672/4672 4670/4670/4670 4671/4671/4671
f 4669/4669/4669 4670/4670/4670 4673/4673/4673
f 4674/4674/4674 4673/4673/4673 4670/4670/4670
f 4670/4670/4670 4672/4672/4672 4674/4674/4674
f 4672/4672/4672 4675/4675/4675 4674/4674/4674
f 4672/4672/4672 4676/4676/4676 4675/4675/4675
f 4672/4672/4672 4677/4677/4677 4676/4676/4676
f 4672/4672/4672 4678/4678/4678 4677/4677/4677
f 4678/4678/4678 4679/4679/4679 4677/4677/4677
f 4678/4678/4678 4672/4672/4672 4680/4680/4680
f 4672/4672/4672 4681/4681/4681 4680/4680/4680
f 4684/4684/4684 4683/4683/4683 4682/4682/4682
f 4685/4685/4685 4684/4684/4684 4682/4682/4682
f 4682/4682/4682 4686/4686/4686 4685/4685/4685
f 4685/4685/4685 4686/4686/4686 4687/4687/4687
f 4686/4686/4686 4688/4688/4688 4687/4687/4687
f 4691/4691/4691 4690/4690/4690 4689/4689/4689
f 4689/4689/4689 4692/4692/4692 4691/4691/4691
f 4692/4692/4692 4693/4693/4693 4691/4691/4691
f 4696/4696/4696 4695/4695/4695 4694/4694/4694
f 4694/4694/4694 4697/4697/4697 4696/4696/4696
f 4697/4697/4697 4698/4698/4698 4696/4696/4696
f 4697/4697/4697 4699/4699/4699 4698/4698/4698
f 4702/4702/4702 4701/4701/4701 4700/4700/4700
f 4703/4703/4703 4702/4702/4702 4700/4700/4700
f 4703/4703/4703 4700/4700/4700 4704/4704/4704
f 4704/4704/4704 4705/4705/4705 4703/4703/4703
f 4704/4704/4704 4706/4706/4706 4705/4705/4705
f 4709/4709/4709 4708/4708/4708 4707/4707/4707
f 4707/4707/4707 4710/4710/4710 4709/4709/4709
f 4710/4710/4710 4711/4711/4711 4709/4709/4709
f 4714/4714/4714 4713/4713/4713 4712/4712/4712
f 4715/4715/4715 4714/4714/4714 4712/4712/4712
f 4718/4718/4718 4717/4717/4717 4716/4716/4716
f 4717/4717/4717 4719/4719/4719 4716/4716/4716
f 4716/4716/4716 4719/4719/4719 4720/4720/4720
f 4721/4721/4721 4716/4716/4716 4720/4720/4720
f 4720/4720/4720 4722/4722/4722 4721/4721/4721
f 4725/4725/4725 4724/4724/4724 4723/4723/4723
f 4723/4723/4723 4726/4726/4726 4725/4725/4725
f 4726/4726/4726 4727/4727/4727 4725/4725/4725
f 4730/4730/4730 4729/4729/4729 4728/4728/4728
f 4731/4731/4731 4730/4730/4730 4728/4728/4728
f 4734/4734/4734 4733/4733/4733 4732/4732/4732
f 4735/4735/4735 4734/4734/4734 4732/4732/4732
f 4735/4735/4735 4732/4732/4732 4736/4736/4736
f 4732/4732/4732 4737/4737/4737 4736/4736/4736
f 4740/4740/4740 4739/4739/4739 4738/4738/4738
f 4740/4740/4740 4738/4738/4738 4741/4741/4741
f 4740/4740/4740 4741/4741/4741 4742/4742/4742
f 4743/4743/4743 4740/4740/4740 4742/4742/4742
f 4740/4740/4740 4743/4743/4743 4744/4744/4744
f 4745/4745/4745 4740/4740/4740 4744/4744/4744
f 4742/4742/4742 4746/4746/4746 4743/4743/4743
f 4746/4746/4746 4742/4742/4742 4747/4747/4747
f 4743/4743/4743 4746/4746/4746 4748/4748/4748
f 4746/4746/4746 4749/4749/4749 4748/4748/4748
f 4748/4748/4748 4749/4749/4749 4750/4750/4750
f 4748/4748/4748 4750/4750/4750 4751/4751/4751
f 4748/4748/4748 4751/4751/4751 4752/4752/4752
f 4752/4752/4752 4753/4753/4753 4748/4748/4748
f 4748/4748/4748 4753/4753/4753 4754/4754/4754
f 4753/4753/4753 4752/4752/4752 4755/4755/4755
f 4753/4753/4753 4755/4755/4755 4756/4756/4756
f 4753/4753/4753 4757/4757/4757 4754/4754/4754
f 4756/4756/4756 4758/4758/4758 4753/4753/4753
f 4753/4753/4753 4758/4758/4758 4757/4757/4757
f 4758/4758/4758 4759/4759/4759 4757/4757/4757
f 4762/4762/4762 4761/4761/4761 4760/4760/4760
f 4763/4763/4763 4762/4762/4762 4760/4760/4760
f 4766/4766/4766 4765/4765/4765 4764/4764/4764
f 4767/4767/4767 4766/4766/4766 4764/4764/4764
f 4770/4770/4770 4769/4769/4769 4768/4768/4768
f 4771/4771/4771 4770/4770/4770 4768/4768/4768
f 4774/4774/4774 4773/4773/4773 4772/4772/4772
f 4774/4774/4774 4772/4772/4772 4775/4775/4775
f 4775/4775/4775 4776/4776/4776 4774/4774/4774
f 4774/4774/4774 4776/4776/4776 4777/4777/4777
f 4778/4778/4778 4774/4774/4774 4777/4777/4777
f 4781/4781/4781 4780/4780/4780 4779/4779/4779
f 4782/4782/4782 4781/4781/4781 4779/4779/4779
f 4785/4785/4785 4784/4784/4784 4783/4783/4783
f 4784/4784/4784 4786/4786/4786 4783/4783/4783
f 4786/4786/4786 4784/4784/4784 4787/4787/4787
f 4788/4788/4788 4786/4786/4786 4787/4787/4787
f 4788/4788/4788 4787/4787/4787 4789/4789/4789
f 4790/4790/4790 4788/4788/4788 4789/4789/4789
f 4793/4793/4793 4792/4792/4792 4791/4791/4791
f 4794/4794/4794 4793/4793/4793 4791/4791/4791
f 4797/4797/4797 4796/4796/4796 4795/4795/4795
f 4796/4796/4796 4798/4798/4798 4795/4795/4795
f 4795/4795/4795 4798/4798/4798 4799/4799/4799
f 4798/4798/4798 4800/4800/4800 4799/4799/4799
f 4803/4803/4803 4802/4802/4802 4801/4801/4801
f 4804/4804/4804 4803/4803/4803 4801/4801/4801
f 4807/4807/4807 4806/4806/4806 4805/4805/4805
f 4805/4805/4805 4808/4808/4808 4807/4807/4807
f 4808/4808/4808 4809/4809/4809 4807/4807/4807
f 4808/4808/4808 4810/4810/4810 4809/4809/4809
f 4813/4813/4813 4812/4812/4812 4811/4811/4811
f 4814/4814/4814 4813/4813/4813 4811/4811/4811
f 4814/4814/4814 4811/4811/4811 4815/4815/4815
f 4816/4816/4816 4814/4814/4814 4815/4815/4815
f 4819/4819/4819 4818/4818/4818 4817/4817/4817
f 4820/4820/4820 4819/4819/4819 4817/4817/4817
f 4823/4823/4823 4822/4822/4822 4821/4821/4821
f 4822/4822/4822 4824/4824/4824 4821/4821/4821
f 4821/4821/4821 4824/4824/4824 4825/4825/4825
f 4824/4824/4824 4826/4826/4826 4825/4825/4825
f 4829/4829/4829 4828/4828/4828 4827/4827/4827
f 4830/4830/4830 4829/4829/4829 4827/4827/4827
f 4833/4833/4833 4832/4832/4832 4831/4831/4831
f 4831/4831/4831 4834/4834/4834 4833/4833/4833
f 4834/4834/4834 4835/4835/4835 4833/4833/4833
f 4834/4834/4834 4836/4836/4836 4835/4835/4835
f 4839/4839/4839 4838/4838/4838 4837/4837/4837
f 4840/4840/4840 4839/4839/4839 4837/4837/4837
f 4840/4840/4840 4837/4837/4837 4841/4841/4841
f 4842/4842/4842 4840/4840/4840 4841/4841/4841
f 4845/4845/4845 4844/4844/4844 4843/4843/4843
f 4846/4846/4846 4845/4845/4845 4843/4843/4843
f 4849/4849/4849 4848/4848/4848 4847/4847/4847
f 4848/4848/4848 4850/4850/4850 4847/4847/4847
f 4847/4847/4847 4850/4850/4850 4851/4851/4851
f 4850/4850/4850 4852/4852/4852 4851/4851/4851
f 4855/4855/4855 4854/4854/4854 4853/4853/4853
f 4854/4854/4854 4856/4856/4856 4853/4853/4853
f 4854/4854/4854 4857/4857/4857 4856/4856/4856
f 4857/4857/4857 4858/4858/4858 4856/4856/4856
f 4857/4857/4857 4859/4859/4859 4858/4858/4858
f 4859/4859/4859 4860/4860/4860 4858/4858/4858
f 4859/4859/4859 4861/4861/4861 4860/4860/4860
f 4861/4861/4861 4862/4862/4862 4860/4860/4860
f 4861/4861/4861 4863/4863/4863 4862/4862/4862
f 4863/4863/4863 4864/4864/4864 4862/4862/4862
f 4865/4865/4865 4864/4864/4864 4863/4863/4863
f 4863/4863/4863 4866/4866/4866 4865/4865/4865
f 4863/4863/4863 4867/4867/4867 4866/4866/4866
f 4866/4866/4866 4867/4867/4867 4868/4868/4868
f 4871/4871/4871 4870/4870/4870 4869/4869/4869
f 4870/4870/4870 4872/4872/4872 4869/4869/4869
f 4870/4870/4870 4873/4873/4873 4872/4872/4872
f 4873/4873/4873 4874/4874/4874 4872/4872/4872
f 4877/4877/4877 4876/4876/4876 4875/4875/4875
f 4878/4878/4878 4877/4877/4877 4875/4875/4875
f 4879/4879/4879 4877/4877/4877 4878/4878/4878
f 4880/4880/4880 4879/4879/4879 4878/4878/4878
f 4883/4883/4883 4882/4882/4882 4881/4881/4881
f 4881/4881/4881 4884/4884/4884 4883/4883/4883
f 4881/4881/4881 4885/4885/4885 4884/4884/4884
f 4885/4885/4885 4886/4886/4886 4884/4884/4884
f 4885/4885/4885 4887/4887/4887 4886/4886/4886
f 4887/4887/4887 4888/4888/4888 4886/4886/4886
f 4887/4887/4887 4889/4889/4889 4888/4888/4888
f 4892/4892/4892 4891/4891/4891 4890/4890/4890
f 4893/4893/4893 4892/4892/4892 4890/4890/4890
f 4893/4893/4893 4890/4890/4890 4894/4894/4894
f 4895/4895/4895 4893/4893/4893 4894/4894/4894
f 4895/4895/4895 4894/4894/4894 4896/4896/4896
f 4897/4897/4897 4895/4895/4895 4896/4896/4896
f 4897/4897/4897 4896/4896/4896 4898/4898/4898
f 4899/4899/4899 4897/4897/4897 4898/4898/4898
f 4902/4902/4902 4901/4901/4901 4900/4900/4900
f 4903/4903/4903 4901/4901/4901 4902/4902/4902
f 4904/4904/4904 4903/4903/4903 4902/4902/4902
f 4905/4905/4905 4903/4903/4903 4904/4904/4904
f 4906/4906/4906 4905/4905/4905 4904/4904/4904
f 4907/4907/4907 4905/4905/4905 4906/4906/4906
f 4908/4908/4908 4907/4907/4907 4906/4906/4906
f 4911/4911/4911 4910/4910/4910 4909/4909/4909
f 4912/4912/4912 4911/4911/4911 4909/4909/4909
f 4912/4912/4912 4909/4909/4909 4913/4913/4913
f 4909/4909/4909 4914/4914/4914 4913/4913/4913
f 4909/4909/4909 4915/4915/4915 4914/4914/4914
f 4915/4915/4915 4916/4916/4916 4914/4914/4914
f 4917/4917/4917 4916/4916/4916 4915/4915/4915
f 4918/4918/4918 4917/4917/4917 4915/4915/4915
f 4918/4918/4918 4915/4915/4915 4919/4919/4919
f 4920/4920/4920 4918/4918/4918 4919/4919/4919
f 4918/4918/4918 4921/4921/4921 4917/4917/4917
f 4921/4921/4921 4918/4918/4918 4920/4920/4920
f 4921/4921/4921 4922/4922/4922 4917/4917/4917
f 4923/4923/4923 4921/4921/4921 4920/4920/4920
f 4926/4926/4926 4925/4925/4925 4924/4924/4924
f 4927/4927/4927 4926/4926/4926 4924/4924/4924
f 4927/4927/4927 4924/4924/4924 4928/4928/4928
f 4929/4929/4929 4926/4926/4926 4927/4927/4927
f 4930/4930/4930 4927/4927/4927 4928/4928/4928
f 4928/4928/4928 4931/4931/4931 4930/4930/4930
f 4932/4932/4932 4929/4929/4929 4927/4927/4927
f 4932/4932/4932 4927/4927/4927 4930/4930/4930
f 4933/4933/4933 4929/4929/4929 4932/4932/4932
f 4934/4934/4934 4933/4933/4933 4932/4932/4932
f 4935/4935/4935 4933/4933/4933 4934/4934/4934
f 4936/4936/4936 4935/4935/4935 4934/4934/4934
f 4936/4936/4936 4934/4934/4934 4937/4937/4937
f 4938/4938/4938 4936/4936/4936 4937/4937/4937
f 4939/4939/4939 4938/4938/4938 4937/4937/4937
f 4937/4937/4937 4940/4940/4940 4939/4939/4939
f 4934/4934/4934 4932/4932/4932 4941/4941/4941
f 4941/4941/4941 4932/4932/4932 4930/4930/4930
f 4937/4937/4937 4934/4934/4934 4941/4941/4941
f 4931/4931/4931 4942/4942/4942 4930/4930/4930
f 4930/4930/4930 4942/4942/4942 4941/4941/4941
f 4937/4937/4937 4943/4943/4943 4940/4940/4940
f 4944/4944/4944 4940/4940/4940 4943/4943/4943
f 4945/4945/4945 4944/4944/4944 4943/4943/4943
f 4941/4941/4941 4946/4946/4946 4937/4937/4937
f 4946/4946/4946 4943/4943/4943 4937/4937/4937
f 4945/4945/4945 4943/4943/4943 4946/4946/4946
f 4942/4942/4942 4946/4946/4946 4941/4941/4941
f 4947/4947/4947 4945/4945/4945 4946/4946/4946
f 4947/4947/4947 4946/4946/4946 4942/4942/4942
f 4948/4948/4948 4947/4947/4947 4942/4942/4942
f 4948/4948/4948 4942/4942/4942 4931/4931/4931
f 4949/4949/4949 4948/4948/4948 4931/4931/4931
f 4952/4952/4952 4951/4951/4951 4950/4950/4950
f 4951/4951/4951 4953/4953/4953 4950/4950/4950
f 4954/4954/4954 4953/4953/4953 4951/4951/4951
f 4955/4955/4955 4954/4954/4954 4951/4951/4951
f 4958/4958/4958 4957/4957/4957 4956/4956/4956
f 4956/4956/4956 4959/4959/4959 4958/4958/4958
f 4956/4956/4956 4960/4960/4960 4959/4959/4959
f 4956/4956/4956 4961/4961/4961 4960/4960/4960
f 4956/4956/4956 4962/4962/4962 4961/4961/4961
f 4956/4956/4956 4963/4963/4963 4962/4962/4962
f 4956/4956/4956 4964/4964/4964 4963/4963/4963
f 4967/4967/4967 4966/4966/4966 4965/4965/4965
f 4968/4968/4968 4967/4967/4967 4965/4965/4965
f 4967/4967/4967 4968/4968/4968 4969/4969/4969
f 4970/4970/4970 4967/4967/4967 4969/4969/4969
f 4973/4973/4973 4972/4972/4972 4971/4971/4971
f 4974/4974/4974 4973/4973/4973 4971/4971/4971
f 4971/4971/4971 4975/4975/4975 4974/4974/4974
f 4975/4975/4975 4976/4976/4976 4974/4974/4974
f 4979/4979/4979 4978/4978/4978 4977/4977/4977
f 4978/4978/4978 4980/4980/4980 4977/4977/4977
f 4978/4978/4978 4981/4981/4981 4980/4980/4980
f 4981/4981/4981 4982/4982/4982 4980/4980/4980
f 4985/4985/4985 4984/4984/4984 4983/4983/4983
f 4986/4986/4986 4985/4985/4985 4983/4983/4983
f 4989/4989/4989 4988/4988/4988 4987/4987/4987
f 4990/4990/4990 4989/4989/4989 4987/4987/4987
f 4993/4993/4993 4992/4992/4992 4991/4991/4991
f 4994/4994/4994 4993/4993/4993 4991/4991/4991
f 4997/4997/4997 4996/4996/4996 4995/4995/4995
f 4998/4998/4998 4997/4997/4997 4995/4995/4995
f 5001/5001/5001 5000/5000/5000 4999/4999/4999
f 5002/5002/5002 5001/5001/5001 4999/4999/4999
f 5005/5005/5005 5004/5004/5004 5003/5003/5003
f 5005/5005/5005 5006/5006/5006 5004/5004/5004
f 5006/5006/5006 5007/5007/5007 5004/5004/5004
f 5008/5008/5008 5006/5006/5006 5005/5005/5005
f 5009/5009/5009 5008/5008/5008 5005/5005/5005
f 5010/5010/5010 5008/5008/5008 5009/5009/5009
f 5010/5010/5010 5011/5011/5011 5008/5008/5008
f 5008/5008/5008 5011/5011/5011 5006/5006/5006
f 5010/5010/5010 5012/5012/5012 5011/5011/5011
f 5012/5012/5012 5013/5013/5013 5011/5011/5011
f 5011/5011/5011 5013/5013/5013 5014/5014/5014
f 5006/5006/5006 5011/5011/5011 5014/5014/5014
f 5006/5006/5006 5014/5014/5014 5007/5007/5007
f 5007/5007/5007 5014/5014/5014 5015/5015/5015
f 5018/5018/5018 5017/5017/5017 5016/5016/5016
f 5016/5016/5016 5017/5017/5017 5019/5019/5019
f 5016/5016/5016 5019/5019/5019 5020/5020/5020
f 5017/5017/5017 5021/5021/5021 5019/5019/5019
f 5017/5017/5017 5022/5022/5022 5021/5021/5021
f 5021/5021/5021 5022/5022/5022 5023/5023/5023
f 5021/5021/5021 5023/5023/5023 5024/5024/5024
f 5019/5019/5019 5021/5021/5021 5024/5024/5024
f 5024/5024/5024 5023/5023/5023 5025/5025/5025
f 5024/5024/5024 5025/5025/5025 5026/5026/5026
f 5027/5027/5027 5024/5024/5024 5026/5026/5026
f 5027/5027/5027 5019/5019/5019 5024/5024/5024
f 5020/5020/5020 5019/5019/5019 5027/5027/5027
f 5028/5028/5028 5020/5020/5020 5027/5027/5027
f 5031/5031/5031 5030/5030/5030 5029/5029/5029
f 5032/5032/5032 5031/5031/5031 5029/5029/5029
f 5032/5032/5032 5029/5029/5029 5033/5033/5033
f 5032/5032/5032 5033/5033/5033 5034/5034/5034
f 5035/5035/5035 5031/5031/5031 5032/5032/5032
f 5036/5036/5036 5031/5031/5031 5035/5035/5035
f 5037/5037/5037 5036/5036/5036 5035/5035/5035
f 5038/5038/5038 5032/5032/5032 5034/5034/5034
f 5035/5035/5035 5032/5032/5032 5038/5038/5038
f 5037/5037/5037 5035/5035/5035 5038/5038/5038
f 5038/5038/5038 5034/5034/5034 5039/5039/5039
f 5040/5040/5040 5037/5037/5037 5038/5038/5038
f 5040/5040/5040 5038/5038/5038 5039/5039/5039
f 5043/5043/5043 5042/5042/5042 5041/5041/5041
f 5044/5044/5044 5042/5042/5042 5043/5043/5043
f 5044/5044/5044 5043/5043/5043 5045/5045/5045
f 5046/5046/5046 5044/5044/5044 5045/5045/5045
f 5047/5047/5047 5042/5042/5042 5044/5044/5044
f 5046/5046/5046 5047/5047/5047 5044/5044/5044
f 5047/5047/5047 5048/5048/5048 5042/5042/5042
f 5049/5049/5049 5048/5048/5048 5047/5047/5047
f 5050/5050/5050 5049/5049/5049 5047/5047/5047
f 5046/5046/5046 5050/5050/5050 5047/5047/5047
f 5051/5051/5051 5050/5050/5050 5046/5046/5046
f 5054/5054/5054 5053/5053/5053 5052/5052/5052
f 5054/5054/5054 5052/5052/5052 5055/5055/5055
f 5056/5056/5056 5053/5053/5053 5054/5054/5054
f 5055/5055/5055 5057/5057/5057 5054/5054/5054
f 5055/5055/5055 5058/5058/5058 5057/5057/5057
f 5057/5057/5057 5058/5058/5058 5059/5059/5059
f 5057/5057/5057 5059/5059/5059 5060/5060/5060
f 5054/5054/5054 5061/5061/5061 5056/5056/5056
f 5054/5054/5054 5057/5057/5057 5061/5061/5061
f 5057/5057/5057 5060/5060/5060 5061/5061/5061
f 5061/5061/5061 5062/5062/5062 5056/5056/5056
f 5060/5060/5060 5063/5063/5063 5061/5061/5061
f 5061/5061/5061 5063/5063/5063 5062/5062/5062
f 5066/5066/5066 5065/5065/5065 5064/5064/5064
f 5064/5064/5064 5065/5065/5065 5067/5067/5067
f 5066/5066/5066 5068/5068/5068 5065/5065/5065
f 5066/5066/5066 5069/5069/5069 5068/5068/5068
f 5069/5069/5069 5070/5070/5070 5068/5068/5068
f 5065/5065/5065 5071/5071/5071 5067/5067/5067
f 5065/5065/5065 5068/5068/5068 5071/5071/5071
f 5067/5067/5067 5071/5071/5071 5072/5072/5072
f 5071/5071/5071 5073/5073/5073 5072/5072/5072
f 5068/5068/5068 5070/5070/5070 5074/5074/5074
f 5071/5071/5071 5068/5068/5068 5074/5074/5074
f 5071/5071/5071 5074/5074/5074 5073/5073/5073
f 5074/5074/5074 5070/5070/5070 5075/5075/5075
f 5073/5073/5073 5074/5074/5074 5076/5076/5076
f 5076/5076/5076 5074/5074/5074 5075/5075/5075
f 5079/5079/5079 5078/5078/5078 5077/5077/5077
f 5077/5077/5077 5080/5080/5080 5079/5079/5079
f 5081/5081/5081 5077/5077/5077 5078/5078/5078
f 5077/5077/5077 5082/5082/5082 5080/5080/5080
f 5080/5080/5080 5082/5082/5082 5083/5083/5083
f 5083/5083/5083 5084/5084/5084 5080/5080/5080
f 5078/5078/5078 5085/5085/5085 5081/5081/5081
f 5085/5085/5085 5086/5086/5086 5081/5081/5081
f 5083/5083/5083 5087/5087/5087 5084/5084/5084
f 5087/5087/5087 5086/5086/5086 5085/5085/5085
f 5088/5088/5088 5084/5084/5084 5087/5087/5087
f 5085/5085/5085 5088/5088/5088 5087/5087/5087
f 5091/5091/5091 5090/5090/5090 5089/5089/5089
f 5089/5089/5089 5092/5092/5092 5091/5091/5091
f 5093/5093/5093 5089/5089/5089 5090/5090/5090
f 5089/5089/5089 5094/5094/5094 5092/5092/5092
f 5090/5090/5090 5095/5095/5095 5093/5093/5093
f 5092/5092/5092 5094/5094/5094 5096/5096/5096
f 5095/5095/5095 5097/5097/5097 5093/5093/5093
f 5096/5096/5096 5098/5098/5098 5092/5092/5092
f 5095/5095/5095 5098/5098/5098 5097/5097/5097
f 5096/5096/5096 5099/5099/5099 5098/5098/5098
f 5098/5098/5098 5099/5099/5099 5097/5097/5097
f 5102/5102/5102 5101/5101/5101 5100/5100/5100
f 5100/5100/5100 5103/5103/5103 5102/5102/5102
f 5101/5101/5101 5102/5102/5102 5104/5104/5104
f 5103/5103/5103 5105/5105/5105 5102/5102/5102
f 5106/5106/5106 5105/5105/5105 5103/5103/5103
f 5103/5103/5103 5107/5107/5107 5106/5106/5106
f 5104/5104/5104 5108/5108/5108 5101/5101/5101
f 5104/5104/5104 5109/5109/5109 5108/5108/5108
f 5107/5107/5107 5110/5110/5110 5106/5106/5106
f 5108/5108/5108 5109/5109/5109 5110/5110/5110
f 5110/5110/5110 5107/5107/5107 5111/5111/5111
f 5110/5110/5110 5111/5111/5111 5108/5108/5108
f 5114/5114/5114 5113/5113/5113 5112/5112/5112
f 5112/5112/5112 5115/5115/5115 5114/5114/5114
f 5113/5113/5113 5114/5114/5114 5116/5116/5116
f 5115/5115/5115 5117/5117/5117 5114/5114/5114
f 5116/5116/5116 5118/5118/5118 5113/5113/5113
f 5119/5119/5119 5117/5117/5117 5115/5115/5115
f 5116/5116/5116 5120/5120/5120 5118/5118/5118
f 5115/5115/5115 5121/5121/5121 5119/5119/5119
f 5121/5121/5121 5118/5118/5118 5120/5120/5120
f 5121/5121/5121 5122/5122/5122 5119/5119/5119
f 5122/5122/5122 5121/5121/5121 5120/5120/5120
